ISO-10303-21;
HEADER;
FILE_DESCRIPTION(('STEP AP214'),'1');
FILE_NAME('x2564wr-04-n0sn.stp','2022-02-17T03:20:29',('TraceParts'),('TraceParts S.A.'),'Spatial InterOp 3D',' ',' ');
FILE_SCHEMA(('AUTOMOTIVE_DESIGN { 1 0 10303 214 1 1 1 1 }'));
ENDSEC;
DATA;
#1=PRODUCT_DEFINITION_CONTEXT('',#9,'design');
#2=APPLICATION_PROTOCOL_DEFINITION('INTERNATIONAL STANDARD','automotive_design',1994,#9);
#3=PRODUCT_CATEGORY_RELATIONSHIP('NONE','NONE',#10,#11);
#4=SHAPE_DEFINITION_REPRESENTATION(#12,#13);
#5= (GEOMETRIC_REPRESENTATION_CONTEXT(3)GLOBAL_UNCERTAINTY_ASSIGNED_CONTEXT((#16))GLOBAL_UNIT_ASSIGNED_CONTEXT((#18,#19,#20))REPRESENTATION_CONTEXT('NONE','WORKSPACE'));
#9=APPLICATION_CONTEXT(' ');
#10=PRODUCT_CATEGORY('part','NONE');
#11=PRODUCT_RELATED_PRODUCT_CATEGORY('detail',' ',(#22));
#12=PRODUCT_DEFINITION_SHAPE('NONE','NONE',#23);
#13=ADVANCED_BREP_SHAPE_REPRESENTATION('x2564wr-04-n0sn',(#24,#25),#5);
#16=UNCERTAINTY_MEASURE_WITH_UNIT(LENGTH_MEASURE(1.0E-06),#18,'','');
#18= (CONVERSION_BASED_UNIT('MILLIMETRE',#28)LENGTH_UNIT()NAMED_UNIT(#31));
#19= (NAMED_UNIT(#33)PLANE_ANGLE_UNIT()SI_UNIT($,.RADIAN.));
#20= (NAMED_UNIT(#33)SOLID_ANGLE_UNIT()SI_UNIT($,.STERADIAN.));
#22=PRODUCT('x2564wr-04-n0sn','x2564wr-04-n0sn','PART-x2564wr-04-n0sn-DESC',(#39));
#23=PRODUCT_DEFINITION('','NONE',#40,#1);
#24=MANIFOLD_SOLID_BREP('x2564wr-04-n0sn',#41);
#25=AXIS2_PLACEMENT_3D('',#42,#43,#44);
#28=LENGTH_MEASURE_WITH_UNIT(LENGTH_MEASURE(1.0),#45);
#31=DIMENSIONAL_EXPONENTS(1.0,0.0,0.0,0.0,0.0,0.0,0.0);
#33=DIMENSIONAL_EXPONENTS(0.0,0.0,0.0,0.0,0.0,0.0,0.0);
#39=PRODUCT_CONTEXT('',#9,'mechanical');
#40=PRODUCT_DEFINITION_FORMATION_WITH_SPECIFIED_SOURCE(' ','NONE',#22,.NOT_KNOWN.);
#41=CLOSED_SHELL('',(#46,#47,#48,#49,#50,#51,#52,#53,#54,#55,#56,#57,#58,#59,#60,#61,#62,#63,#64,#65,#66,#67,#68,#69,#70,#71,#72,#73,#74,#75,#76,#77,#78,#79,#80,#81,#82,#83,#84,#85,#86,#87,#88,#89,#90,#91,#92,#93,#94,#95,#96,#97,#98,#99,#100,#101,#102,#103,#104,#105,#106,#107,#108,#109,#110,#111,#112,#113,#114,#115,#116,#117,#118,#119,#120,#121,#122,#123,#124,#125,#126,#127,#128,#129,#130,#131,#132,#133,#134,#135,#136,#137,#138,#139,#140,#141,#142,#143,#144,#145,#146,#147,#148,#149,#150,#151,#152,#153,#154,#155,#156,#157,#158,#159,#160,#161,#162,#163,#164,#165,#166,#167,#168,#169,#170,#171,#172,#173,#174,#175,#176,#177,#178,#179,#180,#181,#182,#183,#184,#185,#186,#187,#188,#189,#190,#191,#192,#193,#194,#195,#196,#197,#198,#199,#200,#201,#202,#203,#204,#205,#206,#207,#208,#209,#210,#211,#212,#213,#214,#215,#216,#217,#218,#219,#220,#221,#222,#223,#224,#225,#226,#227,#228,#229,#230,#231,#232,#233,#234,#235,#236,#237,#238,#239,#240,#241));
#42=CARTESIAN_POINT('',(0.0,0.0,0.0));
#43=DIRECTION('',(0.0,0.0,1.0));
#44=DIRECTION('',(1.0,0.0,0.0));
#45= (NAMED_UNIT(#31)LENGTH_UNIT()SI_UNIT(.MILLI.,.METRE.));
#46=ADVANCED_FACE('',(#243),#244,.T.);
#47=ADVANCED_FACE('',(#245),#246,.T.);
#48=ADVANCED_FACE('',(#247),#248,.T.);
#49=ADVANCED_FACE('',(#249),#250,.T.);
#50=ADVANCED_FACE('',(#251),#252,.T.);
#51=ADVANCED_FACE('',(#253),#254,.T.);
#52=ADVANCED_FACE('',(#255),#256,.T.);
#53=ADVANCED_FACE('',(#257),#258,.T.);
#54=ADVANCED_FACE('',(#259),#260,.F.);
#55=ADVANCED_FACE('',(#261),#262,.T.);
#56=ADVANCED_FACE('',(#263,#264,#265,#266,#267),#268,.F.);
#57=ADVANCED_FACE('',(#269),#270,.T.);
#58=ADVANCED_FACE('',(#271),#272,.T.);
#59=ADVANCED_FACE('',(#273),#274,.T.);
#60=ADVANCED_FACE('',(#275),#276,.T.);
#61=ADVANCED_FACE('',(#277),#278,.T.);
#62=ADVANCED_FACE('',(#279),#280,.T.);
#63=ADVANCED_FACE('',(#281),#282,.T.);
#64=ADVANCED_FACE('',(#283),#284,.T.);
#65=ADVANCED_FACE('',(#285),#286,.T.);
#66=ADVANCED_FACE('',(#287),#288,.T.);
#67=ADVANCED_FACE('',(#289),#290,.T.);
#68=ADVANCED_FACE('',(#291),#292,.T.);
#69=ADVANCED_FACE('',(#293),#294,.T.);
#70=ADVANCED_FACE('',(#295),#296,.T.);
#71=ADVANCED_FACE('',(#297),#298,.T.);
#72=ADVANCED_FACE('',(#299),#300,.T.);
#73=ADVANCED_FACE('',(#301),#302,.T.);
#74=ADVANCED_FACE('',(#303),#304,.T.);
#75=ADVANCED_FACE('',(#305),#306,.T.);
#76=ADVANCED_FACE('',(#307),#308,.T.);
#77=ADVANCED_FACE('',(#309),#310,.T.);
#78=ADVANCED_FACE('',(#311),#312,.T.);
#79=ADVANCED_FACE('',(#313),#314,.T.);
#80=ADVANCED_FACE('',(#315),#316,.T.);
#81=ADVANCED_FACE('',(#317),#318,.T.);
#82=ADVANCED_FACE('',(#319),#320,.T.);
#83=ADVANCED_FACE('',(#321),#322,.T.);
#84=ADVANCED_FACE('',(#323),#324,.T.);
#85=ADVANCED_FACE('',(#325),#326,.T.);
#86=ADVANCED_FACE('',(#327),#328,.T.);
#87=ADVANCED_FACE('',(#329),#330,.T.);
#88=ADVANCED_FACE('',(#331),#332,.T.);
#89=ADVANCED_FACE('',(#333),#334,.F.);
#90=ADVANCED_FACE('',(#335),#336,.T.);
#91=ADVANCED_FACE('',(#337),#338,.F.);
#92=ADVANCED_FACE('',(#339),#340,.F.);
#93=ADVANCED_FACE('',(#341),#342,.T.);
#94=ADVANCED_FACE('',(#343),#344,.T.);
#95=ADVANCED_FACE('',(#345),#346,.T.);
#96=ADVANCED_FACE('',(#347),#348,.T.);
#97=ADVANCED_FACE('',(#349),#350,.T.);
#98=ADVANCED_FACE('',(#351),#352,.F.);
#99=ADVANCED_FACE('',(#353),#354,.T.);
#100=ADVANCED_FACE('',(#355),#356,.T.);
#101=ADVANCED_FACE('',(#357),#358,.T.);
#102=ADVANCED_FACE('',(#359),#360,.T.);
#103=ADVANCED_FACE('',(#361),#362,.T.);
#104=ADVANCED_FACE('',(#363),#364,.T.);
#105=ADVANCED_FACE('',(#365),#366,.T.);
#106=ADVANCED_FACE('',(#367),#368,.T.);
#107=ADVANCED_FACE('',(#369),#370,.T.);
#108=ADVANCED_FACE('',(#371),#372,.F.);
#109=ADVANCED_FACE('',(#373),#374,.T.);
#110=ADVANCED_FACE('',(#375),#376,.T.);
#111=ADVANCED_FACE('',(#377),#378,.T.);
#112=ADVANCED_FACE('',(#379),#380,.T.);
#113=ADVANCED_FACE('',(#381,#382,#383,#384,#385),#386,.T.);
#114=ADVANCED_FACE('',(#387),#388,.T.);
#115=ADVANCED_FACE('',(#389),#390,.T.);
#116=ADVANCED_FACE('',(#391),#392,.T.);
#117=ADVANCED_FACE('',(#393),#394,.T.);
#118=ADVANCED_FACE('',(#395),#396,.T.);
#119=ADVANCED_FACE('',(#397),#398,.T.);
#120=ADVANCED_FACE('',(#399),#400,.T.);
#121=ADVANCED_FACE('',(#401),#402,.T.);
#122=ADVANCED_FACE('',(#403),#404,.F.);
#123=ADVANCED_FACE('',(#405),#406,.F.);
#124=ADVANCED_FACE('',(#407),#408,.F.);
#125=ADVANCED_FACE('',(#409),#410,.F.);
#126=ADVANCED_FACE('',(#411),#412,.T.);
#127=ADVANCED_FACE('',(#413),#414,.T.);
#128=ADVANCED_FACE('',(#415),#416,.F.);
#129=ADVANCED_FACE('',(#417),#418,.F.);
#130=ADVANCED_FACE('',(#419),#420,.F.);
#131=ADVANCED_FACE('',(#421),#422,.F.);
#132=ADVANCED_FACE('',(#423),#424,.T.);
#133=ADVANCED_FACE('',(#425),#426,.F.);
#134=ADVANCED_FACE('',(#427,#428),#429,.F.);
#135=ADVANCED_FACE('',(#430),#431,.T.);
#136=ADVANCED_FACE('',(#432),#433,.T.);
#137=ADVANCED_FACE('',(#434),#435,.T.);
#138=ADVANCED_FACE('',(#436),#437,.T.);
#139=ADVANCED_FACE('',(#438),#439,.T.);
#140=ADVANCED_FACE('',(#440),#441,.T.);
#141=ADVANCED_FACE('',(#442),#443,.F.);
#142=ADVANCED_FACE('',(#444),#445,.F.);
#143=ADVANCED_FACE('',(#446),#447,.F.);
#144=ADVANCED_FACE('',(#448),#449,.F.);
#145=ADVANCED_FACE('',(#450),#451,.T.);
#146=ADVANCED_FACE('',(#452),#453,.T.);
#147=ADVANCED_FACE('',(#454),#455,.T.);
#148=ADVANCED_FACE('',(#456),#457,.T.);
#149=ADVANCED_FACE('',(#458),#459,.T.);
#150=ADVANCED_FACE('',(#460),#461,.F.);
#151=ADVANCED_FACE('',(#462),#463,.T.);
#152=ADVANCED_FACE('',(#464),#465,.T.);
#153=ADVANCED_FACE('',(#466),#467,.F.);
#154=ADVANCED_FACE('',(#468),#469,.F.);
#155=ADVANCED_FACE('',(#470),#471,.F.);
#156=ADVANCED_FACE('',(#472),#473,.T.);
#157=ADVANCED_FACE('',(#474),#475,.F.);
#158=ADVANCED_FACE('',(#476),#477,.F.);
#159=ADVANCED_FACE('',(#478),#479,.F.);
#160=ADVANCED_FACE('',(#480),#481,.F.);
#161=ADVANCED_FACE('',(#482),#483,.F.);
#162=ADVANCED_FACE('',(#484),#485,.F.);
#163=ADVANCED_FACE('',(#486),#487,.F.);
#164=ADVANCED_FACE('',(#488),#489,.F.);
#165=ADVANCED_FACE('',(#490),#491,.F.);
#166=ADVANCED_FACE('',(#492),#493,.F.);
#167=ADVANCED_FACE('',(#494),#495,.F.);
#168=ADVANCED_FACE('',(#496),#497,.F.);
#169=ADVANCED_FACE('',(#498),#499,.F.);
#170=ADVANCED_FACE('',(#500),#501,.F.);
#171=ADVANCED_FACE('',(#502),#503,.F.);
#172=ADVANCED_FACE('',(#504),#505,.F.);
#173=ADVANCED_FACE('',(#506),#507,.F.);
#174=ADVANCED_FACE('',(#508),#509,.F.);
#175=ADVANCED_FACE('',(#510),#511,.F.);
#176=ADVANCED_FACE('',(#512),#513,.F.);
#177=ADVANCED_FACE('',(#514),#515,.F.);
#178=ADVANCED_FACE('',(#516),#517,.F.);
#179=ADVANCED_FACE('',(#518),#519,.F.);
#180=ADVANCED_FACE('',(#520),#521,.F.);
#181=ADVANCED_FACE('',(#522),#523,.F.);
#182=ADVANCED_FACE('',(#524),#525,.F.);
#183=ADVANCED_FACE('',(#526),#527,.F.);
#184=ADVANCED_FACE('',(#528),#529,.F.);
#185=ADVANCED_FACE('',(#530),#531,.F.);
#186=ADVANCED_FACE('',(#532),#533,.F.);
#187=ADVANCED_FACE('',(#534),#535,.F.);
#188=ADVANCED_FACE('',(#536),#537,.F.);
#189=ADVANCED_FACE('',(#538),#539,.F.);
#190=ADVANCED_FACE('',(#540),#541,.F.);
#191=ADVANCED_FACE('',(#542),#543,.F.);
#192=ADVANCED_FACE('',(#544),#545,.F.);
#193=ADVANCED_FACE('',(#546),#547,.F.);
#194=ADVANCED_FACE('',(#548),#549,.F.);
#195=ADVANCED_FACE('',(#550),#551,.F.);
#196=ADVANCED_FACE('',(#552),#553,.F.);
#197=ADVANCED_FACE('',(#554),#555,.T.);
#198=ADVANCED_FACE('',(#556),#557,.F.);
#199=ADVANCED_FACE('',(#558),#559,.F.);
#200=ADVANCED_FACE('',(#560),#561,.F.);
#201=ADVANCED_FACE('',(#562),#563,.T.);
#202=ADVANCED_FACE('',(#564),#565,.T.);
#203=ADVANCED_FACE('',(#566),#567,.T.);
#204=ADVANCED_FACE('',(#568),#569,.T.);
#205=ADVANCED_FACE('',(#570),#571,.T.);
#206=ADVANCED_FACE('',(#572),#573,.T.);
#207=ADVANCED_FACE('',(#574),#575,.T.);
#208=ADVANCED_FACE('',(#576),#577,.T.);
#209=ADVANCED_FACE('',(#578),#579,.T.);
#210=ADVANCED_FACE('',(#580),#581,.T.);
#211=ADVANCED_FACE('',(#582),#583,.T.);
#212=ADVANCED_FACE('',(#584),#585,.T.);
#213=ADVANCED_FACE('',(#586),#587,.T.);
#214=ADVANCED_FACE('',(#588),#589,.T.);
#215=ADVANCED_FACE('',(#590),#591,.T.);
#216=ADVANCED_FACE('',(#592),#593,.T.);
#217=ADVANCED_FACE('',(#594),#595,.T.);
#218=ADVANCED_FACE('',(#596),#597,.T.);
#219=ADVANCED_FACE('',(#598),#599,.T.);
#220=ADVANCED_FACE('',(#600),#601,.T.);
#221=ADVANCED_FACE('',(#602),#603,.F.);
#222=ADVANCED_FACE('',(#604),#605,.F.);
#223=ADVANCED_FACE('',(#606),#607,.F.);
#224=ADVANCED_FACE('',(#608),#609,.F.);
#225=ADVANCED_FACE('',(#610),#611,.F.);
#226=ADVANCED_FACE('',(#612),#613,.F.);
#227=ADVANCED_FACE('',(#614),#615,.F.);
#228=ADVANCED_FACE('',(#616),#617,.F.);
#229=ADVANCED_FACE('',(#618),#619,.F.);
#230=ADVANCED_FACE('',(#620),#621,.F.);
#231=ADVANCED_FACE('',(#622),#623,.F.);
#232=ADVANCED_FACE('',(#624),#625,.F.);
#233=ADVANCED_FACE('',(#626),#627,.T.);
#234=ADVANCED_FACE('',(#628),#629,.T.);
#235=ADVANCED_FACE('',(#630),#631,.T.);
#236=ADVANCED_FACE('',(#632),#633,.T.);
#237=ADVANCED_FACE('',(#634),#635,.T.);
#238=ADVANCED_FACE('',(#636),#637,.T.);
#239=ADVANCED_FACE('',(#638),#639,.T.);
#240=ADVANCED_FACE('',(#640),#641,.T.);
#241=ADVANCED_FACE('',(#642),#643,.T.);
#243=FACE_OUTER_BOUND('',#644,.T.);
#244=CONICAL_SURFACE('',#645,0.299999999797,0.244978663126879);
#245=FACE_OUTER_BOUND('',#646,.T.);
#246=CONICAL_SURFACE('',#647,0.299999999797,0.244978663126879);
#247=FACE_OUTER_BOUND('',#648,.T.);
#248=CONICAL_SURFACE('',#649,0.299999999797,0.244978663126879);
#249=FACE_OUTER_BOUND('',#650,.T.);
#250=CONICAL_SURFACE('',#651,0.299999999797,0.244978663126879);
#251=FACE_OUTER_BOUND('',#652,.T.);
#252=CONICAL_SURFACE('',#653,0.299999999797,0.244978663126879);
#253=FACE_OUTER_BOUND('',#654,.T.);
#254=CONICAL_SURFACE('',#655,0.299999999797,0.244978663126879);
#255=FACE_OUTER_BOUND('',#656,.T.);
#256=CONICAL_SURFACE('',#657,0.299999999797,0.244978663126879);
#257=FACE_OUTER_BOUND('',#658,.T.);
#258=CONICAL_SURFACE('',#659,0.299999999797,0.244978663126879);
#259=FACE_OUTER_BOUND('',#660,.T.);
#260=CYLINDRICAL_SURFACE('',#661,0.038);
#261=FACE_OUTER_BOUND('',#662,.T.);
#262=CYLINDRICAL_SURFACE('',#663,0.018);
#263=FACE_OUTER_BOUND('',#664,.T.);
#264=FACE_BOUND('',#665,.T.);
#265=FACE_BOUND('',#666,.T.);
#266=FACE_BOUND('',#667,.T.);
#267=FACE_BOUND('',#668,.T.);
#268=PLANE('',#669);
#269=FACE_OUTER_BOUND('',#670,.T.);
#270=CYLINDRICAL_SURFACE('',#671,0.35);
#271=FACE_OUTER_BOUND('',#672,.T.);
#272=CYLINDRICAL_SURFACE('',#673,0.35);
#273=FACE_OUTER_BOUND('',#674,.T.);
#274=TOROIDAL_SURFACE('',#675,0.45,0.35);
#275=FACE_OUTER_BOUND('',#676,.T.);
#276=TOROIDAL_SURFACE('',#677,0.45,0.35);
#277=FACE_OUTER_BOUND('',#678,.T.);
#278=CYLINDRICAL_SURFACE('',#679,0.35);
#279=FACE_OUTER_BOUND('',#680,.T.);
#280=CONICAL_SURFACE('',#681,0.299999999797,0.244978663126879);
#281=FACE_OUTER_BOUND('',#682,.T.);
#282=PLANE('',#683);
#283=FACE_OUTER_BOUND('',#684,.T.);
#284=CONICAL_SURFACE('',#685,0.299999999797,0.244978663126879);
#285=FACE_OUTER_BOUND('',#686,.T.);
#286=CYLINDRICAL_SURFACE('',#687,0.35);
#287=FACE_OUTER_BOUND('',#688,.T.);
#288=CYLINDRICAL_SURFACE('',#689,0.35);
#289=FACE_OUTER_BOUND('',#690,.T.);
#290=CYLINDRICAL_SURFACE('',#691,0.35);
#291=FACE_OUTER_BOUND('',#692,.T.);
#292=TOROIDAL_SURFACE('',#693,0.45,0.35);
#293=FACE_OUTER_BOUND('',#694,.T.);
#294=TOROIDAL_SURFACE('',#695,0.45,0.35);
#295=FACE_OUTER_BOUND('',#696,.T.);
#296=CYLINDRICAL_SURFACE('',#697,0.35);
#297=FACE_OUTER_BOUND('',#698,.T.);
#298=CONICAL_SURFACE('',#699,0.299999999797,0.244978663126879);
#299=FACE_OUTER_BOUND('',#700,.T.);
#300=PLANE('',#701);
#301=FACE_OUTER_BOUND('',#702,.T.);
#302=CONICAL_SURFACE('',#703,0.299999999797,0.244978663126879);
#303=FACE_OUTER_BOUND('',#704,.T.);
#304=CYLINDRICAL_SURFACE('',#705,0.35);
#305=FACE_OUTER_BOUND('',#706,.T.);
#306=CYLINDRICAL_SURFACE('',#707,0.35);
#307=FACE_OUTER_BOUND('',#708,.T.);
#308=CYLINDRICAL_SURFACE('',#709,0.35);
#309=FACE_OUTER_BOUND('',#710,.T.);
#310=TOROIDAL_SURFACE('',#711,0.45,0.35);
#311=FACE_OUTER_BOUND('',#712,.T.);
#312=TOROIDAL_SURFACE('',#713,0.45,0.35);
#313=FACE_OUTER_BOUND('',#714,.T.);
#314=CYLINDRICAL_SURFACE('',#715,0.35);
#315=FACE_OUTER_BOUND('',#716,.T.);
#316=CONICAL_SURFACE('',#717,0.299999999797,0.244978663126879);
#317=FACE_OUTER_BOUND('',#718,.T.);
#318=PLANE('',#719);
#319=FACE_OUTER_BOUND('',#720,.T.);
#320=CONICAL_SURFACE('',#721,0.299999999797,0.244978663126879);
#321=FACE_OUTER_BOUND('',#722,.T.);
#322=CYLINDRICAL_SURFACE('',#723,0.35);
#323=FACE_OUTER_BOUND('',#724,.T.);
#324=PLANE('',#725);
#325=FACE_OUTER_BOUND('',#726,.T.);
#326=PLANE('',#727);
#327=FACE_OUTER_BOUND('',#728,.T.);
#328=PLANE('',#729);
#329=FACE_OUTER_BOUND('',#730,.T.);
#330=PLANE('',#731);
#331=FACE_OUTER_BOUND('',#732,.T.);
#332=PLANE('',#733);
#333=FACE_OUTER_BOUND('',#734,.T.);
#334=PLANE('',#735);
#335=FACE_OUTER_BOUND('',#736,.T.);
#336=PLANE('',#737);
#337=FACE_OUTER_BOUND('',#738,.T.);
#338=PLANE('',#739);
#339=FACE_OUTER_BOUND('',#740,.T.);
#340=PLANE('',#741);
#341=FACE_OUTER_BOUND('',#742,.T.);
#342=PLANE('',#743);
#343=FACE_OUTER_BOUND('',#744,.T.);
#344=PLANE('',#745);
#345=FACE_OUTER_BOUND('',#746,.T.);
#346=PLANE('',#747);
#347=FACE_OUTER_BOUND('',#748,.T.);
#348=PLANE('',#749);
#349=FACE_OUTER_BOUND('',#750,.T.);
#350=PLANE('',#751);
#351=FACE_OUTER_BOUND('',#752,.T.);
#352=PLANE('',#753);
#353=FACE_OUTER_BOUND('',#754,.T.);
#354=PLANE('',#755);
#355=FACE_OUTER_BOUND('',#756,.T.);
#356=PLANE('',#757);
#357=FACE_OUTER_BOUND('',#758,.T.);
#358=PLANE('',#759);
#359=FACE_OUTER_BOUND('',#760,.T.);
#360=PLANE('',#761);
#361=FACE_OUTER_BOUND('',#762,.T.);
#362=PLANE('',#763);
#363=FACE_OUTER_BOUND('',#764,.T.);
#364=PLANE('',#765);
#365=FACE_OUTER_BOUND('',#766,.T.);
#366=PLANE('',#767);
#367=FACE_OUTER_BOUND('',#768,.T.);
#368=PLANE('',#769);
#369=FACE_OUTER_BOUND('',#770,.T.);
#370=PLANE('',#771);
#371=FACE_OUTER_BOUND('',#772,.T.);
#372=PLANE('',#773);
#373=FACE_OUTER_BOUND('',#774,.T.);
#374=PLANE('',#775);
#375=FACE_OUTER_BOUND('',#776,.T.);
#376=PLANE('',#777);
#377=FACE_OUTER_BOUND('',#778,.T.);
#378=PLANE('',#779);
#379=FACE_OUTER_BOUND('',#780,.T.);
#380=PLANE('',#781);
#381=FACE_OUTER_BOUND('',#782,.T.);
#382=FACE_BOUND('',#783,.T.);
#383=FACE_BOUND('',#784,.T.);
#384=FACE_BOUND('',#785,.T.);
#385=FACE_BOUND('',#786,.T.);
#386=PLANE('',#787);
#387=FACE_OUTER_BOUND('',#788,.T.);
#388=PLANE('',#789);
#389=FACE_OUTER_BOUND('',#790,.T.);
#390=CYLINDRICAL_SURFACE('',#791,0.1002208592797);
#391=FACE_OUTER_BOUND('',#792,.T.);
#392=PLANE('',#793);
#393=FACE_OUTER_BOUND('',#794,.T.);
#394=CYLINDRICAL_SURFACE('',#795,0.10022099854);
#395=FACE_OUTER_BOUND('',#796,.T.);
#396=PLANE('',#797);
#397=FACE_OUTER_BOUND('',#798,.T.);
#398=PLANE('',#799);
#399=FACE_OUTER_BOUND('',#800,.T.);
#400=CYLINDRICAL_SURFACE('',#801,0.09789107153418);
#401=FACE_OUTER_BOUND('',#802,.T.);
#402=PLANE('',#803);
#403=FACE_OUTER_BOUND('',#804,.T.);
#404=PLANE('',#805);
#405=FACE_OUTER_BOUND('',#806,.T.);
#406=PLANE('',#807);
#407=FACE_OUTER_BOUND('',#808,.T.);
#408=PLANE('',#809);
#409=FACE_OUTER_BOUND('',#810,.T.);
#410=PLANE('',#811);
#411=FACE_OUTER_BOUND('',#812,.T.);
#412=PLANE('',#813);
#413=FACE_OUTER_BOUND('',#814,.T.);
#414=PLANE('',#815);
#415=FACE_OUTER_BOUND('',#816,.T.);
#416=PLANE('',#817);
#417=FACE_OUTER_BOUND('',#818,.T.);
#418=PLANE('',#819);
#419=FACE_OUTER_BOUND('',#820,.T.);
#420=PLANE('',#821);
#421=FACE_OUTER_BOUND('',#822,.T.);
#422=PLANE('',#823);
#423=FACE_OUTER_BOUND('',#824,.T.);
#424=PLANE('',#825);
#425=FACE_OUTER_BOUND('',#826,.T.);
#426=PLANE('',#827);
#427=FACE_OUTER_BOUND('',#828,.T.);
#428=FACE_BOUND('',#829,.T.);
#429=PLANE('',#830);
#430=FACE_OUTER_BOUND('',#831,.T.);
#431=PLANE('',#832);
#432=FACE_OUTER_BOUND('',#833,.T.);
#433=PLANE('',#834);
#434=FACE_OUTER_BOUND('',#835,.T.);
#435=PLANE('',#836);
#436=FACE_OUTER_BOUND('',#837,.T.);
#437=PLANE('',#838);
#438=FACE_OUTER_BOUND('',#839,.T.);
#439=PLANE('',#840);
#440=FACE_OUTER_BOUND('',#841,.T.);
#441=PLANE('',#842);
#442=FACE_OUTER_BOUND('',#843,.T.);
#443=PLANE('',#844);
#444=FACE_OUTER_BOUND('',#845,.T.);
#445=PLANE('',#846);
#446=FACE_OUTER_BOUND('',#847,.T.);
#447=PLANE('',#848);
#448=FACE_OUTER_BOUND('',#849,.T.);
#449=PLANE('',#850);
#450=FACE_OUTER_BOUND('',#851,.T.);
#451=PLANE('',#852);
#452=FACE_OUTER_BOUND('',#853,.T.);
#453=PLANE('',#854);
#454=FACE_OUTER_BOUND('',#855,.T.);
#455=PLANE('',#856);
#456=FACE_OUTER_BOUND('',#857,.T.);
#457=PLANE('',#858);
#458=FACE_OUTER_BOUND('',#859,.T.);
#459=PLANE('',#860);
#460=FACE_OUTER_BOUND('',#861,.T.);
#461=PLANE('',#862);
#462=FACE_OUTER_BOUND('',#863,.T.);
#463=PLANE('',#864);
#464=FACE_OUTER_BOUND('',#865,.T.);
#465=CYLINDRICAL_SURFACE('',#866,0.018);
#466=FACE_OUTER_BOUND('',#867,.T.);
#467=PLANE('',#868);
#468=FACE_OUTER_BOUND('',#869,.T.);
#469=PLANE('',#870);
#470=FACE_OUTER_BOUND('',#871,.T.);
#471=PLANE('',#872);
#472=FACE_OUTER_BOUND('',#873,.T.);
#473=CYLINDRICAL_SURFACE('',#874,0.026);
#474=FACE_OUTER_BOUND('',#875,.T.);
#475=PLANE('',#876);
#476=FACE_OUTER_BOUND('',#877,.T.);
#477=PLANE('',#878);
#478=FACE_OUTER_BOUND('',#879,.T.);
#479=PLANE('',#880);
#480=FACE_OUTER_BOUND('',#881,.T.);
#481=PLANE('',#882);
#482=FACE_OUTER_BOUND('',#883,.T.);
#483=CYLINDRICAL_SURFACE('',#884,0.038);
#484=FACE_OUTER_BOUND('',#885,.T.);
#485=PLANE('',#886);
#486=FACE_OUTER_BOUND('',#887,.T.);
#487=PLANE('',#888);
#488=FACE_OUTER_BOUND('',#889,.T.);
#489=PLANE('',#890);
#490=FACE_OUTER_BOUND('',#891,.T.);
#491=PLANE('',#892);
#492=FACE_OUTER_BOUND('',#893,.T.);
#493=CYLINDRICAL_SURFACE('',#894,0.018);
#494=FACE_OUTER_BOUND('',#895,.T.);
#495=PLANE('',#896);
#496=FACE_OUTER_BOUND('',#897,.T.);
#497=PLANE('',#898);
#498=FACE_OUTER_BOUND('',#899,.T.);
#499=PLANE('',#900);
#500=FACE_OUTER_BOUND('',#901,.T.);
#501=PLANE('',#902);
#502=FACE_OUTER_BOUND('',#903,.T.);
#503=PLANE('',#904);
#504=FACE_OUTER_BOUND('',#905,.T.);
#505=PLANE('',#906);
#506=FACE_OUTER_BOUND('',#907,.T.);
#507=PLANE('',#908);
#508=FACE_OUTER_BOUND('',#909,.T.);
#509=PLANE('',#910);
#510=FACE_OUTER_BOUND('',#911,.T.);
#511=PLANE('',#912);
#512=FACE_OUTER_BOUND('',#913,.T.);
#513=PLANE('',#914);
#514=FACE_OUTER_BOUND('',#915,.T.);
#515=PLANE('',#916);
#516=FACE_OUTER_BOUND('',#917,.T.);
#517=PLANE('',#918);
#518=FACE_OUTER_BOUND('',#919,.T.);
#519=PLANE('',#920);
#520=FACE_OUTER_BOUND('',#921,.T.);
#521=PLANE('',#922);
#522=FACE_OUTER_BOUND('',#923,.T.);
#523=PLANE('',#924);
#524=FACE_OUTER_BOUND('',#925,.T.);
#525=PLANE('',#926);
#526=FACE_OUTER_BOUND('',#927,.T.);
#527=PLANE('',#928);
#528=FACE_OUTER_BOUND('',#929,.T.);
#529=PLANE('',#930);
#530=FACE_OUTER_BOUND('',#931,.T.);
#531=PLANE('',#932);
#532=FACE_OUTER_BOUND('',#933,.T.);
#533=PLANE('',#934);
#534=FACE_OUTER_BOUND('',#935,.T.);
#535=PLANE('',#936);
#536=FACE_OUTER_BOUND('',#937,.T.);
#537=PLANE('',#938);
#538=FACE_OUTER_BOUND('',#939,.T.);
#539=PLANE('',#940);
#540=FACE_OUTER_BOUND('',#941,.T.);
#541=PLANE('',#942);
#542=FACE_OUTER_BOUND('',#943,.T.);
#543=PLANE('',#944);
#544=FACE_OUTER_BOUND('',#945,.T.);
#545=PLANE('',#946);
#546=FACE_OUTER_BOUND('',#947,.T.);
#547=PLANE('',#948);
#548=FACE_OUTER_BOUND('',#949,.T.);
#549=PLANE('',#950);
#550=FACE_OUTER_BOUND('',#951,.T.);
#551=PLANE('',#952);
#552=FACE_OUTER_BOUND('',#953,.T.);
#553=PLANE('',#954);
#554=FACE_OUTER_BOUND('',#955,.T.);
#555=PLANE('',#956);
#556=FACE_OUTER_BOUND('',#957,.T.);
#557=PLANE('',#958);
#558=FACE_OUTER_BOUND('',#959,.T.);
#559=PLANE('',#960);
#560=FACE_OUTER_BOUND('',#961,.T.);
#561=PLANE('',#962);
#562=FACE_OUTER_BOUND('',#963,.T.);
#563=CYLINDRICAL_SURFACE('',#964,0.35);
#564=FACE_OUTER_BOUND('',#965,.T.);
#565=CONICAL_SURFACE('',#966,0.299999999797,0.244978663126879);
#566=FACE_OUTER_BOUND('',#967,.T.);
#567=PLANE('',#968);
#568=FACE_OUTER_BOUND('',#969,.T.);
#569=CONICAL_SURFACE('',#970,0.299999999797,0.244978663126879);
#570=FACE_OUTER_BOUND('',#971,.T.);
#571=CYLINDRICAL_SURFACE('',#972,0.35);
#572=FACE_OUTER_BOUND('',#973,.T.);
#573=CYLINDRICAL_SURFACE('',#974,0.35);
#574=FACE_OUTER_BOUND('',#975,.T.);
#575=CONICAL_SURFACE('',#976,0.299999999797,0.244978663126879);
#576=FACE_OUTER_BOUND('',#977,.T.);
#577=PLANE('',#978);
#578=FACE_OUTER_BOUND('',#979,.T.);
#579=CONICAL_SURFACE('',#980,0.299999999797,0.244978663126879);
#580=FACE_OUTER_BOUND('',#981,.T.);
#581=CYLINDRICAL_SURFACE('',#982,0.35);
#582=FACE_OUTER_BOUND('',#983,.T.);
#583=CYLINDRICAL_SURFACE('',#984,0.35);
#584=FACE_OUTER_BOUND('',#985,.T.);
#585=CONICAL_SURFACE('',#986,0.299999999797,0.244978663126879);
#586=FACE_OUTER_BOUND('',#987,.T.);
#587=PLANE('',#988);
#588=FACE_OUTER_BOUND('',#989,.T.);
#589=CONICAL_SURFACE('',#990,0.299999999797,0.244978663126879);
#590=FACE_OUTER_BOUND('',#991,.T.);
#591=CYLINDRICAL_SURFACE('',#992,0.35);
#592=FACE_OUTER_BOUND('',#993,.T.);
#593=CYLINDRICAL_SURFACE('',#994,0.35);
#594=FACE_OUTER_BOUND('',#995,.T.);
#595=CONICAL_SURFACE('',#996,0.299999999797,0.244978663126879);
#596=FACE_OUTER_BOUND('',#997,.T.);
#597=PLANE('',#998);
#598=FACE_OUTER_BOUND('',#999,.T.);
#599=CONICAL_SURFACE('',#1000,0.299999999797,0.244978663126879);
#600=FACE_OUTER_BOUND('',#1001,.T.);
#601=CYLINDRICAL_SURFACE('',#1002,0.35);
#602=FACE_OUTER_BOUND('',#1003,.T.);
#603=PLANE('',#1004);
#604=FACE_OUTER_BOUND('',#1005,.T.);
#605=PLANE('',#1006);
#606=FACE_OUTER_BOUND('',#1007,.T.);
#607=PLANE('',#1008);
#608=FACE_OUTER_BOUND('',#1009,.T.);
#609=PLANE('',#1010);
#610=FACE_OUTER_BOUND('',#1011,.T.);
#611=PLANE('',#1012);
#612=FACE_OUTER_BOUND('',#1013,.T.);
#613=PLANE('',#1014);
#614=FACE_OUTER_BOUND('',#1015,.T.);
#615=PLANE('',#1016);
#616=FACE_OUTER_BOUND('',#1017,.T.);
#617=PLANE('',#1018);
#618=FACE_OUTER_BOUND('',#1019,.T.);
#619=PLANE('',#1020);
#620=FACE_OUTER_BOUND('',#1021,.T.);
#621=PLANE('',#1022);
#622=FACE_OUTER_BOUND('',#1023,.T.);
#623=PLANE('',#1024);
#624=FACE_OUTER_BOUND('',#1025,.T.);
#625=PLANE('',#1026);
#626=FACE_OUTER_BOUND('',#1027,.T.);
#627=CYLINDRICAL_SURFACE('',#1028,0.35);
#628=FACE_OUTER_BOUND('',#1029,.T.);
#629=CYLINDRICAL_SURFACE('',#1030,0.35);
#630=FACE_OUTER_BOUND('',#1031,.T.);
#631=TOROIDAL_SURFACE('',#1032,0.45,0.35);
#632=FACE_OUTER_BOUND('',#1033,.T.);
#633=TOROIDAL_SURFACE('',#1034,0.45,0.35);
#634=FACE_OUTER_BOUND('',#1035,.T.);
#635=CYLINDRICAL_SURFACE('',#1036,0.35);
#636=FACE_OUTER_BOUND('',#1037,.T.);
#637=CONICAL_SURFACE('',#1038,0.299999999797,0.244978663126879);
#638=FACE_OUTER_BOUND('',#1039,.T.);
#639=PLANE('',#1040);
#640=FACE_OUTER_BOUND('',#1041,.T.);
#641=CONICAL_SURFACE('',#1042,0.299999999797,0.244978663126879);
#642=FACE_OUTER_BOUND('',#1043,.T.);
#643=CYLINDRICAL_SURFACE('',#1044,0.35);
#644=EDGE_LOOP('',(#1045,#1046,#1047,#1048));
#645=AXIS2_PLACEMENT_3D('',#1049,#1050,#1051);
#646=EDGE_LOOP('',(#1052,#1053,#1054,#1055));
#647=AXIS2_PLACEMENT_3D('',#1056,#1057,#1058);
#648=EDGE_LOOP('',(#1059,#1060,#1061,#1062));
#649=AXIS2_PLACEMENT_3D('',#1063,#1064,#1065);
#650=EDGE_LOOP('',(#1066,#1067,#1068,#1069));
#651=AXIS2_PLACEMENT_3D('',#1070,#1071,#1072);
#652=EDGE_LOOP('',(#1073,#1074,#1075,#1076));
#653=AXIS2_PLACEMENT_3D('',#1077,#1078,#1079);
#654=EDGE_LOOP('',(#1080,#1081,#1082,#1083));
#655=AXIS2_PLACEMENT_3D('',#1084,#1085,#1086);
#656=EDGE_LOOP('',(#1087,#1088,#1089,#1090));
#657=AXIS2_PLACEMENT_3D('',#1091,#1092,#1093);
#658=EDGE_LOOP('',(#1094,#1095,#1096,#1097));
#659=AXIS2_PLACEMENT_3D('',#1098,#1099,#1100);
#660=EDGE_LOOP('',(#1101,#1102,#1103,#1104));
#661=AXIS2_PLACEMENT_3D('',#1105,#1106,#1107);
#662=EDGE_LOOP('',(#1108,#1109,#1110,#1111));
#663=AXIS2_PLACEMENT_3D('',#1112,#1113,#1114);
#664=EDGE_LOOP('',(#1115,#1116,#1117,#1118,#1119,#1120,#1121,#1122,#1123,#1124,#1125,#1126,#1127,#1128,#1129,#1130,#1131,#1132,#1133,#1134,#1135,#1136,#1137,#1138,#1139));
#665=EDGE_LOOP('',(#1140,#1141));
#666=EDGE_LOOP('',(#1142,#1143));
#667=EDGE_LOOP('',(#1144,#1145));
#668=EDGE_LOOP('',(#1146,#1147));
#669=AXIS2_PLACEMENT_3D('',#1148,#1149,#1150);
#670=EDGE_LOOP('',(#1151,#1152,#1153,#1154));
#671=AXIS2_PLACEMENT_3D('',#1155,#1156,#1157);
#672=EDGE_LOOP('',(#1158,#1159,#1160,#1161));
#673=AXIS2_PLACEMENT_3D('',#1162,#1163,#1164);
#674=EDGE_LOOP('',(#1165,#1166,#1167,#1168));
#675=AXIS2_PLACEMENT_3D('',#1169,#1170,#1171);
#676=EDGE_LOOP('',(#1172,#1173,#1174,#1175));
#677=AXIS2_PLACEMENT_3D('',#1176,#1177,#1178);
#678=EDGE_LOOP('',(#1179,#1180,#1181,#1182));
#679=AXIS2_PLACEMENT_3D('',#1183,#1184,#1185);
#680=EDGE_LOOP('',(#1186,#1187,#1188,#1189));
#681=AXIS2_PLACEMENT_3D('',#1190,#1191,#1192);
#682=EDGE_LOOP('',(#1193,#1194));
#683=AXIS2_PLACEMENT_3D('',#1195,#1196,#1197);
#684=EDGE_LOOP('',(#1198,#1199,#1200,#1201));
#685=AXIS2_PLACEMENT_3D('',#1202,#1203,#1204);
#686=EDGE_LOOP('',(#1205,#1206,#1207,#1208));
#687=AXIS2_PLACEMENT_3D('',#1209,#1210,#1211);
#688=EDGE_LOOP('',(#1212,#1213,#1214,#1215));
#689=AXIS2_PLACEMENT_3D('',#1216,#1217,#1218);
#690=EDGE_LOOP('',(#1219,#1220,#1221,#1222));
#691=AXIS2_PLACEMENT_3D('',#1223,#1224,#1225);
#692=EDGE_LOOP('',(#1226,#1227,#1228,#1229));
#693=AXIS2_PLACEMENT_3D('',#1230,#1231,#1232);
#694=EDGE_LOOP('',(#1233,#1234,#1235,#1236));
#695=AXIS2_PLACEMENT_3D('',#1237,#1238,#1239);
#696=EDGE_LOOP('',(#1240,#1241,#1242,#1243));
#697=AXIS2_PLACEMENT_3D('',#1244,#1245,#1246);
#698=EDGE_LOOP('',(#1247,#1248,#1249,#1250));
#699=AXIS2_PLACEMENT_3D('',#1251,#1252,#1253);
#700=EDGE_LOOP('',(#1254,#1255));
#701=AXIS2_PLACEMENT_3D('',#1256,#1257,#1258);
#702=EDGE_LOOP('',(#1259,#1260,#1261,#1262));
#703=AXIS2_PLACEMENT_3D('',#1263,#1264,#1265);
#704=EDGE_LOOP('',(#1266,#1267,#1268,#1269));
#705=AXIS2_PLACEMENT_3D('',#1270,#1271,#1272);
#706=EDGE_LOOP('',(#1273,#1274,#1275,#1276));
#707=AXIS2_PLACEMENT_3D('',#1277,#1278,#1279);
#708=EDGE_LOOP('',(#1280,#1281,#1282,#1283));
#709=AXIS2_PLACEMENT_3D('',#1284,#1285,#1286);
#710=EDGE_LOOP('',(#1287,#1288,#1289,#1290));
#711=AXIS2_PLACEMENT_3D('',#1291,#1292,#1293);
#712=EDGE_LOOP('',(#1294,#1295,#1296,#1297));
#713=AXIS2_PLACEMENT_3D('',#1298,#1299,#1300);
#714=EDGE_LOOP('',(#1301,#1302,#1303,#1304));
#715=AXIS2_PLACEMENT_3D('',#1305,#1306,#1307);
#716=EDGE_LOOP('',(#1308,#1309,#1310,#1311));
#717=AXIS2_PLACEMENT_3D('',#1312,#1313,#1314);
#718=EDGE_LOOP('',(#1315,#1316));
#719=AXIS2_PLACEMENT_3D('',#1317,#1318,#1319);
#720=EDGE_LOOP('',(#1320,#1321,#1322,#1323));
#721=AXIS2_PLACEMENT_3D('',#1324,#1325,#1326);
#722=EDGE_LOOP('',(#1327,#1328,#1329,#1330));
#723=AXIS2_PLACEMENT_3D('',#1331,#1332,#1333);
#724=EDGE_LOOP('',(#1334,#1335,#1336,#1337,#1338));
#725=AXIS2_PLACEMENT_3D('',#1339,#1340,#1341);
#726=EDGE_LOOP('',(#1342,#1343,#1344,#1345,#1346,#1347));
#727=AXIS2_PLACEMENT_3D('',#1348,#1349,#1350);
#728=EDGE_LOOP('',(#1351,#1352,#1353,#1354,#1355,#1356));
#729=AXIS2_PLACEMENT_3D('',#1357,#1358,#1359);
#730=EDGE_LOOP('',(#1360,#1361,#1362,#1363,#1364,#1365));
#731=AXIS2_PLACEMENT_3D('',#1366,#1367,#1368);
#732=EDGE_LOOP('',(#1369,#1370,#1371,#1372,#1373));
#733=AXIS2_PLACEMENT_3D('',#1374,#1375,#1376);
#734=EDGE_LOOP('',(#1377,#1378,#1379,#1380));
#735=AXIS2_PLACEMENT_3D('',#1381,#1382,#1383);
#736=EDGE_LOOP('',(#1384,#1385,#1386,#1387,#1388,#1389,#1390,#1391,#1392,#1393,#1394,#1395,#1396,#1397,#1398,#1399,#1400,#1401,#1402,#1403,#1404,#1405,#1406,#1407,#1408,#1409,#1410,#1411));
#737=AXIS2_PLACEMENT_3D('',#1412,#1413,#1414);
#738=EDGE_LOOP('',(#1415,#1416,#1417,#1418));
#739=AXIS2_PLACEMENT_3D('',#1419,#1420,#1421);
#740=EDGE_LOOP('',(#1422,#1423,#1424,#1425,#1426));
#741=AXIS2_PLACEMENT_3D('',#1427,#1428,#1429);
#742=EDGE_LOOP('',(#1430,#1431,#1432,#1433));
#743=AXIS2_PLACEMENT_3D('',#1434,#1435,#1436);
#744=EDGE_LOOP('',(#1437,#1438,#1439,#1440));
#745=AXIS2_PLACEMENT_3D('',#1441,#1442,#1443);
#746=EDGE_LOOP('',(#1444,#1445,#1446,#1447));
#747=AXIS2_PLACEMENT_3D('',#1448,#1449,#1450);
#748=EDGE_LOOP('',(#1451,#1452,#1453,#1454));
#749=AXIS2_PLACEMENT_3D('',#1455,#1456,#1457);
#750=EDGE_LOOP('',(#1458,#1459,#1460,#1461));
#751=AXIS2_PLACEMENT_3D('',#1462,#1463,#1464);
#752=EDGE_LOOP('',(#1465,#1466,#1467,#1468,#1469));
#753=AXIS2_PLACEMENT_3D('',#1470,#1471,#1472);
#754=EDGE_LOOP('',(#1473,#1474,#1475,#1476));
#755=AXIS2_PLACEMENT_3D('',#1477,#1478,#1479);
#756=EDGE_LOOP('',(#1480,#1481,#1482,#1483));
#757=AXIS2_PLACEMENT_3D('',#1484,#1485,#1486);
#758=EDGE_LOOP('',(#1487,#1488,#1489,#1490));
#759=AXIS2_PLACEMENT_3D('',#1491,#1492,#1493);
#760=EDGE_LOOP('',(#1494,#1495,#1496,#1497));
#761=AXIS2_PLACEMENT_3D('',#1498,#1499,#1500);
#762=EDGE_LOOP('',(#1501,#1502,#1503,#1504));
#763=AXIS2_PLACEMENT_3D('',#1505,#1506,#1507);
#764=EDGE_LOOP('',(#1508,#1509,#1510,#1511,#1512,#1513,#1514));
#765=AXIS2_PLACEMENT_3D('',#1515,#1516,#1517);
#766=EDGE_LOOP('',(#1518,#1519,#1520,#1521,#1522,#1523,#1524,#1525,#1526,#1527,#1528));
#767=AXIS2_PLACEMENT_3D('',#1529,#1530,#1531);
#768=EDGE_LOOP('',(#1532,#1533,#1534,#1535,#1536,#1537,#1538,#1539));
#769=AXIS2_PLACEMENT_3D('',#1540,#1541,#1542);
#770=EDGE_LOOP('',(#1543,#1544,#1545,#1546));
#771=AXIS2_PLACEMENT_3D('',#1547,#1548,#1549);
#772=EDGE_LOOP('',(#1550,#1551,#1552,#1553,#1554,#1555,#1556,#1557,#1558,#1559,#1560,#1561,#1562,#1563,#1564,#1565));
#773=AXIS2_PLACEMENT_3D('',#1566,#1567,#1568);
#774=EDGE_LOOP('',(#1569,#1570,#1571,#1572));
#775=AXIS2_PLACEMENT_3D('',#1573,#1574,#1575);
#776=EDGE_LOOP('',(#1576,#1577,#1578,#1579));
#777=AXIS2_PLACEMENT_3D('',#1580,#1581,#1582);
#778=EDGE_LOOP('',(#1583,#1584,#1585,#1586));
#779=AXIS2_PLACEMENT_3D('',#1587,#1588,#1589);
#780=EDGE_LOOP('',(#1590,#1591,#1592,#1593));
#781=AXIS2_PLACEMENT_3D('',#1594,#1595,#1596);
#782=EDGE_LOOP('',(#1597,#1598,#1599,#1600,#1601,#1602,#1603,#1604,#1605,#1606,#1607,#1608,#1609,#1610,#1611,#1612,#1613,#1614,#1615,#1616,#1617,#1618));
#783=EDGE_LOOP('',(#1619,#1620));
#784=EDGE_LOOP('',(#1621,#1622));
#785=EDGE_LOOP('',(#1623,#1624));
#786=EDGE_LOOP('',(#1625,#1626));
#787=AXIS2_PLACEMENT_3D('',#1627,#1628,#1629);
#788=EDGE_LOOP('',(#1630,#1631,#1632,#1633));
#789=AXIS2_PLACEMENT_3D('',#1634,#1635,#1636);
#790=EDGE_LOOP('',(#1637,#1638,#1639,#1640));
#791=AXIS2_PLACEMENT_3D('',#1641,#1642,#1643);
#792=EDGE_LOOP('',(#1644,#1645,#1646,#1647));
#793=AXIS2_PLACEMENT_3D('',#1648,#1649,#1650);
#794=EDGE_LOOP('',(#1651,#1652,#1653,#1654));
#795=AXIS2_PLACEMENT_3D('',#1655,#1656,#1657);
#796=EDGE_LOOP('',(#1658,#1659,#1660,#1661));
#797=AXIS2_PLACEMENT_3D('',#1662,#1663,#1664);
#798=EDGE_LOOP('',(#1665,#1666,#1667,#1668));
#799=AXIS2_PLACEMENT_3D('',#1669,#1670,#1671);
#800=EDGE_LOOP('',(#1672,#1673,#1674,#1675));
#801=AXIS2_PLACEMENT_3D('',#1676,#1677,#1678);
#802=EDGE_LOOP('',(#1679,#1680,#1681,#1682));
#803=AXIS2_PLACEMENT_3D('',#1683,#1684,#1685);
#804=EDGE_LOOP('',(#1686,#1687,#1688,#1689,#1690));
#805=AXIS2_PLACEMENT_3D('',#1691,#1692,#1693);
#806=EDGE_LOOP('',(#1694,#1695,#1696,#1697,#1698,#1699,#1700));
#807=AXIS2_PLACEMENT_3D('',#1701,#1702,#1703);
#808=EDGE_LOOP('',(#1704,#1705,#1706,#1707,#1708,#1709,#1710,#1711));
#809=AXIS2_PLACEMENT_3D('',#1712,#1713,#1714);
#810=EDGE_LOOP('',(#1715,#1716,#1717,#1718,#1719));
#811=AXIS2_PLACEMENT_3D('',#1720,#1721,#1722);
#812=EDGE_LOOP('',(#1723,#1724,#1725,#1726,#1727,#1728,#1729));
#813=AXIS2_PLACEMENT_3D('',#1730,#1731,#1732);
#814=EDGE_LOOP('',(#1733,#1734,#1735,#1736,#1737,#1738,#1739,#1740,#1741,#1742));
#815=AXIS2_PLACEMENT_3D('',#1743,#1744,#1745);
#816=EDGE_LOOP('',(#1746,#1747,#1748,#1749));
#817=AXIS2_PLACEMENT_3D('',#1750,#1751,#1752);
#818=EDGE_LOOP('',(#1753,#1754,#1755,#1756));
#819=AXIS2_PLACEMENT_3D('',#1757,#1758,#1759);
#820=EDGE_LOOP('',(#1760,#1761,#1762,#1763));
#821=AXIS2_PLACEMENT_3D('',#1764,#1765,#1766);
#822=EDGE_LOOP('',(#1767,#1768,#1769,#1770,#1771));
#823=AXIS2_PLACEMENT_3D('',#1772,#1773,#1774);
#824=EDGE_LOOP('',(#1775,#1776,#1777,#1778,#1779));
#825=AXIS2_PLACEMENT_3D('',#1780,#1781,#1782);
#826=EDGE_LOOP('',(#1783,#1784,#1785,#1786));
#827=AXIS2_PLACEMENT_3D('',#1787,#1788,#1789);
#828=EDGE_LOOP('',(#1790,#1791,#1792,#1793,#1794));
#829=EDGE_LOOP('',(#1795,#1796,#1797,#1798,#1799,#1800,#1801,#1802,#1803,#1804,#1805,#1806,#1807,#1808,#1809,#1810,#1811,#1812,#1813,#1814,#1815,#1816,#1817,#1818,#1819,#1820,#1821,#1822,#1823,#1824,#1825,#1826,#1827,#1828,#1829,#1830,#1831,#1832,#1833,#1834,#1835,#1836,#1837,#1838,#1839,#1840,#1841));
#830=AXIS2_PLACEMENT_3D('',#1842,#1843,#1844);
#831=EDGE_LOOP('',(#1845,#1846,#1847,#1848,#1849));
#832=AXIS2_PLACEMENT_3D('',#1850,#1851,#1852);
#833=EDGE_LOOP('',(#1853,#1854,#1855,#1856,#1857,#1858,#1859));
#834=AXIS2_PLACEMENT_3D('',#1860,#1861,#1862);
#835=EDGE_LOOP('',(#1863,#1864,#1865,#1866,#1867,#1868,#1869));
#836=AXIS2_PLACEMENT_3D('',#1870,#1871,#1872);
#837=EDGE_LOOP('',(#1873,#1874,#1875,#1876));
#838=AXIS2_PLACEMENT_3D('',#1877,#1878,#1879);
#839=EDGE_LOOP('',(#1880,#1881,#1882,#1883));
#840=AXIS2_PLACEMENT_3D('',#1884,#1885,#1886);
#841=EDGE_LOOP('',(#1887,#1888,#1889,#1890));
#842=AXIS2_PLACEMENT_3D('',#1891,#1892,#1893);
#843=EDGE_LOOP('',(#1894,#1895,#1896,#1897,#1898,#1899,#1900));
#844=AXIS2_PLACEMENT_3D('',#1901,#1902,#1903);
#845=EDGE_LOOP('',(#1904,#1905,#1906,#1907,#1908,#1909,#1910,#1911));
#846=AXIS2_PLACEMENT_3D('',#1912,#1913,#1914);
#847=EDGE_LOOP('',(#1915,#1916,#1917,#1918,#1919));
#848=AXIS2_PLACEMENT_3D('',#1920,#1921,#1922);
#849=EDGE_LOOP('',(#1923,#1924,#1925,#1926));
#850=AXIS2_PLACEMENT_3D('',#1927,#1928,#1929);
#851=EDGE_LOOP('',(#1930,#1931,#1932,#1933));
#852=AXIS2_PLACEMENT_3D('',#1934,#1935,#1936);
#853=EDGE_LOOP('',(#1937,#1938,#1939,#1940));
#854=AXIS2_PLACEMENT_3D('',#1941,#1942,#1943);
#855=EDGE_LOOP('',(#1944,#1945,#1946,#1947));
#856=AXIS2_PLACEMENT_3D('',#1948,#1949,#1950);
#857=EDGE_LOOP('',(#1951,#1952,#1953,#1954));
#858=AXIS2_PLACEMENT_3D('',#1955,#1956,#1957);
#859=EDGE_LOOP('',(#1958,#1959,#1960,#1961,#1962));
#860=AXIS2_PLACEMENT_3D('',#1963,#1964,#1965);
#861=EDGE_LOOP('',(#1966,#1967,#1968,#1969,#1970,#1971));
#862=AXIS2_PLACEMENT_3D('',#1972,#1973,#1974);
#863=EDGE_LOOP('',(#1975,#1976,#1977,#1978));
#864=AXIS2_PLACEMENT_3D('',#1979,#1980,#1981);
#865=EDGE_LOOP('',(#1982,#1983,#1984,#1985));
#866=AXIS2_PLACEMENT_3D('',#1986,#1987,#1988);
#867=EDGE_LOOP('',(#1989,#1990,#1991,#1992));
#868=AXIS2_PLACEMENT_3D('',#1993,#1994,#1995);
#869=EDGE_LOOP('',(#1996,#1997,#1998,#1999));
#870=AXIS2_PLACEMENT_3D('',#2000,#2001,#2002);
#871=EDGE_LOOP('',(#2003,#2004,#2005,#2006));
#872=AXIS2_PLACEMENT_3D('',#2007,#2008,#2009);
#873=EDGE_LOOP('',(#2010,#2011,#2012,#2013));
#874=AXIS2_PLACEMENT_3D('',#2014,#2015,#2016);
#875=EDGE_LOOP('',(#2017,#2018,#2019,#2020));
#876=AXIS2_PLACEMENT_3D('',#2021,#2022,#2023);
#877=EDGE_LOOP('',(#2024,#2025,#2026,#2027));
#878=AXIS2_PLACEMENT_3D('',#2028,#2029,#2030);
#879=EDGE_LOOP('',(#2031,#2032,#2033,#2034));
#880=AXIS2_PLACEMENT_3D('',#2035,#2036,#2037);
#881=EDGE_LOOP('',(#2038,#2039,#2040,#2041));
#882=AXIS2_PLACEMENT_3D('',#2042,#2043,#2044);
#883=EDGE_LOOP('',(#2045,#2046,#2047,#2048));
#884=AXIS2_PLACEMENT_3D('',#2049,#2050,#2051);
#885=EDGE_LOOP('',(#2052,#2053,#2054,#2055));
#886=AXIS2_PLACEMENT_3D('',#2056,#2057,#2058);
#887=EDGE_LOOP('',(#2059,#2060,#2061,#2062));
#888=AXIS2_PLACEMENT_3D('',#2063,#2064,#2065);
#889=EDGE_LOOP('',(#2066,#2067,#2068,#2069));
#890=AXIS2_PLACEMENT_3D('',#2070,#2071,#2072);
#891=EDGE_LOOP('',(#2073,#2074,#2075,#2076));
#892=AXIS2_PLACEMENT_3D('',#2077,#2078,#2079);
#893=EDGE_LOOP('',(#2080,#2081,#2082,#2083));
#894=AXIS2_PLACEMENT_3D('',#2084,#2085,#2086);
#895=EDGE_LOOP('',(#2087,#2088,#2089,#2090));
#896=AXIS2_PLACEMENT_3D('',#2091,#2092,#2093);
#897=EDGE_LOOP('',(#2094,#2095,#2096,#2097));
#898=AXIS2_PLACEMENT_3D('',#2098,#2099,#2100);
#899=EDGE_LOOP('',(#2101,#2102,#2103,#2104));
#900=AXIS2_PLACEMENT_3D('',#2105,#2106,#2107);
#901=EDGE_LOOP('',(#2108,#2109,#2110,#2111));
#902=AXIS2_PLACEMENT_3D('',#2112,#2113,#2114);
#903=EDGE_LOOP('',(#2115,#2116,#2117,#2118));
#904=AXIS2_PLACEMENT_3D('',#2119,#2120,#2121);
#905=EDGE_LOOP('',(#2122,#2123,#2124,#2125));
#906=AXIS2_PLACEMENT_3D('',#2126,#2127,#2128);
#907=EDGE_LOOP('',(#2129,#2130,#2131,#2132));
#908=AXIS2_PLACEMENT_3D('',#2133,#2134,#2135);
#909=EDGE_LOOP('',(#2136,#2137,#2138,#2139));
#910=AXIS2_PLACEMENT_3D('',#2140,#2141,#2142);
#911=EDGE_LOOP('',(#2143,#2144,#2145,#2146));
#912=AXIS2_PLACEMENT_3D('',#2147,#2148,#2149);
#913=EDGE_LOOP('',(#2150,#2151,#2152,#2153));
#914=AXIS2_PLACEMENT_3D('',#2154,#2155,#2156);
#915=EDGE_LOOP('',(#2157,#2158,#2159,#2160));
#916=AXIS2_PLACEMENT_3D('',#2161,#2162,#2163);
#917=EDGE_LOOP('',(#2164,#2165,#2166,#2167));
#918=AXIS2_PLACEMENT_3D('',#2168,#2169,#2170);
#919=EDGE_LOOP('',(#2171,#2172,#2173,#2174));
#920=AXIS2_PLACEMENT_3D('',#2175,#2176,#2177);
#921=EDGE_LOOP('',(#2178,#2179,#2180,#2181));
#922=AXIS2_PLACEMENT_3D('',#2182,#2183,#2184);
#923=EDGE_LOOP('',(#2185,#2186,#2187,#2188));
#924=AXIS2_PLACEMENT_3D('',#2189,#2190,#2191);
#925=EDGE_LOOP('',(#2192,#2193,#2194,#2195));
#926=AXIS2_PLACEMENT_3D('',#2196,#2197,#2198);
#927=EDGE_LOOP('',(#2199,#2200,#2201,#2202));
#928=AXIS2_PLACEMENT_3D('',#2203,#2204,#2205);
#929=EDGE_LOOP('',(#2206,#2207,#2208,#2209));
#930=AXIS2_PLACEMENT_3D('',#2210,#2211,#2212);
#931=EDGE_LOOP('',(#2213,#2214,#2215,#2216));
#932=AXIS2_PLACEMENT_3D('',#2217,#2218,#2219);
#933=EDGE_LOOP('',(#2220,#2221,#2222,#2223));
#934=AXIS2_PLACEMENT_3D('',#2224,#2225,#2226);
#935=EDGE_LOOP('',(#2227,#2228,#2229,#2230));
#936=AXIS2_PLACEMENT_3D('',#2231,#2232,#2233);
#937=EDGE_LOOP('',(#2234,#2235,#2236,#2237));
#938=AXIS2_PLACEMENT_3D('',#2238,#2239,#2240);
#939=EDGE_LOOP('',(#2241,#2242,#2243,#2244));
#940=AXIS2_PLACEMENT_3D('',#2245,#2246,#2247);
#941=EDGE_LOOP('',(#2248,#2249,#2250,#2251));
#942=AXIS2_PLACEMENT_3D('',#2252,#2253,#2254);
#943=EDGE_LOOP('',(#2255,#2256,#2257,#2258));
#944=AXIS2_PLACEMENT_3D('',#2259,#2260,#2261);
#945=EDGE_LOOP('',(#2262,#2263,#2264,#2265));
#946=AXIS2_PLACEMENT_3D('',#2266,#2267,#2268);
#947=EDGE_LOOP('',(#2269,#2270,#2271,#2272));
#948=AXIS2_PLACEMENT_3D('',#2273,#2274,#2275);
#949=EDGE_LOOP('',(#2276,#2277,#2278,#2279));
#950=AXIS2_PLACEMENT_3D('',#2280,#2281,#2282);
#951=EDGE_LOOP('',(#2283,#2284,#2285,#2286));
#952=AXIS2_PLACEMENT_3D('',#2287,#2288,#2289);
#953=EDGE_LOOP('',(#2290,#2291,#2292,#2293));
#954=AXIS2_PLACEMENT_3D('',#2294,#2295,#2296);
#955=EDGE_LOOP('',(#2297,#2298,#2299,#2300,#2301,#2302,#2303,#2304,#2305,#2306,#2307,#2308,#2309,#2310,#2311,#2312,#2313,#2314,#2315,#2316,#2317,#2318,#2319,#2320,#2321,#2322,#2323,#2324,#2325,#2326,#2327,#2328,#2329,#2330,#2331,#2332,#2333,#2334,#2335,#2336,#2337,#2338,#2339,#2340,#2341,#2342,#2343));
#956=AXIS2_PLACEMENT_3D('',#2344,#2345,#2346);
#957=EDGE_LOOP('',(#2347,#2348,#2349,#2350));
#958=AXIS2_PLACEMENT_3D('',#2351,#2352,#2353);
#959=EDGE_LOOP('',(#2354,#2355,#2356,#2357));
#960=AXIS2_PLACEMENT_3D('',#2358,#2359,#2360);
#961=EDGE_LOOP('',(#2361,#2362,#2363,#2364));
#962=AXIS2_PLACEMENT_3D('',#2365,#2366,#2367);
#963=EDGE_LOOP('',(#2368,#2369,#2370,#2371,#2372));
#964=AXIS2_PLACEMENT_3D('',#2373,#2374,#2375);
#965=EDGE_LOOP('',(#2376,#2377,#2378,#2379));
#966=AXIS2_PLACEMENT_3D('',#2380,#2381,#2382);
#967=EDGE_LOOP('',(#2383,#2384,#2385,#2386));
#968=AXIS2_PLACEMENT_3D('',#2387,#2388,#2389);
#969=EDGE_LOOP('',(#2390,#2391,#2392,#2393));
#970=AXIS2_PLACEMENT_3D('',#2394,#2395,#2396);
#971=EDGE_LOOP('',(#2397,#2398,#2399,#2400,#2401));
#972=AXIS2_PLACEMENT_3D('',#2402,#2403,#2404);
#973=EDGE_LOOP('',(#2405,#2406,#2407,#2408,#2409));
#974=AXIS2_PLACEMENT_3D('',#2410,#2411,#2412);
#975=EDGE_LOOP('',(#2413,#2414,#2415,#2416));
#976=AXIS2_PLACEMENT_3D('',#2417,#2418,#2419);
#977=EDGE_LOOP('',(#2420,#2421,#2422,#2423));
#978=AXIS2_PLACEMENT_3D('',#2424,#2425,#2426);
#979=EDGE_LOOP('',(#2427,#2428,#2429,#2430));
#980=AXIS2_PLACEMENT_3D('',#2431,#2432,#2433);
#981=EDGE_LOOP('',(#2434,#2435,#2436,#2437,#2438));
#982=AXIS2_PLACEMENT_3D('',#2439,#2440,#2441);
#983=EDGE_LOOP('',(#2442,#2443,#2444,#2445,#2446));
#984=AXIS2_PLACEMENT_3D('',#2447,#2448,#2449);
#985=EDGE_LOOP('',(#2450,#2451,#2452,#2453));
#986=AXIS2_PLACEMENT_3D('',#2454,#2455,#2456);
#987=EDGE_LOOP('',(#2457,#2458,#2459,#2460));
#988=AXIS2_PLACEMENT_3D('',#2461,#2462,#2463);
#989=EDGE_LOOP('',(#2464,#2465,#2466,#2467));
#990=AXIS2_PLACEMENT_3D('',#2468,#2469,#2470);
#991=EDGE_LOOP('',(#2471,#2472,#2473,#2474,#2475));
#992=AXIS2_PLACEMENT_3D('',#2476,#2477,#2478);
#993=EDGE_LOOP('',(#2479,#2480,#2481,#2482,#2483));
#994=AXIS2_PLACEMENT_3D('',#2484,#2485,#2486);
#995=EDGE_LOOP('',(#2487,#2488,#2489,#2490));
#996=AXIS2_PLACEMENT_3D('',#2491,#2492,#2493);
#997=EDGE_LOOP('',(#2494,#2495,#2496,#2497));
#998=AXIS2_PLACEMENT_3D('',#2498,#2499,#2500);
#999=EDGE_LOOP('',(#2501,#2502,#2503,#2504));
#1000=AXIS2_PLACEMENT_3D('',#2505,#2506,#2507);
#1001=EDGE_LOOP('',(#2508,#2509,#2510,#2511,#2512));
#1002=AXIS2_PLACEMENT_3D('',#2513,#2514,#2515);
#1003=EDGE_LOOP('',(#2516,#2517,#2518,#2519,#2520));
#1004=AXIS2_PLACEMENT_3D('',#2521,#2522,#2523);
#1005=EDGE_LOOP('',(#2524,#2525,#2526,#2527));
#1006=AXIS2_PLACEMENT_3D('',#2528,#2529,#2530);
#1007=EDGE_LOOP('',(#2531,#2532,#2533,#2534,#2535));
#1008=AXIS2_PLACEMENT_3D('',#2536,#2537,#2538);
#1009=EDGE_LOOP('',(#2539,#2540,#2541,#2542));
#1010=AXIS2_PLACEMENT_3D('',#2543,#2544,#2545);
#1011=EDGE_LOOP('',(#2546,#2547,#2548,#2549,#2550));
#1012=AXIS2_PLACEMENT_3D('',#2551,#2552,#2553);
#1013=EDGE_LOOP('',(#2554,#2555,#2556,#2557));
#1014=AXIS2_PLACEMENT_3D('',#2558,#2559,#2560);
#1015=EDGE_LOOP('',(#2561,#2562,#2563,#2564,#2565));
#1016=AXIS2_PLACEMENT_3D('',#2566,#2567,#2568);
#1017=EDGE_LOOP('',(#2569,#2570,#2571,#2572));
#1018=AXIS2_PLACEMENT_3D('',#2573,#2574,#2575);
#1019=EDGE_LOOP('',(#2576,#2577,#2578,#2579,#2580));
#1020=AXIS2_PLACEMENT_3D('',#2581,#2582,#2583);
#1021=EDGE_LOOP('',(#2584,#2585,#2586,#2587));
#1022=AXIS2_PLACEMENT_3D('',#2588,#2589,#2590);
#1023=EDGE_LOOP('',(#2591,#2592,#2593,#2594,#2595));
#1024=AXIS2_PLACEMENT_3D('',#2596,#2597,#2598);
#1025=EDGE_LOOP('',(#2599,#2600,#2601,#2602));
#1026=AXIS2_PLACEMENT_3D('',#2603,#2604,#2605);
#1027=EDGE_LOOP('',(#2606,#2607,#2608,#2609));
#1028=AXIS2_PLACEMENT_3D('',#2610,#2611,#2612);
#1029=EDGE_LOOP('',(#2613,#2614,#2615,#2616));
#1030=AXIS2_PLACEMENT_3D('',#2617,#2618,#2619);
#1031=EDGE_LOOP('',(#2620,#2621,#2622,#2623));
#1032=AXIS2_PLACEMENT_3D('',#2624,#2625,#2626);
#1033=EDGE_LOOP('',(#2627,#2628,#2629,#2630));
#1034=AXIS2_PLACEMENT_3D('',#2631,#2632,#2633);
#1035=EDGE_LOOP('',(#2634,#2635,#2636,#2637));
#1036=AXIS2_PLACEMENT_3D('',#2638,#2639,#2640);
#1037=EDGE_LOOP('',(#2641,#2642,#2643,#2644));
#1038=AXIS2_PLACEMENT_3D('',#2645,#2646,#2647);
#1039=EDGE_LOOP('',(#2648,#2649));
#1040=AXIS2_PLACEMENT_3D('',#2650,#2651,#2652);
#1041=EDGE_LOOP('',(#2653,#2654,#2655,#2656));
#1042=AXIS2_PLACEMENT_3D('',#2657,#2658,#2659);
#1043=EDGE_LOOP('',(#2660,#2661,#2662,#2663));
#1044=AXIS2_PLACEMENT_3D('',#2664,#2665,#2666);
#1045=ORIENTED_EDGE('',*,*,#2667,.F.);
#1046=ORIENTED_EDGE('',*,*,#2668,.T.);
#1047=ORIENTED_EDGE('',*,*,#2669,.F.);
#1048=ORIENTED_EDGE('',*,*,#2670,.F.);
#1049=CARTESIAN_POINT('',(3.75,5.300000000812,0.0));
#1050=DIRECTION('',(-0.0,-1.0,-0.0));
#1051=DIRECTION('',(0.0,0.0,-1.0));
#1052=ORIENTED_EDGE('',*,*,#2671,.F.);
#1053=ORIENTED_EDGE('',*,*,#2672,.F.);
#1054=ORIENTED_EDGE('',*,*,#2669,.T.);
#1055=ORIENTED_EDGE('',*,*,#2673,.T.);
#1056=CARTESIAN_POINT('',(3.75,5.300000000812,0.0));
#1057=DIRECTION('',(-0.0,-1.0,-0.0));
#1058=DIRECTION('',(0.0,0.0,-1.0));
#1059=ORIENTED_EDGE('',*,*,#2674,.F.);
#1060=ORIENTED_EDGE('',*,*,#2675,.T.);
#1061=ORIENTED_EDGE('',*,*,#2676,.F.);
#1062=ORIENTED_EDGE('',*,*,#2677,.F.);
#1063=CARTESIAN_POINT('',(1.25,5.300000000812,0.0));
#1064=DIRECTION('',(-0.0,-1.0,-0.0));
#1065=DIRECTION('',(0.0,0.0,-1.0));
#1066=ORIENTED_EDGE('',*,*,#2678,.F.);
#1067=ORIENTED_EDGE('',*,*,#2679,.F.);
#1068=ORIENTED_EDGE('',*,*,#2676,.T.);
#1069=ORIENTED_EDGE('',*,*,#2680,.T.);
#1070=CARTESIAN_POINT('',(1.25,5.300000000812,0.0));
#1071=DIRECTION('',(-0.0,-1.0,-0.0));
#1072=DIRECTION('',(0.0,0.0,-1.0));
#1073=ORIENTED_EDGE('',*,*,#2681,.F.);
#1074=ORIENTED_EDGE('',*,*,#2682,.T.);
#1075=ORIENTED_EDGE('',*,*,#2683,.F.);
#1076=ORIENTED_EDGE('',*,*,#2684,.F.);
#1077=CARTESIAN_POINT('',(-1.25,5.300000000812,0.0));
#1078=DIRECTION('',(-0.0,-1.0,-0.0));
#1079=DIRECTION('',(0.0,0.0,-1.0));
#1080=ORIENTED_EDGE('',*,*,#2685,.F.);
#1081=ORIENTED_EDGE('',*,*,#2686,.F.);
#1082=ORIENTED_EDGE('',*,*,#2683,.T.);
#1083=ORIENTED_EDGE('',*,*,#2687,.T.);
#1084=CARTESIAN_POINT('',(-1.25,5.300000000812,0.0));
#1085=DIRECTION('',(-0.0,-1.0,-0.0));
#1086=DIRECTION('',(0.0,0.0,-1.0));
#1087=ORIENTED_EDGE('',*,*,#2688,.F.);
#1088=ORIENTED_EDGE('',*,*,#2689,.T.);
#1089=ORIENTED_EDGE('',*,*,#2690,.F.);
#1090=ORIENTED_EDGE('',*,*,#2691,.F.);
#1091=CARTESIAN_POINT('',(-3.75,5.300000000812,0.0));
#1092=DIRECTION('',(-0.0,-1.0,-0.0));
#1093=DIRECTION('',(0.0,0.0,-1.0));
#1094=ORIENTED_EDGE('',*,*,#2692,.F.);
#1095=ORIENTED_EDGE('',*,*,#2693,.F.);
#1096=ORIENTED_EDGE('',*,*,#2690,.T.);
#1097=ORIENTED_EDGE('',*,*,#2694,.T.);
#1098=CARTESIAN_POINT('',(-3.75,5.300000000812,0.0));
#1099=DIRECTION('',(-0.0,-1.0,-0.0));
#1100=DIRECTION('',(0.0,0.0,-1.0));
#1101=ORIENTED_EDGE('',*,*,#2695,.F.);
#1102=ORIENTED_EDGE('',*,*,#2696,.T.);
#1103=ORIENTED_EDGE('',*,*,#2697,.T.);
#1104=ORIENTED_EDGE('',*,*,#2698,.F.);
#1105=CARTESIAN_POINT('',(-5.55,1.196787072643,1.544403568474));
#1106=DIRECTION('',(1.0,-0.0,0.0));
#1107=DIRECTION('',(0.0,0.0,1.0));
#1108=ORIENTED_EDGE('',*,*,#2699,.F.);
#1109=ORIENTED_EDGE('',*,*,#2700,.F.);
#1110=ORIENTED_EDGE('',*,*,#2701,.F.);
#1111=ORIENTED_EDGE('',*,*,#2702,.F.);
#1112=CARTESIAN_POINT('',(-5.55,1.012787072643,1.465966364145));
#1113=DIRECTION('',(1.0,-0.0,0.0));
#1114=DIRECTION('',(0.0,0.0,1.0));
#1115=ORIENTED_EDGE('',*,*,#2703,.F.);
#1116=ORIENTED_EDGE('',*,*,#2704,.T.);
#1117=ORIENTED_EDGE('',*,*,#2705,.F.);
#1118=ORIENTED_EDGE('',*,*,#2706,.F.);
#1119=ORIENTED_EDGE('',*,*,#2707,.T.);
#1120=ORIENTED_EDGE('',*,*,#2708,.F.);
#1121=ORIENTED_EDGE('',*,*,#2709,.F.);
#1122=ORIENTED_EDGE('',*,*,#2710,.F.);
#1123=ORIENTED_EDGE('',*,*,#2711,.T.);
#1124=ORIENTED_EDGE('',*,*,#2712,.T.);
#1125=ORIENTED_EDGE('',*,*,#2713,.F.);
#1126=ORIENTED_EDGE('',*,*,#2714,.F.);
#1127=ORIENTED_EDGE('',*,*,#2715,.T.);
#1128=ORIENTED_EDGE('',*,*,#2716,.T.);
#1129=ORIENTED_EDGE('',*,*,#2717,.F.);
#1130=ORIENTED_EDGE('',*,*,#2718,.F.);
#1131=ORIENTED_EDGE('',*,*,#2719,.T.);
#1132=ORIENTED_EDGE('',*,*,#2720,.T.);
#1133=ORIENTED_EDGE('',*,*,#2721,.F.);
#1134=ORIENTED_EDGE('',*,*,#2722,.F.);
#1135=ORIENTED_EDGE('',*,*,#2723,.T.);
#1136=ORIENTED_EDGE('',*,*,#2724,.T.);
#1137=ORIENTED_EDGE('',*,*,#2725,.F.);
#1138=ORIENTED_EDGE('',*,*,#2726,.F.);
#1139=ORIENTED_EDGE('',*,*,#2727,.T.);
#1140=ORIENTED_EDGE('',*,*,#2728,.F.);
#1141=ORIENTED_EDGE('',*,*,#2729,.F.);
#1142=ORIENTED_EDGE('',*,*,#2730,.F.);
#1143=ORIENTED_EDGE('',*,*,#2731,.F.);
#1144=ORIENTED_EDGE('',*,*,#2732,.F.);
#1145=ORIENTED_EDGE('',*,*,#2733,.F.);
#1146=ORIENTED_EDGE('',*,*,#2734,.F.);
#1147=ORIENTED_EDGE('',*,*,#2735,.F.);
#1148=CARTESIAN_POINT('',(0.0,0.0,0.0));
#1149=DIRECTION('',(-0.0,1.0,0.0));
#1150=DIRECTION('',(1.0,0.0,0.0));
#1151=ORIENTED_EDGE('',*,*,#2736,.T.);
#1152=ORIENTED_EDGE('',*,*,#2737,.F.);
#1153=ORIENTED_EDGE('',*,*,#2738,.F.);
#1154=ORIENTED_EDGE('',*,*,#2733,.T.);
#1155=CARTESIAN_POINT('',(-3.75,1.95,0.0));
#1156=DIRECTION('',(0.0,1.0,0.0));
#1157=DIRECTION('',(0.0,0.0,-1.0));
#1158=ORIENTED_EDGE('',*,*,#2738,.T.);
#1159=ORIENTED_EDGE('',*,*,#2739,.F.);
#1160=ORIENTED_EDGE('',*,*,#2736,.F.);
#1161=ORIENTED_EDGE('',*,*,#2732,.T.);
#1162=CARTESIAN_POINT('',(-3.75,1.95,0.0));
#1163=DIRECTION('',(0.0,1.0,0.0));
#1164=DIRECTION('',(0.0,0.0,-1.0));
#1165=ORIENTED_EDGE('',*,*,#2740,.T.);
#1166=ORIENTED_EDGE('',*,*,#2741,.F.);
#1167=ORIENTED_EDGE('',*,*,#2742,.F.);
#1168=ORIENTED_EDGE('',*,*,#2739,.T.);
#1169=CARTESIAN_POINT('',(-3.75,-0.1,-0.45));
#1170=DIRECTION('',(1.0,0.0,0.0));
#1171=DIRECTION('',(0.0,0.0,-1.0));
#1172=ORIENTED_EDGE('',*,*,#2742,.T.);
#1173=ORIENTED_EDGE('',*,*,#2743,.F.);
#1174=ORIENTED_EDGE('',*,*,#2740,.F.);
#1175=ORIENTED_EDGE('',*,*,#2737,.T.);
#1176=CARTESIAN_POINT('',(-3.75,-0.1,-0.45));
#1177=DIRECTION('',(1.0,0.0,0.0));
#1178=DIRECTION('',(0.0,0.0,-1.0));
#1179=ORIENTED_EDGE('',*,*,#2744,.F.);
#1180=ORIENTED_EDGE('',*,*,#2743,.T.);
#1181=ORIENTED_EDGE('',*,*,#2745,.T.);
#1182=ORIENTED_EDGE('',*,*,#2746,.F.);
#1183=CARTESIAN_POINT('',(-3.75,-0.55,-0.45));
#1184=DIRECTION('',(-0.0,0.0,1.0));
#1185=DIRECTION('',(0.0,1.0,0.0));
#1186=ORIENTED_EDGE('',*,*,#2747,.T.);
#1187=ORIENTED_EDGE('',*,*,#2746,.T.);
#1188=ORIENTED_EDGE('',*,*,#2748,.F.);
#1189=ORIENTED_EDGE('',*,*,#2749,.F.);
#1190=CARTESIAN_POINT('',(-3.75,-0.55,-5.150000000812));
#1191=DIRECTION('',(-0.0,0.0,1.0));
#1192=DIRECTION('',(0.0,-1.0,0.0));
#1193=ORIENTED_EDGE('',*,*,#2749,.T.);
#1194=ORIENTED_EDGE('',*,*,#2750,.T.);
#1195=CARTESIAN_POINT('',(-3.75,-0.55,-5.35));
#1196=DIRECTION('',(0.0,0.0,-1.0));
#1197=DIRECTION('',(0.0,-1.0,0.0));
#1198=ORIENTED_EDGE('',*,*,#2748,.T.);
#1199=ORIENTED_EDGE('',*,*,#2751,.T.);
#1200=ORIENTED_EDGE('',*,*,#2747,.F.);
#1201=ORIENTED_EDGE('',*,*,#2750,.F.);
#1202=CARTESIAN_POINT('',(-3.75,-0.55,-5.150000000812));
#1203=DIRECTION('',(-0.0,0.0,1.0));
#1204=DIRECTION('',(0.0,-1.0,0.0));
#1205=ORIENTED_EDGE('',*,*,#2745,.F.);
#1206=ORIENTED_EDGE('',*,*,#2741,.T.);
#1207=ORIENTED_EDGE('',*,*,#2744,.T.);
#1208=ORIENTED_EDGE('',*,*,#2751,.F.);
#1209=CARTESIAN_POINT('',(-3.75,-0.55,-0.45));
#1210=DIRECTION('',(-0.0,0.0,1.0));
#1211=DIRECTION('',(0.0,1.0,0.0));
#1212=ORIENTED_EDGE('',*,*,#2729,.T.);
#1213=ORIENTED_EDGE('',*,*,#2752,.T.);
#1214=ORIENTED_EDGE('',*,*,#2753,.F.);
#1215=ORIENTED_EDGE('',*,*,#2754,.F.);
#1216=CARTESIAN_POINT('',(-1.25,1.95,0.0));
#1217=DIRECTION('',(0.0,1.0,0.0));
#1218=DIRECTION('',(0.0,0.0,-1.0));
#1219=ORIENTED_EDGE('',*,*,#2755,.F.);
#1220=ORIENTED_EDGE('',*,*,#2752,.F.);
#1221=ORIENTED_EDGE('',*,*,#2728,.T.);
#1222=ORIENTED_EDGE('',*,*,#2754,.T.);
#1223=CARTESIAN_POINT('',(-1.25,1.95,0.0));
#1224=DIRECTION('',(0.0,1.0,0.0));
#1225=DIRECTION('',(0.0,0.0,-1.0));
#1226=ORIENTED_EDGE('',*,*,#2756,.T.);
#1227=ORIENTED_EDGE('',*,*,#2757,.F.);
#1228=ORIENTED_EDGE('',*,*,#2758,.F.);
#1229=ORIENTED_EDGE('',*,*,#2755,.T.);
#1230=CARTESIAN_POINT('',(-1.25,-0.1,-0.45));
#1231=DIRECTION('',(1.0,0.0,0.0));
#1232=DIRECTION('',(0.0,0.0,-1.0));
#1233=ORIENTED_EDGE('',*,*,#2758,.T.);
#1234=ORIENTED_EDGE('',*,*,#2759,.F.);
#1235=ORIENTED_EDGE('',*,*,#2756,.F.);
#1236=ORIENTED_EDGE('',*,*,#2753,.T.);
#1237=CARTESIAN_POINT('',(-1.25,-0.1,-0.45));
#1238=DIRECTION('',(1.0,0.0,0.0));
#1239=DIRECTION('',(0.0,0.0,-1.0));
#1240=ORIENTED_EDGE('',*,*,#2760,.F.);
#1241=ORIENTED_EDGE('',*,*,#2759,.T.);
#1242=ORIENTED_EDGE('',*,*,#2761,.T.);
#1243=ORIENTED_EDGE('',*,*,#2762,.F.);
#1244=CARTESIAN_POINT('',(-1.25,-0.55,-0.45));
#1245=DIRECTION('',(-0.0,0.0,1.0));
#1246=DIRECTION('',(0.0,1.0,0.0));
#1247=ORIENTED_EDGE('',*,*,#2763,.T.);
#1248=ORIENTED_EDGE('',*,*,#2762,.T.);
#1249=ORIENTED_EDGE('',*,*,#2764,.F.);
#1250=ORIENTED_EDGE('',*,*,#2765,.F.);
#1251=CARTESIAN_POINT('',(-1.25,-0.55,-5.150000000812));
#1252=DIRECTION('',(-0.0,0.0,1.0));
#1253=DIRECTION('',(0.0,-1.0,0.0));
#1254=ORIENTED_EDGE('',*,*,#2765,.T.);
#1255=ORIENTED_EDGE('',*,*,#2766,.T.);
#1256=CARTESIAN_POINT('',(-1.25,-0.55,-5.35));
#1257=DIRECTION('',(0.0,0.0,-1.0));
#1258=DIRECTION('',(0.0,-1.0,0.0));
#1259=ORIENTED_EDGE('',*,*,#2764,.T.);
#1260=ORIENTED_EDGE('',*,*,#2767,.T.);
#1261=ORIENTED_EDGE('',*,*,#2763,.F.);
#1262=ORIENTED_EDGE('',*,*,#2766,.F.);
#1263=CARTESIAN_POINT('',(-1.25,-0.55,-5.150000000812));
#1264=DIRECTION('',(-0.0,0.0,1.0));
#1265=DIRECTION('',(0.0,-1.0,0.0));
#1266=ORIENTED_EDGE('',*,*,#2761,.F.);
#1267=ORIENTED_EDGE('',*,*,#2757,.T.);
#1268=ORIENTED_EDGE('',*,*,#2760,.T.);
#1269=ORIENTED_EDGE('',*,*,#2767,.F.);
#1270=CARTESIAN_POINT('',(-1.25,-0.55,-0.45));
#1271=DIRECTION('',(-0.0,0.0,1.0));
#1272=DIRECTION('',(0.0,1.0,0.0));
#1273=ORIENTED_EDGE('',*,*,#2731,.T.);
#1274=ORIENTED_EDGE('',*,*,#2768,.T.);
#1275=ORIENTED_EDGE('',*,*,#2769,.F.);
#1276=ORIENTED_EDGE('',*,*,#2770,.F.);
#1277=CARTESIAN_POINT('',(1.25,1.95,0.0));
#1278=DIRECTION('',(0.0,1.0,0.0));
#1279=DIRECTION('',(0.0,0.0,-1.0));
#1280=ORIENTED_EDGE('',*,*,#2771,.F.);
#1281=ORIENTED_EDGE('',*,*,#2768,.F.);
#1282=ORIENTED_EDGE('',*,*,#2730,.T.);
#1283=ORIENTED_EDGE('',*,*,#2770,.T.);
#1284=CARTESIAN_POINT('',(1.25,1.95,0.0));
#1285=DIRECTION('',(0.0,1.0,0.0));
#1286=DIRECTION('',(0.0,0.0,-1.0));
#1287=ORIENTED_EDGE('',*,*,#2772,.T.);
#1288=ORIENTED_EDGE('',*,*,#2773,.F.);
#1289=ORIENTED_EDGE('',*,*,#2774,.F.);
#1290=ORIENTED_EDGE('',*,*,#2771,.T.);
#1291=CARTESIAN_POINT('',(1.25,-0.1,-0.45));
#1292=DIRECTION('',(1.0,0.0,0.0));
#1293=DIRECTION('',(0.0,0.0,-1.0));
#1294=ORIENTED_EDGE('',*,*,#2774,.T.);
#1295=ORIENTED_EDGE('',*,*,#2775,.F.);
#1296=ORIENTED_EDGE('',*,*,#2772,.F.);
#1297=ORIENTED_EDGE('',*,*,#2769,.T.);
#1298=CARTESIAN_POINT('',(1.25,-0.1,-0.45));
#1299=DIRECTION('',(1.0,0.0,0.0));
#1300=DIRECTION('',(0.0,0.0,-1.0));
#1301=ORIENTED_EDGE('',*,*,#2776,.F.);
#1302=ORIENTED_EDGE('',*,*,#2775,.T.);
#1303=ORIENTED_EDGE('',*,*,#2777,.T.);
#1304=ORIENTED_EDGE('',*,*,#2778,.F.);
#1305=CARTESIAN_POINT('',(1.25,-0.55,-0.45));
#1306=DIRECTION('',(-0.0,0.0,1.0));
#1307=DIRECTION('',(0.0,1.0,0.0));
#1308=ORIENTED_EDGE('',*,*,#2779,.T.);
#1309=ORIENTED_EDGE('',*,*,#2778,.T.);
#1310=ORIENTED_EDGE('',*,*,#2780,.F.);
#1311=ORIENTED_EDGE('',*,*,#2781,.F.);
#1312=CARTESIAN_POINT('',(1.25,-0.55,-5.150000000812));
#1313=DIRECTION('',(-0.0,0.0,1.0));
#1314=DIRECTION('',(0.0,-1.0,0.0));
#1315=ORIENTED_EDGE('',*,*,#2781,.T.);
#1316=ORIENTED_EDGE('',*,*,#2782,.T.);
#1317=CARTESIAN_POINT('',(1.25,-0.55,-5.35));
#1318=DIRECTION('',(0.0,0.0,-1.0));
#1319=DIRECTION('',(0.0,-1.0,0.0));
#1320=ORIENTED_EDGE('',*,*,#2780,.T.);
#1321=ORIENTED_EDGE('',*,*,#2783,.T.);
#1322=ORIENTED_EDGE('',*,*,#2779,.F.);
#1323=ORIENTED_EDGE('',*,*,#2782,.F.);
#1324=CARTESIAN_POINT('',(1.25,-0.55,-5.150000000812));
#1325=DIRECTION('',(-0.0,0.0,1.0));
#1326=DIRECTION('',(0.0,-1.0,0.0));
#1327=ORIENTED_EDGE('',*,*,#2777,.F.);
#1328=ORIENTED_EDGE('',*,*,#2773,.T.);
#1329=ORIENTED_EDGE('',*,*,#2776,.T.);
#1330=ORIENTED_EDGE('',*,*,#2783,.F.);
#1331=CARTESIAN_POINT('',(1.25,-0.55,-0.45));
#1332=DIRECTION('',(-0.0,0.0,1.0));
#1333=DIRECTION('',(0.0,1.0,0.0));
#1334=ORIENTED_EDGE('',*,*,#2711,.F.);
#1335=ORIENTED_EDGE('',*,*,#2784,.T.);
#1336=ORIENTED_EDGE('',*,*,#2785,.F.);
#1337=ORIENTED_EDGE('',*,*,#2786,.T.);
#1338=ORIENTED_EDGE('',*,*,#2787,.F.);
#1339=CARTESIAN_POINT('',(6.25,0.0,-0.85));
#1340=DIRECTION('',(0.0,0.0,1.0));
#1341=DIRECTION('',(1.0,0.0,0.0));
#1342=ORIENTED_EDGE('',*,*,#2715,.F.);
#1343=ORIENTED_EDGE('',*,*,#2788,.T.);
#1344=ORIENTED_EDGE('',*,*,#2789,.F.);
#1345=ORIENTED_EDGE('',*,*,#2790,.F.);
#1346=ORIENTED_EDGE('',*,*,#2791,.T.);
#1347=ORIENTED_EDGE('',*,*,#2792,.F.);
#1348=CARTESIAN_POINT('',(6.25,0.0,-0.85));
#1349=DIRECTION('',(0.0,0.0,1.0));
#1350=DIRECTION('',(1.0,0.0,0.0));
#1351=ORIENTED_EDGE('',*,*,#2719,.F.);
#1352=ORIENTED_EDGE('',*,*,#2793,.T.);
#1353=ORIENTED_EDGE('',*,*,#2794,.F.);
#1354=ORIENTED_EDGE('',*,*,#2795,.F.);
#1355=ORIENTED_EDGE('',*,*,#2796,.T.);
#1356=ORIENTED_EDGE('',*,*,#2797,.F.);
#1357=CARTESIAN_POINT('',(6.25,0.0,-0.85));
#1358=DIRECTION('',(0.0,0.0,1.0));
#1359=DIRECTION('',(1.0,0.0,0.0));
#1360=ORIENTED_EDGE('',*,*,#2723,.F.);
#1361=ORIENTED_EDGE('',*,*,#2798,.T.);
#1362=ORIENTED_EDGE('',*,*,#2799,.F.);
#1363=ORIENTED_EDGE('',*,*,#2800,.F.);
#1364=ORIENTED_EDGE('',*,*,#2801,.T.);
#1365=ORIENTED_EDGE('',*,*,#2802,.F.);
#1366=CARTESIAN_POINT('',(6.25,0.0,-0.85));
#1367=DIRECTION('',(0.0,0.0,1.0));
#1368=DIRECTION('',(1.0,0.0,0.0));
#1369=ORIENTED_EDGE('',*,*,#2803,.F.);
#1370=ORIENTED_EDGE('',*,*,#2804,.F.);
#1371=ORIENTED_EDGE('',*,*,#2727,.F.);
#1372=ORIENTED_EDGE('',*,*,#2805,.T.);
#1373=ORIENTED_EDGE('',*,*,#2806,.F.);
#1374=CARTESIAN_POINT('',(6.25,0.0,-0.85));
#1375=DIRECTION('',(0.0,0.0,1.0));
#1376=DIRECTION('',(1.0,0.0,0.0));
#1377=ORIENTED_EDGE('',*,*,#2712,.F.);
#1378=ORIENTED_EDGE('',*,*,#2787,.T.);
#1379=ORIENTED_EDGE('',*,*,#2807,.T.);
#1380=ORIENTED_EDGE('',*,*,#2808,.F.);
#1381=CARTESIAN_POINT('',(-4.125,0.0,3.05));
#1382=DIRECTION('',(-1.0,0.0,0.0));
#1383=DIRECTION('',(0.0,0.0,1.0));
#1384=ORIENTED_EDGE('',*,*,#2809,.T.);
#1385=ORIENTED_EDGE('',*,*,#2810,.T.);
#1386=ORIENTED_EDGE('',*,*,#2811,.T.);
#1387=ORIENTED_EDGE('',*,*,#2812,.T.);
#1388=ORIENTED_EDGE('',*,*,#2721,.T.);
#1389=ORIENTED_EDGE('',*,*,#2813,.T.);
#1390=ORIENTED_EDGE('',*,*,#2814,.T.);
#1391=ORIENTED_EDGE('',*,*,#2815,.T.);
#1392=ORIENTED_EDGE('',*,*,#2816,.T.);
#1393=ORIENTED_EDGE('',*,*,#2817,.T.);
#1394=ORIENTED_EDGE('',*,*,#2717,.T.);
#1395=ORIENTED_EDGE('',*,*,#2818,.T.);
#1396=ORIENTED_EDGE('',*,*,#2819,.T.);
#1397=ORIENTED_EDGE('',*,*,#2820,.T.);
#1398=ORIENTED_EDGE('',*,*,#2821,.T.);
#1399=ORIENTED_EDGE('',*,*,#2822,.T.);
#1400=ORIENTED_EDGE('',*,*,#2713,.T.);
#1401=ORIENTED_EDGE('',*,*,#2808,.T.);
#1402=ORIENTED_EDGE('',*,*,#2823,.T.);
#1403=ORIENTED_EDGE('',*,*,#2824,.T.);
#1404=ORIENTED_EDGE('',*,*,#2825,.T.);
#1405=ORIENTED_EDGE('',*,*,#2826,.F.);
#1406=ORIENTED_EDGE('',*,*,#2827,.F.);
#1407=ORIENTED_EDGE('',*,*,#2828,.T.);
#1408=ORIENTED_EDGE('',*,*,#2829,.T.);
#1409=ORIENTED_EDGE('',*,*,#2830,.T.);
#1410=ORIENTED_EDGE('',*,*,#2725,.T.);
#1411=ORIENTED_EDGE('',*,*,#2831,.T.);
#1412=CARTESIAN_POINT('',(6.25,0.0,-1.85));
#1413=DIRECTION('',(0.0,0.0,-1.0));
#1414=DIRECTION('',(0.0,-1.0,0.0));
#1415=ORIENTED_EDGE('',*,*,#2802,.T.);
#1416=ORIENTED_EDGE('',*,*,#2832,.T.);
#1417=ORIENTED_EDGE('',*,*,#2831,.F.);
#1418=ORIENTED_EDGE('',*,*,#2724,.F.);
#1419=CARTESIAN_POINT('',(3.375,0.0,3.05));
#1420=DIRECTION('',(-1.0,0.0,0.0));
#1421=DIRECTION('',(0.0,0.0,1.0));
#1422=ORIENTED_EDGE('',*,*,#2801,.F.);
#1423=ORIENTED_EDGE('',*,*,#2833,.T.);
#1424=ORIENTED_EDGE('',*,*,#2834,.T.);
#1425=ORIENTED_EDGE('',*,*,#2809,.F.);
#1426=ORIENTED_EDGE('',*,*,#2832,.F.);
#1427=CARTESIAN_POINT('',(3.375,-1.0,3.05));
#1428=DIRECTION('',(-0.980580675690916,0.196116135138203,0.0));
#1429=DIRECTION('',(0.0,0.0,1.0));
#1430=ORIENTED_EDGE('',*,*,#2835,.T.);
#1431=ORIENTED_EDGE('',*,*,#2836,.T.);
#1432=ORIENTED_EDGE('',*,*,#2824,.F.);
#1433=ORIENTED_EDGE('',*,*,#2837,.F.);
#1434=CARTESIAN_POINT('',(6.25,-2.0,-1.35));
#1435=DIRECTION('',(0.0,-1.0,0.0));
#1436=DIRECTION('',(0.0,0.0,-1.0));
#1437=ORIENTED_EDGE('',*,*,#2838,.T.);
#1438=ORIENTED_EDGE('',*,*,#2839,.T.);
#1439=ORIENTED_EDGE('',*,*,#2820,.F.);
#1440=ORIENTED_EDGE('',*,*,#2840,.F.);
#1441=CARTESIAN_POINT('',(6.25,-2.0,-1.35));
#1442=DIRECTION('',(0.0,-1.0,0.0));
#1443=DIRECTION('',(0.0,0.0,-1.0));
#1444=ORIENTED_EDGE('',*,*,#2841,.T.);
#1445=ORIENTED_EDGE('',*,*,#2842,.T.);
#1446=ORIENTED_EDGE('',*,*,#2815,.F.);
#1447=ORIENTED_EDGE('',*,*,#2843,.F.);
#1448=CARTESIAN_POINT('',(6.25,-2.0,-1.35));
#1449=DIRECTION('',(0.0,-1.0,0.0));
#1450=DIRECTION('',(0.0,0.0,-1.0));
#1451=ORIENTED_EDGE('',*,*,#2844,.T.);
#1452=ORIENTED_EDGE('',*,*,#2845,.T.);
#1453=ORIENTED_EDGE('',*,*,#2810,.F.);
#1454=ORIENTED_EDGE('',*,*,#2834,.F.);
#1455=CARTESIAN_POINT('',(6.25,-2.0,-1.35));
#1456=DIRECTION('',(0.0,-1.0,0.0));
#1457=DIRECTION('',(0.0,0.0,-1.0));
#1458=ORIENTED_EDGE('',*,*,#2828,.F.);
#1459=ORIENTED_EDGE('',*,*,#2846,.F.);
#1460=ORIENTED_EDGE('',*,*,#2847,.T.);
#1461=ORIENTED_EDGE('',*,*,#2848,.T.);
#1462=CARTESIAN_POINT('',(6.25,-2.0,-1.35));
#1463=DIRECTION('',(0.0,-1.0,0.0));
#1464=DIRECTION('',(0.0,0.0,-1.0));
#1465=ORIENTED_EDGE('',*,*,#2807,.F.);
#1466=ORIENTED_EDGE('',*,*,#2786,.F.);
#1467=ORIENTED_EDGE('',*,*,#2849,.T.);
#1468=ORIENTED_EDGE('',*,*,#2837,.T.);
#1469=ORIENTED_EDGE('',*,*,#2823,.F.);
#1470=CARTESIAN_POINT('',(-4.125,-1.0,3.05));
#1471=DIRECTION('',(-0.980580675690916,0.196116135138203,0.0));
#1472=DIRECTION('',(0.0,0.0,1.0));
#1473=ORIENTED_EDGE('',*,*,#2785,.T.);
#1474=ORIENTED_EDGE('',*,*,#2850,.T.);
#1475=ORIENTED_EDGE('',*,*,#2835,.F.);
#1476=ORIENTED_EDGE('',*,*,#2849,.F.);
#1477=CARTESIAN_POINT('',(6.25,-1.5,-0.85));
#1478=DIRECTION('',(0.0,-0.707106781186548,0.707106781186548));
#1479=DIRECTION('',(-1.0,0.0,0.0));
#1480=ORIENTED_EDGE('',*,*,#2790,.T.);
#1481=ORIENTED_EDGE('',*,*,#2851,.T.);
#1482=ORIENTED_EDGE('',*,*,#2838,.F.);
#1483=ORIENTED_EDGE('',*,*,#2852,.F.);
#1484=CARTESIAN_POINT('',(6.25,-1.5,-0.85));
#1485=DIRECTION('',(0.0,-0.707106781186548,0.707106781186548));
#1486=DIRECTION('',(-1.0,0.0,0.0));
#1487=ORIENTED_EDGE('',*,*,#2795,.T.);
#1488=ORIENTED_EDGE('',*,*,#2853,.T.);
#1489=ORIENTED_EDGE('',*,*,#2841,.F.);
#1490=ORIENTED_EDGE('',*,*,#2854,.F.);
#1491=CARTESIAN_POINT('',(6.25,-1.5,-0.85));
#1492=DIRECTION('',(0.0,-0.707106781186548,0.707106781186548));
#1493=DIRECTION('',(-1.0,0.0,0.0));
#1494=ORIENTED_EDGE('',*,*,#2800,.T.);
#1495=ORIENTED_EDGE('',*,*,#2855,.T.);
#1496=ORIENTED_EDGE('',*,*,#2844,.F.);
#1497=ORIENTED_EDGE('',*,*,#2833,.F.);
#1498=CARTESIAN_POINT('',(6.25,-1.5,-0.85));
#1499=DIRECTION('',(0.0,-0.707106781186548,0.707106781186548));
#1500=DIRECTION('',(-1.0,0.0,0.0));
#1501=ORIENTED_EDGE('',*,*,#2847,.F.);
#1502=ORIENTED_EDGE('',*,*,#2856,.F.);
#1503=ORIENTED_EDGE('',*,*,#2803,.T.);
#1504=ORIENTED_EDGE('',*,*,#2857,.T.);
#1505=CARTESIAN_POINT('',(6.25,-1.5,-0.85));
#1506=DIRECTION('',(0.0,-0.707106781186548,0.707106781186548));
#1507=DIRECTION('',(-1.0,0.0,0.0));
#1508=ORIENTED_EDGE('',*,*,#2858,.T.);
#1509=ORIENTED_EDGE('',*,*,#2859,.F.);
#1510=ORIENTED_EDGE('',*,*,#2825,.F.);
#1511=ORIENTED_EDGE('',*,*,#2836,.F.);
#1512=ORIENTED_EDGE('',*,*,#2850,.F.);
#1513=ORIENTED_EDGE('',*,*,#2784,.F.);
#1514=ORIENTED_EDGE('',*,*,#2710,.T.);
#1515=CARTESIAN_POINT('',(-5.042844028747,0.0,-1.85));
#1516=DIRECTION('',(-0.707106846947694,0.0,-0.707106715425394));
#1517=DIRECTION('',(-0.707106715425394,0.0,0.707106846947694));
#1518=ORIENTED_EDGE('',*,*,#2860,.T.);
#1519=ORIENTED_EDGE('',*,*,#2861,.F.);
#1520=ORIENTED_EDGE('',*,*,#2862,.F.);
#1521=ORIENTED_EDGE('',*,*,#2863,.T.);
#1522=ORIENTED_EDGE('',*,*,#2826,.T.);
#1523=ORIENTED_EDGE('',*,*,#2859,.T.);
#1524=ORIENTED_EDGE('',*,*,#2864,.T.);
#1525=ORIENTED_EDGE('',*,*,#2865,.T.);
#1526=ORIENTED_EDGE('',*,*,#2866,.F.);
#1527=ORIENTED_EDGE('',*,*,#2867,.T.);
#1528=ORIENTED_EDGE('',*,*,#2868,.T.);
#1529=CARTESIAN_POINT('',(0.0,5.9,0.0));
#1530=DIRECTION('',(-0.0,1.0,0.0));
#1531=DIRECTION('',(1.0,0.0,0.0));
#1532=ORIENTED_EDGE('',*,*,#2869,.T.);
#1533=ORIENTED_EDGE('',*,*,#2870,.F.);
#1534=ORIENTED_EDGE('',*,*,#2871,.T.);
#1535=ORIENTED_EDGE('',*,*,#2872,.T.);
#1536=ORIENTED_EDGE('',*,*,#2873,.T.);
#1537=ORIENTED_EDGE('',*,*,#2874,.T.);
#1538=ORIENTED_EDGE('',*,*,#2875,.T.);
#1539=ORIENTED_EDGE('',*,*,#2876,.T.);
#1540=CARTESIAN_POINT('',(0.0,5.9,0.0));
#1541=DIRECTION('',(-0.0,1.0,0.0));
#1542=DIRECTION('',(1.0,0.0,0.0));
#1543=ORIENTED_EDGE('',*,*,#2877,.F.);
#1544=ORIENTED_EDGE('',*,*,#2868,.F.);
#1545=ORIENTED_EDGE('',*,*,#2878,.F.);
#1546=ORIENTED_EDGE('',*,*,#2879,.T.);
#1547=CARTESIAN_POINT('',(-0.1061163101605,5.75,-1.300772504456));
#1548=DIRECTION('',(0.0,0.707106781186548,0.707106781186548));
#1549=DIRECTION('',(1.0,0.0,-0.0));
#1550=ORIENTED_EDGE('',*,*,#2880,.F.);
#1551=ORIENTED_EDGE('',*,*,#2881,.F.);
#1552=ORIENTED_EDGE('',*,*,#2882,.T.);
#1553=ORIENTED_EDGE('',*,*,#2883,.T.);
#1554=ORIENTED_EDGE('',*,*,#2884,.F.);
#1555=ORIENTED_EDGE('',*,*,#2885,.F.);
#1556=ORIENTED_EDGE('',*,*,#2886,.T.);
#1557=ORIENTED_EDGE('',*,*,#2887,.T.);
#1558=ORIENTED_EDGE('',*,*,#2888,.F.);
#1559=ORIENTED_EDGE('',*,*,#2889,.F.);
#1560=ORIENTED_EDGE('',*,*,#2890,.F.);
#1561=ORIENTED_EDGE('',*,*,#2879,.F.);
#1562=ORIENTED_EDGE('',*,*,#2891,.T.);
#1563=ORIENTED_EDGE('',*,*,#2892,.F.);
#1564=ORIENTED_EDGE('',*,*,#2893,.T.);
#1565=ORIENTED_EDGE('',*,*,#2894,.T.);
#1566=CARTESIAN_POINT('',(4.539420008913,5.9,-1.150772504456));
#1567=DIRECTION('',(0.0,0.0,-1.0));
#1568=DIRECTION('',(0.0,-1.0,0.0));
#1569=ORIENTED_EDGE('',*,*,#2895,.T.);
#1570=ORIENTED_EDGE('',*,*,#2896,.T.);
#1571=ORIENTED_EDGE('',*,*,#2897,.T.);
#1572=ORIENTED_EDGE('',*,*,#2894,.F.);
#1573=CARTESIAN_POINT('',(0.0,5.45,0.0));
#1574=DIRECTION('',(-0.0,1.0,0.0));
#1575=DIRECTION('',(1.0,0.0,0.0));
#1576=ORIENTED_EDGE('',*,*,#2898,.T.);
#1577=ORIENTED_EDGE('',*,*,#2899,.T.);
#1578=ORIENTED_EDGE('',*,*,#2900,.T.);
#1579=ORIENTED_EDGE('',*,*,#2883,.F.);
#1580=CARTESIAN_POINT('',(0.0,5.45,0.0));
#1581=DIRECTION('',(-0.0,1.0,0.0));
#1582=DIRECTION('',(1.0,0.0,0.0));
#1583=ORIENTED_EDGE('',*,*,#2901,.T.);
#1584=ORIENTED_EDGE('',*,*,#2902,.T.);
#1585=ORIENTED_EDGE('',*,*,#2903,.T.);
#1586=ORIENTED_EDGE('',*,*,#2887,.F.);
#1587=CARTESIAN_POINT('',(0.0,5.45,0.0));
#1588=DIRECTION('',(-0.0,1.0,0.0));
#1589=DIRECTION('',(1.0,0.0,0.0));
#1590=ORIENTED_EDGE('',*,*,#2880,.T.);
#1591=ORIENTED_EDGE('',*,*,#2897,.F.);
#1592=ORIENTED_EDGE('',*,*,#2904,.F.);
#1593=ORIENTED_EDGE('',*,*,#2905,.T.);
#1594=CARTESIAN_POINT('',(-2.417093805704,1.95,-0.7923351158645));
#1595=DIRECTION('',(0.800000059676896,0.0,0.599999920430797));
#1596=DIRECTION('',(0.0,-1.0,0.0));
#1597=ORIENTED_EDGE('',*,*,#2892,.T.);
#1598=ORIENTED_EDGE('',*,*,#2906,.T.);
#1599=ORIENTED_EDGE('',*,*,#2907,.T.);
#1600=ORIENTED_EDGE('',*,*,#2908,.F.);
#1601=ORIENTED_EDGE('',*,*,#2909,.T.);
#1602=ORIENTED_EDGE('',*,*,#2910,.T.);
#1603=ORIENTED_EDGE('',*,*,#2911,.T.);
#1604=ORIENTED_EDGE('',*,*,#2912,.T.);
#1605=ORIENTED_EDGE('',*,*,#2913,.T.);
#1606=ORIENTED_EDGE('',*,*,#2914,.T.);
#1607=ORIENTED_EDGE('',*,*,#2889,.T.);
#1608=ORIENTED_EDGE('',*,*,#2915,.F.);
#1609=ORIENTED_EDGE('',*,*,#2916,.F.);
#1610=ORIENTED_EDGE('',*,*,#2917,.F.);
#1611=ORIENTED_EDGE('',*,*,#2885,.T.);
#1612=ORIENTED_EDGE('',*,*,#2918,.F.);
#1613=ORIENTED_EDGE('',*,*,#2919,.F.);
#1614=ORIENTED_EDGE('',*,*,#2920,.F.);
#1615=ORIENTED_EDGE('',*,*,#2881,.T.);
#1616=ORIENTED_EDGE('',*,*,#2905,.F.);
#1617=ORIENTED_EDGE('',*,*,#2921,.F.);
#1618=ORIENTED_EDGE('',*,*,#2922,.F.);
#1619=ORIENTED_EDGE('',*,*,#2923,.F.);
#1620=ORIENTED_EDGE('',*,*,#2924,.F.);
#1621=ORIENTED_EDGE('',*,*,#2925,.F.);
#1622=ORIENTED_EDGE('',*,*,#2926,.F.);
#1623=ORIENTED_EDGE('',*,*,#2927,.F.);
#1624=ORIENTED_EDGE('',*,*,#2928,.F.);
#1625=ORIENTED_EDGE('',*,*,#2929,.F.);
#1626=ORIENTED_EDGE('',*,*,#2930,.F.);
#1627=CARTESIAN_POINT('',(0.0,1.95,0.0));
#1628=DIRECTION('',(-0.0,1.0,0.0));
#1629=DIRECTION('',(1.0,0.0,0.0));
#1630=ORIENTED_EDGE('',*,*,#2931,.T.);
#1631=ORIENTED_EDGE('',*,*,#2895,.F.);
#1632=ORIENTED_EDGE('',*,*,#2893,.F.);
#1633=ORIENTED_EDGE('',*,*,#2922,.T.);
#1634=CARTESIAN_POINT('',(-2.846275178253,1.95,-1.150772504456));
#1635=DIRECTION('',(-0.800000059676896,0.0,0.599999920430797));
#1636=DIRECTION('',(0.0,1.0,0.0));
#1637=ORIENTED_EDGE('',*,*,#2904,.T.);
#1638=ORIENTED_EDGE('',*,*,#2896,.F.);
#1639=ORIENTED_EDGE('',*,*,#2931,.F.);
#1640=ORIENTED_EDGE('',*,*,#2921,.T.);
#1641=CARTESIAN_POINT('',(-2.497270499109,1.95,-0.8524676234578));
#1642=DIRECTION('',(0.0,-1.0,0.0));
#1643=DIRECTION('',(1.0,0.0,0.0));
#1644=ORIENTED_EDGE('',*,*,#2932,.T.);
#1645=ORIENTED_EDGE('',*,*,#2898,.F.);
#1646=ORIENTED_EDGE('',*,*,#2882,.F.);
#1647=ORIENTED_EDGE('',*,*,#2920,.T.);
#1648=CARTESIAN_POINT('',(-0.3513629679146,1.95,-1.150772504456));
#1649=DIRECTION('',(-0.800000059676764,0.0,0.599999920430973));
#1650=DIRECTION('',(0.0,1.0,0.0));
#1651=ORIENTED_EDGE('',*,*,#2933,.T.);
#1652=ORIENTED_EDGE('',*,*,#2899,.F.);
#1653=ORIENTED_EDGE('',*,*,#2932,.F.);
#1654=ORIENTED_EDGE('',*,*,#2919,.T.);
#1655=CARTESIAN_POINT('',(-0.002358177361884,1.95,-0.852467707014));
#1656=DIRECTION('',(0.0,-1.0,0.0));
#1657=DIRECTION('',(1.0,0.0,0.0));
#1658=ORIENTED_EDGE('',*,*,#2884,.T.);
#1659=ORIENTED_EDGE('',*,*,#2900,.F.);
#1660=ORIENTED_EDGE('',*,*,#2933,.F.);
#1661=ORIENTED_EDGE('',*,*,#2918,.T.);
#1662=CARTESIAN_POINT('',(0.07781862745099,1.95,-0.7923351158645));
#1663=DIRECTION('',(0.800000059676896,0.0,0.599999920430797));
#1664=DIRECTION('',(0.0,-1.0,0.0));
#1665=ORIENTED_EDGE('',*,*,#2934,.T.);
#1666=ORIENTED_EDGE('',*,*,#2901,.F.);
#1667=ORIENTED_EDGE('',*,*,#2886,.F.);
#1668=ORIENTED_EDGE('',*,*,#2917,.T.);
#1669=CARTESIAN_POINT('',(2.143549465241,1.95,-1.150772504456));
#1670=DIRECTION('',(-0.794951227230099,0.0,0.606673344004299));
#1671=DIRECTION('',(0.0,1.0,0.0));
#1672=ORIENTED_EDGE('',*,*,#2935,.T.);
#1673=ORIENTED_EDGE('',*,*,#2902,.F.);
#1674=ORIENTED_EDGE('',*,*,#2934,.F.);
#1675=ORIENTED_EDGE('',*,*,#2916,.T.);
#1676=CARTESIAN_POINT('',(2.494912433155,1.95,-0.8517230195803));
#1677=DIRECTION('',(0.0,-1.0,0.0));
#1678=DIRECTION('',(1.0,0.0,0.0));
#1679=ORIENTED_EDGE('',*,*,#2888,.T.);
#1680=ORIENTED_EDGE('',*,*,#2903,.F.);
#1681=ORIENTED_EDGE('',*,*,#2935,.F.);
#1682=ORIENTED_EDGE('',*,*,#2915,.T.);
#1683=CARTESIAN_POINT('',(2.572731060606,1.95,-0.7923351158645));
#1684=DIRECTION('',(0.794951465555129,0.0,0.606673031716222));
#1685=DIRECTION('',(0.0,-1.0,0.0));
#1686=ORIENTED_EDGE('',*,*,#2914,.F.);
#1687=ORIENTED_EDGE('',*,*,#2936,.F.);
#1688=ORIENTED_EDGE('',*,*,#2860,.F.);
#1689=ORIENTED_EDGE('',*,*,#2877,.T.);
#1690=ORIENTED_EDGE('',*,*,#2890,.T.);
#1691=CARTESIAN_POINT('',(5.55,5.9,-0.140192513369));
#1692=DIRECTION('',(0.707106781186598,0.0,-0.707106781186498));
#1693=DIRECTION('',(0.0,-1.0,0.0));
#1694=ORIENTED_EDGE('',*,*,#2937,.T.);
#1695=ORIENTED_EDGE('',*,*,#2938,.T.);
#1696=ORIENTED_EDGE('',*,*,#2939,.T.);
#1697=ORIENTED_EDGE('',*,*,#2861,.T.);
#1698=ORIENTED_EDGE('',*,*,#2936,.T.);
#1699=ORIENTED_EDGE('',*,*,#2913,.F.);
#1700=ORIENTED_EDGE('',*,*,#2940,.T.);
#1701=CARTESIAN_POINT('',(5.55,5.9,2.343991310161));
#1702=DIRECTION('',(1.0,0.0,0.0));
#1703=DIRECTION('',(0.0,1.0,0.0));
#1704=ORIENTED_EDGE('',*,*,#2941,.T.);
#1705=ORIENTED_EDGE('',*,*,#2942,.T.);
#1706=ORIENTED_EDGE('',*,*,#2943,.T.);
#1707=ORIENTED_EDGE('',*,*,#2944,.F.);
#1708=ORIENTED_EDGE('',*,*,#2911,.F.);
#1709=ORIENTED_EDGE('',*,*,#2945,.F.);
#1710=ORIENTED_EDGE('',*,*,#2946,.T.);
#1711=ORIENTED_EDGE('',*,*,#2875,.F.);
#1712=CARTESIAN_POINT('',(5.55,5.9,2.343991310161));
#1713=DIRECTION('',(1.0,0.0,0.0));
#1714=DIRECTION('',(0.0,1.0,0.0));
#1715=ORIENTED_EDGE('',*,*,#2947,.T.);
#1716=ORIENTED_EDGE('',*,*,#2940,.F.);
#1717=ORIENTED_EDGE('',*,*,#2948,.F.);
#1718=ORIENTED_EDGE('',*,*,#2704,.F.);
#1719=ORIENTED_EDGE('',*,*,#2949,.T.);
#1720=CARTESIAN_POINT('',(6.25,0.0,-0.05));
#1721=DIRECTION('',(0.0,0.0,-1.0));
#1722=DIRECTION('',(0.0,-1.0,0.0));
#1723=ORIENTED_EDGE('',*,*,#2873,.F.);
#1724=ORIENTED_EDGE('',*,*,#2950,.F.);
#1725=ORIENTED_EDGE('',*,*,#2951,.T.);
#1726=ORIENTED_EDGE('',*,*,#2952,.T.);
#1727=ORIENTED_EDGE('',*,*,#2953,.F.);
#1728=ORIENTED_EDGE('',*,*,#2954,.F.);
#1729=ORIENTED_EDGE('',*,*,#2955,.F.);
#1730=CARTESIAN_POINT('',(6.25,0.0,3.05));
#1731=DIRECTION('',(1.0,0.0,0.0));
#1732=DIRECTION('',(0.0,1.0,0.0));
#1733=ORIENTED_EDGE('',*,*,#2863,.F.);
#1734=ORIENTED_EDGE('',*,*,#2956,.F.);
#1735=ORIENTED_EDGE('',*,*,#2957,.F.);
#1736=ORIENTED_EDGE('',*,*,#2958,.F.);
#1737=ORIENTED_EDGE('',*,*,#2949,.F.);
#1738=ORIENTED_EDGE('',*,*,#2703,.T.);
#1739=ORIENTED_EDGE('',*,*,#2804,.T.);
#1740=ORIENTED_EDGE('',*,*,#2856,.T.);
#1741=ORIENTED_EDGE('',*,*,#2846,.T.);
#1742=ORIENTED_EDGE('',*,*,#2827,.T.);
#1743=CARTESIAN_POINT('',(6.25,0.0,3.05));
#1744=DIRECTION('',(1.0,0.0,0.0));
#1745=DIRECTION('',(0.0,1.0,0.0));
#1746=ORIENTED_EDGE('',*,*,#2955,.T.);
#1747=ORIENTED_EDGE('',*,*,#2959,.T.);
#1748=ORIENTED_EDGE('',*,*,#2941,.F.);
#1749=ORIENTED_EDGE('',*,*,#2874,.F.);
#1750=CARTESIAN_POINT('',(6.25,5.9,1.699621984225));
#1751=DIRECTION('',(0.0,-0.703747766255319,0.710449914836119));
#1752=DIRECTION('',(-1.0,0.0,0.0));
#1753=ORIENTED_EDGE('',*,*,#2960,.T.);
#1754=ORIENTED_EDGE('',*,*,#2942,.F.);
#1755=ORIENTED_EDGE('',*,*,#2959,.F.);
#1756=ORIENTED_EDGE('',*,*,#2954,.T.);
#1757=CARTESIAN_POINT('',(6.25,5.39070855615,1.195135026738));
#1758=DIRECTION('',(0.0,0.0,1.0));
#1759=DIRECTION('',(1.0,0.0,0.0));
#1760=ORIENTED_EDGE('',*,*,#2961,.T.);
#1761=ORIENTED_EDGE('',*,*,#2943,.F.);
#1762=ORIENTED_EDGE('',*,*,#2960,.F.);
#1763=ORIENTED_EDGE('',*,*,#2953,.T.);
#1764=CARTESIAN_POINT('',(6.25,4.890782976827,1.195135026738));
#1765=DIRECTION('',(-0.0,1.0,0.0));
#1766=DIRECTION('',(1.0,0.0,0.0));
#1767=ORIENTED_EDGE('',*,*,#2962,.T.);
#1768=ORIENTED_EDGE('',*,*,#2963,.F.);
#1769=ORIENTED_EDGE('',*,*,#2944,.T.);
#1770=ORIENTED_EDGE('',*,*,#2961,.F.);
#1771=ORIENTED_EDGE('',*,*,#2952,.F.);
#1772=CARTESIAN_POINT('',(6.25,4.890782976827,2.05));
#1773=DIRECTION('',(0.0,0.0,1.0));
#1774=DIRECTION('',(1.0,0.0,0.0));
#1775=ORIENTED_EDGE('',*,*,#2948,.T.);
#1776=ORIENTED_EDGE('',*,*,#2912,.F.);
#1777=ORIENTED_EDGE('',*,*,#2963,.T.);
#1778=ORIENTED_EDGE('',*,*,#2964,.F.);
#1779=ORIENTED_EDGE('',*,*,#2705,.T.);
#1780=CARTESIAN_POINT('',(5.55,0.0,0.0));
#1781=DIRECTION('',(1.0,0.0,0.0));
#1782=DIRECTION('',(0.0,1.0,0.0));
#1783=ORIENTED_EDGE('',*,*,#2706,.T.);
#1784=ORIENTED_EDGE('',*,*,#2964,.T.);
#1785=ORIENTED_EDGE('',*,*,#2965,.T.);
#1786=ORIENTED_EDGE('',*,*,#2966,.F.);
#1787=CARTESIAN_POINT('',(6.25,0.0,2.05));
#1788=DIRECTION('',(0.0,0.0,-1.0));
#1789=DIRECTION('',(0.0,-1.0,0.0));
#1790=ORIENTED_EDGE('',*,*,#2707,.F.);
#1791=ORIENTED_EDGE('',*,*,#2966,.T.);
#1792=ORIENTED_EDGE('',*,*,#2967,.F.);
#1793=ORIENTED_EDGE('',*,*,#2908,.T.);
#1794=ORIENTED_EDGE('',*,*,#2968,.F.);
#1795=ORIENTED_EDGE('',*,*,#2969,.F.);
#1796=ORIENTED_EDGE('',*,*,#2970,.F.);
#1797=ORIENTED_EDGE('',*,*,#2971,.F.);
#1798=ORIENTED_EDGE('',*,*,#2972,.T.);
#1799=ORIENTED_EDGE('',*,*,#2973,.F.);
#1800=ORIENTED_EDGE('',*,*,#2974,.F.);
#1801=ORIENTED_EDGE('',*,*,#2975,.F.);
#1802=ORIENTED_EDGE('',*,*,#2976,.F.);
#1803=ORIENTED_EDGE('',*,*,#2696,.F.);
#1804=ORIENTED_EDGE('',*,*,#2977,.F.);
#1805=ORIENTED_EDGE('',*,*,#2978,.F.);
#1806=ORIENTED_EDGE('',*,*,#2979,.F.);
#1807=ORIENTED_EDGE('',*,*,#2980,.F.);
#1808=ORIENTED_EDGE('',*,*,#2981,.F.);
#1809=ORIENTED_EDGE('',*,*,#2982,.F.);
#1810=ORIENTED_EDGE('',*,*,#2983,.F.);
#1811=ORIENTED_EDGE('',*,*,#2984,.F.);
#1812=ORIENTED_EDGE('',*,*,#2985,.F.);
#1813=ORIENTED_EDGE('',*,*,#2986,.F.);
#1814=ORIENTED_EDGE('',*,*,#2987,.F.);
#1815=ORIENTED_EDGE('',*,*,#2988,.F.);
#1816=ORIENTED_EDGE('',*,*,#2989,.F.);
#1817=ORIENTED_EDGE('',*,*,#2990,.F.);
#1818=ORIENTED_EDGE('',*,*,#2991,.F.);
#1819=ORIENTED_EDGE('',*,*,#2992,.F.);
#1820=ORIENTED_EDGE('',*,*,#2993,.F.);
#1821=ORIENTED_EDGE('',*,*,#2994,.F.);
#1822=ORIENTED_EDGE('',*,*,#2995,.F.);
#1823=ORIENTED_EDGE('',*,*,#2996,.F.);
#1824=ORIENTED_EDGE('',*,*,#2997,.F.);
#1825=ORIENTED_EDGE('',*,*,#2998,.F.);
#1826=ORIENTED_EDGE('',*,*,#2999,.F.);
#1827=ORIENTED_EDGE('',*,*,#3000,.F.);
#1828=ORIENTED_EDGE('',*,*,#3001,.F.);
#1829=ORIENTED_EDGE('',*,*,#3002,.F.);
#1830=ORIENTED_EDGE('',*,*,#3003,.F.);
#1831=ORIENTED_EDGE('',*,*,#3004,.F.);
#1832=ORIENTED_EDGE('',*,*,#3005,.F.);
#1833=ORIENTED_EDGE('',*,*,#3006,.F.);
#1834=ORIENTED_EDGE('',*,*,#3007,.F.);
#1835=ORIENTED_EDGE('',*,*,#3008,.F.);
#1836=ORIENTED_EDGE('',*,*,#3009,.F.);
#1837=ORIENTED_EDGE('',*,*,#3010,.F.);
#1838=ORIENTED_EDGE('',*,*,#3011,.F.);
#1839=ORIENTED_EDGE('',*,*,#3012,.F.);
#1840=ORIENTED_EDGE('',*,*,#3013,.T.);
#1841=ORIENTED_EDGE('',*,*,#2702,.T.);
#1842=CARTESIAN_POINT('',(-5.55,0.0,0.0));
#1843=DIRECTION('',(1.0,0.0,0.0));
#1844=DIRECTION('',(0.0,1.0,0.0));
#1845=ORIENTED_EDGE('',*,*,#3014,.T.);
#1846=ORIENTED_EDGE('',*,*,#3015,.F.);
#1847=ORIENTED_EDGE('',*,*,#3016,.F.);
#1848=ORIENTED_EDGE('',*,*,#2708,.T.);
#1849=ORIENTED_EDGE('',*,*,#2968,.T.);
#1850=CARTESIAN_POINT('',(-6.25,0.0,-0.05));
#1851=DIRECTION('',(0.0,0.0,1.0));
#1852=DIRECTION('',(1.0,0.0,0.0));
#1853=ORIENTED_EDGE('',*,*,#2864,.F.);
#1854=ORIENTED_EDGE('',*,*,#2858,.F.);
#1855=ORIENTED_EDGE('',*,*,#2709,.T.);
#1856=ORIENTED_EDGE('',*,*,#3016,.T.);
#1857=ORIENTED_EDGE('',*,*,#3017,.T.);
#1858=ORIENTED_EDGE('',*,*,#3018,.T.);
#1859=ORIENTED_EDGE('',*,*,#3019,.T.);
#1860=CARTESIAN_POINT('',(-6.25,0.0,-0.6428438042155));
#1861=DIRECTION('',(-1.0,0.0,0.0));
#1862=DIRECTION('',(0.0,0.0,1.0));
#1863=ORIENTED_EDGE('',*,*,#3020,.T.);
#1864=ORIENTED_EDGE('',*,*,#3021,.T.);
#1865=ORIENTED_EDGE('',*,*,#3022,.F.);
#1866=ORIENTED_EDGE('',*,*,#3023,.F.);
#1867=ORIENTED_EDGE('',*,*,#3024,.T.);
#1868=ORIENTED_EDGE('',*,*,#2871,.F.);
#1869=ORIENTED_EDGE('',*,*,#3025,.T.);
#1870=CARTESIAN_POINT('',(-6.25,0.0,-0.6428438042155));
#1871=DIRECTION('',(-1.0,0.0,0.0));
#1872=DIRECTION('',(0.0,0.0,1.0));
#1873=ORIENTED_EDGE('',*,*,#3026,.T.);
#1874=ORIENTED_EDGE('',*,*,#2865,.F.);
#1875=ORIENTED_EDGE('',*,*,#3019,.F.);
#1876=ORIENTED_EDGE('',*,*,#3027,.T.);
#1877=CARTESIAN_POINT('',(-6.25,5.39070855615,0.9951350267379));
#1878=DIRECTION('',(0.0,0.710449914836119,0.703747766255319));
#1879=DIRECTION('',(1.0,0.0,-0.0));
#1880=ORIENTED_EDGE('',*,*,#3028,.T.);
#1881=ORIENTED_EDGE('',*,*,#3027,.F.);
#1882=ORIENTED_EDGE('',*,*,#3018,.F.);
#1883=ORIENTED_EDGE('',*,*,#3029,.T.);
#1884=CARTESIAN_POINT('',(-6.25,4.890782976827,0.9951350267379));
#1885=DIRECTION('',(0.0,0.0,1.0));
#1886=DIRECTION('',(1.0,0.0,0.0));
#1887=ORIENTED_EDGE('',*,*,#3030,.T.);
#1888=ORIENTED_EDGE('',*,*,#3029,.F.);
#1889=ORIENTED_EDGE('',*,*,#3017,.F.);
#1890=ORIENTED_EDGE('',*,*,#3015,.T.);
#1891=CARTESIAN_POINT('',(-6.25,4.890782976827,-0.05));
#1892=DIRECTION('',(0.0,-1.0,0.0));
#1893=DIRECTION('',(0.0,0.0,-1.0));
#1894=ORIENTED_EDGE('',*,*,#3028,.F.);
#1895=ORIENTED_EDGE('',*,*,#3030,.F.);
#1896=ORIENTED_EDGE('',*,*,#3014,.F.);
#1897=ORIENTED_EDGE('',*,*,#2907,.F.);
#1898=ORIENTED_EDGE('',*,*,#3031,.F.);
#1899=ORIENTED_EDGE('',*,*,#2866,.T.);
#1900=ORIENTED_EDGE('',*,*,#3026,.F.);
#1901=CARTESIAN_POINT('',(-5.55,5.9,-0.3571772762088));
#1902=DIRECTION('',(-1.0,0.0,0.0));
#1903=DIRECTION('',(0.0,0.0,1.0));
#1904=ORIENTED_EDGE('',*,*,#2909,.F.);
#1905=ORIENTED_EDGE('',*,*,#3032,.T.);
#1906=ORIENTED_EDGE('',*,*,#3033,.F.);
#1907=ORIENTED_EDGE('',*,*,#3034,.F.);
#1908=ORIENTED_EDGE('',*,*,#3035,.F.);
#1909=ORIENTED_EDGE('',*,*,#2869,.F.);
#1910=ORIENTED_EDGE('',*,*,#3036,.T.);
#1911=ORIENTED_EDGE('',*,*,#3037,.T.);
#1912=CARTESIAN_POINT('',(-5.55,5.9,-0.3571772762088));
#1913=DIRECTION('',(-1.0,0.0,0.0));
#1914=DIRECTION('',(0.0,0.0,1.0));
#1915=ORIENTED_EDGE('',*,*,#3031,.T.);
#1916=ORIENTED_EDGE('',*,*,#2906,.F.);
#1917=ORIENTED_EDGE('',*,*,#2891,.F.);
#1918=ORIENTED_EDGE('',*,*,#2878,.T.);
#1919=ORIENTED_EDGE('',*,*,#2867,.F.);
#1920=CARTESIAN_POINT('',(-4.751652629234,5.9,-1.150772504456));
#1921=DIRECTION('',(-0.704992840264303,0.0,-0.709214421156303));
#1922=DIRECTION('',(-0.709214421156303,0.0,0.704992840264303));
#1923=ORIENTED_EDGE('',*,*,#2945,.T.);
#1924=ORIENTED_EDGE('',*,*,#2910,.F.);
#1925=ORIENTED_EDGE('',*,*,#3037,.F.);
#1926=ORIENTED_EDGE('',*,*,#3038,.F.);
#1927=CARTESIAN_POINT('',(-5.55,5.9,2.343991310161));
#1928=DIRECTION('',(0.0,0.0,1.0));
#1929=DIRECTION('',(1.0,0.0,0.0));
#1930=ORIENTED_EDGE('',*,*,#3036,.F.);
#1931=ORIENTED_EDGE('',*,*,#2876,.F.);
#1932=ORIENTED_EDGE('',*,*,#2946,.F.);
#1933=ORIENTED_EDGE('',*,*,#3038,.T.);
#1934=CARTESIAN_POINT('',(0.0,5.75,2.493991310161));
#1935=DIRECTION('',(0.0,0.707106781186548,-0.707106781186548));
#1936=DIRECTION('',(-1.0,0.0,0.0));
#1937=ORIENTED_EDGE('',*,*,#3025,.F.);
#1938=ORIENTED_EDGE('',*,*,#2870,.T.);
#1939=ORIENTED_EDGE('',*,*,#3035,.T.);
#1940=ORIENTED_EDGE('',*,*,#3039,.F.);
#1941=CARTESIAN_POINT('',(-6.25,5.9,1.699621984225));
#1942=DIRECTION('',(0.0,0.703747766255319,-0.710449914836119));
#1943=DIRECTION('',(-1.0,0.0,0.0));
#1944=ORIENTED_EDGE('',*,*,#3034,.T.);
#1945=ORIENTED_EDGE('',*,*,#3040,.F.);
#1946=ORIENTED_EDGE('',*,*,#3020,.F.);
#1947=ORIENTED_EDGE('',*,*,#3039,.T.);
#1948=CARTESIAN_POINT('',(-6.25,5.39070855615,1.195135026738));
#1949=DIRECTION('',(0.0,0.0,-1.0));
#1950=DIRECTION('',(0.0,-1.0,0.0));
#1951=ORIENTED_EDGE('',*,*,#3033,.T.);
#1952=ORIENTED_EDGE('',*,*,#3041,.F.);
#1953=ORIENTED_EDGE('',*,*,#3021,.F.);
#1954=ORIENTED_EDGE('',*,*,#3040,.T.);
#1955=CARTESIAN_POINT('',(-6.25,4.890782976827,1.195135026738));
#1956=DIRECTION('',(0.0,-1.0,0.0));
#1957=DIRECTION('',(0.0,0.0,-1.0));
#1958=ORIENTED_EDGE('',*,*,#3042,.F.);
#1959=ORIENTED_EDGE('',*,*,#3022,.T.);
#1960=ORIENTED_EDGE('',*,*,#3041,.T.);
#1961=ORIENTED_EDGE('',*,*,#3032,.F.);
#1962=ORIENTED_EDGE('',*,*,#2967,.T.);
#1963=CARTESIAN_POINT('',(-6.25,4.890782976827,2.05));
#1964=DIRECTION('',(0.0,0.0,-1.0));
#1965=DIRECTION('',(0.0,-1.0,0.0));
#1966=ORIENTED_EDGE('',*,*,#2965,.F.);
#1967=ORIENTED_EDGE('',*,*,#2962,.F.);
#1968=ORIENTED_EDGE('',*,*,#2951,.F.);
#1969=ORIENTED_EDGE('',*,*,#3043,.F.);
#1970=ORIENTED_EDGE('',*,*,#3023,.T.);
#1971=ORIENTED_EDGE('',*,*,#3042,.T.);
#1972=CARTESIAN_POINT('',(6.25,0.8960933600713,2.05));
#1973=DIRECTION('',(-0.0,1.0,0.0));
#1974=DIRECTION('',(1.0,0.0,0.0));
#1975=ORIENTED_EDGE('',*,*,#3043,.T.);
#1976=ORIENTED_EDGE('',*,*,#2950,.T.);
#1977=ORIENTED_EDGE('',*,*,#2872,.F.);
#1978=ORIENTED_EDGE('',*,*,#3024,.F.);
#1979=CARTESIAN_POINT('',(-6.25,0.0,3.05));
#1980=DIRECTION('',(0.0,0.0,1.0));
#1981=DIRECTION('',(1.0,0.0,0.0));
#1982=ORIENTED_EDGE('',*,*,#2699,.T.);
#1983=ORIENTED_EDGE('',*,*,#3013,.F.);
#1984=ORIENTED_EDGE('',*,*,#3044,.T.);
#1985=ORIENTED_EDGE('',*,*,#3045,.F.);
#1986=CARTESIAN_POINT('',(-5.55,1.012787072643,1.465966364145));
#1987=DIRECTION('',(1.0,-0.0,0.0));
#1988=DIRECTION('',(0.0,0.0,1.0));
#1989=ORIENTED_EDGE('',*,*,#2701,.T.);
#1990=ORIENTED_EDGE('',*,*,#3046,.F.);
#1991=ORIENTED_EDGE('',*,*,#3047,.F.);
#1992=ORIENTED_EDGE('',*,*,#2969,.T.);
#1993=CARTESIAN_POINT('',(-5.55,1.030787072643,1.382942656762));
#1994=DIRECTION('',(0.0,-1.0,0.0));
#1995=DIRECTION('',(0.0,0.0,-1.0));
#1996=ORIENTED_EDGE('',*,*,#3047,.T.);
#1997=ORIENTED_EDGE('',*,*,#3048,.F.);
#1998=ORIENTED_EDGE('',*,*,#3049,.F.);
#1999=ORIENTED_EDGE('',*,*,#2970,.T.);
#2000=CARTESIAN_POINT('',(-5.55,1.092787072643,1.394957141687));
#2001=DIRECTION('',(0.0,0.190242980997096,-0.981737036166681));
#2002=DIRECTION('',(-1.0,0.0,0.0));
#2003=ORIENTED_EDGE('',*,*,#3049,.T.);
#2004=ORIENTED_EDGE('',*,*,#3050,.F.);
#2005=ORIENTED_EDGE('',*,*,#3051,.F.);
#2006=ORIENTED_EDGE('',*,*,#2971,.T.);
#2007=CARTESIAN_POINT('',(-5.55,1.092787072643,1.478358436093));
#2008=DIRECTION('',(-0.0,1.0,0.0));
#2009=DIRECTION('',(1.0,0.0,0.0));
#2010=ORIENTED_EDGE('',*,*,#3051,.T.);
#2011=ORIENTED_EDGE('',*,*,#3052,.F.);
#2012=ORIENTED_EDGE('',*,*,#3053,.F.);
#2013=ORIENTED_EDGE('',*,*,#2972,.F.);
#2014=CARTESIAN_POINT('',(-5.55,1.118787072643,1.478358436093));
#2015=DIRECTION('',(1.0,-0.0,0.0));
#2016=DIRECTION('',(0.0,0.0,1.0));
#2017=ORIENTED_EDGE('',*,*,#3053,.T.);
#2018=ORIENTED_EDGE('',*,*,#3054,.F.);
#2019=ORIENTED_EDGE('',*,*,#3055,.F.);
#2020=ORIENTED_EDGE('',*,*,#2973,.T.);
#2021=CARTESIAN_POINT('',(-5.55,1.172787072643,1.515306335212));
#2022=DIRECTION('',(0.0,0.190242980997096,-0.981737036166681));
#2023=DIRECTION('',(-1.0,0.0,0.0));
#2024=ORIENTED_EDGE('',*,*,#3055,.T.);
#2025=ORIENTED_EDGE('',*,*,#3056,.F.);
#2026=ORIENTED_EDGE('',*,*,#3057,.F.);
#2027=ORIENTED_EDGE('',*,*,#2974,.T.);
#2028=CARTESIAN_POINT('',(-5.55,1.172787072643,1.410459702882));
#2029=DIRECTION('',(0.0,-1.0,0.0));
#2030=DIRECTION('',(0.0,0.0,-1.0));
#2031=ORIENTED_EDGE('',*,*,#3057,.T.);
#2032=ORIENTED_EDGE('',*,*,#3058,.F.);
#2033=ORIENTED_EDGE('',*,*,#3059,.F.);
#2034=ORIENTED_EDGE('',*,*,#2975,.T.);
#2035=CARTESIAN_POINT('',(-5.55,1.234787072643,1.422474187807));
#2036=DIRECTION('',(0.0,0.190242980997096,-0.981737036166681));
#2037=DIRECTION('',(-1.0,0.0,0.0));
#2038=ORIENTED_EDGE('',*,*,#3059,.T.);
#2039=ORIENTED_EDGE('',*,*,#3060,.F.);
#2040=ORIENTED_EDGE('',*,*,#2697,.F.);
#2041=ORIENTED_EDGE('',*,*,#2976,.T.);
#2042=CARTESIAN_POINT('',(-5.55,1.234787072643,1.544403568474));
#2043=DIRECTION('',(-0.0,1.0,0.0));
#2044=DIRECTION('',(1.0,0.0,0.0));
#2045=ORIENTED_EDGE('',*,*,#2695,.T.);
#2046=ORIENTED_EDGE('',*,*,#3061,.F.);
#2047=ORIENTED_EDGE('',*,*,#3062,.F.);
#2048=ORIENTED_EDGE('',*,*,#2977,.T.);
#2049=CARTESIAN_POINT('',(-5.55,1.196787072643,1.544403568474));
#2050=DIRECTION('',(1.0,-0.0,0.0));
#2051=DIRECTION('',(0.0,0.0,1.0));
#2052=ORIENTED_EDGE('',*,*,#3062,.T.);
#2053=ORIENTED_EDGE('',*,*,#3063,.F.);
#2054=ORIENTED_EDGE('',*,*,#3064,.F.);
#2055=ORIENTED_EDGE('',*,*,#2978,.T.);
#2056=CARTESIAN_POINT('',(-5.55,1.110037692864,1.566300001633));
#2057=DIRECTION('',(0.0,-0.190242980997096,0.981737036166681));
#2058=DIRECTION('',(-1.0,0.0,0.0));
#2059=ORIENTED_EDGE('',*,*,#3064,.T.);
#2060=ORIENTED_EDGE('',*,*,#3065,.F.);
#2061=ORIENTED_EDGE('',*,*,#3066,.F.);
#2062=ORIENTED_EDGE('',*,*,#2979,.T.);
#2063=CARTESIAN_POINT('',(-5.55,1.062787072643,1.507873312609));
#2064=DIRECTION('',(0.0,-0.777551808550099,0.628818880935099));
#2065=DIRECTION('',(-1.0,0.0,0.0));
#2066=ORIENTED_EDGE('',*,*,#3066,.T.);
#2067=ORIENTED_EDGE('',*,*,#3067,.F.);
#2068=ORIENTED_EDGE('',*,*,#3068,.F.);
#2069=ORIENTED_EDGE('',*,*,#2980,.T.);
#2070=CARTESIAN_POINT('',(-5.55,1.011305128479,1.547167406367));
#2071=DIRECTION('',(0.0,0.606724464111908,0.794912211912811));
#2072=DIRECTION('',(1.0,-0.0,0.0));
#2073=ORIENTED_EDGE('',*,*,#3068,.T.);
#2074=ORIENTED_EDGE('',*,*,#3069,.F.);
#2075=ORIENTED_EDGE('',*,*,#3070,.F.);
#2076=ORIENTED_EDGE('',*,*,#2981,.T.);
#2077=CARTESIAN_POINT('',(-5.55,0.893362698985,1.524312284734));
#2078=DIRECTION('',(0.0,-0.190242980997096,0.981737036166681));
#2079=DIRECTION('',(-1.0,0.0,0.0));
#2080=ORIENTED_EDGE('',*,*,#3070,.T.);
#2081=ORIENTED_EDGE('',*,*,#3071,.F.);
#2082=ORIENTED_EDGE('',*,*,#3072,.F.);
#2083=ORIENTED_EDGE('',*,*,#2982,.T.);
#2084=CARTESIAN_POINT('',(-5.55,0.896787072643,1.506641018083));
#2085=DIRECTION('',(1.0,-0.0,0.0));
#2086=DIRECTION('',(0.0,0.0,1.0));
#2087=ORIENTED_EDGE('',*,*,#3072,.T.);
#2088=ORIENTED_EDGE('',*,*,#3073,.F.);
#2089=ORIENTED_EDGE('',*,*,#3074,.F.);
#2090=ORIENTED_EDGE('',*,*,#2983,.T.);
#2091=CARTESIAN_POINT('',(-5.55,0.878787072643,1.124790120314));
#2092=DIRECTION('',(0.0,-1.0,0.0));
#2093=DIRECTION('',(0.0,0.0,-1.0));
#2094=ORIENTED_EDGE('',*,*,#3074,.T.);
#2095=ORIENTED_EDGE('',*,*,#3075,.F.);
#2096=ORIENTED_EDGE('',*,*,#3076,.F.);
#2097=ORIENTED_EDGE('',*,*,#2984,.T.);
#2098=CARTESIAN_POINT('',(-5.55,1.050980264651,1.039462461805));
#2099=DIRECTION('',(0.0,-0.444009746106191,-0.896021955848581));
#2100=DIRECTION('',(0.0,-0.896021955848581,0.444009746106191));
#2101=ORIENTED_EDGE('',*,*,#3076,.T.);
#2102=ORIENTED_EDGE('',*,*,#3077,.F.);
#2103=ORIENTED_EDGE('',*,*,#3078,.F.);
#2104=ORIENTED_EDGE('',*,*,#2985,.T.);
#2105=CARTESIAN_POINT('',(-5.55,1.022199045495,1.005548818617));
#2106=DIRECTION('',(0.0,-0.76244251101145,0.647055961569442));
#2107=DIRECTION('',(-1.0,0.0,0.0));
#2108=ORIENTED_EDGE('',*,*,#3078,.T.);
#2109=ORIENTED_EDGE('',*,*,#3079,.F.);
#2110=ORIENTED_EDGE('',*,*,#3080,.F.);
#2111=ORIENTED_EDGE('',*,*,#2986,.T.);
#2112=CARTESIAN_POINT('',(-5.55,0.878787072643,0.9777581575531));
#2113=DIRECTION('',(0.0,-0.190242980997096,0.981737036166681));
#2114=DIRECTION('',(-1.0,0.0,0.0));
#2115=ORIENTED_EDGE('',*,*,#3080,.T.);
#2116=ORIENTED_EDGE('',*,*,#3081,.F.);
#2117=ORIENTED_EDGE('',*,*,#3082,.F.);
#2118=ORIENTED_EDGE('',*,*,#2987,.T.);
#2119=CARTESIAN_POINT('',(-5.55,0.878787072643,0.9157581575531));
#2120=DIRECTION('',(0.0,-1.0,0.0));
#2121=DIRECTION('',(0.0,0.0,-1.0));
#2122=ORIENTED_EDGE('',*,*,#3082,.T.);
#2123=ORIENTED_EDGE('',*,*,#3083,.F.);
#2124=ORIENTED_EDGE('',*,*,#3084,.F.);
#2125=ORIENTED_EDGE('',*,*,#2988,.T.);
#2126=CARTESIAN_POINT('',(-5.55,1.218787072643,0.9816440426284));
#2127=DIRECTION('',(0.0,0.190242980997096,-0.981737036166681));
#2128=DIRECTION('',(-1.0,0.0,0.0));
#2129=ORIENTED_EDGE('',*,*,#3084,.T.);
#2130=ORIENTED_EDGE('',*,*,#3085,.F.);
#2131=ORIENTED_EDGE('',*,*,#3086,.F.);
#2132=ORIENTED_EDGE('',*,*,#2989,.T.);
#2133=CARTESIAN_POINT('',(-5.55,1.218787072643,0.8876440426284));
#2134=DIRECTION('',(0.0,-1.0,0.0));
#2135=DIRECTION('',(0.0,0.0,-1.0));
#2136=ORIENTED_EDGE('',*,*,#3086,.T.);
#2137=ORIENTED_EDGE('',*,*,#3087,.F.);
#2138=ORIENTED_EDGE('',*,*,#3088,.F.);
#2139=ORIENTED_EDGE('',*,*,#2990,.T.);
#2140=CARTESIAN_POINT('',(-5.55,1.069150313424,0.7651241554079));
#2141=DIRECTION('',(0.0,-0.633515923575406,0.773729652124307));
#2142=DIRECTION('',(-1.0,0.0,0.0));
#2143=ORIENTED_EDGE('',*,*,#3088,.T.);
#2144=ORIENTED_EDGE('',*,*,#3089,.F.);
#2145=ORIENTED_EDGE('',*,*,#3090,.F.);
#2146=ORIENTED_EDGE('',*,*,#2991,.T.);
#2147=CARTESIAN_POINT('',(-5.55,0.878787072643,0.8931876768671));
#2148=DIRECTION('',(0.0,0.558179625921499,0.829720136676299));
#2149=DIRECTION('',(1.0,-0.0,0.0));
#2150=ORIENTED_EDGE('',*,*,#3090,.T.);
#2151=ORIENTED_EDGE('',*,*,#3091,.F.);
#2152=ORIENTED_EDGE('',*,*,#3092,.F.);
#2153=ORIENTED_EDGE('',*,*,#2992,.T.);
#2154=CARTESIAN_POINT('',(-5.55,0.878787072643,0.8171876768671));
#2155=DIRECTION('',(0.0,-1.0,0.0));
#2156=DIRECTION('',(0.0,0.0,-1.0));
#2157=ORIENTED_EDGE('',*,*,#3092,.T.);
#2158=ORIENTED_EDGE('',*,*,#3093,.F.);
#2159=ORIENTED_EDGE('',*,*,#3094,.F.);
#2160=ORIENTED_EDGE('',*,*,#2993,.T.);
#2161=CARTESIAN_POINT('',(-5.55,1.018195392166,0.7234031823101));
#2162=DIRECTION('',(0.0,-0.558179625921499,-0.829720136676299));
#2163=DIRECTION('',(0.0,-0.829720136676299,0.558179625921499));
#2164=ORIENTED_EDGE('',*,*,#3094,.T.);
#2165=ORIENTED_EDGE('',*,*,#3095,.F.);
#2166=ORIENTED_EDGE('',*,*,#3096,.F.);
#2167=ORIENTED_EDGE('',*,*,#2994,.T.);
#2168=CARTESIAN_POINT('',(-5.55,0.878787072643,0.6092581575531));
#2169=DIRECTION('',(0.0,-0.633515923575406,0.773729652124307));
#2170=DIRECTION('',(-1.0,0.0,0.0));
#2171=ORIENTED_EDGE('',*,*,#3096,.T.);
#2172=ORIENTED_EDGE('',*,*,#3097,.F.);
#2173=ORIENTED_EDGE('',*,*,#3098,.F.);
#2174=ORIENTED_EDGE('',*,*,#2995,.T.);
#2175=CARTESIAN_POINT('',(-5.55,0.878787072643,0.5292581575531));
#2176=DIRECTION('',(0.0,-1.0,0.0));
#2177=DIRECTION('',(0.0,0.0,-1.0));
#2178=ORIENTED_EDGE('',*,*,#3098,.T.);
#2179=ORIENTED_EDGE('',*,*,#3099,.F.);
#2180=ORIENTED_EDGE('',*,*,#3100,.F.);
#2181=ORIENTED_EDGE('',*,*,#2996,.T.);
#2182=CARTESIAN_POINT('',(-5.55,1.071832151385,0.6873199960973));
#2183=DIRECTION('',(0.0,0.633515923575406,-0.773729652124307));
#2184=DIRECTION('',(-1.0,0.0,0.0));
#2185=ORIENTED_EDGE('',*,*,#3100,.T.);
#2186=ORIENTED_EDGE('',*,*,#3101,.F.);
#2187=ORIENTED_EDGE('',*,*,#3102,.F.);
#2188=ORIENTED_EDGE('',*,*,#2997,.T.);
#2189=CARTESIAN_POINT('',(-5.55,1.234787072643,0.5776949394435));
#2190=DIRECTION('',(0.0,-0.558179625921499,-0.829720136676299));
#2191=DIRECTION('',(0.0,-0.829720136676299,0.558179625921499));
#2192=ORIENTED_EDGE('',*,*,#3102,.T.);
#2193=ORIENTED_EDGE('',*,*,#3103,.F.);
#2194=ORIENTED_EDGE('',*,*,#3104,.F.);
#2195=ORIENTED_EDGE('',*,*,#2998,.T.);
#2196=CARTESIAN_POINT('',(-5.55,1.234787072643,0.6536949394435));
#2197=DIRECTION('',(-0.0,1.0,0.0));
#2198=DIRECTION('',(1.0,0.0,0.0));
#2199=ORIENTED_EDGE('',*,*,#3104,.T.);
#2200=ORIENTED_EDGE('',*,*,#3105,.F.);
#2201=ORIENTED_EDGE('',*,*,#3106,.F.);
#2202=ORIENTED_EDGE('',*,*,#2999,.T.);
#2203=CARTESIAN_POINT('',(-5.55,1.122787072643,0.729040969195));
#2204=DIRECTION('',(0.0,0.558179625921499,0.829720136676299));
#2205=DIRECTION('',(1.0,-0.0,0.0));
#2206=ORIENTED_EDGE('',*,*,#3106,.T.);
#2207=ORIENTED_EDGE('',*,*,#3107,.F.);
#2208=ORIENTED_EDGE('',*,*,#3108,.F.);
#2209=ORIENTED_EDGE('',*,*,#3000,.T.);
#2210=CARTESIAN_POINT('',(-5.55,1.234787072643,0.8207445548672));
#2211=DIRECTION('',(0.0,0.633515923575406,-0.773729652124307));
#2212=DIRECTION('',(-1.0,0.0,0.0));
#2213=ORIENTED_EDGE('',*,*,#3108,.T.);
#2214=ORIENTED_EDGE('',*,*,#3109,.F.);
#2215=ORIENTED_EDGE('',*,*,#3110,.F.);
#2216=ORIENTED_EDGE('',*,*,#3001,.T.);
#2217=CARTESIAN_POINT('',(-5.55,1.234787072643,1.046744554867));
#2218=DIRECTION('',(-0.0,1.0,0.0));
#2219=DIRECTION('',(1.0,0.0,0.0));
#2220=ORIENTED_EDGE('',*,*,#3110,.T.);
#2221=ORIENTED_EDGE('',*,*,#3111,.F.);
#2222=ORIENTED_EDGE('',*,*,#3112,.F.);
#2223=ORIENTED_EDGE('',*,*,#3002,.T.);
#2224=CARTESIAN_POINT('',(-5.55,1.119706170106,1.024443945694));
#2225=DIRECTION('',(0.0,-0.190242980997096,0.981737036166681));
#2226=DIRECTION('',(-1.0,0.0,0.0));
#2227=ORIENTED_EDGE('',*,*,#3112,.T.);
#2228=ORIENTED_EDGE('',*,*,#3113,.F.);
#2229=ORIENTED_EDGE('',*,*,#3114,.F.);
#2230=ORIENTED_EDGE('',*,*,#3003,.T.);
#2231=CARTESIAN_POINT('',(-5.55,1.234787072643,1.160046702659));
#2232=DIRECTION('',(0.0,0.76244251101145,-0.647055961569442));
#2233=DIRECTION('',(-1.0,0.0,0.0));
#2234=ORIENTED_EDGE('',*,*,#3114,.T.);
#2235=ORIENTED_EDGE('',*,*,#3115,.F.);
#2236=ORIENTED_EDGE('',*,*,#3116,.F.);
#2237=ORIENTED_EDGE('',*,*,#3004,.T.);
#2238=CARTESIAN_POINT('',(-5.55,1.234787072643,1.256046702659));
#2239=DIRECTION('',(-0.0,1.0,0.0));
#2240=DIRECTION('',(1.0,0.0,0.0));
#2241=ORIENTED_EDGE('',*,*,#3116,.T.);
#2242=ORIENTED_EDGE('',*,*,#3117,.F.);
#2243=ORIENTED_EDGE('',*,*,#3118,.F.);
#2244=ORIENTED_EDGE('',*,*,#3005,.T.);
#2245=CARTESIAN_POINT('',(-5.55,1.092318690165,1.088172580902));
#2246=DIRECTION('',(0.0,-0.76244251101145,0.647055961569442));
#2247=DIRECTION('',(-1.0,0.0,0.0));
#2248=ORIENTED_EDGE('',*,*,#3118,.T.);
#2249=ORIENTED_EDGE('',*,*,#3119,.F.);
#2250=ORIENTED_EDGE('',*,*,#3120,.F.);
#2251=ORIENTED_EDGE('',*,*,#3006,.T.);
#2252=CARTESIAN_POINT('',(-5.55,0.892787072643,1.187047371032));
#2253=DIRECTION('',(0.0,0.444009746106191,0.896021955848581));
#2254=DIRECTION('',(1.0,-0.0,0.0));
#2255=ORIENTED_EDGE('',*,*,#3120,.T.);
#2256=ORIENTED_EDGE('',*,*,#3121,.F.);
#2257=ORIENTED_EDGE('',*,*,#3122,.F.);
#2258=ORIENTED_EDGE('',*,*,#3007,.T.);
#2259=CARTESIAN_POINT('',(-5.55,0.892787072643,1.231047371032));
#2260=DIRECTION('',(-0.0,1.0,0.0));
#2261=DIRECTION('',(1.0,0.0,0.0));
#2262=ORIENTED_EDGE('',*,*,#3122,.T.);
#2263=ORIENTED_EDGE('',*,*,#3123,.F.);
#2264=ORIENTED_EDGE('',*,*,#3124,.F.);
#2265=ORIENTED_EDGE('',*,*,#3008,.T.);
#2266=CARTESIAN_POINT('',(-5.55,1.234787072643,1.297320820137));
#2267=DIRECTION('',(0.0,0.190242980997096,-0.981737036166681));
#2268=DIRECTION('',(-1.0,0.0,0.0));
#2269=ORIENTED_EDGE('',*,*,#3124,.T.);
#2270=ORIENTED_EDGE('',*,*,#3125,.F.);
#2271=ORIENTED_EDGE('',*,*,#3126,.F.);
#2272=ORIENTED_EDGE('',*,*,#3009,.T.);
#2273=CARTESIAN_POINT('',(-5.55,1.234787072643,1.359320820137));
#2274=DIRECTION('',(-0.0,1.0,0.0));
#2275=DIRECTION('',(1.0,0.0,0.0));
#2276=ORIENTED_EDGE('',*,*,#3126,.T.);
#2277=ORIENTED_EDGE('',*,*,#3127,.F.);
#2278=ORIENTED_EDGE('',*,*,#3128,.F.);
#2279=ORIENTED_EDGE('',*,*,#3010,.T.);
#2280=CARTESIAN_POINT('',(-5.55,0.940787072643,1.302348907749));
#2281=DIRECTION('',(0.0,-0.190242980997096,0.981737036166681));
#2282=DIRECTION('',(-1.0,0.0,0.0));
#2283=ORIENTED_EDGE('',*,*,#3128,.T.);
#2284=ORIENTED_EDGE('',*,*,#3129,.F.);
#2285=ORIENTED_EDGE('',*,*,#3130,.F.);
#2286=ORIENTED_EDGE('',*,*,#3011,.T.);
#2287=CARTESIAN_POINT('',(-5.55,0.940787072643,1.470348907749));
#2288=DIRECTION('',(-0.0,1.0,0.0));
#2289=DIRECTION('',(1.0,0.0,0.0));
#2290=ORIENTED_EDGE('',*,*,#3130,.T.);
#2291=ORIENTED_EDGE('',*,*,#3131,.F.);
#2292=ORIENTED_EDGE('',*,*,#3044,.F.);
#2293=ORIENTED_EDGE('',*,*,#3012,.T.);
#2294=CARTESIAN_POINT('',(-5.55,1.009362698985,1.483637630796));
#2295=DIRECTION('',(0.0,0.190242980997096,-0.981737036166681));
#2296=DIRECTION('',(-1.0,0.0,0.0));
#2297=ORIENTED_EDGE('',*,*,#3131,.T.);
#2298=ORIENTED_EDGE('',*,*,#3129,.T.);
#2299=ORIENTED_EDGE('',*,*,#3127,.T.);
#2300=ORIENTED_EDGE('',*,*,#3125,.T.);
#2301=ORIENTED_EDGE('',*,*,#3123,.T.);
#2302=ORIENTED_EDGE('',*,*,#3121,.T.);
#2303=ORIENTED_EDGE('',*,*,#3119,.T.);
#2304=ORIENTED_EDGE('',*,*,#3117,.T.);
#2305=ORIENTED_EDGE('',*,*,#3115,.T.);
#2306=ORIENTED_EDGE('',*,*,#3113,.T.);
#2307=ORIENTED_EDGE('',*,*,#3111,.T.);
#2308=ORIENTED_EDGE('',*,*,#3109,.T.);
#2309=ORIENTED_EDGE('',*,*,#3107,.T.);
#2310=ORIENTED_EDGE('',*,*,#3105,.T.);
#2311=ORIENTED_EDGE('',*,*,#3103,.T.);
#2312=ORIENTED_EDGE('',*,*,#3101,.T.);
#2313=ORIENTED_EDGE('',*,*,#3099,.T.);
#2314=ORIENTED_EDGE('',*,*,#3097,.T.);
#2315=ORIENTED_EDGE('',*,*,#3095,.T.);
#2316=ORIENTED_EDGE('',*,*,#3093,.T.);
#2317=ORIENTED_EDGE('',*,*,#3091,.T.);
#2318=ORIENTED_EDGE('',*,*,#3089,.T.);
#2319=ORIENTED_EDGE('',*,*,#3087,.T.);
#2320=ORIENTED_EDGE('',*,*,#3085,.T.);
#2321=ORIENTED_EDGE('',*,*,#3083,.T.);
#2322=ORIENTED_EDGE('',*,*,#3081,.T.);
#2323=ORIENTED_EDGE('',*,*,#3079,.T.);
#2324=ORIENTED_EDGE('',*,*,#3077,.T.);
#2325=ORIENTED_EDGE('',*,*,#3075,.T.);
#2326=ORIENTED_EDGE('',*,*,#3073,.T.);
#2327=ORIENTED_EDGE('',*,*,#3071,.T.);
#2328=ORIENTED_EDGE('',*,*,#3069,.T.);
#2329=ORIENTED_EDGE('',*,*,#3067,.T.);
#2330=ORIENTED_EDGE('',*,*,#3065,.T.);
#2331=ORIENTED_EDGE('',*,*,#3063,.T.);
#2332=ORIENTED_EDGE('',*,*,#3061,.T.);
#2333=ORIENTED_EDGE('',*,*,#2698,.T.);
#2334=ORIENTED_EDGE('',*,*,#3060,.T.);
#2335=ORIENTED_EDGE('',*,*,#3058,.T.);
#2336=ORIENTED_EDGE('',*,*,#3056,.T.);
#2337=ORIENTED_EDGE('',*,*,#3054,.T.);
#2338=ORIENTED_EDGE('',*,*,#3052,.T.);
#2339=ORIENTED_EDGE('',*,*,#3050,.T.);
#2340=ORIENTED_EDGE('',*,*,#3048,.T.);
#2341=ORIENTED_EDGE('',*,*,#3046,.T.);
#2342=ORIENTED_EDGE('',*,*,#2700,.T.);
#2343=ORIENTED_EDGE('',*,*,#3045,.T.);
#2344=CARTESIAN_POINT('',(-5.5,0.0,0.0));
#2345=DIRECTION('',(-1.0,0.0,0.0));
#2346=DIRECTION('',(0.0,0.0,1.0));
#2347=ORIENTED_EDGE('',*,*,#3132,.T.);
#2348=ORIENTED_EDGE('',*,*,#2937,.F.);
#2349=ORIENTED_EDGE('',*,*,#2947,.F.);
#2350=ORIENTED_EDGE('',*,*,#2958,.T.);
#2351=CARTESIAN_POINT('',(6.25,4.890782976827,-0.05));
#2352=DIRECTION('',(-0.0,1.0,0.0));
#2353=DIRECTION('',(1.0,0.0,0.0));
#2354=ORIENTED_EDGE('',*,*,#3133,.T.);
#2355=ORIENTED_EDGE('',*,*,#2938,.F.);
#2356=ORIENTED_EDGE('',*,*,#3132,.F.);
#2357=ORIENTED_EDGE('',*,*,#2957,.T.);
#2358=CARTESIAN_POINT('',(6.25,4.890782976827,0.9951350267379));
#2359=DIRECTION('',(0.0,0.0,-1.0));
#2360=DIRECTION('',(0.0,-1.0,0.0));
#2361=ORIENTED_EDGE('',*,*,#2939,.F.);
#2362=ORIENTED_EDGE('',*,*,#3133,.F.);
#2363=ORIENTED_EDGE('',*,*,#2956,.T.);
#2364=ORIENTED_EDGE('',*,*,#2862,.T.);
#2365=CARTESIAN_POINT('',(6.25,5.39070855615,0.9951350267379));
#2366=DIRECTION('',(0.0,-0.710449914836119,-0.703747766255319));
#2367=DIRECTION('',(0.0,0.703747766255319,-0.710449914836119));
#2368=ORIENTED_EDGE('',*,*,#3134,.F.);
#2369=ORIENTED_EDGE('',*,*,#2924,.T.);
#2370=ORIENTED_EDGE('',*,*,#3135,.T.);
#2371=ORIENTED_EDGE('',*,*,#3136,.F.);
#2372=ORIENTED_EDGE('',*,*,#2694,.F.);
#2373=CARTESIAN_POINT('',(-3.75,0.0,0.0));
#2374=DIRECTION('',(0.0,-1.0,0.0));
#2375=DIRECTION('',(1.0,0.0,0.0));
#2376=ORIENTED_EDGE('',*,*,#2692,.T.);
#2377=ORIENTED_EDGE('',*,*,#3136,.T.);
#2378=ORIENTED_EDGE('',*,*,#3137,.F.);
#2379=ORIENTED_EDGE('',*,*,#3138,.F.);
#2380=CARTESIAN_POINT('',(-3.75,5.300000000812,0.0));
#2381=DIRECTION('',(-0.0,-1.0,-0.0));
#2382=DIRECTION('',(0.0,0.0,-1.0));
#2383=ORIENTED_EDGE('',*,*,#3139,.T.);
#2384=ORIENTED_EDGE('',*,*,#2691,.T.);
#2385=ORIENTED_EDGE('',*,*,#2693,.T.);
#2386=ORIENTED_EDGE('',*,*,#3138,.T.);
#2387=CARTESIAN_POINT('',(0.0,5.5,0.0));
#2388=DIRECTION('',(-0.0,1.0,0.0));
#2389=DIRECTION('',(1.0,0.0,0.0));
#2390=ORIENTED_EDGE('',*,*,#2688,.T.);
#2391=ORIENTED_EDGE('',*,*,#3139,.F.);
#2392=ORIENTED_EDGE('',*,*,#3137,.T.);
#2393=ORIENTED_EDGE('',*,*,#3140,.T.);
#2394=CARTESIAN_POINT('',(-3.75,5.300000000812,0.0));
#2395=DIRECTION('',(-0.0,-1.0,-0.0));
#2396=DIRECTION('',(0.0,0.0,-1.0));
#2397=ORIENTED_EDGE('',*,*,#3135,.F.);
#2398=ORIENTED_EDGE('',*,*,#2923,.T.);
#2399=ORIENTED_EDGE('',*,*,#3134,.T.);
#2400=ORIENTED_EDGE('',*,*,#2689,.F.);
#2401=ORIENTED_EDGE('',*,*,#3140,.F.);
#2402=CARTESIAN_POINT('',(-3.75,0.0,0.0));
#2403=DIRECTION('',(0.0,-1.0,0.0));
#2404=DIRECTION('',(1.0,0.0,0.0));
#2405=ORIENTED_EDGE('',*,*,#3141,.F.);
#2406=ORIENTED_EDGE('',*,*,#2926,.T.);
#2407=ORIENTED_EDGE('',*,*,#3142,.T.);
#2408=ORIENTED_EDGE('',*,*,#3143,.F.);
#2409=ORIENTED_EDGE('',*,*,#2687,.F.);
#2410=CARTESIAN_POINT('',(-1.25,0.0,0.0));
#2411=DIRECTION('',(0.0,-1.0,0.0));
#2412=DIRECTION('',(1.0,0.0,0.0));
#2413=ORIENTED_EDGE('',*,*,#2685,.T.);
#2414=ORIENTED_EDGE('',*,*,#3143,.T.);
#2415=ORIENTED_EDGE('',*,*,#3144,.F.);
#2416=ORIENTED_EDGE('',*,*,#3145,.F.);
#2417=CARTESIAN_POINT('',(-1.25,5.300000000812,0.0));
#2418=DIRECTION('',(-0.0,-1.0,-0.0));
#2419=DIRECTION('',(0.0,0.0,-1.0));
#2420=ORIENTED_EDGE('',*,*,#3146,.T.);
#2421=ORIENTED_EDGE('',*,*,#2684,.T.);
#2422=ORIENTED_EDGE('',*,*,#2686,.T.);
#2423=ORIENTED_EDGE('',*,*,#3145,.T.);
#2424=CARTESIAN_POINT('',(2.5,5.5,0.0));
#2425=DIRECTION('',(-0.0,1.0,0.0));
#2426=DIRECTION('',(1.0,0.0,0.0));
#2427=ORIENTED_EDGE('',*,*,#2681,.T.);
#2428=ORIENTED_EDGE('',*,*,#3146,.F.);
#2429=ORIENTED_EDGE('',*,*,#3144,.T.);
#2430=ORIENTED_EDGE('',*,*,#3147,.T.);
#2431=CARTESIAN_POINT('',(-1.25,5.300000000812,0.0));
#2432=DIRECTION('',(-0.0,-1.0,-0.0));
#2433=DIRECTION('',(0.0,0.0,-1.0));
#2434=ORIENTED_EDGE('',*,*,#3142,.F.);
#2435=ORIENTED_EDGE('',*,*,#2925,.T.);
#2436=ORIENTED_EDGE('',*,*,#3141,.T.);
#2437=ORIENTED_EDGE('',*,*,#2682,.F.);
#2438=ORIENTED_EDGE('',*,*,#3147,.F.);
#2439=CARTESIAN_POINT('',(-1.25,0.0,0.0));
#2440=DIRECTION('',(0.0,-1.0,0.0));
#2441=DIRECTION('',(1.0,0.0,0.0));
#2442=ORIENTED_EDGE('',*,*,#3148,.F.);
#2443=ORIENTED_EDGE('',*,*,#2928,.T.);
#2444=ORIENTED_EDGE('',*,*,#3149,.T.);
#2445=ORIENTED_EDGE('',*,*,#3150,.F.);
#2446=ORIENTED_EDGE('',*,*,#2680,.F.);
#2447=CARTESIAN_POINT('',(1.25,0.0,0.0));
#2448=DIRECTION('',(0.0,-1.0,0.0));
#2449=DIRECTION('',(1.0,0.0,0.0));
#2450=ORIENTED_EDGE('',*,*,#2678,.T.);
#2451=ORIENTED_EDGE('',*,*,#3150,.T.);
#2452=ORIENTED_EDGE('',*,*,#3151,.F.);
#2453=ORIENTED_EDGE('',*,*,#3152,.F.);
#2454=CARTESIAN_POINT('',(1.25,5.300000000812,0.0));
#2455=DIRECTION('',(-0.0,-1.0,-0.0));
#2456=DIRECTION('',(0.0,0.0,-1.0));
#2457=ORIENTED_EDGE('',*,*,#3153,.T.);
#2458=ORIENTED_EDGE('',*,*,#2677,.T.);
#2459=ORIENTED_EDGE('',*,*,#2679,.T.);
#2460=ORIENTED_EDGE('',*,*,#3152,.T.);
#2461=CARTESIAN_POINT('',(5.0,5.5,0.0));
#2462=DIRECTION('',(-0.0,1.0,0.0));
#2463=DIRECTION('',(1.0,0.0,0.0));
#2464=ORIENTED_EDGE('',*,*,#2674,.T.);
#2465=ORIENTED_EDGE('',*,*,#3153,.F.);
#2466=ORIENTED_EDGE('',*,*,#3151,.T.);
#2467=ORIENTED_EDGE('',*,*,#3154,.T.);
#2468=CARTESIAN_POINT('',(1.25,5.300000000812,0.0));
#2469=DIRECTION('',(-0.0,-1.0,-0.0));
#2470=DIRECTION('',(0.0,0.0,-1.0));
#2471=ORIENTED_EDGE('',*,*,#3149,.F.);
#2472=ORIENTED_EDGE('',*,*,#2927,.T.);
#2473=ORIENTED_EDGE('',*,*,#3148,.T.);
#2474=ORIENTED_EDGE('',*,*,#2675,.F.);
#2475=ORIENTED_EDGE('',*,*,#3154,.F.);
#2476=CARTESIAN_POINT('',(1.25,0.0,0.0));
#2477=DIRECTION('',(0.0,-1.0,0.0));
#2478=DIRECTION('',(1.0,0.0,0.0));
#2479=ORIENTED_EDGE('',*,*,#3155,.F.);
#2480=ORIENTED_EDGE('',*,*,#2930,.T.);
#2481=ORIENTED_EDGE('',*,*,#3156,.T.);
#2482=ORIENTED_EDGE('',*,*,#3157,.F.);
#2483=ORIENTED_EDGE('',*,*,#2673,.F.);
#2484=CARTESIAN_POINT('',(3.75,0.0,0.0));
#2485=DIRECTION('',(0.0,-1.0,0.0));
#2486=DIRECTION('',(1.0,0.0,0.0));
#2487=ORIENTED_EDGE('',*,*,#2671,.T.);
#2488=ORIENTED_EDGE('',*,*,#3157,.T.);
#2489=ORIENTED_EDGE('',*,*,#3158,.F.);
#2490=ORIENTED_EDGE('',*,*,#3159,.F.);
#2491=CARTESIAN_POINT('',(3.75,5.300000000812,0.0));
#2492=DIRECTION('',(-0.0,-1.0,-0.0));
#2493=DIRECTION('',(0.0,0.0,-1.0));
#2494=ORIENTED_EDGE('',*,*,#3160,.T.);
#2495=ORIENTED_EDGE('',*,*,#2670,.T.);
#2496=ORIENTED_EDGE('',*,*,#2672,.T.);
#2497=ORIENTED_EDGE('',*,*,#3159,.T.);
#2498=CARTESIAN_POINT('',(7.5,5.5,0.0));
#2499=DIRECTION('',(-0.0,1.0,0.0));
#2500=DIRECTION('',(1.0,0.0,0.0));
#2501=ORIENTED_EDGE('',*,*,#2667,.T.);
#2502=ORIENTED_EDGE('',*,*,#3160,.F.);
#2503=ORIENTED_EDGE('',*,*,#3158,.T.);
#2504=ORIENTED_EDGE('',*,*,#3161,.T.);
#2505=CARTESIAN_POINT('',(3.75,5.300000000812,0.0));
#2506=DIRECTION('',(-0.0,-1.0,-0.0));
#2507=DIRECTION('',(0.0,0.0,-1.0));
#2508=ORIENTED_EDGE('',*,*,#3156,.F.);
#2509=ORIENTED_EDGE('',*,*,#2929,.T.);
#2510=ORIENTED_EDGE('',*,*,#3155,.T.);
#2511=ORIENTED_EDGE('',*,*,#2668,.F.);
#2512=ORIENTED_EDGE('',*,*,#3161,.F.);
#2513=CARTESIAN_POINT('',(3.75,0.0,0.0));
#2514=DIRECTION('',(0.0,-1.0,0.0));
#2515=DIRECTION('',(1.0,0.0,0.0));
#2516=ORIENTED_EDGE('',*,*,#2791,.F.);
#2517=ORIENTED_EDGE('',*,*,#2852,.T.);
#2518=ORIENTED_EDGE('',*,*,#2840,.T.);
#2519=ORIENTED_EDGE('',*,*,#2819,.F.);
#2520=ORIENTED_EDGE('',*,*,#3162,.F.);
#2521=CARTESIAN_POINT('',(-1.625,-1.0,3.05));
#2522=DIRECTION('',(-0.980580675690916,0.196116135138203,0.0));
#2523=DIRECTION('',(0.0,0.0,1.0));
#2524=ORIENTED_EDGE('',*,*,#2792,.T.);
#2525=ORIENTED_EDGE('',*,*,#3162,.T.);
#2526=ORIENTED_EDGE('',*,*,#2818,.F.);
#2527=ORIENTED_EDGE('',*,*,#2716,.F.);
#2528=CARTESIAN_POINT('',(-1.625,0.0,3.05));
#2529=DIRECTION('',(-1.0,0.0,0.0));
#2530=DIRECTION('',(0.0,0.0,1.0));
#2531=ORIENTED_EDGE('',*,*,#2839,.F.);
#2532=ORIENTED_EDGE('',*,*,#2851,.F.);
#2533=ORIENTED_EDGE('',*,*,#2789,.T.);
#2534=ORIENTED_EDGE('',*,*,#3163,.T.);
#2535=ORIENTED_EDGE('',*,*,#2821,.F.);
#2536=CARTESIAN_POINT('',(-3.175,-2.0,3.05));
#2537=DIRECTION('',(0.980580675690916,0.196116135138203,0.0));
#2538=DIRECTION('',(0.0,0.0,-1.0));
#2539=ORIENTED_EDGE('',*,*,#3163,.F.);
#2540=ORIENTED_EDGE('',*,*,#2788,.F.);
#2541=ORIENTED_EDGE('',*,*,#2714,.T.);
#2542=ORIENTED_EDGE('',*,*,#2822,.F.);
#2543=CARTESIAN_POINT('',(-3.375,-1.0,3.05));
#2544=DIRECTION('',(1.0,0.0,0.0));
#2545=DIRECTION('',(0.0,1.0,0.0));
#2546=ORIENTED_EDGE('',*,*,#2796,.F.);
#2547=ORIENTED_EDGE('',*,*,#2854,.T.);
#2548=ORIENTED_EDGE('',*,*,#2843,.T.);
#2549=ORIENTED_EDGE('',*,*,#2814,.F.);
#2550=ORIENTED_EDGE('',*,*,#3164,.F.);
#2551=CARTESIAN_POINT('',(0.875,-1.0,3.05));
#2552=DIRECTION('',(-0.980580675690916,0.196116135138203,0.0));
#2553=DIRECTION('',(0.0,0.0,1.0));
#2554=ORIENTED_EDGE('',*,*,#2797,.T.);
#2555=ORIENTED_EDGE('',*,*,#3164,.T.);
#2556=ORIENTED_EDGE('',*,*,#2813,.F.);
#2557=ORIENTED_EDGE('',*,*,#2720,.F.);
#2558=CARTESIAN_POINT('',(0.875,0.0,3.05));
#2559=DIRECTION('',(-1.0,0.0,0.0));
#2560=DIRECTION('',(0.0,0.0,1.0));
#2561=ORIENTED_EDGE('',*,*,#2816,.F.);
#2562=ORIENTED_EDGE('',*,*,#2842,.F.);
#2563=ORIENTED_EDGE('',*,*,#2853,.F.);
#2564=ORIENTED_EDGE('',*,*,#2794,.T.);
#2565=ORIENTED_EDGE('',*,*,#3165,.T.);
#2566=CARTESIAN_POINT('',(-0.675,-2.0,3.05));
#2567=DIRECTION('',(0.980580675690916,0.196116135138203,0.0));
#2568=DIRECTION('',(0.0,0.0,-1.0));
#2569=ORIENTED_EDGE('',*,*,#2793,.F.);
#2570=ORIENTED_EDGE('',*,*,#2718,.T.);
#2571=ORIENTED_EDGE('',*,*,#2817,.F.);
#2572=ORIENTED_EDGE('',*,*,#3165,.F.);
#2573=CARTESIAN_POINT('',(-0.875,-1.0,3.05));
#2574=DIRECTION('',(1.0,0.0,0.0));
#2575=DIRECTION('',(0.0,1.0,0.0));
#2576=ORIENTED_EDGE('',*,*,#2811,.F.);
#2577=ORIENTED_EDGE('',*,*,#2845,.F.);
#2578=ORIENTED_EDGE('',*,*,#2855,.F.);
#2579=ORIENTED_EDGE('',*,*,#2799,.T.);
#2580=ORIENTED_EDGE('',*,*,#3166,.T.);
#2581=CARTESIAN_POINT('',(1.825,-2.0,3.05));
#2582=DIRECTION('',(0.980580675690916,0.196116135138203,0.0));
#2583=DIRECTION('',(0.0,0.0,-1.0));
#2584=ORIENTED_EDGE('',*,*,#2798,.F.);
#2585=ORIENTED_EDGE('',*,*,#2722,.T.);
#2586=ORIENTED_EDGE('',*,*,#2812,.F.);
#2587=ORIENTED_EDGE('',*,*,#3166,.F.);
#2588=CARTESIAN_POINT('',(1.625,-1.0,3.05));
#2589=DIRECTION('',(1.0,0.0,0.0));
#2590=DIRECTION('',(0.0,1.0,0.0));
#2591=ORIENTED_EDGE('',*,*,#2829,.F.);
#2592=ORIENTED_EDGE('',*,*,#2848,.F.);
#2593=ORIENTED_EDGE('',*,*,#2857,.F.);
#2594=ORIENTED_EDGE('',*,*,#2806,.T.);
#2595=ORIENTED_EDGE('',*,*,#3167,.T.);
#2596=CARTESIAN_POINT('',(4.325,-2.0,3.05));
#2597=DIRECTION('',(0.980580675690916,0.196116135138203,0.0));
#2598=DIRECTION('',(0.0,0.0,-1.0));
#2599=ORIENTED_EDGE('',*,*,#2805,.F.);
#2600=ORIENTED_EDGE('',*,*,#2726,.T.);
#2601=ORIENTED_EDGE('',*,*,#2830,.F.);
#2602=ORIENTED_EDGE('',*,*,#3167,.F.);
#2603=CARTESIAN_POINT('',(4.125,-1.0,3.05));
#2604=DIRECTION('',(1.0,0.0,0.0));
#2605=DIRECTION('',(0.0,1.0,0.0));
#2606=ORIENTED_EDGE('',*,*,#2735,.T.);
#2607=ORIENTED_EDGE('',*,*,#3168,.T.);
#2608=ORIENTED_EDGE('',*,*,#3169,.F.);
#2609=ORIENTED_EDGE('',*,*,#3170,.F.);
#2610=CARTESIAN_POINT('',(3.75,1.95,0.0));
#2611=DIRECTION('',(0.0,1.0,0.0));
#2612=DIRECTION('',(0.0,0.0,-1.0));
#2613=ORIENTED_EDGE('',*,*,#3171,.F.);
#2614=ORIENTED_EDGE('',*,*,#3168,.F.);
#2615=ORIENTED_EDGE('',*,*,#2734,.T.);
#2616=ORIENTED_EDGE('',*,*,#3170,.T.);
#2617=CARTESIAN_POINT('',(3.75,1.95,0.0));
#2618=DIRECTION('',(0.0,1.0,0.0));
#2619=DIRECTION('',(0.0,0.0,-1.0));
#2620=ORIENTED_EDGE('',*,*,#3172,.T.);
#2621=ORIENTED_EDGE('',*,*,#3173,.F.);
#2622=ORIENTED_EDGE('',*,*,#3174,.F.);
#2623=ORIENTED_EDGE('',*,*,#3171,.T.);
#2624=CARTESIAN_POINT('',(3.75,-0.1,-0.45));
#2625=DIRECTION('',(1.0,0.0,0.0));
#2626=DIRECTION('',(0.0,0.0,-1.0));
#2627=ORIENTED_EDGE('',*,*,#3174,.T.);
#2628=ORIENTED_EDGE('',*,*,#3175,.F.);
#2629=ORIENTED_EDGE('',*,*,#3172,.F.);
#2630=ORIENTED_EDGE('',*,*,#3169,.T.);
#2631=CARTESIAN_POINT('',(3.75,-0.1,-0.45));
#2632=DIRECTION('',(1.0,0.0,0.0));
#2633=DIRECTION('',(0.0,0.0,-1.0));
#2634=ORIENTED_EDGE('',*,*,#3176,.F.);
#2635=ORIENTED_EDGE('',*,*,#3175,.T.);
#2636=ORIENTED_EDGE('',*,*,#3177,.T.);
#2637=ORIENTED_EDGE('',*,*,#3178,.F.);
#2638=CARTESIAN_POINT('',(3.75,-0.55,-0.45));
#2639=DIRECTION('',(-0.0,0.0,1.0));
#2640=DIRECTION('',(0.0,1.0,0.0));
#2641=ORIENTED_EDGE('',*,*,#3179,.T.);
#2642=ORIENTED_EDGE('',*,*,#3178,.T.);
#2643=ORIENTED_EDGE('',*,*,#3180,.F.);
#2644=ORIENTED_EDGE('',*,*,#3181,.F.);
#2645=CARTESIAN_POINT('',(3.75,-0.55,-5.150000000812));
#2646=DIRECTION('',(-0.0,0.0,1.0));
#2647=DIRECTION('',(0.0,-1.0,0.0));
#2648=ORIENTED_EDGE('',*,*,#3181,.T.);
#2649=ORIENTED_EDGE('',*,*,#3182,.T.);
#2650=CARTESIAN_POINT('',(3.75,-0.55,-5.35));
#2651=DIRECTION('',(0.0,0.0,-1.0));
#2652=DIRECTION('',(0.0,-1.0,0.0));
#2653=ORIENTED_EDGE('',*,*,#3180,.T.);
#2654=ORIENTED_EDGE('',*,*,#3183,.T.);
#2655=ORIENTED_EDGE('',*,*,#3179,.F.);
#2656=ORIENTED_EDGE('',*,*,#3182,.F.);
#2657=CARTESIAN_POINT('',(3.75,-0.55,-5.150000000812));
#2658=DIRECTION('',(-0.0,0.0,1.0));
#2659=DIRECTION('',(0.0,-1.0,0.0));
#2660=ORIENTED_EDGE('',*,*,#3177,.F.);
#2661=ORIENTED_EDGE('',*,*,#3173,.T.);
#2662=ORIENTED_EDGE('',*,*,#3176,.T.);
#2663=ORIENTED_EDGE('',*,*,#3183,.F.);
#2664=CARTESIAN_POINT('',(3.75,-0.55,-0.45));
#2665=DIRECTION('',(-0.0,0.0,1.0));
#2666=DIRECTION('',(0.0,1.0,0.0));
#2667=EDGE_CURVE('',#3184,#3185,#3186,.T.);
#2668=EDGE_CURVE('',#3184,#3187,#3188,.T.);
#2669=EDGE_CURVE('',#3189,#3187,#3190,.T.);
#2670=EDGE_CURVE('',#3185,#3189,#3191,.T.);
#2671=EDGE_CURVE('',#3192,#3193,#3194,.T.);
#2672=EDGE_CURVE('',#3189,#3192,#3195,.T.);
#2673=EDGE_CURVE('',#3187,#3193,#3196,.T.);
#2674=EDGE_CURVE('',#3197,#3198,#3199,.T.);
#2675=EDGE_CURVE('',#3197,#3200,#3201,.T.);
#2676=EDGE_CURVE('',#3202,#3200,#3203,.T.);
#2677=EDGE_CURVE('',#3198,#3202,#3204,.T.);
#2678=EDGE_CURVE('',#3205,#3206,#3207,.T.);
#2679=EDGE_CURVE('',#3202,#3205,#3208,.T.);
#2680=EDGE_CURVE('',#3200,#3206,#3209,.T.);
#2681=EDGE_CURVE('',#3210,#3211,#3212,.T.);
#2682=EDGE_CURVE('',#3210,#3213,#3214,.T.);
#2683=EDGE_CURVE('',#3215,#3213,#3216,.T.);
#2684=EDGE_CURVE('',#3211,#3215,#3217,.T.);
#2685=EDGE_CURVE('',#3218,#3219,#3220,.T.);
#2686=EDGE_CURVE('',#3215,#3218,#3221,.T.);
#2687=EDGE_CURVE('',#3213,#3219,#3222,.T.);
#2688=EDGE_CURVE('',#3223,#3224,#3225,.T.);
#2689=EDGE_CURVE('',#3223,#3226,#3227,.T.);
#2690=EDGE_CURVE('',#3228,#3226,#3229,.T.);
#2691=EDGE_CURVE('',#3224,#3228,#3230,.T.);
#2692=EDGE_CURVE('',#3231,#3232,#3233,.T.);
#2693=EDGE_CURVE('',#3228,#3231,#3234,.T.);
#2694=EDGE_CURVE('',#3226,#3232,#3235,.T.);
#2695=EDGE_CURVE('',#3236,#3237,#3238,.T.);
#2696=EDGE_CURVE('',#3236,#3239,#3240,.T.);
#2697=EDGE_CURVE('',#3239,#3241,#3242,.T.);
#2698=EDGE_CURVE('',#3237,#3241,#3243,.T.);
#2699=EDGE_CURVE('',#3244,#3245,#3246,.T.);
#2700=EDGE_CURVE('',#3247,#3244,#3248,.T.);
#2701=EDGE_CURVE('',#3249,#3247,#3250,.T.);
#2702=EDGE_CURVE('',#3245,#3249,#3251,.T.);
#2703=EDGE_CURVE('',#3252,#3253,#3254,.T.);
#2704=EDGE_CURVE('',#3252,#3255,#3256,.T.);
#2705=EDGE_CURVE('',#3257,#3255,#3258,.T.);
#2706=EDGE_CURVE('',#3259,#3257,#3260,.T.);
#2707=EDGE_CURVE('',#3259,#3261,#3262,.T.);
#2708=EDGE_CURVE('',#3263,#3261,#3264,.T.);
#2709=EDGE_CURVE('',#3265,#3263,#3266,.T.);
#2710=EDGE_CURVE('',#3267,#3265,#3268,.T.);
#2711=EDGE_CURVE('',#3267,#3269,#3270,.T.);
#2712=EDGE_CURVE('',#3269,#3271,#3272,.T.);
#2713=EDGE_CURVE('',#3273,#3271,#3274,.T.);
#2714=EDGE_CURVE('',#3275,#3273,#3276,.T.);
#2715=EDGE_CURVE('',#3275,#3277,#3278,.T.);
#2716=EDGE_CURVE('',#3277,#3279,#3280,.T.);
#2717=EDGE_CURVE('',#3281,#3279,#3282,.T.);
#2718=EDGE_CURVE('',#3283,#3281,#3284,.T.);
#2719=EDGE_CURVE('',#3283,#3285,#3286,.T.);
#2720=EDGE_CURVE('',#3285,#3287,#3288,.T.);
#2721=EDGE_CURVE('',#3289,#3287,#3290,.T.);
#2722=EDGE_CURVE('',#3291,#3289,#3292,.T.);
#2723=EDGE_CURVE('',#3291,#3293,#3294,.T.);
#2724=EDGE_CURVE('',#3293,#3295,#3296,.T.);
#2725=EDGE_CURVE('',#3297,#3295,#3298,.T.);
#2726=EDGE_CURVE('',#3299,#3297,#3300,.T.);
#2727=EDGE_CURVE('',#3299,#3253,#3301,.T.);
#2728=EDGE_CURVE('',#3302,#3303,#3304,.T.);
#2729=EDGE_CURVE('',#3303,#3302,#3305,.T.);
#2730=EDGE_CURVE('',#3306,#3307,#3308,.T.);
#2731=EDGE_CURVE('',#3307,#3306,#3309,.T.);
#2732=EDGE_CURVE('',#3310,#3311,#3312,.T.);
#2733=EDGE_CURVE('',#3311,#3310,#3313,.T.);
#2734=EDGE_CURVE('',#3314,#3315,#3316,.T.);
#2735=EDGE_CURVE('',#3315,#3314,#3317,.T.);
#2736=EDGE_CURVE('',#3310,#3318,#3319,.T.);
#2737=EDGE_CURVE('',#3320,#3318,#3321,.T.);
#2738=EDGE_CURVE('',#3311,#3320,#3322,.T.);
#2739=EDGE_CURVE('',#3318,#3320,#3323,.T.);
#2740=EDGE_CURVE('',#3320,#3324,#3325,.T.);
#2741=EDGE_CURVE('',#3326,#3324,#3327,.T.);
#2742=EDGE_CURVE('',#3318,#3326,#3328,.T.);
#2743=EDGE_CURVE('',#3324,#3326,#3329,.T.);
#2744=EDGE_CURVE('',#3324,#3330,#3331,.T.);
#2745=EDGE_CURVE('',#3326,#3332,#3333,.T.);
#2746=EDGE_CURVE('',#3330,#3332,#3334,.T.);
#2747=EDGE_CURVE('',#3335,#3330,#3336,.T.);
#2748=EDGE_CURVE('',#3337,#3332,#3338,.T.);
#2749=EDGE_CURVE('',#3335,#3337,#3339,.T.);
#2750=EDGE_CURVE('',#3337,#3335,#3340,.T.);
#2751=EDGE_CURVE('',#3332,#3330,#3341,.T.);
#2752=EDGE_CURVE('',#3302,#3342,#3343,.T.);
#2753=EDGE_CURVE('',#3344,#3342,#3345,.T.);
#2754=EDGE_CURVE('',#3303,#3344,#3346,.T.);
#2755=EDGE_CURVE('',#3342,#3344,#3347,.T.);
#2756=EDGE_CURVE('',#3344,#3348,#3349,.T.);
#2757=EDGE_CURVE('',#3350,#3348,#3351,.T.);
#2758=EDGE_CURVE('',#3342,#3350,#3352,.T.);
#2759=EDGE_CURVE('',#3348,#3350,#3353,.T.);
#2760=EDGE_CURVE('',#3348,#3354,#3355,.T.);
#2761=EDGE_CURVE('',#3350,#3356,#3357,.T.);
#2762=EDGE_CURVE('',#3354,#3356,#3358,.T.);
#2763=EDGE_CURVE('',#3359,#3354,#3360,.T.);
#2764=EDGE_CURVE('',#3361,#3356,#3362,.T.);
#2765=EDGE_CURVE('',#3359,#3361,#3363,.T.);
#2766=EDGE_CURVE('',#3361,#3359,#3364,.T.);
#2767=EDGE_CURVE('',#3356,#3354,#3365,.T.);
#2768=EDGE_CURVE('',#3306,#3366,#3367,.T.);
#2769=EDGE_CURVE('',#3368,#3366,#3369,.T.);
#2770=EDGE_CURVE('',#3307,#3368,#3370,.T.);
#2771=EDGE_CURVE('',#3366,#3368,#3371,.T.);
#2772=EDGE_CURVE('',#3368,#3372,#3373,.T.);
#2773=EDGE_CURVE('',#3374,#3372,#3375,.T.);
#2774=EDGE_CURVE('',#3366,#3374,#3376,.T.);
#2775=EDGE_CURVE('',#3372,#3374,#3377,.T.);
#2776=EDGE_CURVE('',#3372,#3378,#3379,.T.);
#2777=EDGE_CURVE('',#3374,#3380,#3381,.T.);
#2778=EDGE_CURVE('',#3378,#3380,#3382,.T.);
#2779=EDGE_CURVE('',#3383,#3378,#3384,.T.);
#2780=EDGE_CURVE('',#3385,#3380,#3386,.T.);
#2781=EDGE_CURVE('',#3383,#3385,#3387,.T.);
#2782=EDGE_CURVE('',#3385,#3383,#3388,.T.);
#2783=EDGE_CURVE('',#3380,#3378,#3389,.T.);
#2784=EDGE_CURVE('',#3267,#3390,#3391,.T.);
#2785=EDGE_CURVE('',#3392,#3390,#3393,.T.);
#2786=EDGE_CURVE('',#3392,#3394,#3395,.T.);
#2787=EDGE_CURVE('',#3269,#3394,#3396,.T.);
#2788=EDGE_CURVE('',#3275,#3397,#3398,.T.);
#2789=EDGE_CURVE('',#3399,#3397,#3400,.T.);
#2790=EDGE_CURVE('',#3401,#3399,#3402,.T.);
#2791=EDGE_CURVE('',#3401,#3403,#3404,.T.);
#2792=EDGE_CURVE('',#3277,#3403,#3405,.T.);
#2793=EDGE_CURVE('',#3283,#3406,#3407,.T.);
#2794=EDGE_CURVE('',#3408,#3406,#3409,.T.);
#2795=EDGE_CURVE('',#3410,#3408,#3411,.T.);
#2796=EDGE_CURVE('',#3410,#3412,#3413,.T.);
#2797=EDGE_CURVE('',#3285,#3412,#3414,.T.);
#2798=EDGE_CURVE('',#3291,#3415,#3416,.T.);
#2799=EDGE_CURVE('',#3417,#3415,#3418,.T.);
#2800=EDGE_CURVE('',#3419,#3417,#3420,.T.);
#2801=EDGE_CURVE('',#3419,#3421,#3422,.T.);
#2802=EDGE_CURVE('',#3293,#3421,#3423,.T.);
#2803=EDGE_CURVE('',#3424,#3425,#3426,.T.);
#2804=EDGE_CURVE('',#3253,#3424,#3427,.T.);
#2805=EDGE_CURVE('',#3299,#3428,#3429,.T.);
#2806=EDGE_CURVE('',#3425,#3428,#3430,.T.);
#2807=EDGE_CURVE('',#3394,#3431,#3432,.T.);
#2808=EDGE_CURVE('',#3271,#3431,#3433,.T.);
#2809=EDGE_CURVE('',#3434,#3435,#3436,.T.);
#2810=EDGE_CURVE('',#3435,#3437,#3438,.T.);
#2811=EDGE_CURVE('',#3437,#3439,#3440,.T.);
#2812=EDGE_CURVE('',#3439,#3289,#3441,.T.);
#2813=EDGE_CURVE('',#3287,#3442,#3443,.T.);
#2814=EDGE_CURVE('',#3442,#3444,#3445,.T.);
#2815=EDGE_CURVE('',#3444,#3446,#3447,.T.);
#2816=EDGE_CURVE('',#3446,#3448,#3449,.T.);
#2817=EDGE_CURVE('',#3448,#3281,#3450,.T.);
#2818=EDGE_CURVE('',#3279,#3451,#3452,.T.);
#2819=EDGE_CURVE('',#3451,#3453,#3454,.T.);
#2820=EDGE_CURVE('',#3453,#3455,#3456,.T.);
#2821=EDGE_CURVE('',#3455,#3457,#3458,.T.);
#2822=EDGE_CURVE('',#3457,#3273,#3459,.T.);
#2823=EDGE_CURVE('',#3431,#3460,#3461,.T.);
#2824=EDGE_CURVE('',#3460,#3462,#3463,.T.);
#2825=EDGE_CURVE('',#3462,#3464,#3465,.T.);
#2826=EDGE_CURVE('',#3466,#3464,#3467,.T.);
#2827=EDGE_CURVE('',#3468,#3466,#3469,.T.);
#2828=EDGE_CURVE('',#3468,#3470,#3471,.T.);
#2829=EDGE_CURVE('',#3470,#3472,#3473,.T.);
#2830=EDGE_CURVE('',#3472,#3297,#3474,.T.);
#2831=EDGE_CURVE('',#3295,#3434,#3475,.T.);
#2832=EDGE_CURVE('',#3421,#3434,#3476,.T.);
#2833=EDGE_CURVE('',#3419,#3477,#3478,.T.);
#2834=EDGE_CURVE('',#3477,#3435,#3479,.T.);
#2835=EDGE_CURVE('',#3480,#3481,#3482,.T.);
#2836=EDGE_CURVE('',#3481,#3462,#3483,.T.);
#2837=EDGE_CURVE('',#3480,#3460,#3484,.T.);
#2838=EDGE_CURVE('',#3485,#3486,#3487,.T.);
#2839=EDGE_CURVE('',#3486,#3455,#3488,.T.);
#2840=EDGE_CURVE('',#3485,#3453,#3489,.T.);
#2841=EDGE_CURVE('',#3490,#3491,#3492,.T.);
#2842=EDGE_CURVE('',#3491,#3446,#3493,.T.);
#2843=EDGE_CURVE('',#3490,#3444,#3494,.T.);
#2844=EDGE_CURVE('',#3477,#3495,#3496,.T.);
#2845=EDGE_CURVE('',#3495,#3437,#3497,.T.);
#2846=EDGE_CURVE('',#3498,#3468,#3499,.T.);
#2847=EDGE_CURVE('',#3498,#3500,#3501,.T.);
#2848=EDGE_CURVE('',#3500,#3470,#3502,.T.);
#2849=EDGE_CURVE('',#3392,#3480,#3503,.T.);
#2850=EDGE_CURVE('',#3390,#3481,#3504,.T.);
#2851=EDGE_CURVE('',#3399,#3486,#3505,.T.);
#2852=EDGE_CURVE('',#3401,#3485,#3506,.T.);
#2853=EDGE_CURVE('',#3408,#3491,#3507,.T.);
#2854=EDGE_CURVE('',#3410,#3490,#3508,.T.);
#2855=EDGE_CURVE('',#3417,#3495,#3509,.T.);
#2856=EDGE_CURVE('',#3424,#3498,#3510,.T.);
#2857=EDGE_CURVE('',#3425,#3500,#3511,.T.);
#2858=EDGE_CURVE('',#3265,#3512,#3513,.T.);
#2859=EDGE_CURVE('',#3464,#3512,#3514,.T.);
#2860=EDGE_CURVE('',#3515,#3516,#3517,.T.);
#2861=EDGE_CURVE('',#3518,#3516,#3519,.T.);
#2862=EDGE_CURVE('',#3520,#3518,#3521,.T.);
#2863=EDGE_CURVE('',#3520,#3466,#3522,.T.);
#2864=EDGE_CURVE('',#3512,#3523,#3524,.T.);
#2865=EDGE_CURVE('',#3523,#3525,#3526,.T.);
#2866=EDGE_CURVE('',#3527,#3525,#3528,.T.);
#2867=EDGE_CURVE('',#3527,#3529,#3530,.T.);
#2868=EDGE_CURVE('',#3529,#3515,#3531,.T.);
#2869=EDGE_CURVE('',#3532,#3533,#3534,.T.);
#2870=EDGE_CURVE('',#3535,#3533,#3536,.T.);
#2871=EDGE_CURVE('',#3535,#3537,#3538,.T.);
#2872=EDGE_CURVE('',#3537,#3539,#3540,.T.);
#2873=EDGE_CURVE('',#3539,#3541,#3542,.T.);
#2874=EDGE_CURVE('',#3541,#3543,#3544,.T.);
#2875=EDGE_CURVE('',#3543,#3545,#3546,.T.);
#2876=EDGE_CURVE('',#3545,#3532,#3547,.T.);
#2877=EDGE_CURVE('',#3515,#3548,#3549,.T.);
#2878=EDGE_CURVE('',#3550,#3529,#3551,.T.);
#2879=EDGE_CURVE('',#3550,#3548,#3552,.T.);
#2880=EDGE_CURVE('',#3553,#3554,#3555,.T.);
#2881=EDGE_CURVE('',#3556,#3553,#3557,.T.);
#2882=EDGE_CURVE('',#3556,#3558,#3559,.T.);
#2883=EDGE_CURVE('',#3558,#3560,#3561,.T.);
#2884=EDGE_CURVE('',#3562,#3560,#3563,.T.);
#2885=EDGE_CURVE('',#3564,#3562,#3565,.T.);
#2886=EDGE_CURVE('',#3564,#3566,#3567,.T.);
#2887=EDGE_CURVE('',#3566,#3568,#3569,.T.);
#2888=EDGE_CURVE('',#3570,#3568,#3571,.T.);
#2889=EDGE_CURVE('',#3572,#3570,#3573,.T.);
#2890=EDGE_CURVE('',#3548,#3572,#3574,.T.);
#2891=EDGE_CURVE('',#3550,#3575,#3576,.T.);
#2892=EDGE_CURVE('',#3577,#3575,#3578,.T.);
#2893=EDGE_CURVE('',#3577,#3579,#3580,.T.);
#2894=EDGE_CURVE('',#3579,#3554,#3581,.T.);
#2895=EDGE_CURVE('',#3579,#3582,#3583,.T.);
#2896=EDGE_CURVE('',#3582,#3584,#3585,.T.);
#2897=EDGE_CURVE('',#3584,#3554,#3586,.T.);
#2898=EDGE_CURVE('',#3558,#3587,#3588,.T.);
#2899=EDGE_CURVE('',#3587,#3589,#3590,.T.);
#2900=EDGE_CURVE('',#3589,#3560,#3591,.T.);
#2901=EDGE_CURVE('',#3566,#3592,#3593,.T.);
#2902=EDGE_CURVE('',#3592,#3594,#3595,.T.);
#2903=EDGE_CURVE('',#3594,#3568,#3596,.T.);
#2904=EDGE_CURVE('',#3597,#3584,#3598,.T.);
#2905=EDGE_CURVE('',#3597,#3553,#3599,.T.);
#2906=EDGE_CURVE('',#3575,#3600,#3601,.T.);
#2907=EDGE_CURVE('',#3600,#3602,#3603,.T.);
#2908=EDGE_CURVE('',#3604,#3602,#3605,.T.);
#2909=EDGE_CURVE('',#3604,#3606,#3607,.T.);
#2910=EDGE_CURVE('',#3606,#3608,#3609,.T.);
#2911=EDGE_CURVE('',#3608,#3610,#3611,.T.);
#2912=EDGE_CURVE('',#3610,#3612,#3613,.T.);
#2913=EDGE_CURVE('',#3612,#3614,#3615,.T.);
#2914=EDGE_CURVE('',#3614,#3572,#3616,.T.);
#2915=EDGE_CURVE('',#3617,#3570,#3618,.T.);
#2916=EDGE_CURVE('',#3619,#3617,#3620,.T.);
#2917=EDGE_CURVE('',#3564,#3619,#3621,.T.);
#2918=EDGE_CURVE('',#3622,#3562,#3623,.T.);
#2919=EDGE_CURVE('',#3624,#3622,#3625,.T.);
#2920=EDGE_CURVE('',#3556,#3624,#3626,.T.);
#2921=EDGE_CURVE('',#3627,#3597,#3628,.T.);
#2922=EDGE_CURVE('',#3577,#3627,#3629,.T.);
#2923=EDGE_CURVE('',#3630,#3631,#3632,.T.);
#2924=EDGE_CURVE('',#3631,#3630,#3633,.T.);
#2925=EDGE_CURVE('',#3634,#3635,#3636,.T.);
#2926=EDGE_CURVE('',#3635,#3634,#3637,.T.);
#2927=EDGE_CURVE('',#3638,#3639,#3640,.T.);
#2928=EDGE_CURVE('',#3639,#3638,#3641,.T.);
#2929=EDGE_CURVE('',#3642,#3643,#3644,.T.);
#2930=EDGE_CURVE('',#3643,#3642,#3645,.T.);
#2931=EDGE_CURVE('',#3627,#3582,#3646,.T.);
#2932=EDGE_CURVE('',#3624,#3587,#3647,.T.);
#2933=EDGE_CURVE('',#3622,#3589,#3648,.T.);
#2934=EDGE_CURVE('',#3619,#3592,#3649,.T.);
#2935=EDGE_CURVE('',#3617,#3594,#3650,.T.);
#2936=EDGE_CURVE('',#3516,#3614,#3651,.T.);
#2937=EDGE_CURVE('',#3652,#3653,#3654,.T.);
#2938=EDGE_CURVE('',#3653,#3655,#3656,.T.);
#2939=EDGE_CURVE('',#3655,#3518,#3657,.T.);
#2940=EDGE_CURVE('',#3612,#3652,#3658,.T.);
#2941=EDGE_CURVE('',#3543,#3659,#3660,.T.);
#2942=EDGE_CURVE('',#3659,#3661,#3662,.T.);
#2943=EDGE_CURVE('',#3661,#3663,#3664,.T.);
#2944=EDGE_CURVE('',#3610,#3663,#3665,.T.);
#2945=EDGE_CURVE('',#3666,#3608,#3667,.T.);
#2946=EDGE_CURVE('',#3666,#3545,#3668,.T.);
#2947=EDGE_CURVE('',#3669,#3652,#3670,.T.);
#2948=EDGE_CURVE('',#3255,#3612,#3671,.T.);
#2949=EDGE_CURVE('',#3252,#3669,#3672,.T.);
#2950=EDGE_CURVE('',#3673,#3539,#3674,.T.);
#2951=EDGE_CURVE('',#3673,#3675,#3676,.T.);
#2952=EDGE_CURVE('',#3675,#3677,#3678,.T.);
#2953=EDGE_CURVE('',#3679,#3677,#3680,.T.);
#2954=EDGE_CURVE('',#3681,#3679,#3682,.T.);
#2955=EDGE_CURVE('',#3541,#3681,#3683,.T.);
#2956=EDGE_CURVE('',#3684,#3520,#3685,.T.);
#2957=EDGE_CURVE('',#3686,#3684,#3687,.T.);
#2958=EDGE_CURVE('',#3669,#3686,#3688,.T.);
#2959=EDGE_CURVE('',#3681,#3659,#3689,.T.);
#2960=EDGE_CURVE('',#3679,#3661,#3690,.T.);
#2961=EDGE_CURVE('',#3677,#3663,#3691,.T.);
#2962=EDGE_CURVE('',#3675,#3692,#3693,.T.);
#2963=EDGE_CURVE('',#3610,#3692,#3694,.T.);
#2964=EDGE_CURVE('',#3257,#3692,#3695,.T.);
#2965=EDGE_CURVE('',#3692,#3696,#3697,.T.);
#2966=EDGE_CURVE('',#3259,#3696,#3698,.T.);
#2967=EDGE_CURVE('',#3604,#3696,#3699,.T.);
#2968=EDGE_CURVE('',#3261,#3602,#3700,.T.);
#2969=EDGE_CURVE('',#3701,#3249,#3702,.T.);
#2970=EDGE_CURVE('',#3703,#3701,#3704,.T.);
#2971=EDGE_CURVE('',#3705,#3703,#3706,.T.);
#2972=EDGE_CURVE('',#3705,#3707,#3708,.T.);
#2973=EDGE_CURVE('',#3709,#3707,#3710,.T.);
#2974=EDGE_CURVE('',#3711,#3709,#3712,.T.);
#2975=EDGE_CURVE('',#3713,#3711,#3714,.T.);
#2976=EDGE_CURVE('',#3239,#3713,#3715,.T.);
#2977=EDGE_CURVE('',#3716,#3236,#3717,.T.);
#2978=EDGE_CURVE('',#3718,#3716,#3719,.T.);
#2979=EDGE_CURVE('',#3720,#3718,#3721,.T.);
#2980=EDGE_CURVE('',#3722,#3720,#3723,.T.);
#2981=EDGE_CURVE('',#3724,#3722,#3725,.T.);
#2982=EDGE_CURVE('',#3726,#3724,#3727,.T.);
#2983=EDGE_CURVE('',#3728,#3726,#3729,.T.);
#2984=EDGE_CURVE('',#3730,#3728,#3731,.T.);
#2985=EDGE_CURVE('',#3732,#3730,#3733,.T.);
#2986=EDGE_CURVE('',#3734,#3732,#3735,.T.);
#2987=EDGE_CURVE('',#3736,#3734,#3737,.T.);
#2988=EDGE_CURVE('',#3738,#3736,#3739,.T.);
#2989=EDGE_CURVE('',#3740,#3738,#3741,.T.);
#2990=EDGE_CURVE('',#3742,#3740,#3743,.T.);
#2991=EDGE_CURVE('',#3744,#3742,#3745,.T.);
#2992=EDGE_CURVE('',#3746,#3744,#3747,.T.);
#2993=EDGE_CURVE('',#3748,#3746,#3749,.T.);
#2994=EDGE_CURVE('',#3750,#3748,#3751,.T.);
#2995=EDGE_CURVE('',#3752,#3750,#3753,.T.);
#2996=EDGE_CURVE('',#3754,#3752,#3755,.T.);
#2997=EDGE_CURVE('',#3756,#3754,#3757,.T.);
#2998=EDGE_CURVE('',#3758,#3756,#3759,.T.);
#2999=EDGE_CURVE('',#3760,#3758,#3761,.T.);
#3000=EDGE_CURVE('',#3762,#3760,#3763,.T.);
#3001=EDGE_CURVE('',#3764,#3762,#3765,.T.);
#3002=EDGE_CURVE('',#3766,#3764,#3767,.T.);
#3003=EDGE_CURVE('',#3768,#3766,#3769,.T.);
#3004=EDGE_CURVE('',#3770,#3768,#3771,.T.);
#3005=EDGE_CURVE('',#3772,#3770,#3773,.T.);
#3006=EDGE_CURVE('',#3774,#3772,#3775,.T.);
#3007=EDGE_CURVE('',#3776,#3774,#3777,.T.);
#3008=EDGE_CURVE('',#3778,#3776,#3779,.T.);
#3009=EDGE_CURVE('',#3780,#3778,#3781,.T.);
#3010=EDGE_CURVE('',#3782,#3780,#3783,.T.);
#3011=EDGE_CURVE('',#3784,#3782,#3785,.T.);
#3012=EDGE_CURVE('',#3786,#3784,#3787,.T.);
#3013=EDGE_CURVE('',#3786,#3245,#3788,.T.);
#3014=EDGE_CURVE('',#3602,#3789,#3790,.T.);
#3015=EDGE_CURVE('',#3791,#3789,#3792,.T.);
#3016=EDGE_CURVE('',#3263,#3791,#3793,.T.);
#3017=EDGE_CURVE('',#3791,#3794,#3795,.T.);
#3018=EDGE_CURVE('',#3794,#3796,#3797,.T.);
#3019=EDGE_CURVE('',#3796,#3523,#3798,.T.);
#3020=EDGE_CURVE('',#3799,#3800,#3801,.T.);
#3021=EDGE_CURVE('',#3800,#3802,#3803,.T.);
#3022=EDGE_CURVE('',#3804,#3802,#3805,.T.);
#3023=EDGE_CURVE('',#3806,#3804,#3807,.T.);
#3024=EDGE_CURVE('',#3806,#3537,#3808,.T.);
#3025=EDGE_CURVE('',#3535,#3799,#3809,.T.);
#3026=EDGE_CURVE('',#3810,#3525,#3811,.T.);
#3027=EDGE_CURVE('',#3796,#3810,#3812,.T.);
#3028=EDGE_CURVE('',#3813,#3810,#3814,.T.);
#3029=EDGE_CURVE('',#3794,#3813,#3815,.T.);
#3030=EDGE_CURVE('',#3789,#3813,#3816,.T.);
#3031=EDGE_CURVE('',#3527,#3600,#3817,.T.);
#3032=EDGE_CURVE('',#3604,#3818,#3819,.T.);
#3033=EDGE_CURVE('',#3820,#3818,#3821,.T.);
#3034=EDGE_CURVE('',#3822,#3820,#3823,.T.);
#3035=EDGE_CURVE('',#3533,#3822,#3824,.T.);
#3036=EDGE_CURVE('',#3532,#3825,#3826,.T.);
#3037=EDGE_CURVE('',#3825,#3606,#3827,.T.);
#3038=EDGE_CURVE('',#3666,#3825,#3828,.T.);
#3039=EDGE_CURVE('',#3799,#3822,#3829,.T.);
#3040=EDGE_CURVE('',#3800,#3820,#3830,.T.);
#3041=EDGE_CURVE('',#3802,#3818,#3831,.T.);
#3042=EDGE_CURVE('',#3804,#3696,#3832,.T.);
#3043=EDGE_CURVE('',#3806,#3673,#3833,.T.);
#3044=EDGE_CURVE('',#3786,#3834,#3835,.T.);
#3045=EDGE_CURVE('',#3244,#3834,#3836,.T.);
#3046=EDGE_CURVE('',#3837,#3247,#3838,.T.);
#3047=EDGE_CURVE('',#3701,#3837,#3839,.T.);
#3048=EDGE_CURVE('',#3840,#3837,#3841,.T.);
#3049=EDGE_CURVE('',#3703,#3840,#3842,.T.);
#3050=EDGE_CURVE('',#3843,#3840,#3844,.T.);
#3051=EDGE_CURVE('',#3705,#3843,#3845,.T.);
#3052=EDGE_CURVE('',#3846,#3843,#3847,.T.);
#3053=EDGE_CURVE('',#3707,#3846,#3848,.T.);
#3054=EDGE_CURVE('',#3849,#3846,#3850,.T.);
#3055=EDGE_CURVE('',#3709,#3849,#3851,.T.);
#3056=EDGE_CURVE('',#3852,#3849,#3853,.T.);
#3057=EDGE_CURVE('',#3711,#3852,#3854,.T.);
#3058=EDGE_CURVE('',#3855,#3852,#3856,.T.);
#3059=EDGE_CURVE('',#3713,#3855,#3857,.T.);
#3060=EDGE_CURVE('',#3241,#3855,#3858,.T.);
#3061=EDGE_CURVE('',#3859,#3237,#3860,.T.);
#3062=EDGE_CURVE('',#3716,#3859,#3861,.T.);
#3063=EDGE_CURVE('',#3862,#3859,#3863,.T.);
#3064=EDGE_CURVE('',#3718,#3862,#3864,.T.);
#3065=EDGE_CURVE('',#3865,#3862,#3866,.T.);
#3066=EDGE_CURVE('',#3720,#3865,#3867,.T.);
#3067=EDGE_CURVE('',#3868,#3865,#3869,.T.);
#3068=EDGE_CURVE('',#3722,#3868,#3870,.T.);
#3069=EDGE_CURVE('',#3871,#3868,#3872,.T.);
#3070=EDGE_CURVE('',#3724,#3871,#3873,.T.);
#3071=EDGE_CURVE('',#3874,#3871,#3875,.T.);
#3072=EDGE_CURVE('',#3726,#3874,#3876,.T.);
#3073=EDGE_CURVE('',#3877,#3874,#3878,.T.);
#3074=EDGE_CURVE('',#3728,#3877,#3879,.T.);
#3075=EDGE_CURVE('',#3880,#3877,#3881,.T.);
#3076=EDGE_CURVE('',#3730,#3880,#3882,.T.);
#3077=EDGE_CURVE('',#3883,#3880,#3884,.T.);
#3078=EDGE_CURVE('',#3732,#3883,#3885,.T.);
#3079=EDGE_CURVE('',#3886,#3883,#3887,.T.);
#3080=EDGE_CURVE('',#3734,#3886,#3888,.T.);
#3081=EDGE_CURVE('',#3889,#3886,#3890,.T.);
#3082=EDGE_CURVE('',#3736,#3889,#3891,.T.);
#3083=EDGE_CURVE('',#3892,#3889,#3893,.T.);
#3084=EDGE_CURVE('',#3738,#3892,#3894,.T.);
#3085=EDGE_CURVE('',#3895,#3892,#3896,.T.);
#3086=EDGE_CURVE('',#3740,#3895,#3897,.T.);
#3087=EDGE_CURVE('',#3898,#3895,#3899,.T.);
#3088=EDGE_CURVE('',#3742,#3898,#3900,.T.);
#3089=EDGE_CURVE('',#3901,#3898,#3902,.T.);
#3090=EDGE_CURVE('',#3744,#3901,#3903,.T.);
#3091=EDGE_CURVE('',#3904,#3901,#3905,.T.);
#3092=EDGE_CURVE('',#3746,#3904,#3906,.T.);
#3093=EDGE_CURVE('',#3907,#3904,#3908,.T.);
#3094=EDGE_CURVE('',#3748,#3907,#3909,.T.);
#3095=EDGE_CURVE('',#3910,#3907,#3911,.T.);
#3096=EDGE_CURVE('',#3750,#3910,#3912,.T.);
#3097=EDGE_CURVE('',#3913,#3910,#3914,.T.);
#3098=EDGE_CURVE('',#3752,#3913,#3915,.T.);
#3099=EDGE_CURVE('',#3916,#3913,#3917,.T.);
#3100=EDGE_CURVE('',#3754,#3916,#3918,.T.);
#3101=EDGE_CURVE('',#3919,#3916,#3920,.T.);
#3102=EDGE_CURVE('',#3756,#3919,#3921,.T.);
#3103=EDGE_CURVE('',#3922,#3919,#3923,.T.);
#3104=EDGE_CURVE('',#3758,#3922,#3924,.T.);
#3105=EDGE_CURVE('',#3925,#3922,#3926,.T.);
#3106=EDGE_CURVE('',#3760,#3925,#3927,.T.);
#3107=EDGE_CURVE('',#3928,#3925,#3929,.T.);
#3108=EDGE_CURVE('',#3762,#3928,#3930,.T.);
#3109=EDGE_CURVE('',#3931,#3928,#3932,.T.);
#3110=EDGE_CURVE('',#3764,#3931,#3933,.T.);
#3111=EDGE_CURVE('',#3934,#3931,#3935,.T.);
#3112=EDGE_CURVE('',#3766,#3934,#3936,.T.);
#3113=EDGE_CURVE('',#3937,#3934,#3938,.T.);
#3114=EDGE_CURVE('',#3768,#3937,#3939,.T.);
#3115=EDGE_CURVE('',#3940,#3937,#3941,.T.);
#3116=EDGE_CURVE('',#3770,#3940,#3942,.T.);
#3117=EDGE_CURVE('',#3943,#3940,#3944,.T.);
#3118=EDGE_CURVE('',#3772,#3943,#3945,.T.);
#3119=EDGE_CURVE('',#3946,#3943,#3947,.T.);
#3120=EDGE_CURVE('',#3774,#3946,#3948,.T.);
#3121=EDGE_CURVE('',#3949,#3946,#3950,.T.);
#3122=EDGE_CURVE('',#3776,#3949,#3951,.T.);
#3123=EDGE_CURVE('',#3952,#3949,#3953,.T.);
#3124=EDGE_CURVE('',#3778,#3952,#3954,.T.);
#3125=EDGE_CURVE('',#3955,#3952,#3956,.T.);
#3126=EDGE_CURVE('',#3780,#3955,#3957,.T.);
#3127=EDGE_CURVE('',#3958,#3955,#3959,.T.);
#3128=EDGE_CURVE('',#3782,#3958,#3960,.T.);
#3129=EDGE_CURVE('',#3961,#3958,#3962,.T.);
#3130=EDGE_CURVE('',#3784,#3961,#3963,.T.);
#3131=EDGE_CURVE('',#3834,#3961,#3964,.T.);
#3132=EDGE_CURVE('',#3686,#3653,#3965,.T.);
#3133=EDGE_CURVE('',#3684,#3655,#3966,.T.);
#3134=EDGE_CURVE('',#3631,#3226,#3967,.T.);
#3135=EDGE_CURVE('',#3630,#3968,#3969,.T.);
#3136=EDGE_CURVE('',#3232,#3968,#3970,.T.);
#3137=EDGE_CURVE('',#3971,#3968,#3972,.T.);
#3138=EDGE_CURVE('',#3231,#3971,#3973,.T.);
#3139=EDGE_CURVE('',#3971,#3224,#3974,.T.);
#3140=EDGE_CURVE('',#3968,#3223,#3975,.T.);
#3141=EDGE_CURVE('',#3635,#3213,#3976,.T.);
#3142=EDGE_CURVE('',#3634,#3977,#3978,.T.);
#3143=EDGE_CURVE('',#3219,#3977,#3979,.T.);
#3144=EDGE_CURVE('',#3980,#3977,#3981,.T.);
#3145=EDGE_CURVE('',#3218,#3980,#3982,.T.);
#3146=EDGE_CURVE('',#3980,#3211,#3983,.T.);
#3147=EDGE_CURVE('',#3977,#3210,#3984,.T.);
#3148=EDGE_CURVE('',#3639,#3200,#3985,.T.);
#3149=EDGE_CURVE('',#3638,#3986,#3987,.T.);
#3150=EDGE_CURVE('',#3206,#3986,#3988,.T.);
#3151=EDGE_CURVE('',#3989,#3986,#3990,.T.);
#3152=EDGE_CURVE('',#3205,#3989,#3991,.T.);
#3153=EDGE_CURVE('',#3989,#3198,#3992,.T.);
#3154=EDGE_CURVE('',#3986,#3197,#3993,.T.);
#3155=EDGE_CURVE('',#3643,#3187,#3994,.T.);
#3156=EDGE_CURVE('',#3642,#3995,#3996,.T.);
#3157=EDGE_CURVE('',#3193,#3995,#3997,.T.);
#3158=EDGE_CURVE('',#3998,#3995,#3999,.T.);
#3159=EDGE_CURVE('',#3192,#3998,#4000,.T.);
#3160=EDGE_CURVE('',#3998,#3185,#4001,.T.);
#3161=EDGE_CURVE('',#3995,#3184,#4002,.T.);
#3162=EDGE_CURVE('',#3403,#3451,#4003,.T.);
#3163=EDGE_CURVE('',#3397,#3457,#4004,.T.);
#3164=EDGE_CURVE('',#3412,#3442,#4005,.T.);
#3165=EDGE_CURVE('',#3406,#3448,#4006,.T.);
#3166=EDGE_CURVE('',#3415,#3439,#4007,.T.);
#3167=EDGE_CURVE('',#3428,#3472,#4008,.T.);
#3168=EDGE_CURVE('',#3314,#4009,#4010,.T.);
#3169=EDGE_CURVE('',#4011,#4009,#4012,.T.);
#3170=EDGE_CURVE('',#3315,#4011,#4013,.T.);
#3171=EDGE_CURVE('',#4009,#4011,#4014,.T.);
#3172=EDGE_CURVE('',#4011,#4015,#4016,.T.);
#3173=EDGE_CURVE('',#4017,#4015,#4018,.T.);
#3174=EDGE_CURVE('',#4009,#4017,#4019,.T.);
#3175=EDGE_CURVE('',#4015,#4017,#4020,.T.);
#3176=EDGE_CURVE('',#4015,#4021,#4022,.T.);
#3177=EDGE_CURVE('',#4017,#4023,#4024,.T.);
#3178=EDGE_CURVE('',#4021,#4023,#4025,.T.);
#3179=EDGE_CURVE('',#4026,#4021,#4027,.T.);
#3180=EDGE_CURVE('',#4028,#4023,#4029,.T.);
#3181=EDGE_CURVE('',#4026,#4028,#4030,.T.);
#3182=EDGE_CURVE('',#4028,#4026,#4031,.T.);
#3183=EDGE_CURVE('',#4023,#4021,#4032,.T.);
#3184=VERTEX_POINT('',#4033);
#3185=VERTEX_POINT('',#4034);
#3186=LINE('',#4035,#4036);
#3187=VERTEX_POINT('',#4037);
#3188=CIRCLE('',#4038,0.35);
#3189=VERTEX_POINT('',#4039);
#3190=LINE('',#4040,#4041);
#3191=CIRCLE('',#4042,0.25);
#3192=VERTEX_POINT('',#4043);
#3193=VERTEX_POINT('',#4044);
#3194=LINE('',#4045,#4046);
#3195=CIRCLE('',#4047,0.25);
#3196=CIRCLE('',#4048,0.35);
#3197=VERTEX_POINT('',#4049);
#3198=VERTEX_POINT('',#4050);
#3199=LINE('',#4051,#4052);
#3200=VERTEX_POINT('',#4053);
#3201=CIRCLE('',#4054,0.35);
#3202=VERTEX_POINT('',#4055);
#3203=LINE('',#4056,#4057);
#3204=CIRCLE('',#4058,0.25);
#3205=VERTEX_POINT('',#4059);
#3206=VERTEX_POINT('',#4060);
#3207=LINE('',#4061,#4062);
#3208=CIRCLE('',#4063,0.25);
#3209=CIRCLE('',#4064,0.35);
#3210=VERTEX_POINT('',#4065);
#3211=VERTEX_POINT('',#4066);
#3212=LINE('',#4067,#4068);
#3213=VERTEX_POINT('',#4069);
#3214=CIRCLE('',#4070,0.35);
#3215=VERTEX_POINT('',#4071);
#3216=LINE('',#4072,#4073);
#3217=CIRCLE('',#4074,0.25);
#3218=VERTEX_POINT('',#4075);
#3219=VERTEX_POINT('',#4076);
#3220=LINE('',#4077,#4078);
#3221=CIRCLE('',#4079,0.25);
#3222=CIRCLE('',#4080,0.35);
#3223=VERTEX_POINT('',#4081);
#3224=VERTEX_POINT('',#4082);
#3225=LINE('',#4083,#4084);
#3226=VERTEX_POINT('',#4085);
#3227=CIRCLE('',#4086,0.35);
#3228=VERTEX_POINT('',#4087);
#3229=LINE('',#4088,#4089);
#3230=CIRCLE('',#4090,0.25);
#3231=VERTEX_POINT('',#4091);
#3232=VERTEX_POINT('',#4092);
#3233=LINE('',#4093,#4094);
#3234=CIRCLE('',#4095,0.25);
#3235=CIRCLE('',#4096,0.35);
#3236=VERTEX_POINT('',#4097);
#3237=VERTEX_POINT('',#4098);
#3238=LINE('',#4099,#4100);
#3239=VERTEX_POINT('',#4101);
#3240=CIRCLE('',#4102,0.038);
#3241=VERTEX_POINT('',#4103);
#3242=LINE('',#4104,#4105);
#3243=CIRCLE('',#4106,0.038);
#3244=VERTEX_POINT('',#4107);
#3245=VERTEX_POINT('',#4108);
#3246=LINE('',#4109,#4110);
#3247=VERTEX_POINT('',#4111);
#3248=CIRCLE('',#4112,0.018);
#3249=VERTEX_POINT('',#4113);
#3250=LINE('',#4114,#4115);
#3251=CIRCLE('',#4116,0.018);
#3252=VERTEX_POINT('',#4117);
#3253=VERTEX_POINT('',#4118);
#3254=LINE('',#4119,#4120);
#3255=VERTEX_POINT('',#4121);
#3256=LINE('',#4122,#4123);
#3257=VERTEX_POINT('',#4124);
#3258=LINE('',#4125,#4126);
#3259=VERTEX_POINT('',#4127);
#3260=LINE('',#4128,#4129);
#3261=VERTEX_POINT('',#4130);
#3262=LINE('',#4131,#4132);
#3263=VERTEX_POINT('',#4133);
#3264=LINE('',#4134,#4135);
#3265=VERTEX_POINT('',#4136);
#3266=LINE('',#4137,#4138);
#3267=VERTEX_POINT('',#4139);
#3268=LINE('',#4140,#4141);
#3269=VERTEX_POINT('',#4142);
#3270=LINE('',#4143,#4144);
#3271=VERTEX_POINT('',#4145);
#3272=LINE('',#4146,#4147);
#3273=VERTEX_POINT('',#4148);
#3274=LINE('',#4149,#4150);
#3275=VERTEX_POINT('',#4151);
#3276=LINE('',#4152,#4153);
#3277=VERTEX_POINT('',#4154);
#3278=LINE('',#4155,#4156);
#3279=VERTEX_POINT('',#4157);
#3280=LINE('',#4158,#4159);
#3281=VERTEX_POINT('',#4160);
#3282=LINE('',#4161,#4162);
#3283=VERTEX_POINT('',#4163);
#3284=LINE('',#4164,#4165);
#3285=VERTEX_POINT('',#4166);
#3286=LINE('',#4167,#4168);
#3287=VERTEX_POINT('',#4169);
#3288=LINE('',#4170,#4171);
#3289=VERTEX_POINT('',#4172);
#3290=LINE('',#4173,#4174);
#3291=VERTEX_POINT('',#4175);
#3292=LINE('',#4176,#4177);
#3293=VERTEX_POINT('',#4178);
#3294=LINE('',#4179,#4180);
#3295=VERTEX_POINT('',#4181);
#3296=LINE('',#4182,#4183);
#3297=VERTEX_POINT('',#4184);
#3298=LINE('',#4185,#4186);
#3299=VERTEX_POINT('',#4187);
#3300=LINE('',#4188,#4189);
#3301=LINE('',#4190,#4191);
#3302=VERTEX_POINT('',#4192);
#3303=VERTEX_POINT('',#4193);
#3304=CIRCLE('',#4194,0.35);
#3305=CIRCLE('',#4195,0.35);
#3306=VERTEX_POINT('',#4196);
#3307=VERTEX_POINT('',#4197);
#3308=CIRCLE('',#4198,0.35);
#3309=CIRCLE('',#4199,0.35);
#3310=VERTEX_POINT('',#4200);
#3311=VERTEX_POINT('',#4201);
#3312=CIRCLE('',#4202,0.35);
#3313=CIRCLE('',#4203,0.35);
#3314=VERTEX_POINT('',#4204);
#3315=VERTEX_POINT('',#4205);
#3316=CIRCLE('',#4206,0.35);
#3317=CIRCLE('',#4207,0.35);
#3318=VERTEX_POINT('',#4208);
#3319=LINE('',#4209,#4210);
#3320=VERTEX_POINT('',#4211);
#3321=CIRCLE('',#4212,0.35);
#3322=LINE('',#4213,#4214);
#3323=CIRCLE('',#4215,0.35);
#3324=VERTEX_POINT('',#4216);
#3325=CIRCLE('',#4217,0.1);
#3326=VERTEX_POINT('',#4218);
#3327=CIRCLE('',#4219,0.35);
#3328=CIRCLE('',#4220,0.8);
#3329=CIRCLE('',#4221,0.35);
#3330=VERTEX_POINT('',#4222);
#3331=LINE('',#4223,#4224);
#3332=VERTEX_POINT('',#4225);
#3333=LINE('',#4226,#4227);
#3334=CIRCLE('',#4228,0.35);
#3335=VERTEX_POINT('',#4229);
#3336=LINE('',#4230,#4231);
#3337=VERTEX_POINT('',#4232);
#3338=LINE('',#4233,#4234);
#3339=CIRCLE('',#4235,0.25);
#3340=CIRCLE('',#4236,0.25);
#3341=CIRCLE('',#4237,0.35);
#3342=VERTEX_POINT('',#4238);
#3343=LINE('',#4239,#4240);
#3344=VERTEX_POINT('',#4241);
#3345=CIRCLE('',#4242,0.35);
#3346=LINE('',#4243,#4244);
#3347=CIRCLE('',#4245,0.35);
#3348=VERTEX_POINT('',#4246);
#3349=CIRCLE('',#4247,0.1);
#3350=VERTEX_POINT('',#4248);
#3351=CIRCLE('',#4249,0.35);
#3352=CIRCLE('',#4250,0.8);
#3353=CIRCLE('',#4251,0.35);
#3354=VERTEX_POINT('',#4252);
#3355=LINE('',#4253,#4254);
#3356=VERTEX_POINT('',#4255);
#3357=LINE('',#4256,#4257);
#3358=CIRCLE('',#4258,0.35);
#3359=VERTEX_POINT('',#4259);
#3360=LINE('',#4260,#4261);
#3361=VERTEX_POINT('',#4262);
#3362=LINE('',#4263,#4264);
#3363=CIRCLE('',#4265,0.25);
#3364=CIRCLE('',#4266,0.25);
#3365=CIRCLE('',#4267,0.35);
#3366=VERTEX_POINT('',#4268);
#3367=LINE('',#4269,#4270);
#3368=VERTEX_POINT('',#4271);
#3369=CIRCLE('',#4272,0.35);
#3370=LINE('',#4273,#4274);
#3371=CIRCLE('',#4275,0.35);
#3372=VERTEX_POINT('',#4276);
#3373=CIRCLE('',#4277,0.1);
#3374=VERTEX_POINT('',#4278);
#3375=CIRCLE('',#4279,0.35);
#3376=CIRCLE('',#4280,0.8);
#3377=CIRCLE('',#4281,0.35);
#3378=VERTEX_POINT('',#4282);
#3379=LINE('',#4283,#4284);
#3380=VERTEX_POINT('',#4285);
#3381=LINE('',#4286,#4287);
#3382=CIRCLE('',#4288,0.35);
#3383=VERTEX_POINT('',#4289);
#3384=LINE('',#4290,#4291);
#3385=VERTEX_POINT('',#4292);
#3386=LINE('',#4293,#4294);
#3387=CIRCLE('',#4295,0.25);
#3388=CIRCLE('',#4296,0.25);
#3389=CIRCLE('',#4297,0.35);
#3390=VERTEX_POINT('',#4298);
#3391=LINE('',#4299,#4300);
#3392=VERTEX_POINT('',#4301);
#3393=LINE('',#4302,#4303);
#3394=VERTEX_POINT('',#4304);
#3395=LINE('',#4305,#4306);
#3396=LINE('',#4307,#4308);
#3397=VERTEX_POINT('',#4309);
#3398=LINE('',#4310,#4311);
#3399=VERTEX_POINT('',#4312);
#3400=LINE('',#4313,#4314);
#3401=VERTEX_POINT('',#4315);
#3402=LINE('',#4316,#4317);
#3403=VERTEX_POINT('',#4318);
#3404=LINE('',#4319,#4320);
#3405=LINE('',#4321,#4322);
#3406=VERTEX_POINT('',#4323);
#3407=LINE('',#4324,#4325);
#3408=VERTEX_POINT('',#4326);
#3409=LINE('',#4327,#4328);
#3410=VERTEX_POINT('',#4329);
#3411=LINE('',#4330,#4331);
#3412=VERTEX_POINT('',#4332);
#3413=LINE('',#4333,#4334);
#3414=LINE('',#4335,#4336);
#3415=VERTEX_POINT('',#4337);
#3416=LINE('',#4338,#4339);
#3417=VERTEX_POINT('',#4340);
#3418=LINE('',#4341,#4342);
#3419=VERTEX_POINT('',#4343);
#3420=LINE('',#4344,#4345);
#3421=VERTEX_POINT('',#4346);
#3422=LINE('',#4347,#4348);
#3423=LINE('',#4349,#4350);
#3424=VERTEX_POINT('',#4351);
#3425=VERTEX_POINT('',#4352);
#3426=LINE('',#4353,#4354);
#3427=LINE('',#4355,#4356);
#3428=VERTEX_POINT('',#4357);
#3429=LINE('',#4358,#4359);
#3430=LINE('',#4360,#4361);
#3431=VERTEX_POINT('',#4362);
#3432=LINE('',#4363,#4364);
#3433=LINE('',#4365,#4366);
#3434=VERTEX_POINT('',#4367);
#3435=VERTEX_POINT('',#4368);
#3436=LINE('',#4369,#4370);
#3437=VERTEX_POINT('',#4371);
#3438=LINE('',#4372,#4373);
#3439=VERTEX_POINT('',#4374);
#3440=LINE('',#4375,#4376);
#3441=LINE('',#4377,#4378);
#3442=VERTEX_POINT('',#4379);
#3443=LINE('',#4380,#4381);
#3444=VERTEX_POINT('',#4382);
#3445=LINE('',#4383,#4384);
#3446=VERTEX_POINT('',#4385);
#3447=LINE('',#4386,#4387);
#3448=VERTEX_POINT('',#4388);
#3449=LINE('',#4389,#4390);
#3450=LINE('',#4391,#4392);
#3451=VERTEX_POINT('',#4393);
#3452=LINE('',#4394,#4395);
#3453=VERTEX_POINT('',#4396);
#3454=LINE('',#4397,#4398);
#3455=VERTEX_POINT('',#4399);
#3456=LINE('',#4400,#4401);
#3457=VERTEX_POINT('',#4402);
#3458=LINE('',#4403,#4404);
#3459=LINE('',#4405,#4406);
#3460=VERTEX_POINT('',#4407);
#3461=LINE('',#4408,#4409);
#3462=VERTEX_POINT('',#4410);
#3463=LINE('',#4411,#4412);
#3464=VERTEX_POINT('',#4413);
#3465=LINE('',#4414,#4415);
#3466=VERTEX_POINT('',#4416);
#3467=LINE('',#4417,#4418);
#3468=VERTEX_POINT('',#4419);
#3469=LINE('',#4420,#4421);
#3470=VERTEX_POINT('',#4422);
#3471=LINE('',#4423,#4424);
#3472=VERTEX_POINT('',#4425);
#3473=LINE('',#4426,#4427);
#3474=LINE('',#4428,#4429);
#3475=LINE('',#4430,#4431);
#3476=LINE('',#4432,#4433);
#3477=VERTEX_POINT('',#4434);
#3478=LINE('',#4435,#4436);
#3479=LINE('',#4437,#4438);
#3480=VERTEX_POINT('',#4439);
#3481=VERTEX_POINT('',#4440);
#3482=LINE('',#4441,#4442);
#3483=LINE('',#4443,#4444);
#3484=LINE('',#4445,#4446);
#3485=VERTEX_POINT('',#4447);
#3486=VERTEX_POINT('',#4448);
#3487=LINE('',#4449,#4450);
#3488=LINE('',#4451,#4452);
#3489=LINE('',#4453,#4454);
#3490=VERTEX_POINT('',#4455);
#3491=VERTEX_POINT('',#4456);
#3492=LINE('',#4457,#4458);
#3493=LINE('',#4459,#4460);
#3494=LINE('',#4461,#4462);
#3495=VERTEX_POINT('',#4463);
#3496=LINE('',#4464,#4465);
#3497=LINE('',#4466,#4467);
#3498=VERTEX_POINT('',#4468);
#3499=LINE('',#4469,#4470);
#3500=VERTEX_POINT('',#4471);
#3501=LINE('',#4472,#4473);
#3502=LINE('',#4474,#4475);
#3503=LINE('',#4476,#4477);
#3504=LINE('',#4478,#4479);
#3505=LINE('',#4480,#4481);
#3506=LINE('',#4482,#4483);
#3507=LINE('',#4484,#4485);
#3508=LINE('',#4486,#4487);
#3509=LINE('',#4488,#4489);
#3510=LINE('',#4490,#4491);
#3511=LINE('',#4492,#4493);
#3512=VERTEX_POINT('',#4494);
#3513=LINE('',#4495,#4496);
#3514=LINE('',#4497,#4498);
#3515=VERTEX_POINT('',#4499);
#3516=VERTEX_POINT('',#4500);
#3517=LINE('',#4501,#4502);
#3518=VERTEX_POINT('',#4503);
#3519=LINE('',#4504,#4505);
#3520=VERTEX_POINT('',#4506);
#3521=LINE('',#4507,#4508);
#3522=LINE('',#4509,#4510);
#3523=VERTEX_POINT('',#4511);
#3524=LINE('',#4512,#4513);
#3525=VERTEX_POINT('',#4514);
#3526=LINE('',#4515,#4516);
#3527=VERTEX_POINT('',#4517);
#3528=LINE('',#4518,#4519);
#3529=VERTEX_POINT('',#4520);
#3530=LINE('',#4521,#4522);
#3531=LINE('',#4523,#4524);
#3532=VERTEX_POINT('',#4525);
#3533=VERTEX_POINT('',#4526);
#3534=LINE('',#4527,#4528);
#3535=VERTEX_POINT('',#4529);
#3536=LINE('',#4530,#4531);
#3537=VERTEX_POINT('',#4532);
#3538=LINE('',#4533,#4534);
#3539=VERTEX_POINT('',#4535);
#3540=LINE('',#4536,#4537);
#3541=VERTEX_POINT('',#4538);
#3542=LINE('',#4539,#4540);
#3543=VERTEX_POINT('',#4541);
#3544=LINE('',#4542,#4543);
#3545=VERTEX_POINT('',#4544);
#3546=LINE('',#4545,#4546);
#3547=LINE('',#4547,#4548);
#3548=VERTEX_POINT('',#4549);
#3549=LINE('',#4550,#4551);
#3550=VERTEX_POINT('',#4552);
#3551=LINE('',#4553,#4554);
#3552=LINE('',#4555,#4556);
#3553=VERTEX_POINT('',#4557);
#3554=VERTEX_POINT('',#4558);
#3555=LINE('',#4559,#4560);
#3556=VERTEX_POINT('',#4561);
#3557=LINE('',#4562,#4563);
#3558=VERTEX_POINT('',#4564);
#3559=LINE('',#4565,#4566);
#3560=VERTEX_POINT('',#4567);
#3561=LINE('',#4568,#4569);
#3562=VERTEX_POINT('',#4570);
#3563=LINE('',#4571,#4572);
#3564=VERTEX_POINT('',#4573);
#3565=LINE('',#4574,#4575);
#3566=VERTEX_POINT('',#4576);
#3567=LINE('',#4577,#4578);
#3568=VERTEX_POINT('',#4579);
#3569=LINE('',#4580,#4581);
#3570=VERTEX_POINT('',#4582);
#3571=LINE('',#4583,#4584);
#3572=VERTEX_POINT('',#4585);
#3573=LINE('',#4586,#4587);
#3574=LINE('',#4588,#4589);
#3575=VERTEX_POINT('',#4590);
#3576=LINE('',#4591,#4592);
#3577=VERTEX_POINT('',#4593);
#3578=LINE('',#4594,#4595);
#3579=VERTEX_POINT('',#4596);
#3580=LINE('',#4597,#4598);
#3581=LINE('',#4599,#4600);
#3582=VERTEX_POINT('',#4601);
#3583=LINE('',#4602,#4603);
#3584=VERTEX_POINT('',#4604);
#3585=CIRCLE('',#4605,0.1002208592797);
#3586=LINE('',#4606,#4607);
#3587=VERTEX_POINT('',#4608);
#3588=LINE('',#4609,#4610);
#3589=VERTEX_POINT('',#4611);
#3590=CIRCLE('',#4612,0.10022099854);
#3591=LINE('',#4613,#4614);
#3592=VERTEX_POINT('',#4615);
#3593=LINE('',#4616,#4617);
#3594=VERTEX_POINT('',#4618);
#3595=CIRCLE('',#4619,0.09789107153418);
#3596=LINE('',#4620,#4621);
#3597=VERTEX_POINT('',#4622);
#3598=LINE('',#4623,#4624);
#3599=LINE('',#4625,#4626);
#3600=VERTEX_POINT('',#4627);
#3601=LINE('',#4628,#4629);
#3602=VERTEX_POINT('',#4630);
#3603=LINE('',#4631,#4632);
#3604=VERTEX_POINT('',#4633);
#3605=LINE('',#4634,#4635);
#3606=VERTEX_POINT('',#4636);
#3607=LINE('',#4637,#4638);
#3608=VERTEX_POINT('',#4639);
#3609=LINE('',#4640,#4641);
#3610=VERTEX_POINT('',#4642);
#3611=LINE('',#4643,#4644);
#3612=VERTEX_POINT('',#4645);
#3613=LINE('',#4646,#4647);
#3614=VERTEX_POINT('',#4648);
#3615=LINE('',#4649,#4650);
#3616=LINE('',#4651,#4652);
#3617=VERTEX_POINT('',#4653);
#3618=LINE('',#4654,#4655);
#3619=VERTEX_POINT('',#4656);
#3620=CIRCLE('',#4657,0.09789107153418);
#3621=LINE('',#4658,#4659);
#3622=VERTEX_POINT('',#4660);
#3623=LINE('',#4661,#4662);
#3624=VERTEX_POINT('',#4663);
#3625=CIRCLE('',#4664,0.10022099854);
#3626=LINE('',#4665,#4666);
#3627=VERTEX_POINT('',#4667);
#3628=CIRCLE('',#4668,0.1002208592797);
#3629=LINE('',#4669,#4670);
#3630=VERTEX_POINT('',#4671);
#3631=VERTEX_POINT('',#4672);
#3632=CIRCLE('',#4673,0.35);
#3633=CIRCLE('',#4674,0.35);
#3634=VERTEX_POINT('',#4675);
#3635=VERTEX_POINT('',#4676);
#3636=CIRCLE('',#4677,0.35);
#3637=CIRCLE('',#4678,0.35);
#3638=VERTEX_POINT('',#4679);
#3639=VERTEX_POINT('',#4680);
#3640=CIRCLE('',#4681,0.35);
#3641=CIRCLE('',#4682,0.35);
#3642=VERTEX_POINT('',#4683);
#3643=VERTEX_POINT('',#4684);
#3644=CIRCLE('',#4685,0.35);
#3645=CIRCLE('',#4686,0.35);
#3646=LINE('',#4687,#4688);
#3647=LINE('',#4689,#4690);
#3648=LINE('',#4691,#4692);
#3649=LINE('',#4693,#4694);
#3650=LINE('',#4695,#4696);
#3651=LINE('',#4697,#4698);
#3652=VERTEX_POINT('',#4699);
#3653=VERTEX_POINT('',#4700);
#3654=LINE('',#4701,#4702);
#3655=VERTEX_POINT('',#4703);
#3656=LINE('',#4704,#4705);
#3657=LINE('',#4706,#4707);
#3658=LINE('',#4708,#4709);
#3659=VERTEX_POINT('',#4710);
#3660=LINE('',#4711,#4712);
#3661=VERTEX_POINT('',#4713);
#3662=LINE('',#4714,#4715);
#3663=VERTEX_POINT('',#4716);
#3664=LINE('',#4717,#4718);
#3665=LINE('',#4719,#4720);
#3666=VERTEX_POINT('',#4721);
#3667=LINE('',#4722,#4723);
#3668=LINE('',#4724,#4725);
#3669=VERTEX_POINT('',#4726);
#3670=LINE('',#4727,#4728);
#3671=LINE('',#4729,#4730);
#3672=LINE('',#4731,#4732);
#3673=VERTEX_POINT('',#4733);
#3674=LINE('',#4734,#4735);
#3675=VERTEX_POINT('',#4736);
#3676=LINE('',#4737,#4738);
#3677=VERTEX_POINT('',#4739);
#3678=LINE('',#4740,#4741);
#3679=VERTEX_POINT('',#4742);
#3680=LINE('',#4743,#4744);
#3681=VERTEX_POINT('',#4745);
#3682=LINE('',#4746,#4747);
#3683=LINE('',#4748,#4749);
#3684=VERTEX_POINT('',#4750);
#3685=LINE('',#4751,#4752);
#3686=VERTEX_POINT('',#4753);
#3687=LINE('',#4754,#4755);
#3688=LINE('',#4756,#4757);
#3689=LINE('',#4758,#4759);
#3690=LINE('',#4760,#4761);
#3691=LINE('',#4762,#4763);
#3692=VERTEX_POINT('',#4764);
#3693=LINE('',#4765,#4766);
#3694=LINE('',#4767,#4768);
#3695=LINE('',#4769,#4770);
#3696=VERTEX_POINT('',#4771);
#3697=LINE('',#4772,#4773);
#3698=LINE('',#4774,#4775);
#3699=LINE('',#4776,#4777);
#3700=LINE('',#4778,#4779);
#3701=VERTEX_POINT('',#4780);
#3702=LINE('',#4781,#4782);
#3703=VERTEX_POINT('',#4783);
#3704=LINE('',#4784,#4785);
#3705=VERTEX_POINT('',#4786);
#3706=LINE('',#4787,#4788);
#3707=VERTEX_POINT('',#4789);
#3708=CIRCLE('',#4790,0.026);
#3709=VERTEX_POINT('',#4791);
#3710=LINE('',#4792,#4793);
#3711=VERTEX_POINT('',#4794);
#3712=LINE('',#4795,#4796);
#3713=VERTEX_POINT('',#4797);
#3714=LINE('',#4798,#4799);
#3715=LINE('',#4800,#4801);
#3716=VERTEX_POINT('',#4802);
#3717=CIRCLE('',#4803,0.038);
#3718=VERTEX_POINT('',#4804);
#3719=LINE('',#4805,#4806);
#3720=VERTEX_POINT('',#4807);
#3721=LINE('',#4808,#4809);
#3722=VERTEX_POINT('',#4810);
#3723=LINE('',#4811,#4812);
#3724=VERTEX_POINT('',#4813);
#3725=LINE('',#4814,#4815);
#3726=VERTEX_POINT('',#4816);
#3727=CIRCLE('',#4817,0.018);
#3728=VERTEX_POINT('',#4818);
#3729=LINE('',#4819,#4820);
#3730=VERTEX_POINT('',#4821);
#3731=LINE('',#4822,#4823);
#3732=VERTEX_POINT('',#4824);
#3733=LINE('',#4825,#4826);
#3734=VERTEX_POINT('',#4827);
#3735=LINE('',#4828,#4829);
#3736=VERTEX_POINT('',#4830);
#3737=LINE('',#4831,#4832);
#3738=VERTEX_POINT('',#4833);
#3739=LINE('',#4834,#4835);
#3740=VERTEX_POINT('',#4836);
#3741=LINE('',#4837,#4838);
#3742=VERTEX_POINT('',#4839);
#3743=LINE('',#4840,#4841);
#3744=VERTEX_POINT('',#4842);
#3745=LINE('',#4843,#4844);
#3746=VERTEX_POINT('',#4845);
#3747=LINE('',#4846,#4847);
#3748=VERTEX_POINT('',#4848);
#3749=LINE('',#4849,#4850);
#3750=VERTEX_POINT('',#4851);
#3751=LINE('',#4852,#4853);
#3752=VERTEX_POINT('',#4854);
#3753=LINE('',#4855,#4856);
#3754=VERTEX_POINT('',#4857);
#3755=LINE('',#4858,#4859);
#3756=VERTEX_POINT('',#4860);
#3757=LINE('',#4861,#4862);
#3758=VERTEX_POINT('',#4863);
#3759=LINE('',#4864,#4865);
#3760=VERTEX_POINT('',#4866);
#3761=LINE('',#4867,#4868);
#3762=VERTEX_POINT('',#4869);
#3763=LINE('',#4870,#4871);
#3764=VERTEX_POINT('',#4872);
#3765=LINE('',#4873,#4874);
#3766=VERTEX_POINT('',#4875);
#3767=LINE('',#4876,#4877);
#3768=VERTEX_POINT('',#4878);
#3769=LINE('',#4879,#4880);
#3770=VERTEX_POINT('',#4881);
#3771=LINE('',#4882,#4883);
#3772=VERTEX_POINT('',#4884);
#3773=LINE('',#4885,#4886);
#3774=VERTEX_POINT('',#4887);
#3775=LINE('',#4888,#4889);
#3776=VERTEX_POINT('',#4890);
#3777=LINE('',#4891,#4892);
#3778=VERTEX_POINT('',#4893);
#3779=LINE('',#4894,#4895);
#3780=VERTEX_POINT('',#4896);
#3781=LINE('',#4897,#4898);
#3782=VERTEX_POINT('',#4899);
#3783=LINE('',#4900,#4901);
#3784=VERTEX_POINT('',#4902);
#3785=LINE('',#4903,#4904);
#3786=VERTEX_POINT('',#4905);
#3787=LINE('',#4906,#4907);
#3788=CIRCLE('',#4908,0.018);
#3789=VERTEX_POINT('',#4909);
#3790=LINE('',#4910,#4911);
#3791=VERTEX_POINT('',#4912);
#3792=LINE('',#4913,#4914);
#3793=LINE('',#4915,#4916);
#3794=VERTEX_POINT('',#4917);
#3795=LINE('',#4918,#4919);
#3796=VERTEX_POINT('',#4920);
#3797=LINE('',#4921,#4922);
#3798=LINE('',#4923,#4924);
#3799=VERTEX_POINT('',#4925);
#3800=VERTEX_POINT('',#4926);
#3801=LINE('',#4927,#4928);
#3802=VERTEX_POINT('',#4929);
#3803=LINE('',#4930,#4931);
#3804=VERTEX_POINT('',#4932);
#3805=LINE('',#4933,#4934);
#3806=VERTEX_POINT('',#4935);
#3807=LINE('',#4936,#4937);
#3808=LINE('',#4938,#4939);
#3809=LINE('',#4940,#4941);
#3810=VERTEX_POINT('',#4942);
#3811=LINE('',#4943,#4944);
#3812=LINE('',#4945,#4946);
#3813=VERTEX_POINT('',#4947);
#3814=LINE('',#4948,#4949);
#3815=LINE('',#4950,#4951);
#3816=LINE('',#4952,#4953);
#3817=LINE('',#4954,#4955);
#3818=VERTEX_POINT('',#4956);
#3819=LINE('',#4957,#4958);
#3820=VERTEX_POINT('',#4959);
#3821=LINE('',#4960,#4961);
#3822=VERTEX_POINT('',#4962);
#3823=LINE('',#4963,#4964);
#3824=LINE('',#4965,#4966);
#3825=VERTEX_POINT('',#4967);
#3826=LINE('',#4968,#4969);
#3827=LINE('',#4970,#4971);
#3828=LINE('',#4972,#4973);
#3829=LINE('',#4974,#4975);
#3830=LINE('',#4976,#4977);
#3831=LINE('',#4978,#4979);
#3832=LINE('',#4980,#4981);
#3833=LINE('',#4982,#4983);
#3834=VERTEX_POINT('',#4984);
#3835=LINE('',#4985,#4986);
#3836=CIRCLE('',#4987,0.018);
#3837=VERTEX_POINT('',#4988);
#3838=LINE('',#4989,#4990);
#3839=LINE('',#4991,#4992);
#3840=VERTEX_POINT('',#4993);
#3841=LINE('',#4994,#4995);
#3842=LINE('',#4996,#4997);
#3843=VERTEX_POINT('',#4998);
#3844=LINE('',#4999,#5000);
#3845=LINE('',#5001,#5002);
#3846=VERTEX_POINT('',#5003);
#3847=CIRCLE('',#5004,0.026);
#3848=LINE('',#5005,#5006);
#3849=VERTEX_POINT('',#5007);
#3850=LINE('',#5008,#5009);
#3851=LINE('',#5010,#5011);
#3852=VERTEX_POINT('',#5012);
#3853=LINE('',#5013,#5014);
#3854=LINE('',#5015,#5016);
#3855=VERTEX_POINT('',#5017);
#3856=LINE('',#5018,#5019);
#3857=LINE('',#5020,#5021);
#3858=LINE('',#5022,#5023);
#3859=VERTEX_POINT('',#5024);
#3860=CIRCLE('',#5025,0.038);
#3861=LINE('',#5026,#5027);
#3862=VERTEX_POINT('',#5028);
#3863=LINE('',#5029,#5030);
#3864=LINE('',#5031,#5032);
#3865=VERTEX_POINT('',#5033);
#3866=LINE('',#5034,#5035);
#3867=LINE('',#5036,#5037);
#3868=VERTEX_POINT('',#5038);
#3869=LINE('',#5039,#5040);
#3870=LINE('',#5041,#5042);
#3871=VERTEX_POINT('',#5043);
#3872=LINE('',#5044,#5045);
#3873=LINE('',#5046,#5047);
#3874=VERTEX_POINT('',#5048);
#3875=CIRCLE('',#5049,0.018);
#3876=LINE('',#5050,#5051);
#3877=VERTEX_POINT('',#5052);
#3878=LINE('',#5053,#5054);
#3879=LINE('',#5055,#5056);
#3880=VERTEX_POINT('',#5057);
#3881=LINE('',#5058,#5059);
#3882=LINE('',#5060,#5061);
#3883=VERTEX_POINT('',#5062);
#3884=LINE('',#5063,#5064);
#3885=LINE('',#5065,#5066);
#3886=VERTEX_POINT('',#5067);
#3887=LINE('',#5068,#5069);
#3888=LINE('',#5070,#5071);
#3889=VERTEX_POINT('',#5072);
#3890=LINE('',#5073,#5074);
#3891=LINE('',#5075,#5076);
#3892=VERTEX_POINT('',#5077);
#3893=LINE('',#5078,#5079);
#3894=LINE('',#5080,#5081);
#3895=VERTEX_POINT('',#5082);
#3896=LINE('',#5083,#5084);
#3897=LINE('',#5085,#5086);
#3898=VERTEX_POINT('',#5087);
#3899=LINE('',#5088,#5089);
#3900=LINE('',#5090,#5091);
#3901=VERTEX_POINT('',#5092);
#3902=LINE('',#5093,#5094);
#3903=LINE('',#5095,#5096);
#3904=VERTEX_POINT('',#5097);
#3905=LINE('',#5098,#5099);
#3906=LINE('',#5100,#5101);
#3907=VERTEX_POINT('',#5102);
#3908=LINE('',#5103,#5104);
#3909=LINE('',#5105,#5106);
#3910=VERTEX_POINT('',#5107);
#3911=LINE('',#5108,#5109);
#3912=LINE('',#5110,#5111);
#3913=VERTEX_POINT('',#5112);
#3914=LINE('',#5113,#5114);
#3915=LINE('',#5115,#5116);
#3916=VERTEX_POINT('',#5117);
#3917=LINE('',#5118,#5119);
#3918=LINE('',#5120,#5121);
#3919=VERTEX_POINT('',#5122);
#3920=LINE('',#5123,#5124);
#3921=LINE('',#5125,#5126);
#3922=VERTEX_POINT('',#5127);
#3923=LINE('',#5128,#5129);
#3924=LINE('',#5130,#5131);
#3925=VERTEX_POINT('',#5132);
#3926=LINE('',#5133,#5134);
#3927=LINE('',#5135,#5136);
#3928=VERTEX_POINT('',#5137);
#3929=LINE('',#5138,#5139);
#3930=LINE('',#5140,#5141);
#3931=VERTEX_POINT('',#5142);
#3932=LINE('',#5143,#5144);
#3933=LINE('',#5145,#5146);
#3934=VERTEX_POINT('',#5147);
#3935=LINE('',#5148,#5149);
#3936=LINE('',#5150,#5151);
#3937=VERTEX_POINT('',#5152);
#3938=LINE('',#5153,#5154);
#3939=LINE('',#5155,#5156);
#3940=VERTEX_POINT('',#5157);
#3941=LINE('',#5158,#5159);
#3942=LINE('',#5160,#5161);
#3943=VERTEX_POINT('',#5162);
#3944=LINE('',#5163,#5164);
#3945=LINE('',#5165,#5166);
#3946=VERTEX_POINT('',#5167);
#3947=LINE('',#5168,#5169);
#3948=LINE('',#5170,#5171);
#3949=VERTEX_POINT('',#5172);
#3950=LINE('',#5173,#5174);
#3951=LINE('',#5175,#5176);
#3952=VERTEX_POINT('',#5177);
#3953=LINE('',#5178,#5179);
#3954=LINE('',#5180,#5181);
#3955=VERTEX_POINT('',#5182);
#3956=LINE('',#5183,#5184);
#3957=LINE('',#5185,#5186);
#3958=VERTEX_POINT('',#5187);
#3959=LINE('',#5188,#5189);
#3960=LINE('',#5190,#5191);
#3961=VERTEX_POINT('',#5192);
#3962=LINE('',#5193,#5194);
#3963=LINE('',#5195,#5196);
#3964=LINE('',#5197,#5198);
#3965=LINE('',#5199,#5200);
#3966=LINE('',#5201,#5202);
#3967=LINE('',#5203,#5204);
#3968=VERTEX_POINT('',#5205);
#3969=LINE('',#5206,#5207);
#3970=CIRCLE('',#5208,0.35);
#3971=VERTEX_POINT('',#5209);
#3972=LINE('',#5210,#5211);
#3973=CIRCLE('',#5212,0.25);
#3974=CIRCLE('',#5213,0.25);
#3975=CIRCLE('',#5214,0.35);
#3976=LINE('',#5215,#5216);
#3977=VERTEX_POINT('',#5217);
#3978=LINE('',#5218,#5219);
#3979=CIRCLE('',#5220,0.35);
#3980=VERTEX_POINT('',#5221);
#3981=LINE('',#5222,#5223);
#3982=CIRCLE('',#5224,0.25);
#3983=CIRCLE('',#5225,0.25);
#3984=CIRCLE('',#5226,0.35);
#3985=LINE('',#5227,#5228);
#3986=VERTEX_POINT('',#5229);
#3987=LINE('',#5230,#5231);
#3988=CIRCLE('',#5232,0.35);
#3989=VERTEX_POINT('',#5233);
#3990=LINE('',#5234,#5235);
#3991=CIRCLE('',#5236,0.25);
#3992=CIRCLE('',#5237,0.25);
#3993=CIRCLE('',#5238,0.35);
#3994=LINE('',#5239,#5240);
#3995=VERTEX_POINT('',#5241);
#3996=LINE('',#5242,#5243);
#3997=CIRCLE('',#5244,0.35);
#3998=VERTEX_POINT('',#5245);
#3999=LINE('',#5246,#5247);
#4000=CIRCLE('',#5248,0.25);
#4001=CIRCLE('',#5249,0.25);
#4002=CIRCLE('',#5250,0.35);
#4003=LINE('',#5251,#5252);
#4004=LINE('',#5253,#5254);
#4005=LINE('',#5255,#5256);
#4006=LINE('',#5257,#5258);
#4007=LINE('',#5259,#5260);
#4008=LINE('',#5261,#5262);
#4009=VERTEX_POINT('',#5263);
#4010=LINE('',#5264,#5265);
#4011=VERTEX_POINT('',#5266);
#4012=CIRCLE('',#5267,0.35);
#4013=LINE('',#5268,#5269);
#4014=CIRCLE('',#5270,0.35);
#4015=VERTEX_POINT('',#5271);
#4016=CIRCLE('',#5272,0.1);
#4017=VERTEX_POINT('',#5273);
#4018=CIRCLE('',#5274,0.35);
#4019=CIRCLE('',#5275,0.8);
#4020=CIRCLE('',#5276,0.35);
#4021=VERTEX_POINT('',#5277);
#4022=LINE('',#5278,#5279);
#4023=VERTEX_POINT('',#5280);
#4024=LINE('',#5281,#5282);
#4025=CIRCLE('',#5283,0.35);
#4026=VERTEX_POINT('',#5284);
#4027=LINE('',#5285,#5286);
#4028=VERTEX_POINT('',#5287);
#4029=LINE('',#5288,#5289);
#4030=CIRCLE('',#5290,0.25);
#4031=CIRCLE('',#5291,0.25);
#4032=CIRCLE('',#5292,0.35);
#4033=CARTESIAN_POINT('',(3.75,5.1,0.35));
#4034=CARTESIAN_POINT('',(3.75,5.5,0.25));
#4035=CARTESIAN_POINT('',(3.75,5.300000000812,0.299999999797));
#4036=VECTOR('',#5293,1.0);
#4037=CARTESIAN_POINT('',(4.1,5.1,0.0));
#4038=AXIS2_PLACEMENT_3D('',#5294,#5295,#5296);
#4039=CARTESIAN_POINT('',(4.0,5.5,0.0));
#4040=CARTESIAN_POINT('',(3.999999999817,5.500000000733,-8.384404477662E-10));
#4041=VECTOR('',#5297,0.412310562524);
#4042=AXIS2_PLACEMENT_3D('',#5298,#5299,#5300);
#4043=CARTESIAN_POINT('',(3.75,5.5,-0.25));
#4044=CARTESIAN_POINT('',(3.75,5.1,-0.35));
#4045=CARTESIAN_POINT('',(3.75,5.300000000812,-0.299999999797));
#4046=VECTOR('',#5301,1.0);
#4047=AXIS2_PLACEMENT_3D('',#5302,#5303,#5304);
#4048=AXIS2_PLACEMENT_3D('',#5305,#5306,#5307);
#4049=CARTESIAN_POINT('',(1.25,5.1,0.35));
#4050=CARTESIAN_POINT('',(1.25,5.5,0.25));
#4051=CARTESIAN_POINT('',(1.25,5.300000000812,0.299999999797));
#4052=VECTOR('',#5308,1.0);
#4053=CARTESIAN_POINT('',(1.6,5.1,0.0));
#4054=AXIS2_PLACEMENT_3D('',#5309,#5310,#5311);
#4055=CARTESIAN_POINT('',(1.5,5.5,0.0));
#4056=CARTESIAN_POINT('',(1.499999999817,5.500000000733,-8.384404477662E-10));
#4057=VECTOR('',#5312,0.412310562524);
#4058=AXIS2_PLACEMENT_3D('',#5313,#5314,#5315);
#4059=CARTESIAN_POINT('',(1.25,5.5,-0.25));
#4060=CARTESIAN_POINT('',(1.25,5.1,-0.35));
#4061=CARTESIAN_POINT('',(1.25,5.300000000812,-0.299999999797));
#4062=VECTOR('',#5316,1.0);
#4063=AXIS2_PLACEMENT_3D('',#5317,#5318,#5319);
#4064=AXIS2_PLACEMENT_3D('',#5320,#5321,#5322);
#4065=CARTESIAN_POINT('',(-1.25,5.1,0.35));
#4066=CARTESIAN_POINT('',(-1.25,5.5,0.25));
#4067=CARTESIAN_POINT('',(-1.25,5.300000000812,0.299999999797));
#4068=VECTOR('',#5323,1.0);
#4069=CARTESIAN_POINT('',(-0.9,5.1,0.0));
#4070=AXIS2_PLACEMENT_3D('',#5324,#5325,#5326);
#4071=CARTESIAN_POINT('',(-1.0,5.5,0.0));
#4072=CARTESIAN_POINT('',(-1.000000000183,5.500000000733,-8.384404477662E-10));
#4073=VECTOR('',#5327,0.412310562524);
#4074=AXIS2_PLACEMENT_3D('',#5328,#5329,#5330);
#4075=CARTESIAN_POINT('',(-1.25,5.5,-0.25));
#4076=CARTESIAN_POINT('',(-1.25,5.1,-0.35));
#4077=CARTESIAN_POINT('',(-1.25,5.300000000812,-0.299999999797));
#4078=VECTOR('',#5331,1.0);
#4079=AXIS2_PLACEMENT_3D('',#5332,#5333,#5334);
#4080=AXIS2_PLACEMENT_3D('',#5335,#5336,#5337);
#4081=CARTESIAN_POINT('',(-3.75,5.1,0.35));
#4082=CARTESIAN_POINT('',(-3.75,5.5,0.25));
#4083=CARTESIAN_POINT('',(-3.75,5.300000000812,0.299999999797));
#4084=VECTOR('',#5338,1.0);
#4085=CARTESIAN_POINT('',(-3.4,5.1,0.0));
#4086=AXIS2_PLACEMENT_3D('',#5339,#5340,#5341);
#4087=CARTESIAN_POINT('',(-3.5,5.5,0.0));
#4088=CARTESIAN_POINT('',(-3.500000000183,5.500000000733,-8.384404477662E-10));
#4089=VECTOR('',#5342,0.412310562524);
#4090=AXIS2_PLACEMENT_3D('',#5343,#5344,#5345);
#4091=CARTESIAN_POINT('',(-3.75,5.5,-0.25));
#4092=CARTESIAN_POINT('',(-3.75,5.1,-0.35));
#4093=CARTESIAN_POINT('',(-3.75,5.300000000812,-0.299999999797));
#4094=VECTOR('',#5346,1.0);
#4095=AXIS2_PLACEMENT_3D('',#5347,#5348,#5349);
#4096=AXIS2_PLACEMENT_3D('',#5350,#5351,#5352);
#4097=CARTESIAN_POINT('',(-5.55,1.196787072643,1.582403568474));
#4098=CARTESIAN_POINT('',(-5.5,1.196787072643,1.582403568474));
#4099=CARTESIAN_POINT('',(-5.55,1.196787072643,1.582403568474));
#4100=VECTOR('',#5353,1.0);
#4101=CARTESIAN_POINT('',(-5.55,1.234787072643,1.544403568474));
#4102=AXIS2_PLACEMENT_3D('',#5354,#5355,#5356);
#4103=CARTESIAN_POINT('',(-5.5,1.234787072643,1.544403568474));
#4104=CARTESIAN_POINT('',(-5.55,1.234787072643,1.544403568474));
#4105=VECTOR('',#5357,0.05);
#4106=AXIS2_PLACEMENT_3D('',#5358,#5359,#5360);
#4107=CARTESIAN_POINT('',(-5.5,1.012787072643,1.483966364145));
#4108=CARTESIAN_POINT('',(-5.55,1.012787072643,1.483966364145));
#4109=CARTESIAN_POINT('',(-5.55,1.012787072643,1.483966364145));
#4110=VECTOR('',#5361,1.0);
#4111=CARTESIAN_POINT('',(-5.5,1.030787072643,1.465966364145));
#4112=AXIS2_PLACEMENT_3D('',#5362,#5363,#5364);
#4113=CARTESIAN_POINT('',(-5.55,1.030787072643,1.465966364145));
#4114=CARTESIAN_POINT('',(-5.55,1.030787072643,1.465966364145));
#4115=VECTOR('',#5365,0.05);
#4116=AXIS2_PLACEMENT_3D('',#5366,#5367,#5368);
#4117=CARTESIAN_POINT('',(6.25,0.0,-0.05));
#4118=CARTESIAN_POINT('',(6.25,0.0,-0.85));
#4119=CARTESIAN_POINT('',(6.25,0.0,-0.05));
#4120=VECTOR('',#5369,0.8);
#4121=CARTESIAN_POINT('',(5.55,0.0,-0.05));
#4122=CARTESIAN_POINT('',(6.25,0.0,-0.05));
#4123=VECTOR('',#5370,0.7);
#4124=CARTESIAN_POINT('',(5.55,0.0,2.05));
#4125=CARTESIAN_POINT('',(5.55,0.0,2.05));
#4126=VECTOR('',#5371,2.1);
#4127=CARTESIAN_POINT('',(-5.55,0.0,2.05));
#4128=CARTESIAN_POINT('',(-5.55,0.0,2.05));
#4129=VECTOR('',#5372,11.1);
#4130=CARTESIAN_POINT('',(-5.55,0.0,-0.05));
#4131=CARTESIAN_POINT('',(-5.55,0.0,2.05));
#4132=VECTOR('',#5373,2.1);
#4133=CARTESIAN_POINT('',(-6.25,0.0,-0.05));
#4134=CARTESIAN_POINT('',(-6.25,0.0,-0.05));
#4135=VECTOR('',#5374,0.7);
#4136=CARTESIAN_POINT('',(-6.25,0.0,-0.6428438042155));
#4137=CARTESIAN_POINT('',(-6.25,0.0,-0.6428438042155));
#4138=VECTOR('',#5375,0.5928438042155);
#4139=CARTESIAN_POINT('',(-6.042843842747,0.0,-0.85));
#4140=CARTESIAN_POINT('',(-6.042843842747,0.0,-0.85));
#4141=VECTOR('',#5376,0.2929630743624);
#4142=CARTESIAN_POINT('',(-4.125,0.0,-0.85));
#4143=CARTESIAN_POINT('',(-6.042843842747,0.0,-0.85));
#4144=VECTOR('',#5377,1.917843842747);
#4145=CARTESIAN_POINT('',(-4.125,0.0,-1.85));
#4146=CARTESIAN_POINT('',(-4.125,0.0,-0.85));
#4147=VECTOR('',#5378,1.0);
#4148=CARTESIAN_POINT('',(-3.375,0.0,-1.85));
#4149=CARTESIAN_POINT('',(-3.375,0.0,-1.85));
#4150=VECTOR('',#5379,0.75);
#4151=CARTESIAN_POINT('',(-3.375,0.0,-0.85));
#4152=CARTESIAN_POINT('',(-3.375,0.0,-0.85));
#4153=VECTOR('',#5380,1.0);
#4154=CARTESIAN_POINT('',(-1.625,0.0,-0.85));
#4155=CARTESIAN_POINT('',(-3.375,0.0,-0.85));
#4156=VECTOR('',#5381,1.75);
#4157=CARTESIAN_POINT('',(-1.625,0.0,-1.85));
#4158=CARTESIAN_POINT('',(-1.625,0.0,-0.85));
#4159=VECTOR('',#5382,1.0);
#4160=CARTESIAN_POINT('',(-0.875,0.0,-1.85));
#4161=CARTESIAN_POINT('',(-0.875,0.0,-1.85));
#4162=VECTOR('',#5383,0.75);
#4163=CARTESIAN_POINT('',(-0.875,0.0,-0.85));
#4164=CARTESIAN_POINT('',(-0.875,0.0,-0.85));
#4165=VECTOR('',#5384,1.0);
#4166=CARTESIAN_POINT('',(0.875,0.0,-0.85));
#4167=CARTESIAN_POINT('',(-0.875,0.0,-0.85));
#4168=VECTOR('',#5385,1.75);
#4169=CARTESIAN_POINT('',(0.875,0.0,-1.85));
#4170=CARTESIAN_POINT('',(0.875,0.0,-0.85));
#4171=VECTOR('',#5386,1.0);
#4172=CARTESIAN_POINT('',(1.625,0.0,-1.85));
#4173=CARTESIAN_POINT('',(1.625,0.0,-1.85));
#4174=VECTOR('',#5387,0.75);
#4175=CARTESIAN_POINT('',(1.625,0.0,-0.85));
#4176=CARTESIAN_POINT('',(1.625,0.0,-0.85));
#4177=VECTOR('',#5388,1.0);
#4178=CARTESIAN_POINT('',(3.375,0.0,-0.85));
#4179=CARTESIAN_POINT('',(1.625,0.0,-0.85));
#4180=VECTOR('',#5389,1.75);
#4181=CARTESIAN_POINT('',(3.375,0.0,-1.85));
#4182=CARTESIAN_POINT('',(3.375,0.0,-0.85));
#4183=VECTOR('',#5390,1.0);
#4184=CARTESIAN_POINT('',(4.125,0.0,-1.85));
#4185=CARTESIAN_POINT('',(4.125,0.0,-1.85));
#4186=VECTOR('',#5391,0.75);
#4187=CARTESIAN_POINT('',(4.125,0.0,-0.85));
#4188=CARTESIAN_POINT('',(4.125,0.0,-0.85));
#4189=VECTOR('',#5392,1.0);
#4190=CARTESIAN_POINT('',(4.125,0.0,-0.85));
#4191=VECTOR('',#5393,2.125);
#4192=CARTESIAN_POINT('',(-1.25,0.0,0.35));
#4193=CARTESIAN_POINT('',(-1.25,0.0,-0.35));
#4194=AXIS2_PLACEMENT_3D('',#5394,#5395,#5396);
#4195=AXIS2_PLACEMENT_3D('',#5397,#5398,#5399);
#4196=CARTESIAN_POINT('',(1.25,0.0,0.35));
#4197=CARTESIAN_POINT('',(1.25,0.0,-0.35));
#4198=AXIS2_PLACEMENT_3D('',#5400,#5401,#5402);
#4199=AXIS2_PLACEMENT_3D('',#5403,#5404,#5405);
#4200=CARTESIAN_POINT('',(-3.75,0.0,0.35));
#4201=CARTESIAN_POINT('',(-3.75,0.0,-0.35));
#4202=AXIS2_PLACEMENT_3D('',#5406,#5407,#5408);
#4203=AXIS2_PLACEMENT_3D('',#5409,#5410,#5411);
#4204=CARTESIAN_POINT('',(3.75,0.0,0.35));
#4205=CARTESIAN_POINT('',(3.75,0.0,-0.35));
#4206=AXIS2_PLACEMENT_3D('',#5412,#5413,#5414);
#4207=AXIS2_PLACEMENT_3D('',#5415,#5416,#5417);
#4208=CARTESIAN_POINT('',(-3.75,-0.1,0.35));
#4209=CARTESIAN_POINT('',(-3.75,0.0,0.35));
#4210=VECTOR('',#5418,0.1);
#4211=CARTESIAN_POINT('',(-3.75,-0.1,-0.35));
#4212=AXIS2_PLACEMENT_3D('',#5419,#5420,#5421);
#4213=CARTESIAN_POINT('',(-3.75,0.0,-0.35));
#4214=VECTOR('',#5422,0.1);
#4215=AXIS2_PLACEMENT_3D('',#5423,#5424,#5425);
#4216=CARTESIAN_POINT('',(-3.75,-0.2,-0.45));
#4217=AXIS2_PLACEMENT_3D('',#5426,#5427,#5428);
#4218=CARTESIAN_POINT('',(-3.75,-0.9,-0.45));
#4219=AXIS2_PLACEMENT_3D('',#5429,#5430,#5431);
#4220=AXIS2_PLACEMENT_3D('',#5432,#5433,#5434);
#4221=AXIS2_PLACEMENT_3D('',#5435,#5436,#5437);
#4222=CARTESIAN_POINT('',(-3.75,-0.2,-4.95));
#4223=CARTESIAN_POINT('',(-3.75,-0.2,-0.45));
#4224=VECTOR('',#5438,4.50000000077);
#4225=CARTESIAN_POINT('',(-3.75,-0.9,-4.95));
#4226=CARTESIAN_POINT('',(-3.75,-0.9,-0.45));
#4227=VECTOR('',#5439,4.50000000077);
#4228=AXIS2_PLACEMENT_3D('',#5440,#5441,#5442);
#4229=CARTESIAN_POINT('',(-3.75,-0.3,-5.35));
#4230=CARTESIAN_POINT('',(-3.749999999162,-0.3000000001833,-5.350000000733));
#4231=VECTOR('',#5443,0.412310562524);
#4232=CARTESIAN_POINT('',(-3.75,-0.8,-5.35));
#4233=CARTESIAN_POINT('',(-3.750000000838,-0.7999999998167,-5.350000000733));
#4234=VECTOR('',#5444,0.412310562524);
#4235=AXIS2_PLACEMENT_3D('',#5445,#5446,#5447);
#4236=AXIS2_PLACEMENT_3D('',#5448,#5449,#5450);
#4237=AXIS2_PLACEMENT_3D('',#5451,#5452,#5453);
#4238=CARTESIAN_POINT('',(-1.25,-0.1,0.35));
#4239=CARTESIAN_POINT('',(-1.25,0.0,0.35));
#4240=VECTOR('',#5454,0.1);
#4241=CARTESIAN_POINT('',(-1.25,-0.1,-0.35));
#4242=AXIS2_PLACEMENT_3D('',#5455,#5456,#5457);
#4243=CARTESIAN_POINT('',(-1.25,0.0,-0.35));
#4244=VECTOR('',#5458,0.1);
#4245=AXIS2_PLACEMENT_3D('',#5459,#5460,#5461);
#4246=CARTESIAN_POINT('',(-1.25,-0.2,-0.45));
#4247=AXIS2_PLACEMENT_3D('',#5462,#5463,#5464);
#4248=CARTESIAN_POINT('',(-1.25,-0.9,-0.45));
#4249=AXIS2_PLACEMENT_3D('',#5465,#5466,#5467);
#4250=AXIS2_PLACEMENT_3D('',#5468,#5469,#5470);
#4251=AXIS2_PLACEMENT_3D('',#5471,#5472,#5473);
#4252=CARTESIAN_POINT('',(-1.25,-0.2,-4.95));
#4253=CARTESIAN_POINT('',(-1.25,-0.2,-0.45));
#4254=VECTOR('',#5474,4.50000000077);
#4255=CARTESIAN_POINT('',(-1.25,-0.9,-4.95));
#4256=CARTESIAN_POINT('',(-1.25,-0.9,-0.45));
#4257=VECTOR('',#5475,4.50000000077);
#4258=AXIS2_PLACEMENT_3D('',#5476,#5477,#5478);
#4259=CARTESIAN_POINT('',(-1.25,-0.3,-5.35));
#4260=CARTESIAN_POINT('',(-1.249999999162,-0.3000000001833,-5.350000000733));
#4261=VECTOR('',#5479,0.412310562524);
#4262=CARTESIAN_POINT('',(-1.25,-0.8,-5.35));
#4263=CARTESIAN_POINT('',(-1.250000000838,-0.7999999998167,-5.350000000733));
#4264=VECTOR('',#5480,0.412310562524);
#4265=AXIS2_PLACEMENT_3D('',#5481,#5482,#5483);
#4266=AXIS2_PLACEMENT_3D('',#5484,#5485,#5486);
#4267=AXIS2_PLACEMENT_3D('',#5487,#5488,#5489);
#4268=CARTESIAN_POINT('',(1.25,-0.1,0.35));
#4269=CARTESIAN_POINT('',(1.25,0.0,0.35));
#4270=VECTOR('',#5490,0.1);
#4271=CARTESIAN_POINT('',(1.25,-0.1,-0.35));
#4272=AXIS2_PLACEMENT_3D('',#5491,#5492,#5493);
#4273=CARTESIAN_POINT('',(1.25,0.0,-0.35));
#4274=VECTOR('',#5494,0.1);
#4275=AXIS2_PLACEMENT_3D('',#5495,#5496,#5497);
#4276=CARTESIAN_POINT('',(1.25,-0.2,-0.45));
#4277=AXIS2_PLACEMENT_3D('',#5498,#5499,#5500);
#4278=CARTESIAN_POINT('',(1.25,-0.9,-0.45));
#4279=AXIS2_PLACEMENT_3D('',#5501,#5502,#5503);
#4280=AXIS2_PLACEMENT_3D('',#5504,#5505,#5506);
#4281=AXIS2_PLACEMENT_3D('',#5507,#5508,#5509);
#4282=CARTESIAN_POINT('',(1.25,-0.2,-4.95));
#4283=CARTESIAN_POINT('',(1.25,-0.2,-0.45));
#4284=VECTOR('',#5510,4.50000000077);
#4285=CARTESIAN_POINT('',(1.25,-0.9,-4.95));
#4286=CARTESIAN_POINT('',(1.25,-0.9,-0.45));
#4287=VECTOR('',#5511,4.50000000077);
#4288=AXIS2_PLACEMENT_3D('',#5512,#5513,#5514);
#4289=CARTESIAN_POINT('',(1.25,-0.3,-5.35));
#4290=CARTESIAN_POINT('',(1.250000000838,-0.3000000001833,-5.350000000733));
#4291=VECTOR('',#5515,0.412310562524);
#4292=CARTESIAN_POINT('',(1.25,-0.8,-5.35));
#4293=CARTESIAN_POINT('',(1.249999999162,-0.7999999998167,-5.350000000733));
#4294=VECTOR('',#5516,0.412310562524);
#4295=AXIS2_PLACEMENT_3D('',#5517,#5518,#5519);
#4296=AXIS2_PLACEMENT_3D('',#5520,#5521,#5522);
#4297=AXIS2_PLACEMENT_3D('',#5523,#5524,#5525);
#4298=CARTESIAN_POINT('',(-6.042843842747,-1.5,-0.85));
#4299=CARTESIAN_POINT('',(-6.042843842747,0.0,-0.85));
#4300=VECTOR('',#5526,1.5);
#4301=CARTESIAN_POINT('',(-4.225,-1.5,-0.85));
#4302=CARTESIAN_POINT('',(-4.225,-1.5,-0.85));
#4303=VECTOR('',#5527,1.817843842747);
#4304=CARTESIAN_POINT('',(-4.125,-1.0,-0.85));
#4305=CARTESIAN_POINT('',(-4.225,-1.5,-0.85));
#4306=VECTOR('',#5528,0.5099019513593);
#4307=CARTESIAN_POINT('',(-4.125,0.0,-0.85));
#4308=VECTOR('',#5529,1.0);
#4309=CARTESIAN_POINT('',(-3.375,-1.0,-0.85));
#4310=CARTESIAN_POINT('',(-3.375,0.0,-0.85));
#4311=VECTOR('',#5530,1.0);
#4312=CARTESIAN_POINT('',(-3.275,-1.5,-0.85));
#4313=CARTESIAN_POINT('',(-3.275,-1.5,-0.85));
#4314=VECTOR('',#5531,0.5099019513593);
#4315=CARTESIAN_POINT('',(-1.725,-1.5,-0.85));
#4316=CARTESIAN_POINT('',(-1.725,-1.5,-0.85));
#4317=VECTOR('',#5532,1.55);
#4318=CARTESIAN_POINT('',(-1.625,-1.0,-0.85));
#4319=CARTESIAN_POINT('',(-1.725,-1.5,-0.85));
#4320=VECTOR('',#5533,0.5099019513593);
#4321=CARTESIAN_POINT('',(-1.625,0.0,-0.85));
#4322=VECTOR('',#5534,1.0);
#4323=CARTESIAN_POINT('',(-0.875,-1.0,-0.85));
#4324=CARTESIAN_POINT('',(-0.875,0.0,-0.85));
#4325=VECTOR('',#5535,1.0);
#4326=CARTESIAN_POINT('',(-0.775,-1.5,-0.85));
#4327=CARTESIAN_POINT('',(-0.775,-1.5,-0.85));
#4328=VECTOR('',#5536,0.5099019513593);
#4329=CARTESIAN_POINT('',(0.775,-1.5,-0.85));
#4330=CARTESIAN_POINT('',(0.775,-1.5,-0.85));
#4331=VECTOR('',#5537,1.55);
#4332=CARTESIAN_POINT('',(0.875,-1.0,-0.85));
#4333=CARTESIAN_POINT('',(0.775,-1.5,-0.85));
#4334=VECTOR('',#5538,0.5099019513593);
#4335=CARTESIAN_POINT('',(0.875,0.0,-0.85));
#4336=VECTOR('',#5539,1.0);
#4337=CARTESIAN_POINT('',(1.625,-1.0,-0.85));
#4338=CARTESIAN_POINT('',(1.625,0.0,-0.85));
#4339=VECTOR('',#5540,1.0);
#4340=CARTESIAN_POINT('',(1.725,-1.5,-0.85));
#4341=CARTESIAN_POINT('',(1.725,-1.5,-0.85));
#4342=VECTOR('',#5541,0.5099019513593);
#4343=CARTESIAN_POINT('',(3.275,-1.5,-0.85));
#4344=CARTESIAN_POINT('',(3.275,-1.5,-0.85));
#4345=VECTOR('',#5542,1.55);
#4346=CARTESIAN_POINT('',(3.375,-1.0,-0.85));
#4347=CARTESIAN_POINT('',(3.275,-1.5,-0.85));
#4348=VECTOR('',#5543,0.5099019513593);
#4349=CARTESIAN_POINT('',(3.375,0.0,-0.85));
#4350=VECTOR('',#5544,1.0);
#4351=CARTESIAN_POINT('',(6.25,-1.5,-0.85));
#4352=CARTESIAN_POINT('',(4.225,-1.5,-0.85));
#4353=CARTESIAN_POINT('',(6.25,-1.5,-0.85));
#4354=VECTOR('',#5545,2.025);
#4355=CARTESIAN_POINT('',(6.25,0.0,-0.85));
#4356=VECTOR('',#5546,1.5);
#4357=CARTESIAN_POINT('',(4.125,-1.0,-0.85));
#4358=CARTESIAN_POINT('',(4.125,0.0,-0.85));
#4359=VECTOR('',#5547,1.0);
#4360=CARTESIAN_POINT('',(4.225,-1.5,-0.85));
#4361=VECTOR('',#5548,0.5099019513593);
#4362=CARTESIAN_POINT('',(-4.125,-1.0,-1.85));
#4363=CARTESIAN_POINT('',(-4.125,-1.0,-0.85));
#4364=VECTOR('',#5549,1.0);
#4365=CARTESIAN_POINT('',(-4.125,0.0,-1.85));
#4366=VECTOR('',#5550,1.0);
#4367=CARTESIAN_POINT('',(3.375,-1.0,-1.85));
#4368=CARTESIAN_POINT('',(3.175,-2.0,-1.85));
#4369=CARTESIAN_POINT('',(3.375,-1.0,-1.85));
#4370=VECTOR('',#5551,1.019803902719);
#4371=CARTESIAN_POINT('',(1.825,-2.0,-1.85));
#4372=CARTESIAN_POINT('',(3.175,-2.0,-1.85));
#4373=VECTOR('',#5552,1.35);
#4374=CARTESIAN_POINT('',(1.625,-1.0,-1.85));
#4375=CARTESIAN_POINT('',(1.825,-2.0,-1.85));
#4376=VECTOR('',#5553,1.019803902719);
#4377=CARTESIAN_POINT('',(1.625,-1.0,-1.85));
#4378=VECTOR('',#5554,1.0);
#4379=CARTESIAN_POINT('',(0.875,-1.0,-1.85));
#4380=CARTESIAN_POINT('',(0.875,0.0,-1.85));
#4381=VECTOR('',#5555,1.0);
#4382=CARTESIAN_POINT('',(0.675,-2.0,-1.85));
#4383=CARTESIAN_POINT('',(0.875,-1.0,-1.85));
#4384=VECTOR('',#5556,1.019803902719);
#4385=CARTESIAN_POINT('',(-0.675,-2.0,-1.85));
#4386=CARTESIAN_POINT('',(0.675,-2.0,-1.85));
#4387=VECTOR('',#5557,1.35);
#4388=CARTESIAN_POINT('',(-0.875,-1.0,-1.85));
#4389=CARTESIAN_POINT('',(-0.675,-2.0,-1.85));
#4390=VECTOR('',#5558,1.019803902719);
#4391=CARTESIAN_POINT('',(-0.875,-1.0,-1.85));
#4392=VECTOR('',#5559,1.0);
#4393=CARTESIAN_POINT('',(-1.625,-1.0,-1.85));
#4394=CARTESIAN_POINT('',(-1.625,0.0,-1.85));
#4395=VECTOR('',#5560,1.0);
#4396=CARTESIAN_POINT('',(-1.825,-2.0,-1.85));
#4397=CARTESIAN_POINT('',(-1.625,-1.0,-1.85));
#4398=VECTOR('',#5561,1.019803902719);
#4399=CARTESIAN_POINT('',(-3.175,-2.0,-1.85));
#4400=CARTESIAN_POINT('',(-1.825,-2.0,-1.85));
#4401=VECTOR('',#5562,1.35);
#4402=CARTESIAN_POINT('',(-3.375,-1.0,-1.85));
#4403=CARTESIAN_POINT('',(-3.175,-2.0,-1.85));
#4404=VECTOR('',#5563,1.019803902719);
#4405=CARTESIAN_POINT('',(-3.375,-1.0,-1.85));
#4406=VECTOR('',#5564,1.0);
#4407=CARTESIAN_POINT('',(-4.325,-2.0,-1.85));
#4408=CARTESIAN_POINT('',(-4.125,-1.0,-1.85));
#4409=VECTOR('',#5565,1.019803902719);
#4410=CARTESIAN_POINT('',(-5.042844028747,-2.0,-1.85));
#4411=CARTESIAN_POINT('',(-4.325,-2.0,-1.85));
#4412=VECTOR('',#5566,0.7178440287472);
#4413=CARTESIAN_POINT('',(-5.042844028747,5.9,-1.85));
#4414=CARTESIAN_POINT('',(-5.042844028747,-2.0,-1.85));
#4415=VECTOR('',#5567,7.9);
#4416=CARTESIAN_POINT('',(6.25,5.9,-1.85));
#4417=CARTESIAN_POINT('',(6.25,5.9,-1.85));
#4418=VECTOR('',#5568,11.29284402875);
#4419=CARTESIAN_POINT('',(6.25,-2.0,-1.85));
#4420=CARTESIAN_POINT('',(6.25,-2.0,-1.85));
#4421=VECTOR('',#5569,7.9);
#4422=CARTESIAN_POINT('',(4.325,-2.0,-1.85));
#4423=CARTESIAN_POINT('',(6.25,-2.0,-1.85));
#4424=VECTOR('',#5570,1.925);
#4425=CARTESIAN_POINT('',(4.125,-1.0,-1.85));
#4426=CARTESIAN_POINT('',(4.325,-2.0,-1.85));
#4427=VECTOR('',#5571,1.019803902719);
#4428=CARTESIAN_POINT('',(4.125,-1.0,-1.85));
#4429=VECTOR('',#5572,1.0);
#4430=CARTESIAN_POINT('',(3.375,0.0,-1.85));
#4431=VECTOR('',#5573,1.0);
#4432=CARTESIAN_POINT('',(3.375,-1.0,-0.85));
#4433=VECTOR('',#5574,1.0);
#4434=CARTESIAN_POINT('',(3.175,-2.0,-1.35));
#4435=CARTESIAN_POINT('',(3.275,-1.5,-0.85));
#4436=VECTOR('',#5575,0.7141428428543);
#4437=CARTESIAN_POINT('',(3.175,-2.0,-1.35));
#4438=VECTOR('',#5576,0.5);
#4439=CARTESIAN_POINT('',(-4.325,-2.0,-1.35));
#4440=CARTESIAN_POINT('',(-5.542843935747,-2.0,-1.35));
#4441=CARTESIAN_POINT('',(-4.325,-2.0,-1.35));
#4442=VECTOR('',#5577,1.217843935747);
#4443=CARTESIAN_POINT('',(-5.542843935747,-2.0,-1.35));
#4444=VECTOR('',#5578,0.7071067154254);
#4445=CARTESIAN_POINT('',(-4.325,-2.0,-1.35));
#4446=VECTOR('',#5579,0.5);
#4447=CARTESIAN_POINT('',(-1.825,-2.0,-1.35));
#4448=CARTESIAN_POINT('',(-3.175,-2.0,-1.35));
#4449=CARTESIAN_POINT('',(-1.825,-2.0,-1.35));
#4450=VECTOR('',#5580,1.35);
#4451=CARTESIAN_POINT('',(-3.175,-2.0,-1.35));
#4452=VECTOR('',#5581,0.5);
#4453=CARTESIAN_POINT('',(-1.825,-2.0,-1.35));
#4454=VECTOR('',#5582,0.5);
#4455=CARTESIAN_POINT('',(0.675,-2.0,-1.35));
#4456=CARTESIAN_POINT('',(-0.675,-2.0,-1.35));
#4457=CARTESIAN_POINT('',(0.675,-2.0,-1.35));
#4458=VECTOR('',#5583,1.35);
#4459=CARTESIAN_POINT('',(-0.675,-2.0,-1.35));
#4460=VECTOR('',#5584,0.5);
#4461=CARTESIAN_POINT('',(0.675,-2.0,-1.35));
#4462=VECTOR('',#5585,0.5);
#4463=CARTESIAN_POINT('',(1.825,-2.0,-1.35));
#4464=CARTESIAN_POINT('',(3.175,-2.0,-1.35));
#4465=VECTOR('',#5586,1.35);
#4466=CARTESIAN_POINT('',(1.825,-2.0,-1.35));
#4467=VECTOR('',#5587,0.5);
#4468=CARTESIAN_POINT('',(6.25,-2.0,-1.35));
#4469=CARTESIAN_POINT('',(6.25,-2.0,-1.35));
#4470=VECTOR('',#5588,0.5);
#4471=CARTESIAN_POINT('',(4.325,-2.0,-1.35));
#4472=CARTESIAN_POINT('',(6.25,-2.0,-1.35));
#4473=VECTOR('',#5589,1.925);
#4474=CARTESIAN_POINT('',(4.325,-2.0,-1.35));
#4475=VECTOR('',#5590,0.5);
#4476=CARTESIAN_POINT('',(-4.225,-1.5,-0.85));
#4477=VECTOR('',#5591,0.7141428428543);
#4478=CARTESIAN_POINT('',(-6.042843842747,-1.5,-0.85));
#4479=VECTOR('',#5592,0.8660253500907);
#4480=CARTESIAN_POINT('',(-3.275,-1.5,-0.85));
#4481=VECTOR('',#5593,0.7141428428543);
#4482=CARTESIAN_POINT('',(-1.725,-1.5,-0.85));
#4483=VECTOR('',#5594,0.7141428428543);
#4484=CARTESIAN_POINT('',(-0.775,-1.5,-0.85));
#4485=VECTOR('',#5595,0.7141428428543);
#4486=CARTESIAN_POINT('',(0.775,-1.5,-0.85));
#4487=VECTOR('',#5596,0.7141428428543);
#4488=CARTESIAN_POINT('',(1.725,-1.5,-0.85));
#4489=VECTOR('',#5597,0.7141428428543);
#4490=CARTESIAN_POINT('',(6.25,-1.5,-0.85));
#4491=VECTOR('',#5598,0.7071067811865);
#4492=CARTESIAN_POINT('',(4.225,-1.5,-0.85));
#4493=VECTOR('',#5599,0.7141428428543);
#4494=CARTESIAN_POINT('',(-6.25,5.9,-0.6428438042155));
#4495=CARTESIAN_POINT('',(-6.25,0.0,-0.6428438042155));
#4496=VECTOR('',#5600,5.9);
#4497=CARTESIAN_POINT('',(-5.042844028747,5.9,-1.85));
#4498=VECTOR('',#5601,1.707176505213);
#4499=CARTESIAN_POINT('',(4.239420008913,5.9,-1.450772504456));
#4500=CARTESIAN_POINT('',(5.55,5.9,-0.140192513369));
#4501=CARTESIAN_POINT('',(4.239420008913,5.9,-1.450772504456));
#4502=VECTOR('',#5602,1.853439997971);
#4503=CARTESIAN_POINT('',(5.55,5.9,0.4809933409527));
#4504=CARTESIAN_POINT('',(5.55,5.9,0.4809933409527));
#4505=VECTOR('',#5603,0.6211858543216);
#4506=CARTESIAN_POINT('',(6.25,5.9,0.4809933409527));
#4507=CARTESIAN_POINT('',(6.25,5.9,0.4809933409527));
#4508=VECTOR('',#5604,0.7);
#4509=CARTESIAN_POINT('',(6.25,5.9,0.4809933409527));
#4510=VECTOR('',#5605,2.330993340953);
#4511=CARTESIAN_POINT('',(-6.25,5.9,0.4809933409527));
#4512=CARTESIAN_POINT('',(-6.25,5.9,-0.6428438042155));
#4513=VECTOR('',#5606,1.123837145168);
#4514=CARTESIAN_POINT('',(-5.55,5.9,0.4809933409527));
#4515=CARTESIAN_POINT('',(-6.25,5.9,0.4809933409527));
#4516=VECTOR('',#5607,0.7);
#4517=CARTESIAN_POINT('',(-5.55,5.9,-0.3571772762088));
#4518=CARTESIAN_POINT('',(-5.55,5.9,-0.3571772762088));
#4519=VECTOR('',#5608,0.8381706171614);
#4520=CARTESIAN_POINT('',(-4.449856193589,5.9,-1.450772504456));
#4521=CARTESIAN_POINT('',(-5.55,5.9,-0.3571772762088));
#4522=VECTOR('',#5609,1.551214658914);
#4523=CARTESIAN_POINT('',(-4.449856193589,5.9,-1.450772504456));
#4524=VECTOR('',#5610,8.689276202501);
#4525=CARTESIAN_POINT('',(-5.55,5.9,2.643991310161));
#4526=CARTESIAN_POINT('',(-5.55,5.9,1.699621984225));
#4527=CARTESIAN_POINT('',(-5.55,5.9,2.643991310161));
#4528=VECTOR('',#5611,0.9443693259357);
#4529=CARTESIAN_POINT('',(-6.25,5.9,1.699621984225));
#4530=CARTESIAN_POINT('',(-6.25,5.9,1.699621984225));
#4531=VECTOR('',#5612,0.7);
#4532=CARTESIAN_POINT('',(-6.25,5.9,3.05));
#4533=CARTESIAN_POINT('',(-6.25,5.9,1.699621984225));
#4534=VECTOR('',#5613,1.350378015775);
#4535=CARTESIAN_POINT('',(6.25,5.9,3.05));
#4536=CARTESIAN_POINT('',(-6.25,5.9,3.05));
#4537=VECTOR('',#5614,12.5);
#4538=CARTESIAN_POINT('',(6.25,5.9,1.699621984225));
#4539=CARTESIAN_POINT('',(6.25,5.9,3.05));
#4540=VECTOR('',#5615,1.350378015775);
#4541=CARTESIAN_POINT('',(5.55,5.9,1.699621984225));
#4542=CARTESIAN_POINT('',(6.25,5.9,1.699621984225));
#4543=VECTOR('',#5616,0.7);
#4544=CARTESIAN_POINT('',(5.55,5.9,2.643991310161));
#4545=CARTESIAN_POINT('',(5.55,5.9,1.699621984225));
#4546=VECTOR('',#5617,0.9443693259357);
#4547=CARTESIAN_POINT('',(5.55,5.9,2.643991310161));
#4548=VECTOR('',#5618,11.1);
#4549=CARTESIAN_POINT('',(4.539420008913,5.6,-1.150772504456));
#4550=CARTESIAN_POINT('',(4.239420008913,5.9,-1.450772504456));
#4551=VECTOR('',#5619,0.5196152422706);
#4552=CARTESIAN_POINT('',(-4.751652629234,5.6,-1.150772504456));
#4553=CARTESIAN_POINT('',(-4.751652629234,5.6,-1.150772504456));
#4554=VECTOR('',#5620,0.5206544809833);
#4555=CARTESIAN_POINT('',(-4.751652629234,5.6,-1.150772504456));
#4556=VECTOR('',#5621,9.291072638146);
#4557=CARTESIAN_POINT('',(-2.148265819964,1.95,-1.150772504456));
#4558=CARTESIAN_POINT('',(-2.148265819964,5.45,-1.150772504456));
#4559=CARTESIAN_POINT('',(-2.148265819964,1.95,-1.150772504456));
#4560=VECTOR('',#5622,3.5);
#4561=CARTESIAN_POINT('',(-0.3513629679146,1.95,-1.150772504456));
#4562=CARTESIAN_POINT('',(-0.3513629679146,1.95,-1.150772504456));
#4563=VECTOR('',#5623,1.79690285205);
#4564=CARTESIAN_POINT('',(-0.3513629679146,5.45,-1.150772504456));
#4565=CARTESIAN_POINT('',(-0.3513629679146,1.95,-1.150772504456));
#4566=VECTOR('',#5624,3.5);
#4567=CARTESIAN_POINT('',(0.3466466131907,5.45,-1.150772504456));
#4568=CARTESIAN_POINT('',(-0.3513629679146,5.45,-1.150772504456));
#4569=VECTOR('',#5625,0.6980095811053);
#4570=CARTESIAN_POINT('',(0.3466466131907,1.95,-1.150772504456));
#4571=CARTESIAN_POINT('',(0.3466466131907,1.95,-1.150772504456));
#4572=VECTOR('',#5626,3.5);
#4573=CARTESIAN_POINT('',(2.143549465241,1.95,-1.150772504456));
#4574=CARTESIAN_POINT('',(2.143549465241,1.95,-1.150772504456));
#4575=VECTOR('',#5627,1.79690285205);
#4576=CARTESIAN_POINT('',(2.143549465241,5.45,-1.150772504456));
#4577=CARTESIAN_POINT('',(2.143549465241,1.95,-1.150772504456));
#4578=VECTOR('',#5628,3.5);
#4579=CARTESIAN_POINT('',(2.846275178253,5.45,-1.150772504456));
#4580=CARTESIAN_POINT('',(2.143549465241,5.45,-1.150772504456));
#4581=VECTOR('',#5629,0.7027257130124);
#4582=CARTESIAN_POINT('',(2.846275178253,1.95,-1.150772504456));
#4583=CARTESIAN_POINT('',(2.846275178253,1.95,-1.150772504456));
#4584=VECTOR('',#5630,3.5);
#4585=CARTESIAN_POINT('',(4.539420008913,1.95,-1.150772504456));
#4586=CARTESIAN_POINT('',(4.539420008913,1.95,-1.150772504456));
#4587=VECTOR('',#5631,1.69314483066);
#4588=CARTESIAN_POINT('',(4.539420008913,5.6,-1.150772504456));
#4589=VECTOR('',#5632,3.65);
#4590=CARTESIAN_POINT('',(-4.751652629234,1.95,-1.150772504456));
#4591=CARTESIAN_POINT('',(-4.751652629234,5.6,-1.150772504456));
#4592=VECTOR('',#5633,3.65);
#4593=CARTESIAN_POINT('',(-2.846275178253,1.95,-1.150772504456));
#4594=CARTESIAN_POINT('',(-2.846275178253,1.95,-1.150772504456));
#4595=VECTOR('',#5634,1.90537745098);
#4596=CARTESIAN_POINT('',(-2.846275178253,5.45,-1.150772504456));
#4597=CARTESIAN_POINT('',(-2.846275178253,1.95,-1.150772504456));
#4598=VECTOR('',#5635,3.5);
#4599=CARTESIAN_POINT('',(-2.846275178253,5.45,-1.150772504456));
#4600=VECTOR('',#5636,0.6980093582887);
#4601=CARTESIAN_POINT('',(-2.577447192513,5.45,-0.7923351158645));
#4602=CARTESIAN_POINT('',(-2.846275178253,5.45,-1.150772504456));
#4603=VECTOR('',#5637,0.4480467023174);
#4604=CARTESIAN_POINT('',(-2.417093805704,5.45,-0.7923351158645));
#4605=AXIS2_PLACEMENT_3D('',#5638,#5639,#5640);
#4606=CARTESIAN_POINT('',(-2.417093805704,5.45,-0.7923351158645));
#4607=VECTOR('',#5641,0.4480467023174);
#4608=CARTESIAN_POINT('',(-0.08253498217476,5.45,-0.7923351158645));
#4609=CARTESIAN_POINT('',(-0.3513629679146,5.45,-1.150772504456));
#4610=VECTOR('',#5642,0.4480467023175);
#4611=CARTESIAN_POINT('',(0.07781862745099,5.45,-0.7923351158645));
#4612=AXIS2_PLACEMENT_3D('',#5643,#5644,#5645);
#4613=CARTESIAN_POINT('',(0.07781862745099,5.45,-0.7923351158645));
#4614=VECTOR('',#5646,0.4480467023174);
#4615=CARTESIAN_POINT('',(2.417093805704,5.45,-0.7923351158645));
#4616=CARTESIAN_POINT('',(2.143549465241,5.45,-1.150772504456));
#4617=VECTOR('',#5647,0.4508923017087);
#4618=CARTESIAN_POINT('',(2.572731060606,5.45,-0.7923351158645));
#4619=AXIS2_PLACEMENT_3D('',#5648,#5649,#5650);
#4620=CARTESIAN_POINT('',(2.572731060606,5.45,-0.7923351158645));
#4621=VECTOR('',#5651,0.450892166532);
#4622=CARTESIAN_POINT('',(-2.417093805704,1.95,-0.7923351158645));
#4623=CARTESIAN_POINT('',(-2.417093805704,1.95,-0.7923351158645));
#4624=VECTOR('',#5652,3.5);
#4625=CARTESIAN_POINT('',(-2.417093805704,1.95,-0.7923351158645));
#4626=VECTOR('',#5653,0.4480467023174);
#4627=CARTESIAN_POINT('',(-5.55,1.95,-0.3571772762088));
#4628=CARTESIAN_POINT('',(-4.751652629234,1.95,-1.150772504456));
#4629=VECTOR('',#5654,1.125678422422);
#4630=CARTESIAN_POINT('',(-5.55,1.95,-0.05));
#4631=CARTESIAN_POINT('',(-5.55,1.95,-0.3571772762088));
#4632=VECTOR('',#5655,0.3071772762088);
#4633=CARTESIAN_POINT('',(-5.55,1.95,2.05));
#4634=CARTESIAN_POINT('',(-5.55,1.95,2.05));
#4635=VECTOR('',#5656,2.1);
#4636=CARTESIAN_POINT('',(-5.55,1.95,2.343991310161));
#4637=CARTESIAN_POINT('',(-5.55,1.95,2.05));
#4638=VECTOR('',#5657,0.2939913101605);
#4639=CARTESIAN_POINT('',(5.55,1.95,2.343991310161));
#4640=CARTESIAN_POINT('',(-5.55,1.95,2.343991310161));
#4641=VECTOR('',#5658,11.1);
#4642=CARTESIAN_POINT('',(5.55,1.95,2.05));
#4643=CARTESIAN_POINT('',(5.55,1.95,2.343991310161));
#4644=VECTOR('',#5659,0.2939913101605);
#4645=CARTESIAN_POINT('',(5.55,1.95,-0.05));
#4646=CARTESIAN_POINT('',(5.55,1.95,2.05));
#4647=VECTOR('',#5660,2.1);
#4648=CARTESIAN_POINT('',(5.55,1.95,-0.140192513369));
#4649=CARTESIAN_POINT('',(5.55,1.95,-0.05));
#4650=VECTOR('',#5661,0.09019251336897);
#4651=CARTESIAN_POINT('',(5.55,1.95,-0.140192513369));
#4652=VECTOR('',#5662,1.429175929259);
#4653=CARTESIAN_POINT('',(2.572731060606,1.95,-0.7923351158645));
#4654=CARTESIAN_POINT('',(2.572731060606,1.95,-0.7923351158645));
#4655=VECTOR('',#5663,0.450892166532);
#4656=CARTESIAN_POINT('',(2.417093805704,1.95,-0.7923351158645));
#4657=AXIS2_PLACEMENT_3D('',#5664,#5665,#5666);
#4658=CARTESIAN_POINT('',(2.143549465241,1.95,-1.150772504456));
#4659=VECTOR('',#5667,0.4508923017087);
#4660=CARTESIAN_POINT('',(0.07781862745099,1.95,-0.7923351158645));
#4661=CARTESIAN_POINT('',(0.07781862745099,1.95,-0.7923351158645));
#4662=VECTOR('',#5668,0.4480467023174);
#4663=CARTESIAN_POINT('',(-0.08253498217476,1.95,-0.7923351158645));
#4664=AXIS2_PLACEMENT_3D('',#5669,#5670,#5671);
#4665=CARTESIAN_POINT('',(-0.3513629679146,1.95,-1.150772504456));
#4666=VECTOR('',#5672,0.4480467023175);
#4667=CARTESIAN_POINT('',(-2.577447192513,1.95,-0.7923351158645));
#4668=AXIS2_PLACEMENT_3D('',#5673,#5674,#5675);
#4669=CARTESIAN_POINT('',(-2.846275178253,1.95,-1.150772504456));
#4670=VECTOR('',#5676,0.4480467023174);
#4671=CARTESIAN_POINT('',(-4.1,1.95,0.0));
#4672=CARTESIAN_POINT('',(-3.4,1.95,0.0));
#4673=AXIS2_PLACEMENT_3D('',#5677,#5678,#5679);
#4674=AXIS2_PLACEMENT_3D('',#5680,#5681,#5682);
#4675=CARTESIAN_POINT('',(-1.6,1.95,0.0));
#4676=CARTESIAN_POINT('',(-0.9,1.95,0.0));
#4677=AXIS2_PLACEMENT_3D('',#5683,#5684,#5685);
#4678=AXIS2_PLACEMENT_3D('',#5686,#5687,#5688);
#4679=CARTESIAN_POINT('',(0.9,1.95,0.0));
#4680=CARTESIAN_POINT('',(1.6,1.95,0.0));
#4681=AXIS2_PLACEMENT_3D('',#5689,#5690,#5691);
#4682=AXIS2_PLACEMENT_3D('',#5692,#5693,#5694);
#4683=CARTESIAN_POINT('',(3.4,1.95,0.0));
#4684=CARTESIAN_POINT('',(4.1,1.95,0.0));
#4685=AXIS2_PLACEMENT_3D('',#5695,#5696,#5697);
#4686=AXIS2_PLACEMENT_3D('',#5698,#5699,#5700);
#4687=CARTESIAN_POINT('',(-2.577447192513,1.95,-0.7923351158645));
#4688=VECTOR('',#5701,3.5);
#4689=CARTESIAN_POINT('',(-0.08253498217476,1.95,-0.7923351158645));
#4690=VECTOR('',#5702,3.5);
#4691=CARTESIAN_POINT('',(0.07781862745099,1.95,-0.7923351158645));
#4692=VECTOR('',#5703,3.5);
#4693=CARTESIAN_POINT('',(2.417093805704,1.95,-0.7923351158645));
#4694=VECTOR('',#5704,3.5);
#4695=CARTESIAN_POINT('',(2.572731060606,1.95,-0.7923351158645));
#4696=VECTOR('',#5705,3.5);
#4697=CARTESIAN_POINT('',(5.55,5.9,-0.140192513369));
#4698=VECTOR('',#5706,3.95);
#4699=CARTESIAN_POINT('',(5.55,4.890782976827,-0.05));
#4700=CARTESIAN_POINT('',(5.55,4.890782976827,0.9951350267379));
#4701=CARTESIAN_POINT('',(5.55,4.890782976827,-0.05));
#4702=VECTOR('',#5707,1.045135026738);
#4703=CARTESIAN_POINT('',(5.55,5.39070855615,0.9951350267379));
#4704=CARTESIAN_POINT('',(5.55,4.890782976827,0.9951350267379));
#4705=VECTOR('',#5708,0.4999255793227);
#4706=CARTESIAN_POINT('',(5.55,5.39070855615,0.9951350267379));
#4707=VECTOR('',#5709,0.7236846328623);
#4708=CARTESIAN_POINT('',(5.55,1.95,-0.05));
#4709=VECTOR('',#5710,2.940782976827);
#4710=CARTESIAN_POINT('',(5.55,5.39070855615,1.195135026738));
#4711=CARTESIAN_POINT('',(5.55,5.9,1.699621984225));
#4712=VECTOR('',#5711,0.7168576323465);
#4713=CARTESIAN_POINT('',(5.55,4.890782976827,1.195135026738));
#4714=CARTESIAN_POINT('',(5.55,5.39070855615,1.195135026738));
#4715=VECTOR('',#5712,0.4999255793227);
#4716=CARTESIAN_POINT('',(5.55,4.890782976827,2.05));
#4717=CARTESIAN_POINT('',(5.55,4.890782976827,1.195135026738));
#4718=VECTOR('',#5713,0.8548649732621);
#4719=CARTESIAN_POINT('',(5.55,1.95,2.05));
#4720=VECTOR('',#5714,2.940782976827);
#4721=CARTESIAN_POINT('',(5.55,5.6,2.343991310161));
#4722=CARTESIAN_POINT('',(5.55,5.6,2.343991310161));
#4723=VECTOR('',#5715,3.65);
#4724=CARTESIAN_POINT('',(5.55,5.6,2.343991310161));
#4725=VECTOR('',#5716,0.4242640687119);
#4726=CARTESIAN_POINT('',(6.25,4.890782976827,-0.05));
#4727=CARTESIAN_POINT('',(6.25,4.890782976827,-0.05));
#4728=VECTOR('',#5717,0.7);
#4729=CARTESIAN_POINT('',(5.55,0.0,-0.05));
#4730=VECTOR('',#5718,1.95);
#4731=CARTESIAN_POINT('',(6.25,0.0,-0.05));
#4732=VECTOR('',#5719,4.890782976827);
#4733=CARTESIAN_POINT('',(6.25,0.8960933600713,3.05));
#4734=CARTESIAN_POINT('',(6.25,0.8960933600713,3.05));
#4735=VECTOR('',#5720,5.003906639929);
#4736=CARTESIAN_POINT('',(6.25,0.8960933600713,2.05));
#4737=CARTESIAN_POINT('',(6.25,0.8960933600713,3.05));
#4738=VECTOR('',#5721,1.0);
#4739=CARTESIAN_POINT('',(6.25,4.890782976827,2.05));
#4740=CARTESIAN_POINT('',(6.25,0.8960933600713,2.05));
#4741=VECTOR('',#5722,3.994689616756);
#4742=CARTESIAN_POINT('',(6.25,4.890782976827,1.195135026738));
#4743=CARTESIAN_POINT('',(6.25,4.890782976827,1.195135026738));
#4744=VECTOR('',#5723,0.8548649732621);
#4745=CARTESIAN_POINT('',(6.25,5.39070855615,1.195135026738));
#4746=CARTESIAN_POINT('',(6.25,5.39070855615,1.195135026738));
#4747=VECTOR('',#5724,0.4999255793227);
#4748=CARTESIAN_POINT('',(6.25,5.9,1.699621984225));
#4749=VECTOR('',#5725,0.7168576323465);
#4750=CARTESIAN_POINT('',(6.25,5.39070855615,0.9951350267379));
#4751=CARTESIAN_POINT('',(6.25,5.39070855615,0.9951350267379));
#4752=VECTOR('',#5726,0.7236846328623);
#4753=CARTESIAN_POINT('',(6.25,4.890782976827,0.9951350267379));
#4754=CARTESIAN_POINT('',(6.25,4.890782976827,0.9951350267379));
#4755=VECTOR('',#5727,0.4999255793227);
#4756=CARTESIAN_POINT('',(6.25,4.890782976827,-0.05));
#4757=VECTOR('',#5728,1.045135026738);
#4758=CARTESIAN_POINT('',(6.25,5.39070855615,1.195135026738));
#4759=VECTOR('',#5729,0.7);
#4760=CARTESIAN_POINT('',(6.25,4.890782976827,1.195135026738));
#4761=VECTOR('',#5730,0.7);
#4762=CARTESIAN_POINT('',(6.25,4.890782976827,2.05));
#4763=VECTOR('',#5731,0.7);
#4764=CARTESIAN_POINT('',(5.55,0.8960933600713,2.05));
#4765=CARTESIAN_POINT('',(6.25,0.8960933600713,2.05));
#4766=VECTOR('',#5732,0.7);
#4767=CARTESIAN_POINT('',(5.55,1.95,2.05));
#4768=VECTOR('',#5733,1.053906639929);
#4769=CARTESIAN_POINT('',(5.55,0.0,2.05));
#4770=VECTOR('',#5734,0.8960933600713);
#4771=CARTESIAN_POINT('',(-5.55,0.8960933600713,2.05));
#4772=CARTESIAN_POINT('',(5.55,0.8960933600713,2.05));
#4773=VECTOR('',#5735,11.1);
#4774=CARTESIAN_POINT('',(-5.55,0.0,2.05));
#4775=VECTOR('',#5736,0.8960933600713);
#4776=CARTESIAN_POINT('',(-5.55,1.95,2.05));
#4777=VECTOR('',#5737,1.053906639929);
#4778=CARTESIAN_POINT('',(-5.55,0.0,-0.05));
#4779=VECTOR('',#5738,1.95);
#4780=CARTESIAN_POINT('',(-5.55,1.030787072643,1.382942656762));
#4781=CARTESIAN_POINT('',(-5.55,1.030787072643,1.382942656762));
#4782=VECTOR('',#5739,0.08302370738329);
#4783=CARTESIAN_POINT('',(-5.55,1.092787072643,1.394957141687));
#4784=CARTESIAN_POINT('',(-5.55,1.092787072643,1.394957141687));
#4785=VECTOR('',#5740,0.0631533676697);
#4786=CARTESIAN_POINT('',(-5.55,1.092787072643,1.478358436093));
#4787=CARTESIAN_POINT('',(-5.55,1.092787072643,1.478358436093));
#4788=VECTOR('',#5741,0.08340129440529);
#4789=CARTESIAN_POINT('',(-5.55,1.113840755137,1.503883599033));
#4790=AXIS2_PLACEMENT_3D('',#5742,#5743,#5744);
#4791=CARTESIAN_POINT('',(-5.55,1.172787072643,1.515306335212));
#4792=CARTESIAN_POINT('',(-5.55,1.172787072643,1.515306335212));
#4793=VECTOR('',#5745,0.06004287842301);
#4794=CARTESIAN_POINT('',(-5.55,1.172787072643,1.410459702882));
#4795=CARTESIAN_POINT('',(-5.55,1.172787072643,1.410459702882));
#4796=VECTOR('',#5746,0.1048466323303);
#4797=CARTESIAN_POINT('',(-5.55,1.234787072643,1.422474187807));
#4798=CARTESIAN_POINT('',(-5.55,1.234787072643,1.422474187807));
#4799=VECTOR('',#5747,0.0631533676697);
#4800=CARTESIAN_POINT('',(-5.55,1.234787072643,1.544403568474));
#4801=VECTOR('',#5748,0.1219293806675);
#4802=CARTESIAN_POINT('',(-5.55,1.189557839365,1.581709575849));
#4803=AXIS2_PLACEMENT_3D('',#5749,#5750,#5751);
#4804=CARTESIAN_POINT('',(-5.55,1.110037692864,1.566300001633));
#4805=CARTESIAN_POINT('',(-5.55,1.110037692864,1.566300001633));
#4806=VECTOR('',#5752,0.08099943627609);
#4807=CARTESIAN_POINT('',(-5.55,1.062787072643,1.507873312609));
#4808=CARTESIAN_POINT('',(-5.55,1.062787072643,1.507873312609));
#4809=VECTOR('',#5753,0.07514185984888);
#4810=CARTESIAN_POINT('',(-5.55,1.011305128479,1.547167406367));
#4811=CARTESIAN_POINT('',(-5.55,1.011305128479,1.547167406367));
#4812=VECTOR('',#5754,0.06476431408668);
#4813=CARTESIAN_POINT('',(-5.55,0.893362698985,1.524312284734));
#4814=CARTESIAN_POINT('',(-5.55,0.893362698985,1.524312284734));
#4815=VECTOR('',#5755,0.1201364776402);
#4816=CARTESIAN_POINT('',(-5.55,0.878787072643,1.506641018083));
#4817=AXIS2_PLACEMENT_3D('',#5756,#5757,#5758);
#4818=CARTESIAN_POINT('',(-5.55,0.878787072643,1.124790120314));
#4819=CARTESIAN_POINT('',(-5.55,0.878787072643,1.124790120314));
#4820=VECTOR('',#5759,0.3818508977696);
#4821=CARTESIAN_POINT('',(-5.55,1.050980264651,1.039462461805));
#4822=CARTESIAN_POINT('',(-5.55,1.050980264651,1.039462461805));
#4823=VECTOR('',#5760,0.192175192677);
#4824=CARTESIAN_POINT('',(-5.55,1.022199045495,1.005548818617));
#4825=CARTESIAN_POINT('',(-5.55,1.022199045495,1.005548818617));
#4826=VECTOR('',#5761,0.0444802627064);
#4827=CARTESIAN_POINT('',(-5.55,0.878787072643,0.9777581575531));
#4828=CARTESIAN_POINT('',(-5.55,0.878787072643,0.9777581575531));
#4829=VECTOR('',#5762,0.1460798233829);
#4830=CARTESIAN_POINT('',(-5.55,0.878787072643,0.9157581575531));
#4831=CARTESIAN_POINT('',(-5.55,0.878787072643,0.9157581575531));
#4832=VECTOR('',#5763,0.062);
#4833=CARTESIAN_POINT('',(-5.55,1.218787072643,0.9816440426284));
#4834=CARTESIAN_POINT('',(-5.55,1.218787072643,0.9816440426284));
#4835=VECTOR('',#5764,0.346324919479);
#4836=CARTESIAN_POINT('',(-5.55,1.218787072643,0.8876440426284));
#4837=CARTESIAN_POINT('',(-5.55,1.218787072643,0.8876440426284));
#4838=VECTOR('',#5765,0.094);
#4839=CARTESIAN_POINT('',(-5.55,1.069150313424,0.7651241554079));
#4840=CARTESIAN_POINT('',(-5.55,1.069150313424,0.7651241554079));
#4841=VECTOR('',#5766,0.1933966971643);
#4842=CARTESIAN_POINT('',(-5.55,0.878787072643,0.8931876768671));
#4843=CARTESIAN_POINT('',(-5.55,0.878787072643,0.8931876768671));
#4844=VECTOR('',#5767,0.2294306626613);
#4845=CARTESIAN_POINT('',(-5.55,0.878787072643,0.8171876768671));
#4846=CARTESIAN_POINT('',(-5.55,0.878787072643,0.8171876768671));
#4847=VECTOR('',#5768,0.076);
#4848=CARTESIAN_POINT('',(-5.55,1.018195392166,0.7234031823101));
#4849=CARTESIAN_POINT('',(-5.55,1.018195392166,0.7234031823101));
#4850=VECTOR('',#5769,0.1680184840179);
#4851=CARTESIAN_POINT('',(-5.55,0.878787072643,0.6092581575531));
#4852=CARTESIAN_POINT('',(-5.55,0.878787072643,0.6092581575531));
#4853=VECTOR('',#5770,0.1801770413486);
#4854=CARTESIAN_POINT('',(-5.55,0.878787072643,0.5292581575531));
#4855=CARTESIAN_POINT('',(-5.55,0.878787072643,0.5292581575531));
#4856=VECTOR('',#5771,0.08);
#4857=CARTESIAN_POINT('',(-5.55,1.071832151385,0.6873199960973));
#4858=CARTESIAN_POINT('',(-5.55,1.071832151385,0.6873199960973));
#4859=VECTOR('',#5772,0.2494993932467);
#4860=CARTESIAN_POINT('',(-5.55,1.234787072643,0.5776949394435));
#4861=CARTESIAN_POINT('',(-5.55,1.234787072643,0.5776949394435));
#4862=VECTOR('',#5773,0.1963974526529);
#4863=CARTESIAN_POINT('',(-5.55,1.234787072643,0.6536949394435));
#4864=CARTESIAN_POINT('',(-5.55,1.234787072643,0.6536949394435));
#4865=VECTOR('',#5774,0.076);
#4866=CARTESIAN_POINT('',(-5.55,1.122787072643,0.729040969195));
#4867=CARTESIAN_POINT('',(-5.55,1.122787072643,0.729040969195));
#4868=VECTOR('',#5775,0.1349852740094);
#4869=CARTESIAN_POINT('',(-5.55,1.234787072643,0.8207445548672));
#4870=CARTESIAN_POINT('',(-5.55,1.234787072643,0.8207445548672));
#4871=VECTOR('',#5776,0.1447534028105);
#4872=CARTESIAN_POINT('',(-5.55,1.234787072643,1.046744554867));
#4873=CARTESIAN_POINT('',(-5.55,1.234787072643,1.046744554867));
#4874=VECTOR('',#5777,0.226);
#4875=CARTESIAN_POINT('',(-5.55,1.119706170106,1.024443945694));
#4876=CARTESIAN_POINT('',(-5.55,1.119706170106,1.024443945694));
#4877=VECTOR('',#5778,0.1172217185428);
#4878=CARTESIAN_POINT('',(-5.55,1.234787072643,1.160046702659));
#4879=CARTESIAN_POINT('',(-5.55,1.234787072643,1.160046702659));
#4880=VECTOR('',#5779,0.1778530905696);
#4881=CARTESIAN_POINT('',(-5.55,1.234787072643,1.256046702659));
#4882=CARTESIAN_POINT('',(-5.55,1.234787072643,1.256046702659));
#4883=VECTOR('',#5780,0.096);
#4884=CARTESIAN_POINT('',(-5.55,1.092318690165,1.088172580902));
#4885=CARTESIAN_POINT('',(-5.55,1.092318690165,1.088172580902));
#4886=VECTOR('',#5781,0.2201793831433);
#4887=CARTESIAN_POINT('',(-5.55,0.892787072643,1.187047371032));
#4888=CARTESIAN_POINT('',(-5.55,0.8927870726429,1.187047371032));
#4889=VECTOR('',#5782,0.222686080648);
#4890=CARTESIAN_POINT('',(-5.55,0.8927870726429,1.231047371032));
#4891=CARTESIAN_POINT('',(-5.55,0.8927870726429,1.231047371032));
#4892=VECTOR('',#5783,0.044);
#4893=CARTESIAN_POINT('',(-5.55,1.234787072643,1.297320820137));
#4894=CARTESIAN_POINT('',(-5.55,1.234787072643,1.297320820137));
#4895=VECTOR('',#5784,0.3483621248877);
#4896=CARTESIAN_POINT('',(-5.55,1.234787072643,1.359320820137));
#4897=CARTESIAN_POINT('',(-5.55,1.234787072643,1.359320820137));
#4898=VECTOR('',#5785,0.062);
#4899=CARTESIAN_POINT('',(-5.55,0.9407870726429,1.302348907749));
#4900=CARTESIAN_POINT('',(-5.55,0.9407870726429,1.302348907749));
#4901=VECTOR('',#5786,0.2994691950789);
#4902=CARTESIAN_POINT('',(-5.55,0.9407870726429,1.470348907749));
#4903=CARTESIAN_POINT('',(-5.55,0.9407870726429,1.470348907749));
#4904=VECTOR('',#5787,0.168);
#4905=CARTESIAN_POINT('',(-5.55,1.009362698985,1.483637630796));
#4906=CARTESIAN_POINT('',(-5.55,1.009362698985,1.483637630796));
#4907=VECTOR('',#5788,0.06985131844451);
#4908=AXIS2_PLACEMENT_3D('',#5789,#5790,#5791);
#4909=CARTESIAN_POINT('',(-5.55,4.890782976827,-0.05));
#4910=CARTESIAN_POINT('',(-5.55,1.95,-0.05));
#4911=VECTOR('',#5792,2.940782976827);
#4912=CARTESIAN_POINT('',(-6.25,4.890782976827,-0.05));
#4913=CARTESIAN_POINT('',(-6.25,4.890782976827,-0.05));
#4914=VECTOR('',#5793,0.7);
#4915=CARTESIAN_POINT('',(-6.25,0.0,-0.05));
#4916=VECTOR('',#5794,4.890782976827);
#4917=CARTESIAN_POINT('',(-6.25,4.890782976827,0.9951350267379));
#4918=CARTESIAN_POINT('',(-6.25,4.890782976827,-0.05));
#4919=VECTOR('',#5795,1.045135026738);
#4920=CARTESIAN_POINT('',(-6.25,5.39070855615,0.9951350267379));
#4921=CARTESIAN_POINT('',(-6.25,4.890782976827,0.9951350267379));
#4922=VECTOR('',#5796,0.4999255793227);
#4923=CARTESIAN_POINT('',(-6.25,5.39070855615,0.9951350267379));
#4924=VECTOR('',#5797,0.7236846328623);
#4925=CARTESIAN_POINT('',(-6.25,5.39070855615,1.195135026738));
#4926=CARTESIAN_POINT('',(-6.25,4.890782976827,1.195135026738));
#4927=CARTESIAN_POINT('',(-6.25,5.39070855615,1.195135026738));
#4928=VECTOR('',#5798,0.4999255793227);
#4929=CARTESIAN_POINT('',(-6.25,4.890782976827,2.05));
#4930=CARTESIAN_POINT('',(-6.25,4.890782976827,1.195135026738));
#4931=VECTOR('',#5799,0.8548649732621);
#4932=CARTESIAN_POINT('',(-6.25,0.8960933600713,2.05));
#4933=CARTESIAN_POINT('',(-6.25,0.8960933600713,2.05));
#4934=VECTOR('',#5800,3.994689616756);
#4935=CARTESIAN_POINT('',(-6.25,0.8960933600713,3.05));
#4936=CARTESIAN_POINT('',(-6.25,0.8960933600713,3.05));
#4937=VECTOR('',#5801,1.0);
#4938=CARTESIAN_POINT('',(-6.25,0.8960933600713,3.05));
#4939=VECTOR('',#5802,5.003906639929);
#4940=CARTESIAN_POINT('',(-6.25,5.9,1.699621984225));
#4941=VECTOR('',#5803,0.7168576323465);
#4942=CARTESIAN_POINT('',(-5.55,5.39070855615,0.9951350267379));
#4943=CARTESIAN_POINT('',(-5.55,5.39070855615,0.9951350267379));
#4944=VECTOR('',#5804,0.7236846328623);
#4945=CARTESIAN_POINT('',(-6.25,5.39070855615,0.9951350267379));
#4946=VECTOR('',#5805,0.7);
#4947=CARTESIAN_POINT('',(-5.55,4.890782976827,0.9951350267379));
#4948=CARTESIAN_POINT('',(-5.55,4.890782976827,0.9951350267379));
#4949=VECTOR('',#5806,0.4999255793227);
#4950=CARTESIAN_POINT('',(-6.25,4.890782976827,0.9951350267379));
#4951=VECTOR('',#5807,0.7);
#4952=CARTESIAN_POINT('',(-5.55,4.890782976827,-0.05));
#4953=VECTOR('',#5808,1.045135026738);
#4954=CARTESIAN_POINT('',(-5.55,5.9,-0.3571772762088));
#4955=VECTOR('',#5809,3.95);
#4956=CARTESIAN_POINT('',(-5.55,4.890782976827,2.05));
#4957=CARTESIAN_POINT('',(-5.55,1.95,2.05));
#4958=VECTOR('',#5810,2.940782976827);
#4959=CARTESIAN_POINT('',(-5.55,4.890782976827,1.195135026738));
#4960=CARTESIAN_POINT('',(-5.55,4.890782976827,1.195135026738));
#4961=VECTOR('',#5811,0.8548649732621);
#4962=CARTESIAN_POINT('',(-5.55,5.39070855615,1.195135026738));
#4963=CARTESIAN_POINT('',(-5.55,5.39070855615,1.195135026738));
#4964=VECTOR('',#5812,0.4999255793227);
#4965=CARTESIAN_POINT('',(-5.55,5.9,1.699621984225));
#4966=VECTOR('',#5813,0.7168576323465);
#4967=CARTESIAN_POINT('',(-5.55,5.6,2.343991310161));
#4968=CARTESIAN_POINT('',(-5.55,5.9,2.643991310161));
#4969=VECTOR('',#5814,0.4242640687119);
#4970=CARTESIAN_POINT('',(-5.55,5.6,2.343991310161));
#4971=VECTOR('',#5815,3.65);
#4972=CARTESIAN_POINT('',(5.55,5.6,2.343991310161));
#4973=VECTOR('',#5816,11.1);
#4974=CARTESIAN_POINT('',(-6.25,5.39070855615,1.195135026738));
#4975=VECTOR('',#5817,0.7);
#4976=CARTESIAN_POINT('',(-6.25,4.890782976827,1.195135026738));
#4977=VECTOR('',#5818,0.7);
#4978=CARTESIAN_POINT('',(-6.25,4.890782976827,2.05));
#4979=VECTOR('',#5819,0.7);
#4980=CARTESIAN_POINT('',(-6.25,0.8960933600713,2.05));
#4981=VECTOR('',#5820,0.7);
#4982=CARTESIAN_POINT('',(-6.25,0.8960933600713,3.05));
#4983=VECTOR('',#5821,12.5);
#4984=CARTESIAN_POINT('',(-5.5,1.009362698985,1.483637630796));
#4985=CARTESIAN_POINT('',(-5.55,1.009362698985,1.483637630796));
#4986=VECTOR('',#5822,0.05);
#4987=AXIS2_PLACEMENT_3D('',#5823,#5824,#5825);
#4988=CARTESIAN_POINT('',(-5.5,1.030787072643,1.382942656762));
#4989=CARTESIAN_POINT('',(-5.5,1.030787072643,1.382942656762));
#4990=VECTOR('',#5826,0.08302370738329);
#4991=CARTESIAN_POINT('',(-5.55,1.030787072643,1.382942656762));
#4992=VECTOR('',#5827,0.05);
#4993=CARTESIAN_POINT('',(-5.5,1.092787072643,1.394957141687));
#4994=CARTESIAN_POINT('',(-5.5,1.092787072643,1.394957141687));
#4995=VECTOR('',#5828,0.0631533676697);
#4996=CARTESIAN_POINT('',(-5.55,1.092787072643,1.394957141687));
#4997=VECTOR('',#5829,0.05);
#4998=CARTESIAN_POINT('',(-5.5,1.092787072643,1.478358436093));
#4999=CARTESIAN_POINT('',(-5.5,1.092787072643,1.478358436093));
#5000=VECTOR('',#5830,0.08340129440529);
#5001=CARTESIAN_POINT('',(-5.55,1.092787072643,1.478358436093));
#5002=VECTOR('',#5831,0.05);
#5003=CARTESIAN_POINT('',(-5.5,1.113840755137,1.503883599033));
#5004=AXIS2_PLACEMENT_3D('',#5832,#5833,#5834);
#5005=CARTESIAN_POINT('',(-5.55,1.113840755137,1.503883599033));
#5006=VECTOR('',#5835,0.05);
#5007=CARTESIAN_POINT('',(-5.5,1.172787072643,1.515306335212));
#5008=CARTESIAN_POINT('',(-5.5,1.172787072643,1.515306335212));
#5009=VECTOR('',#5836,0.06004287842301);
#5010=CARTESIAN_POINT('',(-5.55,1.172787072643,1.515306335212));
#5011=VECTOR('',#5837,0.05);
#5012=CARTESIAN_POINT('',(-5.5,1.172787072643,1.410459702882));
#5013=CARTESIAN_POINT('',(-5.5,1.172787072643,1.410459702882));
#5014=VECTOR('',#5838,0.1048466323303);
#5015=CARTESIAN_POINT('',(-5.55,1.172787072643,1.410459702882));
#5016=VECTOR('',#5839,0.05);
#5017=CARTESIAN_POINT('',(-5.5,1.234787072643,1.422474187807));
#5018=CARTESIAN_POINT('',(-5.5,1.234787072643,1.422474187807));
#5019=VECTOR('',#5840,0.0631533676697);
#5020=CARTESIAN_POINT('',(-5.55,1.234787072643,1.422474187807));
#5021=VECTOR('',#5841,0.05);
#5022=CARTESIAN_POINT('',(-5.5,1.234787072643,1.544403568474));
#5023=VECTOR('',#5842,0.1219293806675);
#5024=CARTESIAN_POINT('',(-5.5,1.189557839365,1.581709575849));
#5025=AXIS2_PLACEMENT_3D('',#5843,#5844,#5845);
#5026=CARTESIAN_POINT('',(-5.55,1.189557839365,1.581709575849));
#5027=VECTOR('',#5846,0.05);
#5028=CARTESIAN_POINT('',(-5.5,1.110037692864,1.566300001633));
#5029=CARTESIAN_POINT('',(-5.5,1.110037692864,1.566300001633));
#5030=VECTOR('',#5847,0.08099943627609);
#5031=CARTESIAN_POINT('',(-5.55,1.110037692864,1.566300001633));
#5032=VECTOR('',#5848,0.05);
#5033=CARTESIAN_POINT('',(-5.5,1.062787072643,1.507873312609));
#5034=CARTESIAN_POINT('',(-5.5,1.062787072643,1.507873312609));
#5035=VECTOR('',#5849,0.07514185984888);
#5036=CARTESIAN_POINT('',(-5.55,1.062787072643,1.507873312609));
#5037=VECTOR('',#5850,0.05);
#5038=CARTESIAN_POINT('',(-5.5,1.011305128479,1.547167406367));
#5039=CARTESIAN_POINT('',(-5.5,1.011305128479,1.547167406367));
#5040=VECTOR('',#5851,0.06476431408668);
#5041=CARTESIAN_POINT('',(-5.55,1.011305128479,1.547167406367));
#5042=VECTOR('',#5852,0.05);
#5043=CARTESIAN_POINT('',(-5.5,0.893362698985,1.524312284734));
#5044=CARTESIAN_POINT('',(-5.5,0.893362698985,1.524312284734));
#5045=VECTOR('',#5853,0.1201364776402);
#5046=CARTESIAN_POINT('',(-5.55,0.893362698985,1.524312284734));
#5047=VECTOR('',#5854,0.05);
#5048=CARTESIAN_POINT('',(-5.5,0.878787072643,1.506641018083));
#5049=AXIS2_PLACEMENT_3D('',#5855,#5856,#5857);
#5050=CARTESIAN_POINT('',(-5.55,0.878787072643,1.506641018083));
#5051=VECTOR('',#5858,0.05);
#5052=CARTESIAN_POINT('',(-5.5,0.878787072643,1.124790120314));
#5053=CARTESIAN_POINT('',(-5.5,0.878787072643,1.124790120314));
#5054=VECTOR('',#5859,0.3818508977696);
#5055=CARTESIAN_POINT('',(-5.55,0.878787072643,1.124790120314));
#5056=VECTOR('',#5860,0.05);
#5057=CARTESIAN_POINT('',(-5.5,1.050980264651,1.039462461805));
#5058=CARTESIAN_POINT('',(-5.5,1.050980264651,1.039462461805));
#5059=VECTOR('',#5861,0.192175192677);
#5060=CARTESIAN_POINT('',(-5.55,1.050980264651,1.039462461805));
#5061=VECTOR('',#5862,0.05);
#5062=CARTESIAN_POINT('',(-5.5,1.022199045495,1.005548818617));
#5063=CARTESIAN_POINT('',(-5.5,1.022199045495,1.005548818617));
#5064=VECTOR('',#5863,0.0444802627064);
#5065=CARTESIAN_POINT('',(-5.55,1.022199045495,1.005548818617));
#5066=VECTOR('',#5864,0.05);
#5067=CARTESIAN_POINT('',(-5.5,0.878787072643,0.9777581575531));
#5068=CARTESIAN_POINT('',(-5.5,0.878787072643,0.9777581575531));
#5069=VECTOR('',#5865,0.1460798233829);
#5070=CARTESIAN_POINT('',(-5.55,0.878787072643,0.9777581575531));
#5071=VECTOR('',#5866,0.05);
#5072=CARTESIAN_POINT('',(-5.5,0.878787072643,0.9157581575531));
#5073=CARTESIAN_POINT('',(-5.5,0.878787072643,0.9157581575531));
#5074=VECTOR('',#5867,0.062);
#5075=CARTESIAN_POINT('',(-5.55,0.878787072643,0.9157581575531));
#5076=VECTOR('',#5868,0.05);
#5077=CARTESIAN_POINT('',(-5.5,1.218787072643,0.9816440426284));
#5078=CARTESIAN_POINT('',(-5.5,1.218787072643,0.9816440426284));
#5079=VECTOR('',#5869,0.346324919479);
#5080=CARTESIAN_POINT('',(-5.55,1.218787072643,0.9816440426284));
#5081=VECTOR('',#5870,0.05);
#5082=CARTESIAN_POINT('',(-5.5,1.218787072643,0.8876440426284));
#5083=CARTESIAN_POINT('',(-5.5,1.218787072643,0.8876440426284));
#5084=VECTOR('',#5871,0.094);
#5085=CARTESIAN_POINT('',(-5.55,1.218787072643,0.8876440426284));
#5086=VECTOR('',#5872,0.05);
#5087=CARTESIAN_POINT('',(-5.5,1.069150313424,0.7651241554079));
#5088=CARTESIAN_POINT('',(-5.5,1.069150313424,0.7651241554079));
#5089=VECTOR('',#5873,0.1933966971643);
#5090=CARTESIAN_POINT('',(-5.55,1.069150313424,0.7651241554079));
#5091=VECTOR('',#5874,0.05);
#5092=CARTESIAN_POINT('',(-5.5,0.878787072643,0.8931876768671));
#5093=CARTESIAN_POINT('',(-5.5,0.878787072643,0.8931876768671));
#5094=VECTOR('',#5875,0.2294306626613);
#5095=CARTESIAN_POINT('',(-5.55,0.878787072643,0.8931876768671));
#5096=VECTOR('',#5876,0.05);
#5097=CARTESIAN_POINT('',(-5.5,0.878787072643,0.8171876768671));
#5098=CARTESIAN_POINT('',(-5.5,0.878787072643,0.8171876768671));
#5099=VECTOR('',#5877,0.076);
#5100=CARTESIAN_POINT('',(-5.55,0.878787072643,0.8171876768671));
#5101=VECTOR('',#5878,0.05);
#5102=CARTESIAN_POINT('',(-5.5,1.018195392166,0.7234031823101));
#5103=CARTESIAN_POINT('',(-5.5,1.018195392166,0.7234031823101));
#5104=VECTOR('',#5879,0.1680184840179);
#5105=CARTESIAN_POINT('',(-5.55,1.018195392166,0.7234031823101));
#5106=VECTOR('',#5880,0.05);
#5107=CARTESIAN_POINT('',(-5.5,0.878787072643,0.6092581575531));
#5108=CARTESIAN_POINT('',(-5.5,0.878787072643,0.6092581575531));
#5109=VECTOR('',#5881,0.1801770413486);
#5110=CARTESIAN_POINT('',(-5.55,0.878787072643,0.6092581575531));
#5111=VECTOR('',#5882,0.05);
#5112=CARTESIAN_POINT('',(-5.5,0.878787072643,0.5292581575531));
#5113=CARTESIAN_POINT('',(-5.5,0.878787072643,0.5292581575531));
#5114=VECTOR('',#5883,0.08);
#5115=CARTESIAN_POINT('',(-5.55,0.878787072643,0.5292581575531));
#5116=VECTOR('',#5884,0.05);
#5117=CARTESIAN_POINT('',(-5.5,1.071832151385,0.6873199960973));
#5118=CARTESIAN_POINT('',(-5.5,1.071832151385,0.6873199960973));
#5119=VECTOR('',#5885,0.2494993932467);
#5120=CARTESIAN_POINT('',(-5.55,1.071832151385,0.6873199960973));
#5121=VECTOR('',#5886,0.05);
#5122=CARTESIAN_POINT('',(-5.5,1.234787072643,0.5776949394435));
#5123=CARTESIAN_POINT('',(-5.5,1.234787072643,0.5776949394435));
#5124=VECTOR('',#5887,0.1963974526529);
#5125=CARTESIAN_POINT('',(-5.55,1.234787072643,0.5776949394435));
#5126=VECTOR('',#5888,0.05);
#5127=CARTESIAN_POINT('',(-5.5,1.234787072643,0.6536949394435));
#5128=CARTESIAN_POINT('',(-5.5,1.234787072643,0.6536949394435));
#5129=VECTOR('',#5889,0.076);
#5130=CARTESIAN_POINT('',(-5.55,1.234787072643,0.6536949394435));
#5131=VECTOR('',#5890,0.05);
#5132=CARTESIAN_POINT('',(-5.5,1.122787072643,0.729040969195));
#5133=CARTESIAN_POINT('',(-5.5,1.122787072643,0.729040969195));
#5134=VECTOR('',#5891,0.1349852740094);
#5135=CARTESIAN_POINT('',(-5.55,1.122787072643,0.729040969195));
#5136=VECTOR('',#5892,0.05);
#5137=CARTESIAN_POINT('',(-5.5,1.234787072643,0.8207445548672));
#5138=CARTESIAN_POINT('',(-5.5,1.234787072643,0.8207445548672));
#5139=VECTOR('',#5893,0.1447534028105);
#5140=CARTESIAN_POINT('',(-5.55,1.234787072643,0.8207445548672));
#5141=VECTOR('',#5894,0.05);
#5142=CARTESIAN_POINT('',(-5.5,1.234787072643,1.046744554867));
#5143=CARTESIAN_POINT('',(-5.5,1.234787072643,1.046744554867));
#5144=VECTOR('',#5895,0.226);
#5145=CARTESIAN_POINT('',(-5.55,1.234787072643,1.046744554867));
#5146=VECTOR('',#5896,0.05);
#5147=CARTESIAN_POINT('',(-5.5,1.119706170106,1.024443945694));
#5148=CARTESIAN_POINT('',(-5.5,1.119706170106,1.024443945694));
#5149=VECTOR('',#5897,0.1172217185428);
#5150=CARTESIAN_POINT('',(-5.55,1.119706170106,1.024443945694));
#5151=VECTOR('',#5898,0.05);
#5152=CARTESIAN_POINT('',(-5.5,1.234787072643,1.160046702659));
#5153=CARTESIAN_POINT('',(-5.5,1.234787072643,1.160046702659));
#5154=VECTOR('',#5899,0.1778530905696);
#5155=CARTESIAN_POINT('',(-5.55,1.234787072643,1.160046702659));
#5156=VECTOR('',#5900,0.05);
#5157=CARTESIAN_POINT('',(-5.5,1.234787072643,1.256046702659));
#5158=CARTESIAN_POINT('',(-5.5,1.234787072643,1.256046702659));
#5159=VECTOR('',#5901,0.096);
#5160=CARTESIAN_POINT('',(-5.55,1.234787072643,1.256046702659));
#5161=VECTOR('',#5902,0.05);
#5162=CARTESIAN_POINT('',(-5.5,1.092318690165,1.088172580902));
#5163=CARTESIAN_POINT('',(-5.5,1.092318690165,1.088172580902));
#5164=VECTOR('',#5903,0.2201793831433);
#5165=CARTESIAN_POINT('',(-5.55,1.092318690165,1.088172580902));
#5166=VECTOR('',#5904,0.05);
#5167=CARTESIAN_POINT('',(-5.5,0.8927870726429,1.187047371032));
#5168=CARTESIAN_POINT('',(-5.5,0.8927870726429,1.187047371032));
#5169=VECTOR('',#5905,0.222686080648);
#5170=CARTESIAN_POINT('',(-5.55,0.892787072643,1.187047371032));
#5171=VECTOR('',#5906,0.05);
#5172=CARTESIAN_POINT('',(-5.5,0.8927870726429,1.231047371032));
#5173=CARTESIAN_POINT('',(-5.5,0.8927870726429,1.231047371032));
#5174=VECTOR('',#5907,0.044);
#5175=CARTESIAN_POINT('',(-5.55,0.8927870726429,1.231047371032));
#5176=VECTOR('',#5908,0.05);
#5177=CARTESIAN_POINT('',(-5.5,1.234787072643,1.297320820137));
#5178=CARTESIAN_POINT('',(-5.5,1.234787072643,1.297320820137));
#5179=VECTOR('',#5909,0.3483621248877);
#5180=CARTESIAN_POINT('',(-5.55,1.234787072643,1.297320820137));
#5181=VECTOR('',#5910,0.05);
#5182=CARTESIAN_POINT('',(-5.5,1.234787072643,1.359320820137));
#5183=CARTESIAN_POINT('',(-5.5,1.234787072643,1.359320820137));
#5184=VECTOR('',#5911,0.062);
#5185=CARTESIAN_POINT('',(-5.55,1.234787072643,1.359320820137));
#5186=VECTOR('',#5912,0.05);
#5187=CARTESIAN_POINT('',(-5.5,0.9407870726429,1.302348907749));
#5188=CARTESIAN_POINT('',(-5.5,0.9407870726429,1.302348907749));
#5189=VECTOR('',#5913,0.2994691950789);
#5190=CARTESIAN_POINT('',(-5.55,0.9407870726429,1.302348907749));
#5191=VECTOR('',#5914,0.05);
#5192=CARTESIAN_POINT('',(-5.5,0.9407870726429,1.470348907749));
#5193=CARTESIAN_POINT('',(-5.5,0.9407870726429,1.470348907749));
#5194=VECTOR('',#5915,0.168);
#5195=CARTESIAN_POINT('',(-5.55,0.9407870726429,1.470348907749));
#5196=VECTOR('',#5916,0.05);
#5197=CARTESIAN_POINT('',(-5.5,1.009362698985,1.483637630796));
#5198=VECTOR('',#5917,0.06985131844451);
#5199=CARTESIAN_POINT('',(6.25,4.890782976827,0.9951350267379));
#5200=VECTOR('',#5918,0.7);
#5201=CARTESIAN_POINT('',(6.25,5.39070855615,0.9951350267379));
#5202=VECTOR('',#5919,0.7);
#5203=CARTESIAN_POINT('',(-3.4,1.95,0.0));
#5204=VECTOR('',#5920,3.15000000077);
#5205=CARTESIAN_POINT('',(-4.1,5.1,0.0));
#5206=CARTESIAN_POINT('',(-4.1,1.95,0.0));
#5207=VECTOR('',#5921,3.15000000077);
#5208=AXIS2_PLACEMENT_3D('',#5922,#5923,#5924);
#5209=CARTESIAN_POINT('',(-4.0,5.5,0.0));
#5210=CARTESIAN_POINT('',(-3.999999999817,5.500000000733,8.3844048232E-10));
#5211=VECTOR('',#5925,0.412310562524);
#5212=AXIS2_PLACEMENT_3D('',#5926,#5927,#5928);
#5213=AXIS2_PLACEMENT_3D('',#5929,#5930,#5931);
#5214=AXIS2_PLACEMENT_3D('',#5932,#5933,#5934);
#5215=CARTESIAN_POINT('',(-0.9,1.95,0.0));
#5216=VECTOR('',#5935,3.15000000077);
#5217=CARTESIAN_POINT('',(-1.6,5.1,0.0));
#5218=CARTESIAN_POINT('',(-1.6,1.95,0.0));
#5219=VECTOR('',#5936,3.15000000077);
#5220=AXIS2_PLACEMENT_3D('',#5937,#5938,#5939);
#5221=CARTESIAN_POINT('',(-1.5,5.5,0.0));
#5222=CARTESIAN_POINT('',(-1.499999999817,5.500000000733,8.3844048232E-10));
#5223=VECTOR('',#5940,0.412310562524);
#5224=AXIS2_PLACEMENT_3D('',#5941,#5942,#5943);
#5225=AXIS2_PLACEMENT_3D('',#5944,#5945,#5946);
#5226=AXIS2_PLACEMENT_3D('',#5947,#5948,#5949);
#5227=CARTESIAN_POINT('',(1.6,1.95,0.0));
#5228=VECTOR('',#5950,3.15000000077);
#5229=CARTESIAN_POINT('',(0.9,5.1,0.0));
#5230=CARTESIAN_POINT('',(0.9,1.95,0.0));
#5231=VECTOR('',#5951,3.15000000077);
#5232=AXIS2_PLACEMENT_3D('',#5952,#5953,#5954);
#5233=CARTESIAN_POINT('',(1.0,5.5,0.0));
#5234=CARTESIAN_POINT('',(1.000000000183,5.500000000733,8.384404638163E-10));
#5235=VECTOR('',#5955,0.412310562524);
#5236=AXIS2_PLACEMENT_3D('',#5956,#5957,#5958);
#5237=AXIS2_PLACEMENT_3D('',#5959,#5960,#5961);
#5238=AXIS2_PLACEMENT_3D('',#5962,#5963,#5964);
#5239=CARTESIAN_POINT('',(4.1,1.95,0.0));
#5240=VECTOR('',#5965,3.15000000077);
#5241=CARTESIAN_POINT('',(3.4,5.1,0.0));
#5242=CARTESIAN_POINT('',(3.4,1.95,0.0));
#5243=VECTOR('',#5966,3.15000000077);
#5244=AXIS2_PLACEMENT_3D('',#5967,#5968,#5969);
#5245=CARTESIAN_POINT('',(3.5,5.5,0.0));
#5246=CARTESIAN_POINT('',(3.500000000183,5.500000000733,8.3844048232E-10));
#5247=VECTOR('',#5970,0.412310562524);
#5248=AXIS2_PLACEMENT_3D('',#5971,#5972,#5973);
#5249=AXIS2_PLACEMENT_3D('',#5974,#5975,#5976);
#5250=AXIS2_PLACEMENT_3D('',#5977,#5978,#5979);
#5251=CARTESIAN_POINT('',(-1.625,-1.0,-0.85));
#5252=VECTOR('',#5980,1.0);
#5253=CARTESIAN_POINT('',(-3.375,-1.0,-0.85));
#5254=VECTOR('',#5981,1.0);
#5255=CARTESIAN_POINT('',(0.875,-1.0,-0.85));
#5256=VECTOR('',#5982,1.0);
#5257=CARTESIAN_POINT('',(-0.875,-1.0,-0.85));
#5258=VECTOR('',#5983,1.0);
#5259=CARTESIAN_POINT('',(1.625,-1.0,-0.85));
#5260=VECTOR('',#5984,1.0);
#5261=CARTESIAN_POINT('',(4.125,-1.0,-0.85));
#5262=VECTOR('',#5985,1.0);
#5263=CARTESIAN_POINT('',(3.75,-0.1,0.35));
#5264=CARTESIAN_POINT('',(3.75,0.0,0.35));
#5265=VECTOR('',#5986,0.1);
#5266=CARTESIAN_POINT('',(3.75,-0.1,-0.35));
#5267=AXIS2_PLACEMENT_3D('',#5987,#5988,#5989);
#5268=CARTESIAN_POINT('',(3.75,0.0,-0.35));
#5269=VECTOR('',#5990,0.1);
#5270=AXIS2_PLACEMENT_3D('',#5991,#5992,#5993);
#5271=CARTESIAN_POINT('',(3.75,-0.2,-0.45));
#5272=AXIS2_PLACEMENT_3D('',#5994,#5995,#5996);
#5273=CARTESIAN_POINT('',(3.75,-0.9,-0.45));
#5274=AXIS2_PLACEMENT_3D('',#5997,#5998,#5999);
#5275=AXIS2_PLACEMENT_3D('',#6000,#6001,#6002);
#5276=AXIS2_PLACEMENT_3D('',#6003,#6004,#6005);
#5277=CARTESIAN_POINT('',(3.75,-0.2,-4.95));
#5278=CARTESIAN_POINT('',(3.75,-0.2,-0.45));
#5279=VECTOR('',#6006,4.50000000077);
#5280=CARTESIAN_POINT('',(3.75,-0.9,-4.95));
#5281=CARTESIAN_POINT('',(3.75,-0.9,-0.45));
#5282=VECTOR('',#6007,4.50000000077);
#5283=AXIS2_PLACEMENT_3D('',#6008,#6009,#6010);
#5284=CARTESIAN_POINT('',(3.75,-0.3,-5.35));
#5285=CARTESIAN_POINT('',(3.750000000838,-0.3000000001833,-5.350000000733));
#5286=VECTOR('',#6011,0.412310562524);
#5287=CARTESIAN_POINT('',(3.75,-0.8,-5.35));
#5288=CARTESIAN_POINT('',(3.749999999162,-0.7999999998167,-5.350000000733));
#5289=VECTOR('',#6012,0.412310562524);
#5290=AXIS2_PLACEMENT_3D('',#6013,#6014,#6015);
#5291=AXIS2_PLACEMENT_3D('',#6016,#6017,#6018);
#5292=AXIS2_PLACEMENT_3D('',#6019,#6020,#6021);
#5293=DIRECTION('',(0.0,0.970142500145328,-0.242535625036348));
#5294=CARTESIAN_POINT('',(3.75,5.1,0.0));
#5295=DIRECTION('',(0.0,1.0,0.0));
#5296=DIRECTION('',(-1.0,0.0,0.0));
#5297=DIRECTION('',(0.242535625036309,-0.970142500145338,-1.01675690885904E-10));
#5298=CARTESIAN_POINT('',(3.75,5.5,0.0));
#5299=DIRECTION('',(0.0,1.0,0.0));
#5300=DIRECTION('',(-1.0,0.0,0.0));
#5301=DIRECTION('',(-0.0,-0.970142500145328,-0.242535625036348));
#5302=CARTESIAN_POINT('',(3.75,5.5,0.0));
#5303=DIRECTION('',(-0.0,1.0,0.0));
#5304=DIRECTION('',(1.0,0.0,0.0));
#5305=CARTESIAN_POINT('',(3.75,5.1,0.0));
#5306=DIRECTION('',(-0.0,1.0,0.0));
#5307=DIRECTION('',(1.0,0.0,0.0));
#5308=DIRECTION('',(0.0,0.970142500145328,-0.242535625036348));
#5309=CARTESIAN_POINT('',(1.25,5.1,0.0));
#5310=DIRECTION('',(0.0,1.0,0.0));
#5311=DIRECTION('',(-1.0,0.0,0.0));
#5312=DIRECTION('',(0.242535625036309,-0.970142500145338,-1.01675643763904E-10));
#5313=CARTESIAN_POINT('',(1.25,5.5,0.0));
#5314=DIRECTION('',(0.0,1.0,0.0));
#5315=DIRECTION('',(-1.0,0.0,0.0));
#5316=DIRECTION('',(-0.0,-0.970142500145328,-0.242535625036348));
#5317=CARTESIAN_POINT('',(1.25,5.5,0.0));
#5318=DIRECTION('',(-0.0,1.0,0.0));
#5319=DIRECTION('',(1.0,0.0,0.0));
#5320=CARTESIAN_POINT('',(1.25,5.1,0.0));
#5321=DIRECTION('',(-0.0,1.0,0.0));
#5322=DIRECTION('',(1.0,0.0,0.0));
#5323=DIRECTION('',(0.0,0.970142500145328,-0.242535625036348));
#5324=CARTESIAN_POINT('',(-1.25,5.1,0.0));
#5325=DIRECTION('',(0.0,1.0,0.0));
#5326=DIRECTION('',(-1.0,0.0,0.0));
#5327=DIRECTION('',(0.242535625036309,-0.970142500145338,-1.01675832251904E-10));
#5328=CARTESIAN_POINT('',(-1.25,5.5,0.0));
#5329=DIRECTION('',(0.0,1.0,0.0));
#5330=DIRECTION('',(-1.0,0.0,0.0));
#5331=DIRECTION('',(-0.0,-0.970142500145328,-0.242535625036348));
#5332=CARTESIAN_POINT('',(-1.25,5.5,0.0));
#5333=DIRECTION('',(-0.0,1.0,0.0));
#5334=DIRECTION('',(1.0,0.0,0.0));
#5335=CARTESIAN_POINT('',(-1.25,5.1,0.0));
#5336=DIRECTION('',(-0.0,1.0,0.0));
#5337=DIRECTION('',(1.0,0.0,0.0));
#5338=DIRECTION('',(0.0,0.970142500145328,-0.242535625036348));
#5339=CARTESIAN_POINT('',(-3.75,5.1,0.0));
#5340=DIRECTION('',(0.0,1.0,0.0));
#5341=DIRECTION('',(-1.0,0.0,0.0));
#5342=DIRECTION('',(0.242535625036309,-0.970142500145338,-1.01675738007904E-10));
#5343=CARTESIAN_POINT('',(-3.75,5.5,0.0));
#5344=DIRECTION('',(0.0,1.0,0.0));
#5345=DIRECTION('',(-1.0,0.0,0.0));
#5346=DIRECTION('',(-0.0,-0.970142500145328,-0.242535625036348));
#5347=CARTESIAN_POINT('',(-3.75,5.5,0.0));
#5348=DIRECTION('',(-0.0,1.0,0.0));
#5349=DIRECTION('',(1.0,0.0,0.0));
#5350=CARTESIAN_POINT('',(-3.75,5.1,0.0));
#5351=DIRECTION('',(-0.0,1.0,0.0));
#5352=DIRECTION('',(1.0,0.0,0.0));
#5353=DIRECTION('',(1.0,-0.0,-0.0));
#5354=CARTESIAN_POINT('',(-5.55,1.196787072643,1.544403568474));
#5355=DIRECTION('',(-1.0,0.0,0.0));
#5356=DIRECTION('',(0.0,-0.190242980997096,0.981737036166681));
#5357=DIRECTION('',(1.0,0.0,0.0));
#5358=CARTESIAN_POINT('',(-5.5,1.196787072643,1.544403568474));
#5359=DIRECTION('',(-1.0,0.0,0.0));
#5360=DIRECTION('',(0.0,-0.190242980997096,0.981737036166681));
#5361=DIRECTION('',(-1.0,0.0,-0.0));
#5362=CARTESIAN_POINT('',(-5.5,1.012787072643,1.465966364145));
#5363=DIRECTION('',(1.0,0.0,0.0));
#5364=DIRECTION('',(0.0,1.0,-3.700743415417E-14));
#5365=DIRECTION('',(1.0,0.0,0.0));
#5366=CARTESIAN_POINT('',(-5.55,1.012787072643,1.465966364145));
#5367=DIRECTION('',(-1.0,0.0,0.0));
#5368=DIRECTION('',(0.0,-0.190242980997096,0.981737036166681));
#5369=DIRECTION('',(0.0,0.0,-1.0));
#5370=DIRECTION('',(-1.0,0.0,0.0));
#5371=DIRECTION('',(0.0,0.0,-1.0));
#5372=DIRECTION('',(1.0,0.0,0.0));
#5373=DIRECTION('',(0.0,0.0,-1.0));
#5374=DIRECTION('',(1.0,0.0,0.0));
#5375=DIRECTION('',(0.0,0.0,1.0));
#5376=DIRECTION('',(-0.707106715425394,0.0,0.707106846947694));
#5377=DIRECTION('',(1.0,0.0,0.0));
#5378=DIRECTION('',(0.0,0.0,-1.0));
#5379=DIRECTION('',(-1.0,0.0,0.0));
#5380=DIRECTION('',(0.0,0.0,-1.0));
#5381=DIRECTION('',(1.0,0.0,0.0));
#5382=DIRECTION('',(0.0,0.0,-1.0));
#5383=DIRECTION('',(-1.0,0.0,0.0));
#5384=DIRECTION('',(0.0,0.0,-1.0));
#5385=DIRECTION('',(1.0,0.0,0.0));
#5386=DIRECTION('',(0.0,0.0,-1.0));
#5387=DIRECTION('',(-1.0,0.0,0.0));
#5388=DIRECTION('',(0.0,0.0,-1.0));
#5389=DIRECTION('',(1.0,0.0,0.0));
#5390=DIRECTION('',(0.0,0.0,-1.0));
#5391=DIRECTION('',(-1.0,0.0,0.0));
#5392=DIRECTION('',(0.0,0.0,-1.0));
#5393=DIRECTION('',(1.0,0.0,0.0));
#5394=CARTESIAN_POINT('',(-1.25,0.0,0.0));
#5395=DIRECTION('',(0.0,-1.0,0.0));
#5396=DIRECTION('',(0.0,0.0,1.0));
#5397=CARTESIAN_POINT('',(-1.25,0.0,0.0));
#5398=DIRECTION('',(0.0,-1.0,0.0));
#5399=DIRECTION('',(0.0,0.0,-1.0));
#5400=CARTESIAN_POINT('',(1.25,0.0,0.0));
#5401=DIRECTION('',(0.0,-1.0,0.0));
#5402=DIRECTION('',(0.0,0.0,1.0));
#5403=CARTESIAN_POINT('',(1.25,0.0,0.0));
#5404=DIRECTION('',(0.0,-1.0,0.0));
#5405=DIRECTION('',(0.0,0.0,-1.0));
#5406=CARTESIAN_POINT('',(-3.75,0.0,0.0));
#5407=DIRECTION('',(0.0,-1.0,0.0));
#5408=DIRECTION('',(0.0,0.0,1.0));
#5409=CARTESIAN_POINT('',(-3.75,0.0,0.0));
#5410=DIRECTION('',(0.0,-1.0,0.0));
#5411=DIRECTION('',(0.0,0.0,-1.0));
#5412=CARTESIAN_POINT('',(3.75,0.0,0.0));
#5413=DIRECTION('',(0.0,-1.0,0.0));
#5414=DIRECTION('',(0.0,0.0,1.0));
#5415=CARTESIAN_POINT('',(3.75,0.0,0.0));
#5416=DIRECTION('',(0.0,-1.0,0.0));
#5417=DIRECTION('',(0.0,0.0,-1.0));
#5418=DIRECTION('',(0.0,-1.0,0.0));
#5419=CARTESIAN_POINT('',(-3.75,-0.1,0.0));
#5420=DIRECTION('',(0.0,-1.0,0.0));
#5421=DIRECTION('',(0.0,0.0,-1.0));
#5422=DIRECTION('',(0.0,-1.0,0.0));
#5423=CARTESIAN_POINT('',(-3.75,-0.1,0.0));
#5424=DIRECTION('',(0.0,-1.0,0.0));
#5425=DIRECTION('',(0.0,0.0,1.0));
#5426=CARTESIAN_POINT('',(-3.75,-0.1,-0.45));
#5427=DIRECTION('',(1.0,0.0,-0.0));
#5428=DIRECTION('',(0.0,0.0,1.0));
#5429=CARTESIAN_POINT('',(-3.75,-0.55,-0.45));
#5430=DIRECTION('',(0.0,0.0,-1.0));
#5431=DIRECTION('',(0.0,-1.0,0.0));
#5432=CARTESIAN_POINT('',(-3.75,-0.1,-0.45));
#5433=DIRECTION('',(1.0,0.0,-0.0));
#5434=DIRECTION('',(0.0,0.0,1.0));
#5435=CARTESIAN_POINT('',(-3.75,-0.55,-0.45));
#5436=DIRECTION('',(0.0,0.0,-1.0));
#5437=DIRECTION('',(0.0,1.0,0.0));
#5438=DIRECTION('',(1.956360998791E-10,-4.277725087002E-11,-1.0));
#5439=DIRECTION('',(-1.956360011926E-10,4.277718919096E-11,-1.0));
#5440=CARTESIAN_POINT('',(-3.75,-0.55,-4.95));
#5441=DIRECTION('',(0.0,0.0,-1.0));
#5442=DIRECTION('',(0.0,1.0,0.0));
#5443=DIRECTION('',(1.01676913738104E-10,0.242535625036309,0.970142500145338));
#5444=DIRECTION('',(-1.01675836663604E-10,-0.242535625036309,0.970142500145338));
#5445=CARTESIAN_POINT('',(-3.75,-0.55,-5.35));
#5446=DIRECTION('',(0.0,0.0,-1.0));
#5447=DIRECTION('',(0.0,1.0,0.0));
#5448=CARTESIAN_POINT('',(-3.75,-0.55,-5.35));
#5449=DIRECTION('',(0.0,0.0,-1.0));
#5450=DIRECTION('',(0.0,-1.0,0.0));
#5451=CARTESIAN_POINT('',(-3.75,-0.55,-4.95));
#5452=DIRECTION('',(0.0,0.0,-1.0));
#5453=DIRECTION('',(0.0,-1.0,0.0));
#5454=DIRECTION('',(0.0,-1.0,0.0));
#5455=CARTESIAN_POINT('',(-1.25,-0.1,0.0));
#5456=DIRECTION('',(0.0,-1.0,0.0));
#5457=DIRECTION('',(0.0,0.0,-1.0));
#5458=DIRECTION('',(0.0,-1.0,0.0));
#5459=CARTESIAN_POINT('',(-1.25,-0.1,0.0));
#5460=DIRECTION('',(0.0,-1.0,0.0));
#5461=DIRECTION('',(0.0,0.0,1.0));
#5462=CARTESIAN_POINT('',(-1.25,-0.1,-0.45));
#5463=DIRECTION('',(1.0,0.0,-0.0));
#5464=DIRECTION('',(0.0,0.0,1.0));
#5465=CARTESIAN_POINT('',(-1.25,-0.55,-0.45));
#5466=DIRECTION('',(0.0,0.0,-1.0));
#5467=DIRECTION('',(0.0,-1.0,0.0));
#5468=CARTESIAN_POINT('',(-1.25,-0.1,-0.45));
#5469=DIRECTION('',(1.0,0.0,-0.0));
#5470=DIRECTION('',(0.0,0.0,1.0));
#5471=CARTESIAN_POINT('',(-1.25,-0.55,-0.45));
#5472=DIRECTION('',(0.0,0.0,-1.0));
#5473=DIRECTION('',(0.0,1.0,0.0));
#5474=DIRECTION('',(1.956360998791E-10,-4.277725703792E-11,-1.0));
#5475=DIRECTION('',(-1.956360998791E-10,4.277718919096E-11,-1.0));
#5476=CARTESIAN_POINT('',(-1.25,-0.55,-4.95));
#5477=DIRECTION('',(0.0,0.0,-1.0));
#5478=DIRECTION('',(0.0,1.0,0.0));
#5479=DIRECTION('',(1.01675836663604E-10,0.242535625036309,0.970142500145338));
#5480=DIRECTION('',(-1.01676375200804E-10,-0.242535625036309,0.970142500145338));
#5481=CARTESIAN_POINT('',(-1.25,-0.55,-5.35));
#5482=DIRECTION('',(0.0,0.0,-1.0));
#5483=DIRECTION('',(0.0,1.0,0.0));
#5484=CARTESIAN_POINT('',(-1.25,-0.55,-5.35));
#5485=DIRECTION('',(0.0,0.0,-1.0));
#5486=DIRECTION('',(0.0,-1.0,0.0));
#5487=CARTESIAN_POINT('',(-1.25,-0.55,-4.95));
#5488=DIRECTION('',(0.0,0.0,-1.0));
#5489=DIRECTION('',(0.0,-1.0,0.0));
#5490=DIRECTION('',(0.0,-1.0,0.0));
#5491=CARTESIAN_POINT('',(1.25,-0.1,0.0));
#5492=DIRECTION('',(0.0,-1.0,0.0));
#5493=DIRECTION('',(0.0,0.0,-1.0));
#5494=DIRECTION('',(0.0,-1.0,0.0));
#5495=CARTESIAN_POINT('',(1.25,-0.1,0.0));
#5496=DIRECTION('',(0.0,-1.0,0.0));
#5497=DIRECTION('',(0.0,0.0,1.0));
#5498=CARTESIAN_POINT('',(1.25,-0.1,-0.45));
#5499=DIRECTION('',(1.0,0.0,-0.0));
#5500=DIRECTION('',(0.0,0.0,1.0));
#5501=CARTESIAN_POINT('',(1.25,-0.55,-0.45));
#5502=DIRECTION('',(0.0,0.0,-1.0));
#5503=DIRECTION('',(0.0,-1.0,0.0));
#5504=CARTESIAN_POINT('',(1.25,-0.1,-0.45));
#5505=DIRECTION('',(1.0,0.0,-0.0));
#5506=DIRECTION('',(0.0,0.0,1.0));
#5507=CARTESIAN_POINT('',(1.25,-0.55,-0.45));
#5508=DIRECTION('',(0.0,0.0,-1.0));
#5509=DIRECTION('',(0.0,1.0,0.0));
#5510=DIRECTION('',(1.956360998791E-10,-4.277725703792E-11,-1.0));
#5511=DIRECTION('',(-1.956360998791E-10,4.277718919096E-11,-1.0));
#5512=CARTESIAN_POINT('',(1.25,-0.55,-4.95));
#5513=DIRECTION('',(0.0,0.0,-1.0));
#5514=DIRECTION('',(0.0,1.0,0.0));
#5515=DIRECTION('',(1.01676375200804E-10,0.242535625036309,0.970142500145338));
#5516=DIRECTION('',(-1.01675836663604E-10,-0.242535625036309,0.970142500145338));
#5517=CARTESIAN_POINT('',(1.25,-0.55,-5.35));
#5518=DIRECTION('',(0.0,0.0,-1.0));
#5519=DIRECTION('',(0.0,1.0,0.0));
#5520=CARTESIAN_POINT('',(1.25,-0.55,-5.35));
#5521=DIRECTION('',(0.0,0.0,-1.0));
#5522=DIRECTION('',(0.0,-1.0,0.0));
#5523=CARTESIAN_POINT('',(1.25,-0.55,-4.95));
#5524=DIRECTION('',(0.0,0.0,-1.0));
#5525=DIRECTION('',(0.0,-1.0,0.0));
#5526=DIRECTION('',(0.0,-1.0,0.0));
#5527=DIRECTION('',(-1.0,0.0,0.0));
#5528=DIRECTION('',(0.196116135138203,0.980580675690916,0.0));
#5529=DIRECTION('',(0.0,-1.0,0.0));
#5530=DIRECTION('',(0.0,-1.0,0.0));
#5531=DIRECTION('',(-0.196116135138203,0.980580675690916,0.0));
#5532=DIRECTION('',(-1.0,0.0,0.0));
#5533=DIRECTION('',(0.196116135138203,0.980580675690916,0.0));
#5534=DIRECTION('',(0.0,-1.0,0.0));
#5535=DIRECTION('',(0.0,-1.0,0.0));
#5536=DIRECTION('',(-0.196116135138203,0.980580675690916,0.0));
#5537=DIRECTION('',(-1.0,0.0,0.0));
#5538=DIRECTION('',(0.196116135138203,0.980580675690916,0.0));
#5539=DIRECTION('',(0.0,-1.0,0.0));
#5540=DIRECTION('',(0.0,-1.0,0.0));
#5541=DIRECTION('',(-0.196116135138203,0.980580675690916,0.0));
#5542=DIRECTION('',(-1.0,0.0,0.0));
#5543=DIRECTION('',(0.196116135138203,0.980580675690916,0.0));
#5544=DIRECTION('',(0.0,-1.0,0.0));
#5545=DIRECTION('',(-1.0,0.0,0.0));
#5546=DIRECTION('',(0.0,-1.0,0.0));
#5547=DIRECTION('',(0.0,-1.0,0.0));
#5548=DIRECTION('',(-0.196116135138203,0.980580675690916,0.0));
#5549=DIRECTION('',(0.0,0.0,-1.0));
#5550=DIRECTION('',(0.0,-1.0,0.0));
#5551=DIRECTION('',(-0.196116135138203,-0.980580675690916,0.0));
#5552=DIRECTION('',(-1.0,0.0,0.0));
#5553=DIRECTION('',(-0.196116135138203,0.980580675690916,0.0));
#5554=DIRECTION('',(0.0,1.0,0.0));
#5555=DIRECTION('',(0.0,-1.0,0.0));
#5556=DIRECTION('',(-0.196116135138203,-0.980580675690916,0.0));
#5557=DIRECTION('',(-1.0,0.0,0.0));
#5558=DIRECTION('',(-0.196116135138203,0.980580675690916,0.0));
#5559=DIRECTION('',(0.0,1.0,0.0));
#5560=DIRECTION('',(0.0,-1.0,0.0));
#5561=DIRECTION('',(-0.196116135138203,-0.980580675690916,0.0));
#5562=DIRECTION('',(-1.0,0.0,0.0));
#5563=DIRECTION('',(-0.196116135138203,0.980580675690916,0.0));
#5564=DIRECTION('',(0.0,1.0,0.0));
#5565=DIRECTION('',(-0.196116135138203,-0.980580675690916,0.0));
#5566=DIRECTION('',(-1.0,0.0,0.0));
#5567=DIRECTION('',(0.0,1.0,0.0));
#5568=DIRECTION('',(-1.0,0.0,0.0));
#5569=DIRECTION('',(0.0,1.0,0.0));
#5570=DIRECTION('',(-1.0,0.0,0.0));
#5571=DIRECTION('',(-0.196116135138203,0.980580675690916,0.0));
#5572=DIRECTION('',(0.0,1.0,0.0));
#5573=DIRECTION('',(0.0,-1.0,0.0));
#5574=DIRECTION('',(0.0,0.0,-1.0));
#5575=DIRECTION('',(-0.140028008402801,-0.700140042014005,-0.700140042014005));
#5576=DIRECTION('',(0.0,0.0,-1.0));
#5577=DIRECTION('',(-1.0,0.0,0.0));
#5578=DIRECTION('',(0.707106715425394,0.0,-0.707106846947694));
#5579=DIRECTION('',(0.0,0.0,-1.0));
#5580=DIRECTION('',(-1.0,0.0,0.0));
#5581=DIRECTION('',(0.0,0.0,-1.0));
#5582=DIRECTION('',(0.0,0.0,-1.0));
#5583=DIRECTION('',(-1.0,0.0,0.0));
#5584=DIRECTION('',(0.0,0.0,-1.0));
#5585=DIRECTION('',(0.0,0.0,-1.0));
#5586=DIRECTION('',(-1.0,0.0,0.0));
#5587=DIRECTION('',(0.0,0.0,-1.0));
#5588=DIRECTION('',(0.0,0.0,-1.0));
#5589=DIRECTION('',(-1.0,0.0,0.0));
#5590=DIRECTION('',(0.0,0.0,-1.0));
#5591=DIRECTION('',(-0.140028008402801,-0.700140042014005,-0.700140042014005));
#5592=DIRECTION('',(0.577350197598024,-0.577350304985424,-0.577350304985424));
#5593=DIRECTION('',(0.140028008402801,-0.700140042014005,-0.700140042014005));
#5594=DIRECTION('',(-0.140028008402801,-0.700140042014005,-0.700140042014005));
#5595=DIRECTION('',(0.140028008402801,-0.700140042014005,-0.700140042014005));
#5596=DIRECTION('',(-0.140028008402801,-0.700140042014005,-0.700140042014005));
#5597=DIRECTION('',(0.140028008402801,-0.700140042014005,-0.700140042014005));
#5598=DIRECTION('',(0.0,-0.707106781186548,-0.707106781186548));
#5599=DIRECTION('',(0.140028008402801,-0.700140042014005,-0.700140042014005));
#5600=DIRECTION('',(0.0,1.0,0.0));
#5601=DIRECTION('',(-0.707106715425394,0.0,0.707106846947695));
#5602=DIRECTION('',(0.707106781186498,0.0,0.707106781186598));
#5603=DIRECTION('',(0.0,0.0,-1.0));
#5604=DIRECTION('',(-1.0,0.0,0.0));
#5605=DIRECTION('',(0.0,0.0,-1.0));
#5606=DIRECTION('',(0.0,0.0,1.0));
#5607=DIRECTION('',(1.0,0.0,0.0));
#5608=DIRECTION('',(0.0,0.0,1.0));
#5609=DIRECTION('',(0.709214421156303,0.0,-0.704992840264303));
#5610=DIRECTION('',(1.0,0.0,0.0));
#5611=DIRECTION('',(0.0,0.0,-1.0));
#5612=DIRECTION('',(1.0,0.0,0.0));
#5613=DIRECTION('',(0.0,0.0,1.0));
#5614=DIRECTION('',(1.0,0.0,0.0));
#5615=DIRECTION('',(0.0,0.0,-1.0));
#5616=DIRECTION('',(-1.0,0.0,0.0));
#5617=DIRECTION('',(0.0,0.0,1.0));
#5618=DIRECTION('',(-1.0,0.0,0.0));
#5619=DIRECTION('',(0.577350269189626,-0.577350269189626,0.577350269189626));
#5620=DIRECTION('',(0.579648205610219,0.576197864336919,-0.576197864336919));
#5621=DIRECTION('',(1.0,0.0,0.0));
#5622=DIRECTION('',(0.0,1.0,0.0));
#5623=DIRECTION('',(-1.0,0.0,0.0));
#5624=DIRECTION('',(0.0,1.0,0.0));
#5625=DIRECTION('',(1.0,0.0,0.0));
#5626=DIRECTION('',(0.0,1.0,0.0));
#5627=DIRECTION('',(-1.0,0.0,0.0));
#5628=DIRECTION('',(0.0,1.0,0.0));
#5629=DIRECTION('',(1.0,0.0,0.0));
#5630=DIRECTION('',(0.0,1.0,0.0));
#5631=DIRECTION('',(-1.0,0.0,0.0));
#5632=DIRECTION('',(0.0,-1.0,0.0));
#5633=DIRECTION('',(0.0,-1.0,0.0));
#5634=DIRECTION('',(-1.0,0.0,0.0));
#5635=DIRECTION('',(0.0,1.0,0.0));
#5636=DIRECTION('',(1.0,0.0,0.0));
#5637=DIRECTION('',(0.599999920430797,0.0,0.800000059676896));
#5638=CARTESIAN_POINT('',(-2.497270499109,5.45,-0.8524676234578));
#5639=DIRECTION('',(0.0,1.0,0.0));
#5640=DIRECTION('',(-0.800000059676896,0.0,0.599999920430797));
#5641=DIRECTION('',(0.599999920430797,0.0,-0.800000059676896));
#5642=DIRECTION('',(0.599999920430973,0.0,0.800000059676764));
#5643=CARTESIAN_POINT('',(-0.002358177361884,5.45,-0.852467707014));
#5644=DIRECTION('',(0.0,1.0,0.0));
#5645=DIRECTION('',(-0.800000059676764,0.0,0.599999920430973));
#5646=DIRECTION('',(0.599999920430797,0.0,-0.800000059676896));
#5647=DIRECTION('',(0.606673344004299,0.0,0.794951227230099));
#5648=CARTESIAN_POINT('',(2.494912433155,5.45,-0.8517230195803));
#5649=DIRECTION('',(0.0,1.0,0.0));
#5650=DIRECTION('',(-0.794951227230099,0.0,0.606673344004299));
#5651=DIRECTION('',(0.606673031716222,0.0,-0.794951465555129));
#5652=DIRECTION('',(0.0,1.0,0.0));
#5653=DIRECTION('',(0.599999920430797,0.0,-0.800000059676896));
#5654=DIRECTION('',(-0.709214421156303,0.0,0.704992840264304));
#5655=DIRECTION('',(0.0,0.0,1.0));
#5656=DIRECTION('',(0.0,0.0,-1.0));
#5657=DIRECTION('',(0.0,0.0,1.0));
#5658=DIRECTION('',(1.0,0.0,0.0));
#5659=DIRECTION('',(0.0,0.0,-1.0));
#5660=DIRECTION('',(0.0,0.0,-1.0));
#5661=DIRECTION('',(0.0,0.0,-1.0));
#5662=DIRECTION('',(-0.707106781186498,0.0,-0.707106781186598));
#5663=DIRECTION('',(0.606673031716222,0.0,-0.794951465555129));
#5664=CARTESIAN_POINT('',(2.494912433155,1.95,-0.8517230195803));
#5665=DIRECTION('',(0.0,1.0,0.0));
#5666=DIRECTION('',(-0.794951227230099,0.0,0.606673344004299));
#5667=DIRECTION('',(0.606673344004299,0.0,0.794951227230099));
#5668=DIRECTION('',(0.599999920430797,0.0,-0.800000059676896));
#5669=CARTESIAN_POINT('',(-0.002358177361884,1.95,-0.852467707014));
#5670=DIRECTION('',(0.0,1.0,0.0));
#5671=DIRECTION('',(-0.800000059676764,0.0,0.599999920430973));
#5672=DIRECTION('',(0.599999920430973,0.0,0.800000059676764));
#5673=CARTESIAN_POINT('',(-2.497270499109,1.95,-0.8524676234578));
#5674=DIRECTION('',(0.0,1.0,0.0));
#5675=DIRECTION('',(-0.800000059676896,0.0,0.599999920430797));
#5676=DIRECTION('',(0.599999920430797,0.0,0.800000059676896));
#5677=CARTESIAN_POINT('',(-3.75,1.95,0.0));
#5678=DIRECTION('',(0.0,1.0,0.0));
#5679=DIRECTION('',(-1.0,0.0,0.0));
#5680=CARTESIAN_POINT('',(-3.75,1.95,0.0));
#5681=DIRECTION('',(-0.0,1.0,0.0));
#5682=DIRECTION('',(1.0,0.0,0.0));
#5683=CARTESIAN_POINT('',(-1.25,1.95,0.0));
#5684=DIRECTION('',(0.0,1.0,0.0));
#5685=DIRECTION('',(-1.0,0.0,0.0));
#5686=CARTESIAN_POINT('',(-1.25,1.95,0.0));
#5687=DIRECTION('',(-0.0,1.0,0.0));
#5688=DIRECTION('',(1.0,0.0,0.0));
#5689=CARTESIAN_POINT('',(1.25,1.95,0.0));
#5690=DIRECTION('',(0.0,1.0,0.0));
#5691=DIRECTION('',(-1.0,0.0,0.0));
#5692=CARTESIAN_POINT('',(1.25,1.95,0.0));
#5693=DIRECTION('',(-0.0,1.0,0.0));
#5694=DIRECTION('',(1.0,0.0,0.0));
#5695=CARTESIAN_POINT('',(3.75,1.95,0.0));
#5696=DIRECTION('',(0.0,1.0,0.0));
#5697=DIRECTION('',(-1.0,0.0,0.0));
#5698=CARTESIAN_POINT('',(3.75,1.95,0.0));
#5699=DIRECTION('',(-0.0,1.0,0.0));
#5700=DIRECTION('',(1.0,0.0,0.0));
#5701=DIRECTION('',(0.0,1.0,0.0));
#5702=DIRECTION('',(0.0,1.0,0.0));
#5703=DIRECTION('',(0.0,1.0,0.0));
#5704=DIRECTION('',(0.0,1.0,0.0));
#5705=DIRECTION('',(0.0,1.0,0.0));
#5706=DIRECTION('',(0.0,-1.0,0.0));
#5707=DIRECTION('',(0.0,0.0,1.0));
#5708=DIRECTION('',(0.0,1.0,0.0));
#5709=DIRECTION('',(0.0,0.703747766255319,-0.710449914836119));
#5710=DIRECTION('',(0.0,1.0,0.0));
#5711=DIRECTION('',(0.0,-0.710449914836119,-0.703747766255319));
#5712=DIRECTION('',(0.0,-1.0,0.0));
#5713=DIRECTION('',(0.0,0.0,1.0));
#5714=DIRECTION('',(0.0,1.0,0.0));
#5715=DIRECTION('',(0.0,-1.0,0.0));
#5716=DIRECTION('',(0.0,0.707106781186548,0.707106781186548));
#5717=DIRECTION('',(-1.0,0.0,0.0));
#5718=DIRECTION('',(0.0,1.0,0.0));
#5719=DIRECTION('',(0.0,1.0,0.0));
#5720=DIRECTION('',(0.0,1.0,0.0));
#5721=DIRECTION('',(0.0,0.0,-1.0));
#5722=DIRECTION('',(0.0,1.0,0.0));
#5723=DIRECTION('',(0.0,0.0,1.0));
#5724=DIRECTION('',(0.0,-1.0,0.0));
#5725=DIRECTION('',(0.0,-0.710449914836119,-0.703747766255319));
#5726=DIRECTION('',(0.0,0.703747766255319,-0.710449914836119));
#5727=DIRECTION('',(0.0,1.0,0.0));
#5728=DIRECTION('',(0.0,0.0,1.0));
#5729=DIRECTION('',(-1.0,0.0,0.0));
#5730=DIRECTION('',(-1.0,0.0,0.0));
#5731=DIRECTION('',(-1.0,0.0,0.0));
#5732=DIRECTION('',(-1.0,0.0,0.0));
#5733=DIRECTION('',(0.0,-1.0,0.0));
#5734=DIRECTION('',(0.0,1.0,0.0));
#5735=DIRECTION('',(-1.0,0.0,0.0));
#5736=DIRECTION('',(0.0,1.0,0.0));
#5737=DIRECTION('',(0.0,-1.0,0.0));
#5738=DIRECTION('',(0.0,1.0,0.0));
#5739=DIRECTION('',(0.0,0.0,1.0));
#5740=DIRECTION('',(0.0,-0.981737036166681,-0.190242980997096));
#5741=DIRECTION('',(0.0,0.0,-1.0));
#5742=CARTESIAN_POINT('',(-5.55,1.118787072643,1.478358436093));
#5743=DIRECTION('',(-1.0,0.0,0.0));
#5744=DIRECTION('',(0.0,-1.0,0.0));
#5745=DIRECTION('',(0.0,-0.981737036166681,-0.190242980997096));
#5746=DIRECTION('',(0.0,0.0,1.0));
#5747=DIRECTION('',(0.0,-0.981737036166681,-0.190242980997096));
#5748=DIRECTION('',(0.0,0.0,-1.0));
#5749=CARTESIAN_POINT('',(-5.55,1.196787072643,1.544403568474));
#5750=DIRECTION('',(-1.0,0.0,0.0));
#5751=DIRECTION('',(0.0,-0.190242980997096,0.981737036166681));
#5752=DIRECTION('',(0.0,0.981737036166681,0.190242980997096));
#5753=DIRECTION('',(0.0,0.628818880935099,0.777551808550099));
#5754=DIRECTION('',(0.0,0.794912211912811,-0.606724464111908));
#5755=DIRECTION('',(0.0,0.981737036166681,0.190242980997096));
#5756=CARTESIAN_POINT('',(-5.55,0.896787072643,1.506641018083));
#5757=DIRECTION('',(-1.0,0.0,0.0));
#5758=DIRECTION('',(0.0,-1.0,1.850371707709E-13));
#5759=DIRECTION('',(0.0,0.0,1.0));
#5760=DIRECTION('',(0.0,-0.896021955848581,0.44400974610619));
#5761=DIRECTION('',(0.0,0.647055961569442,0.76244251101145));
#5762=DIRECTION('',(0.0,0.981737036166681,0.190242980997096));
#5763=DIRECTION('',(0.0,0.0,1.0));
#5764=DIRECTION('',(0.0,-0.981737036166681,-0.190242980997096));
#5765=DIRECTION('',(0.0,0.0,1.0));
#5766=DIRECTION('',(0.0,0.773729652124307,0.633515923575406));
#5767=DIRECTION('',(0.0,0.829720136676299,-0.558179625921499));
#5768=DIRECTION('',(0.0,0.0,1.0));
#5769=DIRECTION('',(0.0,-0.829720136676299,0.558179625921499));
#5770=DIRECTION('',(0.0,0.773729652124307,0.633515923575406));
#5771=DIRECTION('',(0.0,0.0,1.0));
#5772=DIRECTION('',(0.0,-0.773729652124307,-0.633515923575406));
#5773=DIRECTION('',(0.0,-0.829720136676299,0.558179625921499));
#5774=DIRECTION('',(0.0,0.0,-1.0));
#5775=DIRECTION('',(0.0,0.829720136676299,-0.558179625921499));
#5776=DIRECTION('',(0.0,-0.773729652124307,-0.633515923575406));
#5777=DIRECTION('',(0.0,0.0,-1.0));
#5778=DIRECTION('',(0.0,0.981737036166681,0.190242980997096));
#5779=DIRECTION('',(0.0,-0.647055961569442,-0.76244251101145));
#5780=DIRECTION('',(0.0,0.0,-1.0));
#5781=DIRECTION('',(0.0,0.647055961569442,0.76244251101145));
#5782=DIRECTION('',(0.0,0.896021955848581,-0.444009746106191));
#5783=DIRECTION('',(0.0,0.0,-1.0));
#5784=DIRECTION('',(0.0,-0.981737036166681,-0.190242980997096));
#5785=DIRECTION('',(0.0,0.0,-1.0));
#5786=DIRECTION('',(0.0,0.981737036166681,0.190242980997096));
#5787=DIRECTION('',(0.0,0.0,-1.0));
#5788=DIRECTION('',(0.0,-0.981737036166681,-0.190242980997096));
#5789=CARTESIAN_POINT('',(-5.55,1.012787072643,1.465966364145));
#5790=DIRECTION('',(-1.0,0.0,0.0));
#5791=DIRECTION('',(0.0,-0.190242980997096,0.981737036166681));
#5792=DIRECTION('',(0.0,1.0,0.0));
#5793=DIRECTION('',(1.0,0.0,0.0));
#5794=DIRECTION('',(0.0,1.0,0.0));
#5795=DIRECTION('',(0.0,0.0,1.0));
#5796=DIRECTION('',(0.0,1.0,0.0));
#5797=DIRECTION('',(0.0,0.703747766255319,-0.710449914836119));
#5798=DIRECTION('',(0.0,-1.0,0.0));
#5799=DIRECTION('',(0.0,0.0,1.0));
#5800=DIRECTION('',(0.0,1.0,0.0));
#5801=DIRECTION('',(0.0,0.0,-1.0));
#5802=DIRECTION('',(0.0,1.0,0.0));
#5803=DIRECTION('',(0.0,-0.710449914836119,-0.703747766255319));
#5804=DIRECTION('',(0.0,0.703747766255319,-0.710449914836119));
#5805=DIRECTION('',(1.0,0.0,0.0));
#5806=DIRECTION('',(0.0,1.0,0.0));
#5807=DIRECTION('',(1.0,0.0,0.0));
#5808=DIRECTION('',(0.0,0.0,1.0));
#5809=DIRECTION('',(0.0,-1.0,0.0));
#5810=DIRECTION('',(0.0,1.0,0.0));
#5811=DIRECTION('',(0.0,0.0,1.0));
#5812=DIRECTION('',(0.0,-1.0,0.0));
#5813=DIRECTION('',(0.0,-0.710449914836119,-0.703747766255319));
#5814=DIRECTION('',(0.0,-0.707106781186548,-0.707106781186548));
#5815=DIRECTION('',(0.0,-1.0,0.0));
#5816=DIRECTION('',(-1.0,0.0,0.0));
#5817=DIRECTION('',(1.0,0.0,0.0));
#5818=DIRECTION('',(1.0,0.0,0.0));
#5819=DIRECTION('',(1.0,0.0,0.0));
#5820=DIRECTION('',(1.0,0.0,0.0));
#5821=DIRECTION('',(1.0,0.0,0.0));
#5822=DIRECTION('',(1.0,0.0,0.0));
#5823=CARTESIAN_POINT('',(-5.5,1.012787072643,1.465966364145));
#5824=DIRECTION('',(1.0,0.0,0.0));
#5825=DIRECTION('',(0.0,1.0,-3.700743415417E-14));
#5826=DIRECTION('',(0.0,0.0,1.0));
#5827=DIRECTION('',(1.0,0.0,0.0));
#5828=DIRECTION('',(0.0,-0.981737036166681,-0.190242980997096));
#5829=DIRECTION('',(1.0,0.0,0.0));
#5830=DIRECTION('',(0.0,0.0,-1.0));
#5831=DIRECTION('',(1.0,0.0,0.0));
#5832=CARTESIAN_POINT('',(-5.5,1.118787072643,1.478358436093));
#5833=DIRECTION('',(1.0,0.0,0.0));
#5834=DIRECTION('',(0.0,-0.190242980997,0.981737036166699));
#5835=DIRECTION('',(1.0,0.0,0.0));
#5836=DIRECTION('',(0.0,-0.981737036166681,-0.190242980997096));
#5837=DIRECTION('',(1.0,0.0,0.0));
#5838=DIRECTION('',(0.0,0.0,1.0));
#5839=DIRECTION('',(1.0,0.0,0.0));
#5840=DIRECTION('',(0.0,-0.981737036166681,-0.190242980997096));
#5841=DIRECTION('',(1.0,0.0,0.0));
#5842=DIRECTION('',(0.0,0.0,-1.0));
#5843=CARTESIAN_POINT('',(-5.5,1.196787072643,1.544403568474));
#5844=DIRECTION('',(-1.0,0.0,0.0));
#5845=DIRECTION('',(0.0,-0.190242980997096,0.981737036166681));
#5846=DIRECTION('',(1.0,0.0,0.0));
#5847=DIRECTION('',(0.0,0.981737036166681,0.190242980997096));
#5848=DIRECTION('',(1.0,0.0,0.0));
#5849=DIRECTION('',(0.0,0.628818880935099,0.777551808550099));
#5850=DIRECTION('',(1.0,0.0,0.0));
#5851=DIRECTION('',(0.0,0.794912211912811,-0.606724464111908));
#5852=DIRECTION('',(1.0,0.0,0.0));
#5853=DIRECTION('',(0.0,0.981737036166681,0.190242980997096));
#5854=DIRECTION('',(1.0,0.0,0.0));
#5855=CARTESIAN_POINT('',(-5.5,0.896787072643,1.506641018083));
#5856=DIRECTION('',(-1.0,0.0,0.0));
#5857=DIRECTION('',(0.0,-1.0,1.850371707709E-13));
#5858=DIRECTION('',(1.0,0.0,0.0));
#5859=DIRECTION('',(0.0,0.0,1.0));
#5860=DIRECTION('',(1.0,0.0,0.0));
#5861=DIRECTION('',(0.0,-0.896021955848581,0.44400974610619));
#5862=DIRECTION('',(1.0,0.0,0.0));
#5863=DIRECTION('',(0.0,0.647055961569442,0.76244251101145));
#5864=DIRECTION('',(1.0,0.0,0.0));
#5865=DIRECTION('',(0.0,0.981737036166681,0.190242980997096));
#5866=DIRECTION('',(1.0,0.0,0.0));
#5867=DIRECTION('',(0.0,0.0,1.0));
#5868=DIRECTION('',(1.0,0.0,0.0));
#5869=DIRECTION('',(0.0,-0.981737036166681,-0.190242980997096));
#5870=DIRECTION('',(1.0,0.0,0.0));
#5871=DIRECTION('',(0.0,0.0,1.0));
#5872=DIRECTION('',(1.0,0.0,0.0));
#5873=DIRECTION('',(0.0,0.773729652124307,0.633515923575406));
#5874=DIRECTION('',(1.0,0.0,0.0));
#5875=DIRECTION('',(0.0,0.829720136676299,-0.558179625921499));
#5876=DIRECTION('',(1.0,0.0,0.0));
#5877=DIRECTION('',(0.0,0.0,1.0));
#5878=DIRECTION('',(1.0,0.0,0.0));
#5879=DIRECTION('',(0.0,-0.829720136676299,0.558179625921499));
#5880=DIRECTION('',(1.0,0.0,0.0));
#5881=DIRECTION('',(0.0,0.773729652124307,0.633515923575406));
#5882=DIRECTION('',(1.0,0.0,0.0));
#5883=DIRECTION('',(0.0,0.0,1.0));
#5884=DIRECTION('',(1.0,0.0,0.0));
#5885=DIRECTION('',(0.0,-0.773729652124307,-0.633515923575406));
#5886=DIRECTION('',(1.0,0.0,0.0));
#5887=DIRECTION('',(0.0,-0.829720136676299,0.558179625921499));
#5888=DIRECTION('',(1.0,0.0,0.0));
#5889=DIRECTION('',(0.0,0.0,-1.0));
#5890=DIRECTION('',(1.0,0.0,0.0));
#5891=DIRECTION('',(0.0,0.829720136676299,-0.558179625921499));
#5892=DIRECTION('',(1.0,0.0,0.0));
#5893=DIRECTION('',(0.0,-0.773729652124307,-0.633515923575406));
#5894=DIRECTION('',(1.0,0.0,0.0));
#5895=DIRECTION('',(0.0,0.0,-1.0));
#5896=DIRECTION('',(1.0,0.0,0.0));
#5897=DIRECTION('',(0.0,0.981737036166681,0.190242980997096));
#5898=DIRECTION('',(1.0,0.0,0.0));
#5899=DIRECTION('',(0.0,-0.647055961569442,-0.76244251101145));
#5900=DIRECTION('',(1.0,0.0,0.0));
#5901=DIRECTION('',(0.0,0.0,-1.0));
#5902=DIRECTION('',(1.0,0.0,0.0));
#5903=DIRECTION('',(0.0,0.647055961569442,0.76244251101145));
#5904=DIRECTION('',(1.0,0.0,0.0));
#5905=DIRECTION('',(0.0,0.896021955848581,-0.444009746106191));
#5906=DIRECTION('',(1.0,0.0,0.0));
#5907=DIRECTION('',(0.0,0.0,-1.0));
#5908=DIRECTION('',(1.0,0.0,0.0));
#5909=DIRECTION('',(0.0,-0.981737036166681,-0.190242980997096));
#5910=DIRECTION('',(1.0,0.0,0.0));
#5911=DIRECTION('',(0.0,0.0,-1.0));
#5912=DIRECTION('',(1.0,0.0,0.0));
#5913=DIRECTION('',(0.0,0.981737036166681,0.190242980997096));
#5914=DIRECTION('',(1.0,0.0,0.0));
#5915=DIRECTION('',(0.0,0.0,-1.0));
#5916=DIRECTION('',(1.0,0.0,0.0));
#5917=DIRECTION('',(0.0,-0.981737036166681,-0.190242980997096));
#5918=DIRECTION('',(-1.0,0.0,0.0));
#5919=DIRECTION('',(-1.0,0.0,0.0));
#5920=DIRECTION('',(-6.111048173937E-11,1.0,-2.794801541061E-10));
#5921=DIRECTION('',(6.111034075867E-11,1.0,2.794801741206E-10));
#5922=CARTESIAN_POINT('',(-3.75,5.1,0.0));
#5923=DIRECTION('',(-0.0,1.0,0.0));
#5924=DIRECTION('',(1.0,0.0,0.0));
#5925=DIRECTION('',(-0.242535625036309,-0.970142500145338,1.01675841762804E-10));
#5926=CARTESIAN_POINT('',(-3.75,5.5,0.0));
#5927=DIRECTION('',(-0.0,1.0,0.0));
#5928=DIRECTION('',(1.0,0.0,0.0));
#5929=CARTESIAN_POINT('',(-3.75,5.5,0.0));
#5930=DIRECTION('',(0.0,1.0,0.0));
#5931=DIRECTION('',(-1.0,0.0,0.0));
#5932=CARTESIAN_POINT('',(-3.75,5.1,0.0));
#5933=DIRECTION('',(0.0,1.0,0.0));
#5934=DIRECTION('',(-1.0,0.0,0.0));
#5935=DIRECTION('',(-6.111034075867E-11,1.0,-2.794801664419E-10));
#5936=DIRECTION('',(6.111027026832E-11,1.0,2.794801741205E-10));
#5937=CARTESIAN_POINT('',(-1.25,5.1,0.0));
#5938=DIRECTION('',(-0.0,1.0,0.0));
#5939=DIRECTION('',(1.0,0.0,0.0));
#5940=DIRECTION('',(-0.242535625036309,-0.970142500145338,1.01675841762704E-10));
#5941=CARTESIAN_POINT('',(-1.25,5.5,0.0));
#5942=DIRECTION('',(-0.0,1.0,0.0));
#5943=DIRECTION('',(1.0,0.0,0.0));
#5944=CARTESIAN_POINT('',(-1.25,5.5,0.0));
#5945=DIRECTION('',(0.0,1.0,0.0));
#5946=DIRECTION('',(-1.0,0.0,0.0));
#5947=CARTESIAN_POINT('',(-1.25,5.1,0.0));
#5948=DIRECTION('',(0.0,1.0,0.0));
#5949=DIRECTION('',(-1.0,0.0,0.0));
#5950=DIRECTION('',(-6.111027026832E-11,1.0,-2.794801417703E-10));
#5951=DIRECTION('',(6.111034075867E-11,1.0,2.794801741205E-10));
#5952=CARTESIAN_POINT('',(1.25,5.1,0.0));
#5953=DIRECTION('',(-0.0,1.0,0.0));
#5954=DIRECTION('',(1.0,0.0,0.0));
#5955=DIRECTION('',(-0.242535625036309,-0.970142500145338,1.01675886640904E-10));
#5956=CARTESIAN_POINT('',(1.25,5.5,0.0));
#5957=DIRECTION('',(-0.0,1.0,0.0));
#5958=DIRECTION('',(1.0,0.0,0.0));
#5959=CARTESIAN_POINT('',(1.25,5.5,0.0));
#5960=DIRECTION('',(0.0,1.0,0.0));
#5961=DIRECTION('',(-1.0,0.0,0.0));
#5962=CARTESIAN_POINT('',(1.25,5.1,0.0));
#5963=DIRECTION('',(0.0,1.0,0.0));
#5964=DIRECTION('',(-1.0,0.0,0.0));
#5965=DIRECTION('',(-6.111034075867E-11,1.0,-2.794801479382E-10));
#5966=DIRECTION('',(6.111048173937E-11,1.0,2.794801741205E-10));
#5967=CARTESIAN_POINT('',(3.75,5.1,0.0));
#5968=DIRECTION('',(-0.0,1.0,0.0));
#5969=DIRECTION('',(1.0,0.0,0.0));
#5970=DIRECTION('',(-0.242535625036309,-0.970142500145338,1.01675841762804E-10));
#5971=CARTESIAN_POINT('',(3.75,5.5,0.0));
#5972=DIRECTION('',(-0.0,1.0,0.0));
#5973=DIRECTION('',(1.0,0.0,0.0));
#5974=CARTESIAN_POINT('',(3.75,5.5,0.0));
#5975=DIRECTION('',(0.0,1.0,0.0));
#5976=DIRECTION('',(-1.0,0.0,0.0));
#5977=CARTESIAN_POINT('',(3.75,5.1,0.0));
#5978=DIRECTION('',(0.0,1.0,0.0));
#5979=DIRECTION('',(-1.0,0.0,0.0));
#5980=DIRECTION('',(0.0,0.0,-1.0));
#5981=DIRECTION('',(0.0,0.0,-1.0));
#5982=DIRECTION('',(0.0,0.0,-1.0));
#5983=DIRECTION('',(0.0,0.0,-1.0));
#5984=DIRECTION('',(0.0,0.0,-1.0));
#5985=DIRECTION('',(0.0,0.0,-1.0));
#5986=DIRECTION('',(0.0,-1.0,0.0));
#5987=CARTESIAN_POINT('',(3.75,-0.1,0.0));
#5988=DIRECTION('',(0.0,-1.0,0.0));
#5989=DIRECTION('',(0.0,0.0,-1.0));
#5990=DIRECTION('',(0.0,-1.0,0.0));
#5991=CARTESIAN_POINT('',(3.75,-0.1,0.0));
#5992=DIRECTION('',(0.0,-1.0,0.0));
#5993=DIRECTION('',(0.0,0.0,1.0));
#5994=CARTESIAN_POINT('',(3.75,-0.1,-0.45));
#5995=DIRECTION('',(1.0,0.0,-0.0));
#5996=DIRECTION('',(0.0,0.0,1.0));
#5997=CARTESIAN_POINT('',(3.75,-0.55,-0.45));
#5998=DIRECTION('',(0.0,0.0,-1.0));
#5999=DIRECTION('',(0.0,-1.0,0.0));
#6000=CARTESIAN_POINT('',(3.75,-0.1,-0.45));
#6001=DIRECTION('',(1.0,0.0,-0.0));
#6002=DIRECTION('',(0.0,0.0,1.0));
#6003=CARTESIAN_POINT('',(3.75,-0.55,-0.45));
#6004=DIRECTION('',(0.0,0.0,-1.0));
#6005=DIRECTION('',(0.0,1.0,0.0));
#6006=DIRECTION('',(1.956360998791E-10,-4.277725703792E-11,-1.0));
#6007=DIRECTION('',(-1.956360998791E-10,4.277718919096E-11,-1.0));
#6008=CARTESIAN_POINT('',(3.75,-0.55,-4.95));
#6009=DIRECTION('',(0.0,0.0,-1.0));
#6010=DIRECTION('',(0.0,1.0,0.0));
#6011=DIRECTION('',(1.01676913738104E-10,0.242535625036309,0.970142500145338));
#6012=DIRECTION('',(-1.01675836663604E-10,-0.242535625036309,0.970142500145338));
#6013=CARTESIAN_POINT('',(3.75,-0.55,-5.35));
#6014=DIRECTION('',(0.0,0.0,-1.0));
#6015=DIRECTION('',(0.0,1.0,0.0));
#6016=CARTESIAN_POINT('',(3.75,-0.55,-5.35));
#6017=DIRECTION('',(0.0,0.0,-1.0));
#6018=DIRECTION('',(0.0,-1.0,0.0));
#6019=CARTESIAN_POINT('',(3.75,-0.55,-4.95));
#6020=DIRECTION('',(0.0,0.0,-1.0));
#6021=DIRECTION('',(0.0,-1.0,0.0));
ENDSEC;
END-ISO-10303-21;
