ISO-10303-21;
HEADER;
FILE_DESCRIPTION(('STEP AP214'),'1');
FILE_NAME('x2564wr-03-n0sn.stp','2022-04-26T12:13:10',('TraceParts'),('TraceParts S.A.'),'Spatial InterOp 3D',' ',' ');
FILE_SCHEMA(('AUTOMOTIVE_DESIGN { 1 0 10303 214 1 1 1 1 }'));
ENDSEC;
DATA;
#1=PRODUCT_DEFINITION_CONTEXT('',#9,'design');
#2=APPLICATION_PROTOCOL_DEFINITION('INTERNATIONAL STANDARD','automotive_design',1994,#9);
#3=PRODUCT_CATEGORY_RELATIONSHIP('NONE','NONE',#10,#11);
#4=SHAPE_DEFINITION_REPRESENTATION(#12,#13);
#5= (GEOMETRIC_REPRESENTATION_CONTEXT(3)GLOBAL_UNCERTAINTY_ASSIGNED_CONTEXT((#16))GLOBAL_UNIT_ASSIGNED_CONTEXT((#18,#19,#20))REPRESENTATION_CONTEXT('NONE','WORKSPACE'));
#9=APPLICATION_CONTEXT(' ');
#10=PRODUCT_CATEGORY('part','NONE');
#11=PRODUCT_RELATED_PRODUCT_CATEGORY('detail',' ',(#22));
#12=PRODUCT_DEFINITION_SHAPE('NONE','NONE',#23);
#13=ADVANCED_BREP_SHAPE_REPRESENTATION('x2564wr-03-n0sn',(#24,#25),#5);
#16=UNCERTAINTY_MEASURE_WITH_UNIT(LENGTH_MEASURE(1.0E-06),#18,'','');
#18= (CONVERSION_BASED_UNIT('MILLIMETRE',#28)LENGTH_UNIT()NAMED_UNIT(#31));
#19= (NAMED_UNIT(#33)PLANE_ANGLE_UNIT()SI_UNIT($,.RADIAN.));
#20= (NAMED_UNIT(#33)SOLID_ANGLE_UNIT()SI_UNIT($,.STERADIAN.));
#22=PRODUCT('x2564wr-03-n0sn','x2564wr-03-n0sn','PART-x2564wr-03-n0sn-DESC',(#39));
#23=PRODUCT_DEFINITION('','NONE',#40,#1);
#24=MANIFOLD_SOLID_BREP('x2564wr-03-n0sn',#41);
#25=AXIS2_PLACEMENT_3D('',#42,#43,#44);
#28=LENGTH_MEASURE_WITH_UNIT(LENGTH_MEASURE(1.0),#45);
#31=DIMENSIONAL_EXPONENTS(1.0,0.0,0.0,0.0,0.0,0.0,0.0);
#33=DIMENSIONAL_EXPONENTS(0.0,0.0,0.0,0.0,0.0,0.0,0.0);
#39=PRODUCT_CONTEXT('',#9,'mechanical');
#40=PRODUCT_DEFINITION_FORMATION_WITH_SPECIFIED_SOURCE(' ','NONE',#22,.NOT_KNOWN.);
#41=CLOSED_SHELL('',(#46,#47,#48,#49,#50,#51,#52,#53,#54,#55,#56,#57,#58,#59,#60,#61,#62,#63,#64,#65,#66,#67,#68,#69,#70,#71,#72,#73,#74,#75,#76,#77,#78,#79,#80,#81,#82,#83,#84,#85,#86,#87,#88,#89,#90,#91,#92,#93,#94,#95,#96,#97,#98,#99,#100,#101,#102,#103,#104,#105,#106,#107,#108,#109,#110,#111,#112,#113,#114,#115,#116,#117,#118,#119,#120,#121,#122,#123,#124,#125,#126,#127,#128,#129,#130,#131,#132,#133,#134,#135,#136,#137,#138,#139,#140,#141,#142,#143,#144,#145,#146,#147,#148,#149,#150,#151,#152,#153,#154,#155,#156,#157,#158,#159,#160,#161,#162,#163,#164,#165,#166,#167,#168,#169,#170,#171,#172,#173,#174,#175,#176,#177,#178,#179,#180,#181,#182,#183,#184,#185,#186,#187,#188,#189,#190,#191,#192,#193,#194,#195,#196,#197,#198,#199,#200,#201,#202,#203,#204,#205,#206,#207,#208,#209,#210,#211,#212,#213,#214));
#42=CARTESIAN_POINT('',(0.0,0.0,0.0));
#43=DIRECTION('',(0.0,0.0,1.0));
#44=DIRECTION('',(1.0,0.0,0.0));
#45= (NAMED_UNIT(#31)LENGTH_UNIT()SI_UNIT(.MILLI.,.METRE.));
#46=ADVANCED_FACE('',(#216),#217,.T.);
#47=ADVANCED_FACE('',(#218),#219,.T.);
#48=ADVANCED_FACE('',(#220),#221,.T.);
#49=ADVANCED_FACE('',(#222),#223,.T.);
#50=ADVANCED_FACE('',(#224),#225,.T.);
#51=ADVANCED_FACE('',(#226),#227,.T.);
#52=ADVANCED_FACE('',(#228),#229,.F.);
#53=ADVANCED_FACE('',(#230),#231,.T.);
#54=ADVANCED_FACE('',(#232,#233,#234,#235),#236,.F.);
#55=ADVANCED_FACE('',(#237),#238,.T.);
#56=ADVANCED_FACE('',(#239),#240,.T.);
#57=ADVANCED_FACE('',(#241),#242,.T.);
#58=ADVANCED_FACE('',(#243),#244,.T.);
#59=ADVANCED_FACE('',(#245),#246,.T.);
#60=ADVANCED_FACE('',(#247),#248,.T.);
#61=ADVANCED_FACE('',(#249),#250,.T.);
#62=ADVANCED_FACE('',(#251),#252,.T.);
#63=ADVANCED_FACE('',(#253),#254,.T.);
#64=ADVANCED_FACE('',(#255),#256,.T.);
#65=ADVANCED_FACE('',(#257),#258,.T.);
#66=ADVANCED_FACE('',(#259),#260,.T.);
#67=ADVANCED_FACE('',(#261),#262,.T.);
#68=ADVANCED_FACE('',(#263),#264,.F.);
#69=ADVANCED_FACE('',(#265),#266,.T.);
#70=ADVANCED_FACE('',(#267),#268,.F.);
#71=ADVANCED_FACE('',(#269),#270,.F.);
#72=ADVANCED_FACE('',(#271),#272,.T.);
#73=ADVANCED_FACE('',(#273),#274,.T.);
#74=ADVANCED_FACE('',(#275),#276,.T.);
#75=ADVANCED_FACE('',(#277),#278,.T.);
#76=ADVANCED_FACE('',(#279),#280,.F.);
#77=ADVANCED_FACE('',(#281),#282,.T.);
#78=ADVANCED_FACE('',(#283),#284,.T.);
#79=ADVANCED_FACE('',(#285),#286,.T.);
#80=ADVANCED_FACE('',(#287),#288,.T.);
#81=ADVANCED_FACE('',(#289),#290,.F.);
#82=ADVANCED_FACE('',(#291),#292,.F.);
#83=ADVANCED_FACE('',(#293),#294,.F.);
#84=ADVANCED_FACE('',(#295),#296,.F.);
#85=ADVANCED_FACE('',(#297),#298,.T.);
#86=ADVANCED_FACE('',(#299),#300,.T.);
#87=ADVANCED_FACE('',(#301),#302,.F.);
#88=ADVANCED_FACE('',(#303),#304,.T.);
#89=ADVANCED_FACE('',(#305),#306,.T.);
#90=ADVANCED_FACE('',(#307),#308,.T.);
#91=ADVANCED_FACE('',(#309),#310,.F.);
#92=ADVANCED_FACE('',(#311),#312,.T.);
#93=ADVANCED_FACE('',(#313),#314,.T.);
#94=ADVANCED_FACE('',(#315,#316,#317,#318),#319,.T.);
#95=ADVANCED_FACE('',(#320),#321,.T.);
#96=ADVANCED_FACE('',(#322),#323,.T.);
#97=ADVANCED_FACE('',(#324),#325,.T.);
#98=ADVANCED_FACE('',(#326),#327,.T.);
#99=ADVANCED_FACE('',(#328),#329,.T.);
#100=ADVANCED_FACE('',(#330),#331,.T.);
#101=ADVANCED_FACE('',(#332),#333,.F.);
#102=ADVANCED_FACE('',(#334),#335,.F.);
#103=ADVANCED_FACE('',(#336),#337,.F.);
#104=ADVANCED_FACE('',(#338),#339,.F.);
#105=ADVANCED_FACE('',(#340),#341,.T.);
#106=ADVANCED_FACE('',(#342),#343,.F.);
#107=ADVANCED_FACE('',(#344,#345),#346,.F.);
#108=ADVANCED_FACE('',(#347),#348,.T.);
#109=ADVANCED_FACE('',(#349),#350,.T.);
#110=ADVANCED_FACE('',(#351),#352,.T.);
#111=ADVANCED_FACE('',(#353),#354,.T.);
#112=ADVANCED_FACE('',(#355),#356,.T.);
#113=ADVANCED_FACE('',(#357),#358,.T.);
#114=ADVANCED_FACE('',(#359),#360,.F.);
#115=ADVANCED_FACE('',(#361),#362,.F.);
#116=ADVANCED_FACE('',(#363),#364,.F.);
#117=ADVANCED_FACE('',(#365),#366,.F.);
#118=ADVANCED_FACE('',(#367),#368,.T.);
#119=ADVANCED_FACE('',(#369),#370,.T.);
#120=ADVANCED_FACE('',(#371),#372,.T.);
#121=ADVANCED_FACE('',(#373),#374,.T.);
#122=ADVANCED_FACE('',(#375),#376,.T.);
#123=ADVANCED_FACE('',(#377),#378,.F.);
#124=ADVANCED_FACE('',(#379),#380,.T.);
#125=ADVANCED_FACE('',(#381),#382,.F.);
#126=ADVANCED_FACE('',(#383),#384,.F.);
#127=ADVANCED_FACE('',(#385),#386,.F.);
#128=ADVANCED_FACE('',(#387),#388,.T.);
#129=ADVANCED_FACE('',(#389),#390,.T.);
#130=ADVANCED_FACE('',(#391),#392,.F.);
#131=ADVANCED_FACE('',(#393),#394,.F.);
#132=ADVANCED_FACE('',(#395),#396,.F.);
#133=ADVANCED_FACE('',(#397),#398,.T.);
#134=ADVANCED_FACE('',(#399),#400,.F.);
#135=ADVANCED_FACE('',(#401),#402,.F.);
#136=ADVANCED_FACE('',(#403),#404,.F.);
#137=ADVANCED_FACE('',(#405),#406,.F.);
#138=ADVANCED_FACE('',(#407),#408,.F.);
#139=ADVANCED_FACE('',(#409),#410,.F.);
#140=ADVANCED_FACE('',(#411),#412,.F.);
#141=ADVANCED_FACE('',(#413),#414,.F.);
#142=ADVANCED_FACE('',(#415),#416,.F.);
#143=ADVANCED_FACE('',(#417),#418,.F.);
#144=ADVANCED_FACE('',(#419),#420,.F.);
#145=ADVANCED_FACE('',(#421),#422,.F.);
#146=ADVANCED_FACE('',(#423),#424,.F.);
#147=ADVANCED_FACE('',(#425),#426,.F.);
#148=ADVANCED_FACE('',(#427),#428,.F.);
#149=ADVANCED_FACE('',(#429),#430,.F.);
#150=ADVANCED_FACE('',(#431),#432,.F.);
#151=ADVANCED_FACE('',(#433),#434,.F.);
#152=ADVANCED_FACE('',(#435),#436,.F.);
#153=ADVANCED_FACE('',(#437),#438,.F.);
#154=ADVANCED_FACE('',(#439),#440,.F.);
#155=ADVANCED_FACE('',(#441),#442,.F.);
#156=ADVANCED_FACE('',(#443),#444,.F.);
#157=ADVANCED_FACE('',(#445),#446,.F.);
#158=ADVANCED_FACE('',(#447),#448,.F.);
#159=ADVANCED_FACE('',(#449),#450,.F.);
#160=ADVANCED_FACE('',(#451),#452,.F.);
#161=ADVANCED_FACE('',(#453),#454,.F.);
#162=ADVANCED_FACE('',(#455),#456,.F.);
#163=ADVANCED_FACE('',(#457),#458,.F.);
#164=ADVANCED_FACE('',(#459),#460,.F.);
#165=ADVANCED_FACE('',(#461),#462,.F.);
#166=ADVANCED_FACE('',(#463),#464,.F.);
#167=ADVANCED_FACE('',(#465),#466,.F.);
#168=ADVANCED_FACE('',(#467),#468,.F.);
#169=ADVANCED_FACE('',(#469),#470,.F.);
#170=ADVANCED_FACE('',(#471),#472,.F.);
#171=ADVANCED_FACE('',(#473),#474,.F.);
#172=ADVANCED_FACE('',(#475),#476,.F.);
#173=ADVANCED_FACE('',(#477),#478,.F.);
#174=ADVANCED_FACE('',(#479),#480,.T.);
#175=ADVANCED_FACE('',(#481),#482,.F.);
#176=ADVANCED_FACE('',(#483),#484,.F.);
#177=ADVANCED_FACE('',(#485),#486,.F.);
#178=ADVANCED_FACE('',(#487),#488,.T.);
#179=ADVANCED_FACE('',(#489),#490,.T.);
#180=ADVANCED_FACE('',(#491),#492,.T.);
#181=ADVANCED_FACE('',(#493),#494,.T.);
#182=ADVANCED_FACE('',(#495),#496,.T.);
#183=ADVANCED_FACE('',(#497),#498,.T.);
#184=ADVANCED_FACE('',(#499),#500,.T.);
#185=ADVANCED_FACE('',(#501),#502,.T.);
#186=ADVANCED_FACE('',(#503),#504,.T.);
#187=ADVANCED_FACE('',(#505),#506,.T.);
#188=ADVANCED_FACE('',(#507),#508,.T.);
#189=ADVANCED_FACE('',(#509),#510,.T.);
#190=ADVANCED_FACE('',(#511),#512,.T.);
#191=ADVANCED_FACE('',(#513),#514,.T.);
#192=ADVANCED_FACE('',(#515),#516,.T.);
#193=ADVANCED_FACE('',(#517),#518,.F.);
#194=ADVANCED_FACE('',(#519),#520,.F.);
#195=ADVANCED_FACE('',(#521),#522,.F.);
#196=ADVANCED_FACE('',(#523),#524,.F.);
#197=ADVANCED_FACE('',(#525),#526,.T.);
#198=ADVANCED_FACE('',(#527),#528,.T.);
#199=ADVANCED_FACE('',(#529),#530,.T.);
#200=ADVANCED_FACE('',(#531),#532,.T.);
#201=ADVANCED_FACE('',(#533),#534,.T.);
#202=ADVANCED_FACE('',(#535),#536,.T.);
#203=ADVANCED_FACE('',(#537),#538,.T.);
#204=ADVANCED_FACE('',(#539),#540,.T.);
#205=ADVANCED_FACE('',(#541),#542,.T.);
#206=ADVANCED_FACE('',(#543),#544,.T.);
#207=ADVANCED_FACE('',(#545),#546,.T.);
#208=ADVANCED_FACE('',(#547),#548,.T.);
#209=ADVANCED_FACE('',(#549),#550,.T.);
#210=ADVANCED_FACE('',(#551),#552,.T.);
#211=ADVANCED_FACE('',(#553),#554,.T.);
#212=ADVANCED_FACE('',(#555),#556,.T.);
#213=ADVANCED_FACE('',(#557),#558,.T.);
#214=ADVANCED_FACE('',(#559),#560,.T.);
#216=FACE_OUTER_BOUND('',#561,.T.);
#217=CONICAL_SURFACE('',#562,0.299999999797,0.244978663126879);
#218=FACE_OUTER_BOUND('',#563,.T.);
#219=CONICAL_SURFACE('',#564,0.299999999797,0.244978663126879);
#220=FACE_OUTER_BOUND('',#565,.T.);
#221=CONICAL_SURFACE('',#566,0.299999999797,0.244978663126879);
#222=FACE_OUTER_BOUND('',#567,.T.);
#223=CONICAL_SURFACE('',#568,0.299999999797,0.244978663126879);
#224=FACE_OUTER_BOUND('',#569,.T.);
#225=CONICAL_SURFACE('',#570,0.299999999797,0.244978663126879);
#226=FACE_OUTER_BOUND('',#571,.T.);
#227=CONICAL_SURFACE('',#572,0.299999999797,0.244978663126879);
#228=FACE_OUTER_BOUND('',#573,.T.);
#229=CYLINDRICAL_SURFACE('',#574,0.038);
#230=FACE_OUTER_BOUND('',#575,.T.);
#231=CYLINDRICAL_SURFACE('',#576,0.018);
#232=FACE_OUTER_BOUND('',#577,.T.);
#233=FACE_BOUND('',#578,.T.);
#234=FACE_BOUND('',#579,.T.);
#235=FACE_BOUND('',#580,.T.);
#236=PLANE('',#581);
#237=FACE_OUTER_BOUND('',#582,.T.);
#238=CYLINDRICAL_SURFACE('',#583,0.35);
#239=FACE_OUTER_BOUND('',#584,.T.);
#240=CYLINDRICAL_SURFACE('',#585,0.35);
#241=FACE_OUTER_BOUND('',#586,.T.);
#242=TOROIDAL_SURFACE('',#587,0.45,0.35);
#243=FACE_OUTER_BOUND('',#588,.T.);
#244=TOROIDAL_SURFACE('',#589,0.45,0.35);
#245=FACE_OUTER_BOUND('',#590,.T.);
#246=CYLINDRICAL_SURFACE('',#591,0.35);
#247=FACE_OUTER_BOUND('',#592,.T.);
#248=CONICAL_SURFACE('',#593,0.299999999797,0.244978663126879);
#249=FACE_OUTER_BOUND('',#594,.T.);
#250=PLANE('',#595);
#251=FACE_OUTER_BOUND('',#596,.T.);
#252=CONICAL_SURFACE('',#597,0.299999999797,0.244978663126879);
#253=FACE_OUTER_BOUND('',#598,.T.);
#254=CYLINDRICAL_SURFACE('',#599,0.35);
#255=FACE_OUTER_BOUND('',#600,.T.);
#256=PLANE('',#601);
#257=FACE_OUTER_BOUND('',#602,.T.);
#258=PLANE('',#603);
#259=FACE_OUTER_BOUND('',#604,.T.);
#260=PLANE('',#605);
#261=FACE_OUTER_BOUND('',#606,.T.);
#262=PLANE('',#607);
#263=FACE_OUTER_BOUND('',#608,.T.);
#264=PLANE('',#609);
#265=FACE_OUTER_BOUND('',#610,.T.);
#266=PLANE('',#611);
#267=FACE_OUTER_BOUND('',#612,.T.);
#268=PLANE('',#613);
#269=FACE_OUTER_BOUND('',#614,.T.);
#270=PLANE('',#615);
#271=FACE_OUTER_BOUND('',#616,.T.);
#272=PLANE('',#617);
#273=FACE_OUTER_BOUND('',#618,.T.);
#274=PLANE('',#619);
#275=FACE_OUTER_BOUND('',#620,.T.);
#276=PLANE('',#621);
#277=FACE_OUTER_BOUND('',#622,.T.);
#278=PLANE('',#623);
#279=FACE_OUTER_BOUND('',#624,.T.);
#280=PLANE('',#625);
#281=FACE_OUTER_BOUND('',#626,.T.);
#282=PLANE('',#627);
#283=FACE_OUTER_BOUND('',#628,.T.);
#284=PLANE('',#629);
#285=FACE_OUTER_BOUND('',#630,.T.);
#286=PLANE('',#631);
#287=FACE_OUTER_BOUND('',#632,.T.);
#288=PLANE('',#633);
#289=FACE_OUTER_BOUND('',#634,.T.);
#290=PLANE('',#635);
#291=FACE_OUTER_BOUND('',#636,.T.);
#292=PLANE('',#637);
#293=FACE_OUTER_BOUND('',#638,.T.);
#294=PLANE('',#639);
#295=FACE_OUTER_BOUND('',#640,.T.);
#296=PLANE('',#641);
#297=FACE_OUTER_BOUND('',#642,.T.);
#298=PLANE('',#643);
#299=FACE_OUTER_BOUND('',#644,.T.);
#300=PLANE('',#645);
#301=FACE_OUTER_BOUND('',#646,.T.);
#302=PLANE('',#647);
#303=FACE_OUTER_BOUND('',#648,.T.);
#304=PLANE('',#649);
#305=FACE_OUTER_BOUND('',#650,.T.);
#306=PLANE('',#651);
#307=FACE_OUTER_BOUND('',#652,.T.);
#308=PLANE('',#653);
#309=FACE_OUTER_BOUND('',#654,.T.);
#310=PLANE('',#655);
#311=FACE_OUTER_BOUND('',#656,.T.);
#312=PLANE('',#657);
#313=FACE_OUTER_BOUND('',#658,.T.);
#314=PLANE('',#659);
#315=FACE_OUTER_BOUND('',#660,.T.);
#316=FACE_BOUND('',#661,.T.);
#317=FACE_BOUND('',#662,.T.);
#318=FACE_BOUND('',#663,.T.);
#319=PLANE('',#664);
#320=FACE_OUTER_BOUND('',#665,.T.);
#321=PLANE('',#666);
#322=FACE_OUTER_BOUND('',#667,.T.);
#323=CYLINDRICAL_SURFACE('',#668,0.10022099854);
#324=FACE_OUTER_BOUND('',#669,.T.);
#325=PLANE('',#670);
#326=FACE_OUTER_BOUND('',#671,.T.);
#327=PLANE('',#672);
#328=FACE_OUTER_BOUND('',#673,.T.);
#329=PLANE('',#674);
#330=FACE_OUTER_BOUND('',#675,.T.);
#331=CYLINDRICAL_SURFACE('',#676,0.10022099854);
#332=FACE_OUTER_BOUND('',#677,.T.);
#333=PLANE('',#678);
#334=FACE_OUTER_BOUND('',#679,.T.);
#335=PLANE('',#680);
#336=FACE_OUTER_BOUND('',#681,.T.);
#337=PLANE('',#682);
#338=FACE_OUTER_BOUND('',#683,.T.);
#339=PLANE('',#684);
#340=FACE_OUTER_BOUND('',#685,.T.);
#341=PLANE('',#686);
#342=FACE_OUTER_BOUND('',#687,.T.);
#343=PLANE('',#688);
#344=FACE_OUTER_BOUND('',#689,.T.);
#345=FACE_BOUND('',#690,.T.);
#346=PLANE('',#691);
#347=FACE_OUTER_BOUND('',#692,.T.);
#348=PLANE('',#693);
#349=FACE_OUTER_BOUND('',#694,.T.);
#350=PLANE('',#695);
#351=FACE_OUTER_BOUND('',#696,.T.);
#352=PLANE('',#697);
#353=FACE_OUTER_BOUND('',#698,.T.);
#354=PLANE('',#699);
#355=FACE_OUTER_BOUND('',#700,.T.);
#356=PLANE('',#701);
#357=FACE_OUTER_BOUND('',#702,.T.);
#358=PLANE('',#703);
#359=FACE_OUTER_BOUND('',#704,.T.);
#360=PLANE('',#705);
#361=FACE_OUTER_BOUND('',#706,.T.);
#362=PLANE('',#707);
#363=FACE_OUTER_BOUND('',#708,.T.);
#364=PLANE('',#709);
#365=FACE_OUTER_BOUND('',#710,.T.);
#366=PLANE('',#711);
#367=FACE_OUTER_BOUND('',#712,.T.);
#368=PLANE('',#713);
#369=FACE_OUTER_BOUND('',#714,.T.);
#370=PLANE('',#715);
#371=FACE_OUTER_BOUND('',#716,.T.);
#372=PLANE('',#717);
#373=FACE_OUTER_BOUND('',#718,.T.);
#374=PLANE('',#719);
#375=FACE_OUTER_BOUND('',#720,.T.);
#376=PLANE('',#721);
#377=FACE_OUTER_BOUND('',#722,.T.);
#378=PLANE('',#723);
#379=FACE_OUTER_BOUND('',#724,.T.);
#380=PLANE('',#725);
#381=FACE_OUTER_BOUND('',#726,.T.);
#382=PLANE('',#727);
#383=FACE_OUTER_BOUND('',#728,.T.);
#384=PLANE('',#729);
#385=FACE_OUTER_BOUND('',#730,.T.);
#386=PLANE('',#731);
#387=FACE_OUTER_BOUND('',#732,.T.);
#388=PLANE('',#733);
#389=FACE_OUTER_BOUND('',#734,.T.);
#390=CYLINDRICAL_SURFACE('',#735,0.018);
#391=FACE_OUTER_BOUND('',#736,.T.);
#392=PLANE('',#737);
#393=FACE_OUTER_BOUND('',#738,.T.);
#394=PLANE('',#739);
#395=FACE_OUTER_BOUND('',#740,.T.);
#396=PLANE('',#741);
#397=FACE_OUTER_BOUND('',#742,.T.);
#398=CYLINDRICAL_SURFACE('',#743,0.026);
#399=FACE_OUTER_BOUND('',#744,.T.);
#400=PLANE('',#745);
#401=FACE_OUTER_BOUND('',#746,.T.);
#402=PLANE('',#747);
#403=FACE_OUTER_BOUND('',#748,.T.);
#404=PLANE('',#749);
#405=FACE_OUTER_BOUND('',#750,.T.);
#406=PLANE('',#751);
#407=FACE_OUTER_BOUND('',#752,.T.);
#408=CYLINDRICAL_SURFACE('',#753,0.038);
#409=FACE_OUTER_BOUND('',#754,.T.);
#410=PLANE('',#755);
#411=FACE_OUTER_BOUND('',#756,.T.);
#412=PLANE('',#757);
#413=FACE_OUTER_BOUND('',#758,.T.);
#414=PLANE('',#759);
#415=FACE_OUTER_BOUND('',#760,.T.);
#416=PLANE('',#761);
#417=FACE_OUTER_BOUND('',#762,.T.);
#418=CYLINDRICAL_SURFACE('',#763,0.018);
#419=FACE_OUTER_BOUND('',#764,.T.);
#420=PLANE('',#765);
#421=FACE_OUTER_BOUND('',#766,.T.);
#422=PLANE('',#767);
#423=FACE_OUTER_BOUND('',#768,.T.);
#424=PLANE('',#769);
#425=FACE_OUTER_BOUND('',#770,.T.);
#426=PLANE('',#771);
#427=FACE_OUTER_BOUND('',#772,.T.);
#428=PLANE('',#773);
#429=FACE_OUTER_BOUND('',#774,.T.);
#430=PLANE('',#775);
#431=FACE_OUTER_BOUND('',#776,.T.);
#432=PLANE('',#777);
#433=FACE_OUTER_BOUND('',#778,.T.);
#434=PLANE('',#779);
#435=FACE_OUTER_BOUND('',#780,.T.);
#436=PLANE('',#781);
#437=FACE_OUTER_BOUND('',#782,.T.);
#438=PLANE('',#783);
#439=FACE_OUTER_BOUND('',#784,.T.);
#440=PLANE('',#785);
#441=FACE_OUTER_BOUND('',#786,.T.);
#442=PLANE('',#787);
#443=FACE_OUTER_BOUND('',#788,.T.);
#444=PLANE('',#789);
#445=FACE_OUTER_BOUND('',#790,.T.);
#446=PLANE('',#791);
#447=FACE_OUTER_BOUND('',#792,.T.);
#448=PLANE('',#793);
#449=FACE_OUTER_BOUND('',#794,.T.);
#450=PLANE('',#795);
#451=FACE_OUTER_BOUND('',#796,.T.);
#452=PLANE('',#797);
#453=FACE_OUTER_BOUND('',#798,.T.);
#454=PLANE('',#799);
#455=FACE_OUTER_BOUND('',#800,.T.);
#456=PLANE('',#801);
#457=FACE_OUTER_BOUND('',#802,.T.);
#458=PLANE('',#803);
#459=FACE_OUTER_BOUND('',#804,.T.);
#460=PLANE('',#805);
#461=FACE_OUTER_BOUND('',#806,.T.);
#462=PLANE('',#807);
#463=FACE_OUTER_BOUND('',#808,.T.);
#464=PLANE('',#809);
#465=FACE_OUTER_BOUND('',#810,.T.);
#466=PLANE('',#811);
#467=FACE_OUTER_BOUND('',#812,.T.);
#468=PLANE('',#813);
#469=FACE_OUTER_BOUND('',#814,.T.);
#470=PLANE('',#815);
#471=FACE_OUTER_BOUND('',#816,.T.);
#472=PLANE('',#817);
#473=FACE_OUTER_BOUND('',#818,.T.);
#474=PLANE('',#819);
#475=FACE_OUTER_BOUND('',#820,.T.);
#476=PLANE('',#821);
#477=FACE_OUTER_BOUND('',#822,.T.);
#478=PLANE('',#823);
#479=FACE_OUTER_BOUND('',#824,.T.);
#480=PLANE('',#825);
#481=FACE_OUTER_BOUND('',#826,.T.);
#482=PLANE('',#827);
#483=FACE_OUTER_BOUND('',#828,.T.);
#484=PLANE('',#829);
#485=FACE_OUTER_BOUND('',#830,.T.);
#486=PLANE('',#831);
#487=FACE_OUTER_BOUND('',#832,.T.);
#488=CYLINDRICAL_SURFACE('',#833,0.35);
#489=FACE_OUTER_BOUND('',#834,.T.);
#490=CONICAL_SURFACE('',#835,0.299999999797,0.244978663126879);
#491=FACE_OUTER_BOUND('',#836,.T.);
#492=PLANE('',#837);
#493=FACE_OUTER_BOUND('',#838,.T.);
#494=CONICAL_SURFACE('',#839,0.299999999797,0.244978663126879);
#495=FACE_OUTER_BOUND('',#840,.T.);
#496=CYLINDRICAL_SURFACE('',#841,0.35);
#497=FACE_OUTER_BOUND('',#842,.T.);
#498=CYLINDRICAL_SURFACE('',#843,0.35);
#499=FACE_OUTER_BOUND('',#844,.T.);
#500=CONICAL_SURFACE('',#845,0.299999999797,0.244978663126879);
#501=FACE_OUTER_BOUND('',#846,.T.);
#502=PLANE('',#847);
#503=FACE_OUTER_BOUND('',#848,.T.);
#504=CONICAL_SURFACE('',#849,0.299999999797,0.244978663126879);
#505=FACE_OUTER_BOUND('',#850,.T.);
#506=CYLINDRICAL_SURFACE('',#851,0.35);
#507=FACE_OUTER_BOUND('',#852,.T.);
#508=CYLINDRICAL_SURFACE('',#853,0.35);
#509=FACE_OUTER_BOUND('',#854,.T.);
#510=CONICAL_SURFACE('',#855,0.299999999797,0.244978663126879);
#511=FACE_OUTER_BOUND('',#856,.T.);
#512=PLANE('',#857);
#513=FACE_OUTER_BOUND('',#858,.T.);
#514=CONICAL_SURFACE('',#859,0.299999999797,0.244978663126879);
#515=FACE_OUTER_BOUND('',#860,.T.);
#516=CYLINDRICAL_SURFACE('',#861,0.35);
#517=FACE_OUTER_BOUND('',#862,.T.);
#518=PLANE('',#863);
#519=FACE_OUTER_BOUND('',#864,.T.);
#520=PLANE('',#865);
#521=FACE_OUTER_BOUND('',#866,.T.);
#522=PLANE('',#867);
#523=FACE_OUTER_BOUND('',#868,.T.);
#524=PLANE('',#869);
#525=FACE_OUTER_BOUND('',#870,.T.);
#526=CYLINDRICAL_SURFACE('',#871,0.35);
#527=FACE_OUTER_BOUND('',#872,.T.);
#528=CYLINDRICAL_SURFACE('',#873,0.35);
#529=FACE_OUTER_BOUND('',#874,.T.);
#530=TOROIDAL_SURFACE('',#875,0.45,0.35);
#531=FACE_OUTER_BOUND('',#876,.T.);
#532=TOROIDAL_SURFACE('',#877,0.45,0.35);
#533=FACE_OUTER_BOUND('',#878,.T.);
#534=CYLINDRICAL_SURFACE('',#879,0.35);
#535=FACE_OUTER_BOUND('',#880,.T.);
#536=CONICAL_SURFACE('',#881,0.299999999797,0.244978663126879);
#537=FACE_OUTER_BOUND('',#882,.T.);
#538=PLANE('',#883);
#539=FACE_OUTER_BOUND('',#884,.T.);
#540=CONICAL_SURFACE('',#885,0.299999999797,0.244978663126879);
#541=FACE_OUTER_BOUND('',#886,.T.);
#542=CYLINDRICAL_SURFACE('',#887,0.35);
#543=FACE_OUTER_BOUND('',#888,.T.);
#544=CYLINDRICAL_SURFACE('',#889,0.35);
#545=FACE_OUTER_BOUND('',#890,.T.);
#546=CYLINDRICAL_SURFACE('',#891,0.35);
#547=FACE_OUTER_BOUND('',#892,.T.);
#548=TOROIDAL_SURFACE('',#893,0.45,0.35);
#549=FACE_OUTER_BOUND('',#894,.T.);
#550=TOROIDAL_SURFACE('',#895,0.45,0.35);
#551=FACE_OUTER_BOUND('',#896,.T.);
#552=CYLINDRICAL_SURFACE('',#897,0.35);
#553=FACE_OUTER_BOUND('',#898,.T.);
#554=CONICAL_SURFACE('',#899,0.299999999797,0.244978663126879);
#555=FACE_OUTER_BOUND('',#900,.T.);
#556=PLANE('',#901);
#557=FACE_OUTER_BOUND('',#902,.T.);
#558=CONICAL_SURFACE('',#903,0.299999999797,0.244978663126879);
#559=FACE_OUTER_BOUND('',#904,.T.);
#560=CYLINDRICAL_SURFACE('',#905,0.35);
#561=EDGE_LOOP('',(#906,#907,#908,#909));
#562=AXIS2_PLACEMENT_3D('',#910,#911,#912);
#563=EDGE_LOOP('',(#913,#914,#915,#916));
#564=AXIS2_PLACEMENT_3D('',#917,#918,#919);
#565=EDGE_LOOP('',(#920,#921,#922,#923));
#566=AXIS2_PLACEMENT_3D('',#924,#925,#926);
#567=EDGE_LOOP('',(#927,#928,#929,#930));
#568=AXIS2_PLACEMENT_3D('',#931,#932,#933);
#569=EDGE_LOOP('',(#934,#935,#936,#937));
#570=AXIS2_PLACEMENT_3D('',#938,#939,#940);
#571=EDGE_LOOP('',(#941,#942,#943,#944));
#572=AXIS2_PLACEMENT_3D('',#945,#946,#947);
#573=EDGE_LOOP('',(#948,#949,#950,#951));
#574=AXIS2_PLACEMENT_3D('',#952,#953,#954);
#575=EDGE_LOOP('',(#955,#956,#957,#958));
#576=AXIS2_PLACEMENT_3D('',#959,#960,#961);
#577=EDGE_LOOP('',(#962,#963,#964,#965,#966,#967,#968,#969,#970,#971,#972,#973,#974,#975,#976,#977,#978,#979,#980,#981,#982));
#578=EDGE_LOOP('',(#983,#984));
#579=EDGE_LOOP('',(#985,#986));
#580=EDGE_LOOP('',(#987,#988));
#581=AXIS2_PLACEMENT_3D('',#989,#990,#991);
#582=EDGE_LOOP('',(#992,#993,#994,#995));
#583=AXIS2_PLACEMENT_3D('',#996,#997,#998);
#584=EDGE_LOOP('',(#999,#1000,#1001,#1002));
#585=AXIS2_PLACEMENT_3D('',#1003,#1004,#1005);
#586=EDGE_LOOP('',(#1006,#1007,#1008,#1009));
#587=AXIS2_PLACEMENT_3D('',#1010,#1011,#1012);
#588=EDGE_LOOP('',(#1013,#1014,#1015,#1016));
#589=AXIS2_PLACEMENT_3D('',#1017,#1018,#1019);
#590=EDGE_LOOP('',(#1020,#1021,#1022,#1023));
#591=AXIS2_PLACEMENT_3D('',#1024,#1025,#1026);
#592=EDGE_LOOP('',(#1027,#1028,#1029,#1030));
#593=AXIS2_PLACEMENT_3D('',#1031,#1032,#1033);
#594=EDGE_LOOP('',(#1034,#1035));
#595=AXIS2_PLACEMENT_3D('',#1036,#1037,#1038);
#596=EDGE_LOOP('',(#1039,#1040,#1041,#1042));
#597=AXIS2_PLACEMENT_3D('',#1043,#1044,#1045);
#598=EDGE_LOOP('',(#1046,#1047,#1048,#1049));
#599=AXIS2_PLACEMENT_3D('',#1050,#1051,#1052);
#600=EDGE_LOOP('',(#1053,#1054,#1055,#1056,#1057,#1058));
#601=AXIS2_PLACEMENT_3D('',#1059,#1060,#1061);
#602=EDGE_LOOP('',(#1062,#1063,#1064,#1065,#1066));
#603=AXIS2_PLACEMENT_3D('',#1067,#1068,#1069);
#604=EDGE_LOOP('',(#1070,#1071,#1072,#1073,#1074));
#605=AXIS2_PLACEMENT_3D('',#1075,#1076,#1077);
#606=EDGE_LOOP('',(#1078,#1079,#1080,#1081,#1082,#1083));
#607=AXIS2_PLACEMENT_3D('',#1084,#1085,#1086);
#608=EDGE_LOOP('',(#1087,#1088,#1089,#1090));
#609=AXIS2_PLACEMENT_3D('',#1091,#1092,#1093);
#610=EDGE_LOOP('',(#1094,#1095,#1096,#1097,#1098,#1099,#1100,#1101,#1102,#1103,#1104,#1105,#1106,#1107,#1108,#1109,#1110,#1111,#1112,#1113,#1114,#1115));
#611=AXIS2_PLACEMENT_3D('',#1116,#1117,#1118);
#612=EDGE_LOOP('',(#1119,#1120,#1121,#1122));
#613=AXIS2_PLACEMENT_3D('',#1123,#1124,#1125);
#614=EDGE_LOOP('',(#1126,#1127,#1128,#1129,#1130));
#615=AXIS2_PLACEMENT_3D('',#1131,#1132,#1133);
#616=EDGE_LOOP('',(#1134,#1135,#1136,#1137));
#617=AXIS2_PLACEMENT_3D('',#1138,#1139,#1140);
#618=EDGE_LOOP('',(#1141,#1142,#1143,#1144));
#619=AXIS2_PLACEMENT_3D('',#1145,#1146,#1147);
#620=EDGE_LOOP('',(#1148,#1149,#1150,#1151));
#621=AXIS2_PLACEMENT_3D('',#1152,#1153,#1154);
#622=EDGE_LOOP('',(#1155,#1156,#1157,#1158));
#623=AXIS2_PLACEMENT_3D('',#1159,#1160,#1161);
#624=EDGE_LOOP('',(#1162,#1163,#1164,#1165,#1166));
#625=AXIS2_PLACEMENT_3D('',#1167,#1168,#1169);
#626=EDGE_LOOP('',(#1170,#1171,#1172,#1173));
#627=AXIS2_PLACEMENT_3D('',#1174,#1175,#1176);
#628=EDGE_LOOP('',(#1177,#1178,#1179,#1180));
#629=AXIS2_PLACEMENT_3D('',#1181,#1182,#1183);
#630=EDGE_LOOP('',(#1184,#1185,#1186,#1187));
#631=AXIS2_PLACEMENT_3D('',#1188,#1189,#1190);
#632=EDGE_LOOP('',(#1191,#1192,#1193,#1194));
#633=AXIS2_PLACEMENT_3D('',#1195,#1196,#1197);
#634=EDGE_LOOP('',(#1198,#1199,#1200,#1201,#1202));
#635=AXIS2_PLACEMENT_3D('',#1203,#1204,#1205);
#636=EDGE_LOOP('',(#1206,#1207,#1208,#1209));
#637=AXIS2_PLACEMENT_3D('',#1210,#1211,#1212);
#638=EDGE_LOOP('',(#1213,#1214,#1215,#1216,#1217));
#639=AXIS2_PLACEMENT_3D('',#1218,#1219,#1220);
#640=EDGE_LOOP('',(#1221,#1222,#1223,#1224));
#641=AXIS2_PLACEMENT_3D('',#1225,#1226,#1227);
#642=EDGE_LOOP('',(#1228,#1229,#1230,#1231,#1232,#1233,#1234));
#643=AXIS2_PLACEMENT_3D('',#1235,#1236,#1237);
#644=EDGE_LOOP('',(#1238,#1239,#1240,#1241,#1242,#1243,#1244,#1245,#1246,#1247));
#645=AXIS2_PLACEMENT_3D('',#1248,#1249,#1250);
#646=EDGE_LOOP('',(#1251,#1252,#1253,#1254));
#647=AXIS2_PLACEMENT_3D('',#1255,#1256,#1257);
#648=EDGE_LOOP('',(#1258,#1259,#1260,#1261,#1262,#1263,#1264,#1265,#1266,#1267,#1268));
#649=AXIS2_PLACEMENT_3D('',#1269,#1270,#1271);
#650=EDGE_LOOP('',(#1272,#1273,#1274,#1275,#1276,#1277,#1278,#1279));
#651=AXIS2_PLACEMENT_3D('',#1280,#1281,#1282);
#652=EDGE_LOOP('',(#1283,#1284,#1285,#1286));
#653=AXIS2_PLACEMENT_3D('',#1287,#1288,#1289);
#654=EDGE_LOOP('',(#1290,#1291,#1292,#1293,#1294,#1295,#1296,#1297,#1298,#1299,#1300,#1301));
#655=AXIS2_PLACEMENT_3D('',#1302,#1303,#1304);
#656=EDGE_LOOP('',(#1305,#1306,#1307,#1308));
#657=AXIS2_PLACEMENT_3D('',#1309,#1310,#1311);
#658=EDGE_LOOP('',(#1312,#1313,#1314,#1315));
#659=AXIS2_PLACEMENT_3D('',#1316,#1317,#1318);
#660=EDGE_LOOP('',(#1319,#1320,#1321,#1322,#1323,#1324,#1325,#1326,#1327,#1328,#1329,#1330,#1331,#1332,#1333,#1334,#1335,#1336,#1337,#1338,#1339,#1340));
#661=EDGE_LOOP('',(#1341,#1342));
#662=EDGE_LOOP('',(#1343,#1344));
#663=EDGE_LOOP('',(#1345,#1346));
#664=AXIS2_PLACEMENT_3D('',#1347,#1348,#1349);
#665=EDGE_LOOP('',(#1350,#1351,#1352,#1353));
#666=AXIS2_PLACEMENT_3D('',#1354,#1355,#1356);
#667=EDGE_LOOP('',(#1357,#1358,#1359,#1360));
#668=AXIS2_PLACEMENT_3D('',#1361,#1362,#1363);
#669=EDGE_LOOP('',(#1364,#1365,#1366,#1367));
#670=AXIS2_PLACEMENT_3D('',#1368,#1369,#1370);
#671=EDGE_LOOP('',(#1371,#1372,#1373,#1374));
#672=AXIS2_PLACEMENT_3D('',#1375,#1376,#1377);
#673=EDGE_LOOP('',(#1378,#1379,#1380,#1381));
#674=AXIS2_PLACEMENT_3D('',#1382,#1383,#1384);
#675=EDGE_LOOP('',(#1385,#1386,#1387,#1388));
#676=AXIS2_PLACEMENT_3D('',#1389,#1390,#1391);
#677=EDGE_LOOP('',(#1392,#1393,#1394,#1395,#1396));
#678=AXIS2_PLACEMENT_3D('',#1397,#1398,#1399);
#679=EDGE_LOOP('',(#1400,#1401,#1402,#1403,#1404,#1405,#1406));
#680=AXIS2_PLACEMENT_3D('',#1407,#1408,#1409);
#681=EDGE_LOOP('',(#1410,#1411,#1412,#1413,#1414,#1415,#1416,#1417));
#682=AXIS2_PLACEMENT_3D('',#1418,#1419,#1420);
#683=EDGE_LOOP('',(#1421,#1422,#1423,#1424,#1425,#1426));
#684=AXIS2_PLACEMENT_3D('',#1427,#1428,#1429);
#685=EDGE_LOOP('',(#1430,#1431,#1432,#1433,#1434));
#686=AXIS2_PLACEMENT_3D('',#1435,#1436,#1437);
#687=EDGE_LOOP('',(#1438,#1439,#1440,#1441));
#688=AXIS2_PLACEMENT_3D('',#1442,#1443,#1444);
#689=EDGE_LOOP('',(#1445,#1446,#1447,#1448,#1449));
#690=EDGE_LOOP('',(#1450,#1451,#1452,#1453,#1454,#1455,#1456,#1457,#1458,#1459,#1460,#1461,#1462,#1463,#1464,#1465,#1466,#1467,#1468,#1469,#1470,#1471,#1472,#1473,#1474,#1475,#1476,#1477,#1478,#1479,#1480,#1481,#1482,#1483,#1484,#1485,#1486,#1487,#1488,#1489,#1490,#1491,#1492,#1493,#1494,#1495,#1496));
#691=AXIS2_PLACEMENT_3D('',#1497,#1498,#1499);
#692=EDGE_LOOP('',(#1500,#1501,#1502,#1503,#1504,#1505));
#693=AXIS2_PLACEMENT_3D('',#1506,#1507,#1508);
#694=EDGE_LOOP('',(#1509,#1510,#1511,#1512,#1513,#1514,#1515));
#695=AXIS2_PLACEMENT_3D('',#1516,#1517,#1518);
#696=EDGE_LOOP('',(#1519,#1520,#1521,#1522,#1523,#1524,#1525));
#697=AXIS2_PLACEMENT_3D('',#1526,#1527,#1528);
#698=EDGE_LOOP('',(#1529,#1530,#1531,#1532));
#699=AXIS2_PLACEMENT_3D('',#1533,#1534,#1535);
#700=EDGE_LOOP('',(#1536,#1537,#1538,#1539));
#701=AXIS2_PLACEMENT_3D('',#1540,#1541,#1542);
#702=EDGE_LOOP('',(#1543,#1544,#1545,#1546));
#703=AXIS2_PLACEMENT_3D('',#1547,#1548,#1549);
#704=EDGE_LOOP('',(#1550,#1551,#1552,#1553,#1554,#1555,#1556));
#705=AXIS2_PLACEMENT_3D('',#1557,#1558,#1559);
#706=EDGE_LOOP('',(#1560,#1561,#1562,#1563,#1564,#1565,#1566,#1567));
#707=AXIS2_PLACEMENT_3D('',#1568,#1569,#1570);
#708=EDGE_LOOP('',(#1571,#1572,#1573,#1574,#1575));
#709=AXIS2_PLACEMENT_3D('',#1576,#1577,#1578);
#710=EDGE_LOOP('',(#1579,#1580,#1581,#1582));
#711=AXIS2_PLACEMENT_3D('',#1583,#1584,#1585);
#712=EDGE_LOOP('',(#1586,#1587,#1588,#1589));
#713=AXIS2_PLACEMENT_3D('',#1590,#1591,#1592);
#714=EDGE_LOOP('',(#1593,#1594,#1595,#1596));
#715=AXIS2_PLACEMENT_3D('',#1597,#1598,#1599);
#716=EDGE_LOOP('',(#1600,#1601,#1602,#1603));
#717=AXIS2_PLACEMENT_3D('',#1604,#1605,#1606);
#718=EDGE_LOOP('',(#1607,#1608,#1609,#1610));
#719=AXIS2_PLACEMENT_3D('',#1611,#1612,#1613);
#720=EDGE_LOOP('',(#1614,#1615,#1616,#1617,#1618,#1619));
#721=AXIS2_PLACEMENT_3D('',#1620,#1621,#1622);
#722=EDGE_LOOP('',(#1623,#1624,#1625,#1626,#1627,#1628));
#723=AXIS2_PLACEMENT_3D('',#1629,#1630,#1631);
#724=EDGE_LOOP('',(#1632,#1633,#1634,#1635));
#725=AXIS2_PLACEMENT_3D('',#1636,#1637,#1638);
#726=EDGE_LOOP('',(#1639,#1640,#1641,#1642,#1643,#1644));
#727=AXIS2_PLACEMENT_3D('',#1645,#1646,#1647);
#728=EDGE_LOOP('',(#1648,#1649,#1650,#1651));
#729=AXIS2_PLACEMENT_3D('',#1652,#1653,#1654);
#730=EDGE_LOOP('',(#1655,#1656,#1657,#1658));
#731=AXIS2_PLACEMENT_3D('',#1659,#1660,#1661);
#732=EDGE_LOOP('',(#1662,#1663,#1664,#1665,#1666,#1667,#1668));
#733=AXIS2_PLACEMENT_3D('',#1669,#1670,#1671);
#734=EDGE_LOOP('',(#1672,#1673,#1674,#1675));
#735=AXIS2_PLACEMENT_3D('',#1676,#1677,#1678);
#736=EDGE_LOOP('',(#1679,#1680,#1681,#1682));
#737=AXIS2_PLACEMENT_3D('',#1683,#1684,#1685);
#738=EDGE_LOOP('',(#1686,#1687,#1688,#1689));
#739=AXIS2_PLACEMENT_3D('',#1690,#1691,#1692);
#740=EDGE_LOOP('',(#1693,#1694,#1695,#1696));
#741=AXIS2_PLACEMENT_3D('',#1697,#1698,#1699);
#742=EDGE_LOOP('',(#1700,#1701,#1702,#1703));
#743=AXIS2_PLACEMENT_3D('',#1704,#1705,#1706);
#744=EDGE_LOOP('',(#1707,#1708,#1709,#1710));
#745=AXIS2_PLACEMENT_3D('',#1711,#1712,#1713);
#746=EDGE_LOOP('',(#1714,#1715,#1716,#1717));
#747=AXIS2_PLACEMENT_3D('',#1718,#1719,#1720);
#748=EDGE_LOOP('',(#1721,#1722,#1723,#1724));
#749=AXIS2_PLACEMENT_3D('',#1725,#1726,#1727);
#750=EDGE_LOOP('',(#1728,#1729,#1730,#1731));
#751=AXIS2_PLACEMENT_3D('',#1732,#1733,#1734);
#752=EDGE_LOOP('',(#1735,#1736,#1737,#1738));
#753=AXIS2_PLACEMENT_3D('',#1739,#1740,#1741);
#754=EDGE_LOOP('',(#1742,#1743,#1744,#1745));
#755=AXIS2_PLACEMENT_3D('',#1746,#1747,#1748);
#756=EDGE_LOOP('',(#1749,#1750,#1751,#1752));
#757=AXIS2_PLACEMENT_3D('',#1753,#1754,#1755);
#758=EDGE_LOOP('',(#1756,#1757,#1758,#1759));
#759=AXIS2_PLACEMENT_3D('',#1760,#1761,#1762);
#760=EDGE_LOOP('',(#1763,#1764,#1765,#1766));
#761=AXIS2_PLACEMENT_3D('',#1767,#1768,#1769);
#762=EDGE_LOOP('',(#1770,#1771,#1772,#1773));
#763=AXIS2_PLACEMENT_3D('',#1774,#1775,#1776);
#764=EDGE_LOOP('',(#1777,#1778,#1779,#1780));
#765=AXIS2_PLACEMENT_3D('',#1781,#1782,#1783);
#766=EDGE_LOOP('',(#1784,#1785,#1786,#1787));
#767=AXIS2_PLACEMENT_3D('',#1788,#1789,#1790);
#768=EDGE_LOOP('',(#1791,#1792,#1793,#1794));
#769=AXIS2_PLACEMENT_3D('',#1795,#1796,#1797);
#770=EDGE_LOOP('',(#1798,#1799,#1800,#1801));
#771=AXIS2_PLACEMENT_3D('',#1802,#1803,#1804);
#772=EDGE_LOOP('',(#1805,#1806,#1807,#1808));
#773=AXIS2_PLACEMENT_3D('',#1809,#1810,#1811);
#774=EDGE_LOOP('',(#1812,#1813,#1814,#1815));
#775=AXIS2_PLACEMENT_3D('',#1816,#1817,#1818);
#776=EDGE_LOOP('',(#1819,#1820,#1821,#1822));
#777=AXIS2_PLACEMENT_3D('',#1823,#1824,#1825);
#778=EDGE_LOOP('',(#1826,#1827,#1828,#1829));
#779=AXIS2_PLACEMENT_3D('',#1830,#1831,#1832);
#780=EDGE_LOOP('',(#1833,#1834,#1835,#1836));
#781=AXIS2_PLACEMENT_3D('',#1837,#1838,#1839);
#782=EDGE_LOOP('',(#1840,#1841,#1842,#1843));
#783=AXIS2_PLACEMENT_3D('',#1844,#1845,#1846);
#784=EDGE_LOOP('',(#1847,#1848,#1849,#1850));
#785=AXIS2_PLACEMENT_3D('',#1851,#1852,#1853);
#786=EDGE_LOOP('',(#1854,#1855,#1856,#1857));
#787=AXIS2_PLACEMENT_3D('',#1858,#1859,#1860);
#788=EDGE_LOOP('',(#1861,#1862,#1863,#1864));
#789=AXIS2_PLACEMENT_3D('',#1865,#1866,#1867);
#790=EDGE_LOOP('',(#1868,#1869,#1870,#1871));
#791=AXIS2_PLACEMENT_3D('',#1872,#1873,#1874);
#792=EDGE_LOOP('',(#1875,#1876,#1877,#1878));
#793=AXIS2_PLACEMENT_3D('',#1879,#1880,#1881);
#794=EDGE_LOOP('',(#1882,#1883,#1884,#1885));
#795=AXIS2_PLACEMENT_3D('',#1886,#1887,#1888);
#796=EDGE_LOOP('',(#1889,#1890,#1891,#1892));
#797=AXIS2_PLACEMENT_3D('',#1893,#1894,#1895);
#798=EDGE_LOOP('',(#1896,#1897,#1898,#1899));
#799=AXIS2_PLACEMENT_3D('',#1900,#1901,#1902);
#800=EDGE_LOOP('',(#1903,#1904,#1905,#1906));
#801=AXIS2_PLACEMENT_3D('',#1907,#1908,#1909);
#802=EDGE_LOOP('',(#1910,#1911,#1912,#1913));
#803=AXIS2_PLACEMENT_3D('',#1914,#1915,#1916);
#804=EDGE_LOOP('',(#1917,#1918,#1919,#1920));
#805=AXIS2_PLACEMENT_3D('',#1921,#1922,#1923);
#806=EDGE_LOOP('',(#1924,#1925,#1926,#1927));
#807=AXIS2_PLACEMENT_3D('',#1928,#1929,#1930);
#808=EDGE_LOOP('',(#1931,#1932,#1933,#1934));
#809=AXIS2_PLACEMENT_3D('',#1935,#1936,#1937);
#810=EDGE_LOOP('',(#1938,#1939,#1940,#1941));
#811=AXIS2_PLACEMENT_3D('',#1942,#1943,#1944);
#812=EDGE_LOOP('',(#1945,#1946,#1947,#1948));
#813=AXIS2_PLACEMENT_3D('',#1949,#1950,#1951);
#814=EDGE_LOOP('',(#1952,#1953,#1954,#1955));
#815=AXIS2_PLACEMENT_3D('',#1956,#1957,#1958);
#816=EDGE_LOOP('',(#1959,#1960,#1961,#1962));
#817=AXIS2_PLACEMENT_3D('',#1963,#1964,#1965);
#818=EDGE_LOOP('',(#1966,#1967,#1968,#1969));
#819=AXIS2_PLACEMENT_3D('',#1970,#1971,#1972);
#820=EDGE_LOOP('',(#1973,#1974,#1975,#1976));
#821=AXIS2_PLACEMENT_3D('',#1977,#1978,#1979);
#822=EDGE_LOOP('',(#1980,#1981,#1982,#1983));
#823=AXIS2_PLACEMENT_3D('',#1984,#1985,#1986);
#824=EDGE_LOOP('',(#1987,#1988,#1989,#1990,#1991,#1992,#1993,#1994,#1995,#1996,#1997,#1998,#1999,#2000,#2001,#2002,#2003,#2004,#2005,#2006,#2007,#2008,#2009,#2010,#2011,#2012,#2013,#2014,#2015,#2016,#2017,#2018,#2019,#2020,#2021,#2022,#2023,#2024,#2025,#2026,#2027,#2028,#2029,#2030,#2031,#2032,#2033));
#825=AXIS2_PLACEMENT_3D('',#2034,#2035,#2036);
#826=EDGE_LOOP('',(#2037,#2038,#2039,#2040));
#827=AXIS2_PLACEMENT_3D('',#2041,#2042,#2043);
#828=EDGE_LOOP('',(#2044,#2045,#2046,#2047));
#829=AXIS2_PLACEMENT_3D('',#2048,#2049,#2050);
#830=EDGE_LOOP('',(#2051,#2052,#2053,#2054));
#831=AXIS2_PLACEMENT_3D('',#2055,#2056,#2057);
#832=EDGE_LOOP('',(#2058,#2059,#2060,#2061,#2062));
#833=AXIS2_PLACEMENT_3D('',#2063,#2064,#2065);
#834=EDGE_LOOP('',(#2066,#2067,#2068,#2069));
#835=AXIS2_PLACEMENT_3D('',#2070,#2071,#2072);
#836=EDGE_LOOP('',(#2073,#2074,#2075,#2076));
#837=AXIS2_PLACEMENT_3D('',#2077,#2078,#2079);
#838=EDGE_LOOP('',(#2080,#2081,#2082,#2083));
#839=AXIS2_PLACEMENT_3D('',#2084,#2085,#2086);
#840=EDGE_LOOP('',(#2087,#2088,#2089,#2090,#2091));
#841=AXIS2_PLACEMENT_3D('',#2092,#2093,#2094);
#842=EDGE_LOOP('',(#2095,#2096,#2097,#2098,#2099));
#843=AXIS2_PLACEMENT_3D('',#2100,#2101,#2102);
#844=EDGE_LOOP('',(#2103,#2104,#2105,#2106));
#845=AXIS2_PLACEMENT_3D('',#2107,#2108,#2109);
#846=EDGE_LOOP('',(#2110,#2111,#2112,#2113));
#847=AXIS2_PLACEMENT_3D('',#2114,#2115,#2116);
#848=EDGE_LOOP('',(#2117,#2118,#2119,#2120));
#849=AXIS2_PLACEMENT_3D('',#2121,#2122,#2123);
#850=EDGE_LOOP('',(#2124,#2125,#2126,#2127,#2128));
#851=AXIS2_PLACEMENT_3D('',#2129,#2130,#2131);
#852=EDGE_LOOP('',(#2132,#2133,#2134,#2135,#2136));
#853=AXIS2_PLACEMENT_3D('',#2137,#2138,#2139);
#854=EDGE_LOOP('',(#2140,#2141,#2142,#2143));
#855=AXIS2_PLACEMENT_3D('',#2144,#2145,#2146);
#856=EDGE_LOOP('',(#2147,#2148,#2149,#2150));
#857=AXIS2_PLACEMENT_3D('',#2151,#2152,#2153);
#858=EDGE_LOOP('',(#2154,#2155,#2156,#2157));
#859=AXIS2_PLACEMENT_3D('',#2158,#2159,#2160);
#860=EDGE_LOOP('',(#2161,#2162,#2163,#2164,#2165));
#861=AXIS2_PLACEMENT_3D('',#2166,#2167,#2168);
#862=EDGE_LOOP('',(#2169,#2170,#2171,#2172,#2173));
#863=AXIS2_PLACEMENT_3D('',#2174,#2175,#2176);
#864=EDGE_LOOP('',(#2177,#2178,#2179,#2180));
#865=AXIS2_PLACEMENT_3D('',#2181,#2182,#2183);
#866=EDGE_LOOP('',(#2184,#2185,#2186,#2187,#2188));
#867=AXIS2_PLACEMENT_3D('',#2189,#2190,#2191);
#868=EDGE_LOOP('',(#2192,#2193,#2194,#2195));
#869=AXIS2_PLACEMENT_3D('',#2196,#2197,#2198);
#870=EDGE_LOOP('',(#2199,#2200,#2201,#2202));
#871=AXIS2_PLACEMENT_3D('',#2203,#2204,#2205);
#872=EDGE_LOOP('',(#2206,#2207,#2208,#2209));
#873=AXIS2_PLACEMENT_3D('',#2210,#2211,#2212);
#874=EDGE_LOOP('',(#2213,#2214,#2215,#2216));
#875=AXIS2_PLACEMENT_3D('',#2217,#2218,#2219);
#876=EDGE_LOOP('',(#2220,#2221,#2222,#2223));
#877=AXIS2_PLACEMENT_3D('',#2224,#2225,#2226);
#878=EDGE_LOOP('',(#2227,#2228,#2229,#2230));
#879=AXIS2_PLACEMENT_3D('',#2231,#2232,#2233);
#880=EDGE_LOOP('',(#2234,#2235,#2236,#2237));
#881=AXIS2_PLACEMENT_3D('',#2238,#2239,#2240);
#882=EDGE_LOOP('',(#2241,#2242));
#883=AXIS2_PLACEMENT_3D('',#2243,#2244,#2245);
#884=EDGE_LOOP('',(#2246,#2247,#2248,#2249));
#885=AXIS2_PLACEMENT_3D('',#2250,#2251,#2252);
#886=EDGE_LOOP('',(#2253,#2254,#2255,#2256));
#887=AXIS2_PLACEMENT_3D('',#2257,#2258,#2259);
#888=EDGE_LOOP('',(#2260,#2261,#2262,#2263));
#889=AXIS2_PLACEMENT_3D('',#2264,#2265,#2266);
#890=EDGE_LOOP('',(#2267,#2268,#2269,#2270));
#891=AXIS2_PLACEMENT_3D('',#2271,#2272,#2273);
#892=EDGE_LOOP('',(#2274,#2275,#2276,#2277));
#893=AXIS2_PLACEMENT_3D('',#2278,#2279,#2280);
#894=EDGE_LOOP('',(#2281,#2282,#2283,#2284));
#895=AXIS2_PLACEMENT_3D('',#2285,#2286,#2287);
#896=EDGE_LOOP('',(#2288,#2289,#2290,#2291));
#897=AXIS2_PLACEMENT_3D('',#2292,#2293,#2294);
#898=EDGE_LOOP('',(#2295,#2296,#2297,#2298));
#899=AXIS2_PLACEMENT_3D('',#2299,#2300,#2301);
#900=EDGE_LOOP('',(#2302,#2303));
#901=AXIS2_PLACEMENT_3D('',#2304,#2305,#2306);
#902=EDGE_LOOP('',(#2307,#2308,#2309,#2310));
#903=AXIS2_PLACEMENT_3D('',#2311,#2312,#2313);
#904=EDGE_LOOP('',(#2314,#2315,#2316,#2317));
#905=AXIS2_PLACEMENT_3D('',#2318,#2319,#2320);
#906=ORIENTED_EDGE('',*,*,#2321,.F.);
#907=ORIENTED_EDGE('',*,*,#2322,.T.);
#908=ORIENTED_EDGE('',*,*,#2323,.F.);
#909=ORIENTED_EDGE('',*,*,#2324,.F.);
#910=CARTESIAN_POINT('',(-2.5,5.300000000812,0.0));
#911=DIRECTION('',(-0.0,-1.0,-0.0));
#912=DIRECTION('',(0.0,0.0,-1.0));
#913=ORIENTED_EDGE('',*,*,#2325,.F.);
#914=ORIENTED_EDGE('',*,*,#2326,.F.);
#915=ORIENTED_EDGE('',*,*,#2323,.T.);
#916=ORIENTED_EDGE('',*,*,#2327,.T.);
#917=CARTESIAN_POINT('',(-2.5,5.300000000812,0.0));
#918=DIRECTION('',(-0.0,-1.0,-0.0));
#919=DIRECTION('',(0.0,0.0,-1.0));
#920=ORIENTED_EDGE('',*,*,#2328,.F.);
#921=ORIENTED_EDGE('',*,*,#2329,.T.);
#922=ORIENTED_EDGE('',*,*,#2330,.F.);
#923=ORIENTED_EDGE('',*,*,#2331,.F.);
#924=CARTESIAN_POINT('',(2.5,5.300000000812,0.0));
#925=DIRECTION('',(-0.0,-1.0,-0.0));
#926=DIRECTION('',(0.0,0.0,-1.0));
#927=ORIENTED_EDGE('',*,*,#2332,.F.);
#928=ORIENTED_EDGE('',*,*,#2333,.F.);
#929=ORIENTED_EDGE('',*,*,#2330,.T.);
#930=ORIENTED_EDGE('',*,*,#2334,.T.);
#931=CARTESIAN_POINT('',(2.5,5.300000000812,0.0));
#932=DIRECTION('',(-0.0,-1.0,-0.0));
#933=DIRECTION('',(0.0,0.0,-1.0));
#934=ORIENTED_EDGE('',*,*,#2335,.F.);
#935=ORIENTED_EDGE('',*,*,#2336,.T.);
#936=ORIENTED_EDGE('',*,*,#2337,.F.);
#937=ORIENTED_EDGE('',*,*,#2338,.F.);
#938=CARTESIAN_POINT('',(0.0,5.300000000812,0.0));
#939=DIRECTION('',(-0.0,-1.0,-0.0));
#940=DIRECTION('',(0.0,0.0,-1.0));
#941=ORIENTED_EDGE('',*,*,#2339,.F.);
#942=ORIENTED_EDGE('',*,*,#2340,.F.);
#943=ORIENTED_EDGE('',*,*,#2337,.T.);
#944=ORIENTED_EDGE('',*,*,#2341,.T.);
#945=CARTESIAN_POINT('',(0.0,5.300000000812,0.0));
#946=DIRECTION('',(-0.0,-1.0,-0.0));
#947=DIRECTION('',(0.0,0.0,-1.0));
#948=ORIENTED_EDGE('',*,*,#2342,.F.);
#949=ORIENTED_EDGE('',*,*,#2343,.T.);
#950=ORIENTED_EDGE('',*,*,#2344,.T.);
#951=ORIENTED_EDGE('',*,*,#2345,.F.);
#952=CARTESIAN_POINT('',(-4.1,1.196787072643,1.544403568474));
#953=DIRECTION('',(1.0,-0.0,0.0));
#954=DIRECTION('',(0.0,0.0,1.0));
#955=ORIENTED_EDGE('',*,*,#2346,.F.);
#956=ORIENTED_EDGE('',*,*,#2347,.F.);
#957=ORIENTED_EDGE('',*,*,#2348,.F.);
#958=ORIENTED_EDGE('',*,*,#2349,.F.);
#959=CARTESIAN_POINT('',(-4.1,1.012787072643,1.465966364145));
#960=DIRECTION('',(1.0,-0.0,0.0));
#961=DIRECTION('',(0.0,0.0,1.0));
#962=ORIENTED_EDGE('',*,*,#2350,.T.);
#963=ORIENTED_EDGE('',*,*,#2351,.F.);
#964=ORIENTED_EDGE('',*,*,#2352,.F.);
#965=ORIENTED_EDGE('',*,*,#2353,.T.);
#966=ORIENTED_EDGE('',*,*,#2354,.T.);
#967=ORIENTED_EDGE('',*,*,#2355,.F.);
#968=ORIENTED_EDGE('',*,*,#2356,.F.);
#969=ORIENTED_EDGE('',*,*,#2357,.T.);
#970=ORIENTED_EDGE('',*,*,#2358,.F.);
#971=ORIENTED_EDGE('',*,*,#2359,.T.);
#972=ORIENTED_EDGE('',*,*,#2360,.F.);
#973=ORIENTED_EDGE('',*,*,#2361,.F.);
#974=ORIENTED_EDGE('',*,*,#2362,.T.);
#975=ORIENTED_EDGE('',*,*,#2363,.F.);
#976=ORIENTED_EDGE('',*,*,#2364,.F.);
#977=ORIENTED_EDGE('',*,*,#2365,.F.);
#978=ORIENTED_EDGE('',*,*,#2366,.T.);
#979=ORIENTED_EDGE('',*,*,#2367,.T.);
#980=ORIENTED_EDGE('',*,*,#2368,.F.);
#981=ORIENTED_EDGE('',*,*,#2369,.F.);
#982=ORIENTED_EDGE('',*,*,#2370,.T.);
#983=ORIENTED_EDGE('',*,*,#2371,.F.);
#984=ORIENTED_EDGE('',*,*,#2372,.F.);
#985=ORIENTED_EDGE('',*,*,#2373,.F.);
#986=ORIENTED_EDGE('',*,*,#2374,.F.);
#987=ORIENTED_EDGE('',*,*,#2375,.F.);
#988=ORIENTED_EDGE('',*,*,#2376,.F.);
#989=CARTESIAN_POINT('',(0.0,0.0,0.0));
#990=DIRECTION('',(-0.0,1.0,0.0));
#991=DIRECTION('',(1.0,0.0,0.0));
#992=ORIENTED_EDGE('',*,*,#2372,.T.);
#993=ORIENTED_EDGE('',*,*,#2377,.T.);
#994=ORIENTED_EDGE('',*,*,#2378,.F.);
#995=ORIENTED_EDGE('',*,*,#2379,.F.);
#996=CARTESIAN_POINT('',(2.5,1.95,0.0));
#997=DIRECTION('',(0.0,1.0,0.0));
#998=DIRECTION('',(0.0,0.0,-1.0));
#999=ORIENTED_EDGE('',*,*,#2380,.F.);
#1000=ORIENTED_EDGE('',*,*,#2377,.F.);
#1001=ORIENTED_EDGE('',*,*,#2371,.T.);
#1002=ORIENTED_EDGE('',*,*,#2379,.T.);
#1003=CARTESIAN_POINT('',(2.5,1.95,0.0));
#1004=DIRECTION('',(0.0,1.0,0.0));
#1005=DIRECTION('',(0.0,0.0,-1.0));
#1006=ORIENTED_EDGE('',*,*,#2381,.T.);
#1007=ORIENTED_EDGE('',*,*,#2382,.F.);
#1008=ORIENTED_EDGE('',*,*,#2383,.F.);
#1009=ORIENTED_EDGE('',*,*,#2380,.T.);
#1010=CARTESIAN_POINT('',(2.5,-0.1,-0.45));
#1011=DIRECTION('',(1.0,0.0,0.0));
#1012=DIRECTION('',(0.0,0.0,-1.0));
#1013=ORIENTED_EDGE('',*,*,#2383,.T.);
#1014=ORIENTED_EDGE('',*,*,#2384,.F.);
#1015=ORIENTED_EDGE('',*,*,#2381,.F.);
#1016=ORIENTED_EDGE('',*,*,#2378,.T.);
#1017=CARTESIAN_POINT('',(2.5,-0.1,-0.45));
#1018=DIRECTION('',(1.0,0.0,0.0));
#1019=DIRECTION('',(0.0,0.0,-1.0));
#1020=ORIENTED_EDGE('',*,*,#2385,.F.);
#1021=ORIENTED_EDGE('',*,*,#2384,.T.);
#1022=ORIENTED_EDGE('',*,*,#2386,.T.);
#1023=ORIENTED_EDGE('',*,*,#2387,.F.);
#1024=CARTESIAN_POINT('',(2.5,-0.55,-0.45));
#1025=DIRECTION('',(-0.0,0.0,1.0));
#1026=DIRECTION('',(0.0,1.0,0.0));
#1027=ORIENTED_EDGE('',*,*,#2388,.T.);
#1028=ORIENTED_EDGE('',*,*,#2387,.T.);
#1029=ORIENTED_EDGE('',*,*,#2389,.F.);
#1030=ORIENTED_EDGE('',*,*,#2390,.F.);
#1031=CARTESIAN_POINT('',(2.5,-0.55,-5.150000000812));
#1032=DIRECTION('',(-0.0,0.0,1.0));
#1033=DIRECTION('',(0.0,-1.0,0.0));
#1034=ORIENTED_EDGE('',*,*,#2390,.T.);
#1035=ORIENTED_EDGE('',*,*,#2391,.T.);
#1036=CARTESIAN_POINT('',(2.5,-0.55,-5.35));
#1037=DIRECTION('',(0.0,0.0,-1.0));
#1038=DIRECTION('',(0.0,-1.0,0.0));
#1039=ORIENTED_EDGE('',*,*,#2389,.T.);
#1040=ORIENTED_EDGE('',*,*,#2392,.T.);
#1041=ORIENTED_EDGE('',*,*,#2388,.F.);
#1042=ORIENTED_EDGE('',*,*,#2391,.F.);
#1043=CARTESIAN_POINT('',(2.5,-0.55,-5.150000000812));
#1044=DIRECTION('',(-0.0,0.0,1.0));
#1045=DIRECTION('',(0.0,-1.0,0.0));
#1046=ORIENTED_EDGE('',*,*,#2386,.F.);
#1047=ORIENTED_EDGE('',*,*,#2382,.T.);
#1048=ORIENTED_EDGE('',*,*,#2385,.T.);
#1049=ORIENTED_EDGE('',*,*,#2392,.F.);
#1050=CARTESIAN_POINT('',(2.5,-0.55,-0.45));
#1051=DIRECTION('',(-0.0,0.0,1.0));
#1052=DIRECTION('',(0.0,1.0,0.0));
#1053=ORIENTED_EDGE('',*,*,#2353,.F.);
#1054=ORIENTED_EDGE('',*,*,#2393,.T.);
#1055=ORIENTED_EDGE('',*,*,#2394,.F.);
#1056=ORIENTED_EDGE('',*,*,#2395,.F.);
#1057=ORIENTED_EDGE('',*,*,#2396,.T.);
#1058=ORIENTED_EDGE('',*,*,#2397,.F.);
#1059=CARTESIAN_POINT('',(5.0,0.0,-0.85));
#1060=DIRECTION('',(0.0,0.0,1.0));
#1061=DIRECTION('',(1.0,0.0,0.0));
#1062=ORIENTED_EDGE('',*,*,#2398,.F.);
#1063=ORIENTED_EDGE('',*,*,#2399,.F.);
#1064=ORIENTED_EDGE('',*,*,#2357,.F.);
#1065=ORIENTED_EDGE('',*,*,#2400,.T.);
#1066=ORIENTED_EDGE('',*,*,#2401,.F.);
#1067=CARTESIAN_POINT('',(5.0,0.0,-0.85));
#1068=DIRECTION('',(0.0,0.0,1.0));
#1069=DIRECTION('',(1.0,0.0,0.0));
#1070=ORIENTED_EDGE('',*,*,#2366,.F.);
#1071=ORIENTED_EDGE('',*,*,#2402,.T.);
#1072=ORIENTED_EDGE('',*,*,#2403,.F.);
#1073=ORIENTED_EDGE('',*,*,#2404,.T.);
#1074=ORIENTED_EDGE('',*,*,#2405,.F.);
#1075=CARTESIAN_POINT('',(5.0,0.0,-0.85));
#1076=DIRECTION('',(0.0,0.0,1.0));
#1077=DIRECTION('',(1.0,0.0,0.0));
#1078=ORIENTED_EDGE('',*,*,#2406,.F.);
#1079=ORIENTED_EDGE('',*,*,#2407,.T.);
#1080=ORIENTED_EDGE('',*,*,#2408,.F.);
#1081=ORIENTED_EDGE('',*,*,#2370,.F.);
#1082=ORIENTED_EDGE('',*,*,#2409,.T.);
#1083=ORIENTED_EDGE('',*,*,#2410,.F.);
#1084=CARTESIAN_POINT('',(5.0,0.0,-0.85));
#1085=DIRECTION('',(0.0,0.0,1.0));
#1086=DIRECTION('',(1.0,0.0,0.0));
#1087=ORIENTED_EDGE('',*,*,#2397,.T.);
#1088=ORIENTED_EDGE('',*,*,#2411,.T.);
#1089=ORIENTED_EDGE('',*,*,#2412,.F.);
#1090=ORIENTED_EDGE('',*,*,#2354,.F.);
#1091=CARTESIAN_POINT('',(2.125,0.0,3.05));
#1092=DIRECTION('',(-1.0,0.0,0.0));
#1093=DIRECTION('',(0.0,0.0,1.0));
#1094=ORIENTED_EDGE('',*,*,#2413,.T.);
#1095=ORIENTED_EDGE('',*,*,#2414,.T.);
#1096=ORIENTED_EDGE('',*,*,#2415,.T.);
#1097=ORIENTED_EDGE('',*,*,#2416,.F.);
#1098=ORIENTED_EDGE('',*,*,#2417,.F.);
#1099=ORIENTED_EDGE('',*,*,#2418,.T.);
#1100=ORIENTED_EDGE('',*,*,#2419,.T.);
#1101=ORIENTED_EDGE('',*,*,#2420,.T.);
#1102=ORIENTED_EDGE('',*,*,#2355,.T.);
#1103=ORIENTED_EDGE('',*,*,#2412,.T.);
#1104=ORIENTED_EDGE('',*,*,#2421,.T.);
#1105=ORIENTED_EDGE('',*,*,#2422,.T.);
#1106=ORIENTED_EDGE('',*,*,#2423,.T.);
#1107=ORIENTED_EDGE('',*,*,#2424,.T.);
#1108=ORIENTED_EDGE('',*,*,#2351,.T.);
#1109=ORIENTED_EDGE('',*,*,#2425,.T.);
#1110=ORIENTED_EDGE('',*,*,#2426,.T.);
#1111=ORIENTED_EDGE('',*,*,#2427,.T.);
#1112=ORIENTED_EDGE('',*,*,#2428,.T.);
#1113=ORIENTED_EDGE('',*,*,#2429,.T.);
#1114=ORIENTED_EDGE('',*,*,#2368,.T.);
#1115=ORIENTED_EDGE('',*,*,#2430,.T.);
#1116=CARTESIAN_POINT('',(5.0,0.0,-1.85));
#1117=DIRECTION('',(0.0,0.0,-1.0));
#1118=DIRECTION('',(0.0,-1.0,0.0));
#1119=ORIENTED_EDGE('',*,*,#2405,.T.);
#1120=ORIENTED_EDGE('',*,*,#2431,.T.);
#1121=ORIENTED_EDGE('',*,*,#2430,.F.);
#1122=ORIENTED_EDGE('',*,*,#2367,.F.);
#1123=CARTESIAN_POINT('',(-2.875,0.0,3.05));
#1124=DIRECTION('',(-1.0,0.0,0.0));
#1125=DIRECTION('',(0.0,0.0,1.0));
#1126=ORIENTED_EDGE('',*,*,#2404,.F.);
#1127=ORIENTED_EDGE('',*,*,#2432,.T.);
#1128=ORIENTED_EDGE('',*,*,#2433,.T.);
#1129=ORIENTED_EDGE('',*,*,#2413,.F.);
#1130=ORIENTED_EDGE('',*,*,#2431,.F.);
#1131=CARTESIAN_POINT('',(-2.875,-1.0,3.05));
#1132=DIRECTION('',(-0.980580675690916,0.196116135138203,0.0));
#1133=DIRECTION('',(0.0,0.0,1.0));
#1134=ORIENTED_EDGE('',*,*,#2434,.T.);
#1135=ORIENTED_EDGE('',*,*,#2435,.T.);
#1136=ORIENTED_EDGE('',*,*,#2422,.F.);
#1137=ORIENTED_EDGE('',*,*,#2436,.F.);
#1138=CARTESIAN_POINT('',(5.0,-2.0,-1.35));
#1139=DIRECTION('',(0.0,-1.0,0.0));
#1140=DIRECTION('',(0.0,0.0,-1.0));
#1141=ORIENTED_EDGE('',*,*,#2418,.F.);
#1142=ORIENTED_EDGE('',*,*,#2437,.F.);
#1143=ORIENTED_EDGE('',*,*,#2438,.T.);
#1144=ORIENTED_EDGE('',*,*,#2439,.T.);
#1145=CARTESIAN_POINT('',(5.0,-2.0,-1.35));
#1146=DIRECTION('',(0.0,-1.0,0.0));
#1147=DIRECTION('',(0.0,0.0,-1.0));
#1148=ORIENTED_EDGE('',*,*,#2440,.T.);
#1149=ORIENTED_EDGE('',*,*,#2441,.T.);
#1150=ORIENTED_EDGE('',*,*,#2414,.F.);
#1151=ORIENTED_EDGE('',*,*,#2433,.F.);
#1152=CARTESIAN_POINT('',(5.0,-2.0,-1.35));
#1153=DIRECTION('',(0.0,-1.0,0.0));
#1154=DIRECTION('',(0.0,0.0,-1.0));
#1155=ORIENTED_EDGE('',*,*,#2427,.F.);
#1156=ORIENTED_EDGE('',*,*,#2442,.F.);
#1157=ORIENTED_EDGE('',*,*,#2443,.T.);
#1158=ORIENTED_EDGE('',*,*,#2444,.T.);
#1159=CARTESIAN_POINT('',(5.0,-2.0,-1.35));
#1160=DIRECTION('',(0.0,-1.0,0.0));
#1161=DIRECTION('',(0.0,0.0,-1.0));
#1162=ORIENTED_EDGE('',*,*,#2396,.F.);
#1163=ORIENTED_EDGE('',*,*,#2445,.T.);
#1164=ORIENTED_EDGE('',*,*,#2436,.T.);
#1165=ORIENTED_EDGE('',*,*,#2421,.F.);
#1166=ORIENTED_EDGE('',*,*,#2411,.F.);
#1167=CARTESIAN_POINT('',(2.125,-1.0,3.05));
#1168=DIRECTION('',(-0.980580675690916,0.196116135138203,0.0));
#1169=DIRECTION('',(0.0,0.0,1.0));
#1170=ORIENTED_EDGE('',*,*,#2395,.T.);
#1171=ORIENTED_EDGE('',*,*,#2446,.T.);
#1172=ORIENTED_EDGE('',*,*,#2434,.F.);
#1173=ORIENTED_EDGE('',*,*,#2445,.F.);
#1174=CARTESIAN_POINT('',(5.0,-1.5,-0.85));
#1175=DIRECTION('',(0.0,-0.707106781186548,0.707106781186548));
#1176=DIRECTION('',(-1.0,0.0,0.0));
#1177=ORIENTED_EDGE('',*,*,#2438,.F.);
#1178=ORIENTED_EDGE('',*,*,#2447,.F.);
#1179=ORIENTED_EDGE('',*,*,#2398,.T.);
#1180=ORIENTED_EDGE('',*,*,#2448,.T.);
#1181=CARTESIAN_POINT('',(5.0,-1.5,-0.85));
#1182=DIRECTION('',(0.0,-0.707106781186548,0.707106781186548));
#1183=DIRECTION('',(-1.0,0.0,0.0));
#1184=ORIENTED_EDGE('',*,*,#2403,.T.);
#1185=ORIENTED_EDGE('',*,*,#2449,.T.);
#1186=ORIENTED_EDGE('',*,*,#2440,.F.);
#1187=ORIENTED_EDGE('',*,*,#2432,.F.);
#1188=CARTESIAN_POINT('',(5.0,-1.5,-0.85));
#1189=DIRECTION('',(0.0,-0.707106781186548,0.707106781186548));
#1190=DIRECTION('',(-1.0,0.0,0.0));
#1191=ORIENTED_EDGE('',*,*,#2443,.F.);
#1192=ORIENTED_EDGE('',*,*,#2450,.F.);
#1193=ORIENTED_EDGE('',*,*,#2406,.T.);
#1194=ORIENTED_EDGE('',*,*,#2451,.T.);
#1195=CARTESIAN_POINT('',(5.0,-1.5,-0.85));
#1196=DIRECTION('',(0.0,-0.707106781186548,0.707106781186548));
#1197=DIRECTION('',(-1.0,0.0,0.0));
#1198=ORIENTED_EDGE('',*,*,#2435,.F.);
#1199=ORIENTED_EDGE('',*,*,#2446,.F.);
#1200=ORIENTED_EDGE('',*,*,#2394,.T.);
#1201=ORIENTED_EDGE('',*,*,#2452,.T.);
#1202=ORIENTED_EDGE('',*,*,#2423,.F.);
#1203=CARTESIAN_POINT('',(0.575,-2.0,3.05));
#1204=DIRECTION('',(0.980580675690916,0.196116135138203,0.0));
#1205=DIRECTION('',(0.0,0.0,-1.0));
#1206=ORIENTED_EDGE('',*,*,#2452,.F.);
#1207=ORIENTED_EDGE('',*,*,#2393,.F.);
#1208=ORIENTED_EDGE('',*,*,#2352,.T.);
#1209=ORIENTED_EDGE('',*,*,#2424,.F.);
#1210=CARTESIAN_POINT('',(0.375,-1.0,3.05));
#1211=DIRECTION('',(1.0,0.0,0.0));
#1212=DIRECTION('',(0.0,1.0,0.0));
#1213=ORIENTED_EDGE('',*,*,#2419,.F.);
#1214=ORIENTED_EDGE('',*,*,#2439,.F.);
#1215=ORIENTED_EDGE('',*,*,#2448,.F.);
#1216=ORIENTED_EDGE('',*,*,#2401,.T.);
#1217=ORIENTED_EDGE('',*,*,#2453,.T.);
#1218=CARTESIAN_POINT('',(3.075,-2.0,3.05));
#1219=DIRECTION('',(0.980580675690916,0.196116135138203,0.0));
#1220=DIRECTION('',(0.0,0.0,-1.0));
#1221=ORIENTED_EDGE('',*,*,#2400,.F.);
#1222=ORIENTED_EDGE('',*,*,#2356,.T.);
#1223=ORIENTED_EDGE('',*,*,#2420,.F.);
#1224=ORIENTED_EDGE('',*,*,#2453,.F.);
#1225=CARTESIAN_POINT('',(2.875,-1.0,3.05));
#1226=DIRECTION('',(1.0,0.0,0.0));
#1227=DIRECTION('',(0.0,1.0,0.0));
#1228=ORIENTED_EDGE('',*,*,#2454,.F.);
#1229=ORIENTED_EDGE('',*,*,#2455,.F.);
#1230=ORIENTED_EDGE('',*,*,#2456,.T.);
#1231=ORIENTED_EDGE('',*,*,#2457,.T.);
#1232=ORIENTED_EDGE('',*,*,#2458,.F.);
#1233=ORIENTED_EDGE('',*,*,#2459,.F.);
#1234=ORIENTED_EDGE('',*,*,#2460,.F.);
#1235=CARTESIAN_POINT('',(5.0,0.0,3.05));
#1236=DIRECTION('',(1.0,0.0,0.0));
#1237=DIRECTION('',(0.0,1.0,0.0));
#1238=ORIENTED_EDGE('',*,*,#2461,.F.);
#1239=ORIENTED_EDGE('',*,*,#2462,.F.);
#1240=ORIENTED_EDGE('',*,*,#2463,.F.);
#1241=ORIENTED_EDGE('',*,*,#2464,.F.);
#1242=ORIENTED_EDGE('',*,*,#2465,.F.);
#1243=ORIENTED_EDGE('',*,*,#2358,.T.);
#1244=ORIENTED_EDGE('',*,*,#2399,.T.);
#1245=ORIENTED_EDGE('',*,*,#2447,.T.);
#1246=ORIENTED_EDGE('',*,*,#2437,.T.);
#1247=ORIENTED_EDGE('',*,*,#2417,.T.);
#1248=CARTESIAN_POINT('',(5.0,0.0,3.05));
#1249=DIRECTION('',(1.0,0.0,0.0));
#1250=DIRECTION('',(0.0,1.0,0.0));
#1251=ORIENTED_EDGE('',*,*,#2460,.T.);
#1252=ORIENTED_EDGE('',*,*,#2466,.T.);
#1253=ORIENTED_EDGE('',*,*,#2467,.F.);
#1254=ORIENTED_EDGE('',*,*,#2468,.F.);
#1255=CARTESIAN_POINT('',(5.0,5.9,1.699621984225));
#1256=DIRECTION('',(0.0,-0.703747766255319,0.710449914836119));
#1257=DIRECTION('',(-1.0,0.0,0.0));
#1258=ORIENTED_EDGE('',*,*,#2469,.T.);
#1259=ORIENTED_EDGE('',*,*,#2470,.F.);
#1260=ORIENTED_EDGE('',*,*,#2471,.F.);
#1261=ORIENTED_EDGE('',*,*,#2461,.T.);
#1262=ORIENTED_EDGE('',*,*,#2416,.T.);
#1263=ORIENTED_EDGE('',*,*,#2472,.T.);
#1264=ORIENTED_EDGE('',*,*,#2473,.T.);
#1265=ORIENTED_EDGE('',*,*,#2474,.T.);
#1266=ORIENTED_EDGE('',*,*,#2475,.F.);
#1267=ORIENTED_EDGE('',*,*,#2476,.T.);
#1268=ORIENTED_EDGE('',*,*,#2477,.T.);
#1269=CARTESIAN_POINT('',(0.0,5.9,0.0));
#1270=DIRECTION('',(-0.0,1.0,0.0));
#1271=DIRECTION('',(1.0,0.0,0.0));
#1272=ORIENTED_EDGE('',*,*,#2478,.T.);
#1273=ORIENTED_EDGE('',*,*,#2479,.F.);
#1274=ORIENTED_EDGE('',*,*,#2480,.T.);
#1275=ORIENTED_EDGE('',*,*,#2481,.T.);
#1276=ORIENTED_EDGE('',*,*,#2454,.T.);
#1277=ORIENTED_EDGE('',*,*,#2468,.T.);
#1278=ORIENTED_EDGE('',*,*,#2482,.T.);
#1279=ORIENTED_EDGE('',*,*,#2483,.T.);
#1280=CARTESIAN_POINT('',(0.0,5.9,0.0));
#1281=DIRECTION('',(-0.0,1.0,0.0));
#1282=DIRECTION('',(1.0,0.0,0.0));
#1283=ORIENTED_EDGE('',*,*,#2484,.F.);
#1284=ORIENTED_EDGE('',*,*,#2477,.F.);
#1285=ORIENTED_EDGE('',*,*,#2485,.F.);
#1286=ORIENTED_EDGE('',*,*,#2486,.T.);
#1287=CARTESIAN_POINT('',(0.0,5.75,-1.3));
#1288=DIRECTION('',(0.0,0.707106781186548,0.707106781186548));
#1289=DIRECTION('',(1.0,0.0,-0.0));
#1290=ORIENTED_EDGE('',*,*,#2487,.F.);
#1291=ORIENTED_EDGE('',*,*,#2488,.F.);
#1292=ORIENTED_EDGE('',*,*,#2489,.T.);
#1293=ORIENTED_EDGE('',*,*,#2490,.T.);
#1294=ORIENTED_EDGE('',*,*,#2491,.F.);
#1295=ORIENTED_EDGE('',*,*,#2492,.F.);
#1296=ORIENTED_EDGE('',*,*,#2493,.F.);
#1297=ORIENTED_EDGE('',*,*,#2486,.F.);
#1298=ORIENTED_EDGE('',*,*,#2494,.T.);
#1299=ORIENTED_EDGE('',*,*,#2495,.F.);
#1300=ORIENTED_EDGE('',*,*,#2496,.T.);
#1301=ORIENTED_EDGE('',*,*,#2497,.T.);
#1302=CARTESIAN_POINT('',(3.42,5.9,-1.15));
#1303=DIRECTION('',(0.0,0.0,-1.0));
#1304=DIRECTION('',(0.0,-1.0,0.0));
#1305=ORIENTED_EDGE('',*,*,#2498,.T.);
#1306=ORIENTED_EDGE('',*,*,#2499,.T.);
#1307=ORIENTED_EDGE('',*,*,#2500,.T.);
#1308=ORIENTED_EDGE('',*,*,#2497,.F.);
#1309=CARTESIAN_POINT('',(-2.5,5.45,0.0));
#1310=DIRECTION('',(-0.0,1.0,0.0));
#1311=DIRECTION('',(1.0,0.0,0.0));
#1312=ORIENTED_EDGE('',*,*,#2487,.T.);
#1313=ORIENTED_EDGE('',*,*,#2500,.F.);
#1314=ORIENTED_EDGE('',*,*,#2501,.F.);
#1315=ORIENTED_EDGE('',*,*,#2502,.T.);
#1316=CARTESIAN_POINT('',(-1.172181372549,1.95,-0.7923351158646));
#1317=DIRECTION('',(0.800000059676764,0.0,0.599999920430973));
#1318=DIRECTION('',(0.0,-1.0,0.0));
#1319=ORIENTED_EDGE('',*,*,#2495,.T.);
#1320=ORIENTED_EDGE('',*,*,#2503,.T.);
#1321=ORIENTED_EDGE('',*,*,#2504,.T.);
#1322=ORIENTED_EDGE('',*,*,#2505,.T.);
#1323=ORIENTED_EDGE('',*,*,#2506,.F.);
#1324=ORIENTED_EDGE('',*,*,#2507,.F.);
#1325=ORIENTED_EDGE('',*,*,#2508,.T.);
#1326=ORIENTED_EDGE('',*,*,#2509,.T.);
#1327=ORIENTED_EDGE('',*,*,#2510,.T.);
#1328=ORIENTED_EDGE('',*,*,#2511,.T.);
#1329=ORIENTED_EDGE('',*,*,#2512,.T.);
#1330=ORIENTED_EDGE('',*,*,#2513,.F.);
#1331=ORIENTED_EDGE('',*,*,#2514,.T.);
#1332=ORIENTED_EDGE('',*,*,#2515,.T.);
#1333=ORIENTED_EDGE('',*,*,#2492,.T.);
#1334=ORIENTED_EDGE('',*,*,#2516,.F.);
#1335=ORIENTED_EDGE('',*,*,#2517,.F.);
#1336=ORIENTED_EDGE('',*,*,#2518,.F.);
#1337=ORIENTED_EDGE('',*,*,#2488,.T.);
#1338=ORIENTED_EDGE('',*,*,#2502,.F.);
#1339=ORIENTED_EDGE('',*,*,#2519,.F.);
#1340=ORIENTED_EDGE('',*,*,#2520,.F.);
#1341=ORIENTED_EDGE('',*,*,#2521,.F.);
#1342=ORIENTED_EDGE('',*,*,#2522,.F.);
#1343=ORIENTED_EDGE('',*,*,#2523,.F.);
#1344=ORIENTED_EDGE('',*,*,#2524,.F.);
#1345=ORIENTED_EDGE('',*,*,#2525,.F.);
#1346=ORIENTED_EDGE('',*,*,#2526,.F.);
#1347=CARTESIAN_POINT('',(0.0,1.95,0.0));
#1348=DIRECTION('',(-0.0,1.0,0.0));
#1349=DIRECTION('',(1.0,0.0,0.0));
#1350=ORIENTED_EDGE('',*,*,#2527,.T.);
#1351=ORIENTED_EDGE('',*,*,#2498,.F.);
#1352=ORIENTED_EDGE('',*,*,#2496,.F.);
#1353=ORIENTED_EDGE('',*,*,#2520,.T.);
#1354=CARTESIAN_POINT('',(-1.600783589692,1.95,-1.15));
#1355=DIRECTION('',(-0.800000059676764,0.0,0.599999920430973));
#1356=DIRECTION('',(0.0,1.0,0.0));
#1357=ORIENTED_EDGE('',*,*,#2501,.T.);
#1358=ORIENTED_EDGE('',*,*,#2499,.F.);
#1359=ORIENTED_EDGE('',*,*,#2527,.F.);
#1360=ORIENTED_EDGE('',*,*,#2519,.T.);
#1361=CARTESIAN_POINT('',(-1.252358177362,1.95,-0.8524677070141));
#1362=DIRECTION('',(0.0,-1.0,0.0));
#1363=DIRECTION('',(1.0,0.0,0.0));
#1364=ORIENTED_EDGE('',*,*,#2528,.T.);
#1365=ORIENTED_EDGE('',*,*,#2529,.F.);
#1366=ORIENTED_EDGE('',*,*,#2489,.F.);
#1367=ORIENTED_EDGE('',*,*,#2518,.T.);
#1368=CARTESIAN_POINT('',(0.8992164103078,1.95,-1.15));
#1369=DIRECTION('',(-0.800000059676764,0.0,0.599999920430973));
#1370=DIRECTION('',(0.0,1.0,0.0));
#1371=ORIENTED_EDGE('',*,*,#2529,.T.);
#1372=ORIENTED_EDGE('',*,*,#2530,.T.);
#1373=ORIENTED_EDGE('',*,*,#2531,.T.);
#1374=ORIENTED_EDGE('',*,*,#2490,.F.);
#1375=CARTESIAN_POINT('',(0.0,5.45,0.0));
#1376=DIRECTION('',(-0.0,1.0,0.0));
#1377=DIRECTION('',(1.0,0.0,0.0));
#1378=ORIENTED_EDGE('',*,*,#2491,.T.);
#1379=ORIENTED_EDGE('',*,*,#2531,.F.);
#1380=ORIENTED_EDGE('',*,*,#2532,.F.);
#1381=ORIENTED_EDGE('',*,*,#2516,.T.);
#1382=CARTESIAN_POINT('',(1.327818627451,1.95,-0.7923351158646));
#1383=DIRECTION('',(0.800000059676764,0.0,0.599999920430973));
#1384=DIRECTION('',(0.0,-1.0,0.0));
#1385=ORIENTED_EDGE('',*,*,#2532,.T.);
#1386=ORIENTED_EDGE('',*,*,#2530,.F.);
#1387=ORIENTED_EDGE('',*,*,#2528,.F.);
#1388=ORIENTED_EDGE('',*,*,#2517,.T.);
#1389=CARTESIAN_POINT('',(1.247641822638,1.95,-0.8524677070141));
#1390=DIRECTION('',(0.0,-1.0,0.0));
#1391=DIRECTION('',(1.0,0.0,0.0));
#1392=ORIENTED_EDGE('',*,*,#2515,.F.);
#1393=ORIENTED_EDGE('',*,*,#2533,.F.);
#1394=ORIENTED_EDGE('',*,*,#2469,.F.);
#1395=ORIENTED_EDGE('',*,*,#2484,.T.);
#1396=ORIENTED_EDGE('',*,*,#2493,.T.);
#1397=CARTESIAN_POINT('',(4.2,5.9,-0.35));
#1398=DIRECTION('',(0.716000139620041,0.0,-0.69810013612954));
#1399=DIRECTION('',(0.0,-1.0,0.0));
#1400=ORIENTED_EDGE('',*,*,#2534,.T.);
#1401=ORIENTED_EDGE('',*,*,#2535,.T.);
#1402=ORIENTED_EDGE('',*,*,#2536,.T.);
#1403=ORIENTED_EDGE('',*,*,#2470,.T.);
#1404=ORIENTED_EDGE('',*,*,#2533,.T.);
#1405=ORIENTED_EDGE('',*,*,#2514,.F.);
#1406=ORIENTED_EDGE('',*,*,#2537,.T.);
#1407=CARTESIAN_POINT('',(4.2,5.9,2.35));
#1408=DIRECTION('',(1.0,0.0,0.0));
#1409=DIRECTION('',(0.0,1.0,0.0));
#1410=ORIENTED_EDGE('',*,*,#2467,.T.);
#1411=ORIENTED_EDGE('',*,*,#2538,.T.);
#1412=ORIENTED_EDGE('',*,*,#2539,.T.);
#1413=ORIENTED_EDGE('',*,*,#2540,.F.);
#1414=ORIENTED_EDGE('',*,*,#2510,.F.);
#1415=ORIENTED_EDGE('',*,*,#2541,.F.);
#1416=ORIENTED_EDGE('',*,*,#2542,.T.);
#1417=ORIENTED_EDGE('',*,*,#2482,.F.);
#1418=CARTESIAN_POINT('',(4.2,5.9,2.35));
#1419=DIRECTION('',(1.0,0.0,0.0));
#1420=DIRECTION('',(0.0,1.0,0.0));
#1421=ORIENTED_EDGE('',*,*,#2543,.T.);
#1422=ORIENTED_EDGE('',*,*,#2537,.F.);
#1423=ORIENTED_EDGE('',*,*,#2513,.T.);
#1424=ORIENTED_EDGE('',*,*,#2544,.F.);
#1425=ORIENTED_EDGE('',*,*,#2359,.F.);
#1426=ORIENTED_EDGE('',*,*,#2465,.T.);
#1427=CARTESIAN_POINT('',(5.0,0.0,-0.05));
#1428=DIRECTION('',(0.0,0.0,-1.0));
#1429=DIRECTION('',(0.0,-1.0,0.0));
#1430=ORIENTED_EDGE('',*,*,#2544,.T.);
#1431=ORIENTED_EDGE('',*,*,#2512,.F.);
#1432=ORIENTED_EDGE('',*,*,#2545,.T.);
#1433=ORIENTED_EDGE('',*,*,#2546,.F.);
#1434=ORIENTED_EDGE('',*,*,#2360,.T.);
#1435=CARTESIAN_POINT('',(4.1,0.0,0.0));
#1436=DIRECTION('',(1.0,0.0,0.0));
#1437=DIRECTION('',(0.0,1.0,0.0));
#1438=ORIENTED_EDGE('',*,*,#2361,.T.);
#1439=ORIENTED_EDGE('',*,*,#2546,.T.);
#1440=ORIENTED_EDGE('',*,*,#2547,.T.);
#1441=ORIENTED_EDGE('',*,*,#2548,.F.);
#1442=CARTESIAN_POINT('',(5.0,0.0,2.05));
#1443=DIRECTION('',(0.0,0.0,-1.0));
#1444=DIRECTION('',(0.0,-1.0,0.0));
#1445=ORIENTED_EDGE('',*,*,#2362,.F.);
#1446=ORIENTED_EDGE('',*,*,#2548,.T.);
#1447=ORIENTED_EDGE('',*,*,#2549,.F.);
#1448=ORIENTED_EDGE('',*,*,#2506,.T.);
#1449=ORIENTED_EDGE('',*,*,#2550,.F.);
#1450=ORIENTED_EDGE('',*,*,#2551,.F.);
#1451=ORIENTED_EDGE('',*,*,#2552,.F.);
#1452=ORIENTED_EDGE('',*,*,#2553,.F.);
#1453=ORIENTED_EDGE('',*,*,#2554,.T.);
#1454=ORIENTED_EDGE('',*,*,#2555,.F.);
#1455=ORIENTED_EDGE('',*,*,#2556,.F.);
#1456=ORIENTED_EDGE('',*,*,#2557,.F.);
#1457=ORIENTED_EDGE('',*,*,#2558,.F.);
#1458=ORIENTED_EDGE('',*,*,#2343,.F.);
#1459=ORIENTED_EDGE('',*,*,#2559,.F.);
#1460=ORIENTED_EDGE('',*,*,#2560,.F.);
#1461=ORIENTED_EDGE('',*,*,#2561,.F.);
#1462=ORIENTED_EDGE('',*,*,#2562,.F.);
#1463=ORIENTED_EDGE('',*,*,#2563,.F.);
#1464=ORIENTED_EDGE('',*,*,#2564,.F.);
#1465=ORIENTED_EDGE('',*,*,#2565,.F.);
#1466=ORIENTED_EDGE('',*,*,#2566,.F.);
#1467=ORIENTED_EDGE('',*,*,#2567,.F.);
#1468=ORIENTED_EDGE('',*,*,#2568,.F.);
#1469=ORIENTED_EDGE('',*,*,#2569,.F.);
#1470=ORIENTED_EDGE('',*,*,#2570,.F.);
#1471=ORIENTED_EDGE('',*,*,#2571,.F.);
#1472=ORIENTED_EDGE('',*,*,#2572,.F.);
#1473=ORIENTED_EDGE('',*,*,#2573,.F.);
#1474=ORIENTED_EDGE('',*,*,#2574,.F.);
#1475=ORIENTED_EDGE('',*,*,#2575,.F.);
#1476=ORIENTED_EDGE('',*,*,#2576,.F.);
#1477=ORIENTED_EDGE('',*,*,#2577,.F.);
#1478=ORIENTED_EDGE('',*,*,#2578,.F.);
#1479=ORIENTED_EDGE('',*,*,#2579,.F.);
#1480=ORIENTED_EDGE('',*,*,#2580,.F.);
#1481=ORIENTED_EDGE('',*,*,#2581,.F.);
#1482=ORIENTED_EDGE('',*,*,#2582,.F.);
#1483=ORIENTED_EDGE('',*,*,#2583,.F.);
#1484=ORIENTED_EDGE('',*,*,#2584,.F.);
#1485=ORIENTED_EDGE('',*,*,#2585,.F.);
#1486=ORIENTED_EDGE('',*,*,#2586,.F.);
#1487=ORIENTED_EDGE('',*,*,#2587,.F.);
#1488=ORIENTED_EDGE('',*,*,#2588,.F.);
#1489=ORIENTED_EDGE('',*,*,#2589,.F.);
#1490=ORIENTED_EDGE('',*,*,#2590,.F.);
#1491=ORIENTED_EDGE('',*,*,#2591,.F.);
#1492=ORIENTED_EDGE('',*,*,#2592,.F.);
#1493=ORIENTED_EDGE('',*,*,#2593,.F.);
#1494=ORIENTED_EDGE('',*,*,#2594,.F.);
#1495=ORIENTED_EDGE('',*,*,#2595,.T.);
#1496=ORIENTED_EDGE('',*,*,#2349,.T.);
#1497=CARTESIAN_POINT('',(-4.1,0.0,0.0));
#1498=DIRECTION('',(1.0,0.0,0.0));
#1499=DIRECTION('',(0.0,1.0,0.0));
#1500=ORIENTED_EDGE('',*,*,#2505,.F.);
#1501=ORIENTED_EDGE('',*,*,#2596,.T.);
#1502=ORIENTED_EDGE('',*,*,#2597,.F.);
#1503=ORIENTED_EDGE('',*,*,#2598,.F.);
#1504=ORIENTED_EDGE('',*,*,#2363,.T.);
#1505=ORIENTED_EDGE('',*,*,#2550,.T.);
#1506=CARTESIAN_POINT('',(-5.0,0.0,-0.05));
#1507=DIRECTION('',(0.0,0.0,1.0));
#1508=DIRECTION('',(1.0,0.0,0.0));
#1509=ORIENTED_EDGE('',*,*,#2473,.F.);
#1510=ORIENTED_EDGE('',*,*,#2599,.F.);
#1511=ORIENTED_EDGE('',*,*,#2364,.T.);
#1512=ORIENTED_EDGE('',*,*,#2598,.T.);
#1513=ORIENTED_EDGE('',*,*,#2600,.T.);
#1514=ORIENTED_EDGE('',*,*,#2601,.T.);
#1515=ORIENTED_EDGE('',*,*,#2602,.T.);
#1516=CARTESIAN_POINT('',(-5.0,0.0,-0.64));
#1517=DIRECTION('',(-1.0,0.0,0.0));
#1518=DIRECTION('',(0.0,0.0,1.0));
#1519=ORIENTED_EDGE('',*,*,#2603,.T.);
#1520=ORIENTED_EDGE('',*,*,#2604,.T.);
#1521=ORIENTED_EDGE('',*,*,#2605,.F.);
#1522=ORIENTED_EDGE('',*,*,#2606,.F.);
#1523=ORIENTED_EDGE('',*,*,#2607,.T.);
#1524=ORIENTED_EDGE('',*,*,#2480,.F.);
#1525=ORIENTED_EDGE('',*,*,#2608,.T.);
#1526=CARTESIAN_POINT('',(-5.0,0.0,-0.64));
#1527=DIRECTION('',(-1.0,0.0,0.0));
#1528=DIRECTION('',(0.0,0.0,1.0));
#1529=ORIENTED_EDGE('',*,*,#2609,.T.);
#1530=ORIENTED_EDGE('',*,*,#2474,.F.);
#1531=ORIENTED_EDGE('',*,*,#2602,.F.);
#1532=ORIENTED_EDGE('',*,*,#2610,.T.);
#1533=CARTESIAN_POINT('',(-5.0,5.39070855615,0.9951350267379));
#1534=DIRECTION('',(0.0,0.710449914836119,0.703747766255319));
#1535=DIRECTION('',(1.0,0.0,-0.0));
#1536=ORIENTED_EDGE('',*,*,#2611,.T.);
#1537=ORIENTED_EDGE('',*,*,#2610,.F.);
#1538=ORIENTED_EDGE('',*,*,#2601,.F.);
#1539=ORIENTED_EDGE('',*,*,#2612,.T.);
#1540=CARTESIAN_POINT('',(-5.0,4.890782976827,0.9951350267379));
#1541=DIRECTION('',(0.0,0.0,1.0));
#1542=DIRECTION('',(1.0,0.0,0.0));
#1543=ORIENTED_EDGE('',*,*,#2613,.T.);
#1544=ORIENTED_EDGE('',*,*,#2612,.F.);
#1545=ORIENTED_EDGE('',*,*,#2600,.F.);
#1546=ORIENTED_EDGE('',*,*,#2597,.T.);
#1547=CARTESIAN_POINT('',(-5.0,4.890782976827,-0.05));
#1548=DIRECTION('',(0.0,-1.0,0.0));
#1549=DIRECTION('',(0.0,0.0,-1.0));
#1550=ORIENTED_EDGE('',*,*,#2611,.F.);
#1551=ORIENTED_EDGE('',*,*,#2613,.F.);
#1552=ORIENTED_EDGE('',*,*,#2596,.F.);
#1553=ORIENTED_EDGE('',*,*,#2504,.F.);
#1554=ORIENTED_EDGE('',*,*,#2614,.F.);
#1555=ORIENTED_EDGE('',*,*,#2475,.T.);
#1556=ORIENTED_EDGE('',*,*,#2609,.F.);
#1557=CARTESIAN_POINT('',(-4.2,5.9,-0.35));
#1558=DIRECTION('',(-1.0,0.0,0.0));
#1559=DIRECTION('',(0.0,0.0,1.0));
#1560=ORIENTED_EDGE('',*,*,#2508,.F.);
#1561=ORIENTED_EDGE('',*,*,#2615,.T.);
#1562=ORIENTED_EDGE('',*,*,#2616,.F.);
#1563=ORIENTED_EDGE('',*,*,#2617,.F.);
#1564=ORIENTED_EDGE('',*,*,#2618,.F.);
#1565=ORIENTED_EDGE('',*,*,#2478,.F.);
#1566=ORIENTED_EDGE('',*,*,#2619,.T.);
#1567=ORIENTED_EDGE('',*,*,#2620,.T.);
#1568=CARTESIAN_POINT('',(-4.2,5.9,-0.35));
#1569=DIRECTION('',(-1.0,0.0,0.0));
#1570=DIRECTION('',(0.0,0.0,1.0));
#1571=ORIENTED_EDGE('',*,*,#2614,.T.);
#1572=ORIENTED_EDGE('',*,*,#2503,.F.);
#1573=ORIENTED_EDGE('',*,*,#2494,.F.);
#1574=ORIENTED_EDGE('',*,*,#2485,.T.);
#1575=ORIENTED_EDGE('',*,*,#2476,.F.);
#1576=CARTESIAN_POINT('',(-3.42,5.9,-1.15));
#1577=DIRECTION('',(-0.716000139620041,0.0,-0.69810013612954));
#1578=DIRECTION('',(-0.69810013612954,0.0,0.716000139620041));
#1579=ORIENTED_EDGE('',*,*,#2541,.T.);
#1580=ORIENTED_EDGE('',*,*,#2509,.F.);
#1581=ORIENTED_EDGE('',*,*,#2620,.F.);
#1582=ORIENTED_EDGE('',*,*,#2621,.F.);
#1583=CARTESIAN_POINT('',(-4.2,5.9,2.35));
#1584=DIRECTION('',(0.0,0.0,1.0));
#1585=DIRECTION('',(1.0,0.0,0.0));
#1586=ORIENTED_EDGE('',*,*,#2619,.F.);
#1587=ORIENTED_EDGE('',*,*,#2483,.F.);
#1588=ORIENTED_EDGE('',*,*,#2542,.F.);
#1589=ORIENTED_EDGE('',*,*,#2621,.T.);
#1590=CARTESIAN_POINT('',(0.0,5.75,2.5));
#1591=DIRECTION('',(0.0,0.707106781186548,-0.707106781186548));
#1592=DIRECTION('',(-1.0,0.0,0.0));
#1593=ORIENTED_EDGE('',*,*,#2608,.F.);
#1594=ORIENTED_EDGE('',*,*,#2479,.T.);
#1595=ORIENTED_EDGE('',*,*,#2618,.T.);
#1596=ORIENTED_EDGE('',*,*,#2622,.F.);
#1597=CARTESIAN_POINT('',(-5.0,5.9,1.699621984225));
#1598=DIRECTION('',(0.0,0.703747766255319,-0.710449914836119));
#1599=DIRECTION('',(-1.0,0.0,0.0));
#1600=ORIENTED_EDGE('',*,*,#2617,.T.);
#1601=ORIENTED_EDGE('',*,*,#2623,.F.);
#1602=ORIENTED_EDGE('',*,*,#2603,.F.);
#1603=ORIENTED_EDGE('',*,*,#2622,.T.);
#1604=CARTESIAN_POINT('',(-5.0,5.39070855615,1.195135026738));
#1605=DIRECTION('',(0.0,0.0,-1.0));
#1606=DIRECTION('',(0.0,-1.0,0.0));
#1607=ORIENTED_EDGE('',*,*,#2616,.T.);
#1608=ORIENTED_EDGE('',*,*,#2624,.F.);
#1609=ORIENTED_EDGE('',*,*,#2604,.F.);
#1610=ORIENTED_EDGE('',*,*,#2623,.T.);
#1611=CARTESIAN_POINT('',(-5.0,4.890782976827,1.195135026738));
#1612=DIRECTION('',(0.0,-1.0,0.0));
#1613=DIRECTION('',(0.0,0.0,-1.0));
#1614=ORIENTED_EDGE('',*,*,#2625,.F.);
#1615=ORIENTED_EDGE('',*,*,#2605,.T.);
#1616=ORIENTED_EDGE('',*,*,#2624,.T.);
#1617=ORIENTED_EDGE('',*,*,#2615,.F.);
#1618=ORIENTED_EDGE('',*,*,#2507,.T.);
#1619=ORIENTED_EDGE('',*,*,#2549,.T.);
#1620=CARTESIAN_POINT('',(-5.0,4.890782976827,2.05));
#1621=DIRECTION('',(0.0,0.0,-1.0));
#1622=DIRECTION('',(0.0,-1.0,0.0));
#1623=ORIENTED_EDGE('',*,*,#2547,.F.);
#1624=ORIENTED_EDGE('',*,*,#2626,.F.);
#1625=ORIENTED_EDGE('',*,*,#2456,.F.);
#1626=ORIENTED_EDGE('',*,*,#2627,.F.);
#1627=ORIENTED_EDGE('',*,*,#2606,.T.);
#1628=ORIENTED_EDGE('',*,*,#2625,.T.);
#1629=CARTESIAN_POINT('',(5.0,0.8960933600713,2.05));
#1630=DIRECTION('',(-0.0,1.0,0.0));
#1631=DIRECTION('',(1.0,0.0,0.0));
#1632=ORIENTED_EDGE('',*,*,#2627,.T.);
#1633=ORIENTED_EDGE('',*,*,#2455,.T.);
#1634=ORIENTED_EDGE('',*,*,#2481,.F.);
#1635=ORIENTED_EDGE('',*,*,#2607,.F.);
#1636=CARTESIAN_POINT('',(-5.0,0.0,3.05));
#1637=DIRECTION('',(0.0,0.0,1.0));
#1638=DIRECTION('',(1.0,0.0,0.0));
#1639=ORIENTED_EDGE('',*,*,#2626,.T.);
#1640=ORIENTED_EDGE('',*,*,#2545,.F.);
#1641=ORIENTED_EDGE('',*,*,#2511,.F.);
#1642=ORIENTED_EDGE('',*,*,#2540,.T.);
#1643=ORIENTED_EDGE('',*,*,#2628,.F.);
#1644=ORIENTED_EDGE('',*,*,#2457,.F.);
#1645=CARTESIAN_POINT('',(5.0,4.890782976827,2.05));
#1646=DIRECTION('',(0.0,0.0,1.0));
#1647=DIRECTION('',(1.0,0.0,0.0));
#1648=ORIENTED_EDGE('',*,*,#2628,.T.);
#1649=ORIENTED_EDGE('',*,*,#2539,.F.);
#1650=ORIENTED_EDGE('',*,*,#2629,.F.);
#1651=ORIENTED_EDGE('',*,*,#2458,.T.);
#1652=CARTESIAN_POINT('',(5.0,4.890782976827,1.195135026738));
#1653=DIRECTION('',(-0.0,1.0,0.0));
#1654=DIRECTION('',(1.0,0.0,0.0));
#1655=ORIENTED_EDGE('',*,*,#2629,.T.);
#1656=ORIENTED_EDGE('',*,*,#2538,.F.);
#1657=ORIENTED_EDGE('',*,*,#2466,.F.);
#1658=ORIENTED_EDGE('',*,*,#2459,.T.);
#1659=CARTESIAN_POINT('',(5.0,5.39070855615,1.195135026738));
#1660=DIRECTION('',(0.0,0.0,1.0));
#1661=DIRECTION('',(1.0,0.0,0.0));
#1662=ORIENTED_EDGE('',*,*,#2599,.T.);
#1663=ORIENTED_EDGE('',*,*,#2472,.F.);
#1664=ORIENTED_EDGE('',*,*,#2415,.F.);
#1665=ORIENTED_EDGE('',*,*,#2441,.F.);
#1666=ORIENTED_EDGE('',*,*,#2449,.F.);
#1667=ORIENTED_EDGE('',*,*,#2402,.F.);
#1668=ORIENTED_EDGE('',*,*,#2365,.T.);
#1669=CARTESIAN_POINT('',(-3.79,0.0,-1.85));
#1670=DIRECTION('',(-0.707106781186548,0.0,-0.707106781186548));
#1671=DIRECTION('',(-0.707106781186548,0.0,0.707106781186548));
#1672=ORIENTED_EDGE('',*,*,#2346,.T.);
#1673=ORIENTED_EDGE('',*,*,#2595,.F.);
#1674=ORIENTED_EDGE('',*,*,#2630,.T.);
#1675=ORIENTED_EDGE('',*,*,#2631,.F.);
#1676=CARTESIAN_POINT('',(-4.1,1.012787072643,1.465966364145));
#1677=DIRECTION('',(1.0,-0.0,0.0));
#1678=DIRECTION('',(0.0,0.0,1.0));
#1679=ORIENTED_EDGE('',*,*,#2348,.T.);
#1680=ORIENTED_EDGE('',*,*,#2632,.F.);
#1681=ORIENTED_EDGE('',*,*,#2633,.F.);
#1682=ORIENTED_EDGE('',*,*,#2551,.T.);
#1683=CARTESIAN_POINT('',(-4.1,1.030787072643,1.382942656762));
#1684=DIRECTION('',(0.0,-1.0,0.0));
#1685=DIRECTION('',(0.0,0.0,-1.0));
#1686=ORIENTED_EDGE('',*,*,#2633,.T.);
#1687=ORIENTED_EDGE('',*,*,#2634,.F.);
#1688=ORIENTED_EDGE('',*,*,#2635,.F.);
#1689=ORIENTED_EDGE('',*,*,#2552,.T.);
#1690=CARTESIAN_POINT('',(-4.1,1.092787072643,1.394957141687));
#1691=DIRECTION('',(0.0,0.190242980997096,-0.981737036166681));
#1692=DIRECTION('',(-1.0,0.0,0.0));
#1693=ORIENTED_EDGE('',*,*,#2635,.T.);
#1694=ORIENTED_EDGE('',*,*,#2636,.F.);
#1695=ORIENTED_EDGE('',*,*,#2637,.F.);
#1696=ORIENTED_EDGE('',*,*,#2553,.T.);
#1697=CARTESIAN_POINT('',(-4.1,1.092787072643,1.478358436093));
#1698=DIRECTION('',(-0.0,1.0,0.0));
#1699=DIRECTION('',(1.0,0.0,0.0));
#1700=ORIENTED_EDGE('',*,*,#2637,.T.);
#1701=ORIENTED_EDGE('',*,*,#2638,.F.);
#1702=ORIENTED_EDGE('',*,*,#2639,.F.);
#1703=ORIENTED_EDGE('',*,*,#2554,.F.);
#1704=CARTESIAN_POINT('',(-4.1,1.118787072643,1.478358436093));
#1705=DIRECTION('',(1.0,-0.0,0.0));
#1706=DIRECTION('',(0.0,0.0,1.0));
#1707=ORIENTED_EDGE('',*,*,#2639,.T.);
#1708=ORIENTED_EDGE('',*,*,#2640,.F.);
#1709=ORIENTED_EDGE('',*,*,#2641,.F.);
#1710=ORIENTED_EDGE('',*,*,#2555,.T.);
#1711=CARTESIAN_POINT('',(-4.1,1.172787072643,1.515306335212));
#1712=DIRECTION('',(0.0,0.190242980997096,-0.981737036166681));
#1713=DIRECTION('',(-1.0,0.0,0.0));
#1714=ORIENTED_EDGE('',*,*,#2641,.T.);
#1715=ORIENTED_EDGE('',*,*,#2642,.F.);
#1716=ORIENTED_EDGE('',*,*,#2643,.F.);
#1717=ORIENTED_EDGE('',*,*,#2556,.T.);
#1718=CARTESIAN_POINT('',(-4.1,1.172787072643,1.410459702882));
#1719=DIRECTION('',(0.0,-1.0,0.0));
#1720=DIRECTION('',(0.0,0.0,-1.0));
#1721=ORIENTED_EDGE('',*,*,#2643,.T.);
#1722=ORIENTED_EDGE('',*,*,#2644,.F.);
#1723=ORIENTED_EDGE('',*,*,#2645,.F.);
#1724=ORIENTED_EDGE('',*,*,#2557,.T.);
#1725=CARTESIAN_POINT('',(-4.1,1.234787072643,1.422474187807));
#1726=DIRECTION('',(0.0,0.190242980997096,-0.981737036166681));
#1727=DIRECTION('',(-1.0,0.0,0.0));
#1728=ORIENTED_EDGE('',*,*,#2645,.T.);
#1729=ORIENTED_EDGE('',*,*,#2646,.F.);
#1730=ORIENTED_EDGE('',*,*,#2344,.F.);
#1731=ORIENTED_EDGE('',*,*,#2558,.T.);
#1732=CARTESIAN_POINT('',(-4.1,1.234787072643,1.544403568474));
#1733=DIRECTION('',(-0.0,1.0,0.0));
#1734=DIRECTION('',(1.0,0.0,0.0));
#1735=ORIENTED_EDGE('',*,*,#2342,.T.);
#1736=ORIENTED_EDGE('',*,*,#2647,.F.);
#1737=ORIENTED_EDGE('',*,*,#2648,.F.);
#1738=ORIENTED_EDGE('',*,*,#2559,.T.);
#1739=CARTESIAN_POINT('',(-4.1,1.196787072643,1.544403568474));
#1740=DIRECTION('',(1.0,-0.0,0.0));
#1741=DIRECTION('',(0.0,0.0,1.0));
#1742=ORIENTED_EDGE('',*,*,#2648,.T.);
#1743=ORIENTED_EDGE('',*,*,#2649,.F.);
#1744=ORIENTED_EDGE('',*,*,#2650,.F.);
#1745=ORIENTED_EDGE('',*,*,#2560,.T.);
#1746=CARTESIAN_POINT('',(-4.1,1.110037692864,1.566300001633));
#1747=DIRECTION('',(0.0,-0.190242980997096,0.981737036166681));
#1748=DIRECTION('',(-1.0,0.0,0.0));
#1749=ORIENTED_EDGE('',*,*,#2650,.T.);
#1750=ORIENTED_EDGE('',*,*,#2651,.F.);
#1751=ORIENTED_EDGE('',*,*,#2652,.F.);
#1752=ORIENTED_EDGE('',*,*,#2561,.T.);
#1753=CARTESIAN_POINT('',(-4.1,1.062787072643,1.507873312609));
#1754=DIRECTION('',(0.0,-0.777551808550099,0.628818880935099));
#1755=DIRECTION('',(-1.0,0.0,0.0));
#1756=ORIENTED_EDGE('',*,*,#2652,.T.);
#1757=ORIENTED_EDGE('',*,*,#2653,.F.);
#1758=ORIENTED_EDGE('',*,*,#2654,.F.);
#1759=ORIENTED_EDGE('',*,*,#2562,.T.);
#1760=CARTESIAN_POINT('',(-4.1,1.011305128479,1.547167406367));
#1761=DIRECTION('',(0.0,0.606724464111908,0.794912211912811));
#1762=DIRECTION('',(1.0,-0.0,0.0));
#1763=ORIENTED_EDGE('',*,*,#2654,.T.);
#1764=ORIENTED_EDGE('',*,*,#2655,.F.);
#1765=ORIENTED_EDGE('',*,*,#2656,.F.);
#1766=ORIENTED_EDGE('',*,*,#2563,.T.);
#1767=CARTESIAN_POINT('',(-4.1,0.893362698985,1.524312284734));
#1768=DIRECTION('',(0.0,-0.190242980997096,0.981737036166681));
#1769=DIRECTION('',(-1.0,0.0,0.0));
#1770=ORIENTED_EDGE('',*,*,#2656,.T.);
#1771=ORIENTED_EDGE('',*,*,#2657,.F.);
#1772=ORIENTED_EDGE('',*,*,#2658,.F.);
#1773=ORIENTED_EDGE('',*,*,#2564,.T.);
#1774=CARTESIAN_POINT('',(-4.1,0.896787072643,1.506641018083));
#1775=DIRECTION('',(1.0,-0.0,0.0));
#1776=DIRECTION('',(0.0,0.0,1.0));
#1777=ORIENTED_EDGE('',*,*,#2658,.T.);
#1778=ORIENTED_EDGE('',*,*,#2659,.F.);
#1779=ORIENTED_EDGE('',*,*,#2660,.F.);
#1780=ORIENTED_EDGE('',*,*,#2565,.T.);
#1781=CARTESIAN_POINT('',(-4.1,0.878787072643,1.124790120314));
#1782=DIRECTION('',(0.0,-1.0,0.0));
#1783=DIRECTION('',(0.0,0.0,-1.0));
#1784=ORIENTED_EDGE('',*,*,#2660,.T.);
#1785=ORIENTED_EDGE('',*,*,#2661,.F.);
#1786=ORIENTED_EDGE('',*,*,#2662,.F.);
#1787=ORIENTED_EDGE('',*,*,#2566,.T.);
#1788=CARTESIAN_POINT('',(-4.1,1.050980264651,1.039462461805));
#1789=DIRECTION('',(0.0,-0.444009746106191,-0.896021955848581));
#1790=DIRECTION('',(0.0,-0.896021955848581,0.444009746106191));
#1791=ORIENTED_EDGE('',*,*,#2662,.T.);
#1792=ORIENTED_EDGE('',*,*,#2663,.F.);
#1793=ORIENTED_EDGE('',*,*,#2664,.F.);
#1794=ORIENTED_EDGE('',*,*,#2567,.T.);
#1795=CARTESIAN_POINT('',(-4.1,1.022199045495,1.005548818617));
#1796=DIRECTION('',(0.0,-0.76244251101145,0.647055961569442));
#1797=DIRECTION('',(-1.0,0.0,0.0));
#1798=ORIENTED_EDGE('',*,*,#2664,.T.);
#1799=ORIENTED_EDGE('',*,*,#2665,.F.);
#1800=ORIENTED_EDGE('',*,*,#2666,.F.);
#1801=ORIENTED_EDGE('',*,*,#2568,.T.);
#1802=CARTESIAN_POINT('',(-4.1,0.878787072643,0.9777581575531));
#1803=DIRECTION('',(0.0,-0.190242980997096,0.981737036166681));
#1804=DIRECTION('',(-1.0,0.0,0.0));
#1805=ORIENTED_EDGE('',*,*,#2666,.T.);
#1806=ORIENTED_EDGE('',*,*,#2667,.F.);
#1807=ORIENTED_EDGE('',*,*,#2668,.F.);
#1808=ORIENTED_EDGE('',*,*,#2569,.T.);
#1809=CARTESIAN_POINT('',(-4.1,0.878787072643,0.9157581575531));
#1810=DIRECTION('',(0.0,-1.0,0.0));
#1811=DIRECTION('',(0.0,0.0,-1.0));
#1812=ORIENTED_EDGE('',*,*,#2668,.T.);
#1813=ORIENTED_EDGE('',*,*,#2669,.F.);
#1814=ORIENTED_EDGE('',*,*,#2670,.F.);
#1815=ORIENTED_EDGE('',*,*,#2570,.T.);
#1816=CARTESIAN_POINT('',(-4.1,1.218787072643,0.9816440426284));
#1817=DIRECTION('',(0.0,0.190242980997096,-0.981737036166681));
#1818=DIRECTION('',(-1.0,0.0,0.0));
#1819=ORIENTED_EDGE('',*,*,#2670,.T.);
#1820=ORIENTED_EDGE('',*,*,#2671,.F.);
#1821=ORIENTED_EDGE('',*,*,#2672,.F.);
#1822=ORIENTED_EDGE('',*,*,#2571,.T.);
#1823=CARTESIAN_POINT('',(-4.1,1.218787072643,0.8876440426284));
#1824=DIRECTION('',(0.0,-1.0,0.0));
#1825=DIRECTION('',(0.0,0.0,-1.0));
#1826=ORIENTED_EDGE('',*,*,#2672,.T.);
#1827=ORIENTED_EDGE('',*,*,#2673,.F.);
#1828=ORIENTED_EDGE('',*,*,#2674,.F.);
#1829=ORIENTED_EDGE('',*,*,#2572,.T.);
#1830=CARTESIAN_POINT('',(-4.1,1.069150313424,0.7651241554079));
#1831=DIRECTION('',(0.0,-0.633515923575406,0.773729652124307));
#1832=DIRECTION('',(-1.0,0.0,0.0));
#1833=ORIENTED_EDGE('',*,*,#2674,.T.);
#1834=ORIENTED_EDGE('',*,*,#2675,.F.);
#1835=ORIENTED_EDGE('',*,*,#2676,.F.);
#1836=ORIENTED_EDGE('',*,*,#2573,.T.);
#1837=CARTESIAN_POINT('',(-4.1,0.878787072643,0.8931876768671));
#1838=DIRECTION('',(0.0,0.558179625921499,0.829720136676299));
#1839=DIRECTION('',(1.0,-0.0,0.0));
#1840=ORIENTED_EDGE('',*,*,#2676,.T.);
#1841=ORIENTED_EDGE('',*,*,#2677,.F.);
#1842=ORIENTED_EDGE('',*,*,#2678,.F.);
#1843=ORIENTED_EDGE('',*,*,#2574,.T.);
#1844=CARTESIAN_POINT('',(-4.1,0.878787072643,0.8171876768671));
#1845=DIRECTION('',(0.0,-1.0,0.0));
#1846=DIRECTION('',(0.0,0.0,-1.0));
#1847=ORIENTED_EDGE('',*,*,#2678,.T.);
#1848=ORIENTED_EDGE('',*,*,#2679,.F.);
#1849=ORIENTED_EDGE('',*,*,#2680,.F.);
#1850=ORIENTED_EDGE('',*,*,#2575,.T.);
#1851=CARTESIAN_POINT('',(-4.1,1.018195392166,0.7234031823101));
#1852=DIRECTION('',(0.0,-0.558179625921499,-0.829720136676299));
#1853=DIRECTION('',(0.0,-0.829720136676299,0.558179625921499));
#1854=ORIENTED_EDGE('',*,*,#2680,.T.);
#1855=ORIENTED_EDGE('',*,*,#2681,.F.);
#1856=ORIENTED_EDGE('',*,*,#2682,.F.);
#1857=ORIENTED_EDGE('',*,*,#2576,.T.);
#1858=CARTESIAN_POINT('',(-4.1,0.878787072643,0.6092581575531));
#1859=DIRECTION('',(0.0,-0.633515923575406,0.773729652124307));
#1860=DIRECTION('',(-1.0,0.0,0.0));
#1861=ORIENTED_EDGE('',*,*,#2682,.T.);
#1862=ORIENTED_EDGE('',*,*,#2683,.F.);
#1863=ORIENTED_EDGE('',*,*,#2684,.F.);
#1864=ORIENTED_EDGE('',*,*,#2577,.T.);
#1865=CARTESIAN_POINT('',(-4.1,0.878787072643,0.5292581575531));
#1866=DIRECTION('',(0.0,-1.0,0.0));
#1867=DIRECTION('',(0.0,0.0,-1.0));
#1868=ORIENTED_EDGE('',*,*,#2684,.T.);
#1869=ORIENTED_EDGE('',*,*,#2685,.F.);
#1870=ORIENTED_EDGE('',*,*,#2686,.F.);
#1871=ORIENTED_EDGE('',*,*,#2578,.T.);
#1872=CARTESIAN_POINT('',(-4.1,1.071832151385,0.6873199960973));
#1873=DIRECTION('',(0.0,0.633515923575406,-0.773729652124307));
#1874=DIRECTION('',(-1.0,0.0,0.0));
#1875=ORIENTED_EDGE('',*,*,#2686,.T.);
#1876=ORIENTED_EDGE('',*,*,#2687,.F.);
#1877=ORIENTED_EDGE('',*,*,#2688,.F.);
#1878=ORIENTED_EDGE('',*,*,#2579,.T.);
#1879=CARTESIAN_POINT('',(-4.1,1.234787072643,0.5776949394435));
#1880=DIRECTION('',(0.0,-0.558179625921499,-0.829720136676299));
#1881=DIRECTION('',(0.0,-0.829720136676299,0.558179625921499));
#1882=ORIENTED_EDGE('',*,*,#2688,.T.);
#1883=ORIENTED_EDGE('',*,*,#2689,.F.);
#1884=ORIENTED_EDGE('',*,*,#2690,.F.);
#1885=ORIENTED_EDGE('',*,*,#2580,.T.);
#1886=CARTESIAN_POINT('',(-4.1,1.234787072643,0.6536949394435));
#1887=DIRECTION('',(-0.0,1.0,0.0));
#1888=DIRECTION('',(1.0,0.0,0.0));
#1889=ORIENTED_EDGE('',*,*,#2690,.T.);
#1890=ORIENTED_EDGE('',*,*,#2691,.F.);
#1891=ORIENTED_EDGE('',*,*,#2692,.F.);
#1892=ORIENTED_EDGE('',*,*,#2581,.T.);
#1893=CARTESIAN_POINT('',(-4.1,1.122787072643,0.729040969195));
#1894=DIRECTION('',(0.0,0.558179625921499,0.829720136676299));
#1895=DIRECTION('',(1.0,-0.0,0.0));
#1896=ORIENTED_EDGE('',*,*,#2692,.T.);
#1897=ORIENTED_EDGE('',*,*,#2693,.F.);
#1898=ORIENTED_EDGE('',*,*,#2694,.F.);
#1899=ORIENTED_EDGE('',*,*,#2582,.T.);
#1900=CARTESIAN_POINT('',(-4.1,1.234787072643,0.8207445548672));
#1901=DIRECTION('',(0.0,0.633515923575406,-0.773729652124307));
#1902=DIRECTION('',(-1.0,0.0,0.0));
#1903=ORIENTED_EDGE('',*,*,#2694,.T.);
#1904=ORIENTED_EDGE('',*,*,#2695,.F.);
#1905=ORIENTED_EDGE('',*,*,#2696,.F.);
#1906=ORIENTED_EDGE('',*,*,#2583,.T.);
#1907=CARTESIAN_POINT('',(-4.1,1.234787072643,1.046744554867));
#1908=DIRECTION('',(-0.0,1.0,0.0));
#1909=DIRECTION('',(1.0,0.0,0.0));
#1910=ORIENTED_EDGE('',*,*,#2696,.T.);
#1911=ORIENTED_EDGE('',*,*,#2697,.F.);
#1912=ORIENTED_EDGE('',*,*,#2698,.F.);
#1913=ORIENTED_EDGE('',*,*,#2584,.T.);
#1914=CARTESIAN_POINT('',(-4.1,1.119706170106,1.024443945694));
#1915=DIRECTION('',(0.0,-0.190242980997096,0.981737036166681));
#1916=DIRECTION('',(-1.0,0.0,0.0));
#1917=ORIENTED_EDGE('',*,*,#2698,.T.);
#1918=ORIENTED_EDGE('',*,*,#2699,.F.);
#1919=ORIENTED_EDGE('',*,*,#2700,.F.);
#1920=ORIENTED_EDGE('',*,*,#2585,.T.);
#1921=CARTESIAN_POINT('',(-4.1,1.234787072643,1.160046702659));
#1922=DIRECTION('',(0.0,0.76244251101145,-0.647055961569442));
#1923=DIRECTION('',(-1.0,0.0,0.0));
#1924=ORIENTED_EDGE('',*,*,#2700,.T.);
#1925=ORIENTED_EDGE('',*,*,#2701,.F.);
#1926=ORIENTED_EDGE('',*,*,#2702,.F.);
#1927=ORIENTED_EDGE('',*,*,#2586,.T.);
#1928=CARTESIAN_POINT('',(-4.1,1.234787072643,1.256046702659));
#1929=DIRECTION('',(-0.0,1.0,0.0));
#1930=DIRECTION('',(1.0,0.0,0.0));
#1931=ORIENTED_EDGE('',*,*,#2702,.T.);
#1932=ORIENTED_EDGE('',*,*,#2703,.F.);
#1933=ORIENTED_EDGE('',*,*,#2704,.F.);
#1934=ORIENTED_EDGE('',*,*,#2587,.T.);
#1935=CARTESIAN_POINT('',(-4.1,1.092318690165,1.088172580902));
#1936=DIRECTION('',(0.0,-0.76244251101145,0.647055961569442));
#1937=DIRECTION('',(-1.0,0.0,0.0));
#1938=ORIENTED_EDGE('',*,*,#2704,.T.);
#1939=ORIENTED_EDGE('',*,*,#2705,.F.);
#1940=ORIENTED_EDGE('',*,*,#2706,.F.);
#1941=ORIENTED_EDGE('',*,*,#2588,.T.);
#1942=CARTESIAN_POINT('',(-4.1,0.892787072643,1.187047371032));
#1943=DIRECTION('',(0.0,0.444009746106191,0.896021955848581));
#1944=DIRECTION('',(1.0,-0.0,0.0));
#1945=ORIENTED_EDGE('',*,*,#2706,.T.);
#1946=ORIENTED_EDGE('',*,*,#2707,.F.);
#1947=ORIENTED_EDGE('',*,*,#2708,.F.);
#1948=ORIENTED_EDGE('',*,*,#2589,.T.);
#1949=CARTESIAN_POINT('',(-4.1,0.892787072643,1.231047371032));
#1950=DIRECTION('',(-0.0,1.0,0.0));
#1951=DIRECTION('',(1.0,0.0,0.0));
#1952=ORIENTED_EDGE('',*,*,#2708,.T.);
#1953=ORIENTED_EDGE('',*,*,#2709,.F.);
#1954=ORIENTED_EDGE('',*,*,#2710,.F.);
#1955=ORIENTED_EDGE('',*,*,#2590,.T.);
#1956=CARTESIAN_POINT('',(-4.1,1.234787072643,1.297320820137));
#1957=DIRECTION('',(0.0,0.190242980997096,-0.981737036166681));
#1958=DIRECTION('',(-1.0,0.0,0.0));
#1959=ORIENTED_EDGE('',*,*,#2710,.T.);
#1960=ORIENTED_EDGE('',*,*,#2711,.F.);
#1961=ORIENTED_EDGE('',*,*,#2712,.F.);
#1962=ORIENTED_EDGE('',*,*,#2591,.T.);
#1963=CARTESIAN_POINT('',(-4.1,1.234787072643,1.359320820137));
#1964=DIRECTION('',(-0.0,1.0,0.0));
#1965=DIRECTION('',(1.0,0.0,0.0));
#1966=ORIENTED_EDGE('',*,*,#2712,.T.);
#1967=ORIENTED_EDGE('',*,*,#2713,.F.);
#1968=ORIENTED_EDGE('',*,*,#2714,.F.);
#1969=ORIENTED_EDGE('',*,*,#2592,.T.);
#1970=CARTESIAN_POINT('',(-4.1,0.940787072643,1.302348907749));
#1971=DIRECTION('',(0.0,-0.190242980997096,0.981737036166681));
#1972=DIRECTION('',(-1.0,0.0,0.0));
#1973=ORIENTED_EDGE('',*,*,#2714,.T.);
#1974=ORIENTED_EDGE('',*,*,#2715,.F.);
#1975=ORIENTED_EDGE('',*,*,#2716,.F.);
#1976=ORIENTED_EDGE('',*,*,#2593,.T.);
#1977=CARTESIAN_POINT('',(-4.1,0.940787072643,1.470348907749));
#1978=DIRECTION('',(-0.0,1.0,0.0));
#1979=DIRECTION('',(1.0,0.0,0.0));
#1980=ORIENTED_EDGE('',*,*,#2716,.T.);
#1981=ORIENTED_EDGE('',*,*,#2717,.F.);
#1982=ORIENTED_EDGE('',*,*,#2630,.F.);
#1983=ORIENTED_EDGE('',*,*,#2594,.T.);
#1984=CARTESIAN_POINT('',(-4.1,1.009362698985,1.483637630796));
#1985=DIRECTION('',(0.0,0.190242980997096,-0.981737036166681));
#1986=DIRECTION('',(-1.0,0.0,0.0));
#1987=ORIENTED_EDGE('',*,*,#2717,.T.);
#1988=ORIENTED_EDGE('',*,*,#2715,.T.);
#1989=ORIENTED_EDGE('',*,*,#2713,.T.);
#1990=ORIENTED_EDGE('',*,*,#2711,.T.);
#1991=ORIENTED_EDGE('',*,*,#2709,.T.);
#1992=ORIENTED_EDGE('',*,*,#2707,.T.);
#1993=ORIENTED_EDGE('',*,*,#2705,.T.);
#1994=ORIENTED_EDGE('',*,*,#2703,.T.);
#1995=ORIENTED_EDGE('',*,*,#2701,.T.);
#1996=ORIENTED_EDGE('',*,*,#2699,.T.);
#1997=ORIENTED_EDGE('',*,*,#2697,.T.);
#1998=ORIENTED_EDGE('',*,*,#2695,.T.);
#1999=ORIENTED_EDGE('',*,*,#2693,.T.);
#2000=ORIENTED_EDGE('',*,*,#2691,.T.);
#2001=ORIENTED_EDGE('',*,*,#2689,.T.);
#2002=ORIENTED_EDGE('',*,*,#2687,.T.);
#2003=ORIENTED_EDGE('',*,*,#2685,.T.);
#2004=ORIENTED_EDGE('',*,*,#2683,.T.);
#2005=ORIENTED_EDGE('',*,*,#2681,.T.);
#2006=ORIENTED_EDGE('',*,*,#2679,.T.);
#2007=ORIENTED_EDGE('',*,*,#2677,.T.);
#2008=ORIENTED_EDGE('',*,*,#2675,.T.);
#2009=ORIENTED_EDGE('',*,*,#2673,.T.);
#2010=ORIENTED_EDGE('',*,*,#2671,.T.);
#2011=ORIENTED_EDGE('',*,*,#2669,.T.);
#2012=ORIENTED_EDGE('',*,*,#2667,.T.);
#2013=ORIENTED_EDGE('',*,*,#2665,.T.);
#2014=ORIENTED_EDGE('',*,*,#2663,.T.);
#2015=ORIENTED_EDGE('',*,*,#2661,.T.);
#2016=ORIENTED_EDGE('',*,*,#2659,.T.);
#2017=ORIENTED_EDGE('',*,*,#2657,.T.);
#2018=ORIENTED_EDGE('',*,*,#2655,.T.);
#2019=ORIENTED_EDGE('',*,*,#2653,.T.);
#2020=ORIENTED_EDGE('',*,*,#2651,.T.);
#2021=ORIENTED_EDGE('',*,*,#2649,.T.);
#2022=ORIENTED_EDGE('',*,*,#2647,.T.);
#2023=ORIENTED_EDGE('',*,*,#2345,.T.);
#2024=ORIENTED_EDGE('',*,*,#2646,.T.);
#2025=ORIENTED_EDGE('',*,*,#2644,.T.);
#2026=ORIENTED_EDGE('',*,*,#2642,.T.);
#2027=ORIENTED_EDGE('',*,*,#2640,.T.);
#2028=ORIENTED_EDGE('',*,*,#2638,.T.);
#2029=ORIENTED_EDGE('',*,*,#2636,.T.);
#2030=ORIENTED_EDGE('',*,*,#2634,.T.);
#2031=ORIENTED_EDGE('',*,*,#2632,.T.);
#2032=ORIENTED_EDGE('',*,*,#2347,.T.);
#2033=ORIENTED_EDGE('',*,*,#2631,.T.);
#2034=CARTESIAN_POINT('',(-4.05,0.0,0.0));
#2035=DIRECTION('',(-1.0,0.0,0.0));
#2036=DIRECTION('',(0.0,0.0,1.0));
#2037=ORIENTED_EDGE('',*,*,#2718,.T.);
#2038=ORIENTED_EDGE('',*,*,#2534,.F.);
#2039=ORIENTED_EDGE('',*,*,#2543,.F.);
#2040=ORIENTED_EDGE('',*,*,#2464,.T.);
#2041=CARTESIAN_POINT('',(5.0,4.890782976827,-0.05));
#2042=DIRECTION('',(-0.0,1.0,0.0));
#2043=DIRECTION('',(1.0,0.0,0.0));
#2044=ORIENTED_EDGE('',*,*,#2719,.T.);
#2045=ORIENTED_EDGE('',*,*,#2535,.F.);
#2046=ORIENTED_EDGE('',*,*,#2718,.F.);
#2047=ORIENTED_EDGE('',*,*,#2463,.T.);
#2048=CARTESIAN_POINT('',(5.0,4.890782976827,0.9951350267379));
#2049=DIRECTION('',(0.0,0.0,-1.0));
#2050=DIRECTION('',(0.0,-1.0,0.0));
#2051=ORIENTED_EDGE('',*,*,#2536,.F.);
#2052=ORIENTED_EDGE('',*,*,#2719,.F.);
#2053=ORIENTED_EDGE('',*,*,#2462,.T.);
#2054=ORIENTED_EDGE('',*,*,#2471,.T.);
#2055=CARTESIAN_POINT('',(5.0,5.39070855615,0.9951350267379));
#2056=DIRECTION('',(0.0,-0.710449914836119,-0.703747766255319));
#2057=DIRECTION('',(0.0,0.703747766255319,-0.710449914836119));
#2058=ORIENTED_EDGE('',*,*,#2720,.T.);
#2059=ORIENTED_EDGE('',*,*,#2522,.T.);
#2060=ORIENTED_EDGE('',*,*,#2721,.T.);
#2061=ORIENTED_EDGE('',*,*,#2722,.F.);
#2062=ORIENTED_EDGE('',*,*,#2341,.F.);
#2063=CARTESIAN_POINT('',(0.0,0.0,0.0));
#2064=DIRECTION('',(0.0,-1.0,0.0));
#2065=DIRECTION('',(1.0,0.0,0.0));
#2066=ORIENTED_EDGE('',*,*,#2339,.T.);
#2067=ORIENTED_EDGE('',*,*,#2722,.T.);
#2068=ORIENTED_EDGE('',*,*,#2723,.F.);
#2069=ORIENTED_EDGE('',*,*,#2724,.F.);
#2070=CARTESIAN_POINT('',(0.0,5.300000000812,0.0));
#2071=DIRECTION('',(-0.0,-1.0,-0.0));
#2072=DIRECTION('',(0.0,0.0,-1.0));
#2073=ORIENTED_EDGE('',*,*,#2725,.T.);
#2074=ORIENTED_EDGE('',*,*,#2338,.T.);
#2075=ORIENTED_EDGE('',*,*,#2340,.T.);
#2076=ORIENTED_EDGE('',*,*,#2724,.T.);
#2077=CARTESIAN_POINT('',(0.0,5.5,0.0));
#2078=DIRECTION('',(-0.0,1.0,0.0));
#2079=DIRECTION('',(1.0,0.0,0.0));
#2080=ORIENTED_EDGE('',*,*,#2335,.T.);
#2081=ORIENTED_EDGE('',*,*,#2725,.F.);
#2082=ORIENTED_EDGE('',*,*,#2723,.T.);
#2083=ORIENTED_EDGE('',*,*,#2726,.T.);
#2084=CARTESIAN_POINT('',(0.0,5.300000000812,0.0));
#2085=DIRECTION('',(-0.0,-1.0,-0.0));
#2086=DIRECTION('',(0.0,0.0,-1.0));
#2087=ORIENTED_EDGE('',*,*,#2721,.F.);
#2088=ORIENTED_EDGE('',*,*,#2521,.T.);
#2089=ORIENTED_EDGE('',*,*,#2720,.F.);
#2090=ORIENTED_EDGE('',*,*,#2336,.F.);
#2091=ORIENTED_EDGE('',*,*,#2726,.F.);
#2092=CARTESIAN_POINT('',(0.0,0.0,0.0));
#2093=DIRECTION('',(0.0,-1.0,0.0));
#2094=DIRECTION('',(1.0,0.0,0.0));
#2095=ORIENTED_EDGE('',*,*,#2727,.F.);
#2096=ORIENTED_EDGE('',*,*,#2524,.T.);
#2097=ORIENTED_EDGE('',*,*,#2728,.T.);
#2098=ORIENTED_EDGE('',*,*,#2729,.F.);
#2099=ORIENTED_EDGE('',*,*,#2334,.F.);
#2100=CARTESIAN_POINT('',(2.5,0.0,0.0));
#2101=DIRECTION('',(0.0,-1.0,0.0));
#2102=DIRECTION('',(1.0,0.0,0.0));
#2103=ORIENTED_EDGE('',*,*,#2332,.T.);
#2104=ORIENTED_EDGE('',*,*,#2729,.T.);
#2105=ORIENTED_EDGE('',*,*,#2730,.F.);
#2106=ORIENTED_EDGE('',*,*,#2731,.F.);
#2107=CARTESIAN_POINT('',(2.5,5.300000000812,0.0));
#2108=DIRECTION('',(-0.0,-1.0,-0.0));
#2109=DIRECTION('',(0.0,0.0,-1.0));
#2110=ORIENTED_EDGE('',*,*,#2732,.T.);
#2111=ORIENTED_EDGE('',*,*,#2331,.T.);
#2112=ORIENTED_EDGE('',*,*,#2333,.T.);
#2113=ORIENTED_EDGE('',*,*,#2731,.T.);
#2114=CARTESIAN_POINT('',(2.5,5.5,0.0));
#2115=DIRECTION('',(-0.0,1.0,0.0));
#2116=DIRECTION('',(1.0,0.0,0.0));
#2117=ORIENTED_EDGE('',*,*,#2328,.T.);
#2118=ORIENTED_EDGE('',*,*,#2732,.F.);
#2119=ORIENTED_EDGE('',*,*,#2730,.T.);
#2120=ORIENTED_EDGE('',*,*,#2733,.T.);
#2121=CARTESIAN_POINT('',(2.5,5.300000000812,0.0));
#2122=DIRECTION('',(-0.0,-1.0,-0.0));
#2123=DIRECTION('',(0.0,0.0,-1.0));
#2124=ORIENTED_EDGE('',*,*,#2728,.F.);
#2125=ORIENTED_EDGE('',*,*,#2523,.T.);
#2126=ORIENTED_EDGE('',*,*,#2727,.T.);
#2127=ORIENTED_EDGE('',*,*,#2329,.F.);
#2128=ORIENTED_EDGE('',*,*,#2733,.F.);
#2129=CARTESIAN_POINT('',(2.5,0.0,0.0));
#2130=DIRECTION('',(0.0,-1.0,0.0));
#2131=DIRECTION('',(1.0,0.0,0.0));
#2132=ORIENTED_EDGE('',*,*,#2734,.F.);
#2133=ORIENTED_EDGE('',*,*,#2526,.T.);
#2134=ORIENTED_EDGE('',*,*,#2735,.T.);
#2135=ORIENTED_EDGE('',*,*,#2736,.F.);
#2136=ORIENTED_EDGE('',*,*,#2327,.F.);
#2137=CARTESIAN_POINT('',(-2.5,0.0,0.0));
#2138=DIRECTION('',(0.0,-1.0,0.0));
#2139=DIRECTION('',(1.0,0.0,0.0));
#2140=ORIENTED_EDGE('',*,*,#2325,.T.);
#2141=ORIENTED_EDGE('',*,*,#2736,.T.);
#2142=ORIENTED_EDGE('',*,*,#2737,.F.);
#2143=ORIENTED_EDGE('',*,*,#2738,.F.);
#2144=CARTESIAN_POINT('',(-2.5,5.300000000812,0.0));
#2145=DIRECTION('',(-0.0,-1.0,-0.0));
#2146=DIRECTION('',(0.0,0.0,-1.0));
#2147=ORIENTED_EDGE('',*,*,#2739,.T.);
#2148=ORIENTED_EDGE('',*,*,#2324,.T.);
#2149=ORIENTED_EDGE('',*,*,#2326,.T.);
#2150=ORIENTED_EDGE('',*,*,#2738,.T.);
#2151=CARTESIAN_POINT('',(-2.5,5.5,0.0));
#2152=DIRECTION('',(-0.0,1.0,0.0));
#2153=DIRECTION('',(1.0,0.0,0.0));
#2154=ORIENTED_EDGE('',*,*,#2321,.T.);
#2155=ORIENTED_EDGE('',*,*,#2739,.F.);
#2156=ORIENTED_EDGE('',*,*,#2737,.T.);
#2157=ORIENTED_EDGE('',*,*,#2740,.T.);
#2158=CARTESIAN_POINT('',(-2.5,5.300000000812,0.0));
#2159=DIRECTION('',(-0.0,-1.0,-0.0));
#2160=DIRECTION('',(0.0,0.0,-1.0));
#2161=ORIENTED_EDGE('',*,*,#2735,.F.);
#2162=ORIENTED_EDGE('',*,*,#2525,.T.);
#2163=ORIENTED_EDGE('',*,*,#2734,.T.);
#2164=ORIENTED_EDGE('',*,*,#2322,.F.);
#2165=ORIENTED_EDGE('',*,*,#2740,.F.);
#2166=CARTESIAN_POINT('',(-2.5,0.0,0.0));
#2167=DIRECTION('',(0.0,-1.0,0.0));
#2168=DIRECTION('',(1.0,0.0,0.0));
#2169=ORIENTED_EDGE('',*,*,#2428,.F.);
#2170=ORIENTED_EDGE('',*,*,#2444,.F.);
#2171=ORIENTED_EDGE('',*,*,#2451,.F.);
#2172=ORIENTED_EDGE('',*,*,#2410,.T.);
#2173=ORIENTED_EDGE('',*,*,#2741,.T.);
#2174=CARTESIAN_POINT('',(-1.925,-2.0,3.05));
#2175=DIRECTION('',(0.980580675690916,0.196116135138203,0.0));
#2176=DIRECTION('',(0.0,0.0,-1.0));
#2177=ORIENTED_EDGE('',*,*,#2409,.F.);
#2178=ORIENTED_EDGE('',*,*,#2369,.T.);
#2179=ORIENTED_EDGE('',*,*,#2429,.F.);
#2180=ORIENTED_EDGE('',*,*,#2741,.F.);
#2181=CARTESIAN_POINT('',(-2.125,-1.0,3.05));
#2182=DIRECTION('',(1.0,0.0,0.0));
#2183=DIRECTION('',(0.0,1.0,0.0));
#2184=ORIENTED_EDGE('',*,*,#2742,.F.);
#2185=ORIENTED_EDGE('',*,*,#2407,.F.);
#2186=ORIENTED_EDGE('',*,*,#2450,.T.);
#2187=ORIENTED_EDGE('',*,*,#2442,.T.);
#2188=ORIENTED_EDGE('',*,*,#2426,.F.);
#2189=CARTESIAN_POINT('',(-0.375,-1.0,3.05));
#2190=DIRECTION('',(-0.980580675690916,0.196116135138203,0.0));
#2191=DIRECTION('',(0.0,0.0,1.0));
#2192=ORIENTED_EDGE('',*,*,#2350,.F.);
#2193=ORIENTED_EDGE('',*,*,#2408,.T.);
#2194=ORIENTED_EDGE('',*,*,#2742,.T.);
#2195=ORIENTED_EDGE('',*,*,#2425,.F.);
#2196=CARTESIAN_POINT('',(-0.375,0.0,3.05));
#2197=DIRECTION('',(-1.0,0.0,0.0));
#2198=DIRECTION('',(0.0,0.0,1.0));
#2199=ORIENTED_EDGE('',*,*,#2374,.T.);
#2200=ORIENTED_EDGE('',*,*,#2743,.T.);
#2201=ORIENTED_EDGE('',*,*,#2744,.F.);
#2202=ORIENTED_EDGE('',*,*,#2745,.F.);
#2203=CARTESIAN_POINT('',(-2.5,1.95,0.0));
#2204=DIRECTION('',(0.0,1.0,0.0));
#2205=DIRECTION('',(0.0,0.0,-1.0));
#2206=ORIENTED_EDGE('',*,*,#2746,.F.);
#2207=ORIENTED_EDGE('',*,*,#2743,.F.);
#2208=ORIENTED_EDGE('',*,*,#2373,.T.);
#2209=ORIENTED_EDGE('',*,*,#2745,.T.);
#2210=CARTESIAN_POINT('',(-2.5,1.95,0.0));
#2211=DIRECTION('',(0.0,1.0,0.0));
#2212=DIRECTION('',(0.0,0.0,-1.0));
#2213=ORIENTED_EDGE('',*,*,#2747,.T.);
#2214=ORIENTED_EDGE('',*,*,#2748,.F.);
#2215=ORIENTED_EDGE('',*,*,#2749,.F.);
#2216=ORIENTED_EDGE('',*,*,#2746,.T.);
#2217=CARTESIAN_POINT('',(-2.5,-0.1,-0.45));
#2218=DIRECTION('',(1.0,0.0,0.0));
#2219=DIRECTION('',(0.0,0.0,-1.0));
#2220=ORIENTED_EDGE('',*,*,#2749,.T.);
#2221=ORIENTED_EDGE('',*,*,#2750,.F.);
#2222=ORIENTED_EDGE('',*,*,#2747,.F.);
#2223=ORIENTED_EDGE('',*,*,#2744,.T.);
#2224=CARTESIAN_POINT('',(-2.5,-0.1,-0.45));
#2225=DIRECTION('',(1.0,0.0,0.0));
#2226=DIRECTION('',(0.0,0.0,-1.0));
#2227=ORIENTED_EDGE('',*,*,#2751,.F.);
#2228=ORIENTED_EDGE('',*,*,#2750,.T.);
#2229=ORIENTED_EDGE('',*,*,#2752,.T.);
#2230=ORIENTED_EDGE('',*,*,#2753,.F.);
#2231=CARTESIAN_POINT('',(-2.5,-0.55,-0.45));
#2232=DIRECTION('',(-0.0,0.0,1.0));
#2233=DIRECTION('',(0.0,1.0,0.0));
#2234=ORIENTED_EDGE('',*,*,#2754,.T.);
#2235=ORIENTED_EDGE('',*,*,#2753,.T.);
#2236=ORIENTED_EDGE('',*,*,#2755,.F.);
#2237=ORIENTED_EDGE('',*,*,#2756,.F.);
#2238=CARTESIAN_POINT('',(-2.5,-0.55,-5.150000000812));
#2239=DIRECTION('',(-0.0,0.0,1.0));
#2240=DIRECTION('',(0.0,-1.0,0.0));
#2241=ORIENTED_EDGE('',*,*,#2756,.T.);
#2242=ORIENTED_EDGE('',*,*,#2757,.T.);
#2243=CARTESIAN_POINT('',(-2.5,-0.55,-5.35));
#2244=DIRECTION('',(0.0,0.0,-1.0));
#2245=DIRECTION('',(0.0,-1.0,0.0));
#2246=ORIENTED_EDGE('',*,*,#2755,.T.);
#2247=ORIENTED_EDGE('',*,*,#2758,.T.);
#2248=ORIENTED_EDGE('',*,*,#2754,.F.);
#2249=ORIENTED_EDGE('',*,*,#2757,.F.);
#2250=CARTESIAN_POINT('',(-2.5,-0.55,-5.150000000812));
#2251=DIRECTION('',(-0.0,0.0,1.0));
#2252=DIRECTION('',(0.0,-1.0,0.0));
#2253=ORIENTED_EDGE('',*,*,#2752,.F.);
#2254=ORIENTED_EDGE('',*,*,#2748,.T.);
#2255=ORIENTED_EDGE('',*,*,#2751,.T.);
#2256=ORIENTED_EDGE('',*,*,#2758,.F.);
#2257=CARTESIAN_POINT('',(-2.5,-0.55,-0.45));
#2258=DIRECTION('',(-0.0,0.0,1.0));
#2259=DIRECTION('',(0.0,1.0,0.0));
#2260=ORIENTED_EDGE('',*,*,#2376,.T.);
#2261=ORIENTED_EDGE('',*,*,#2759,.T.);
#2262=ORIENTED_EDGE('',*,*,#2760,.F.);
#2263=ORIENTED_EDGE('',*,*,#2761,.F.);
#2264=CARTESIAN_POINT('',(0.0,1.95,0.0));
#2265=DIRECTION('',(0.0,1.0,0.0));
#2266=DIRECTION('',(0.0,0.0,-1.0));
#2267=ORIENTED_EDGE('',*,*,#2762,.F.);
#2268=ORIENTED_EDGE('',*,*,#2759,.F.);
#2269=ORIENTED_EDGE('',*,*,#2375,.T.);
#2270=ORIENTED_EDGE('',*,*,#2761,.T.);
#2271=CARTESIAN_POINT('',(0.0,1.95,0.0));
#2272=DIRECTION('',(0.0,1.0,0.0));
#2273=DIRECTION('',(0.0,0.0,-1.0));
#2274=ORIENTED_EDGE('',*,*,#2763,.T.);
#2275=ORIENTED_EDGE('',*,*,#2764,.F.);
#2276=ORIENTED_EDGE('',*,*,#2765,.F.);
#2277=ORIENTED_EDGE('',*,*,#2762,.T.);
#2278=CARTESIAN_POINT('',(0.0,-0.1,-0.45));
#2279=DIRECTION('',(1.0,0.0,0.0));
#2280=DIRECTION('',(0.0,0.0,-1.0));
#2281=ORIENTED_EDGE('',*,*,#2765,.T.);
#2282=ORIENTED_EDGE('',*,*,#2766,.F.);
#2283=ORIENTED_EDGE('',*,*,#2763,.F.);
#2284=ORIENTED_EDGE('',*,*,#2760,.T.);
#2285=CARTESIAN_POINT('',(0.0,-0.1,-0.45));
#2286=DIRECTION('',(1.0,0.0,0.0));
#2287=DIRECTION('',(0.0,0.0,-1.0));
#2288=ORIENTED_EDGE('',*,*,#2767,.F.);
#2289=ORIENTED_EDGE('',*,*,#2766,.T.);
#2290=ORIENTED_EDGE('',*,*,#2768,.T.);
#2291=ORIENTED_EDGE('',*,*,#2769,.F.);
#2292=CARTESIAN_POINT('',(0.0,-0.55,-0.45));
#2293=DIRECTION('',(-0.0,0.0,1.0));
#2294=DIRECTION('',(0.0,1.0,0.0));
#2295=ORIENTED_EDGE('',*,*,#2770,.T.);
#2296=ORIENTED_EDGE('',*,*,#2769,.T.);
#2297=ORIENTED_EDGE('',*,*,#2771,.F.);
#2298=ORIENTED_EDGE('',*,*,#2772,.F.);
#2299=CARTESIAN_POINT('',(0.0,-0.55,-5.150000000812));
#2300=DIRECTION('',(-0.0,0.0,1.0));
#2301=DIRECTION('',(0.0,-1.0,0.0));
#2302=ORIENTED_EDGE('',*,*,#2772,.T.);
#2303=ORIENTED_EDGE('',*,*,#2773,.T.);
#2304=CARTESIAN_POINT('',(0.0,-0.55,-5.35));
#2305=DIRECTION('',(0.0,0.0,-1.0));
#2306=DIRECTION('',(0.0,-1.0,0.0));
#2307=ORIENTED_EDGE('',*,*,#2771,.T.);
#2308=ORIENTED_EDGE('',*,*,#2774,.T.);
#2309=ORIENTED_EDGE('',*,*,#2770,.F.);
#2310=ORIENTED_EDGE('',*,*,#2773,.F.);
#2311=CARTESIAN_POINT('',(0.0,-0.55,-5.150000000812));
#2312=DIRECTION('',(-0.0,0.0,1.0));
#2313=DIRECTION('',(0.0,-1.0,0.0));
#2314=ORIENTED_EDGE('',*,*,#2768,.F.);
#2315=ORIENTED_EDGE('',*,*,#2764,.T.);
#2316=ORIENTED_EDGE('',*,*,#2767,.T.);
#2317=ORIENTED_EDGE('',*,*,#2774,.F.);
#2318=CARTESIAN_POINT('',(0.0,-0.55,-0.45));
#2319=DIRECTION('',(-0.0,0.0,1.0));
#2320=DIRECTION('',(0.0,1.0,0.0));
#2321=EDGE_CURVE('',#2775,#2776,#2777,.T.);
#2322=EDGE_CURVE('',#2775,#2778,#2779,.T.);
#2323=EDGE_CURVE('',#2780,#2778,#2781,.T.);
#2324=EDGE_CURVE('',#2776,#2780,#2782,.T.);
#2325=EDGE_CURVE('',#2783,#2784,#2785,.T.);
#2326=EDGE_CURVE('',#2780,#2783,#2786,.T.);
#2327=EDGE_CURVE('',#2778,#2784,#2787,.T.);
#2328=EDGE_CURVE('',#2788,#2789,#2790,.T.);
#2329=EDGE_CURVE('',#2788,#2791,#2792,.T.);
#2330=EDGE_CURVE('',#2793,#2791,#2794,.T.);
#2331=EDGE_CURVE('',#2789,#2793,#2795,.T.);
#2332=EDGE_CURVE('',#2796,#2797,#2798,.T.);
#2333=EDGE_CURVE('',#2793,#2796,#2799,.T.);
#2334=EDGE_CURVE('',#2791,#2797,#2800,.T.);
#2335=EDGE_CURVE('',#2801,#2802,#2803,.T.);
#2336=EDGE_CURVE('',#2801,#2804,#2805,.T.);
#2337=EDGE_CURVE('',#2806,#2804,#2807,.T.);
#2338=EDGE_CURVE('',#2802,#2806,#2808,.T.);
#2339=EDGE_CURVE('',#2809,#2810,#2811,.T.);
#2340=EDGE_CURVE('',#2806,#2809,#2812,.T.);
#2341=EDGE_CURVE('',#2804,#2810,#2813,.T.);
#2342=EDGE_CURVE('',#2814,#2815,#2816,.T.);
#2343=EDGE_CURVE('',#2814,#2817,#2818,.T.);
#2344=EDGE_CURVE('',#2817,#2819,#2820,.T.);
#2345=EDGE_CURVE('',#2815,#2819,#2821,.T.);
#2346=EDGE_CURVE('',#2822,#2823,#2824,.T.);
#2347=EDGE_CURVE('',#2825,#2822,#2826,.T.);
#2348=EDGE_CURVE('',#2827,#2825,#2828,.T.);
#2349=EDGE_CURVE('',#2823,#2827,#2829,.T.);
#2350=EDGE_CURVE('',#2830,#2831,#2832,.T.);
#2351=EDGE_CURVE('',#2833,#2831,#2834,.T.);
#2352=EDGE_CURVE('',#2835,#2833,#2836,.T.);
#2353=EDGE_CURVE('',#2835,#2837,#2838,.T.);
#2354=EDGE_CURVE('',#2837,#2839,#2840,.T.);
#2355=EDGE_CURVE('',#2841,#2839,#2842,.T.);
#2356=EDGE_CURVE('',#2843,#2841,#2844,.T.);
#2357=EDGE_CURVE('',#2843,#2845,#2846,.T.);
#2358=EDGE_CURVE('',#2847,#2845,#2848,.T.);
#2359=EDGE_CURVE('',#2847,#2849,#2850,.T.);
#2360=EDGE_CURVE('',#2851,#2849,#2852,.T.);
#2361=EDGE_CURVE('',#2853,#2851,#2854,.T.);
#2362=EDGE_CURVE('',#2853,#2855,#2856,.T.);
#2363=EDGE_CURVE('',#2857,#2855,#2858,.T.);
#2364=EDGE_CURVE('',#2859,#2857,#2860,.T.);
#2365=EDGE_CURVE('',#2861,#2859,#2862,.T.);
#2366=EDGE_CURVE('',#2861,#2863,#2864,.T.);
#2367=EDGE_CURVE('',#2863,#2865,#2866,.T.);
#2368=EDGE_CURVE('',#2867,#2865,#2868,.T.);
#2369=EDGE_CURVE('',#2869,#2867,#2870,.T.);
#2370=EDGE_CURVE('',#2869,#2830,#2871,.T.);
#2371=EDGE_CURVE('',#2872,#2873,#2874,.T.);
#2372=EDGE_CURVE('',#2873,#2872,#2875,.T.);
#2373=EDGE_CURVE('',#2876,#2877,#2878,.T.);
#2374=EDGE_CURVE('',#2877,#2876,#2879,.T.);
#2375=EDGE_CURVE('',#2880,#2881,#2882,.T.);
#2376=EDGE_CURVE('',#2881,#2880,#2883,.T.);
#2377=EDGE_CURVE('',#2872,#2884,#2885,.T.);
#2378=EDGE_CURVE('',#2886,#2884,#2887,.T.);
#2379=EDGE_CURVE('',#2873,#2886,#2888,.T.);
#2380=EDGE_CURVE('',#2884,#2886,#2889,.T.);
#2381=EDGE_CURVE('',#2886,#2890,#2891,.T.);
#2382=EDGE_CURVE('',#2892,#2890,#2893,.T.);
#2383=EDGE_CURVE('',#2884,#2892,#2894,.T.);
#2384=EDGE_CURVE('',#2890,#2892,#2895,.T.);
#2385=EDGE_CURVE('',#2890,#2896,#2897,.T.);
#2386=EDGE_CURVE('',#2892,#2898,#2899,.T.);
#2387=EDGE_CURVE('',#2896,#2898,#2900,.T.);
#2388=EDGE_CURVE('',#2901,#2896,#2902,.T.);
#2389=EDGE_CURVE('',#2903,#2898,#2904,.T.);
#2390=EDGE_CURVE('',#2901,#2903,#2905,.T.);
#2391=EDGE_CURVE('',#2903,#2901,#2906,.T.);
#2392=EDGE_CURVE('',#2898,#2896,#2907,.T.);
#2393=EDGE_CURVE('',#2835,#2908,#2909,.T.);
#2394=EDGE_CURVE('',#2910,#2908,#2911,.T.);
#2395=EDGE_CURVE('',#2912,#2910,#2913,.T.);
#2396=EDGE_CURVE('',#2912,#2914,#2915,.T.);
#2397=EDGE_CURVE('',#2837,#2914,#2916,.T.);
#2398=EDGE_CURVE('',#2917,#2918,#2919,.T.);
#2399=EDGE_CURVE('',#2845,#2917,#2920,.T.);
#2400=EDGE_CURVE('',#2843,#2921,#2922,.T.);
#2401=EDGE_CURVE('',#2918,#2921,#2923,.T.);
#2402=EDGE_CURVE('',#2861,#2924,#2925,.T.);
#2403=EDGE_CURVE('',#2926,#2924,#2927,.T.);
#2404=EDGE_CURVE('',#2926,#2928,#2929,.T.);
#2405=EDGE_CURVE('',#2863,#2928,#2930,.T.);
#2406=EDGE_CURVE('',#2931,#2932,#2933,.T.);
#2407=EDGE_CURVE('',#2931,#2934,#2935,.T.);
#2408=EDGE_CURVE('',#2830,#2934,#2936,.T.);
#2409=EDGE_CURVE('',#2869,#2937,#2938,.T.);
#2410=EDGE_CURVE('',#2932,#2937,#2939,.T.);
#2411=EDGE_CURVE('',#2914,#2940,#2941,.T.);
#2412=EDGE_CURVE('',#2839,#2940,#2942,.T.);
#2413=EDGE_CURVE('',#2943,#2944,#2945,.T.);
#2414=EDGE_CURVE('',#2944,#2946,#2947,.T.);
#2415=EDGE_CURVE('',#2946,#2948,#2949,.T.);
#2416=EDGE_CURVE('',#2950,#2948,#2951,.T.);
#2417=EDGE_CURVE('',#2952,#2950,#2953,.T.);
#2418=EDGE_CURVE('',#2952,#2954,#2955,.T.);
#2419=EDGE_CURVE('',#2954,#2956,#2957,.T.);
#2420=EDGE_CURVE('',#2956,#2841,#2958,.T.);
#2421=EDGE_CURVE('',#2940,#2959,#2960,.T.);
#2422=EDGE_CURVE('',#2959,#2961,#2962,.T.);
#2423=EDGE_CURVE('',#2961,#2963,#2964,.T.);
#2424=EDGE_CURVE('',#2963,#2833,#2965,.T.);
#2425=EDGE_CURVE('',#2831,#2966,#2967,.T.);
#2426=EDGE_CURVE('',#2966,#2968,#2969,.T.);
#2427=EDGE_CURVE('',#2968,#2970,#2971,.T.);
#2428=EDGE_CURVE('',#2970,#2972,#2973,.T.);
#2429=EDGE_CURVE('',#2972,#2867,#2974,.T.);
#2430=EDGE_CURVE('',#2865,#2943,#2975,.T.);
#2431=EDGE_CURVE('',#2928,#2943,#2976,.T.);
#2432=EDGE_CURVE('',#2926,#2977,#2978,.T.);
#2433=EDGE_CURVE('',#2977,#2944,#2979,.T.);
#2434=EDGE_CURVE('',#2980,#2981,#2982,.T.);
#2435=EDGE_CURVE('',#2981,#2961,#2983,.T.);
#2436=EDGE_CURVE('',#2980,#2959,#2984,.T.);
#2437=EDGE_CURVE('',#2985,#2952,#2986,.T.);
#2438=EDGE_CURVE('',#2985,#2987,#2988,.T.);
#2439=EDGE_CURVE('',#2987,#2954,#2989,.T.);
#2440=EDGE_CURVE('',#2977,#2990,#2991,.T.);
#2441=EDGE_CURVE('',#2990,#2946,#2992,.T.);
#2442=EDGE_CURVE('',#2993,#2968,#2994,.T.);
#2443=EDGE_CURVE('',#2993,#2995,#2996,.T.);
#2444=EDGE_CURVE('',#2995,#2970,#2997,.T.);
#2445=EDGE_CURVE('',#2912,#2980,#2998,.T.);
#2446=EDGE_CURVE('',#2910,#2981,#2999,.T.);
#2447=EDGE_CURVE('',#2917,#2985,#3000,.T.);
#2448=EDGE_CURVE('',#2918,#2987,#3001,.T.);
#2449=EDGE_CURVE('',#2924,#2990,#3002,.T.);
#2450=EDGE_CURVE('',#2931,#2993,#3003,.T.);
#2451=EDGE_CURVE('',#2932,#2995,#3004,.T.);
#2452=EDGE_CURVE('',#2908,#2963,#3005,.T.);
#2453=EDGE_CURVE('',#2921,#2956,#3006,.T.);
#2454=EDGE_CURVE('',#3007,#3008,#3009,.T.);
#2455=EDGE_CURVE('',#3010,#3007,#3011,.T.);
#2456=EDGE_CURVE('',#3010,#3012,#3013,.T.);
#2457=EDGE_CURVE('',#3012,#3014,#3015,.T.);
#2458=EDGE_CURVE('',#3016,#3014,#3017,.T.);
#2459=EDGE_CURVE('',#3018,#3016,#3019,.T.);
#2460=EDGE_CURVE('',#3008,#3018,#3020,.T.);
#2461=EDGE_CURVE('',#3021,#2950,#3022,.T.);
#2462=EDGE_CURVE('',#3023,#3021,#3024,.T.);
#2463=EDGE_CURVE('',#3025,#3023,#3026,.T.);
#2464=EDGE_CURVE('',#3027,#3025,#3028,.T.);
#2465=EDGE_CURVE('',#2847,#3027,#3029,.T.);
#2466=EDGE_CURVE('',#3018,#3030,#3031,.T.);
#2467=EDGE_CURVE('',#3032,#3030,#3033,.T.);
#2468=EDGE_CURVE('',#3008,#3032,#3034,.T.);
#2469=EDGE_CURVE('',#3035,#3036,#3037,.T.);
#2470=EDGE_CURVE('',#3038,#3036,#3039,.T.);
#2471=EDGE_CURVE('',#3021,#3038,#3040,.T.);
#2472=EDGE_CURVE('',#2948,#3041,#3042,.T.);
#2473=EDGE_CURVE('',#3041,#3043,#3044,.T.);
#2474=EDGE_CURVE('',#3043,#3045,#3046,.T.);
#2475=EDGE_CURVE('',#3047,#3045,#3048,.T.);
#2476=EDGE_CURVE('',#3047,#3049,#3050,.T.);
#2477=EDGE_CURVE('',#3049,#3035,#3051,.T.);
#2478=EDGE_CURVE('',#3052,#3053,#3054,.T.);
#2479=EDGE_CURVE('',#3055,#3053,#3056,.T.);
#2480=EDGE_CURVE('',#3055,#3057,#3058,.T.);
#2481=EDGE_CURVE('',#3057,#3007,#3059,.T.);
#2482=EDGE_CURVE('',#3032,#3060,#3061,.T.);
#2483=EDGE_CURVE('',#3060,#3052,#3062,.T.);
#2484=EDGE_CURVE('',#3035,#3063,#3064,.T.);
#2485=EDGE_CURVE('',#3065,#3049,#3066,.T.);
#2486=EDGE_CURVE('',#3065,#3063,#3067,.T.);
#2487=EDGE_CURVE('',#3068,#3069,#3070,.T.);
#2488=EDGE_CURVE('',#3071,#3068,#3072,.T.);
#2489=EDGE_CURVE('',#3071,#3073,#3074,.T.);
#2490=EDGE_CURVE('',#3073,#3075,#3076,.T.);
#2491=EDGE_CURVE('',#3077,#3075,#3078,.T.);
#2492=EDGE_CURVE('',#3079,#3077,#3080,.T.);
#2493=EDGE_CURVE('',#3063,#3079,#3081,.T.);
#2494=EDGE_CURVE('',#3065,#3082,#3083,.T.);
#2495=EDGE_CURVE('',#3084,#3082,#3085,.T.);
#2496=EDGE_CURVE('',#3084,#3086,#3087,.T.);
#2497=EDGE_CURVE('',#3086,#3069,#3088,.T.);
#2498=EDGE_CURVE('',#3086,#3089,#3090,.T.);
#2499=EDGE_CURVE('',#3089,#3091,#3092,.T.);
#2500=EDGE_CURVE('',#3091,#3069,#3093,.T.);
#2501=EDGE_CURVE('',#3094,#3091,#3095,.T.);
#2502=EDGE_CURVE('',#3094,#3068,#3096,.T.);
#2503=EDGE_CURVE('',#3082,#3097,#3098,.T.);
#2504=EDGE_CURVE('',#3097,#3099,#3100,.T.);
#2505=EDGE_CURVE('',#3099,#3101,#3102,.T.);
#2506=EDGE_CURVE('',#3103,#3101,#3104,.T.);
#2507=EDGE_CURVE('',#3105,#3103,#3106,.T.);
#2508=EDGE_CURVE('',#3105,#3107,#3108,.T.);
#2509=EDGE_CURVE('',#3107,#3109,#3110,.T.);
#2510=EDGE_CURVE('',#3109,#3111,#3112,.T.);
#2511=EDGE_CURVE('',#3111,#3113,#3114,.T.);
#2512=EDGE_CURVE('',#3113,#3115,#3116,.T.);
#2513=EDGE_CURVE('',#3117,#3115,#3118,.T.);
#2514=EDGE_CURVE('',#3117,#3119,#3120,.T.);
#2515=EDGE_CURVE('',#3119,#3079,#3121,.T.);
#2516=EDGE_CURVE('',#3122,#3077,#3123,.T.);
#2517=EDGE_CURVE('',#3124,#3122,#3125,.T.);
#2518=EDGE_CURVE('',#3071,#3124,#3126,.T.);
#2519=EDGE_CURVE('',#3127,#3094,#3128,.T.);
#2520=EDGE_CURVE('',#3084,#3127,#3129,.T.);
#2521=EDGE_CURVE('',#3130,#3131,#3132,.T.);
#2522=EDGE_CURVE('',#3131,#3130,#3133,.T.);
#2523=EDGE_CURVE('',#3134,#3135,#3136,.T.);
#2524=EDGE_CURVE('',#3135,#3134,#3137,.T.);
#2525=EDGE_CURVE('',#3138,#3139,#3140,.T.);
#2526=EDGE_CURVE('',#3139,#3138,#3141,.T.);
#2527=EDGE_CURVE('',#3127,#3089,#3142,.T.);
#2528=EDGE_CURVE('',#3124,#3143,#3144,.T.);
#2529=EDGE_CURVE('',#3073,#3143,#3145,.T.);
#2530=EDGE_CURVE('',#3143,#3146,#3147,.T.);
#2531=EDGE_CURVE('',#3146,#3075,#3148,.T.);
#2532=EDGE_CURVE('',#3122,#3146,#3149,.T.);
#2533=EDGE_CURVE('',#3036,#3119,#3150,.T.);
#2534=EDGE_CURVE('',#3151,#3152,#3153,.T.);
#2535=EDGE_CURVE('',#3152,#3154,#3155,.T.);
#2536=EDGE_CURVE('',#3154,#3038,#3156,.T.);
#2537=EDGE_CURVE('',#3117,#3151,#3157,.T.);
#2538=EDGE_CURVE('',#3030,#3158,#3159,.T.);
#2539=EDGE_CURVE('',#3158,#3160,#3161,.T.);
#2540=EDGE_CURVE('',#3111,#3160,#3162,.T.);
#2541=EDGE_CURVE('',#3163,#3109,#3164,.T.);
#2542=EDGE_CURVE('',#3163,#3060,#3165,.T.);
#2543=EDGE_CURVE('',#3027,#3151,#3166,.T.);
#2544=EDGE_CURVE('',#2849,#3115,#3167,.T.);
#2545=EDGE_CURVE('',#3113,#3168,#3169,.T.);
#2546=EDGE_CURVE('',#2851,#3168,#3170,.T.);
#2547=EDGE_CURVE('',#3168,#3171,#3172,.T.);
#2548=EDGE_CURVE('',#2853,#3171,#3173,.T.);
#2549=EDGE_CURVE('',#3103,#3171,#3174,.T.);
#2550=EDGE_CURVE('',#2855,#3101,#3175,.T.);
#2551=EDGE_CURVE('',#3176,#2827,#3177,.T.);
#2552=EDGE_CURVE('',#3178,#3176,#3179,.T.);
#2553=EDGE_CURVE('',#3180,#3178,#3181,.T.);
#2554=EDGE_CURVE('',#3180,#3182,#3183,.T.);
#2555=EDGE_CURVE('',#3184,#3182,#3185,.T.);
#2556=EDGE_CURVE('',#3186,#3184,#3187,.T.);
#2557=EDGE_CURVE('',#3188,#3186,#3189,.T.);
#2558=EDGE_CURVE('',#2817,#3188,#3190,.T.);
#2559=EDGE_CURVE('',#3191,#2814,#3192,.T.);
#2560=EDGE_CURVE('',#3193,#3191,#3194,.T.);
#2561=EDGE_CURVE('',#3195,#3193,#3196,.T.);
#2562=EDGE_CURVE('',#3197,#3195,#3198,.T.);
#2563=EDGE_CURVE('',#3199,#3197,#3200,.T.);
#2564=EDGE_CURVE('',#3201,#3199,#3202,.T.);
#2565=EDGE_CURVE('',#3203,#3201,#3204,.T.);
#2566=EDGE_CURVE('',#3205,#3203,#3206,.T.);
#2567=EDGE_CURVE('',#3207,#3205,#3208,.T.);
#2568=EDGE_CURVE('',#3209,#3207,#3210,.T.);
#2569=EDGE_CURVE('',#3211,#3209,#3212,.T.);
#2570=EDGE_CURVE('',#3213,#3211,#3214,.T.);
#2571=EDGE_CURVE('',#3215,#3213,#3216,.T.);
#2572=EDGE_CURVE('',#3217,#3215,#3218,.T.);
#2573=EDGE_CURVE('',#3219,#3217,#3220,.T.);
#2574=EDGE_CURVE('',#3221,#3219,#3222,.T.);
#2575=EDGE_CURVE('',#3223,#3221,#3224,.T.);
#2576=EDGE_CURVE('',#3225,#3223,#3226,.T.);
#2577=EDGE_CURVE('',#3227,#3225,#3228,.T.);
#2578=EDGE_CURVE('',#3229,#3227,#3230,.T.);
#2579=EDGE_CURVE('',#3231,#3229,#3232,.T.);
#2580=EDGE_CURVE('',#3233,#3231,#3234,.T.);
#2581=EDGE_CURVE('',#3235,#3233,#3236,.T.);
#2582=EDGE_CURVE('',#3237,#3235,#3238,.T.);
#2583=EDGE_CURVE('',#3239,#3237,#3240,.T.);
#2584=EDGE_CURVE('',#3241,#3239,#3242,.T.);
#2585=EDGE_CURVE('',#3243,#3241,#3244,.T.);
#2586=EDGE_CURVE('',#3245,#3243,#3246,.T.);
#2587=EDGE_CURVE('',#3247,#3245,#3248,.T.);
#2588=EDGE_CURVE('',#3249,#3247,#3250,.T.);
#2589=EDGE_CURVE('',#3251,#3249,#3252,.T.);
#2590=EDGE_CURVE('',#3253,#3251,#3254,.T.);
#2591=EDGE_CURVE('',#3255,#3253,#3256,.T.);
#2592=EDGE_CURVE('',#3257,#3255,#3258,.T.);
#2593=EDGE_CURVE('',#3259,#3257,#3260,.T.);
#2594=EDGE_CURVE('',#3261,#3259,#3262,.T.);
#2595=EDGE_CURVE('',#3261,#2823,#3263,.T.);
#2596=EDGE_CURVE('',#3099,#3264,#3265,.T.);
#2597=EDGE_CURVE('',#3266,#3264,#3267,.T.);
#2598=EDGE_CURVE('',#2857,#3266,#3268,.T.);
#2599=EDGE_CURVE('',#2859,#3041,#3269,.T.);
#2600=EDGE_CURVE('',#3266,#3270,#3271,.T.);
#2601=EDGE_CURVE('',#3270,#3272,#3273,.T.);
#2602=EDGE_CURVE('',#3272,#3043,#3274,.T.);
#2603=EDGE_CURVE('',#3275,#3276,#3277,.T.);
#2604=EDGE_CURVE('',#3276,#3278,#3279,.T.);
#2605=EDGE_CURVE('',#3280,#3278,#3281,.T.);
#2606=EDGE_CURVE('',#3282,#3280,#3283,.T.);
#2607=EDGE_CURVE('',#3282,#3057,#3284,.T.);
#2608=EDGE_CURVE('',#3055,#3275,#3285,.T.);
#2609=EDGE_CURVE('',#3286,#3045,#3287,.T.);
#2610=EDGE_CURVE('',#3272,#3286,#3288,.T.);
#2611=EDGE_CURVE('',#3289,#3286,#3290,.T.);
#2612=EDGE_CURVE('',#3270,#3289,#3291,.T.);
#2613=EDGE_CURVE('',#3264,#3289,#3292,.T.);
#2614=EDGE_CURVE('',#3047,#3097,#3293,.T.);
#2615=EDGE_CURVE('',#3105,#3294,#3295,.T.);
#2616=EDGE_CURVE('',#3296,#3294,#3297,.T.);
#2617=EDGE_CURVE('',#3298,#3296,#3299,.T.);
#2618=EDGE_CURVE('',#3053,#3298,#3300,.T.);
#2619=EDGE_CURVE('',#3052,#3301,#3302,.T.);
#2620=EDGE_CURVE('',#3301,#3107,#3303,.T.);
#2621=EDGE_CURVE('',#3163,#3301,#3304,.T.);
#2622=EDGE_CURVE('',#3275,#3298,#3305,.T.);
#2623=EDGE_CURVE('',#3276,#3296,#3306,.T.);
#2624=EDGE_CURVE('',#3278,#3294,#3307,.T.);
#2625=EDGE_CURVE('',#3280,#3171,#3308,.T.);
#2626=EDGE_CURVE('',#3012,#3168,#3309,.T.);
#2627=EDGE_CURVE('',#3282,#3010,#3310,.T.);
#2628=EDGE_CURVE('',#3014,#3160,#3311,.T.);
#2629=EDGE_CURVE('',#3016,#3158,#3312,.T.);
#2630=EDGE_CURVE('',#3261,#3313,#3314,.T.);
#2631=EDGE_CURVE('',#2822,#3313,#3315,.T.);
#2632=EDGE_CURVE('',#3316,#2825,#3317,.T.);
#2633=EDGE_CURVE('',#3176,#3316,#3318,.T.);
#2634=EDGE_CURVE('',#3319,#3316,#3320,.T.);
#2635=EDGE_CURVE('',#3178,#3319,#3321,.T.);
#2636=EDGE_CURVE('',#3322,#3319,#3323,.T.);
#2637=EDGE_CURVE('',#3180,#3322,#3324,.T.);
#2638=EDGE_CURVE('',#3325,#3322,#3326,.T.);
#2639=EDGE_CURVE('',#3182,#3325,#3327,.T.);
#2640=EDGE_CURVE('',#3328,#3325,#3329,.T.);
#2641=EDGE_CURVE('',#3184,#3328,#3330,.T.);
#2642=EDGE_CURVE('',#3331,#3328,#3332,.T.);
#2643=EDGE_CURVE('',#3186,#3331,#3333,.T.);
#2644=EDGE_CURVE('',#3334,#3331,#3335,.T.);
#2645=EDGE_CURVE('',#3188,#3334,#3336,.T.);
#2646=EDGE_CURVE('',#2819,#3334,#3337,.T.);
#2647=EDGE_CURVE('',#3338,#2815,#3339,.T.);
#2648=EDGE_CURVE('',#3191,#3338,#3340,.T.);
#2649=EDGE_CURVE('',#3341,#3338,#3342,.T.);
#2650=EDGE_CURVE('',#3193,#3341,#3343,.T.);
#2651=EDGE_CURVE('',#3344,#3341,#3345,.T.);
#2652=EDGE_CURVE('',#3195,#3344,#3346,.T.);
#2653=EDGE_CURVE('',#3347,#3344,#3348,.T.);
#2654=EDGE_CURVE('',#3197,#3347,#3349,.T.);
#2655=EDGE_CURVE('',#3350,#3347,#3351,.T.);
#2656=EDGE_CURVE('',#3199,#3350,#3352,.T.);
#2657=EDGE_CURVE('',#3353,#3350,#3354,.T.);
#2658=EDGE_CURVE('',#3201,#3353,#3355,.T.);
#2659=EDGE_CURVE('',#3356,#3353,#3357,.T.);
#2660=EDGE_CURVE('',#3203,#3356,#3358,.T.);
#2661=EDGE_CURVE('',#3359,#3356,#3360,.T.);
#2662=EDGE_CURVE('',#3205,#3359,#3361,.T.);
#2663=EDGE_CURVE('',#3362,#3359,#3363,.T.);
#2664=EDGE_CURVE('',#3207,#3362,#3364,.T.);
#2665=EDGE_CURVE('',#3365,#3362,#3366,.T.);
#2666=EDGE_CURVE('',#3209,#3365,#3367,.T.);
#2667=EDGE_CURVE('',#3368,#3365,#3369,.T.);
#2668=EDGE_CURVE('',#3211,#3368,#3370,.T.);
#2669=EDGE_CURVE('',#3371,#3368,#3372,.T.);
#2670=EDGE_CURVE('',#3213,#3371,#3373,.T.);
#2671=EDGE_CURVE('',#3374,#3371,#3375,.T.);
#2672=EDGE_CURVE('',#3215,#3374,#3376,.T.);
#2673=EDGE_CURVE('',#3377,#3374,#3378,.T.);
#2674=EDGE_CURVE('',#3217,#3377,#3379,.T.);
#2675=EDGE_CURVE('',#3380,#3377,#3381,.T.);
#2676=EDGE_CURVE('',#3219,#3380,#3382,.T.);
#2677=EDGE_CURVE('',#3383,#3380,#3384,.T.);
#2678=EDGE_CURVE('',#3221,#3383,#3385,.T.);
#2679=EDGE_CURVE('',#3386,#3383,#3387,.T.);
#2680=EDGE_CURVE('',#3223,#3386,#3388,.T.);
#2681=EDGE_CURVE('',#3389,#3386,#3390,.T.);
#2682=EDGE_CURVE('',#3225,#3389,#3391,.T.);
#2683=EDGE_CURVE('',#3392,#3389,#3393,.T.);
#2684=EDGE_CURVE('',#3227,#3392,#3394,.T.);
#2685=EDGE_CURVE('',#3395,#3392,#3396,.T.);
#2686=EDGE_CURVE('',#3229,#3395,#3397,.T.);
#2687=EDGE_CURVE('',#3398,#3395,#3399,.T.);
#2688=EDGE_CURVE('',#3231,#3398,#3400,.T.);
#2689=EDGE_CURVE('',#3401,#3398,#3402,.T.);
#2690=EDGE_CURVE('',#3233,#3401,#3403,.T.);
#2691=EDGE_CURVE('',#3404,#3401,#3405,.T.);
#2692=EDGE_CURVE('',#3235,#3404,#3406,.T.);
#2693=EDGE_CURVE('',#3407,#3404,#3408,.T.);
#2694=EDGE_CURVE('',#3237,#3407,#3409,.T.);
#2695=EDGE_CURVE('',#3410,#3407,#3411,.T.);
#2696=EDGE_CURVE('',#3239,#3410,#3412,.T.);
#2697=EDGE_CURVE('',#3413,#3410,#3414,.T.);
#2698=EDGE_CURVE('',#3241,#3413,#3415,.T.);
#2699=EDGE_CURVE('',#3416,#3413,#3417,.T.);
#2700=EDGE_CURVE('',#3243,#3416,#3418,.T.);
#2701=EDGE_CURVE('',#3419,#3416,#3420,.T.);
#2702=EDGE_CURVE('',#3245,#3419,#3421,.T.);
#2703=EDGE_CURVE('',#3422,#3419,#3423,.T.);
#2704=EDGE_CURVE('',#3247,#3422,#3424,.T.);
#2705=EDGE_CURVE('',#3425,#3422,#3426,.T.);
#2706=EDGE_CURVE('',#3249,#3425,#3427,.T.);
#2707=EDGE_CURVE('',#3428,#3425,#3429,.T.);
#2708=EDGE_CURVE('',#3251,#3428,#3430,.T.);
#2709=EDGE_CURVE('',#3431,#3428,#3432,.T.);
#2710=EDGE_CURVE('',#3253,#3431,#3433,.T.);
#2711=EDGE_CURVE('',#3434,#3431,#3435,.T.);
#2712=EDGE_CURVE('',#3255,#3434,#3436,.T.);
#2713=EDGE_CURVE('',#3437,#3434,#3438,.T.);
#2714=EDGE_CURVE('',#3257,#3437,#3439,.T.);
#2715=EDGE_CURVE('',#3440,#3437,#3441,.T.);
#2716=EDGE_CURVE('',#3259,#3440,#3442,.T.);
#2717=EDGE_CURVE('',#3313,#3440,#3443,.T.);
#2718=EDGE_CURVE('',#3025,#3152,#3444,.T.);
#2719=EDGE_CURVE('',#3023,#3154,#3445,.T.);
#2720=EDGE_CURVE('',#2804,#3131,#3446,.T.);
#2721=EDGE_CURVE('',#3130,#3447,#3448,.T.);
#2722=EDGE_CURVE('',#2810,#3447,#3449,.T.);
#2723=EDGE_CURVE('',#3450,#3447,#3451,.T.);
#2724=EDGE_CURVE('',#2809,#3450,#3452,.T.);
#2725=EDGE_CURVE('',#3450,#2802,#3453,.T.);
#2726=EDGE_CURVE('',#3447,#2801,#3454,.T.);
#2727=EDGE_CURVE('',#3135,#2791,#3455,.T.);
#2728=EDGE_CURVE('',#3134,#3456,#3457,.T.);
#2729=EDGE_CURVE('',#2797,#3456,#3458,.T.);
#2730=EDGE_CURVE('',#3459,#3456,#3460,.T.);
#2731=EDGE_CURVE('',#2796,#3459,#3461,.T.);
#2732=EDGE_CURVE('',#3459,#2789,#3462,.T.);
#2733=EDGE_CURVE('',#3456,#2788,#3463,.T.);
#2734=EDGE_CURVE('',#3139,#2778,#3464,.T.);
#2735=EDGE_CURVE('',#3138,#3465,#3466,.T.);
#2736=EDGE_CURVE('',#2784,#3465,#3467,.T.);
#2737=EDGE_CURVE('',#3468,#3465,#3469,.T.);
#2738=EDGE_CURVE('',#2783,#3468,#3470,.T.);
#2739=EDGE_CURVE('',#3468,#2776,#3471,.T.);
#2740=EDGE_CURVE('',#3465,#2775,#3472,.T.);
#2741=EDGE_CURVE('',#2937,#2972,#3473,.T.);
#2742=EDGE_CURVE('',#2934,#2966,#3474,.T.);
#2743=EDGE_CURVE('',#2876,#3475,#3476,.T.);
#2744=EDGE_CURVE('',#3477,#3475,#3478,.T.);
#2745=EDGE_CURVE('',#2877,#3477,#3479,.T.);
#2746=EDGE_CURVE('',#3475,#3477,#3480,.T.);
#2747=EDGE_CURVE('',#3477,#3481,#3482,.T.);
#2748=EDGE_CURVE('',#3483,#3481,#3484,.T.);
#2749=EDGE_CURVE('',#3475,#3483,#3485,.T.);
#2750=EDGE_CURVE('',#3481,#3483,#3486,.T.);
#2751=EDGE_CURVE('',#3481,#3487,#3488,.T.);
#2752=EDGE_CURVE('',#3483,#3489,#3490,.T.);
#2753=EDGE_CURVE('',#3487,#3489,#3491,.T.);
#2754=EDGE_CURVE('',#3492,#3487,#3493,.T.);
#2755=EDGE_CURVE('',#3494,#3489,#3495,.T.);
#2756=EDGE_CURVE('',#3492,#3494,#3496,.T.);
#2757=EDGE_CURVE('',#3494,#3492,#3497,.T.);
#2758=EDGE_CURVE('',#3489,#3487,#3498,.T.);
#2759=EDGE_CURVE('',#2880,#3499,#3500,.T.);
#2760=EDGE_CURVE('',#3501,#3499,#3502,.T.);
#2761=EDGE_CURVE('',#2881,#3501,#3503,.T.);
#2762=EDGE_CURVE('',#3499,#3501,#3504,.T.);
#2763=EDGE_CURVE('',#3501,#3505,#3506,.T.);
#2764=EDGE_CURVE('',#3507,#3505,#3508,.T.);
#2765=EDGE_CURVE('',#3499,#3507,#3509,.T.);
#2766=EDGE_CURVE('',#3505,#3507,#3510,.T.);
#2767=EDGE_CURVE('',#3505,#3511,#3512,.T.);
#2768=EDGE_CURVE('',#3507,#3513,#3514,.T.);
#2769=EDGE_CURVE('',#3511,#3513,#3515,.T.);
#2770=EDGE_CURVE('',#3516,#3511,#3517,.T.);
#2771=EDGE_CURVE('',#3518,#3513,#3519,.T.);
#2772=EDGE_CURVE('',#3516,#3518,#3520,.T.);
#2773=EDGE_CURVE('',#3518,#3516,#3521,.T.);
#2774=EDGE_CURVE('',#3513,#3511,#3522,.T.);
#2775=VERTEX_POINT('',#3523);
#2776=VERTEX_POINT('',#3524);
#2777=LINE('',#3525,#3526);
#2778=VERTEX_POINT('',#3527);
#2779=CIRCLE('',#3528,0.35);
#2780=VERTEX_POINT('',#3529);
#2781=LINE('',#3530,#3531);
#2782=CIRCLE('',#3532,0.25);
#2783=VERTEX_POINT('',#3533);
#2784=VERTEX_POINT('',#3534);
#2785=LINE('',#3535,#3536);
#2786=CIRCLE('',#3537,0.25);
#2787=CIRCLE('',#3538,0.35);
#2788=VERTEX_POINT('',#3539);
#2789=VERTEX_POINT('',#3540);
#2790=LINE('',#3541,#3542);
#2791=VERTEX_POINT('',#3543);
#2792=CIRCLE('',#3544,0.35);
#2793=VERTEX_POINT('',#3545);
#2794=LINE('',#3546,#3547);
#2795=CIRCLE('',#3548,0.25);
#2796=VERTEX_POINT('',#3549);
#2797=VERTEX_POINT('',#3550);
#2798=LINE('',#3551,#3552);
#2799=CIRCLE('',#3553,0.25);
#2800=CIRCLE('',#3554,0.35);
#2801=VERTEX_POINT('',#3555);
#2802=VERTEX_POINT('',#3556);
#2803=LINE('',#3557,#3558);
#2804=VERTEX_POINT('',#3559);
#2805=CIRCLE('',#3560,0.35);
#2806=VERTEX_POINT('',#3561);
#2807=LINE('',#3562,#3563);
#2808=CIRCLE('',#3564,0.25);
#2809=VERTEX_POINT('',#3565);
#2810=VERTEX_POINT('',#3566);
#2811=LINE('',#3567,#3568);
#2812=CIRCLE('',#3569,0.25);
#2813=CIRCLE('',#3570,0.35);
#2814=VERTEX_POINT('',#3571);
#2815=VERTEX_POINT('',#3572);
#2816=LINE('',#3573,#3574);
#2817=VERTEX_POINT('',#3575);
#2818=CIRCLE('',#3576,0.038);
#2819=VERTEX_POINT('',#3577);
#2820=LINE('',#3578,#3579);
#2821=CIRCLE('',#3580,0.038);
#2822=VERTEX_POINT('',#3581);
#2823=VERTEX_POINT('',#3582);
#2824=LINE('',#3583,#3584);
#2825=VERTEX_POINT('',#3585);
#2826=CIRCLE('',#3586,0.018);
#2827=VERTEX_POINT('',#3587);
#2828=LINE('',#3588,#3589);
#2829=CIRCLE('',#3590,0.018);
#2830=VERTEX_POINT('',#3591);
#2831=VERTEX_POINT('',#3592);
#2832=LINE('',#3593,#3594);
#2833=VERTEX_POINT('',#3595);
#2834=LINE('',#3596,#3597);
#2835=VERTEX_POINT('',#3598);
#2836=LINE('',#3599,#3600);
#2837=VERTEX_POINT('',#3601);
#2838=LINE('',#3602,#3603);
#2839=VERTEX_POINT('',#3604);
#2840=LINE('',#3605,#3606);
#2841=VERTEX_POINT('',#3607);
#2842=LINE('',#3608,#3609);
#2843=VERTEX_POINT('',#3610);
#2844=LINE('',#3611,#3612);
#2845=VERTEX_POINT('',#3613);
#2846=LINE('',#3614,#3615);
#2847=VERTEX_POINT('',#3616);
#2848=LINE('',#3617,#3618);
#2849=VERTEX_POINT('',#3619);
#2850=LINE('',#3620,#3621);
#2851=VERTEX_POINT('',#3622);
#2852=LINE('',#3623,#3624);
#2853=VERTEX_POINT('',#3625);
#2854=LINE('',#3626,#3627);
#2855=VERTEX_POINT('',#3628);
#2856=LINE('',#3629,#3630);
#2857=VERTEX_POINT('',#3631);
#2858=LINE('',#3632,#3633);
#2859=VERTEX_POINT('',#3634);
#2860=LINE('',#3635,#3636);
#2861=VERTEX_POINT('',#3637);
#2862=LINE('',#3638,#3639);
#2863=VERTEX_POINT('',#3640);
#2864=LINE('',#3641,#3642);
#2865=VERTEX_POINT('',#3643);
#2866=LINE('',#3644,#3645);
#2867=VERTEX_POINT('',#3646);
#2868=LINE('',#3647,#3648);
#2869=VERTEX_POINT('',#3649);
#2870=LINE('',#3650,#3651);
#2871=LINE('',#3652,#3653);
#2872=VERTEX_POINT('',#3654);
#2873=VERTEX_POINT('',#3655);
#2874=CIRCLE('',#3656,0.35);
#2875=CIRCLE('',#3657,0.35);
#2876=VERTEX_POINT('',#3658);
#2877=VERTEX_POINT('',#3659);
#2878=CIRCLE('',#3660,0.35);
#2879=CIRCLE('',#3661,0.35);
#2880=VERTEX_POINT('',#3662);
#2881=VERTEX_POINT('',#3663);
#2882=CIRCLE('',#3664,0.35);
#2883=CIRCLE('',#3665,0.35);
#2884=VERTEX_POINT('',#3666);
#2885=LINE('',#3667,#3668);
#2886=VERTEX_POINT('',#3669);
#2887=CIRCLE('',#3670,0.35);
#2888=LINE('',#3671,#3672);
#2889=CIRCLE('',#3673,0.35);
#2890=VERTEX_POINT('',#3674);
#2891=CIRCLE('',#3675,0.1);
#2892=VERTEX_POINT('',#3676);
#2893=CIRCLE('',#3677,0.35);
#2894=CIRCLE('',#3678,0.8);
#2895=CIRCLE('',#3679,0.35);
#2896=VERTEX_POINT('',#3680);
#2897=LINE('',#3681,#3682);
#2898=VERTEX_POINT('',#3683);
#2899=LINE('',#3684,#3685);
#2900=CIRCLE('',#3686,0.35);
#2901=VERTEX_POINT('',#3687);
#2902=LINE('',#3688,#3689);
#2903=VERTEX_POINT('',#3690);
#2904=LINE('',#3691,#3692);
#2905=CIRCLE('',#3693,0.25);
#2906=CIRCLE('',#3694,0.25);
#2907=CIRCLE('',#3695,0.35);
#2908=VERTEX_POINT('',#3696);
#2909=LINE('',#3697,#3698);
#2910=VERTEX_POINT('',#3699);
#2911=LINE('',#3700,#3701);
#2912=VERTEX_POINT('',#3702);
#2913=LINE('',#3703,#3704);
#2914=VERTEX_POINT('',#3705);
#2915=LINE('',#3706,#3707);
#2916=LINE('',#3708,#3709);
#2917=VERTEX_POINT('',#3710);
#2918=VERTEX_POINT('',#3711);
#2919=LINE('',#3712,#3713);
#2920=LINE('',#3714,#3715);
#2921=VERTEX_POINT('',#3716);
#2922=LINE('',#3717,#3718);
#2923=LINE('',#3719,#3720);
#2924=VERTEX_POINT('',#3721);
#2925=LINE('',#3722,#3723);
#2926=VERTEX_POINT('',#3724);
#2927=LINE('',#3725,#3726);
#2928=VERTEX_POINT('',#3727);
#2929=LINE('',#3728,#3729);
#2930=LINE('',#3730,#3731);
#2931=VERTEX_POINT('',#3732);
#2932=VERTEX_POINT('',#3733);
#2933=LINE('',#3734,#3735);
#2934=VERTEX_POINT('',#3736);
#2935=LINE('',#3737,#3738);
#2936=LINE('',#3739,#3740);
#2937=VERTEX_POINT('',#3741);
#2938=LINE('',#3742,#3743);
#2939=LINE('',#3744,#3745);
#2940=VERTEX_POINT('',#3746);
#2941=LINE('',#3747,#3748);
#2942=LINE('',#3749,#3750);
#2943=VERTEX_POINT('',#3751);
#2944=VERTEX_POINT('',#3752);
#2945=LINE('',#3753,#3754);
#2946=VERTEX_POINT('',#3755);
#2947=LINE('',#3756,#3757);
#2948=VERTEX_POINT('',#3758);
#2949=LINE('',#3759,#3760);
#2950=VERTEX_POINT('',#3761);
#2951=LINE('',#3762,#3763);
#2952=VERTEX_POINT('',#3764);
#2953=LINE('',#3765,#3766);
#2954=VERTEX_POINT('',#3767);
#2955=LINE('',#3768,#3769);
#2956=VERTEX_POINT('',#3770);
#2957=LINE('',#3771,#3772);
#2958=LINE('',#3773,#3774);
#2959=VERTEX_POINT('',#3775);
#2960=LINE('',#3776,#3777);
#2961=VERTEX_POINT('',#3778);
#2962=LINE('',#3779,#3780);
#2963=VERTEX_POINT('',#3781);
#2964=LINE('',#3782,#3783);
#2965=LINE('',#3784,#3785);
#2966=VERTEX_POINT('',#3786);
#2967=LINE('',#3787,#3788);
#2968=VERTEX_POINT('',#3789);
#2969=LINE('',#3790,#3791);
#2970=VERTEX_POINT('',#3792);
#2971=LINE('',#3793,#3794);
#2972=VERTEX_POINT('',#3795);
#2973=LINE('',#3796,#3797);
#2974=LINE('',#3798,#3799);
#2975=LINE('',#3800,#3801);
#2976=LINE('',#3802,#3803);
#2977=VERTEX_POINT('',#3804);
#2978=LINE('',#3805,#3806);
#2979=LINE('',#3807,#3808);
#2980=VERTEX_POINT('',#3809);
#2981=VERTEX_POINT('',#3810);
#2982=LINE('',#3811,#3812);
#2983=LINE('',#3813,#3814);
#2984=LINE('',#3815,#3816);
#2985=VERTEX_POINT('',#3817);
#2986=LINE('',#3818,#3819);
#2987=VERTEX_POINT('',#3820);
#2988=LINE('',#3821,#3822);
#2989=LINE('',#3823,#3824);
#2990=VERTEX_POINT('',#3825);
#2991=LINE('',#3826,#3827);
#2992=LINE('',#3828,#3829);
#2993=VERTEX_POINT('',#3830);
#2994=LINE('',#3831,#3832);
#2995=VERTEX_POINT('',#3833);
#2996=LINE('',#3834,#3835);
#2997=LINE('',#3836,#3837);
#2998=LINE('',#3838,#3839);
#2999=LINE('',#3840,#3841);
#3000=LINE('',#3842,#3843);
#3001=LINE('',#3844,#3845);
#3002=LINE('',#3846,#3847);
#3003=LINE('',#3848,#3849);
#3004=LINE('',#3850,#3851);
#3005=LINE('',#3852,#3853);
#3006=LINE('',#3854,#3855);
#3007=VERTEX_POINT('',#3856);
#3008=VERTEX_POINT('',#3857);
#3009=LINE('',#3858,#3859);
#3010=VERTEX_POINT('',#3860);
#3011=LINE('',#3861,#3862);
#3012=VERTEX_POINT('',#3863);
#3013=LINE('',#3864,#3865);
#3014=VERTEX_POINT('',#3866);
#3015=LINE('',#3867,#3868);
#3016=VERTEX_POINT('',#3869);
#3017=LINE('',#3870,#3871);
#3018=VERTEX_POINT('',#3872);
#3019=LINE('',#3873,#3874);
#3020=LINE('',#3875,#3876);
#3021=VERTEX_POINT('',#3877);
#3022=LINE('',#3878,#3879);
#3023=VERTEX_POINT('',#3880);
#3024=LINE('',#3881,#3882);
#3025=VERTEX_POINT('',#3883);
#3026=LINE('',#3884,#3885);
#3027=VERTEX_POINT('',#3886);
#3028=LINE('',#3887,#3888);
#3029=LINE('',#3889,#3890);
#3030=VERTEX_POINT('',#3891);
#3031=LINE('',#3892,#3893);
#3032=VERTEX_POINT('',#3894);
#3033=LINE('',#3895,#3896);
#3034=LINE('',#3897,#3898);
#3035=VERTEX_POINT('',#3899);
#3036=VERTEX_POINT('',#3900);
#3037=LINE('',#3901,#3902);
#3038=VERTEX_POINT('',#3903);
#3039=LINE('',#3904,#3905);
#3040=LINE('',#3906,#3907);
#3041=VERTEX_POINT('',#3908);
#3042=LINE('',#3909,#3910);
#3043=VERTEX_POINT('',#3911);
#3044=LINE('',#3912,#3913);
#3045=VERTEX_POINT('',#3914);
#3046=LINE('',#3915,#3916);
#3047=VERTEX_POINT('',#3917);
#3048=LINE('',#3918,#3919);
#3049=VERTEX_POINT('',#3920);
#3050=LINE('',#3921,#3922);
#3051=LINE('',#3923,#3924);
#3052=VERTEX_POINT('',#3925);
#3053=VERTEX_POINT('',#3926);
#3054=LINE('',#3927,#3928);
#3055=VERTEX_POINT('',#3929);
#3056=LINE('',#3930,#3931);
#3057=VERTEX_POINT('',#3932);
#3058=LINE('',#3933,#3934);
#3059=LINE('',#3935,#3936);
#3060=VERTEX_POINT('',#3937);
#3061=LINE('',#3938,#3939);
#3062=LINE('',#3940,#3941);
#3063=VERTEX_POINT('',#3942);
#3064=LINE('',#3943,#3944);
#3065=VERTEX_POINT('',#3945);
#3066=LINE('',#3946,#3947);
#3067=LINE('',#3948,#3949);
#3068=VERTEX_POINT('',#3950);
#3069=VERTEX_POINT('',#3951);
#3070=LINE('',#3952,#3953);
#3071=VERTEX_POINT('',#3954);
#3072=LINE('',#3955,#3956);
#3073=VERTEX_POINT('',#3957);
#3074=LINE('',#3958,#3959);
#3075=VERTEX_POINT('',#3960);
#3076=LINE('',#3961,#3962);
#3077=VERTEX_POINT('',#3963);
#3078=LINE('',#3964,#3965);
#3079=VERTEX_POINT('',#3966);
#3080=LINE('',#3967,#3968);
#3081=LINE('',#3969,#3970);
#3082=VERTEX_POINT('',#3971);
#3083=LINE('',#3972,#3973);
#3084=VERTEX_POINT('',#3974);
#3085=LINE('',#3975,#3976);
#3086=VERTEX_POINT('',#3977);
#3087=LINE('',#3978,#3979);
#3088=LINE('',#3980,#3981);
#3089=VERTEX_POINT('',#3982);
#3090=LINE('',#3983,#3984);
#3091=VERTEX_POINT('',#3985);
#3092=CIRCLE('',#3986,0.10022099854);
#3093=LINE('',#3987,#3988);
#3094=VERTEX_POINT('',#3989);
#3095=LINE('',#3990,#3991);
#3096=LINE('',#3992,#3993);
#3097=VERTEX_POINT('',#3994);
#3098=LINE('',#3995,#3996);
#3099=VERTEX_POINT('',#3997);
#3100=LINE('',#3998,#3999);
#3101=VERTEX_POINT('',#4000);
#3102=LINE('',#4001,#4002);
#3103=VERTEX_POINT('',#4003);
#3104=LINE('',#4004,#4005);
#3105=VERTEX_POINT('',#4006);
#3106=LINE('',#4007,#4008);
#3107=VERTEX_POINT('',#4009);
#3108=LINE('',#4010,#4011);
#3109=VERTEX_POINT('',#4012);
#3110=LINE('',#4013,#4014);
#3111=VERTEX_POINT('',#4015);
#3112=LINE('',#4016,#4017);
#3113=VERTEX_POINT('',#4018);
#3114=LINE('',#4019,#4020);
#3115=VERTEX_POINT('',#4021);
#3116=LINE('',#4022,#4023);
#3117=VERTEX_POINT('',#4024);
#3118=LINE('',#4025,#4026);
#3119=VERTEX_POINT('',#4027);
#3120=LINE('',#4028,#4029);
#3121=LINE('',#4030,#4031);
#3122=VERTEX_POINT('',#4032);
#3123=LINE('',#4033,#4034);
#3124=VERTEX_POINT('',#4035);
#3125=CIRCLE('',#4036,0.10022099854);
#3126=LINE('',#4037,#4038);
#3127=VERTEX_POINT('',#4039);
#3128=CIRCLE('',#4040,0.10022099854);
#3129=LINE('',#4041,#4042);
#3130=VERTEX_POINT('',#4043);
#3131=VERTEX_POINT('',#4044);
#3132=CIRCLE('',#4045,0.35);
#3133=CIRCLE('',#4046,0.35);
#3134=VERTEX_POINT('',#4047);
#3135=VERTEX_POINT('',#4048);
#3136=CIRCLE('',#4049,0.35);
#3137=CIRCLE('',#4050,0.35);
#3138=VERTEX_POINT('',#4051);
#3139=VERTEX_POINT('',#4052);
#3140=CIRCLE('',#4053,0.35);
#3141=CIRCLE('',#4054,0.35);
#3142=LINE('',#4055,#4056);
#3143=VERTEX_POINT('',#4057);
#3144=LINE('',#4058,#4059);
#3145=LINE('',#4060,#4061);
#3146=VERTEX_POINT('',#4062);
#3147=CIRCLE('',#4063,0.10022099854);
#3148=LINE('',#4064,#4065);
#3149=LINE('',#4066,#4067);
#3150=LINE('',#4068,#4069);
#3151=VERTEX_POINT('',#4070);
#3152=VERTEX_POINT('',#4071);
#3153=LINE('',#4072,#4073);
#3154=VERTEX_POINT('',#4074);
#3155=LINE('',#4075,#4076);
#3156=LINE('',#4077,#4078);
#3157=LINE('',#4079,#4080);
#3158=VERTEX_POINT('',#4081);
#3159=LINE('',#4082,#4083);
#3160=VERTEX_POINT('',#4084);
#3161=LINE('',#4085,#4086);
#3162=LINE('',#4087,#4088);
#3163=VERTEX_POINT('',#4089);
#3164=LINE('',#4090,#4091);
#3165=LINE('',#4092,#4093);
#3166=LINE('',#4094,#4095);
#3167=LINE('',#4096,#4097);
#3168=VERTEX_POINT('',#4098);
#3169=LINE('',#4099,#4100);
#3170=LINE('',#4101,#4102);
#3171=VERTEX_POINT('',#4103);
#3172=LINE('',#4104,#4105);
#3173=LINE('',#4106,#4107);
#3174=LINE('',#4108,#4109);
#3175=LINE('',#4110,#4111);
#3176=VERTEX_POINT('',#4112);
#3177=LINE('',#4113,#4114);
#3178=VERTEX_POINT('',#4115);
#3179=LINE('',#4116,#4117);
#3180=VERTEX_POINT('',#4118);
#3181=LINE('',#4119,#4120);
#3182=VERTEX_POINT('',#4121);
#3183=CIRCLE('',#4122,0.026);
#3184=VERTEX_POINT('',#4123);
#3185=LINE('',#4124,#4125);
#3186=VERTEX_POINT('',#4126);
#3187=LINE('',#4127,#4128);
#3188=VERTEX_POINT('',#4129);
#3189=LINE('',#4130,#4131);
#3190=LINE('',#4132,#4133);
#3191=VERTEX_POINT('',#4134);
#3192=CIRCLE('',#4135,0.038);
#3193=VERTEX_POINT('',#4136);
#3194=LINE('',#4137,#4138);
#3195=VERTEX_POINT('',#4139);
#3196=LINE('',#4140,#4141);
#3197=VERTEX_POINT('',#4142);
#3198=LINE('',#4143,#4144);
#3199=VERTEX_POINT('',#4145);
#3200=LINE('',#4146,#4147);
#3201=VERTEX_POINT('',#4148);
#3202=CIRCLE('',#4149,0.018);
#3203=VERTEX_POINT('',#4150);
#3204=LINE('',#4151,#4152);
#3205=VERTEX_POINT('',#4153);
#3206=LINE('',#4154,#4155);
#3207=VERTEX_POINT('',#4156);
#3208=LINE('',#4157,#4158);
#3209=VERTEX_POINT('',#4159);
#3210=LINE('',#4160,#4161);
#3211=VERTEX_POINT('',#4162);
#3212=LINE('',#4163,#4164);
#3213=VERTEX_POINT('',#4165);
#3214=LINE('',#4166,#4167);
#3215=VERTEX_POINT('',#4168);
#3216=LINE('',#4169,#4170);
#3217=VERTEX_POINT('',#4171);
#3218=LINE('',#4172,#4173);
#3219=VERTEX_POINT('',#4174);
#3220=LINE('',#4175,#4176);
#3221=VERTEX_POINT('',#4177);
#3222=LINE('',#4178,#4179);
#3223=VERTEX_POINT('',#4180);
#3224=LINE('',#4181,#4182);
#3225=VERTEX_POINT('',#4183);
#3226=LINE('',#4184,#4185);
#3227=VERTEX_POINT('',#4186);
#3228=LINE('',#4187,#4188);
#3229=VERTEX_POINT('',#4189);
#3230=LINE('',#4190,#4191);
#3231=VERTEX_POINT('',#4192);
#3232=LINE('',#4193,#4194);
#3233=VERTEX_POINT('',#4195);
#3234=LINE('',#4196,#4197);
#3235=VERTEX_POINT('',#4198);
#3236=LINE('',#4199,#4200);
#3237=VERTEX_POINT('',#4201);
#3238=LINE('',#4202,#4203);
#3239=VERTEX_POINT('',#4204);
#3240=LINE('',#4205,#4206);
#3241=VERTEX_POINT('',#4207);
#3242=LINE('',#4208,#4209);
#3243=VERTEX_POINT('',#4210);
#3244=LINE('',#4211,#4212);
#3245=VERTEX_POINT('',#4213);
#3246=LINE('',#4214,#4215);
#3247=VERTEX_POINT('',#4216);
#3248=LINE('',#4217,#4218);
#3249=VERTEX_POINT('',#4219);
#3250=LINE('',#4220,#4221);
#3251=VERTEX_POINT('',#4222);
#3252=LINE('',#4223,#4224);
#3253=VERTEX_POINT('',#4225);
#3254=LINE('',#4226,#4227);
#3255=VERTEX_POINT('',#4228);
#3256=LINE('',#4229,#4230);
#3257=VERTEX_POINT('',#4231);
#3258=LINE('',#4232,#4233);
#3259=VERTEX_POINT('',#4234);
#3260=LINE('',#4235,#4236);
#3261=VERTEX_POINT('',#4237);
#3262=LINE('',#4238,#4239);
#3263=CIRCLE('',#4240,0.018);
#3264=VERTEX_POINT('',#4241);
#3265=LINE('',#4242,#4243);
#3266=VERTEX_POINT('',#4244);
#3267=LINE('',#4245,#4246);
#3268=LINE('',#4247,#4248);
#3269=LINE('',#4249,#4250);
#3270=VERTEX_POINT('',#4251);
#3271=LINE('',#4252,#4253);
#3272=VERTEX_POINT('',#4254);
#3273=LINE('',#4255,#4256);
#3274=LINE('',#4257,#4258);
#3275=VERTEX_POINT('',#4259);
#3276=VERTEX_POINT('',#4260);
#3277=LINE('',#4261,#4262);
#3278=VERTEX_POINT('',#4263);
#3279=LINE('',#4264,#4265);
#3280=VERTEX_POINT('',#4266);
#3281=LINE('',#4267,#4268);
#3282=VERTEX_POINT('',#4269);
#3283=LINE('',#4270,#4271);
#3284=LINE('',#4272,#4273);
#3285=LINE('',#4274,#4275);
#3286=VERTEX_POINT('',#4276);
#3287=LINE('',#4277,#4278);
#3288=LINE('',#4279,#4280);
#3289=VERTEX_POINT('',#4281);
#3290=LINE('',#4282,#4283);
#3291=LINE('',#4284,#4285);
#3292=LINE('',#4286,#4287);
#3293=LINE('',#4288,#4289);
#3294=VERTEX_POINT('',#4290);
#3295=LINE('',#4291,#4292);
#3296=VERTEX_POINT('',#4293);
#3297=LINE('',#4294,#4295);
#3298=VERTEX_POINT('',#4296);
#3299=LINE('',#4297,#4298);
#3300=LINE('',#4299,#4300);
#3301=VERTEX_POINT('',#4301);
#3302=LINE('',#4302,#4303);
#3303=LINE('',#4304,#4305);
#3304=LINE('',#4306,#4307);
#3305=LINE('',#4308,#4309);
#3306=LINE('',#4310,#4311);
#3307=LINE('',#4312,#4313);
#3308=LINE('',#4314,#4315);
#3309=LINE('',#4316,#4317);
#3310=LINE('',#4318,#4319);
#3311=LINE('',#4320,#4321);
#3312=LINE('',#4322,#4323);
#3313=VERTEX_POINT('',#4324);
#3314=LINE('',#4325,#4326);
#3315=CIRCLE('',#4327,0.018);
#3316=VERTEX_POINT('',#4328);
#3317=LINE('',#4329,#4330);
#3318=LINE('',#4331,#4332);
#3319=VERTEX_POINT('',#4333);
#3320=LINE('',#4334,#4335);
#3321=LINE('',#4336,#4337);
#3322=VERTEX_POINT('',#4338);
#3323=LINE('',#4339,#4340);
#3324=LINE('',#4341,#4342);
#3325=VERTEX_POINT('',#4343);
#3326=CIRCLE('',#4344,0.026);
#3327=LINE('',#4345,#4346);
#3328=VERTEX_POINT('',#4347);
#3329=LINE('',#4348,#4349);
#3330=LINE('',#4350,#4351);
#3331=VERTEX_POINT('',#4352);
#3332=LINE('',#4353,#4354);
#3333=LINE('',#4355,#4356);
#3334=VERTEX_POINT('',#4357);
#3335=LINE('',#4358,#4359);
#3336=LINE('',#4360,#4361);
#3337=LINE('',#4362,#4363);
#3338=VERTEX_POINT('',#4364);
#3339=CIRCLE('',#4365,0.038);
#3340=LINE('',#4366,#4367);
#3341=VERTEX_POINT('',#4368);
#3342=LINE('',#4369,#4370);
#3343=LINE('',#4371,#4372);
#3344=VERTEX_POINT('',#4373);
#3345=LINE('',#4374,#4375);
#3346=LINE('',#4376,#4377);
#3347=VERTEX_POINT('',#4378);
#3348=LINE('',#4379,#4380);
#3349=LINE('',#4381,#4382);
#3350=VERTEX_POINT('',#4383);
#3351=LINE('',#4384,#4385);
#3352=LINE('',#4386,#4387);
#3353=VERTEX_POINT('',#4388);
#3354=CIRCLE('',#4389,0.018);
#3355=LINE('',#4390,#4391);
#3356=VERTEX_POINT('',#4392);
#3357=LINE('',#4393,#4394);
#3358=LINE('',#4395,#4396);
#3359=VERTEX_POINT('',#4397);
#3360=LINE('',#4398,#4399);
#3361=LINE('',#4400,#4401);
#3362=VERTEX_POINT('',#4402);
#3363=LINE('',#4403,#4404);
#3364=LINE('',#4405,#4406);
#3365=VERTEX_POINT('',#4407);
#3366=LINE('',#4408,#4409);
#3367=LINE('',#4410,#4411);
#3368=VERTEX_POINT('',#4412);
#3369=LINE('',#4413,#4414);
#3370=LINE('',#4415,#4416);
#3371=VERTEX_POINT('',#4417);
#3372=LINE('',#4418,#4419);
#3373=LINE('',#4420,#4421);
#3374=VERTEX_POINT('',#4422);
#3375=LINE('',#4423,#4424);
#3376=LINE('',#4425,#4426);
#3377=VERTEX_POINT('',#4427);
#3378=LINE('',#4428,#4429);
#3379=LINE('',#4430,#4431);
#3380=VERTEX_POINT('',#4432);
#3381=LINE('',#4433,#4434);
#3382=LINE('',#4435,#4436);
#3383=VERTEX_POINT('',#4437);
#3384=LINE('',#4438,#4439);
#3385=LINE('',#4440,#4441);
#3386=VERTEX_POINT('',#4442);
#3387=LINE('',#4443,#4444);
#3388=LINE('',#4445,#4446);
#3389=VERTEX_POINT('',#4447);
#3390=LINE('',#4448,#4449);
#3391=LINE('',#4450,#4451);
#3392=VERTEX_POINT('',#4452);
#3393=LINE('',#4453,#4454);
#3394=LINE('',#4455,#4456);
#3395=VERTEX_POINT('',#4457);
#3396=LINE('',#4458,#4459);
#3397=LINE('',#4460,#4461);
#3398=VERTEX_POINT('',#4462);
#3399=LINE('',#4463,#4464);
#3400=LINE('',#4465,#4466);
#3401=VERTEX_POINT('',#4467);
#3402=LINE('',#4468,#4469);
#3403=LINE('',#4470,#4471);
#3404=VERTEX_POINT('',#4472);
#3405=LINE('',#4473,#4474);
#3406=LINE('',#4475,#4476);
#3407=VERTEX_POINT('',#4477);
#3408=LINE('',#4478,#4479);
#3409=LINE('',#4480,#4481);
#3410=VERTEX_POINT('',#4482);
#3411=LINE('',#4483,#4484);
#3412=LINE('',#4485,#4486);
#3413=VERTEX_POINT('',#4487);
#3414=LINE('',#4488,#4489);
#3415=LINE('',#4490,#4491);
#3416=VERTEX_POINT('',#4492);
#3417=LINE('',#4493,#4494);
#3418=LINE('',#4495,#4496);
#3419=VERTEX_POINT('',#4497);
#3420=LINE('',#4498,#4499);
#3421=LINE('',#4500,#4501);
#3422=VERTEX_POINT('',#4502);
#3423=LINE('',#4503,#4504);
#3424=LINE('',#4505,#4506);
#3425=VERTEX_POINT('',#4507);
#3426=LINE('',#4508,#4509);
#3427=LINE('',#4510,#4511);
#3428=VERTEX_POINT('',#4512);
#3429=LINE('',#4513,#4514);
#3430=LINE('',#4515,#4516);
#3431=VERTEX_POINT('',#4517);
#3432=LINE('',#4518,#4519);
#3433=LINE('',#4520,#4521);
#3434=VERTEX_POINT('',#4522);
#3435=LINE('',#4523,#4524);
#3436=LINE('',#4525,#4526);
#3437=VERTEX_POINT('',#4527);
#3438=LINE('',#4528,#4529);
#3439=LINE('',#4530,#4531);
#3440=VERTEX_POINT('',#4532);
#3441=LINE('',#4533,#4534);
#3442=LINE('',#4535,#4536);
#3443=LINE('',#4537,#4538);
#3444=LINE('',#4539,#4540);
#3445=LINE('',#4541,#4542);
#3446=LINE('',#4543,#4544);
#3447=VERTEX_POINT('',#4545);
#3448=LINE('',#4546,#4547);
#3449=CIRCLE('',#4548,0.35);
#3450=VERTEX_POINT('',#4549);
#3451=LINE('',#4550,#4551);
#3452=CIRCLE('',#4552,0.25);
#3453=CIRCLE('',#4553,0.25);
#3454=CIRCLE('',#4554,0.35);
#3455=LINE('',#4555,#4556);
#3456=VERTEX_POINT('',#4557);
#3457=LINE('',#4558,#4559);
#3458=CIRCLE('',#4560,0.35);
#3459=VERTEX_POINT('',#4561);
#3460=LINE('',#4562,#4563);
#3461=CIRCLE('',#4564,0.25);
#3462=CIRCLE('',#4565,0.25);
#3463=CIRCLE('',#4566,0.35);
#3464=LINE('',#4567,#4568);
#3465=VERTEX_POINT('',#4569);
#3466=LINE('',#4570,#4571);
#3467=CIRCLE('',#4572,0.35);
#3468=VERTEX_POINT('',#4573);
#3469=LINE('',#4574,#4575);
#3470=CIRCLE('',#4576,0.25);
#3471=CIRCLE('',#4577,0.25);
#3472=CIRCLE('',#4578,0.35);
#3473=LINE('',#4579,#4580);
#3474=LINE('',#4581,#4582);
#3475=VERTEX_POINT('',#4583);
#3476=LINE('',#4584,#4585);
#3477=VERTEX_POINT('',#4586);
#3478=CIRCLE('',#4587,0.35);
#3479=LINE('',#4588,#4589);
#3480=CIRCLE('',#4590,0.35);
#3481=VERTEX_POINT('',#4591);
#3482=CIRCLE('',#4592,0.1);
#3483=VERTEX_POINT('',#4593);
#3484=CIRCLE('',#4594,0.35);
#3485=CIRCLE('',#4595,0.8);
#3486=CIRCLE('',#4596,0.35);
#3487=VERTEX_POINT('',#4597);
#3488=LINE('',#4598,#4599);
#3489=VERTEX_POINT('',#4600);
#3490=LINE('',#4601,#4602);
#3491=CIRCLE('',#4603,0.35);
#3492=VERTEX_POINT('',#4604);
#3493=LINE('',#4605,#4606);
#3494=VERTEX_POINT('',#4607);
#3495=LINE('',#4608,#4609);
#3496=CIRCLE('',#4610,0.25);
#3497=CIRCLE('',#4611,0.25);
#3498=CIRCLE('',#4612,0.35);
#3499=VERTEX_POINT('',#4613);
#3500=LINE('',#4614,#4615);
#3501=VERTEX_POINT('',#4616);
#3502=CIRCLE('',#4617,0.35);
#3503=LINE('',#4618,#4619);
#3504=CIRCLE('',#4620,0.35);
#3505=VERTEX_POINT('',#4621);
#3506=CIRCLE('',#4622,0.1);
#3507=VERTEX_POINT('',#4623);
#3508=CIRCLE('',#4624,0.35);
#3509=CIRCLE('',#4625,0.8);
#3510=CIRCLE('',#4626,0.35);
#3511=VERTEX_POINT('',#4627);
#3512=LINE('',#4628,#4629);
#3513=VERTEX_POINT('',#4630);
#3514=LINE('',#4631,#4632);
#3515=CIRCLE('',#4633,0.35);
#3516=VERTEX_POINT('',#4634);
#3517=LINE('',#4635,#4636);
#3518=VERTEX_POINT('',#4637);
#3519=LINE('',#4638,#4639);
#3520=CIRCLE('',#4640,0.25);
#3521=CIRCLE('',#4641,0.25);
#3522=CIRCLE('',#4642,0.35);
#3523=CARTESIAN_POINT('',(-2.5,5.1,0.35));
#3524=CARTESIAN_POINT('',(-2.5,5.5,0.25));
#3525=CARTESIAN_POINT('',(-2.5,5.300000000812,0.299999999797));
#3526=VECTOR('',#4643,1.0);
#3527=CARTESIAN_POINT('',(-2.15,5.1,0.0));
#3528=AXIS2_PLACEMENT_3D('',#4644,#4645,#4646);
#3529=CARTESIAN_POINT('',(-2.25,5.5,0.0));
#3530=CARTESIAN_POINT('',(-2.250000000183,5.500000000733,-8.282681617695E-10));
#3531=VECTOR('',#4647,0.412310562524);
#3532=AXIS2_PLACEMENT_3D('',#4648,#4649,#4650);
#3533=CARTESIAN_POINT('',(-2.5,5.5,-0.25));
#3534=CARTESIAN_POINT('',(-2.5,5.1,-0.35));
#3535=CARTESIAN_POINT('',(-2.5,5.300000000812,-0.299999999797));
#3536=VECTOR('',#4651,1.0);
#3537=AXIS2_PLACEMENT_3D('',#4652,#4653,#4654);
#3538=AXIS2_PLACEMENT_3D('',#4655,#4656,#4657);
#3539=CARTESIAN_POINT('',(2.5,5.1,0.35));
#3540=CARTESIAN_POINT('',(2.5,5.5,0.25));
#3541=CARTESIAN_POINT('',(2.5,5.300000000812,0.299999999797));
#3542=VECTOR('',#4658,1.0);
#3543=CARTESIAN_POINT('',(2.85,5.1,0.0));
#3544=AXIS2_PLACEMENT_3D('',#4659,#4660,#4661);
#3545=CARTESIAN_POINT('',(2.75,5.5,0.0));
#3546=CARTESIAN_POINT('',(2.749999999817,5.500000000733,-8.282681617695E-10));
#3547=VECTOR('',#4662,0.412310562524);
#3548=AXIS2_PLACEMENT_3D('',#4663,#4664,#4665);
#3549=CARTESIAN_POINT('',(2.5,5.5,-0.25));
#3550=CARTESIAN_POINT('',(2.5,5.1,-0.35));
#3551=CARTESIAN_POINT('',(2.5,5.300000000812,-0.299999999797));
#3552=VECTOR('',#4666,1.0);
#3553=AXIS2_PLACEMENT_3D('',#4667,#4668,#4669);
#3554=AXIS2_PLACEMENT_3D('',#4670,#4671,#4672);
#3555=CARTESIAN_POINT('',(-4.28612223837832E-17,5.1,0.35));
#3556=CARTESIAN_POINT('',(-3.06151588455594E-17,5.5,0.25));
#3557=CARTESIAN_POINT('',(-3.67381905898118E-17,5.300000000812,0.299999999797));
#3558=VECTOR('',#4673,1.0);
#3559=CARTESIAN_POINT('',(0.35,5.1,0.0));
#3560=AXIS2_PLACEMENT_3D('',#4674,#4675,#4676);
#3561=CARTESIAN_POINT('',(0.25,5.5,0.0));
#3562=CARTESIAN_POINT('',(0.2499999998166,5.500000000733,-8.282680503679E-10));
#3563=VECTOR('',#4677,0.412310562524);
#3564=AXIS2_PLACEMENT_3D('',#4678,#4679,#4680);
#3565=CARTESIAN_POINT('',(3.06151588455594E-17,5.5,-0.25));
#3566=CARTESIAN_POINT('',(4.28612223837832E-17,5.1,-0.35));
#3567=CARTESIAN_POINT('',(3.67381905898118E-17,5.300000000812,-0.299999999797));
#3568=VECTOR('',#4681,1.0);
#3569=AXIS2_PLACEMENT_3D('',#4682,#4683,#4684);
#3570=AXIS2_PLACEMENT_3D('',#4685,#4686,#4687);
#3571=CARTESIAN_POINT('',(-4.1,1.196787072643,1.582403568474));
#3572=CARTESIAN_POINT('',(-4.05,1.196787072643,1.582403568474));
#3573=CARTESIAN_POINT('',(-4.1,1.196787072643,1.582403568474));
#3574=VECTOR('',#4688,1.0);
#3575=CARTESIAN_POINT('',(-4.1,1.234787072643,1.544403568474));
#3576=AXIS2_PLACEMENT_3D('',#4689,#4690,#4691);
#3577=CARTESIAN_POINT('',(-4.05,1.234787072643,1.544403568474));
#3578=CARTESIAN_POINT('',(-4.1,1.234787072643,1.544403568474));
#3579=VECTOR('',#4692,0.05);
#3580=AXIS2_PLACEMENT_3D('',#4693,#4694,#4695);
#3581=CARTESIAN_POINT('',(-4.05,1.012787072643,1.483966364145));
#3582=CARTESIAN_POINT('',(-4.1,1.012787072643,1.483966364145));
#3583=CARTESIAN_POINT('',(-4.1,1.012787072643,1.483966364145));
#3584=VECTOR('',#4696,1.0);
#3585=CARTESIAN_POINT('',(-4.05,1.030787072643,1.465966364145));
#3586=AXIS2_PLACEMENT_3D('',#4697,#4698,#4699);
#3587=CARTESIAN_POINT('',(-4.1,1.030787072643,1.465966364145));
#3588=CARTESIAN_POINT('',(-4.1,1.030787072643,1.465966364145));
#3589=VECTOR('',#4700,0.05);
#3590=AXIS2_PLACEMENT_3D('',#4701,#4702,#4703);
#3591=CARTESIAN_POINT('',(-0.375,0.0,-0.85));
#3592=CARTESIAN_POINT('',(-0.375,0.0,-1.85));
#3593=CARTESIAN_POINT('',(-0.375,0.0,-0.85));
#3594=VECTOR('',#4704,1.0);
#3595=CARTESIAN_POINT('',(0.375,0.0,-1.85));
#3596=CARTESIAN_POINT('',(0.375,0.0,-1.85));
#3597=VECTOR('',#4705,0.75);
#3598=CARTESIAN_POINT('',(0.375,0.0,-0.85));
#3599=CARTESIAN_POINT('',(0.375,0.0,-0.85));
#3600=VECTOR('',#4706,1.0);
#3601=CARTESIAN_POINT('',(2.125,0.0,-0.85));
#3602=CARTESIAN_POINT('',(0.375,0.0,-0.85));
#3603=VECTOR('',#4707,1.75);
#3604=CARTESIAN_POINT('',(2.125,0.0,-1.85));
#3605=CARTESIAN_POINT('',(2.125,0.0,-0.85));
#3606=VECTOR('',#4708,1.0);
#3607=CARTESIAN_POINT('',(2.875,0.0,-1.85));
#3608=CARTESIAN_POINT('',(2.875,0.0,-1.85));
#3609=VECTOR('',#4709,0.75);
#3610=CARTESIAN_POINT('',(2.875,0.0,-0.85));
#3611=CARTESIAN_POINT('',(2.875,0.0,-0.85));
#3612=VECTOR('',#4710,1.0);
#3613=CARTESIAN_POINT('',(5.0,0.0,-0.85));
#3614=CARTESIAN_POINT('',(2.875,0.0,-0.85));
#3615=VECTOR('',#4711,2.125);
#3616=CARTESIAN_POINT('',(5.0,0.0,-0.05));
#3617=CARTESIAN_POINT('',(5.0,0.0,-0.05));
#3618=VECTOR('',#4712,0.8);
#3619=CARTESIAN_POINT('',(4.1,0.0,-0.05));
#3620=CARTESIAN_POINT('',(5.0,0.0,-0.05));
#3621=VECTOR('',#4713,0.9);
#3622=CARTESIAN_POINT('',(4.1,0.0,2.05));
#3623=CARTESIAN_POINT('',(4.1,0.0,2.05));
#3624=VECTOR('',#4714,2.1);
#3625=CARTESIAN_POINT('',(-4.1,0.0,2.05));
#3626=CARTESIAN_POINT('',(-4.1,0.0,2.05));
#3627=VECTOR('',#4715,8.2);
#3628=CARTESIAN_POINT('',(-4.1,0.0,-0.05));
#3629=CARTESIAN_POINT('',(-4.1,0.0,2.05));
#3630=VECTOR('',#4716,2.1);
#3631=CARTESIAN_POINT('',(-5.0,0.0,-0.05));
#3632=CARTESIAN_POINT('',(-5.0,0.0,-0.05));
#3633=VECTOR('',#4717,0.9);
#3634=CARTESIAN_POINT('',(-5.0,0.0,-0.64));
#3635=CARTESIAN_POINT('',(-5.0,0.0,-0.64));
#3636=VECTOR('',#4718,0.59);
#3637=CARTESIAN_POINT('',(-4.79,0.0,-0.85));
#3638=CARTESIAN_POINT('',(-4.79,0.0,-0.85));
#3639=VECTOR('',#4719,0.2969848480984);
#3640=CARTESIAN_POINT('',(-2.875,0.0,-0.85));
#3641=CARTESIAN_POINT('',(-4.79,0.0,-0.85));
#3642=VECTOR('',#4720,1.915);
#3643=CARTESIAN_POINT('',(-2.875,0.0,-1.85));
#3644=CARTESIAN_POINT('',(-2.875,0.0,-0.85));
#3645=VECTOR('',#4721,1.0);
#3646=CARTESIAN_POINT('',(-2.125,0.0,-1.85));
#3647=CARTESIAN_POINT('',(-2.125,0.0,-1.85));
#3648=VECTOR('',#4722,0.75);
#3649=CARTESIAN_POINT('',(-2.125,0.0,-0.85));
#3650=CARTESIAN_POINT('',(-2.125,0.0,-0.85));
#3651=VECTOR('',#4723,1.0);
#3652=CARTESIAN_POINT('',(-2.125,0.0,-0.85));
#3653=VECTOR('',#4724,1.75);
#3654=CARTESIAN_POINT('',(2.5,0.0,0.35));
#3655=CARTESIAN_POINT('',(2.5,0.0,-0.35));
#3656=AXIS2_PLACEMENT_3D('',#4725,#4726,#4727);
#3657=AXIS2_PLACEMENT_3D('',#4728,#4729,#4730);
#3658=CARTESIAN_POINT('',(-2.5,0.0,0.35));
#3659=CARTESIAN_POINT('',(-2.5,0.0,-0.35));
#3660=AXIS2_PLACEMENT_3D('',#4731,#4732,#4733);
#3661=AXIS2_PLACEMENT_3D('',#4734,#4735,#4736);
#3662=CARTESIAN_POINT('',(0.0,0.0,0.35));
#3663=CARTESIAN_POINT('',(0.0,0.0,-0.35));
#3664=AXIS2_PLACEMENT_3D('',#4737,#4738,#4739);
#3665=AXIS2_PLACEMENT_3D('',#4740,#4741,#4742);
#3666=CARTESIAN_POINT('',(2.5,-0.1,0.35));
#3667=CARTESIAN_POINT('',(2.5,0.0,0.35));
#3668=VECTOR('',#4743,0.1);
#3669=CARTESIAN_POINT('',(2.5,-0.1,-0.35));
#3670=AXIS2_PLACEMENT_3D('',#4744,#4745,#4746);
#3671=CARTESIAN_POINT('',(2.5,0.0,-0.35));
#3672=VECTOR('',#4747,0.1);
#3673=AXIS2_PLACEMENT_3D('',#4748,#4749,#4750);
#3674=CARTESIAN_POINT('',(2.5,-0.2,-0.45));
#3675=AXIS2_PLACEMENT_3D('',#4751,#4752,#4753);
#3676=CARTESIAN_POINT('',(2.5,-0.9,-0.45));
#3677=AXIS2_PLACEMENT_3D('',#4754,#4755,#4756);
#3678=AXIS2_PLACEMENT_3D('',#4757,#4758,#4759);
#3679=AXIS2_PLACEMENT_3D('',#4760,#4761,#4762);
#3680=CARTESIAN_POINT('',(2.5,-0.2,-4.95));
#3681=CARTESIAN_POINT('',(2.5,-0.2,-0.45));
#3682=VECTOR('',#4763,4.50000000077);
#3683=CARTESIAN_POINT('',(2.5,-0.9,-4.95));
#3684=CARTESIAN_POINT('',(2.5,-0.9,-0.45));
#3685=VECTOR('',#4764,4.50000000077);
#3686=AXIS2_PLACEMENT_3D('',#4765,#4766,#4767);
#3687=CARTESIAN_POINT('',(2.5,-0.3,-5.35));
#3688=CARTESIAN_POINT('',(2.500000000828,-0.3000000001834,-5.350000000733));
#3689=VECTOR('',#4768,0.412310562524);
#3690=CARTESIAN_POINT('',(2.5,-0.8,-5.35));
#3691=CARTESIAN_POINT('',(2.499999999172,-0.7999999998166,-5.350000000733));
#3692=VECTOR('',#4769,0.412310562524);
#3693=AXIS2_PLACEMENT_3D('',#4770,#4771,#4772);
#3694=AXIS2_PLACEMENT_3D('',#4773,#4774,#4775);
#3695=AXIS2_PLACEMENT_3D('',#4776,#4777,#4778);
#3696=CARTESIAN_POINT('',(0.375,-1.0,-0.85));
#3697=CARTESIAN_POINT('',(0.375,0.0,-0.85));
#3698=VECTOR('',#4779,1.0);
#3699=CARTESIAN_POINT('',(0.475,-1.5,-0.85));
#3700=CARTESIAN_POINT('',(0.475,-1.5,-0.85));
#3701=VECTOR('',#4780,0.5099019513593);
#3702=CARTESIAN_POINT('',(2.025,-1.5,-0.85));
#3703=CARTESIAN_POINT('',(2.025,-1.5,-0.85));
#3704=VECTOR('',#4781,1.55);
#3705=CARTESIAN_POINT('',(2.125,-1.0,-0.85));
#3706=CARTESIAN_POINT('',(2.025,-1.5,-0.85));
#3707=VECTOR('',#4782,0.5099019513593);
#3708=CARTESIAN_POINT('',(2.125,0.0,-0.85));
#3709=VECTOR('',#4783,1.0);
#3710=CARTESIAN_POINT('',(5.0,-1.5,-0.85));
#3711=CARTESIAN_POINT('',(2.975,-1.5,-0.85));
#3712=CARTESIAN_POINT('',(5.0,-1.5,-0.85));
#3713=VECTOR('',#4784,2.025);
#3714=CARTESIAN_POINT('',(5.0,0.0,-0.85));
#3715=VECTOR('',#4785,1.5);
#3716=CARTESIAN_POINT('',(2.875,-1.0,-0.85));
#3717=CARTESIAN_POINT('',(2.875,0.0,-0.85));
#3718=VECTOR('',#4786,1.0);
#3719=CARTESIAN_POINT('',(2.975,-1.5,-0.85));
#3720=VECTOR('',#4787,0.5099019513593);
#3721=CARTESIAN_POINT('',(-4.79,-1.5,-0.85));
#3722=CARTESIAN_POINT('',(-4.79,0.0,-0.85));
#3723=VECTOR('',#4788,1.5);
#3724=CARTESIAN_POINT('',(-2.975,-1.5,-0.85));
#3725=CARTESIAN_POINT('',(-2.975,-1.5,-0.85));
#3726=VECTOR('',#4789,1.815);
#3727=CARTESIAN_POINT('',(-2.875,-1.0,-0.85));
#3728=CARTESIAN_POINT('',(-2.975,-1.5,-0.85));
#3729=VECTOR('',#4790,0.5099019513593);
#3730=CARTESIAN_POINT('',(-2.875,0.0,-0.85));
#3731=VECTOR('',#4791,1.0);
#3732=CARTESIAN_POINT('',(-0.475,-1.5,-0.85));
#3733=CARTESIAN_POINT('',(-2.025,-1.5,-0.85));
#3734=CARTESIAN_POINT('',(-0.475,-1.5,-0.85));
#3735=VECTOR('',#4792,1.55);
#3736=CARTESIAN_POINT('',(-0.375,-1.0,-0.85));
#3737=CARTESIAN_POINT('',(-0.475,-1.5,-0.85));
#3738=VECTOR('',#4793,0.5099019513593);
#3739=CARTESIAN_POINT('',(-0.375,0.0,-0.85));
#3740=VECTOR('',#4794,1.0);
#3741=CARTESIAN_POINT('',(-2.125,-1.0,-0.85));
#3742=CARTESIAN_POINT('',(-2.125,0.0,-0.85));
#3743=VECTOR('',#4795,1.0);
#3744=CARTESIAN_POINT('',(-2.025,-1.5,-0.85));
#3745=VECTOR('',#4796,0.5099019513593);
#3746=CARTESIAN_POINT('',(2.125,-1.0,-1.85));
#3747=CARTESIAN_POINT('',(2.125,-1.0,-0.85));
#3748=VECTOR('',#4797,1.0);
#3749=CARTESIAN_POINT('',(2.125,0.0,-1.85));
#3750=VECTOR('',#4798,1.0);
#3751=CARTESIAN_POINT('',(-2.875,-1.0,-1.85));
#3752=CARTESIAN_POINT('',(-3.075,-2.0,-1.85));
#3753=CARTESIAN_POINT('',(-2.875,-1.0,-1.85));
#3754=VECTOR('',#4799,1.019803902719);
#3755=CARTESIAN_POINT('',(-3.79,-2.0,-1.85));
#3756=CARTESIAN_POINT('',(-3.075,-2.0,-1.85));
#3757=VECTOR('',#4800,0.715);
#3758=CARTESIAN_POINT('',(-3.79,5.9,-1.85));
#3759=CARTESIAN_POINT('',(-3.79,-2.0,-1.85));
#3760=VECTOR('',#4801,7.9);
#3761=CARTESIAN_POINT('',(5.0,5.9,-1.85));
#3762=CARTESIAN_POINT('',(5.0,5.9,-1.85));
#3763=VECTOR('',#4802,8.79);
#3764=CARTESIAN_POINT('',(5.0,-2.0,-1.85));
#3765=CARTESIAN_POINT('',(5.0,-2.0,-1.85));
#3766=VECTOR('',#4803,7.9);
#3767=CARTESIAN_POINT('',(3.075,-2.0,-1.85));
#3768=CARTESIAN_POINT('',(5.0,-2.0,-1.85));
#3769=VECTOR('',#4804,1.925);
#3770=CARTESIAN_POINT('',(2.875,-1.0,-1.85));
#3771=CARTESIAN_POINT('',(3.075,-2.0,-1.85));
#3772=VECTOR('',#4805,1.019803902719);
#3773=CARTESIAN_POINT('',(2.875,-1.0,-1.85));
#3774=VECTOR('',#4806,1.0);
#3775=CARTESIAN_POINT('',(1.925,-2.0,-1.85));
#3776=CARTESIAN_POINT('',(2.125,-1.0,-1.85));
#3777=VECTOR('',#4807,1.019803902719);
#3778=CARTESIAN_POINT('',(0.575,-2.0,-1.85));
#3779=CARTESIAN_POINT('',(1.925,-2.0,-1.85));
#3780=VECTOR('',#4808,1.35);
#3781=CARTESIAN_POINT('',(0.375,-1.0,-1.85));
#3782=CARTESIAN_POINT('',(0.575,-2.0,-1.85));
#3783=VECTOR('',#4809,1.019803902719);
#3784=CARTESIAN_POINT('',(0.375,-1.0,-1.85));
#3785=VECTOR('',#4810,1.0);
#3786=CARTESIAN_POINT('',(-0.375,-1.0,-1.85));
#3787=CARTESIAN_POINT('',(-0.375,0.0,-1.85));
#3788=VECTOR('',#4811,1.0);
#3789=CARTESIAN_POINT('',(-0.575,-2.0,-1.85));
#3790=CARTESIAN_POINT('',(-0.375,-1.0,-1.85));
#3791=VECTOR('',#4812,1.019803902719);
#3792=CARTESIAN_POINT('',(-1.925,-2.0,-1.85));
#3793=CARTESIAN_POINT('',(-0.575,-2.0,-1.85));
#3794=VECTOR('',#4813,1.35);
#3795=CARTESIAN_POINT('',(-2.125,-1.0,-1.85));
#3796=CARTESIAN_POINT('',(-1.925,-2.0,-1.85));
#3797=VECTOR('',#4814,1.019803902719);
#3798=CARTESIAN_POINT('',(-2.125,-1.0,-1.85));
#3799=VECTOR('',#4815,1.0);
#3800=CARTESIAN_POINT('',(-2.875,0.0,-1.85));
#3801=VECTOR('',#4816,1.0);
#3802=CARTESIAN_POINT('',(-2.875,-1.0,-0.85));
#3803=VECTOR('',#4817,1.0);
#3804=CARTESIAN_POINT('',(-3.075,-2.0,-1.35));
#3805=CARTESIAN_POINT('',(-2.975,-1.5,-0.85));
#3806=VECTOR('',#4818,0.7141428428543);
#3807=CARTESIAN_POINT('',(-3.075,-2.0,-1.35));
#3808=VECTOR('',#4819,0.5);
#3809=CARTESIAN_POINT('',(1.925,-2.0,-1.35));
#3810=CARTESIAN_POINT('',(0.575,-2.0,-1.35));
#3811=CARTESIAN_POINT('',(1.925,-2.0,-1.35));
#3812=VECTOR('',#4820,1.35);
#3813=CARTESIAN_POINT('',(0.575,-2.0,-1.35));
#3814=VECTOR('',#4821,0.5);
#3815=CARTESIAN_POINT('',(1.925,-2.0,-1.35));
#3816=VECTOR('',#4822,0.5);
#3817=CARTESIAN_POINT('',(5.0,-2.0,-1.35));
#3818=CARTESIAN_POINT('',(5.0,-2.0,-1.35));
#3819=VECTOR('',#4823,0.5);
#3820=CARTESIAN_POINT('',(3.075,-2.0,-1.35));
#3821=CARTESIAN_POINT('',(5.0,-2.0,-1.35));
#3822=VECTOR('',#4824,1.925);
#3823=CARTESIAN_POINT('',(3.075,-2.0,-1.35));
#3824=VECTOR('',#4825,0.5);
#3825=CARTESIAN_POINT('',(-4.29,-2.0,-1.35));
#3826=CARTESIAN_POINT('',(-3.075,-2.0,-1.35));
#3827=VECTOR('',#4826,1.215);
#3828=CARTESIAN_POINT('',(-4.29,-2.0,-1.35));
#3829=VECTOR('',#4827,0.7071067811865);
#3830=CARTESIAN_POINT('',(-0.575,-2.0,-1.35));
#3831=CARTESIAN_POINT('',(-0.575,-2.0,-1.35));
#3832=VECTOR('',#4828,0.5);
#3833=CARTESIAN_POINT('',(-1.925,-2.0,-1.35));
#3834=CARTESIAN_POINT('',(-0.575,-2.0,-1.35));
#3835=VECTOR('',#4829,1.35);
#3836=CARTESIAN_POINT('',(-1.925,-2.0,-1.35));
#3837=VECTOR('',#4830,0.5);
#3838=CARTESIAN_POINT('',(2.025,-1.5,-0.85));
#3839=VECTOR('',#4831,0.7141428428543);
#3840=CARTESIAN_POINT('',(0.475,-1.5,-0.85));
#3841=VECTOR('',#4832,0.7141428428543);
#3842=CARTESIAN_POINT('',(5.0,-1.5,-0.85));
#3843=VECTOR('',#4833,0.7071067811865);
#3844=CARTESIAN_POINT('',(2.975,-1.5,-0.85));
#3845=VECTOR('',#4834,0.7141428428543);
#3846=CARTESIAN_POINT('',(-4.79,-1.5,-0.85));
#3847=VECTOR('',#4835,0.8660254037844);
#3848=CARTESIAN_POINT('',(-0.475,-1.5,-0.85));
#3849=VECTOR('',#4836,0.7141428428543);
#3850=CARTESIAN_POINT('',(-2.025,-1.5,-0.85));
#3851=VECTOR('',#4837,0.7141428428543);
#3852=CARTESIAN_POINT('',(0.375,-1.0,-0.85));
#3853=VECTOR('',#4838,1.0);
#3854=CARTESIAN_POINT('',(2.875,-1.0,-0.85));
#3855=VECTOR('',#4839,1.0);
#3856=CARTESIAN_POINT('',(5.0,5.9,3.05));
#3857=CARTESIAN_POINT('',(5.0,5.9,1.699621984225));
#3858=CARTESIAN_POINT('',(5.0,5.9,3.05));
#3859=VECTOR('',#4840,1.350378015775);
#3860=CARTESIAN_POINT('',(5.0,0.8960933600713,3.05));
#3861=CARTESIAN_POINT('',(5.0,0.8960933600713,3.05));
#3862=VECTOR('',#4841,5.003906639929);
#3863=CARTESIAN_POINT('',(5.0,0.8960933600713,2.05));
#3864=CARTESIAN_POINT('',(5.0,0.8960933600713,3.05));
#3865=VECTOR('',#4842,1.0);
#3866=CARTESIAN_POINT('',(5.0,4.890782976827,2.05));
#3867=CARTESIAN_POINT('',(5.0,0.8960933600713,2.05));
#3868=VECTOR('',#4843,3.994689616756);
#3869=CARTESIAN_POINT('',(5.0,4.890782976827,1.195135026738));
#3870=CARTESIAN_POINT('',(5.0,4.890782976827,1.195135026738));
#3871=VECTOR('',#4844,0.8548649732621);
#3872=CARTESIAN_POINT('',(5.0,5.39070855615,1.195135026738));
#3873=CARTESIAN_POINT('',(5.0,5.39070855615,1.195135026738));
#3874=VECTOR('',#4845,0.4999255793227);
#3875=CARTESIAN_POINT('',(5.0,5.9,1.699621984225));
#3876=VECTOR('',#4846,0.7168576323465);
#3877=CARTESIAN_POINT('',(5.0,5.9,0.4809933409527));
#3878=CARTESIAN_POINT('',(5.0,5.9,0.4809933409527));
#3879=VECTOR('',#4847,2.330993340953);
#3880=CARTESIAN_POINT('',(5.0,5.39070855615,0.9951350267379));
#3881=CARTESIAN_POINT('',(5.0,5.39070855615,0.9951350267379));
#3882=VECTOR('',#4848,0.7236846328623);
#3883=CARTESIAN_POINT('',(5.0,4.890782976827,0.9951350267379));
#3884=CARTESIAN_POINT('',(5.0,4.890782976827,0.9951350267379));
#3885=VECTOR('',#4849,0.4999255793227);
#3886=CARTESIAN_POINT('',(5.0,4.890782976827,-0.05));
#3887=CARTESIAN_POINT('',(5.0,4.890782976827,-0.05));
#3888=VECTOR('',#4850,1.045135026738);
#3889=CARTESIAN_POINT('',(5.0,0.0,-0.05));
#3890=VECTOR('',#4851,4.890782976827);
#3891=CARTESIAN_POINT('',(4.2,5.39070855615,1.195135026738));
#3892=CARTESIAN_POINT('',(5.0,5.39070855615,1.195135026738));
#3893=VECTOR('',#4852,0.8);
#3894=CARTESIAN_POINT('',(4.2,5.9,1.699621984225));
#3895=CARTESIAN_POINT('',(4.2,5.9,1.699621984225));
#3896=VECTOR('',#4853,0.7168576323465);
#3897=CARTESIAN_POINT('',(5.0,5.9,1.699621984225));
#3898=VECTOR('',#4854,0.8);
#3899=CARTESIAN_POINT('',(3.1275,5.9,-1.45));
#3900=CARTESIAN_POINT('',(4.2,5.9,-0.35));
#3901=CARTESIAN_POINT('',(3.1275,5.9,-1.45));
#3902=VECTOR('',#4855,1.536312549581);
#3903=CARTESIAN_POINT('',(4.2,5.9,0.4809933409527));
#3904=CARTESIAN_POINT('',(4.2,5.9,0.4809933409527));
#3905=VECTOR('',#4856,0.8309933409527);
#3906=CARTESIAN_POINT('',(5.0,5.9,0.4809933409527));
#3907=VECTOR('',#4857,0.8);
#3908=CARTESIAN_POINT('',(-5.0,5.9,-0.64));
#3909=CARTESIAN_POINT('',(-3.79,5.9,-1.85));
#3910=VECTOR('',#4858,1.711198410471);
#3911=CARTESIAN_POINT('',(-5.0,5.9,0.4809933409527));
#3912=CARTESIAN_POINT('',(-5.0,5.9,-0.64));
#3913=VECTOR('',#4859,1.120993340953);
#3914=CARTESIAN_POINT('',(-4.2,5.9,0.4809933409527));
#3915=CARTESIAN_POINT('',(-5.0,5.9,0.4809933409527));
#3916=VECTOR('',#4860,0.8);
#3917=CARTESIAN_POINT('',(-4.2,5.9,-0.35));
#3918=CARTESIAN_POINT('',(-4.2,5.9,-0.35));
#3919=VECTOR('',#4861,0.8309933409527);
#3920=CARTESIAN_POINT('',(-3.1275,5.9,-1.45));
#3921=CARTESIAN_POINT('',(-4.2,5.9,-0.35));
#3922=VECTOR('',#4862,1.536312549581);
#3923=CARTESIAN_POINT('',(-3.1275,5.9,-1.45));
#3924=VECTOR('',#4863,6.255);
#3925=CARTESIAN_POINT('',(-4.2,5.9,2.65));
#3926=CARTESIAN_POINT('',(-4.2,5.9,1.699621984225));
#3927=CARTESIAN_POINT('',(-4.2,5.9,2.65));
#3928=VECTOR('',#4864,0.9503780157752);
#3929=CARTESIAN_POINT('',(-5.0,5.9,1.699621984225));
#3930=CARTESIAN_POINT('',(-5.0,5.9,1.699621984225));
#3931=VECTOR('',#4865,0.8);
#3932=CARTESIAN_POINT('',(-5.0,5.9,3.05));
#3933=CARTESIAN_POINT('',(-5.0,5.9,1.699621984225));
#3934=VECTOR('',#4866,1.350378015775);
#3935=CARTESIAN_POINT('',(-5.0,5.9,3.05));
#3936=VECTOR('',#4867,10.0);
#3937=CARTESIAN_POINT('',(4.2,5.9,2.65));
#3938=CARTESIAN_POINT('',(4.2,5.9,1.699621984225));
#3939=VECTOR('',#4868,0.9503780157752);
#3940=CARTESIAN_POINT('',(4.2,5.9,2.65));
#3941=VECTOR('',#4869,8.4);
#3942=CARTESIAN_POINT('',(3.42,5.6,-1.15));
#3943=CARTESIAN_POINT('',(3.1275,5.9,-1.45));
#3944=VECTOR('',#4870,0.5153215015891);
#3945=CARTESIAN_POINT('',(-3.42,5.6,-1.15));
#3946=CARTESIAN_POINT('',(-3.42,5.6,-1.15));
#3947=VECTOR('',#4871,0.5153215015891);
#3948=CARTESIAN_POINT('',(-3.42,5.6,-1.15));
#3949=VECTOR('',#4872,6.84);
#3950=CARTESIAN_POINT('',(-0.9039327650314,1.95,-1.15));
#3951=CARTESIAN_POINT('',(-0.9039327650314,5.45,-1.15));
#3952=CARTESIAN_POINT('',(-0.9039327650314,1.95,-1.15));
#3953=VECTOR('',#4873,3.5);
#3954=CARTESIAN_POINT('',(0.8992164103078,1.95,-1.15));
#3955=CARTESIAN_POINT('',(0.8992164103078,1.95,-1.15));
#3956=VECTOR('',#4874,1.803149175339);
#3957=CARTESIAN_POINT('',(0.8992164103078,5.45,-1.15));
#3958=CARTESIAN_POINT('',(0.8992164103078,1.95,-1.15));
#3959=VECTOR('',#4875,3.5);
#3960=CARTESIAN_POINT('',(1.596067234969,5.45,-1.15));
#3961=CARTESIAN_POINT('',(0.8992164103078,5.45,-1.15));
#3962=VECTOR('',#4876,0.6968508246608);
#3963=CARTESIAN_POINT('',(1.596067234969,1.95,-1.15));
#3964=CARTESIAN_POINT('',(1.596067234969,1.95,-1.15));
#3965=VECTOR('',#4877,3.5);
#3966=CARTESIAN_POINT('',(3.42,1.95,-1.15));
#3967=CARTESIAN_POINT('',(3.42,1.95,-1.15));
#3968=VECTOR('',#4878,1.823932765031);
#3969=CARTESIAN_POINT('',(3.42,5.6,-1.15));
#3970=VECTOR('',#4879,3.65);
#3971=CARTESIAN_POINT('',(-3.42,1.95,-1.15));
#3972=CARTESIAN_POINT('',(-3.42,5.6,-1.15));
#3973=VECTOR('',#4880,3.65);
#3974=CARTESIAN_POINT('',(-1.600783589692,1.95,-1.15));
#3975=CARTESIAN_POINT('',(-1.600783589692,1.95,-1.15));
#3976=VECTOR('',#4881,1.819216410308);
#3977=CARTESIAN_POINT('',(-1.600783589692,5.45,-1.15));
#3978=CARTESIAN_POINT('',(-1.600783589692,1.95,-1.15));
#3979=VECTOR('',#4882,3.5);
#3980=CARTESIAN_POINT('',(-1.600783589692,5.45,-1.15));
#3981=VECTOR('',#4883,0.6968508246608);
#3982=CARTESIAN_POINT('',(-1.332534982175,5.45,-0.7923351158646));
#3983=CARTESIAN_POINT('',(-1.600783589692,5.45,-1.15));
#3984=VECTOR('',#4884,0.4470810718189);
#3985=CARTESIAN_POINT('',(-1.172181372549,5.45,-0.7923351158646));
#3986=AXIS2_PLACEMENT_3D('',#4885,#4886,#4887);
#3987=CARTESIAN_POINT('',(-1.172181372549,5.45,-0.7923351158646));
#3988=VECTOR('',#4888,0.4470810718189);
#3989=CARTESIAN_POINT('',(-1.172181372549,1.95,-0.7923351158646));
#3990=CARTESIAN_POINT('',(-1.172181372549,1.95,-0.7923351158646));
#3991=VECTOR('',#4889,3.5);
#3992=CARTESIAN_POINT('',(-1.172181372549,1.95,-0.7923351158646));
#3993=VECTOR('',#4890,0.4470810718189);
#3994=CARTESIAN_POINT('',(-4.2,1.95,-0.35));
#3995=CARTESIAN_POINT('',(-3.42,1.95,-1.15));
#3996=VECTOR('',#4891,1.117318217877);
#3997=CARTESIAN_POINT('',(-4.2,1.95,-0.05));
#3998=CARTESIAN_POINT('',(-4.2,1.95,-0.35));
#3999=VECTOR('',#4892,0.3);
#4000=CARTESIAN_POINT('',(-4.1,1.95,-0.05));
#4001=CARTESIAN_POINT('',(-4.2,1.95,-0.05));
#4002=VECTOR('',#4893,0.1);
#4003=CARTESIAN_POINT('',(-4.1,1.95,2.05));
#4004=CARTESIAN_POINT('',(-4.1,1.95,2.05));
#4005=VECTOR('',#4894,2.1);
#4006=CARTESIAN_POINT('',(-4.2,1.95,2.05));
#4007=CARTESIAN_POINT('',(-4.2,1.95,2.05));
#4008=VECTOR('',#4895,0.1);
#4009=CARTESIAN_POINT('',(-4.2,1.95,2.35));
#4010=CARTESIAN_POINT('',(-4.2,1.95,2.05));
#4011=VECTOR('',#4896,0.3);
#4012=CARTESIAN_POINT('',(4.2,1.95,2.35));
#4013=CARTESIAN_POINT('',(-4.2,1.95,2.35));
#4014=VECTOR('',#4897,8.4);
#4015=CARTESIAN_POINT('',(4.2,1.95,2.05));
#4016=CARTESIAN_POINT('',(4.2,1.95,2.35));
#4017=VECTOR('',#4898,0.3);
#4018=CARTESIAN_POINT('',(4.1,1.95,2.05));
#4019=CARTESIAN_POINT('',(4.2,1.95,2.05));
#4020=VECTOR('',#4899,0.1);
#4021=CARTESIAN_POINT('',(4.1,1.95,-0.05));
#4022=CARTESIAN_POINT('',(4.1,1.95,2.05));
#4023=VECTOR('',#4900,2.1);
#4024=CARTESIAN_POINT('',(4.2,1.95,-0.05));
#4025=CARTESIAN_POINT('',(4.2,1.95,-0.05));
#4026=VECTOR('',#4901,0.1);
#4027=CARTESIAN_POINT('',(4.2,1.95,-0.35));
#4028=CARTESIAN_POINT('',(4.2,1.95,-0.05));
#4029=VECTOR('',#4902,0.3);
#4030=CARTESIAN_POINT('',(4.2,1.95,-0.35));
#4031=VECTOR('',#4903,1.117318217877);
#4032=CARTESIAN_POINT('',(1.327818627451,1.95,-0.7923351158646));
#4033=CARTESIAN_POINT('',(1.327818627451,1.95,-0.7923351158646));
#4034=VECTOR('',#4904,0.4470810718189);
#4035=CARTESIAN_POINT('',(1.167465017825,1.95,-0.7923351158646));
#4036=AXIS2_PLACEMENT_3D('',#4905,#4906,#4907);
#4037=CARTESIAN_POINT('',(0.8992164103078,1.95,-1.15));
#4038=VECTOR('',#4908,0.4470810718189);
#4039=CARTESIAN_POINT('',(-1.332534982175,1.95,-0.7923351158646));
#4040=AXIS2_PLACEMENT_3D('',#4909,#4910,#4911);
#4041=CARTESIAN_POINT('',(-1.600783589692,1.95,-1.15));
#4042=VECTOR('',#4912,0.4470810718189);
#4043=CARTESIAN_POINT('',(-0.35,1.95,0.0));
#4044=CARTESIAN_POINT('',(0.35,1.95,0.0));
#4045=AXIS2_PLACEMENT_3D('',#4913,#4914,#4915);
#4046=AXIS2_PLACEMENT_3D('',#4916,#4917,#4918);
#4047=CARTESIAN_POINT('',(2.15,1.95,0.0));
#4048=CARTESIAN_POINT('',(2.85,1.95,0.0));
#4049=AXIS2_PLACEMENT_3D('',#4919,#4920,#4921);
#4050=AXIS2_PLACEMENT_3D('',#4922,#4923,#4924);
#4051=CARTESIAN_POINT('',(-2.85,1.95,0.0));
#4052=CARTESIAN_POINT('',(-2.15,1.95,0.0));
#4053=AXIS2_PLACEMENT_3D('',#4925,#4926,#4927);
#4054=AXIS2_PLACEMENT_3D('',#4928,#4929,#4930);
#4055=CARTESIAN_POINT('',(-1.332534982175,1.95,-0.7923351158646));
#4056=VECTOR('',#4931,3.5);
#4057=CARTESIAN_POINT('',(1.167465017825,5.45,-0.7923351158646));
#4058=CARTESIAN_POINT('',(1.167465017825,1.95,-0.7923351158646));
#4059=VECTOR('',#4932,3.5);
#4060=CARTESIAN_POINT('',(0.8992164103078,5.45,-1.15));
#4061=VECTOR('',#4933,0.4470810718189);
#4062=CARTESIAN_POINT('',(1.327818627451,5.45,-0.7923351158646));
#4063=AXIS2_PLACEMENT_3D('',#4934,#4935,#4936);
#4064=CARTESIAN_POINT('',(1.327818627451,5.45,-0.7923351158646));
#4065=VECTOR('',#4937,0.4470810718189);
#4066=CARTESIAN_POINT('',(1.327818627451,1.95,-0.7923351158646));
#4067=VECTOR('',#4938,3.5);
#4068=CARTESIAN_POINT('',(4.2,5.9,-0.35));
#4069=VECTOR('',#4939,3.95);
#4070=CARTESIAN_POINT('',(4.2,4.890782976827,-0.05));
#4071=CARTESIAN_POINT('',(4.2,4.890782976827,0.9951350267379));
#4072=CARTESIAN_POINT('',(4.2,4.890782976827,-0.05));
#4073=VECTOR('',#4940,1.045135026738);
#4074=CARTESIAN_POINT('',(4.2,5.39070855615,0.9951350267379));
#4075=CARTESIAN_POINT('',(4.2,4.890782976827,0.9951350267379));
#4076=VECTOR('',#4941,0.4999255793227);
#4077=CARTESIAN_POINT('',(4.2,5.39070855615,0.9951350267379));
#4078=VECTOR('',#4942,0.7236846328623);
#4079=CARTESIAN_POINT('',(4.2,1.95,-0.05));
#4080=VECTOR('',#4943,2.940782976827);
#4081=CARTESIAN_POINT('',(4.2,4.890782976827,1.195135026738));
#4082=CARTESIAN_POINT('',(4.2,5.39070855615,1.195135026738));
#4083=VECTOR('',#4944,0.4999255793227);
#4084=CARTESIAN_POINT('',(4.2,4.890782976827,2.05));
#4085=CARTESIAN_POINT('',(4.2,4.890782976827,1.195135026738));
#4086=VECTOR('',#4945,0.8548649732621);
#4087=CARTESIAN_POINT('',(4.2,1.95,2.05));
#4088=VECTOR('',#4946,2.940782976827);
#4089=CARTESIAN_POINT('',(4.2,5.6,2.35));
#4090=CARTESIAN_POINT('',(4.2,5.6,2.35));
#4091=VECTOR('',#4947,3.65);
#4092=CARTESIAN_POINT('',(4.2,5.6,2.35));
#4093=VECTOR('',#4948,0.4242640687119);
#4094=CARTESIAN_POINT('',(5.0,4.890782976827,-0.05));
#4095=VECTOR('',#4949,0.8);
#4096=CARTESIAN_POINT('',(4.1,0.0,-0.05));
#4097=VECTOR('',#4950,1.95);
#4098=CARTESIAN_POINT('',(4.1,0.8960933600713,2.05));
#4099=CARTESIAN_POINT('',(4.1,1.95,2.05));
#4100=VECTOR('',#4951,1.053906639929);
#4101=CARTESIAN_POINT('',(4.1,0.0,2.05));
#4102=VECTOR('',#4952,0.8960933600713);
#4103=CARTESIAN_POINT('',(-4.1,0.8960933600713,2.05));
#4104=CARTESIAN_POINT('',(4.1,0.8960933600713,2.05));
#4105=VECTOR('',#4953,8.2);
#4106=CARTESIAN_POINT('',(-4.1,0.0,2.05));
#4107=VECTOR('',#4954,0.8960933600713);
#4108=CARTESIAN_POINT('',(-4.1,1.95,2.05));
#4109=VECTOR('',#4955,1.053906639929);
#4110=CARTESIAN_POINT('',(-4.1,0.0,-0.05));
#4111=VECTOR('',#4956,1.95);
#4112=CARTESIAN_POINT('',(-4.1,1.030787072643,1.382942656762));
#4113=CARTESIAN_POINT('',(-4.1,1.030787072643,1.382942656762));
#4114=VECTOR('',#4957,0.08302370738329);
#4115=CARTESIAN_POINT('',(-4.1,1.092787072643,1.394957141687));
#4116=CARTESIAN_POINT('',(-4.1,1.092787072643,1.394957141687));
#4117=VECTOR('',#4958,0.0631533676697);
#4118=CARTESIAN_POINT('',(-4.1,1.092787072643,1.478358436093));
#4119=CARTESIAN_POINT('',(-4.1,1.092787072643,1.478358436093));
#4120=VECTOR('',#4959,0.08340129440529);
#4121=CARTESIAN_POINT('',(-4.1,1.113840755137,1.503883599033));
#4122=AXIS2_PLACEMENT_3D('',#4960,#4961,#4962);
#4123=CARTESIAN_POINT('',(-4.1,1.172787072643,1.515306335212));
#4124=CARTESIAN_POINT('',(-4.1,1.172787072643,1.515306335212));
#4125=VECTOR('',#4963,0.06004287842301);
#4126=CARTESIAN_POINT('',(-4.1,1.172787072643,1.410459702882));
#4127=CARTESIAN_POINT('',(-4.1,1.172787072643,1.410459702882));
#4128=VECTOR('',#4964,0.1048466323303);
#4129=CARTESIAN_POINT('',(-4.1,1.234787072643,1.422474187807));
#4130=CARTESIAN_POINT('',(-4.1,1.234787072643,1.422474187807));
#4131=VECTOR('',#4965,0.0631533676697);
#4132=CARTESIAN_POINT('',(-4.1,1.234787072643,1.544403568474));
#4133=VECTOR('',#4966,0.1219293806675);
#4134=CARTESIAN_POINT('',(-4.1,1.189557839365,1.581709575849));
#4135=AXIS2_PLACEMENT_3D('',#4967,#4968,#4969);
#4136=CARTESIAN_POINT('',(-4.1,1.110037692864,1.566300001633));
#4137=CARTESIAN_POINT('',(-4.1,1.110037692864,1.566300001633));
#4138=VECTOR('',#4970,0.08099943627609);
#4139=CARTESIAN_POINT('',(-4.1,1.062787072643,1.507873312609));
#4140=CARTESIAN_POINT('',(-4.1,1.062787072643,1.507873312609));
#4141=VECTOR('',#4971,0.07514185984888);
#4142=CARTESIAN_POINT('',(-4.1,1.011305128479,1.547167406367));
#4143=CARTESIAN_POINT('',(-4.1,1.011305128479,1.547167406367));
#4144=VECTOR('',#4972,0.06476431408668);
#4145=CARTESIAN_POINT('',(-4.1,0.893362698985,1.524312284734));
#4146=CARTESIAN_POINT('',(-4.1,0.893362698985,1.524312284734));
#4147=VECTOR('',#4973,0.1201364776402);
#4148=CARTESIAN_POINT('',(-4.1,0.878787072643,1.506641018083));
#4149=AXIS2_PLACEMENT_3D('',#4974,#4975,#4976);
#4150=CARTESIAN_POINT('',(-4.1,0.878787072643,1.124790120314));
#4151=CARTESIAN_POINT('',(-4.1,0.878787072643,1.124790120314));
#4152=VECTOR('',#4977,0.3818508977696);
#4153=CARTESIAN_POINT('',(-4.1,1.050980264651,1.039462461805));
#4154=CARTESIAN_POINT('',(-4.1,1.050980264651,1.039462461805));
#4155=VECTOR('',#4978,0.192175192677);
#4156=CARTESIAN_POINT('',(-4.1,1.022199045495,1.005548818617));
#4157=CARTESIAN_POINT('',(-4.1,1.022199045495,1.005548818617));
#4158=VECTOR('',#4979,0.0444802627064);
#4159=CARTESIAN_POINT('',(-4.1,0.878787072643,0.9777581575531));
#4160=CARTESIAN_POINT('',(-4.1,0.878787072643,0.9777581575531));
#4161=VECTOR('',#4980,0.1460798233829);
#4162=CARTESIAN_POINT('',(-4.1,0.878787072643,0.9157581575531));
#4163=CARTESIAN_POINT('',(-4.1,0.878787072643,0.9157581575531));
#4164=VECTOR('',#4981,0.062);
#4165=CARTESIAN_POINT('',(-4.1,1.218787072643,0.9816440426284));
#4166=CARTESIAN_POINT('',(-4.1,1.218787072643,0.9816440426284));
#4167=VECTOR('',#4982,0.346324919479);
#4168=CARTESIAN_POINT('',(-4.1,1.218787072643,0.8876440426284));
#4169=CARTESIAN_POINT('',(-4.1,1.218787072643,0.8876440426284));
#4170=VECTOR('',#4983,0.094);
#4171=CARTESIAN_POINT('',(-4.1,1.069150313424,0.7651241554079));
#4172=CARTESIAN_POINT('',(-4.1,1.069150313424,0.7651241554079));
#4173=VECTOR('',#4984,0.1933966971643);
#4174=CARTESIAN_POINT('',(-4.1,0.878787072643,0.8931876768671));
#4175=CARTESIAN_POINT('',(-4.1,0.878787072643,0.8931876768671));
#4176=VECTOR('',#4985,0.2294306626613);
#4177=CARTESIAN_POINT('',(-4.1,0.878787072643,0.8171876768671));
#4178=CARTESIAN_POINT('',(-4.1,0.878787072643,0.8171876768671));
#4179=VECTOR('',#4986,0.076);
#4180=CARTESIAN_POINT('',(-4.1,1.018195392166,0.7234031823101));
#4181=CARTESIAN_POINT('',(-4.1,1.018195392166,0.7234031823101));
#4182=VECTOR('',#4987,0.1680184840179);
#4183=CARTESIAN_POINT('',(-4.1,0.878787072643,0.6092581575531));
#4184=CARTESIAN_POINT('',(-4.1,0.878787072643,0.6092581575531));
#4185=VECTOR('',#4988,0.1801770413486);
#4186=CARTESIAN_POINT('',(-4.1,0.878787072643,0.5292581575531));
#4187=CARTESIAN_POINT('',(-4.1,0.878787072643,0.5292581575531));
#4188=VECTOR('',#4989,0.08);
#4189=CARTESIAN_POINT('',(-4.1,1.071832151385,0.6873199960973));
#4190=CARTESIAN_POINT('',(-4.1,1.071832151385,0.6873199960973));
#4191=VECTOR('',#4990,0.2494993932467);
#4192=CARTESIAN_POINT('',(-4.1,1.234787072643,0.5776949394435));
#4193=CARTESIAN_POINT('',(-4.1,1.234787072643,0.5776949394435));
#4194=VECTOR('',#4991,0.1963974526529);
#4195=CARTESIAN_POINT('',(-4.1,1.234787072643,0.6536949394435));
#4196=CARTESIAN_POINT('',(-4.1,1.234787072643,0.6536949394435));
#4197=VECTOR('',#4992,0.076);
#4198=CARTESIAN_POINT('',(-4.1,1.122787072643,0.729040969195));
#4199=CARTESIAN_POINT('',(-4.1,1.122787072643,0.729040969195));
#4200=VECTOR('',#4993,0.1349852740094);
#4201=CARTESIAN_POINT('',(-4.1,1.234787072643,0.8207445548672));
#4202=CARTESIAN_POINT('',(-4.1,1.234787072643,0.8207445548672));
#4203=VECTOR('',#4994,0.1447534028105);
#4204=CARTESIAN_POINT('',(-4.1,1.234787072643,1.046744554867));
#4205=CARTESIAN_POINT('',(-4.1,1.234787072643,1.046744554867));
#4206=VECTOR('',#4995,0.226);
#4207=CARTESIAN_POINT('',(-4.1,1.119706170106,1.024443945694));
#4208=CARTESIAN_POINT('',(-4.1,1.119706170106,1.024443945694));
#4209=VECTOR('',#4996,0.1172217185428);
#4210=CARTESIAN_POINT('',(-4.1,1.234787072643,1.160046702659));
#4211=CARTESIAN_POINT('',(-4.1,1.234787072643,1.160046702659));
#4212=VECTOR('',#4997,0.1778530905696);
#4213=CARTESIAN_POINT('',(-4.1,1.234787072643,1.256046702659));
#4214=CARTESIAN_POINT('',(-4.1,1.234787072643,1.256046702659));
#4215=VECTOR('',#4998,0.096);
#4216=CARTESIAN_POINT('',(-4.1,1.092318690165,1.088172580902));
#4217=CARTESIAN_POINT('',(-4.1,1.092318690165,1.088172580902));
#4218=VECTOR('',#4999,0.2201793831433);
#4219=CARTESIAN_POINT('',(-4.1,0.892787072643,1.187047371032));
#4220=CARTESIAN_POINT('',(-4.1,0.8927870726429,1.187047371032));
#4221=VECTOR('',#5000,0.222686080648);
#4222=CARTESIAN_POINT('',(-4.1,0.8927870726429,1.231047371032));
#4223=CARTESIAN_POINT('',(-4.1,0.8927870726429,1.231047371032));
#4224=VECTOR('',#5001,0.044);
#4225=CARTESIAN_POINT('',(-4.1,1.234787072643,1.297320820137));
#4226=CARTESIAN_POINT('',(-4.1,1.234787072643,1.297320820137));
#4227=VECTOR('',#5002,0.3483621248877);
#4228=CARTESIAN_POINT('',(-4.1,1.234787072643,1.359320820137));
#4229=CARTESIAN_POINT('',(-4.1,1.234787072643,1.359320820137));
#4230=VECTOR('',#5003,0.062);
#4231=CARTESIAN_POINT('',(-4.1,0.9407870726429,1.302348907749));
#4232=CARTESIAN_POINT('',(-4.1,0.9407870726429,1.302348907749));
#4233=VECTOR('',#5004,0.2994691950789);
#4234=CARTESIAN_POINT('',(-4.1,0.9407870726429,1.470348907749));
#4235=CARTESIAN_POINT('',(-4.1,0.9407870726429,1.470348907749));
#4236=VECTOR('',#5005,0.168);
#4237=CARTESIAN_POINT('',(-4.1,1.009362698985,1.483637630796));
#4238=CARTESIAN_POINT('',(-4.1,1.009362698985,1.483637630796));
#4239=VECTOR('',#5006,0.06985131844451);
#4240=AXIS2_PLACEMENT_3D('',#5007,#5008,#5009);
#4241=CARTESIAN_POINT('',(-4.2,4.890782976827,-0.05));
#4242=CARTESIAN_POINT('',(-4.2,1.95,-0.05));
#4243=VECTOR('',#5010,2.940782976827);
#4244=CARTESIAN_POINT('',(-5.0,4.890782976827,-0.05));
#4245=CARTESIAN_POINT('',(-5.0,4.890782976827,-0.05));
#4246=VECTOR('',#5011,0.8);
#4247=CARTESIAN_POINT('',(-5.0,0.0,-0.05));
#4248=VECTOR('',#5012,4.890782976827);
#4249=CARTESIAN_POINT('',(-5.0,0.0,-0.64));
#4250=VECTOR('',#5013,5.9);
#4251=CARTESIAN_POINT('',(-5.0,4.890782976827,0.9951350267379));
#4252=CARTESIAN_POINT('',(-5.0,4.890782976827,-0.05));
#4253=VECTOR('',#5014,1.045135026738);
#4254=CARTESIAN_POINT('',(-5.0,5.39070855615,0.9951350267379));
#4255=CARTESIAN_POINT('',(-5.0,4.890782976827,0.9951350267379));
#4256=VECTOR('',#5015,0.4999255793227);
#4257=CARTESIAN_POINT('',(-5.0,5.39070855615,0.9951350267379));
#4258=VECTOR('',#5016,0.7236846328623);
#4259=CARTESIAN_POINT('',(-5.0,5.39070855615,1.195135026738));
#4260=CARTESIAN_POINT('',(-5.0,4.890782976827,1.195135026738));
#4261=CARTESIAN_POINT('',(-5.0,5.39070855615,1.195135026738));
#4262=VECTOR('',#5017,0.4999255793227);
#4263=CARTESIAN_POINT('',(-5.0,4.890782976827,2.05));
#4264=CARTESIAN_POINT('',(-5.0,4.890782976827,1.195135026738));
#4265=VECTOR('',#5018,0.8548649732621);
#4266=CARTESIAN_POINT('',(-5.0,0.8960933600713,2.05));
#4267=CARTESIAN_POINT('',(-5.0,0.8960933600713,2.05));
#4268=VECTOR('',#5019,3.994689616756);
#4269=CARTESIAN_POINT('',(-5.0,0.8960933600713,3.05));
#4270=CARTESIAN_POINT('',(-5.0,0.8960933600713,3.05));
#4271=VECTOR('',#5020,1.0);
#4272=CARTESIAN_POINT('',(-5.0,0.8960933600713,3.05));
#4273=VECTOR('',#5021,5.003906639929);
#4274=CARTESIAN_POINT('',(-5.0,5.9,1.699621984225));
#4275=VECTOR('',#5022,0.7168576323465);
#4276=CARTESIAN_POINT('',(-4.2,5.39070855615,0.9951350267379));
#4277=CARTESIAN_POINT('',(-4.2,5.39070855615,0.9951350267379));
#4278=VECTOR('',#5023,0.7236846328623);
#4279=CARTESIAN_POINT('',(-5.0,5.39070855615,0.9951350267379));
#4280=VECTOR('',#5024,0.8);
#4281=CARTESIAN_POINT('',(-4.2,4.890782976827,0.9951350267379));
#4282=CARTESIAN_POINT('',(-4.2,4.890782976827,0.9951350267379));
#4283=VECTOR('',#5025,0.4999255793227);
#4284=CARTESIAN_POINT('',(-5.0,4.890782976827,0.9951350267379));
#4285=VECTOR('',#5026,0.8);
#4286=CARTESIAN_POINT('',(-4.2,4.890782976827,-0.05));
#4287=VECTOR('',#5027,1.045135026738);
#4288=CARTESIAN_POINT('',(-4.2,5.9,-0.35));
#4289=VECTOR('',#5028,3.95);
#4290=CARTESIAN_POINT('',(-4.2,4.890782976827,2.05));
#4291=CARTESIAN_POINT('',(-4.2,1.95,2.05));
#4292=VECTOR('',#5029,2.940782976827);
#4293=CARTESIAN_POINT('',(-4.2,4.890782976827,1.195135026738));
#4294=CARTESIAN_POINT('',(-4.2,4.890782976827,1.195135026738));
#4295=VECTOR('',#5030,0.8548649732621);
#4296=CARTESIAN_POINT('',(-4.2,5.39070855615,1.195135026738));
#4297=CARTESIAN_POINT('',(-4.2,5.39070855615,1.195135026738));
#4298=VECTOR('',#5031,0.4999255793227);
#4299=CARTESIAN_POINT('',(-4.2,5.9,1.699621984225));
#4300=VECTOR('',#5032,0.7168576323465);
#4301=CARTESIAN_POINT('',(-4.2,5.6,2.35));
#4302=CARTESIAN_POINT('',(-4.2,5.9,2.65));
#4303=VECTOR('',#5033,0.4242640687119);
#4304=CARTESIAN_POINT('',(-4.2,5.6,2.35));
#4305=VECTOR('',#5034,3.65);
#4306=CARTESIAN_POINT('',(4.2,5.6,2.35));
#4307=VECTOR('',#5035,8.4);
#4308=CARTESIAN_POINT('',(-5.0,5.39070855615,1.195135026738));
#4309=VECTOR('',#5036,0.8);
#4310=CARTESIAN_POINT('',(-5.0,4.890782976827,1.195135026738));
#4311=VECTOR('',#5037,0.8);
#4312=CARTESIAN_POINT('',(-5.0,4.890782976827,2.05));
#4313=VECTOR('',#5038,0.8);
#4314=CARTESIAN_POINT('',(-5.0,0.8960933600713,2.05));
#4315=VECTOR('',#5039,0.9);
#4316=CARTESIAN_POINT('',(5.0,0.8960933600713,2.05));
#4317=VECTOR('',#5040,0.9);
#4318=CARTESIAN_POINT('',(-5.0,0.8960933600713,3.05));
#4319=VECTOR('',#5041,10.0);
#4320=CARTESIAN_POINT('',(5.0,4.890782976827,2.05));
#4321=VECTOR('',#5042,0.8);
#4322=CARTESIAN_POINT('',(5.0,4.890782976827,1.195135026738));
#4323=VECTOR('',#5043,0.8);
#4324=CARTESIAN_POINT('',(-4.05,1.009362698985,1.483637630796));
#4325=CARTESIAN_POINT('',(-4.1,1.009362698985,1.483637630796));
#4326=VECTOR('',#5044,0.05);
#4327=AXIS2_PLACEMENT_3D('',#5045,#5046,#5047);
#4328=CARTESIAN_POINT('',(-4.05,1.030787072643,1.382942656762));
#4329=CARTESIAN_POINT('',(-4.05,1.030787072643,1.382942656762));
#4330=VECTOR('',#5048,0.08302370738329);
#4331=CARTESIAN_POINT('',(-4.1,1.030787072643,1.382942656762));
#4332=VECTOR('',#5049,0.05);
#4333=CARTESIAN_POINT('',(-4.05,1.092787072643,1.394957141687));
#4334=CARTESIAN_POINT('',(-4.05,1.092787072643,1.394957141687));
#4335=VECTOR('',#5050,0.0631533676697);
#4336=CARTESIAN_POINT('',(-4.1,1.092787072643,1.394957141687));
#4337=VECTOR('',#5051,0.05);
#4338=CARTESIAN_POINT('',(-4.05,1.092787072643,1.478358436093));
#4339=CARTESIAN_POINT('',(-4.05,1.092787072643,1.478358436093));
#4340=VECTOR('',#5052,0.08340129440529);
#4341=CARTESIAN_POINT('',(-4.1,1.092787072643,1.478358436093));
#4342=VECTOR('',#5053,0.05);
#4343=CARTESIAN_POINT('',(-4.05,1.113840755137,1.503883599033));
#4344=AXIS2_PLACEMENT_3D('',#5054,#5055,#5056);
#4345=CARTESIAN_POINT('',(-4.1,1.113840755137,1.503883599033));
#4346=VECTOR('',#5057,0.05);
#4347=CARTESIAN_POINT('',(-4.05,1.172787072643,1.515306335212));
#4348=CARTESIAN_POINT('',(-4.05,1.172787072643,1.515306335212));
#4349=VECTOR('',#5058,0.06004287842301);
#4350=CARTESIAN_POINT('',(-4.1,1.172787072643,1.515306335212));
#4351=VECTOR('',#5059,0.05);
#4352=CARTESIAN_POINT('',(-4.05,1.172787072643,1.410459702882));
#4353=CARTESIAN_POINT('',(-4.05,1.172787072643,1.410459702882));
#4354=VECTOR('',#5060,0.1048466323303);
#4355=CARTESIAN_POINT('',(-4.1,1.172787072643,1.410459702882));
#4356=VECTOR('',#5061,0.05);
#4357=CARTESIAN_POINT('',(-4.05,1.234787072643,1.422474187807));
#4358=CARTESIAN_POINT('',(-4.05,1.234787072643,1.422474187807));
#4359=VECTOR('',#5062,0.0631533676697);
#4360=CARTESIAN_POINT('',(-4.1,1.234787072643,1.422474187807));
#4361=VECTOR('',#5063,0.05);
#4362=CARTESIAN_POINT('',(-4.05,1.234787072643,1.544403568474));
#4363=VECTOR('',#5064,0.1219293806675);
#4364=CARTESIAN_POINT('',(-4.05,1.189557839365,1.581709575849));
#4365=AXIS2_PLACEMENT_3D('',#5065,#5066,#5067);
#4366=CARTESIAN_POINT('',(-4.1,1.189557839365,1.581709575849));
#4367=VECTOR('',#5068,0.05);
#4368=CARTESIAN_POINT('',(-4.05,1.110037692864,1.566300001633));
#4369=CARTESIAN_POINT('',(-4.05,1.110037692864,1.566300001633));
#4370=VECTOR('',#5069,0.08099943627609);
#4371=CARTESIAN_POINT('',(-4.1,1.110037692864,1.566300001633));
#4372=VECTOR('',#5070,0.05);
#4373=CARTESIAN_POINT('',(-4.05,1.062787072643,1.507873312609));
#4374=CARTESIAN_POINT('',(-4.05,1.062787072643,1.507873312609));
#4375=VECTOR('',#5071,0.07514185984888);
#4376=CARTESIAN_POINT('',(-4.1,1.062787072643,1.507873312609));
#4377=VECTOR('',#5072,0.05);
#4378=CARTESIAN_POINT('',(-4.05,1.011305128479,1.547167406367));
#4379=CARTESIAN_POINT('',(-4.05,1.011305128479,1.547167406367));
#4380=VECTOR('',#5073,0.06476431408668);
#4381=CARTESIAN_POINT('',(-4.1,1.011305128479,1.547167406367));
#4382=VECTOR('',#5074,0.05);
#4383=CARTESIAN_POINT('',(-4.05,0.893362698985,1.524312284734));
#4384=CARTESIAN_POINT('',(-4.05,0.893362698985,1.524312284734));
#4385=VECTOR('',#5075,0.1201364776402);
#4386=CARTESIAN_POINT('',(-4.1,0.893362698985,1.524312284734));
#4387=VECTOR('',#5076,0.05);
#4388=CARTESIAN_POINT('',(-4.05,0.878787072643,1.506641018083));
#4389=AXIS2_PLACEMENT_3D('',#5077,#5078,#5079);
#4390=CARTESIAN_POINT('',(-4.1,0.878787072643,1.506641018083));
#4391=VECTOR('',#5080,0.05);
#4392=CARTESIAN_POINT('',(-4.05,0.878787072643,1.124790120314));
#4393=CARTESIAN_POINT('',(-4.05,0.878787072643,1.124790120314));
#4394=VECTOR('',#5081,0.3818508977696);
#4395=CARTESIAN_POINT('',(-4.1,0.878787072643,1.124790120314));
#4396=VECTOR('',#5082,0.05);
#4397=CARTESIAN_POINT('',(-4.05,1.050980264651,1.039462461805));
#4398=CARTESIAN_POINT('',(-4.05,1.050980264651,1.039462461805));
#4399=VECTOR('',#5083,0.192175192677);
#4400=CARTESIAN_POINT('',(-4.1,1.050980264651,1.039462461805));
#4401=VECTOR('',#5084,0.05);
#4402=CARTESIAN_POINT('',(-4.05,1.022199045495,1.005548818617));
#4403=CARTESIAN_POINT('',(-4.05,1.022199045495,1.005548818617));
#4404=VECTOR('',#5085,0.0444802627064);
#4405=CARTESIAN_POINT('',(-4.1,1.022199045495,1.005548818617));
#4406=VECTOR('',#5086,0.05);
#4407=CARTESIAN_POINT('',(-4.05,0.878787072643,0.9777581575531));
#4408=CARTESIAN_POINT('',(-4.05,0.878787072643,0.9777581575531));
#4409=VECTOR('',#5087,0.1460798233829);
#4410=CARTESIAN_POINT('',(-4.1,0.878787072643,0.9777581575531));
#4411=VECTOR('',#5088,0.05);
#4412=CARTESIAN_POINT('',(-4.05,0.878787072643,0.9157581575531));
#4413=CARTESIAN_POINT('',(-4.05,0.878787072643,0.9157581575531));
#4414=VECTOR('',#5089,0.062);
#4415=CARTESIAN_POINT('',(-4.1,0.878787072643,0.9157581575531));
#4416=VECTOR('',#5090,0.05);
#4417=CARTESIAN_POINT('',(-4.05,1.218787072643,0.9816440426284));
#4418=CARTESIAN_POINT('',(-4.05,1.218787072643,0.9816440426284));
#4419=VECTOR('',#5091,0.346324919479);
#4420=CARTESIAN_POINT('',(-4.1,1.218787072643,0.9816440426284));
#4421=VECTOR('',#5092,0.05);
#4422=CARTESIAN_POINT('',(-4.05,1.218787072643,0.8876440426284));
#4423=CARTESIAN_POINT('',(-4.05,1.218787072643,0.8876440426284));
#4424=VECTOR('',#5093,0.094);
#4425=CARTESIAN_POINT('',(-4.1,1.218787072643,0.8876440426284));
#4426=VECTOR('',#5094,0.05);
#4427=CARTESIAN_POINT('',(-4.05,1.069150313424,0.7651241554079));
#4428=CARTESIAN_POINT('',(-4.05,1.069150313424,0.7651241554079));
#4429=VECTOR('',#5095,0.1933966971643);
#4430=CARTESIAN_POINT('',(-4.1,1.069150313424,0.7651241554079));
#4431=VECTOR('',#5096,0.05);
#4432=CARTESIAN_POINT('',(-4.05,0.878787072643,0.8931876768671));
#4433=CARTESIAN_POINT('',(-4.05,0.878787072643,0.8931876768671));
#4434=VECTOR('',#5097,0.2294306626613);
#4435=CARTESIAN_POINT('',(-4.1,0.878787072643,0.8931876768671));
#4436=VECTOR('',#5098,0.05);
#4437=CARTESIAN_POINT('',(-4.05,0.878787072643,0.8171876768671));
#4438=CARTESIAN_POINT('',(-4.05,0.878787072643,0.8171876768671));
#4439=VECTOR('',#5099,0.076);
#4440=CARTESIAN_POINT('',(-4.1,0.878787072643,0.8171876768671));
#4441=VECTOR('',#5100,0.05);
#4442=CARTESIAN_POINT('',(-4.05,1.018195392166,0.7234031823101));
#4443=CARTESIAN_POINT('',(-4.05,1.018195392166,0.7234031823101));
#4444=VECTOR('',#5101,0.1680184840179);
#4445=CARTESIAN_POINT('',(-4.1,1.018195392166,0.7234031823101));
#4446=VECTOR('',#5102,0.05);
#4447=CARTESIAN_POINT('',(-4.05,0.878787072643,0.6092581575531));
#4448=CARTESIAN_POINT('',(-4.05,0.878787072643,0.6092581575531));
#4449=VECTOR('',#5103,0.1801770413486);
#4450=CARTESIAN_POINT('',(-4.1,0.878787072643,0.6092581575531));
#4451=VECTOR('',#5104,0.05);
#4452=CARTESIAN_POINT('',(-4.05,0.878787072643,0.5292581575531));
#4453=CARTESIAN_POINT('',(-4.05,0.878787072643,0.5292581575531));
#4454=VECTOR('',#5105,0.08);
#4455=CARTESIAN_POINT('',(-4.1,0.878787072643,0.5292581575531));
#4456=VECTOR('',#5106,0.05);
#4457=CARTESIAN_POINT('',(-4.05,1.071832151385,0.6873199960973));
#4458=CARTESIAN_POINT('',(-4.05,1.071832151385,0.6873199960973));
#4459=VECTOR('',#5107,0.2494993932467);
#4460=CARTESIAN_POINT('',(-4.1,1.071832151385,0.6873199960973));
#4461=VECTOR('',#5108,0.05);
#4462=CARTESIAN_POINT('',(-4.05,1.234787072643,0.5776949394435));
#4463=CARTESIAN_POINT('',(-4.05,1.234787072643,0.5776949394435));
#4464=VECTOR('',#5109,0.1963974526529);
#4465=CARTESIAN_POINT('',(-4.1,1.234787072643,0.5776949394435));
#4466=VECTOR('',#5110,0.05);
#4467=CARTESIAN_POINT('',(-4.05,1.234787072643,0.6536949394435));
#4468=CARTESIAN_POINT('',(-4.05,1.234787072643,0.6536949394435));
#4469=VECTOR('',#5111,0.076);
#4470=CARTESIAN_POINT('',(-4.1,1.234787072643,0.6536949394435));
#4471=VECTOR('',#5112,0.05);
#4472=CARTESIAN_POINT('',(-4.05,1.122787072643,0.729040969195));
#4473=CARTESIAN_POINT('',(-4.05,1.122787072643,0.729040969195));
#4474=VECTOR('',#5113,0.1349852740094);
#4475=CARTESIAN_POINT('',(-4.1,1.122787072643,0.729040969195));
#4476=VECTOR('',#5114,0.05);
#4477=CARTESIAN_POINT('',(-4.05,1.234787072643,0.8207445548672));
#4478=CARTESIAN_POINT('',(-4.05,1.234787072643,0.8207445548672));
#4479=VECTOR('',#5115,0.1447534028105);
#4480=CARTESIAN_POINT('',(-4.1,1.234787072643,0.8207445548672));
#4481=VECTOR('',#5116,0.05);
#4482=CARTESIAN_POINT('',(-4.05,1.234787072643,1.046744554867));
#4483=CARTESIAN_POINT('',(-4.05,1.234787072643,1.046744554867));
#4484=VECTOR('',#5117,0.226);
#4485=CARTESIAN_POINT('',(-4.1,1.234787072643,1.046744554867));
#4486=VECTOR('',#5118,0.05);
#4487=CARTESIAN_POINT('',(-4.05,1.119706170106,1.024443945694));
#4488=CARTESIAN_POINT('',(-4.05,1.119706170106,1.024443945694));
#4489=VECTOR('',#5119,0.1172217185428);
#4490=CARTESIAN_POINT('',(-4.1,1.119706170106,1.024443945694));
#4491=VECTOR('',#5120,0.05);
#4492=CARTESIAN_POINT('',(-4.05,1.234787072643,1.160046702659));
#4493=CARTESIAN_POINT('',(-4.05,1.234787072643,1.160046702659));
#4494=VECTOR('',#5121,0.1778530905696);
#4495=CARTESIAN_POINT('',(-4.1,1.234787072643,1.160046702659));
#4496=VECTOR('',#5122,0.05);
#4497=CARTESIAN_POINT('',(-4.05,1.234787072643,1.256046702659));
#4498=CARTESIAN_POINT('',(-4.05,1.234787072643,1.256046702659));
#4499=VECTOR('',#5123,0.096);
#4500=CARTESIAN_POINT('',(-4.1,1.234787072643,1.256046702659));
#4501=VECTOR('',#5124,0.05);
#4502=CARTESIAN_POINT('',(-4.05,1.092318690165,1.088172580902));
#4503=CARTESIAN_POINT('',(-4.05,1.092318690165,1.088172580902));
#4504=VECTOR('',#5125,0.2201793831433);
#4505=CARTESIAN_POINT('',(-4.1,1.092318690165,1.088172580902));
#4506=VECTOR('',#5126,0.05);
#4507=CARTESIAN_POINT('',(-4.05,0.8927870726429,1.187047371032));
#4508=CARTESIAN_POINT('',(-4.05,0.8927870726429,1.187047371032));
#4509=VECTOR('',#5127,0.222686080648);
#4510=CARTESIAN_POINT('',(-4.1,0.892787072643,1.187047371032));
#4511=VECTOR('',#5128,0.05);
#4512=CARTESIAN_POINT('',(-4.05,0.8927870726429,1.231047371032));
#4513=CARTESIAN_POINT('',(-4.05,0.8927870726429,1.231047371032));
#4514=VECTOR('',#5129,0.044);
#4515=CARTESIAN_POINT('',(-4.1,0.8927870726429,1.231047371032));
#4516=VECTOR('',#5130,0.05);
#4517=CARTESIAN_POINT('',(-4.05,1.234787072643,1.297320820137));
#4518=CARTESIAN_POINT('',(-4.05,1.234787072643,1.297320820137));
#4519=VECTOR('',#5131,0.3483621248877);
#4520=CARTESIAN_POINT('',(-4.1,1.234787072643,1.297320820137));
#4521=VECTOR('',#5132,0.05);
#4522=CARTESIAN_POINT('',(-4.05,1.234787072643,1.359320820137));
#4523=CARTESIAN_POINT('',(-4.05,1.234787072643,1.359320820137));
#4524=VECTOR('',#5133,0.062);
#4525=CARTESIAN_POINT('',(-4.1,1.234787072643,1.359320820137));
#4526=VECTOR('',#5134,0.05);
#4527=CARTESIAN_POINT('',(-4.05,0.9407870726429,1.302348907749));
#4528=CARTESIAN_POINT('',(-4.05,0.9407870726429,1.302348907749));
#4529=VECTOR('',#5135,0.2994691950789);
#4530=CARTESIAN_POINT('',(-4.1,0.9407870726429,1.302348907749));
#4531=VECTOR('',#5136,0.05);
#4532=CARTESIAN_POINT('',(-4.05,0.9407870726429,1.470348907749));
#4533=CARTESIAN_POINT('',(-4.05,0.9407870726429,1.470348907749));
#4534=VECTOR('',#5137,0.168);
#4535=CARTESIAN_POINT('',(-4.1,0.9407870726429,1.470348907749));
#4536=VECTOR('',#5138,0.05);
#4537=CARTESIAN_POINT('',(-4.05,1.009362698985,1.483637630796));
#4538=VECTOR('',#5139,0.06985131844451);
#4539=CARTESIAN_POINT('',(5.0,4.890782976827,0.9951350267379));
#4540=VECTOR('',#5140,0.8);
#4541=CARTESIAN_POINT('',(5.0,5.39070855615,0.9951350267379));
#4542=VECTOR('',#5141,0.8);
#4543=CARTESIAN_POINT('',(0.3499999998075,5.10000000077,-8.696814027091E-10));
#4544=VECTOR('',#5142,3.15000000077);
#4545=CARTESIAN_POINT('',(-0.35,5.1,0.0));
#4546=CARTESIAN_POINT('',(-0.35,1.95,0.0));
#4547=VECTOR('',#5143,3.15000000077);
#4548=AXIS2_PLACEMENT_3D('',#5144,#5145,#5146);
#4549=CARTESIAN_POINT('',(-0.25,5.5,0.0));
#4550=CARTESIAN_POINT('',(-0.2499999998166,5.500000000733,8.282681345876E-10));
#4551=VECTOR('',#5147,0.412310562524);
#4552=AXIS2_PLACEMENT_3D('',#5148,#5149,#5150);
#4553=AXIS2_PLACEMENT_3D('',#5151,#5152,#5153);
#4554=AXIS2_PLACEMENT_3D('',#5154,#5155,#5156);
#4555=CARTESIAN_POINT('',(2.85,1.95,0.0));
#4556=VECTOR('',#5157,3.15000000077);
#4557=CARTESIAN_POINT('',(2.15,5.1,0.0));
#4558=CARTESIAN_POINT('',(2.15,1.95,0.0));
#4559=VECTOR('',#5158,3.15000000077);
#4560=AXIS2_PLACEMENT_3D('',#5159,#5160,#5161);
#4561=CARTESIAN_POINT('',(2.25,5.5,0.0));
#4562=CARTESIAN_POINT('',(2.250000000183,5.500000000733,8.282682946879E-10));
#4563=VECTOR('',#5162,0.412310562524);
#4564=AXIS2_PLACEMENT_3D('',#5163,#5164,#5165);
#4565=AXIS2_PLACEMENT_3D('',#5166,#5167,#5168);
#4566=AXIS2_PLACEMENT_3D('',#5169,#5170,#5171);
#4567=CARTESIAN_POINT('',(-2.15,1.95,0.0));
#4568=VECTOR('',#5172,3.15000000077);
#4569=CARTESIAN_POINT('',(-2.85,5.1,0.0));
#4570=CARTESIAN_POINT('',(-2.85,1.95,0.0));
#4571=VECTOR('',#5173,3.15000000077);
#4572=AXIS2_PLACEMENT_3D('',#5174,#5175,#5176);
#4573=CARTESIAN_POINT('',(-2.75,5.5,0.0));
#4574=CARTESIAN_POINT('',(-2.749999999817,5.500000000733,8.282682946879E-10));
#4575=VECTOR('',#5177,0.412310562524);
#4576=AXIS2_PLACEMENT_3D('',#5178,#5179,#5180);
#4577=AXIS2_PLACEMENT_3D('',#5181,#5182,#5183);
#4578=AXIS2_PLACEMENT_3D('',#5184,#5185,#5186);
#4579=CARTESIAN_POINT('',(-2.125,-1.0,-0.85));
#4580=VECTOR('',#5187,1.0);
#4581=CARTESIAN_POINT('',(-0.375,-1.0,-0.85));
#4582=VECTOR('',#5188,1.0);
#4583=CARTESIAN_POINT('',(-2.5,-0.1,0.35));
#4584=CARTESIAN_POINT('',(-2.5,0.0,0.35));
#4585=VECTOR('',#5189,0.1);
#4586=CARTESIAN_POINT('',(-2.5,-0.1,-0.35));
#4587=AXIS2_PLACEMENT_3D('',#5190,#5191,#5192);
#4588=CARTESIAN_POINT('',(-2.5,0.0,-0.35));
#4589=VECTOR('',#5193,0.1);
#4590=AXIS2_PLACEMENT_3D('',#5194,#5195,#5196);
#4591=CARTESIAN_POINT('',(-2.5,-0.2,-0.45));
#4592=AXIS2_PLACEMENT_3D('',#5197,#5198,#5199);
#4593=CARTESIAN_POINT('',(-2.5,-0.9,-0.45));
#4594=AXIS2_PLACEMENT_3D('',#5200,#5201,#5202);
#4595=AXIS2_PLACEMENT_3D('',#5203,#5204,#5205);
#4596=AXIS2_PLACEMENT_3D('',#5206,#5207,#5208);
#4597=CARTESIAN_POINT('',(-2.5,-0.2,-4.95));
#4598=CARTESIAN_POINT('',(-2.5,-0.2,-0.45));
#4599=VECTOR('',#5209,4.50000000077);
#4600=CARTESIAN_POINT('',(-2.5,-0.9,-4.95));
#4601=CARTESIAN_POINT('',(-2.5,-0.9,-0.45));
#4602=VECTOR('',#5210,4.50000000077);
#4603=AXIS2_PLACEMENT_3D('',#5211,#5212,#5213);
#4604=CARTESIAN_POINT('',(-2.5,-0.3,-5.35));
#4605=CARTESIAN_POINT('',(-2.499999999172,-0.3000000001834,-5.350000000733));
#4606=VECTOR('',#5214,0.412310562524);
#4607=CARTESIAN_POINT('',(-2.5,-0.8,-5.35));
#4608=CARTESIAN_POINT('',(-2.500000000828,-0.7999999998166,-5.350000000733));
#4609=VECTOR('',#5215,0.412310562524);
#4610=AXIS2_PLACEMENT_3D('',#5216,#5217,#5218);
#4611=AXIS2_PLACEMENT_3D('',#5219,#5220,#5221);
#4612=AXIS2_PLACEMENT_3D('',#5222,#5223,#5224);
#4613=CARTESIAN_POINT('',(0.0,-0.1,0.35));
#4614=CARTESIAN_POINT('',(0.0,0.0,0.35));
#4615=VECTOR('',#5225,0.1);
#4616=CARTESIAN_POINT('',(0.0,-0.1,-0.35));
#4617=AXIS2_PLACEMENT_3D('',#5226,#5227,#5228);
#4618=CARTESIAN_POINT('',(0.0,0.0,-0.35));
#4619=VECTOR('',#5229,0.1);
#4620=AXIS2_PLACEMENT_3D('',#5230,#5231,#5232);
#4621=CARTESIAN_POINT('',(0.0,-0.2,-0.45));
#4622=AXIS2_PLACEMENT_3D('',#5233,#5234,#5235);
#4623=CARTESIAN_POINT('',(0.0,-0.9,-0.45));
#4624=AXIS2_PLACEMENT_3D('',#5236,#5237,#5238);
#4625=AXIS2_PLACEMENT_3D('',#5239,#5240,#5241);
#4626=AXIS2_PLACEMENT_3D('',#5242,#5243,#5244);
#4627=CARTESIAN_POINT('',(0.0,-0.2,-4.95));
#4628=CARTESIAN_POINT('',(0.0,-0.2,-0.45));
#4629=VECTOR('',#5245,4.50000000077);
#4630=CARTESIAN_POINT('',(0.0,-0.9,-4.95));
#4631=CARTESIAN_POINT('',(0.0,-0.9,-0.45));
#4632=VECTOR('',#5246,4.50000000077);
#4633=AXIS2_PLACEMENT_3D('',#5247,#5248,#5249);
#4634=CARTESIAN_POINT('',(0.0,-0.3,-5.35));
#4635=CARTESIAN_POINT('',(8.282681147958E-10,-0.3000000001834,-5.350000000733));
#4636=VECTOR('',#5250,0.412310562524);
#4637=CARTESIAN_POINT('',(0.0,-0.8,-5.35));
#4638=CARTESIAN_POINT('',(-8.282679786888E-10,-0.7999999998166,-5.350000000733));
#4639=VECTOR('',#5251,0.412310562524);
#4640=AXIS2_PLACEMENT_3D('',#5252,#5253,#5254);
#4641=AXIS2_PLACEMENT_3D('',#5255,#5256,#5257);
#4642=AXIS2_PLACEMENT_3D('',#5258,#5259,#5260);
#4643=DIRECTION('',(0.0,0.970142500145328,-0.242535625036348));
#4644=CARTESIAN_POINT('',(-2.5,5.1,0.0));
#4645=DIRECTION('',(0.0,1.0,0.0));
#4646=DIRECTION('',(-1.0,0.0,0.0));
#4647=DIRECTION('',(0.242535625036309,-0.970142500145338,-1.00441971204704E-10));
#4648=CARTESIAN_POINT('',(-2.5,5.5,0.0));
#4649=DIRECTION('',(0.0,1.0,0.0));
#4650=DIRECTION('',(-1.0,0.0,0.0));
#4651=DIRECTION('',(-0.0,-0.970142500145328,-0.242535625036348));
#4652=CARTESIAN_POINT('',(-2.5,5.5,0.0));
#4653=DIRECTION('',(-0.0,1.0,0.0));
#4654=DIRECTION('',(1.0,0.0,0.0));
#4655=CARTESIAN_POINT('',(-2.5,5.1,0.0));
#4656=DIRECTION('',(-0.0,1.0,0.0));
#4657=DIRECTION('',(1.0,0.0,0.0));
#4658=DIRECTION('',(0.0,0.970142500145328,-0.242535625036348));
#4659=CARTESIAN_POINT('',(2.5,5.1,0.0));
#4660=DIRECTION('',(0.0,1.0,0.0));
#4661=DIRECTION('',(-1.0,0.0,0.0));
#4662=DIRECTION('',(0.242535625036309,-0.970142500145338,-1.00441971204704E-10));
#4663=CARTESIAN_POINT('',(2.5,5.5,0.0));
#4664=DIRECTION('',(0.0,1.0,0.0));
#4665=DIRECTION('',(-1.0,0.0,0.0));
#4666=DIRECTION('',(-0.0,-0.970142500145328,-0.242535625036348));
#4667=CARTESIAN_POINT('',(2.5,5.5,0.0));
#4668=DIRECTION('',(-0.0,1.0,0.0));
#4669=DIRECTION('',(1.0,0.0,0.0));
#4670=CARTESIAN_POINT('',(2.5,5.1,0.0));
#4671=DIRECTION('',(-0.0,1.0,0.0));
#4672=DIRECTION('',(1.0,0.0,0.0));
#4673=DIRECTION('',(2.97010667447793E-17,0.970142500145328,-0.242535625036348));
#4674=CARTESIAN_POINT('',(0.0,5.1,0.0));
#4675=DIRECTION('',(0.0,1.0,0.0));
#4676=DIRECTION('',(-1.0,0.0,0.0));
#4677=DIRECTION('',(0.242535625036309,-0.970142500145338,-1.00442132958504E-10));
#4678=CARTESIAN_POINT('',(0.0,5.5,0.0));
#4679=DIRECTION('',(0.0,1.0,0.0));
#4680=DIRECTION('',(-1.0,0.0,0.0));
#4681=DIRECTION('',(2.97010667447793E-17,-0.970142500145328,-0.242535625036348));
#4682=CARTESIAN_POINT('',(0.0,5.5,0.0));
#4683=DIRECTION('',(-0.0,1.0,0.0));
#4684=DIRECTION('',(1.0,0.0,0.0));
#4685=CARTESIAN_POINT('',(0.0,5.1,0.0));
#4686=DIRECTION('',(-0.0,1.0,0.0));
#4687=DIRECTION('',(1.0,0.0,0.0));
#4688=DIRECTION('',(1.0,-0.0,-0.0));
#4689=CARTESIAN_POINT('',(-4.1,1.196787072643,1.544403568474));
#4690=DIRECTION('',(-1.0,0.0,0.0));
#4691=DIRECTION('',(0.0,-0.190242980997096,0.981737036166681));
#4692=DIRECTION('',(1.0,0.0,0.0));
#4693=CARTESIAN_POINT('',(-4.05,1.196787072643,1.544403568474));
#4694=DIRECTION('',(-1.0,0.0,0.0));
#4695=DIRECTION('',(0.0,-0.190242980997096,0.981737036166681));
#4696=DIRECTION('',(-1.0,0.0,-0.0));
#4697=CARTESIAN_POINT('',(-4.05,1.012787072643,1.465966364145));
#4698=DIRECTION('',(1.0,0.0,0.0));
#4699=DIRECTION('',(0.0,1.0,-3.700743415417E-14));
#4700=DIRECTION('',(1.0,0.0,0.0));
#4701=CARTESIAN_POINT('',(-4.1,1.012787072643,1.465966364145));
#4702=DIRECTION('',(-1.0,0.0,0.0));
#4703=DIRECTION('',(0.0,-0.190242980997096,0.981737036166681));
#4704=DIRECTION('',(0.0,0.0,-1.0));
#4705=DIRECTION('',(-1.0,0.0,0.0));
#4706=DIRECTION('',(0.0,0.0,-1.0));
#4707=DIRECTION('',(1.0,0.0,0.0));
#4708=DIRECTION('',(0.0,0.0,-1.0));
#4709=DIRECTION('',(-1.0,0.0,0.0));
#4710=DIRECTION('',(0.0,0.0,-1.0));
#4711=DIRECTION('',(1.0,0.0,0.0));
#4712=DIRECTION('',(0.0,0.0,-1.0));
#4713=DIRECTION('',(-1.0,0.0,0.0));
#4714=DIRECTION('',(0.0,0.0,-1.0));
#4715=DIRECTION('',(1.0,0.0,0.0));
#4716=DIRECTION('',(0.0,0.0,-1.0));
#4717=DIRECTION('',(1.0,0.0,0.0));
#4718=DIRECTION('',(0.0,0.0,1.0));
#4719=DIRECTION('',(-0.707106781186548,0.0,0.707106781186548));
#4720=DIRECTION('',(1.0,0.0,0.0));
#4721=DIRECTION('',(0.0,0.0,-1.0));
#4722=DIRECTION('',(-1.0,0.0,0.0));
#4723=DIRECTION('',(0.0,0.0,-1.0));
#4724=DIRECTION('',(1.0,0.0,0.0));
#4725=CARTESIAN_POINT('',(2.5,0.0,0.0));
#4726=DIRECTION('',(0.0,-1.0,0.0));
#4727=DIRECTION('',(0.0,0.0,1.0));
#4728=CARTESIAN_POINT('',(2.5,0.0,0.0));
#4729=DIRECTION('',(0.0,-1.0,0.0));
#4730=DIRECTION('',(0.0,0.0,-1.0));
#4731=CARTESIAN_POINT('',(-2.5,0.0,0.0));
#4732=DIRECTION('',(0.0,-1.0,0.0));
#4733=DIRECTION('',(0.0,0.0,1.0));
#4734=CARTESIAN_POINT('',(-2.5,0.0,0.0));
#4735=DIRECTION('',(0.0,-1.0,0.0));
#4736=DIRECTION('',(0.0,0.0,-1.0));
#4737=CARTESIAN_POINT('',(0.0,0.0,0.0));
#4738=DIRECTION('',(0.0,-1.0,0.0));
#4739=DIRECTION('',(0.0,0.0,1.0));
#4740=CARTESIAN_POINT('',(0.0,0.0,0.0));
#4741=DIRECTION('',(0.0,-1.0,0.0));
#4742=DIRECTION('',(0.0,0.0,-1.0));
#4743=DIRECTION('',(0.0,-1.0,0.0));
#4744=CARTESIAN_POINT('',(2.5,-0.1,0.0));
#4745=DIRECTION('',(0.0,-1.0,0.0));
#4746=DIRECTION('',(0.0,0.0,-1.0));
#4747=DIRECTION('',(0.0,-1.0,0.0));
#4748=CARTESIAN_POINT('',(2.5,-0.1,0.0));
#4749=DIRECTION('',(0.0,-1.0,0.0));
#4750=DIRECTION('',(0.0,0.0,1.0));
#4751=CARTESIAN_POINT('',(2.5,-0.1,-0.45));
#4752=DIRECTION('',(1.0,0.0,-0.0));
#4753=DIRECTION('',(0.0,0.0,1.0));
#4754=CARTESIAN_POINT('',(2.5,-0.55,-0.45));
#4755=DIRECTION('',(0.0,0.0,-1.0));
#4756=DIRECTION('',(0.0,-1.0,0.0));
#4757=CARTESIAN_POINT('',(2.5,-0.1,-0.45));
#4758=DIRECTION('',(1.0,0.0,-0.0));
#4759=DIRECTION('',(0.0,0.0,1.0));
#4760=CARTESIAN_POINT('',(2.5,-0.55,-0.45));
#4761=DIRECTION('',(0.0,0.0,-1.0));
#4762=DIRECTION('',(0.0,1.0,0.0));
#4763=DIRECTION('',(1.932625910826E-10,-4.2784380969E-11,-1.0));
#4764=DIRECTION('',(-1.932626897691E-10,4.278439330481E-11,-1.0));
#4765=CARTESIAN_POINT('',(2.5,-0.55,-4.95));
#4766=DIRECTION('',(0.0,0.0,-1.0));
#4767=DIRECTION('',(0.0,1.0,0.0));
#4768=DIRECTION('',(1.00442586314204E-10,0.242535625036309,0.970142500145338));
#4769=DIRECTION('',(-1.00442586314204E-10,-0.242535625036309,0.970142500145338));
#4770=CARTESIAN_POINT('',(2.5,-0.55,-5.35));
#4771=DIRECTION('',(0.0,0.0,-1.0));
#4772=DIRECTION('',(0.0,1.0,0.0));
#4773=CARTESIAN_POINT('',(2.5,-0.55,-5.35));
#4774=DIRECTION('',(0.0,0.0,-1.0));
#4775=DIRECTION('',(0.0,-1.0,0.0));
#4776=CARTESIAN_POINT('',(2.5,-0.55,-4.95));
#4777=DIRECTION('',(0.0,0.0,-1.0));
#4778=DIRECTION('',(0.0,-1.0,0.0));
#4779=DIRECTION('',(0.0,-1.0,0.0));
#4780=DIRECTION('',(-0.196116135138203,0.980580675690916,0.0));
#4781=DIRECTION('',(-1.0,0.0,0.0));
#4782=DIRECTION('',(0.196116135138203,0.980580675690916,0.0));
#4783=DIRECTION('',(0.0,-1.0,0.0));
#4784=DIRECTION('',(-1.0,0.0,0.0));
#4785=DIRECTION('',(0.0,-1.0,0.0));
#4786=DIRECTION('',(0.0,-1.0,0.0));
#4787=DIRECTION('',(-0.196116135138203,0.980580675690916,0.0));
#4788=DIRECTION('',(0.0,-1.0,0.0));
#4789=DIRECTION('',(-1.0,0.0,0.0));
#4790=DIRECTION('',(0.196116135138203,0.980580675690916,0.0));
#4791=DIRECTION('',(0.0,-1.0,0.0));
#4792=DIRECTION('',(-1.0,0.0,0.0));
#4793=DIRECTION('',(0.196116135138203,0.980580675690916,0.0));
#4794=DIRECTION('',(0.0,-1.0,0.0));
#4795=DIRECTION('',(0.0,-1.0,0.0));
#4796=DIRECTION('',(-0.196116135138203,0.980580675690916,0.0));
#4797=DIRECTION('',(0.0,0.0,-1.0));
#4798=DIRECTION('',(0.0,-1.0,0.0));
#4799=DIRECTION('',(-0.196116135138203,-0.980580675690916,0.0));
#4800=DIRECTION('',(-1.0,0.0,0.0));
#4801=DIRECTION('',(0.0,1.0,0.0));
#4802=DIRECTION('',(-1.0,0.0,0.0));
#4803=DIRECTION('',(0.0,1.0,0.0));
#4804=DIRECTION('',(-1.0,0.0,0.0));
#4805=DIRECTION('',(-0.196116135138203,0.980580675690916,0.0));
#4806=DIRECTION('',(0.0,1.0,0.0));
#4807=DIRECTION('',(-0.196116135138203,-0.980580675690916,0.0));
#4808=DIRECTION('',(-1.0,0.0,0.0));
#4809=DIRECTION('',(-0.196116135138203,0.980580675690916,0.0));
#4810=DIRECTION('',(0.0,1.0,0.0));
#4811=DIRECTION('',(0.0,-1.0,0.0));
#4812=DIRECTION('',(-0.196116135138203,-0.980580675690916,0.0));
#4813=DIRECTION('',(-1.0,0.0,0.0));
#4814=DIRECTION('',(-0.196116135138203,0.980580675690916,0.0));
#4815=DIRECTION('',(0.0,1.0,0.0));
#4816=DIRECTION('',(0.0,-1.0,0.0));
#4817=DIRECTION('',(0.0,0.0,-1.0));
#4818=DIRECTION('',(-0.140028008402801,-0.700140042014005,-0.700140042014005));
#4819=DIRECTION('',(0.0,0.0,-1.0));
#4820=DIRECTION('',(-1.0,0.0,0.0));
#4821=DIRECTION('',(0.0,0.0,-1.0));
#4822=DIRECTION('',(0.0,0.0,-1.0));
#4823=DIRECTION('',(0.0,0.0,-1.0));
#4824=DIRECTION('',(-1.0,0.0,0.0));
#4825=DIRECTION('',(0.0,0.0,-1.0));
#4826=DIRECTION('',(-1.0,0.0,0.0));
#4827=DIRECTION('',(0.707106781186548,0.0,-0.707106781186548));
#4828=DIRECTION('',(0.0,0.0,-1.0));
#4829=DIRECTION('',(-1.0,0.0,0.0));
#4830=DIRECTION('',(0.0,0.0,-1.0));
#4831=DIRECTION('',(-0.140028008402801,-0.700140042014005,-0.700140042014005));
#4832=DIRECTION('',(0.140028008402801,-0.700140042014005,-0.700140042014005));
#4833=DIRECTION('',(0.0,-0.707106781186548,-0.707106781186548));
#4834=DIRECTION('',(0.140028008402801,-0.700140042014005,-0.700140042014005));
#4835=DIRECTION('',(0.577350269189626,-0.577350269189626,-0.577350269189626));
#4836=DIRECTION('',(-0.140028008402801,-0.700140042014005,-0.700140042014005));
#4837=DIRECTION('',(0.140028008402801,-0.700140042014005,-0.700140042014005));
#4838=DIRECTION('',(0.0,0.0,-1.0));
#4839=DIRECTION('',(0.0,0.0,-1.0));
#4840=DIRECTION('',(0.0,0.0,-1.0));
#4841=DIRECTION('',(0.0,1.0,0.0));
#4842=DIRECTION('',(0.0,0.0,-1.0));
#4843=DIRECTION('',(0.0,1.0,0.0));
#4844=DIRECTION('',(0.0,0.0,1.0));
#4845=DIRECTION('',(0.0,-1.0,0.0));
#4846=DIRECTION('',(0.0,-0.710449914836119,-0.703747766255319));
#4847=DIRECTION('',(0.0,0.0,-1.0));
#4848=DIRECTION('',(0.0,0.703747766255319,-0.710449914836119));
#4849=DIRECTION('',(0.0,1.0,0.0));
#4850=DIRECTION('',(0.0,0.0,1.0));
#4851=DIRECTION('',(0.0,1.0,0.0));
#4852=DIRECTION('',(-1.0,0.0,0.0));
#4853=DIRECTION('',(0.0,-0.710449914836119,-0.703747766255319));
#4854=DIRECTION('',(-1.0,0.0,0.0));
#4855=DIRECTION('',(0.69810013612954,0.0,0.716000139620041));
#4856=DIRECTION('',(0.0,0.0,-1.0));
#4857=DIRECTION('',(-1.0,0.0,0.0));
#4858=DIRECTION('',(-0.707106781186548,0.0,0.707106781186548));
#4859=DIRECTION('',(0.0,0.0,1.0));
#4860=DIRECTION('',(1.0,0.0,0.0));
#4861=DIRECTION('',(0.0,0.0,1.0));
#4862=DIRECTION('',(0.69810013612954,0.0,-0.716000139620041));
#4863=DIRECTION('',(1.0,0.0,0.0));
#4864=DIRECTION('',(0.0,0.0,-1.0));
#4865=DIRECTION('',(1.0,0.0,0.0));
#4866=DIRECTION('',(0.0,0.0,1.0));
#4867=DIRECTION('',(1.0,0.0,0.0));
#4868=DIRECTION('',(0.0,0.0,1.0));
#4869=DIRECTION('',(-1.0,0.0,0.0));
#4870=DIRECTION('',(0.567606822339089,-0.582160843424788,0.582160843424788));
#4871=DIRECTION('',(0.567606822339089,0.582160843424788,-0.582160843424788));
#4872=DIRECTION('',(1.0,0.0,0.0));
#4873=DIRECTION('',(0.0,1.0,0.0));
#4874=DIRECTION('',(-1.0,0.0,0.0));
#4875=DIRECTION('',(0.0,1.0,0.0));
#4876=DIRECTION('',(1.0,0.0,0.0));
#4877=DIRECTION('',(0.0,1.0,0.0));
#4878=DIRECTION('',(-1.0,0.0,0.0));
#4879=DIRECTION('',(0.0,-1.0,0.0));
#4880=DIRECTION('',(0.0,-1.0,0.0));
#4881=DIRECTION('',(-1.0,0.0,0.0));
#4882=DIRECTION('',(0.0,1.0,0.0));
#4883=DIRECTION('',(1.0,0.0,0.0));
#4884=DIRECTION('',(0.599999920430973,0.0,0.800000059676764));
#4885=CARTESIAN_POINT('',(-1.252358177362,5.45,-0.8524677070141));
#4886=DIRECTION('',(0.0,1.0,0.0));
#4887=DIRECTION('',(-0.800000059676764,0.0,0.599999920430973));
#4888=DIRECTION('',(0.599999920430973,0.0,-0.800000059676764));
#4889=DIRECTION('',(0.0,1.0,0.0));
#4890=DIRECTION('',(0.599999920430973,0.0,-0.800000059676764));
#4891=DIRECTION('',(-0.69810013612954,0.0,0.716000139620041));
#4892=DIRECTION('',(0.0,0.0,1.0));
#4893=DIRECTION('',(1.0,0.0,0.0));
#4894=DIRECTION('',(0.0,0.0,-1.0));
#4895=DIRECTION('',(1.0,0.0,0.0));
#4896=DIRECTION('',(0.0,0.0,1.0));
#4897=DIRECTION('',(1.0,0.0,0.0));
#4898=DIRECTION('',(0.0,0.0,-1.0));
#4899=DIRECTION('',(-1.0,0.0,0.0));
#4900=DIRECTION('',(0.0,0.0,-1.0));
#4901=DIRECTION('',(-1.0,0.0,0.0));
#4902=DIRECTION('',(0.0,0.0,-1.0));
#4903=DIRECTION('',(-0.69810013612954,0.0,-0.716000139620041));
#4904=DIRECTION('',(0.599999920430973,0.0,-0.800000059676764));
#4905=CARTESIAN_POINT('',(1.247641822638,1.95,-0.8524677070141));
#4906=DIRECTION('',(0.0,1.0,0.0));
#4907=DIRECTION('',(-0.800000059676764,0.0,0.599999920430973));
#4908=DIRECTION('',(0.599999920430973,0.0,0.800000059676764));
#4909=CARTESIAN_POINT('',(-1.252358177362,1.95,-0.8524677070141));
#4910=DIRECTION('',(0.0,1.0,0.0));
#4911=DIRECTION('',(-0.800000059676764,0.0,0.599999920430973));
#4912=DIRECTION('',(0.599999920430973,0.0,0.800000059676764));
#4913=CARTESIAN_POINT('',(0.0,1.95,0.0));
#4914=DIRECTION('',(0.0,1.0,0.0));
#4915=DIRECTION('',(-1.0,0.0,0.0));
#4916=CARTESIAN_POINT('',(0.0,1.95,0.0));
#4917=DIRECTION('',(-0.0,1.0,0.0));
#4918=DIRECTION('',(1.0,0.0,0.0));
#4919=CARTESIAN_POINT('',(2.5,1.95,0.0));
#4920=DIRECTION('',(0.0,1.0,0.0));
#4921=DIRECTION('',(-1.0,0.0,0.0));
#4922=CARTESIAN_POINT('',(2.5,1.95,0.0));
#4923=DIRECTION('',(-0.0,1.0,0.0));
#4924=DIRECTION('',(1.0,0.0,0.0));
#4925=CARTESIAN_POINT('',(-2.5,1.95,0.0));
#4926=DIRECTION('',(0.0,1.0,0.0));
#4927=DIRECTION('',(-1.0,0.0,0.0));
#4928=CARTESIAN_POINT('',(-2.5,1.95,0.0));
#4929=DIRECTION('',(-0.0,1.0,0.0));
#4930=DIRECTION('',(1.0,0.0,0.0));
#4931=DIRECTION('',(0.0,1.0,0.0));
#4932=DIRECTION('',(0.0,1.0,0.0));
#4933=DIRECTION('',(0.599999920430973,0.0,0.800000059676764));
#4934=CARTESIAN_POINT('',(1.247641822638,5.45,-0.8524677070141));
#4935=DIRECTION('',(0.0,1.0,0.0));
#4936=DIRECTION('',(-0.800000059676764,0.0,0.599999920430973));
#4937=DIRECTION('',(0.599999920430973,0.0,-0.800000059676764));
#4938=DIRECTION('',(0.0,1.0,0.0));
#4939=DIRECTION('',(0.0,-1.0,0.0));
#4940=DIRECTION('',(0.0,0.0,1.0));
#4941=DIRECTION('',(0.0,1.0,0.0));
#4942=DIRECTION('',(0.0,0.703747766255319,-0.710449914836119));
#4943=DIRECTION('',(0.0,1.0,0.0));
#4944=DIRECTION('',(0.0,-1.0,0.0));
#4945=DIRECTION('',(0.0,0.0,1.0));
#4946=DIRECTION('',(0.0,1.0,0.0));
#4947=DIRECTION('',(0.0,-1.0,0.0));
#4948=DIRECTION('',(0.0,0.707106781186548,0.707106781186548));
#4949=DIRECTION('',(-1.0,0.0,0.0));
#4950=DIRECTION('',(0.0,1.0,0.0));
#4951=DIRECTION('',(0.0,-1.0,0.0));
#4952=DIRECTION('',(0.0,1.0,0.0));
#4953=DIRECTION('',(-1.0,0.0,0.0));
#4954=DIRECTION('',(0.0,1.0,0.0));
#4955=DIRECTION('',(0.0,-1.0,0.0));
#4956=DIRECTION('',(0.0,1.0,0.0));
#4957=DIRECTION('',(0.0,0.0,1.0));
#4958=DIRECTION('',(0.0,-0.981737036166681,-0.190242980997096));
#4959=DIRECTION('',(0.0,0.0,-1.0));
#4960=CARTESIAN_POINT('',(-4.1,1.118787072643,1.478358436093));
#4961=DIRECTION('',(-1.0,0.0,0.0));
#4962=DIRECTION('',(0.0,-1.0,0.0));
#4963=DIRECTION('',(0.0,-0.981737036166681,-0.190242980997096));
#4964=DIRECTION('',(0.0,0.0,1.0));
#4965=DIRECTION('',(0.0,-0.981737036166681,-0.190242980997096));
#4966=DIRECTION('',(0.0,0.0,-1.0));
#4967=CARTESIAN_POINT('',(-4.1,1.196787072643,1.544403568474));
#4968=DIRECTION('',(-1.0,0.0,0.0));
#4969=DIRECTION('',(0.0,-0.190242980997096,0.981737036166681));
#4970=DIRECTION('',(0.0,0.981737036166681,0.190242980997096));
#4971=DIRECTION('',(0.0,0.628818880935099,0.777551808550099));
#4972=DIRECTION('',(0.0,0.794912211912811,-0.606724464111908));
#4973=DIRECTION('',(0.0,0.981737036166681,0.190242980997096));
#4974=CARTESIAN_POINT('',(-4.1,0.896787072643,1.506641018083));
#4975=DIRECTION('',(-1.0,0.0,0.0));
#4976=DIRECTION('',(0.0,-1.0,1.850371707709E-13));
#4977=DIRECTION('',(0.0,0.0,1.0));
#4978=DIRECTION('',(0.0,-0.896021955848581,0.44400974610619));
#4979=DIRECTION('',(0.0,0.647055961569442,0.76244251101145));
#4980=DIRECTION('',(0.0,0.981737036166681,0.190242980997096));
#4981=DIRECTION('',(0.0,0.0,1.0));
#4982=DIRECTION('',(0.0,-0.981737036166681,-0.190242980997096));
#4983=DIRECTION('',(0.0,0.0,1.0));
#4984=DIRECTION('',(0.0,0.773729652124307,0.633515923575406));
#4985=DIRECTION('',(0.0,0.829720136676299,-0.558179625921499));
#4986=DIRECTION('',(0.0,0.0,1.0));
#4987=DIRECTION('',(0.0,-0.829720136676299,0.558179625921499));
#4988=DIRECTION('',(0.0,0.773729652124307,0.633515923575406));
#4989=DIRECTION('',(0.0,0.0,1.0));
#4990=DIRECTION('',(0.0,-0.773729652124307,-0.633515923575406));
#4991=DIRECTION('',(0.0,-0.829720136676299,0.558179625921499));
#4992=DIRECTION('',(0.0,0.0,-1.0));
#4993=DIRECTION('',(0.0,0.829720136676299,-0.558179625921499));
#4994=DIRECTION('',(0.0,-0.773729652124307,-0.633515923575406));
#4995=DIRECTION('',(0.0,0.0,-1.0));
#4996=DIRECTION('',(0.0,0.981737036166681,0.190242980997096));
#4997=DIRECTION('',(0.0,-0.647055961569442,-0.76244251101145));
#4998=DIRECTION('',(0.0,0.0,-1.0));
#4999=DIRECTION('',(0.0,0.647055961569442,0.76244251101145));
#5000=DIRECTION('',(0.0,0.896021955848581,-0.444009746106191));
#5001=DIRECTION('',(0.0,0.0,-1.0));
#5002=DIRECTION('',(0.0,-0.981737036166681,-0.190242980997096));
#5003=DIRECTION('',(0.0,0.0,-1.0));
#5004=DIRECTION('',(0.0,0.981737036166681,0.190242980997096));
#5005=DIRECTION('',(0.0,0.0,-1.0));
#5006=DIRECTION('',(0.0,-0.981737036166681,-0.190242980997096));
#5007=CARTESIAN_POINT('',(-4.1,1.012787072643,1.465966364145));
#5008=DIRECTION('',(-1.0,0.0,0.0));
#5009=DIRECTION('',(0.0,-0.190242980997096,0.981737036166681));
#5010=DIRECTION('',(0.0,1.0,0.0));
#5011=DIRECTION('',(1.0,0.0,0.0));
#5012=DIRECTION('',(0.0,1.0,0.0));
#5013=DIRECTION('',(0.0,1.0,0.0));
#5014=DIRECTION('',(0.0,0.0,1.0));
#5015=DIRECTION('',(0.0,1.0,0.0));
#5016=DIRECTION('',(0.0,0.703747766255319,-0.710449914836119));
#5017=DIRECTION('',(0.0,-1.0,0.0));
#5018=DIRECTION('',(0.0,0.0,1.0));
#5019=DIRECTION('',(0.0,1.0,0.0));
#5020=DIRECTION('',(0.0,0.0,-1.0));
#5021=DIRECTION('',(0.0,1.0,0.0));
#5022=DIRECTION('',(0.0,-0.710449914836119,-0.703747766255319));
#5023=DIRECTION('',(0.0,0.703747766255319,-0.710449914836119));
#5024=DIRECTION('',(1.0,0.0,0.0));
#5025=DIRECTION('',(0.0,1.0,0.0));
#5026=DIRECTION('',(1.0,0.0,0.0));
#5027=DIRECTION('',(0.0,0.0,1.0));
#5028=DIRECTION('',(0.0,-1.0,0.0));
#5029=DIRECTION('',(0.0,1.0,0.0));
#5030=DIRECTION('',(0.0,0.0,1.0));
#5031=DIRECTION('',(0.0,-1.0,0.0));
#5032=DIRECTION('',(0.0,-0.710449914836119,-0.703747766255319));
#5033=DIRECTION('',(0.0,-0.707106781186548,-0.707106781186548));
#5034=DIRECTION('',(0.0,-1.0,0.0));
#5035=DIRECTION('',(-1.0,0.0,0.0));
#5036=DIRECTION('',(1.0,0.0,0.0));
#5037=DIRECTION('',(1.0,0.0,0.0));
#5038=DIRECTION('',(1.0,0.0,0.0));
#5039=DIRECTION('',(1.0,0.0,0.0));
#5040=DIRECTION('',(-1.0,0.0,0.0));
#5041=DIRECTION('',(1.0,0.0,0.0));
#5042=DIRECTION('',(-1.0,0.0,0.0));
#5043=DIRECTION('',(-1.0,0.0,0.0));
#5044=DIRECTION('',(1.0,0.0,0.0));
#5045=CARTESIAN_POINT('',(-4.05,1.012787072643,1.465966364145));
#5046=DIRECTION('',(1.0,0.0,0.0));
#5047=DIRECTION('',(0.0,1.0,-3.700743415417E-14));
#5048=DIRECTION('',(0.0,0.0,1.0));
#5049=DIRECTION('',(1.0,0.0,0.0));
#5050=DIRECTION('',(0.0,-0.981737036166681,-0.190242980997096));
#5051=DIRECTION('',(1.0,0.0,0.0));
#5052=DIRECTION('',(0.0,0.0,-1.0));
#5053=DIRECTION('',(1.0,0.0,0.0));
#5054=CARTESIAN_POINT('',(-4.05,1.118787072643,1.478358436093));
#5055=DIRECTION('',(1.0,0.0,0.0));
#5056=DIRECTION('',(0.0,-0.190242980997,0.981737036166699));
#5057=DIRECTION('',(1.0,0.0,0.0));
#5058=DIRECTION('',(0.0,-0.981737036166681,-0.190242980997096));
#5059=DIRECTION('',(1.0,0.0,0.0));
#5060=DIRECTION('',(0.0,0.0,1.0));
#5061=DIRECTION('',(1.0,0.0,0.0));
#5062=DIRECTION('',(0.0,-0.981737036166681,-0.190242980997096));
#5063=DIRECTION('',(1.0,0.0,0.0));
#5064=DIRECTION('',(0.0,0.0,-1.0));
#5065=CARTESIAN_POINT('',(-4.05,1.196787072643,1.544403568474));
#5066=DIRECTION('',(-1.0,0.0,0.0));
#5067=DIRECTION('',(0.0,-0.190242980997096,0.981737036166681));
#5068=DIRECTION('',(1.0,0.0,0.0));
#5069=DIRECTION('',(0.0,0.981737036166681,0.190242980997096));
#5070=DIRECTION('',(1.0,0.0,0.0));
#5071=DIRECTION('',(0.0,0.628818880935099,0.777551808550099));
#5072=DIRECTION('',(1.0,0.0,0.0));
#5073=DIRECTION('',(0.0,0.794912211912811,-0.606724464111908));
#5074=DIRECTION('',(1.0,0.0,0.0));
#5075=DIRECTION('',(0.0,0.981737036166681,0.190242980997096));
#5076=DIRECTION('',(1.0,0.0,0.0));
#5077=CARTESIAN_POINT('',(-4.05,0.896787072643,1.506641018083));
#5078=DIRECTION('',(-1.0,0.0,0.0));
#5079=DIRECTION('',(0.0,-1.0,1.850371707709E-13));
#5080=DIRECTION('',(1.0,0.0,0.0));
#5081=DIRECTION('',(0.0,0.0,1.0));
#5082=DIRECTION('',(1.0,0.0,0.0));
#5083=DIRECTION('',(0.0,-0.896021955848581,0.44400974610619));
#5084=DIRECTION('',(1.0,0.0,0.0));
#5085=DIRECTION('',(0.0,0.647055961569442,0.76244251101145));
#5086=DIRECTION('',(1.0,0.0,0.0));
#5087=DIRECTION('',(0.0,0.981737036166681,0.190242980997096));
#5088=DIRECTION('',(1.0,0.0,0.0));
#5089=DIRECTION('',(0.0,0.0,1.0));
#5090=DIRECTION('',(1.0,0.0,0.0));
#5091=DIRECTION('',(0.0,-0.981737036166681,-0.190242980997096));
#5092=DIRECTION('',(1.0,0.0,0.0));
#5093=DIRECTION('',(0.0,0.0,1.0));
#5094=DIRECTION('',(1.0,0.0,0.0));
#5095=DIRECTION('',(0.0,0.773729652124307,0.633515923575406));
#5096=DIRECTION('',(1.0,0.0,0.0));
#5097=DIRECTION('',(0.0,0.829720136676299,-0.558179625921499));
#5098=DIRECTION('',(1.0,0.0,0.0));
#5099=DIRECTION('',(0.0,0.0,1.0));
#5100=DIRECTION('',(1.0,0.0,0.0));
#5101=DIRECTION('',(0.0,-0.829720136676299,0.558179625921499));
#5102=DIRECTION('',(1.0,0.0,0.0));
#5103=DIRECTION('',(0.0,0.773729652124307,0.633515923575406));
#5104=DIRECTION('',(1.0,0.0,0.0));
#5105=DIRECTION('',(0.0,0.0,1.0));
#5106=DIRECTION('',(1.0,0.0,0.0));
#5107=DIRECTION('',(0.0,-0.773729652124307,-0.633515923575406));
#5108=DIRECTION('',(1.0,0.0,0.0));
#5109=DIRECTION('',(0.0,-0.829720136676299,0.558179625921499));
#5110=DIRECTION('',(1.0,0.0,0.0));
#5111=DIRECTION('',(0.0,0.0,-1.0));
#5112=DIRECTION('',(1.0,0.0,0.0));
#5113=DIRECTION('',(0.0,0.829720136676299,-0.558179625921499));
#5114=DIRECTION('',(1.0,0.0,0.0));
#5115=DIRECTION('',(0.0,-0.773729652124307,-0.633515923575406));
#5116=DIRECTION('',(1.0,0.0,0.0));
#5117=DIRECTION('',(0.0,0.0,-1.0));
#5118=DIRECTION('',(1.0,0.0,0.0));
#5119=DIRECTION('',(0.0,0.981737036166681,0.190242980997096));
#5120=DIRECTION('',(1.0,0.0,0.0));
#5121=DIRECTION('',(0.0,-0.647055961569442,-0.76244251101145));
#5122=DIRECTION('',(1.0,0.0,0.0));
#5123=DIRECTION('',(0.0,0.0,-1.0));
#5124=DIRECTION('',(1.0,0.0,0.0));
#5125=DIRECTION('',(0.0,0.647055961569442,0.76244251101145));
#5126=DIRECTION('',(1.0,0.0,0.0));
#5127=DIRECTION('',(0.0,0.896021955848581,-0.444009746106191));
#5128=DIRECTION('',(1.0,0.0,0.0));
#5129=DIRECTION('',(0.0,0.0,-1.0));
#5130=DIRECTION('',(1.0,0.0,0.0));
#5131=DIRECTION('',(0.0,-0.981737036166681,-0.190242980997096));
#5132=DIRECTION('',(1.0,0.0,0.0));
#5133=DIRECTION('',(0.0,0.0,-1.0));
#5134=DIRECTION('',(1.0,0.0,0.0));
#5135=DIRECTION('',(0.0,0.981737036166681,0.190242980997096));
#5136=DIRECTION('',(1.0,0.0,0.0));
#5137=DIRECTION('',(0.0,0.0,-1.0));
#5138=DIRECTION('',(1.0,0.0,0.0));
#5139=DIRECTION('',(0.0,-0.981737036166681,-0.190242980997096));
#5140=DIRECTION('',(-1.0,0.0,0.0));
#5141=DIRECTION('',(-1.0,0.0,0.0));
#5142=DIRECTION('',(6.112054423694E-11,-1.0,2.760893522688E-10));
#5143=DIRECTION('',(6.112054423694E-11,1.0,2.76089382166E-10));
#5144=CARTESIAN_POINT('',(0.0,5.1,0.0));
#5145=DIRECTION('',(-0.0,1.0,0.0));
#5146=DIRECTION('',(1.0,0.0,0.0));
#5147=DIRECTION('',(-0.242535625036309,-0.970142500145338,1.00442191759104E-10));
#5148=CARTESIAN_POINT('',(0.0,5.5,0.0));
#5149=DIRECTION('',(-0.0,1.0,0.0));
#5150=DIRECTION('',(1.0,0.0,0.0));
#5151=CARTESIAN_POINT('',(0.0,5.5,0.0));
#5152=DIRECTION('',(0.0,1.0,0.0));
#5153=DIRECTION('',(-1.0,0.0,0.0));
#5154=CARTESIAN_POINT('',(0.0,5.1,0.0));
#5155=DIRECTION('',(0.0,1.0,0.0));
#5156=DIRECTION('',(-1.0,0.0,0.0));
#5157=DIRECTION('',(-6.112049136918E-11,1.0,-2.76089366462E-10));
#5158=DIRECTION('',(6.112049136918E-11,1.0,2.760893618048E-10));
#5159=CARTESIAN_POINT('',(2.5,5.1,0.0));
#5160=DIRECTION('',(-0.0,1.0,0.0));
#5161=DIRECTION('',(1.0,0.0,0.0));
#5162=DIRECTION('',(-0.242535625036309,-0.970142500145338,1.00441647902204E-10));
#5163=CARTESIAN_POINT('',(2.5,5.5,0.0));
#5164=DIRECTION('',(-0.0,1.0,0.0));
#5165=DIRECTION('',(1.0,0.0,0.0));
#5166=CARTESIAN_POINT('',(2.5,5.5,0.0));
#5167=DIRECTION('',(0.0,1.0,0.0));
#5168=DIRECTION('',(-1.0,0.0,0.0));
#5169=CARTESIAN_POINT('',(2.5,5.1,0.0));
#5170=DIRECTION('',(0.0,1.0,0.0));
#5171=DIRECTION('',(-1.0,0.0,0.0));
#5172=DIRECTION('',(-6.112049136918E-11,1.0,-2.76089366462E-10));
#5173=DIRECTION('',(6.112049136918E-11,1.0,2.760893618048E-10));
#5174=CARTESIAN_POINT('',(-2.5,5.1,0.0));
#5175=DIRECTION('',(-0.0,1.0,0.0));
#5176=DIRECTION('',(1.0,0.0,0.0));
#5177=DIRECTION('',(-0.242535625036309,-0.970142500145338,1.00441647902204E-10));
#5178=CARTESIAN_POINT('',(-2.5,5.5,0.0));
#5179=DIRECTION('',(-0.0,1.0,0.0));
#5180=DIRECTION('',(1.0,0.0,0.0));
#5181=CARTESIAN_POINT('',(-2.5,5.5,0.0));
#5182=DIRECTION('',(0.0,1.0,0.0));
#5183=DIRECTION('',(-1.0,0.0,0.0));
#5184=CARTESIAN_POINT('',(-2.5,5.1,0.0));
#5185=DIRECTION('',(0.0,1.0,0.0));
#5186=DIRECTION('',(-1.0,0.0,0.0));
#5187=DIRECTION('',(0.0,0.0,-1.0));
#5188=DIRECTION('',(0.0,0.0,-1.0));
#5189=DIRECTION('',(0.0,-1.0,0.0));
#5190=CARTESIAN_POINT('',(-2.5,-0.1,0.0));
#5191=DIRECTION('',(0.0,-1.0,0.0));
#5192=DIRECTION('',(0.0,0.0,-1.0));
#5193=DIRECTION('',(0.0,-1.0,0.0));
#5194=CARTESIAN_POINT('',(-2.5,-0.1,0.0));
#5195=DIRECTION('',(0.0,-1.0,0.0));
#5196=DIRECTION('',(0.0,0.0,1.0));
#5197=CARTESIAN_POINT('',(-2.5,-0.1,-0.45));
#5198=DIRECTION('',(1.0,0.0,-0.0));
#5199=DIRECTION('',(0.0,0.0,1.0));
#5200=CARTESIAN_POINT('',(-2.5,-0.55,-0.45));
#5201=DIRECTION('',(0.0,0.0,-1.0));
#5202=DIRECTION('',(0.0,-1.0,0.0));
#5203=CARTESIAN_POINT('',(-2.5,-0.1,-0.45));
#5204=DIRECTION('',(1.0,0.0,-0.0));
#5205=DIRECTION('',(0.0,0.0,1.0));
#5206=CARTESIAN_POINT('',(-2.5,-0.55,-0.45));
#5207=DIRECTION('',(0.0,0.0,-1.0));
#5208=DIRECTION('',(0.0,1.0,0.0));
#5209=DIRECTION('',(1.932625910826E-10,-4.2784380969E-11,-1.0));
#5210=DIRECTION('',(-1.932626897691E-10,4.278439330481E-11,-1.0));
#5211=CARTESIAN_POINT('',(-2.5,-0.55,-4.95));
#5212=DIRECTION('',(0.0,0.0,-1.0));
#5213=DIRECTION('',(0.0,1.0,0.0));
#5214=DIRECTION('',(1.00441509239704E-10,0.242535625036309,0.970142500145338));
#5215=DIRECTION('',(-1.00442586314204E-10,-0.242535625036309,0.970142500145338));
#5216=CARTESIAN_POINT('',(-2.5,-0.55,-5.35));
#5217=DIRECTION('',(0.0,0.0,-1.0));
#5218=DIRECTION('',(0.0,1.0,0.0));
#5219=CARTESIAN_POINT('',(-2.5,-0.55,-5.35));
#5220=DIRECTION('',(0.0,0.0,-1.0));
#5221=DIRECTION('',(0.0,-1.0,0.0));
#5222=CARTESIAN_POINT('',(-2.5,-0.55,-4.95));
#5223=DIRECTION('',(0.0,0.0,-1.0));
#5224=DIRECTION('',(0.0,-1.0,0.0));
#5225=DIRECTION('',(0.0,-1.0,0.0));
#5226=CARTESIAN_POINT('',(0.0,-0.1,0.0));
#5227=DIRECTION('',(0.0,-1.0,0.0));
#5228=DIRECTION('',(0.0,0.0,-1.0));
#5229=DIRECTION('',(0.0,-1.0,0.0));
#5230=CARTESIAN_POINT('',(0.0,-0.1,0.0));
#5231=DIRECTION('',(0.0,-1.0,0.0));
#5232=DIRECTION('',(0.0,0.0,1.0));
#5233=CARTESIAN_POINT('',(0.0,-0.1,-0.45));
#5234=DIRECTION('',(1.0,0.0,-0.0));
#5235=DIRECTION('',(0.0,0.0,1.0));
#5236=CARTESIAN_POINT('',(0.0,-0.55,-0.45));
#5237=DIRECTION('',(0.0,0.0,-1.0));
#5238=DIRECTION('',(0.0,-1.0,0.0));
#5239=CARTESIAN_POINT('',(0.0,-0.1,-0.45));
#5240=DIRECTION('',(1.0,0.0,-0.0));
#5241=DIRECTION('',(0.0,0.0,1.0));
#5242=CARTESIAN_POINT('',(0.0,-0.55,-0.45));
#5243=DIRECTION('',(0.0,0.0,-1.0));
#5244=DIRECTION('',(0.0,1.0,0.0));
#5245=DIRECTION('',(1.932625466884E-10,-4.2784380969E-11,-1.0));
#5246=DIRECTION('',(-1.932625510744E-10,4.278439330481E-11,-1.0));
#5247=CARTESIAN_POINT('',(0.0,-0.55,-4.95));
#5248=DIRECTION('',(0.0,0.0,-1.0));
#5249=DIRECTION('',(0.0,1.0,0.0));
#5250=DIRECTION('',(1.00442064267904E-10,0.242535625036309,0.970142500145338));
#5251=DIRECTION('',(-1.00442442245704E-10,-0.242535625036309,0.970142500145338));
#5252=CARTESIAN_POINT('',(0.0,-0.55,-5.35));
#5253=DIRECTION('',(0.0,0.0,-1.0));
#5254=DIRECTION('',(0.0,1.0,0.0));
#5255=CARTESIAN_POINT('',(0.0,-0.55,-5.35));
#5256=DIRECTION('',(0.0,0.0,-1.0));
#5257=DIRECTION('',(0.0,-1.0,0.0));
#5258=CARTESIAN_POINT('',(0.0,-0.55,-4.95));
#5259=DIRECTION('',(0.0,0.0,-1.0));
#5260=DIRECTION('',(0.0,-1.0,0.0));
ENDSEC;
END-ISO-10303-21;
