ISO-10303-21;
HEADER;
FILE_DESCRIPTION (( 'STEP AP214' ),
    '1' );
FILE_NAME ('9E677095-9F79-4062-9A0E-F6E6E6C9A212.STEP',
    '2024-12-14T03:27:05',
    ( '' ),
    ( '' ),
    'SwSTEP 2.0',
    'SolidWorks 2022',
    '' );
FILE_SCHEMA (( 'AUTOMOTIVE_DESIGN' ));
ENDSEC;

DATA;
#1 = AXIS2_PLACEMENT_3D ( 'NONE', #127, #441, #2685 ) ;
#2 = ORIENTED_EDGE ( 'NONE', *, *, #2812, .F. ) ;
#3 = SURFACE_STYLE_USAGE ( .BOTH. , #1009 ) ;
#4 = UNCERTAINTY_MEASURE_WITH_UNIT (LENGTH_MEASURE( 1.000000000000000082E-05 ), #1023, 'distance_accuracy_value', 'NONE');
#5 = VECTOR ( 'NONE', #2552, 1000.000000000000000 ) ;
#6 = ORIENTED_EDGE ( 'NONE', *, *, #1444, .F. ) ;
#7 = EDGE_CURVE ( 'NONE', #1445, #1209, #16, .T. ) ;
#8 = ADVANCED_FACE ( 'NONE', ( #2465 ), #2116, .F. ) ;
#9 = DIRECTION ( 'NONE',  ( -0.5446390350150343007, -0.8386705679454192763, 0.0000000000000000000 ) ) ;
#10 = VECTOR ( 'NONE', #2956, 1000.000000000000000 ) ;
#11 = VERTEX_POINT ( 'NONE', #489 ) ;
#12 = DIRECTION ( 'NONE',  ( -0.2062089244771383723, 0.9701367149383298694, -0.1277209215228557460 ) ) ;
#13 = DIRECTION ( 'NONE',  ( 0.1722068331141311248, 0.9766334818541285712, -0.1285762371135640569 ) ) ;
#14 = SURFACE_STYLE_USAGE ( .BOTH. , #201 ) ;
#15 = ORIENTED_EDGE ( 'NONE', *, *, #2454, .T. ) ;
#16 = LINE ( 'NONE', #1967, #597 ) ;
#17 = CARTESIAN_POINT ( 'NONE',  ( -1.517632698070846331, 0.1650000000000000078, 2.149999999999999911 ) ) ;
#18 = SURFACE_STYLE_FILL_AREA ( #2745 ) ;
#19 = EDGE_CURVE ( 'NONE', #1560, #763, #3152, .T. ) ;
#20 = CARTESIAN_POINT ( 'NONE',  ( 3.510000000000000231, 1.492499999999999494, 1.199999999999999956 ) ) ;
#21 = LINE ( 'NONE', #1782, #2731 ) ;
#22 = CARTESIAN_POINT ( 'NONE',  ( -1.484117693906688240, 0.1867368451944989849, 1.959661669750032864 ) ) ;
#23 = EDGE_CURVE ( 'NONE', #814, #2184, #2214, .T. ) ;
#24 = ORIENTED_EDGE ( 'NONE', *, *, #789, .T. ) ;
#25 =( BOUNDED_CURVE ( )  B_SPLINE_CURVE ( 3, ( #1102, #2317, #2080, #3077 ),
 .UNSPECIFIED., .F., .T. ) 
 B_SPLINE_CURVE_WITH_KNOTS ( ( 4, 4 ),
 ( 2.511542155111342822, 4.059670905367275928 ),
 .UNSPECIFIED. ) 
 CURVE ( )  GEOMETRIC_REPRESENTATION_ITEM ( )  RATIONAL_B_SPLINE_CURVE ( ( 1.000000000000000000, 0.8100502620159907297, 0.8100502620159907297, 1.000000000000000000 ) ) 
 REPRESENTATION_ITEM ( '' )  );
#26 = CARTESIAN_POINT ( 'NONE',  ( 3.510000000000000231, -1.360249892197943567E-16, 1.199999999999999956 ) ) ;
#27 = CARTESIAN_POINT ( 'NONE',  ( 1.516175616852497132, 0.1567364817766692398, 1.857135272548666061 ) ) ;
#28 = ORIENTED_EDGE ( 'NONE', *, *, #2989, .F. ) ;
#29 = ORIENTED_EDGE ( 'NONE', *, *, #1874, .T. ) ;
#30 = COLOUR_RGB ( '',0.7529411764705882248, 0.7529411764705882248, 0.7529411764705882248 ) ;
#31 = CARTESIAN_POINT ( 'NONE',  ( -3.517832085870044700, 1.632564470251967936, -2.135898340254380301 ) ) ;
#32 = CARTESIAN_POINT ( 'NONE',  ( 3.244578512391952607, 0.2112132318694793232, 1.962884047187708481 ) ) ;
#33 = SURFACE_SIDE_STYLE ('',( #18 ) ) ;
#34 = PRESENTATION_LAYER_ASSIGNMENT (  '', '', ( #2362 ) ) ;
#35 = CARTESIAN_POINT ( 'NONE',  ( -1.509529126704792779, 0.1571491170773478274, -1.899049423291440108 ) ) ;
#36 = SURFACE_SIDE_STYLE ('',( #2746 ) ) ;
#37 =( LENGTH_UNIT ( ) NAMED_UNIT ( * ) SI_UNIT ( .MILLI., .METRE. ) );
#38 = VECTOR ( 'NONE', #2824, 999.9999999999998863 ) ;
#39 = VERTEX_POINT ( 'NONE', #2845 ) ;
#40 = DIRECTION ( 'NONE',  ( 0.9848077530122085754, -0.1736481776669273891, 0.0000000000000000000 ) ) ;
#41 = CARTESIAN_POINT ( 'NONE',  ( -1.526023694382619089, 0.1650000000000000078, 1.857135272548665839 ) ) ;
#42 =( BOUNDED_CURVE ( )  B_SPLINE_CURVE ( 3, ( #184, #1434, #1948, #3095 ),
 .UNSPECIFIED., .F., .T. ) 
 B_SPLINE_CURVE_WITH_KNOTS ( ( 4, 4 ),
 ( 3.141592653589793116, 4.537856055185265802 ),
 .UNSPECIFIED. ) 
 CURVE ( )  GEOMETRIC_REPRESENTATION_ITEM ( )  RATIONAL_B_SPLINE_CURVE ( ( 1.000000000000000000, 0.8440296287459834179, 0.8440296287459834179, 1.000000000000000000 ) ) 
 REPRESENTATION_ITEM ( '' )  );
#43 = VERTEX_POINT ( 'NONE', #2019 ) ;
#44 = SURFACE_SIDE_STYLE ('',( #2261 ) ) ;
#45 = CARTESIAN_POINT ( 'NONE',  ( 3.649999999999999467, 0.1399999999999998745, 1.199999999999999956 ) ) ;
#46 = EDGE_CURVE ( 'NONE', #169, #1141, #2071, .T. ) ;
#47 = DIRECTION ( 'NONE',  ( 1.387993711551809871E-16, 1.000000000000000000, -0.0000000000000000000 ) ) ;
#48 = CARTESIAN_POINT ( 'NONE',  ( -3.519999999999999574, 0.1399999999999999301, -1.199999999999999956 ) ) ;
#49 = CARTESIAN_POINT ( 'NONE',  ( -3.520000000000000018, 1.632499999999999396, 2.125468578319840596 ) ) ;
#50 = ADVANCED_FACE ( 'NONE', ( #285 ), #2789, .T. ) ;
#52 = VECTOR ( 'NONE', #432, 1000.000000000000000 ) ;
#51 = SURFACE_STYLE_USAGE ( .BOTH. , #2264 ) ;
#53 = AXIS2_PLACEMENT_3D ( 'NONE', #909, #3181, #2390 ) ;
#54 = CARTESIAN_POINT ( 'NONE',  ( 1.493263000590194789, 0.1649999999999999800, -1.934875548215687857 ) ) ;
#55 =( LENGTH_UNIT ( ) NAMED_UNIT ( * ) SI_UNIT ( .MILLI., .METRE. ) );
#56 = DIRECTION ( 'NONE',  ( -0.1722068331141306252, 0.9766334818541285712, -0.1285762371135640569 ) ) ;
#57 = CARTESIAN_POINT ( 'NONE',  ( 3.275810967993825429, 0.2476351822333076047, 2.149999999999999911 ) ) ;
#58 = CIRCLE ( 'NONE', #1876, 0.02499999999999984873 ) ;
#59 = DIRECTION ( 'NONE',  ( -1.000000000000000000, 0.0000000000000000000, -2.168404344971003188E-14 ) ) ;
#60 = ORIENTED_EDGE ( 'NONE', *, *, #407, .T. ) ;
#61 = PRESENTATION_STYLE_ASSIGNMENT (( #1546 ) ) ;
#62 = DIRECTION ( 'NONE',  ( -0.0000000000000000000, -0.0000000000000000000, -1.000000000000000000 ) ) ;
#63 = CARTESIAN_POINT ( 'NONE',  ( -3.267487641539290610, 0.2004312522329600721, -1.938374008327462095 ) ) ;
#64 = VERTEX_POINT ( 'NONE', #2033 ) ;
#65 = CARTESIAN_POINT ( 'NONE',  ( 3.305929756283330967, 2.614887154014239989, 1.997729105402668903 ) ) ;
#66 = ADVANCED_FACE ( 'NONE', ( #2809 ), #1302, .T. ) ;
#67 = DIRECTION ( 'NONE',  ( -1.000000000000000000, 0.0000000000000000000, 0.0000000000000000000 ) ) ;
#68 = LINE ( 'NONE', #2572, #1236 ) ;
#69 = CARTESIAN_POINT ( 'NONE',  ( 2.544110806505385458, 3.099999999999999645, 1.934875548215687857 ) ) ;
#70 = EDGE_LOOP ( 'NONE', ( #891, #1335, #2224, #661 ) ) ;
#71 = CARTESIAN_POINT ( 'NONE',  ( -3.228101523286891705, 0.1650000000000000078, -1.934875548215686747 ) ) ;
#72 = VECTOR ( 'NONE', #2887, 1000.000000000000000 ) ;
#73 = ORIENTED_EDGE ( 'NONE', *, *, #385, .F. ) ;
#74 = PLANE ( 'NONE',  #2683 ) ;
#75 = CARTESIAN_POINT ( 'NONE',  ( -3.517692109211079554, 1.632565301089519583, 2.136197439805088916 ) ) ;
#76 = CARTESIAN_POINT ( 'NONE',  ( 2.350000000000000089, 0.1300000000000000322, -1.199999999999999956 ) ) ;
#77 = CYLINDRICAL_SURFACE ( 'NONE', #968, 0.1399999999999999301 ) ;
#78 = ORIENTED_EDGE ( 'NONE', *, *, #3176, .F. ) ;
#79 = DIRECTION ( 'NONE',  ( 0.8365229034636022520, -0.5432443253929128968, -0.07151947223815488530 ) ) ;
#80 = EDGE_CURVE ( 'NONE', #2713, #2922, #2513, .T. ) ;
#81 = AXIS2_PLACEMENT_3D ( 'NONE', #795, #525, #40 ) ;
#82 = CARTESIAN_POINT ( 'NONE',  ( -3.192037734107842528, 3.058460947075944514, 1.962268679855373454 ) ) ;
#83 = EDGE_CURVE ( 'NONE', #3139, #1405, #2326, .T. ) ;
#84 = ORIENTED_EDGE ( 'NONE', *, *, #2300, .F. ) ;
#85 = VECTOR ( 'NONE', #780, 1000.000000000000000 ) ;
#86 = FACE_OUTER_BOUND ( 'NONE', #1019, .T. ) ;
#87 = CARTESIAN_POINT ( 'NONE',  ( -3.251190774168520203, 0.2487132318694796340, -1.967821015847235566 ) ) ;
#88 = ORIENTED_EDGE ( 'NONE', *, *, #895, .F. ) ;
#89 = LINE ( 'NONE', #785, #1148 ) ;
#90 = PLANE ( 'NONE',  #1742 ) ;
#91 = ORIENTED_EDGE ( 'NONE', *, *, #1332, .T. ) ;
#92 = CARTESIAN_POINT ( 'NONE',  ( -2.350000000000000089, 0.1300000000000000322, -1.199999999999999956 ) ) ;
#93 = CARTESIAN_POINT ( 'NONE',  ( 3.649999999999999911, 0.1399999999999998745, 1.199999999999999956 ) ) ;
#94 = UNCERTAINTY_MEASURE_WITH_UNIT (LENGTH_MEASURE( 1.000000000000000082E-05 ), #2274, 'distance_accuracy_value', 'NONE');
#95 = FACE_OUTER_BOUND ( 'NONE', #2627, .T. ) ;
#96 =( NAMED_UNIT ( * ) PLANE_ANGLE_UNIT ( ) SI_UNIT ( $, .RADIAN. ) );
#97 = EDGE_LOOP ( 'NONE', ( #688, #2218, #213, #1089 ) ) ;
#98 = CARTESIAN_POINT ( 'NONE',  ( -3.266994618958401819, 0.1976351822333072272, 1.938097925653363696 ) ) ;
#99 = DIRECTION ( 'NONE',  ( 0.0000000000000000000, 0.0000000000000000000, 1.000000000000000000 ) ) ;
#100 = VECTOR ( 'NONE', #2517, 1000.000000000000000 ) ;
#101 = EDGE_CURVE ( 'NONE', #2675, #2050, #2417, .T. ) ;
#102 = ORIENTED_EDGE ( 'NONE', *, *, #83, .T. ) ;
#103 = CARTESIAN_POINT ( 'NONE',  ( 3.316335083263758587, 2.590668099521761469, 2.021187747113366129 ) ) ;
#104 =( NAMED_UNIT ( * ) PLANE_ANGLE_UNIT ( ) SI_UNIT ( $, .RADIAN. ) );
#105 = CARTESIAN_POINT ( 'NONE',  ( -1.500000000000000000, 0.06500000000000005773, -1.845057935602885779 ) ) ;
#106 = EDGE_LOOP ( 'NONE', ( #794, #2901, #2808, #2986, #656 ) ) ;
#107 = CARTESIAN_POINT ( 'NONE',  ( 3.316335083263758587, 2.590668099521761469, 1.999323354909239070 ) ) ;
#108 = LINE ( 'NONE', #93, #2391 ) ;
#109 = ADVANCED_FACE ( 'NONE', ( #2290 ), #74, .F. ) ;
#110 = DIRECTION ( 'NONE',  ( 1.000000000000000000, -1.387993711551809871E-16, 0.0000000000000000000 ) ) ;
#111 = CARTESIAN_POINT ( 'NONE',  ( -3.510000000000000231, 0.1399999999999998745, -1.199999999999999956 ) ) ;
#112 = ORIENTED_EDGE ( 'NONE', *, *, #306, .T. ) ;
#113 = CARTESIAN_POINT ( 'NONE',  ( 3.267487641539290610, 0.2004312522329605717, 1.938374008327462539 ) ) ;
#114 = ADVANCED_FACE ( 'NONE', ( #670 ), #1900, .T. ) ;
#115 = CARTESIAN_POINT ( 'NONE',  ( -1.422271568407711406, 0.1570804505870646017, -1.955688876169690671 ) ) ;
#116 = ORIENTED_EDGE ( 'NONE', *, *, #196, .T. ) ;
#117 = DIRECTION ( 'NONE',  ( 1.000000000000000000, 0.0000000000000000000, 0.0000000000000000000 ) ) ;
#118 =( LENGTH_UNIT ( ) NAMED_UNIT ( * ) SI_UNIT ( .MILLI., .METRE. ) );
#119 = CARTESIAN_POINT ( 'NONE',  ( -1.448047516388051070, 0.1607715646112538588, 1.956243275710691565 ) ) ;
#120 = EDGE_CURVE ( 'NONE', #1861, #1812, #2939, .T. ) ;
#121 = DIRECTION ( 'NONE',  ( -1.000000000000000000, 0.0000000000000000000, 0.0000000000000000000 ) ) ;
#122 = VERTEX_POINT ( 'NONE', #2598 ) ;
#123 = ORIENTED_EDGE ( 'NONE', *, *, #2970, .F. ) ;
#124 =( BOUNDED_CURVE ( )  B_SPLINE_CURVE ( 3, ( #2810, #338, #2291, #1046 ),
 .UNSPECIFIED., .F., .T. ) 
 B_SPLINE_CURVE_WITH_KNOTS ( ( 4, 4 ),
 ( -1.776356839400250465E-15, 0.9180782517774846996 ),
 .UNSPECIFIED. ) 
 CURVE ( )  GEOMETRIC_REPRESENTATION_ITEM ( )  RATIONAL_B_SPLINE_CURVE ( ( 1.000000000000000000, 0.9309857746995913175, 0.9309857746995913175, 1.000000000000000000 ) ) 
 REPRESENTATION_ITEM ( '' )  );
#125 = CARTESIAN_POINT ( 'NONE',  ( 1.526023694382619089, 0.1550000000000000544, 1.857135272548666061 ) ) ;
#126 = B_SPLINE_CURVE_WITH_KNOTS ( 'NONE', 3,
 ( #749, #2462, #1222, #1435, #512, #2432, #955, #2447, #485, #235, #2211, #1974, #2972 ),
 .UNSPECIFIED., .F., .F.,
 ( 4, 3, 3, 3, 4 ),
 ( -2.059370057069942732E-06, 0.0000000000000000000, 1.022734519919988671E-05, 5.614806418872537829E-05, 7.902535210667154756E-05 ),
 .UNSPECIFIED. ) ;
#127 = CARTESIAN_POINT ( 'NONE',  ( -1.526023694382619089, 0.1549999999999999989, 2.149999999999999911 ) ) ;
#128 = UNCERTAINTY_MEASURE_WITH_UNIT (LENGTH_MEASURE( 1.000000000000000082E-05 ), #1766, 'distance_accuracy_value', 'NONE');
#129 = CARTESIAN_POINT ( 'NONE',  ( -3.167584044089497564, 3.078263154805500168, -1.959661669750033308 ) ) ;
#130 = PRESENTATION_LAYER_ASSIGNMENT (  '', '', ( #2519 ) ) ;
#131 = CARTESIAN_POINT ( 'NONE',  ( -1.504577633732794961, 0.1649999999999999800, -1.922005302887216605 ) ) ;
#132 = CARTESIAN_POINT ( 'NONE',  ( -1.526023694382619089, 0.1650000000000000078, 1.858223185361626228 ) ) ;
#133 = ORIENTED_EDGE ( 'NONE', *, *, #639, .T. ) ;
#134 = CARTESIAN_POINT ( 'NONE',  ( -1.493263000590194789, 0.1649999999999999800, 1.934875548215687635 ) ) ;
#135 = MECHANICAL_DESIGN_GEOMETRIC_PRESENTATION_REPRESENTATION (  '', ( #2155 ), #1853 ) ;
#136 = CARTESIAN_POINT ( 'NONE',  ( -3.179246037355850873, 3.078262968362745156, -1.959661694295687484 ) ) ;
#137 = CIRCLE ( 'NONE', #2527, 0.009999999999999592548 ) ;
#138 = DIRECTION ( 'NONE',  ( -3.206512894596686959E-16, -1.000000000000000000, 0.0000000000000000000 ) ) ;
#139 = DIRECTION ( 'NONE',  ( 0.0000000000000000000, 1.000000000000000000, 0.0000000000000000000 ) ) ;
#140 = FACE_OUTER_BOUND ( 'NONE', #1298, .T. ) ;
#141 = CARTESIAN_POINT ( 'NONE',  ( -1.504577633732794961, 0.1649999999999999800, -1.922005302887216605 ) ) ;
#142 = VERTEX_POINT ( 'NONE', #2161 ) ;
#143 = EDGE_CURVE ( 'NONE', #2399, #1926, #609, .T. ) ;
#144 = EDGE_CURVE ( 'NONE', #763, #325, #2633, .T. ) ;
#145 = DIRECTION ( 'NONE',  ( 0.2062089244771371788, -0.9701367149383298694, 0.1277209215228589101 ) ) ;
#146 = CARTESIAN_POINT ( 'NONE',  ( 3.267487641539291054, 0.2004312522329606827, -1.938374008327462317 ) ) ;
#147 =( BOUNDED_SURFACE ( )  B_SPLINE_SURFACE ( 3, 2, ( 
 ( #2156, #3167, #1943 ),
 ( #1188, #1645, #1924 ),
 ( #1892, #2185, #2920 ),
 ( #1676, #445, #194 ) ),
 .UNSPECIFIED., .F., .F., .F. ) 
 B_SPLINE_SURFACE_WITH_KNOTS ( ( 4, 4 ),
 ( 3, 3 ),
 ( -0.0000000000000000000, 1.396263401595471798 ),
 ( 0.0000000000000000000, 1.000000000000000000 ),
 .UNSPECIFIED. ) 
 GEOMETRIC_REPRESENTATION_ITEM ( )  RATIONAL_B_SPLINE_SURFACE ( (
 ( 1.000000000000000000, 0.7518398074789747199, 1.000000000000000000),
 ( 1.000000000000000000, 0.7522136024319180381, 1.000000000000000000),
 ( 1.000000000000000000, 0.7363372991861997230, 1.000000000000000000),
 ( 1.000000000000000000, 0.7150753930239850398, 1.000000000000000000) ) ) 
 REPRESENTATION_ITEM ( '' )  SURFACE ( )  );
#148 = EDGE_CURVE ( 'NONE', #3188, #1776, #2618, .T. ) ;
#149 = CARTESIAN_POINT ( 'NONE',  ( 2.553731574320189157, 3.099999999999999201, -1.934875558340374946 ) ) ;
#150 = CARTESIAN_POINT ( 'NONE',  ( 3.265837013593896110, 0.1994782531725437791, 1.961339107933072645 ) ) ;
#151 = CARTESIAN_POINT ( 'NONE',  ( -1.443943347077258244, 0.1601403444285303679, -1.954208802241839127 ) ) ;
#152 = VERTEX_POINT ( 'NONE', #1371 ) ;
#153 = CIRCLE ( 'NONE', #563, 0.02499999999999991812 ) ;
#154 = LINE ( 'NONE', #888, #2022 ) ;
#155 = CARTESIAN_POINT ( 'NONE',  ( -3.215408690638320355, 0.1867368451944988461, 1.959661669750032864 ) ) ;
#156 = MECHANICAL_DESIGN_GEOMETRIC_PRESENTATION_REPRESENTATION (  '', ( #941 ), #2493 ) ;
#157 = ORIENTED_EDGE ( 'NONE', *, *, #1333, .F. ) ;
#158 = DIRECTION ( 'NONE',  ( -0.9848077530122086864, -0.1736481776669270838, 0.0000000000000000000 ) ) ;
#159 = DIRECTION ( 'NONE',  ( 0.0000000000000000000, 0.0000000000000000000, -1.000000000000000000 ) ) ;
#160 =( GEOMETRIC_REPRESENTATION_CONTEXT ( 3 ) GLOBAL_UNCERTAINTY_ASSIGNED_CONTEXT ( ( #2209 ) ) GLOBAL_UNIT_ASSIGNED_CONTEXT ( ( #2563, #339, #1795 ) ) REPRESENTATION_CONTEXT ( 'NONE', 'WORKASPACE' ) );
#161 = ADVANCED_FACE ( 'NONE', ( #2413 ), #1389, .T. ) ;
#162 = DIRECTION ( 'NONE',  ( 0.0000000000000000000, 0.0000000000000000000, 1.000000000000000000 ) ) ;
#163 = PRESENTATION_LAYER_ASSIGNMENT (  '', '', ( #2339 ) ) ;
#164 = DIRECTION ( 'NONE',  ( 1.000000000000000000, 0.0000000000000000000, 0.0000000000000000000 ) ) ;
#165 = CARTESIAN_POINT ( 'NONE',  ( 2.544110806505385458, 3.099999999999998757, -1.956799959790506582 ) ) ;
#166 = ORIENTED_EDGE ( 'NONE', *, *, #2027, .F. ) ;
#167 = CARTESIAN_POINT ( 'NONE',  ( 3.225261648734253583, 0.1650000000000000355, 1.934875551020017959 ) ) ;
#168 = CARTESIAN_POINT ( 'NONE',  ( -3.521000000000000352, 0.06499999999999994671, -1.943634710031767687 ) ) ;
#169 = VERTEX_POINT ( 'NONE', #2480 ) ;
#170 =( LENGTH_UNIT ( ) NAMED_UNIT ( * ) SI_UNIT ( .MILLI., .METRE. ) );
#171 = CARTESIAN_POINT ( 'NONE',  ( -1.501153731235302713, 0.1649999999999999523, -1.926591060094155816 ) ) ;
#172 = DIRECTION ( 'NONE',  ( 1.000000000000000000, 0.0000000000000000000, 0.0000000000000000000 ) ) ;
#173 = CARTESIAN_POINT ( 'NONE',  ( -1.416291329275913169, 0.1649999999999999800, -1.956789996597166681 ) ) ;
#174 = EDGE_LOOP ( 'NONE', ( #1041, #1416, #2382, #2001 ) ) ;
#175 = FACE_OUTER_BOUND ( 'NONE', #221, .T. ) ;
#176 = CARTESIAN_POINT ( 'NONE',  ( 2.548978017613028335, 3.078263154805500168, 1.959661669750032864 ) ) ;
#177 = PRESENTATION_LAYER_ASSIGNMENT (  '', '', ( #535 ) ) ;
#178 = EDGE_CURVE ( 'NONE', #3050, #2329, #748, .T. ) ;
#179 = CARTESIAN_POINT ( 'NONE',  ( -1.509355158259251484, 0.1571491161419938387, -1.899282425217037940 ) ) ;
#180 = ORIENTED_EDGE ( 'NONE', *, *, #181, .F. ) ;
#181 = EDGE_CURVE ( 'NONE', #2184, #556, #1963, .T. ) ;
#182 = EDGE_CURVE ( 'NONE', #228, #1861, #953, .T. ) ;
#183 = EDGE_LOOP ( 'NONE', ( #1557, #2065, #1082, #2194 ) ) ;
#184 = CARTESIAN_POINT ( 'NONE',  ( -3.177330192692604527, 0.1867368451944988739, -1.959661669750032864 ) ) ;
#185 = CARTESIAN_POINT ( 'NONE',  ( -1.493263000590195455, 0.1649999999999995914, 1.956799959790506582 ) ) ;
#186 = FACE_OUTER_BOUND ( 'NONE', #1452, .T. ) ;
#187 = ORIENTED_EDGE ( 'NONE', *, *, #1431, .F. ) ;
#188 = EDGE_LOOP ( 'NONE', ( #2783, #1198, #2772, #482, #652 ) ) ;
#189 = LINE ( 'NONE', #630, #2393 ) ;
#190 = PRESENTATION_LAYER_ASSIGNMENT (  '', '', ( #2997 ) ) ;
#191 = CARTESIAN_POINT ( 'NONE',  ( 2.553644795676804247, 3.076880792165016754, 1.959843661244224489 ) ) ;
#192 = FILL_AREA_STYLE_COLOUR ( '', #293 ) ;
#193 = ORIENTED_EDGE ( 'NONE', *, *, #1328, .T. ) ;
#194 = CARTESIAN_POINT ( 'NONE',  ( -3.275810967993825429, 0.2476351822333077712, 1.943034894312890559 ) ) ;
#195 = EDGE_LOOP ( 'NONE', ( #1370, #999, #2632, #620, #1007, #494, #1930, #1962, #2438, #1123, #258, #830, #805, #2160 ) ) ;
#196 = EDGE_CURVE ( 'NONE', #1439, #751, #234, .T. ) ;
#197 = ORIENTED_EDGE ( 'NONE', *, *, #3108, .F. ) ;
#198 = CARTESIAN_POINT ( 'NONE',  ( 3.292527482053876131, 2.585693853195127012, 2.024509648541914952 ) ) ;
#199 = VECTOR ( 'NONE', #1414, 1000.000000000000000 ) ;
#200 = CARTESIAN_POINT ( 'NONE',  ( 3.649999999999999911, 1.492499999999999494, -1.199999999999999956 ) ) ;
#201 = SURFACE_SIDE_STYLE ('',( #3207 ) ) ;
#202 = EDGE_CURVE ( 'NONE', #237, #39, #2947, .T. ) ;
#203 = VECTOR ( 'NONE', #229, 1000.000000000000000 ) ;
#204 = ORIENTED_EDGE ( 'NONE', *, *, #458, .F. ) ;
#205 = VERTEX_POINT ( 'NONE', #484 ) ;
#206 = FILL_AREA_STYLE ('',( #2727 ) ) ;
#208 = AXIS2_PLACEMENT_3D ( 'NONE', #398, #2378, #1537 ) ;
#207 = CARTESIAN_POINT ( 'NONE',  ( -3.495955125872484803, 1.636840849778715024, 2.150571483715019383 ) ) ;
#209 = VECTOR ( 'NONE', #1034, 1000.000000000000000 ) ;
#210 = VERTEX_POINT ( 'NONE', #746 ) ;
#211 = LINE ( 'NONE', #2883, #2013 ) ;
#212 = VECTOR ( 'NONE', #172, 1000.000000000000000 ) ;
#213 = ORIENTED_EDGE ( 'NONE', *, *, #1833, .F. ) ;
#214 = CARTESIAN_POINT ( 'NONE',  ( 3.496192398790118006, 1.624262598867863616, 2.125868750418171249 ) ) ;
#215 = ORIENTED_EDGE ( 'NONE', *, *, #1747, .F. ) ;
#216 = DIRECTION ( 'NONE',  ( -0.1722068331141310693, -0.9766334818541284601, -0.1285762371135640569 ) ) ;
#217 = CARTESIAN_POINT ( 'NONE',  ( 1.447584689029051797, 0.1649999999999999800, -1.957426544441734251 ) ) ;
#218 = EDGE_CURVE ( 'NONE', #1591, #2408, #1528, .T. ) ;
#219 = DIRECTION ( 'NONE',  ( 0.0000000000000000000, 0.0000000000000000000, 1.000000000000000000 ) ) ;
#220 = DIRECTION ( 'NONE',  ( 0.0000000000000000000, 0.0000000000000000000, 1.000000000000000000 ) ) ;
#221 = EDGE_LOOP ( 'NONE', ( #2045, #2314, #514, #1936 ) ) ;
#222 = ORIENTED_EDGE ( 'NONE', *, *, #2374, .F. ) ;
#223 = SURFACE_SIDE_STYLE ('',( #1484 ) ) ;
#224 = EDGE_CURVE ( 'NONE', #1466, #2971, #2721, .T. ) ;
#225 = FILL_AREA_STYLE_COLOUR ( '', #1932 ) ;
#226 = DIRECTION ( 'NONE',  ( -1.000000000000000000, 0.0000000000000000000, 0.0000000000000000000 ) ) ;
#227 = DIRECTION ( 'NONE',  ( -1.000000000000000000, 0.0000000000000000000, 0.0000000000000000000 ) ) ;
#228 = VERTEX_POINT ( 'NONE', #3203 ) ;
#229 = DIRECTION ( 'NONE',  ( 0.0000000000000000000, 0.0000000000000000000, 1.000000000000000000 ) ) ;
#230 = ORIENTED_EDGE ( 'NONE', *, *, #2425, .F. ) ;
#231 = FILL_AREA_STYLE_COLOUR ( '', #2523 ) ;
#232 = SURFACE_STYLE_FILL_AREA ( #3201 ) ;
#233 = ORIENTED_EDGE ( 'NONE', *, *, #264, .F. ) ;
#234 = LINE ( 'NONE', #2189, #2943 ) ;
#235 = CARTESIAN_POINT ( 'NONE',  ( 1.472741270033550487, 0.1637025008791242187, -1.944719706574990159 ) ) ;
#236 = CARTESIAN_POINT ( 'NONE',  ( 1.517632698070846331, 0.1649999999999998135, 1.857135272548666061 ) ) ;
#237 = VERTEX_POINT ( 'NONE', #1496 ) ;
#238 = MECHANICAL_DESIGN_GEOMETRIC_PRESENTATION_REPRESENTATION (  '', ( #1219 ), #1478 ) ;
#239 = DIRECTION ( 'NONE',  ( 1.000000000000000000, 0.0000000000000000000, 0.0000000000000000000 ) ) ;
#240 = FACE_OUTER_BOUND ( 'NONE', #183, .T. ) ;
#241 = DIRECTION ( 'NONE',  ( -1.000000000000000000, 0.0000000000000000000, 0.0000000000000000000 ) ) ;
#242 = LINE ( 'NONE', #3229, #3160 ) ;
#243 = VECTOR ( 'NONE', #1151, 1000.000000000000000 ) ;
#244 = ADVANCED_FACE ( 'NONE', ( #733 ), #784, .T. ) ;
#245 = AXIS2_PLACEMENT_3D ( 'NONE', #1714, #220, #2482 ) ;
#246 = EDGE_LOOP ( 'NONE', ( #1969, #611, #1899, #3198 ) ) ;
#247 = CARTESIAN_POINT ( 'NONE',  ( -3.519999999999999574, 0.1399999999999999301, 1.199999999999999956 ) ) ;
#248 = ADVANCED_FACE ( 'NONE', ( #316 ), #2769, .T. ) ;
#249 = ORIENTED_EDGE ( 'NONE', *, *, #736, .F. ) ;
#250 = CARTESIAN_POINT ( 'NONE',  ( -1.418331564239213805, 0.1572789017688160651, 1.955783457924253677 ) ) ;
#251 = VERTEX_POINT ( 'NONE', #1787 ) ;
#252 =( BOUNDED_CURVE ( )  B_SPLINE_CURVE ( 3, ( #2820, #2536, #1071, #82 ),
 .UNSPECIFIED., .F., .T. ) 
 B_SPLINE_CURVE_WITH_KNOTS ( ( 4, 4 ),
 ( 0.0000000000000000000, 1.361356816555580718 ),
 .UNSPECIFIED. ) 
 CURVE ( )  GEOMETRIC_REPRESENTATION_ITEM ( )  RATIONAL_B_SPLINE_CURVE ( ( 1.000000000000000000, 0.8514306409713130464, 0.8514306409713130464, 1.000000000000000000 ) ) 
 REPRESENTATION_ITEM ( '' )  );
#253 = CARTESIAN_POINT ( 'NONE',  ( 3.510000000000000231, 1.492499999999999494, 1.199999999999999956 ) ) ;
#254 = CARTESIAN_POINT ( 'NONE',  ( 1.433341780414221001, 0.1671734583406315477, 1.957086101009452683 ) ) ;
#255 = LINE ( 'NONE', #1998, #2259 ) ;
#256 = EDGE_CURVE ( 'NONE', #1060, #2800, #815, .T. ) ;
#257 = VERTEX_POINT ( 'NONE', #1510 ) ;
#258 = ORIENTED_EDGE ( 'NONE', *, *, #486, .F. ) ;
#259 = CARTESIAN_POINT ( 'NONE',  ( 1.500000000000000000, 0.06500000000000005773, 1.903070653268364110 ) ) ;
#260 = DIRECTION ( 'NONE',  ( 1.387993711551809871E-16, -1.000000000000000000, 0.0000000000000000000 ) ) ;
#261 = CIRCLE ( 'NONE', #669, 0.01000000000000002623 ) ;
#262 = CARTESIAN_POINT ( 'NONE',  ( -2.350000000000000089, 0.1300000000000000322, 1.199999999999999956 ) ) ;
#263 = ADVANCED_FACE ( 'NONE', ( #1827 ), #1314, .F. ) ;
#264 = EDGE_CURVE ( 'NONE', #727, #3102, #352, .T. ) ;
#265 = DIRECTION ( 'NONE',  ( -0.8365229034636092464, 0.5432443253929022386, -0.07151947223815169341 ) ) ;
#266 = AXIS2_PLACEMENT_3D ( 'NONE', #1214, #260, #2961 ) ;
#267 = VERTEX_POINT ( 'NONE', #3000 ) ;
#268 = CARTESIAN_POINT ( 'NONE',  ( -1.493263000590194567, 0.1899999999999999745, -1.934875548215687635 ) ) ;
#269 = CARTESIAN_POINT ( 'NONE',  ( -3.521000000000000352, 0.1900000000000000577, -1.934875548215687635 ) ) ;
#270 = CARTESIAN_POINT ( 'NONE',  ( 2.553692256316465681, 3.076849879865730664, 1.959847730925631915 ) ) ;
#271 = VERTEX_POINT ( 'NONE', #2322 ) ;
#272 = EDGE_LOOP ( 'NONE', ( #1595, #2, #464, #2734, #3074 ) ) ;
#273 = CARTESIAN_POINT ( 'NONE',  ( 1.500000000000000000, 0.06500000000000005773, 1.845057935602887556 ) ) ;
#274 = APPLICATION_CONTEXT ( 'automotive_design' ) ;
#275 = FACE_OUTER_BOUND ( 'NONE', #732, .T. ) ;
#276 = SURFACE_STYLE_FILL_AREA ( #2458 ) ;
#277 = DIRECTION ( 'NONE',  ( -1.000000000000000000, 0.0000000000000000000, 0.0000000000000000000 ) ) ;
#278 = PLANE ( 'NONE',  #986 ) ;
#279 = AXIS2_PLACEMENT_3D ( 'NONE', #2923, #1708, #2935 ) ;
#280 = DIRECTION ( 'NONE',  ( -0.0000000000000000000, -0.0000000000000000000, -1.000000000000000000 ) ) ;
#281 = EDGE_CURVE ( 'NONE', #1301, #2675, #1781, .T. ) ;
#282 = ORIENTED_EDGE ( 'NONE', *, *, #2763, .T. ) ;
#283 = CARTESIAN_POINT ( 'NONE',  ( -1.524093134695311047, 0.2016389567751210865, 1.863046795530067357 ) ) ;
#284 = ORIENTED_EDGE ( 'NONE', *, *, #3133, .T. ) ;
#285 = FACE_OUTER_BOUND ( 'NONE', #315, .T. ) ;
#286 = CARTESIAN_POINT ( 'NONE',  ( -3.518605359451018266, 1.632557566802007809, 2.133601529876774983 ) ) ;
#287 = CARTESIAN_POINT ( 'NONE',  ( -1.731831096493066990, 1.955656531077562654, -2.091681468370022667 ) ) ;
#288 = DIRECTION ( 'NONE',  ( 1.000000000000000000, 0.0000000000000000000, 0.0000000000000000000 ) ) ;
#289 = VECTOR ( 'NONE', #117, 1000.000000000000000 ) ;
#290 = SURFACE_STYLE_FILL_AREA ( #1325 ) ;
#291 = VECTOR ( 'NONE', #2520, 1000.000000000000000 ) ;
#292 = CARTESIAN_POINT ( 'NONE',  ( -3.510000000000000231, 0.1399999999999998745, -1.199999999999999956 ) ) ;
#293 = COLOUR_RGB ( '',0.7529411764705882248, 0.7529411764705882248, 0.7529411764705882248 ) ;
#294 = CARTESIAN_POINT ( 'NONE',  ( 1.526023694382619089, 0.1649999999999999800, 1.886969430710848661 ) ) ;
#295 = SURFACE_STYLE_FILL_AREA ( #1696 ) ;
#296 = DIRECTION ( 'NONE',  ( -0.0000000000000000000, -0.0000000000000000000, -1.000000000000000000 ) ) ;
#297 = EDGE_LOOP ( 'NONE', ( #3161, #2717, #2340, #869, #1017, #1995 ) ) ;
#298 = CARTESIAN_POINT ( 'NONE',  ( -3.495955125872484803, 1.636840849778714801, -2.150571483715019383 ) ) ;
#299 = CARTESIAN_POINT ( 'NONE',  ( 1.493263000590194789, 0.1649999999999999800, 1.934875548215687635 ) ) ;
#300 = EDGE_CURVE ( 'NONE', #3102, #456, #913, .T. ) ;
#301 = PRESENTATION_STYLE_ASSIGNMENT (( #2528 ) ) ;
#302 = ORIENTED_EDGE ( 'NONE', *, *, #1728, .T. ) ;
#303 =( NAMED_UNIT ( * ) PLANE_ANGLE_UNIT ( ) SI_UNIT ( $, .RADIAN. ) );
#304 = DIRECTION ( 'NONE',  ( -0.2062089244771384000, -0.9701367149383299804, -0.1277209215228557460 ) ) ;
#305 = CARTESIAN_POINT ( 'NONE',  ( 3.294659654977819319, 2.622206043378144447, 1.997247330370506724 ) ) ;
#306 = EDGE_CURVE ( 'NONE', #2937, #1786, #686, .T. ) ;
#307 = ORIENTED_EDGE ( 'NONE', *, *, #2553, .F. ) ;
#309 = CIRCLE ( 'NONE', #518, 0.02500000000000006384 ) ;
#308 = CARTESIAN_POINT ( 'NONE',  ( 1.526023694382619089, 0.1650000000000000078, 1.857135272548666061 ) ) ;
#310 = VECTOR ( 'NONE', #159, 1000.000000000000000 ) ;
#311 = CARTESIAN_POINT ( 'NONE',  ( -3.192037734107842528, 3.055197792270443191, 1.937482558321028447 ) ) ;
#312 = DIRECTION ( 'NONE',  ( -1.000000000000000000, -0.0000000000000000000, 0.0000000000000000000 ) ) ;
#313 = AXIS2_PLACEMENT_3D ( 'NONE', #111, #1104, #879 ) ;
#314 = DIRECTION ( 'NONE',  ( 0.2062089244771384000, 0.9701367149383299804, -0.1277209215228557460 ) ) ;
#315 = EDGE_LOOP ( 'NONE', ( #1650, #640, #537, #1289 ) ) ;
#316 = FACE_OUTER_BOUND ( 'NONE', #2163, .T. ) ;
#317 = COLOUR_RGB ( '',0.7529411764705882248, 0.7529411764705882248, 0.7529411764705882248 ) ;
#318 = DIRECTION ( 'NONE',  ( 0.0000000000000000000, -0.0000000000000000000, 1.000000000000000000 ) ) ;
#319 = AXIS2_PLACEMENT_3D ( 'NONE', #269, #1237, #1479 ) ;
#320 = ORIENTED_EDGE ( 'NONE', *, *, #2985, .T. ) ;
#321 = DIRECTION ( 'NONE',  ( 0.0000000000000000000, 0.0000000000000000000, 1.000000000000000000 ) ) ;
#322 = EDGE_CURVE ( 'NONE', #1185, #2106, #2030, .T. ) ;
#323 = CARTESIAN_POINT ( 'NONE',  ( -3.518871638729129891, 1.632559995577682166, -2.133291235030149391 ) ) ;
#324 = DIRECTION ( 'NONE',  ( 0.2062089244771383723, -0.9701367149383298694, -0.1277209215228557460 ) ) ;
#325 = VERTEX_POINT ( 'NONE', #1279 ) ;
#326 = CARTESIAN_POINT ( 'NONE',  ( -3.521000000000000352, 0.1900000000000000577, 1.934875548215687635 ) ) ;
#327 = CARTESIAN_POINT ( 'NONE',  ( -3.179246037355850429, 3.078262968362745156, 1.959661694295687928 ) ) ;
#328 = UNCERTAINTY_MEASURE_WITH_UNIT (LENGTH_MEASURE( 1.000000000000000082E-05 ), #37, 'distance_accuracy_value', 'NONE');
#329 = FILL_AREA_STYLE ('',( #2764 ) ) ;
#330 = DIRECTION ( 'NONE',  ( 0.0000000000000000000, 0.9914448613738112703, 0.1305261922200449953 ) ) ;
#331 = DIRECTION ( 'NONE',  ( -0.0000000000000000000, -0.0000000000000000000, -1.000000000000000000 ) ) ;
#332 = ORIENTED_EDGE ( 'NONE', *, *, #2387, .T. ) ;
#333 = PRESENTATION_STYLE_ASSIGNMENT (( #1042 ) ) ;
#334 = LINE ( 'NONE', #2271, #478 ) ;
#335 = SURFACE_SIDE_STYLE ('',( #1530 ) ) ;
#336 = ORIENTED_EDGE ( 'NONE', *, *, #1088, .F. ) ;
#337 = DIRECTION ( 'NONE',  ( -1.000000000000000000, 0.0000000000000000000, 0.0000000000000000000 ) ) ;
#338 = CARTESIAN_POINT ( 'NONE',  ( -1.477769376292714432, 0.1571491170773477997, -1.941586412720743837 ) ) ;
#339 =( NAMED_UNIT ( * ) PLANE_ANGLE_UNIT ( ) SI_UNIT ( $, .RADIAN. ) );
#340 = CARTESIAN_POINT ( 'NONE',  ( -3.251190774168520203, 0.2487132318694797450, -1.967821015847235122 ) ) ;
#341 = VERTEX_POINT ( 'NONE', #2575 ) ;
#342 = CARTESIAN_POINT ( 'NONE',  ( -1.449060106687929839, 0.1767010209850473357, -1.958340428427510771 ) ) ;
#343 = DIRECTION ( 'NONE',  ( 0.0000000000000000000, -1.000000000000000000, 0.0000000000000000000 ) ) ;
#344 = COLOUR_RGB ( '',0.7529411764705882248, 0.7529411764705882248, 0.7529411764705882248 ) ;
#345 = ADVANCED_FACE ( 'NONE', ( #2270 ), #2752, .T. ) ;
#346 = MECHANICAL_DESIGN_GEOMETRIC_PRESENTATION_REPRESENTATION (  '', ( #2252 ), #1018 ) ;
#347 = CARTESIAN_POINT ( 'NONE',  ( 3.275810967993825429, 0.2476351822333076047, 1.943034894312890337 ) ) ;
#348 = CARTESIAN_POINT ( 'NONE',  ( 1.493263000590194789, 0.1900000000000000577, -1.934875548215687635 ) ) ;
#349 = ADVANCED_FACE ( 'NONE', ( #555 ), #2009, .T. ) ;
#350 = CARTESIAN_POINT ( 'NONE',  ( 3.649999999999999911, 1.492499999999999494, 1.199999999999999956 ) ) ;
#351 = ORIENTED_EDGE ( 'NONE', *, *, #2689, .F. ) ;
#352 = LINE ( 'NONE', #586, #1269 ) ;
#353 = AXIS2_PLACEMENT_3D ( 'NONE', #454, #121, #1423 ) ;
#354 = DIRECTION ( 'NONE',  ( -1.000000000000000000, 0.0000000000000000000, 0.0000000000000000000 ) ) ;
#355 = DIRECTION ( 'NONE',  ( -1.000000000000000000, 0.0000000000000000000, 0.0000000000000000000 ) ) ;
#356 = ORIENTED_EDGE ( 'NONE', *, *, #1491, .F. ) ;
#357 = DIRECTION ( 'NONE',  ( -0.9848077530122090195, -0.1736481776669250021, 0.0000000000000000000 ) ) ;
#358 = FILL_AREA_STYLE ('',( #387 ) ) ;
#359 = DIRECTION ( 'NONE',  ( -0.1722068331141311248, 0.9766334818541285712, -0.1285762371135640569 ) ) ;
#360 = FILL_AREA_STYLE_COLOUR ( '', #3043 ) ;
#361 = ORIENTED_EDGE ( 'NONE', *, *, #426, .T. ) ;
#362 =( BOUNDED_CURVE ( )  B_SPLINE_CURVE ( 3, ( #1867, #1603, #1361, #1115 ),
 .UNSPECIFIED., .F., .T. ) 
 B_SPLINE_CURVE_WITH_KNOTS ( ( 4, 4 ),
 ( 5.365107055402103420, 6.283185307179586232 ),
 .UNSPECIFIED. ) 
 CURVE ( )  GEOMETRIC_REPRESENTATION_ITEM ( )  RATIONAL_B_SPLINE_CURVE ( ( 1.000000000000000000, 0.9309857746995918726, 0.9309857746995918726, 1.000000000000000000 ) ) 
 REPRESENTATION_ITEM ( '' )  );
#363 = CARTESIAN_POINT ( 'NONE',  ( 3.261240155810332997, 0.1650000000000000078, 2.149999999999999911 ) ) ;
#364 = DIRECTION ( 'NONE',  ( -1.000000000000000000, 0.0000000000000000000, 0.0000000000000000000 ) ) ;
#365 = DIRECTION ( 'NONE',  ( 0.0000000000000000000, 0.0000000000000000000, -1.000000000000000000 ) ) ;
#366 = ADVANCED_FACE ( 'NONE', ( #849 ), #1345, .T. ) ;
#367 = COLOUR_RGB ( '',0.7529411764705882248, 0.7529411764705882248, 0.7529411764705882248 ) ;
#368 = DIRECTION ( 'NONE',  ( -0.0000000000000000000, -0.0000000000000000000, -1.000000000000000000 ) ) ;
#369 = VECTOR ( 'NONE', #2761, 1000.000000000000000 ) ;
#370 = ORIENTED_EDGE ( 'NONE', *, *, #1464, .F. ) ;
#371 = CARTESIAN_POINT ( 'NONE',  ( 1.472741270033550487, 0.1637025008791242187, 1.944719706574990159 ) ) ;
#372 = DIRECTION ( 'NONE',  ( -1.000000000000000000, 0.0000000000000000000, 0.0000000000000000000 ) ) ;
#373 = CARTESIAN_POINT ( 'NONE',  ( 3.508732784316093589, 1.632522731133142280, -2.146250130885112295 ) ) ;
#374 = VECTOR ( 'NONE', #2088, 1000.000000000000000 ) ;
#375 = ORIENTED_EDGE ( 'NONE', *, *, #2063, .F. ) ;
#376 = ORIENTED_EDGE ( 'NONE', *, *, #3197, .T. ) ;
#377 = DIRECTION ( 'NONE',  ( 0.2062089244771336261, 0.9701367149383305355, 0.1277209215228590211 ) ) ;
#378 = SURFACE_STYLE_FILL_AREA ( #2607 ) ;
#379 = DIRECTION ( 'NONE',  ( -0.1736481776669271393, 0.9848077530122086864, 0.0000000000000000000 ) ) ;
#380 = DIRECTION ( 'NONE',  ( 1.387993711551809871E-16, -1.000000000000000000, 0.0000000000000000000 ) ) ;
#381 = CARTESIAN_POINT ( 'NONE',  ( 3.495189716937294744, 1.632499999999999396, 2.149999999999999911 ) ) ;
#382 = ORIENTED_EDGE ( 'NONE', *, *, #412, .T. ) ;
#383 = CARTESIAN_POINT ( 'NONE',  ( 2.571342758256137007, 3.091933528397270425, -1.935406533782296767 ) ) ;
#384 = CARTESIAN_POINT ( 'NONE',  ( 3.251190774168519759, 0.2487132318694797450, -1.967821015847235566 ) ) ;
#385 = EDGE_CURVE ( 'NONE', #1720, #1591, #2505, .T. ) ;
#386 = ORIENTED_EDGE ( 'NONE', *, *, #1728, .F. ) ;
#387 = FILL_AREA_STYLE_COLOUR ( '', #2605 ) ;
#388 = CARTESIAN_POINT ( 'NONE',  ( -3.244578512391953051, 0.2112132318694793509, 1.962884047187708481 ) ) ;
#389 = CIRCLE ( 'NONE', #1472, 0.01000000000000002623 ) ;
#390 = EDGE_CURVE ( 'NONE', #1060, #2937, #546, .T. ) ;
#391 = ORIENTED_EDGE ( 'NONE', *, *, #218, .F. ) ;
#392 = CARTESIAN_POINT ( 'NONE',  ( -3.497077492507900232, 1.502499999999999503, 1.199999999999999956 ) ) ;
#393 = DIRECTION ( 'NONE',  ( -0.1722068331141304864, -0.9766334818541282381, -0.1285762371135677762 ) ) ;
#394 = CARTESIAN_POINT ( 'NONE',  ( -3.189476494623124658, 3.070510631473333696, -1.960682308809317043 ) ) ;
#395 = STYLED_ITEM ( 'NONE', ( #61 ), #50 ) ;
#396 = CARTESIAN_POINT ( 'NONE',  ( -1.428883796284959873, -0.3383200332093439511, -1.791959845903849713 ) ) ;
#397 = EDGE_CURVE ( 'NONE', #2574, #2181, #1592, .T. ) ;
#398 = CARTESIAN_POINT ( 'NONE',  ( 3.521000000000000352, 3.074999999999999734, 1.934875548215687857 ) ) ;
#399 = VECTOR ( 'NONE', #533, 1000.000000000000000 ) ;
#400 = ORIENTED_EDGE ( 'NONE', *, *, #1075, .T. ) ;
#401 = CARTESIAN_POINT ( 'NONE',  ( -1.475126026901425469, 0.1650000000000001465, -1.944776615561185196 ) ) ;
#402 = AXIS2_PLACEMENT_3D ( 'NONE', #2655, #644, #2681 ) ;
#403 = CARTESIAN_POINT ( 'NONE',  ( 3.495189716937294744, 1.632499999999999396, -2.149999999999999911 ) ) ;
#404 = VERTEX_POINT ( 'NONE', #383 ) ;
#405 = PRESENTATION_STYLE_ASSIGNMENT (( #1420 ) ) ;
#406 = CARTESIAN_POINT ( 'NONE',  ( -3.216491424126187937, 3.060395584540887004, -1.937482558321028225 ) ) ;
#407 = EDGE_CURVE ( 'NONE', #2483, #1560, #2648, .T. ) ;
#408 = CARTESIAN_POINT ( 'NONE',  ( 3.316335083263758587, 2.590668099521761469, -1.999323354909238626 ) ) ;
#409 = FACE_OUTER_BOUND ( 'NONE', #2479, .T. ) ;
#410 = EDGE_LOOP ( 'NONE', ( #1482, #984, #1835, #2169 ) ) ;
#411 = CYLINDRICAL_SURFACE ( 'NONE', #2751, 0.02499999999999991812 ) ;
#412 = EDGE_CURVE ( 'NONE', #1720, #1366, #3013, .T. ) ;
#413 = CARTESIAN_POINT ( 'NONE',  ( 2.350000000000000089, 0.1300000000000000322, 1.199999999999999956 ) ) ;
#414 = PRESENTATION_STYLE_ASSIGNMENT (( #1381 ) ) ;
#415 = DIRECTION ( 'NONE',  ( 0.0000000000000000000, 0.0000000000000000000, 1.000000000000000000 ) ) ;
#416 = CARTESIAN_POINT ( 'NONE',  ( 3.497091790432556913, 1.632484585788960274, 2.149997970680812998 ) ) ;
#417 = EDGE_LOOP ( 'NONE', ( #2691, #2325, #2975, #1264, #3193, #1202, #943, #2529, #2647, #332, #3035 ) ) ;
#418 = CARTESIAN_POINT ( 'NONE',  ( -1.416858448906715529, 0.1563052619222009831, 1.955655275806695848 ) ) ;
#419 = CARTESIAN_POINT ( 'NONE',  ( -3.495135090094029007, 1.632499999999999396, 2.149999999999999911 ) ) ;
#420 = ORIENTED_EDGE ( 'NONE', *, *, #3068, .F. ) ;
#421 = VECTOR ( 'NONE', #929, 1000.000000000000000 ) ;
#422 = CARTESIAN_POINT ( 'NONE',  ( 1.486592833998040319, 0.1649999999999999800, 1.938516553594354264 ) ) ;
#423 = DIRECTION ( 'NONE',  ( 1.000000000000000000, 0.0000000000000000000, 0.0000000000000000000 ) ) ;
#424 = CYLINDRICAL_SURFACE ( 'NONE', #551, 0.009999999999999592548 ) ;
#425 = CIRCLE ( 'NONE', #1290, 0.02500000000000005343 ) ;
#426 = EDGE_CURVE ( 'NONE', #2874, #1234, #2099, .T. ) ;
#427 = ORIENTED_EDGE ( 'NONE', *, *, #1894, .T. ) ;
#428 = CARTESIAN_POINT ( 'NONE',  ( -1.516296134472482349, 0.1574199711638352428, 1.911655546467932565 ) ) ;
#429 = LINE ( 'NONE', #874, #2328 ) ;
#430 = VECTOR ( 'NONE', #1455, 1000.000000000000000 ) ;
#431 = ADVANCED_FACE ( 'NONE', ( #1124 ), #882, .T. ) ;
#432 = DIRECTION ( 'NONE',  ( 0.1722068331141311248, 0.9766334818541284601, 0.1285762371135640569 ) ) ;
#433 = EDGE_LOOP ( 'NONE', ( #2488, #112, #1667, #1618 ) ) ;
#434 = CARTESIAN_POINT ( 'NONE',  ( -1.448047514530492963, 0.1607715704068755080, -1.956243276473699222 ) ) ;
#435 = EDGE_LOOP ( 'NONE', ( #716, #1817, #1663, #84, #2671, #2303, #2737, #1462, #2076, #91, #1224 ) ) ;
#436 = CARTESIAN_POINT ( 'NONE',  ( 1.443943347077258021, 0.1601403444285308952, 1.954208802241839571 ) ) ;
#437 = CARTESIAN_POINT ( 'NONE',  ( 1.496751956816631868, 0.1571491170773478274, -1.916162351869821423 ) ) ;
#438 = CARTESIAN_POINT ( 'NONE',  ( 3.294659654977818874, 2.622206043378144891, -1.997247330370506724 ) ) ;
#439 = ORIENTED_EDGE ( 'NONE', *, *, #148, .F. ) ;
#440 = CARTESIAN_POINT ( 'NONE',  ( -1.416858448906715529, 0.1563052619222009831, 1.955655275806695848 ) ) ;
#441 = DIRECTION ( 'NONE',  ( 0.0000000000000000000, -0.0000000000000000000, 1.000000000000000000 ) ) ;
#442 = AXIS2_PLACEMENT_3D ( 'NONE', #1694, #265, #9 ) ;
#443 =( LENGTH_UNIT ( ) NAMED_UNIT ( * ) SI_UNIT ( .MILLI., .METRE. ) );
#444 = EDGE_LOOP ( 'NONE', ( #994, #2260, #1028, #361, #2656, #193, #1282, #1729 ) ) ;
#445 = CARTESIAN_POINT ( 'NONE',  ( -3.275265303489406143, 0.2445405650497877170, 1.967271673838823842 ) ) ;
#446 = ADVANCED_FACE ( 'NONE', ( #1630 ), #2220, .T. ) ;
#447 = ORIENTED_EDGE ( 'NONE', *, *, #2162, .F. ) ;
#448 = EDGE_CURVE ( 'NONE', #142, #257, #2995, .T. ) ;
#449 = CARTESIAN_POINT ( 'NONE',  ( -1.449060106687930949, 0.1767010209850479741, 1.958340428427510771 ) ) ;
#450 = ORIENTED_EDGE ( 'NONE', *, *, #2661, .F. ) ;
#451 = DIRECTION ( 'NONE',  ( 2.602085213965209379E-14, -1.000000000000000000, 0.0000000000000000000 ) ) ;
#452 = AXIS2_PLACEMENT_3D ( 'NONE', #985, #1973, #1741 ) ;
#453 = CARTESIAN_POINT ( 'NONE',  ( 1.484117693906687796, 0.1867368451944989294, 1.959661669750032864 ) ) ;
#454 = CARTESIAN_POINT ( 'NONE',  ( 3.177330192692604527, 0.1900000000000000300, -1.934875548215687635 ) ) ;
#455 =( GEOMETRIC_REPRESENTATION_CONTEXT ( 3 ) GLOBAL_UNCERTAINTY_ASSIGNED_CONTEXT ( ( #2334 ) ) GLOBAL_UNIT_ASSIGNED_CONTEXT ( ( #2074, #2549, #2293 ) ) REPRESENTATION_CONTEXT ( 'NONE', 'WORKASPACE' ) );
#456 = VERTEX_POINT ( 'NONE', #2535 ) ;
#457 = DIRECTION ( 'NONE',  ( -0.0000000000000000000, 0.0000000000000000000, -1.000000000000000000 ) ) ;
#458 = EDGE_CURVE ( 'NONE', #496, #1567, #3209, .T. ) ;
#459 = AXIS2_PLACEMENT_3D ( 'NONE', #1744, #2212, #2240 ) ;
#460 = CARTESIAN_POINT ( 'NONE',  ( 3.215408690638319467, 0.1867368451944989016, 1.959661669750032864 ) ) ;
#461 = ORIENTED_EDGE ( 'NONE', *, *, #2374, .T. ) ;
#462 = FACE_OUTER_BOUND ( 'NONE', #2117, .T. ) ;
#463 = EDGE_CURVE ( 'NONE', #2399, #2558, #1682, .T. ) ;
#464 = ORIENTED_EDGE ( 'NONE', *, *, #1889, .F. ) ;
#465 =( BOUNDED_SURFACE ( )  B_SPLINE_SURFACE ( 3, 2, ( 
 ( #2554, #1068, #2333 ),
 ( #1327, #1801, #327 ),
 ( #2316, #1820, #1309 ),
 ( #549, #1538, #1837 ) ),
 .UNSPECIFIED., .F., .F., .F. ) 
 B_SPLINE_SURFACE_WITH_KNOTS ( ( 4, 4 ),
 ( 3, 3 ),
 ( 0.0000000000000000000, 1.361356816555581828 ),
 ( 0.0000000000000000000, 1.000000000000000000 ),
 .UNSPECIFIED. ) 
 GEOMETRIC_REPRESENTATION_ITEM ( )  RATIONAL_B_SPLINE_SURFACE ( (
 ( 1.000000000000000000, 0.7518398074789761631, 1.000000000000000000),
 ( 1.000000000000000000, 0.7521792322846041490, 1.000000000000000000),
 ( 1.000000000000000000, 0.7371640693539613931, 1.000000000000000000),
 ( 1.000000000000000000, 0.7166372587719931353, 1.000000000000000000) ) ) 
 REPRESENTATION_ITEM ( '' )  SURFACE ( )  );
#466 = FACE_OUTER_BOUND ( 'NONE', #1923, .T. ) ;
#467 = EDGE_CURVE ( 'NONE', #2440, #727, #760, .T. ) ;
#468 = VERTEX_POINT ( 'NONE', #2555 ) ;
#469 = MECHANICAL_DESIGN_GEOMETRIC_PRESENTATION_REPRESENTATION (  '', ( #2799 ), #1441 ) ;
#470 = CARTESIAN_POINT ( 'NONE',  ( 1.416297554053844499, 0.1562958373596900485, -1.955652504790025281 ) ) ;
#471 = LINE ( 'NONE', #939, #946 ) ;
#472 = CARTESIAN_POINT ( 'NONE',  ( 2.544110806505385458, 3.099999999999998757, 1.956799959790507026 ) ) ;
#473 = VERTEX_POINT ( 'NONE', #54 ) ;
#474 = CARTESIAN_POINT ( 'NONE',  ( 1.516175616852497132, 0.1567364817766692398, -1.857135272548666061 ) ) ;
#476 = MECHANICAL_DESIGN_GEOMETRIC_PRESENTATION_REPRESENTATION (  '', ( #2225 ), #1144 ) ;
#475 = CARTESIAN_POINT ( 'NONE',  ( -3.521000000000000352, 0.1900000000000000577, -1.934875548215687635 ) ) ;
#477 = DIRECTION ( 'NONE',  ( 1.000000000000000000, 0.0000000000000000000, 0.0000000000000000000 ) ) ;
#478 = VECTOR ( 'NONE', #318, 1000.000000000000000 ) ;
#479 =( GEOMETRIC_REPRESENTATION_CONTEXT ( 3 ) GLOBAL_UNCERTAINTY_ASSIGNED_CONTEXT ( ( #1802 ) ) GLOBAL_UNIT_ASSIGNED_CONTEXT ( ( #850, #1145, #918 ) ) REPRESENTATION_CONTEXT ( 'NONE', 'WORKASPACE' ) );
#480 = ORIENTED_EDGE ( 'NONE', *, *, #860, .T. ) ;
#481 = CARTESIAN_POINT ( 'NONE',  ( 3.521000000000000352, 3.078263154805500612, -1.959661669750033308 ) ) ;
#482 = ORIENTED_EDGE ( 'NONE', *, *, #2025, .F. ) ;
#483 =( BOUNDED_CURVE ( )  B_SPLINE_CURVE ( 3, ( #2166, #191, #176, #2135 ),
 .UNSPECIFIED., .F., .T. ) 
 B_SPLINE_CURVE_WITH_KNOTS ( ( 4, 4 ),
 ( 5.707226654021464007, 6.283185307179586232 ),
 .UNSPECIFIED. ) 
 CURVE ( )  GEOMETRIC_REPRESENTATION_ITEM ( )  RATIONAL_B_SPLINE_CURVE ( ( 1.000000000000000000, 0.9725464899121292195, 0.9725464899121292195, 1.000000000000000000 ) ) 
 REPRESENTATION_ITEM ( '' )  );
#484 = CARTESIAN_POINT ( 'NONE',  ( -3.216491424126187937, 3.060395584540887004, -1.937482558321028225 ) ) ;
#485 = CARTESIAN_POINT ( 'NONE',  ( 1.458813201668096360, 0.1622542580598696771, -1.950411122459819957 ) ) ;
#486 = EDGE_CURVE ( 'NONE', #1730, #2874, #790, .T. ) ;
#487 = ADVANCED_FACE ( 'NONE', ( #2041 ), #2819, .F. ) ;
#488 = CARTESIAN_POINT ( 'NONE',  ( 3.244578512391953051, 0.2112132318694794619, -1.962884047187707814 ) ) ;
#489 = CARTESIAN_POINT ( 'NONE',  ( 3.510000000000000231, 0.1300000000000001155, 1.199999999999999956 ) ) ;
#490 = SURFACE_SIDE_STYLE ('',( #692 ) ) ;
#491 = DIRECTION ( 'NONE',  ( 0.5982746983344222613, -0.0000000000000000000, -0.8012910740379278751 ) ) ;
#492 = EDGE_CURVE ( 'NONE', #2874, #2800, #21, .T. ) ;
#493 = DIRECTION ( 'NONE',  ( -1.000000000000000000, -0.0000000000000000000, 0.0000000000000000000 ) ) ;
#494 = ORIENTED_EDGE ( 'NONE', *, *, #1653, .T. ) ;
#495 = VECTOR ( 'NONE', #951, 1000.000000000000000 ) ;
#496 = VERTEX_POINT ( 'NONE', #2780 ) ;
#497 = CARTESIAN_POINT ( 'NONE',  ( -1.417349487350881621, 0.1566298085377389460, 1.955698003179215272 ) ) ;
#498 = ORIENTED_EDGE ( 'NONE', *, *, #144, .T. ) ;
#499 = CARTESIAN_POINT ( 'NONE',  ( 2.571342758256137007, 3.091933528397270425, 1.935406533782296545 ) ) ;
#500 = ORIENTED_EDGE ( 'NONE', *, *, #182, .T. ) ;
#501 = PRESENTATION_LAYER_ASSIGNMENT (  '', '', ( #2252 ) ) ;
#502 = ORIENTED_EDGE ( 'NONE', *, *, #519, .F. ) ;
#503 = ADVANCED_FACE ( 'NONE', ( #2249 ), #2456, .T. ) ;
#504 = LINE ( 'NONE', #207, #1247 ) ;
#505 = VECTOR ( 'NONE', #1775, 1000.000000000000000 ) ;
#506 = CARTESIAN_POINT ( 'NONE',  ( -3.649999999999999911, 0.1399999999999998745, 1.199999999999999956 ) ) ;
#507 = ORIENTED_EDGE ( 'NONE', *, *, #2547, .F. ) ;
#508 = EDGE_CURVE ( 'NONE', #1234, #3136, #3168, .T. ) ;
#509 = DIRECTION ( 'NONE',  ( 0.0000000000000000000, 0.0000000000000000000, 1.000000000000000000 ) ) ;
#510 = ORIENTED_EDGE ( 'NONE', *, *, #3068, .T. ) ;
#511 = DIRECTION ( 'NONE',  ( 0.1722068331141306530, 0.9766334818541285712, -0.1285762371135640569 ) ) ;
#512 = CARTESIAN_POINT ( 'NONE',  ( 1.422271568407710962, 0.1570804505870685708, -1.955688876169691115 ) ) ;
#513 = CARTESIAN_POINT ( 'NONE',  ( 1.470882403047992337, 0.1572174419872267859, 1.956276727303229546 ) ) ;
#514 = ORIENTED_EDGE ( 'NONE', *, *, #1093, .F. ) ;
#515 = PLANE ( 'NONE',  #770 ) ;
#516 = FACE_OUTER_BOUND ( 'NONE', #70, .T. ) ;
#517 = CARTESIAN_POINT ( 'NONE',  ( 3.510000000000000231, 1.492499999999999494, 1.199999999999999956 ) ) ;
#518 = AXIS2_PLACEMENT_3D ( 'NONE', #348, #312, #1297 ) ;
#519 = EDGE_CURVE ( 'NONE', #2983, #3194, #1249, .T. ) ;
#520 = VECTOR ( 'NONE', #1553, 1000.000000000000000 ) ;
#521 = DIRECTION ( 'NONE',  ( 1.000000000000000000, 0.0000000000000000000, 0.0000000000000000000 ) ) ;
#522 = VECTOR ( 'NONE', #1066, 1000.000000000000227 ) ;
#523 = CARTESIAN_POINT ( 'NONE',  ( 1.514518779413252192, 0.1649999999999999800, 1.914270295183110093 ) ) ;
#524 = VERTEX_POINT ( 'NONE', #347 ) ;
#525 = DIRECTION ( 'NONE',  ( -0.1722068331141311248, -0.9766334818541285712, -0.1285762371135640569 ) ) ;
#526 = CARTESIAN_POINT ( 'NONE',  ( 1.493263000590195011, 0.1867368451944988739, 1.959661669750032864 ) ) ;
#527 = ORIENTED_EDGE ( 'NONE', *, *, #1673, .F. ) ;
#528 = ORIENTED_EDGE ( 'NONE', *, *, #46, .T. ) ;
#529 = CARTESIAN_POINT ( 'NONE',  ( 1.416858448906715973, 0.1563052619222004835, 1.955655275806695848 ) ) ;
#530 = CARTESIAN_POINT ( 'NONE',  ( 1.493263000590194789, 0.1867368451944989571, -1.959661669750032864 ) ) ;
#531 = LINE ( 'NONE', #2516, #1221 ) ;
#532 = CARTESIAN_POINT ( 'NONE',  ( -1.484117693906687130, 0.1867368451944988739, -1.959661669750032864 ) ) ;
#533 = DIRECTION ( 'NONE',  ( -3.206512894596686959E-16, 1.000000000000000000, 0.0000000000000000000 ) ) ;
#534 = CARTESIAN_POINT ( 'NONE',  ( 3.519999999999999574, 0.1399999999999999301, -1.199999999999999956 ) ) ;
#535 = STYLED_ITEM ( 'NONE', ( #1477 ), #1292 ) ;
#536 = CARTESIAN_POINT ( 'NONE',  ( -3.496192398790118006, 1.624262598867863616, 2.125868750418171249 ) ) ;
#537 = ORIENTED_EDGE ( 'NONE', *, *, #1394, .F. ) ;
#538 = EDGE_CURVE ( 'NONE', #404, #3050, #1907, .T. ) ;
#539 = CARTESIAN_POINT ( 'NONE',  ( 3.266994618958402263, 0.1976351822333073105, -1.938097925653363029 ) ) ;
#540 = CARTESIAN_POINT ( 'NONE',  ( -1.459162561919785217, 0.06499999999999994671, -1.943634710031767465 ) ) ;
#541 = EDGE_LOOP ( 'NONE', ( #1437, #1164, #2029, #370 ) ) ;
#542 = VECTOR ( 'NONE', #837, 1000.000000000000000 ) ;
#543 = CARTESIAN_POINT ( 'NONE',  ( -3.500867050298566596, 1.632484688425396735, -2.149517308974520979 ) ) ;
#544 = LINE ( 'NONE', #1304, #2024 ) ;
#545 = SURFACE_STYLE_USAGE ( .BOTH. , #1796 ) ;
#546 = CIRCLE ( 'NONE', #2365, 0.02499999999999990771 ) ;
#547 = CARTESIAN_POINT ( 'NONE',  ( -1.493263000590194567, 0.1867368451944989571, -1.959661669750032864 ) ) ;
#548 = COLOUR_RGB ( '',0.7529411764705882248, 0.7529411764705882248, 0.7529411764705882248 ) ;
#549 = CARTESIAN_POINT ( 'NONE',  ( -3.216491424126187937, 3.060395584540887004, 1.937482558321028447 ) ) ;
#550 = ADVANCED_BREP_SHAPE_REPRESENTATION ( '9E677095-9F79-4062-9A0E-F6E6E6C9A212', ( #1821, #681 ), #571 ) ;
#551 = AXIS2_PLACEMENT_3D ( 'NONE', #1375, #1902, #871 ) ;
#552 = CARTESIAN_POINT ( 'NONE',  ( 3.315688994455294747, 2.593707708383453436, 2.023454604491067510 ) ) ;
#553 = CARTESIAN_POINT ( 'NONE',  ( -3.521000000000000352, 1.632499999999999396, 2.149999999999999911 ) ) ;
#554 = ORIENTED_EDGE ( 'NONE', *, *, #1768, .F. ) ;
#555 = FACE_OUTER_BOUND ( 'NONE', #942, .T. ) ;
#556 = VERTEX_POINT ( 'NONE', #2136 ) ;
#557 = CARTESIAN_POINT ( 'NONE',  ( 3.520000000000000018, 1.632499999999999396, 2.149999999999999911 ) ) ;
#558 = CARTESIAN_POINT ( 'NONE',  ( -3.508732784316094033, 1.632522731133141836, -2.146250130885111851 ) ) ;
#559 = CARTESIAN_POINT ( 'NONE',  ( 1.418331564239214915, 0.1572789017688130397, -1.955783457924253232 ) ) ;
#560 = ORIENTED_EDGE ( 'NONE', *, *, #1959, .T. ) ;
#561 = CARTESIAN_POINT ( 'NONE',  ( 1.493263000590194789, 0.1649999999999999800, -1.934875548215687857 ) ) ;
#562 = MECHANICAL_DESIGN_GEOMETRIC_PRESENTATION_REPRESENTATION (  '', ( #1397 ), #1813 ) ;
#563 = AXIS2_PLACEMENT_3D ( 'NONE', #2376, #393, #1921 ) ;
#564 = CARTESIAN_POINT ( 'NONE',  ( 3.305703496143575393, 2.615034089067035605, 1.997719444752616980 ) ) ;
#565 = DIRECTION ( 'NONE',  ( 0.9848077530122086864, -0.1736481776669271393, 0.0000000000000000000 ) ) ;
#566 = VERTEX_POINT ( 'NONE', #2836 ) ;
#567 = CARTESIAN_POINT ( 'NONE',  ( 1.464843416378858842, 0.1867340610423910696, 1.959661303209454308 ) ) ;
#568 = AXIS2_PLACEMENT_3D ( 'NONE', #1654, #1373, #1150 ) ;
#569 = CARTESIAN_POINT ( 'NONE',  ( 2.350000000000000089, 2.498228132021559730E-17, -1.199999999999999956 ) ) ;
#570 = EDGE_LOOP ( 'NONE', ( #991, #957, #2069, #1799 ) ) ;
#571 =( GEOMETRIC_REPRESENTATION_CONTEXT ( 3 ) GLOBAL_UNCERTAINTY_ASSIGNED_CONTEXT ( ( #3037 ) ) GLOBAL_UNIT_ASSIGNED_CONTEXT ( ( #2577, #1058, #2256 ) ) REPRESENTATION_CONTEXT ( 'NONE', 'WORKASPACE' ) );
#572 = CARTESIAN_POINT ( 'NONE',  ( -3.251190774168520203, 0.2519763866749807346, 1.943034894312890559 ) ) ;
#573 = FACE_OUTER_BOUND ( 'NONE', #766, .T. ) ;
#574 = EDGE_CURVE ( 'NONE', #3136, #2574, #1174, .T. ) ;
#575 = LINE ( 'NONE', #2276, #2081 ) ;
#576 = CARTESIAN_POINT ( 'NONE',  ( 3.498008819793497981, 1.632477259639775857, -2.149997006174780623 ) ) ;
#577 = EDGE_LOOP ( 'NONE', ( #2285, #2706, #852, #2237 ) ) ;
#578 =( BOUNDED_SURFACE ( )  B_SPLINE_SURFACE ( 3, 2, ( 
 ( #340, #803, #2312 ),
 ( #1097, #1834, #63 ),
 ( #3073, #2036, #2090 ),
 ( #822, #3088, #1548 ) ),
 .UNSPECIFIED., .F., .F., .F. ) 
 B_SPLINE_SURFACE_WITH_KNOTS ( ( 4, 4 ),
 ( 3, 3 ),
 ( 1.745329251994320208, 3.141592653589793116 ),
 ( 0.0000000000000000000, 1.000000000000000000 ),
 .UNSPECIFIED. ) 
 GEOMETRIC_REPRESENTATION_ITEM ( )  RATIONAL_B_SPLINE_SURFACE ( (
 ( 1.000000000000000000, 0.7150753930239940326, 1.000000000000000000),
 ( 1.000000000000000000, 0.7363372991862066064, 1.000000000000000000),
 ( 1.000000000000000000, 0.7522136024319279191, 1.000000000000000000),
 ( 1.000000000000000000, 0.7518398074789832686, 1.000000000000000000) ) ) 
 REPRESENTATION_ITEM ( '' )  SURFACE ( )  );
#579 = CARTESIAN_POINT ( 'NONE',  ( -1.466212134780553455, 0.1821955982714479338, -1.959063803250452374 ) ) ;
#580 = EDGE_CURVE ( 'NONE', #267, #2440, #1067, .T. ) ;
#581 = DIRECTION ( 'NONE',  ( 0.5446390350150422943, 0.8386705679454140583, 0.0000000000000000000 ) ) ;
#582 = CARTESIAN_POINT ( 'NONE',  ( 3.293316200740372235, 2.623078492761057312, 2.019587867371654966 ) ) ;
#583 =( LENGTH_UNIT ( ) NAMED_UNIT ( * ) SI_UNIT ( .MILLI., .METRE. ) );
#584 = CARTESIAN_POINT ( 'NONE',  ( 3.275810967993825429, 0.2476351822333076047, -1.943034894312889893 ) ) ;
#585 = ORIENTED_EDGE ( 'NONE', *, *, #2804, .F. ) ;
#586 = CARTESIAN_POINT ( 'NONE',  ( -3.649999999999999911, 1.492499999999999494, 1.199999999999999956 ) ) ;
#587 = CARTESIAN_POINT ( 'NONE',  ( 1.493263000590194567, 0.1649999999999997580, 1.956799959790507026 ) ) ;
#588 = CARTESIAN_POINT ( 'NONE',  ( -3.177330192692604527, 0.1900000000000000577, -1.934875548215687635 ) ) ;
#589 = ORIENTED_EDGE ( 'NONE', *, *, #2454, .F. ) ;
#590 = SURFACE_SIDE_STYLE ('',( #1270 ) ) ;
#591 = CARTESIAN_POINT ( 'NONE',  ( -3.503528478893444653, 1.632492380377116525, 2.148745136214273987 ) ) ;
#592 = CARTESIAN_POINT ( 'NONE',  ( -3.495135090094028563, 1.632499999999999396, -2.149999999999999911 ) ) ;
#593 = LINE ( 'NONE', #855, #3103 ) ;
#594 = ORIENTED_EDGE ( 'NONE', *, *, #731, .F. ) ;
#595 = DIRECTION ( 'NONE',  ( 0.0000000000000000000, 0.0000000000000000000, 1.000000000000000000 ) ) ;
#596 = CARTESIAN_POINT ( 'NONE',  ( 3.520000000000000018, 1.632499999999999396, 2.149999999999999911 ) ) ;
#597 = VECTOR ( 'NONE', #2987, 1000.000000000000000 ) ;
#598 =( BOUNDED_SURFACE ( )  B_SPLINE_SURFACE ( 3, 2, ( 
 ( #2654, #185, #889 ),
 ( #607, #2104, #1901 ),
 ( #119, #1112, #3106 ),
 ( #3141, #2131, #2385 ) ),
 .UNSPECIFIED., .F., .F., .F. ) 
 B_SPLINE_SURFACE_WITH_KNOTS ( ( 4, 4 ),
 ( 3, 3 ),
 ( 0.0000000000000000000, 8.350641646734315200E-05 ),
 ( 0.0000000000000000000, 1.000000000000000000 ),
 .UNSPECIFIED. ) 
 GEOMETRIC_REPRESENTATION_ITEM ( )  RATIONAL_B_SPLINE_SURFACE ( (
 ( 1.000000000000000000, 0.7518398074789697239, 1.000000000000000000),
 ( 1.000000000000000000, 0.8845272019757224324, 1.000000000000000000),
 ( 1.000000000000000000, 1.002073273659880082, 1.000000000000000000),
 ( 1.000000000000000000, 1.000000000000000000, 1.000000000000000000) ) ) 
 REPRESENTATION_ITEM ( '' )  SURFACE ( )  );
#599 = FACE_BOUND ( 'NONE', #1132, .T. ) ;
#600 = FACE_BOUND ( 'NONE', #1951, .T. ) ;
#601 = CARTESIAN_POINT ( 'NONE',  ( 2.544110806505385458, 3.099999999999999201, -1.934875548215687635 ) ) ;
#602 = CIRCLE ( 'NONE', #1326, 0.02500000000000021649 ) ;
#603 = EDGE_LOOP ( 'NONE', ( #386, #382, #2981, #2840 ) ) ;
#604 = CARTESIAN_POINT ( 'NONE',  ( -1.417537940432722410, 0.1564019674327017662, 1.955668007328684288 ) ) ;
#605 = DIRECTION ( 'NONE',  ( 0.0000000000000000000, -0.0000000000000000000, -1.000000000000000000 ) ) ;
#606 = ORIENTED_EDGE ( 'NONE', *, *, #1959, .F. ) ;
#607 = CARTESIAN_POINT ( 'NONE',  ( -1.475126025585603573, 0.1650000000000000910, 1.944776616279507930 ) ) ;
#608 = DIRECTION ( 'NONE',  ( -0.1736481776669271393, -0.9848077530122086864, 0.0000000000000000000 ) ) ;
#609 = B_SPLINE_CURVE_WITH_KNOTS ( 'NONE', 3,
 ( #2652, #422, #1883, #371, #2906, #436, #1355, #2891, #1862, #1636, #2364, #3173, #2347 ),
 .UNSPECIFIED., .F., .F.,
 ( 4, 3, 3, 3, 4 ),
 ( 3.078542382931359445E-19, 2.279763985177460728E-05, 6.855848427584227680E-05, 7.875022262032639207E-05, 8.080959267739617937E-05 ),
 .UNSPECIFIED. ) ;
#610 = ORIENTED_EDGE ( 'NONE', *, *, #1511, .T. ) ;
#611 = ORIENTED_EDGE ( 'NONE', *, *, #920, .T. ) ;
#612 = PLANE ( 'NONE',  #1707 ) ;
#613 = UNCERTAINTY_MEASURE_WITH_UNIT (LENGTH_MEASURE( 1.000000000000000082E-05 ), #1679, 'distance_accuracy_value', 'NONE');
#614 = CIRCLE ( 'NONE', #2436, 0.02500000000000005343 ) ;
#615 = DIRECTION ( 'NONE',  ( -1.000000000000000000, 0.0000000000000000000, 0.0000000000000000000 ) ) ;
#616 = CARTESIAN_POINT ( 'NONE',  ( -1.518632520609771941, 0.1649999999999999800, -1.903181081450997958 ) ) ;
#617 = EDGE_CURVE ( 'NONE', #1232, #1439, #1536, .T. ) ;
#618 = DIRECTION ( 'NONE',  ( 0.1722068331141306252, 0.9766334818541285712, 0.1285762371135640569 ) ) ;
#619 = AXIS2_PLACEMENT_3D ( 'NONE', #3165, #2673, #2355 ) ;
#620 = ORIENTED_EDGE ( 'NONE', *, *, #1211, .T. ) ;
#621 = CARTESIAN_POINT ( 'NONE',  ( 3.275265303489406143, 0.2445405650497877170, 1.967271673838823842 ) ) ;
#622 = PRESENTATION_LAYER_ASSIGNMENT (  '', '', ( #2225 ) ) ;
#623 = CARTESIAN_POINT ( 'NONE',  ( -3.211642144084344341, 3.083209653435037279, -1.935980798724988627 ) ) ;
#624 = AXIS2_PLACEMENT_3D ( 'NONE', #2384, #1620, #3157 ) ;
#625 = VERTEX_POINT ( 'NONE', #1086 ) ;
#626 = VECTOR ( 'NONE', #1064, 1000.000000000000000 ) ;
#627 = CARTESIAN_POINT ( 'NONE',  ( 3.315688994455294747, 2.593707708383453436, -2.023454604491067510 ) ) ;
#628 = CARTESIAN_POINT ( 'NONE',  ( -1.447956178581233599, 0.1568288690095775151, -1.955895413161244489 ) ) ;
#629 = VERTEX_POINT ( 'NONE', #3094 ) ;
#630 = CARTESIAN_POINT ( 'NONE',  ( -1.731831096493066546, 1.942603911855558030, 2.190825954507403583 ) ) ;
#631 = PLANE ( 'NONE',  #53 ) ;
#632 = SURFACE_SIDE_STYLE ('',( #2871 ) ) ;
#633 = CARTESIAN_POINT ( 'NONE',  ( 1.526023694382619089, 0.1649999999999999800, -1.880824263818569930 ) ) ;
#634 = CARTESIAN_POINT ( 'NONE',  ( 3.519518198659746133, 1.632549835995507737, 2.131006788302930222 ) ) ;
#635 = EDGE_LOOP ( 'NONE', ( #1180, #2880, #710, #2561 ) ) ;
#636 = DIRECTION ( 'NONE',  ( -1.000000000000000000, 0.0000000000000000000, 0.0000000000000000000 ) ) ;
#637 = CARTESIAN_POINT ( 'NONE',  ( 0.0000000000000000000, 0.0000000000000000000, 0.0000000000000000000 ) ) ;
#638 = CARTESIAN_POINT ( 'NONE',  ( -1.493263000590194567, 0.1649999999999999800, -1.934875548215687857 ) ) ;
#639 = EDGE_CURVE ( 'NONE', #2184, #1926, #25, .T. ) ;
#640 = ORIENTED_EDGE ( 'NONE', *, *, #2612, .F. ) ;
#641 = CARTESIAN_POINT ( 'NONE',  ( 3.649999999999999467, 0.1399999999999998745, 1.199999999999999956 ) ) ;
#642 = CARTESIAN_POINT ( 'NONE',  ( 3.520000000000000018, 1.492499999999999494, -1.199999999999999956 ) ) ;
#643 = PLANE ( 'NONE',  #679 ) ;
#644 = DIRECTION ( 'NONE',  ( 1.000000000000000000, 0.0000000000000000000, 0.0000000000000000000 ) ) ;
#645 = EDGE_LOOP ( 'NONE', ( #1740, #2231, #450, #2129 ) ) ;
#646 = B_SPLINE_CURVE_WITH_KNOTS ( 'NONE', 3,
 ( #1816, #576, #1599, #1565, #2601, #373, #1358, #2350, #2023, #1535, #3021, #786, #1779, #3034, #2792, #3159 ),
 .UNSPECIFIED., .F., .F.,
 ( 4, 3, 3, 3, 3, 4 ),
 ( 3.303227678181526510E-11, 8.457698576407384156E-06, 1.692610313975288617E-05, 2.524114196510344148E-05, 3.342810258759423462E-05, 3.856645451242467535E-05 ),
 .UNSPECIFIED. ) ;
#647 = DIRECTION ( 'NONE',  ( -1.000000000000000000, 0.0000000000000000000, 0.0000000000000000000 ) ) ;
#648 = CARTESIAN_POINT ( 'NONE',  ( 3.275265303489406588, 0.2445405650497882166, -1.967271673838822510 ) ) ;
#649 = AXIS2_PLACEMENT_3D ( 'NONE', #1318, #2052, #2545 ) ;
#650 = CARTESIAN_POINT ( 'NONE',  ( -1.510965681769895763, 0.1649999999999981204, -1.900013047159279544 ) ) ;
#651 = CARTESIAN_POINT ( 'NONE',  ( 3.516314704937386182, 1.632563345216688999, 2.138671205423908983 ) ) ;
#652 = ORIENTED_EDGE ( 'NONE', *, *, #1692, .T. ) ;
#653 = DIRECTION ( 'NONE',  ( -0.1722068331141272668, 0.9766334818541290153, -0.1285762371135648618 ) ) ;
#654 = SURFACE_STYLE_USAGE ( .BOTH. , #1844 ) ;
#655 = ADVANCED_FACE ( 'NONE', ( #95, #599 ), #911, .F. ) ;
#656 = ORIENTED_EDGE ( 'NONE', *, *, #492, .T. ) ;
#657 = CIRCLE ( 'NONE', #2477, 0.02500000000000006384 ) ;
#658 = CARTESIAN_POINT ( 'NONE',  ( -3.521000000000000352, 1.632499999999999396, 2.149999999999999911 ) ) ;
#659 = ADVANCED_FACE ( 'NONE', ( #845 ), #2624, .T. ) ;
#660 = PLANE ( 'NONE',  #1797 ) ;
#661 = ORIENTED_EDGE ( 'NONE', *, *, #2872, .F. ) ;
#662 = CARTESIAN_POINT ( 'NONE',  ( 3.294659654977819319, 2.622206043378144447, -1.997247330370507168 ) ) ;
#663 = DIRECTION ( 'NONE',  ( 0.0000000000000000000, -0.0000000000000000000, 1.000000000000000000 ) ) ;
#664 = FACE_OUTER_BOUND ( 'NONE', #1460, .T. ) ;
#665 = CARTESIAN_POINT ( 'NONE',  ( -3.520000000000000018, 1.492499999999999494, 1.199999999999999956 ) ) ;
#666 = PRESENTATION_LAYER_ASSIGNMENT (  '', '', ( #2799 ) ) ;
#667 = CARTESIAN_POINT ( 'NONE',  ( -3.520000000000000018, 1.632499999999999396, 2.149999999999999911 ) ) ;
#668 = ORIENTED_EDGE ( 'NONE', *, *, #2043, .T. ) ;
#669 = AXIS2_PLACEMENT_3D ( 'NONE', #825, #1586, #364 ) ;
#670 = FACE_OUTER_BOUND ( 'NONE', #1695, .T. ) ;
#671 = CARTESIAN_POINT ( 'NONE',  ( 3.281043679102443544, 2.604502433985010690, 2.022033451904852619 ) ) ;
#672 = CARTESIAN_POINT ( 'NONE',  ( 3.293316200740372235, 2.623078492761057312, -2.019587867371654966 ) ) ;
#673 = SURFACE_SIDE_STYLE ('',( #2132 ) ) ;
#674 = AXIS2_PLACEMENT_3D ( 'NONE', #2850, #377, #2354 ) ;
#675 = ORIENTED_EDGE ( 'NONE', *, *, #2027, .T. ) ;
#676 = ADVANCED_FACE ( 'NONE', ( #1589 ), #3131, .T. ) ;
#677 = CARTESIAN_POINT ( 'NONE',  ( -1.415902142545356845, 0.1649999999999999245, 1.956781339708185463 ) ) ;
#678 =( NAMED_UNIT ( * ) PLANE_ANGLE_UNIT ( ) SI_UNIT ( $, .RADIAN. ) );
#679 = AXIS2_PLACEMENT_3D ( 'NONE', #1391, #1253, #1964 ) ;
#680 = EDGE_CURVE ( 'NONE', #814, #1341, #2255, .T. ) ;
#681 = AXIS2_PLACEMENT_3D ( 'NONE', #637, #2100, #1632 ) ;
#682 = ORIENTED_EDGE ( 'NONE', *, *, #2553, .T. ) ;
#683 = CARTESIAN_POINT ( 'NONE',  ( -1.517860955696690883, 0.1650000000000151623, -1.878485042082417289 ) ) ;
#684 = ORIENTED_EDGE ( 'NONE', *, *, #2985, .F. ) ;
#685 =( BOUNDED_CURVE ( )  B_SPLINE_CURVE ( 3, ( #2062, #616, #1344, #1610 ),
 .UNSPECIFIED., .F., .T. ) 
 B_SPLINE_CURVE_WITH_KNOTS ( ( 4, 4 ),
 ( 8.624335462952879586E-16, 0.6300504984784371931 ),
 .UNSPECIFIED. ) 
 CURVE ( )  GEOMETRIC_REPRESENTATION_ITEM ( )  RATIONAL_B_SPLINE_CURVE ( ( 1.000000000000000000, 0.9671923706538536614, 0.9671923706538536614, 1.000000000000000000 ) ) 
 REPRESENTATION_ITEM ( '' )  );
#686 =( BOUNDED_CURVE ( )  B_SPLINE_CURVE ( 3, ( #2286, #1527, #71, #1057 ),
 .UNSPECIFIED., .F., .F. ) 
 B_SPLINE_CURVE_WITH_KNOTS ( ( 4, 4 ),
 ( 1.745329251994322206, 3.141592653589793116 ),
 .UNSPECIFIED. ) 
 CURVE ( )  GEOMETRIC_REPRESENTATION_ITEM ( )  RATIONAL_B_SPLINE_CURVE ( ( 1.000000000000000000, 0.8440296287459837510, 0.8440296287459837510, 1.000000000000000000 ) ) 
 REPRESENTATION_ITEM ( '' )  );
#687 = CARTESIAN_POINT ( 'NONE',  ( -1.474914455315089024, 0.1849833486464953769, 1.959430817549977277 ) ) ;
#688 = ORIENTED_EDGE ( 'NONE', *, *, #2064, .T. ) ;
#689 = CARTESIAN_POINT ( 'NONE',  ( 1.417349487350883397, 0.1566298085377334504, 1.955698003179214828 ) ) ;
#690 = CARTESIAN_POINT ( 'NONE',  ( 3.519999999999999574, 0.1399999999999999301, 1.199999999999999956 ) ) ;
#691 = ORIENTED_EDGE ( 'NONE', *, *, #2085, .T. ) ;
#692 = SURFACE_STYLE_FILL_AREA ( #2929 ) ;
#693 = ADVANCED_FACE ( 'NONE', ( #1120 ), #3113, .T. ) ;
#694 = LINE ( 'NONE', #2138, #199 ) ;
#695 = MECHANICAL_DESIGN_GEOMETRIC_PRESENTATION_REPRESENTATION (  '', ( #2102 ), #910 ) ;
#696 = ADVANCED_FACE ( 'NONE', ( #976 ), #1980, .F. ) ;
#697 = ORIENTED_EDGE ( 'NONE', *, *, #397, .F. ) ;
#698 = SURFACE_STYLE_FILL_AREA ( #713 ) ;
#699 = CARTESIAN_POINT ( 'NONE',  ( -1.417840125543346375, 0.1569549512060089136, 1.955740809023565285 ) ) ;
#700 =( BOUNDED_CURVE ( )  B_SPLINE_CURVE ( 3, ( #1670, #903, #1372, #406 ),
 .UNSPECIFIED., .F., .T. ) 
 B_SPLINE_CURVE_WITH_KNOTS ( ( 4, 4 ),
 ( 3.141592653589793116, 4.502949470145376054 ),
 .UNSPECIFIED. ) 
 CURVE ( )  GEOMETRIC_REPRESENTATION_ITEM ( )  RATIONAL_B_SPLINE_CURVE ( ( 1.000000000000000000, 0.8514306409713127133, 0.8514306409713127133, 1.000000000000000000 ) ) 
 REPRESENTATION_ITEM ( '' )  );
#701 = COLOUR_RGB ( '',0.7529411764705882248, 0.7529411764705882248, 0.7529411764705882248 ) ;
#702 = CARTESIAN_POINT ( 'NONE',  ( 1.478153539620791435, 0.1571491156970499514, -1.941071888288476099 ) ) ;
#703 = CYLINDRICAL_SURFACE ( 'NONE', #2814, 0.1000000000000001166 ) ;
#704 = CARTESIAN_POINT ( 'NONE',  ( 2.548921332238625936, 3.078263077898607314, 1.959661679875017937 ) ) ;
#705 = PRESENTATION_LAYER_ASSIGNMENT (  '', '', ( #2155 ) ) ;
#706 = ORIENTED_EDGE ( 'NONE', *, *, #895, .T. ) ;
#707 = DIRECTION ( 'NONE',  ( 0.9848077530122085754, 0.1736481776669276389, -0.0000000000000000000 ) ) ;
#708 = SURFACE_SIDE_STYLE ('',( #740 ) ) ;
#709 = FACE_OUTER_BOUND ( 'NONE', #1882, .T. ) ;
#710 = ORIENTED_EDGE ( 'NONE', *, *, #182, .F. ) ;
#711 = PLANE ( 'NONE',  #3064 ) ;
#712 = ORIENTED_EDGE ( 'NONE', *, *, #2833, .T. ) ;
#713 = FILL_AREA_STYLE ('',( #231 ) ) ;
#714 = ADVANCED_FACE ( 'NONE', ( #709 ), #1258, .F. ) ;
#715 =( NAMED_UNIT ( * ) PLANE_ANGLE_UNIT ( ) SI_UNIT ( $, .RADIAN. ) );
#716 = ORIENTED_EDGE ( 'NONE', *, *, #860, .F. ) ;
#717 = CARTESIAN_POINT ( 'NONE',  ( 1.493263000590194789, 0.1867368451944988739, -1.959661669750032864 ) ) ;
#718 =( GEOMETRIC_REPRESENTATION_CONTEXT ( 3 ) GLOBAL_UNCERTAINTY_ASSIGNED_CONTEXT ( ( #1554 ) ) GLOBAL_UNIT_ASSIGNED_CONTEXT ( ( #118, #104, #3085 ) ) REPRESENTATION_CONTEXT ( 'NONE', 'WORKASPACE' ) );
#719 = CARTESIAN_POINT ( 'NONE',  ( -3.425336326094067907, 1.095635627199054385, -2.054676270847848762 ) ) ;
#720 = CARTESIAN_POINT ( 'NONE',  ( 1.415912592539629866, 0.1562893467870067887, 1.955648829280060896 ) ) ;
#721 = CIRCLE ( 'NONE', #1604, 0.1399999999999999301 ) ;
#722 = CARTESIAN_POINT ( 'NONE',  ( 1.526023694382619089, 0.1649999999999999800, -1.857135272548666061 ) ) ;
#723 = LINE ( 'NONE', #3180, #1665 ) ;
#724 = PRESENTATION_STYLE_ASSIGNMENT (( #1700 ) ) ;
#725 = DIRECTION ( 'NONE',  ( 0.9848077530122085754, -0.1736481776669276389, 0.0000000000000000000 ) ) ;
#726 = FILL_AREA_STYLE ('',( #192 ) ) ;
#727 = VERTEX_POINT ( 'NONE', #1245 ) ;
#728 = AXIS2_PLACEMENT_3D ( 'NONE', #287, #359, #2532 ) ;
#729 = ORIENTED_EDGE ( 'NONE', *, *, #2629, .T. ) ;
#730 = LINE ( 'NONE', #2491, #1840 ) ;
#731 = EDGE_CURVE ( 'NONE', #2139, #1812, #2247, .T. ) ;
#732 = EDGE_LOOP ( 'NONE', ( #1942, #527, #799, #668, #1210 ) ) ;
#733 = FACE_OUTER_BOUND ( 'NONE', #1724, .T. ) ;
#734 = DIRECTION ( 'NONE',  ( -1.000000000000000000, 0.0000000000000000000, 0.0000000000000000000 ) ) ;
#735 = FACE_OUTER_BOUND ( 'NONE', #2229, .T. ) ;
#736 = EDGE_CURVE ( 'NONE', #2164, #2433, #768, .T. ) ;
#737 = EDGE_LOOP ( 'NONE', ( #3109, #594, #1313, #2912 ) ) ;
#738 = ORIENTED_EDGE ( 'NONE', *, *, #3116, .F. ) ;
#739 = DIRECTION ( 'NONE',  ( 1.000000000000000000, -0.0000000000000000000, 0.0000000000000000000 ) ) ;
#740 = SURFACE_STYLE_FILL_AREA ( #2978 ) ;
#741 = LINE ( 'NONE', #1718, #2581 ) ;
#742 = CARTESIAN_POINT ( 'NONE',  ( 1.519815356088520808, 0.1773784687340800581, -1.859852841686775671 ) ) ;
#743 = MECHANICAL_DESIGN_GEOMETRIC_PRESENTATION_REPRESENTATION (  '', ( #535 ), #2567 ) ;
#744 = VERTEX_POINT ( 'NONE', #48 ) ;
#745 = DIRECTION ( 'NONE',  ( -0.2062089244771384000, 0.9701367149383299804, -0.1277209215228557460 ) ) ;
#746 = CARTESIAN_POINT ( 'NONE',  ( 3.510000000000000231, 0.1300000000000001155, -1.199999999999999956 ) ) ;
#747 = EDGE_CURVE ( 'NONE', #1187, #1466, #531, .T. ) ;
#748 = CIRCLE ( 'NONE', #452, 0.02500000000000021649 ) ;
#749 = CARTESIAN_POINT ( 'NONE',  ( 1.416858448906715973, 0.1563052619222004835, -1.955655275806696292 ) ) ;
#750 =( NAMED_UNIT ( * ) SI_UNIT ( $, .STERADIAN. ) SOLID_ANGLE_UNIT ( ) );
#751 = VERTEX_POINT ( 'NONE', #2700 ) ;
#752 = AXIS2_PLACEMENT_3D ( 'NONE', #2677, #2738, #451 ) ;
#753 = CARTESIAN_POINT ( 'NONE',  ( 1.510965681769890878, 0.1650000000000057809, -1.900013047159268442 ) ) ;
#754 = CARTESIAN_POINT ( 'NONE',  ( 3.177330192692604527, 0.1650000000000000078, 1.934875548215687413 ) ) ;
#755 = EDGE_CURVE ( 'NONE', #625, #2279, #137, .T. ) ;
#756 =( NAMED_UNIT ( * ) PLANE_ANGLE_UNIT ( ) SI_UNIT ( $, .RADIAN. ) );
#757 =( GEOMETRIC_REPRESENTATION_CONTEXT ( 3 ) GLOBAL_UNCERTAINTY_ASSIGNED_CONTEXT ( ( #3093 ) ) GLOBAL_UNIT_ASSIGNED_CONTEXT ( ( #443, #2168, #975 ) ) REPRESENTATION_CONTEXT ( 'NONE', 'WORKASPACE' ) );
#758 = COLOUR_RGB ( '',0.7529411764705882248, 0.7529411764705882248, 0.7529411764705882248 ) ;
#759 = CARTESIAN_POINT ( 'NONE',  ( -3.497077492507900232, 1.502499999999999503, 2.149999999999999911 ) ) ;
#760 = LINE ( 'NONE', #1506, #399 ) ;
#761 = CARTESIAN_POINT ( 'NONE',  ( 1.493263000590194789, 0.1867368451944989571, -1.959661669750032864 ) ) ;
#762 = SURFACE_STYLE_FILL_AREA ( #2798 ) ;
#763 = VERTEX_POINT ( 'NONE', #1215 ) ;
#764 = CARTESIAN_POINT ( 'NONE',  ( 1.526023683338643577, 0.1649999999999999800, 1.917005626545557062 ) ) ;
#765 = ORIENTED_EDGE ( 'NONE', *, *, #2199, .T. ) ;
#766 = EDGE_LOOP ( 'NONE', ( #2445, #3217, #1073, #1760 ) ) ;
#767 = CARTESIAN_POINT ( 'NONE',  ( -3.498008819793498425, 1.632477259639775635, -2.149997006174780623 ) ) ;
#768 = LINE ( 'NONE', #1764, #2371 ) ;
#769 = CIRCLE ( 'NONE', #1971, 0.1399999999999999301 ) ;
#770 = AXIS2_PLACEMENT_3D ( 'NONE', #3052, #2020, #1063 ) ;
#771 = CARTESIAN_POINT ( 'NONE',  ( 3.313541154505942998, 2.603812500879518765, 1.998458108275218859 ) ) ;
#772 = CARTESIAN_POINT ( 'NONE',  ( 1.496751956816631868, 0.1571491170773478552, -1.916162351869821423 ) ) ;
#773 = ADVANCED_FACE ( 'NONE', ( #2197 ), #3212, .T. ) ;
#774 = CARTESIAN_POINT ( 'NONE',  ( 3.290512344011931933, 2.595173838340142591, 2.023261584820481573 ) ) ;
#775 = FILL_AREA_STYLE_COLOUR ( '', #2962 ) ;
#776 = CARTESIAN_POINT ( 'NONE',  ( 1.496751956816631868, 0.1571491170773478552, -1.916162351869821423 ) ) ;
#777 = STYLED_ITEM ( 'NONE', ( #724 ), #2766 ) ;
#778 = ORIENTED_EDGE ( 'NONE', *, *, #23, .F. ) ;
#779 = CARTESIAN_POINT ( 'NONE',  ( -3.510000000000000231, 1.492499999999999494, -1.199999999999999956 ) ) ;
#780 = DIRECTION ( 'NONE',  ( -0.8365229034636091354, 0.5432443253929022386, -0.07151947223815169341 ) ) ;
#781 = ORIENTED_EDGE ( 'NONE', *, *, #2323, .F. ) ;
#782 = DIRECTION ( 'NONE',  ( -0.0000000000000000000, -0.0000000000000000000, -1.000000000000000000 ) ) ;
#783 = CARTESIAN_POINT ( 'NONE',  ( 2.350000000000000089, 2.498228132021559730E-17, 1.199999999999999956 ) ) ;
#784 =( BOUNDED_SURFACE ( )  B_SPLINE_SURFACE ( 3, 2, ( 
 ( #1433, #2955, #717 ),
 ( #2709, #2430, #2175 ),
 ( #2938, #3189, #1463 ),
 ( #2692, #2461, #1725 ) ),
 .UNSPECIFIED., .F., .F., .F. ) 
 B_SPLINE_SURFACE_WITH_KNOTS ( ( 4, 4 ),
 ( 3, 3 ),
 ( 0.0000000000000000000, 8.350641646734271832E-05 ),
 ( 0.0000000000000000000, 1.000000000000000000 ),
 .UNSPECIFIED. ) 
 GEOMETRIC_REPRESENTATION_ITEM ( )  RATIONAL_B_SPLINE_SURFACE ( (
 ( 1.000000000000000000, 0.7518398074789726104, 1.000000000000000000),
 ( 1.000000000000000000, 0.8845272019757292048, 1.000000000000000000),
 ( 1.000000000000000000, 1.002073273659880526, 1.000000000000000000),
 ( 1.000000000000000000, 1.000000000000000000, 1.000000000000000000) ) ) 
 REPRESENTATION_ITEM ( '' )  SURFACE ( )  );
#785 = CARTESIAN_POINT ( 'NONE',  ( 3.496192398790117561, 1.627525753673364495, -2.150654871952516256 ) ) ;
#786 = CARTESIAN_POINT ( 'NONE',  ( 3.518871638729129447, 1.632559995577683054, -2.133291235030150279 ) ) ;
#787 = SURFACE_SIDE_STYLE ('',( #290 ) ) ;
#788 = CARTESIAN_POINT ( 'NONE',  ( -3.192221807119022703, 3.099999999999999645, 1.934875548215687857 ) ) ;
#789 = EDGE_CURVE ( 'NONE', #1861, #2399, #741, .T. ) ;
#790 = LINE ( 'NONE', #1754, #804 ) ;
#791 = FACE_OUTER_BOUND ( 'NONE', #570, .T. ) ;
#792 = EDGE_CURVE ( 'NONE', #2924, #2566, #602, .T. ) ;
#793 = SURFACE_STYLE_USAGE ( .BOTH. , #2268 ) ;
#794 = ORIENTED_EDGE ( 'NONE', *, *, #1898, .T. ) ;
#795 = CARTESIAN_POINT ( 'NONE',  ( 1.522999224773089244, 0.7713121336352957158, 1.935759570443116973 ) ) ;
#796 = FILL_AREA_STYLE_COLOUR ( '', #1880 ) ;
#797 =( NAMED_UNIT ( * ) PLANE_ANGLE_UNIT ( ) SI_UNIT ( $, .RADIAN. ) );
#798 = VECTOR ( 'NONE', #1841, 1000.000000000000000 ) ;
#799 = ORIENTED_EDGE ( 'NONE', *, *, #878, .F. ) ;
#800 = FILL_AREA_STYLE_COLOUR ( '', #344 ) ;
#801 =( GEOMETRIC_REPRESENTATION_CONTEXT ( 3 ) GLOBAL_UNCERTAINTY_ASSIGNED_CONTEXT ( ( #1363 ) ) GLOBAL_UNIT_ASSIGNED_CONTEXT ( ( #1533, #303, #1619 ) ) REPRESENTATION_CONTEXT ( 'NONE', 'WORKASPACE' ) );
#802 = PRESENTATION_STYLE_ASSIGNMENT (( #2584 ) ) ;
#803 = CARTESIAN_POINT ( 'NONE',  ( -3.275265303489406588, 0.2445405650497879946, -1.967271673838822510 ) ) ;
#804 = VECTOR ( 'NONE', #67, 1000.000000000000000 ) ;
#805 = ORIENTED_EDGE ( 'NONE', *, *, #2241, .T. ) ;
#806 =( BOUNDED_SURFACE ( )  B_SPLINE_SURFACE ( 3, 2, ( 
 ( #1173, #1428, #3132 ),
 ( #2407, #650, #179 ),
 ( #2674, #683, #2377 ),
 ( #931, #896, #2424 ) ),
 .UNSPECIFIED., .F., .F., .F. ) 
 B_SPLINE_SURFACE_WITH_KNOTS ( ( 4, 4 ),
 ( 3, 3 ),
 ( 8.624335462952879586E-16, 0.6300504984784371931 ),
 ( 0.0000000000000000000, 1.000000000000000000 ),
 .UNSPECIFIED. ) 
 GEOMETRIC_REPRESENTATION_ITEM ( )  RATIONAL_B_SPLINE_SURFACE ( (
 ( 1.000000000000000000, 0.7793945431342134134, 1.000000000000000000),
 ( 1.000000000000000000, 0.7794182693942518503, 1.000000000000000000),
 ( 1.000000000000000000, 0.7747467798757096125, 1.000000000000000000),
 ( 1.000000000000000000, 0.7660444431189834535, 1.000000000000000000) ) ) 
 REPRESENTATION_ITEM ( '' )  SURFACE ( )  );
#807 = DIRECTION ( 'NONE',  ( -1.000000000000000000, 0.0000000000000000000, 0.0000000000000000000 ) ) ;
#808 = AXIS2_PLACEMENT_3D ( 'NONE', #1891, #1364, #162 ) ;
#809 = UNCERTAINTY_MEASURE_WITH_UNIT (LENGTH_MEASURE( 1.000000000000000082E-05 ), #170, 'distance_accuracy_value', 'NONE');
#810 = COLOUR_RGB ( '',0.7529411764705882248, 0.7529411764705882248, 0.7529411764705882248 ) ;
#811 =( NAMED_UNIT ( * ) SI_UNIT ( $, .STERADIAN. ) SOLID_ANGLE_UNIT ( ) );
#812 = FACE_OUTER_BOUND ( 'NONE', #2508, .T. ) ;
#813 = EDGE_CURVE ( 'NONE', #751, #1056, #242, .T. ) ;
#814 = VERTEX_POINT ( 'NONE', #993 ) ;
#815 = LINE ( 'NONE', #298, #1957 ) ;
#816 = CARTESIAN_POINT ( 'NONE',  ( 3.275810967993825429, 0.2476351822333076047, -1.943034894312889893 ) ) ;
#817 = CARTESIAN_POINT ( 'NONE',  ( -1.500000000000000888, 0.06499999999999994671, -1.903070653268362555 ) ) ;
#818 = EDGE_CURVE ( 'NONE', #2675, #2174, #1486, .T. ) ;
#819 = ORIENTED_EDGE ( 'NONE', *, *, #2344, .T. ) ;
#820 = CARTESIAN_POINT ( 'NONE',  ( -3.495189716937295188, 1.632499999999999396, -2.149999999999999911 ) ) ;
#821 = DIRECTION ( 'NONE',  ( -3.206512894596686959E-16, 1.000000000000000000, 0.0000000000000000000 ) ) ;
#822 = CARTESIAN_POINT ( 'NONE',  ( -3.177330192692604527, 0.1867368451944988739, -1.959661669750031976 ) ) ;
#823 = VERTEX_POINT ( 'NONE', #841 ) ;
#824 = CYLINDRICAL_SURFACE ( 'NONE', #1607, 0.02499999999999984873 ) ;
#825 = CARTESIAN_POINT ( 'NONE',  ( -1.526023694382619089, 0.1549999999999999989, 1.857135272548665839 ) ) ;
#826 = VECTOR ( 'NONE', #2992, 1000.000000000000000 ) ;
#827 = FACE_OUTER_BOUND ( 'NONE', #1492, .T. ) ;
#828 = AXIS2_PLACEMENT_3D ( 'NONE', #1658, #1426, #2659 ) ;
#829 = CARTESIAN_POINT ( 'NONE',  ( 2.571342758256137007, 3.091933528397270425, 1.935406533782296545 ) ) ;
#830 = ORIENTED_EDGE ( 'NONE', *, *, #2043, .F. ) ;
#831 = CARTESIAN_POINT ( 'NONE',  ( -3.228101523286891705, 0.1650000000000000078, 1.934875548215687635 ) ) ;
#832 = DIRECTION ( 'NONE',  ( 0.0000000000000000000, 0.0000000000000000000, -1.000000000000000000 ) ) ;
#833 = AXIS2_PLACEMENT_3D ( 'NONE', #1357, #2349, #423 ) ;
#834 = ADVANCED_FACE ( 'NONE', ( #1849 ), #90, .F. ) ;
#835 = DIRECTION ( 'NONE',  ( -0.0000000000000000000, 0.0000000000000000000, -1.000000000000000000 ) ) ;
#836 = ORIENTED_EDGE ( 'NONE', *, *, #1468, .T. ) ;
#837 = DIRECTION ( 'NONE',  ( -0.0000000000000000000, -0.0000000000000000000, 1.000000000000000000 ) ) ;
#838 = CARTESIAN_POINT ( 'NONE',  ( -3.516314704937385738, 1.632563345216688111, 2.138671205423909427 ) ) ;
#839 = CARTESIAN_POINT ( 'NONE',  ( 2.350000000000000089, 0.1300000000000000322, 1.199999999999999956 ) ) ;
#840 = ADVANCED_FACE ( 'NONE', ( #1288 ), #77, .T. ) ;
#841 = CARTESIAN_POINT ( 'NONE',  ( 3.510000000000000231, 1.502499999999999503, 1.199999999999999956 ) ) ;
#842 = VERTEX_POINT ( 'NONE', #2277 ) ;
#843 =( LENGTH_UNIT ( ) NAMED_UNIT ( * ) SI_UNIT ( .MILLI., .METRE. ) );
#844 = CARTESIAN_POINT ( 'NONE',  ( 3.281043679102443544, 2.601239279179509367, -1.997247330370507168 ) ) ;
#845 = FACE_OUTER_BOUND ( 'NONE', #297, .T. ) ;
#846 = DIRECTION ( 'NONE',  ( 1.000000000000000000, 1.387993711551809871E-16, 0.0000000000000000000 ) ) ;
#847 = CARTESIAN_POINT ( 'NONE',  ( 3.514587337423348057, 1.632555723067004250, 2.140813395319821399 ) ) ;
#848 = ORIENTED_EDGE ( 'NONE', *, *, #2178, .F. ) ;
#849 = FACE_OUTER_BOUND ( 'NONE', #1454, .T. ) ;
#850 =( LENGTH_UNIT ( ) NAMED_UNIT ( * ) SI_UNIT ( .MILLI., .METRE. ) );
#851 = CARTESIAN_POINT ( 'NONE',  ( -1.400758867749179126, 0.06499999999999994671, -1.943634710031767687 ) ) ;
#852 = ORIENTED_EDGE ( 'NONE', *, *, #1941, .T. ) ;
#853 = SURFACE_SIDE_STYLE ('',( #2366 ) ) ;
#854 = CARTESIAN_POINT ( 'NONE',  ( 1.474914455315088579, 0.1849833486464951271, -1.959430817549977277 ) ) ;
#855 = CARTESIAN_POINT ( 'NONE',  ( 3.520000000000000018, 1.632499999999999396, -1.199999999999999734 ) ) ;
#856 = PRESENTATION_LAYER_ASSIGNMENT (  '', '', ( #2102 ) ) ;
#857 = EDGE_LOOP ( 'NONE', ( #706, #1045, #2877, #1078 ) ) ;
#858 = DIRECTION ( 'NONE',  ( 0.9781476007338064660, 0.2079116908177548462, 0.0000000000000000000 ) ) ;
#859 = FACE_OUTER_BOUND ( 'NONE', #2757, .T. ) ;
#860 = EDGE_CURVE ( 'NONE', #1209, #1550, #593, .T. ) ;
#861 = STYLED_ITEM ( 'NONE', ( #1000 ), #446 ) ;
#862 = CARTESIAN_POINT ( 'NONE',  ( 3.251190774168519759, 0.2519763866749809011, -1.943034894312890337 ) ) ;
#863 = PLANE ( 'NONE',  #1922 ) ;
#864 = CARTESIAN_POINT ( 'NONE',  ( 3.519993108884484023, 1.632532420149543917, 2.128218940574218010 ) ) ;
#865 = ORIENTED_EDGE ( 'NONE', *, *, #1252, .T. ) ;
#866 = CARTESIAN_POINT ( 'NONE',  ( -2.898131180901380333, 4.441182566664125808, -1.780229925168510308 ) ) ;
#867 = MECHANICAL_DESIGN_GEOMETRIC_PRESENTATION_REPRESENTATION (  '', ( #1588 ), #1384 ) ;
#868 = CARTESIAN_POINT ( 'NONE',  ( -3.216491424126187937, 3.060395584540887004, 2.149999999999999911 ) ) ;
#869 = ORIENTED_EDGE ( 'NONE', *, *, #1526, .T. ) ;
#870 = CARTESIAN_POINT ( 'NONE',  ( -3.177330192692604527, 0.1867368451944988739, 1.959661669750032864 ) ) ;
#871 = DIRECTION ( 'NONE',  ( -1.000000000000000000, 0.0000000000000000000, 0.0000000000000000000 ) ) ;
#872 = ORIENTED_EDGE ( 'NONE', *, *, #2565, .T. ) ;
#873 = CARTESIAN_POINT ( 'NONE',  ( -3.649999999999999911, 0.1399999999999998745, 1.199999999999999956 ) ) ;
#874 = CARTESIAN_POINT ( 'NONE',  ( 3.519999999999999574, 0.1399999999999999301, 1.199999999999999956 ) ) ;
#875 = ADVANCED_FACE ( 'NONE', ( #3054 ), #578, .T. ) ;
#876 = FILL_AREA_STYLE_COLOUR ( '', #548 ) ;
#877 = CARTESIAN_POINT ( 'NONE',  ( 1.421334580787299906, 0.1816906672787682864, 1.958997327824156365 ) ) ;
#878 = EDGE_CURVE ( 'NONE', #1196, #1056, #646, .T. ) ;
#879 = DIRECTION ( 'NONE',  ( 1.000000000000000000, 0.0000000000000000000, 0.0000000000000000000 ) ) ;
#880 = MECHANICAL_DESIGN_GEOMETRIC_PRESENTATION_REPRESENTATION (  '', ( #1239 ), #2701 ) ;
#881 = ORIENTED_EDGE ( 'NONE', *, *, #2471, .F. ) ;
#882 = CYLINDRICAL_SURFACE ( 'NONE', #2779, 0.09999999999999982514 ) ;
#883 = CARTESIAN_POINT ( 'NONE',  ( -3.167584044089498008, 3.099999999999998757, -1.956799959790506582 ) ) ;
#884 = MECHANICAL_DESIGN_GEOMETRIC_PRESENTATION_REPRESENTATION (  '', ( #1195 ), #718 ) ;
#885 = EDGE_LOOP ( 'NONE', ( #1914, #284, #1716, #2708 ) ) ;
#886 =( NAMED_UNIT ( * ) SI_UNIT ( $, .STERADIAN. ) SOLID_ANGLE_UNIT ( ) );
#887 = CIRCLE ( 'NONE', #2550, 0.02499999999999984873 ) ;
#888 = CARTESIAN_POINT ( 'NONE',  ( -3.520000000000000018, 1.632499999999999396, 2.149999999999999911 ) ) ;
#889 = CARTESIAN_POINT ( 'NONE',  ( -1.493263000590195455, 0.1867368451944988739, 1.959661669750032864 ) ) ;
#890 = FACE_OUTER_BOUND ( 'NONE', #1410, .T. ) ;
#891 = ORIENTED_EDGE ( 'NONE', *, *, #202, .T. ) ;
#892 = DIRECTION ( 'NONE',  ( 0.0000000000000000000, 0.0000000000000000000, -1.000000000000000000 ) ) ;
#893 = CARTESIAN_POINT ( 'NONE',  ( 3.251190774168520203, 0.2487132318694799116, -1.967821015847235122 ) ) ;
#894 =( NAMED_UNIT ( * ) PLANE_ANGLE_UNIT ( ) SI_UNIT ( $, .RADIAN. ) );
#895 = EDGE_CURVE ( 'NONE', #2181, #2857, #1793, .T. ) ;
#896 = CARTESIAN_POINT ( 'NONE',  ( -1.517632698070846109, 0.1649999999999997857, -1.857135272548666949 ) ) ;
#897 = CARTESIAN_POINT ( 'NONE',  ( 2.553168403382278573, 3.099999904970506925, -1.956799972301375146 ) ) ;
#898 = EDGE_LOOP ( 'NONE', ( #498, #3179, #439, #2210 ) ) ;
#899 = CARTESIAN_POINT ( 'NONE',  ( -1.429016227662833316, 0.1580354161211263153, 1.955318348653013238 ) ) ;
#900 = EDGE_CURVE ( 'NONE', #1591, #1301, #1638, .T. ) ;
#901 = CARTESIAN_POINT ( 'NONE',  ( -3.215845335317724540, 3.063435193402579415, -1.961613807902856887 ) ) ;
#902 = VERTEX_POINT ( 'NONE', #1655 ) ;
#903 = CARTESIAN_POINT ( 'NONE',  ( -3.192221807119022703, 3.099999999999999645, -1.934875548215686969 ) ) ;
#904 = CARTESIAN_POINT ( 'NONE',  ( -3.251190774168520203, 0.2487132318694795785, 1.967821015847235566 ) ) ;
#905 = CARTESIAN_POINT ( 'NONE',  ( -3.208073245749247793, 3.099999999999999645, 2.149999999999999911 ) ) ;
#906 = AXIS2_PLACEMENT_3D ( 'NONE', #214, #745, #1334 ) ;
#907 = ORIENTED_EDGE ( 'NONE', *, *, #3023, .F. ) ;
#908 = DIRECTION ( 'NONE',  ( -0.0000000000000000000, -0.0000000000000000000, -1.000000000000000000 ) ) ;
#909 = CARTESIAN_POINT ( 'NONE',  ( 3.521000000000000352, 3.099999999999999645, -1.956799959790507026 ) ) ;
#910 =( GEOMETRIC_REPRESENTATION_CONTEXT ( 3 ) GLOBAL_UNCERTAINTY_ASSIGNED_CONTEXT ( ( #1069 ) ) GLOBAL_UNIT_ASSIGNED_CONTEXT ( ( #55, #3042, #1508 ) ) REPRESENTATION_CONTEXT ( 'NONE', 'WORKASPACE' ) );
#911 = PLANE ( 'NONE',  #1996 ) ;
#912 = CARTESIAN_POINT ( 'NONE',  ( 2.557726782380761232, 3.074229919004136224, 1.960192655316641552 ) ) ;
#913 = CIRCLE ( 'NONE', #2892, 0.1399999999999999301 ) ;
#914 = ORIENTED_EDGE ( 'NONE', *, *, #639, .F. ) ;
#915 = CARTESIAN_POINT ( 'NONE',  ( -1.418896863914407280, 0.1565974249491701720, 1.955677860182789107 ) ) ;
#916 =( BOUNDED_CURVE ( )  B_SPLINE_CURVE ( 3, ( #2907, #1863, #1149, #671 ),
 .UNSPECIFIED., .F., .T. ) 
 B_SPLINE_CURVE_WITH_KNOTS ( ( 4, 4 ),
 ( 4.921828490624003294, 5.707226654021463119 ),
 .UNSPECIFIED. ) 
 CURVE ( )  GEOMETRIC_REPRESENTATION_ITEM ( )  RATIONAL_B_SPLINE_CURVE ( ( 1.000000000000000000, 0.9492530216741896787, 0.9492530216741896787, 1.000000000000000000 ) ) 
 REPRESENTATION_ITEM ( '' )  );
#917 = AXIS2_PLACEMENT_3D ( 'NONE', #517, #1750, #226 ) ;
#918 =( NAMED_UNIT ( * ) SI_UNIT ( $, .STERADIAN. ) SOLID_ANGLE_UNIT ( ) );
#919 = CARTESIAN_POINT ( 'NONE',  ( 2.314564635755436139, 3.258687190916227827, -1.913452997629830676 ) ) ;
#920 = EDGE_CURVE ( 'NONE', #1483, #842, #3215, .T. ) ;
#921 = ORIENTED_EDGE ( 'NONE', *, *, #1788, .T. ) ;
#922 = AXIS2_PLACEMENT_3D ( 'NONE', #2638, #1436, #2403 ) ;
#923 = SURFACE_STYLE_USAGE ( .BOTH. , #853 ) ;
#924 = CARTESIAN_POINT ( 'NONE',  ( -3.208073245749247793, 3.099999999999999645, -1.934875548215686303 ) ) ;
#925 = CARTESIAN_POINT ( 'NONE',  ( 3.177330192692604527, 0.2650000000000000688, 2.149999999999999911 ) ) ;
#926 = ADVANCED_FACE ( 'NONE', ( #1935 ), #3177, .T. ) ;
#927 = ORIENTED_EDGE ( 'NONE', *, *, #2661, .T. ) ;
#928 = CARTESIAN_POINT ( 'NONE',  ( -1.415821093797430930, 0.1649999999999999800, 1.965564938035162967 ) ) ;
#929 = DIRECTION ( 'NONE',  ( 1.000000000000000000, 0.0000000000000000000, 0.0000000000000000000 ) ) ;
#930 = VERTEX_POINT ( 'NONE', #690 ) ;
#931 = CARTESIAN_POINT ( 'NONE',  ( -1.526023694382619089, 0.1649999999999999800, -1.857135272548667171 ) ) ;
#932 = EDGE_LOOP ( 'NONE', ( #1105, #2352, #6, #60 ) ) ;
#933 = DIRECTION ( 'NONE',  ( -0.0000000000000000000, -0.0000000000000000000, -1.000000000000000000 ) ) ;
#934 = FACE_OUTER_BOUND ( 'NONE', #2885, .T. ) ;
#935 = ORIENTED_EDGE ( 'NONE', *, *, #3116, .T. ) ;
#936 =( BOUNDED_CURVE ( )  B_SPLINE_CURVE ( 3, ( #772, #1503, #3199, #2762 ),
 .UNSPECIFIED., .F., .T. ) 
 B_SPLINE_CURVE_WITH_KNOTS ( ( 4, 4 ),
 ( 0.0000000000000000000, 0.6300504984784502938 ),
 .UNSPECIFIED. ) 
 CURVE ( )  GEOMETRIC_REPRESENTATION_ITEM ( )  RATIONAL_B_SPLINE_CURVE ( ( 1.000000000000000000, 0.9671923706538523291, 0.9671923706538523291, 1.000000000000000000 ) ) 
 REPRESENTATION_ITEM ( '' )  );
#937 = LINE ( 'NONE', #534, #2070 ) ;
#938 = EDGE_CURVE ( 'NONE', #3166, #228, #2735, .T. ) ;
#939 = CARTESIAN_POINT ( 'NONE',  ( -2.898131180901380333, 4.441182566664125808, 1.780229925168510308 ) ) ;
#940 = SURFACE_STYLE_USAGE ( .BOTH. , #673 ) ;
#941 = STYLED_ITEM ( 'NONE', ( #1978 ), #1821 ) ;
#942 = EDGE_LOOP ( 'NONE', ( #2822, #1354, #972 ) ) ;
#943 = ORIENTED_EDGE ( 'NONE', *, *, #2565, .F. ) ;
#944 = DIRECTION ( 'NONE',  ( 0.8365229034636018079, -0.5432443253929133409, -0.07151947223815494081 ) ) ;
#945 = ADVANCED_FACE ( 'NONE', ( #409 ), #660, .T. ) ;
#946 = VECTOR ( 'NONE', #1004, 1000.000000000000227 ) ;
#947 = ADVANCED_FACE ( 'NONE', ( #1113 ), #424, .F. ) ;
#948 = ORIENTED_EDGE ( 'NONE', *, *, #2351, .F. ) ;
#949 = CARTESIAN_POINT ( 'NONE',  ( -3.519999999999999574, 0.1399999999999999301, 1.199999999999999956 ) ) ;
#950 = ORIENTED_EDGE ( 'NONE', *, *, #2124, .T. ) ;
#951 = DIRECTION ( 'NONE',  ( 1.000000000000000000, -0.0000000000000000000, -0.0000000000000000000 ) ) ;
#952 = ORIENTED_EDGE ( 'NONE', *, *, #23, .T. ) ;
#953 = LINE ( 'NONE', #1947, #1119 ) ;
#954 = LINE ( 'NONE', #1421, #1032 ) ;
#955 = CARTESIAN_POINT ( 'NONE',  ( 1.429016227662832650, 0.1580354161211258157, -1.955318348653013683 ) ) ;
#956 = CARTESIAN_POINT ( 'NONE',  ( 2.553731574320190489, 3.099999999999999201, 1.934875558340375390 ) ) ;
#957 = ORIENTED_EDGE ( 'NONE', *, *, #1751, .F. ) ;
#958 = ORIENTED_EDGE ( 'NONE', *, *, #1531, .T. ) ;
#959 =( NAMED_UNIT ( * ) PLANE_ANGLE_UNIT ( ) SI_UNIT ( $, .RADIAN. ) );
#960 = CARTESIAN_POINT ( 'NONE',  ( 3.382942465190152515, 2.157061646378705344, -2.055724425101186803 ) ) ;
#961 = ADVANCED_FACE ( 'NONE', ( #186 ), #1469, .F. ) ;
#962 = ORIENTED_EDGE ( 'NONE', *, *, #1705, .F. ) ;
#963 = DIRECTION ( 'NONE',  ( -1.000000000000000000, 0.0000000000000000000, 0.0000000000000000000 ) ) ;
#964 = ORIENTED_EDGE ( 'NONE', *, *, #2989, .T. ) ;
#965 = MECHANICAL_DESIGN_GEOMETRIC_PRESENTATION_REPRESENTATION (  '', ( #2362 ), #801 ) ;
#966 = ORIENTED_EDGE ( 'NONE', *, *, #2722, .T. ) ;
#967 = DIRECTION ( 'NONE',  ( 0.0000000000000000000, 0.0000000000000000000, 1.000000000000000000 ) ) ;
#968 = AXIS2_PLACEMENT_3D ( 'NONE', #1036, #2055, #1048 ) ;
#969 = CARTESIAN_POINT ( 'NONE',  ( 1.474914455315088579, 0.1849833486464951549, 1.959430817549977277 ) ) ;
#970 =( GEOMETRIC_REPRESENTATION_CONTEXT ( 3 ) GLOBAL_UNCERTAINTY_ASSIGNED_CONTEXT ( ( #2704 ) ) GLOBAL_UNIT_ASSIGNED_CONTEXT ( ( #1194, #2941, #750 ) ) REPRESENTATION_CONTEXT ( 'NONE', 'WORKASPACE' ) );
#971 = ORIENTED_EDGE ( 'NONE', *, *, #2547, .T. ) ;
#972 = ORIENTED_EDGE ( 'NONE', *, *, #202, .F. ) ;
#973 = SURFACE_STYLE_USAGE ( .BOTH. , #223 ) ;
#974 = CARTESIAN_POINT ( 'NONE',  ( 2.544110806505385458, 3.078263154805500612, -1.959661669750033308 ) ) ;
#975 =( NAMED_UNIT ( * ) SI_UNIT ( $, .STERADIAN. ) SOLID_ANGLE_UNIT ( ) );
#976 = FACE_OUTER_BOUND ( 'NONE', #3017, .T. ) ;
#977 = ORIENTED_EDGE ( 'NONE', *, *, #1788, .F. ) ;
#978 = FACE_OUTER_BOUND ( 'NONE', #2905, .T. ) ;
#979 = ADVANCED_FACE ( 'NONE', ( #890 ), #1886, .T. ) ;
#980 = UNCERTAINTY_MEASURE_WITH_UNIT (LENGTH_MEASURE( 1.000000000000000082E-05 ), #2699, 'distance_accuracy_value', 'NONE');
#981 =( NAMED_UNIT ( * ) PLANE_ANGLE_UNIT ( ) SI_UNIT ( $, .RADIAN. ) );
#982 = EDGE_CURVE ( 'NONE', #2181, #2164, #255, .T. ) ;
#983 = CARTESIAN_POINT ( 'NONE',  ( -3.510000000000000231, 1.502499999999999503, 1.199999999999999956 ) ) ;
#984 = ORIENTED_EDGE ( 'NONE', *, *, #2722, .F. ) ;
#985 = CARTESIAN_POINT ( 'NONE',  ( 2.557726782380761232, 3.070966764198634458, 1.935406533782296545 ) ) ;
#986 = AXIS2_PLACEMENT_3D ( 'NONE', #3025, #2747, #3190 ) ;
#987 = CARTESIAN_POINT ( 'NONE',  ( -3.510000000000000231, 0.1300000000000001155, 1.199999999999999956 ) ) ;
#988 = CARTESIAN_POINT ( 'NONE',  ( 1.516296134472483015, 0.1574199711638384347, 1.911655546467932565 ) ) ;
#989 = AXIS2_PLACEMENT_3D ( 'NONE', #844, #79, #581 ) ;
#990 = EDGE_LOOP ( 'NONE', ( #180, #133, #1710, #2525 ) ) ;
#991 = ORIENTED_EDGE ( 'NONE', *, *, #920, .F. ) ;
#992 = AXIS2_PLACEMENT_3D ( 'NONE', #17, #707, #1226 ) ;
#993 = CARTESIAN_POINT ( 'NONE',  ( 1.516175616852497132, 0.1567364817766693230, -1.857135272548666061 ) ) ;
#994 = ORIENTED_EDGE ( 'NONE', *, *, #3023, .T. ) ;
#995 = PRESENTATION_STYLE_ASSIGNMENT (( #3 ) ) ;
#996 = B_SPLINE_CURVE_WITH_KNOTS ( 'NONE', 3,
 ( #2208, #22, #687, #1001, #449, #2690, #250, #699, #497, #2173 ),
 .UNSPECIFIED., .F., .F.,
 ( 4, 3, 3, 4 ),
 ( 0.0000000000000000000, 2.743592005052168407E-05, 8.173597189350872223E-05, 8.350641646734338239E-05 ),
 .UNSPECIFIED. ) ;
#997 = VECTOR ( 'NONE', #1578, 1000.000000000000000 ) ;
#998 = ADVANCED_FACE ( 'NONE', ( #735 ), #1939, .F. ) ;
#999 = ORIENTED_EDGE ( 'NONE', *, *, #2852, .T. ) ;
#1000 = PRESENTATION_STYLE_ASSIGNMENT (( #2441 ) ) ;
#1001 = CARTESIAN_POINT ( 'NONE',  ( -1.466212134780555010, 0.1821955982714485167, 1.959063803250452374 ) ) ;
#1002 = ADVANCED_FACE ( 'NONE', ( #2754 ), #2602, .T. ) ;
#1003 = EDGE_LOOP ( 'NONE', ( #3208, #2725, #712, #2825 ) ) ;
#1004 = DIRECTION ( 'NONE',  ( -0.2062089244771383723, -0.9701367149383298694, 0.1277209215228557460 ) ) ;
#1005 = FILL_AREA_STYLE_COLOUR ( '', #758 ) ;
#1006 = ORIENTED_EDGE ( 'NONE', *, *, #1394, .T. ) ;
#1007 = ORIENTED_EDGE ( 'NONE', *, *, #1263, .T. ) ;
#1008 = PLANE ( 'NONE',  #266 ) ;
#1009 = SURFACE_SIDE_STYLE ('',( #276 ) ) ;
#1010 = UNCERTAINTY_MEASURE_WITH_UNIT (LENGTH_MEASURE( 1.000000000000000082E-05 ), #1438, 'distance_accuracy_value', 'NONE');
#1011 = CIRCLE ( 'NONE', #2295, 0.01000000000000002623 ) ;
#1012 = DIRECTION ( 'NONE',  ( -0.9781476007338064660, 0.2079116908177548462, 0.0000000000000000000 ) ) ;
#1013 = EDGE_LOOP ( 'NONE', ( #528, #1976, #102, #1094, #1680, #2186 ) ) ;
#1014 = AXIS2_PLACEMENT_3D ( 'NONE', #572, #2582, #357 ) ;
#1015 = CARTESIAN_POINT ( 'NONE',  ( -3.510000000000000231, 1.502499999999999503, 1.199999999999999956 ) ) ;
#1016 = CARTESIAN_POINT ( 'NONE',  ( 1.518209057107722026, 0.1650000000000385325, 1.911044238614761470 ) ) ;
#1017 = ORIENTED_EDGE ( 'NONE', *, *, #2367, .F. ) ;
#1018 =( GEOMETRIC_REPRESENTATION_CONTEXT ( 3 ) GLOBAL_UNCERTAINTY_ASSIGNED_CONTEXT ( ( #1520 ) ) GLOBAL_UNIT_ASSIGNED_CONTEXT ( ( #2509, #2801, #1336 ) ) REPRESENTATION_CONTEXT ( 'NONE', 'WORKASPACE' ) );
#1019 = EDGE_LOOP ( 'NONE', ( #197, #2460, #2219 ) ) ;
#1020 = DIRECTION ( 'NONE',  ( 0.8365229034636092464, -0.5432443253929022386, -0.07151947223815169341 ) ) ;
#1021 =( BOUNDED_SURFACE ( )  B_SPLINE_SURFACE ( 3, 2, ( 
 ( #438, #672, #1916 ),
 ( #2909, #1637, #2414 ),
 ( #1848, #2846, #1598 ),
 ( #408, #627, #1621 ) ),
 .UNSPECIFIED., .F., .F., .F. ) 
 B_SPLINE_SURFACE_WITH_KNOTS ( ( 4, 4 ),
 ( 3, 3 ),
 ( 3.717551306747915341, 4.502949470145373390 ),
 ( 0.0000000000000000000, 1.000000000000000000 ),
 .UNSPECIFIED. ) 
 GEOMETRIC_REPRESENTATION_ITEM ( )  RATIONAL_B_SPLINE_SURFACE ( (
 ( 1.000000000000000000, 0.7448048320737928885, 1.000000000000000000),
 ( 1.000000000000000000, 0.7385912930390567954, 1.000000000000000000),
 ( 1.000000000000000000, 0.7283286045448301715, 1.000000000000000000),
 ( 1.000000000000000000, 0.7166372587719931353, 1.000000000000000000) ) ) 
 REPRESENTATION_ITEM ( '' )  SURFACE ( )  );
#1022 = FILL_AREA_STYLE_COLOUR ( '', #2921 ) ;
#1023 =( LENGTH_UNIT ( ) NAMED_UNIT ( * ) SI_UNIT ( .MILLI., .METRE. ) );
#1024 = VECTOR ( 'NONE', #2829, 1000.000000000000114 ) ;
#1025 = CARTESIAN_POINT ( 'NONE',  ( -1.496751956816632090, 0.1571491170773477997, -1.916162351869820979 ) ) ;
#1026 = CARTESIAN_POINT ( 'NONE',  ( -3.510000000000000231, 1.492499999999999494, 1.199999999999999956 ) ) ;
#1027 =( NAMED_UNIT ( * ) SI_UNIT ( $, .STERADIAN. ) SOLID_ANGLE_UNIT ( ) );
#1028 = ORIENTED_EDGE ( 'NONE', *, *, #486, .T. ) ;
#1029 = DIRECTION ( 'NONE',  ( 3.206512894596686959E-16, -1.000000000000000000, 0.0000000000000000000 ) ) ;
#1030 = CARTESIAN_POINT ( 'NONE',  ( -1.526023694382619089, 0.1650000000000000078, 1.886969430710848439 ) ) ;
#1031 = ORIENTED_EDGE ( 'NONE', *, *, #3112, .F. ) ;
#1032 = VECTOR ( 'NONE', #2177, 1000.000000000000000 ) ;
#1033 = ADVANCED_FACE ( 'NONE', ( #1449 ), #1975, .T. ) ;
#1034 = DIRECTION ( 'NONE',  ( 3.206512894596686959E-16, 1.000000000000000000, 0.0000000000000000000 ) ) ;
#1035 = DIRECTION ( 'NONE',  ( -1.000000000000000000, 1.387993711551809871E-16, 0.0000000000000000000 ) ) ;
#1036 = CARTESIAN_POINT ( 'NONE',  ( -3.510000000000000231, 0.1399999999999998745, 1.199999999999999956 ) ) ;
#1037 = AXIS2_PLACEMENT_3D ( 'NONE', #2868, #908, #2151 ) ;
#1038 = CARTESIAN_POINT ( 'NONE',  ( -1.474914455315087691, 0.1849833486464950161, -1.959430817549977277 ) ) ;
#1039 = PRESENTATION_STYLE_ASSIGNMENT (( #51 ) ) ;
#1040 = VECTOR ( 'NONE', #139, 1000.000000000000000 ) ;
#1041 = ORIENTED_EDGE ( 'NONE', *, *, #617, .T. ) ;
#1042 = SURFACE_STYLE_USAGE ( .BOTH. , #1090 ) ;
#1043 = CARTESIAN_POINT ( 'NONE',  ( 1.475126026901389720, 0.1650000000000000910, 1.944776615561216948 ) ) ;
#1044 = LINE ( 'NONE', #2017, #85 ) ;
#1045 = ORIENTED_EDGE ( 'NONE', *, *, #2199, .F. ) ;
#1046 = CARTESIAN_POINT ( 'NONE',  ( -1.416858448906715973, 0.1563052619222009831, -1.955655275806695848 ) ) ;
#1047 = LINE ( 'NONE', #76, #626 ) ;
#1048 = DIRECTION ( 'NONE',  ( -1.000000000000000000, 0.0000000000000000000, 0.0000000000000000000 ) ) ;
#1049 = EDGE_LOOP ( 'NONE', ( #73, #1895, #391 ) ) ;
#1050 = CARTESIAN_POINT ( 'NONE',  ( -1.416858448906715973, 0.1563052619222009831, -1.955655275806695848 ) ) ;
#1051 =( LENGTH_UNIT ( ) NAMED_UNIT ( * ) SI_UNIT ( .MILLI., .METRE. ) );
#1052 = EDGE_CURVE ( 'NONE', #629, #1445, #3047, .T. ) ;
#1053 = FACE_OUTER_BOUND ( 'NONE', #1944, .T. ) ;
#1054 = EDGE_CURVE ( 'NONE', #1232, #3166, #2008, .T. ) ;
#1055 = FACE_OUTER_BOUND ( 'NONE', #577, .T. ) ;
#1056 = VERTEX_POINT ( 'NONE', #1965 ) ;
#1057 = CARTESIAN_POINT ( 'NONE',  ( -3.177330192692604527, 0.1650000000000000078, -1.934875548215688079 ) ) ;
#1058 =( NAMED_UNIT ( * ) PLANE_ANGLE_UNIT ( ) SI_UNIT ( $, .RADIAN. ) );
#1059 = CARTESIAN_POINT ( 'NONE',  ( -3.521000000000000352, 0.1867368451944988739, 1.959661669750032864 ) ) ;
#1060 = VERTEX_POINT ( 'NONE', #87 ) ;
#1061 = CARTESIAN_POINT ( 'NONE',  ( 3.510000000000000231, 0.1399999999999998745, 1.199999999999999956 ) ) ;
#1062 = VECTOR ( 'NONE', #2144, 1000.000000000000000 ) ;
#1063 = DIRECTION ( 'NONE',  ( -1.000000000000000000, 1.387993711551809871E-16, 0.0000000000000000000 ) ) ;
#1064 = DIRECTION ( 'NONE',  ( 1.000000000000000000, -1.387993711551809871E-16, 0.0000000000000000000 ) ) ;
#1065 = VECTOR ( 'NONE', #2593, 1000.000000000000000 ) ;
#1066 = DIRECTION ( 'NONE',  ( -0.2062089244771383167, 0.9701367149383298694, 0.1277209215228557182 ) ) ;
#1067 = CIRCLE ( 'NONE', #2782, 0.1399999999999999301 ) ;
#1068 = CARTESIAN_POINT ( 'NONE',  ( -3.167584044089497564, 3.099999999999998757, 1.956799959790507026 ) ) ;
#1069 = UNCERTAINTY_MEASURE_WITH_UNIT (LENGTH_MEASURE( 1.000000000000000082E-05 ), #55, 'distance_accuracy_value', 'NONE');
#1070 = STYLED_ITEM ( 'NONE', ( #1987 ), #979 ) ;
#1071 = CARTESIAN_POINT ( 'NONE',  ( -3.189476494623124214, 3.070510631473333252, 1.960682308809317487 ) ) ;
#1072 = LINE ( 'NONE', #3027, #1732 ) ;
#1073 = ORIENTED_EDGE ( 'NONE', *, *, #2504, .F. ) ;
#1074 = DIRECTION ( 'NONE',  ( -1.000000000000000000, 0.0000000000000000000, 0.0000000000000000000 ) ) ;
#1075 = EDGE_CURVE ( 'NONE', #1445, #1580, #2288, .T. ) ;
#1076 = DIRECTION ( 'NONE',  ( 0.0000000000000000000, 1.000000000000000000, 0.0000000000000000000 ) ) ;
#1077 = CARTESIAN_POINT ( 'NONE',  ( -1.496751956816632090, 0.1571491170773477997, -1.916162351869820979 ) ) ;
#1078 = ORIENTED_EDGE ( 'NONE', *, *, #982, .F. ) ;
#1079 = CARTESIAN_POINT ( 'NONE',  ( -3.499005813119508090, 1.632483785754044625, 2.149782267338507413 ) ) ;
#1080 = DIRECTION ( 'NONE',  ( -1.000000000000000000, 0.0000000000000000000, 0.0000000000000000000 ) ) ;
#1081 = CARTESIAN_POINT ( 'NONE',  ( -3.520545664504418859, 1.635594617183519617, 2.125763220474067072 ) ) ;
#1082 = ORIENTED_EDGE ( 'NONE', *, *, #2318, .T. ) ;
#1083 = CARTESIAN_POINT ( 'NONE',  ( -1.418331564239213805, 0.1572789017688160096, -1.955783457924253677 ) ) ;
#1084 = LINE ( 'NONE', #2093, #3178 ) ;
#1085 = CIRCLE ( 'NONE', #989, 0.02499999999999985220 ) ;
#1086 = CARTESIAN_POINT ( 'NONE',  ( -3.510000000000000231, 0.1300000000000001155, 1.199999999999999956 ) ) ;
#1087 = CARTESIAN_POINT ( 'NONE',  ( 3.495925470679113189, 1.636672666819691591, 2.150549342008412523 ) ) ;
#1088 = EDGE_CURVE ( 'NONE', #2848, #1866, #2370, .T. ) ;
#1089 = ORIENTED_EDGE ( 'NONE', *, *, #1487, .F. ) ;
#1090 = SURFACE_SIDE_STYLE ('',( #2526 ) ) ;
#1091 = LINE ( 'NONE', #569, #505 ) ;
#1092 = EDGE_CURVE ( 'NONE', #2000, #566, #2056, .T. ) ;
#1093 = EDGE_CURVE ( 'NONE', #2651, #1591, #3128, .T. ) ;
#1094 = ORIENTED_EDGE ( 'NONE', *, *, #1431, .T. ) ;
#1095 = CARTESIAN_POINT ( 'NONE',  ( -3.510000000000000231, 1.502499999999999503, 1.199999999999999956 ) ) ;
#1096 = CARTESIAN_POINT ( 'NONE',  ( 1.449060106687930505, 0.1767010209850474745, -1.958340428427510771 ) ) ;
#1097 = CARTESIAN_POINT ( 'NONE',  ( -3.244948179012372425, 0.2133098350948325339, -1.963160070238775479 ) ) ;
#1098 = EDGE_CURVE ( 'NONE', #1601, #1786, #657, .T. ) ;
#1099 = FACE_OUTER_BOUND ( 'NONE', #737, .T. ) ;
#1100 = CARTESIAN_POINT ( 'NONE',  ( 1.400758867749179570, 0.06499999999999994671, -1.943634710031767687 ) ) ;
#1101 = UNCERTAINTY_MEASURE_WITH_UNIT (LENGTH_MEASURE( 1.000000000000000082E-05 ), #2895, 'distance_accuracy_value', 'NONE');
#1102 = CARTESIAN_POINT ( 'NONE',  ( 1.516175616852497132, 0.1567364817766693230, 1.857135272548666061 ) ) ;
#1103 = DIRECTION ( 'NONE',  ( -1.000000000000000000, 0.0000000000000000000, 0.0000000000000000000 ) ) ;
#1104 = DIRECTION ( 'NONE',  ( -0.0000000000000000000, -0.0000000000000000000, -1.000000000000000000 ) ) ;
#1105 = ORIENTED_EDGE ( 'NONE', *, *, #19, .T. ) ;
#1106 = CARTESIAN_POINT ( 'NONE',  ( -1.516304066909899717, 0.1574649582519461466, 1.915243895961546539 ) ) ;
#1107 = CARTESIAN_POINT ( 'NONE',  ( -1.418896863914407724, 0.1565974249491665082, -1.955677860182789107 ) ) ;
#1108 = ORIENTED_EDGE ( 'NONE', *, *, #1898, .F. ) ;
#1109 = FILL_AREA_STYLE_COLOUR ( '', #1476 ) ;
#1110 = ADVANCED_FACE ( 'NONE', ( #2842 ), #2786, .T. ) ;
#1111 = VECTOR ( 'NONE', #1399, 1000.000000000000000 ) ;
#1112 = CARTESIAN_POINT ( 'NONE',  ( -1.443158848419757057, 0.1659467530917576872, 1.956924602199328289 ) ) ;
#1113 = FACE_OUTER_BOUND ( 'NONE', #410, .T. ) ;
#1114 = ORIENTED_EDGE ( 'NONE', *, *, #3133, .F. ) ;
#1115 = CARTESIAN_POINT ( 'NONE',  ( 1.496751956816631868, 0.1571491170773478552, -1.916162351869821423 ) ) ;
#1116 = EDGE_CURVE ( 'NONE', #3012, #1366, #1338, .T. ) ;
#1117 = CARTESIAN_POINT ( 'NONE',  ( 3.519999999999999574, 0.1399999999999999301, 1.199999999999999956 ) ) ;
#1118 = AXIS2_PLACEMENT_3D ( 'NONE', #1501, #1467, #239 ) ;
#1119 = VECTOR ( 'NONE', #1206, 1000.000000000000000 ) ;
#1120 = FACE_OUTER_BOUND ( 'NONE', #2948, .T. ) ;
#1121 = CARTESIAN_POINT ( 'NONE',  ( 2.557726782380761676, 3.074229919004136224, -1.960192655316641552 ) ) ;
#1122 = AXIS2_PLACEMENT_3D ( 'NONE', #2589, #2644, #2609 ) ;
#1123 = ORIENTED_EDGE ( 'NONE', *, *, #492, .F. ) ;
#1124 = FACE_OUTER_BOUND ( 'NONE', #433, .T. ) ;
#1125 = LINE ( 'NONE', #1666, #1213 ) ;
#1126 = VERTEX_POINT ( 'NONE', #1077 ) ;
#1127 = CARTESIAN_POINT ( 'NONE',  ( -3.510000000000000231, 1.502499999999999503, -1.199999999999999956 ) ) ;
#1128 = CARTESIAN_POINT ( 'NONE',  ( 3.266994618958402263, 0.1976351822333073105, 1.938097925653363696 ) ) ;
#1129 = CARTESIAN_POINT ( 'NONE',  ( 3.281043679102443544, 2.604502433985010690, -2.022033451904852619 ) ) ;
#1130 = CARTESIAN_POINT ( 'NONE',  ( -1.498136279298278861, 0.1650000000000000355, -1.917195940214854177 ) ) ;
#1131 = EDGE_CURVE ( 'NONE', #152, #2408, #3016, .T. ) ;
#1132 = EDGE_LOOP ( 'NONE', ( #881, #1475, #3070, #1977 ) ) ;
#1133 = CARTESIAN_POINT ( 'NONE',  ( -1.526023694382619089, 0.1649999999999999800, 1.857135272548665839 ) ) ;
#1134 = CARTESIAN_POINT ( 'NONE',  ( -3.275810967993825429, 0.2476351822333076047, 1.943034894312890337 ) ) ;
#1135 = ADVANCED_FACE ( 'NONE', ( #3066 ), #2258, .T. ) ;
#1136 =( LENGTH_UNIT ( ) NAMED_UNIT ( * ) SI_UNIT ( .MILLI., .METRE. ) );
#1137 = CARTESIAN_POINT ( 'NONE',  ( 1.504577633732794961, 0.1649999999999999800, -1.922005302887217049 ) ) ;
#1138 = CARTESIAN_POINT ( 'NONE',  ( 2.571342758256137451, 3.091933528397270869, -1.935406533782296101 ) ) ;
#1139 = CIRCLE ( 'NONE', #619, 0.02499999999999984873 ) ;
#1140 = EDGE_CURVE ( 'NONE', #2566, #2329, #1044, .T. ) ;
#1141 = VERTEX_POINT ( 'NONE', #2542 ) ;
#1142 = CARTESIAN_POINT ( 'NONE',  ( 3.244948179012372869, 0.2133098350948318678, 1.963160070238776367 ) ) ;
#1143 =( BOUNDED_CURVE ( )  B_SPLINE_CURVE ( 3, ( #1129, #2118, #1885, #2878 ),
 .UNSPECIFIED., .F., .T. ) 
 B_SPLINE_CURVE_WITH_KNOTS ( ( 4, 4 ),
 ( 3.717551306747916673, 4.502949470145376054 ),
 .UNSPECIFIED. ) 
 CURVE ( )  GEOMETRIC_REPRESENTATION_ITEM ( )  RATIONAL_B_SPLINE_CURVE ( ( 1.000000000000000000, 0.9492530216741897897, 0.9492530216741897897, 1.000000000000000000 ) ) 
 REPRESENTATION_ITEM ( '' )  );
#1144 =( GEOMETRIC_REPRESENTATION_CONTEXT ( 3 ) GLOBAL_UNCERTAINTY_ASSIGNED_CONTEXT ( ( #2732 ) ) GLOBAL_UNIT_ASSIGNED_CONTEXT ( ( #843, #1186, #1153 ) ) REPRESENTATION_CONTEXT ( 'NONE', 'WORKASPACE' ) );
#1145 =( NAMED_UNIT ( * ) PLANE_ANGLE_UNIT ( ) SI_UNIT ( $, .RADIAN. ) );
#1146 = CARTESIAN_POINT ( 'NONE',  ( -3.510000000000000231, -1.360249892197943567E-16, 1.199999999999999956 ) ) ;
#1147 = ORIENTED_EDGE ( 'NONE', *, *, #3220, .F. ) ;
#1148 = VECTOR ( 'NONE', #324, 1000.000000000000227 ) ;
#1149 = CARTESIAN_POINT ( 'NONE',  ( 3.286678729755199146, 2.600842989303058239, 2.022515226937013910 ) ) ;
#1150 = DIRECTION ( 'NONE',  ( 0.0000000000000000000, -0.9914448613738112703, 0.1305261922200449953 ) ) ;
#1151 = DIRECTION ( 'NONE',  ( -1.000000000000000000, 0.0000000000000000000, -0.0000000000000000000 ) ) ;
#1152 = ORIENTED_EDGE ( 'NONE', *, *, #982, .T. ) ;
#1153 =( NAMED_UNIT ( * ) SI_UNIT ( $, .STERADIAN. ) SOLID_ANGLE_UNIT ( ) );
#1154 = DIRECTION ( 'NONE',  ( 0.0000000000000000000, 0.0000000000000000000, 1.000000000000000000 ) ) ;
#1155 = DIRECTION ( 'NONE',  ( 1.000000000000000000, -0.0000000000000000000, 0.0000000000000000000 ) ) ;
#1156 = CARTESIAN_POINT ( 'NONE',  ( 3.510000000000000231, 0.1399999999999998745, -1.199999999999999956 ) ) ;
#1157 = EDGE_CURVE ( 'NONE', #122, #1877, #1091, .T. ) ;
#1158 = ADVANCED_FACE ( 'NONE', ( #2049 ), #1810, .T. ) ;
#1159 = CARTESIAN_POINT ( 'NONE',  ( 3.518605359451018266, 1.632557566802008697, 2.133601529876774539 ) ) ;
#1160 = ORIENTED_EDGE ( 'NONE', *, *, #1131, .T. ) ;
#1161 = CARTESIAN_POINT ( 'NONE',  ( -1.422271568407711406, 0.1570804505870650181, 1.955688876169690227 ) ) ;
#1162 = EDGE_CURVE ( 'NONE', #1220, #404, #3101, .T. ) ;
#1163 = CARTESIAN_POINT ( 'NONE',  ( -1.479743473940440035, 0.1644305911828926325, -1.941858401367490217 ) ) ;
#1164 = ORIENTED_EDGE ( 'NONE', *, *, #2629, .F. ) ;
#1165 = CARTESIAN_POINT ( 'NONE',  ( 3.177330192692604527, 0.1900000000000000577, 1.934875548215687413 ) ) ;
#1166 = CARTESIAN_POINT ( 'NONE',  ( 3.177330192692604527, 0.1650000000000000078, 1.934875548215687413 ) ) ;
#1167 = FACE_OUTER_BOUND ( 'NONE', #195, .T. ) ;
#1168 = CARTESIAN_POINT ( 'NONE',  ( -1.447584689029048910, 0.1649999999999999523, -1.957426544441712046 ) ) ;
#1169 = AXIS2_PLACEMENT_3D ( 'NONE', #1806, #2998, #1556 ) ;
#1170 = ORIENTED_EDGE ( 'NONE', *, *, #1468, .F. ) ;
#1171 = ORIENTED_EDGE ( 'NONE', *, *, #2159, .T. ) ;
#1172 = LINE ( 'NONE', #2121, #421 ) ;
#1173 = CARTESIAN_POINT ( 'NONE',  ( -1.504577633732794961, 0.1649999999999999800, -1.922005302887216605 ) ) ;
#1174 = CIRCLE ( 'NONE', #1583, 0.02499999999999984873 ) ;
#1175 = EDGE_CURVE ( 'NONE', #43, #625, #2101, .T. ) ;
#1176 = ORIENTED_EDGE ( 'NONE', *, *, #1052, .T. ) ;
#1177 = MECHANICAL_DESIGN_GEOMETRIC_PRESENTATION_REPRESENTATION (  '', ( #3213 ), #455 ) ;
#1178 = CARTESIAN_POINT ( 'NONE',  ( -1.731831096493066990, 1.942603911855558030, -2.190825954507403583 ) ) ;
#1179 = EDGE_CURVE ( 'NONE', #496, #205, #2904, .T. ) ;
#1180 = ORIENTED_EDGE ( 'NONE', *, *, #3197, .F. ) ;
#1181 = AXIS2_PLACEMENT_3D ( 'NONE', #2578, #2324, #2560 ) ;
#1182 = DIRECTION ( 'NONE',  ( -1.000000000000000000, 3.206512894596686959E-16, 0.0000000000000000000 ) ) ;
#1183 = LINE ( 'NONE', #658, #212 ) ;
#1184 = CARTESIAN_POINT ( 'NONE',  ( -1.416297554053844499, 0.1562958373596900485, -1.955652504790025281 ) ) ;
#1185 = VERTEX_POINT ( 'NONE', #2650 ) ;
#1186 =( NAMED_UNIT ( * ) PLANE_ANGLE_UNIT ( ) SI_UNIT ( $, .RADIAN. ) );
#1187 = VERTEX_POINT ( 'NONE', #419 ) ;
#1188 = CARTESIAN_POINT ( 'NONE',  ( -3.213278859860781989, 0.1867368664955169066, 1.959661672554365186 ) ) ;
#1189 = ORIENTED_EDGE ( 'NONE', *, *, #463, .F. ) ;
#1190 =( GEOMETRIC_REPRESENTATION_CONTEXT ( 3 ) GLOBAL_UNCERTAINTY_ASSIGNED_CONTEXT ( ( #2204 ) ) GLOBAL_UNIT_ASSIGNED_CONTEXT ( ( #1051, #678, #1660 ) ) REPRESENTATION_CONTEXT ( 'NONE', 'WORKASPACE' ) );
#1191 = CIRCLE ( 'NONE', #828, 0.1399999999999999301 ) ;
#1192 = LINE ( 'NONE', #987, #10 ) ;
#1193 = EDGE_CURVE ( 'NONE', #39, #3002, #2866, .T. ) ;
#1194 =( LENGTH_UNIT ( ) NAMED_UNIT ( * ) SI_UNIT ( .MILLI., .METRE. ) );
#1195 = STYLED_ITEM ( 'NONE', ( #3124 ), #2006 ) ;
#1196 = VERTEX_POINT ( 'NONE', #403 ) ;
#1197 = VECTOR ( 'NONE', #2515, 1000.000000000000000 ) ;
#1198 = ORIENTED_EDGE ( 'NONE', *, *, #2637, .T. ) ;
#1199 = PRESENTATION_STYLE_ASSIGNMENT (( #2467 ) ) ;
#1200 = DIRECTION ( 'NONE',  ( 0.0000000000000000000, 0.0000000000000000000, 1.000000000000000000 ) ) ;
#1201 = VECTOR ( 'NONE', #2669, 1000.000000000000000 ) ;
#1202 = ORIENTED_EDGE ( 'NONE', *, *, #1568, .F. ) ;
#1203 = CARTESIAN_POINT ( 'NONE',  ( -1.500000000000000000, 0.06500000000000005773, 1.845057935602887556 ) ) ;
#1204 = ORIENTED_EDGE ( 'NONE', *, *, #1088, .T. ) ;
#1205 = ORIENTED_EDGE ( 'NONE', *, *, #463, .T. ) ;
#1206 = DIRECTION ( 'NONE',  ( -0.0000000000000000000, -0.0000000000000000000, 1.000000000000000000 ) ) ;
#1207 = CARTESIAN_POINT ( 'NONE',  ( 1.479194148729883196, 0.1649999999999913203, -1.942565813928132989 ) ) ;
#1208 = DIRECTION ( 'NONE',  ( 0.1722068331141306530, -0.9766334818541285712, 0.1285762371135640569 ) ) ;
#1209 = VERTEX_POINT ( 'NONE', #2142 ) ;
#1210 = ORIENTED_EDGE ( 'NONE', *, *, #2855, .F. ) ;
#1211 = EDGE_CURVE ( 'NONE', #257, #1866, #2381, .T. ) ;
#1212 = CARTESIAN_POINT ( 'NONE',  ( 2.557726782380761232, 3.070966764198634902, -1.935406533782296323 ) ) ;
#1213 = VECTOR ( 'NONE', #2128, 1000.000000000000000 ) ;
#1214 = CARTESIAN_POINT ( 'NONE',  ( -2.350000000000000089, 2.498228132021559730E-17, 1.199999999999999956 ) ) ;
#1215 = CARTESIAN_POINT ( 'NONE',  ( -3.510000000000000231, 1.502499999999999503, -1.199999999999999956 ) ) ;
#1216 = ORIENTED_EDGE ( 'NONE', *, *, #300, .F. ) ;
#1217 = VECTOR ( 'NONE', #2530, 1000.000000000000000 ) ;
#1218 = FACE_OUTER_BOUND ( 'NONE', #1430, .T. ) ;
#1219 = STYLED_ITEM ( 'NONE', ( #1295 ), #487 ) ;
#1220 = VERTEX_POINT ( 'NONE', #1913 ) ;
#1221 = VECTOR ( 'NONE', #288, 1000.000000000000000 ) ;
#1222 = CARTESIAN_POINT ( 'NONE',  ( 1.418217336114221183, 0.1565001632926839303, -1.955675642012468796 ) ) ;
#1223 = CARTESIAN_POINT ( 'NONE',  ( 1.415821093797430930, 0.1649999999999999800, 1.965564938035162967 ) ) ;
#1224 = ORIENTED_EDGE ( 'NONE', *, *, #1833, .T. ) ;
#1225 = CARTESIAN_POINT ( 'NONE',  ( 1.518441010533206681, 0.1649999999999999800, -1.903437570416682156 ) ) ;
#1226 = DIRECTION ( 'NONE',  ( -0.1736481776669276389, 0.9848077530122085754, 0.0000000000000000000 ) ) ;
#1227 = DIRECTION ( 'NONE',  ( 1.000000000000000000, -0.0000000000000000000, -0.0000000000000000000 ) ) ;
#1228 = DIRECTION ( 'NONE',  ( 0.1736481776669276389, 0.9848077530122085754, 0.0000000000000000000 ) ) ;
#1229 = EDGE_CURVE ( 'NONE', #2174, #1359, #1860, .T. ) ;
#1230 = ORIENTED_EDGE ( 'NONE', *, *, #2636, .F. ) ;
#1231 = CARTESIAN_POINT ( 'NONE',  ( -1.516223300006543706, 0.1570069063813171739, -1.878706321232281429 ) ) ;
#1232 = VERTEX_POINT ( 'NONE', #384 ) ;
#1233 = DIRECTION ( 'NONE',  ( 1.000000000000000000, 0.0000000000000000000, 0.0000000000000000000 ) ) ;
#1234 = VERTEX_POINT ( 'NONE', #2411 ) ;
#1235 = DIRECTION ( 'NONE',  ( -1.000000000000000000, 0.0000000000000000000, 0.0000000000000000000 ) ) ;
#1236 = VECTOR ( 'NONE', #3078, 1000.000000000000000 ) ;
#1237 = DIRECTION ( 'NONE',  ( 1.000000000000000000, 0.0000000000000000000, -0.0000000000000000000 ) ) ;
#1238 = DIRECTION ( 'NONE',  ( 1.000000000000000000, -0.0000000000000000000, -0.0000000000000000000 ) ) ;
#1239 = STYLED_ITEM ( 'NONE', ( #995 ), #2392 ) ;
#1240 = ORIENTED_EDGE ( 'NONE', *, *, #2889, .F. ) ;
#1241 = ORIENTED_EDGE ( 'NONE', *, *, #2318, .F. ) ;
#1242 =( BOUNDED_CURVE ( )  B_SPLINE_CURVE ( 3, ( #1100, #2588, #1342, #2078 ),
 .UNSPECIFIED., .F., .T. ) 
 B_SPLINE_CURVE_WITH_KNOTS ( ( 4, 4 ),
 ( 5.365107055402106973, 6.913235805658053401 ),
 .UNSPECIFIED. ) 
 CURVE ( )  GEOMETRIC_REPRESENTATION_ITEM ( )  RATIONAL_B_SPLINE_CURVE ( ( 1.000000000000000000, 0.8100502620159876210, 0.8100502620159876210, 1.000000000000000000 ) ) 
 REPRESENTATION_ITEM ( '' )  );
#1244 = COLOUR_RGB ( '',0.2000000000000000111, 0.2000000000000000111, 0.2000000000000000111 ) ;
#1243 = CYLINDRICAL_SURFACE ( 'NONE', #2608, 0.02500000000000006384 ) ;
#1245 = CARTESIAN_POINT ( 'NONE',  ( -3.649999999999999911, 1.492499999999999494, 1.199999999999999956 ) ) ;
#1246 = CARTESIAN_POINT ( 'NONE',  ( 1.493263000590194789, 0.1649999999999999800, 1.934875548215687635 ) ) ;
#1247 = VECTOR ( 'NONE', #2744, 1000.000000000000114 ) ;
#1248 = MECHANICAL_DESIGN_GEOMETRIC_PRESENTATION_REPRESENTATION (  '', ( #2339 ), #479 ) ;
#1249 = LINE ( 'NONE', #1330, #1323 ) ;
#1250 = SURFACE_STYLE_USAGE ( .BOTH. , #1738 ) ;
#1251 = ORIENTED_EDGE ( 'NONE', *, *, #1705, .T. ) ;
#1252 = EDGE_CURVE ( 'NONE', #267, #2106, #2595, .T. ) ;
#1253 = DIRECTION ( 'NONE',  ( 0.0000000000000000000, 0.1305261922200447178, 0.9914448613738113814 ) ) ;
#1254 = ORIENTED_EDGE ( 'NONE', *, *, #2236, .T. ) ;
#1255 = ORIENTED_EDGE ( 'NONE', *, *, #1562, .F. ) ;
#1256 = CARTESIAN_POINT ( 'NONE',  ( 2.557726782380761232, 3.074229919004136224, -1.960192655316641552 ) ) ;
#1257 = CARTESIAN_POINT ( 'NONE',  ( 3.649999999999999911, 0.1399999999999998745, 1.199999999999999956 ) ) ;
#1258 = CYLINDRICAL_SURFACE ( 'NONE', #1273, 0.009999999999999592548 ) ;
#1259 = DIRECTION ( 'NONE',  ( 1.000000000000000000, 0.0000000000000000000, -0.0000000000000000000 ) ) ;
#1260 = DIRECTION ( 'NONE',  ( -1.000000000000000000, 0.0000000000000000000, 0.0000000000000000000 ) ) ;
#1261 = CARTESIAN_POINT ( 'NONE',  ( 3.510000000000000231, 1.502499999999999503, 1.199999999999999956 ) ) ;
#1262 = CARTESIAN_POINT ( 'NONE',  ( 1.400758867749178682, 0.06499999999999994671, 1.943634710031767687 ) ) ;
#1263 = EDGE_CURVE ( 'NONE', #1866, #3002, #3171, .T. ) ;
#1264 = ORIENTED_EDGE ( 'NONE', *, *, #467, .F. ) ;
#1265 = DIRECTION ( 'NONE',  ( -0.0000000000000000000, -0.0000000000000000000, -1.000000000000000000 ) ) ;
#1266 = CARTESIAN_POINT ( 'NONE',  ( 3.520000000000000018, 1.632499999999999396, 1.199999999999999956 ) ) ;
#1267 = EDGE_CURVE ( 'NONE', #341, #1185, #1125, .T. ) ;
#1268 = ORIENTED_EDGE ( 'NONE', *, *, #1267, .F. ) ;
#1269 = VECTOR ( 'NONE', #1265, 1000.000000000000000 ) ;
#1270 = SURFACE_STYLE_FILL_AREA ( #3084 ) ;
#1271 = LINE ( 'NONE', #45, #209 ) ;
#1272 =( NAMED_UNIT ( * ) PLANE_ANGLE_UNIT ( ) SI_UNIT ( $, .RADIAN. ) );
#1273 = AXIS2_PLACEMENT_3D ( 'NONE', #2005, #2990, #1734 ) ;
#1274 = CARTESIAN_POINT ( 'NONE',  ( -3.192037734107842528, 3.058460947075944514, 1.962268679855373454 ) ) ;
#1275 = DIRECTION ( 'NONE',  ( -0.0000000000000000000, -0.0000000000000000000, -1.000000000000000000 ) ) ;
#1276 = DIRECTION ( 'NONE',  ( 0.2062089244771371233, 0.9701367149383296473, -0.1277209215228599926 ) ) ;
#1277 = SURFACE_STYLE_USAGE ( .BOTH. , #2250 ) ;
#1278 = EDGE_LOOP ( 'NONE', ( #3172, #952, #2018, #427 ) ) ;
#1279 = CARTESIAN_POINT ( 'NONE',  ( -3.497077492507900232, 1.502499999999999503, -1.199999999999999734 ) ) ;
#1280 = CARTESIAN_POINT ( 'NONE',  ( 1.416858448906715529, 0.1563052619222004280, 1.955655275806696292 ) ) ;
#1281 =( LENGTH_UNIT ( ) NAMED_UNIT ( * ) SI_UNIT ( .MILLI., .METRE. ) );
#1282 = ORIENTED_EDGE ( 'NONE', *, *, #2787, .T. ) ;
#1283 = AXIS2_PLACEMENT_3D ( 'NONE', #1095, #1652, #1915 ) ;
#1284 = FILL_AREA_STYLE_COLOUR ( '', #2839 ) ;
#1285 = DIRECTION ( 'NONE',  ( 0.9781476007338064660, -0.2079116908177548462, 0.0000000000000000000 ) ) ;
#1286 = ADVANCED_FACE ( 'NONE', ( #934 ), #2579, .T. ) ;
#1287 = CARTESIAN_POINT ( 'NONE',  ( -3.167584044089497564, 3.078263154805500168, 1.959661669750033308 ) ) ;
#1288 = FACE_OUTER_BOUND ( 'NONE', #2544, .T. ) ;
#1289 = ORIENTED_EDGE ( 'NONE', *, *, #2908, .T. ) ;
#1290 = AXIS2_PLACEMENT_3D ( 'NONE', #1904, #145, #858 ) ;
#1291 = CARTESIAN_POINT ( 'NONE',  ( -3.177330192692604527, 0.1867368451944988739, -1.959661669750032864 ) ) ;
#1292 = ADVANCED_FACE ( 'NONE', ( #1218 ), #2187, .T. ) ;
#1293 = FACE_OUTER_BOUND ( 'NONE', #2682, .T. ) ;
#1294 = VECTOR ( 'NONE', #372, 1000.000000000000000 ) ;
#1295 = PRESENTATION_STYLE_ASSIGNMENT (( #3024 ) ) ;
#1296 = AXIS2_PLACEMENT_3D ( 'NONE', #960, #2196, #1979 ) ;
#1297 = DIRECTION ( 'NONE',  ( 0.0000000000000000000, 0.0000000000000000000, 1.000000000000000000 ) ) ;
#1298 = EDGE_LOOP ( 'NONE', ( #1532, #1509, #560, #3186, #729, #765, #1756, #2755 ) ) ;
#1299 = CARTESIAN_POINT ( 'NONE',  ( -3.177330192692604527, 0.1650000000000000078, 1.934875548215687413 ) ) ;
#1300 = DIRECTION ( 'NONE',  ( 0.0000000000000000000, 0.0000000000000000000, 1.000000000000000000 ) ) ;
#1301 = VERTEX_POINT ( 'NONE', #2478 ) ;
#1302 = CYLINDRICAL_SURFACE ( 'NONE', #649, 0.1000000000000001027 ) ;
#1303 = CARTESIAN_POINT ( 'NONE',  ( -3.519809852735712674, 1.632534824226405945, -2.128933508682542275 ) ) ;
#1304 = CARTESIAN_POINT ( 'NONE',  ( -3.521000000000000352, 0.1867368451944988739, -1.959661669750032864 ) ) ;
#1305 = CARTESIAN_POINT ( 'NONE',  ( -3.261240155810332997, 0.1650000000000000078, 2.149999999999999911 ) ) ;
#1306 = ADVANCED_FACE ( 'NONE', ( #2719 ), #2427, .T. ) ;
#1307 = EDGE_LOOP ( 'NONE', ( #157, #1919, #3028, #1251 ) ) ;
#1308 = LINE ( 'NONE', #2331, #522 ) ;
#1309 = CARTESIAN_POINT ( 'NONE',  ( -3.189612823426621890, 3.069868379956064430, 1.960766862825645607 ) ) ;
#1310 = EDGE_CURVE ( 'NONE', #2408, #1720, #996, .T. ) ;
#1311 = AXIS2_PLACEMENT_3D ( 'NONE', #536, #314, #2320 ) ;
#1312 = PLANE ( 'NONE',  #1953 ) ;
#1313 = ORIENTED_EDGE ( 'NONE', *, *, #3214, .F. ) ;
#1314 = PLANE ( 'NONE',  #2105 ) ;
#1315 = DIRECTION ( 'NONE',  ( 0.0000000000000000000, 0.0000000000000000000, -1.000000000000000000 ) ) ;
#1316 = FILL_AREA_STYLE_COLOUR ( '', #2313 ) ;
#1317 = ORIENTED_EDGE ( 'NONE', *, *, #2908, .F. ) ;
#1318 = CARTESIAN_POINT ( 'NONE',  ( -1.731831096493066990, 1.955656531077562654, 2.091681468370022667 ) ) ;
#1319 =( GEOMETRIC_REPRESENTATION_CONTEXT ( 3 ) GLOBAL_UNCERTAINTY_ASSIGNED_CONTEXT ( ( #809 ) ) GLOBAL_UNIT_ASSIGNED_CONTEXT ( ( #170, #2383, #886 ) ) REPRESENTATION_CONTEXT ( 'NONE', 'WORKASPACE' ) );
#1320 = CARTESIAN_POINT ( 'NONE',  ( -3.514963640436851389, 1.632559052879709816, -2.140591716552398882 ) ) ;
#1321 = CARTESIAN_POINT ( 'NONE',  ( 1.466212134780554566, 0.1821955982714481836, -1.959063803250452374 ) ) ;
#1322 = FILL_AREA_STYLE ('',( #360 ) ) ;
#1323 = VECTOR ( 'NONE', #110, 1000.000000000000000 ) ;
#1324 = ORIENTED_EDGE ( 'NONE', *, *, #508, .F. ) ;
#1325 = FILL_AREA_STYLE ('',( #2281 ) ) ;
#1326 = AXIS2_PLACEMENT_3D ( 'NONE', #2730, #1471, #2469 ) ;
#1327 = CARTESIAN_POINT ( 'NONE',  ( -3.190907627555287451, 3.099999999999999201, 1.934875572760921258 ) ) ;
#1328 = EDGE_CURVE ( 'NONE', #3136, #2768, #3187, .T. ) ;
#1329 = PRESENTATION_LAYER_ASSIGNMENT (  '', '', ( #1588 ) ) ;
#1330 = CARTESIAN_POINT ( 'NONE',  ( 2.350000000000000089, 2.498228132021559730E-17, 1.199999999999999956 ) ) ;
#1331 = CARTESIAN_POINT ( 'NONE',  ( 3.520000000000000018, 1.632499999999999396, 2.149999999999999911 ) ) ;
#1332 = EDGE_CURVE ( 'NONE', #1966, #2967, #1011, .T. ) ;
#1333 = EDGE_CURVE ( 'NONE', #2924, #1220, #730, .T. ) ;
#1334 = DIRECTION ( 'NONE',  ( -0.9781476007338064660, -0.2079116908177548462, 0.0000000000000000000 ) ) ;
#1335 = ORIENTED_EDGE ( 'NONE', *, *, #2896, .F. ) ;
#1336 =( NAMED_UNIT ( * ) SI_UNIT ( $, .STERADIAN. ) SOLID_ANGLE_UNIT ( ) );
#1337 = FACE_OUTER_BOUND ( 'NONE', #1545, .T. ) ;
#1338 = LINE ( 'NONE', #283, #3164 ) ;
#1339 = EDGE_LOOP ( 'NONE', ( #500, #24, #1205, #2416, #1254, #2450, #2620 ) ) ;
#1340 = CARTESIAN_POINT ( 'NONE',  ( 2.350000000000000089, 0.1300000000000000322, -1.199999999999999956 ) ) ;
#1341 = VERTEX_POINT ( 'NONE', #3223 ) ;
#1342 = CARTESIAN_POINT ( 'NONE',  ( 1.500000000000001110, 0.06500000000000005773, -1.903070653268362555 ) ) ;
#1343 = AXIS2_PLACEMENT_3D ( 'NONE', #20, #2203, #521 ) ;
#1344 = CARTESIAN_POINT ( 'NONE',  ( -1.526023694382618867, 0.1649999999999999800, -1.880824263818570818 ) ) ;
#1345 =( BOUNDED_SURFACE ( )  B_SPLINE_SURFACE ( 3, 2, ( 
 ( #2360, #621, #2665 ),
 ( #1142, #150, #113 ),
 ( #3081, #2409, #167 ),
 ( #1843, #3137, #1615 ) ),
 .UNSPECIFIED., .F., .F., .F. ) 
 B_SPLINE_SURFACE_WITH_KNOTS ( ( 4, 4 ),
 ( 3, 3 ),
 ( 4.886921905584115322, 6.283185307179586232 ),
 ( 0.0000000000000000000, 1.000000000000000000 ),
 .UNSPECIFIED. ) 
 GEOMETRIC_REPRESENTATION_ITEM ( )  RATIONAL_B_SPLINE_SURFACE ( (
 ( 1.000000000000000000, 0.7150753930239850398, 1.000000000000000000),
 ( 1.000000000000000000, 0.7363372991861989458, 1.000000000000000000),
 ( 1.000000000000000000, 0.7522136024319194814, 1.000000000000000000),
 ( 1.000000000000000000, 0.7518398074789747199, 1.000000000000000000) ) ) 
 REPRESENTATION_ITEM ( '' )  SURFACE ( )  );
#1346 = MECHANICAL_DESIGN_GEOMETRIC_PRESENTATION_REPRESENTATION (  '', ( #2864 ), #1763 ) ;
#1347 = CARTESIAN_POINT ( 'NONE',  ( 3.497077492507900232, 1.502499999999999503, -1.199999999999999734 ) ) ;
#1348 = EDGE_CURVE ( 'NONE', #3188, #763, #2223, .T. ) ;
#1349 = ORIENTED_EDGE ( 'NONE', *, *, #2178, .T. ) ;
#1350 = CARTESIAN_POINT ( 'NONE',  ( -1.416858448906715529, 0.1563052619222009831, 1.955655275806695848 ) ) ;
#1351 = VECTOR ( 'NONE', #1743, 999.9999999999998863 ) ;
#1352 = CARTESIAN_POINT ( 'NONE',  ( -3.216491424126187937, 3.060395584540887004, -1.937482558321028003 ) ) ;
#1353 = ADVANCED_FACE ( 'NONE', ( #466 ), #2969, .T. ) ;
#1354 = ORIENTED_EDGE ( 'NONE', *, *, #1193, .F. ) ;
#1355 = CARTESIAN_POINT ( 'NONE',  ( 1.429016227662832650, 0.1580354161211256214, 1.955318348653013683 ) ) ;
#1356 = FACE_OUTER_BOUND ( 'NONE', #645, .T. ) ;
#1357 = CARTESIAN_POINT ( 'NONE',  ( 1.526023694382619089, 0.1549999999999999989, 2.149999999999999911 ) ) ;
#1358 = CARTESIAN_POINT ( 'NONE',  ( 3.510927120911031540, 1.632535859481176077, -2.144476789245685744 ) ) ;
#1359 = VERTEX_POINT ( 'NONE', #2982 ) ;
#1360 = EDGE_LOOP ( 'NONE', ( #2849, #3098, #675, #1171, #2741, #1656, #2321 ) ) ;
#1361 = CARTESIAN_POINT ( 'NONE',  ( 1.477769376292713988, 0.1571491170773478552, -1.941586412720743393 ) ) ;
#1362 = FACE_OUTER_BOUND ( 'NONE', #444, .T. ) ;
#1363 = UNCERTAINTY_MEASURE_WITH_UNIT (LENGTH_MEASURE( 1.000000000000000082E-05 ), #1533, 'distance_accuracy_value', 'NONE');
#1364 = DIRECTION ( 'NONE',  ( 0.5446390350150315252, 0.8386705679454211637, -0.0000000000000000000 ) ) ;
#1365 = CARTESIAN_POINT ( 'NONE',  ( 2.548921332238626380, 3.078263077898607314, -1.959661679875017493 ) ) ;
#1366 = VERTEX_POINT ( 'NONE', #2736 ) ;
#1367 = DIRECTION ( 'NONE',  ( 0.2062089244771383723, 0.9701367149383298694, 0.1277209215228557460 ) ) ;
#1368 =( BOUNDED_CURVE ( )  B_SPLINE_CURVE ( 3, ( #2287, #3048, #539, #816 ),
 .UNSPECIFIED., .F., .T. ) 
 B_SPLINE_CURVE_WITH_KNOTS ( ( 4, 4 ),
 ( 3.141592653589793116, 4.537856055185263138 ),
 .UNSPECIFIED. ) 
 CURVE ( )  GEOMETRIC_REPRESENTATION_ITEM ( )  RATIONAL_B_SPLINE_CURVE ( ( 1.000000000000000000, 0.8440296287459840840, 0.8440296287459840840, 1.000000000000000000 ) ) 
 REPRESENTATION_ITEM ( '' )  );
#1369 = CARTESIAN_POINT ( 'NONE',  ( -1.417537940432722410, 0.1564019674327005727, -1.955668007328683844 ) ) ;
#1370 = ORIENTED_EDGE ( 'NONE', *, *, #2343, .T. ) ;
#1371 = CARTESIAN_POINT ( 'NONE',  ( -3.177330192692604527, 0.1867368451944988739, 1.959661669750032864 ) ) ;
#1372 = CARTESIAN_POINT ( 'NONE',  ( -3.211368945156751753, 3.084494953335664480, -1.935896187274971147 ) ) ;
#1373 = DIRECTION ( 'NONE',  ( 0.0000000000000000000, 0.1305261922200449953, 0.9914448613738112703 ) ) ;
#1374 = ADVANCED_FACE ( 'NONE', ( #1443 ), #2443, .T. ) ;
#1375 = CARTESIAN_POINT ( 'NONE',  ( -3.510000000000000231, 0.1399999999999998745, 1.199999999999999956 ) ) ;
#1376 = ORIENTED_EDGE ( 'NONE', *, *, #2504, .T. ) ;
#1377 = B_SPLINE_CURVE_WITH_KNOTS ( 'NONE', 3,
 ( #1050, #1585, #2568, #1083, #2794, #342, #579, #1038, #532, #547 ),
 .UNSPECIFIED., .F., .F.,
 ( 4, 3, 3, 4 ),
 ( -1.770444573834629667E-06, 0.0000000000000000000, 5.407542385804829589E-05, 8.139784723174128605E-05 ),
 .UNSPECIFIED. ) ;
#1378 = CARTESIAN_POINT ( 'NONE',  ( 3.244948179012372869, 0.2133098350948325617, -1.963160070238775479 ) ) ;
#1379 = VECTOR ( 'NONE', #1367, 1000.000000000000227 ) ;
#1380 = PRESENTATION_LAYER_ASSIGNMENT (  '', '', ( #2108 ) ) ;
#1381 = SURFACE_STYLE_USAGE ( .BOTH. , #632 ) ;
#1382 = DIRECTION ( 'NONE',  ( 0.1722068331141310693, -0.9766334818541284601, 0.1285762371135640569 ) ) ;
#1383 = CARTESIAN_POINT ( 'NONE',  ( 2.563274084203678527, 3.097173386593973454, -1.935061621999261794 ) ) ;
#1384 =( GEOMETRIC_REPRESENTATION_CONTEXT ( 3 ) GLOBAL_UNCERTAINTY_ASSIGNED_CONTEXT ( ( #1101 ) ) GLOBAL_UNIT_ASSIGNED_CONTEXT ( ( #2895, #1672, #3107 ) ) REPRESENTATION_CONTEXT ( 'NONE', 'WORKASPACE' ) );
#1385 = ORIENTED_EDGE ( 'NONE', *, *, #120, .F. ) ;
#1386 = DIRECTION ( 'NONE',  ( -0.0000000000000000000, -0.0000000000000000000, -1.000000000000000000 ) ) ;
#1387 = CARTESIAN_POINT ( 'NONE',  ( -2.350000000000000089, 0.1300000000000000322, 1.199999999999999956 ) ) ;
#1388 = ORIENTED_EDGE ( 'NONE', *, *, #1193, .T. ) ;
#1389 = PLANE ( 'NONE',  #1737 ) ;
#1390 = LINE ( 'NONE', #2653, #3230 ) ;
#1391 = CARTESIAN_POINT ( 'NONE',  ( 3.521000000000000352, 3.099999999999999645, 1.956799959790507026 ) ) ;
#1392 = DIRECTION ( 'NONE',  ( 0.0000000000000000000, 0.0000000000000000000, -1.000000000000000000 ) ) ;
#1393 = ORIENTED_EDGE ( 'NONE', *, *, #2889, .T. ) ;
#1394 = EDGE_CURVE ( 'NONE', #3194, #2726, #2720, .T. ) ;
#1395 = CARTESIAN_POINT ( 'NONE',  ( -3.495955125872484803, 1.640104004584216124, -2.125785362180674376 ) ) ;
#1396 = CARTESIAN_POINT ( 'NONE',  ( 3.265837013593918314, 0.1994782531725390884, -1.961339107933094184 ) ) ;
#1397 = STYLED_ITEM ( 'NONE', ( #2446 ), #2068 ) ;
#1398 = CARTESIAN_POINT ( 'NONE',  ( -3.520000000000000018, 1.632499999999999396, -2.125468578319839263 ) ) ;
#1399 = DIRECTION ( 'NONE',  ( -0.0000000000000000000, -0.0000000000000000000, 1.000000000000000000 ) ) ;
#1400 = VECTOR ( 'NONE', #2518, 1000.000000000000000 ) ;
#1401 = ORIENTED_EDGE ( 'NONE', *, *, #3134, .F. ) ;
#1402 = VECTOR ( 'NONE', #739, 1000.000000000000000 ) ;
#1403 = PRESENTATION_STYLE_ASSIGNMENT (( #654 ) ) ;
#1404 = CARTESIAN_POINT ( 'NONE',  ( -1.416858448906715973, 0.1563052619222009831, -1.955655275806695848 ) ) ;
#1405 = VERTEX_POINT ( 'NONE', #2284 ) ;
#1406 = VECTOR ( 'NONE', #2695, 1000.000000000000114 ) ;
#1407 = CARTESIAN_POINT ( 'NONE',  ( -1.493263000590194567, 0.1649999999999999800, -1.934875548215687857 ) ) ;
#1408 = CARTESIAN_POINT ( 'NONE',  ( 3.510000000000000231, 1.502499999999999503, -1.199999999999999956 ) ) ;
#1409 = CARTESIAN_POINT ( 'NONE',  ( -1.416243292553674316, 0.1649999999999999800, -1.965568041146008804 ) ) ;
#1410 = EDGE_LOOP ( 'NONE', ( #948, #1216, #233, #2171 ) ) ;
#1411 = CARTESIAN_POINT ( 'NONE',  ( -1.476104953325258373, 0.1649999999999999800, 1.966121183527510752 ) ) ;
#1412 = CARTESIAN_POINT ( 'NONE',  ( -3.519999999999999574, 0.1399999999999999301, 1.199999999999999956 ) ) ;
#1413 = EDGE_CURVE ( 'NONE', #1629, #496, #2044, .T. ) ;
#1414 = DIRECTION ( 'NONE',  ( 3.206512894596686959E-16, 1.000000000000000000, 0.0000000000000000000 ) ) ;
#1415 = ADVANCED_FACE ( 'NONE', ( #812 ), #2507, .T. ) ;
#1416 = ORIENTED_EDGE ( 'NONE', *, *, #3147, .F. ) ;
#1417 = CARTESIAN_POINT ( 'NONE',  ( -1.439521803230921604, 0.1712895610355455733, -1.957627996209564403 ) ) ;
#1418 = CARTESIAN_POINT ( 'NONE',  ( -1.425649616982122003, 0.1575606778996989088, -1.955568591897868469 ) ) ;
#1419 = ORIENTED_EDGE ( 'NONE', *, *, #407, .F. ) ;
#1420 = SURFACE_STYLE_USAGE ( .BOTH. , #1668 ) ;
#1421 = CARTESIAN_POINT ( 'NONE',  ( -2.350000000000000089, 0.1300000000000000322, 1.199999999999999956 ) ) ;
#1422 = CARTESIAN_POINT ( 'NONE',  ( 2.350000000000000089, 2.498228132021559730E-17, 1.199999999999999956 ) ) ;
#1423 = DIRECTION ( 'NONE',  ( 0.0000000000000000000, 0.0000000000000000000, 1.000000000000000000 ) ) ;
#1424 =( GEOMETRIC_REPRESENTATION_CONTEXT ( 3 ) GLOBAL_UNCERTAINTY_ASSIGNED_CONTEXT ( ( #2796 ) ) GLOBAL_UNIT_ASSIGNED_CONTEXT ( ( #1281, #797, #1544 ) ) REPRESENTATION_CONTEXT ( 'NONE', 'WORKASPACE' ) );
#1425 = VERTEX_POINT ( 'NONE', #2301 ) ;
#1426 = DIRECTION ( 'NONE',  ( -0.0000000000000000000, -0.0000000000000000000, -1.000000000000000000 ) ) ;
#1427 = ORIENTED_EDGE ( 'NONE', *, *, #1768, .T. ) ;
#1428 = CARTESIAN_POINT ( 'NONE',  ( -1.498136279298278861, 0.1650000000000000355, -1.917195940214854177 ) ) ;
#1429 = VECTOR ( 'NONE', #1386, 1000.000000000000000 ) ;
#1430 = EDGE_LOOP ( 'NONE', ( #2843, #554, #2890, #2484 ) ) ;
#1431 = EDGE_CURVE ( 'NONE', #1405, #751, #1072, .T. ) ;
#1432 = VERTEX_POINT ( 'NONE', #1262 ) ;
#1433 = CARTESIAN_POINT ( 'NONE',  ( 1.493263000590194789, 0.1649999999999999800, -1.934875548215687635 ) ) ;
#1434 = CARTESIAN_POINT ( 'NONE',  ( -3.215408690638319911, 0.1867368451944988461, -1.959661669750031976 ) ) ;
#1435 = CARTESIAN_POINT ( 'NONE',  ( 1.418896863914408391, 0.1565974249491664527, -1.955677860182789107 ) ) ;
#1436 = DIRECTION ( 'NONE',  ( -0.5982746983344222613, -0.0000000000000000000, -0.8012910740379278751 ) ) ;
#1437 = ORIENTED_EDGE ( 'NONE', *, *, #2974, .T. ) ;
#1438 =( LENGTH_UNIT ( ) NAMED_UNIT ( * ) SI_UNIT ( .MILLI., .METRE. ) );
#1439 = VERTEX_POINT ( 'NONE', #584 ) ;
#1440 = CARTESIAN_POINT ( 'NONE',  ( 1.518632520609772163, 0.1649999999999999800, -1.903181081450997958 ) ) ;
#1441 =( GEOMETRIC_REPRESENTATION_CONTEXT ( 3 ) GLOBAL_UNCERTAINTY_ASSIGNED_CONTEXT ( ( #1753 ) ) GLOBAL_UNIT_ASSIGNED_CONTEXT ( ( #583, #96, #811 ) ) REPRESENTATION_CONTEXT ( 'NONE', 'WORKASPACE' ) );
#1442 = VERTEX_POINT ( 'NONE', #2767 ) ;
#1443 = FACE_OUTER_BOUND ( 'NONE', #188, .T. ) ;
#1444 = EDGE_CURVE ( 'NONE', #2483, #3188, #389, .T. ) ;
#1445 = VERTEX_POINT ( 'NONE', #2781 ) ;
#1446 = VECTOR ( 'NONE', #2774, 1000.000000000000000 ) ;
#1447 = CARTESIAN_POINT ( 'NONE',  ( 1.416291329275913169, 0.1649999999999999800, -1.956789996597166681 ) ) ;
#1448 = LINE ( 'NONE', #2926, #2756 ) ;
#1449 = FACE_OUTER_BOUND ( 'NONE', #3055, .T. ) ;
#1450 =( BOUNDED_SURFACE ( )  B_SPLINE_SURFACE ( 3, 2, ( 
 ( #1133, #2672, #1624 ),
 ( #2913, #1920, #428 ),
 ( #1411, #2881, #3163 ),
 ( #928, #677, #1674 ) ),
 .UNSPECIFIED., .F., .F., .F. ) 
 B_SPLINE_SURFACE_WITH_KNOTS ( ( 4, 4 ),
 ( 3, 3 ),
 ( 2.511542155111344155, 4.068959677868816627 ),
 ( 0.0000000000000000000, 1.000000000000000000 ),
 .UNSPECIFIED. ) 
 GEOMETRIC_REPRESENTATION_ITEM ( )  RATIONAL_B_SPLINE_SURFACE ( (
 ( 1.000000000000000000, 0.7660444431189826764, 1.000000000000000000),
 ( 1.000000000000000000, 0.7883830336921529014, 1.000000000000000000),
 ( 1.000000000000000000, 0.7818953911209274299, 1.000000000000000000),
 ( 1.000000000000000000, 0.7513104147756364259, 1.000000000000000000) ) ) 
 REPRESENTATION_ITEM ( '' )  SURFACE ( )  );
#1451 = ADVANCED_FACE ( 'NONE', ( #1055 ), #1312, .T. ) ;
#1452 = EDGE_LOOP ( 'NONE', ( #585, #166, #1388, #1647 ) ) ;
#1453 = AXIS2_PLACEMENT_3D ( 'NONE', #1774, #1076, #3065 ) ;
#1454 = EDGE_LOOP ( 'NONE', ( #2613, #1683, #1385, #2037 ) ) ;
#1455 = DIRECTION ( 'NONE',  ( 1.000000000000000000, -1.387993711551809871E-16, 0.0000000000000000000 ) ) ;
#1456 = CARTESIAN_POINT ( 'NONE',  ( -3.510000000000000231, 0.1399999999999998745, 1.199999999999999956 ) ) ;
#1457 = DIRECTION ( 'NONE',  ( -0.0000000000000000000, 0.0000000000000000000, -1.000000000000000000 ) ) ;
#1458 = ORIENTED_EDGE ( 'NONE', *, *, #300, .T. ) ;
#1459 = CARTESIAN_POINT ( 'NONE',  ( -1.516175616852497132, 0.1567364817766692120, -1.857135272548666949 ) ) ;
#1460 = EDGE_LOOP ( 'NONE', ( #927, #123, #1808, #2580 ) ) ;
#1461 = CARTESIAN_POINT ( 'NONE',  ( 3.510000000000000231, 1.492499999999999494, -1.199999999999999956 ) ) ;
#1462 = ORIENTED_EDGE ( 'NONE', *, *, #2003, .T. ) ;
#1463 = CARTESIAN_POINT ( 'NONE',  ( 1.439521803231010200, 0.1712895610354882581, -1.957627996209557075 ) ) ;
#1464 = EDGE_CURVE ( 'NONE', #2164, #3050, #1805, .T. ) ;
#1465 = FACE_OUTER_BOUND ( 'NONE', #2954, .T. ) ;
#1466 = VERTEX_POINT ( 'NONE', #2537 ) ;
#1467 = DIRECTION ( 'NONE',  ( -0.0000000000000000000, -0.0000000000000000000, -1.000000000000000000 ) ) ;
#1468 = EDGE_CURVE ( 'NONE', #629, #3080, #2573, .T. ) ;
#1469 =( BOUNDED_SURFACE ( )  B_SPLINE_SURFACE ( 3, 2, ( 
 ( #1409, #173, #1184 ),
 ( #2863, #1168, #628 ),
 ( #2910, #1622, #2369 ),
 ( #141, #1130, #2119 ) ),
 .UNSPECIFIED., .F., .F., .F. ) 
 B_SPLINE_SURFACE_WITH_KNOTS ( ( 4, 4 ),
 ( 3, 3 ),
 ( 5.359598585891433231, 6.283185307179587120 ),
 ( 0.0000000000000000000, 1.000000000000000000 ),
 .UNSPECIFIED. ) 
 GEOMETRIC_REPRESENTATION_ITEM ( )  RATIONAL_B_SPLINE_SURFACE ( (
 ( 1.000000000000000000, 0.7515263588088602065, 1.000000000000000000),
 ( 1.000000000000000000, 0.7691935166282528602, 1.000000000000000000),
 ( 1.000000000000000000, 0.7795037379605238570, 1.000000000000000000),
 ( 1.000000000000000000, 0.7793945431342134134, 1.000000000000000000) ) ) 
 REPRESENTATION_ITEM ( '' )  SURFACE ( )  );
#1470 = CARTESIAN_POINT ( 'NONE',  ( 2.553644795676804247, 3.076880792165016754, -1.959843661244224045 ) ) ;
#1471 = DIRECTION ( 'NONE',  ( 0.8365229034636068040, -0.5432443253929046811, 0.07151947223816329524 ) ) ;
#1472 = AXIS2_PLACEMENT_3D ( 'NONE', #2821, #331, #1994 ) ;
#1473 = EDGE_LOOP ( 'NONE', ( #1736, #1317, #502, #3083 ) ) ;
#1474 = CARTESIAN_POINT ( 'NONE',  ( -1.493263000590195455, 0.1867368451944989571, 1.959661669750032864 ) ) ;
#1475 = ORIENTED_EDGE ( 'NONE', *, *, #2448, .F. ) ;
#1476 = COLOUR_RGB ( '',0.7529411764705882248, 0.7529411764705882248, 0.7529411764705882248 ) ;
#1477 = PRESENTATION_STYLE_ASSIGNMENT (( #1250 ) ) ;
#1478 =( GEOMETRIC_REPRESENTATION_CONTEXT ( 3 ) GLOBAL_UNCERTAINTY_ASSIGNED_CONTEXT ( ( #2534 ) ) GLOBAL_UNIT_ASSIGNED_CONTEXT ( ( #1521, #2061, #2503 ) ) REPRESENTATION_CONTEXT ( 'NONE', 'WORKASPACE' ) );
#1479 = DIRECTION ( 'NONE',  ( 0.0000000000000000000, 0.0000000000000000000, -1.000000000000000000 ) ) ;
#1480 = DIRECTION ( 'NONE',  ( -0.9848077530122086864, 0.1736481776669270838, 0.0000000000000000000 ) ) ;
#1481 = VECTOR ( 'NONE', #2805, 1000.000000000000000 ) ;
#1482 = ORIENTED_EDGE ( 'NONE', *, *, #1562, .T. ) ;
#1483 = VERTEX_POINT ( 'NONE', #776 ) ;
#1484 = SURFACE_STYLE_FILL_AREA ( #206 ) ;
#1485 = FACE_OUTER_BOUND ( 'NONE', #1842, .T. ) ;
#1486 = LINE ( 'NONE', #1081, #1024 ) ;
#1487 = EDGE_CURVE ( 'NONE', #823, #2967, #1771, .T. ) ;
#1488 =( BOUNDED_CURVE ( )  B_SPLINE_CURVE ( 3, ( #2418, #1888, #1852, #662 ),
 .UNSPECIFIED., .F., .T. ) 
 B_SPLINE_CURVE_WITH_KNOTS ( ( 4, 4 ),
 ( 1.780235837034211066, 2.565634000431656681 ),
 .UNSPECIFIED. ) 
 CURVE ( )  GEOMETRIC_REPRESENTATION_ITEM ( )  RATIONAL_B_SPLINE_CURVE ( ( 1.000000000000000000, 0.9492530216741915661, 0.9492530216741915661, 1.000000000000000000 ) ) 
 REPRESENTATION_ITEM ( '' )  );
#1489 = CARTESIAN_POINT ( 'NONE',  ( -3.519937729381674263, 1.632146845774390842, 1.199999999999999956 ) ) ;
#1490 = APPLICATION_CONTEXT ( 'automotive_design' ) ;
#1491 = EDGE_CURVE ( 'NONE', #2000, #2651, #2358, .T. ) ;
#1492 = EDGE_LOOP ( 'NONE', ( #2667, #2098, #2512, #2586 ) ) ;
#1493 =( NAMED_UNIT ( * ) SI_UNIT ( $, .STERADIAN. ) SOLID_ANGLE_UNIT ( ) );
#1494 = DIRECTION ( 'NONE',  ( 0.9848077530122086864, 0.1736481776669270838, 0.0000000000000000000 ) ) ;
#1495 = ORIENTED_EDGE ( 'NONE', *, *, #1568, .T. ) ;
#1496 = CARTESIAN_POINT ( 'NONE',  ( -1.493263000590194567, 0.1867368451944989571, -1.959661669750032864 ) ) ;
#1497 = LINE ( 'NONE', #1934, #1406 ) ;
#1498 = CARTESIAN_POINT ( 'NONE',  ( 2.563274084203677639, 3.097173386593973898, 1.935061621999262238 ) ) ;
#1499 = AXIS2_PLACEMENT_3D ( 'NONE', #2123, #415, #164 ) ;
#1500 = ORIENTED_EDGE ( 'NONE', *, *, #3108, .T. ) ;
#1501 = CARTESIAN_POINT ( 'NONE',  ( -3.510000000000000231, 1.492499999999999494, -1.199999999999999956 ) ) ;
#1502 = LINE ( 'NONE', #2183, #1613 ) ;
#1503 = CARTESIAN_POINT ( 'NONE',  ( 1.509529126704792779, 0.1571491170773478552, -1.899049423291440108 ) ) ;
#1504 = VECTOR ( 'NONE', #821, 1000.000000000000000 ) ;
#1505 = EDGE_CURVE ( 'NONE', #1887, #2815, #2125, .T. ) ;
#1506 = CARTESIAN_POINT ( 'NONE',  ( -3.649999999999999467, 0.1399999999999998745, 1.199999999999999956 ) ) ;
#1507 = CARTESIAN_POINT ( 'NONE',  ( 1.498136279298279083, 0.1650000000000001465, -1.917195940214854621 ) ) ;
#1508 =( NAMED_UNIT ( * ) SI_UNIT ( $, .STERADIAN. ) SOLID_ANGLE_UNIT ( ) );
#1509 = ORIENTED_EDGE ( 'NONE', *, *, #224, .T. ) ;
#1510 = CARTESIAN_POINT ( 'NONE',  ( 1.400758867749179570, 0.06499999999999994671, -1.943634710031767687 ) ) ;
#1511 = EDGE_CURVE ( 'NONE', #1761, #1425, #2097, .T. ) ;
#1512 = CARTESIAN_POINT ( 'NONE',  ( 1.443158846602350831, 0.1659468258218499137, 1.956924065498894860 ) ) ;
#1513 = DIRECTION ( 'NONE',  ( -1.000000000000000000, -0.0000000000000000000, 0.0000000000000000000 ) ) ;
#1514 = ORIENTED_EDGE ( 'NONE', *, *, #731, .T. ) ;
#1515 = ORIENTED_EDGE ( 'NONE', *, *, #2658, .T. ) ;
#1516 = CARTESIAN_POINT ( 'NONE',  ( -3.495189716937294744, 1.632499999999999396, 2.149999999999999911 ) ) ;
#1517 = CARTESIAN_POINT ( 'NONE',  ( 1.417840125543348151, 0.1569549512060052776, -1.955740809023564841 ) ) ;
#1518 = DIRECTION ( 'NONE',  ( -3.206512894596686959E-16, 1.000000000000000000, 0.0000000000000000000 ) ) ;
#1519 = CARTESIAN_POINT ( 'NONE',  ( 2.544110806505385458, 3.099999999999999645, -1.934875548215686303 ) ) ;
#1520 = UNCERTAINTY_MEASURE_WITH_UNIT (LENGTH_MEASURE( 1.000000000000000082E-05 ), #2509, 'distance_accuracy_value', 'NONE');
#1521 =( LENGTH_UNIT ( ) NAMED_UNIT ( * ) SI_UNIT ( .MILLI., .METRE. ) );
#1522 = VECTOR ( 'NONE', #2394, 1000.000000000000227 ) ;
#1523 = CARTESIAN_POINT ( 'NONE',  ( 3.510000000000000231, 1.502499999999999503, 1.199999999999999956 ) ) ;
#1524 = VECTOR ( 'NONE', #321, 1000.000000000000000 ) ;
#1525 = ADVANCED_FACE ( 'NONE', ( #3135 ), #2251, .T. ) ;
#1526 = EDGE_CURVE ( 'NONE', #205, #2307, #1893, .T. ) ;
#1527 = CARTESIAN_POINT ( 'NONE',  ( -3.266994618958401819, 0.1976351822333073105, -1.938097925653362807 ) ) ;
#1528 = CIRCLE ( 'NONE', #752, 0.02500000000000001180 ) ;
#1529 = CARTESIAN_POINT ( 'NONE',  ( -3.649999999999999911, 0.1399999999999998745, -1.199999999999999956 ) ) ;
#1530 = SURFACE_STYLE_FILL_AREA ( #1559 ) ;
#1531 = EDGE_CURVE ( 'NONE', #3139, #1425, #3219, .T. ) ;
#1532 = ORIENTED_EDGE ( 'NONE', *, *, #747, .T. ) ;
#1533 =( LENGTH_UNIT ( ) NAMED_UNIT ( * ) SI_UNIT ( .MILLI., .METRE. ) );
#1534 = CARTESIAN_POINT ( 'NONE',  ( -3.519999999999999574, 0.1399999999999999301, -1.199999999999999956 ) ) ;
#1535 = CARTESIAN_POINT ( 'NONE',  ( 3.516408643589409522, 1.632561781925869315, -2.138227389356803787 ) ) ;
#1536 = CIRCLE ( 'NONE', #1693, 0.02499999999999990771 ) ;
#1537 = DIRECTION ( 'NONE',  ( 0.0000000000000000000, 0.0000000000000000000, 1.000000000000000000 ) ) ;
#1538 = CARTESIAN_POINT ( 'NONE',  ( -3.215845335317724540, 3.063435193402579415, 1.961613807902857554 ) ) ;
#1539 = CARTESIAN_POINT ( 'NONE',  ( 3.313597226500506476, 2.603548702885595922, 1.998475475918686017 ) ) ;
#1540 = CARTESIAN_POINT ( 'NONE',  ( -3.520000000000000018, 1.632499999999999396, 2.125355806392779989 ) ) ;
#1541 = CARTESIAN_POINT ( 'NONE',  ( 2.350000000000000089, 2.498228132021559730E-17, 1.199999999999999956 ) ) ;
#1542 = ORIENTED_EDGE ( 'NONE', *, *, #2657, .F. ) ;
#1543 = EDGE_CURVE ( 'NONE', #2558, #1341, #3115, .T. ) ;
#1544 =( NAMED_UNIT ( * ) SI_UNIT ( $, .STERADIAN. ) SOLID_ANGLE_UNIT ( ) );
#1545 = EDGE_LOOP ( 'NONE', ( #2928, #2032, #1690, #2592, #977, #2346, #1602, #1204 ) ) ;
#1546 = SURFACE_STYLE_USAGE ( .BOTH. , #590 ) ;
#1547 = CARTESIAN_POINT ( 'NONE',  ( -3.497091790432556913, 1.632484585788959830, 2.149997970680813442 ) ) ;
#1548 = CARTESIAN_POINT ( 'NONE',  ( -3.177330192692604527, 0.1649999999999999800, -1.934875548215687191 ) ) ;
#1549 = VECTOR ( 'NONE', #3218, 1000.000000000000000 ) ;
#1550 = VERTEX_POINT ( 'NONE', #1347 ) ;
#1551 = AXIS2_PLACEMENT_3D ( 'NONE', #125, #892, #647 ) ;
#1552 = CARTESIAN_POINT ( 'NONE',  ( 1.501153731235303157, 0.1649999999999999800, -1.926591060094156038 ) ) ;
#1553 = DIRECTION ( 'NONE',  ( 0.0000000000000000000, -1.000000000000000000, 0.0000000000000000000 ) ) ;
#1554 = UNCERTAINTY_MEASURE_WITH_UNIT (LENGTH_MEASURE( 1.000000000000000082E-05 ), #118, 'distance_accuracy_value', 'NONE');
#1555 = CARTESIAN_POINT ( 'NONE',  ( 3.286565509229157467, 2.600916391023866403, 2.022505563417142493 ) ) ;
#1556 = DIRECTION ( 'NONE',  ( 1.000000000000000000, 0.0000000000000000000, 0.0000000000000000000 ) ) ;
#1557 = ORIENTED_EDGE ( 'NONE', *, *, #1116, .T. ) ;
#1558 = CARTESIAN_POINT ( 'NONE',  ( 1.439521803231445629, 0.1712895610352133946, 1.957627996209520660 ) ) ;
#1559 = FILL_AREA_STYLE ('',( #1316 ) ) ;
#1560 = VERTEX_POINT ( 'NONE', #2338 ) ;
#1561 = FILL_AREA_STYLE ('',( #1284 ) ) ;
#1562 = EDGE_CURVE ( 'NONE', #2688, #744, #1928, .T. ) ;
#1563 = CARTESIAN_POINT ( 'NONE',  ( -3.510927120911031984, 1.632535859481175633, -2.144476789245685300 ) ) ;
#1564 = SURFACE_SIDE_STYLE ('',( #1968 ) ) ;
#1565 = CARTESIAN_POINT ( 'NONE',  ( 3.503528671988046739, 1.632495476168328574, -2.148587939554517767 ) ) ;
#1566 = ADVANCED_FACE ( 'NONE', ( #1628 ), #2626, .T. ) ;
#1567 = VERTEX_POINT ( 'NONE', #1274 ) ;
#1568 = EDGE_CURVE ( 'NONE', #341, #267, #3036, .T. ) ;
#1569 = LINE ( 'NONE', #2059, #2807 ) ;
#1570 = CARTESIAN_POINT ( 'NONE',  ( -3.167584044089497564, 3.099999999999999645, 1.934875548215687857 ) ) ;
#1571 = CARTESIAN_POINT ( 'NONE',  ( 3.281043679102443544, 2.604502433985010690, 2.022033451904852175 ) ) ;
#1572 = CARTESIAN_POINT ( 'NONE',  ( -2.350000000000000089, 0.1300000000000000322, 1.199999999999999956 ) ) ;
#1573 =( BOUNDED_CURVE ( )  B_SPLINE_CURVE ( 3, ( #1687, #633, #1440, #1137 ),
 .UNSPECIFIED., .F., .T. ) 
 B_SPLINE_CURVE_WITH_KNOTS ( ( 4, 4 ),
 ( 5.653134808701137715, 6.283185307179586232 ),
 .UNSPECIFIED. ) 
 CURVE ( )  GEOMETRIC_REPRESENTATION_ITEM ( )  RATIONAL_B_SPLINE_CURVE ( ( 1.000000000000000000, 0.9671923706538523291, 0.9671923706538523291, 1.000000000000000000 ) ) 
 REPRESENTATION_ITEM ( '' )  );
#1574 = AXIS2_PLACEMENT_3D ( 'NONE', #1983, #2707, #1494 ) ;
#1575 = CARTESIAN_POINT ( 'NONE',  ( -3.520646088808463414, 1.629460391138307429, 2.125868750418171249 ) ) ;
#1576 = ORIENTED_EDGE ( 'NONE', *, *, #538, .F. ) ;
#1577 = DIRECTION ( 'NONE',  ( -1.000000000000000000, 0.0000000000000000000, 0.0000000000000000000 ) ) ;
#1578 = DIRECTION ( 'NONE',  ( -0.0000000000000000000, -0.0000000000000000000, -1.000000000000000000 ) ) ;
#1579 = DIRECTION ( 'NONE',  ( -0.1722068331141310693, 0.9766334818541284601, 0.1285762371135640569 ) ) ;
#1580 = VERTEX_POINT ( 'NONE', #2296 ) ;
#1581 = CARTESIAN_POINT ( 'NONE',  ( 2.350000000000000089, 0.1300000000000000322, 1.199999999999999956 ) ) ;
#1582 = CARTESIAN_POINT ( 'NONE',  ( -3.510772620073295602, 1.632534739477679464, 2.144792777674181750 ) ) ;
#1583 = AXIS2_PLACEMENT_3D ( 'NONE', #3145, #1155, #2571 ) ;
#1584 = ORIENTED_EDGE ( 'NONE', *, *, #256, .F. ) ;
#1585 = CARTESIAN_POINT ( 'NONE',  ( -1.417349487350881621, 0.1566298085377389460, -1.955698003179215272 ) ) ;
#1586 = DIRECTION ( 'NONE',  ( 0.0000000000000000000, 0.0000000000000000000, -1.000000000000000000 ) ) ;
#1587 = EDGE_CURVE ( 'NONE', #2924, #1141, #1593, .T. ) ;
#1588 = STYLED_ITEM ( 'NONE', ( #2879 ), #947 ) ;
#1589 = FACE_OUTER_BOUND ( 'NONE', #885, .T. ) ;
#1590 = CARTESIAN_POINT ( 'NONE',  ( 2.562229856798182936, 3.097485925384841021, -1.957130943992718031 ) ) ;
#1591 = VERTEX_POINT ( 'NONE', #1800 ) ;
#1592 = LINE ( 'NONE', #2886, #1065 ) ;
#1593 =( BOUNDED_CURVE ( )  B_SPLINE_CURVE ( 3, ( #2026, #65, #771, #107 ),
 .UNSPECIFIED., .F., .T. ) 
 B_SPLINE_CURVE_WITH_KNOTS ( ( 4, 4 ),
 ( 0.5759586531581358804, 1.361356816555582494 ),
 .UNSPECIFIED. ) 
 CURVE ( )  GEOMETRIC_REPRESENTATION_ITEM ( )  RATIONAL_B_SPLINE_CURVE ( ( 1.000000000000000000, 0.9492530216741912330, 0.9492530216741912330, 1.000000000000000000 ) ) 
 REPRESENTATION_ITEM ( '' )  );
#1594 = DIRECTION ( 'NONE',  ( -0.0000000000000000000, -0.0000000000000000000, -1.000000000000000000 ) ) ;
#1595 = ORIENTED_EDGE ( 'NONE', *, *, #101, .T. ) ;
#1596 = DIRECTION ( 'NONE',  ( -1.000000000000000000, 0.0000000000000000000, 0.0000000000000000000 ) ) ;
#1597 = LINE ( 'NONE', #2599, #1294 ) ;
#1598 = CARTESIAN_POINT ( 'NONE',  ( 3.290512344011931933, 2.595173838340142591, -2.023261584820481573 ) ) ;
#1599 = CARTESIAN_POINT ( 'NONE',  ( 3.500867050298565708, 1.632484688425397179, -2.149517308974520979 ) ) ;
#1600 = VECTOR ( 'NONE', #1103, 1000.000000000000000 ) ;
#1601 = VERTEX_POINT ( 'NONE', #1291 ) ;
#1602 = ORIENTED_EDGE ( 'NONE', *, *, #1639, .T. ) ;
#1603 = CARTESIAN_POINT ( 'NONE',  ( 1.449164031262712538, 0.1568469802892679676, -1.955726594382709349 ) ) ;
#1605 = FILL_AREA_STYLE_COLOUR ( '', #2916 ) ;
#1604 = AXIS2_PLACEMENT_3D ( 'NONE', #2882, #1154, #3129 ) ;
#1606 = B_SPLINE_CURVE_WITH_KNOTS ( 'NONE', 3,
 ( #530, #2311, #854, #1321, #1096, #2791, #559, #1517, #3020, #2811 ),
 .UNSPECIFIED., .F., .F.,
 ( 4, 3, 3, 4 ),
 ( 0.0000000000000000000, 2.743592005052152482E-05, 8.173597189350897973E-05, 8.350641646734281319E-05 ),
 .UNSPECIFIED. ) ;
#1607 = AXIS2_PLACEMENT_3D ( 'NONE', #326, #807, #595 ) ;
#1608 = DIRECTION ( 'NONE',  ( -0.9781476007338063550, 0.2079116908177560119, 0.0000000000000000000 ) ) ;
#1609 = EDGE_CURVE ( 'NONE', #842, #473, #2233, .T. ) ;
#1610 = CARTESIAN_POINT ( 'NONE',  ( -1.526023694382619089, 0.1650000000000000078, -1.857135272548667171 ) ) ;
#1611 = AXIS2_PLACEMENT_3D ( 'NONE', #2828, #304, #1285 ) ;
#1612 = CARTESIAN_POINT ( 'NONE',  ( 2.544110806505385458, 3.078263154805500168, -1.959661669750032864 ) ) ;
#1613 = VECTOR ( 'NONE', #1227, 1000.000000000000000 ) ;
#1614 = ORIENTED_EDGE ( 'NONE', *, *, #2323, .T. ) ;
#1615 = CARTESIAN_POINT ( 'NONE',  ( 3.177330192692604527, 0.1650000000000000355, 1.934875548215687413 ) ) ;
#1616 = ADVANCED_FACE ( 'NONE', ( #1099 ), #824, .T. ) ;
#1617 = CARTESIAN_POINT ( 'NONE',  ( -3.209872423649620110, 3.084772892913271836, -1.958804646469507471 ) ) ;
#1618 = ORIENTED_EDGE ( 'NONE', *, *, #281, .T. ) ;
#1619 =( NAMED_UNIT ( * ) SI_UNIT ( $, .STERADIAN. ) SOLID_ANGLE_UNIT ( ) );
#1620 = DIRECTION ( 'NONE',  ( 0.0000000000000000000, 0.0000000000000000000, 1.000000000000000000 ) ) ;
#1621 = CARTESIAN_POINT ( 'NONE',  ( 3.291881393245413179, 2.588733462056818979, -2.024109476443583855 ) ) ;
#1622 = CARTESIAN_POINT ( 'NONE',  ( -1.479194148729885638, 0.1649999999999972322, -1.942565813928151197 ) ) ;
#1623 = ORIENTED_EDGE ( 'NONE', *, *, #390, .T. ) ;
#1624 = CARTESIAN_POINT ( 'NONE',  ( -1.516175616852497132, 0.1567364817766692398, 1.857135272548665839 ) ) ;
#1625 = DIRECTION ( 'NONE',  ( -3.206512894596686959E-16, -1.000000000000000000, 0.0000000000000000000 ) ) ;
#1626 = CARTESIAN_POINT ( 'NONE',  ( -3.510000000000000231, 0.1399999999999998745, 1.199999999999999956 ) ) ;
#1627 = DIRECTION ( 'NONE',  ( 1.000000000000000000, 0.0000000000000000000, 0.0000000000000000000 ) ) ;
#1628 = FACE_OUTER_BOUND ( 'NONE', #857, .T. ) ;
#1629 = VERTEX_POINT ( 'NONE', #49 ) ;
#1630 = FACE_OUTER_BOUND ( 'NONE', #2113, .T. ) ;
#1631 = VECTOR ( 'NONE', #368, 1000.000000000000000 ) ;
#1632 = DIRECTION ( 'NONE',  ( 1.000000000000000000, 0.0000000000000000000, 0.0000000000000000000 ) ) ;
#1633 = DIRECTION ( 'NONE',  ( -0.8365229034636091354, 0.5432443253929022386, 0.07151947223815167953 ) ) ;
#1634 = ADVANCED_FACE ( 'NONE', ( #2263 ), #1765, .T. ) ;
#1635 = ORIENTED_EDGE ( 'NONE', *, *, #390, .F. ) ;
#1636 = CARTESIAN_POINT ( 'NONE',  ( 1.418896863914408391, 0.1565974249491653147, 1.955677860182789107 ) ) ;
#1637 = CARTESIAN_POINT ( 'NONE',  ( 3.304083610501281409, 2.616592401400321233, -2.020441777498879876 ) ) ;
#1638 = LINE ( 'NONE', #2147, #243 ) ;
#1639 = EDGE_CURVE ( 'NONE', #3012, #2848, #1819, .T. ) ;
#1640 = AXIS2_PLACEMENT_3D ( 'NONE', #2861, #1931, #2130 ) ;
#1641 = CARTESIAN_POINT ( 'NONE',  ( 3.251190774168519759, 0.2487132318694796340, 1.967821015847235566 ) ) ;
#1642 = CARTESIAN_POINT ( 'NONE',  ( 3.223571739631982958, 0.1650000228279641934, -1.956799962795863435 ) ) ;
#1643 = PRESENTATION_LAYER_ASSIGNMENT (  '', '', ( #3213 ) ) ;
#1644 = DIRECTION ( 'NONE',  ( -0.2079116908177560119, -0.9781476007338063550, 0.0000000000000000000 ) ) ;
#1645 = CARTESIAN_POINT ( 'NONE',  ( -3.223571739632000277, 0.1650000228279654979, 1.956799962795856551 ) ) ;
#1646 = CARTESIAN_POINT ( 'NONE',  ( 3.506131065132787494, 1.632507244644493927, 2.147678673007476391 ) ) ;
#1647 = ORIENTED_EDGE ( 'NONE', *, *, #1874, .F. ) ;
#1648 = CARTESIAN_POINT ( 'NONE',  ( -1.493263000590194345, 0.1649999999999999800, -1.934875548215687857 ) ) ;
#1649 = CARTESIAN_POINT ( 'NONE',  ( -1.458813201668095916, 0.1622542580598696493, -1.950411122459820179 ) ) ;
#1650 = ORIENTED_EDGE ( 'NONE', *, *, #2300, .T. ) ;
#1651 = CARTESIAN_POINT ( 'NONE',  ( -3.510000000000000231, 1.502499999999999503, 1.199999999999999956 ) ) ;
#1652 = DIRECTION ( 'NONE',  ( 0.0000000000000000000, 1.000000000000000000, 0.0000000000000000000 ) ) ;
#1653 = EDGE_CURVE ( 'NONE', #3002, #237, #1377, .T. ) ;
#1654 = CARTESIAN_POINT ( 'NONE',  ( -3.521000000000000352, 1.632499999999999396, -2.149999999999999911 ) ) ;
#1655 = CARTESIAN_POINT ( 'NONE',  ( 3.519999999999999574, 0.1399999999999999301, -1.199999999999999956 ) ) ;
#1656 = ORIENTED_EDGE ( 'NONE', *, *, #1093, .T. ) ;
#1657 = ORIENTED_EDGE ( 'NONE', *, *, #2298, .T. ) ;
#1658 = CARTESIAN_POINT ( 'NONE',  ( -3.510000000000000231, 1.492499999999999494, 1.199999999999999956 ) ) ;
#1659 = EDGE_CURVE ( 'NONE', #3169, #3102, #1569, .T. ) ;
#1660 =( NAMED_UNIT ( * ) SI_UNIT ( $, .STERADIAN. ) SOLID_ANGLE_UNIT ( ) );
#1661 = SURFACE_SIDE_STYLE ('',( #2716 ) ) ;
#1662 = DIRECTION ( 'NONE',  ( 0.2062089244771371788, -0.9701367149383298694, -0.1277209215228589101 ) ) ;
#1663 = ORIENTED_EDGE ( 'NONE', *, *, #2124, .F. ) ;
#1664 = CARTESIAN_POINT ( 'NONE',  ( -1.418217336114220073, 0.1565001632926891484, 1.955675642012468796 ) ) ;
#1665 = VECTOR ( 'NONE', #457, 1000.000000000000000 ) ;
#1666 = CARTESIAN_POINT ( 'NONE',  ( -2.350000000000000089, 2.498228132021559730E-17, 1.199999999999999956 ) ) ;
#1667 = ORIENTED_EDGE ( 'NONE', *, *, #1836, .F. ) ;
#1668 = SURFACE_SIDE_STYLE ('',( #3155 ) ) ;
#1669 =( GEOMETRIC_REPRESENTATION_CONTEXT ( 3 ) GLOBAL_UNCERTAINTY_ASSIGNED_CONTEXT ( ( #980 ) ) GLOBAL_UNIT_ASSIGNED_CONTEXT ( ( #2699, #756, #2729 ) ) REPRESENTATION_CONTEXT ( 'NONE', 'WORKASPACE' ) );
#1670 = CARTESIAN_POINT ( 'NONE',  ( -3.167584044089497564, 3.099999999999999645, -1.934875548215688079 ) ) ;
#1671 = CYLINDRICAL_SURFACE ( 'NONE', #833, 0.01000000000000002623 ) ;
#1672 =( NAMED_UNIT ( * ) PLANE_ANGLE_UNIT ( ) SI_UNIT ( $, .RADIAN. ) );
#1673 = EDGE_CURVE ( 'NONE', #1056, #169, #1308, .T. ) ;
#1674 = CARTESIAN_POINT ( 'NONE',  ( -1.415912592539629866, 0.1562893467870067610, 1.955648829280060896 ) ) ;
#1675 = CYLINDRICAL_SURFACE ( 'NONE', #1, 0.01000000000000002623 ) ;
#1676 = CARTESIAN_POINT ( 'NONE',  ( -3.251190774168520203, 0.2487132318694796895, 1.967821015847236010 ) ) ;
#1677 = EDGE_CURVE ( 'NONE', #2429, #2688, #2092, .T. ) ;
#1678 = ORIENTED_EDGE ( 'NONE', *, *, #397, .T. ) ;
#1679 =( LENGTH_UNIT ( ) NAMED_UNIT ( * ) SI_UNIT ( .MILLI., .METRE. ) );
#1680 = ORIENTED_EDGE ( 'NONE', *, *, #813, .T. ) ;
#1681 = CARTESIAN_POINT ( 'NONE',  ( 1.418331564239219356, 0.1572789017687995228, 1.955783457924251456 ) ) ;
#1682 =( BOUNDED_CURVE ( )  B_SPLINE_CURVE ( 3, ( #1769, #523, #294, #2266 ),
 .UNSPECIFIED., .F., .T. ) 
 B_SPLINE_CURVE_WITH_KNOTS ( ( 4, 4 ),
 ( 2.985670068185935389, 3.771643152068242077 ),
 .UNSPECIFIED. ) 
 CURVE ( )  GEOMETRIC_REPRESENTATION_ITEM ( )  RATIONAL_B_SPLINE_CURVE ( ( 1.000000000000000000, 0.9491796587126076767, 0.9491796587126076767, 1.000000000000000000 ) ) 
 REPRESENTATION_ITEM ( '' )  );
#1683 = ORIENTED_EDGE ( 'NONE', *, *, #2763, .F. ) ;
#1684 = CARTESIAN_POINT ( 'NONE',  ( -3.177330192692604527, 0.1650000000000000078, -1.934875548215688079 ) ) ;
#1685 = DIRECTION ( 'NONE',  ( -0.0000000000000000000, -0.0000000000000000000, -1.000000000000000000 ) ) ;
#1686 = VECTOR ( 'NONE', #3051, 1000.000000000000000 ) ;
#1687 = CARTESIAN_POINT ( 'NONE',  ( 1.526023694382619089, 0.1650000000000000078, -1.857135272548666061 ) ) ;
#1688 = ADVANCED_FACE ( 'NONE', ( #3022 ), #2039, .F. ) ;
#1689 = AXIS2_PLACEMENT_3D ( 'NONE', #3170, #933, #1927 ) ;
#1690 = ORIENTED_EDGE ( 'NONE', *, *, #1894, .F. ) ;
#1691 =( LENGTH_UNIT ( ) NAMED_UNIT ( * ) SI_UNIT ( .MILLI., .METRE. ) );
#1692 = EDGE_CURVE ( 'NONE', #1141, #2971, #425, .T. ) ;
#1693 = AXIS2_PLACEMENT_3D ( 'NONE', #862, #1839, #2110 ) ;
#1694 = CARTESIAN_POINT ( 'NONE',  ( 3.219883191157864477, 2.640957364454383782, 1.992018345244680910 ) ) ;
#1695 = EDGE_LOOP ( 'NONE', ( #958, #2676, #351, #420, #2832 ) ) ;
#1696 = FILL_AREA_STYLE ('',( #775 ) ) ;
#1697 = CARTESIAN_POINT ( 'NONE',  ( -3.208073245749247793, 3.074999999999999734, -1.934875548215686303 ) ) ;
#1698 = CARTESIAN_POINT ( 'NONE',  ( 2.544110806505385458, 3.099999999999999201, 1.934875548215688079 ) ) ;
#1699 = CARTESIAN_POINT ( 'NONE',  ( 1.498136279298279083, 0.1650000000000001465, -1.917195940214854621 ) ) ;
#1700 = SURFACE_STYLE_USAGE ( .BOTH. , #708 ) ;
#1701 = FILL_AREA_STYLE_COLOUR ( '', #2733 ) ;
#1702 = ORIENTED_EDGE ( 'NONE', *, *, #1092, .T. ) ;
#1703 =( NAMED_UNIT ( * ) PLANE_ANGLE_UNIT ( ) SI_UNIT ( $, .RADIAN. ) );
#1704 = VECTOR ( 'NONE', #1933, 1000.000000000000000 ) ;
#1705 = EDGE_CURVE ( 'NONE', #169, #1220, #1488, .T. ) ;
#1706 = ORIENTED_EDGE ( 'NONE', *, *, #1692, .F. ) ;
#1707 = AXIS2_PLACEMENT_3D ( 'NONE', #1117, #1940, #1625 ) ;
#1708 = DIRECTION ( 'NONE',  ( -1.000000000000000000, -3.206512894596686959E-16, 0.0000000000000000000 ) ) ;
#1709 = EDGE_CURVE ( 'NONE', #727, #64, #1191, .T. ) ;
#1710 = ORIENTED_EDGE ( 'NONE', *, *, #2298, .F. ) ;
#1711 = PRESENTATION_LAYER_ASSIGNMENT (  '', '', ( #941 ) ) ;
#1712 = DIRECTION ( 'NONE',  ( 1.000000000000000000, 0.0000000000000000000, -0.0000000000000000000 ) ) ;
#1713 = LINE ( 'NONE', #2984, #3185 ) ;
#1714 = CARTESIAN_POINT ( 'NONE',  ( 3.510000000000000231, 1.492499999999999494, 1.199999999999999956 ) ) ;
#1715 = AXIS2_PLACEMENT_3D ( 'NONE', #2521, #2996, #2925 ) ;
#1716 = ORIENTED_EDGE ( 'NONE', *, *, #1333, .T. ) ;
#1717 = CARTESIAN_POINT ( 'NONE',  ( 1.517860955696690661, 0.1650000000000151623, -1.878485042082424838 ) ) ;
#1718 = CARTESIAN_POINT ( 'NONE',  ( 1.460171471075368155, 0.1650000000000000078, 1.934875548215687635 ) ) ;
#1719 = PRESENTATION_STYLE_ASSIGNMENT (( #2472 ) ) ;
#1720 = VERTEX_POINT ( 'NONE', #440 ) ;
#1721 = PLANE ( 'NONE',  #2437 ) ;
#1722 = ORIENTED_EDGE ( 'NONE', *, *, #322, .F. ) ;
#1723 = DIRECTION ( 'NONE',  ( -0.0000000000000000000, -0.0000000000000000000, -1.000000000000000000 ) ) ;
#1724 = EDGE_LOOP ( 'NONE', ( #1349, #1401, #2942 ) ) ;
#1725 = CARTESIAN_POINT ( 'NONE',  ( 1.416858448906715529, 0.1563052619222004558, -1.955655275806696292 ) ) ;
#1726 = CARTESIAN_POINT ( 'NONE',  ( 1.416858448906715973, 0.1563052619222004835, 1.955655275806695848 ) ) ;
#1727 = ADVANCED_FACE ( 'NONE', ( #175 ), #1450, .F. ) ;
#1728 = EDGE_CURVE ( 'NONE', #1720, #251, #189, .T. ) ;
#1729 = ORIENTED_EDGE ( 'NONE', *, *, #1505, .T. ) ;
#1730 = VERTEX_POINT ( 'NONE', #2373 ) ;
#1731 = CARTESIAN_POINT ( 'NONE',  ( 3.177330192692604527, 0.1867368451944989294, 1.959661669750032864 ) ) ;
#1732 = VECTOR ( 'NONE', #280, 1000.000000000000000 ) ;
#1733 = EDGE_CURVE ( 'NONE', #1234, #205, #1818, .T. ) ;
#1734 = DIRECTION ( 'NONE',  ( -1.000000000000000000, 0.0000000000000000000, 0.0000000000000000000 ) ) ;
#1735 = DIRECTION ( 'NONE',  ( -1.000000000000000000, 0.0000000000000000000, 0.0000000000000000000 ) ) ;
#1736 = ORIENTED_EDGE ( 'NONE', *, *, #1157, .T. ) ;
#1737 = AXIS2_PLACEMENT_3D ( 'NONE', #253, #967, #1712 ) ;
#1738 = SURFACE_SIDE_STYLE ('',( #232 ) ) ;
#1739 = VECTOR ( 'NONE', #216, 1000.000000000000227 ) ;
#1740 = ORIENTED_EDGE ( 'NONE', *, *, #218, .T. ) ;
#1741 = DIRECTION ( 'NONE',  ( 0.5446390350150343007, 0.8386705679454192763, 0.0000000000000000000 ) ) ;
#1742 = AXIS2_PLACEMENT_3D ( 'NONE', #1305, #2813, #2776 ) ;
#1743 = DIRECTION ( 'NONE',  ( -0.1736481776669271393, 0.9848077530122086864, 0.0000000000000000000 ) ) ;
#1744 = CARTESIAN_POINT ( 'NONE',  ( -3.510000000000000231, 1.492499999999999494, 1.199999999999999956 ) ) ;
#1745 = ORIENTED_EDGE ( 'NONE', *, *, #3176, .T. ) ;
#1746 = ORIENTED_EDGE ( 'NONE', *, *, #2487, .F. ) ;
#1747 = EDGE_CURVE ( 'NONE', #2184, #2558, #3126, .T. ) ;
#1748 = CARTESIAN_POINT ( 'NONE',  ( -1.400758867749179126, 0.06499999999999994671, -1.943634710031767687 ) ) ;
#1749 = CARTESIAN_POINT ( 'NONE',  ( -3.495189716937295188, 1.632499999999999396, -2.149999999999999911 ) ) ;
#1750 = DIRECTION ( 'NONE',  ( -0.0000000000000000000, -0.0000000000000000000, -1.000000000000000000 ) ) ;
#1751 = EDGE_CURVE ( 'NONE', #142, #1483, #362, .T. ) ;
#1752 = FILL_AREA_STYLE_COLOUR ( '', #3182 ) ;
#1753 = UNCERTAINTY_MEASURE_WITH_UNIT (LENGTH_MEASURE( 1.000000000000000082E-05 ), #583, 'distance_accuracy_value', 'NONE');
#1754 = CARTESIAN_POINT ( 'NONE',  ( -3.521000000000000352, 1.632499999999999396, -2.149999999999999911 ) ) ;
#1755 = LINE ( 'NONE', #1261, #1704 ) ;
#1756 = ORIENTED_EDGE ( 'NONE', *, *, #2107, .T. ) ;
#1757 = VECTOR ( 'NONE', #343, 1000.000000000000000 ) ;
#1758 = CARTESIAN_POINT ( 'NONE',  ( 3.177330192692604527, 0.1867368451944989294, -1.959661669750032864 ) ) ;
#1759 = CARTESIAN_POINT ( 'NONE',  ( 1.469439885037142179, 0.1649999999999999800, 1.958074104794240267 ) ) ;
#1760 = ORIENTED_EDGE ( 'NONE', *, *, #1505, .F. ) ;
#1761 = VERTEX_POINT ( 'NONE', #1641 ) ;
#1762 = CARTESIAN_POINT ( 'NONE',  ( -3.513082245838063500, 1.632548753232372807, -2.142735136310540689 ) ) ;
#1763 =( GEOMETRIC_REPRESENTATION_CONTEXT ( 3 ) GLOBAL_UNCERTAINTY_ASSIGNED_CONTEXT ( ( #2993 ) ) GLOBAL_UNIT_ASSIGNED_CONTEXT ( ( #2977, #959, #2452 ) ) REPRESENTATION_CONTEXT ( 'NONE', 'WORKASPACE' ) );
#1764 = CARTESIAN_POINT ( 'NONE',  ( 2.544110806505385458, 3.099999999999999645, 2.149999999999999911 ) ) ;
#1765 = PLANE ( 'NONE',  #2705 ) ;
#1766 =( LENGTH_UNIT ( ) NAMED_UNIT ( * ) SI_UNIT ( .MILLI., .METRE. ) );
#1767 = PRESENTATION_LAYER_ASSIGNMENT (  '', '', ( #2176 ) ) ;
#1768 = EDGE_CURVE ( 'NONE', #2440, #3169, #3110, .T. ) ;
#1769 = CARTESIAN_POINT ( 'NONE',  ( 1.493263000590194789, 0.1649999999999999800, 1.934875548215687635 ) ) ;
#1770 = CARTESIAN_POINT ( 'NONE',  ( 1.416243292553674316, 0.1649999999999999800, -1.965568041146008804 ) ) ;
#1771 = LINE ( 'NONE', #1523, #2679 ) ;
#1772 = ORIENTED_EDGE ( 'NONE', *, *, #574, .T. ) ;
#1773 = CARTESIAN_POINT ( 'NONE',  ( -2.350000000000000089, 2.498228132021559730E-17, -1.199999999999999956 ) ) ;
#1774 = CARTESIAN_POINT ( 'NONE',  ( -1.500000000000000000, 0.06500000000000005773, 2.149999999999999911 ) ) ;
#1775 = DIRECTION ( 'NONE',  ( 1.000000000000000000, -1.387993711551809871E-16, 0.0000000000000000000 ) ) ;
#1776 = VERTEX_POINT ( 'NONE', #392 ) ;
#1777 = SURFACE_STYLE_USAGE ( .BOTH. , #44 ) ;
#1778 = CARTESIAN_POINT ( 'NONE',  ( -3.512875119658927403, 1.632548167766821656, 2.142936797296953522 ) ) ;
#1779 = CARTESIAN_POINT ( 'NONE',  ( 3.519446143053838849, 1.632544582196444605, -2.130622832496149588 ) ) ;
#1780 = PRESENTATION_STYLE_ASSIGNMENT (( #2315 ) ) ;
#1781 =( BOUNDED_CURVE ( )  B_SPLINE_CURVE ( 3, ( #1299, #831, #98, #3063 ),
 .UNSPECIFIED., .F., .T. ) 
 B_SPLINE_CURVE_WITH_KNOTS ( ( 4, 4 ),
 ( 0.0000000000000000000, 1.396263401595470466 ),
 .UNSPECIFIED. ) 
 CURVE ( )  GEOMETRIC_REPRESENTATION_ITEM ( )  RATIONAL_B_SPLINE_CURVE ( ( 1.000000000000000000, 0.8440296287459837510, 0.8440296287459837510, 1.000000000000000000 ) ) 
 REPRESENTATION_ITEM ( '' )  );
#1782 = CARTESIAN_POINT ( 'NONE',  ( -3.521000000000000352, 1.632499999999999396, -2.149999999999999911 ) ) ;
#1783 = ADVANCED_FACE ( 'NONE', ( #2641 ), #411, .T. ) ;
#1784 = FILL_AREA_STYLE ('',( #2357 ) ) ;
#1785 = MECHANICAL_DESIGN_GEOMETRIC_PRESENTATION_REPRESENTATION (  '', ( #395 ), #3205 ) ;
#1786 = VERTEX_POINT ( 'NONE', #1684 ) ;
#1787 = CARTESIAN_POINT ( 'NONE',  ( -1.400758867749179126, 0.06499999999999994671, 1.943634710031767687 ) ) ;
#1788 = EDGE_CURVE ( 'NONE', #251, #1432, #2684, .T. ) ;
#1789 = AXIS2_PLACEMENT_3D ( 'NONE', #311, #1276, #1012 ) ;
#1790 = CARTESIAN_POINT ( 'NONE',  ( 2.544110806505385458, 3.074999999999999734, -1.934875548215688079 ) ) ;
#1791 = CARTESIAN_POINT ( 'NONE',  ( -1.493263000590194789, 0.1649999999999999800, 1.934875548215687635 ) ) ;
#1792 = ORIENTED_EDGE ( 'NONE', *, *, #519, .T. ) ;
#1793 = CIRCLE ( 'NONE', #402, 0.02500000000000006384 ) ;
#1794 = LINE ( 'NONE', #2583, #1446 ) ;
#1795 =( NAMED_UNIT ( * ) SI_UNIT ( $, .STERADIAN. ) SOLID_ANGLE_UNIT ( ) );
#1796 = SURFACE_SIDE_STYLE ('',( #2327 ) ) ;
#1797 = AXIS2_PLACEMENT_3D ( 'NONE', #905, #1917, #2415 ) ;
#1798 = PRODUCT_DEFINITION_SHAPE ( 'NONE', 'NONE',  #2302 ) ;
#1799 = ORIENTED_EDGE ( 'NONE', *, *, #1609, .F. ) ;
#1800 = CARTESIAN_POINT ( 'NONE',  ( -1.493263000590194789, 0.1649999999999999800, 1.934875548215687635 ) ) ;
#1801 = CARTESIAN_POINT ( 'NONE',  ( -3.189294834419153180, 3.099999772217133742, 1.956799989778686522 ) ) ;
#1802 = UNCERTAINTY_MEASURE_WITH_UNIT (LENGTH_MEASURE( 1.000000000000000082E-05 ), #850, 'distance_accuracy_value', 'NONE');
#1803 = CARTESIAN_POINT ( 'NONE',  ( 1.403701882716453797, 0.08169066727876828082, -1.945832078065417692 ) ) ;
#1804 = PRESENTATION_STYLE_ASSIGNMENT (( #2556 ) ) ;
#1805 =( BOUNDED_CURVE ( )  B_SPLINE_CURVE ( 3, ( #69, #3060, #2012, #829 ),
 .UNSPECIFIED., .F., .T. ) 
 B_SPLINE_CURVE_WITH_KNOTS ( ( 4, 4 ),
 ( 0.0000000000000000000, 0.5759586531581361024 ),
 .UNSPECIFIED. ) 
 CURVE ( )  GEOMETRIC_REPRESENTATION_ITEM ( )  RATIONAL_B_SPLINE_CURVE ( ( 1.000000000000000000, 0.9725464899121281093, 0.9725464899121281093, 1.000000000000000000 ) ) 
 REPRESENTATION_ITEM ( '' )  );
#1806 = CARTESIAN_POINT ( 'NONE',  ( 3.510000000000000231, 0.1399999999999998745, 1.199999999999999956 ) ) ;
#1807 = EDGE_CURVE ( 'NONE', #556, #1432, #3144, .T. ) ;
#1808 = ORIENTED_EDGE ( 'NONE', *, *, #101, .F. ) ;
#1809 = CARTESIAN_POINT ( 'NONE',  ( 1.493263000590195011, 0.1900000000000000022, 1.934875548215687635 ) ) ;
#1810 = PLANE ( 'NONE',  #2245 ) ;
#1811 = EDGE_CURVE ( 'NONE', #1887, #404, #2965, .T. ) ;
#1812 = VERTEX_POINT ( 'NONE', #1731 ) ;
#1813 =( GEOMETRIC_REPRESENTATION_CONTEXT ( 3 ) GLOBAL_UNCERTAINTY_ASSIGNED_CONTEXT ( ( #328 ) ) GLOBAL_UNIT_ASSIGNED_CONTEXT ( ( #37, #2694, #1027 ) ) REPRESENTATION_CONTEXT ( 'NONE', 'WORKASPACE' ) );
#1814 = CARTESIAN_POINT ( 'NONE',  ( -3.520000000000000018, 1.632499999999999396, -2.125468578319839263 ) ) ;
#1815 = FACE_OUTER_BOUND ( 'NONE', #2412, .T. ) ;
#1816 = CARTESIAN_POINT ( 'NONE',  ( 3.495189716937294744, 1.632499999999999396, -2.149999999999999911 ) ) ;
#1817 = ORIENTED_EDGE ( 'NONE', *, *, #2658, .F. ) ;
#1818 = CIRCLE ( 'NONE', #674, 0.02500000000000005343 ) ;
#1819 = LINE ( 'NONE', #2587, #5 ) ;
#1820 = CARTESIAN_POINT ( 'NONE',  ( -3.209872423649617001, 3.084772892913271392, 1.958804646469507915 ) ) ;
#1821 = MANIFOLD_SOLID_BREP ( 'Extrude-Thin2', #2631 ) ;
#1822 = CARTESIAN_POINT ( 'NONE',  ( 3.312264495575472090, 2.605941428239475943, 2.021844004717241905 ) ) ;
#1823 = VECTOR ( 'NONE', #1208, 1000.000000000000114 ) ;
#1824 = SURFACE_SIDE_STYLE ('',( #2096 ) ) ;
#1825 = DIRECTION ( 'NONE',  ( 0.0000000000000000000, 0.0000000000000000000, 1.000000000000000000 ) ) ;
#1826 = ORIENTED_EDGE ( 'NONE', *, *, #306, .F. ) ;
#1827 = FACE_OUTER_BOUND ( 'NONE', #3227, .T. ) ;
#1828 =( BOUNDED_CURVE ( )  B_SPLINE_CURVE ( 3, ( #2431, #1993, #3204, #2011 ),
 .UNSPECIFIED., .F., .T. ) 
 B_SPLINE_CURVE_WITH_KNOTS ( ( 4, 4 ),
 ( 2.565634000431656236, 3.141592653589793116 ),
 .UNSPECIFIED. ) 
 CURVE ( )  GEOMETRIC_REPRESENTATION_ITEM ( )  RATIONAL_B_SPLINE_CURVE ( ( 1.000000000000000000, 0.9725464899121278872, 0.9725464899121278872, 1.000000000000000000 ) ) 
 REPRESENTATION_ITEM ( '' )  );
#1829 = CARTESIAN_POINT ( 'NONE',  ( 1.416858448906715529, 0.1563052619222004558, 1.955655275806696292 ) ) ;
#1830 = DIRECTION ( 'NONE',  ( 2.201855477212235802E-14, 0.0000000000000000000, -1.000000000000000000 ) ) ;
#1831 = ORIENTED_EDGE ( 'NONE', *, *, #2387, .F. ) ;
#1832 = CARTESIAN_POINT ( 'NONE',  ( -3.506131065132787494, 1.632507244644493483, 2.147678673007475947 ) ) ;
#1833 = EDGE_CURVE ( 'NONE', #2967, #1550, #2165, .T. ) ;
#1834 = CARTESIAN_POINT ( 'NONE',  ( -3.265837013593916982, 0.1994782531725378949, -1.961339107933093739 ) ) ;
#1835 = ORIENTED_EDGE ( 'NONE', *, *, #755, .F. ) ;
#1836 = EDGE_CURVE ( 'NONE', #1301, #1786, #723, .T. ) ;
#1837 = CARTESIAN_POINT ( 'NONE',  ( -3.192037734107842528, 3.058460947075944514, 1.962268679855373898 ) ) ;
#1838 = PRODUCT_RELATED_PRODUCT_CATEGORY ( 'part', '', ( #2057 ) ) ;
#1839 = DIRECTION ( 'NONE',  ( -0.1722068331141276276, -0.9766334818541291263, 0.1285762371135648896 ) ) ;
#1840 = VECTOR ( 'NONE', #1723, 1000.000000000000000 ) ;
#1841 = DIRECTION ( 'NONE',  ( 0.8365229034636091354, -0.5432443253929022386, -0.07151947223815169341 ) ) ;
#1842 = EDGE_LOOP ( 'NONE', ( #1722, #1268, #1495, #865 ) ) ;
#1843 = CARTESIAN_POINT ( 'NONE',  ( 3.177330192692604527, 0.1867368451944989294, 1.959661669750032864 ) ) ;
#1844 = SURFACE_SIDE_STYLE ('',( #2903 ) ) ;
#1845 = B_SPLINE_CURVE_WITH_KNOTS ( 'NONE', 3,
 ( #820, #767, #543, #2514, #2790, #558, #1563, #1762, #1320, #2546, #31, #323, #2531, #1303, #2758, #1814 ),
 .UNSPECIFIED., .F., .F.,
 ( 4, 3, 3, 3, 3, 4 ),
 ( 3.303227635422117233E-11, 8.457698576407384156E-06, 1.692610313975275403E-05, 2.524114196510338388E-05, 3.342810258759463442E-05, 3.856645451242420779E-05 ),
 .UNSPECIFIED. ) ;
#1846 = ORIENTED_EDGE ( 'NONE', *, *, #2428, .T. ) ;
#1847 = CARTESIAN_POINT ( 'NONE',  ( -1.504577633732794961, 0.1649999999999999800, -1.922005302887216605 ) ) ;
#1848 = CARTESIAN_POINT ( 'NONE',  ( 3.313597226500506476, 2.603548702885595922, -1.998475475918686017 ) ) ;
#1849 = FACE_OUTER_BOUND ( 'NONE', #1360, .T. ) ;
#1850 = ADVANCED_FACE ( 'NONE', ( #240 ), #2988, .F. ) ;
#1851 = ORIENTED_EDGE ( 'NONE', *, *, #680, .T. ) ;
#1852 = CARTESIAN_POINT ( 'NONE',  ( 3.305929756283331411, 2.614887154014239989, -1.997729105402668459 ) ) ;
#1853 =( GEOMETRIC_REPRESENTATION_CONTEXT ( 3 ) GLOBAL_UNCERTAINTY_ASSIGNED_CONTEXT ( ( #4 ) ) GLOBAL_UNIT_ASSIGNED_CONTEXT ( ( #1023, #1272, #2501 ) ) REPRESENTATION_CONTEXT ( 'NONE', 'WORKASPACE' ) );
#1854 = DIRECTION ( 'NONE',  ( -0.1736481776669271393, 0.9848077530122086864, 0.0000000000000000000 ) ) ;
#1855 = CARTESIAN_POINT ( 'NONE',  ( -3.520000000000000018, 1.632499999999999396, 2.149999999999999911 ) ) ;
#1856 = DIRECTION ( 'NONE',  ( 0.0000000000000000000, 0.1305261922200449953, -0.9914448613738112703 ) ) ;
#1857 = CARTESIAN_POINT ( 'NONE',  ( 3.508456152414611839, 1.632521017590796708, 2.146233045707547582 ) ) ;
#1858 = ORIENTED_EDGE ( 'NONE', *, *, #2200, .F. ) ;
#1859 = CARTESIAN_POINT ( 'NONE',  ( -1.425649616982122003, 0.1575606778996989643, 1.955568591897868469 ) ) ;
#1860 = LINE ( 'NONE', #667, #3090 ) ;
#1861 = VERTEX_POINT ( 'NONE', #754 ) ;
#1862 = CARTESIAN_POINT ( 'NONE',  ( 1.422271568407710740, 0.1570804505870692369, 1.955688876169691559 ) ) ;
#1863 = CARTESIAN_POINT ( 'NONE',  ( 3.290484428866505606, 2.595305662735697627, 2.023244229809563866 ) ) ;
#1864 = FACE_OUTER_BOUND ( 'NONE', #2213, .T. ) ;
#1865 = CIRCLE ( 'NONE', #2748, 0.1399999999999999301 ) ;
#1866 = VERTEX_POINT ( 'NONE', #1748 ) ;
#1867 = CARTESIAN_POINT ( 'NONE',  ( 1.416858448906715973, 0.1563052619222004835, -1.955655275806696292 ) ) ;
#1869 = CARTESIAN_POINT ( 'NONE',  ( 3.177330192692604527, 0.1650000000000000355, -1.934875548215687191 ) ) ;
#1868 = VECTOR ( 'NONE', #2406, 1000.000000000000000 ) ;
#1870 = AXIS2_PLACEMENT_3D ( 'NONE', #1212, #944, #2434 ) ;
#1871 = FILL_AREA_STYLE ('',( #876 ) ) ;
#1872 = DIRECTION ( 'NONE',  ( 0.0000000000000000000, 0.0000000000000000000, 1.000000000000000000 ) ) ;
#1873 = ADVANCED_FACE ( 'NONE', ( #2743 ), #515, .F. ) ;
#1874 = EDGE_CURVE ( 'NONE', #1126, #3002, #124, .T. ) ;
#1875 = CARTESIAN_POINT ( 'NONE',  ( 3.219883191157864477, 2.644220519259885105, -2.016804466779026139 ) ) ;
#1876 = AXIS2_PLACEMENT_3D ( 'NONE', #1790, #2559, #1315 ) ;
#1877 = VERTEX_POINT ( 'NONE', #2562 ) ;
#1878 = CARTESIAN_POINT ( 'NONE',  ( -3.177330192692604527, 0.2650000000000000133, 2.149999999999999911 ) ) ;
#1879 = ADVANCED_FACE ( 'NONE', ( #3005 ), #2053, .T. ) ;
#1880 = COLOUR_RGB ( '',0.2000000000000000111, 0.2000000000000000111, 0.2000000000000000111 ) ;
#1881 = CARTESIAN_POINT ( 'NONE',  ( -3.167584044089497564, 3.078263154805500168, -1.959661669750032864 ) ) ;
#1882 = EDGE_LOOP ( 'NONE', ( #1946, #1147, #1614, #2134 ) ) ;
#1883 = CARTESIAN_POINT ( 'NONE',  ( 1.479743473940440923, 0.1644305911828926048, 1.941858401367489773 ) ) ;
#1884 = DIRECTION ( 'NONE',  ( 0.2062089244771383167, -0.9701367149383298694, 0.1277209215228557182 ) ) ;
#1885 = CARTESIAN_POINT ( 'NONE',  ( 3.290484428866505162, 2.595305662735697627, -2.023244229809563866 ) ) ;
#1886 = CYLINDRICAL_SURFACE ( 'NONE', #459, 0.1399999999999999301 ) ;
#1887 = VERTEX_POINT ( 'NONE', #1256 ) ;
#1888 = CARTESIAN_POINT ( 'NONE',  ( 3.313541154505942998, 2.603812500879518765, -1.998458108275218414 ) ) ;
#1889 = EDGE_CURVE ( 'NONE', #1629, #271, #2818, .T. ) ;
#1890 = LINE ( 'NONE', #2153, #310 ) ;
#1891 = CARTESIAN_POINT ( 'NONE',  ( 2.558921481253488839, 3.099999999999999645, 2.149999999999999911 ) ) ;
#1892 = CARTESIAN_POINT ( 'NONE',  ( -3.244948179012372869, 0.2133098350948325894, 1.963160070238776367 ) ) ;
#1893 = LINE ( 'NONE', #2873, #1522 ) ;
#1894 = EDGE_CURVE ( 'NONE', #556, #1442, #1794, .T. ) ;
#1895 = ORIENTED_EDGE ( 'NONE', *, *, #1310, .F. ) ;
#1896 = CARTESIAN_POINT ( 'NONE',  ( -1.486592833998040319, 0.1650000000000001188, 1.938516553594354264 ) ) ;
#1897 = DIRECTION ( 'NONE',  ( -1.000000000000000000, -1.387993711551809871E-16, 0.0000000000000000000 ) ) ;
#1898 = EDGE_CURVE ( 'NONE', #2800, #2307, #1845, .T. ) ;
#1899 = ORIENTED_EDGE ( 'NONE', *, *, #2236, .F. ) ;
#1900 = CYLINDRICAL_SURFACE ( 'NONE', #1640, 0.02499999999999991812 ) ;
#1901 = CARTESIAN_POINT ( 'NONE',  ( -1.464843416379158603, 0.1867340610423907366, 1.959661303209454308 ) ) ;
#1902 = DIRECTION ( 'NONE',  ( -0.0000000000000000000, -0.0000000000000000000, -1.000000000000000000 ) ) ;
#1903 = ORIENTED_EDGE ( 'NONE', *, *, #2094, .F. ) ;
#1904 = CARTESIAN_POINT ( 'NONE',  ( 3.291881393245413179, 2.585470307251317656, 1.999323354909239070 ) ) ;
#1905 = LINE ( 'NONE', #1412, #1868 ) ;
#1906 = AXIS2_PLACEMENT_3D ( 'NONE', #1026, #3039, #1260 ) ;
#1907 = LINE ( 'NONE', #2335, #2576 ) ;
#1908 = LINE ( 'NONE', #2900, #2222 ) ;
#1909 = AXIS2_PLACEMENT_3D ( 'NONE', #925, #1392, #2927 ) ;
#1910 = ORIENTED_EDGE ( 'NONE', *, *, #322, .T. ) ;
#1911 = CARTESIAN_POINT ( 'NONE',  ( -1.479743473940441145, 0.1644305911828925770, 1.941858401367489773 ) ) ;
#1912 = ADVANCED_FACE ( 'NONE', ( #573 ), #2310, .T. ) ;
#1913 = CARTESIAN_POINT ( 'NONE',  ( 3.294659654977819319, 2.622206043378144447, -1.997247330370507168 ) ) ;
#1914 = ORIENTED_EDGE ( 'NONE', *, *, #538, .T. ) ;
#1915 = DIRECTION ( 'NONE',  ( 0.0000000000000000000, -0.0000000000000000000, 1.000000000000000000 ) ) ;
#1916 = CARTESIAN_POINT ( 'NONE',  ( 3.281043679102443544, 2.604502433985010690, -2.022033451904852175 ) ) ;
#1917 = DIRECTION ( 'NONE',  ( 0.0000000000000000000, 1.000000000000000000, 0.0000000000000000000 ) ) ;
#1918 =( BOUNDED_CURVE ( )  B_SPLINE_CURVE ( 3, ( #974, #2435, #1470, #2004 ),
 .UNSPECIFIED., .F., .T. ) 
 B_SPLINE_CURVE_WITH_KNOTS ( ( 4, 4 ),
 ( 3.141592653589793116, 3.717551306747916673 ),
 .UNSPECIFIED. ) 
 CURVE ( )  GEOMETRIC_REPRESENTATION_ITEM ( )  RATIONAL_B_SPLINE_CURVE ( ( 1.000000000000000000, 0.9725464899121292195, 0.9725464899121292195, 1.000000000000000000 ) ) 
 REPRESENTATION_ITEM ( '' )  );
#1919 = ORIENTED_EDGE ( 'NONE', *, *, #1587, .T. ) ;
#1920 = CARTESIAN_POINT ( 'NONE',  ( -1.518209057107721582, 0.1650000000000385048, 1.911044238614751034 ) ) ;
#1921 = DIRECTION ( 'NONE',  ( 0.9848077530122086864, -0.1736481776669270838, 0.0000000000000000000 ) ) ;
#1922 = AXIS2_PLACEMENT_3D ( 'NONE', #1572, #380, #846 ) ;
#1923 = EDGE_LOOP ( 'NONE', ( #2084, #2464, #3200, #1114 ) ) ;
#1924 = CARTESIAN_POINT ( 'NONE',  ( -3.225261648734251807, 0.1649999999999999800, 1.934875551020017959 ) ) ;
#1925 = CIRCLE ( 'NONE', #1343, 0.01000000000000002623 ) ;
#1926 = VERTEX_POINT ( 'NONE', #529 ) ;
#1927 = DIRECTION ( 'NONE',  ( -1.000000000000000000, 0.0000000000000000000, 0.0000000000000000000 ) ) ;
#1928 = CIRCLE ( 'NONE', #313, 0.009999999999999592548 ) ;
#1929 = CARTESIAN_POINT ( 'NONE',  ( -1.486592833998039653, 0.1649999999999999800, -1.938516553594354708 ) ) ;
#1930 = ORIENTED_EDGE ( 'NONE', *, *, #2872, .T. ) ;
#1931 = DIRECTION ( 'NONE',  ( -0.1722068331141306252, -0.9766334818541285712, -0.1285762371135640569 ) ) ;
#1932 = COLOUR_RGB ( '',0.7529411764705882248, 0.7529411764705882248, 0.7529411764705882248 ) ;
#1933 = DIRECTION ( 'NONE',  ( -1.000000000000000000, 0.0000000000000000000, -0.0000000000000000000 ) ) ;
#1934 = CARTESIAN_POINT ( 'NONE',  ( 3.276356632498244270, 0.2507297994168276589, 1.943442308394177642 ) ) ;
#1935 = FACE_OUTER_BOUND ( 'NONE', #635, .T. ) ;
#1936 = ORIENTED_EDGE ( 'NONE', *, *, #2487, .T. ) ;
#1937 = EDGE_CURVE ( 'NONE', #2726, #629, #1271, .T. ) ;
#1938 = FILL_AREA_STYLE_COLOUR ( '', #367 ) ;
#1939 =( BOUNDED_SURFACE ( )  B_SPLINE_SURFACE ( 3, 2, ( 
 ( #27, #236, #2463 ),
 ( #988, #1016, #764 ),
 ( #513, #1759, #2740 ),
 ( #720, #2696, #1223 ) ),
 .UNSPECIFIED., .F., .F., .F. ) 
 B_SPLINE_SURFACE_WITH_KNOTS ( ( 4, 4 ),
 ( 3, 3 ),
 ( 2.511542155111344155, 4.068959677868816627 ),
 ( 0.0000000000000000000, 1.000000000000000000 ),
 .UNSPECIFIED. ) 
 GEOMETRIC_REPRESENTATION_ITEM ( )  RATIONAL_B_SPLINE_SURFACE ( (
 ( 1.000000000000000000, 0.7660444431189826764, 1.000000000000000000),
 ( 1.000000000000000000, 0.7883830336921476833, 1.000000000000000000),
 ( 1.000000000000000000, 0.7818953911209322039, 1.000000000000000000),
 ( 1.000000000000000000, 0.7513104147756373141, 1.000000000000000000) ) ) 
 REPRESENTATION_ITEM ( '' )  SURFACE ( )  );
#1940 = DIRECTION ( 'NONE',  ( -1.000000000000000000, 3.206512894596686959E-16, 0.0000000000000000000 ) ) ;
#1941 = EDGE_CURVE ( 'NONE', #2983, #2713, #3019, .T. ) ;
#1942 = ORIENTED_EDGE ( 'NONE', *, *, #2257, .T. ) ;
#1943 = CARTESIAN_POINT ( 'NONE',  ( -3.177330192692604527, 0.1649999999999999800, 1.934875548215687413 ) ) ;
#1944 = EDGE_LOOP ( 'NONE', ( #187, #510, #376, #116 ) ) ;
#1945 = DIRECTION ( 'NONE',  ( -0.0000000000000000000, -0.0000000000000000000, -1.000000000000000000 ) ) ;
#1946 = ORIENTED_EDGE ( 'NONE', *, *, #2003, .F. ) ;
#1947 = CARTESIAN_POINT ( 'NONE',  ( 3.177330192692604527, 0.1650000000000000078, 2.149999999999999911 ) ) ;
#1948 = CARTESIAN_POINT ( 'NONE',  ( -3.244578512391953051, 0.2112132318694794064, -1.962884047187707814 ) ) ;
#1949 = FACE_OUTER_BOUND ( 'NONE', #2273, .T. ) ;
#1950 = CARTESIAN_POINT ( 'NONE',  ( 2.553168403382275908, 3.099999904970506481, 1.956799972301375812 ) ) ;
#1951 = EDGE_LOOP ( 'NONE', ( #2372, #3127, #480, #2604 ) ) ;
#1952 = ORIENTED_EDGE ( 'NONE', *, *, #7, .F. ) ;
#1953 = AXIS2_PLACEMENT_3D ( 'NONE', #1541, #2028, #1825 ) ;
#1954 = CARTESIAN_POINT ( 'NONE',  ( 1.400758867749178682, 0.06499999999999994671, 1.943634710031767687 ) ) ;
#1955 = CARTESIAN_POINT ( 'NONE',  ( 2.350000000000000089, 0.1300000000000000322, 1.199999999999999956 ) ) ;
#1956 = PRESENTATION_STYLE_ASSIGNMENT (( #2232 ) ) ;
#1957 = VECTOR ( 'NONE', #56, 1000.000000000000114 ) ;
#1958 = CARTESIAN_POINT ( 'NONE',  ( 2.544110806505385458, 3.078263154805500612, 1.959661669750033308 ) ) ;
#1959 = EDGE_CURVE ( 'NONE', #2971, #2566, #916, .T. ) ;
#1960 = ORIENTED_EDGE ( 'NONE', *, *, #2200, .T. ) ;
#1961 = EDGE_CURVE ( 'NONE', #524, #1861, #2806, .T. ) ;
#1962 = ORIENTED_EDGE ( 'NONE', *, *, #2094, .T. ) ;
#1963 = LINE ( 'NONE', #2238, #1739 ) ;
#1964 = DIRECTION ( 'NONE',  ( 0.0000000000000000000, -0.9914448613738112703, 0.1305261922200446900 ) ) ;
#1965 = CARTESIAN_POINT ( 'NONE',  ( 3.520000000000000018, 1.632499999999999396, -2.125468578319839263 ) ) ;
#1966 = VERTEX_POINT ( 'NONE', #642 ) ;
#1967 = CARTESIAN_POINT ( 'NONE',  ( 3.519937729381674263, 1.632146845774390842, 1.199999999999999956 ) ) ;
#1968 = SURFACE_STYLE_FILL_AREA ( #3211 ) ;
#1969 = ORIENTED_EDGE ( 'NONE', *, *, #2344, .F. ) ;
#1970 = EDGE_CURVE ( 'NONE', #1629, #2174, #154, .T. ) ;
#1971 = AXIS2_PLACEMENT_3D ( 'NONE', #292, #1275, #963 ) ;
#1972 = ORIENTED_EDGE ( 'NONE', *, *, #196, .F. ) ;
#1973 = DIRECTION ( 'NONE',  ( 0.8365229034636065819, -0.5432443253929045701, 0.07151947223816390586 ) ) ;
#1974 = CARTESIAN_POINT ( 'NONE',  ( 1.486592833998040097, 0.1649999999999999800, -1.938516553594354486 ) ) ;
#1975 = CYLINDRICAL_SURFACE ( 'NONE', #2785, 0.02499999999999991812 ) ;
#1976 = ORIENTED_EDGE ( 'NONE', *, *, #2025, .T. ) ;
#1977 = ORIENTED_EDGE ( 'NONE', *, *, #2351, .T. ) ;
#1978 = PRESENTATION_STYLE_ASSIGNMENT (( #973 ) ) ;
#1979 = DIRECTION ( 'NONE',  ( 0.9781476007338064660, 0.2079116908177548462, 0.0000000000000000000 ) ) ;
#1980 = CYLINDRICAL_SURFACE ( 'NONE', #917, 0.01000000000000002623 ) ;
#1981 = DIRECTION ( 'NONE',  ( 0.1722068331141310693, 0.9766334818541284601, -0.1285762371135640569 ) ) ;
#1982 = ORIENTED_EDGE ( 'NONE', *, *, #1413, .F. ) ;
#1983 = CARTESIAN_POINT ( 'NONE',  ( -3.495955125872484803, 1.640104004584216124, 2.125785362180674376 ) ) ;
#1984 = EDGE_CURVE ( 'NONE', #2574, #205, #700, .T. ) ;
#1985 = ORIENTED_EDGE ( 'NONE', *, *, #2612, .T. ) ;
#1986 = LINE ( 'NONE', #2191, #1351 ) ;
#1987 = PRESENTATION_STYLE_ASSIGNMENT (( #14 ) ) ;
#1988 = ORIENTED_EDGE ( 'NONE', *, *, #1332, .F. ) ;
#1989 = CARTESIAN_POINT ( 'NONE',  ( 1.504577633732794961, 0.1649999999999999800, -1.922005302887217049 ) ) ;
#1990 = CARTESIAN_POINT ( 'NONE',  ( 3.177330192692604527, 0.1867368451944989294, 1.959661669750032864 ) ) ;
#1991 = LINE ( 'NONE', #2703, #826 ) ;
#1992 = CARTESIAN_POINT ( 'NONE',  ( 3.304083610501282298, 2.616592401400320345, 2.020441777498879876 ) ) ;
#1993 = CARTESIAN_POINT ( 'NONE',  ( 2.563178784848224367, 3.097235274719031484, -1.935057539709878593 ) ) ;
#1994 = DIRECTION ( 'NONE',  ( 1.000000000000000000, 0.0000000000000000000, 0.0000000000000000000 ) ) ;
#1995 = ORIENTED_EDGE ( 'NONE', *, *, #1229, .F. ) ;
#1996 = AXIS2_PLACEMENT_3D ( 'NONE', #1855, #2899, #379 ) ;
#1997 = LINE ( 'NONE', #2803, #997 ) ;
#1998 = CARTESIAN_POINT ( 'NONE',  ( -3.208073245749247793, 3.099999999999999645, 1.934875548215687857 ) ) ;
#1999 = MECHANICAL_DESIGN_GEOMETRIC_PRESENTATION_REPRESENTATION (  '', ( #2997 ), #1424 ) ;
#2000 = VERTEX_POINT ( 'NONE', #3140 ) ;
#2001 = ORIENTED_EDGE ( 'NONE', *, *, #1054, .F. ) ;
#2002 = DIRECTION ( 'NONE',  ( 0.5446390350150343007, 0.8386705679454192763, 0.0000000000000000000 ) ) ;
#2003 = EDGE_CURVE ( 'NONE', #210, #902, #2172, .T. ) ;
#2004 = CARTESIAN_POINT ( 'NONE',  ( 2.557726782380761232, 3.074229919004136224, -1.960192655316641552 ) ) ;
#2005 = CARTESIAN_POINT ( 'NONE',  ( 3.510000000000000231, 0.1399999999999998745, 1.199999999999999956 ) ) ;
#2006 = ADVANCED_FACE ( 'NONE', ( #2619 ), #2893, .F. ) ;
#2007 = CARTESIAN_POINT ( 'NONE',  ( -2.350000000000000089, 0.1300000000000000322, -1.199999999999999956 ) ) ;
#2008 =( BOUNDED_CURVE ( )  B_SPLINE_CURVE ( 3, ( #2711, #488, #3049, #2770 ),
 .UNSPECIFIED., .F., .T. ) 
 B_SPLINE_CURVE_WITH_KNOTS ( ( 4, 4 ),
 ( 1.745329251994320430, 3.141592653589793116 ),
 .UNSPECIFIED. ) 
 CURVE ( )  GEOMETRIC_REPRESENTATION_ITEM ( )  RATIONAL_B_SPLINE_CURVE ( ( 1.000000000000000000, 0.8440296287459834179, 0.8440296287459834179, 1.000000000000000000 ) ) 
 REPRESENTATION_ITEM ( '' )  );
#2009 =( BOUNDED_SURFACE ( )  B_SPLINE_SURFACE ( 3, 2, ( 
 ( #2539, #2397, #1648 ),
 ( #2380, #2858, #401 ),
 ( #1417, #2628, #434 ),
 ( #2127, #3118, #2841 ) ),
 .UNSPECIFIED., .F., .F., .F. ) 
 B_SPLINE_SURFACE_WITH_KNOTS ( ( 4, 4 ),
 ( 3, 3 ),
 ( 0.0000000000000000000, 8.350641646734220333E-05 ),
 ( 0.0000000000000000000, 1.000000000000000000 ),
 .UNSPECIFIED. ) 
 GEOMETRIC_REPRESENTATION_ITEM ( )  RATIONAL_B_SPLINE_SURFACE ( (
 ( 1.000000000000000000, 0.7518398074789754970, 1.000000000000000000),
 ( 1.000000000000000000, 0.8845272019757246529, 1.000000000000000000),
 ( 1.000000000000000000, 1.002073273659882302, 1.000000000000000000),
 ( 1.000000000000000000, 1.000000000000000000, 1.000000000000000000) ) ) 
 REPRESENTATION_ITEM ( '' )  SURFACE ( )  );
#2010 = CARTESIAN_POINT ( 'NONE',  ( 3.316335083263758587, 2.590668099521761469, 1.999323354909238626 ) ) ;
#2011 = CARTESIAN_POINT ( 'NONE',  ( 2.544110806505385458, 3.099999999999999645, -1.934875548215686303 ) ) ;
#2012 = CARTESIAN_POINT ( 'NONE',  ( 2.563178784848223923, 3.097235274719031484, 1.935057539709879482 ) ) ;
#2013 = VECTOR ( 'NONE', #2170, 1000.000000000000114 ) ;
#2014 = ORIENTED_EDGE ( 'NONE', *, *, #938, .T. ) ;
#2015 = CARTESIAN_POINT ( 'NONE',  ( -3.519999999999999574, 0.1399999999999999301, 1.199999999999999956 ) ) ;
#2016 = APPLICATION_PROTOCOL_DEFINITION ( 'draft international standard', 'automotive_design', 1998, #1490 ) ;
#2017 = CARTESIAN_POINT ( 'NONE',  ( 3.219883191157864477, 2.644220519259885105, 2.016804466779026139 ) ) ;
#2018 = ORIENTED_EDGE ( 'NONE', *, *, #181, .T. ) ;
#2019 = CARTESIAN_POINT ( 'NONE',  ( -2.350000000000000089, 0.1300000000000000322, 1.199999999999999956 ) ) ;
#2020 = DIRECTION ( 'NONE',  ( 1.387993711551809871E-16, 1.000000000000000000, -0.0000000000000000000 ) ) ;
#2022 = VECTOR ( 'NONE', #2145, 1000.000000000000000 ) ;
#2021 = CARTESIAN_POINT ( 'NONE',  ( 2.350000000000000089, 2.498228132021559730E-17, -1.199999999999999956 ) ) ;
#2023 = CARTESIAN_POINT ( 'NONE',  ( 3.514963640436850945, 1.632559052879710260, -2.140591716552399326 ) ) ;
#2024 = VECTOR ( 'NONE', #1080, 1000.000000000000000 ) ;
#2025 = EDGE_CURVE ( 'NONE', #1141, #3139, #1390, .T. ) ;
#2026 = CARTESIAN_POINT ( 'NONE',  ( 3.294659654977819319, 2.622206043378144447, 1.997247330370506724 ) ) ;
#2027 = EDGE_CURVE ( 'NONE', #39, #2120, #2345, .T. ) ;
#2028 = DIRECTION ( 'NONE',  ( -1.000000000000000000, 0.0000000000000000000, 0.0000000000000000000 ) ) ;
#2029 = ORIENTED_EDGE ( 'NONE', *, *, #178, .F. ) ;
#2030 = LINE ( 'NONE', #1773, #2201 ) ;
#2031 = CARTESIAN_POINT ( 'NONE',  ( 1.416858448906715529, 0.1563052619222004003, 1.955655275806696292 ) ) ;
#2032 = ORIENTED_EDGE ( 'NONE', *, *, #2570, .T. ) ;
#2033 = CARTESIAN_POINT ( 'NONE',  ( -3.519937729381674263, 1.632146845774390842, 1.199999999999999956 ) ) ;
#2034 = CARTESIAN_POINT ( 'NONE',  ( -3.520000000000000018, 1.632499999999999396, 2.125468578319840596 ) ) ;
#2035 = LINE ( 'NONE', #2021, #3015 ) ;
#2036 = CARTESIAN_POINT ( 'NONE',  ( -3.223571739631984734, 0.1650000228279665804, -1.956799962795863435 ) ) ;
#2037 = ORIENTED_EDGE ( 'NONE', *, *, #1961, .F. ) ;
#2038 = VECTOR ( 'NONE', #1633, 1000.000000000000341 ) ;
#2039 = CYLINDRICAL_SURFACE ( 'NONE', #1037, 0.01000000000000002623 ) ;
#2040 = LINE ( 'NONE', #3057, #1757 ) ;
#2041 = FACE_OUTER_BOUND ( 'NONE', #417, .T. ) ;
#2042 = PLANE ( 'NONE',  #2968 ) ;
#2043 = EDGE_CURVE ( 'NONE', #1196, #1730, #1597, .T. ) ;
#2044 = LINE ( 'NONE', #1575, #2771 ) ;
#2045 = ORIENTED_EDGE ( 'NONE', *, *, #412, .F. ) ;
#2046 = CARTESIAN_POINT ( 'NONE',  ( -3.167584044089497564, 3.049999999999999378, 2.149999999999999911 ) ) ;
#2047 = ADVANCED_FACE ( 'NONE', ( #1356 ), #2348, .T. ) ;
#2048 = CARTESIAN_POINT ( 'NONE',  ( -3.167584044089497564, 3.078263154805500168, -1.959661669750033308 ) ) ;
#2049 = FACE_OUTER_BOUND ( 'NONE', #97, .T. ) ;
#2050 = VERTEX_POINT ( 'NONE', #3010 ) ;
#2051 = VECTOR ( 'NONE', #477, 1000.000000000000000 ) ;
#2052 = DIRECTION ( 'NONE',  ( 0.1722068331141311248, -0.9766334818541285712, -0.1285762371135640569 ) ) ;
#2053 = CYLINDRICAL_SURFACE ( 'NONE', #1611, 0.02500000000000005343 ) ;
#2054 = LINE ( 'NONE', #2759, #374 ) ;
#2055 = DIRECTION ( 'NONE',  ( -0.0000000000000000000, -0.0000000000000000000, -1.000000000000000000 ) ) ;
#2056 = CIRCLE ( 'NONE', #2585, 0.01000000000000002623 ) ;
#2057 = PRODUCT ( '9E677095-9F79-4062-9A0E-F6E6E6C9A212', '9E677095-9F79-4062-9A0E-F6E6E6C9A212', '', ( #2594 ) ) ;
#2058 = VERTEX_POINT ( 'NONE', #761 ) ;
#2059 = CARTESIAN_POINT ( 'NONE',  ( -3.649999999999999467, 0.1399999999999998745, -1.199999999999999956 ) ) ;
#2060 = CARTESIAN_POINT ( 'NONE',  ( -2.350000000000000089, 0.1300000000000000322, -1.199999999999999956 ) ) ;
#2061 =( NAMED_UNIT ( * ) PLANE_ANGLE_UNIT ( ) SI_UNIT ( $, .RADIAN. ) );
#2062 = CARTESIAN_POINT ( 'NONE',  ( -1.504577633732794961, 0.1649999999999999800, -1.922005302887216605 ) ) ;
#2063 = EDGE_CURVE ( 'NONE', #43, #2429, #954, .T. ) ;
#2064 = EDGE_CURVE ( 'NONE', #823, #1580, #1755, .T. ) ;
#2065 = ORIENTED_EDGE ( 'NONE', *, *, #2657, .T. ) ;
#2066 = DIRECTION ( 'NONE',  ( 0.0000000000000000000, 0.0000000000000000000, -1.000000000000000000 ) ) ;
#2067 = CARTESIAN_POINT ( 'NONE',  ( 1.475636659342471901, 0.1729504680788137572, 1.957846658770073134 ) ) ;
#2068 = ADVANCED_FACE ( 'NONE', ( #2267 ), #278, .F. ) ;
#2069 = ORIENTED_EDGE ( 'NONE', *, *, #3134, .T. ) ;
#2070 = VECTOR ( 'NONE', #2190, 1000.000000000000000 ) ;
#2071 = LINE ( 'NONE', #103, #1524 ) ;
#2072 = CARTESIAN_POINT ( 'NONE',  ( 3.219883191157864477, 2.640957364454383782, -1.992018345244680910 ) ) ;
#2073 = FACE_OUTER_BOUND ( 'NONE', #2788, .T. ) ;
#2074 =( LENGTH_UNIT ( ) NAMED_UNIT ( * ) SI_UNIT ( .MILLI., .METRE. ) );
#2075 = VECTOR ( 'NONE', #1382, 1000.000000000000227 ) ;
#2076 = ORIENTED_EDGE ( 'NONE', *, *, #2089, .T. ) ;
#2077 = VECTOR ( 'NONE', #365, 1000.000000000000000 ) ;
#2078 = CARTESIAN_POINT ( 'NONE',  ( 1.500000000000000000, 0.06500000000000005773, -1.845057935602885779 ) ) ;
#2079 = ADVANCED_FACE ( 'NONE', ( #791 ), #2133, .F. ) ;
#2080 = CARTESIAN_POINT ( 'NONE',  ( 1.475435340361743730, 0.1572875125325510215, 1.955784591552805374 ) ) ;
#2081 = VECTOR ( 'NONE', #62, 1000.000000000000000 ) ;
#2082 = LINE ( 'NONE', #2337, #1600 ) ;
#2083 = CARTESIAN_POINT ( 'NONE',  ( 3.517692109211079554, 1.632565301089520249, 2.136197439805088027 ) ) ;
#2084 = ORIENTED_EDGE ( 'NONE', *, *, #178, .T. ) ;
#2085 = EDGE_CURVE ( 'NONE', #404, #2433, #1828, .T. ) ;
#2086 = CARTESIAN_POINT ( 'NONE',  ( -1.526023694382619311, 0.1549999999999999989, -1.857135272548667171 ) ) ;
#2087 =( NAMED_UNIT ( * ) SI_UNIT ( $, .STERADIAN. ) SOLID_ANGLE_UNIT ( ) );
#2088 = DIRECTION ( 'NONE',  ( 1.000000000000000000, -0.0000000000000000000, -0.0000000000000000000 ) ) ;
#2089 = EDGE_CURVE ( 'NONE', #902, #1966, #937, .T. ) ;
#2090 = CARTESIAN_POINT ( 'NONE',  ( -3.225261648734253583, 0.1649999999999999800, -1.934875551020017737 ) ) ;
#2091 = ORIENTED_EDGE ( 'NONE', *, *, #617, .F. ) ;
#2092 = LINE ( 'NONE', #92, #100 ) ;
#2093 = CARTESIAN_POINT ( 'NONE',  ( -3.520000000000000018, 1.632499999999999396, 1.199999999999999956 ) ) ;
#2094 = EDGE_CURVE ( 'NONE', #1601, #1060, #42, .T. ) ;
#2095 = DIRECTION ( 'NONE',  ( -0.0000000000000000000, -0.0000000000000000000, -1.000000000000000000 ) ) ;
#2096 = SURFACE_STYLE_FILL_AREA ( #1784 ) ;
#2097 = LINE ( 'NONE', #1087, #2936 ) ;
#2098 = ORIENTED_EDGE ( 'NONE', *, *, #3086, .F. ) ;
#2099 = LINE ( 'NONE', #866, #1379 ) ;
#2100 = DIRECTION ( 'NONE',  ( 0.0000000000000000000, 0.0000000000000000000, 1.000000000000000000 ) ) ;
#2101 = LINE ( 'NONE', #1387, #2141 ) ;
#2102 = STYLED_ITEM ( 'NONE', ( #2749 ), #1451 ) ;
#2103 = ORIENTED_EDGE ( 'NONE', *, *, #2089, .F. ) ;
#2104 = CARTESIAN_POINT ( 'NONE',  ( -1.475636657883849567, 0.1729504687367249272, 1.957846658856688737 ) ) ;
#2105 = AXIS2_PLACEMENT_3D ( 'NONE', #2015, #2304, #1029 ) ;
#2106 = VERTEX_POINT ( 'NONE', #2678 ) ;
#2107 = EDGE_CURVE ( 'NONE', #2857, #1567, #252, .T. ) ;
#2108 = STYLED_ITEM ( 'NONE', ( #1719 ), #696 ) ;
#2109 = FACE_OUTER_BOUND ( 'NONE', #174, .T. ) ;
#2110 = DIRECTION ( 'NONE',  ( 0.9848077530122090195, -0.1736481776669250021, 0.0000000000000000000 ) ) ;
#2111 = CARTESIAN_POINT ( 'NONE',  ( 3.649999999999999467, 0.1399999999999998745, -1.199999999999999956 ) ) ;
#2112 = CARTESIAN_POINT ( 'NONE',  ( 3.499005813119508090, 1.632483785754044847, 2.149782267338507413 ) ) ;
#2113 = EDGE_LOOP ( 'NONE', ( #1952, #2919, #836, #1515 ) ) ;
#2114 = CARTESIAN_POINT ( 'NONE',  ( -1.516175616852496910, 0.1567364817766693508, 1.857135272548665839 ) ) ;
#2115 = CARTESIAN_POINT ( 'NONE',  ( -3.189294834419148295, 3.099999772217133298, -1.956799989778686522 ) ) ;
#2116 =( BOUNDED_SURFACE ( )  B_SPLINE_SURFACE ( 3, 2, ( 
 ( #3210, #1699, #1989 ),
 ( #2698, #753, #1225 ),
 ( #2714, #1717, #2976 ),
 ( #474, #2959, #722 ) ),
 .UNSPECIFIED., .F., .F., .F. ) 
 B_SPLINE_SURFACE_WITH_KNOTS ( ( 4, 4 ),
 ( 3, 3 ),
 ( -8.881784197001252323E-16, 0.6300504984784489615 ),
 ( 0.0000000000000000000, 1.000000000000000000 ),
 .UNSPECIFIED. ) 
 GEOMETRIC_REPRESENTATION_ITEM ( )  RATIONAL_B_SPLINE_SURFACE ( (
 ( 1.000000000000000000, 0.7793945431342109709, 1.000000000000000000),
 ( 1.000000000000000000, 0.7794182693942449669, 1.000000000000000000),
 ( 1.000000000000000000, 0.7747467798757202706, 1.000000000000000000),
 ( 1.000000000000000000, 0.7660444431189826764, 1.000000000000000000) ) ) 
 REPRESENTATION_ITEM ( '' )  SURFACE ( )  );
#2117 = EDGE_LOOP ( 'NONE', ( #3089, #2742, #2496, #2999 ) ) ;
#2118 = CARTESIAN_POINT ( 'NONE',  ( 3.286678729755198702, 2.600842989303057795, -2.022515226937013466 ) ) ;
#2119 = CARTESIAN_POINT ( 'NONE',  ( -1.496751956816631868, 0.1571491170773477997, -1.916162351869820979 ) ) ;
#2120 = VERTEX_POINT ( 'NONE', #131 ) ;
#2121 = CARTESIAN_POINT ( 'NONE',  ( -3.521000000000000352, 1.632499999999999396, 2.149999999999999911 ) ) ;
#2122 = ADVANCED_FACE ( 'NONE', ( #827 ), #863, .F. ) ;
#2123 = CARTESIAN_POINT ( 'NONE',  ( 3.510000000000000231, 0.1399999999999998745, 1.199999999999999956 ) ) ;
#2124 = EDGE_CURVE ( 'NONE', #468, #3080, #2837, .T. ) ;
#2125 = LINE ( 'NONE', #1875, #798 ) ;
#2126 = ORIENTED_EDGE ( 'NONE', *, *, #1811, .F. ) ;
#2127 = CARTESIAN_POINT ( 'NONE',  ( -1.416858448906715529, 0.1563052619222004280, -1.955655275806696292 ) ) ;
#2128 = DIRECTION ( 'NONE',  ( -0.0000000000000000000, -0.0000000000000000000, -1.000000000000000000 ) ) ;
#2129 = ORIENTED_EDGE ( 'NONE', *, *, #900, .F. ) ;
#2130 = DIRECTION ( 'NONE',  ( 0.9848077530122086864, -0.1736481776669270838, 0.0000000000000000000 ) ) ;
#2131 = CARTESIAN_POINT ( 'NONE',  ( -1.416858448906715529, 0.1563052619222004280, 1.955655275806696292 ) ) ;
#2132 = SURFACE_STYLE_FILL_AREA ( #2386 ) ;
#2133 =( BOUNDED_SURFACE ( )  B_SPLINE_SURFACE ( 3, 2, ( 
 ( #470, #1447, #1770 ),
 ( #2765, #217, #2668 ),
 ( #702, #1207, #3174 ),
 ( #437, #1507, #2506 ) ),
 .UNSPECIFIED., .F., .F., .F. ) 
 B_SPLINE_SURFACE_WITH_KNOTS ( ( 4, 4 ),
 ( 3, 3 ),
 ( 5.359598585891433231, 6.283185307179585344 ),
 ( 0.0000000000000000000, 1.000000000000000000 ),
 .UNSPECIFIED. ) 
 GEOMETRIC_REPRESENTATION_ITEM ( )  RATIONAL_B_SPLINE_SURFACE ( (
 ( 1.000000000000000000, 0.7515263588088602065, 1.000000000000000000),
 ( 1.000000000000000000, 0.7691935166282510838, 1.000000000000000000),
 ( 1.000000000000000000, 0.7795037379605320726, 1.000000000000000000),
 ( 1.000000000000000000, 0.7793945431342109709, 1.000000000000000000) ) ) 
 REPRESENTATION_ITEM ( '' )  SURFACE ( )  );
#2134 = ORIENTED_EDGE ( 'NONE', *, *, #2636, .T. ) ;
#2135 = CARTESIAN_POINT ( 'NONE',  ( 2.544110806505385458, 3.078263154805500612, 1.959661669750033308 ) ) ;
#2136 = CARTESIAN_POINT ( 'NONE',  ( 1.500000000000000000, 0.06500000000000005773, 1.845057935602887556 ) ) ;
#2137 = ADVANCED_FACE ( 'NONE', ( #3114 ), #2854, .F. ) ;
#2138 = CARTESIAN_POINT ( 'NONE',  ( 3.519999999999999574, 0.1399999999999999301, 1.199999999999999956 ) ) ;
#2139 = VERTEX_POINT ( 'NONE', #2319 ) ;
#2140 = CARTESIAN_POINT ( 'NONE',  ( -1.443943347077258910, 0.1601403444285304511, 1.954208802241838683 ) ) ;
#2141 = VECTOR ( 'NONE', #1897, 1000.000000000000000 ) ;
#2142 = CARTESIAN_POINT ( 'NONE',  ( 3.519937729381674263, 1.632146845774390842, -1.199999999999999956 ) ) ;
#2143 = ORIENTED_EDGE ( 'NONE', *, *, #813, .F. ) ;
#2144 = DIRECTION ( 'NONE',  ( 1.000000000000000000, 0.0000000000000000000, 0.0000000000000000000 ) ) ;
#2145 = DIRECTION ( 'NONE',  ( -0.0000000000000000000, -0.0000000000000000000, -1.000000000000000000 ) ) ;
#2146 = CARTESIAN_POINT ( 'NONE',  ( -1.416858448906715973, 0.1563052619222009831, -1.955655275806695848 ) ) ;
#2147 = CARTESIAN_POINT ( 'NONE',  ( -3.261240155810332997, 0.1650000000000000078, 1.934875548215687635 ) ) ;
#2148 = VERTEX_POINT ( 'NONE', #3059 ) ;
#2149 = PRESENTATION_LAYER_ASSIGNMENT (  '', '', ( #395 ) ) ;
#2150 = ORIENTED_EDGE ( 'NONE', *, *, #2257, .F. ) ;
#2151 = DIRECTION ( 'NONE',  ( -1.000000000000000000, 0.0000000000000000000, 0.0000000000000000000 ) ) ;
#2152 =( BOUNDED_CURVE ( )  B_SPLINE_CURVE ( 3, ( #1990, #460, #32, #2500 ),
 .UNSPECIFIED., .F., .T. ) 
 B_SPLINE_CURVE_WITH_KNOTS ( ( 4, 4 ),
 ( 0.0000000000000000000, 1.396263401595469134 ),
 .UNSPECIFIED. ) 
 CURVE ( )  GEOMETRIC_REPRESENTATION_ITEM ( )  RATIONAL_B_SPLINE_CURVE ( ( 1.000000000000000000, 0.8440296287459840840, 0.8440296287459840840, 1.000000000000000000 ) ) 
 REPRESENTATION_ITEM ( '' )  );
#2153 = CARTESIAN_POINT ( 'NONE',  ( -1.516175616852497132, 0.1567364817766693230, -1.858223185361622676 ) ) ;
#2154 = MECHANICAL_DESIGN_GEOMETRIC_PRESENTATION_REPRESENTATION (  '', ( #861 ), #3100 ) ;
#2155 = STYLED_ITEM ( 'NONE', ( #1956 ), #714 ) ;
#2156 = CARTESIAN_POINT ( 'NONE',  ( -3.177330192692604527, 0.1867368451944988739, 1.959661669750032864 ) ) ;
#2157 = ORIENTED_EDGE ( 'NONE', *, *, #2812, .T. ) ;
#2158 = DIRECTION ( 'NONE',  ( -1.000000000000000000, 0.0000000000000000000, 0.0000000000000000000 ) ) ;
#2159 = EDGE_CURVE ( 'NONE', #2120, #2000, #685, .T. ) ;
#2160 = ORIENTED_EDGE ( 'NONE', *, *, #1054, .T. ) ;
#2161 = CARTESIAN_POINT ( 'NONE',  ( 1.416858448906715973, 0.1563052619222004835, -1.955655275806696292 ) ) ;
#2162 = EDGE_CURVE ( 'NONE', #2498, #1966, #68, .T. ) ;
#2163 = EDGE_LOOP ( 'NONE', ( #2944, #682, #697, #2617 ) ) ;
#2164 = VERTEX_POINT ( 'NONE', #2797 ) ;
#2165 = LINE ( 'NONE', #2945, #3069 ) ;
#2166 = CARTESIAN_POINT ( 'NONE',  ( 2.557726782380761232, 3.074229919004136224, 1.960192655316641552 ) ) ;
#2167 = PRESENTATION_LAYER_ASSIGNMENT (  '', '', ( #1239 ) ) ;
#2168 =( NAMED_UNIT ( * ) PLANE_ANGLE_UNIT ( ) SI_UNIT ( $, .RADIAN. ) );
#2169 = ORIENTED_EDGE ( 'NONE', *, *, #3086, .T. ) ;
#2170 = DIRECTION ( 'NONE',  ( -0.1722068331141306252, -0.9766334818541285712, 0.1285762371135640569 ) ) ;
#2171 = ORIENTED_EDGE ( 'NONE', *, *, #1709, .T. ) ;
#2172 = CIRCLE ( 'NONE', #624, 0.009999999999999592548 ) ;
#2173 = CARTESIAN_POINT ( 'NONE',  ( -1.416858448906715529, 0.1563052619222009831, 1.955655275806695848 ) ) ;
#2174 = VERTEX_POINT ( 'NONE', #1540 ) ;
#2175 = CARTESIAN_POINT ( 'NONE',  ( 1.464843416379186802, 0.1867340610423911251, -1.959661303209454308 ) ) ;
#2176 = STYLED_ITEM ( 'NONE', ( #802 ), #2835 ) ;
#2177 = DIRECTION ( 'NONE',  ( -0.0000000000000000000, -0.0000000000000000000, -1.000000000000000000 ) ) ;
#2178 = EDGE_CURVE ( 'NONE', #2058, #473, #309, .T. ) ;
#2179 = CARTESIAN_POINT ( 'NONE',  ( -3.649999999999999911, 1.492499999999999494, -1.199999999999999956 ) ) ;
#2180 = EDGE_LOOP ( 'NONE', ( #2242, #1826, #1635, #1903 ) ) ;
#2181 = VERTEX_POINT ( 'NONE', #2283 ) ;
#2182 = ADVANCED_FACE ( 'NONE', ( #600, #1053 ), #2042, .T. ) ;
#2183 = CARTESIAN_POINT ( 'NONE',  ( 3.177330192692604527, 0.1650000000000000078, -1.934875548215687635 ) ) ;
#2184 = VERTEX_POINT ( 'NONE', #2590 ) ;
#2185 = CARTESIAN_POINT ( 'NONE',  ( -3.265837013593895666, 0.1994782531725441121, 1.961339107933072423 ) ) ;
#2186 = ORIENTED_EDGE ( 'NONE', *, *, #1673, .T. ) ;
#2187 = PLANE ( 'NONE',  #279 ) ;
#2188 = EDGE_LOOP ( 'NONE', ( #950, #1170, #2193, #1985 ) ) ;
#2189 = CARTESIAN_POINT ( 'NONE',  ( 3.520545664504418859, 1.635594617183519617, -2.125763220474067072 ) ) ;
#2190 = DIRECTION ( 'NONE',  ( 3.206512894596686959E-16, 1.000000000000000000, 0.0000000000000000000 ) ) ;
#2191 = CARTESIAN_POINT ( 'NONE',  ( -3.520000000000000018, 1.632499999999999396, -1.199999999999999734 ) ) ;
#2192 = CARTESIAN_POINT ( 'NONE',  ( 2.544110806505385458, 3.078263154805500168, 1.959661669750033308 ) ) ;
#2193 = ORIENTED_EDGE ( 'NONE', *, *, #1937, .F. ) ;
#2194 = ORIENTED_EDGE ( 'NONE', *, *, #1639, .F. ) ;
#2195 =( NAMED_UNIT ( * ) PLANE_ANGLE_UNIT ( ) SI_UNIT ( $, .RADIAN. ) );
#2196 = DIRECTION ( 'NONE',  ( 0.2062089244771384000, -0.9701367149383299804, -0.1277209215228557460 ) ) ;
#2197 = FACE_OUTER_BOUND ( 'NONE', #1278, .T. ) ;
#2198 = AXIS2_PLACEMENT_3D ( 'NONE', #1061, #782, #337 ) ;
#2199 = EDGE_CURVE ( 'NONE', #2457, #2857, #2082, .T. ) ;
#2200 = EDGE_CURVE ( 'NONE', #930, #2498, #694, .T. ) ;
#2201 = VECTOR ( 'NONE', #2254, 1000.000000000000000 ) ;
#2202 = ORIENTED_EDGE ( 'NONE', *, *, #1310, .T. ) ;
#2203 = DIRECTION ( 'NONE',  ( 0.0000000000000000000, 0.0000000000000000000, 1.000000000000000000 ) ) ;
#2204 = UNCERTAINTY_MEASURE_WITH_UNIT (LENGTH_MEASURE( 1.000000000000000082E-05 ), #1051, 'distance_accuracy_value', 'NONE');
#2205 = ADVANCED_FACE ( 'NONE', ( #462 ), #806, .F. ) ;
#2206 = STYLED_ITEM ( 'NONE', ( #414 ), #693 ) ;
#2207 = ORIENTED_EDGE ( 'NONE', *, *, #144, .F. ) ;
#2208 = CARTESIAN_POINT ( 'NONE',  ( -1.493263000590195455, 0.1867368451944989571, 1.959661669750032864 ) ) ;
#2209 = UNCERTAINTY_MEASURE_WITH_UNIT (LENGTH_MEASURE( 1.000000000000000082E-05 ), #2563, 'distance_accuracy_value', 'NONE');
#2210 = ORIENTED_EDGE ( 'NONE', *, *, #1348, .T. ) ;
#2211 = CARTESIAN_POINT ( 'NONE',  ( 1.479743473940440701, 0.1644305911828926048, -1.941858401367489773 ) ) ;
#2212 = DIRECTION ( 'NONE',  ( -0.0000000000000000000, -0.0000000000000000000, -1.000000000000000000 ) ) ;
#2213 = EDGE_LOOP ( 'NONE', ( #1376, #962, #2150, #907 ) ) ;
#2214 = LINE ( 'NONE', #2826, #542 ) ;
#2215 = CARTESIAN_POINT ( 'NONE',  ( -3.521000000000000352, 0.06499999999999994671, 1.943634710031767687 ) ) ;
#2216 = PLANE ( 'NONE',  #2230 ) ;
#2217 = DIRECTION ( 'NONE',  ( 1.000000000000000000, 0.0000000000000000000, 0.0000000000000000000 ) ) ;
#2218 = ORIENTED_EDGE ( 'NONE', *, *, #3091, .T. ) ;
#2219 = ORIENTED_EDGE ( 'NONE', *, *, #3214, .T. ) ;
#2220 = CYLINDRICAL_SURFACE ( 'NONE', #1689, 0.1399999999999999301 ) ;
#2221 = ADVANCED_FACE ( 'NONE', ( #664 ), #147, .T. ) ;
#2222 = VECTOR ( 'NONE', #1735, 1000.000000000000000 ) ;
#2223 = LINE ( 'NONE', #983, #2623 ) ;
#2224 = ORIENTED_EDGE ( 'NONE', *, *, #1098, .F. ) ;
#2225 = STYLED_ITEM ( 'NONE', ( #1780 ), #1688 ) ;
#2226 = DIRECTION ( 'NONE',  ( 0.0000000000000000000, 0.0000000000000000000, 1.000000000000000000 ) ) ;
#2227 = DIRECTION ( 'NONE',  ( -0.9848077530122085754, 0.1736481776669273891, 0.0000000000000000000 ) ) ;
#2228 = FILL_AREA_STYLE ('',( #1005 ) ) ;
#2229 = EDGE_LOOP ( 'NONE', ( #1189, #3142, #914, #2934 ) ) ;
#2230 = AXIS2_PLACEMENT_3D ( 'NONE', #839, #47, #1035 ) ;
#2231 = ORIENTED_EDGE ( 'NONE', *, *, #1131, .F. ) ;
#2232 = SURFACE_STYLE_USAGE ( .BOTH. , #33 ) ;
#2233 =( BOUNDED_CURVE ( )  B_SPLINE_CURVE ( 3, ( #2816, #1552, #3056, #561 ),
 .UNSPECIFIED., .F., .T. ) 
 B_SPLINE_CURVE_WITH_KNOTS ( ( 4, 4 ),
 ( 7.392287539673887772E-16, 0.1559225854038580328 ),
 .UNSPECIFIED. ) 
 CURVE ( )  GEOMETRIC_REPRESENTATION_ITEM ( )  RATIONAL_B_SPLINE_CURVE ( ( 1.000000000000000000, 0.9979750382287662092, 0.9979750382287662092, 1.000000000000000000 ) ) 
 REPRESENTATION_ITEM ( '' )  );
#2234 = CARTESIAN_POINT ( 'NONE',  ( -3.192037734107842084, 3.058460947075944514, -1.962268679855373454 ) ) ;
#2235 = FILL_AREA_STYLE_COLOUR ( '', #2511 ) ;
#2236 = EDGE_CURVE ( 'NONE', #1341, #842, #1573, .T. ) ;
#2237 = ORIENTED_EDGE ( 'NONE', *, *, #80, .T. ) ;
#2238 = CARTESIAN_POINT ( 'NONE',  ( 1.502182658017674477, 0.07737846873408003867, 1.846687591928036554 ) ) ;
#2239 = CYLINDRICAL_SURFACE ( 'NONE', #319, 0.02499999999999984873 ) ;
#2240 = DIRECTION ( 'NONE',  ( -1.000000000000000000, 0.0000000000000000000, 0.0000000000000000000 ) ) ;
#2241 = EDGE_CURVE ( 'NONE', #1196, #1232, #211, .T. ) ;
#2242 = ORIENTED_EDGE ( 'NONE', *, *, #1098, .T. ) ;
#2243 = ORIENTED_EDGE ( 'NONE', *, *, #2831, .F. ) ;
#2244 = CARTESIAN_POINT ( 'NONE',  ( -3.500859858816489645, 1.632487309079605264, 2.149357100281243937 ) ) ;
#2245 = AXIS2_PLACEMENT_3D ( 'NONE', #3151, #2666, #605 ) ;
#2246 = DIRECTION ( 'NONE',  ( -0.8012910740379316499, 0.0000000000000000000, -0.5982746983344173763 ) ) ;
#2247 = LINE ( 'NONE', #3007, #2051 ) ;
#2248 =( NAMED_UNIT ( * ) SI_UNIT ( $, .STERADIAN. ) SOLID_ANGLE_UNIT ( ) );
#2249 = FACE_OUTER_BOUND ( 'NONE', #2860, .T. ) ;
#2250 = SURFACE_SIDE_STYLE ('',( #295 ) ) ;
#2251 =( BOUNDED_SURFACE ( )  B_SPLINE_SURFACE ( 3, 2, ( 
 ( #601, #165, #1612 ),
 ( #149, #897, #1365 ),
 ( #1383, #1590, #3079 ),
 ( #1138, #2611, #1121 ) ),
 .UNSPECIFIED., .F., .F., .F. ) 
 B_SPLINE_SURFACE_WITH_KNOTS ( ( 4, 4 ),
 ( 3, 3 ),
 ( 3.141592653589793116, 3.717551306747930440 ),
 ( 0.0000000000000000000, 1.000000000000000000 ),
 .UNSPECIFIED. ) 
 GEOMETRIC_REPRESENTATION_ITEM ( )  RATIONAL_B_SPLINE_SURFACE ( (
 ( 1.000000000000000000, 0.7518398074789737207, 1.000000000000000000),
 ( 1.000000000000000000, 0.7518514276545873454, 1.000000000000000000),
 ( 1.000000000000000000, 0.7493974860689482931, 1.000000000000000000),
 ( 1.000000000000000000, 0.7448048320737922223, 1.000000000000000000) ) ) 
 REPRESENTATION_ITEM ( '' )  SURFACE ( )  );
#2252 = STYLED_ITEM ( 'NONE', ( #333 ), #263 ) ;
#2253 = ORIENTED_EDGE ( 'NONE', *, *, #747, .F. ) ;
#2254 = DIRECTION ( 'NONE',  ( -1.000000000000000000, -1.387993711551809871E-16, 0.0000000000000000000 ) ) ;
#2255 = CIRCLE ( 'NONE', #1122, 0.01000000000000002623 ) ;
#2256 =( NAMED_UNIT ( * ) SI_UNIT ( $, .STERADIAN. ) SOLID_ANGLE_UNIT ( ) );
#2257 = EDGE_CURVE ( 'NONE', #2148, #169, #614, .T. ) ;
#2258 = CYLINDRICAL_SURFACE ( 'NONE', #1181, 0.05000000000000012768 ) ;
#2259 = VECTOR ( 'NONE', #1238, 1000.000000000000000 ) ;
#2260 = ORIENTED_EDGE ( 'NONE', *, *, #2855, .T. ) ;
#2261 = SURFACE_STYLE_FILL_AREA ( #1561 ) ;
#2262 = CARTESIAN_POINT ( 'NONE',  ( -3.519518198659746133, 1.632549835995506626, 2.131006788302930666 ) ) ;
#2263 = FACE_OUTER_BOUND ( 'NONE', #1339, .T. ) ;
#2264 = SURFACE_SIDE_STYLE ('',( #378 ) ) ;
#2265 = UNCERTAINTY_MEASURE_WITH_UNIT (LENGTH_MEASURE( 1.000000000000000082E-05 ), #1691, 'distance_accuracy_value', 'NONE');
#2266 = CARTESIAN_POINT ( 'NONE',  ( 1.526023694382619089, 0.1650000000000000078, 1.857135272548666061 ) ) ;
#2267 = FACE_OUTER_BOUND ( 'NONE', #435, .T. ) ;
#2268 = SURFACE_SIDE_STYLE ('',( #762 ) ) ;
#2269 = EDGE_LOOP ( 'NONE', ( #1657, #1500, #1514, #282, #610, #3162, #2253, #28, #2157, #2451, #1160, #2202, #302, #921 ) ) ;
#2270 = FACE_OUTER_BOUND ( 'NONE', #990, .T. ) ;
#2271 = CARTESIAN_POINT ( 'NONE',  ( -3.275810967993825429, 0.2476351822333076047, 2.149999999999999911 ) ) ;
#2272 = CARTESIAN_POINT ( 'NONE',  ( -1.500000000000000000, 0.06500000000000005773, -1.845057935602885779 ) ) ;
#2273 = EDGE_LOOP ( 'NONE', ( #1772, #684, #78, #2793 ) ) ;
#2274 =( LENGTH_UNIT ( ) NAMED_UNIT ( * ) SI_UNIT ( .MILLI., .METRE. ) );
#2275 = CARTESIAN_POINT ( 'NONE',  ( -3.508456152414611395, 1.632521017590796264, 2.146233045707547582 ) ) ;
#2276 = CARTESIAN_POINT ( 'NONE',  ( 2.350000000000000089, 2.498228132021559730E-17, 1.199999999999999956 ) ) ;
#2277 = CARTESIAN_POINT ( 'NONE',  ( 1.504577633732794961, 0.1649999999999999800, -1.922005302887217049 ) ) ;
#2278 = VECTOR ( 'NONE', #832, 1000.000000000000000 ) ;
#2279 = VERTEX_POINT ( 'NONE', #949 ) ;
#2280 = EDGE_CURVE ( 'NONE', #251, #3012, #2474, .T. ) ;
#2281 = FILL_AREA_STYLE_COLOUR ( '', #2543 ) ;
#2282 = CARTESIAN_POINT ( 'NONE',  ( 3.281043679102443544, 2.604502433985010690, 2.022033451904852619 ) ) ;
#2283 = CARTESIAN_POINT ( 'NONE',  ( -3.167584044089497564, 3.099999999999999645, 1.934875548215687857 ) ) ;
#2284 = CARTESIAN_POINT ( 'NONE',  ( 3.520000000000000018, 1.632499999999999396, 2.125355806392779989 ) ) ;
#2285 = ORIENTED_EDGE ( 'NONE', *, *, #2888, .F. ) ;
#2286 = CARTESIAN_POINT ( 'NONE',  ( -3.275810967993825429, 0.2476351822333076047, -1.943034894312889893 ) ) ;
#2287 = CARTESIAN_POINT ( 'NONE',  ( 3.177330192692604527, 0.1650000000000000078, -1.934875548215688079 ) ) ;
#2288 = LINE ( 'NONE', #1266, #38 ) ;
#2289 = ORIENTED_EDGE ( 'NONE', *, *, #1677, .F. ) ;
#2290 = FACE_OUTER_BOUND ( 'NONE', #2188, .T. ) ;
#2291 = CARTESIAN_POINT ( 'NONE',  ( -1.449164031262712538, 0.1568469802892679399, -1.955726594382709349 ) ) ;
#2292 = DIRECTION ( 'NONE',  ( 0.0000000000000000000, 1.000000000000000000, 0.0000000000000000000 ) ) ;
#2293 =( NAMED_UNIT ( * ) SI_UNIT ( $, .STERADIAN. ) SOLID_ANGLE_UNIT ( ) );
#2294 = ORIENTED_EDGE ( 'NONE', *, *, #19, .F. ) ;
#2295 = AXIS2_PLACEMENT_3D ( 'NONE', #1461, #509, #1233 ) ;
#2296 = CARTESIAN_POINT ( 'NONE',  ( 3.497077492507900232, 1.502499999999999503, 1.199999999999999956 ) ) ;
#2297 = LINE ( 'NONE', #2060, #520 ) ;
#2298 = EDGE_CURVE ( 'NONE', #1432, #1926, #2686, .T. ) ;
#2299 = DIRECTION ( 'NONE',  ( 0.1736481776669271393, 0.9848077530122086864, 0.0000000000000000000 ) ) ;
#2300 = EDGE_CURVE ( 'NONE', #1877, #468, #1865, .T. ) ;
#2301 = CARTESIAN_POINT ( 'NONE',  ( 3.495189716937294744, 1.632499999999999396, 2.149999999999999911 ) ) ;
#2302 = PRODUCT_DEFINITION ( 'UNKNOWN', '', #3018, #3138 ) ;
#2303 = ORIENTED_EDGE ( 'NONE', *, *, #2888, .T. ) ;
#2304 = DIRECTION ( 'NONE',  ( -1.000000000000000000, -3.206512894596686959E-16, 0.0000000000000000000 ) ) ;
#2305 = PRESENTATION_LAYER_ASSIGNMENT (  '', '', ( #861 ) ) ;
#2306 = LINE ( 'NONE', #57, #2278 ) ;
#2307 = VERTEX_POINT ( 'NONE', #1398 ) ;
#2308 = AXIS2_PLACEMENT_3D ( 'NONE', #2853, #1608, #1644 ) ;
#2309 =( NAMED_UNIT ( * ) PLANE_ANGLE_UNIT ( ) SI_UNIT ( $, .RADIAN. ) );
#2310 = CYLINDRICAL_SURFACE ( 'NONE', #2867, 0.02500000000000021649 ) ;
#2311 = CARTESIAN_POINT ( 'NONE',  ( 1.484117693906687574, 0.1867368451944988739, -1.959661669750032864 ) ) ;
#2312 = CARTESIAN_POINT ( 'NONE',  ( -3.275810967993825429, 0.2476351822333078267, -1.943034894312890337 ) ) ;
#2313 = COLOUR_RGB ( '',0.7529411764705882248, 0.7529411764705882248, 0.7529411764705882248 ) ;
#2314 = ORIENTED_EDGE ( 'NONE', *, *, #385, .T. ) ;
#2315 = SURFACE_STYLE_USAGE ( .BOTH. , #787 ) ;
#2316 = CARTESIAN_POINT ( 'NONE',  ( -3.211642144084344341, 3.083209653435037279, 1.935980798724989072 ) ) ;
#2317 = CARTESIAN_POINT ( 'NONE',  ( 1.516304066909899717, 0.1574649582519461188, 1.915243895961546539 ) ) ;
#2318 = EDGE_CURVE ( 'NONE', #566, #2848, #2625, .T. ) ;
#2319 = CARTESIAN_POINT ( 'NONE',  ( 1.493263000590195011, 0.1867368451944989571, 1.959661669750032864 ) ) ;
#2320 = DIRECTION ( 'NONE',  ( -0.9781476007338064660, 0.2079116908177548462, 0.0000000000000000000 ) ) ;
#2321 = ORIENTED_EDGE ( 'NONE', *, *, #900, .T. ) ;
#2322 = CARTESIAN_POINT ( 'NONE',  ( -3.495189716937294744, 1.632499999999999396, 2.149999999999999911 ) ) ;
#2323 = EDGE_CURVE ( 'NONE', #11, #930, #2660, .T. ) ;
#2324 = DIRECTION ( 'NONE',  ( 0.0000000000000000000, 0.0000000000000000000, -1.000000000000000000 ) ) ;
#2325 = ORIENTED_EDGE ( 'NONE', *, *, #2471, .T. ) ;
#2326 = LINE ( 'NONE', #557, #1686 ) ;
#2327 = SURFACE_STYLE_FILL_AREA ( #1322 ) ;
#2328 = VECTOR ( 'NONE', #1685, 1000.000000000000000 ) ;
#2329 = VERTEX_POINT ( 'NONE', #912 ) ;
#2330 = VECTOR ( 'NONE', #2621, 1000.000000000000000 ) ;
#2331 = CARTESIAN_POINT ( 'NONE',  ( 3.316981172072221096, 2.587628490660069502, -1.999723527007569723 ) ) ;
#2332 = B_SPLINE_CURVE_WITH_KNOTS ( 'NONE', 3,
 ( #1726, #689, #2481, #1681, #254, #2494, #3206, #969, #453, #3191 ),
 .UNSPECIFIED., .F., .F.,
 ( 4, 3, 3, 4 ),
 ( -1.770444573829890518E-06, 0.0000000000000000000, 5.407542385805229389E-05, 8.139784723174312920E-05 ),
 .UNSPECIFIED. ) ;
#2333 = CARTESIAN_POINT ( 'NONE',  ( -3.167584044089497564, 3.078263154805500168, 1.959661669750033308 ) ) ;
#2334 = UNCERTAINTY_MEASURE_WITH_UNIT (LENGTH_MEASURE( 1.000000000000000082E-05 ), #2074, 'distance_accuracy_value', 'NONE');
#2335 = CARTESIAN_POINT ( 'NONE',  ( 2.571342758256137007, 3.091933528397270425, 2.149999999999999911 ) ) ;
#2336 = MECHANICAL_DESIGN_GEOMETRIC_PRESENTATION_REPRESENTATION (  '', ( #2176 ), #160 ) ;
#2337 = CARTESIAN_POINT ( 'NONE',  ( 3.521000000000000352, 3.078263154805500612, 1.959661669750033308 ) ) ;
#2338 = CARTESIAN_POINT ( 'NONE',  ( -3.520000000000000018, 1.492499999999999494, -1.199999999999999956 ) ) ;
#2339 = STYLED_ITEM ( 'NONE', ( #1403 ), #550 ) ;
#2340 = ORIENTED_EDGE ( 'NONE', *, *, #1179, .T. ) ;
#2341 = CARTESIAN_POINT ( 'NONE',  ( -1.475435340361743508, 0.1572875125325509382, 1.955784591552805818 ) ) ;
#2342 = CARTESIAN_POINT ( 'NONE',  ( -3.192037734107842528, 3.058460947075944514, -1.962268679855373454 ) ) ;
#2343 = EDGE_CURVE ( 'NONE', #3166, #2058, #1908, .T. ) ;
#2344 = EDGE_CURVE ( 'NONE', #1483, #814, #936, .T. ) ;
#2345 =( BOUNDED_CURVE ( )  B_SPLINE_CURVE ( 3, ( #1407, #2401, #171, #1847 ),
 .UNSPECIFIED., .F., .T. ) 
 B_SPLINE_CURVE_WITH_KNOTS ( ( 4, 4 ),
 ( 6.127262721775723620, 6.283185307179586232 ),
 .UNSPECIFIED. ) 
 CURVE ( )  GEOMETRIC_REPRESENTATION_ITEM ( )  RATIONAL_B_SPLINE_CURVE ( ( 1.000000000000000000, 0.9979750382287659871, 0.9979750382287659871, 1.000000000000000000 ) ) 
 REPRESENTATION_ITEM ( '' )  );
#2346 = ORIENTED_EDGE ( 'NONE', *, *, #2280, .T. ) ;
#2347 = CARTESIAN_POINT ( 'NONE',  ( 1.416858448906715973, 0.1563052619222004835, 1.955655275806695848 ) ) ;
#2348 = CYLINDRICAL_SURFACE ( 'NONE', #1715, 0.02500000000000006384 ) ;
#2349 = DIRECTION ( 'NONE',  ( 0.0000000000000000000, 0.0000000000000000000, 1.000000000000000000 ) ) ;
#2350 = CARTESIAN_POINT ( 'NONE',  ( 3.513082245838063056, 1.632548753232373473, -2.142735136310541133 ) ) ;
#2351 = EDGE_CURVE ( 'NONE', #456, #64, #3008, .T. ) ;
#2352 = ORIENTED_EDGE ( 'NONE', *, *, #1348, .F. ) ;
#2353 = ORIENTED_EDGE ( 'NONE', *, *, #580, .T. ) ;
#2354 = DIRECTION ( 'NONE',  ( -0.9781476007338064660, 0.2079116908177548462, 0.0000000000000000000 ) ) ;
#2355 = DIRECTION ( 'NONE',  ( 0.0000000000000000000, 0.0000000000000000000, 1.000000000000000000 ) ) ;
#2356 = CARTESIAN_POINT ( 'NONE',  ( -3.179902925604260577, 3.078263154805500612, -1.959661669750032864 ) ) ;
#2357 = FILL_AREA_STYLE_COLOUR ( '', #317 ) ;
#2358 = LINE ( 'NONE', #132, #1111 ) ;
#2359 = ORIENTED_EDGE ( 'NONE', *, *, #1751, .T. ) ;
#2360 = CARTESIAN_POINT ( 'NONE',  ( 3.251190774168520203, 0.2487132318694796895, 1.967821015847236010 ) ) ;
#2361 = CARTESIAN_POINT ( 'NONE',  ( -3.190907627555287451, 3.099999999999999201, -1.934875572760920814 ) ) ;
#2362 = STYLED_ITEM ( 'NONE', ( #2773 ), #109 ) ;
#2363 = ORIENTED_EDGE ( 'NONE', *, *, #3195, .T. ) ;
#2364 = CARTESIAN_POINT ( 'NONE',  ( 1.418217336114221405, 0.1565001632926824315, 1.955675642012468796 ) ) ;
#2365 = AXIS2_PLACEMENT_3D ( 'NONE', #2614, #653, #3099 ) ;
#2366 = SURFACE_STYLE_FILL_AREA ( #358 ) ;
#2367 = EDGE_CURVE ( 'NONE', #1359, #2307, #1991, .T. ) ;
#2368 = LINE ( 'NONE', #924, #1201 ) ;
#2369 = CARTESIAN_POINT ( 'NONE',  ( -1.478153539620792323, 0.1571491156970539760, -1.941071888288476099 ) ) ;
#2370 =( BOUNDED_CURVE ( )  B_SPLINE_CURVE ( 3, ( #2272, #817, #540, #851 ),
 .UNSPECIFIED., .F., .T. ) 
 B_SPLINE_CURVE_WITH_KNOTS ( ( 4, 4 ),
 ( 5.653134808701121727, 7.201263558957071709 ),
 .UNSPECIFIED. ) 
 CURVE ( )  GEOMETRIC_REPRESENTATION_ITEM ( )  RATIONAL_B_SPLINE_CURVE ( ( 1.000000000000000000, 0.8100502620159867329, 0.8100502620159867329, 1.000000000000000000 ) ) 
 REPRESENTATION_ITEM ( '' )  );
#2371 = VECTOR ( 'NONE', #2760, 1000.000000000000000 ) ;
#2372 = ORIENTED_EDGE ( 'NONE', *, *, #1075, .F. ) ;
#2373 = CARTESIAN_POINT ( 'NONE',  ( 3.495135090094029007, 1.632499999999999396, -2.149999999999999911 ) ) ;
#2374 = EDGE_CURVE ( 'NONE', #2498, #823, #1925, .T. ) ;
#2375 = PRESENTATION_LAYER_ASSIGNMENT (  '', '', ( #1070 ) ) ;
#2376 = CARTESIAN_POINT ( 'NONE',  ( 3.251190774168520203, 0.2519763866749807901, 1.943034894312890337 ) ) ;
#2377 = CARTESIAN_POINT ( 'NONE',  ( -1.516222652518963043, 0.1570032342967730143, -1.878413467554751248 ) ) ;
#2378 = DIRECTION ( 'NONE',  ( -1.000000000000000000, 0.0000000000000000000, 0.0000000000000000000 ) ) ;
#2379 = ORIENTED_EDGE ( 'NONE', *, *, #1229, .T. ) ;
#2380 = CARTESIAN_POINT ( 'NONE',  ( -1.464843416379252972, 0.1867340610423911251, -1.959661303209454308 ) ) ;
#2381 = LINE ( 'NONE', #168, #3030 ) ;
#2382 = ORIENTED_EDGE ( 'NONE', *, *, #938, .F. ) ;
#2383 =( NAMED_UNIT ( * ) PLANE_ANGLE_UNIT ( ) SI_UNIT ( $, .RADIAN. ) );
#2384 = CARTESIAN_POINT ( 'NONE',  ( 3.510000000000000231, 0.1399999999999998745, -1.199999999999999956 ) ) ;
#2385 = CARTESIAN_POINT ( 'NONE',  ( -1.416858448906715529, 0.1563052619222004280, 1.955655275806696292 ) ) ;
#2386 = FILL_AREA_STYLE ('',( #2670 ) ) ;
#2387 = EDGE_CURVE ( 'NONE', #2279, #2483, #2980, .T. ) ;
#2388 = ORIENTED_EDGE ( 'NONE', *, *, #818, .T. ) ;
#2389 = DIRECTION ( 'NONE',  ( -0.1722068331141306252, 0.9766334818541285712, -0.1285762371135640569 ) ) ;
#2391 = VECTOR ( 'NONE', #3092, 1000.000000000000000 ) ;
#2390 = DIRECTION ( 'NONE',  ( 0.0000000000000000000, 0.9914448613738112703, 0.1305261922200446900 ) ) ;
#2392 = ADVANCED_FACE ( 'NONE', ( #978 ), #1721, .T. ) ;
#2393 = VECTOR ( 'NONE', #2606, 1000.000000000000000 ) ;
#2394 = DIRECTION ( 'NONE',  ( -0.2062089244771383167, -0.9701367149383298694, -0.1277209215228557182 ) ) ;
#2395 = CIRCLE ( 'NONE', #2870, 0.02500000000000006384 ) ;
#2396 = EDGE_LOOP ( 'NONE', ( #249, #2951, #1576, #691 ) ) ;
#2397 = CARTESIAN_POINT ( 'NONE',  ( -1.493263000590194345, 0.1649999999999999523, -1.956799959790506582 ) ) ;
#2398 = CARTESIAN_POINT ( 'NONE',  ( -1.418217336114220739, 0.1565001632926848185, -1.955675642012468796 ) ) ;
#2399 = VERTEX_POINT ( 'NONE', #1246 ) ;
#2400 = DIRECTION ( 'NONE',  ( 0.0000000000000000000, 0.0000000000000000000, 1.000000000000000000 ) ) ;
#2401 = CARTESIAN_POINT ( 'NONE',  ( -1.497374534124761070, 0.1649999999999999523, -1.930889846748951699 ) ) ;
#2402 = DIRECTION ( 'NONE',  ( 0.0000000000000000000, 0.0000000000000000000, -1.000000000000000000 ) ) ;
#2403 = DIRECTION ( 'NONE',  ( -0.8012910740379316499, 0.0000000000000000000, 0.5982746983344173763 ) ) ;
#2404 = ORIENTED_EDGE ( 'NONE', *, *, #1487, .T. ) ;
#2405 = ORIENTED_EDGE ( 'NONE', *, *, #2085, .F. ) ;
#2406 = DIRECTION ( 'NONE',  ( -0.0000000000000000000, -0.0000000000000000000, -1.000000000000000000 ) ) ;
#2407 = CARTESIAN_POINT ( 'NONE',  ( -1.518441010533210678, 0.1649999999999999800, -1.903437570416687485 ) ) ;
#2408 = VERTEX_POINT ( 'NONE', #1474 ) ;
#2409 = CARTESIAN_POINT ( 'NONE',  ( 3.223571739632000277, 0.1650000228279660530, 1.956799962795856329 ) ) ;
#2410 = VECTOR ( 'NONE', #2859, 1000.000000000000000 ) ;
#2411 = CARTESIAN_POINT ( 'NONE',  ( -3.192037734107842084, 3.058460947075944514, -1.962268679855373454 ) ) ;
#2412 = EDGE_LOOP ( 'NONE', ( #1851, #2697, #215, #778 ) ) ;
#2413 = FACE_OUTER_BOUND ( 'NONE', #2492, .T. ) ;
#2414 = CARTESIAN_POINT ( 'NONE',  ( 3.286565509229157023, 2.600916391023866403, -2.022505563417142493 ) ) ;
#2415 = DIRECTION ( 'NONE',  ( 0.0000000000000000000, -0.0000000000000000000, 1.000000000000000000 ) ) ;
#2416 = ORIENTED_EDGE ( 'NONE', *, *, #1543, .T. ) ;
#2417 = CIRCLE ( 'NONE', #1014, 0.02499999999999990771 ) ;
#2418 = CARTESIAN_POINT ( 'NONE',  ( 3.316335083263758587, 2.590668099521761469, -1.999323354909238626 ) ) ;
#2419 = CARTESIAN_POINT ( 'NONE',  ( 3.177330192692604527, 0.1867368451944989294, -1.959661669750031976 ) ) ;
#2420 = VECTOR ( 'NONE', #12, 1000.000000000000227 ) ;
#2421 = AXIS2_PLACEMENT_3D ( 'NONE', #2715, #725, #1228 ) ;
#2422 =( NAMED_UNIT ( * ) SI_UNIT ( $, .STERADIAN. ) SOLID_ANGLE_UNIT ( ) );
#2423 = ORIENTED_EDGE ( 'NONE', *, *, #1587, .F. ) ;
#2424 = CARTESIAN_POINT ( 'NONE',  ( -1.516175616852497132, 0.1567364817766692675, -1.857135272548666949 ) ) ;
#2425 = EDGE_CURVE ( 'NONE', #1442, #814, #2473, .T. ) ;
#2426 = ORIENTED_EDGE ( 'NONE', *, *, #2241, .F. ) ;
#2427 = CYLINDRICAL_SURFACE ( 'NONE', #1574, 0.02499999999999991812 ) ;
#2428 = EDGE_CURVE ( 'NONE', #566, #1126, #2917, .T. ) ;
#2429 = VERTEX_POINT ( 'NONE', #2007 ) ;
#2430 = CARTESIAN_POINT ( 'NONE',  ( 1.475636657884198399, 0.1729504687365741311, -1.957846658856691402 ) ) ;
#2431 = CARTESIAN_POINT ( 'NONE',  ( 2.571342758256137007, 3.091933528397270425, -1.935406533782296767 ) ) ;
#2432 = CARTESIAN_POINT ( 'NONE',  ( 1.425649616982121781, 0.1575606778996983259, -1.955568591897868913 ) ) ;
#2433 = VERTEX_POINT ( 'NONE', #1519 ) ;
#2434 = DIRECTION ( 'NONE',  ( 0.5446390350150422943, 0.8386705679454140583, 0.0000000000000000000 ) ) ;
#2435 = CARTESIAN_POINT ( 'NONE',  ( 2.548978017613028335, 3.078263154805500168, -1.959661669750032864 ) ) ;
#2436 = AXIS2_PLACEMENT_3D ( 'NONE', #3184, #1662, #2662 ) ;
#2437 = AXIS2_PLACEMENT_3D ( 'NONE', #262, #1259, #2964 ) ;
#2438 = ORIENTED_EDGE ( 'NONE', *, *, #256, .T. ) ;
#2439 = CARTESIAN_POINT ( 'NONE',  ( -1.500000000000000444, 0.06499999999999994671, 1.903070653268363888 ) ) ;
#2440 = VERTEX_POINT ( 'NONE', #506 ) ;
#2441 = SURFACE_STYLE_USAGE ( .BOTH. , #2489 ) ;
#2442 = PRESENTATION_LAYER_ASSIGNMENT (  '', '', ( #1195 ) ) ;
#2443 = CYLINDRICAL_SURFACE ( 'NONE', #906, 0.02500000000000005343 ) ;
#2444 = AXIS2_PLACEMENT_3D ( 'NONE', #3228, #491, #2246 ) ;
#2445 = ORIENTED_EDGE ( 'NONE', *, *, #1811, .T. ) ;
#2446 = PRESENTATION_STYLE_ASSIGNMENT (( #1277 ) ) ;
#2447 = CARTESIAN_POINT ( 'NONE',  ( 1.443943347077258021, 0.1601403444285308952, -1.954208802241839571 ) ) ;
#2448 = EDGE_CURVE ( 'NONE', #325, #1776, #2486, .T. ) ;
#2449 = CARTESIAN_POINT ( 'NONE',  ( 3.287123254152507723, 0.4557596071419524053, -1.969863464253768681 ) ) ;
#2450 = ORIENTED_EDGE ( 'NONE', *, *, #1609, .T. ) ;
#2451 = ORIENTED_EDGE ( 'NONE', *, *, #2970, .T. ) ;
#2452 =( NAMED_UNIT ( * ) SI_UNIT ( $, .STERADIAN. ) SOLID_ANGLE_UNIT ( ) );
#2453 = FACE_OUTER_BOUND ( 'NONE', #1003, .T. ) ;
#2454 = EDGE_CURVE ( 'NONE', #2106, #3169, #769, .T. ) ;
#2455 = DIRECTION ( 'NONE',  ( -0.0000000000000000000, -0.0000000000000000000, -1.000000000000000000 ) ) ;
#2456 =( BOUNDED_SURFACE ( )  B_SPLINE_SURFACE ( 3, 2, ( 
 ( #2010, #552, #3009 ),
 ( #1539, #1822, #774 ),
 ( #564, #1992, #1555 ),
 ( #3058, #582, #1571 ) ),
 .UNSPECIFIED., .F., .F., .F. ) 
 B_SPLINE_SURFACE_WITH_KNOTS ( ( 4, 4 ),
 ( 3, 3 ),
 ( 4.921828490624005070, 5.707226654021464007 ),
 ( 0.0000000000000000000, 1.000000000000000000 ),
 .UNSPECIFIED. ) 
 GEOMETRIC_REPRESENTATION_ITEM ( )  RATIONAL_B_SPLINE_SURFACE ( (
 ( 1.000000000000000000, 0.7166372587719931353, 1.000000000000000000),
 ( 1.000000000000000000, 0.7283286045448308377, 1.000000000000000000),
 ( 1.000000000000000000, 0.7385912930390563513, 1.000000000000000000),
 ( 1.000000000000000000, 0.7448048320737928885, 1.000000000000000000) ) ) 
 REPRESENTATION_ITEM ( '' )  SURFACE ( )  );
#2457 = VERTEX_POINT ( 'NONE', #1958 ) ;
#2458 = FILL_AREA_STYLE ('',( #1752 ) ) ;
#2459 = ORIENTED_EDGE ( 'NONE', *, *, #1252, .F. ) ;
#2460 = ORIENTED_EDGE ( 'NONE', *, *, #143, .F. ) ;
#2461 = CARTESIAN_POINT ( 'NONE',  ( 1.416858448906715529, 0.1563052619222004280, -1.955655275806696292 ) ) ;
#2462 = CARTESIAN_POINT ( 'NONE',  ( 1.417537940432722632, 0.1564019674327005172, -1.955668007328684288 ) ) ;
#2463 = CARTESIAN_POINT ( 'NONE',  ( 1.526023694382619089, 0.1649999999999999800, 1.857135272548666061 ) ) ;
#2464 = ORIENTED_EDGE ( 'NONE', *, *, #1140, .F. ) ;
#2465 = FACE_OUTER_BOUND ( 'NONE', #246, .T. ) ;
#2466 = ADVANCED_FACE ( 'NONE', ( #2949 ), #711, .F. ) ;
#2467 = SURFACE_STYLE_USAGE ( .BOTH. , #490 ) ;
#2468 = CARTESIAN_POINT ( 'NONE',  ( 3.281043679102443544, 2.604502433985010690, -2.022033451904852619 ) ) ;
#2469 = DIRECTION ( 'NONE',  ( 0.5446390350150343007, 0.8386705679454192763, 0.0000000000000000000 ) ) ;
#2470 = MECHANICAL_DESIGN_GEOMETRIC_PRESENTATION_REPRESENTATION (  '', ( #2519 ), #1319 ) ;
#2471 = EDGE_CURVE ( 'NONE', #1776, #64, #1084, .T. ) ;
#2472 = SURFACE_STYLE_USAGE ( .BOTH. , #1661 ) ;
#2473 = LINE ( 'NONE', #742, #2802 ) ;
#2474 =( BOUNDED_CURVE ( )  B_SPLINE_CURVE ( 3, ( #3146, #2645, #2439, #1203 ),
 .UNSPECIFIED., .F., .T. ) 
 B_SPLINE_CURVE_WITH_KNOTS ( ( 4, 4 ),
 ( 2.223514401812307639, 3.771643152068240745 ),
 .UNSPECIFIED. ) 
 CURVE ( )  GEOMETRIC_REPRESENTATION_ITEM ( )  RATIONAL_B_SPLINE_CURVE ( ( 1.000000000000000000, 0.8100502620159907297, 0.8100502620159907297, 1.000000000000000000 ) ) 
 REPRESENTATION_ITEM ( '' )  );
#2475 = MECHANICAL_DESIGN_GEOMETRIC_PRESENTATION_REPRESENTATION (  '', ( #2206 ), #2994 ) ;
#2476 = ORIENTED_EDGE ( 'NONE', *, *, #458, .T. ) ;
#2477 = AXIS2_PLACEMENT_3D ( 'NONE', #588, #1513, #99 ) ;
#2478 = CARTESIAN_POINT ( 'NONE',  ( -3.177330192692604527, 0.1650000000000000078, 1.934875548215687413 ) ) ;
#2479 = EDGE_LOOP ( 'NONE', ( #1678, #1152, #2718, #320 ) ) ;
#2480 = CARTESIAN_POINT ( 'NONE',  ( 3.316335083263758587, 2.590668099521761469, -1.999323354909238626 ) ) ;
#2481 = CARTESIAN_POINT ( 'NONE',  ( 1.417840125543356145, 0.1569549512059886520, 1.955740809023562621 ) ) ;
#2482 = DIRECTION ( 'NONE',  ( 1.000000000000000000, 0.0000000000000000000, 0.0000000000000000000 ) ) ;
#2483 = VERTEX_POINT ( 'NONE', #2795 ) ;
#2484 = ORIENTED_EDGE ( 'NONE', *, *, #264, .T. ) ;
#2485 = DIRECTION ( 'NONE',  ( -1.000000000000000000, 0.0000000000000000000, -0.0000000000000000000 ) ) ;
#2486 = LINE ( 'NONE', #759, #1400 ) ;
#2487 = EDGE_CURVE ( 'NONE', #2651, #1366, #261, .T. ) ;
#2488 = ORIENTED_EDGE ( 'NONE', *, *, #3195, .F. ) ;
#2489 = SURFACE_SIDE_STYLE ('',( #698 ) ) ;
#2490 =( BOUNDED_SURFACE ( )  B_SPLINE_SURFACE ( 3, 2, ( 
 ( #526, #587, #299 ),
 ( #567, #2067, #1043 ),
 ( #1558, #1512, #3001 ),
 ( #1829, #1280, #2031 ) ),
 .UNSPECIFIED., .F., .F., .F. ) 
 B_SPLINE_SURFACE_WITH_KNOTS ( ( 4, 4 ),
 ( 3, 3 ),
 ( 0.0000000000000000000, 8.350641646734387029E-05 ),
 ( 0.0000000000000000000, 1.000000000000000000 ),
 .UNSPECIFIED. ) 
 GEOMETRIC_REPRESENTATION_ITEM ( )  RATIONAL_B_SPLINE_SURFACE ( (
 ( 1.000000000000000000, 0.7518398074789726104, 1.000000000000000000),
 ( 1.000000000000000000, 0.8845272019757292048, 1.000000000000000000),
 ( 1.000000000000000000, 1.002073273659879415, 1.000000000000000000),
 ( 1.000000000000000000, 1.000000000000000000, 1.000000000000000000) ) ) 
 REPRESENTATION_ITEM ( '' )  SURFACE ( )  );
#2491 = CARTESIAN_POINT ( 'NONE',  ( 3.294659654977819319, 2.622206043378144447, -2.021187747113365685 ) ) ;
#2492 = EDGE_LOOP ( 'NONE', ( #1176, #400, #3221, #222, #1858, #781, #2551, #2596, #1792, #1006, #2538 ) ) ;
#2493 =( GEOMETRIC_REPRESENTATION_CONTEXT ( 3 ) GLOBAL_UNCERTAINTY_ASSIGNED_CONTEXT ( ( #1010 ) ) GLOBAL_UNIT_ASSIGNED_CONTEXT ( ( #1438, #2195, #2960 ) ) REPRESENTATION_CONTEXT ( 'NONE', 'WORKASPACE' ) );
#2494 = CARTESIAN_POINT ( 'NONE',  ( 1.449060106687929617, 0.1767010209850472247, 1.958340428427510771 ) ) ;
#2495 = CARTESIAN_POINT ( 'NONE',  ( 2.562229856798185157, 3.097485925384841465, 1.957130943992718253 ) ) ;
#2496 = ORIENTED_EDGE ( 'NONE', *, *, #2428, .F. ) ;
#2497 = AXIS2_PLACEMENT_3D ( 'NONE', #1697, #734, #219 ) ;
#2498 = VERTEX_POINT ( 'NONE', #2778 ) ;
#2499 = CARTESIAN_POINT ( 'NONE',  ( 1.459162561919784551, 0.06500000000000005773, 1.943634710031768131 ) ) ;
#2500 = CARTESIAN_POINT ( 'NONE',  ( 3.251190774168519759, 0.2487132318694796340, 1.967821015847235566 ) ) ;
#2501 =( NAMED_UNIT ( * ) SI_UNIT ( $, .STERADIAN. ) SOLID_ANGLE_UNIT ( ) );
#2502 = UNCERTAINTY_MEASURE_WITH_UNIT (LENGTH_MEASURE( 1.000000000000000082E-05 ), #1136, 'distance_accuracy_value', 'NONE');
#2503 =( NAMED_UNIT ( * ) SI_UNIT ( $, .STERADIAN. ) SOLID_ANGLE_UNIT ( ) );
#2504 = EDGE_CURVE ( 'NONE', #2815, #1220, #1085, .T. ) ;
#2505 = B_SPLINE_CURVE_WITH_KNOTS ( 'NONE', 3,
 ( #418, #604, #1664, #915, #1161, #1859, #899, #2140, #3150, #2902, #1911, #1896, #134 ),
 .UNSPECIFIED., .F., .F.,
 ( 4, 3, 3, 3, 4 ),
 ( -2.059370057069401054E-06, 0.0000000000000000000, 1.022734519920116742E-05, 5.614806418872644216E-05, 7.902535210667179151E-05 ),
 .UNSPECIFIED. ) ;
#2506 = CARTESIAN_POINT ( 'NONE',  ( 1.504577633732794961, 0.1649999999999999800, -1.922005302887217049 ) ) ;
#2507 = CYLINDRICAL_SURFACE ( 'NONE', #1311, 0.02500000000000005343 ) ;
#2508 = EDGE_LOOP ( 'NONE', ( #964, #2963, #204, #1982, #3183 ) ) ;
#2509 =( LENGTH_UNIT ( ) NAMED_UNIT ( * ) SI_UNIT ( .MILLI., .METRE. ) );
#2510 = CARTESIAN_POINT ( 'NONE',  ( 2.544110806505385458, 3.049999999999999378, 2.149999999999999911 ) ) ;
#2511 = COLOUR_RGB ( '',0.7529411764705882248, 0.7529411764705882248, 0.7529411764705882248 ) ;
#2512 = ORIENTED_EDGE ( 'NONE', *, *, #1175, .F. ) ;
#2513 = LINE ( 'NONE', #1581, #1217 ) ;
#2514 = CARTESIAN_POINT ( 'NONE',  ( -3.503528671988047627, 1.632495476168328130, -2.148587939554517767 ) ) ;
#2515 = DIRECTION ( 'NONE',  ( -0.0000000000000000000, -0.0000000000000000000, -1.000000000000000000 ) ) ;
#2516 = CARTESIAN_POINT ( 'NONE',  ( -3.521000000000000352, 1.632499999999999396, 2.149999999999999911 ) ) ;
#2517 = DIRECTION ( 'NONE',  ( -1.000000000000000000, -1.387993711551809871E-16, 0.0000000000000000000 ) ) ;
#2518 = DIRECTION ( 'NONE',  ( 0.0000000000000000000, -0.0000000000000000000, 1.000000000000000000 ) ) ;
#2519 = STYLED_ITEM ( 'NONE', ( #405 ), #161 ) ;
#2520 = DIRECTION ( 'NONE',  ( -0.1722068331141311248, -0.9766334818541284601, 0.1285762371135640569 ) ) ;
#2521 = CARTESIAN_POINT ( 'NONE',  ( -3.521000000000000352, 0.1900000000000000577, 1.934875548215687635 ) ) ;
#2522 = FILL_AREA_STYLE_COLOUR ( '', #30 ) ;
#2523 = COLOUR_RGB ( '',0.7529411764705882248, 0.7529411764705882248, 0.7529411764705882248 ) ;
#2524 = ADVANCED_FACE ( 'NONE', ( #1293 ), #465, .T. ) ;
#2525 = ORIENTED_EDGE ( 'NONE', *, *, #1807, .F. ) ;
#2526 = SURFACE_STYLE_FILL_AREA ( #3029 ) ;
#2527 = AXIS2_PLACEMENT_3D ( 'NONE', #1456, #2455, #2217 ) ;
#2528 = SURFACE_STYLE_USAGE ( .BOTH. , #335 ) ;
#2529 = ORIENTED_EDGE ( 'NONE', *, *, #1175, .T. ) ;
#2530 = DIRECTION ( 'NONE',  ( -0.0000000000000000000, -0.0000000000000000000, -1.000000000000000000 ) ) ;
#2531 = CARTESIAN_POINT ( 'NONE',  ( -3.519446143053839293, 1.632544582196443494, -2.130622832496148700 ) ) ;
#2532 = DIRECTION ( 'NONE',  ( -0.9848077530122084644, -0.1736481776669284438, 0.0000000000000000000 ) ) ;
#2533 = CARTESIAN_POINT ( 'NONE',  ( -3.211368945156751753, 3.084494953335665812, 1.935896187274972258 ) ) ;
#2534 = UNCERTAINTY_MEASURE_WITH_UNIT (LENGTH_MEASURE( 1.000000000000000082E-05 ), #1521, 'distance_accuracy_value', 'NONE');
#2535 = CARTESIAN_POINT ( 'NONE',  ( -3.519937729381674263, 1.632146845774390842, -1.199999999999999956 ) ) ;
#2536 = CARTESIAN_POINT ( 'NONE',  ( -3.179902925604260133, 3.078263154805500168, 1.959661669750033530 ) ) ;
#2537 = CARTESIAN_POINT ( 'NONE',  ( 3.495135090094029007, 1.632499999999999396, 2.149999999999999911 ) ) ;
#2538 = ORIENTED_EDGE ( 'NONE', *, *, #1937, .T. ) ;
#2539 = CARTESIAN_POINT ( 'NONE',  ( -1.493263000590194567, 0.1867368451944988739, -1.959661669750032864 ) ) ;
#2540 = STYLED_ITEM ( 'NONE', ( #1039 ), #2616 ) ;
#2541 = FILL_AREA_STYLE ('',( #796 ) ) ;
#2542 = CARTESIAN_POINT ( 'NONE',  ( 3.316335083263758587, 2.590668099521761469, 1.999323354909239070 ) ) ;
#2543 = COLOUR_RGB ( '',0.7529411764705882248, 0.7529411764705882248, 0.7529411764705882248 ) ;
#2544 = EDGE_LOOP ( 'NONE', ( #589, #2459, #2353, #1427 ) ) ;
#2545 = DIRECTION ( 'NONE',  ( 0.9848077530122086864, 0.1736481776669263344, 0.0000000000000000000 ) ) ;
#2546 = CARTESIAN_POINT ( 'NONE',  ( -3.516408643589409966, 1.632561781925868649, -2.138227389356803343 ) ) ;
#2547 = EDGE_CURVE ( 'NONE', #2429, #1185, #2297, .T. ) ;
#2548 = VECTOR ( 'NONE', #3041, 1000.000000000000000 ) ;
#2549 =( NAMED_UNIT ( * ) PLANE_ANGLE_UNIT ( ) SI_UNIT ( $, .RADIAN. ) );
#2550 = AXIS2_PLACEMENT_3D ( 'NONE', #1809, #354, #1300 ) ;
#2551 = ORIENTED_EDGE ( 'NONE', *, *, #2833, .F. ) ;
#2552 = DIRECTION ( 'NONE',  ( -0.0000000000000000000, -0.0000000000000000000, -1.000000000000000000 ) ) ;
#2553 = EDGE_CURVE ( 'NONE', #496, #2181, #2830, .T. ) ;
#2554 = CARTESIAN_POINT ( 'NONE',  ( -3.167584044089497564, 3.099999999999999201, 1.934875548215688079 ) ) ;
#2555 = CARTESIAN_POINT ( 'NONE',  ( 3.649999999999999911, 0.1399999999999998745, -1.199999999999999956 ) ) ;
#2556 = SURFACE_STYLE_USAGE ( .BOTH. , #1824 ) ;
#2557 = DIRECTION ( 'NONE',  ( 0.2062089244771383167, 0.9701367149383298694, -0.1277209215228557182 ) ) ;
#2558 = VERTEX_POINT ( 'NONE', #308 ) ;
#2559 = DIRECTION ( 'NONE',  ( 1.000000000000000000, -0.0000000000000000000, 0.0000000000000000000 ) ) ;
#2560 = DIRECTION ( 'NONE',  ( -1.000000000000000000, 0.0000000000000000000, 0.0000000000000000000 ) ) ;
#2561 = ORIENTED_EDGE ( 'NONE', *, *, #3147, .T. ) ;
#2562 = CARTESIAN_POINT ( 'NONE',  ( 3.510000000000000231, -1.360249892197943567E-16, -1.199999999999999956 ) ) ;
#2563 =( LENGTH_UNIT ( ) NAMED_UNIT ( * ) SI_UNIT ( .MILLI., .METRE. ) );
#2564 = PRESENTATION_STYLE_ASSIGNMENT (( #545 ) ) ;
#2565 = EDGE_CURVE ( 'NONE', #43, #341, #2040, .T. ) ;
#2566 = VERTEX_POINT ( 'NONE', #2282 ) ;
#2567 =( GEOMETRIC_REPRESENTATION_CONTEXT ( 3 ) GLOBAL_UNCERTAINTY_ASSIGNED_CONTEXT ( ( #613 ) ) GLOBAL_UNIT_ASSIGNED_CONTEXT ( ( #1679, #715, #2953 ) ) REPRESENTATION_CONTEXT ( 'NONE', 'WORKASPACE' ) );
#2568 = CARTESIAN_POINT ( 'NONE',  ( -1.417840125543346375, 0.1569549512060088858, -1.955740809023565285 ) ) ;
#2569 = DIRECTION ( 'NONE',  ( 0.2079116908177560119, -0.9781476007338063550, 0.0000000000000000000 ) ) ;
#2570 = EDGE_CURVE ( 'NONE', #257, #1442, #1242, .T. ) ;
#2571 = DIRECTION ( 'NONE',  ( 0.0000000000000000000, 0.0000000000000000000, -1.000000000000000000 ) ) ;
#2572 = CARTESIAN_POINT ( 'NONE',  ( 3.520000000000000018, 1.492499999999999494, 1.199999999999999956 ) ) ;
#2573 = LINE ( 'NONE', #350, #3149 ) ;
#2574 = VERTEX_POINT ( 'NONE', #3076 ) ;
#2575 = CARTESIAN_POINT ( 'NONE',  ( -2.350000000000000089, 2.498228132021559730E-17, 1.199999999999999956 ) ) ;
#2576 = VECTOR ( 'NONE', #663, 1000.000000000000000 ) ;
#2577 =( LENGTH_UNIT ( ) NAMED_UNIT ( * ) SI_UNIT ( .MILLI., .METRE. ) );
#2578 = CARTESIAN_POINT ( 'NONE',  ( 3.267427703227067770, 2.580272514980873844, 2.149999999999999911 ) ) ;
#2579 =( BOUNDED_SURFACE ( )  B_SPLINE_SURFACE ( 3, 2, ( 
 ( #1352, #901, #2342 ),
 ( #623, #1617, #2615 ),
 ( #2361, #2115, #136 ),
 ( #3121, #883, #1881 ) ),
 .UNSPECIFIED., .F., .F., .F. ) 
 B_SPLINE_SURFACE_WITH_KNOTS ( ( 4, 4 ),
 ( 3, 3 ),
 ( 1.780235837034211510, 3.141592653589793116 ),
 ( 0.0000000000000000000, 1.000000000000000000 ),
 .UNSPECIFIED. ) 
 GEOMETRIC_REPRESENTATION_ITEM ( )  RATIONAL_B_SPLINE_SURFACE ( (
 ( 1.000000000000000000, 0.7166372587719931353, 1.000000000000000000),
 ( 1.000000000000000000, 0.7371640693539626144, 1.000000000000000000),
 ( 1.000000000000000000, 0.7521792322846079237, 1.000000000000000000),
 ( 1.000000000000000000, 0.7518398074789737207, 1.000000000000000000) ) ) 
 REPRESENTATION_ITEM ( '' )  SURFACE ( )  );
#2580 = ORIENTED_EDGE ( 'NONE', *, *, #281, .F. ) ;
#2581 = VECTOR ( 'NONE', #493, 1000.000000000000000 ) ;
#2582 = DIRECTION ( 'NONE',  ( -0.1722068331141284603, 0.9766334818541287932, 0.1285762371135659721 ) ) ;
#2583 = CARTESIAN_POINT ( 'NONE',  ( 1.500000000000000000, 0.06500000000000005773, 2.149999999999999911 ) ) ;
#2584 = SURFACE_STYLE_USAGE ( .BOTH. , #1564 ) ;
#2585 = AXIS2_PLACEMENT_3D ( 'NONE', #2086, #1830, #59 ) ;
#2586 = ORIENTED_EDGE ( 'NONE', *, *, #2063, .T. ) ;
#2587 = CARTESIAN_POINT ( 'NONE',  ( -1.500000000000000000, 0.06500000000000005773, 2.149999999999999911 ) ) ;
#2588 = CARTESIAN_POINT ( 'NONE',  ( 1.459162561919785883, 0.06500000000000005773, -1.943634710031767465 ) ) ;
#2589 = CARTESIAN_POINT ( 'NONE',  ( 1.526023694382619089, 0.1549999999999999989, -1.857135272548666061 ) ) ;
#2590 = CARTESIAN_POINT ( 'NONE',  ( 1.516175616852497132, 0.1567364817766693230, 1.857135272548666061 ) ) ;
#2591 = CARTESIAN_POINT ( 'NONE',  ( 3.520000000000000018, 1.632499999999999396, 2.125468578319840596 ) ) ;
#2592 = ORIENTED_EDGE ( 'NONE', *, *, #1807, .T. ) ;
#2593 = DIRECTION ( 'NONE',  ( -0.0000000000000000000, -0.0000000000000000000, 1.000000000000000000 ) ) ;
#2594 = PRODUCT_CONTEXT ( 'NONE', #1490, 'mechanical' ) ;
#2595 = LINE ( 'NONE', #1146, #1631 ) ;
#2596 = ORIENTED_EDGE ( 'NONE', *, *, #1941, .F. ) ;
#2597 = MECHANICAL_DESIGN_GEOMETRIC_PRESENTATION_REPRESENTATION (  '', ( #2540 ), #1190 ) ;
#2598 = CARTESIAN_POINT ( 'NONE',  ( 2.350000000000000089, 2.498228132021559730E-17, -1.199999999999999956 ) ) ;
#2599 = CARTESIAN_POINT ( 'NONE',  ( -3.521000000000000352, 1.632499999999999396, -2.149999999999999911 ) ) ;
#2600 = CARTESIAN_POINT ( 'NONE',  ( -1.500000000000000000, 0.06500000000000005773, 1.845057935602887556 ) ) ;
#2601 = CARTESIAN_POINT ( 'NONE',  ( 3.506192294163898993, 1.632506272019374149, -2.147657871616440062 ) ) ;
#2602 =( BOUNDED_SURFACE ( )  B_SPLINE_SURFACE ( 3, 2, ( 
 ( #2973, #2724, #3192 ),
 ( #1498, #2495, #270 ),
 ( #956, #1950, #704 ),
 ( #1698, #472, #2192 ) ),
 .UNSPECIFIED., .F., .F., .F. ) 
 B_SPLINE_SURFACE_WITH_KNOTS ( ( 4, 4 ),
 ( 3, 3 ),
 ( 5.707226654021448908, 6.283185307179586232 ),
 ( 0.0000000000000000000, 1.000000000000000000 ),
 .UNSPECIFIED. ) 
 GEOMETRIC_REPRESENTATION_ITEM ( )  RATIONAL_B_SPLINE_SURFACE ( (
 ( 1.000000000000000000, 0.7448048320737922223, 1.000000000000000000),
 ( 1.000000000000000000, 0.7493974860689481821, 1.000000000000000000),
 ( 1.000000000000000000, 0.7518514276545880115, 1.000000000000000000),
 ( 1.000000000000000000, 0.7518398074789761631, 1.000000000000000000) ) ) 
 REPRESENTATION_ITEM ( '' )  SURFACE ( )  );
#2603 = ORIENTED_EDGE ( 'NONE', *, *, #1263, .F. ) ;
#2604 = ORIENTED_EDGE ( 'NONE', *, *, #3091, .F. ) ;
#2605 = COLOUR_RGB ( '',0.7529411764705882248, 0.7529411764705882248, 0.7529411764705882248 ) ;
#2606 = DIRECTION ( 'NONE',  ( 0.1722068331141311248, -0.9766334818541284601, -0.1285762371135640569 ) ) ;
#2607 = FILL_AREA_STYLE ('',( #1605 ) ) ;
#2608 = AXIS2_PLACEMENT_3D ( 'NONE', #475, #241, #1200 ) ;
#2609 = DIRECTION ( 'NONE',  ( -1.000000000000000000, 0.0000000000000000000, 0.0000000000000000000 ) ) ;
#2610 = MECHANICAL_DESIGN_GEOMETRIC_PRESENTATION_REPRESENTATION (  '', ( #777 ), #1669 ) ;
#2611 = CARTESIAN_POINT ( 'NONE',  ( 2.569999304018690367, 3.092805977780182847, -1.957747070783444565 ) ) ;
#2612 = EDGE_CURVE ( 'NONE', #2726, #468, #108, .T. ) ;
#2613 = ORIENTED_EDGE ( 'NONE', *, *, #2689, .T. ) ;
#2614 = CARTESIAN_POINT ( 'NONE',  ( -3.251190774168520203, 0.2519763866749807901, -1.943034894312890337 ) ) ;
#2615 = CARTESIAN_POINT ( 'NONE',  ( -3.189612823426622334, 3.069868379956062210, -1.960766862825645607 ) ) ;
#2616 = ADVANCED_FACE ( 'NONE', ( #859 ), #612, .T. ) ;
#2617 = ORIENTED_EDGE ( 'NONE', *, *, #1984, .T. ) ;
#2618 = LINE ( 'NONE', #1651, #289 ) ;
#2619 = FACE_OUTER_BOUND ( 'NONE', #898, .T. ) ;
#2620 = ORIENTED_EDGE ( 'NONE', *, *, #2831, .T. ) ;
#2621 = DIRECTION ( 'NONE',  ( -0.0000000000000000000, -0.0000000000000000000, -1.000000000000000000 ) ) ;
#2622 = CARTESIAN_POINT ( 'NONE',  ( 3.225261648734251807, 0.1650000000000000355, -1.934875551020017737 ) ) ;
#2623 = VECTOR ( 'NONE', #1945, 1000.000000000000000 ) ;
#2624 = PLANE ( 'NONE',  #2308 ) ;
#2625 = LINE ( 'NONE', #396, #2075 ) ;
#2626 = CYLINDRICAL_SURFACE ( 'NONE', #208, 0.02500000000000006384 ) ;
#2627 = EDGE_LOOP ( 'NONE', ( #2379, #935, #2363, #2388 ) ) ;
#2628 = CARTESIAN_POINT ( 'NONE',  ( -1.443158846601857004, 0.1659468258224793269, -1.956924065498505172 ) ) ;
#2629 = EDGE_CURVE ( 'NONE', #2329, #2457, #483, .T. ) ;
#2630 = CARTESIAN_POINT ( 'NONE',  ( -1.472741270033549599, 0.1637025008791241909, -1.944719706574990603 ) ) ;
#2631 = CLOSED_SHELL ( 'NONE', ( #2205, #8, #655, #2466, #945, #659, #3153, #773, #1634, #2182, #834, #1850, #2952, #3026, #2137, #2643, #676, #3046, #345, #66, #2914, #2079, #2950, #998, #961, #2693, #1727, #926, #431, #248, #1135, #1110, #2966, #2047, #2221, #1306, #1415, #2524, #1566, #1002, #1353, #503, #1374, #114, #366, #1616, #3222, #349, #2827, #875, #1783, #1879, #1286, #3040, #1525, #1912, #3004, #2728, #1033, #2712, #3061, #244, #2006, #979, #487, #693, #1292, #840, #2766, #2392, #2122, #947, #263, #1688, #1158, #696, #2616, #714, #2835, #1451, #1873, #50, #109, #446, #161, #2068 ) ) ;
#2632 = ORIENTED_EDGE ( 'NONE', *, *, #448, .T. ) ;
#2633 = LINE ( 'NONE', #1127, #1062 ) ;
#2634 = COLOUR_RGB ( '',0.7529411764705882248, 0.7529411764705882248, 0.7529411764705882248 ) ;
#2635 = DIRECTION ( 'NONE',  ( 1.000000000000000000, 0.0000000000000000000, 0.0000000000000000000 ) ) ;
#2636 = EDGE_CURVE ( 'NONE', #930, #902, #429, .T. ) ;
#2637 = EDGE_CURVE ( 'NONE', #1466, #1425, #1172, .T. ) ;
#2638 = CARTESIAN_POINT ( 'NONE',  ( 1.504577633732794961, 0.1549999999999999711, -1.922005302887217049 ) ) ;
#2639 = MECHANICAL_DESIGN_GEOMETRIC_PRESENTATION_REPRESENTATION (  '', ( #2108 ), #757 ) ;
#2640 = EDGE_LOOP ( 'NONE', ( #2014, #2243, #848, #3148 ) ) ;
#2641 = FACE_OUTER_BOUND ( 'NONE', #2702, .T. ) ;
#2642 = CARTESIAN_POINT ( 'NONE',  ( 3.275810967993825429, 0.2476351822333080488, -1.943034894312890337 ) ) ;
#2643 = ADVANCED_FACE ( 'NONE', ( #1362 ), #631, .T. ) ;
#2644 = DIRECTION ( 'NONE',  ( 0.0000000000000000000, 0.0000000000000000000, -1.000000000000000000 ) ) ;
#2645 = CARTESIAN_POINT ( 'NONE',  ( -1.459162561919784551, 0.06499999999999994671, 1.943634710031767465 ) ) ;
#2646 = CARTESIAN_POINT ( 'NONE',  ( 3.500859858816489645, 1.632487309079605708, 2.149357100281243937 ) ) ;
#2647 = ORIENTED_EDGE ( 'NONE', *, *, #755, .T. ) ;
#2648 = LINE ( 'NONE', #665, #1429 ) ;
#2649 = SHAPE_DEFINITION_REPRESENTATION ( #1798, #550 ) ;
#2650 = CARTESIAN_POINT ( 'NONE',  ( -2.350000000000000089, 2.498228132021559730E-17, -1.199999999999999956 ) ) ;
#2651 = VERTEX_POINT ( 'NONE', #3143 ) ;
#2652 = CARTESIAN_POINT ( 'NONE',  ( 1.493263000590194789, 0.1649999999999999800, 1.934875548215687635 ) ) ;
#2653 = CARTESIAN_POINT ( 'NONE',  ( 3.520646088808463414, 1.629460391138307429, 2.125868750418171249 ) ) ;
#2654 = CARTESIAN_POINT ( 'NONE',  ( -1.493263000590195233, 0.1649999999999999800, 1.934875548215687413 ) ) ;
#2655 = CARTESIAN_POINT ( 'NONE',  ( -3.167584044089497564, 3.074999999999999734, 1.934875548215687857 ) ) ;
#2656 = ORIENTED_EDGE ( 'NONE', *, *, #508, .T. ) ;
#2657 = EDGE_CURVE ( 'NONE', #1366, #566, #1890, .T. ) ;
#2658 = EDGE_CURVE ( 'NONE', #3080, #1209, #721, .T. ) ;
#2659 = DIRECTION ( 'NONE',  ( -1.000000000000000000, 0.0000000000000000000, 0.0000000000000000000 ) ) ;
#2660 = CIRCLE ( 'NONE', #1499, 0.009999999999999592548 ) ;
#2661 = EDGE_CURVE ( 'NONE', #1301, #152, #1139, .T. ) ;
#2662 = DIRECTION ( 'NONE',  ( 0.9781476007338064660, 0.2079116908177548462, 0.0000000000000000000 ) ) ;
#2663 = CIRCLE ( 'NONE', #2444, 0.01000000000000001582 ) ;
#2664 = ORIENTED_EDGE ( 'NONE', *, *, #1733, .T. ) ;
#2665 = CARTESIAN_POINT ( 'NONE',  ( 3.275810967993825429, 0.2476351822333077712, 1.943034894312890559 ) ) ;
#2666 = DIRECTION ( 'NONE',  ( 0.0000000000000000000, -1.000000000000000000, 0.0000000000000000000 ) ) ;
#2667 = ORIENTED_EDGE ( 'NONE', *, *, #1677, .T. ) ;
#2668 = CARTESIAN_POINT ( 'NONE',  ( 1.450963402296626237, 0.1649999999999999800, -1.965758036301236134 ) ) ;
#2669 = DIRECTION ( 'NONE',  ( -1.000000000000000000, 0.0000000000000000000, 0.0000000000000000000 ) ) ;
#2670 = FILL_AREA_STYLE_COLOUR ( '', #810 ) ;
#2671 = ORIENTED_EDGE ( 'NONE', *, *, #1157, .F. ) ;
#2672 = CARTESIAN_POINT ( 'NONE',  ( -1.517632698070846331, 0.1649999999999998135, 1.857135272548666061 ) ) ;
#2673 = DIRECTION ( 'NONE',  ( -1.000000000000000000, 0.0000000000000000000, 0.0000000000000000000 ) ) ;
#2674 = CARTESIAN_POINT ( 'NONE',  ( -1.526023690072231265, 0.1649999999999999800, -1.880502260638159617 ) ) ;
#2675 = VERTEX_POINT ( 'NONE', #1134 ) ;
#2676 = ORIENTED_EDGE ( 'NONE', *, *, #1511, .F. ) ;
#2677 = CARTESIAN_POINT ( 'NONE',  ( -1.493263000590195455, 0.1899999999999999745, 1.934875548215687635 ) ) ;
#2678 = CARTESIAN_POINT ( 'NONE',  ( -3.510000000000000231, -1.360249892197943567E-16, -1.199999999999999956 ) ) ;
#2679 = VECTOR ( 'NONE', #296, 1000.000000000000000 ) ;
#2680 = FACE_OUTER_BOUND ( 'NONE', #2640, .T. ) ;
#2681 = DIRECTION ( 'NONE',  ( 0.0000000000000000000, 0.0000000000000000000, -1.000000000000000000 ) ) ;
#2682 = EDGE_LOOP ( 'NONE', ( #2476, #3202, #88, #307 ) ) ;
#2683 = AXIS2_PLACEMENT_3D ( 'NONE', #641, #1182, #138 ) ;
#2684 = LINE ( 'NONE', #2215, #1402 ) ;
#2685 = DIRECTION ( 'NONE',  ( 1.000000000000000000, 0.0000000000000000000, 0.0000000000000000000 ) ) ;
#2686 = LINE ( 'NONE', #877, #52 ) ;
#2687 = MECHANICAL_DESIGN_GEOMETRIC_PRESENTATION_REPRESENTATION (  '', ( #1070 ), #970 ) ;
#2688 = VERTEX_POINT ( 'NONE', #2930 ) ;
#2689 = EDGE_CURVE ( 'NONE', #524, #1761, #153, .T. ) ;
#2690 = CARTESIAN_POINT ( 'NONE',  ( -1.433341780414309152, 0.1671734583405068419, 1.957086101009436252 ) ) ;
#2691 = ORIENTED_EDGE ( 'NONE', *, *, #148, .T. ) ;
#2692 = CARTESIAN_POINT ( 'NONE',  ( 1.416858448906715529, 0.1563052619222004003, -1.955655275806696292 ) ) ;
#2693 = ADVANCED_FACE ( 'NONE', ( #2915 ), #1675, .F. ) ;
#2694 =( NAMED_UNIT ( * ) PLANE_ANGLE_UNIT ( ) SI_UNIT ( $, .RADIAN. ) );
#2695 = DIRECTION ( 'NONE',  ( -0.1722068331141306530, -0.9766334818541285712, -0.1285762371135640569 ) ) ;
#2696 = CARTESIAN_POINT ( 'NONE',  ( 1.415902142545357068, 0.1649999999999999800, 1.956781339708185685 ) ) ;
#2697 = ORIENTED_EDGE ( 'NONE', *, *, #1543, .F. ) ;
#2698 = CARTESIAN_POINT ( 'NONE',  ( 1.509355158259251484, 0.1571491161419915905, -1.899282425217037718 ) ) ;
#2699 =( LENGTH_UNIT ( ) NAMED_UNIT ( * ) SI_UNIT ( .MILLI., .METRE. ) );
#2700 = CARTESIAN_POINT ( 'NONE',  ( 3.520000000000000018, 1.632499999999999396, -2.125355806392777769 ) ) ;
#2701 =( GEOMETRIC_REPRESENTATION_CONTEXT ( 3 ) GLOBAL_UNCERTAINTY_ASSIGNED_CONTEXT ( ( #128 ) ) GLOBAL_UNIT_ASSIGNED_CONTEXT ( ( #1766, #1703, #2248 ) ) REPRESENTATION_CONTEXT ( 'NONE', 'WORKASPACE' ) );
#2702 = EDGE_LOOP ( 'NONE', ( #738, #3226, #1108, #1584, #1623 ) ) ;
#2703 = CARTESIAN_POINT ( 'NONE',  ( -3.520000000000000018, 1.632499999999999396, 2.149999999999999911 ) ) ;
#2704 = UNCERTAINTY_MEASURE_WITH_UNIT (LENGTH_MEASURE( 1.000000000000000082E-05 ), #1194, 'distance_accuracy_value', 'NONE');
#2705 = AXIS2_PLACEMENT_3D ( 'NONE', #363, #2834, #3075 ) ;
#2706 = ORIENTED_EDGE ( 'NONE', *, *, #2931, .F. ) ;
#2707 = DIRECTION ( 'NONE',  ( 0.1722068331141306252, -0.9766334818541285712, -0.1285762371135640569 ) ) ;
#2708 = ORIENTED_EDGE ( 'NONE', *, *, #1162, .T. ) ;
#2709 = CARTESIAN_POINT ( 'NONE',  ( 1.475126025585606238, 0.1649999999999999800, -1.944776616279508374 ) ) ;
#2710 = DIRECTION ( 'NONE',  ( 0.8365229034636091354, -0.5432443253929022386, 0.07151947223815167953 ) ) ;
#2711 = CARTESIAN_POINT ( 'NONE',  ( 3.251190774168519759, 0.2487132318694797450, -1.967821015847235566 ) ) ;
#2712 = ADVANCED_FACE ( 'NONE', ( #2109 ), #2784, .T. ) ;
#2713 = VERTEX_POINT ( 'NONE', #413 ) ;
#2714 = CARTESIAN_POINT ( 'NONE',  ( 1.516222652518963487, 0.1570032342967741523, -1.878413467554750804 ) ) ;
#2715 = CARTESIAN_POINT ( 'NONE',  ( 1.517632698070846331, 0.1650000000000000078, 2.149999999999999911 ) ) ;
#2716 = SURFACE_STYLE_FILL_AREA ( #726 ) ;
#2717 = ORIENTED_EDGE ( 'NONE', *, *, #1413, .T. ) ;
#2718 = ORIENTED_EDGE ( 'NONE', *, *, #736, .T. ) ;
#2719 = FACE_OUTER_BOUND ( 'NONE', #272, .T. ) ;
#2720 = CIRCLE ( 'NONE', #1169, 0.1399999999999999301 ) ;
#2721 = LINE ( 'NONE', #198, #2420 ) ;
#2722 = EDGE_CURVE ( 'NONE', #2279, #744, #1905, .T. ) ;
#2723 = CYLINDRICAL_SURFACE ( 'NONE', #2497, 0.02500000000000006384 ) ;
#2724 = CARTESIAN_POINT ( 'NONE',  ( 2.569999304018690367, 3.092805977780182847, 1.957747070783445231 ) ) ;
#2725 = ORIENTED_EDGE ( 'NONE', *, *, #80, .F. ) ;
#2726 = VERTEX_POINT ( 'NONE', #1257 ) ;
#2727 = FILL_AREA_STYLE_COLOUR ( '', #1244 ) ;
#2728 = ADVANCED_FACE ( 'NONE', ( #275 ), #3006, .T. ) ;
#2729 =( NAMED_UNIT ( * ) SI_UNIT ( $, .STERADIAN. ) SOLID_ANGLE_UNIT ( ) );
#2730 = CARTESIAN_POINT ( 'NONE',  ( 3.281043679102443544, 2.601239279179508923, 1.997247330370507168 ) ) ;
#2731 = VECTOR ( 'NONE', #277, 1000.000000000000000 ) ;
#2732 = UNCERTAINTY_MEASURE_WITH_UNIT (LENGTH_MEASURE( 1.000000000000000082E-05 ), #843, 'distance_accuracy_value', 'NONE');
#2733 = COLOUR_RGB ( '',0.7529411764705882248, 0.7529411764705882248, 0.7529411764705882248 ) ;
#2734 = ORIENTED_EDGE ( 'NONE', *, *, #1970, .T. ) ;
#2735 = CIRCLE ( 'NONE', #353, 0.02500000000000006384 ) ;
#2736 = CARTESIAN_POINT ( 'NONE',  ( -1.516175616852496910, 0.1567364817766693508, 1.857135272548665839 ) ) ;
#2737 = ORIENTED_EDGE ( 'NONE', *, *, #2932, .T. ) ;
#2738 = DIRECTION ( 'NONE',  ( -1.000000000000000000, -2.602085213965209379E-14, -3.425710173537347134E-15 ) ) ;
#2739 = LINE ( 'NONE', #719, #1823 ) ;
#2740 = CARTESIAN_POINT ( 'NONE',  ( 1.476104953325257263, 0.1649999999999999800, 1.966121183527497873 ) ) ;
#2741 = ORIENTED_EDGE ( 'NONE', *, *, #1491, .T. ) ;
#2742 = ORIENTED_EDGE ( 'NONE', *, *, #2804, .T. ) ;
#2743 = FACE_OUTER_BOUND ( 'NONE', #1473, .T. ) ;
#2744 = DIRECTION ( 'NONE',  ( 0.1722068331141306252, -0.9766334818541285712, -0.1285762371135640569 ) ) ;
#2745 = FILL_AREA_STYLE ('',( #1701 ) ) ;
#2746 = SURFACE_STYLE_FILL_AREA ( #329 ) ;
#2747 = DIRECTION ( 'NONE',  ( 0.0000000000000000000, 0.0000000000000000000, 1.000000000000000000 ) ) ;
#2748 = AXIS2_PLACEMENT_3D ( 'NONE', #1156, #1872, #1627 ) ;
#2749 = PRESENTATION_STYLE_ASSIGNMENT (( #793 ) ) ;
#2750 = ORIENTED_EDGE ( 'NONE', *, *, #574, .F. ) ;
#2751 = AXIS2_PLACEMENT_3D ( 'NONE', #1395, #2389, #158 ) ;
#2752 = CYLINDRICAL_SURFACE ( 'NONE', #81, 0.1000000000000001166 ) ;
#2753 = CARTESIAN_POINT ( 'NONE',  ( 3.520000000000000018, 1.632499999999999396, 2.125468578319840596 ) ) ;
#2754 = FACE_OUTER_BOUND ( 'NONE', #541, .T. ) ;
#2755 = ORIENTED_EDGE ( 'NONE', *, *, #3067, .T. ) ;
#2756 = VECTOR ( 'NONE', #2940, 1000.000000000000000 ) ;
#2757 = EDGE_LOOP ( 'NONE', ( #2103, #1230, #1960, #3044 ) ) ;
#2758 = CARTESIAN_POINT ( 'NONE',  ( -3.519995619266075515, 1.632520609732841521, -2.127196433136079534 ) ) ;
#2759 = CARTESIAN_POINT ( 'NONE',  ( -3.261240155810332997, 0.1650000000000000078, -1.934875548215688079 ) ) ;
#2760 = DIRECTION ( 'NONE',  ( -0.0000000000000000000, 0.0000000000000000000, -1.000000000000000000 ) ) ;
#2761 = DIRECTION ( 'NONE',  ( -1.000000000000000000, -1.387993711551809871E-16, 0.0000000000000000000 ) ) ;
#2762 = CARTESIAN_POINT ( 'NONE',  ( 1.516175616852497132, 0.1567364817766693230, -1.857135272548666061 ) ) ;
#2763 = EDGE_CURVE ( 'NONE', #1812, #1761, #2152, .T. ) ;
#2764 = FILL_AREA_STYLE_COLOUR ( '', #2634 ) ;
#2765 = CARTESIAN_POINT ( 'NONE',  ( 1.447956178581233821, 0.1568288690095817894, -1.955895413161244933 ) ) ;
#2766 = ADVANCED_FACE ( 'NONE', ( #1485 ), #1008, .T. ) ;
#2767 = CARTESIAN_POINT ( 'NONE',  ( 1.500000000000000000, 0.06500000000000005773, -1.845057935602885779 ) ) ;
#2768 = VERTEX_POINT ( 'NONE', #2946 ) ;
#2769 = CYLINDRICAL_SURFACE ( 'NONE', #3156, 0.05000000000000012768 ) ;
#2770 = CARTESIAN_POINT ( 'NONE',  ( 3.177330192692604527, 0.1867368451944989294, -1.959661669750032864 ) ) ;
#2771 = VECTOR ( 'NONE', #2557, 1000.000000000000227 ) ;
#2772 = ORIENTED_EDGE ( 'NONE', *, *, #1531, .F. ) ;
#2773 = PRESENTATION_STYLE_ASSIGNMENT (( #1777 ) ) ;
#2774 = DIRECTION ( 'NONE',  ( -0.0000000000000000000, -0.0000000000000000000, -1.000000000000000000 ) ) ;
#2775 = LINE ( 'NONE', #1534, #1504 ) ;
#2776 = DIRECTION ( 'NONE',  ( 0.0000000000000000000, -0.0000000000000000000, 1.000000000000000000 ) ) ;
#2777 = CARTESIAN_POINT ( 'NONE',  ( -2.350000000000000089, 2.498228132021559730E-17, 1.199999999999999956 ) ) ;
#2778 = CARTESIAN_POINT ( 'NONE',  ( 3.520000000000000018, 1.492499999999999494, 1.199999999999999956 ) ) ;
#2779 = AXIS2_PLACEMENT_3D ( 'NONE', #1878, #2875, #636 ) ;
#2780 = CARTESIAN_POINT ( 'NONE',  ( -3.216491424126187937, 3.060395584540887004, 1.937482558321028447 ) ) ;
#2781 = CARTESIAN_POINT ( 'NONE',  ( 3.519937729381674263, 1.632146845774390842, 1.199999999999999956 ) ) ;
#2782 = AXIS2_PLACEMENT_3D ( 'NONE', #1626, #2095, #615 ) ;
#2783 = ORIENTED_EDGE ( 'NONE', *, *, #224, .F. ) ;
#2784 =( BOUNDED_SURFACE ( )  B_SPLINE_SURFACE ( 3, 2, ( 
 ( #2419, #3111, #1869 ),
 ( #2869, #1642, #2622 ),
 ( #1378, #1396, #146 ),
 ( #893, #648, #2642 ) ),
 .UNSPECIFIED., .F., .F., .F. ) 
 B_SPLINE_SURFACE_WITH_KNOTS ( ( 4, 4 ),
 ( 3, 3 ),
 ( 3.141592653589793116, 4.537856055185265802 ),
 ( 0.0000000000000000000, 1.000000000000000000 ),
 .UNSPECIFIED. ) 
 GEOMETRIC_REPRESENTATION_ITEM ( )  RATIONAL_B_SPLINE_SURFACE ( (
 ( 1.000000000000000000, 0.7518398074789832686, 1.000000000000000000),
 ( 1.000000000000000000, 0.7522136024319285852, 1.000000000000000000),
 ( 1.000000000000000000, 0.7363372991862066064, 1.000000000000000000),
 ( 1.000000000000000000, 0.7150753930239939216, 1.000000000000000000) ) ) 
 REPRESENTATION_ITEM ( '' )  SURFACE ( )  );
#2785 = AXIS2_PLACEMENT_3D ( 'NONE', #2449, #2957, #1480 ) ;
#2786 = CYLINDRICAL_SURFACE ( 'NONE', #2847, 0.05000000000000012768 ) ;
#2787 = EDGE_CURVE ( 'NONE', #2768, #1887, #1918, .T. ) ;
#2788 = EDGE_LOOP ( 'NONE', ( #1241, #1846, #29, #2603, #336 ) ) ;
#2789 = CYLINDRICAL_SURFACE ( 'NONE', #2198, 0.1399999999999999301 ) ;
#2790 = CARTESIAN_POINT ( 'NONE',  ( -3.506192294163899881, 1.632506272019373705, -2.147657871616440062 ) ) ;
#2791 = CARTESIAN_POINT ( 'NONE',  ( 1.433341780414294497, 0.1671734583405274366, -1.957086101009438917 ) ) ;
#2792 = CARTESIAN_POINT ( 'NONE',  ( 3.519995619266075071, 1.632520609732842631, -2.127196433136079978 ) ) ;
#2793 = ORIENTED_EDGE ( 'NONE', *, *, #1328, .F. ) ;
#2794 = CARTESIAN_POINT ( 'NONE',  ( -1.433341780414308486, 0.1671734583405068697, -1.957086101009436252 ) ) ;
#2795 = CARTESIAN_POINT ( 'NONE',  ( -3.520000000000000018, 1.492499999999999494, 1.199999999999999956 ) ) ;
#2796 = UNCERTAINTY_MEASURE_WITH_UNIT (LENGTH_MEASURE( 1.000000000000000082E-05 ), #1281, 'distance_accuracy_value', 'NONE');
#2797 = CARTESIAN_POINT ( 'NONE',  ( 2.544110806505385458, 3.099999999999999645, 1.934875548215687857 ) ) ;
#2798 = FILL_AREA_STYLE ('',( #2522 ) ) ;
#2799 = STYLED_ITEM ( 'NONE', ( #1804 ), #2122 ) ;
#2800 = VERTEX_POINT ( 'NONE', #1749 ) ;
#2801 =( NAMED_UNIT ( * ) PLANE_ANGLE_UNIT ( ) SI_UNIT ( $, .RADIAN. ) );
#2802 = VECTOR ( 'NONE', #1981, 1000.000000000000227 ) ;
#2803 = CARTESIAN_POINT ( 'NONE',  ( 3.510000000000000231, 0.1300000000000001155, 1.199999999999999956 ) ) ;
#2804 = EDGE_CURVE ( 'NONE', #2120, #1126, #2663, .T. ) ;
#2805 = DIRECTION ( 'NONE',  ( 1.000000000000000000, -0.0000000000000000000, 0.0000000000000000000 ) ) ;
#2806 =( BOUNDED_CURVE ( )  B_SPLINE_CURVE ( 3, ( #2862, #1128, #3105, #1166 ),
 .UNSPECIFIED., .F., .T. ) 
 B_SPLINE_CURVE_WITH_KNOTS ( ( 4, 4 ),
 ( 4.886921905584116210, 6.283185307179586232 ),
 .UNSPECIFIED. ) 
 CURVE ( )  GEOMETRIC_REPRESENTATION_ITEM ( )  RATIONAL_B_SPLINE_CURVE ( ( 1.000000000000000000, 0.8440296287459840840, 0.8440296287459840840, 1.000000000000000000 ) ) 
 REPRESENTATION_ITEM ( '' )  );
#2807 = VECTOR ( 'NONE', #1518, 1000.000000000000000 ) ;
#2808 = ORIENTED_EDGE ( 'NONE', *, *, #1733, .F. ) ;
#2809 = FACE_OUTER_BOUND ( 'NONE', #603, .T. ) ;
#2810 = CARTESIAN_POINT ( 'NONE',  ( -1.496751956816632090, 0.1571491170773477997, -1.916162351869820979 ) ) ;
#2811 = CARTESIAN_POINT ( 'NONE',  ( 1.416858448906715973, 0.1563052619222004835, -1.955655275806696292 ) ) ;
#2812 = EDGE_CURVE ( 'NONE', #271, #2050, #504, .T. ) ;
#2813 = DIRECTION ( 'NONE',  ( 0.0000000000000000000, 1.000000000000000000, 0.0000000000000000000 ) ) ;
#2814 = AXIS2_PLACEMENT_3D ( 'NONE', #3225, #13, #2227 ) ;
#2815 = VERTEX_POINT ( 'NONE', #2468 ) ;
#2816 = CARTESIAN_POINT ( 'NONE',  ( 1.504577633732794961, 0.1649999999999999800, -1.922005302887217049 ) ) ;
#2817 = DIRECTION ( 'NONE',  ( -0.9781476007338063550, -0.2079116908177560119, 0.0000000000000000000 ) ) ;
#2818 = B_SPLINE_CURVE_WITH_KNOTS ( 'NONE', 3,
 ( #2034, #3032, #2262, #286, #75, #838, #3071, #1778, #1582, #2275, #1832, #591, #2244, #1079, #1547, #1516 ),
 .UNSPECIFIED., .F., .F.,
 ( 4, 3, 3, 3, 3, 4 ),
 ( 5.661823485101186276E-11, 8.251919242974240204E-06, 1.650972347271714309E-05, 2.469231492416888929E-05, 3.290323753189020728E-05, 3.856640923962539229E-05 ),
 .UNSPECIFIED. ) ;
#2819 = PLANE ( 'NONE',  #1906 ) ;
#2820 = CARTESIAN_POINT ( 'NONE',  ( -3.167584044089497564, 3.078263154805500168, 1.959661669750033308 ) ) ;
#2821 = CARTESIAN_POINT ( 'NONE',  ( -3.510000000000000231, 1.492499999999999494, 1.199999999999999956 ) ) ;
#2822 = ORIENTED_EDGE ( 'NONE', *, *, #1653, .F. ) ;
#2823 = PLANE ( 'NONE',  #1453 ) ;
#2824 = DIRECTION ( 'NONE',  ( -0.1736481776669271393, -0.9848077530122086864, 0.0000000000000000000 ) ) ;
#2825 = ORIENTED_EDGE ( 'NONE', *, *, #3220, .T. ) ;
#2826 = CARTESIAN_POINT ( 'NONE',  ( 1.516175616852497132, 0.1567364817766693230, 1.858223185361626673 ) ) ;
#2827 = ADVANCED_FACE ( 'NONE', ( #516 ), #1243, .T. ) ;
#2828 = CARTESIAN_POINT ( 'NONE',  ( -3.382942465190152515, 2.157061646378705344, -2.055724425101186803 ) ) ;
#2829 = DIRECTION ( 'NONE',  ( -0.1722068331141306530, 0.9766334818541285712, 0.1285762371135640569 ) ) ;
#2830 =( BOUNDED_CURVE ( )  B_SPLINE_CURVE ( 3, ( #2851, #2533, #788, #1570 ),
 .UNSPECIFIED., .F., .T. ) 
 B_SPLINE_CURVE_WITH_KNOTS ( ( 4, 4 ),
 ( 4.921828490624004182, 6.283185307179586232 ),
 .UNSPECIFIED. ) 
 CURVE ( )  GEOMETRIC_REPRESENTATION_ITEM ( )  RATIONAL_B_SPLINE_CURVE ( ( 1.000000000000000000, 0.8514306409713128243, 0.8514306409713128243, 1.000000000000000000 ) ) 
 REPRESENTATION_ITEM ( '' )  );
#2831 = EDGE_CURVE ( 'NONE', #473, #228, #1502, .T. ) ;
#2832 = ORIENTED_EDGE ( 'NONE', *, *, #83, .F. ) ;
#2833 = EDGE_CURVE ( 'NONE', #2713, #11, #3196, .T. ) ;
#2834 = DIRECTION ( 'NONE',  ( 0.0000000000000000000, -1.000000000000000000, 0.0000000000000000000 ) ) ;
#2835 = ADVANCED_FACE ( 'NONE', ( #2453 ), #2216, .T. ) ;
#2836 = CARTESIAN_POINT ( 'NONE',  ( -1.516175616852497132, 0.1567364817766692120, -1.857135272548666949 ) ) ;
#2837 = LINE ( 'NONE', #2111, #2548 ) ;
#2838 = CARTESIAN_POINT ( 'NONE',  ( 3.503528478893444653, 1.632492380377116969, 2.148745136214273987 ) ) ;
#2839 = COLOUR_RGB ( '',0.7529411764705882248, 0.7529411764705882248, 0.7529411764705882248 ) ;
#2840 = ORIENTED_EDGE ( 'NONE', *, *, #2280, .F. ) ;
#2841 = CARTESIAN_POINT ( 'NONE',  ( -1.416858448906715529, 0.1563052619222004280, -1.955655275806696292 ) ) ;
#2842 = FACE_OUTER_BOUND ( 'NONE', #2396, .T. ) ;
#2843 = ORIENTED_EDGE ( 'NONE', *, *, #1659, .F. ) ;
#2844 = AXIS2_PLACEMENT_3D ( 'NONE', #3216, #1457, #227 ) ;
#2845 = CARTESIAN_POINT ( 'NONE',  ( -1.493263000590194567, 0.1649999999999999800, -1.934875548215687857 ) ) ;
#2846 = CARTESIAN_POINT ( 'NONE',  ( 3.312264495575472978, 2.605941428239475943, -2.021844004717241905 ) ) ;
#2847 = AXIS2_PLACEMENT_3D ( 'NONE', #2510, #835, #355 ) ;
#2848 = VERTEX_POINT ( 'NONE', #105 ) ;
#2849 = ORIENTED_EDGE ( 'NONE', *, *, #1836, .T. ) ;
#2850 = CARTESIAN_POINT ( 'NONE',  ( -3.192037734107842084, 3.055197792270443191, -1.937482558321028225 ) ) ;
#2851 = CARTESIAN_POINT ( 'NONE',  ( -3.216491424126187937, 3.060395584540887004, 1.937482558321028447 ) ) ;
#2852 = EDGE_CURVE ( 'NONE', #2058, #142, #1606, .T. ) ;
#2853 = CARTESIAN_POINT ( 'NONE',  ( -3.520000000000000018, 1.632499999999999396, 2.149999999999999911 ) ) ;
#2854 = PLANE ( 'NONE',  #3120 ) ;
#2855 = EDGE_CURVE ( 'NONE', #2148, #1730, #89, .T. ) ;
#2856 = CARTESIAN_POINT ( 'NONE',  ( 3.512875119658927847, 1.632548167766822100, 2.142936797296953522 ) ) ;
#2857 = VERTEX_POINT ( 'NONE', #1287 ) ;
#2858 = CARTESIAN_POINT ( 'NONE',  ( -1.475636659342867363, 0.1729504680786213000, -1.957846658770070913 ) ) ;
#2859 = DIRECTION ( 'NONE',  ( -0.1722068331141311248, 0.9766334818541284601, -0.1285762371135640569 ) ) ;
#2860 = EDGE_LOOP ( 'NONE', ( #2958, #606, #1706, #2423 ) ) ;
#2861 = CARTESIAN_POINT ( 'NONE',  ( 3.287123254152507723, 0.4557596071419524053, 1.969863464253768681 ) ) ;
#2862 = CARTESIAN_POINT ( 'NONE',  ( 3.275810967993825429, 0.2476351822333076047, 1.943034894312890337 ) ) ;
#2863 = CARTESIAN_POINT ( 'NONE',  ( -1.450963402296629567, 0.1649999999999999800, -1.965758036301213485 ) ) ;
#2864 = STYLED_ITEM ( 'NONE', ( #1199 ), #1873 ) ;
#2865 = ORIENTED_EDGE ( 'NONE', *, *, #2787, .F. ) ;
#2866 = B_SPLINE_CURVE_WITH_KNOTS ( 'NONE', 3,
 ( #638, #1929, #1163, #2630, #1649, #151, #2876, #1418, #115, #1107, #2398, #1369, #1404 ),
 .UNSPECIFIED., .F., .F.,
 ( 4, 3, 3, 3, 4 ),
 ( 0.0000000000000000000, 2.279763985177500030E-05, 6.855848427584088089E-05, 7.875022262032625655E-05, 8.080959267739556951E-05 ),
 .UNSPECIFIED. ) ;
#2867 = AXIS2_PLACEMENT_3D ( 'NONE', #2072, #1020, #2002 ) ;
#2868 = CARTESIAN_POINT ( 'NONE',  ( -3.510000000000000231, 1.492499999999999494, 1.199999999999999956 ) ) ;
#2869 = CARTESIAN_POINT ( 'NONE',  ( 3.213278859860781989, 0.1867368664955169621, -1.959661672554364298 ) ) ;
#2870 = AXIS2_PLACEMENT_3D ( 'NONE', #2894, #2635, #2402 ) ;
#2871 = SURFACE_STYLE_FILL_AREA ( #1871 ) ;
#2872 = EDGE_CURVE ( 'NONE', #237, #1601, #544, .T. ) ;
#2873 = CARTESIAN_POINT ( 'NONE',  ( -3.407396155208497479, 2.162259438649149157, -2.055724425101185915 ) ) ;
#2874 = VERTEX_POINT ( 'NONE', #592 ) ;
#2875 = DIRECTION ( 'NONE',  ( -0.0000000000000000000, 0.0000000000000000000, -1.000000000000000000 ) ) ;
#2876 = CARTESIAN_POINT ( 'NONE',  ( -1.429016227662833316, 0.1580354161211262598, -1.955318348653013238 ) ) ;
#2877 = ORIENTED_EDGE ( 'NONE', *, *, #2974, .F. ) ;
#2878 = CARTESIAN_POINT ( 'NONE',  ( 3.291881393245413179, 2.588733462056818979, -2.024109476443584299 ) ) ;
#2879 = PRESENTATION_STYLE_ASSIGNMENT (( #940 ) ) ;
#2880 = ORIENTED_EDGE ( 'NONE', *, *, #1961, .T. ) ;
#2881 = CARTESIAN_POINT ( 'NONE',  ( -1.469439885037142179, 0.1649999999999999800, 1.958074104794253145 ) ) ;
#2882 = CARTESIAN_POINT ( 'NONE',  ( 3.510000000000000231, 1.492499999999999494, -1.199999999999999956 ) ) ;
#2883 = CARTESIAN_POINT ( 'NONE',  ( 3.251736438672938601, 0.2518078490529997437, -1.968228429928523093 ) ) ;
#2884 = CARTESIAN_POINT ( 'NONE',  ( 3.510772620073296046, 1.632534739477680130, 2.144792777674181750 ) ) ;
#2885 = EDGE_LOOP ( 'NONE', ( #2664, #3031, #2750, #1324 ) ) ;
#2886 = CARTESIAN_POINT ( 'NONE',  ( -3.167584044089497564, 3.099999999999999645, 2.149999999999999911 ) ) ;
#2887 = DIRECTION ( 'NONE',  ( 0.0000000000000000000, 0.0000000000000000000, -1.000000000000000000 ) ) ;
#2888 = EDGE_CURVE ( 'NONE', #122, #2922, #2035, .T. ) ;
#2889 = EDGE_CURVE ( 'NONE', #744, #1560, #2775, .T. ) ;
#2890 = ORIENTED_EDGE ( 'NONE', *, *, #467, .T. ) ;
#2891 = CARTESIAN_POINT ( 'NONE',  ( 1.425649616982121781, 0.1575606778996980761, 1.955568591897868913 ) ) ;
#2892 = AXIS2_PLACEMENT_3D ( 'NONE', #779, #3014, #1577 ) ;
#2893 = PLANE ( 'NONE',  #1283 ) ;
#2894 = CARTESIAN_POINT ( 'NONE',  ( 2.544110806505385458, 3.074999999999999734, 1.934875548215687857 ) ) ;
#2895 =( LENGTH_UNIT ( ) NAMED_UNIT ( * ) SI_UNIT ( .MILLI., .METRE. ) );
#2896 = EDGE_CURVE ( 'NONE', #1786, #39, #2054, .T. ) ;
#2897 = PRESENTATION_LAYER_ASSIGNMENT (  '', '', ( #2206 ) ) ;
#2898 = ORIENTED_EDGE ( 'NONE', *, *, #1659, .T. ) ;
#2899 = DIRECTION ( 'NONE',  ( 0.9848077530122086864, 0.1736481776669271393, -0.0000000000000000000 ) ) ;
#2900 = CARTESIAN_POINT ( 'NONE',  ( 1.460171471075368155, 0.1867368451944989571, -1.959661669750032864 ) ) ;
#2901 = ORIENTED_EDGE ( 'NONE', *, *, #1526, .F. ) ;
#2902 = CARTESIAN_POINT ( 'NONE',  ( -1.472741270033551153, 0.1637025008791243574, 1.944719706574989937 ) ) ;
#2903 = SURFACE_STYLE_FILL_AREA ( #2541 ) ;
#2904 = LINE ( 'NONE', #868, #72 ) ;
#2905 = EDGE_LOOP ( 'NONE', ( #507, #375, #872, #3122 ) ) ;
#2906 = CARTESIAN_POINT ( 'NONE',  ( 1.458813201668096360, 0.1622542580598696771, 1.950411122459819957 ) ) ;
#2907 = CARTESIAN_POINT ( 'NONE',  ( 3.291881393245413179, 2.588733462056818979, 2.024109476443584299 ) ) ;
#2908 = EDGE_CURVE ( 'NONE', #3194, #1877, #3087, .T. ) ;
#2909 = CARTESIAN_POINT ( 'NONE',  ( 3.305703496143575393, 2.615034089067035605, -1.997719444752616980 ) ) ;
#2910 = CARTESIAN_POINT ( 'NONE',  ( -1.484119631950696627, 0.1649999999999999800, -1.949405438126245338 ) ) ;
#2911 = PRESENTATION_LAYER_ASSIGNMENT (  '', '', ( #1397 ) ) ;
#2912 = ORIENTED_EDGE ( 'NONE', *, *, #789, .F. ) ;
#2913 = CARTESIAN_POINT ( 'NONE',  ( -1.526023683338643577, 0.1649999999999999800, 1.917005626545547292 ) ) ;
#2914 = ADVANCED_FACE ( 'NONE', ( #2073 ), #3072, .T. ) ;
#2916 = COLOUR_RGB ( '',0.7529411764705882248, 0.7529411764705882248, 0.7529411764705882248 ) ;
#2915 = FACE_OUTER_BOUND ( 'NONE', #3003, .T. ) ;
#2917 =( BOUNDED_CURVE ( )  B_SPLINE_CURVE ( 3, ( #1459, #1231, #35, #1025 ),
 .UNSPECIFIED., .F., .T. ) 
 B_SPLINE_CURVE_WITH_KNOTS ( ( 4, 4 ),
 ( 5.653134808701148373, 6.283185307179584456 ),
 .UNSPECIFIED. ) 
 CURVE ( )  GEOMETRIC_REPRESENTATION_ITEM ( )  RATIONAL_B_SPLINE_CURVE ( ( 1.000000000000000000, 0.9671923706538534393, 0.9671923706538534393, 1.000000000000000000 ) ) 
 REPRESENTATION_ITEM ( '' )  );
#2918 = PRESENTATION_LAYER_ASSIGNMENT (  '', '', ( #2864 ) ) ;
#2919 = ORIENTED_EDGE ( 'NONE', *, *, #1052, .F. ) ;
#2920 = CARTESIAN_POINT ( 'NONE',  ( -3.267487641539290610, 0.2004312522329609880, 1.938374008327462539 ) ) ;
#2921 = COLOUR_RGB ( '',0.7529411764705882248, 0.7529411764705882248, 0.7529411764705882248 ) ;
#2922 = VERTEX_POINT ( 'NONE', #1340 ) ;
#2923 = CARTESIAN_POINT ( 'NONE',  ( -3.649999999999999467, 0.1399999999999998745, 1.199999999999999956 ) ) ;
#2924 = VERTEX_POINT ( 'NONE', #305 ) ;
#2925 = DIRECTION ( 'NONE',  ( 0.0000000000000000000, 0.0000000000000000000, -1.000000000000000000 ) ) ;
#2926 = CARTESIAN_POINT ( 'NONE',  ( 3.497077492507900232, 1.502499999999999503, 2.149999999999999911 ) ) ;
#2927 = DIRECTION ( 'NONE',  ( -1.000000000000000000, 0.0000000000000000000, 0.0000000000000000000 ) ) ;
#2928 = ORIENTED_EDGE ( 'NONE', *, *, #1211, .F. ) ;
#2929 = FILL_AREA_STYLE ('',( #1938 ) ) ;
#2930 = CARTESIAN_POINT ( 'NONE',  ( -3.510000000000000231, 0.1300000000000001155, -1.199999999999999956 ) ) ;
#2931 = EDGE_CURVE ( 'NONE', #2983, #122, #575, .T. ) ;
#2932 = EDGE_CURVE ( 'NONE', #2922, #210, #1047, .T. ) ;
#2933 =( BOUNDED_CURVE ( )  B_SPLINE_CURVE ( 3, ( #904, #388, #155, #870 ),
 .UNSPECIFIED., .F., .T. ) 
 B_SPLINE_CURVE_WITH_KNOTS ( ( 4, 4 ),
 ( 4.886921905584115322, 6.283185307179586232 ),
 .UNSPECIFIED. ) 
 CURVE ( )  GEOMETRIC_REPRESENTATION_ITEM ( )  RATIONAL_B_SPLINE_CURVE ( ( 1.000000000000000000, 0.8440296287459837510, 0.8440296287459837510, 1.000000000000000000 ) ) 
 REPRESENTATION_ITEM ( '' )  );
#2934 = ORIENTED_EDGE ( 'NONE', *, *, #1747, .T. ) ;
#2935 = DIRECTION ( 'NONE',  ( 3.206512894596686959E-16, -1.000000000000000000, 0.0000000000000000000 ) ) ;
#2936 = VECTOR ( 'NONE', #618, 1000.000000000000114 ) ;
#2937 = VERTEX_POINT ( 'NONE', #3053 ) ;
#2938 = CARTESIAN_POINT ( 'NONE',  ( 1.448047516388047740, 0.1607715646112697350, -1.956243275710693341 ) ) ;
#2939 = CIRCLE ( 'NONE', #3097, 0.02500000000000006384 ) ;
#2940 = DIRECTION ( 'NONE',  ( 0.0000000000000000000, 0.0000000000000000000, -1.000000000000000000 ) ) ;
#2941 =( NAMED_UNIT ( * ) PLANE_ANGLE_UNIT ( ) SI_UNIT ( $, .RADIAN. ) );
#2942 = ORIENTED_EDGE ( 'NONE', *, *, #2852, .F. ) ;
#2943 = VECTOR ( 'NONE', #511, 1000.000000000000114 ) ;
#2944 = ORIENTED_EDGE ( 'NONE', *, *, #1179, .F. ) ;
#2945 = CARTESIAN_POINT ( 'NONE',  ( 3.510000000000000231, 1.502499999999999503, -1.199999999999999956 ) ) ;
#2946 = CARTESIAN_POINT ( 'NONE',  ( 2.544110806505385458, 3.078263154805500612, -1.959661669750033308 ) ) ;
#2947 = CIRCLE ( 'NONE', #2991, 0.02500000000000006384 ) ;
#2948 = EDGE_LOOP ( 'NONE', ( #1031, #2207, #2294, #1240, #1255, #2289, #971, #1910, #15, #2898, #1458 ) ) ;
#2949 = FACE_OUTER_BOUND ( 'NONE', #1013, .T. ) ;
#2950 = ADVANCED_FACE ( 'NONE', ( #1815 ), #1671, .F. ) ;
#2951 = ORIENTED_EDGE ( 'NONE', *, *, #1464, .T. ) ;
#2952 = ADVANCED_FACE ( 'NONE', ( #1167 ), #3125, .F. ) ;
#2953 =( NAMED_UNIT ( * ) SI_UNIT ( $, .STERADIAN. ) SOLID_ANGLE_UNIT ( ) );
#2954 = EDGE_LOOP ( 'NONE', ( #3224, #2359, #819, #230, #3062 ) ) ;
#2955 = CARTESIAN_POINT ( 'NONE',  ( 1.493263000590194567, 0.1649999999999997580, -1.956799959790506582 ) ) ;
#2956 = DIRECTION ( 'NONE',  ( -0.0000000000000000000, -0.0000000000000000000, -1.000000000000000000 ) ) ;
#2957 = DIRECTION ( 'NONE',  ( 0.1722068331141306252, 0.9766334818541285712, -0.1285762371135640569 ) ) ;
#2958 = ORIENTED_EDGE ( 'NONE', *, *, #792, .T. ) ;
#2959 = CARTESIAN_POINT ( 'NONE',  ( 1.517632698070846331, 0.1649999999999998135, -1.857135272548666061 ) ) ;
#2960 =( NAMED_UNIT ( * ) SI_UNIT ( $, .STERADIAN. ) SOLID_ANGLE_UNIT ( ) );
#2961 = DIRECTION ( 'NONE',  ( 1.000000000000000000, 1.387993711551809871E-16, 0.0000000000000000000 ) ) ;
#2962 = COLOUR_RGB ( '',0.7529411764705882248, 0.7529411764705882248, 0.7529411764705882248 ) ;
#2963 = ORIENTED_EDGE ( 'NONE', *, *, #3067, .F. ) ;
#2964 = DIRECTION ( 'NONE',  ( -0.0000000000000000000, 0.0000000000000000000, -1.000000000000000000 ) ) ;
#2965 = CIRCLE ( 'NONE', #1870, 0.02499999999999985220 ) ;
#2966 = ADVANCED_FACE ( 'NONE', ( #3158 ), #598, .T. ) ;
#2967 = VERTEX_POINT ( 'NONE', #1408 ) ;
#2968 = AXIS2_PLACEMENT_3D ( 'NONE', #1331, #565, #2299 ) ;
#2969 = CYLINDRICAL_SURFACE ( 'NONE', #442, 0.02500000000000021649 ) ;
#2970 = EDGE_CURVE ( 'NONE', #2050, #152, #2933, .T. ) ;
#2971 = VERTEX_POINT ( 'NONE', #3175 ) ;
#2972 = CARTESIAN_POINT ( 'NONE',  ( 1.493263000590194789, 0.1649999999999999800, -1.934875548215687857 ) ) ;
#2973 = CARTESIAN_POINT ( 'NONE',  ( 2.571342758256137451, 3.091933528397270869, 1.935406533782296545 ) ) ;
#2974 = EDGE_CURVE ( 'NONE', #2164, #2457, #2395, .T. ) ;
#2975 = ORIENTED_EDGE ( 'NONE', *, *, #1709, .F. ) ;
#2976 = CARTESIAN_POINT ( 'NONE',  ( 1.526023690072231265, 0.1649999999999999800, -1.880502260638162726 ) ) ;
#2977 =( LENGTH_UNIT ( ) NAMED_UNIT ( * ) SI_UNIT ( .MILLI., .METRE. ) );
#2978 = FILL_AREA_STYLE ('',( #1022 ) ) ;
#2979 = DIRECTION ( 'NONE',  ( -0.0000000000000000000, -0.0000000000000000000, -1.000000000000000000 ) ) ;
#2980 = LINE ( 'NONE', #247, #1549 ) ;
#2981 = ORIENTED_EDGE ( 'NONE', *, *, #1116, .F. ) ;
#2982 = CARTESIAN_POINT ( 'NONE',  ( -3.520000000000000018, 1.632499999999999396, -2.125355806392777769 ) ) ;
#2983 = VERTEX_POINT ( 'NONE', #1422 ) ;
#2984 = CARTESIAN_POINT ( 'NONE',  ( 2.571823645010063775, 3.091621236887802215, 1.935447647739493293 ) ) ;
#2985 = EDGE_CURVE ( 'NONE', #2433, #2574, #2368, .T. ) ;
#2986 = ORIENTED_EDGE ( 'NONE', *, *, #426, .F. ) ;
#2987 = DIRECTION ( 'NONE',  ( -0.0000000000000000000, -0.0000000000000000000, -1.000000000000000000 ) ) ;
#2988 = PLANE ( 'NONE',  #992 ) ;
#2989 = EDGE_CURVE ( 'NONE', #271, #1187, #1183, .T. ) ;
#2990 = DIRECTION ( 'NONE',  ( -0.0000000000000000000, -0.0000000000000000000, -1.000000000000000000 ) ) ;
#2991 = AXIS2_PLACEMENT_3D ( 'NONE', #268, #1235, #2226 ) ;
#2992 = DIRECTION ( 'NONE',  ( -0.0000000000000000000, -0.0000000000000000000, -1.000000000000000000 ) ) ;
#2993 = UNCERTAINTY_MEASURE_WITH_UNIT (LENGTH_MEASURE( 1.000000000000000082E-05 ), #2977, 'distance_accuracy_value', 'NONE');
#2994 =( GEOMETRIC_REPRESENTATION_CONTEXT ( 3 ) GLOBAL_UNCERTAINTY_ASSIGNED_CONTEXT ( ( #2502 ) ) GLOBAL_UNIT_ASSIGNED_CONTEXT ( ( #1136, #894, #2422 ) ) REPRESENTATION_CONTEXT ( 'NONE', 'WORKASPACE' ) );
#2995 = LINE ( 'NONE', #1803, #291 ) ;
#2996 = DIRECTION ( 'NONE',  ( 1.000000000000000000, -0.0000000000000000000, 0.0000000000000000000 ) ) ;
#2997 = STYLED_ITEM ( 'NONE', ( #301 ), #1158 ) ;
#2998 = DIRECTION ( 'NONE',  ( 0.0000000000000000000, 0.0000000000000000000, 1.000000000000000000 ) ) ;
#2999 = ORIENTED_EDGE ( 'NONE', *, *, #1092, .F. ) ;
#3000 = CARTESIAN_POINT ( 'NONE',  ( -3.510000000000000231, -1.360249892197943567E-16, 1.199999999999999956 ) ) ;
#3001 = CARTESIAN_POINT ( 'NONE',  ( 1.448047514530550473, 0.1607715704066837448, 1.956243276473674131 ) ) ;
#3002 = VERTEX_POINT ( 'NONE', #2146 ) ;
#3003 = EDGE_LOOP ( 'NONE', ( #1702, #1542, #1746, #356 ) ) ;
#3004 = ADVANCED_FACE ( 'NONE', ( #1864 ), #1021, .T. ) ;
#3005 = FACE_OUTER_BOUND ( 'NONE', #106, .T. ) ;
#3006 = CYLINDRICAL_SURFACE ( 'NONE', #1296, 0.02500000000000005343 ) ;
#3007 = CARTESIAN_POINT ( 'NONE',  ( 3.177330192692604527, 0.1867368451944989571, 1.959661669750032864 ) ) ;
#3008 = LINE ( 'NONE', #1489, #203 ) ;
#3009 = CARTESIAN_POINT ( 'NONE',  ( 3.291881393245413179, 2.588733462056818979, 2.024109476443583855 ) ) ;
#3010 = CARTESIAN_POINT ( 'NONE',  ( -3.251190774168520203, 0.2487132318694795785, 1.967821015847235566 ) ) ;
#3011 = DIRECTION ( 'NONE',  ( -0.0000000000000000000, -0.0000000000000000000, -1.000000000000000000 ) ) ;
#3012 = VERTEX_POINT ( 'NONE', #2600 ) ;
#3013 =( BOUNDED_CURVE ( )  B_SPLINE_CURVE ( 3, ( #1350, #2341, #1106, #2114 ),
 .UNSPECIFIED., .F., .T. ) 
 B_SPLINE_CURVE_WITH_KNOTS ( ( 4, 4 ),
 ( 2.223514401812304531, 3.771643152068241633 ),
 .UNSPECIFIED. ) 
 CURVE ( )  GEOMETRIC_REPRESENTATION_ITEM ( )  RATIONAL_B_SPLINE_CURVE ( ( 1.000000000000000000, 0.8100502620159897305, 0.8100502620159897305, 1.000000000000000000 ) ) 
 REPRESENTATION_ITEM ( '' )  );
#3014 = DIRECTION ( 'NONE',  ( -0.0000000000000000000, -0.0000000000000000000, -1.000000000000000000 ) ) ;
#3015 = VECTOR ( 'NONE', #2292, 1000.000000000000000 ) ;
#3016 = LINE ( 'NONE', #1059, #1481 ) ;
#3017 = EDGE_LOOP ( 'NONE', ( #1988, #447, #461, #2404 ) ) ;
#3018 = PRODUCT_DEFINITION_FORMATION_WITH_SPECIFIED_SOURCE ( 'ANY', '', #2057, .NOT_KNOWN. ) ;
#3019 = LINE ( 'NONE', #783, #1040 ) ;
#3020 = CARTESIAN_POINT ( 'NONE',  ( 1.417349487350882065, 0.1566298085377379745, -1.955698003179215272 ) ) ;
#3021 = CARTESIAN_POINT ( 'NONE',  ( 3.517832085870043812, 1.632564470251968602, -2.135898340254380745 ) ) ;
#3022 = FACE_OUTER_BOUND ( 'NONE', #932, .T. ) ;
#3023 = EDGE_CURVE ( 'NONE', #2815, #2148, #1143, .T. ) ;
#3024 = SURFACE_STYLE_USAGE ( .BOTH. , #36 ) ;
#3025 = CARTESIAN_POINT ( 'NONE',  ( 3.510000000000000231, 1.492499999999999494, -1.199999999999999956 ) ) ;
#3026 = ADVANCED_FACE ( 'NONE', ( #140 ), #643, .T. ) ;
#3027 = CARTESIAN_POINT ( 'NONE',  ( 3.520000000000000018, 1.632499999999999396, 2.149999999999999911 ) ) ;
#3028 = ORIENTED_EDGE ( 'NONE', *, *, #46, .F. ) ;
#3029 = FILL_AREA_STYLE ('',( #3045 ) ) ;
#3030 = VECTOR ( 'NONE', #2158, 1000.000000000000000 ) ;
#3031 = ORIENTED_EDGE ( 'NONE', *, *, #1984, .F. ) ;
#3032 = CARTESIAN_POINT ( 'NONE',  ( -3.519993108884484023, 1.632532420149542807, 2.128218940574218454 ) ) ;
#3033 = CARTESIAN_POINT ( 'NONE',  ( 3.510000000000000231, -1.360249892197943567E-16, 1.199999999999999956 ) ) ;
#3034 = CARTESIAN_POINT ( 'NONE',  ( 3.519809852735712674, 1.632534824226407055, -2.128933508682543163 ) ) ;
#3035 = ORIENTED_EDGE ( 'NONE', *, *, #1444, .T. ) ;
#3036 = LINE ( 'NONE', #2777, #369 ) ;
#3037 = UNCERTAINTY_MEASURE_WITH_UNIT (LENGTH_MEASURE( 1.000000000000000082E-05 ), #2577, 'distance_accuracy_value', 'NONE');
#3038 = PRESENTATION_LAYER_ASSIGNMENT (  '', '', ( #1219 ) ) ;
#3039 = DIRECTION ( 'NONE',  ( -0.0000000000000000000, 0.0000000000000000000, -1.000000000000000000 ) ) ;
#3040 = ADVANCED_FACE ( 'NONE', ( #1949 ), #2723, .T. ) ;
#3041 = DIRECTION ( 'NONE',  ( 3.206512894596686959E-16, 1.000000000000000000, 0.0000000000000000000 ) ) ;
#3042 =( NAMED_UNIT ( * ) PLANE_ANGLE_UNIT ( ) SI_UNIT ( $, .RADIAN. ) );
#3043 = COLOUR_RGB ( '',0.7529411764705882248, 0.7529411764705882248, 0.7529411764705882248 ) ;
#3044 = ORIENTED_EDGE ( 'NONE', *, *, #2162, .T. ) ;
#3045 = FILL_AREA_STYLE_COLOUR ( '', #701 ) ;
#3046 = ADVANCED_FACE ( 'NONE', ( #1465 ), #703, .T. ) ;
#3047 = CIRCLE ( 'NONE', #245, 0.1399999999999999301 ) ;
#3048 = CARTESIAN_POINT ( 'NONE',  ( 3.228101523286891705, 0.1650000000000000633, -1.934875548215687191 ) ) ;
#3049 = CARTESIAN_POINT ( 'NONE',  ( 3.215408690638319911, 0.1867368451944989016, -1.959661669750031976 ) ) ;
#3050 = VERTEX_POINT ( 'NONE', #499 ) ;
#3051 = DIRECTION ( 'NONE',  ( -0.0000000000000000000, -0.0000000000000000000, -1.000000000000000000 ) ) ;
#3052 = CARTESIAN_POINT ( 'NONE',  ( 2.350000000000000089, 2.498228132021559730E-17, 1.199999999999999956 ) ) ;
#3053 = CARTESIAN_POINT ( 'NONE',  ( -3.275810967993825429, 0.2476351822333076047, -1.943034894312889893 ) ) ;
#3054 = FACE_OUTER_BOUND ( 'NONE', #2180, .T. ) ;
#3055 = EDGE_LOOP ( 'NONE', ( #2143, #1972, #2091, #2426, #3117 ) ) ;
#3056 = CARTESIAN_POINT ( 'NONE',  ( 1.497374534124761514, 0.1649999999999999800, -1.930889846748951699 ) ) ;
#3057 = CARTESIAN_POINT ( 'NONE',  ( -2.350000000000000089, 0.1300000000000000322, 1.199999999999999956 ) ) ;
#3058 = CARTESIAN_POINT ( 'NONE',  ( 3.294659654977818874, 2.622206043378144891, 1.997247330370506724 ) ) ;
#3059 = CARTESIAN_POINT ( 'NONE',  ( 3.291881393245413179, 2.588733462056818979, -2.024109476443584299 ) ) ;
#3060 = CARTESIAN_POINT ( 'NONE',  ( 2.553845228720669880, 3.099999999999999645, 1.934875548215688301 ) ) ;
#3061 = ADVANCED_FACE ( 'NONE', ( #2680 ), #2239, .T. ) ;
#3062 = ORIENTED_EDGE ( 'NONE', *, *, #2570, .F. ) ;
#3063 = CARTESIAN_POINT ( 'NONE',  ( -3.275810967993825429, 0.2476351822333076047, 1.943034894312890337 ) ) ;
#3064 = AXIS2_PLACEMENT_3D ( 'NONE', #596, #2817, #2569 ) ;
#3065 = DIRECTION ( 'NONE',  ( 0.0000000000000000000, -0.0000000000000000000, 1.000000000000000000 ) ) ;
#3066 = FACE_OUTER_BOUND ( 'NONE', #1307, .T. ) ;
#3067 = EDGE_CURVE ( 'NONE', #1567, #1187, #471, .T. ) ;
#3068 = EDGE_CURVE ( 'NONE', #1405, #524, #1497, .T. ) ;
#3069 = VECTOR ( 'NONE', #2485, 1000.000000000000000 ) ;
#3070 = ORIENTED_EDGE ( 'NONE', *, *, #3112, .T. ) ;
#3071 = CARTESIAN_POINT ( 'NONE',  ( -3.514587337423347613, 1.632555723067003584, 2.140813395319821844 ) ) ;
#3072 = CYLINDRICAL_SURFACE ( 'NONE', #728, 0.1000000000000001305 ) ;
#3073 = CARTESIAN_POINT ( 'NONE',  ( -3.213278859860782433, 0.1867368664955169066, -1.959661672554364298 ) ) ;
#3074 = ORIENTED_EDGE ( 'NONE', *, *, #818, .F. ) ;
#3075 = DIRECTION ( 'NONE',  ( 0.0000000000000000000, -0.0000000000000000000, -1.000000000000000000 ) ) ;
#3076 = CARTESIAN_POINT ( 'NONE',  ( -3.167584044089497564, 3.099999999999999645, -1.934875548215688079 ) ) ;
#3077 = CARTESIAN_POINT ( 'NONE',  ( 1.416858448906715973, 0.1563052619222004835, 1.955655275806695848 ) ) ;
#3078 = DIRECTION ( 'NONE',  ( -0.0000000000000000000, -0.0000000000000000000, -1.000000000000000000 ) ) ;
#3079 = CARTESIAN_POINT ( 'NONE',  ( 2.553692256316465237, 3.076849879865730220, -1.959847730925631470 ) ) ;
#3080 = VERTEX_POINT ( 'NONE', #200 ) ;
#3081 = CARTESIAN_POINT ( 'NONE',  ( 3.213278859860781989, 0.1867368664955169621, 1.959661672554365186 ) ) ;
#3082 = CARTESIAN_POINT ( 'NONE',  ( -1.514518779413252414, 0.1650000000000000078, 1.914270295183110093 ) ) ;
#3083 = ORIENTED_EDGE ( 'NONE', *, *, #2931, .T. ) ;
#3084 = FILL_AREA_STYLE ('',( #800 ) ) ;
#3085 =( NAMED_UNIT ( * ) SI_UNIT ( $, .STERADIAN. ) SOLID_ANGLE_UNIT ( ) );
#3086 = EDGE_CURVE ( 'NONE', #625, #2688, #1192, .T. ) ;
#3087 = LINE ( 'NONE', #3033, #1197 ) ;
#3088 = CARTESIAN_POINT ( 'NONE',  ( -3.177330192692604527, 0.1650000000000005074, -1.956799959790505694 ) ) ;
#3089 = ORIENTED_EDGE ( 'NONE', *, *, #2159, .F. ) ;
#3090 = VECTOR ( 'NONE', #1594, 1000.000000000000000 ) ;
#3091 = EDGE_CURVE ( 'NONE', #1580, #1550, #1448, .T. ) ;
#3092 = DIRECTION ( 'NONE',  ( -0.0000000000000000000, -0.0000000000000000000, -1.000000000000000000 ) ) ;
#3093 = UNCERTAINTY_MEASURE_WITH_UNIT (LENGTH_MEASURE( 1.000000000000000082E-05 ), #443, 'distance_accuracy_value', 'NONE');
#3094 = CARTESIAN_POINT ( 'NONE',  ( 3.649999999999999911, 1.492499999999999494, 1.199999999999999956 ) ) ;
#3095 = CARTESIAN_POINT ( 'NONE',  ( -3.251190774168520203, 0.2487132318694796340, -1.967821015847235566 ) ) ;
#3096 = CARTESIAN_POINT ( 'NONE',  ( 1.526023694382619089, 0.1650000000000000078, -1.858223185361622676 ) ) ;
#3097 = AXIS2_PLACEMENT_3D ( 'NONE', #1165, #1596, #2400 ) ;
#3098 = ORIENTED_EDGE ( 'NONE', *, *, #2896, .T. ) ;
#3099 = DIRECTION ( 'NONE',  ( -0.9848077530122090195, -0.1736481776669250021, 0.0000000000000000000 ) ) ;
#3100 =( GEOMETRIC_REPRESENTATION_CONTEXT ( 3 ) GLOBAL_UNCERTAINTY_ASSIGNED_CONTEXT ( ( #2265 ) ) GLOBAL_UNIT_ASSIGNED_CONTEXT ( ( #1691, #981, #1493 ) ) REPRESENTATION_CONTEXT ( 'NONE', 'WORKASPACE' ) );
#3101 = LINE ( 'NONE', #919, #2038 ) ;
#3102 = VERTEX_POINT ( 'NONE', #2179 ) ;
#3103 = VECTOR ( 'NONE', #608, 999.9999999999998863 ) ;
#3104 = FILL_AREA_STYLE ('',( #1109 ) ) ;
#3105 = CARTESIAN_POINT ( 'NONE',  ( 3.228101523286891705, 0.1650000000000000633, 1.934875548215687635 ) ) ;
#3106 = CARTESIAN_POINT ( 'NONE',  ( -1.439521803231049280, 0.1712895610354649156, 1.957627996209553967 ) ) ;
#3107 =( NAMED_UNIT ( * ) SI_UNIT ( $, .STERADIAN. ) SOLID_ANGLE_UNIT ( ) );
#3108 = EDGE_CURVE ( 'NONE', #1926, #2139, #2332, .T. ) ;
#3109 = ORIENTED_EDGE ( 'NONE', *, *, #120, .T. ) ;
#3110 = LINE ( 'NONE', #873, #2330 ) ;
#3111 = CARTESIAN_POINT ( 'NONE',  ( 3.177330192692604527, 0.1650000000000006184, -1.956799959790505694 ) ) ;
#3112 = EDGE_CURVE ( 'NONE', #325, #456, #1986, .T. ) ;
#3113 = PLANE ( 'NONE',  #2844 ) ;
#3114 = FACE_OUTER_BOUND ( 'NONE', #2269, .T. ) ;
#3115 = LINE ( 'NONE', #3096, #2077 ) ;
#3116 = EDGE_CURVE ( 'NONE', #1359, #2937, #2739, .T. ) ;
#3117 = ORIENTED_EDGE ( 'NONE', *, *, #878, .T. ) ;
#3118 = CARTESIAN_POINT ( 'NONE',  ( -1.416858448906715529, 0.1563052619222004280, -1.955655275806696292 ) ) ;
#3119 = APPLICATION_PROTOCOL_DEFINITION ( 'draft international standard', 'automotive_design', 1998, #274 ) ;
#3120 = AXIS2_PLACEMENT_3D ( 'NONE', #553, #1856, #330 ) ;
#3121 = CARTESIAN_POINT ( 'NONE',  ( -3.167584044089497564, 3.099999999999999201, -1.934875548215687635 ) ) ;
#3122 = ORIENTED_EDGE ( 'NONE', *, *, #1267, .T. ) ;
#3123 = PRESENTATION_LAYER_ASSIGNMENT (  '', '', ( #2540 ) ) ;
#3124 = PRESENTATION_STYLE_ASSIGNMENT (( #923 ) ) ;
#3125 = PLANE ( 'NONE',  #568 ) ;
#3126 = CIRCLE ( 'NONE', #1551, 0.01000000000000002623 ) ;
#3127 = ORIENTED_EDGE ( 'NONE', *, *, #7, .T. ) ;
#3128 =( BOUNDED_CURVE ( )  B_SPLINE_CURVE ( 3, ( #41, #1030, #3082, #1791 ),
 .UNSPECIFIED., .F., .T. ) 
 B_SPLINE_CURVE_WITH_KNOTS ( ( 4, 4 ),
 ( 2.511542155111344155, 3.297515238993652620 ),
 .UNSPECIFIED. ) 
 CURVE ( )  GEOMETRIC_REPRESENTATION_ITEM ( )  RATIONAL_B_SPLINE_CURVE ( ( 1.000000000000000000, 0.9491796587126073437, 0.9491796587126073437, 1.000000000000000000 ) ) 
 REPRESENTATION_ITEM ( '' )  );
#3129 = DIRECTION ( 'NONE',  ( 1.000000000000000000, 0.0000000000000000000, 0.0000000000000000000 ) ) ;
#3130 = PRESENTATION_LAYER_ASSIGNMENT (  '', '', ( #777 ) ) ;
#3131 = PLANE ( 'NONE',  #808 ) ;
#3132 = CARTESIAN_POINT ( 'NONE',  ( -1.496751956816631868, 0.1571491170773477997, -1.916162351869820979 ) ) ;
#3133 = EDGE_CURVE ( 'NONE', #3050, #2924, #1713, .T. ) ;
#3134 = EDGE_CURVE ( 'NONE', #142, #473, #126, .T. ) ;
#3135 = FACE_OUTER_BOUND ( 'NONE', #3154, .T. ) ;
#3136 = VERTEX_POINT ( 'NONE', #2048 ) ;
#3137 = CARTESIAN_POINT ( 'NONE',  ( 3.177330192692604971, 0.1650000000000000355, 1.956799959790506582 ) ) ;
#3138 = PRODUCT_DEFINITION_CONTEXT ( 'detailed design', #274, 'design' ) ;
#3139 = VERTEX_POINT ( 'NONE', #2753 ) ;
#3140 = CARTESIAN_POINT ( 'NONE',  ( -1.526023694382619089, 0.1650000000000000078, -1.857135272548667171 ) ) ;
#3141 = CARTESIAN_POINT ( 'NONE',  ( -1.416858448906715529, 0.1563052619222004280, 1.955655275806696292 ) ) ;
#3142 = ORIENTED_EDGE ( 'NONE', *, *, #143, .T. ) ;
#3143 = CARTESIAN_POINT ( 'NONE',  ( -1.526023694382619089, 0.1650000000000000078, 1.857135272548665839 ) ) ;
#3144 =( BOUNDED_CURVE ( )  B_SPLINE_CURVE ( 3, ( #273, #259, #2499, #1954 ),
 .UNSPECIFIED., .F., .T. ) 
 B_SPLINE_CURVE_WITH_KNOTS ( ( 4, 4 ),
 ( 2.511542155111343266, 4.059670905367280369 ),
 .UNSPECIFIED. ) 
 CURVE ( )  GEOMETRIC_REPRESENTATION_ITEM ( )  RATIONAL_B_SPLINE_CURVE ( ( 1.000000000000000000, 0.8100502620159897305, 0.8100502620159897305, 1.000000000000000000 ) ) 
 REPRESENTATION_ITEM ( '' )  );
#3145 = CARTESIAN_POINT ( 'NONE',  ( -3.167584044089497564, 3.074999999999999289, -1.934875548215688079 ) ) ;
#3146 = CARTESIAN_POINT ( 'NONE',  ( -1.400758867749179126, 0.06499999999999994671, 1.943634710031767687 ) ) ;
#3147 = EDGE_CURVE ( 'NONE', #228, #1439, #1368, .T. ) ;
#3148 = ORIENTED_EDGE ( 'NONE', *, *, #2343, .F. ) ;
#3149 = VECTOR ( 'NONE', #3011, 1000.000000000000000 ) ;
#3150 = CARTESIAN_POINT ( 'NONE',  ( -1.458813201668097026, 0.1622542580598700657, 1.950411122459819957 ) ) ;
#3151 = CARTESIAN_POINT ( 'NONE',  ( 3.510000000000000231, 1.502499999999999503, 1.199999999999999956 ) ) ;
#3152 = CIRCLE ( 'NONE', #1118, 0.01000000000000002623 ) ;
#3153 = ADVANCED_FACE ( 'NONE', ( #1337 ), #2823, .F. ) ;
#3154 = EDGE_LOOP ( 'NONE', ( #1745, #2405, #2126, #2865 ) ) ;
#3155 = SURFACE_STYLE_FILL_AREA ( #3104 ) ;
#3156 = AXIS2_PLACEMENT_3D ( 'NONE', #2046, #2066, #1074 ) ;
#3157 = DIRECTION ( 'NONE',  ( 1.000000000000000000, 0.0000000000000000000, 0.0000000000000000000 ) ) ;
#3158 = FACE_OUTER_BOUND ( 'NONE', #1049, .T. ) ;
#3159 = CARTESIAN_POINT ( 'NONE',  ( 3.520000000000000018, 1.632499999999999396, -2.125468578319839263 ) ) ;
#3160 = VECTOR ( 'NONE', #2979, 1000.000000000000000 ) ;
#3161 = ORIENTED_EDGE ( 'NONE', *, *, #1970, .F. ) ;
#3162 = ORIENTED_EDGE ( 'NONE', *, *, #2637, .F. ) ;
#3163 = CARTESIAN_POINT ( 'NONE',  ( -1.470882403047992781, 0.1572174419872316431, 1.956276727303230434 ) ) ;
#3164 = VECTOR ( 'NONE', #1579, 1000.000000000000227 ) ;
#3165 = CARTESIAN_POINT ( 'NONE',  ( -3.177330192692604527, 0.1900000000000000022, 1.934875548215687635 ) ) ;
#3166 = VERTEX_POINT ( 'NONE', #1758 ) ;
#3167 = CARTESIAN_POINT ( 'NONE',  ( -3.177330192692604971, 0.1650000000000000078, 1.956799959790506582 ) ) ;
#3168 =( BOUNDED_CURVE ( )  B_SPLINE_CURVE ( 3, ( #2234, #394, #2356, #129 ),
 .UNSPECIFIED., .F., .T. ) 
 B_SPLINE_CURVE_WITH_KNOTS ( ( 4, 4 ),
 ( 1.780235837034213953, 3.141592653589793116 ),
 .UNSPECIFIED. ) 
 CURVE ( )  GEOMETRIC_REPRESENTATION_ITEM ( )  RATIONAL_B_SPLINE_CURVE ( ( 1.000000000000000000, 0.8514306409713134904, 0.8514306409713134904, 1.000000000000000000 ) ) 
 REPRESENTATION_ITEM ( '' )  );
#3169 = VERTEX_POINT ( 'NONE', #1529 ) ;
#3170 = CARTESIAN_POINT ( 'NONE',  ( 3.510000000000000231, 1.492499999999999494, 1.199999999999999956 ) ) ;
#3171 = LINE ( 'NONE', #1178, #2410 ) ;
#3172 = ORIENTED_EDGE ( 'NONE', *, *, #2425, .T. ) ;
#3173 = CARTESIAN_POINT ( 'NONE',  ( 1.417537940432722632, 0.1564019674327001563, 1.955668007328684288 ) ) ;
#3174 = CARTESIAN_POINT ( 'NONE',  ( 1.484119631950700846, 0.1649999999999999800, -1.949405438126229129 ) ) ;
#3175 = CARTESIAN_POINT ( 'NONE',  ( 3.291881393245413179, 2.588733462056818979, 2.024109476443584299 ) ) ;
#3176 = EDGE_CURVE ( 'NONE', #2768, #2433, #58, .T. ) ;
#3177 = CYLINDRICAL_SURFACE ( 'NONE', #1909, 0.09999999999999982514 ) ;
#3178 = VECTOR ( 'NONE', #1854, 999.9999999999998863 ) ;
#3179 = ORIENTED_EDGE ( 'NONE', *, *, #2448, .T. ) ;
#3180 = CARTESIAN_POINT ( 'NONE',  ( -3.177330192692604527, 0.1650000000000000078, 2.149999999999999911 ) ) ;
#3182 = COLOUR_RGB ( '',0.7529411764705882248, 0.7529411764705882248, 0.7529411764705882248 ) ;
#3181 = DIRECTION ( 'NONE',  ( 0.0000000000000000000, 0.1305261922200447178, -0.9914448613738113814 ) ) ;
#3183 = ORIENTED_EDGE ( 'NONE', *, *, #1889, .T. ) ;
#3184 = CARTESIAN_POINT ( 'NONE',  ( 3.291881393245413179, 2.585470307251317656, -1.999323354909239070 ) ) ;
#3185 = VECTOR ( 'NONE', #2710, 1000.000000000000341 ) ;
#3186 = ORIENTED_EDGE ( 'NONE', *, *, #1140, .T. ) ;
#3187 = LINE ( 'NONE', #481, #495 ) ;
#3188 = VERTEX_POINT ( 'NONE', #1015 ) ;
#3189 = CARTESIAN_POINT ( 'NONE',  ( 1.443158848419324958, 0.1659467530921616973, -1.956924602199956675 ) ) ;
#3190 = DIRECTION ( 'NONE',  ( 1.000000000000000000, 0.0000000000000000000, -0.0000000000000000000 ) ) ;
#3191 = CARTESIAN_POINT ( 'NONE',  ( 1.493263000590195011, 0.1867368451944989571, 1.959661669750032864 ) ) ;
#3192 = CARTESIAN_POINT ( 'NONE',  ( 2.557726782380761676, 3.074229919004136224, 1.960192655316641996 ) ) ;
#3193 = ORIENTED_EDGE ( 'NONE', *, *, #580, .F. ) ;
#3194 = VERTEX_POINT ( 'NONE', #26 ) ;
#3195 = EDGE_CURVE ( 'NONE', #2937, #2675, #334, .T. ) ;
#3196 = LINE ( 'NONE', #1955, #430 ) ;
#3197 = EDGE_CURVE ( 'NONE', #524, #1439, #2306, .T. ) ;
#3198 = ORIENTED_EDGE ( 'NONE', *, *, #680, .F. ) ;
#3199 = CARTESIAN_POINT ( 'NONE',  ( 1.516223300006543928, 0.1570069063813172294, -1.878706321232280763 ) ) ;
#3200 = ORIENTED_EDGE ( 'NONE', *, *, #792, .F. ) ;
#3201 = FILL_AREA_STYLE ('',( #2235 ) ) ;
#3202 = ORIENTED_EDGE ( 'NONE', *, *, #2107, .F. ) ;
#3203 = CARTESIAN_POINT ( 'NONE',  ( 3.177330192692604527, 0.1650000000000000078, -1.934875548215688079 ) ) ;
#3204 = CARTESIAN_POINT ( 'NONE',  ( 2.553845228720670324, 3.100000000000000089, -1.934875548215687413 ) ) ;
#3205 =( GEOMETRIC_REPRESENTATION_CONTEXT ( 3 ) GLOBAL_UNCERTAINTY_ASSIGNED_CONTEXT ( ( #94 ) ) GLOBAL_UNIT_ASSIGNED_CONTEXT ( ( #2274, #2309, #2087 ) ) REPRESENTATION_CONTEXT ( 'NONE', 'WORKASPACE' ) );
#3206 = CARTESIAN_POINT ( 'NONE',  ( 1.466212134780554566, 0.1821955982714481836, 1.959063803250452374 ) ) ;
#3207 = SURFACE_STYLE_FILL_AREA ( #2228 ) ;
#3208 = ORIENTED_EDGE ( 'NONE', *, *, #2932, .F. ) ;
#3209 = CIRCLE ( 'NONE', #1789, 0.02500000000000005343 ) ;
#3210 = CARTESIAN_POINT ( 'NONE',  ( 1.496751956816631868, 0.1571491170773478274, -1.916162351869821423 ) ) ;
#3211 = FILL_AREA_STYLE ('',( #225 ) ) ;
#3212 = PLANE ( 'NONE',  #2421 ) ;
#3213 = STYLED_ITEM ( 'NONE', ( #2564 ), #840 ) ;
#3214 = EDGE_CURVE ( 'NONE', #2399, #2139, #887, .T. ) ;
#3215 = CIRCLE ( 'NONE', #922, 0.01000000000000001582 ) ;
#3216 = CARTESIAN_POINT ( 'NONE',  ( -3.510000000000000231, 1.492499999999999494, -1.199999999999999956 ) ) ;
#3217 = ORIENTED_EDGE ( 'NONE', *, *, #1162, .F. ) ;
#3218 = DIRECTION ( 'NONE',  ( -3.206512894596686959E-16, 1.000000000000000000, 0.0000000000000000000 ) ) ;
#3219 = B_SPLINE_CURVE_WITH_KNOTS ( 'NONE', 3,
 ( #2591, #864, #634, #1159, #2083, #651, #847, #2856, #2884, #1857, #1646, #2838, #2646, #2112, #416, #381 ),
 .UNSPECIFIED., .F., .F.,
 ( 4, 3, 3, 3, 3, 4 ),
 ( 5.661823485101186276E-11, 8.251919242973738760E-06, 1.650972347271636721E-05, 2.469231492416830315E-05, 3.290323753188996333E-05, 3.856640923962513479E-05 ),
 .UNSPECIFIED. ) ;
#3220 = EDGE_CURVE ( 'NONE', #11, #210, #1997, .T. ) ;
#3221 = ORIENTED_EDGE ( 'NONE', *, *, #2064, .F. ) ;
#3222 = ADVANCED_FACE ( 'NONE', ( #86 ), #2490, .T. ) ;
#3223 = CARTESIAN_POINT ( 'NONE',  ( 1.526023694382619089, 0.1650000000000000078, -1.857135272548666061 ) ) ;
#3224 = ORIENTED_EDGE ( 'NONE', *, *, #448, .F. ) ;
#3225 = CARTESIAN_POINT ( 'NONE',  ( 1.522999224773089244, 0.7713121336352957158, -1.935759570443116973 ) ) ;
#3226 = ORIENTED_EDGE ( 'NONE', *, *, #2367, .T. ) ;
#3227 = EDGE_LOOP ( 'NONE', ( #1393, #1419, #1831, #966 ) ) ;
#3228 = CARTESIAN_POINT ( 'NONE',  ( -1.504577633732794961, 0.1549999999999999711, -1.922005302887216605 ) ) ;
#3229 = CARTESIAN_POINT ( 'NONE',  ( 3.520000000000000018, 1.632499999999999396, 2.149999999999999911 ) ) ;
#3230 = VECTOR ( 'NONE', #1884, 1000.000000000000227 ) ;
ENDSEC;
END-ISO-10303-21;
