ISO-10303-21;
HEADER;
FILE_DESCRIPTION(('OneSpaceDesigner STEP Export'),'2;1');
FILE_NAME('DF37B-30DP.stp','2008-03-13T13:42:22',(''),(''),
'OneSpace Designer STEP processor for AP214 (Solid Model)',
'OneSpace Modeling 15.00A  14-Mar-2007 (C) CoCreate Software GmbH','');
FILE_SCHEMA(('AUTOMOTIVE_DESIGN { 1 0 10303 214 1 1 1 1 }'));
ENDSEC;
DATA;
#10=CARTESIAN_POINT('',(-3.15048958896024,0.575339000000001,0.355));
#20=DIRECTION('',(1.06826222965723E-32,-1.,2.44921270764476E-16));
#30=DIRECTION('',(-2.44921270764475E-16,-2.44921270764476E-16,-1.));
#40=AXIS2_PLACEMENT_3D('',#10,#20,#30);
#50=PLANE('',#40);
#60=CARTESIAN_POINT('',(-3.01048958896024,0.575339000000001,0.355));
#70=DIRECTION('',(-1.,4.93038065763132E-32,2.44921270764475E-16));
#80=VECTOR('',#70,1.);
#90=LINE('',#60,#80);
#100=CARTESIAN_POINT('',(-2.84214435116861,0.575339000000001,0.355));
#110=VERTEX_POINT('',#100);
#120=CARTESIAN_POINT('',(-3.12048958896013,0.575339000000001,0.355));
#130=VERTEX_POINT('',#120);
#140=EDGE_CURVE('',#110,#130,#90,.T.);
#150=ORIENTED_EDGE('',*,*,#140,.F.);
#160=CARTESIAN_POINT('',(-3.12048958896014,0.575339000000001,0.));
#170=DIRECTION('',(2.44921270764476E-16,2.44921270764476E-16,1.));
#180=VECTOR('',#170,1.);
#190=LINE('',#160,#180);
#200=CARTESIAN_POINT('',(-3.12048958896014,0.575339000000001,0.475));
#210=VERTEX_POINT('',#200);
#220=EDGE_CURVE('',#130,#210,#190,.T.);
#230=ORIENTED_EDGE('',*,*,#220,.F.);
#240=CARTESIAN_POINT('',(-3.15048958896014,0.575339000000001,0.475));
#250=DIRECTION('',(-1.,4.93038065763132E-32,2.44921270764475E-16));
#260=VECTOR('',#250,1.);
#270=LINE('',#240,#260);
#280=CARTESIAN_POINT('',(-2.7988348267517,0.575339000000001,0.475));
#290=VERTEX_POINT('',#280);
#300=EDGE_CURVE('',#290,#210,#270,.T.);
#310=ORIENTED_EDGE('',*,*,#300,.T.);
#320=CARTESIAN_POINT('',(-2.14065980785592,0.575338999999984,
-0.18317501889579));
#330=DIRECTION('',(-0.707106781186544,1.19354426088681E-14,
0.707106781186551));
#340=VECTOR('',#330,1.);
#350=LINE('',#320,#340);
#360=CARTESIAN_POINT('',(-2.69548958896016,0.575339,0.371654762208453));
#370=VERTEX_POINT('',#360);
#380=EDGE_CURVE('',#370,#290,#350,.T.);
#390=ORIENTED_EDGE('',*,*,#380,.T.);
#400=CARTESIAN_POINT('',(-2.69548958896031,0.57533899999996,
0.0699999999999999));
#410=DIRECTION('',(-2.44921270764475E-16,-2.99932144364428E-32,-1.));
#420=VECTOR('',#410,1.);
#430=LINE('',#400,#420);
#440=CARTESIAN_POINT('',(-2.69548958896025,0.575338999999997,
0.208345237791502));
#450=VERTEX_POINT('',#440);
#460=EDGE_CURVE('',#370,#450,#430,.T.);
#470=ORIENTED_EDGE('',*,*,#460,.F.);
#480=CARTESIAN_POINT('',(-2.7438169700645,0.575339000000001,
0.25667261889574));
#490=DIRECTION('',(0.707106781186547,5.08489426908653E-14,
-0.707106781186548));
#500=VECTOR('',#490,1.);
#510=LINE('',#480,#500);
#520=EDGE_CURVE('',#110,#450,#510,.T.);
#530=ORIENTED_EDGE('',*,*,#520,.T.);
#540=EDGE_LOOP('',(#530,#470,#390,#310,#230,#150));
#550=FACE_OUTER_BOUND('',#540,.T.);
#560=ADVANCED_FACE('',(#550),#50,.T.);
#570=CARTESIAN_POINT('',(-3.15048958896014,1.325339,0.121050247945888));
#580=DIRECTION('',(3.09431300027363E-16,-2.44921270764476E-16,-1.));
#590=DIRECTION('',(1.,5.44210626238608E-32,3.09431300027363E-16));
#600=AXIS2_PLACEMENT_3D('',#570,#580,#590);
#610=CYLINDRICAL_SURFACE('',#600,0.05);
#620=CARTESIAN_POINT('',(-3.15048958896014,1.325339,0.480000000000004));
#630=DIRECTION('',(3.09431300027363E-16,-2.44921270764476E-16,-1.));
#640=DIRECTION('',(1.,5.44210626238608E-32,3.09431300027363E-16));
#650=AXIS2_PLACEMENT_3D('',#620,#630,#640);
#660=CIRCLE('',#650,0.05);
#670=CARTESIAN_POINT('',(-3.10048958896014,1.325339,0.480000000000004));
#680=VERTEX_POINT('',#670);
#690=CARTESIAN_POINT('',(-3.15048958896014,1.275339,0.479999999999939));
#700=VERTEX_POINT('',#690);
#710=EDGE_CURVE('',#680,#700,#660,.T.);
#720=ORIENTED_EDGE('',*,*,#710,.T.);
#730=CARTESIAN_POINT('',(-3.10048958896014,1.325339,0.121050247945888));
#740=DIRECTION('',(3.09431300027363E-16,-2.44921270764476E-16,-1.));
#750=VECTOR('',#740,1.);
#760=LINE('',#730,#750);
#770=CARTESIAN_POINT('',(-3.10048958896014,1.325339,0.560000000000004));
#780=VERTEX_POINT('',#770);
#790=EDGE_CURVE('',#780,#680,#760,.T.);
#800=ORIENTED_EDGE('',*,*,#790,.T.);
#810=CARTESIAN_POINT('',(-3.15048958896014,1.325339,0.560000000000004));
#820=DIRECTION('',(3.09431300027363E-16,-2.44921270764476E-16,-1.));
#830=DIRECTION('',(1.,5.44210626238608E-32,3.09431300027363E-16));
#840=AXIS2_PLACEMENT_3D('',#810,#820,#830);
#850=CIRCLE('',#840,0.05);
#860=CARTESIAN_POINT('',(-3.15048958896014,1.275339,0.560000000000004));
#870=VERTEX_POINT('',#860);
#880=EDGE_CURVE('',#780,#870,#850,.T.);
#890=ORIENTED_EDGE('',*,*,#880,.F.);
#900=CARTESIAN_POINT('',(-3.15048958896014,1.275339,0.121050247945888));
#910=DIRECTION('',(3.09431300027363E-16,-2.44921270764476E-16,-1.));
#920=VECTOR('',#910,1.);
#930=LINE('',#900,#920);
#940=EDGE_CURVE('',#870,#700,#930,.T.);
#950=ORIENTED_EDGE('',*,*,#940,.F.);
#960=EDGE_LOOP('',(#950,#890,#800,#720));
#970=FACE_OUTER_BOUND('',#960,.T.);
#980=ADVANCED_FACE('',(#970),#610,.F.);
#990=CARTESIAN_POINT('',(-3.17048958896014,1.305339,0.121050247945888));
#1000=DIRECTION('',(3.09431300027363E-16,-2.44921270764476E-16,-1.));
#1010=DIRECTION('',(1.,5.44210626238608E-32,3.09431300027363E-16));
#1020=AXIS2_PLACEMENT_3D('',#990,#1000,#1010);
#1030=CYLINDRICAL_SURFACE('',#1020,0.03);
#1040=CARTESIAN_POINT('',(-3.17048958896014,1.305339,0.560000000000004))
;
#1050=DIRECTION('',(3.09431300027363E-16,-2.44921270764476E-16,-1.));
#1060=DIRECTION('',(1.,5.44210626238608E-32,3.09431300027363E-16));
#1070=AXIS2_PLACEMENT_3D('',#1040,#1050,#1060);
#1080=CIRCLE('',#1070,0.03);
#1090=CARTESIAN_POINT('',(-3.17048958896014,1.275339,0.560000000000004))
;
#1100=VERTEX_POINT('',#1090);
#1110=CARTESIAN_POINT('',(-3.20048958896014,1.305339,0.560000000000004))
;
#1120=VERTEX_POINT('',#1110);
#1130=EDGE_CURVE('',#1100,#1120,#1080,.T.);
#1140=ORIENTED_EDGE('',*,*,#1130,.F.);
#1150=CARTESIAN_POINT('',(-3.20048958896014,1.305339,0.121050247945888))
;
#1160=DIRECTION('',(3.09431300027363E-16,-2.44921270764476E-16,-1.));
#1170=VECTOR('',#1160,1.);
#1180=LINE('',#1150,#1170);
#1190=CARTESIAN_POINT('',(-3.20048958896014,1.305339,0.480000000000004))
;
#1200=VERTEX_POINT('',#1190);
#1210=EDGE_CURVE('',#1120,#1200,#1180,.T.);
#1220=ORIENTED_EDGE('',*,*,#1210,.F.);
#1230=CARTESIAN_POINT('',(-3.17048958896014,1.305339,0.480000000000004))
;
#1240=DIRECTION('',(3.09431300027363E-16,-2.44921270764476E-16,-1.));
#1250=DIRECTION('',(1.,5.44210626238608E-32,3.09431300027363E-16));
#1260=AXIS2_PLACEMENT_3D('',#1230,#1240,#1250);
#1270=CIRCLE('',#1260,0.03);
#1280=CARTESIAN_POINT('',(-3.17048958896014,1.275339,0.479999999999939))
;
#1290=VERTEX_POINT('',#1280);
#1300=EDGE_CURVE('',#1290,#1200,#1270,.T.);
#1310=ORIENTED_EDGE('',*,*,#1300,.T.);
#1320=CARTESIAN_POINT('',(-3.17048958896014,1.275339,0.121050247945888))
;
#1330=DIRECTION('',(3.09431300027363E-16,-2.44921270764476E-16,-1.));
#1340=VECTOR('',#1330,1.);
#1350=LINE('',#1320,#1340);
#1360=EDGE_CURVE('',#1100,#1290,#1350,.T.);
#1370=ORIENTED_EDGE('',*,*,#1360,.T.);
#1380=EDGE_LOOP('',(#1370,#1310,#1220,#1140));
#1390=FACE_OUTER_BOUND('',#1380,.T.);
#1400=ADVANCED_FACE('',(#1390),#1030,.F.);
#1410=CARTESIAN_POINT('',(-4.30048958896017,1.33533900000002,
-0.455000000000016));
#1420=DIRECTION('',(-1.22460635382238E-16,1.,-7.34763812293426E-16));
#1430=DIRECTION('',(-2.44921270764476E-16,7.34763812293426E-16,1.));
#1440=AXIS2_PLACEMENT_3D('',#1410,#1420,#1430);
#1450=PLANE('',#1440);
#1460=CARTESIAN_POINT('',(-2.7895003253776,1.33533900000002,
-0.455000000000016));
#1470=DIRECTION('',(-1.,-1.22460635382238E-16,1.06826222965723E-32));
#1480=VECTOR('',#1470,1.);
#1490=LINE('',#1460,#1480);
#1500=CARTESIAN_POINT('',(-3.82048958896017,1.33533900000002,
-0.455000000000016));
#1510=VERTEX_POINT('',#1500);
#1520=CARTESIAN_POINT('',(-4.25048958896017,1.33533900000002,
-0.455000000000016));
#1530=VERTEX_POINT('',#1520);
#1540=EDGE_CURVE('',#1510,#1530,#1490,.T.);
#1550=ORIENTED_EDGE('',*,*,#1540,.F.);
#1560=CARTESIAN_POINT('',(-4.25048958896017,1.33533900000002,
-0.400000000000016));
#1570=DIRECTION('',(-2.44921270764476E-16,7.34763812293426E-16,1.));
#1580=VECTOR('',#1570,1.);
#1590=LINE('',#1560,#1580);
#1600=CARTESIAN_POINT('',(-4.25048958896017,1.33533900000002,
-0.605000000000014));
#1610=VERTEX_POINT('',#1600);
#1620=EDGE_CURVE('',#1610,#1530,#1590,.T.);
#1630=ORIENTED_EDGE('',*,*,#1620,.T.);
#1640=CARTESIAN_POINT('',(-2.7895003253776,1.33533900000002,
-0.605000000000014));
#1650=DIRECTION('',(1.,1.22460635382238E-16,-9.86076131526266E-32));
#1660=VECTOR('',#1650,1.);
#1670=LINE('',#1640,#1660);
#1680=CARTESIAN_POINT('',(-3.82048958896017,1.33533900000002,
-0.605000000000014));
#1690=VERTEX_POINT('',#1680);
#1700=EDGE_CURVE('',#1610,#1690,#1670,.T.);
#1710=ORIENTED_EDGE('',*,*,#1700,.F.);
#1720=CARTESIAN_POINT('',(-3.82048958896017,1.33533900000002,
-0.400000000000016));
#1730=DIRECTION('',(2.99932144364427E-32,7.34763812293426E-16,1.));
#1740=VECTOR('',#1730,1.);
#1750=LINE('',#1720,#1740);
#1760=EDGE_CURVE('',#1690,#1510,#1750,.T.);
#1770=ORIENTED_EDGE('',*,*,#1760,.F.);
#1780=EDGE_LOOP('',(#1770,#1710,#1630,#1550));
#1790=FACE_OUTER_BOUND('',#1780,.T.);
#1800=ADVANCED_FACE('',(#1790),#1450,.T.);
#1810=CARTESIAN_POINT('',(-3.26048958896027,1.140339,0.164999999999998))
;
#1820=DIRECTION('',(-5.19556474243162E-16,0.707106781186547,
0.707106781186548));
#1830=DIRECTION('',(0.,-0.707106781186548,0.707106781186547));
#1840=AXIS2_PLACEMENT_3D('',#1810,#1820,#1830);
#1850=PLANE('',#1840);
#1860=CARTESIAN_POINT('',(-3.47048958896031,1.305339,
-2.61153955741164E-16));
#1870=DIRECTION('',(-0.577350269189592,-0.577350269189644,
0.577350269189642));
#1880=VECTOR('',#1870,1.);
#1890=LINE('',#1860,#1880);
#1900=CARTESIAN_POINT('',(-3.61048958896012,1.16533899999993,
0.140000000000064));
#1910=VERTEX_POINT('',#1900);
#1920=CARTESIAN_POINT('',(-3.63548958896031,1.14033899999999,
0.165000000000008));
#1930=VERTEX_POINT('',#1920);
#1940=EDGE_CURVE('',#1910,#1930,#1890,.T.);
#1950=ORIENTED_EDGE('',*,*,#1940,.F.);
#1960=CARTESIAN_POINT('',(-6.5209791779203,4.02582858895986,
-2.72048958895987));
#1970=DIRECTION('',(0.577350269189642,-0.577350269189617,
0.577350269189619));
#1980=VECTOR('',#1970,1.);
#1990=LINE('',#1960,#1980);
#2000=CARTESIAN_POINT('',(-3.61048958896032,1.11533899999997,
0.189999999999998));
#2010=VERTEX_POINT('',#2000);
#2020=EDGE_CURVE('',#1930,#2010,#1990,.T.);
#2030=ORIENTED_EDGE('',*,*,#2020,.F.);
#2040=CARTESIAN_POINT('',(0.,1.11533899999985,0.189999999999998));
#2050=DIRECTION('',(-1.,4.02914799895549E-14,-8.92494232791577E-30));
#2060=VECTOR('',#2050,1.);
#2070=LINE('',#2040,#2060);
#2080=CARTESIAN_POINT('',(-2.91048958895998,1.11533899999997,
0.189999999999998));
#2090=VERTEX_POINT('',#2080);
#2100=EDGE_CURVE('',#2090,#2010,#2070,.T.);
#2110=ORIENTED_EDGE('',*,*,#2100,.T.);
#2120=CARTESIAN_POINT('',(0.,4.02582858895987,-2.72048958895986));
#2130=DIRECTION('',(-0.577350269189641,-0.577350269189619,
0.577350269189618));
#2140=VECTOR('',#2130,1.);
#2150=LINE('',#2120,#2140);
#2160=CARTESIAN_POINT('',(-2.88548958895999,1.14033899999999,
0.165000000000008));
#2170=VERTEX_POINT('',#2160);
#2180=EDGE_CURVE('',#2170,#2090,#2150,.T.);
#2190=ORIENTED_EDGE('',*,*,#2180,.T.);
#2200=CARTESIAN_POINT('',(-3.05048958895998,1.305339,0.));
#2210=DIRECTION('',(0.577350269189593,-0.577350269189642,
0.577350269189642));
#2220=VECTOR('',#2210,1.);
#2230=LINE('',#2200,#2220);
#2240=CARTESIAN_POINT('',(-2.91048958896019,1.16533899999996,
0.140000000000039));
#2250=VERTEX_POINT('',#2240);
#2260=EDGE_CURVE('',#2250,#2170,#2230,.T.);
#2270=ORIENTED_EDGE('',*,*,#2260,.T.);
#2280=CARTESIAN_POINT('',(0.,1.16533899999993,0.140000000000066));
#2290=DIRECTION('',(1.,2.44921270764476E-16,4.89842541528951E-16));
#2300=VECTOR('',#2290,1.);
#2310=LINE('',#2280,#2300);
#2320=EDGE_CURVE('',#1910,#2250,#2310,.T.);
#2330=ORIENTED_EDGE('',*,*,#2320,.T.);
#2340=EDGE_LOOP('',(#2330,#2270,#2190,#2110,#2030,#1950));
#2350=FACE_OUTER_BOUND('',#2340,.T.);
#2360=ADVANCED_FACE('',(#2350),#1850,.F.);
#2370=CARTESIAN_POINT('',(-2.22048958896017,1.33533900000001,
-5.00500000000001));
#2380=DIRECTION('',(-1.22460635382237E-16,1.,-7.34763812293426E-16));
#2390=DIRECTION('',(4.89842541528951E-16,-7.34763812293426E-16,-1.));
#2400=AXIS2_PLACEMENT_3D('',#2370,#2380,#2390);
#2410=PLANE('',#2400);
#2420=CARTESIAN_POINT('',(-3.73147885254274,1.33533900000001,
-5.00500000000001));
#2430=DIRECTION('',(1.,1.22460635382238E-16,2.44921270764476E-16));
#2440=VECTOR('',#2430,1.);
#2450=LINE('',#2420,#2440);
#2460=CARTESIAN_POINT('',(-2.70048958896017,1.33533900000001,
-5.00500000000001));
#2470=VERTEX_POINT('',#2460);
#2480=CARTESIAN_POINT('',(-2.27048958896017,1.33533900000001,
-5.00500000000001));
#2490=VERTEX_POINT('',#2480);
#2500=EDGE_CURVE('',#2470,#2490,#2450,.T.);
#2510=ORIENTED_EDGE('',*,*,#2500,.F.);
#2520=CARTESIAN_POINT('',(-2.27048958896017,1.33533900000001,
-5.06000000000001));
#2530=DIRECTION('',(4.89842541528951E-16,-7.34763812293426E-16,-1.));
#2540=VECTOR('',#2530,1.);
#2550=LINE('',#2520,#2540);
#2560=CARTESIAN_POINT('',(-2.27048958896017,1.33533900000001,
-4.85500000000002));
#2570=VERTEX_POINT('',#2560);
#2580=EDGE_CURVE('',#2570,#2490,#2550,.T.);
#2590=ORIENTED_EDGE('',*,*,#2580,.T.);
#2600=CARTESIAN_POINT('',(-3.73147885254274,1.33533900000001,
-4.85500000000002));
#2610=DIRECTION('',(-1.,-1.22460635382238E-16,-2.44921270764476E-16));
#2620=VECTOR('',#2610,1.);
#2630=LINE('',#2600,#2620);
#2640=CARTESIAN_POINT('',(-2.70048958896017,1.33533900000001,
-4.85500000000002));
#2650=VERTEX_POINT('',#2640);
#2660=EDGE_CURVE('',#2570,#2650,#2630,.T.);
#2670=ORIENTED_EDGE('',*,*,#2660,.F.);
#2680=CARTESIAN_POINT('',(-2.70048958896017,1.33533900000001,
-5.06000000000001));
#2690=DIRECTION('',(2.44921270764476E-16,-7.34763812293426E-16,-1.));
#2700=VECTOR('',#2690,1.);
#2710=LINE('',#2680,#2700);
#2720=EDGE_CURVE('',#2650,#2470,#2710,.T.);
#2730=ORIENTED_EDGE('',*,*,#2720,.F.);
#2740=EDGE_LOOP('',(#2730,#2670,#2590,#2510));
#2750=FACE_OUTER_BOUND('',#2740,.T.);
#2760=ADVANCED_FACE('',(#2750),#2410,.T.);
#2770=CARTESIAN_POINT('',(-2.78048958896014,1.325339,0.480000000000005))
;
#2780=DIRECTION('',(4.89842541528951E-16,-2.44921270764476E-16,-1.));
#2790=DIRECTION('',(3.12252206781809E-32,1.,-2.44921270764476E-16));
#2800=AXIS2_PLACEMENT_3D('',#2770,#2780,#2790);
#2810=PLANE('',#2800);
#2820=ORIENTED_EDGE('',*,*,#1300,.F.);
#2830=CARTESIAN_POINT('',(-3.19818413696879,1.305339,0.480000000000004))
;
#2840=DIRECTION('',(-1.,-1.33494028535879E-31,-4.89842541528951E-16));
#2850=VECTOR('',#2840,1.);
#2860=LINE('',#2830,#2850);
#2870=CARTESIAN_POINT('',(-3.32048958896014,1.305339,0.480000000000004))
;
#2880=VERTEX_POINT('',#2870);
#2890=EDGE_CURVE('',#1200,#2880,#2860,.T.);
#2900=ORIENTED_EDGE('',*,*,#2890,.F.);
#2910=CARTESIAN_POINT('',(-3.35048958896014,1.305339,0.480000000000004))
;
#2920=DIRECTION('',(-3.09431300027363E-16,2.44921270764476E-16,1.));
#2930=DIRECTION('',(-1.,-5.44210626238608E-32,-3.09431300027363E-16));
#2940=AXIS2_PLACEMENT_3D('',#2910,#2920,#2930);
#2950=CIRCLE('',#2940,0.03);
#2960=CARTESIAN_POINT('',(-3.35048958896014,1.275339,0.479999999999939))
;
#2970=VERTEX_POINT('',#2960);
#2980=EDGE_CURVE('',#2970,#2880,#2950,.T.);
#2990=ORIENTED_EDGE('',*,*,#2980,.T.);
#3000=CARTESIAN_POINT('',(0.,1.27533899999997,0.480000000000006));
#3010=DIRECTION('',(-1.,2.2608117301336E-16,-4.89842541528951E-16));
#3020=VECTOR('',#3010,1.);
#3030=LINE('',#3000,#3020);
#3040=EDGE_CURVE('',#1290,#2970,#3030,.T.);
#3050=ORIENTED_EDGE('',*,*,#3040,.T.);
#3060=EDGE_LOOP('',(#3050,#2990,#2900,#2820));
#3070=FACE_OUTER_BOUND('',#3060,.T.);
#3080=ADVANCED_FACE('',(#3070),#2810,.T.);
#3090=CARTESIAN_POINT('',(-4.30048958896017,1.25533900000002,
-0.205000000000016));
#3100=DIRECTION('',(1.22460635382237E-16,-1.,9.79685083057902E-16));
#3110=DIRECTION('',(2.44921270764476E-16,-9.79685083057902E-16,-1.));
#3120=AXIS2_PLACEMENT_3D('',#3090,#3100,#3110);
#3130=PLANE('',#3120);
#3140=CARTESIAN_POINT('',(-2.7895003253776,1.25533900000002,
-0.205000000000014));
#3150=DIRECTION('',(1.,1.22460635382237E-16,-9.86076131526265E-32));
#3160=VECTOR('',#3150,1.);
#3170=LINE('',#3140,#3160);
#3180=CARTESIAN_POINT('',(-4.25048958896017,1.25533900000002,
-0.205000000000014));
#3190=VERTEX_POINT('',#3180);
#3200=CARTESIAN_POINT('',(-3.97048958896014,1.25533900000002,
-0.205000000000014));
#3210=VERTEX_POINT('',#3200);
#3220=EDGE_CURVE('',#3190,#3210,#3170,.T.);
#3230=ORIENTED_EDGE('',*,*,#3220,.T.);
#3240=CARTESIAN_POINT('',(-4.25048958896017,1.25533900000002,
-1.53177504032857E-14));
#3250=DIRECTION('',(2.44921270764476E-16,-9.79685083057902E-16,-1.));
#3260=VECTOR('',#3250,1.);
#3270=LINE('',#3240,#3260);
#3280=CARTESIAN_POINT('',(-4.25048958896017,1.25533900000002,
-0.0550000000000155));
#3290=VERTEX_POINT('',#3280);
#3300=EDGE_CURVE('',#3290,#3190,#3270,.T.);
#3310=ORIENTED_EDGE('',*,*,#3300,.T.);
#3320=CARTESIAN_POINT('',(-2.7895003253776,1.25533900000002,
-0.0550000000000155));
#3330=DIRECTION('',(1.,1.22460635382237E-16,-1.06826222965723E-32));
#3340=VECTOR('',#3330,1.);
#3350=LINE('',#3320,#3340);
#3360=CARTESIAN_POINT('',(-3.97048958896014,1.25533900000002,
-0.0550000000000155));
#3370=VERTEX_POINT('',#3360);
#3380=EDGE_CURVE('',#3290,#3370,#3350,.T.);
#3390=ORIENTED_EDGE('',*,*,#3380,.F.);
#3400=CARTESIAN_POINT('',(-3.97048958896014,1.25533900000002,0.));
#3410=DIRECTION('',(-1.46952762458685E-15,9.79685083057901E-16,1.));
#3420=VECTOR('',#3410,1.);
#3430=LINE('',#3400,#3420);
#3440=EDGE_CURVE('',#3210,#3370,#3430,.T.);
#3450=ORIENTED_EDGE('',*,*,#3440,.T.);
#3460=EDGE_LOOP('',(#3450,#3390,#3310,#3230));
#3470=FACE_OUTER_BOUND('',#3460,.T.);
#3480=ADVANCED_FACE('',(#3470),#3130,.T.);
#3490=CARTESIAN_POINT('',(-3.25708878031988,1.275339,0.5120462599621));
#3500=DIRECTION('',(-1.35211707901074E-32,1.,-2.44921270764476E-16));
#3510=DIRECTION('',(1.,8.9307478007113E-32,3.09431300027363E-16));
#3520=AXIS2_PLACEMENT_3D('',#3490,#3500,#3510);
#3530=PLANE('',#3520);
#3540=CARTESIAN_POINT('',(-3.19818413696879,1.275339,0.560000000000004))
;
#3550=DIRECTION('',(1.,1.33494028535879E-31,4.89842541528951E-16));
#3560=VECTOR('',#3550,1.);
#3570=LINE('',#3540,#3560);
#3580=CARTESIAN_POINT('',(-3.37048958896014,1.275339,0.560000000000004))
;
#3590=VERTEX_POINT('',#3580);
#3600=CARTESIAN_POINT('',(-3.35048958896014,1.275339,0.560000000000004))
;
#3610=VERTEX_POINT('',#3600);
#3620=EDGE_CURVE('',#3590,#3610,#3570,.T.);
#3630=ORIENTED_EDGE('',*,*,#3620,.T.);
#3640=CARTESIAN_POINT('',(-3.37048958896014,1.275339,0.121050247945888))
;
#3650=DIRECTION('',(-3.09431300027363E-16,2.44921270764476E-16,1.));
#3660=VECTOR('',#3650,1.);
#3670=LINE('',#3640,#3660);
#3680=CARTESIAN_POINT('',(-3.37048958896014,1.275339,0.479999999999939))
;
#3690=VERTEX_POINT('',#3680);
#3700=EDGE_CURVE('',#3690,#3590,#3670,.T.);
#3710=ORIENTED_EDGE('',*,*,#3700,.T.);
#3720=CARTESIAN_POINT('',(0.,1.275339,0.479999999999939));
#3730=DIRECTION('',(-1.,1.07300400240324E-32,9.79685083057882E-17));
#3740=VECTOR('',#3730,1.);
#3750=LINE('',#3720,#3740);
#3760=EDGE_CURVE('',#2970,#3690,#3750,.T.);
#3770=ORIENTED_EDGE('',*,*,#3760,.T.);
#3780=CARTESIAN_POINT('',(-3.35048958896014,1.275339,0.121050247945888))
;
#3790=DIRECTION('',(-3.09431300027363E-16,2.44921270764476E-16,1.));
#3800=VECTOR('',#3790,1.);
#3810=LINE('',#3780,#3800);
#3820=EDGE_CURVE('',#2970,#3610,#3810,.T.);
#3830=ORIENTED_EDGE('',*,*,#3820,.F.);
#3840=EDGE_LOOP('',(#3830,#3770,#3710,#3630));
#3850=FACE_OUTER_BOUND('',#3840,.T.);
#3860=ADVANCED_FACE('',(#3850),#3530,.T.);
#3870=CARTESIAN_POINT('',(-2.97048958896014,1.305339,0.480000000000004))
;
#3880=DIRECTION('',(3.12252206781809E-32,1.,-2.44921270764476E-16));
#3890=VECTOR('',#3880,1.);
#3900=LINE('',#3870,#3890);
#3910=CARTESIAN_POINT('',(-2.97048958896014,1.27533899999998,
0.480000000000004));
#3920=VERTEX_POINT('',#3910);
#3930=CARTESIAN_POINT('',(-2.97048958896014,1.335339,0.480000000000004))
;
#3940=VERTEX_POINT('',#3930);
#3950=EDGE_CURVE('',#3920,#3940,#3900,.T.);
#3960=ORIENTED_EDGE('',*,*,#3950,.F.);
#3970=CARTESIAN_POINT('',(-3.19818413696879,1.335339,0.480000000000004))
;
#3980=DIRECTION('',(-1.,-9.86076131526265E-32,-4.89842541528951E-16));
#3990=VECTOR('',#3980,1.);
#4000=LINE('',#3970,#3990);
#4010=CARTESIAN_POINT('',(-3.10048958896014,1.335339,0.480000000000004))
;
#4020=VERTEX_POINT('',#4010);
#4030=EDGE_CURVE('',#3940,#4020,#4000,.T.);
#4040=ORIENTED_EDGE('',*,*,#4030,.F.);
#4050=CARTESIAN_POINT('',(-3.10048958896014,1.305339,0.480000000000004))
;
#4060=DIRECTION('',(3.12252206781809E-32,1.,-2.44921270764476E-16));
#4070=VECTOR('',#4060,1.);
#4080=LINE('',#4050,#4070);
#4090=EDGE_CURVE('',#680,#4020,#4080,.T.);
#4100=ORIENTED_EDGE('',*,*,#4090,.T.);
#4110=ORIENTED_EDGE('',*,*,#710,.F.);
#4120=EDGE_CURVE('',#3920,#700,#3030,.T.);
#4130=ORIENTED_EDGE('',*,*,#4120,.T.);
#4140=EDGE_LOOP('',(#4130,#4110,#4100,#4040,#3960));
#4150=FACE_OUTER_BOUND('',#4140,.T.);
#4160=ADVANCED_FACE('',(#4150),#2810,.T.);
#4170=CARTESIAN_POINT('',(-2.22048958896017,1.25533900000001,
-4.45500000000001));
#4180=DIRECTION('',(1.22460635382238E-16,-1.,4.89842541528951E-16));
#4190=DIRECTION('',(-4.89842541528951E-16,4.89842541528951E-16,1.));
#4200=AXIS2_PLACEMENT_3D('',#4170,#4180,#4190);
#4210=PLANE('',#4200);
#4220=CARTESIAN_POINT('',(-3.73147885254274,1.25533900000001,
-4.45500000000002));
#4230=DIRECTION('',(-1.,-1.22460635382238E-16,-2.44921270764476E-16));
#4240=VECTOR('',#4230,1.);
#4250=LINE('',#4220,#4240);
#4260=CARTESIAN_POINT('',(-2.27048958896017,1.25533900000001,
-4.45500000000002));
#4270=VERTEX_POINT('',#4260);
#4280=CARTESIAN_POINT('',(-2.55048958896018,1.25533900000001,
-4.45500000000002));
#4290=VERTEX_POINT('',#4280);
#4300=EDGE_CURVE('',#4270,#4290,#4250,.T.);
#4310=ORIENTED_EDGE('',*,*,#4300,.T.);
#4320=CARTESIAN_POINT('',(-2.27048958896017,1.25533900000001,
-4.66000000000001));
#4330=DIRECTION('',(-4.89842541528951E-16,4.89842541528951E-16,1.));
#4340=VECTOR('',#4330,1.);
#4350=LINE('',#4320,#4340);
#4360=CARTESIAN_POINT('',(-2.27048958896017,1.25533900000001,
-4.60500000000001));
#4370=VERTEX_POINT('',#4360);
#4380=EDGE_CURVE('',#4370,#4270,#4350,.T.);
#4390=ORIENTED_EDGE('',*,*,#4380,.T.);
#4400=CARTESIAN_POINT('',(-3.73147885254274,1.25533900000001,
-4.60500000000001));
#4410=DIRECTION('',(-1.,-1.22460635382238E-16,-2.44921270764476E-16));
#4420=VECTOR('',#4410,1.);
#4430=LINE('',#4400,#4420);
#4440=CARTESIAN_POINT('',(-2.55048958896018,1.25533900000001,
-4.60500000000001));
#4450=VERTEX_POINT('',#4440);
#4460=EDGE_CURVE('',#4370,#4450,#4430,.T.);
#4470=ORIENTED_EDGE('',*,*,#4460,.F.);
#4480=CARTESIAN_POINT('',(-2.55048958896018,1.25533900000001,0.));
#4490=DIRECTION('',(-4.89842541528951E-16,4.89842541528951E-16,1.));
#4500=VECTOR('',#4490,1.);
#4510=LINE('',#4480,#4500);
#4520=EDGE_CURVE('',#4450,#4290,#4510,.T.);
#4530=ORIENTED_EDGE('',*,*,#4520,.F.);
#4540=EDGE_LOOP('',(#4530,#4470,#4390,#4310));
#4550=FACE_OUTER_BOUND('',#4540,.T.);
#4560=ADVANCED_FACE('',(#4550),#4210,.T.);
#4570=CARTESIAN_POINT('',(-2.53048958896015,1.21923132381143,
0.0579980529558865));
#4580=DIRECTION('',(1.,1.63507259138096E-15,6.12303176911188E-16));
#4590=DIRECTION('',(1.63507259138096E-15,-1.,-3.70470842436745E-31));
#4600=AXIS2_PLACEMENT_3D('',#4570,#4580,#4590);
#4610=PLANE('',#4600);
#4620=CARTESIAN_POINT('',(-2.53048958896015,1.32533899999991,0.));
#4630=DIRECTION('',(-6.12303176911188E-16,1.08468374467889E-30,1.));
#4640=VECTOR('',#4630,1.);
#4650=LINE('',#4620,#4640);
#4660=CARTESIAN_POINT('',(-2.53048958896015,1.32533899999994,
0.355000000000001));
#4670=VERTEX_POINT('',#4660);
#4680=CARTESIAN_POINT('',(-2.53048958896015,1.32533899999991,0.44));
#4690=VERTEX_POINT('',#4680);
#4700=EDGE_CURVE('',#4670,#4690,#4650,.T.);
#4710=ORIENTED_EDGE('',*,*,#4700,.T.);
#4720=CARTESIAN_POINT('',(-2.53048958896014,0.,0.355000000000001));
#4730=DIRECTION('',(-1.63507259138096E-15,1.,3.94430452610506E-31));
#4740=VECTOR('',#4730,1.);
#4750=LINE('',#4720,#4740);
#4760=CARTESIAN_POINT('',(-2.53048958896014,0.740339000000001,
0.355000000000001));
#4770=VERTEX_POINT('',#4760);
#4780=EDGE_CURVE('',#4770,#4670,#4750,.T.);
#4790=ORIENTED_EDGE('',*,*,#4780,.T.);
#4800=CARTESIAN_POINT('',(-2.53048958896016,0.740338999999998,
0.737002400000018));
#4810=DIRECTION('',(0.,0.,-1.));
#4820=VECTOR('',#4810,1.);
#4830=LINE('',#4800,#4820);
#4840=CARTESIAN_POINT('',(-2.5304895889601,0.740339000000001,
0.439999999999954));
#4850=VERTEX_POINT('',#4840);
#4860=EDGE_CURVE('',#4850,#4770,#4830,.T.);
#4870=ORIENTED_EDGE('',*,*,#4860,.T.);
#4880=CARTESIAN_POINT('',(-2.53048958896014,0.,0.439999999999998));
#4890=DIRECTION('',(-2.44921270764476E-16,1.,-2.96335975731578E-31));
#4900=VECTOR('',#4890,1.);
#4910=LINE('',#4880,#4900);
#4920=EDGE_CURVE('',#4850,#4690,#4910,.T.);
#4930=ORIENTED_EDGE('',*,*,#4920,.F.);
#4940=EDGE_LOOP('',(#4930,#4870,#4790,#4710));
#4950=FACE_OUTER_BOUND('',#4940,.T.);
#4960=ADVANCED_FACE('',(#4950),#4610,.T.);
#4970=CARTESIAN_POINT('',(-2.63042592347529,1.15892796238872,
0.423502400000006));
#4980=DIRECTION('',(-0.998856678503962,-0.0478051859951633,
-5.49201112689031E-16));
#4990=DIRECTION('',(0.0478051859951633,-0.998856678503962,
1.33311849610609E-15));
#5000=AXIS2_PLACEMENT_3D('',#4970,#4980,#4990);
#5010=PLANE('',#5000);
#5020=CARTESIAN_POINT('',(-2.57495974099957,0.,-0.205000000000001));
#5030=DIRECTION('',(-0.0478051859951633,0.998856678503962,
-2.77555756156289E-16));
#5040=VECTOR('',#5030,1.);
#5050=LINE('',#5020,#5040);
#5060=CARTESIAN_POINT('',(-2.62786116081273,1.10533900000005,
-0.205000000000001));
#5070=VERTEX_POINT('',#5060);
#5080=CARTESIAN_POINT('',(-2.63042592347529,1.15892796238872,
-0.205000000000001));
#5090=VERTEX_POINT('',#5080);
#5100=EDGE_CURVE('',#5070,#5090,#5050,.T.);
#5110=ORIENTED_EDGE('',*,*,#5100,.T.);
#5120=CARTESIAN_POINT('',(-2.62786116081273,1.10533900000005,0.));
#5130=DIRECTION('',(5.84995471295651E-16,-7.34763812293426E-16,-1.));
#5140=VECTOR('',#5130,1.);
#5150=LINE('',#5120,#5140);
#5160=CARTESIAN_POINT('',(-2.62786116081273,1.10533900000005,
-0.455000000000016));
#5170=VERTEX_POINT('',#5160);
#5180=EDGE_CURVE('',#5070,#5170,#5150,.T.);
#5190=ORIENTED_EDGE('',*,*,#5180,.F.);
#5200=CARTESIAN_POINT('',(-2.57495974099957,0.,-0.455000000000016));
#5210=DIRECTION('',(-0.0478051859951633,0.998856678503962,
-7.84095011141517E-16));
#5220=VECTOR('',#5210,1.);
#5230=LINE('',#5200,#5220);
#5240=CARTESIAN_POINT('',(-2.63042592347529,1.15892796238871,
-0.455000000000016));
#5250=VERTEX_POINT('',#5240);
#5260=EDGE_CURVE('',#5170,#5250,#5230,.T.);
#5270=ORIENTED_EDGE('',*,*,#5260,.F.);
#5280=CARTESIAN_POINT('',(-2.63042592347529,1.15892796238875,0.));
#5290=DIRECTION('',(-4.7785417095077E-16,4.84275005124934E-16,1.));
#5300=VECTOR('',#5290,1.);
#5310=LINE('',#5280,#5300);
#5320=EDGE_CURVE('',#5250,#5090,#5310,.T.);
#5330=ORIENTED_EDGE('',*,*,#5320,.F.);
#5340=EDGE_LOOP('',(#5330,#5270,#5190,#5110));
#5350=FACE_OUTER_BOUND('',#5340,.T.);
#5360=ADVANCED_FACE('',(#5350),#5010,.T.);
#5370=CARTESIAN_POINT('',(-2.14065980785592,0.740338999999984,
-0.183175018895793));
#5380=DIRECTION('',(-0.707106781186544,2.36976997263218E-14,
0.707106781186551));
#5390=DIRECTION('',(0.707106781186551,7.28297003726965E-16,
0.707106781186544));
#5400=AXIS2_PLACEMENT_3D('',#5370,#5380,#5390);
#5410=CYLINDRICAL_SURFACE('',#5400,0.165);
#5420=CARTESIAN_POINT('',(-2.02398718896014,0.740338999999984,
-0.0665024000000132));
#5430=DIRECTION('',(-0.707106781186544,2.36976997263218E-14,
0.707106781186551));
#5440=VECTOR('',#5430,1.);
#5450=LINE('',#5420,#5440);
#5460=CARTESIAN_POINT('',(-2.73048958896014,0.740339000000008,
0.639999999999996));
#5470=VERTEX_POINT('',#5460);
#5480=EDGE_CURVE('',#4850,#5470,#5450,.T.);
#5490=ORIENTED_EDGE('',*,*,#5480,.T.);
#5500=CARTESIAN_POINT('',(-2.6954895889601,0.740338999999981,
0.371654762208397));
#5510=DIRECTION('',(-0.382683432365087,1.2825102674321E-14,
0.923879532511288));
#5520=DIRECTION('',(-0.923879532511288,3.09625368151733E-14,
-0.382683432365087));
#5530=AXIS2_PLACEMENT_3D('',#5500,#5510,#5520);
#5540=ELLIPSE('',#5530,0.178594713048245,0.165);
#5550=CARTESIAN_POINT('',(-2.68829239004488,0.57549604343904,
0.374635939610179));
#5560=VERTEX_POINT('',#5550);
#5570=EDGE_CURVE('',#5560,#4850,#5540,.T.);
#5580=ORIENTED_EDGE('',*,*,#5570,.T.);
#5590=EDGE_CURVE('',#370,#5560,#5540,.T.);
#5600=ORIENTED_EDGE('',*,*,#5590,.T.);
#5610=ORIENTED_EDGE('',*,*,#380,.F.);
#5620=CARTESIAN_POINT('',(-2.7988348267517,0.740339000000004,0.475));
#5630=DIRECTION('',(-0.923879532511286,1.2825102674321E-14,
0.382683432365092));
#5640=DIRECTION('',(-0.382683432365092,-3.0962536815173E-14,
-0.923879532511286));
#5650=AXIS2_PLACEMENT_3D('',#5620,#5630,#5640);
#5660=ELLIPSE('',#5650,0.178594713048245,0.165);
#5670=EDGE_CURVE('',#290,#5470,#5660,.T.);
#5680=ORIENTED_EDGE('',*,*,#5670,.F.);
#5690=EDGE_LOOP('',(#5680,#5610,#5600,#5580,#5490));
#5700=FACE_OUTER_BOUND('',#5690,.T.);
#5710=ADVANCED_FACE('',(#5700),#5410,.T.);
#5720=CARTESIAN_POINT('',(-2.84548958896013,1.30033899999998,
0.575000000000002));
#5730=DIRECTION('',(2.94025559851892E-16,0.514495755427522,
-0.857492925712547));
#5740=DIRECTION('',(4.93038065763132E-32,-0.857492925712547,
-0.514495755427522));
#5750=AXIS2_PLACEMENT_3D('',#5720,#5730,#5740);
#5760=PLANE('',#5750);
#5770=CARTESIAN_POINT('',(-3.62569298895945,0.,-0.205203399999975));
#5780=DIRECTION('',(-0.457495710997516,-0.762492851663157,
-0.457495710997889));
#5790=VECTOR('',#5780,1.);
#5800=LINE('',#5770,#5790);
#5810=CARTESIAN_POINT('',(-2.83048958896014,1.32533899999994,
0.589999999999981));
#5820=VERTEX_POINT('',#5810);
#5830=CARTESIAN_POINT('',(-2.8604895889601,1.27533899999996,
0.559999999999993));
#5840=VERTEX_POINT('',#5830);
#5850=EDGE_CURVE('',#5820,#5840,#5800,.T.);
#5860=ORIENTED_EDGE('',*,*,#5850,.F.);
#5870=CARTESIAN_POINT('',(0.,1.27533899999997,0.560000000000002));
#5880=DIRECTION('',(1.,2.44921270764476E-16,4.89842541528951E-16));
#5890=VECTOR('',#5880,1.);
#5900=LINE('',#5870,#5890);
#5910=CARTESIAN_POINT('',(-2.83048958896014,1.27533899999997,
0.560000000000001));
#5920=VERTEX_POINT('',#5910);
#5930=EDGE_CURVE('',#5840,#5920,#5900,.T.);
#5940=ORIENTED_EDGE('',*,*,#5930,.F.);
#5950=CARTESIAN_POINT('',(-3.60169298896013,-0.0100000000000311,
-0.211203399999993));
#5960=DIRECTION('',(0.457495710997811,0.762492851663027,
0.457495710997811));
#5970=VECTOR('',#5960,1.);
#5980=LINE('',#5950,#5970);
#5990=CARTESIAN_POINT('',(-2.80048958896016,1.32533899999994,
0.590000000000002));
#6000=VERTEX_POINT('',#5990);
#6010=EDGE_CURVE('',#5920,#6000,#5980,.T.);
#6020=ORIENTED_EDGE('',*,*,#6010,.F.);
#6030=CARTESIAN_POINT('',(0.,1.32533899999995,0.589999999999985));
#6040=DIRECTION('',(-1.,-1.63507259138096E-15,-1.32393333389883E-15));
#6050=VECTOR('',#6040,1.);
#6060=LINE('',#6030,#6050);
#6070=EDGE_CURVE('',#6000,#5820,#6060,.T.);
#6080=ORIENTED_EDGE('',*,*,#6070,.F.);
#6090=EDGE_LOOP('',(#6080,#6020,#5940,#5860));
#6100=FACE_OUTER_BOUND('',#6090,.T.);
#6110=ADVANCED_FACE('',(#6100),#5760,.T.);
#6120=CARTESIAN_POINT('',(-2.86048958896013,1.32533899999998,
0.590000000000003));
#6130=DIRECTION('',(-1.,-2.44921270764477E-16,-9.89442902610271E-16));
#6140=DIRECTION('',(9.89442902610271E-16,-7.34763812293426E-16,-1.));
#6150=AXIS2_PLACEMENT_3D('',#6120,#6130,#6140);
#6160=PLANE('',#6150);
#6170=CARTESIAN_POINT('',(-2.86048958896014,0.,0.640000000000002));
#6180=DIRECTION('',(-2.44921270764476E-16,1.,-2.44921270764476E-16));
#6190=VECTOR('',#6180,1.);
#6200=LINE('',#6170,#6190);
#6210=CARTESIAN_POINT('',(-2.86048958896014,0.975339000000001,
0.640000000000001));
#6220=VERTEX_POINT('',#6210);
#6230=CARTESIAN_POINT('',(-2.86048958896013,1.27533899999991,0.64));
#6240=VERTEX_POINT('',#6230);
#6250=EDGE_CURVE('',#6220,#6240,#6200,.T.);
#6260=ORIENTED_EDGE('',*,*,#6250,.T.);
#6270=CARTESIAN_POINT('',(-2.86048958896014,0.975339,0.));
#6280=DIRECTION('',(9.89442902610272E-16,-7.34763812293426E-16,-1.));
#6290=VECTOR('',#6280,1.);
#6300=LINE('',#6270,#6290);
#6310=CARTESIAN_POINT('',(-2.86048958896014,0.975339000000001,
0.560000000000001));
#6320=VERTEX_POINT('',#6310);
#6330=EDGE_CURVE('',#6220,#6320,#6300,.T.);
#6340=ORIENTED_EDGE('',*,*,#6330,.F.);
#6350=CARTESIAN_POINT('',(-2.86048958896014,0.,0.560000000000002));
#6360=DIRECTION('',(2.44921270764476E-16,-1.,2.44921270764476E-16));
#6370=VECTOR('',#6360,1.);
#6380=LINE('',#6350,#6370);
#6390=CARTESIAN_POINT('',(-2.86048958896013,1.02974830106818,
0.560000000000005));
#6400=VERTEX_POINT('',#6390);
#6410=EDGE_CURVE('',#6400,#6320,#6380,.T.);
#6420=ORIENTED_EDGE('',*,*,#6410,.T.);
#6430=CARTESIAN_POINT('',(-2.86048958896013,0.,0.560000000000005));
#6440=DIRECTION('',(-2.44921270764476E-16,1.,-2.44921270764476E-16));
#6450=VECTOR('',#6440,1.);
#6460=LINE('',#6430,#6450);
#6470=CARTESIAN_POINT('',(-2.86048958896013,1.205339,0.560000000000004))
;
#6480=VERTEX_POINT('',#6470);
#6490=EDGE_CURVE('',#6400,#6480,#6460,.T.);
#6500=ORIENTED_EDGE('',*,*,#6490,.F.);
#6510=EDGE_CURVE('',#5840,#6480,#6380,.T.);
#6520=ORIENTED_EDGE('',*,*,#6510,.T.);
#6530=CARTESIAN_POINT('',(-2.86048958896013,1.27533899999991,0.));
#6540=DIRECTION('',(-9.89442902610272E-16,6.22890936155398E-31,1.));
#6550=VECTOR('',#6540,1.);
#6560=LINE('',#6530,#6550);
#6570=EDGE_CURVE('',#5840,#6240,#6560,.T.);
#6580=ORIENTED_EDGE('',*,*,#6570,.F.);
#6590=EDGE_LOOP('',(#6580,#6520,#6500,#6420,#6340,#6260));
#6600=FACE_OUTER_BOUND('',#6590,.T.);
#6610=ADVANCED_FACE('',(#6600),#6160,.T.);
#6620=CARTESIAN_POINT('',(-2.63724403575678,1.16533900000002,
-0.205000000000001));
#6630=DIRECTION('',(6.12303176911189E-16,-2.44921270764476E-16,-1.));
#6640=DIRECTION('',(-1.,-2.44921270764475E-16,-6.12303176911189E-16));
#6650=AXIS2_PLACEMENT_3D('',#6620,#6630,#6640);
#6660=PLANE('',#6650);
#6670=CARTESIAN_POINT('',(-3.73147885254274,1.25533900000001,
-0.205000000000014));
#6680=DIRECTION('',(-1.,-1.22460635382238E-16,-2.44921270764476E-16));
#6690=VECTOR('',#6680,1.);
#6700=LINE('',#6670,#6690);
#6710=CARTESIAN_POINT('',(-2.27048958896017,1.25533900000001,
-0.205000000000014));
#6720=VERTEX_POINT('',#6710);
#6730=CARTESIAN_POINT('',(-2.55048958896015,1.25533900000001,
-0.205000000000001));
#6740=VERTEX_POINT('',#6730);
#6750=EDGE_CURVE('',#6720,#6740,#6700,.T.);
#6760=ORIENTED_EDGE('',*,*,#6750,.T.);
#6770=CARTESIAN_POINT('',(-2.27048958896017,0.125490534175958,
-0.205000000000013));
#6780=DIRECTION('',(1.22460635382238E-16,-1.,4.89842541528951E-16));
#6790=VECTOR('',#6780,1.);
#6800=LINE('',#6770,#6790);
#6810=CARTESIAN_POINT('',(-2.27048958896017,1.33533900000001,
-0.205000000000014));
#6820=VERTEX_POINT('',#6810);
#6830=EDGE_CURVE('',#6820,#6720,#6800,.T.);
#6840=ORIENTED_EDGE('',*,*,#6830,.T.);
#6850=CARTESIAN_POINT('',(-3.73147885254274,1.33533900000001,
-0.205000000000014));
#6860=DIRECTION('',(1.,1.22460635382238E-16,2.44921270764476E-16));
#6870=VECTOR('',#6860,1.);
#6880=LINE('',#6850,#6870);
#6890=CARTESIAN_POINT('',(-2.70048958896017,1.33533900000001,
-0.205000000000014));
#6900=VERTEX_POINT('',#6890);
#6910=EDGE_CURVE('',#6900,#6820,#6880,.T.);
#6920=ORIENTED_EDGE('',*,*,#6910,.T.);
#6930=CARTESIAN_POINT('',(-2.70048958896017,1.17533900000001,
-0.205000000000014));
#6940=DIRECTION('',(2.44921270764476E-16,-7.34763812293426E-16,-1.));
#6950=DIRECTION('',(1.22460635382238E-16,-1.,7.34763812293426E-16));
#6960=AXIS2_PLACEMENT_3D('',#6930,#6940,#6950);
#6970=CIRCLE('',#6960,0.16);
#6980=CARTESIAN_POINT('',(-2.75616723258866,1.32533899999994,
-0.205000000000001));
#6990=VERTEX_POINT('',#6980);
#7000=EDGE_CURVE('',#6990,#6900,#6970,.T.);
#7010=ORIENTED_EDGE('',*,*,#7000,.T.);
#7020=CARTESIAN_POINT('',(0.,1.32533899999994,-0.204999999999999));
#7030=DIRECTION('',(1.,1.63507259138096E-15,6.12303176911189E-16));
#7040=VECTOR('',#7030,1.);
#7050=LINE('',#7020,#7040);
#7060=CARTESIAN_POINT('',(-2.73048958896013,1.32533899999994,
-0.205000000000001));
#7070=VERTEX_POINT('',#7060);
#7080=EDGE_CURVE('',#6990,#7070,#7050,.T.);
#7090=ORIENTED_EDGE('',*,*,#7080,.F.);
#7100=CARTESIAN_POINT('',(-2.73048958896012,0.,-0.205000000000001));
#7110=DIRECTION('',(4.68706735088986E-15,-1.,2.44921270764479E-16));
#7120=VECTOR('',#7110,1.);
#7130=LINE('',#7100,#7120);
#7140=CARTESIAN_POINT('',(-2.73048958896012,1.15533899999993,
-0.205000000000001));
#7150=VERTEX_POINT('',#7140);
#7160=EDGE_CURVE('',#7070,#7150,#7130,.T.);
#7170=ORIENTED_EDGE('',*,*,#7160,.F.);
#7180=CARTESIAN_POINT('',(0.,-1.57515058896016,-0.204999999999999));
#7190=DIRECTION('',(0.707106781186551,-0.707106781186544,
6.38378239159465E-16));
#7200=VECTOR('',#7190,1.);
#7210=LINE('',#7180,#7200);
#7220=CARTESIAN_POINT('',(-2.68048958896024,1.10533900000005,
-0.205000000000001));
#7230=VERTEX_POINT('',#7220);
#7240=EDGE_CURVE('',#7150,#7230,#7210,.T.);
#7250=ORIENTED_EDGE('',*,*,#7240,.F.);
#7260=CARTESIAN_POINT('',(0.,1.10533900000005,-0.204999999999999));
#7270=DIRECTION('',(1.,-9.46986586518801E-16,6.12303176911189E-16));
#7280=VECTOR('',#7270,1.);
#7290=LINE('',#7260,#7280);
#7300=EDGE_CURVE('',#7230,#5070,#7290,.T.);
#7310=ORIENTED_EDGE('',*,*,#7300,.F.);
#7320=ORIENTED_EDGE('',*,*,#5100,.F.);
#7330=CARTESIAN_POINT('',(0.,1.28481989786296,-0.204999999999999));
#7340=DIRECTION('',(0.998856678503962,0.0478051859951633,
5.96744875736022E-16));
#7350=VECTOR('',#7340,1.);
#7360=LINE('',#7330,#7350);
#7370=CARTESIAN_POINT('',(-2.55051738919501,1.16275237726833,
-0.205000000000001));
#7380=VERTEX_POINT('',#7370);
#7390=EDGE_CURVE('',#5090,#7380,#7360,.T.);
#7400=ORIENTED_EDGE('',*,*,#7390,.F.);
#7410=CARTESIAN_POINT('',(0.,1.28481989786295,-0.204999999999999));
#7420=DIRECTION('',(0.998856678503963,0.0478051859951587,
6.00214322687975E-16));
#7430=VECTOR('',#7420,1.);
#7440=LINE('',#7410,#7430);
#7450=CARTESIAN_POINT('',(-2.55048958896015,1.16275370778494,
-0.205000000000001));
#7460=VERTEX_POINT('',#7450);
#7470=EDGE_CURVE('',#7380,#7460,#7440,.T.);
#7480=ORIENTED_EDGE('',*,*,#7470,.F.);
#7490=CARTESIAN_POINT('',(-2.55048958896015,0.,-0.205));
#7500=DIRECTION('',(1.22460635382238E-16,-1.,2.44921270764476E-16));
#7510=VECTOR('',#7500,1.);
#7520=LINE('',#7490,#7510);
#7530=EDGE_CURVE('',#6740,#7460,#7520,.T.);
#7540=ORIENTED_EDGE('',*,*,#7530,.T.);
#7550=EDGE_LOOP('',(#7540,#7480,#7400,#7320,#7310,#7250,#7170,#7090,
#7010,#6920,#6840,#6760));
#7560=FACE_OUTER_BOUND('',#7550,.T.);
#7570=ADVANCED_FACE('',(#7560),#6660,.T.);
#7580=CARTESIAN_POINT('',(-3.29412114423761,1.335339,0.50210036422642));
#7590=DIRECTION('',(2.13652445931447E-32,1.,-2.44921270764476E-16));
#7600=DIRECTION('',(-1.,-9.86076131526266E-32,-4.89842541528951E-16));
#7610=AXIS2_PLACEMENT_3D('',#7580,#7590,#7600);
#7620=PLANE('',#7610);
#7630=ORIENTED_EDGE('',*,*,#4030,.T.);
#7640=CARTESIAN_POINT('',(-2.97048958896014,1.335339,0.121050247945888))
;
#7650=DIRECTION('',(-4.89842541528951E-16,2.44921270764476E-16,1.));
#7660=VECTOR('',#7650,1.);
#7670=LINE('',#7640,#7660);
#7680=CARTESIAN_POINT('',(-2.97048958896014,1.335339,0.560000000000004))
;
#7690=VERTEX_POINT('',#7680);
#7700=EDGE_CURVE('',#3940,#7690,#7670,.T.);
#7710=ORIENTED_EDGE('',*,*,#7700,.F.);
#7720=CARTESIAN_POINT('',(-3.19818413696879,1.335339,0.560000000000004))
;
#7730=DIRECTION('',(1.,9.86076131526265E-32,4.89842541528951E-16));
#7740=VECTOR('',#7730,1.);
#7750=LINE('',#7720,#7740);
#7760=CARTESIAN_POINT('',(-3.10048958896014,1.335339,0.560000000000004))
;
#7770=VERTEX_POINT('',#7760);
#7780=EDGE_CURVE('',#7770,#7690,#7750,.T.);
#7790=ORIENTED_EDGE('',*,*,#7780,.T.);
#7800=CARTESIAN_POINT('',(-3.10048958896014,1.335339,0.121050247945888))
;
#7810=DIRECTION('',(3.09431300027363E-16,-2.44921270764476E-16,-1.));
#7820=VECTOR('',#7810,1.);
#7830=LINE('',#7800,#7820);
#7840=EDGE_CURVE('',#7770,#4020,#7830,.T.);
#7850=ORIENTED_EDGE('',*,*,#7840,.F.);
#7860=EDGE_LOOP('',(#7850,#7790,#7710,#7630));
#7870=FACE_OUTER_BOUND('',#7860,.T.);
#7880=ADVANCED_FACE('',(#7870),#7620,.T.);
#7890=CARTESIAN_POINT('',(-3.13548958896024,0.590339000000001,
0.415000000000001));
#7900=DIRECTION('',(-0.70710678118655,-0.707106781186545,
3.46370982828774E-16));
#7910=DIRECTION('',(0.707106781186545,-0.70710678118655,0.));
#7920=AXIS2_PLACEMENT_3D('',#7890,#7900,#7910);
#7930=PLANE('',#7920);
#7940=CARTESIAN_POINT('',(-3.28548958896014,0.740339000000001,0.475));
#7950=DIRECTION('',(-0.70710678118655,-0.707106781186545,
3.46370982828774E-16));
#7960=DIRECTION('',(0.707106781186545,-0.70710678118655,
1.54632514641424E-30));
#7970=AXIS2_PLACEMENT_3D('',#7940,#7950,#7960);
#7980=ELLIPSE('',#7970,0.23334523779156,0.165);
#7990=CARTESIAN_POINT('',(-3.15048958896014,0.605339000000001,
0.569868329805052));
#8000=VERTEX_POINT('',#7990);
#8010=EDGE_CURVE('',#210,#8000,#7980,.T.);
#8020=ORIENTED_EDGE('',*,*,#8010,.T.);
#8030=ORIENTED_EDGE('',*,*,#220,.T.);
#8040=CARTESIAN_POINT('',(-3.28548958896,0.740339000000001,
0.355000000000001));
#8050=DIRECTION('',(-0.70710678118658,-0.707106781186515,
5.19556474243136E-16));
#8060=DIRECTION('',(0.707106781186515,-0.70710678118658,
1.73185491414394E-16));
#8070=AXIS2_PLACEMENT_3D('',#8040,#8050,#8060);
#8080=ELLIPSE('',#8070,0.23334523779155,0.165);
#8090=CARTESIAN_POINT('',(-3.15048958896024,0.605339000000229,
0.260131670194949));
#8100=VERTEX_POINT('',#8090);
#8110=EDGE_CURVE('',#8100,#130,#8080,.T.);
#8120=ORIENTED_EDGE('',*,*,#8110,.T.);
#8130=CARTESIAN_POINT('',(-3.15048958896024,0.605339000000229,0.));
#8140=DIRECTION('',(-2.44921270764475E-16,-4.89842541528927E-16,-1.));
#8150=VECTOR('',#8140,1.);
#8160=LINE('',#8130,#8150);
#8170=EDGE_CURVE('',#8000,#8100,#8160,.T.);
#8180=ORIENTED_EDGE('',*,*,#8170,.T.);
#8190=EDGE_LOOP('',(#8180,#8120,#8030,#8020));
#8200=FACE_OUTER_BOUND('',#8190,.T.);
#8210=ADVANCED_FACE('',(#8200),#7930,.T.);
#8220=CARTESIAN_POINT('',(-2.22048958896017,1.33533900000001,
-1.80500000000001));
#8230=DIRECTION('',(-1.22460635382237E-16,1.,-7.34763812293426E-16));
#8240=DIRECTION('',(4.89842541528951E-16,-7.34763812293426E-16,-1.));
#8250=AXIS2_PLACEMENT_3D('',#8220,#8230,#8240);
#8260=PLANE('',#8250);
#8270=CARTESIAN_POINT('',(-3.73147885254274,1.33533900000001,
-1.80500000000001));
#8280=DIRECTION('',(1.,1.22460635382238E-16,2.44921270764476E-16));
#8290=VECTOR('',#8280,1.);
#8300=LINE('',#8270,#8290);
#8310=CARTESIAN_POINT('',(-2.70048958896017,1.33533900000001,
-1.80500000000001));
#8320=VERTEX_POINT('',#8310);
#8330=CARTESIAN_POINT('',(-2.27048958896017,1.33533900000001,
-1.80500000000001));
#8340=VERTEX_POINT('',#8330);
#8350=EDGE_CURVE('',#8320,#8340,#8300,.T.);
#8360=ORIENTED_EDGE('',*,*,#8350,.F.);
#8370=CARTESIAN_POINT('',(-2.27048958896017,1.33533900000001,
-1.86000000000001));
#8380=DIRECTION('',(4.89842541528951E-16,-7.34763812293426E-16,-1.));
#8390=VECTOR('',#8380,1.);
#8400=LINE('',#8370,#8390);
#8410=CARTESIAN_POINT('',(-2.27048958896017,1.33533900000001,
-1.65500000000002));
#8420=VERTEX_POINT('',#8410);
#8430=EDGE_CURVE('',#8420,#8340,#8400,.T.);
#8440=ORIENTED_EDGE('',*,*,#8430,.T.);
#8450=CARTESIAN_POINT('',(-3.73147885254274,1.33533900000001,
-1.65500000000002));
#8460=DIRECTION('',(-1.,-1.22460635382238E-16,-2.44921270764476E-16));
#8470=VECTOR('',#8460,1.);
#8480=LINE('',#8450,#8470);
#8490=CARTESIAN_POINT('',(-2.70048958896017,1.33533900000001,
-1.65500000000002));
#8500=VERTEX_POINT('',#8490);
#8510=EDGE_CURVE('',#8420,#8500,#8480,.T.);
#8520=ORIENTED_EDGE('',*,*,#8510,.F.);
#8530=CARTESIAN_POINT('',(-2.70048958896017,1.33533900000001,
-1.86000000000001));
#8540=DIRECTION('',(2.44921270764476E-16,-7.34763812293426E-16,-1.));
#8550=VECTOR('',#8540,1.);
#8560=LINE('',#8530,#8550);
#8570=EDGE_CURVE('',#8500,#8320,#8560,.T.);
#8580=ORIENTED_EDGE('',*,*,#8570,.F.);
#8590=EDGE_LOOP('',(#8580,#8520,#8440,#8360));
#8600=FACE_OUTER_BOUND('',#8590,.T.);
#8610=ADVANCED_FACE('',(#8600),#8260,.T.);
#8620=CARTESIAN_POINT('',(-2.88548958896024,0.876806505720394,
0.164999999999999));
#8630=DIRECTION('',(0.707106781186548,3.46370982828774E-16,
0.707106781186547));
#8640=DIRECTION('',(0.707106781186547,0.,-0.707106781186548));
#8650=AXIS2_PLACEMENT_3D('',#8620,#8630,#8640);
#8660=PLANE('',#8650);
#8670=CARTESIAN_POINT('',(-2.86048958896029,0.740339000000001,
0.139999999999979));
#8680=DIRECTION('',(0.707106781186547,1.31746933529116E-13,
-0.707106781186548));
#8690=VECTOR('',#8680,1.);
#8700=LINE('',#8670,#8690);
#8710=CARTESIAN_POINT('',(-2.91048958896015,0.740338999999991,
0.189999999999837));
#8720=VERTEX_POINT('',#8710);
#8730=CARTESIAN_POINT('',(-2.8604895889602,0.740339000000001,
0.139999999999888));
#8740=VERTEX_POINT('',#8730);
#8750=EDGE_CURVE('',#8720,#8740,#8700,.T.);
#8760=ORIENTED_EDGE('',*,*,#8750,.F.);
#8770=CARTESIAN_POINT('',(-2.86048958896031,0.,0.140000000000066));
#8780=DIRECTION('',(-2.44921270764475E-16,-1.,7.34763812293426E-16));
#8790=VECTOR('',#8780,1.);
#8800=LINE('',#8770,#8790);
#8810=CARTESIAN_POINT('',(-2.86048958896031,1.115339,0.140000000000065))
;
#8820=VERTEX_POINT('',#8810);
#8830=EDGE_CURVE('',#8820,#8740,#8800,.T.);
#8840=ORIENTED_EDGE('',*,*,#8830,.T.);
#8850=CARTESIAN_POINT('',(-2.72048958895998,0.975338999999744,0.));
#8860=DIRECTION('',(-0.577350269189617,0.57735026918962,
0.577350269189641));
#8870=VECTOR('',#8860,1.);
#8880=LINE('',#8850,#8870);
#8890=EDGE_CURVE('',#8820,#2170,#8880,.T.);
#8900=ORIENTED_EDGE('',*,*,#8890,.F.);
#8910=ORIENTED_EDGE('',*,*,#2180,.F.);
#8920=CARTESIAN_POINT('',(-2.91048958896002,0.,0.189999999999999));
#8930=DIRECTION('',(4.05364012603194E-14,1.,-2.44921270764475E-16));
#8940=VECTOR('',#8930,1.);
#8950=LINE('',#8920,#8940);
#8960=EDGE_CURVE('',#8720,#2090,#8950,.T.);
#8970=ORIENTED_EDGE('',*,*,#8960,.T.);
#8980=EDGE_LOOP('',(#8970,#8910,#8900,#8840,#8760));
#8990=FACE_OUTER_BOUND('',#8980,.T.);
#9000=ADVANCED_FACE('',(#8990),#8660,.F.);
#9010=CARTESIAN_POINT('',(-3.01048958896024,0.740339000000001,0.355));
#9020=DIRECTION('',(-1.,4.93038065763132E-32,2.44921270764475E-16));
#9030=DIRECTION('',(4.93038065763132E-32,1.,-1.06826222965723E-32));
#9040=AXIS2_PLACEMENT_3D('',#9010,#9020,#9030);
#9050=CYLINDRICAL_SURFACE('',#9040,0.165);
#9060=CARTESIAN_POINT('',(-3.01048958895999,0.740338999999976,
0.189999999999995));
#9070=DIRECTION('',(-1.,4.15160863433773E-14,-1.22460635382253E-16));
#9080=VECTOR('',#9070,1.);
#9090=LINE('',#9060,#9080);
#9100=CARTESIAN_POINT('',(-3.15048958895999,0.740339000000001,
0.189999999999998));
#9110=VERTEX_POINT('',#9100);
#9120=EDGE_CURVE('',#8720,#9110,#9090,.T.);
#9130=ORIENTED_EDGE('',*,*,#9120,.F.);
#9140=CARTESIAN_POINT('',(-3.15048958896024,0.740338999999982,
0.354999999999995));
#9150=DIRECTION('',(-1.,4.15160863433773E-14,-2.44921270764496E-16));
#9160=DIRECTION('',(4.15160863433773E-14,1.,-7.34763812293416E-16));
#9170=AXIS2_PLACEMENT_3D('',#9140,#9150,#9160);
#9180=CIRCLE('',#9170,0.165);
#9190=EDGE_CURVE('',#9110,#8100,#9180,.T.);
#9200=ORIENTED_EDGE('',*,*,#9190,.F.);
#9210=ORIENTED_EDGE('',*,*,#8110,.F.);
#9220=ORIENTED_EDGE('',*,*,#140,.T.);
#9230=CARTESIAN_POINT('',(-2.84214435116875,0.740338999999976,
0.354999999999995));
#9240=DIRECTION('',(-0.923879532511287,-4.88325826098095E-14,
0.38268343236509));
#9250=DIRECTION('',(-0.38268343236509,2.2637904494804E-13,
-0.923879532511287));
#9260=AXIS2_PLACEMENT_3D('',#9230,#9240,#9250);
#9270=ELLIPSE('',#9260,0.178594713048245,0.165);
#9280=EDGE_CURVE('',#8720,#110,#9270,.T.);
#9290=ORIENTED_EDGE('',*,*,#9280,.T.);
#9300=EDGE_LOOP('',(#9290,#9220,#9210,#9200,#9130));
#9310=FACE_OUTER_BOUND('',#9300,.T.);
#9320=ADVANCED_FACE('',(#9310),#9050,.T.);
#9330=CARTESIAN_POINT('',(-2.73048958896014,1.305339,0.64));
#9340=DIRECTION('',(-4.89842541528951E-16,2.44921270764476E-16,1.));
#9350=DIRECTION('',(-1.,-2.44921270764476E-16,-4.89842541528951E-16));
#9360=AXIS2_PLACEMENT_3D('',#9330,#9340,#9350);
#9370=PLANE('',#9360);
#9380=ORIENTED_EDGE('',*,*,#6250,.F.);
#9390=CARTESIAN_POINT('',(-3.62569298895945,0.,0.64));
#9400=DIRECTION('',(0.514495755427214,0.857492925712732,
2.77555756156289E-17));
#9410=VECTOR('',#9400,1.);
#9420=LINE('',#9390,#9410);
#9430=CARTESIAN_POINT('',(-2.83048958896014,1.32533899999994,0.64));
#9440=VERTEX_POINT('',#9430);
#9450=EDGE_CURVE('',#6240,#9440,#9420,.T.);
#9460=ORIENTED_EDGE('',*,*,#9450,.F.);
#9470=CARTESIAN_POINT('',(0.,1.32533899999992,0.640000000000001));
#9480=DIRECTION('',(-1.,-1.63507259138096E-15,-4.89842541528951E-16));
#9490=VECTOR('',#9480,1.);
#9500=LINE('',#9470,#9490);
#9510=CARTESIAN_POINT('',(-2.73048958896014,1.32533899999991,
0.639999999999998));
#9520=VERTEX_POINT('',#9510);
#9530=EDGE_CURVE('',#9520,#9440,#9500,.T.);
#9540=ORIENTED_EDGE('',*,*,#9530,.T.);
#9550=CARTESIAN_POINT('',(-2.73048958896014,0.,0.640000000000002));
#9560=DIRECTION('',(-1.04589167905263E-31,-1.,2.44921270764476E-16));
#9570=VECTOR('',#9560,1.);
#9580=LINE('',#9550,#9570);
#9590=EDGE_CURVE('',#9520,#5470,#9580,.T.);
#9600=ORIENTED_EDGE('',*,*,#9590,.F.);
#9610=CARTESIAN_POINT('',(-3.15048958896014,0.740339000000001,0.64));
#9620=DIRECTION('',(1.,-4.93038065763132E-32,-2.44921270764475E-16));
#9630=VECTOR('',#9620,1.);
#9640=LINE('',#9610,#9630);
#9650=CARTESIAN_POINT('',(-3.15048958896014,0.740339000000001,0.64));
#9660=VERTEX_POINT('',#9650);
#9670=EDGE_CURVE('',#9660,#5470,#9640,.T.);
#9680=ORIENTED_EDGE('',*,*,#9670,.T.);
#9690=CARTESIAN_POINT('',(-3.15048958896014,0.,0.64));
#9700=DIRECTION('',(0.,1.,-2.44921270764476E-16));
#9710=VECTOR('',#9700,1.);
#9720=LINE('',#9690,#9710);
#9730=CARTESIAN_POINT('',(-3.15048958896024,0.975339000000001,0.64));
#9740=VERTEX_POINT('',#9730);
#9750=EDGE_CURVE('',#9660,#9740,#9720,.T.);
#9760=ORIENTED_EDGE('',*,*,#9750,.F.);
#9770=CARTESIAN_POINT('',(0.,0.975339000000001,0.640000000000002));
#9780=DIRECTION('',(-1.,-1.22460635382238E-16,-4.89842541528951E-16));
#9790=VECTOR('',#9780,1.);
#9800=LINE('',#9770,#9790);
#9810=EDGE_CURVE('',#6220,#9740,#9800,.T.);
#9820=ORIENTED_EDGE('',*,*,#9810,.T.);
#9830=EDGE_LOOP('',(#9820,#9760,#9680,#9600,#9540,#9460,#9380));
#9840=FACE_OUTER_BOUND('',#9830,.T.);
#9850=ADVANCED_FACE('',(#9840),#9370,.T.);
#9860=CARTESIAN_POINT('',(-3.37048958896014,1.325339,0.121050247945888))
;
#9870=DIRECTION('',(-3.09431300027363E-16,2.44921270764476E-16,1.));
#9880=DIRECTION('',(-1.,-5.44210626238608E-32,-3.09431300027363E-16));
#9890=AXIS2_PLACEMENT_3D('',#9860,#9870,#9880);
#9900=CYLINDRICAL_SURFACE('',#9890,0.05);
#9910=CARTESIAN_POINT('',(-3.37048958896014,1.325339,0.560000000000004))
;
#9920=DIRECTION('',(-3.09431300027363E-16,2.44921270764476E-16,1.));
#9930=DIRECTION('',(-1.,-5.44210626238608E-32,-3.09431300027363E-16));
#9940=AXIS2_PLACEMENT_3D('',#9910,#9920,#9930);
#9950=CIRCLE('',#9940,0.05);
#9960=CARTESIAN_POINT('',(-3.42048958896014,1.325339,0.560000000000004))
;
#9970=VERTEX_POINT('',#9960);
#9980=EDGE_CURVE('',#9970,#3590,#9950,.T.);
#9990=ORIENTED_EDGE('',*,*,#9980,.T.);
#10000=CARTESIAN_POINT('',(-3.42048958896014,1.325339,0.121050247945888)
);
#10010=DIRECTION('',(-3.09431300027363E-16,2.44921270764476E-16,1.));
#10020=VECTOR('',#10010,1.);
#10030=LINE('',#10000,#10020);
#10040=CARTESIAN_POINT('',(-3.42048958896014,1.325339,0.480000000000004)
);
#10050=VERTEX_POINT('',#10040);
#10060=EDGE_CURVE('',#10050,#9970,#10030,.T.);
#10070=ORIENTED_EDGE('',*,*,#10060,.T.);
#10080=CARTESIAN_POINT('',(-3.37048958896014,1.325339,0.480000000000004)
);
#10090=DIRECTION('',(-3.09431300027363E-16,2.44921270764476E-16,1.));
#10100=DIRECTION('',(-1.,-5.44210626238608E-32,-3.09431300027363E-16));
#10110=AXIS2_PLACEMENT_3D('',#10080,#10090,#10100);
#10120=CIRCLE('',#10110,0.05);
#10130=EDGE_CURVE('',#10050,#3690,#10120,.T.);
#10140=ORIENTED_EDGE('',*,*,#10130,.F.);
#10150=ORIENTED_EDGE('',*,*,#3700,.F.);
#10160=EDGE_LOOP('',(#10150,#10140,#10070,#9990));
#10170=FACE_OUTER_BOUND('',#10160,.T.);
#10180=ADVANCED_FACE('',(#10170),#9900,.F.);
#10190=CARTESIAN_POINT('',(-2.63042592347529,1.15892796238872,
0.00999999999999765));
#10200=DIRECTION('',(-0.0478051859951587,0.998856678503963,
-7.57340754838453E-16));
#10210=DIRECTION('',(2.4534114631644E-16,-7.46465625902677E-16,-1.));
#10220=AXIS2_PLACEMENT_3D('',#10190,#10200,#10210);
#10230=PLANE('',#10220);
#10240=CARTESIAN_POINT('',(-2.550517389195,1.16275237726833,0.));
#10250=DIRECTION('',(-4.50990554653012E-16,7.36623264704224E-16,1.));
#10260=VECTOR('',#10250,1.);
#10270=LINE('',#10240,#10260);
#10280=CARTESIAN_POINT('',(-2.55051738919501,1.16275237726833,
-0.0549999999999978));
#10290=VERTEX_POINT('',#10280);
#10300=EDGE_CURVE('',#7380,#10290,#10270,.T.);
#10310=ORIENTED_EDGE('',*,*,#10300,.F.);
#10320=CARTESIAN_POINT('',(0.,1.28481989786295,-0.0549999999999985));
#10330=DIRECTION('',(0.998856678503963,0.0478051859951587,
-2.42861286636753E-16));
#10340=VECTOR('',#10330,1.);
#10350=LINE('',#10320,#10340);
#10360=CARTESIAN_POINT('',(-2.55048958896015,1.16275370778494,
-0.0549999999999979));
#10370=VERTEX_POINT('',#10360);
#10380=EDGE_CURVE('',#10290,#10370,#10350,.T.);
#10390=ORIENTED_EDGE('',*,*,#10380,.F.);
#10400=CARTESIAN_POINT('',(-2.55048958896015,1.16275370778494,0.));
#10410=DIRECTION('',(-2.44921270764475E-16,-7.69929538733588E-16,-1.));
#10420=VECTOR('',#10410,1.);
#10430=LINE('',#10400,#10420);
#10440=EDGE_CURVE('',#10370,#7460,#10430,.T.);
#10450=ORIENTED_EDGE('',*,*,#10440,.F.);
#10460=ORIENTED_EDGE('',*,*,#7470,.T.);
#10470=EDGE_LOOP('',(#10460,#10450,#10390,#10310));
#10480=FACE_OUTER_BOUND('',#10470,.T.);
#10490=ADVANCED_FACE('',(#10480),#10230,.F.);
#10500=CARTESIAN_POINT('',(-3.37048958896024,0.740339000000001,
0.189999999999998));
#10510=DIRECTION('',(5.99864288728856E-32,-2.44921270764476E-16,-1.));
#10520=DIRECTION('',(2.44921270764476E-16,-1.,2.44921270764476E-16));
#10530=AXIS2_PLACEMENT_3D('',#10500,#10510,#10520);
#10540=PLANE('',#10530);
#10550=CARTESIAN_POINT('',(-3.61048958896027,-1.14041752758518E-15,
0.189999999999998));
#10560=DIRECTION('',(-4.38065464430813E-14,1.,-2.44921270764526E-16));
#10570=VECTOR('',#10560,1.);
#10580=LINE('',#10550,#10570);
#10590=CARTESIAN_POINT('',(-3.61048958896014,0.74033899999999,
0.189999999999836));
#10600=VERTEX_POINT('',#10590);
#10610=EDGE_CURVE('',#10600,#2010,#10580,.T.);
#10620=ORIENTED_EDGE('',*,*,#10610,.T.);
#10630=CARTESIAN_POINT('',(-3.5104895889603,0.740338999999976,
0.189999999999995));
#10640=DIRECTION('',(1.,4.47862315261392E-14,1.10214571844012E-15));
#10650=VECTOR('',#10640,1.);
#10660=LINE('',#10630,#10650);
#10670=CARTESIAN_POINT('',(-3.3704895889603,0.740339,0.189999999999998))
;
#10680=VERTEX_POINT('',#10670);
#10690=EDGE_CURVE('',#10600,#10680,#10660,.T.);
#10700=ORIENTED_EDGE('',*,*,#10690,.F.);
#10710=CARTESIAN_POINT('',(-3.37048958896027,-3.55582683722333E-16,
0.189999999999998));
#10720=DIRECTION('',(4.47862315261392E-14,-1.,2.44921270764528E-16));
#10730=VECTOR('',#10720,1.);
#10740=LINE('',#10710,#10730);
#10750=CARTESIAN_POINT('',(-3.37048958896031,0.935339000000001,
0.189999999999998));
#10760=VERTEX_POINT('',#10750);
#10770=EDGE_CURVE('',#10760,#10680,#10740,.T.);
#10780=ORIENTED_EDGE('',*,*,#10770,.T.);
#10790=CARTESIAN_POINT('',(-4.30582858896021,-3.41427700882149E-15,
0.189999999999997));
#10800=DIRECTION('',(-0.707106781186516,-0.707106781186579,
-6.99394003378123E-16));
#10810=VECTOR('',#10800,1.);
#10820=LINE('',#10790,#10810);
#10830=CARTESIAN_POINT('',(-3.33048958896017,0.975339000000123,
0.189999999999998));
#10840=VERTEX_POINT('',#10830);
#10850=EDGE_CURVE('',#10840,#10760,#10820,.T.);
#10860=ORIENTED_EDGE('',*,*,#10850,.T.);
#10870=CARTESIAN_POINT('',(0.,0.975338999999851,0.189999999999998));
#10880=DIRECTION('',(1.,-4.15160863433773E-14,6.31088724176809E-30));
#10890=VECTOR('',#10880,1.);
#10900=LINE('',#10870,#10890);
#10910=CARTESIAN_POINT('',(-3.19048958896012,0.975339000000124,
0.189999999999998));
#10920=VERTEX_POINT('',#10910);
#10930=EDGE_CURVE('',#10840,#10920,#10900,.T.);
#10940=ORIENTED_EDGE('',*,*,#10930,.F.);
#10950=CARTESIAN_POINT('',(-2.21515058896008,0.,0.189999999999999));
#10960=DIRECTION('',(0.707106781186518,-0.707106781186577,
1.66533453693773E-16));
#10970=VECTOR('',#10960,1.);
#10980=LINE('',#10950,#10970);
#10990=CARTESIAN_POINT('',(-3.15048958895998,0.935339000000001,
0.189999999999998));
#11000=VERTEX_POINT('',#10990);
#11010=EDGE_CURVE('',#10920,#11000,#10980,.T.);
#11020=ORIENTED_EDGE('',*,*,#11010,.F.);
#11030=CARTESIAN_POINT('',(-3.15048958896002,0.,0.189999999999999));
#11040=DIRECTION('',(-4.15160863433773E-14,-1.,2.44921270764475E-16));
#11050=VECTOR('',#11040,1.);
#11060=LINE('',#11030,#11050);
#11070=EDGE_CURVE('',#11000,#9110,#11060,.T.);
#11080=ORIENTED_EDGE('',*,*,#11070,.F.);
#11090=ORIENTED_EDGE('',*,*,#9120,.T.);
#11100=ORIENTED_EDGE('',*,*,#8960,.F.);
#11110=ORIENTED_EDGE('',*,*,#2100,.F.);
#11120=EDGE_LOOP('',(#11110,#11100,#11090,#11080,#11020,#10940,#10860,
#10780,#10700,#10620));
#11130=FACE_OUTER_BOUND('',#11120,.T.);
#11140=ADVANCED_FACE('',(#11130),#10540,.T.);
#11150=CARTESIAN_POINT('',(-3.97048958896015,1.32533899999994,
0.194999999999999));
#11160=DIRECTION('',(-1.,-1.63507259138096E-15,-1.46952762458685E-15));
#11170=DIRECTION('',(1.46952762458685E-15,2.95822839457879E-31,-1.));
#11180=AXIS2_PLACEMENT_3D('',#11150,#11160,#11170);
#11190=PLANE('',#11180);
#11200=CARTESIAN_POINT('',(-3.97048958896014,0.,0.355000000000001));
#11210=DIRECTION('',(-1.63507259138096E-15,1.,3.94430452610506E-31));
#11220=VECTOR('',#11210,1.);
#11230=LINE('',#11200,#11220);
#11240=CARTESIAN_POINT('',(-3.97048958896015,1.16217151036764,
0.355000000000001));
#11250=VERTEX_POINT('',#11240);
#11260=CARTESIAN_POINT('',(-3.97048958896015,1.32533899999991,
0.355000000000001));
#11270=VERTEX_POINT('',#11260);
#11280=EDGE_CURVE('',#11250,#11270,#11230,.T.);
#11290=ORIENTED_EDGE('',*,*,#11280,.T.);
#11300=CARTESIAN_POINT('',(-3.97048958896015,1.16217151036764,0.));
#11310=DIRECTION('',(-1.46952762458685E-15,-2.37049005392899E-29,1.));
#11320=VECTOR('',#11310,1.);
#11330=LINE('',#11300,#11320);
#11340=CARTESIAN_POINT('',(-3.97048958896015,1.16217151036764,
0.194999999999999));
#11350=VERTEX_POINT('',#11340);
#11360=EDGE_CURVE('',#11350,#11250,#11330,.T.);
#11370=ORIENTED_EDGE('',*,*,#11360,.T.);
#11380=CARTESIAN_POINT('',(-3.97048958896015,1.32533899999994,
0.194999999999999));
#11390=DIRECTION('',(1.63507259138096E-15,-1.,2.07075987620516E-30));
#11400=VECTOR('',#11390,1.);
#11410=LINE('',#11380,#11400);
#11420=CARTESIAN_POINT('',(-3.97048958896015,1.32533899999994,
0.194999999999999));
#11430=VERTEX_POINT('',#11420);
#11440=EDGE_CURVE('',#11430,#11350,#11410,.T.);
#11450=ORIENTED_EDGE('',*,*,#11440,.T.);
#11460=CARTESIAN_POINT('',(-3.97048958896015,1.32533899999994,
0.194999999999999));
#11470=DIRECTION('',(-1.46952762458685E-15,-2.95822839457879E-31,1.));
#11480=VECTOR('',#11470,1.);
#11490=LINE('',#11460,#11480);
#11500=EDGE_CURVE('',#11430,#11270,#11490,.T.);
#11510=ORIENTED_EDGE('',*,*,#11500,.F.);
#11520=EDGE_LOOP('',(#11510,#11450,#11370,#11290));
#11530=FACE_OUTER_BOUND('',#11520,.T.);
#11540=ADVANCED_FACE('',(#11530),#11190,.T.);
#11550=CARTESIAN_POINT('',(-3.82048958896017,1.17533900000002,
-1.52393755966411E-14));
#11560=DIRECTION('',(2.99932144364427E-32,7.34763812293426E-16,1.));
#11570=DIRECTION('',(1.22460635382237E-16,-1.,7.34763812293426E-16));
#11580=AXIS2_PLACEMENT_3D('',#11550,#11560,#11570);
#11590=CYLINDRICAL_SURFACE('',#11580,0.16);
#11600=CARTESIAN_POINT('',(-3.82048958896017,1.17533900000002,
-0.205000000000014));
#11610=DIRECTION('',(2.99932144364427E-32,7.34763812293426E-16,1.));
#11620=DIRECTION('',(1.22460635382237E-16,-1.,7.34763812293426E-16));
#11630=AXIS2_PLACEMENT_3D('',#11600,#11610,#11620);
#11640=CIRCLE('',#11630,0.16);
#11650=CARTESIAN_POINT('',(-3.76481194533165,1.32533899999994,
-0.205000000000014));
#11660=VERTEX_POINT('',#11650);
#11670=CARTESIAN_POINT('',(-3.82048958896017,1.33533900000002,
-0.205000000000014));
#11680=VERTEX_POINT('',#11670);
#11690=EDGE_CURVE('',#11660,#11680,#11640,.T.);
#11700=ORIENTED_EDGE('',*,*,#11690,.T.);
#11710=CARTESIAN_POINT('',(-3.76481194533165,1.32533899999994,
-1.53495901684851E-14));
#11720=DIRECTION('',(2.99932144364427E-32,7.34763812293426E-16,1.));
#11730=VECTOR('',#11720,1.);
#11740=LINE('',#11710,#11730);
#11750=CARTESIAN_POINT('',(-3.76481194533165,1.32533899999994,
-0.0550000000000155));
#11760=VERTEX_POINT('',#11750);
#11770=EDGE_CURVE('',#11660,#11760,#11740,.T.);
#11780=ORIENTED_EDGE('',*,*,#11770,.F.);
#11790=CARTESIAN_POINT('',(-3.82048958896017,1.17533900000002,
-0.0550000000000154));
#11800=DIRECTION('',(2.99932144364427E-32,7.34763812293426E-16,1.));
#11810=DIRECTION('',(1.22460635382237E-16,-1.,7.34763812293426E-16));
#11820=AXIS2_PLACEMENT_3D('',#11790,#11800,#11810);
#11830=CIRCLE('',#11820,0.16);
#11840=CARTESIAN_POINT('',(-3.82048958896017,1.33533900000002,
-0.0550000000000155));
#11850=VERTEX_POINT('',#11840);
#11860=EDGE_CURVE('',#11760,#11850,#11830,.T.);
#11870=ORIENTED_EDGE('',*,*,#11860,.F.);
#11880=CARTESIAN_POINT('',(-3.82048958896017,1.33533900000002,
-1.5356937806608E-14));
#11890=DIRECTION('',(2.99932144364427E-32,7.34763812293426E-16,1.));
#11900=VECTOR('',#11890,1.);
#11910=LINE('',#11880,#11900);
#11920=EDGE_CURVE('',#11680,#11850,#11910,.T.);
#11930=ORIENTED_EDGE('',*,*,#11920,.T.);
#11940=EDGE_LOOP('',(#11930,#11870,#11780,#11700));
#11950=FACE_OUTER_BOUND('',#11940,.T.);
#11960=ADVANCED_FACE('',(#11950),#11590,.T.);
#11970=CARTESIAN_POINT('',(-2.69048958896014,1.105339,0.599999999999997)
);
#11980=DIRECTION('',(0.707106781186547,1.73185491414387E-16,
0.707106781186548));
#11990=DIRECTION('',(-0.707106781186548,1.73185491414387E-16,
0.707106781186547));
#12000=AXIS2_PLACEMENT_3D('',#11970,#11980,#11990);
#12010=PLANE('',#12000);
#12020=ORIENTED_EDGE('',*,*,#9590,.T.);
#12030=CARTESIAN_POINT('',(0.,1.32533899999992,-2.09048958896014));
#12040=DIRECTION('',(-0.707106781186548,-1.16573417585641E-15,
0.707106781186547));
#12050=VECTOR('',#12040,1.);
#12060=LINE('',#12030,#12050);
#12070=EDGE_CURVE('',#4690,#9520,#12060,.T.);
#12080=ORIENTED_EDGE('',*,*,#12070,.T.);
#12090=ORIENTED_EDGE('',*,*,#4920,.T.);
#12100=ORIENTED_EDGE('',*,*,#5480,.F.);
#12110=EDGE_LOOP('',(#12100,#12090,#12080,#12020));
#12120=FACE_OUTER_BOUND('',#12110,.T.);
#12130=ADVANCED_FACE('',(#12120),#12010,.T.);
#12140=CARTESIAN_POINT('',(-2.97048958896014,1.305339,0.480000000000004)
);
#12150=DIRECTION('',(1.,8.87476370675902E-32,4.89842541528951E-16));
#12160=DIRECTION('',(-4.89842541528951E-16,2.44921270764476E-16,1.));
#12170=AXIS2_PLACEMENT_3D('',#12140,#12150,#12160);
#12180=PLANE('',#12170);
#12190=CARTESIAN_POINT('',(-2.97048958896014,1.305339,0.560000000000004)
);
#12200=DIRECTION('',(-3.12252206781809E-32,-1.,2.44921270764476E-16));
#12210=VECTOR('',#12200,1.);
#12220=LINE('',#12190,#12210);
#12230=CARTESIAN_POINT('',(-2.97048958896014,1.255339,0.560000000000004)
);
#12240=VERTEX_POINT('',#12230);
#12250=EDGE_CURVE('',#7690,#12240,#12220,.T.);
#12260=ORIENTED_EDGE('',*,*,#12250,.T.);
#12270=ORIENTED_EDGE('',*,*,#7700,.T.);
#12280=ORIENTED_EDGE('',*,*,#3950,.T.);
#12290=CARTESIAN_POINT('',(-2.97048958896014,0.,0.480000000000003));
#12300=DIRECTION('',(0.,1.,-2.44921270764476E-16));
#12310=VECTOR('',#12300,1.);
#12320=LINE('',#12290,#12310);
#12330=CARTESIAN_POINT('',(-2.97048958896014,1.255339,0.480000000000003)
);
#12340=VERTEX_POINT('',#12330);
#12350=EDGE_CURVE('',#12340,#3920,#12320,.T.);
#12360=ORIENTED_EDGE('',*,*,#12350,.T.);
#12370=CARTESIAN_POINT('',(-2.97048958896014,1.255339,0.121050247945888)
);
#12380=DIRECTION('',(-4.89842541528951E-16,2.44921270764476E-16,1.));
#12390=VECTOR('',#12380,1.);
#12400=LINE('',#12370,#12390);
#12410=EDGE_CURVE('',#12340,#12240,#12400,.T.);
#12420=ORIENTED_EDGE('',*,*,#12410,.F.);
#12430=EDGE_LOOP('',(#12420,#12360,#12280,#12270,#12260));
#12440=FACE_OUTER_BOUND('',#12430,.T.);
#12450=ADVANCED_FACE('',(#12440),#12180,.T.);
#12460=CARTESIAN_POINT('',(-3.79048958896017,1.09533900000002,
-3.65500000000001));
#12470=DIRECTION('',(1.09290235449198E-31,-9.79685083057902E-16,-1.));
#12480=DIRECTION('',(1.,1.22460635382237E-16,-1.06826222965723E-32));
#12490=AXIS2_PLACEMENT_3D('',#12460,#12470,#12480);
#12500=PLANE('',#12490);
#12510=CARTESIAN_POINT('',(-4.94582858896002,0.,-3.65500000000001));
#12520=DIRECTION('',(0.707106781186544,0.707106781186551,
-6.93889390390723E-16));
#12530=VECTOR('',#12520,1.);
#12540=LINE('',#12510,#12530);
#12550=CARTESIAN_POINT('',(-3.84048958896023,1.10533899999991,
-3.65500000000002));
#12560=VERTEX_POINT('',#12550);
#12570=CARTESIAN_POINT('',(-3.79048958896018,1.15533899999986,
-3.65500000000002));
#12580=VERTEX_POINT('',#12570);
#12590=EDGE_CURVE('',#12560,#12580,#12540,.T.);
#12600=ORIENTED_EDGE('',*,*,#12590,.T.);
#12610=CARTESIAN_POINT('',(0.,1.10533899999993,-3.65500000000001));
#12620=DIRECTION('',(1.,4.68706735088987E-15,-4.33873497871557E-30));
#12630=VECTOR('',#12620,1.);
#12640=LINE('',#12610,#12630);
#12650=CARTESIAN_POINT('',(-3.89311801710755,1.10533899999996,
-3.65500000000002));
#12660=VERTEX_POINT('',#12650);
#12670=EDGE_CURVE('',#12660,#12560,#12640,.T.);
#12680=ORIENTED_EDGE('',*,*,#12670,.T.);
#12690=CARTESIAN_POINT('',(-3.94601943692068,0.,-3.65500000000001));
#12700=DIRECTION('',(-0.0478051859951539,-0.998856678503963,
9.74914593498966E-16));
#12710=VECTOR('',#12700,1.);
#12720=LINE('',#12690,#12710);
#12730=CARTESIAN_POINT('',(-3.89055325444502,1.15892796238871,
-3.65500000000002));
#12740=VERTEX_POINT('',#12730);
#12750=EDGE_CURVE('',#12740,#12660,#12720,.T.);
#12760=ORIENTED_EDGE('',*,*,#12750,.T.);
#12770=CARTESIAN_POINT('',(0.,0.972726452246774,-3.65500000000001));
#12780=DIRECTION('',(0.998856678503963,-0.0478051859951539,
4.5102810375397E-17));
#12790=VECTOR('',#12780,1.);
#12800=LINE('',#12770,#12790);
#12810=CARTESIAN_POINT('',(-3.97046178872531,1.16275237726836,
-3.65500000000002));
#12820=VERTEX_POINT('',#12810);
#12830=EDGE_CURVE('',#12820,#12740,#12800,.T.);
#12840=ORIENTED_EDGE('',*,*,#12830,.T.);
#12850=CARTESIAN_POINT('',(-2.80619597048116,1.10703072551716,
-3.65500000000002));
#12860=DIRECTION('',(0.998856678503963,-0.0478051859951555,
4.94831028438272E-17));
#12870=VECTOR('',#12860,1.);
#12880=LINE('',#12850,#12870);
#12890=CARTESIAN_POINT('',(-3.97048958896016,1.16275370778497,
-3.65500000000002));
#12900=VERTEX_POINT('',#12890);
#12910=EDGE_CURVE('',#12900,#12820,#12880,.T.);
#12920=ORIENTED_EDGE('',*,*,#12910,.T.);
#12930=CARTESIAN_POINT('',(-3.97048958896016,0.765930490838864,
-3.65500000000002));
#12940=DIRECTION('',(-1.43185159909298E-15,-1.,9.79685083057902E-16));
#12950=VECTOR('',#12940,1.);
#12960=LINE('',#12930,#12950);
#12970=CARTESIAN_POINT('',(-3.97048958896018,1.25533900000001,
-3.65500000000002));
#12980=VERTEX_POINT('',#12970);
#12990=EDGE_CURVE('',#12980,#12900,#12960,.T.);
#13000=ORIENTED_EDGE('',*,*,#12990,.T.);
#13010=CARTESIAN_POINT('',(-2.78950032537759,1.25533900000002,
-3.65500000000002));
#13020=DIRECTION('',(1.,1.22460635382237E-16,-1.06826222965723E-32));
#13030=VECTOR('',#13020,1.);
#13040=LINE('',#13010,#13030);
#13050=CARTESIAN_POINT('',(-4.25048958896017,1.25533900000002,
-3.65500000000002));
#13060=VERTEX_POINT('',#13050);
#13070=EDGE_CURVE('',#13060,#12980,#13040,.T.);
#13080=ORIENTED_EDGE('',*,*,#13070,.T.);
#13090=CARTESIAN_POINT('',(-4.25048958896017,0.125490534175961,
-3.65500000000001));
#13100=DIRECTION('',(1.22460635382237E-16,-1.,9.79685083057902E-16));
#13110=VECTOR('',#13100,1.);
#13120=LINE('',#13090,#13110);
#13130=CARTESIAN_POINT('',(-4.25048958896017,1.33533900000002,
-3.65500000000002));
#13140=VERTEX_POINT('',#13130);
#13150=EDGE_CURVE('',#13140,#13060,#13120,.T.);
#13160=ORIENTED_EDGE('',*,*,#13150,.T.);
#13170=CARTESIAN_POINT('',(-2.78950032537759,1.33533900000002,
-3.65500000000002));
#13180=DIRECTION('',(-1.,-1.22460635382238E-16,1.06826222965723E-32));
#13190=VECTOR('',#13180,1.);
#13200=LINE('',#13170,#13190);
#13210=CARTESIAN_POINT('',(-3.82048958896017,1.33533900000002,
-3.65500000000002));
#13220=VERTEX_POINT('',#13210);
#13230=EDGE_CURVE('',#13220,#13140,#13200,.T.);
#13240=ORIENTED_EDGE('',*,*,#13230,.T.);
#13250=CARTESIAN_POINT('',(-3.82048958896017,1.17533900000002,
-3.65500000000001));
#13260=DIRECTION('',(2.99932144364427E-32,7.34763812293426E-16,1.));
#13270=DIRECTION('',(1.22460635382237E-16,-1.,7.34763812293426E-16));
#13280=AXIS2_PLACEMENT_3D('',#13250,#13260,#13270);
#13290=CIRCLE('',#13280,0.16);
#13300=CARTESIAN_POINT('',(-3.76481194533164,1.32533899999994,
-3.65500000000001));
#13310=VERTEX_POINT('',#13300);
#13320=EDGE_CURVE('',#13310,#13220,#13290,.T.);
#13330=ORIENTED_EDGE('',*,*,#13320,.T.);
#13340=CARTESIAN_POINT('',(0.,1.32533899999994,-3.65500000000001));
#13350=DIRECTION('',(1.,1.63507259138096E-15,-1.28189897098414E-30));
#13360=VECTOR('',#13350,1.);
#13370=LINE('',#13340,#13360);
#13380=CARTESIAN_POINT('',(-3.79048958896013,1.32533899999994,
-3.65500000000001));
#13390=VERTEX_POINT('',#13380);
#13400=EDGE_CURVE('',#13390,#13310,#13370,.T.);
#13410=ORIENTED_EDGE('',*,*,#13400,.T.);
#13420=CARTESIAN_POINT('',(-3.79048958896012,0.,-3.65500000000001));
#13430=DIRECTION('',(-4.68706735088986E-15,1.,-9.79685083057902E-16));
#13440=VECTOR('',#13430,1.);
#13450=LINE('',#13420,#13440);
#13460=EDGE_CURVE('',#12580,#13390,#13450,.T.);
#13470=ORIENTED_EDGE('',*,*,#13460,.T.);
#13480=EDGE_LOOP('',(#13470,#13410,#13330,#13240,#13160,#13080,#13000,
#12920,#12840,#12760,#12680,#12600));
#13490=FACE_OUTER_BOUND('',#13480,.T.);
#13500=ADVANCED_FACE('',(#13490),#12500,.F.);
#13510=CARTESIAN_POINT('',(-2.27048958896017,1.31533900000001,
-4.45500000000001));
#13520=DIRECTION('',(1.,1.22460635382238E-16,4.89842541528951E-16));
#13530=DIRECTION('',(1.22460635382238E-16,-1.,7.34763812293426E-16));
#13540=AXIS2_PLACEMENT_3D('',#13510,#13520,#13530);
#13550=PLANE('',#13540);
#13560=ORIENTED_EDGE('',*,*,#4380,.F.);
#13570=CARTESIAN_POINT('',(-2.27048958896017,0.125490534175955,
-4.45500000000001));
#13580=DIRECTION('',(-1.22460635382238E-16,1.,-4.89842541528951E-16));
#13590=VECTOR('',#13580,1.);
#13600=LINE('',#13570,#13590);
#13610=CARTESIAN_POINT('',(-2.27048958896017,1.33533900000001,
-4.45500000000002));
#13620=VERTEX_POINT('',#13610);
#13630=EDGE_CURVE('',#4270,#13620,#13600,.T.);
#13640=ORIENTED_EDGE('',*,*,#13630,.F.);
#13650=CARTESIAN_POINT('',(-2.27048958896017,1.33533900000001,
-4.66000000000001));
#13660=DIRECTION('',(4.89842541528951E-16,-7.34763812293426E-16,-1.));
#13670=VECTOR('',#13660,1.);
#13680=LINE('',#13650,#13670);
#13690=CARTESIAN_POINT('',(-2.27048958896017,1.33533900000001,
-4.60500000000001));
#13700=VERTEX_POINT('',#13690);
#13710=EDGE_CURVE('',#13620,#13700,#13680,.T.);
#13720=ORIENTED_EDGE('',*,*,#13710,.F.);
#13730=CARTESIAN_POINT('',(-2.27048958896017,0.125490534175955,
-4.60500000000001));
#13740=DIRECTION('',(1.22460635382238E-16,-1.,4.89842541528951E-16));
#13750=VECTOR('',#13740,1.);
#13760=LINE('',#13730,#13750);
#13770=EDGE_CURVE('',#13700,#4370,#13760,.T.);
#13780=ORIENTED_EDGE('',*,*,#13770,.F.);
#13790=EDGE_LOOP('',(#13780,#13720,#13640,#13560));
#13800=FACE_OUTER_BOUND('',#13790,.T.);
#13810=ADVANCED_FACE('',(#13800),#13550,.T.);
#13820=CARTESIAN_POINT('',(-4.25048958896017,1.31533900000002,
-0.205000000000016));
#13830=DIRECTION('',(-1.,-1.22460635382238E-16,-2.44921270764475E-16));
#13840=DIRECTION('',(1.22460635382238E-16,-1.,7.34763812293427E-16));
#13850=AXIS2_PLACEMENT_3D('',#13820,#13830,#13840);
#13860=PLANE('',#13850);
#13870=ORIENTED_EDGE('',*,*,#3300,.F.);
#13880=CARTESIAN_POINT('',(-4.25048958896017,0.125490534175963,
-0.205000000000013));
#13890=DIRECTION('',(-1.22460635382237E-16,1.,-9.79685083057902E-16));
#13900=VECTOR('',#13890,1.);
#13910=LINE('',#13880,#13900);
#13920=CARTESIAN_POINT('',(-4.25048958896017,1.33533900000002,
-0.205000000000014));
#13930=VERTEX_POINT('',#13920);
#13940=EDGE_CURVE('',#3190,#13930,#13910,.T.);
#13950=ORIENTED_EDGE('',*,*,#13940,.F.);
#13960=CARTESIAN_POINT('',(-4.25048958896017,1.33533900000002,
-1.53961252099303E-14));
#13970=DIRECTION('',(-2.44921270764476E-16,7.34763812293426E-16,1.));
#13980=VECTOR('',#13970,1.);
#13990=LINE('',#13960,#13980);
#14000=CARTESIAN_POINT('',(-4.25048958896017,1.33533900000002,
-0.0550000000000156));
#14010=VERTEX_POINT('',#14000);
#14020=EDGE_CURVE('',#13930,#14010,#13990,.T.);
#14030=ORIENTED_EDGE('',*,*,#14020,.F.);
#14040=CARTESIAN_POINT('',(-4.25048958896017,0.125490534175963,
-0.0550000000000144));
#14050=DIRECTION('',(1.22460635382237E-16,-1.,9.79685083057902E-16));
#14060=VECTOR('',#14050,1.);
#14070=LINE('',#14040,#14060);
#14080=EDGE_CURVE('',#14010,#3290,#14070,.T.);
#14090=ORIENTED_EDGE('',*,*,#14080,.F.);
#14100=EDGE_LOOP('',(#14090,#14030,#13950,#13870));
#14110=FACE_OUTER_BOUND('',#14100,.T.);
#14120=ADVANCED_FACE('',(#14110),#13860,.T.);
#14130=CARTESIAN_POINT('',(-2.73048958896012,1.15533899999993,
0.140000000000065));
#14140=DIRECTION('',(1.,4.68706735088986E-15,4.89842541528948E-16));
#14150=DIRECTION('',(4.68706735088986E-15,-1.,7.34763812293428E-16));
#14160=AXIS2_PLACEMENT_3D('',#14130,#14140,#14150);
#14170=PLANE('',#14160);
#14180=CARTESIAN_POINT('',(-2.73048958896012,1.15533899999991,0.));
#14190=DIRECTION('',(4.89842541528977E-16,-6.34438317570668E-15,-1.));
#14200=VECTOR('',#14190,1.);
#14210=LINE('',#14180,#14200);
#14220=CARTESIAN_POINT('',(-2.73048958896012,1.15533899999993,
-1.40500000000001));
#14230=VERTEX_POINT('',#14220);
#14240=CARTESIAN_POINT('',(-2.73048958896012,1.1553389999999,
-1.65500000000001));
#14250=VERTEX_POINT('',#14240);
#14260=EDGE_CURVE('',#14230,#14250,#14210,.T.);
#14270=ORIENTED_EDGE('',*,*,#14260,.T.);
#14280=CARTESIAN_POINT('',(-2.73048958896012,0.,-1.40500000000001));
#14290=DIRECTION('',(-4.68706735088986E-15,1.,-4.89842541528952E-16));
#14300=VECTOR('',#14290,1.);
#14310=LINE('',#14280,#14300);
#14320=CARTESIAN_POINT('',(-2.73048958896013,1.32533899999994,
-1.40500000000001));
#14330=VERTEX_POINT('',#14320);
#14340=EDGE_CURVE('',#14230,#14330,#14310,.T.);
#14350=ORIENTED_EDGE('',*,*,#14340,.F.);
#14360=CARTESIAN_POINT('',(-2.73048958896013,1.32533899999994,
0.140000000000065));
#14370=DIRECTION('',(4.89842541528951E-16,-7.34763812293426E-16,-1.));
#14380=VECTOR('',#14370,1.);
#14390=LINE('',#14360,#14380);
#14400=CARTESIAN_POINT('',(-2.73048958896013,1.32533899999994,
-1.65500000000001));
#14410=VERTEX_POINT('',#14400);
#14420=EDGE_CURVE('',#14330,#14410,#14390,.T.);
#14430=ORIENTED_EDGE('',*,*,#14420,.F.);
#14440=CARTESIAN_POINT('',(-2.73048958896012,0.,-1.65500000000001));
#14450=DIRECTION('',(4.68706735088986E-15,-1.,4.89842541528971E-16));
#14460=VECTOR('',#14450,1.);
#14470=LINE('',#14440,#14460);
#14480=EDGE_CURVE('',#14410,#14250,#14470,.T.);
#14490=ORIENTED_EDGE('',*,*,#14480,.F.);
#14500=EDGE_LOOP('',(#14490,#14430,#14350,#14270));
#14510=FACE_OUTER_BOUND('',#14500,.T.);
#14520=ADVANCED_FACE('',(#14510),#14170,.T.);
#14530=CARTESIAN_POINT('',(-2.6493533754374,1.325339,0.540000000000005))
;
#14540=DIRECTION('',(0.581238193719096,0.813733471206735,
8.54145582135175E-17));
#14550=DIRECTION('',(-0.813733471206735,0.581238193719096,
-5.40958868685612E-16));
#14560=AXIS2_PLACEMENT_3D('',#14530,#14540,#14550);
#14570=CYLINDRICAL_SURFACE('',#14560,0.02);
#14580=CARTESIAN_POINT('',(-2.63307870601327,1.31371423612562,
0.540000000000005));
#14590=DIRECTION('',(0.581238193719096,0.813733471206735,
8.54145582135175E-17));
#14600=VECTOR('',#14590,1.);
#14610=LINE('',#14580,#14600);
#14620=CARTESIAN_POINT('',(-2.84553381016439,1.01627709031405,
0.540000000000005));
#14630=VERTEX_POINT('',#14620);
#14640=CARTESIAN_POINT('',(-2.83048958896013,1.03733900000001,
0.540000000000005));
#14650=VERTEX_POINT('',#14640);
#14660=EDGE_CURVE('',#14630,#14650,#14610,.T.);
#14670=ORIENTED_EDGE('',*,*,#14660,.T.);
#14680=CARTESIAN_POINT('',(-2.86180847958853,1.02790185418843,
0.540000000000004));
#14690=DIRECTION('',(-0.581238193719096,-0.813733471206735,
-8.54145582135175E-17));
#14700=DIRECTION('',(0.813733471206735,-0.581238193719096,
5.40958868685612E-16));
#14710=AXIS2_PLACEMENT_3D('',#14680,#14690,#14700);
#14720=CIRCLE('',#14710,0.02);
#14730=CARTESIAN_POINT('',(-2.86180847958853,1.02790185418843,
0.560000000000004));
#14740=VERTEX_POINT('',#14730);
#14750=EDGE_CURVE('',#14630,#14740,#14720,.T.);
#14760=ORIENTED_EDGE('',*,*,#14750,.F.);
#14770=CARTESIAN_POINT('',(-2.6493533754374,1.325339,0.560000000000005))
;
#14780=DIRECTION('',(0.581238193719096,0.813733471206735,
8.54145582135175E-17));
#14790=VECTOR('',#14780,1.);
#14800=LINE('',#14770,#14790);
#14810=EDGE_CURVE('',#14740,#6400,#14800,.T.);
#14820=ORIENTED_EDGE('',*,*,#14810,.F.);
#14830=CARTESIAN_POINT('',(-2.6493533754374,1.325339,0.560000000000005))
;
#14840=DIRECTION('',(0.581238193719096,0.813733471206735,
8.54145582135175E-17));
#14850=VECTOR('',#14840,1.);
#14860=LINE('',#14830,#14850);
#14870=CARTESIAN_POINT('',(-2.83607758482394,1.06392510685885,
0.560000000000004));
#14880=VERTEX_POINT('',#14870);
#14890=EDGE_CURVE('',#6400,#14880,#14860,.T.);
#14900=ORIENTED_EDGE('',*,*,#14890,.F.);
#14910=CARTESIAN_POINT('',(-2.83607758482394,1.06392510685885,
0.540000000000004));
#14920=DIRECTION('',(-0.581238193719096,-0.813733471206735,
-8.54145582135175E-17));
#14930=DIRECTION('',(0.813733471206735,-0.581238193719096,
5.40958868685612E-16));
#14940=AXIS2_PLACEMENT_3D('',#14910,#14920,#14930);
#14950=CIRCLE('',#14940,0.02);
#14960=CARTESIAN_POINT('',(-2.83048958896025,1.05993368124236,
0.558784110939736));
#14970=VERTEX_POINT('',#14960);
#14980=EDGE_CURVE('',#14970,#14880,#14950,.T.);
#14990=ORIENTED_EDGE('',*,*,#14980,.T.);
#15000=CARTESIAN_POINT('',(-2.83048958896013,1.07174830106818,
0.540000000000005));
#15010=DIRECTION('',(1.,9.53209544576146E-32,4.89842541528951E-16));
#15020=DIRECTION('',(-2.46519032881567E-32,-1.,2.44921270764476E-16));
#15030=AXIS2_PLACEMENT_3D('',#15000,#15010,#15020);
#15040=ELLIPSE('',#15030,0.0344093010681705,0.02);
#15050=EDGE_CURVE('',#14970,#14650,#15040,.T.);
#15060=ORIENTED_EDGE('',*,*,#15050,.F.);
#15070=EDGE_LOOP('',(#15060,#14990,#14900,#14820,#14760,#14670));
#15080=FACE_OUTER_BOUND('',#15070,.T.);
#15090=ADVANCED_FACE('',(#15080),#14570,.T.);
#15100=CARTESIAN_POINT('',(-3.890553254445,1.15892796238871,-0.27));
#15110=DIRECTION('',(0.0478051859951555,0.998856678503963,
-7.1050672722619E-16));
#15120=DIRECTION('',(-9.78705480155711E-16,7.58160746218114E-16,1.));
#15130=AXIS2_PLACEMENT_3D('',#15100,#15110,#15120);
#15140=PLANE('',#15130);
#15150=CARTESIAN_POINT('',(0.,0.972726452246767,-0.205000000000001));
#15160=DIRECTION('',(0.998856678503963,-0.0478051859951555,
-2.42861286636753E-16));
#15170=VECTOR('',#15160,1.);
#15180=LINE('',#15150,#15170);
#15190=CARTESIAN_POINT('',(-3.97048958896014,1.16275370778492,-0.205));
#15200=VERTEX_POINT('',#15190);
#15210=CARTESIAN_POINT('',(-3.97046178872531,1.16275237726832,-0.205));
#15220=VERTEX_POINT('',#15210);
#15230=EDGE_CURVE('',#15200,#15220,#15180,.T.);
#15240=ORIENTED_EDGE('',*,*,#15230,.T.);
#15250=CARTESIAN_POINT('',(-3.97048958896014,1.16275370778493,0.));
#15260=DIRECTION('',(1.46952762458685E-15,-7.81651447546972E-16,-1.));
#15270=VECTOR('',#15260,1.);
#15280=LINE('',#15250,#15270);
#15290=CARTESIAN_POINT('',(-3.97048958896014,1.16275370778493,
-0.0549999999999983));
#15300=VERTEX_POINT('',#15290);
#15310=EDGE_CURVE('',#15300,#15200,#15280,.T.);
#15320=ORIENTED_EDGE('',*,*,#15310,.T.);
#15330=CARTESIAN_POINT('',(0.,0.972726452246768,-0.0549999999999993));
#15340=DIRECTION('',(0.998856678503963,-0.0478051859951555,
-2.42861286636753E-16));
#15350=VECTOR('',#15340,1.);
#15360=LINE('',#15330,#15350);
#15370=CARTESIAN_POINT('',(-3.97046178872531,1.16275237726832,
-0.0549999999999983));
#15380=VERTEX_POINT('',#15370);
#15390=EDGE_CURVE('',#15300,#15380,#15360,.T.);
#15400=ORIENTED_EDGE('',*,*,#15390,.F.);
#15410=CARTESIAN_POINT('',(-3.97046178872531,1.16275237726832,0.));
#15420=DIRECTION('',(-4.89842541528951E-16,7.34763812293426E-16,1.));
#15430=VECTOR('',#15420,1.);
#15440=LINE('',#15410,#15430);
#15450=EDGE_CURVE('',#15220,#15380,#15440,.T.);
#15460=ORIENTED_EDGE('',*,*,#15450,.T.);
#15470=EDGE_LOOP('',(#15460,#15400,#15320,#15240));
#15480=FACE_OUTER_BOUND('',#15470,.T.);
#15490=ADVANCED_FACE('',(#15480),#15140,.F.);
#15500=CARTESIAN_POINT('',(-3.17048958896024,0.955339,0.335));
#15510=DIRECTION('',(-0.707106781186548,-0.707106781186548,
3.46370982828774E-16));
#15520=DIRECTION('',(-0.707106781186548,0.707106781186548,
-2.46519032881566E-32));
#15530=AXIS2_PLACEMENT_3D('',#15500,#15510,#15520);
#15540=PLANE('',#15530);
#15550=ORIENTED_EDGE('',*,*,#11010,.T.);
#15560=CARTESIAN_POINT('',(-3.19048958896022,0.975338999999983,0.));
#15570=DIRECTION('',(4.89842541528961E-16,-9.79685083057912E-16,-1.));
#15580=VECTOR('',#15570,1.);
#15590=LINE('',#15560,#15580);
#15600=CARTESIAN_POINT('',(-3.19048958896019,0.975339,0.480000000000002)
);
#15610=VERTEX_POINT('',#15600);
#15620=EDGE_CURVE('',#15610,#10920,#15590,.T.);
#15630=ORIENTED_EDGE('',*,*,#15620,.T.);
#15640=CARTESIAN_POINT('',(-2.21515058896024,0.,0.480000000000001));
#15650=DIRECTION('',(0.707106781186548,-0.707106781186548,
-3.88578058618805E-16));
#15660=VECTOR('',#15650,1.);
#15670=LINE('',#15640,#15660);
#15680=CARTESIAN_POINT('',(-3.15048958896024,0.935339000000001,
0.480000000000002));
#15690=VERTEX_POINT('',#15680);
#15700=EDGE_CURVE('',#15610,#15690,#15670,.T.);
#15710=ORIENTED_EDGE('',*,*,#15700,.F.);
#15720=CARTESIAN_POINT('',(-3.15048958896014,0.935339,0.));
#15730=DIRECTION('',(2.44921270764476E-16,2.44921270764476E-16,1.));
#15740=VECTOR('',#15730,1.);
#15750=LINE('',#15720,#15740);
#15760=EDGE_CURVE('',#11000,#15690,#15750,.T.);
#15770=ORIENTED_EDGE('',*,*,#15760,.T.);
#15780=EDGE_LOOP('',(#15770,#15710,#15630,#15550));
#15790=FACE_OUTER_BOUND('',#15780,.T.);
#15800=ADVANCED_FACE('',(#15790),#15540,.T.);
#15810=CARTESIAN_POINT('',(-2.55048958896015,1.30533899999994,0.355));
#15820=DIRECTION('',(-1.,-1.22460635382238E-16,2.44921270764475E-16));
#15830=DIRECTION('',(2.44921270764475E-16,-8.62796984329836E-33,1.));
#15840=AXIS2_PLACEMENT_3D('',#15810,#15820,#15830);
#15850=PLANE('',#15840);
#15860=CARTESIAN_POINT('',(-2.55048958896015,0.,-0.0549999999999979));
#15870=DIRECTION('',(1.22460635382238E-16,-1.,2.46519032881566E-32));
#15880=VECTOR('',#15870,1.);
#15890=LINE('',#15860,#15880);
#15900=CARTESIAN_POINT('',(-2.55048958896015,1.255339,
-0.0550000000000159));
#15910=VERTEX_POINT('',#15900);
#15920=EDGE_CURVE('',#15910,#10370,#15890,.T.);
#15930=ORIENTED_EDGE('',*,*,#15920,.T.);
#15940=CARTESIAN_POINT('',(-2.55048958896015,1.25533900000001,0.));
#15950=DIRECTION('',(2.44921270764475E-16,4.89842541528951E-16,1.));
#15960=VECTOR('',#15950,1.);
#15970=LINE('',#15940,#15960);
#15980=EDGE_CURVE('',#6740,#15910,#15970,.T.);
#15990=ORIENTED_EDGE('',*,*,#15980,.T.);
#16000=ORIENTED_EDGE('',*,*,#7530,.F.);
#16010=ORIENTED_EDGE('',*,*,#10440,.T.);
#16020=EDGE_LOOP('',(#16010,#16000,#15990,#15930));
#16030=FACE_OUTER_BOUND('',#16020,.T.);
#16040=ADVANCED_FACE('',(#16030),#15850,.F.);
#16050=CARTESIAN_POINT('',(-4.30048958896017,1.33533900000002,
-4.45500000000002));
#16060=DIRECTION('',(-1.22460635382238E-16,1.,-7.34763812293426E-16));
#16070=DIRECTION('',(-2.44921270764476E-16,7.34763812293426E-16,1.));
#16080=AXIS2_PLACEMENT_3D('',#16050,#16060,#16070);
#16090=PLANE('',#16080);
#16100=CARTESIAN_POINT('',(-2.78950032537759,1.33533900000002,
-4.45500000000002));
#16110=DIRECTION('',(-1.,-1.22460635382238E-16,1.06826222965723E-32));
#16120=VECTOR('',#16110,1.);
#16130=LINE('',#16100,#16120);
#16140=CARTESIAN_POINT('',(-3.82048958896017,1.33533900000002,
-4.45500000000002));
#16150=VERTEX_POINT('',#16140);
#16160=CARTESIAN_POINT('',(-4.25048958896017,1.33533900000002,
-4.45500000000002));
#16170=VERTEX_POINT('',#16160);
#16180=EDGE_CURVE('',#16150,#16170,#16130,.T.);
#16190=ORIENTED_EDGE('',*,*,#16180,.F.);
#16200=CARTESIAN_POINT('',(-4.25048958896017,1.33533900000002,
-4.40000000000002));
#16210=DIRECTION('',(-2.44921270764476E-16,7.34763812293426E-16,1.));
#16220=VECTOR('',#16210,1.);
#16230=LINE('',#16200,#16220);
#16240=CARTESIAN_POINT('',(-4.25048958896017,1.33533900000002,
-4.60500000000001));
#16250=VERTEX_POINT('',#16240);
#16260=EDGE_CURVE('',#16250,#16170,#16230,.T.);
#16270=ORIENTED_EDGE('',*,*,#16260,.T.);
#16280=CARTESIAN_POINT('',(-2.78950032537759,1.33533900000002,
-4.60500000000001));
#16290=DIRECTION('',(1.,1.22460635382238E-16,-9.86076131526266E-32));
#16300=VECTOR('',#16290,1.);
#16310=LINE('',#16280,#16300);
#16320=CARTESIAN_POINT('',(-3.82048958896017,1.33533900000002,
-4.60500000000001));
#16330=VERTEX_POINT('',#16320);
#16340=EDGE_CURVE('',#16250,#16330,#16310,.T.);
#16350=ORIENTED_EDGE('',*,*,#16340,.F.);
#16360=CARTESIAN_POINT('',(-3.82048958896017,1.33533900000002,
-4.40000000000002));
#16370=DIRECTION('',(2.99932144364427E-32,7.34763812293426E-16,1.));
#16380=VECTOR('',#16370,1.);
#16390=LINE('',#16360,#16380);
#16400=EDGE_CURVE('',#16330,#16150,#16390,.T.);
#16410=ORIENTED_EDGE('',*,*,#16400,.F.);
#16420=EDGE_LOOP('',(#16410,#16350,#16270,#16190));
#16430=FACE_OUTER_BOUND('',#16420,.T.);
#16440=ADVANCED_FACE('',(#16430),#16090,.T.);
#16450=CARTESIAN_POINT('',(-3.15048958896024,0.769909982365053,
0.428202113840436));
#16460=DIRECTION('',(-1.,4.93038065763132E-32,2.44921270764475E-16));
#16470=DIRECTION('',(4.93038065763132E-32,1.,-1.06826222965723E-32));
#16480=AXIS2_PLACEMENT_3D('',#16450,#16460,#16470);
#16490=PLANE('',#16480);
#16500=ORIENTED_EDGE('',*,*,#9190,.T.);
#16510=ORIENTED_EDGE('',*,*,#11070,.T.);
#16520=ORIENTED_EDGE('',*,*,#15760,.F.);
#16530=CARTESIAN_POINT('',(-3.15048958896024,0.,0.480000000000002));
#16540=DIRECTION('',(0.,-1.,2.44921270764476E-16));
#16550=VECTOR('',#16540,1.);
#16560=LINE('',#16530,#16550);
#16570=CARTESIAN_POINT('',(-3.15048958896024,0.975339,0.480000000000002)
);
#16580=VERTEX_POINT('',#16570);
#16590=EDGE_CURVE('',#16580,#15690,#16560,.T.);
#16600=ORIENTED_EDGE('',*,*,#16590,.T.);
#16610=CARTESIAN_POINT('',(-3.15048958896024,0.975339,0.));
#16620=DIRECTION('',(-2.44921270764476E-16,-7.34763812293426E-16,-1.));
#16630=VECTOR('',#16620,1.);
#16640=LINE('',#16610,#16630);
#16650=EDGE_CURVE('',#9740,#16580,#16640,.T.);
#16660=ORIENTED_EDGE('',*,*,#16650,.T.);
#16670=ORIENTED_EDGE('',*,*,#9750,.T.);
#16680=CARTESIAN_POINT('',(-3.15048958896014,0.740339000000001,0.475));
#16690=DIRECTION('',(-1.,4.93038065763132E-32,2.44921270764475E-16));
#16700=DIRECTION('',(4.93038065763132E-32,1.,-2.99932144364428E-32));
#16710=AXIS2_PLACEMENT_3D('',#16680,#16690,#16700);
#16720=CIRCLE('',#16710,0.165);
#16730=EDGE_CURVE('',#8000,#9660,#16720,.T.);
#16740=ORIENTED_EDGE('',*,*,#16730,.T.);
#16750=ORIENTED_EDGE('',*,*,#8170,.F.);
#16760=EDGE_LOOP('',(#16750,#16740,#16670,#16660,#16600,#16520,#16510,
#16500));
#16770=FACE_OUTER_BOUND('',#16760,.T.);
#16780=ADVANCED_FACE('',(#16770),#16490,.T.);
#16790=CARTESIAN_POINT('',(-2.74381697006451,0.740339000000001,
0.256672618895759));
#16800=DIRECTION('',(0.707106781186547,1.31746933529116E-13,
-0.707106781186548));
#16810=DIRECTION('',(-0.707106781186548,-1.73185491414387E-16,
-0.707106781186547));
#16820=AXIS2_PLACEMENT_3D('',#16790,#16800,#16810);
#16830=CYLINDRICAL_SURFACE('',#16820,0.165);
#16840=ORIENTED_EDGE('',*,*,#8750,.T.);
#16850=ORIENTED_EDGE('',*,*,#9280,.F.);
#16860=ORIENTED_EDGE('',*,*,#520,.F.);
#16870=CARTESIAN_POINT('',(-2.6954895889601,0.740338999999985,
0.208345237791347));
#16880=DIRECTION('',(0.38268343236509,7.1300926632178E-14,
-0.923879532511287));
#16890=DIRECTION('',(0.923879532511287,1.72135664085173E-13,
0.38268343236509));
#16900=AXIS2_PLACEMENT_3D('',#16870,#16880,#16890);
#16910=ELLIPSE('',#16900,0.178594713048245,0.165);
#16920=EDGE_CURVE('',#450,#8740,#16910,.T.);
#16930=ORIENTED_EDGE('',*,*,#16920,.F.);
#16940=EDGE_LOOP('',(#16930,#16860,#16850,#16840));
#16950=FACE_OUTER_BOUND('',#16940,.T.);
#16960=ADVANCED_FACE('',(#16950),#16830,.T.);
#16970=CARTESIAN_POINT('',(-3.03048958896024,0.975339,0.490000000000001)
);
#16980=DIRECTION('',(-3.41915292168792E-32,-1.,2.44921270764476E-16));
#16990=DIRECTION('',(-1.,-9.86076131526266E-32,-5.42211552124477E-16));
#17000=AXIS2_PLACEMENT_3D('',#16970,#16980,#16990);
#17010=PLANE('',#17000);
#17020=ORIENTED_EDGE('',*,*,#10930,.T.);
#17030=CARTESIAN_POINT('',(-3.33048958896007,0.975338999999983,
-8.97090662057366E-17));
#17040=DIRECTION('',(7.34763812293418E-16,-9.79685083057912E-16,-1.));
#17050=VECTOR('',#17040,1.);
#17060=LINE('',#17030,#17050);
#17070=CARTESIAN_POINT('',(-3.3304895889601,0.975339,0.480000000000002))
;
#17080=VERTEX_POINT('',#17070);
#17090=EDGE_CURVE('',#17080,#10840,#17060,.T.);
#17100=ORIENTED_EDGE('',*,*,#17090,.T.);
#17110=CARTESIAN_POINT('',(0.,0.975339000000001,0.479999999999999));
#17120=DIRECTION('',(-1.,-1.22460635382237E-16,7.34763812293427E-16));
#17130=VECTOR('',#17120,1.);
#17140=LINE('',#17110,#17130);
#17150=EDGE_CURVE('',#15610,#17080,#17140,.T.);
#17160=ORIENTED_EDGE('',*,*,#17150,.T.);
#17170=ORIENTED_EDGE('',*,*,#15620,.F.);
#17180=EDGE_LOOP('',(#17170,#17160,#17100,#17020));
#17190=FACE_OUTER_BOUND('',#17180,.T.);
#17200=ADVANCED_FACE('',(#17190),#17010,.T.);
#17210=CARTESIAN_POINT('',(-2.27048958896017,1.31533900000001,
-0.0550000000000139));
#17220=DIRECTION('',(1.,1.22460635382238E-16,4.89842541528951E-16));
#17230=DIRECTION('',(1.22460635382238E-16,-1.,7.34763812293426E-16));
#17240=AXIS2_PLACEMENT_3D('',#17210,#17220,#17230);
#17250=PLANE('',#17240);
#17260=CARTESIAN_POINT('',(-2.27048958896017,1.25533900000001,
-0.260000000000014));
#17270=DIRECTION('',(-4.89842541528951E-16,4.89842541528951E-16,1.));
#17280=VECTOR('',#17270,1.);
#17290=LINE('',#17260,#17280);
#17300=CARTESIAN_POINT('',(-2.27048958896017,1.25533900000001,
-0.0550000000000158));
#17310=VERTEX_POINT('',#17300);
#17320=EDGE_CURVE('',#6720,#17310,#17290,.T.);
#17330=ORIENTED_EDGE('',*,*,#17320,.F.);
#17340=CARTESIAN_POINT('',(-2.27048958896017,0.125490534175958,
-0.0550000000000152));
#17350=DIRECTION('',(-1.22460635382238E-16,1.,-4.89842541528951E-16));
#17360=VECTOR('',#17350,1.);
#17370=LINE('',#17340,#17360);
#17380=CARTESIAN_POINT('',(-2.27048958896017,1.33533900000001,
-0.0550000000000158));
#17390=VERTEX_POINT('',#17380);
#17400=EDGE_CURVE('',#17310,#17390,#17370,.T.);
#17410=ORIENTED_EDGE('',*,*,#17400,.F.);
#17420=CARTESIAN_POINT('',(-2.27048958896017,1.33533900000001,
-0.260000000000014));
#17430=DIRECTION('',(4.89842541528951E-16,-7.34763812293426E-16,-1.));
#17440=VECTOR('',#17430,1.);
#17450=LINE('',#17420,#17440);
#17460=EDGE_CURVE('',#17390,#6820,#17450,.T.);
#17470=ORIENTED_EDGE('',*,*,#17460,.F.);
#17480=ORIENTED_EDGE('',*,*,#6830,.F.);
#17490=EDGE_LOOP('',(#17480,#17470,#17410,#17330));
#17500=FACE_OUTER_BOUND('',#17490,.T.);
#17510=ADVANCED_FACE('',(#17500),#17250,.T.);
#17520=CARTESIAN_POINT('',(-3.10048958896014,1.335339,0.560000000000008)
);
#17530=DIRECTION('',(1.,4.45610865388246E-32,3.09431300027363E-16));
#17540=DIRECTION('',(-3.09431300027363E-16,2.44921270764476E-16,1.));
#17550=AXIS2_PLACEMENT_3D('',#17520,#17530,#17540);
#17560=PLANE('',#17550);
#17570=ORIENTED_EDGE('',*,*,#7840,.T.);
#17580=CARTESIAN_POINT('',(-3.10048958896014,1.305339,0.560000000000004)
);
#17590=DIRECTION('',(-3.12252206781809E-32,-1.,2.44921270764476E-16));
#17600=VECTOR('',#17590,1.);
#17610=LINE('',#17580,#17600);
#17620=EDGE_CURVE('',#7770,#780,#17610,.T.);
#17630=ORIENTED_EDGE('',*,*,#17620,.F.);
#17640=ORIENTED_EDGE('',*,*,#790,.F.);
#17650=ORIENTED_EDGE('',*,*,#4090,.F.);
#17660=EDGE_LOOP('',(#17650,#17640,#17630,#17570));
#17670=FACE_OUTER_BOUND('',#17660,.T.);
#17680=ADVANCED_FACE('',(#17670),#17560,.F.);
#17690=CARTESIAN_POINT('',(-3.15048958896014,0.740339000000001,0.475));
#17700=DIRECTION('',(-1.,4.93038065763132E-32,2.44921270764475E-16));
#17710=DIRECTION('',(4.93038065763132E-32,1.,-2.99932144364428E-32));
#17720=AXIS2_PLACEMENT_3D('',#17690,#17700,#17710);
#17730=CYLINDRICAL_SURFACE('',#17720,0.165);
#17740=ORIENTED_EDGE('',*,*,#9670,.F.);
#17750=ORIENTED_EDGE('',*,*,#5670,.T.);
#17760=ORIENTED_EDGE('',*,*,#300,.F.);
#17770=ORIENTED_EDGE('',*,*,#8010,.F.);
#17780=ORIENTED_EDGE('',*,*,#16730,.F.);
#17790=EDGE_LOOP('',(#17780,#17770,#17760,#17750,#17740));
#17800=FACE_OUTER_BOUND('',#17790,.T.);
#17810=ADVANCED_FACE('',(#17800),#17730,.T.);
#17820=CARTESIAN_POINT('',(-2.78048958896017,1.09533900000001,
-1.25500000000002));
#17830=DIRECTION('',(-2.44921270764476E-16,4.89842541528951E-16,1.));
#17840=DIRECTION('',(-1.,-1.3621703770748E-15,-2.44921270764475E-16));
#17850=AXIS2_PLACEMENT_3D('',#17820,#17830,#17840);
#17860=PLANE('',#17850);
#17870=CARTESIAN_POINT('',(-2.27048958896017,0.125490534175957,
-1.25500000000002));
#17880=DIRECTION('',(-1.22460635382238E-16,1.,-4.89842541528951E-16));
#17890=VECTOR('',#17880,1.);
#17900=LINE('',#17870,#17890);
#17910=CARTESIAN_POINT('',(-2.27048958896017,1.25533900000001,
-1.25500000000002));
#17920=VERTEX_POINT('',#17910);
#17930=CARTESIAN_POINT('',(-2.27048958896017,1.33533900000001,
-1.25500000000002));
#17940=VERTEX_POINT('',#17930);
#17950=EDGE_CURVE('',#17920,#17940,#17900,.T.);
#17960=ORIENTED_EDGE('',*,*,#17950,.T.);
#17970=CARTESIAN_POINT('',(-3.73147885254274,1.25533900000001,
-1.25500000000002));
#17980=DIRECTION('',(-1.,-1.22460635382238E-16,-2.44921270764476E-16));
#17990=VECTOR('',#17980,1.);
#18000=LINE('',#17970,#17990);
#18010=CARTESIAN_POINT('',(-2.55048958896018,1.25533900000001,
-1.25500000000002));
#18020=VERTEX_POINT('',#18010);
#18030=EDGE_CURVE('',#17920,#18020,#18000,.T.);
#18040=ORIENTED_EDGE('',*,*,#18030,.F.);
#18050=CARTESIAN_POINT('',(-2.55048958896018,0.765930490838866,
-1.25500000000002));
#18060=DIRECTION('',(-1.67677286985746E-15,1.,-4.89842541528953E-16));
#18070=VECTOR('',#18060,1.);
#18080=LINE('',#18050,#18070);
#18090=CARTESIAN_POINT('',(-2.55048958896018,1.16275370778496,
-1.25500000000002));
#18100=VERTEX_POINT('',#18090);
#18110=EDGE_CURVE('',#18100,#18020,#18080,.T.);
#18120=ORIENTED_EDGE('',*,*,#18110,.T.);
#18130=CARTESIAN_POINT('',(-2.80619597048117,1.15051562459262,
-1.25500000000002));
#18140=DIRECTION('',(0.998856678503963,0.0478051859951587,
6.07071179419843E-15));
#18150=VECTOR('',#18140,1.);
#18160=LINE('',#18130,#18150);
#18170=CARTESIAN_POINT('',(-2.550517389195,1.16275237726833,
-1.25500000000002));
#18180=VERTEX_POINT('',#18170);
#18190=EDGE_CURVE('',#18180,#18100,#18160,.T.);
#18200=ORIENTED_EDGE('',*,*,#18190,.T.);
#18210=CARTESIAN_POINT('',(0.,1.28481989786296,-1.25500000000002));
#18220=DIRECTION('',(-0.998856678503962,-0.0478051859951633,
-2.22044604925031E-16));
#18230=VECTOR('',#18220,1.);
#18240=LINE('',#18210,#18230);
#18250=CARTESIAN_POINT('',(-2.63042592347529,1.15892796238875,
-1.25500000000002));
#18260=VERTEX_POINT('',#18250);
#18270=EDGE_CURVE('',#18180,#18260,#18240,.T.);
#18280=ORIENTED_EDGE('',*,*,#18270,.F.);
#18290=CARTESIAN_POINT('',(-2.57495974099957,0.,-1.25500000000002));
#18300=DIRECTION('',(0.0478051859951633,-0.998856678503962,
4.9960036108132E-16));
#18310=VECTOR('',#18300,1.);
#18320=LINE('',#18290,#18310);
#18330=CARTESIAN_POINT('',(-2.62786116081276,1.10533900000005,
-1.25500000000002));
#18340=VERTEX_POINT('',#18330);
#18350=EDGE_CURVE('',#18260,#18340,#18320,.T.);
#18360=ORIENTED_EDGE('',*,*,#18350,.F.);
#18370=CARTESIAN_POINT('',(0.,1.10533900000005,-1.25500000000002));
#18380=DIRECTION('',(-1.,9.46986586518801E-16,-2.44921270764476E-16));
#18390=VECTOR('',#18380,1.);
#18400=LINE('',#18370,#18390);
#18410=CARTESIAN_POINT('',(-2.68048958896015,1.10533899999996,
-1.25500000000002));
#18420=VERTEX_POINT('',#18410);
#18430=EDGE_CURVE('',#18340,#18420,#18400,.T.);
#18440=ORIENTED_EDGE('',*,*,#18430,.F.);
#18450=CARTESIAN_POINT('',(0.,-1.57515058896016,-1.25500000000002));
#18460=DIRECTION('',(-0.707106781186551,0.707106781186544,
-4.71844785465692E-16));
#18470=VECTOR('',#18460,1.);
#18480=LINE('',#18450,#18470);
#18490=CARTESIAN_POINT('',(-2.73048958896012,1.1553389999999,
-1.25500000000002));
#18500=VERTEX_POINT('',#18490);
#18510=EDGE_CURVE('',#18420,#18500,#18480,.T.);
#18520=ORIENTED_EDGE('',*,*,#18510,.F.);
#18530=CARTESIAN_POINT('',(-2.73048958896012,0.,-1.25500000000002));
#18540=DIRECTION('',(-4.68706735088986E-15,1.,-4.89842541528952E-16));
#18550=VECTOR('',#18540,1.);
#18560=LINE('',#18530,#18550);
#18570=CARTESIAN_POINT('',(-2.73048958896013,1.32533899999994,
-1.25500000000002));
#18580=VERTEX_POINT('',#18570);
#18590=EDGE_CURVE('',#18500,#18580,#18560,.T.);
#18600=ORIENTED_EDGE('',*,*,#18590,.F.);
#18610=CARTESIAN_POINT('',(0.,1.32533899999994,-1.25500000000002));
#18620=DIRECTION('',(-1.,-1.63507259138096E-15,-2.44921270764475E-16));
#18630=VECTOR('',#18620,1.);
#18640=LINE('',#18610,#18630);
#18650=CARTESIAN_POINT('',(-2.75616723258866,1.32533899999994,
-1.25500000000002));
#18660=VERTEX_POINT('',#18650);
#18670=EDGE_CURVE('',#18580,#18660,#18640,.T.);
#18680=ORIENTED_EDGE('',*,*,#18670,.F.);
#18690=CARTESIAN_POINT('',(-2.70048958896017,1.17533900000001,
-1.25500000000002));
#18700=DIRECTION('',(2.44921270764476E-16,-7.34763812293426E-16,-1.));
#18710=DIRECTION('',(1.22460635382238E-16,-1.,7.34763812293426E-16));
#18720=AXIS2_PLACEMENT_3D('',#18690,#18700,#18710);
#18730=CIRCLE('',#18720,0.16);
#18740=CARTESIAN_POINT('',(-2.70048958896017,1.33533900000001,
-1.25500000000002));
#18750=VERTEX_POINT('',#18740);
#18760=EDGE_CURVE('',#18660,#18750,#18730,.T.);
#18770=ORIENTED_EDGE('',*,*,#18760,.F.);
#18780=CARTESIAN_POINT('',(-3.73147885254274,1.33533900000001,
-1.25500000000002));
#18790=DIRECTION('',(-1.,-1.22460635382238E-16,-2.44921270764476E-16));
#18800=VECTOR('',#18790,1.);
#18810=LINE('',#18780,#18800);
#18820=EDGE_CURVE('',#17940,#18750,#18810,.T.);
#18830=ORIENTED_EDGE('',*,*,#18820,.T.);
#18840=EDGE_LOOP('',(#18830,#18770,#18680,#18600,#18520,#18440,#18360,
#18280,#18200,#18120,#18040,#17960));
#18850=FACE_OUTER_BOUND('',#18840,.T.);
#18860=ADVANCED_FACE('',(#18850),#17860,.T.);
#18870=CARTESIAN_POINT('',(-2.86048958896014,1.08136225267043,
0.500000000000005));
#18880=DIRECTION('',(4.89842541528951E-16,-2.44921270764476E-16,-1.));
#18890=DIRECTION('',(-1.,0.,0.));
#18900=AXIS2_PLACEMENT_3D('',#18870,#18880,#18890);
#18910=TOROIDAL_SURFACE('',#18900,0.0300000000000002,0.02);
#18920=CARTESIAN_POINT('',(-2.86048958896014,1.08136225267043,
0.480000000000005));
#18930=DIRECTION('',(4.89842541528951E-16,-2.44921270764476E-16,-1.));
#18940=DIRECTION('',(-1.,0.,0.));
#18950=AXIS2_PLACEMENT_3D('',#18920,#18930,#18940);
#18960=CIRCLE('',#18950,0.0300000000000003);
#18970=CARTESIAN_POINT('',(-2.83048958896014,1.08136225267043,
0.480000000000005));
#18980=VERTEX_POINT('',#18970);
#18990=CARTESIAN_POINT('',(-2.83607758482394,1.06392510685885,
0.480000000000005));
#19000=VERTEX_POINT('',#18990);
#19010=EDGE_CURVE('',#18980,#19000,#18960,.T.);
#19020=ORIENTED_EDGE('',*,*,#19010,.F.);
#19030=CARTESIAN_POINT('',(-2.83607758482394,1.06392510685885,
0.500000000000005));
#19040=DIRECTION('',(-0.581238193719096,-0.813733471206735,
-8.54145582135175E-17));
#19050=DIRECTION('',(0.813733471206735,-0.581238193719096,
5.40958868685612E-16));
#19060=AXIS2_PLACEMENT_3D('',#19030,#19040,#19050);
#19070=CIRCLE('',#19060,0.02);
#19080=CARTESIAN_POINT('',(-2.83048958896025,1.05993368124236,
0.481215889060273));
#19090=VERTEX_POINT('',#19080);
#19100=EDGE_CURVE('',#19000,#19090,#19070,.T.);
#19110=ORIENTED_EDGE('',*,*,#19100,.F.);
#19120=CARTESIAN_POINT('',(-2.83048958896025,1.05993368124236,
0.481215889060273));
#19130=CARTESIAN_POINT('',(-2.83048958896025,1.06169102520739,
0.480842471987654));
#19140=CARTESIAN_POINT('',(-2.83048958896359,1.06347643151525,
0.480588379763701));
#19150=CARTESIAN_POINT('',(-2.83048958896359,1.065258405534,
0.480414146443177));
#19160=CARTESIAN_POINT('',(-2.83048958896359,1.06704019146752,
0.480239931512771));
#19170=CARTESIAN_POINT('',(-2.83048958896013,1.06882946410489,
0.480143716104403));
#19180=CARTESIAN_POINT('',(-2.83048958896013,1.07061983517418,
0.480087176801425));
#19190=CARTESIAN_POINT('',(-2.83048958896013,1.07241058070367,
0.480030625673124));
#19200=CARTESIAN_POINT('',(-2.83048958896013,1.07420102173153,
0.480013216094948));
#19210=CARTESIAN_POINT('',(-2.83048958896013,1.0759911801857,
0.480005689382724));
#19220=CARTESIAN_POINT('',(-2.83048958896013,1.07778147816903,
0.47999816208385));
#19230=CARTESIAN_POINT('',(-2.83048958896013,1.07957192804018,
0.480000000000005));
#19240=CARTESIAN_POINT('',(-2.83048958896013,1.08136225267043,
0.480000000000005));
#19250=B_SPLINE_CURVE_WITH_KNOTS('',3,(#19120,#19130,#19140,#19150,
#19160,#19170,#19180,#19190,#19200,#19210,#19220,#19230,#19240),
.UNSPECIFIED.,.F.,.F.,(4,3,3,3,4),(0.,0.00538755603486803,
0.0107599186055524,0.0161320493096387,0.0215031287637934),.UNSPECIFIED.)
;
#19260=EDGE_CURVE('',#19090,#18980,#19250,.T.);
#19270=ORIENTED_EDGE('',*,*,#19260,.F.);
#19280=EDGE_LOOP('',(#19270,#19110,#19020));
#19290=FACE_OUTER_BOUND('',#19280,.T.);
#19300=ADVANCED_FACE('',(#19290),#18910,.T.);
#19310=CARTESIAN_POINT('',(-4.30048958896017,1.33533900000002,
-0.0550000000000156));
#19320=DIRECTION('',(-1.22460635382238E-16,1.,-7.34763812293426E-16));
#19330=DIRECTION('',(-2.44921270764476E-16,7.34763812293426E-16,1.));
#19340=AXIS2_PLACEMENT_3D('',#19310,#19320,#19330);
#19350=PLANE('',#19340);
#19360=CARTESIAN_POINT('',(-2.7895003253776,1.33533900000002,
-0.0550000000000156));
#19370=DIRECTION('',(-1.,-1.22460635382238E-16,1.06826222965723E-32));
#19380=VECTOR('',#19370,1.);
#19390=LINE('',#19360,#19380);
#19400=EDGE_CURVE('',#11850,#14010,#19390,.T.);
#19410=ORIENTED_EDGE('',*,*,#19400,.F.);
#19420=ORIENTED_EDGE('',*,*,#14020,.T.);
#19430=CARTESIAN_POINT('',(-2.7895003253776,1.33533900000002,
-0.205000000000014));
#19440=DIRECTION('',(1.,1.22460635382238E-16,-9.86076131526266E-32));
#19450=VECTOR('',#19440,1.);
#19460=LINE('',#19430,#19450);
#19470=EDGE_CURVE('',#13930,#11680,#19460,.T.);
#19480=ORIENTED_EDGE('',*,*,#19470,.F.);
#19490=ORIENTED_EDGE('',*,*,#11920,.F.);
#19500=EDGE_LOOP('',(#19490,#19480,#19420,#19410));
#19510=FACE_OUTER_BOUND('',#19500,.T.);
#19520=ADVANCED_FACE('',(#19510),#19350,.T.);
#19530=CARTESIAN_POINT('',(-3.89055325444502,1.15892796238875,
-0.800000000000017));
#19540=DIRECTION('',(0.998856678503963,-0.0478051859951585,
3.4985508832348E-17));
#19550=DIRECTION('',(1.15684950262154E-17,9.73550805852666E-16,1.));
#19560=AXIS2_PLACEMENT_3D('',#19530,#19540,#19550);
#19570=PLANE('',#19560);
#19580=CARTESIAN_POINT('',(-3.94601943692069,0.,-0.605000000000013));
#19590=DIRECTION('',(-0.0478051859951539,-0.998856678503963,
9.74914593498966E-16));
#19600=VECTOR('',#19590,1.);
#19610=LINE('',#19580,#19600);
#19620=CARTESIAN_POINT('',(-3.89055325444502,1.15892796238871,
-0.605000000000015));
#19630=VERTEX_POINT('',#19620);
#19640=CARTESIAN_POINT('',(-3.89311801710755,1.10533899999996,
-0.605000000000014));
#19650=VERTEX_POINT('',#19640);
#19660=EDGE_CURVE('',#19630,#19650,#19610,.T.);
#19670=ORIENTED_EDGE('',*,*,#19660,.T.);
#19680=CARTESIAN_POINT('',(-3.89055325444502,1.15892796238871,0.));
#19690=DIRECTION('',(-9.79602902190764E-19,7.11366878368739E-16,1.));
#19700=VECTOR('',#19690,1.);
#19710=LINE('',#19680,#19700);
#19720=CARTESIAN_POINT('',(-3.89055325444502,1.15892796238871,
-0.855000000000017));
#19730=VERTEX_POINT('',#19720);
#19740=EDGE_CURVE('',#19730,#19630,#19710,.T.);
#19750=ORIENTED_EDGE('',*,*,#19740,.T.);
#19760=CARTESIAN_POINT('',(-3.94601943692069,0.,-0.855000000000015));
#19770=DIRECTION('',(-0.0478051859951539,-0.998856678503963,
9.74914593498966E-16));
#19780=VECTOR('',#19770,1.);
#19790=LINE('',#19760,#19780);
#19800=CARTESIAN_POINT('',(-3.89311801710755,1.10533899999996,
-0.855000000000017));
#19810=VERTEX_POINT('',#19800);
#19820=EDGE_CURVE('',#19730,#19810,#19790,.T.);
#19830=ORIENTED_EDGE('',*,*,#19820,.F.);
#19840=CARTESIAN_POINT('',(-3.89311801710755,1.10533899999996,0.));
#19850=DIRECTION('',(-4.89842541528951E-16,7.34763812293426E-16,1.));
#19860=VECTOR('',#19850,1.);
#19870=LINE('',#19840,#19860);
#19880=EDGE_CURVE('',#19810,#19650,#19870,.T.);
#19890=ORIENTED_EDGE('',*,*,#19880,.F.);
#19900=EDGE_LOOP('',(#19890,#19830,#19750,#19670));
#19910=FACE_OUTER_BOUND('',#19900,.T.);
#19920=ADVANCED_FACE('',(#19910),#19570,.T.);
#19930=CARTESIAN_POINT('',(-2.57341220317929,1.16165663364027,
-5.72519026233275));
#19940=DIRECTION('',(-0.0478051859951587,0.998856678503963,
-5.06565230622445E-16));
#19950=DIRECTION('',(-0.998856678503963,-0.0478051859951587,
-4.5418042979937E-16));
#19960=AXIS2_PLACEMENT_3D('',#19930,#19940,#19950);
#19970=PLANE('',#19960);
#19980=CARTESIAN_POINT('',(0.,1.28481989786295,-5.65500000000002));
#19990=DIRECTION('',(-0.998856678503962,-0.0478051859951633,
-2.22044604925031E-16));
#20000=VECTOR('',#19990,1.);
#20010=LINE('',#19980,#20000);
#20020=CARTESIAN_POINT('',(-2.55051738919501,1.16275237726832,
-5.65500000000002));
#20030=VERTEX_POINT('',#20020);
#20040=CARTESIAN_POINT('',(-2.63042592347529,1.15892796238874,
-5.65500000000002));
#20050=VERTEX_POINT('',#20040);
#20060=EDGE_CURVE('',#20030,#20050,#20010,.T.);
#20070=ORIENTED_EDGE('',*,*,#20060,.T.);
#20080=CARTESIAN_POINT('',(-2.550517389195,1.16275237726832,
-5.40500000000001));
#20090=VERTEX_POINT('',#20080);
#20100=EDGE_CURVE('',#20030,#20090,#10270,.T.);
#20110=ORIENTED_EDGE('',*,*,#20100,.F.);
#20120=CARTESIAN_POINT('',(0.,1.28481989786295,-5.40500000000001));
#20130=DIRECTION('',(-0.998856678503962,-0.0478051859951633,
-2.22044604925031E-16));
#20140=VECTOR('',#20130,1.);
#20150=LINE('',#20120,#20140);
#20160=CARTESIAN_POINT('',(-2.63042592347529,1.15892796238874,
-5.40500000000001));
#20170=VERTEX_POINT('',#20160);
#20180=EDGE_CURVE('',#20090,#20170,#20150,.T.);
#20190=ORIENTED_EDGE('',*,*,#20180,.F.);
#20200=CARTESIAN_POINT('',(-2.63042592347529,1.15892796238875,0.));
#20210=DIRECTION('',(-4.7785417095077E-16,4.84275005124934E-16,1.));
#20220=VECTOR('',#20210,1.);
#20230=LINE('',#20200,#20220);
#20240=EDGE_CURVE('',#20050,#20170,#20230,.T.);
#20250=ORIENTED_EDGE('',*,*,#20240,.T.);
#20260=EDGE_LOOP('',(#20250,#20190,#20110,#20070));
#20270=FACE_OUTER_BOUND('',#20260,.T.);
#20280=ADVANCED_FACE('',(#20270),#19970,.T.);
#20290=CARTESIAN_POINT('',(-2.70548958896012,1.13033899999993,
0.0700000000000002));
#20300=DIRECTION('',(0.707106781186544,0.707106781186551,
-4.4566506827002E-15));
#20310=DIRECTION('',(0.707106781186551,-0.707106781186544,
-3.35429912802406E-15));
#20320=AXIS2_PLACEMENT_3D('',#20290,#20300,#20310);
#20330=PLANE('',#20320);
#20340=CARTESIAN_POINT('',(-2.73048958896013,1.15533899999993,
-0.459016121946764));
#20350=DIRECTION('',(-4.99731618650204E-15,-1.30533965173191E-15,-1.));
#20360=VECTOR('',#20350,1.);
#20370=LINE('',#20340,#20360);
#20380=CARTESIAN_POINT('',(-2.73048958896012,1.15533899999993,
0.194999999999997));
#20390=VERTEX_POINT('',#20380);
#20400=CARTESIAN_POINT('',(-2.73048958896012,1.15533899999993,
-0.0549999999999978));
#20410=VERTEX_POINT('',#20400);
#20420=EDGE_CURVE('',#20390,#20410,#20370,.T.);
#20430=ORIENTED_EDGE('',*,*,#20420,.F.);
#20440=CARTESIAN_POINT('',(0.,-1.57515058896016,-0.0549999999999985));
#20450=DIRECTION('',(0.707106781186551,-0.707106781186544,
-1.38777878078145E-16));
#20460=VECTOR('',#20450,1.);
#20470=LINE('',#20440,#20460);
#20480=CARTESIAN_POINT('',(-2.68048958896024,1.10533900000005,
-0.0549999999999979));
#20490=VERTEX_POINT('',#20480);
#20500=EDGE_CURVE('',#20410,#20490,#20470,.T.);
#20510=ORIENTED_EDGE('',*,*,#20500,.F.);
#20520=CARTESIAN_POINT('',(-2.68048958896024,1.10533900000005,0.));
#20530=DIRECTION('',(-6.30265583823397E-15,6.4148022981895E-30,-1.));
#20540=VECTOR('',#20530,1.);
#20550=LINE('',#20520,#20540);
#20560=CARTESIAN_POINT('',(-2.68048958896024,1.10533900000005,
0.194999999999997));
#20570=VERTEX_POINT('',#20560);
#20580=EDGE_CURVE('',#20570,#20490,#20550,.T.);
#20590=ORIENTED_EDGE('',*,*,#20580,.T.);
#20600=CARTESIAN_POINT('',(0.,-1.57515058896017,0.195000000000002));
#20610=DIRECTION('',(0.707106781186551,-0.707106781186544,
1.33226762955019E-15));
#20620=VECTOR('',#20610,1.);
#20630=LINE('',#20600,#20620);
#20640=EDGE_CURVE('',#20390,#20570,#20630,.T.);
#20650=ORIENTED_EDGE('',*,*,#20640,.T.);
#20660=EDGE_LOOP('',(#20650,#20590,#20510,#20430));
#20670=FACE_OUTER_BOUND('',#20660,.T.);
#20680=ADVANCED_FACE('',(#20670),#20330,.T.);
#20690=CARTESIAN_POINT('',(-2.55048958896018,1.16217151036779,
-5.13000000000001));
#20700=DIRECTION('',(1.,1.67677286985746E-15,4.8984254152895E-16));
#20710=DIRECTION('',(1.67677286985746E-15,-1.,7.34763812293427E-16));
#20720=AXIS2_PLACEMENT_3D('',#20690,#20700,#20710);
#20730=PLANE('',#20720);
#20740=CARTESIAN_POINT('',(-2.55048958896018,1.25533900000001,0.));
#20750=DIRECTION('',(-4.89842541528951E-16,4.89842541528951E-16,1.));
#20760=VECTOR('',#20750,1.);
#20770=LINE('',#20740,#20760);
#20780=CARTESIAN_POINT('',(-2.55048958896018,1.25533900000001,
-5.40500000000001));
#20790=VERTEX_POINT('',#20780);
#20800=CARTESIAN_POINT('',(-2.55048958896018,1.25533900000001,
-5.25500000000002));
#20810=VERTEX_POINT('',#20800);
#20820=EDGE_CURVE('',#20790,#20810,#20770,.T.);
#20830=ORIENTED_EDGE('',*,*,#20820,.T.);
#20840=CARTESIAN_POINT('',(-2.55048958896018,0.765930490838863,
-5.40500000000001));
#20850=DIRECTION('',(1.67677286985746E-15,-1.,4.89842541528951E-16));
#20860=VECTOR('',#20850,1.);
#20870=LINE('',#20840,#20860);
#20880=CARTESIAN_POINT('',(-2.55048958896018,1.16275370778496,
-5.40500000000001));
#20890=VERTEX_POINT('',#20880);
#20900=EDGE_CURVE('',#20790,#20890,#20870,.T.);
#20910=ORIENTED_EDGE('',*,*,#20900,.F.);
#20920=CARTESIAN_POINT('',(-2.55048958896018,1.16275370778496,
-5.46000000000002));
#20930=DIRECTION('',(-4.89842541528951E-16,7.34763812293426E-16,1.));
#20940=VECTOR('',#20930,1.);
#20950=LINE('',#20920,#20940);
#20960=CARTESIAN_POINT('',(-2.55048958896018,1.16275370778496,
-5.25500000000002));
#20970=VERTEX_POINT('',#20960);
#20980=EDGE_CURVE('',#20890,#20970,#20950,.T.);
#20990=ORIENTED_EDGE('',*,*,#20980,.F.);
#21000=CARTESIAN_POINT('',(-2.55048958896018,0.765930490838863,
-5.25500000000002));
#21010=DIRECTION('',(-1.67677286985746E-15,1.,-4.89842541528953E-16));
#21020=VECTOR('',#21010,1.);
#21030=LINE('',#21000,#21020);
#21040=EDGE_CURVE('',#20970,#20810,#21030,.T.);
#21050=ORIENTED_EDGE('',*,*,#21040,.F.);
#21060=EDGE_LOOP('',(#21050,#20990,#20910,#20830));
#21070=FACE_OUTER_BOUND('',#21060,.T.);
#21080=ADVANCED_FACE('',(#21070),#20730,.T.);
#21090=CARTESIAN_POINT('',(-2.57341220317927,1.16165663364024,
-0.125190262332713));
#21100=DIRECTION('',(-0.0478051859951633,0.998856678503962,
-6.20481908634281E-16));
#21110=DIRECTION('',(-0.998856678503962,-0.0478051859951633,
-1.18433323350836E-15));
#21120=AXIS2_PLACEMENT_3D('',#21090,#21100,#21110);
#21130=PLANE('',#21120);
#21140=CARTESIAN_POINT('',(-2.63042592347529,1.15892796238872,0.));
#21150=DIRECTION('',(6.1230317691119E-16,-1.30533965173188E-15,-1.));
#21160=VECTOR('',#21150,1.);
#21170=LINE('',#21140,#21160);
#21180=CARTESIAN_POINT('',(-2.63042592347529,1.15892796238872,
0.194999999999997));
#21190=VERTEX_POINT('',#21180);
#21200=CARTESIAN_POINT('',(-2.63042592347529,1.15892796238872,
-0.0549999999999978));
#21210=VERTEX_POINT('',#21200);
#21220=EDGE_CURVE('',#21190,#21210,#21170,.T.);
#21230=ORIENTED_EDGE('',*,*,#21220,.F.);
#21240=CARTESIAN_POINT('',(0.,1.28481989786296,-0.0549999999999985));
#21250=DIRECTION('',(0.998856678503962,0.0478051859951633,
-2.42861286636753E-16));
#21260=VECTOR('',#21250,1.);
#21270=LINE('',#21240,#21260);
#21280=EDGE_CURVE('',#21210,#10290,#21270,.T.);
#21290=ORIENTED_EDGE('',*,*,#21280,.F.);
#21300=CARTESIAN_POINT('',(-2.55051738919501,1.16275237726836,
-0.260000000000014));
#21310=DIRECTION('',(2.3335277573826E-16,-4.95976818734186E-16,-1.));
#21320=VECTOR('',#21310,1.);
#21330=LINE('',#21300,#21320);
#21340=CARTESIAN_POINT('',(-2.55051738919498,1.16275237726833,
0.194999999999997));
#21350=VERTEX_POINT('',#21340);
#21360=EDGE_CURVE('',#21350,#10290,#21330,.T.);
#21370=ORIENTED_EDGE('',*,*,#21360,.T.);
#21380=CARTESIAN_POINT('',(0.,1.28481989786296,0.194999999999998));
#21390=DIRECTION('',(-0.998856678503962,-0.0478051859951633,
-4.57966997657877E-16));
#21400=VECTOR('',#21390,1.);
#21410=LINE('',#21380,#21400);
#21420=EDGE_CURVE('',#21350,#21190,#21410,.T.);
#21430=ORIENTED_EDGE('',*,*,#21420,.F.);
#21440=EDGE_LOOP('',(#21430,#21370,#21290,#21230));
#21450=FACE_OUTER_BOUND('',#21440,.T.);
#21460=ADVANCED_FACE('',(#21450),#21130,.T.);
#21470=CARTESIAN_POINT('',(-3.89055325444501,1.15892796238875,
-4.40000000000002));
#21480=DIRECTION('',(0.998856678503963,-0.0478051859951585,
3.4985508832348E-17));
#21490=DIRECTION('',(1.15684950262154E-17,9.73550805852666E-16,1.));
#21500=AXIS2_PLACEMENT_3D('',#21470,#21480,#21490);
#21510=PLANE('',#21500);
#21520=CARTESIAN_POINT('',(-3.94601943692068,0.,-4.20500000000002));
#21530=DIRECTION('',(-0.0478051859951539,-0.998856678503963,
9.74914593498966E-16));
#21540=VECTOR('',#21530,1.);
#21550=LINE('',#21520,#21540);
#21560=CARTESIAN_POINT('',(-3.89055325444501,1.15892796238871,
-4.20500000000002));
#21570=VERTEX_POINT('',#21560);
#21580=CARTESIAN_POINT('',(-3.89311801710755,1.10533899999995,
-4.20500000000002));
#21590=VERTEX_POINT('',#21580);
#21600=EDGE_CURVE('',#21570,#21590,#21550,.T.);
#21610=ORIENTED_EDGE('',*,*,#21600,.T.);
#21620=CARTESIAN_POINT('',(-3.89055325444501,1.15892796238871,0.));
#21630=DIRECTION('',(-9.79602902190764E-19,7.11366878368739E-16,1.));
#21640=VECTOR('',#21630,1.);
#21650=LINE('',#21620,#21640);
#21660=CARTESIAN_POINT('',(-3.89055325444501,1.15892796238871,
-4.45500000000002));
#21670=VERTEX_POINT('',#21660);
#21680=EDGE_CURVE('',#21670,#21570,#21650,.T.);
#21690=ORIENTED_EDGE('',*,*,#21680,.T.);
#21700=CARTESIAN_POINT('',(-3.94601943692068,0.,-4.45500000000002));
#21710=DIRECTION('',(-0.0478051859951539,-0.998856678503963,
9.74914593498966E-16));
#21720=VECTOR('',#21710,1.);
#21730=LINE('',#21700,#21720);
#21740=CARTESIAN_POINT('',(-3.89311801710755,1.10533899999995,
-4.45500000000002));
#21750=VERTEX_POINT('',#21740);
#21760=EDGE_CURVE('',#21670,#21750,#21730,.T.);
#21770=ORIENTED_EDGE('',*,*,#21760,.F.);
#21780=CARTESIAN_POINT('',(-3.89311801710755,1.10533899999995,0.));
#21790=DIRECTION('',(-5.01564450342337E-16,4.89842541528951E-16,1.));
#21800=VECTOR('',#21790,1.);
#21810=LINE('',#21780,#21800);
#21820=EDGE_CURVE('',#21750,#21590,#21810,.T.);
#21830=ORIENTED_EDGE('',*,*,#21820,.F.);
#21840=EDGE_LOOP('',(#21830,#21770,#21690,#21610));
#21850=FACE_OUTER_BOUND('',#21840,.T.);
#21860=ADVANCED_FACE('',(#21850),#21510,.T.);
#21870=CARTESIAN_POINT('',(-3.79048958896013,1.32533899999994,
0.140000000000064));
#21880=DIRECTION('',(-1.,-4.68706735088986E-15,-4.89842541528948E-16));
#21890=DIRECTION('',(-4.68706735088986E-15,1.,-7.34763812293428E-16));
#21900=AXIS2_PLACEMENT_3D('',#21870,#21880,#21890);
#21910=PLANE('',#21900);
#21920=CARTESIAN_POINT('',(-3.79048958896014,1.1553389999999,0.));
#21930=DIRECTION('',(-4.87485555111981E-15,-6.09946190494224E-15,-1.));
#21940=VECTOR('',#21930,1.);
#21950=LINE('',#21920,#21940);
#21960=CARTESIAN_POINT('',(-3.79048958896013,1.15533899999991,
-3.80500000000001));
#21970=VERTEX_POINT('',#21960);
#21980=CARTESIAN_POINT('',(-3.79048958896012,1.15533899999991,-4.055));
#21990=VERTEX_POINT('',#21980);
#22000=EDGE_CURVE('',#21970,#21990,#21950,.T.);
#22010=ORIENTED_EDGE('',*,*,#22000,.F.);
#22020=CARTESIAN_POINT('',(-3.79048958896012,0.,-4.055));
#22030=DIRECTION('',(-4.68706735088986E-15,1.,-7.34763812293428E-16));
#22040=VECTOR('',#22030,1.);
#22050=LINE('',#22020,#22040);
#22060=CARTESIAN_POINT('',(-3.79048958896013,1.32533899999994,-4.055));
#22070=VERTEX_POINT('',#22060);
#22080=EDGE_CURVE('',#21990,#22070,#22050,.T.);
#22090=ORIENTED_EDGE('',*,*,#22080,.F.);
#22100=CARTESIAN_POINT('',(-3.79048958896013,1.32533899999994,
0.140000000000064));
#22110=DIRECTION('',(4.89842541528951E-16,-7.34763812293426E-16,-1.));
#22120=VECTOR('',#22110,1.);
#22130=LINE('',#22100,#22120);
#22140=CARTESIAN_POINT('',(-3.79048958896013,1.32533899999994,
-3.80500000000001));
#22150=VERTEX_POINT('',#22140);
#22160=EDGE_CURVE('',#22150,#22070,#22130,.T.);
#22170=ORIENTED_EDGE('',*,*,#22160,.T.);
#22180=CARTESIAN_POINT('',(-3.79048958896012,0.,-3.80500000000001));
#22190=DIRECTION('',(-4.68706735088986E-15,1.,-9.79685083057902E-16));
#22200=VECTOR('',#22190,1.);
#22210=LINE('',#22180,#22200);
#22220=EDGE_CURVE('',#21970,#22150,#22210,.T.);
#22230=ORIENTED_EDGE('',*,*,#22220,.T.);
#22240=EDGE_LOOP('',(#22230,#22170,#22090,#22010));
#22250=FACE_OUTER_BOUND('',#22240,.T.);
#22260=ADVANCED_FACE('',(#22250),#21910,.T.);
#22270=CARTESIAN_POINT('',(-2.66100488595082,1.21089160340832,
-0.0549999999999978));
#22280=DIRECTION('',(-2.44921270764475E-16,-4.11604145476716E-32,-1.));
#22290=DIRECTION('',(1.,2.44921270764475E-16,-2.44921270764475E-16));
#22300=AXIS2_PLACEMENT_3D('',#22270,#22280,#22290);
#22310=PLANE('',#22300);
#22320=CARTESIAN_POINT('',(0.,1.32533899999994,-0.0549999999999985));
#22330=DIRECTION('',(1.,1.63507259138096E-15,-2.44921270764475E-16));
#22340=VECTOR('',#22330,1.);
#22350=LINE('',#22320,#22340);
#22360=CARTESIAN_POINT('',(-2.75616723258866,1.32533899999994,
-0.0549999999999978));
#22370=VERTEX_POINT('',#22360);
#22380=CARTESIAN_POINT('',(-2.73048958896013,1.32533899999994,
-0.0549999999999978));
#22390=VERTEX_POINT('',#22380);
#22400=EDGE_CURVE('',#22370,#22390,#22350,.T.);
#22410=ORIENTED_EDGE('',*,*,#22400,.T.);
#22420=CARTESIAN_POINT('',(-2.70048958896017,1.17533900000001,
-0.0550000000000159));
#22430=DIRECTION('',(2.44921270764476E-16,-7.34763812293426E-16,-1.));
#22440=DIRECTION('',(1.22460635382238E-16,-1.,7.34763812293426E-16));
#22450=AXIS2_PLACEMENT_3D('',#22420,#22430,#22440);
#22460=CIRCLE('',#22450,0.16);
#22470=CARTESIAN_POINT('',(-2.70048958896017,1.33533900000001,
-0.0550000000000159));
#22480=VERTEX_POINT('',#22470);
#22490=EDGE_CURVE('',#22370,#22480,#22460,.T.);
#22500=ORIENTED_EDGE('',*,*,#22490,.F.);
#22510=CARTESIAN_POINT('',(-3.73147885254274,1.33533900000001,
-0.0550000000000162));
#22520=DIRECTION('',(-1.,-1.22460635382238E-16,-2.44921270764476E-16));
#22530=VECTOR('',#22520,1.);
#22540=LINE('',#22510,#22530);
#22550=EDGE_CURVE('',#17390,#22480,#22540,.T.);
#22560=ORIENTED_EDGE('',*,*,#22550,.T.);
#22570=ORIENTED_EDGE('',*,*,#17400,.T.);
#22580=CARTESIAN_POINT('',(-3.73147885254274,1.25533900000001,
-0.0550000000000161));
#22590=DIRECTION('',(-1.,-1.22460635382238E-16,-2.44921270764476E-16));
#22600=VECTOR('',#22590,1.);
#22610=LINE('',#22580,#22600);
#22620=EDGE_CURVE('',#17310,#15910,#22610,.T.);
#22630=ORIENTED_EDGE('',*,*,#22620,.F.);
#22640=ORIENTED_EDGE('',*,*,#15920,.F.);
#22650=ORIENTED_EDGE('',*,*,#10380,.T.);
#22660=ORIENTED_EDGE('',*,*,#21280,.T.);
#22670=CARTESIAN_POINT('',(-2.57495974099957,0.,-0.0549999999999978));
#22680=DIRECTION('',(-0.0478051859951633,0.998856678503962,
1.38777878078145E-17));
#22690=VECTOR('',#22680,1.);
#22700=LINE('',#22670,#22690);
#22710=CARTESIAN_POINT('',(-2.62786116081276,1.10533900000005,
-0.0549999999999978));
#22720=VERTEX_POINT('',#22710);
#22730=EDGE_CURVE('',#22720,#21210,#22700,.T.);
#22740=ORIENTED_EDGE('',*,*,#22730,.T.);
#22750=CARTESIAN_POINT('',(0.,1.10533900000005,-0.0549999999999985));
#22760=DIRECTION('',(1.,-9.46986586518802E-16,-2.44921270764475E-16));
#22770=VECTOR('',#22760,1.);
#22780=LINE('',#22750,#22770);
#22790=EDGE_CURVE('',#20490,#22720,#22780,.T.);
#22800=ORIENTED_EDGE('',*,*,#22790,.T.);
#22810=ORIENTED_EDGE('',*,*,#20500,.T.);
#22820=CARTESIAN_POINT('',(-2.73048958896012,0.,-0.0549999999999978));
#22830=DIRECTION('',(4.68706735088986E-15,-1.,-7.88860905221012E-31));
#22840=VECTOR('',#22830,1.);
#22850=LINE('',#22820,#22840);
#22860=EDGE_CURVE('',#22390,#20410,#22850,.T.);
#22870=ORIENTED_EDGE('',*,*,#22860,.T.);
#22880=EDGE_LOOP('',(#22870,#22810,#22800,#22740,#22660,#22650,#22640,
#22630,#22570,#22560,#22500,#22410));
#22890=FACE_OUTER_BOUND('',#22880,.T.);
#22900=ADVANCED_FACE('',(#22890),#22310,.F.);
#22910=CARTESIAN_POINT('',(-3.82048958896017,1.17533900000002,
-4.40000000000002));
#22920=DIRECTION('',(2.99932144364427E-32,7.34763812293426E-16,1.));
#22930=DIRECTION('',(1.22460635382237E-16,-1.,7.34763812293426E-16));
#22940=AXIS2_PLACEMENT_3D('',#22910,#22920,#22930);
#22950=CYLINDRICAL_SURFACE('',#22940,0.16);
#22960=CARTESIAN_POINT('',(-3.82048958896017,1.17533900000002,
-4.60500000000001));
#22970=DIRECTION('',(2.99932144364427E-32,7.34763812293426E-16,1.));
#22980=DIRECTION('',(1.22460635382237E-16,-1.,7.34763812293426E-16));
#22990=AXIS2_PLACEMENT_3D('',#22960,#22970,#22980);
#23000=CIRCLE('',#22990,0.16);
#23010=CARTESIAN_POINT('',(-3.76481194533164,1.32533899999993,
-4.60500000000001));
#23020=VERTEX_POINT('',#23010);
#23030=EDGE_CURVE('',#23020,#16330,#23000,.T.);
#23040=ORIENTED_EDGE('',*,*,#23030,.T.);
#23050=CARTESIAN_POINT('',(-3.76481194533164,1.32533899999994,
-4.40000000000002));
#23060=DIRECTION('',(2.99932144364427E-32,7.34763812293426E-16,1.));
#23070=VECTOR('',#23060,1.);
#23080=LINE('',#23050,#23070);
#23090=CARTESIAN_POINT('',(-3.76481194533164,1.32533899999994,
-4.45500000000002));
#23100=VERTEX_POINT('',#23090);
#23110=EDGE_CURVE('',#23020,#23100,#23080,.T.);
#23120=ORIENTED_EDGE('',*,*,#23110,.F.);
#23130=CARTESIAN_POINT('',(-3.82048958896017,1.17533900000002,
-4.45500000000002));
#23140=DIRECTION('',(2.99932144364427E-32,7.34763812293426E-16,1.));
#23150=DIRECTION('',(1.22460635382237E-16,-1.,7.34763812293426E-16));
#23160=AXIS2_PLACEMENT_3D('',#23130,#23140,#23150);
#23170=CIRCLE('',#23160,0.16);
#23180=EDGE_CURVE('',#23100,#16150,#23170,.T.);
#23190=ORIENTED_EDGE('',*,*,#23180,.F.);
#23200=ORIENTED_EDGE('',*,*,#16400,.T.);
#23210=EDGE_LOOP('',(#23200,#23190,#23120,#23040));
#23220=FACE_OUTER_BOUND('',#23210,.T.);
#23230=ADVANCED_FACE('',(#23220),#22950,.T.);
#23240=CARTESIAN_POINT('',(-2.62786116081276,1.10533900000005,0.));
#23250=DIRECTION('',(2.09615372185644E-16,-4.81262351710999E-31,-1.));
#23260=VECTOR('',#23250,1.);
#23270=LINE('',#23240,#23260);
#23280=CARTESIAN_POINT('',(-2.62786116081273,1.10533900000005,
0.194999999999997));
#23290=VERTEX_POINT('',#23280);
#23300=EDGE_CURVE('',#23290,#22720,#23270,.T.);
#23310=ORIENTED_EDGE('',*,*,#23300,.F.);
#23320=ORIENTED_EDGE('',*,*,#22730,.F.);
#23330=ORIENTED_EDGE('',*,*,#21220,.T.);
#23340=CARTESIAN_POINT('',(-2.57495974099957,0.,0.194999999999998));
#23350=DIRECTION('',(-0.0478051859951633,0.998856678503962,
-1.3392065234541E-15));
#23360=VECTOR('',#23350,1.);
#23370=LINE('',#23340,#23360);
#23380=EDGE_CURVE('',#23290,#21190,#23370,.T.);
#23390=ORIENTED_EDGE('',*,*,#23380,.T.);
#23400=EDGE_LOOP('',(#23390,#23330,#23320,#23310));
#23410=FACE_OUTER_BOUND('',#23400,.T.);
#23420=ADVANCED_FACE('',(#23410),#5010,.T.);
#23430=CARTESIAN_POINT('',(-2.57054081156271,0.92146979979085,
0.355000000000001));
#23440=DIRECTION('',(-2.44921270764475E-16,-4.11604145476716E-32,-1.));
#23450=DIRECTION('',(1.,2.44921270764475E-16,-2.44921270764475E-16));
#23460=AXIS2_PLACEMENT_3D('',#23430,#23440,#23450);
#23470=PLANE('',#23460);
#23480=CARTESIAN_POINT('',(0.,1.32533899999995,0.355000000000003));
#23490=DIRECTION('',(1.,1.63507259138096E-15,4.8984254152895E-16));
#23500=VECTOR('',#23490,1.);
#23510=LINE('',#23480,#23500);
#23520=CARTESIAN_POINT('',(-2.55048958896015,1.32533899999994,
0.355000000000001));
#23530=VERTEX_POINT('',#23520);
#23540=EDGE_CURVE('',#23530,#4670,#23510,.T.);
#23550=ORIENTED_EDGE('',*,*,#23540,.T.);
#23560=CARTESIAN_POINT('',(-2.55048958896015,0.,0.355000000000001));
#23570=DIRECTION('',(1.5382546899372E-16,-1.,2.46519032881566E-32));
#23580=VECTOR('',#23570,1.);
#23590=LINE('',#23560,#23580);
#23600=CARTESIAN_POINT('',(-2.55048958896015,1.16217151036779,
0.355000000000001));
#23610=VERTEX_POINT('',#23600);
#23620=EDGE_CURVE('',#23530,#23610,#23590,.T.);
#23630=ORIENTED_EDGE('',*,*,#23620,.F.);
#23640=CARTESIAN_POINT('',(-2.49486817058548,0.,0.355000000000001));
#23650=DIRECTION('',(0.0478051859951586,-0.998856678503963,
-1.04083408558608E-17));
#23660=VECTOR('',#23650,1.);
#23670=LINE('',#23640,#23660);
#23680=CARTESIAN_POINT('',(-2.53067823700699,0.748226855689202,
0.355000000000001));
#23690=VERTEX_POINT('',#23680);
#23700=EDGE_CURVE('',#23610,#23690,#23670,.T.);
#23710=ORIENTED_EDGE('',*,*,#23700,.F.);
#23720=CARTESIAN_POINT('',(-2.69548958896014,0.740339000000001,
0.355000000000001));
#23730=DIRECTION('',(2.44921270764475E-16,0.,1.));
#23740=DIRECTION('',(-0.0436193873653361,0.999048221581858,
1.0683315783486E-17));
#23750=AXIS2_PLACEMENT_3D('',#23720,#23730,#23740);
#23760=CIRCLE('',#23750,0.165);
#23770=EDGE_CURVE('',#4770,#23690,#23760,.T.);
#23780=ORIENTED_EDGE('',*,*,#23770,.T.);
#23790=ORIENTED_EDGE('',*,*,#4780,.F.);
#23800=EDGE_LOOP('',(#23790,#23780,#23710,#23630,#23550));
#23810=FACE_OUTER_BOUND('',#23800,.T.);
#23820=ADVANCED_FACE('',(#23810),#23470,.T.);
#23830=CARTESIAN_POINT('',(-2.70548958896016,1.13033899999996,-3.9925));
#23840=DIRECTION('',(-0.707106781186547,-0.707106781186548,
3.79341440033047E-15));
#23850=DIRECTION('',(0.707106781186548,-0.707106781186547,
-3.25556524697297E-15));
#23860=AXIS2_PLACEMENT_3D('',#23830,#23840,#23850);
#23870=PLANE('',#23860);
#23880=CARTESIAN_POINT('',(0.,-1.57515058896016,-3.80500000000001));
#23890=DIRECTION('',(-0.707106781186551,0.707106781186544,
-4.71844785465692E-16));
#23900=VECTOR('',#23890,1.);
#23910=LINE('',#23880,#23900);
#23920=CARTESIAN_POINT('',(-2.68048958896016,1.10533899999997,
-3.80500000000001));
#23930=VERTEX_POINT('',#23920);
#23940=CARTESIAN_POINT('',(-2.73048958896012,1.15533899999993,
-3.80500000000001));
#23950=VERTEX_POINT('',#23940);
#23960=EDGE_CURVE('',#23930,#23950,#23910,.T.);
#23970=ORIENTED_EDGE('',*,*,#23960,.F.);
#23980=CARTESIAN_POINT('',(-2.73048958896012,1.15533899999994,0.));
#23990=DIRECTION('',(-4.89842541528975E-16,5.85454063417772E-15,1.));
#24000=VECTOR('',#23990,1.);
#24010=LINE('',#23980,#24000);
#24020=CARTESIAN_POINT('',(-2.73048958896012,1.15533899999993,-4.055));
#24030=VERTEX_POINT('',#24020);
#24040=EDGE_CURVE('',#24030,#23950,#24010,.T.);
#24050=ORIENTED_EDGE('',*,*,#24040,.T.);
#24060=CARTESIAN_POINT('',(0.,-1.57515058896016,-4.055));
#24070=DIRECTION('',(-0.707106781186551,0.707106781186544,
-8.88178419700125E-16));
#24080=VECTOR('',#24070,1.);
#24090=LINE('',#24060,#24080);
#24100=CARTESIAN_POINT('',(-2.68048958896016,1.10533899999997,-4.055));
#24110=VERTEX_POINT('',#24100);
#24120=EDGE_CURVE('',#24110,#24030,#24090,.T.);
#24130=ORIENTED_EDGE('',*,*,#24120,.T.);
#24140=CARTESIAN_POINT('',(-2.68048958896015,1.10533899999996,0.));
#24150=DIRECTION('',(-2.44921270764474E-16,4.89842541528951E-16,1.));
#24160=VECTOR('',#24150,1.);
#24170=LINE('',#24140,#24160);
#24180=EDGE_CURVE('',#24110,#23930,#24170,.T.);
#24190=ORIENTED_EDGE('',*,*,#24180,.F.);
#24200=EDGE_LOOP('',(#24190,#24130,#24050,#23970));
#24210=FACE_OUTER_BOUND('',#24200,.T.);
#24220=ADVANCED_FACE('',(#24210),#23870,.F.);
#24230=CARTESIAN_POINT('',(-2.22048958896017,1.33533900000001,
-0.205000000000014));
#24240=DIRECTION('',(-1.22460635382237E-16,1.,-7.34763812293426E-16));
#24250=DIRECTION('',(4.89842541528951E-16,-7.34763812293426E-16,-1.));
#24260=AXIS2_PLACEMENT_3D('',#24230,#24240,#24250);
#24270=PLANE('',#24260);
#24280=ORIENTED_EDGE('',*,*,#6910,.F.);
#24290=ORIENTED_EDGE('',*,*,#17460,.T.);
#24300=ORIENTED_EDGE('',*,*,#22550,.F.);
#24310=CARTESIAN_POINT('',(-2.70048958896017,1.33533900000001,
-0.260000000000014));
#24320=DIRECTION('',(2.44921270764476E-16,-7.34763812293426E-16,-1.));
#24330=VECTOR('',#24320,1.);
#24340=LINE('',#24310,#24330);
#24350=EDGE_CURVE('',#22480,#6900,#24340,.T.);
#24360=ORIENTED_EDGE('',*,*,#24350,.F.);
#24370=EDGE_LOOP('',(#24360,#24300,#24290,#24280));
#24380=FACE_OUTER_BOUND('',#24370,.T.);
#24390=ADVANCED_FACE('',(#24380),#24270,.T.);
#24400=CARTESIAN_POINT('',(-2.70548958896013,1.13033899999993,
-0.267500000000006));
#24410=DIRECTION('',(-0.707106781186544,-0.707106781186551,
4.4566506827002E-15));
#24420=DIRECTION('',(-0.707106781186551,0.707106781186544,
2.56925289868217E-15));
#24430=AXIS2_PLACEMENT_3D('',#24400,#24410,#24420);
#24440=PLANE('',#24430);
#24450=CARTESIAN_POINT('',(0.,-1.57515058896016,-0.454999999999999));
#24460=DIRECTION('',(0.707106781186551,-0.707106781186544,
4.66293670342566E-15));
#24470=VECTOR('',#24460,1.);
#24480=LINE('',#24450,#24470);
#24490=CARTESIAN_POINT('',(-2.73048958896012,1.15533899999992,
-0.455000000000014));
#24500=VERTEX_POINT('',#24490);
#24510=CARTESIAN_POINT('',(-2.68048958896015,1.10533899999996,
-0.455000000000016));
#24520=VERTEX_POINT('',#24510);
#24530=EDGE_CURVE('',#24500,#24520,#24480,.T.);
#24540=ORIENTED_EDGE('',*,*,#24530,.F.);
#24550=CARTESIAN_POINT('',(-2.68048958896015,1.10533899999996,0.));
#24560=DIRECTION('',(-4.89842541528951E-16,7.34763812293426E-16,1.));
#24570=VECTOR('',#24560,1.);
#24580=LINE('',#24550,#24570);
#24590=EDGE_CURVE('',#24520,#7230,#24580,.T.);
#24600=ORIENTED_EDGE('',*,*,#24590,.F.);
#24610=ORIENTED_EDGE('',*,*,#7240,.T.);
#24620=CARTESIAN_POINT('',(-2.73048958896012,1.15533899999992,0.));
#24630=DIRECTION('',(-4.89842541528979E-16,6.79249837976288E-15,1.));
#24640=VECTOR('',#24630,1.);
#24650=LINE('',#24620,#24640);
#24660=EDGE_CURVE('',#24500,#7150,#24650,.T.);
#24670=ORIENTED_EDGE('',*,*,#24660,.T.);
#24680=EDGE_LOOP('',(#24670,#24610,#24600,#24540));
#24690=FACE_OUTER_BOUND('',#24680,.T.);
#24700=ADVANCED_FACE('',(#24690),#24440,.F.);
#24710=CARTESIAN_POINT('',(-2.55048958896015,1.32533899999994,
0.194999999999997));
#24720=DIRECTION('',(1.,1.5382546899372E-16,1.46952762458685E-15));
#24730=DIRECTION('',(-1.53825468993719E-16,1.,-8.13645156332333E-16));
#24740=AXIS2_PLACEMENT_3D('',#24710,#24720,#24730);
#24750=PLANE('',#24740);
#24760=CARTESIAN_POINT('',(-2.55048958896015,1.16217151036778,0.));
#24770=DIRECTION('',(-1.46952762458686E-15,3.5822237554914E-14,1.));
#24780=VECTOR('',#24770,1.);
#24790=LINE('',#24760,#24780);
#24800=CARTESIAN_POINT('',(-2.55048958896015,1.16217151036779,
0.194999999999997));
#24810=VERTEX_POINT('',#24800);
#24820=EDGE_CURVE('',#24810,#23610,#24790,.T.);
#24830=ORIENTED_EDGE('',*,*,#24820,.F.);
#24840=ORIENTED_EDGE('',*,*,#23620,.T.);
#24850=CARTESIAN_POINT('',(-2.55048958896015,1.32533899999994,
0.194999999999997));
#24860=DIRECTION('',(-1.46952762458685E-15,8.13645156332333E-16,1.));
#24870=VECTOR('',#24860,1.);
#24880=LINE('',#24850,#24870);
#24890=CARTESIAN_POINT('',(-2.55048958896015,1.32533899999994,
0.194999999999997));
#24900=VERTEX_POINT('',#24890);
#24910=EDGE_CURVE('',#24900,#23530,#24880,.T.);
#24920=ORIENTED_EDGE('',*,*,#24910,.T.);
#24930=CARTESIAN_POINT('',(-2.55048958896015,1.21296871482303,
0.194999999999997));
#24940=DIRECTION('',(-1.53825468993719E-16,1.,-8.13645156332333E-16));
#24950=VECTOR('',#24940,1.);
#24960=LINE('',#24930,#24950);
#24970=EDGE_CURVE('',#24810,#24900,#24960,.T.);
#24980=ORIENTED_EDGE('',*,*,#24970,.T.);
#24990=EDGE_LOOP('',(#24980,#24920,#24840,#24830));
#25000=FACE_OUTER_BOUND('',#24990,.T.);
#25010=ADVANCED_FACE('',(#25000),#24750,.T.);
#25020=CARTESIAN_POINT('',(-3.94756697474104,1.16165663364028,
-0.93480973766728));
#25030=DIRECTION('',(0.0478051859951585,0.998856678503963,
-9.72990758345263E-16));
#25040=DIRECTION('',(0.998856678503963,-0.0478051859951585,
2.79790224206995E-16));
#25050=AXIS2_PLACEMENT_3D('',#25020,#25030,#25040);
#25060=PLANE('',#25050);
#25070=ORIENTED_EDGE('',*,*,#19740,.F.);
#25080=CARTESIAN_POINT('',(0.,0.972726452246776,-0.605000000000014));
#25090=DIRECTION('',(0.998856678503963,-0.0478051859951539,
4.5102810375397E-17));
#25100=VECTOR('',#25090,1.);
#25110=LINE('',#25080,#25100);
#25120=CARTESIAN_POINT('',(-3.97046178872531,1.16275237726837,
-0.605000000000015));
#25130=VERTEX_POINT('',#25120);
#25140=EDGE_CURVE('',#25130,#19630,#25110,.T.);
#25150=ORIENTED_EDGE('',*,*,#25140,.T.);
#25160=CARTESIAN_POINT('',(-3.97046178872531,1.16275237726837,0.));
#25170=DIRECTION('',(-4.77294443600546E-16,9.96947739777356E-16,1.));
#25180=VECTOR('',#25170,1.);
#25190=LINE('',#25160,#25180);
#25200=CARTESIAN_POINT('',(-3.97046178872531,1.16275237726837,
-0.855000000000017));
#25210=VERTEX_POINT('',#25200);
#25220=EDGE_CURVE('',#25210,#25130,#25190,.T.);
#25230=ORIENTED_EDGE('',*,*,#25220,.T.);
#25240=CARTESIAN_POINT('',(0.,0.972726452246776,-0.855000000000016));
#25250=DIRECTION('',(0.998856678503963,-0.0478051859951539,
4.5102810375397E-17));
#25260=VECTOR('',#25250,1.);
#25270=LINE('',#25240,#25260);
#25280=EDGE_CURVE('',#25210,#19730,#25270,.T.);
#25290=ORIENTED_EDGE('',*,*,#25280,.F.);
#25300=EDGE_LOOP('',(#25290,#25230,#25150,#25070));
#25310=FACE_OUTER_BOUND('',#25300,.T.);
#25320=ADVANCED_FACE('',(#25310),#25060,.T.);
#25330=CARTESIAN_POINT('',(-2.62860368742195,1.12085358585773,
-5.85277578828196));
#25340=DIRECTION('',(0.998856678503963,0.0478051859951587,
1.30871091490535E-16));
#25350=DIRECTION('',(-0.0478051859951587,0.998856678503963,
-7.57340754838453E-16));
#25360=AXIS2_PLACEMENT_3D('',#25330,#25340,#25350);
#25370=PLANE('',#25360);
#25380=CARTESIAN_POINT('',(-2.57495974099957,0.,-5.65500000000002));
#25390=DIRECTION('',(0.0478051859951633,-0.998856678503962,
4.9960036108132E-16));
#25400=VECTOR('',#25390,1.);
#25410=LINE('',#25380,#25400);
#25420=CARTESIAN_POINT('',(-2.62786116081272,1.10533900000005,
-5.65500000000002));
#25430=VERTEX_POINT('',#25420);
#25440=EDGE_CURVE('',#20050,#25430,#25410,.T.);
#25450=ORIENTED_EDGE('',*,*,#25440,.T.);
#25460=ORIENTED_EDGE('',*,*,#20240,.F.);
#25470=CARTESIAN_POINT('',(-2.57495974099957,0.,-5.40500000000001));
#25480=DIRECTION('',(0.0478051859951633,-0.998856678503962,
4.9960036108132E-16));
#25490=VECTOR('',#25480,1.);
#25500=LINE('',#25470,#25490);
#25510=CARTESIAN_POINT('',(-2.62786116081272,1.10533900000005,
-5.40500000000001));
#25520=VERTEX_POINT('',#25510);
#25530=EDGE_CURVE('',#20170,#25520,#25500,.T.);
#25540=ORIENTED_EDGE('',*,*,#25530,.F.);
#25550=CARTESIAN_POINT('',(-2.62786116081275,1.10533900000005,0.));
#25560=DIRECTION('',(-1.66186616931225E-16,7.34763812293425E-16,1.));
#25570=VECTOR('',#25560,1.);
#25580=LINE('',#25550,#25570);
#25590=EDGE_CURVE('',#25430,#25520,#25580,.T.);
#25600=ORIENTED_EDGE('',*,*,#25590,.T.);
#25610=EDGE_LOOP('',(#25600,#25540,#25460,#25450));
#25620=FACE_OUTER_BOUND('',#25610,.T.);
#25630=ADVANCED_FACE('',(#25620),#25370,.F.);
#25640=CARTESIAN_POINT('',(-3.81548958896018,1.13033899999996,
-3.06750000000002));
#25650=DIRECTION('',(0.707106781186548,-0.707106781186547,
-3.10067243467293E-15));
#25660=DIRECTION('',(-0.707106781186547,-0.707106781186548,
4.2946781954593E-15));
#25670=AXIS2_PLACEMENT_3D('',#25640,#25650,#25660);
#25680=PLANE('',#25670);
#25690=CARTESIAN_POINT('',(-4.94582858896003,0.,-3.25500000000002));
#25700=DIRECTION('',(0.707106781186544,0.707106781186551,
-6.93889390390723E-16));
#25710=VECTOR('',#25700,1.);
#25720=LINE('',#25690,#25710);
#25730=CARTESIAN_POINT('',(-3.84048958896023,1.10533899999991,
-3.25500000000002));
#25740=VERTEX_POINT('',#25730);
#25750=CARTESIAN_POINT('',(-3.79048958896018,1.15533899999986,
-3.25500000000002));
#25760=VERTEX_POINT('',#25750);
#25770=EDGE_CURVE('',#25740,#25760,#25720,.T.);
#25780=ORIENTED_EDGE('',*,*,#25770,.F.);
#25790=CARTESIAN_POINT('',(-3.79048958896017,1.15533899999988,0.));
#25800=DIRECTION('',(-5.11977682188428E-15,-6.34438317570671E-15,-1.));
#25810=VECTOR('',#25800,1.);
#25820=LINE('',#25790,#25810);
#25830=CARTESIAN_POINT('',(-3.79048958896018,1.15533899999986,
-3.00500000000002));
#25840=VERTEX_POINT('',#25830);
#25850=EDGE_CURVE('',#25840,#25760,#25820,.T.);
#25860=ORIENTED_EDGE('',*,*,#25850,.T.);
#25870=CARTESIAN_POINT('',(-4.94582858896003,0.,-3.00500000000001));
#25880=DIRECTION('',(0.707106781186544,0.707106781186551,
-6.93889390390723E-16));
#25890=VECTOR('',#25880,1.);
#25900=LINE('',#25870,#25890);
#25910=CARTESIAN_POINT('',(-3.84048958896022,1.10533899999991,
-3.00500000000002));
#25920=VERTEX_POINT('',#25910);
#25930=EDGE_CURVE('',#25920,#25840,#25900,.T.);
#25940=ORIENTED_EDGE('',*,*,#25930,.T.);
#25950=CARTESIAN_POINT('',(-3.84048958896021,1.10533899999992,0.));
#25960=DIRECTION('',(5.11977682188431E-15,7.34763812293452E-16,1.));
#25970=VECTOR('',#25960,1.);
#25980=LINE('',#25950,#25970);
#25990=EDGE_CURVE('',#25740,#25920,#25980,.T.);
#26000=ORIENTED_EDGE('',*,*,#25990,.T.);
#26010=EDGE_LOOP('',(#26000,#25940,#25860,#25780));
#26020=FACE_OUTER_BOUND('',#26010,.T.);
#26030=ADVANCED_FACE('',(#26020),#25680,.F.);
#26040=CARTESIAN_POINT('',(-3.74048958896017,1.09533900000002,
-4.20500000000002));
#26050=DIRECTION('',(2.13652445931442E-32,-9.79685083057902E-16,-1.));
#26060=DIRECTION('',(1.,-1.11724910631033E-15,1.11591752810515E-30));
#26070=AXIS2_PLACEMENT_3D('',#26040,#26050,#26060);
#26080=PLANE('',#26070);
#26090=CARTESIAN_POINT('',(-4.25048958896017,0.12549053417596,
-4.20500000000001));
#26100=DIRECTION('',(-1.22460635382237E-16,1.,-9.79685083057902E-16));
#26110=VECTOR('',#26100,1.);
#26120=LINE('',#26090,#26110);
#26130=CARTESIAN_POINT('',(-4.25048958896017,1.25533900000002,
-4.20500000000002));
#26140=VERTEX_POINT('',#26130);
#26150=CARTESIAN_POINT('',(-4.25048958896017,1.33533900000002,
-4.20500000000002));
#26160=VERTEX_POINT('',#26150);
#26170=EDGE_CURVE('',#26140,#26160,#26120,.T.);
#26180=ORIENTED_EDGE('',*,*,#26170,.T.);
#26190=CARTESIAN_POINT('',(-2.78950032537759,1.25533900000002,
-4.20500000000002));
#26200=DIRECTION('',(1.,1.22460635382237E-16,-9.86076131526265E-32));
#26210=VECTOR('',#26200,1.);
#26220=LINE('',#26190,#26210);
#26230=CARTESIAN_POINT('',(-3.97048958896016,1.25533900000001,
-4.20500000000002));
#26240=VERTEX_POINT('',#26230);
#26250=EDGE_CURVE('',#26140,#26240,#26220,.T.);
#26260=ORIENTED_EDGE('',*,*,#26250,.F.);
#26270=CARTESIAN_POINT('',(-3.97048958896016,0.765930490838862,-4.205));
#26280=DIRECTION('',(1.43185159909298E-15,1.,-7.34763812293423E-16));
#26290=VECTOR('',#26280,1.);
#26300=LINE('',#26270,#26290);
#26310=CARTESIAN_POINT('',(-3.97048958896016,1.16275370778496,-4.205));
#26320=VERTEX_POINT('',#26310);
#26330=EDGE_CURVE('',#26320,#26240,#26300,.T.);
#26340=ORIENTED_EDGE('',*,*,#26330,.T.);
#26350=CARTESIAN_POINT('',(-3.71478320743917,1.15051562459262,-4.205));
#26360=DIRECTION('',(-0.998856678503963,0.0478051859951585,
-6.37389557572454E-15));
#26370=VECTOR('',#26360,1.);
#26380=LINE('',#26350,#26370);
#26390=CARTESIAN_POINT('',(-3.97046178872531,1.16275237726832,
-4.20500000000002));
#26400=VERTEX_POINT('',#26390);
#26410=EDGE_CURVE('',#26400,#26320,#26380,.T.);
#26420=ORIENTED_EDGE('',*,*,#26410,.T.);
#26430=CARTESIAN_POINT('',(0.,0.972726452246774,-4.20500000000002));
#26440=DIRECTION('',(0.998856678503963,-0.0478051859951539,
4.5102810375397E-17));
#26450=VECTOR('',#26440,1.);
#26460=LINE('',#26430,#26450);
#26470=EDGE_CURVE('',#26400,#21570,#26460,.T.);
#26480=ORIENTED_EDGE('',*,*,#26470,.F.);
#26490=ORIENTED_EDGE('',*,*,#21600,.F.);
#26500=CARTESIAN_POINT('',(0.,1.10533899999993,-4.20500000000002));
#26510=DIRECTION('',(1.,4.68706735088987E-15,-4.33873497871557E-30));
#26520=VECTOR('',#26510,1.);
#26530=LINE('',#26500,#26520);
#26540=CARTESIAN_POINT('',(-3.84048958896016,1.10533899999991,
-4.20500000000002));
#26550=VERTEX_POINT('',#26540);
#26560=EDGE_CURVE('',#21590,#26550,#26530,.T.);
#26570=ORIENTED_EDGE('',*,*,#26560,.F.);
#26580=CARTESIAN_POINT('',(-4.94582858896002,0.,-4.20500000000002));
#26590=DIRECTION('',(0.707106781186544,0.707106781186551,
-6.93889390390723E-16));
#26600=VECTOR('',#26590,1.);
#26610=LINE('',#26580,#26600);
#26620=CARTESIAN_POINT('',(-3.79048958896016,1.15533899999987,-4.205));
#26630=VERTEX_POINT('',#26620);
#26640=EDGE_CURVE('',#26550,#26630,#26610,.T.);
#26650=ORIENTED_EDGE('',*,*,#26640,.F.);
#26660=CARTESIAN_POINT('',(-3.79048958896012,0.,-4.20500000000002));
#26670=DIRECTION('',(-4.68706735088986E-15,1.,-9.79685083057902E-16));
#26680=VECTOR('',#26670,1.);
#26690=LINE('',#26660,#26680);
#26700=CARTESIAN_POINT('',(-3.79048958896013,1.32533899999994,
-4.20500000000002));
#26710=VERTEX_POINT('',#26700);
#26720=EDGE_CURVE('',#26630,#26710,#26690,.T.);
#26730=ORIENTED_EDGE('',*,*,#26720,.F.);
#26740=CARTESIAN_POINT('',(0.,1.32533899999994,-4.20500000000002));
#26750=DIRECTION('',(1.,1.63507259138096E-15,-1.4791141972894E-30));
#26760=VECTOR('',#26750,1.);
#26770=LINE('',#26740,#26760);
#26780=CARTESIAN_POINT('',(-3.76481194533164,1.32533899999994,
-4.20500000000002));
#26790=VERTEX_POINT('',#26780);
#26800=EDGE_CURVE('',#26710,#26790,#26770,.T.);
#26810=ORIENTED_EDGE('',*,*,#26800,.F.);
#26820=CARTESIAN_POINT('',(-3.82048958896017,1.17533900000002,
-4.20500000000002));
#26830=DIRECTION('',(2.99932144364427E-32,7.34763812293426E-16,1.));
#26840=DIRECTION('',(1.22460635382237E-16,-1.,7.34763812293426E-16));
#26850=AXIS2_PLACEMENT_3D('',#26820,#26830,#26840);
#26860=CIRCLE('',#26850,0.16);
#26870=CARTESIAN_POINT('',(-3.82048958896017,1.33533900000002,
-4.20500000000002));
#26880=VERTEX_POINT('',#26870);
#26890=EDGE_CURVE('',#26790,#26880,#26860,.T.);
#26900=ORIENTED_EDGE('',*,*,#26890,.F.);
#26910=CARTESIAN_POINT('',(-2.78950032537759,1.33533900000002,
-4.20500000000002));
#26920=DIRECTION('',(1.,1.22460635382238E-16,-9.86076131526266E-32));
#26930=VECTOR('',#26920,1.);
#26940=LINE('',#26910,#26930);
#26950=EDGE_CURVE('',#26160,#26880,#26940,.T.);
#26960=ORIENTED_EDGE('',*,*,#26950,.T.);
#26970=EDGE_LOOP('',(#26960,#26900,#26810,#26730,#26650,#26570,#26490,
#26480,#26420,#26340,#26260,#26180));
#26980=FACE_OUTER_BOUND('',#26970,.T.);
#26990=ADVANCED_FACE('',(#26980),#26080,.T.);
#27000=CARTESIAN_POINT('',(-3.97048958896016,1.16217151036779,
-3.13000000000002));
#27010=DIRECTION('',(-1.,1.43185159909298E-15,-7.34763812293427E-16));
#27020=DIRECTION('',(-1.43185159909298E-15,-1.,4.8984254152895E-16));
#27030=AXIS2_PLACEMENT_3D('',#27000,#27010,#27020);
#27040=PLANE('',#27030);
#27050=CARTESIAN_POINT('',(-3.97048958896016,1.25533900000002,0.));
#27060=DIRECTION('',(7.34763812293426E-16,-9.79685083057902E-16,-1.));
#27070=VECTOR('',#27060,1.);
#27080=LINE('',#27050,#27070);
#27090=CARTESIAN_POINT('',(-3.97048958896018,1.25533900000001,
-2.85500000000002));
#27100=VERTEX_POINT('',#27090);
#27110=CARTESIAN_POINT('',(-3.97048958896016,1.25533900000001,
-3.00500000000002));
#27120=VERTEX_POINT('',#27110);
#27130=EDGE_CURVE('',#27100,#27120,#27080,.T.);
#27140=ORIENTED_EDGE('',*,*,#27130,.T.);
#27150=CARTESIAN_POINT('',(-3.97048958896016,0.765930490838864,
-2.85500000000002));
#27160=DIRECTION('',(-1.43185159909298E-15,-1.,9.79685083057902E-16));
#27170=VECTOR('',#27160,1.);
#27180=LINE('',#27150,#27170);
#27190=CARTESIAN_POINT('',(-3.97048958896016,1.16275370778497,
-2.85500000000002));
#27200=VERTEX_POINT('',#27190);
#27210=EDGE_CURVE('',#27100,#27200,#27180,.T.);
#27220=ORIENTED_EDGE('',*,*,#27210,.F.);
#27230=CARTESIAN_POINT('',(-3.97048958896016,1.16275370778497,
-3.06000000000002));
#27240=DIRECTION('',(7.34763812293426E-16,-7.46485721106813E-16,-1.));
#27250=VECTOR('',#27240,1.);
#27260=LINE('',#27230,#27250);
#27270=CARTESIAN_POINT('',(-3.97048958896016,1.16275370778497,
-3.00500000000002));
#27280=VERTEX_POINT('',#27270);
#27290=EDGE_CURVE('',#27200,#27280,#27260,.T.);
#27300=ORIENTED_EDGE('',*,*,#27290,.F.);
#27310=CARTESIAN_POINT('',(-3.97048958896016,0.765930490838864,
-3.00500000000002));
#27320=DIRECTION('',(-1.43185159909298E-15,-1.,4.89842541528951E-16));
#27330=VECTOR('',#27320,1.);
#27340=LINE('',#27310,#27330);
#27350=EDGE_CURVE('',#27120,#27280,#27340,.T.);
#27360=ORIENTED_EDGE('',*,*,#27350,.T.);
#27370=EDGE_LOOP('',(#27360,#27300,#27220,#27140));
#27380=FACE_OUTER_BOUND('',#27370,.T.);
#27390=ADVANCED_FACE('',(#27380),#27040,.T.);
#27400=CARTESIAN_POINT('',(-3.97048958896016,1.16217151036779,
-1.13000000000002));
#27410=DIRECTION('',(-1.,1.43185159909298E-15,-7.34763812293427E-16));
#27420=DIRECTION('',(-1.43185159909298E-15,-1.,4.8984254152895E-16));
#27430=AXIS2_PLACEMENT_3D('',#27400,#27410,#27420);
#27440=PLANE('',#27430);
#27450=CARTESIAN_POINT('',(-3.97048958896016,1.25533900000002,0.));
#27460=DIRECTION('',(7.34763812293426E-16,-9.79685083057902E-16,-1.));
#27470=VECTOR('',#27460,1.);
#27480=LINE('',#27450,#27470);
#27490=CARTESIAN_POINT('',(-3.97048958896018,1.25533900000001,
-0.855000000000016));
#27500=VERTEX_POINT('',#27490);
#27510=CARTESIAN_POINT('',(-3.97048958896016,1.25533900000001,
-1.00500000000001));
#27520=VERTEX_POINT('',#27510);
#27530=EDGE_CURVE('',#27500,#27520,#27480,.T.);
#27540=ORIENTED_EDGE('',*,*,#27530,.T.);
#27550=CARTESIAN_POINT('',(-3.97048958896016,0.765930490838866,
-0.855000000000017));
#27560=DIRECTION('',(-1.43185159909298E-15,-1.,9.79685083057902E-16));
#27570=VECTOR('',#27560,1.);
#27580=LINE('',#27550,#27570);
#27590=CARTESIAN_POINT('',(-3.97048958896016,1.16275370778497,
-0.855000000000017));
#27600=VERTEX_POINT('',#27590);
#27610=EDGE_CURVE('',#27500,#27600,#27580,.T.);
#27620=ORIENTED_EDGE('',*,*,#27610,.F.);
#27630=CARTESIAN_POINT('',(-3.97048958896016,1.16275370778497,
-1.06000000000002));
#27640=DIRECTION('',(7.34763812293426E-16,-7.46485721106813E-16,-1.));
#27650=VECTOR('',#27640,1.);
#27660=LINE('',#27630,#27650);
#27670=CARTESIAN_POINT('',(-3.97048958896016,1.16275370778497,
-1.00500000000002));
#27680=VERTEX_POINT('',#27670);
#27690=EDGE_CURVE('',#27600,#27680,#27660,.T.);
#27700=ORIENTED_EDGE('',*,*,#27690,.F.);
#27710=CARTESIAN_POINT('',(-3.97048958896016,0.765930490838866,
-1.00500000000002));
#27720=DIRECTION('',(-1.43185159909298E-15,-1.,4.89842541528951E-16));
#27730=VECTOR('',#27720,1.);
#27740=LINE('',#27710,#27730);
#27750=EDGE_CURVE('',#27520,#27680,#27740,.T.);
#27760=ORIENTED_EDGE('',*,*,#27750,.T.);
#27770=EDGE_LOOP('',(#27760,#27700,#27620,#27540));
#27780=FACE_OUTER_BOUND('',#27770,.T.);
#27790=ADVANCED_FACE('',(#27780),#27440,.T.);
#27800=CARTESIAN_POINT('',(-4.30048958896017,1.33533900000002,
-2.05500000000002));
#27810=DIRECTION('',(-1.22460635382238E-16,1.,-7.34763812293426E-16));
#27820=DIRECTION('',(-2.44921270764476E-16,7.34763812293426E-16,1.));
#27830=AXIS2_PLACEMENT_3D('',#27800,#27810,#27820);
#27840=PLANE('',#27830);
#27850=CARTESIAN_POINT('',(-2.7895003253776,1.33533900000002,
-2.05500000000002));
#27860=DIRECTION('',(-1.,-1.22460635382238E-16,1.06826222965723E-32));
#27870=VECTOR('',#27860,1.);
#27880=LINE('',#27850,#27870);
#27890=CARTESIAN_POINT('',(-3.82048958896017,1.33533900000002,
-2.05500000000002));
#27900=VERTEX_POINT('',#27890);
#27910=CARTESIAN_POINT('',(-4.25048958896017,1.33533900000002,
-2.05500000000002));
#27920=VERTEX_POINT('',#27910);
#27930=EDGE_CURVE('',#27900,#27920,#27880,.T.);
#27940=ORIENTED_EDGE('',*,*,#27930,.F.);
#27950=CARTESIAN_POINT('',(-4.25048958896017,1.33533900000002,
-2.00000000000002));
#27960=DIRECTION('',(-2.44921270764476E-16,7.34763812293426E-16,1.));
#27970=VECTOR('',#27960,1.);
#27980=LINE('',#27950,#27970);
#27990=CARTESIAN_POINT('',(-4.25048958896017,1.33533900000002,
-2.20500000000002));
#28000=VERTEX_POINT('',#27990);
#28010=EDGE_CURVE('',#28000,#27920,#27980,.T.);
#28020=ORIENTED_EDGE('',*,*,#28010,.T.);
#28030=CARTESIAN_POINT('',(-2.7895003253776,1.33533900000002,
-2.20500000000002));
#28040=DIRECTION('',(1.,1.22460635382238E-16,-9.86076131526266E-32));
#28050=VECTOR('',#28040,1.);
#28060=LINE('',#28030,#28050);
#28070=CARTESIAN_POINT('',(-3.82048958896017,1.33533900000002,
-2.20500000000002));
#28080=VERTEX_POINT('',#28070);
#28090=EDGE_CURVE('',#28000,#28080,#28060,.T.);
#28100=ORIENTED_EDGE('',*,*,#28090,.F.);
#28110=CARTESIAN_POINT('',(-3.82048958896017,1.33533900000002,
-2.00000000000002));
#28120=DIRECTION('',(2.99932144364427E-32,7.34763812293426E-16,1.));
#28130=VECTOR('',#28120,1.);
#28140=LINE('',#28110,#28130);
#28150=EDGE_CURVE('',#28080,#27900,#28140,.T.);
#28160=ORIENTED_EDGE('',*,*,#28150,.F.);
#28170=EDGE_LOOP('',(#28160,#28100,#28020,#27940));
#28180=FACE_OUTER_BOUND('',#28170,.T.);
#28190=ADVANCED_FACE('',(#28180),#27840,.T.);
#28200=CARTESIAN_POINT('',(-3.8919650229986,1.1294300236422,
-1.98319446435687));
#28210=DIRECTION('',(-0.998856678503963,0.0478051859951585,
-5.24408014730746E-16));
#28220=DIRECTION('',(-0.0478051859951585,-0.998856678503963,
7.10506727226188E-16));
#28230=AXIS2_PLACEMENT_3D('',#28200,#28210,#28220);
#28240=PLANE('',#28230);
#28250=CARTESIAN_POINT('',(-3.94601943692069,0.,-2.05500000000002));
#28260=DIRECTION('',(-0.0478051859951539,-0.998856678503963,
9.74914593498966E-16));
#28270=VECTOR('',#28260,1.);
#28280=LINE('',#28250,#28270);
#28290=CARTESIAN_POINT('',(-3.89055325444502,1.15892796238871,
-2.05500000000002));
#28300=VERTEX_POINT('',#28290);
#28310=CARTESIAN_POINT('',(-3.89311801710755,1.10533899999996,
-2.05500000000002));
#28320=VERTEX_POINT('',#28310);
#28330=EDGE_CURVE('',#28300,#28320,#28280,.T.);
#28340=ORIENTED_EDGE('',*,*,#28330,.F.);
#28350=CARTESIAN_POINT('',(-3.89311801710755,1.10533899999996,0.));
#28360=DIRECTION('',(-4.89842541528951E-16,7.34763812293426E-16,1.));
#28370=VECTOR('',#28360,1.);
#28380=LINE('',#28350,#28370);
#28390=CARTESIAN_POINT('',(-3.89311801710755,1.10533899999996,
-1.80500000000001));
#28400=VERTEX_POINT('',#28390);
#28410=EDGE_CURVE('',#28320,#28400,#28380,.T.);
#28420=ORIENTED_EDGE('',*,*,#28410,.F.);
#28430=CARTESIAN_POINT('',(-3.94601943692069,0.,-1.80500000000001));
#28440=DIRECTION('',(-0.0478051859951539,-0.998856678503963,
4.82253126321552E-16));
#28450=VECTOR('',#28440,1.);
#28460=LINE('',#28430,#28450);
#28470=CARTESIAN_POINT('',(-3.89055325444502,1.15892796238871,
-1.80500000000001));
#28480=VERTEX_POINT('',#28470);
#28490=EDGE_CURVE('',#28480,#28400,#28460,.T.);
#28500=ORIENTED_EDGE('',*,*,#28490,.T.);
#28510=CARTESIAN_POINT('',(-3.89055325444502,1.15892796238871,0.));
#28520=DIRECTION('',(4.89842541528951E-16,-7.34763812293426E-16,-1.));
#28530=VECTOR('',#28520,1.);
#28540=LINE('',#28510,#28530);
#28550=EDGE_CURVE('',#28480,#28300,#28540,.T.);
#28560=ORIENTED_EDGE('',*,*,#28550,.F.);
#28570=EDGE_LOOP('',(#28560,#28500,#28420,#28340));
#28580=FACE_OUTER_BOUND('',#28570,.T.);
#28590=ADVANCED_FACE('',(#28580),#28240,.F.);
#28600=CARTESIAN_POINT('',(-4.30048958896017,1.25533900000002,
-3.80500000000002));
#28610=DIRECTION('',(1.22460635382237E-16,-1.,9.79685083057902E-16));
#28620=DIRECTION('',(2.44921270764476E-16,-9.79685083057902E-16,-1.));
#28630=AXIS2_PLACEMENT_3D('',#28600,#28610,#28620);
#28640=PLANE('',#28630);
#28650=CARTESIAN_POINT('',(-2.78950032537759,1.25533900000002,
-3.80500000000001));
#28660=DIRECTION('',(1.,1.22460635382237E-16,-9.86076131526265E-32));
#28670=VECTOR('',#28660,1.);
#28680=LINE('',#28650,#28670);
#28690=CARTESIAN_POINT('',(-4.25048958896017,1.25533900000002,
-3.80500000000001));
#28700=VERTEX_POINT('',#28690);
#28710=CARTESIAN_POINT('',(-3.97048958896016,1.25533900000001,
-3.80500000000001));
#28720=VERTEX_POINT('',#28710);
#28730=EDGE_CURVE('',#28700,#28720,#28680,.T.);
#28740=ORIENTED_EDGE('',*,*,#28730,.T.);
#28750=CARTESIAN_POINT('',(-4.25048958896017,1.25533900000002,
-3.60000000000001));
#28760=DIRECTION('',(2.44921270764476E-16,-9.79685083057902E-16,-1.));
#28770=VECTOR('',#28760,1.);
#28780=LINE('',#28750,#28770);
#28790=EDGE_CURVE('',#13060,#28700,#28780,.T.);
#28800=ORIENTED_EDGE('',*,*,#28790,.T.);
#28810=ORIENTED_EDGE('',*,*,#13070,.F.);
#28820=CARTESIAN_POINT('',(-3.97048958896016,1.25533900000002,0.));
#28830=DIRECTION('',(7.34763812293426E-16,-9.79685083057902E-16,-1.));
#28840=VECTOR('',#28830,1.);
#28850=LINE('',#28820,#28840);
#28860=EDGE_CURVE('',#12980,#28720,#28850,.T.);
#28870=ORIENTED_EDGE('',*,*,#28860,.F.);
#28880=EDGE_LOOP('',(#28870,#28810,#28800,#28740));
#28890=FACE_OUTER_BOUND('',#28880,.T.);
#28900=ADVANCED_FACE('',(#28890),#28640,.T.);
#28910=CARTESIAN_POINT('',(-2.57341220317929,1.16165663364027,
-5.32519026233275));
#28920=DIRECTION('',(-0.0478051859951587,0.998856678503963,
-5.06565230622445E-16));
#28930=DIRECTION('',(-0.998856678503963,-0.0478051859951587,
-4.5418042979937E-16));
#28940=AXIS2_PLACEMENT_3D('',#28910,#28920,#28930);
#28950=PLANE('',#28940);
#28960=CARTESIAN_POINT('',(0.,1.28481989786295,-5.25500000000001));
#28970=DIRECTION('',(0.998856678503962,0.0478051859951633,
6.07153216591882E-15));
#28980=VECTOR('',#28970,1.);
#28990=LINE('',#28960,#28980);
#29000=CARTESIAN_POINT('',(-2.63042592347529,1.15892796238871,
-5.25500000000002));
#29010=VERTEX_POINT('',#29000);
#29020=CARTESIAN_POINT('',(-2.550517389195,1.16275237726832,
-5.25500000000002));
#29030=VERTEX_POINT('',#29020);
#29040=EDGE_CURVE('',#29010,#29030,#28990,.T.);
#29050=ORIENTED_EDGE('',*,*,#29040,.F.);
#29060=CARTESIAN_POINT('',(-2.550517389195,1.16275237726832,
-5.00500000000001));
#29070=VERTEX_POINT('',#29060);
#29080=EDGE_CURVE('',#29030,#29070,#10270,.T.);
#29090=ORIENTED_EDGE('',*,*,#29080,.F.);
#29100=CARTESIAN_POINT('',(0.,1.28481989786295,-5.00500000000001));
#29110=DIRECTION('',(-0.998856678503962,-0.0478051859951633,
-2.22044604925031E-16));
#29120=VECTOR('',#29110,1.);
#29130=LINE('',#29100,#29120);
#29140=CARTESIAN_POINT('',(-2.63042592347529,1.15892796238874,
-5.00500000000001));
#29150=VERTEX_POINT('',#29140);
#29160=EDGE_CURVE('',#29070,#29150,#29130,.T.);
#29170=ORIENTED_EDGE('',*,*,#29160,.F.);
#29180=CARTESIAN_POINT('',(-2.63042592347529,1.15892796238875,0.));
#29190=DIRECTION('',(-4.7785417095077E-16,4.84275005124934E-16,1.));
#29200=VECTOR('',#29190,1.);
#29210=LINE('',#29180,#29200);
#29220=EDGE_CURVE('',#29010,#29150,#29210,.T.);
#29230=ORIENTED_EDGE('',*,*,#29220,.T.);
#29240=EDGE_LOOP('',(#29230,#29170,#29090,#29050));
#29250=FACE_OUTER_BOUND('',#29240,.T.);
#29260=ADVANCED_FACE('',(#29250),#28950,.T.);
#29270=CARTESIAN_POINT('',(-3.94756697474104,1.16165663364028,
-2.53480973766728));
#29280=DIRECTION('',(0.0478051859951585,0.998856678503963,
-9.72990758345263E-16));
#29290=DIRECTION('',(0.998856678503963,-0.0478051859951585,
2.79790224206995E-16));
#29300=AXIS2_PLACEMENT_3D('',#29270,#29280,#29290);
#29310=PLANE('',#29300);
#29320=CARTESIAN_POINT('',(-3.89055325444502,1.15892796238871,0.));
#29330=DIRECTION('',(-9.79602902190764E-19,7.11366878368739E-16,1.));
#29340=VECTOR('',#29330,1.);
#29350=LINE('',#29320,#29340);
#29360=CARTESIAN_POINT('',(-3.89055325444502,1.15892796238871,
-2.45500000000002));
#29370=VERTEX_POINT('',#29360);
#29380=CARTESIAN_POINT('',(-3.89055325444502,1.15892796238871,
-2.20500000000002));
#29390=VERTEX_POINT('',#29380);
#29400=EDGE_CURVE('',#29370,#29390,#29350,.T.);
#29410=ORIENTED_EDGE('',*,*,#29400,.F.);
#29420=CARTESIAN_POINT('',(0.,0.972726452246775,-2.20500000000002));
#29430=DIRECTION('',(0.998856678503963,-0.0478051859951539,
2.63677968348475E-16));
#29440=VECTOR('',#29430,1.);
#29450=LINE('',#29420,#29440);
#29460=CARTESIAN_POINT('',(-3.97046178872531,1.16275237726837,
-2.20500000000002));
#29470=VERTEX_POINT('',#29460);
#29480=EDGE_CURVE('',#29470,#29390,#29450,.T.);
#29490=ORIENTED_EDGE('',*,*,#29480,.T.);
#29500=CARTESIAN_POINT('',(-3.97046178872531,1.16275237726837,0.));
#29510=DIRECTION('',(-4.77294443600546E-16,9.96947739777356E-16,1.));
#29520=VECTOR('',#29510,1.);
#29530=LINE('',#29500,#29520);
#29540=CARTESIAN_POINT('',(-3.97046178872531,1.16275237726837,
-2.45500000000002));
#29550=VERTEX_POINT('',#29540);
#29560=EDGE_CURVE('',#29550,#29470,#29530,.T.);
#29570=ORIENTED_EDGE('',*,*,#29560,.T.);
#29580=CARTESIAN_POINT('',(0.,0.972726452246775,-2.45500000000002));
#29590=DIRECTION('',(0.998856678503963,-0.0478051859951539,
4.5102810375397E-17));
#29600=VECTOR('',#29590,1.);
#29610=LINE('',#29580,#29600);
#29620=EDGE_CURVE('',#29550,#29370,#29610,.T.);
#29630=ORIENTED_EDGE('',*,*,#29620,.F.);
#29640=EDGE_LOOP('',(#29630,#29570,#29490,#29410));
#29650=FACE_OUTER_BOUND('',#29640,.T.);
#29660=ADVANCED_FACE('',(#29650),#29310,.T.);
#29670=CARTESIAN_POINT('',(-4.30048958896017,1.33533900000002,
-1.65500000000002));
#29680=DIRECTION('',(-1.22460635382238E-16,1.,-7.34763812293426E-16));
#29690=DIRECTION('',(-2.44921270764476E-16,7.34763812293426E-16,1.));
#29700=AXIS2_PLACEMENT_3D('',#29670,#29680,#29690);
#29710=PLANE('',#29700);
#29720=CARTESIAN_POINT('',(-2.7895003253776,1.33533900000002,
-1.65500000000002));
#29730=DIRECTION('',(-1.,-1.22460635382238E-16,1.06826222965723E-32));
#29740=VECTOR('',#29730,1.);
#29750=LINE('',#29720,#29740);
#29760=CARTESIAN_POINT('',(-3.82048958896017,1.33533900000002,
-1.65500000000002));
#29770=VERTEX_POINT('',#29760);
#29780=CARTESIAN_POINT('',(-4.25048958896017,1.33533900000002,
-1.65500000000002));
#29790=VERTEX_POINT('',#29780);
#29800=EDGE_CURVE('',#29770,#29790,#29750,.T.);
#29810=ORIENTED_EDGE('',*,*,#29800,.F.);
#29820=CARTESIAN_POINT('',(-4.25048958896017,1.33533900000002,
-1.60000000000002));
#29830=DIRECTION('',(-2.44921270764476E-16,7.34763812293426E-16,1.));
#29840=VECTOR('',#29830,1.);
#29850=LINE('',#29820,#29840);
#29860=CARTESIAN_POINT('',(-4.25048958896017,1.33533900000002,
-1.80500000000001));
#29870=VERTEX_POINT('',#29860);
#29880=EDGE_CURVE('',#29870,#29790,#29850,.T.);
#29890=ORIENTED_EDGE('',*,*,#29880,.T.);
#29900=CARTESIAN_POINT('',(-2.7895003253776,1.33533900000002,
-1.80500000000001));
#29910=DIRECTION('',(1.,1.22460635382238E-16,-9.86076131526266E-32));
#29920=VECTOR('',#29910,1.);
#29930=LINE('',#29900,#29920);
#29940=CARTESIAN_POINT('',(-3.82048958896017,1.33533900000002,
-1.80500000000001));
#29950=VERTEX_POINT('',#29940);
#29960=EDGE_CURVE('',#29870,#29950,#29930,.T.);
#29970=ORIENTED_EDGE('',*,*,#29960,.F.);
#29980=CARTESIAN_POINT('',(-3.82048958896017,1.33533900000002,
-1.60000000000002));
#29990=DIRECTION('',(2.99932144364427E-32,7.34763812293426E-16,1.));
#30000=VECTOR('',#29990,1.);
#30010=LINE('',#29980,#30000);
#30020=EDGE_CURVE('',#29950,#29770,#30010,.T.);
#30030=ORIENTED_EDGE('',*,*,#30020,.F.);
#30040=EDGE_LOOP('',(#30030,#29970,#29890,#29810));
#30050=FACE_OUTER_BOUND('',#30040,.T.);
#30060=ADVANCED_FACE('',(#30050),#29710,.T.);
#30070=CARTESIAN_POINT('',(-4.30048958896017,1.25533900000002,
-2.20500000000002));
#30080=DIRECTION('',(1.22460635382237E-16,-1.,9.79685083057902E-16));
#30090=DIRECTION('',(2.44921270764476E-16,-9.79685083057902E-16,-1.));
#30100=AXIS2_PLACEMENT_3D('',#30070,#30080,#30090);
#30110=PLANE('',#30100);
#30120=CARTESIAN_POINT('',(-2.7895003253776,1.25533900000002,
-2.20500000000002));
#30130=DIRECTION('',(1.,1.22460635382237E-16,-9.86076131526265E-32));
#30140=VECTOR('',#30130,1.);
#30150=LINE('',#30120,#30140);
#30160=CARTESIAN_POINT('',(-4.25048958896017,1.25533900000002,
-2.20500000000002));
#30170=VERTEX_POINT('',#30160);
#30180=CARTESIAN_POINT('',(-3.97048958896016,1.25533900000001,
-2.20500000000002));
#30190=VERTEX_POINT('',#30180);
#30200=EDGE_CURVE('',#30170,#30190,#30150,.T.);
#30210=ORIENTED_EDGE('',*,*,#30200,.T.);
#30220=CARTESIAN_POINT('',(-4.25048958896017,1.25533900000002,
-2.00000000000002));
#30230=DIRECTION('',(2.44921270764476E-16,-9.79685083057902E-16,-1.));
#30240=VECTOR('',#30230,1.);
#30250=LINE('',#30220,#30240);
#30260=CARTESIAN_POINT('',(-4.25048958896017,1.25533900000002,
-2.05500000000002));
#30270=VERTEX_POINT('',#30260);
#30280=EDGE_CURVE('',#30270,#30170,#30250,.T.);
#30290=ORIENTED_EDGE('',*,*,#30280,.T.);
#30300=CARTESIAN_POINT('',(-2.7895003253776,1.25533900000002,
-2.05500000000002));
#30310=DIRECTION('',(1.,1.22460635382237E-16,-1.06826222965723E-32));
#30320=VECTOR('',#30310,1.);
#30330=LINE('',#30300,#30320);
#30340=CARTESIAN_POINT('',(-3.97048958896018,1.25533900000001,
-2.05500000000002));
#30350=VERTEX_POINT('',#30340);
#30360=EDGE_CURVE('',#30270,#30350,#30330,.T.);
#30370=ORIENTED_EDGE('',*,*,#30360,.F.);
#30380=CARTESIAN_POINT('',(-3.97048958896016,1.25533900000002,0.));
#30390=DIRECTION('',(7.34763812293426E-16,-9.79685083057902E-16,-1.));
#30400=VECTOR('',#30390,1.);
#30410=LINE('',#30380,#30400);
#30420=EDGE_CURVE('',#30350,#30190,#30410,.T.);
#30430=ORIENTED_EDGE('',*,*,#30420,.F.);
#30440=EDGE_LOOP('',(#30430,#30370,#30290,#30210));
#30450=FACE_OUTER_BOUND('',#30440,.T.);
#30460=ADVANCED_FACE('',(#30450),#30110,.T.);
#30470=CARTESIAN_POINT('',(-3.33625420622574,1.26042068432362,
-5.40500000000002));
#30480=DIRECTION('',(2.44921270764476E-16,-4.89842541528951E-16,-1.));
#30490=DIRECTION('',(1.,1.22460635382238E-16,2.44921270764476E-16));
#30500=AXIS2_PLACEMENT_3D('',#30470,#30480,#30490);
#30510=PLANE('',#30500);
#30520=CARTESIAN_POINT('',(0.,1.32533899999994,-5.40500000000002));
#30530=DIRECTION('',(1.,1.63507259138096E-15,2.44921270764475E-16));
#30540=VECTOR('',#30530,1.);
#30550=LINE('',#30520,#30540);
#30560=CARTESIAN_POINT('',(-3.79048958896013,1.32533899999993,
-5.40500000000002));
#30570=VERTEX_POINT('',#30560);
#30580=CARTESIAN_POINT('',(-3.76481194533164,1.32533899999993,
-5.40500000000002));
#30590=VERTEX_POINT('',#30580);
#30600=EDGE_CURVE('',#30570,#30590,#30550,.T.);
#30610=ORIENTED_EDGE('',*,*,#30600,.F.);
#30620=CARTESIAN_POINT('',(-3.82048958896017,1.17533900000002,
-5.40500000000002));
#30630=DIRECTION('',(2.99932144364427E-32,7.34763812293426E-16,1.));
#30640=DIRECTION('',(1.22460635382237E-16,-1.,7.34763812293426E-16));
#30650=AXIS2_PLACEMENT_3D('',#30620,#30630,#30640);
#30660=CIRCLE('',#30650,0.16);
#30670=CARTESIAN_POINT('',(-3.82048958896017,1.33533900000002,
-5.40500000000002));
#30680=VERTEX_POINT('',#30670);
#30690=EDGE_CURVE('',#30590,#30680,#30660,.T.);
#30700=ORIENTED_EDGE('',*,*,#30690,.F.);
#30710=CARTESIAN_POINT('',(-2.78950032537759,1.33533900000002,
-5.40500000000002));
#30720=DIRECTION('',(1.,1.22460635382238E-16,-9.86076131526266E-32));
#30730=VECTOR('',#30720,1.);
#30740=LINE('',#30710,#30730);
#30750=CARTESIAN_POINT('',(-4.25048958896017,1.33533900000002,
-5.40500000000002));
#30760=VERTEX_POINT('',#30750);
#30770=EDGE_CURVE('',#30760,#30680,#30740,.T.);
#30780=ORIENTED_EDGE('',*,*,#30770,.T.);
#30790=CARTESIAN_POINT('',(-4.25048958896017,0.125490534175959,
-5.40500000000001));
#30800=DIRECTION('',(-1.22460635382237E-16,1.,-9.79685083057902E-16));
#30810=VECTOR('',#30800,1.);
#30820=LINE('',#30790,#30810);
#30830=CARTESIAN_POINT('',(-4.25048958896017,1.25533900000002,
-5.40500000000002));
#30840=VERTEX_POINT('',#30830);
#30850=EDGE_CURVE('',#30840,#30760,#30820,.T.);
#30860=ORIENTED_EDGE('',*,*,#30850,.T.);
#30870=CARTESIAN_POINT('',(-2.78950032537759,1.25533900000002,
-5.40500000000002));
#30880=DIRECTION('',(1.,1.22460635382237E-16,-9.86076131526265E-32));
#30890=VECTOR('',#30880,1.);
#30900=LINE('',#30870,#30890);
#30910=CARTESIAN_POINT('',(-3.97048958896016,1.25533900000001,
-5.40500000000002));
#30920=VERTEX_POINT('',#30910);
#30930=EDGE_CURVE('',#30840,#30920,#30900,.T.);
#30940=ORIENTED_EDGE('',*,*,#30930,.F.);
#30950=CARTESIAN_POINT('',(-3.97048958896016,0.765930490838862,
-5.40500000000002));
#30960=DIRECTION('',(-1.43185159909298E-15,-1.,4.89842541528951E-16));
#30970=VECTOR('',#30960,1.);
#30980=LINE('',#30950,#30970);
#30990=CARTESIAN_POINT('',(-3.97048958896016,1.16275370778497,
-5.40500000000002));
#31000=VERTEX_POINT('',#30990);
#31010=EDGE_CURVE('',#30920,#31000,#30980,.T.);
#31020=ORIENTED_EDGE('',*,*,#31010,.F.);
#31030=CARTESIAN_POINT('',(-2.80619597048116,1.10703072551715,
-5.40500000000002));
#31040=DIRECTION('',(0.998856678503963,-0.0478051859951555,
2.68058260816905E-16));
#31050=VECTOR('',#31040,1.);
#31060=LINE('',#31030,#31050);
#31070=CARTESIAN_POINT('',(-3.97046178872531,1.16275237726836,
-5.40500000000002));
#31080=VERTEX_POINT('',#31070);
#31090=EDGE_CURVE('',#31000,#31080,#31060,.T.);
#31100=ORIENTED_EDGE('',*,*,#31090,.F.);
#31110=CARTESIAN_POINT('',(0.,0.972726452246773,-5.40500000000002));
#31120=DIRECTION('',(0.998856678503963,-0.0478051859951539,
2.63677968348475E-16));
#31130=VECTOR('',#31120,1.);
#31140=LINE('',#31110,#31130);
#31150=CARTESIAN_POINT('',(-3.89055325444501,1.15892796238871,
-5.40500000000002));
#31160=VERTEX_POINT('',#31150);
#31170=EDGE_CURVE('',#31080,#31160,#31140,.T.);
#31180=ORIENTED_EDGE('',*,*,#31170,.F.);
#31190=CARTESIAN_POINT('',(-3.94601943692068,0.,-5.40500000000002));
#31200=DIRECTION('',(-0.0478051859951539,-0.998856678503963,
4.82253126321552E-16));
#31210=VECTOR('',#31200,1.);
#31220=LINE('',#31190,#31210);
#31230=CARTESIAN_POINT('',(-3.89311801710754,1.10533899999996,
-5.40500000000002));
#31240=VERTEX_POINT('',#31230);
#31250=EDGE_CURVE('',#31160,#31240,#31220,.T.);
#31260=ORIENTED_EDGE('',*,*,#31250,.F.);
#31270=CARTESIAN_POINT('',(0.,1.10533899999993,-5.40500000000002));
#31280=DIRECTION('',(1.,4.68706735088987E-15,2.44921270764474E-16));
#31290=VECTOR('',#31280,1.);
#31300=LINE('',#31270,#31290);
#31310=CARTESIAN_POINT('',(-3.84048958896022,1.10533899999991,
-5.40500000000002));
#31320=VERTEX_POINT('',#31310);
#31330=EDGE_CURVE('',#31240,#31320,#31300,.T.);
#31340=ORIENTED_EDGE('',*,*,#31330,.F.);
#31350=CARTESIAN_POINT('',(-4.94582858896002,0.,-5.40500000000002));
#31360=DIRECTION('',(0.707106781186544,0.707106781186551,
-1.38777878078145E-16));
#31370=VECTOR('',#31360,1.);
#31380=LINE('',#31350,#31370);
#31390=CARTESIAN_POINT('',(-3.79048958896018,1.15533899999985,
-5.40500000000002));
#31400=VERTEX_POINT('',#31390);
#31410=EDGE_CURVE('',#31320,#31400,#31380,.T.);
#31420=ORIENTED_EDGE('',*,*,#31410,.F.);
#31430=CARTESIAN_POINT('',(-3.79048958896012,0.,-5.40500000000002));
#31440=DIRECTION('',(-4.68706735088986E-15,1.,-4.89842541528952E-16));
#31450=VECTOR('',#31440,1.);
#31460=LINE('',#31430,#31450);
#31470=EDGE_CURVE('',#31400,#30570,#31460,.T.);
#31480=ORIENTED_EDGE('',*,*,#31470,.F.);
#31490=EDGE_LOOP('',(#31480,#31420,#31340,#31260,#31180,#31100,#31020,
#30940,#30860,#30780,#30700,#30610));
#31500=FACE_OUTER_BOUND('',#31490,.T.);
#31510=ADVANCED_FACE('',(#31500),#30510,.T.);
#31520=CARTESIAN_POINT('',(-3.89055325444502,1.15892796238875,
-2.67000000000002));
#31530=DIRECTION('',(0.0478051859951555,0.998856678503963,
-7.1050672722619E-16));
#31540=DIRECTION('',(-9.78705480155711E-16,7.58160746218114E-16,1.));
#31550=AXIS2_PLACEMENT_3D('',#31520,#31530,#31540);
#31560=PLANE('',#31550);
#31570=CARTESIAN_POINT('',(-2.80619597048117,1.10703072551716,
-2.60500000000001));
#31580=DIRECTION('',(0.998856678503963,-0.0478051859951555,
2.68058260816905E-16));
#31590=VECTOR('',#31580,1.);
#31600=LINE('',#31570,#31590);
#31610=CARTESIAN_POINT('',(-3.97048958896016,1.16275370778497,
-2.60500000000001));
#31620=VERTEX_POINT('',#31610);
#31630=CARTESIAN_POINT('',(-3.97046178872531,1.16275237726836,
-2.60500000000002));
#31640=VERTEX_POINT('',#31630);
#31650=EDGE_CURVE('',#31620,#31640,#31600,.T.);
#31660=ORIENTED_EDGE('',*,*,#31650,.T.);
#31670=CARTESIAN_POINT('',(-3.97048958896016,1.16275370778497,
-2.66000000000001));
#31680=DIRECTION('',(7.34763812293426E-16,-7.46485721106813E-16,-1.));
#31690=VECTOR('',#31680,1.);
#31700=LINE('',#31670,#31690);
#31710=CARTESIAN_POINT('',(-3.97048958896016,1.16275370778497,
-2.45500000000002));
#31720=VERTEX_POINT('',#31710);
#31730=EDGE_CURVE('',#31720,#31620,#31700,.T.);
#31740=ORIENTED_EDGE('',*,*,#31730,.T.);
#31750=CARTESIAN_POINT('',(-2.80619597048117,1.10703072551716,
-2.45500000000002));
#31760=DIRECTION('',(0.998856678503963,-0.0478051859951555,
4.94831028438272E-17));
#31770=VECTOR('',#31760,1.);
#31780=LINE('',#31750,#31770);
#31790=EDGE_CURVE('',#31720,#29550,#31780,.T.);
#31800=ORIENTED_EDGE('',*,*,#31790,.F.);
#31810=CARTESIAN_POINT('',(-3.97046178872531,1.16275237726836,0.));
#31820=DIRECTION('',(-4.89842541528951E-16,7.34763812293426E-16,1.));
#31830=VECTOR('',#31820,1.);
#31840=LINE('',#31810,#31830);
#31850=EDGE_CURVE('',#31640,#29550,#31840,.T.);
#31860=ORIENTED_EDGE('',*,*,#31850,.T.);
#31870=EDGE_LOOP('',(#31860,#31800,#31740,#31660));
#31880=FACE_OUTER_BOUND('',#31870,.T.);
#31890=ADVANCED_FACE('',(#31880),#31560,.F.);
#31900=CARTESIAN_POINT('',(-2.70048958896017,1.17533900000001,
-4.26000000000001));
#31910=DIRECTION('',(2.44921270764476E-16,-7.34763812293426E-16,-1.));
#31920=DIRECTION('',(1.22460635382238E-16,-1.,7.34763812293426E-16));
#31930=AXIS2_PLACEMENT_3D('',#31900,#31910,#31920);
#31940=CYLINDRICAL_SURFACE('',#31930,0.16);
#31950=CARTESIAN_POINT('',(-2.70048958896017,1.17533900000001,
-4.05500000000002));
#31960=DIRECTION('',(2.44921270764476E-16,-7.34763812293426E-16,-1.));
#31970=DIRECTION('',(1.22460635382238E-16,-1.,7.34763812293426E-16));
#31980=AXIS2_PLACEMENT_3D('',#31950,#31960,#31970);
#31990=CIRCLE('',#31980,0.16);
#32000=CARTESIAN_POINT('',(-2.75616723258867,1.32533899999994,-4.055));
#32010=VERTEX_POINT('',#32000);
#32020=CARTESIAN_POINT('',(-2.70048958896017,1.33533900000001,
-4.05500000000002));
#32030=VERTEX_POINT('',#32020);
#32040=EDGE_CURVE('',#32010,#32030,#31990,.T.);
#32050=ORIENTED_EDGE('',*,*,#32040,.T.);
#32060=CARTESIAN_POINT('',(-2.75616723258867,1.32533899999994,
-4.26000000000001));
#32070=DIRECTION('',(2.44921270764476E-16,-7.34763812293426E-16,-1.));
#32080=VECTOR('',#32070,1.);
#32090=LINE('',#32060,#32080);
#32100=CARTESIAN_POINT('',(-2.75616723258867,1.32533899999994,
-4.20500000000001));
#32110=VERTEX_POINT('',#32100);
#32120=EDGE_CURVE('',#32010,#32110,#32090,.T.);
#32130=ORIENTED_EDGE('',*,*,#32120,.F.);
#32140=CARTESIAN_POINT('',(-2.70048958896017,1.17533900000001,
-4.20500000000001));
#32150=DIRECTION('',(2.44921270764476E-16,-7.34763812293426E-16,-1.));
#32160=DIRECTION('',(1.22460635382238E-16,-1.,7.34763812293426E-16));
#32170=AXIS2_PLACEMENT_3D('',#32140,#32150,#32160);
#32180=CIRCLE('',#32170,0.16);
#32190=CARTESIAN_POINT('',(-2.70048958896017,1.33533900000001,
-4.20500000000001));
#32200=VERTEX_POINT('',#32190);
#32210=EDGE_CURVE('',#32110,#32200,#32180,.T.);
#32220=ORIENTED_EDGE('',*,*,#32210,.F.);
#32230=CARTESIAN_POINT('',(-2.70048958896017,1.33533900000001,
-4.26000000000001));
#32240=DIRECTION('',(2.44921270764476E-16,-7.34763812293426E-16,-1.));
#32250=VECTOR('',#32240,1.);
#32260=LINE('',#32230,#32250);
#32270=EDGE_CURVE('',#32030,#32200,#32260,.T.);
#32280=ORIENTED_EDGE('',*,*,#32270,.T.);
#32290=EDGE_LOOP('',(#32280,#32220,#32130,#32050));
#32300=FACE_OUTER_BOUND('',#32290,.T.);
#32310=ADVANCED_FACE('',(#32300),#31940,.T.);
#32320=CARTESIAN_POINT('',(-2.22048958896017,1.33533900000001,
-1.40500000000002));
#32330=DIRECTION('',(-1.22460635382237E-16,1.,-7.34763812293426E-16));
#32340=DIRECTION('',(4.89842541528951E-16,-7.34763812293426E-16,-1.));
#32350=AXIS2_PLACEMENT_3D('',#32320,#32330,#32340);
#32360=PLANE('',#32350);
#32370=CARTESIAN_POINT('',(-3.73147885254274,1.33533900000001,
-1.40500000000002));
#32380=DIRECTION('',(1.,1.22460635382238E-16,2.44921270764476E-16));
#32390=VECTOR('',#32380,1.);
#32400=LINE('',#32370,#32390);
#32410=CARTESIAN_POINT('',(-2.70048958896017,1.33533900000001,
-1.40500000000002));
#32420=VERTEX_POINT('',#32410);
#32430=CARTESIAN_POINT('',(-2.27048958896017,1.33533900000001,
-1.40500000000002));
#32440=VERTEX_POINT('',#32430);
#32450=EDGE_CURVE('',#32420,#32440,#32400,.T.);
#32460=ORIENTED_EDGE('',*,*,#32450,.F.);
#32470=CARTESIAN_POINT('',(-2.27048958896017,1.33533900000001,
-1.46000000000002));
#32480=DIRECTION('',(4.89842541528951E-16,-7.34763812293426E-16,-1.));
#32490=VECTOR('',#32480,1.);
#32500=LINE('',#32470,#32490);
#32510=EDGE_CURVE('',#17940,#32440,#32500,.T.);
#32520=ORIENTED_EDGE('',*,*,#32510,.T.);
#32530=ORIENTED_EDGE('',*,*,#18820,.F.);
#32540=CARTESIAN_POINT('',(-2.70048958896017,1.33533900000001,
-1.46000000000002));
#32550=DIRECTION('',(2.44921270764476E-16,-7.34763812293426E-16,-1.));
#32560=VECTOR('',#32550,1.);
#32570=LINE('',#32540,#32560);
#32580=EDGE_CURVE('',#18750,#32420,#32570,.T.);
#32590=ORIENTED_EDGE('',*,*,#32580,.F.);
#32600=EDGE_LOOP('',(#32590,#32530,#32520,#32460));
#32610=FACE_OUTER_BOUND('',#32600,.T.);
#32620=ADVANCED_FACE('',(#32610),#32360,.T.);
#32630=CARTESIAN_POINT('',(-3.79048958896017,1.09533900000002,
-1.25500000000002));
#32640=DIRECTION('',(1.09290235449198E-31,-9.79685083057902E-16,-1.));
#32650=DIRECTION('',(1.,1.22460635382237E-16,-1.06826222965723E-32));
#32660=AXIS2_PLACEMENT_3D('',#32630,#32640,#32650);
#32670=PLANE('',#32660);
#32680=CARTESIAN_POINT('',(-4.94582858896003,0.,-1.25500000000002));
#32690=DIRECTION('',(0.707106781186544,0.707106781186551,
-6.93889390390723E-16));
#32700=VECTOR('',#32690,1.);
#32710=LINE('',#32680,#32700);
#32720=CARTESIAN_POINT('',(-3.84048958896022,1.10533899999992,
-1.25500000000002));
#32730=VERTEX_POINT('',#32720);
#32740=CARTESIAN_POINT('',(-3.79048958896018,1.15533899999986,
-1.25500000000002));
#32750=VERTEX_POINT('',#32740);
#32760=EDGE_CURVE('',#32730,#32750,#32710,.T.);
#32770=ORIENTED_EDGE('',*,*,#32760,.T.);
#32780=CARTESIAN_POINT('',(0.,1.10533899999993,-1.25500000000002));
#32790=DIRECTION('',(1.,4.68706735088987E-15,-4.33873497871557E-30));
#32800=VECTOR('',#32790,1.);
#32810=LINE('',#32780,#32800);
#32820=CARTESIAN_POINT('',(-3.89311801710755,1.10533899999996,
-1.25500000000002));
#32830=VERTEX_POINT('',#32820);
#32840=EDGE_CURVE('',#32830,#32730,#32810,.T.);
#32850=ORIENTED_EDGE('',*,*,#32840,.T.);
#32860=CARTESIAN_POINT('',(-3.94601943692069,0.,-1.25500000000002));
#32870=DIRECTION('',(-0.0478051859951539,-0.998856678503963,
9.74914593498966E-16));
#32880=VECTOR('',#32870,1.);
#32890=LINE('',#32860,#32880);
#32900=CARTESIAN_POINT('',(-3.89055325444502,1.15892796238871,
-1.25500000000002));
#32910=VERTEX_POINT('',#32900);
#32920=EDGE_CURVE('',#32910,#32830,#32890,.T.);
#32930=ORIENTED_EDGE('',*,*,#32920,.T.);
#32940=CARTESIAN_POINT('',(0.,0.972726452246776,-1.25500000000002));
#32950=DIRECTION('',(0.998856678503963,-0.0478051859951539,
4.5102810375397E-17));
#32960=VECTOR('',#32950,1.);
#32970=LINE('',#32940,#32960);
#32980=CARTESIAN_POINT('',(-3.97046178872531,1.16275237726837,
-1.25500000000002));
#32990=VERTEX_POINT('',#32980);
#33000=EDGE_CURVE('',#32990,#32910,#32970,.T.);
#33010=ORIENTED_EDGE('',*,*,#33000,.T.);
#33020=CARTESIAN_POINT('',(-2.80619597048117,1.10703072551716,
-1.25500000000002));
#33030=DIRECTION('',(0.998856678503963,-0.0478051859951555,
4.94831028438272E-17));
#33040=VECTOR('',#33030,1.);
#33050=LINE('',#33020,#33040);
#33060=CARTESIAN_POINT('',(-3.97048958896016,1.16275370778497,
-1.25500000000002));
#33070=VERTEX_POINT('',#33060);
#33080=EDGE_CURVE('',#33070,#32990,#33050,.T.);
#33090=ORIENTED_EDGE('',*,*,#33080,.T.);
#33100=CARTESIAN_POINT('',(-3.97048958896016,0.765930490838865,
-1.25500000000002));
#33110=DIRECTION('',(-1.43185159909298E-15,-1.,9.79685083057902E-16));
#33120=VECTOR('',#33110,1.);
#33130=LINE('',#33100,#33120);
#33140=CARTESIAN_POINT('',(-3.97048958896018,1.25533900000001,
-1.25500000000002));
#33150=VERTEX_POINT('',#33140);
#33160=EDGE_CURVE('',#33150,#33070,#33130,.T.);
#33170=ORIENTED_EDGE('',*,*,#33160,.T.);
#33180=CARTESIAN_POINT('',(-2.7895003253776,1.25533900000002,
-1.25500000000002));
#33190=DIRECTION('',(1.,1.22460635382237E-16,-1.06826222965723E-32));
#33200=VECTOR('',#33190,1.);
#33210=LINE('',#33180,#33200);
#33220=CARTESIAN_POINT('',(-4.25048958896017,1.25533900000002,
-1.25500000000002));
#33230=VERTEX_POINT('',#33220);
#33240=EDGE_CURVE('',#33230,#33150,#33210,.T.);
#33250=ORIENTED_EDGE('',*,*,#33240,.T.);
#33260=CARTESIAN_POINT('',(-4.25048958896017,0.125490534175963,
-1.25500000000002));
#33270=DIRECTION('',(1.22460635382237E-16,-1.,9.79685083057902E-16));
#33280=VECTOR('',#33270,1.);
#33290=LINE('',#33260,#33280);
#33300=CARTESIAN_POINT('',(-4.25048958896017,1.33533900000002,
-1.25500000000002));
#33310=VERTEX_POINT('',#33300);
#33320=EDGE_CURVE('',#33310,#33230,#33290,.T.);
#33330=ORIENTED_EDGE('',*,*,#33320,.T.);
#33340=CARTESIAN_POINT('',(-2.7895003253776,1.33533900000002,
-1.25500000000002));
#33350=DIRECTION('',(-1.,-1.22460635382238E-16,1.06826222965723E-32));
#33360=VECTOR('',#33350,1.);
#33370=LINE('',#33340,#33360);
#33380=CARTESIAN_POINT('',(-3.82048958896017,1.33533900000002,
-1.25500000000002));
#33390=VERTEX_POINT('',#33380);
#33400=EDGE_CURVE('',#33390,#33310,#33370,.T.);
#33410=ORIENTED_EDGE('',*,*,#33400,.T.);
#33420=CARTESIAN_POINT('',(-3.82048958896017,1.17533900000002,
-1.25500000000002));
#33430=DIRECTION('',(2.99932144364427E-32,7.34763812293426E-16,1.));
#33440=DIRECTION('',(1.22460635382237E-16,-1.,7.34763812293426E-16));
#33450=AXIS2_PLACEMENT_3D('',#33420,#33430,#33440);
#33460=CIRCLE('',#33450,0.16);
#33470=CARTESIAN_POINT('',(-3.76481194533165,1.32533899999994,
-1.25500000000002));
#33480=VERTEX_POINT('',#33470);
#33490=EDGE_CURVE('',#33480,#33390,#33460,.T.);
#33500=ORIENTED_EDGE('',*,*,#33490,.T.);
#33510=CARTESIAN_POINT('',(0.,1.32533899999994,-1.25500000000002));
#33520=DIRECTION('',(1.,1.63507259138096E-15,-1.28189897098414E-30));
#33530=VECTOR('',#33520,1.);
#33540=LINE('',#33510,#33530);
#33550=CARTESIAN_POINT('',(-3.79048958896013,1.32533899999994,
-1.25500000000002));
#33560=VERTEX_POINT('',#33550);
#33570=EDGE_CURVE('',#33560,#33480,#33540,.T.);
#33580=ORIENTED_EDGE('',*,*,#33570,.T.);
#33590=CARTESIAN_POINT('',(-3.79048958896012,0.,-1.25500000000002));
#33600=DIRECTION('',(-4.68706735088986E-15,1.,-9.79685083057902E-16));
#33610=VECTOR('',#33600,1.);
#33620=LINE('',#33590,#33610);
#33630=EDGE_CURVE('',#32750,#33560,#33620,.T.);
#33640=ORIENTED_EDGE('',*,*,#33630,.T.);
#33650=EDGE_LOOP('',(#33640,#33580,#33500,#33410,#33330,#33250,#33170,
#33090,#33010,#32930,#32850,#32770));
#33660=FACE_OUTER_BOUND('',#33650,.T.);
#33670=ADVANCED_FACE('',(#33660),#32670,.F.);
#33680=CARTESIAN_POINT('',(-2.22048958896017,1.33533900000001,
-4.60500000000001));
#33690=DIRECTION('',(-1.22460635382237E-16,1.,-7.34763812293426E-16));
#33700=DIRECTION('',(4.89842541528951E-16,-7.34763812293426E-16,-1.));
#33710=AXIS2_PLACEMENT_3D('',#33680,#33690,#33700);
#33720=PLANE('',#33710);
#33730=CARTESIAN_POINT('',(-3.73147885254274,1.33533900000001,
-4.60500000000001));
#33740=DIRECTION('',(1.,1.22460635382238E-16,2.44921270764476E-16));
#33750=VECTOR('',#33740,1.);
#33760=LINE('',#33730,#33750);
#33770=CARTESIAN_POINT('',(-2.70048958896017,1.33533900000001,
-4.60500000000001));
#33780=VERTEX_POINT('',#33770);
#33790=EDGE_CURVE('',#33780,#13700,#33760,.T.);
#33800=ORIENTED_EDGE('',*,*,#33790,.F.);
#33810=ORIENTED_EDGE('',*,*,#13710,.T.);
#33820=CARTESIAN_POINT('',(-3.73147885254274,1.33533900000001,
-4.45500000000002));
#33830=DIRECTION('',(-1.,-1.22460635382238E-16,-2.44921270764476E-16));
#33840=VECTOR('',#33830,1.);
#33850=LINE('',#33820,#33840);
#33860=CARTESIAN_POINT('',(-2.70048958896017,1.33533900000001,
-4.45500000000002));
#33870=VERTEX_POINT('',#33860);
#33880=EDGE_CURVE('',#13620,#33870,#33850,.T.);
#33890=ORIENTED_EDGE('',*,*,#33880,.F.);
#33900=CARTESIAN_POINT('',(-2.70048958896017,1.33533900000001,
-4.66000000000001));
#33910=DIRECTION('',(2.44921270764476E-16,-7.34763812293426E-16,-1.));
#33920=VECTOR('',#33910,1.);
#33930=LINE('',#33900,#33920);
#33940=EDGE_CURVE('',#33870,#33780,#33930,.T.);
#33950=ORIENTED_EDGE('',*,*,#33940,.F.);
#33960=EDGE_LOOP('',(#33950,#33890,#33810,#33800));
#33970=FACE_OUTER_BOUND('',#33960,.T.);
#33980=ADVANCED_FACE('',(#33970),#33720,.T.);
#33990=CARTESIAN_POINT('',(-2.81548958896013,1.30033899999998,
0.470000000000001));
#34000=DIRECTION('',(-0.857492925712547,0.514495755427522,
-7.98069376740842E-16));
#34010=DIRECTION('',(-0.514495755427522,-0.857492925712547,
9.52008389579253E-16));
#34020=AXIS2_PLACEMENT_3D('',#33990,#34000,#34010);
#34030=PLANE('',#34020);
#34040=ORIENTED_EDGE('',*,*,#6010,.T.);
#34050=CARTESIAN_POINT('',(-2.83048958896014,1.27533899999997,0.));
#34060=DIRECTION('',(-4.89842541528951E-16,7.34763812293426E-16,1.));
#34070=VECTOR('',#34060,1.);
#34080=LINE('',#34050,#34070);
#34090=CARTESIAN_POINT('',(-2.83048958896014,1.27533899999998,
0.480000000000003));
#34100=VERTEX_POINT('',#34090);
#34110=EDGE_CURVE('',#34100,#5920,#34080,.T.);
#34120=ORIENTED_EDGE('',*,*,#34110,.T.);
#34130=CARTESIAN_POINT('',(-2.7197203581909,1.45995438461536,
1.27675647831893E-15));
#34140=DIRECTION('',(0.210558721903077,0.350931203171797,
-0.912421128246676));
#34150=VECTOR('',#34140,1.);
#34160=LINE('',#34130,#34150);
#34170=CARTESIAN_POINT('',(-2.80164343511398,1.3234159230769,
0.355000000000001));
#34180=VERTEX_POINT('',#34170);
#34190=EDGE_CURVE('',#34100,#34180,#34160,.T.);
#34200=ORIENTED_EDGE('',*,*,#34190,.F.);
#34210=CARTESIAN_POINT('',(-2.56473717877981,1.71825968363386,
0.355000000000001));
#34220=DIRECTION('',(0.514495755427522,0.857492925712547,
-3.7803286266672E-16));
#34230=VECTOR('',#34220,1.);
#34240=LINE('',#34210,#34230);
#34250=CARTESIAN_POINT('',(-2.80048958896017,1.32533899999994,
0.355000000000001));
#34260=VERTEX_POINT('',#34250);
#34270=EDGE_CURVE('',#34180,#34260,#34240,.T.);
#34280=ORIENTED_EDGE('',*,*,#34270,.F.);
#34290=CARTESIAN_POINT('',(-2.80048958896015,1.32533899999994,0.));
#34300=DIRECTION('',(-9.30700828905001E-16,5.17478623882631E-31,1.));
#34310=VECTOR('',#34300,1.);
#34320=LINE('',#34290,#34310);
#34330=EDGE_CURVE('',#34260,#6000,#34320,.T.);
#34340=ORIENTED_EDGE('',*,*,#34330,.F.);
#34350=EDGE_LOOP('',(#34340,#34280,#34200,#34120,#34040));
#34360=FACE_OUTER_BOUND('',#34350,.T.);
#34370=ADVANCED_FACE('',(#34360),#34030,.T.);
#34380=CARTESIAN_POINT('',(-2.83048958896013,1.31533899999997,
0.560000000000002));
#34390=DIRECTION('',(4.89842541528951E-16,-2.44921270764476E-16,-1.));
#34400=DIRECTION('',(1.,2.44921270764476E-16,4.89842541528951E-16));
#34410=AXIS2_PLACEMENT_3D('',#34380,#34390,#34400);
#34420=PLANE('',#34410);
#34430=CARTESIAN_POINT('',(-2.86048958896014,1.08136225267043,
0.560000000000004));
#34440=DIRECTION('',(4.89842541528951E-16,-2.44921270764476E-16,-1.));
#34450=DIRECTION('',(-1.,0.,0.));
#34460=AXIS2_PLACEMENT_3D('',#34430,#34440,#34450);
#34470=CIRCLE('',#34460,0.0300000000000002);
#34480=CARTESIAN_POINT('',(-2.83048958896014,1.08136225267043,
0.560000000000004));
#34490=VERTEX_POINT('',#34480);
#34500=EDGE_CURVE('',#34490,#14880,#34470,.T.);
#34510=ORIENTED_EDGE('',*,*,#34500,.F.);
#34520=ORIENTED_EDGE('',*,*,#14890,.T.);
#34530=ORIENTED_EDGE('',*,*,#6410,.F.);
#34540=CARTESIAN_POINT('',(0.,0.975339000000001,0.560000000000002));
#34550=DIRECTION('',(1.,1.22460635382238E-16,4.89842541528951E-16));
#34560=VECTOR('',#34550,1.);
#34570=LINE('',#34540,#34560);
#34580=CARTESIAN_POINT('',(-2.83048958896014,0.975339000000001,
0.560000000000001));
#34590=VERTEX_POINT('',#34580);
#34600=EDGE_CURVE('',#6320,#34590,#34570,.T.);
#34610=ORIENTED_EDGE('',*,*,#34600,.F.);
#34620=CARTESIAN_POINT('',(-2.83048958896013,0.,0.560000000000001));
#34630=DIRECTION('',(0.,-1.,2.44921270764476E-16));
#34640=VECTOR('',#34630,1.);
#34650=LINE('',#34620,#34640);
#34660=EDGE_CURVE('',#34490,#34590,#34650,.T.);
#34670=ORIENTED_EDGE('',*,*,#34660,.T.);
#34680=EDGE_LOOP('',(#34670,#34610,#34530,#34520,#34510));
#34690=FACE_OUTER_BOUND('',#34680,.T.);
#34700=ADVANCED_FACE('',(#34690),#34420,.T.);
#34710=CARTESIAN_POINT('',(-1.51066160032164,0.975339000000001,1.7300024
));
#34720=DIRECTION('',(-1.22460635382238E-16,1.,-7.34763812293426E-16));
#34730=DIRECTION('',(-1.,-1.22460635382238E-16,-4.89842541528951E-16));
#34740=AXIS2_PLACEMENT_3D('',#34710,#34720,#34730);
#34750=PLANE('',#34740);
#34760=CARTESIAN_POINT('',(-2.83048958896014,0.975339,0.480000000000001)
);
#34770=VERTEX_POINT('',#34760);
#34780=EDGE_CURVE('',#34770,#16580,#17140,.T.);
#34790=ORIENTED_EDGE('',*,*,#34780,.T.);
#34800=CARTESIAN_POINT('',(-2.83048958896014,0.975339,0.));
#34810=DIRECTION('',(-4.89842541528951E-16,7.34763812293426E-16,1.));
#34820=VECTOR('',#34810,1.);
#34830=LINE('',#34800,#34820);
#34840=EDGE_CURVE('',#34770,#34590,#34830,.T.);
#34850=ORIENTED_EDGE('',*,*,#34840,.F.);
#34860=ORIENTED_EDGE('',*,*,#34600,.T.);
#34870=ORIENTED_EDGE('',*,*,#6330,.T.);
#34880=ORIENTED_EDGE('',*,*,#9810,.F.);
#34890=ORIENTED_EDGE('',*,*,#16650,.F.);
#34900=EDGE_LOOP('',(#34890,#34880,#34870,#34860,#34850,#34790));
#34910=FACE_OUTER_BOUND('',#34900,.T.);
#34920=ADVANCED_FACE('',(#34910),#34750,.T.);
#34930=CARTESIAN_POINT('',(-3.26048958896014,1.30033899999998,
0.415000000000003));
#34940=DIRECTION('',(3.5168644912875E-17,0.93334560620306,
0.358979079308868));
#34950=DIRECTION('',(-4.93038065763132E-32,-0.358979079308868,
0.93334560620306));
#34960=AXIS2_PLACEMENT_3D('',#34930,#34940,#34950);
#34970=PLANE('',#34960);
#34980=CARTESIAN_POINT('',(-3.7401793008336,1.3234159230769,
0.355000000000001));
#34990=DIRECTION('',(1.,-2.26081173013361E-16,4.89842541528951E-16));
#35000=VECTOR('',#34990,1.);
#35010=LINE('',#34980,#35000);
#35020=CARTESIAN_POINT('',(-3.71933574280629,1.3234159230769,
0.355000000000001));
#35030=VERTEX_POINT('',#35020);
#35040=EDGE_CURVE('',#35030,#34180,#35010,.T.);
#35050=ORIENTED_EDGE('',*,*,#35040,.F.);
#35060=ORIENTED_EDGE('',*,*,#34190,.T.);
#35070=CARTESIAN_POINT('',(0.,1.27533899999998,0.479999999999999));
#35080=DIRECTION('',(-1.,-2.44921270764475E-16,7.34763812293427E-16));
#35090=VECTOR('',#35080,1.);
#35100=LINE('',#35070,#35090);
#35110=EDGE_CURVE('',#34100,#3920,#35100,.T.);
#35120=ORIENTED_EDGE('',*,*,#35110,.F.);
#35130=ORIENTED_EDGE('',*,*,#4120,.F.);
#35140=CARTESIAN_POINT('',(0.,1.275339,0.479999999999939));
#35150=DIRECTION('',(-1.,1.07300400240324E-32,9.79685083057882E-17));
#35160=VECTOR('',#35150,1.);
#35170=LINE('',#35140,#35160);
#35180=EDGE_CURVE('',#700,#1290,#35170,.T.);
#35190=ORIENTED_EDGE('',*,*,#35180,.F.);
#35200=ORIENTED_EDGE('',*,*,#3040,.F.);
#35210=ORIENTED_EDGE('',*,*,#3760,.F.);
#35220=CARTESIAN_POINT('',(-3.55048958896014,1.27533899999998,
0.480000000000002));
#35230=VERTEX_POINT('',#35220);
#35240=EDGE_CURVE('',#3690,#35230,#3030,.T.);
#35250=ORIENTED_EDGE('',*,*,#35240,.F.);
#35260=CARTESIAN_POINT('',(-3.69048958896015,1.275339,0.480000000000002)
);
#35270=VERTEX_POINT('',#35260);
#35280=EDGE_CURVE('',#35230,#35270,#35100,.T.);
#35290=ORIENTED_EDGE('',*,*,#35280,.F.);
#35300=CARTESIAN_POINT('',(-3.80125881972937,1.45995438461536,
1.27675647831893E-15));
#35310=DIRECTION('',(0.210558721903078,-0.350931203171797,
0.912421128246676));
#35320=VECTOR('',#35310,1.);
#35330=LINE('',#35300,#35320);
#35340=EDGE_CURVE('',#35030,#35270,#35330,.T.);
#35350=ORIENTED_EDGE('',*,*,#35340,.T.);
#35360=EDGE_LOOP('',(#35350,#35290,#35250,#35210,#35200,#35190,#35130,
#35120,#35060,#35050));
#35370=FACE_OUTER_BOUND('',#35360,.T.);
#35380=ADVANCED_FACE('',(#35370),#34970,.T.);
#35390=CARTESIAN_POINT('',(-3.7401793008336,1.71825968363386,0.355));
#35400=DIRECTION('',(-4.89842541528951E-16,7.34763812293426E-16,1.));
#35410=DIRECTION('',(-1.,-1.22460635382238E-16,-4.89842541528951E-16));
#35420=AXIS2_PLACEMENT_3D('',#35390,#35400,#35410);
#35430=PLANE('',#35420);
#35440=ORIENTED_EDGE('',*,*,#34270,.T.);
#35450=ORIENTED_EDGE('',*,*,#35040,.T.);
#35460=CARTESIAN_POINT('',(-3.95624199914047,1.71825968363386,0.355));
#35470=DIRECTION('',(-0.514495755427524,0.857492925712546,
-8.8207667955567E-16));
#35480=VECTOR('',#35470,1.);
#35490=LINE('',#35460,#35480);
#35500=CARTESIAN_POINT('',(-3.7204895889601,1.32533899999994,
0.355000000000001));
#35510=VERTEX_POINT('',#35500);
#35520=EDGE_CURVE('',#35030,#35510,#35490,.T.);
#35530=ORIENTED_EDGE('',*,*,#35520,.F.);
#35540=EDGE_CURVE('',#35510,#34260,#23510,.T.);
#35550=ORIENTED_EDGE('',*,*,#35540,.F.);
#35560=EDGE_LOOP('',(#35550,#35530,#35450,#35440));
#35570=FACE_OUTER_BOUND('',#35560,.T.);
#35580=ADVANCED_FACE('',(#35570),#35430,.T.);
#35590=CARTESIAN_POINT('',(-3.70548958896014,1.30033899999998,
0.470000000000003));
#35600=DIRECTION('',(-0.857492925712546,-0.514495755427524,
1.00808763377791E-15));
#35610=DIRECTION('',(0.514495755427524,-0.857492925712546,
9.52008389579256E-16));
#35620=AXIS2_PLACEMENT_3D('',#35590,#35600,#35610);
#35630=PLANE('',#35620);
#35640=ORIENTED_EDGE('',*,*,#35340,.F.);
#35650=CARTESIAN_POINT('',(-3.69048958896015,1.275339,0.));
#35660=DIRECTION('',(7.34763812293435E-16,-3.18397651993821E-15,-1.));
#35670=VECTOR('',#35660,1.);
#35680=LINE('',#35650,#35670);
#35690=CARTESIAN_POINT('',(-3.69048958896015,1.27533899999997,0.56));
#35700=VERTEX_POINT('',#35690);
#35710=EDGE_CURVE('',#35700,#35270,#35680,.T.);
#35720=ORIENTED_EDGE('',*,*,#35710,.T.);
#35730=CARTESIAN_POINT('',(-2.91928618896014,-0.0100000000000313,
-0.211203400000012));
#35740=DIRECTION('',(-0.45749571099781,0.762492851663022,
0.45749571099782));
#35750=VECTOR('',#35740,1.);
#35760=LINE('',#35730,#35750);
#35770=CARTESIAN_POINT('',(-3.7204895889601,1.32533899999994,
0.589999999999982));
#35780=VERTEX_POINT('',#35770);
#35790=EDGE_CURVE('',#35700,#35780,#35760,.T.);
#35800=ORIENTED_EDGE('',*,*,#35790,.F.);
#35810=CARTESIAN_POINT('',(-3.72048958896012,1.32533899999994,0.));
#35820=DIRECTION('',(1.17562209966948E-15,4.08233136618519E-30,1.));
#35830=VECTOR('',#35820,1.);
#35840=LINE('',#35810,#35830);
#35850=EDGE_CURVE('',#35510,#35780,#35840,.T.);
#35860=ORIENTED_EDGE('',*,*,#35850,.T.);
#35870=ORIENTED_EDGE('',*,*,#35520,.T.);
#35880=EDGE_LOOP('',(#35870,#35860,#35800,#35720,#35640));
#35890=FACE_OUTER_BOUND('',#35880,.T.);
#35900=ADVANCED_FACE('',(#35890),#35630,.F.);
#35910=CARTESIAN_POINT('',(-3.69048958896014,1.31533899999997,
0.560000000000003));
#35920=DIRECTION('',(1.,2.44921270764475E-16,-7.34763812293426E-16));
#35930=DIRECTION('',(7.34763812293426E-16,2.44921270764476E-16,1.));
#35940=AXIS2_PLACEMENT_3D('',#35910,#35920,#35930);
#35950=PLANE('',#35940);
#35960=ORIENTED_EDGE('',*,*,#35710,.F.);
#35970=CARTESIAN_POINT('',(-3.69048958896014,0.,0.480000000000002));
#35980=DIRECTION('',(-2.44921270764476E-16,1.,-2.44921270764476E-16));
#35990=VECTOR('',#35980,1.);
#36000=LINE('',#35970,#35990);
#36010=CARTESIAN_POINT('',(-3.69048958896014,1.205339,0.480000000000004)
);
#36020=VERTEX_POINT('',#36010);
#36030=EDGE_CURVE('',#36020,#35270,#36000,.T.);
#36040=ORIENTED_EDGE('',*,*,#36030,.T.);
#36050=CARTESIAN_POINT('',(-3.69048958896014,1.205339,0.));
#36060=DIRECTION('',(7.34763812293426E-16,2.44921270764476E-16,1.));
#36070=VECTOR('',#36060,1.);
#36080=LINE('',#36050,#36070);
#36090=CARTESIAN_POINT('',(-3.69048958896014,1.205339,0.560000000000004)
);
#36100=VERTEX_POINT('',#36090);
#36110=EDGE_CURVE('',#36020,#36100,#36080,.T.);
#36120=ORIENTED_EDGE('',*,*,#36110,.F.);
#36130=CARTESIAN_POINT('',(-3.69048958896014,0.,0.560000000000001));
#36140=DIRECTION('',(-2.44921270764476E-16,1.,-2.44921270764475E-16));
#36150=VECTOR('',#36140,1.);
#36160=LINE('',#36130,#36150);
#36170=EDGE_CURVE('',#36100,#35700,#36160,.T.);
#36180=ORIENTED_EDGE('',*,*,#36170,.F.);
#36190=EDGE_LOOP('',(#36180,#36120,#36040,#35960));
#36200=FACE_OUTER_BOUND('',#36190,.T.);
#36210=ADVANCED_FACE('',(#36200),#35950,.T.);
#36220=CARTESIAN_POINT('',(-3.69048958896014,1.17533899999998,
0.560000000000003));
#36230=DIRECTION('',(-7.34763812293426E-16,-7.34763812293427E-16,-1.));
#36240=DIRECTION('',(1.,2.44921270764475E-16,-7.34763812293426E-16));
#36250=AXIS2_PLACEMENT_3D('',#36220,#36230,#36240);
#36260=PLANE('',#36250);
#36270=CARTESIAN_POINT('',(0.,1.205339,0.560000000000001));
#36280=DIRECTION('',(1.,-1.97215226305253E-31,-7.34763812293426E-16));
#36290=VECTOR('',#36280,1.);
#36300=LINE('',#36270,#36290);
#36310=CARTESIAN_POINT('',(-3.66048958896014,1.205339,0.560000000000004)
);
#36320=VERTEX_POINT('',#36310);
#36330=EDGE_CURVE('',#36100,#36320,#36300,.T.);
#36340=ORIENTED_EDGE('',*,*,#36330,.F.);
#36350=CARTESIAN_POINT('',(-3.66048958896014,0.,0.560000000000001));
#36360=DIRECTION('',(-2.44921270764475E-16,1.,-2.44921270764475E-16));
#36370=VECTOR('',#36360,1.);
#36380=LINE('',#36350,#36370);
#36390=CARTESIAN_POINT('',(-3.66048958896014,1.27533899999991,
0.559999999999963));
#36400=VERTEX_POINT('',#36390);
#36410=EDGE_CURVE('',#36320,#36400,#36380,.T.);
#36420=ORIENTED_EDGE('',*,*,#36410,.F.);
#36430=CARTESIAN_POINT('',(0.,1.27533899999998,0.560000000000003));
#36440=DIRECTION('',(-1.,-2.69413397840919E-15,-7.34763812293424E-16));
#36450=VECTOR('',#36440,1.);
#36460=LINE('',#36430,#36450);
#36470=EDGE_CURVE('',#36400,#35700,#36460,.T.);
#36480=ORIENTED_EDGE('',*,*,#36470,.F.);
#36490=ORIENTED_EDGE('',*,*,#36170,.T.);
#36500=EDGE_LOOP('',(#36490,#36480,#36420,#36340));
#36510=FACE_OUTER_BOUND('',#36500,.T.);
#36520=ADVANCED_FACE('',(#36510),#36260,.T.);
#36530=CARTESIAN_POINT('',(-4.30048958896017,1.25533900000002,
-2.60500000000002));
#36540=DIRECTION('',(1.22460635382237E-16,-1.,9.79685083057902E-16));
#36550=DIRECTION('',(2.44921270764476E-16,-9.79685083057902E-16,-1.));
#36560=AXIS2_PLACEMENT_3D('',#36530,#36540,#36550);
#36570=PLANE('',#36560);
#36580=CARTESIAN_POINT('',(-2.7895003253776,1.25533900000002,
-2.60500000000001));
#36590=DIRECTION('',(1.,1.22460635382237E-16,-9.86076131526265E-32));
#36600=VECTOR('',#36590,1.);
#36610=LINE('',#36580,#36600);
#36620=CARTESIAN_POINT('',(-4.25048958896017,1.25533900000002,
-2.60500000000001));
#36630=VERTEX_POINT('',#36620);
#36640=CARTESIAN_POINT('',(-3.97048958896016,1.25533900000001,
-2.60500000000001));
#36650=VERTEX_POINT('',#36640);
#36660=EDGE_CURVE('',#36630,#36650,#36610,.T.);
#36670=ORIENTED_EDGE('',*,*,#36660,.T.);
#36680=CARTESIAN_POINT('',(-4.25048958896017,1.25533900000002,
-2.40000000000002));
#36690=DIRECTION('',(2.44921270764476E-16,-9.79685083057902E-16,-1.));
#36700=VECTOR('',#36690,1.);
#36710=LINE('',#36680,#36700);
#36720=CARTESIAN_POINT('',(-4.25048958896017,1.25533900000002,
-2.45500000000002));
#36730=VERTEX_POINT('',#36720);
#36740=EDGE_CURVE('',#36730,#36630,#36710,.T.);
#36750=ORIENTED_EDGE('',*,*,#36740,.T.);
#36760=CARTESIAN_POINT('',(-2.7895003253776,1.25533900000002,
-2.45500000000002));
#36770=DIRECTION('',(1.,1.22460635382237E-16,-1.06826222965723E-32));
#36780=VECTOR('',#36770,1.);
#36790=LINE('',#36760,#36780);
#36800=CARTESIAN_POINT('',(-3.97048958896018,1.25533900000001,
-2.45500000000002));
#36810=VERTEX_POINT('',#36800);
#36820=EDGE_CURVE('',#36730,#36810,#36790,.T.);
#36830=ORIENTED_EDGE('',*,*,#36820,.F.);
#36840=CARTESIAN_POINT('',(-3.97048958896016,1.25533900000002,0.));
#36850=DIRECTION('',(7.34763812293426E-16,-9.79685083057902E-16,-1.));
#36860=VECTOR('',#36850,1.);
#36870=LINE('',#36840,#36860);
#36880=EDGE_CURVE('',#36810,#36650,#36870,.T.);
#36890=ORIENTED_EDGE('',*,*,#36880,.F.);
#36900=EDGE_LOOP('',(#36890,#36830,#36750,#36670));
#36910=FACE_OUTER_BOUND('',#36900,.T.);
#36920=ADVANCED_FACE('',(#36910),#36570,.T.);
#36930=CARTESIAN_POINT('',(-2.84548958896014,1.30033899999993,
0.614999999999982));
#36940=DIRECTION('',(-0.857492925712732,0.514495755427214,
-8.48440289384979E-16));
#36950=DIRECTION('',(0.514495755427214,0.857492925712732,0.));
#36960=AXIS2_PLACEMENT_3D('',#36930,#36940,#36950);
#36970=PLANE('',#36960);
#36980=ORIENTED_EDGE('',*,*,#5850,.T.);
#36990=CARTESIAN_POINT('',(-2.83048958896014,1.32533899999994,0.));
#37000=DIRECTION('',(9.89442902610271E-16,-4.02483374130848E-31,-1.));
#37010=VECTOR('',#37000,1.);
#37020=LINE('',#36990,#37010);
#37030=EDGE_CURVE('',#9440,#5820,#37020,.T.);
#37040=ORIENTED_EDGE('',*,*,#37030,.T.);
#37050=ORIENTED_EDGE('',*,*,#9450,.T.);
#37060=ORIENTED_EDGE('',*,*,#6570,.T.);
#37070=EDGE_LOOP('',(#37060,#37050,#37040,#36980));
#37080=FACE_OUTER_BOUND('',#37070,.T.);
#37090=ADVANCED_FACE('',(#37080),#36970,.T.);
#37100=CARTESIAN_POINT('',(-2.83048958896013,1.205339,0.560000000000005)
);
#37110=VERTEX_POINT('',#37100);
#37120=EDGE_CURVE('',#5920,#37110,#34650,.T.);
#37130=ORIENTED_EDGE('',*,*,#37120,.T.);
#37140=ORIENTED_EDGE('',*,*,#5930,.T.);
#37150=ORIENTED_EDGE('',*,*,#6510,.F.);
#37160=CARTESIAN_POINT('',(0.,1.205339,0.560000000000003));
#37170=DIRECTION('',(1.,9.86076131526265E-32,4.89842541528951E-16));
#37180=VECTOR('',#37170,1.);
#37190=LINE('',#37160,#37180);
#37200=EDGE_CURVE('',#6480,#37110,#37190,.T.);
#37210=ORIENTED_EDGE('',*,*,#37200,.F.);
#37220=EDGE_LOOP('',(#37210,#37150,#37140,#37130));
#37230=FACE_OUTER_BOUND('',#37220,.T.);
#37240=ADVANCED_FACE('',(#37230),#34420,.T.);
#37250=CARTESIAN_POINT('',(-3.69048958896014,1.07174830106817,
0.540000000000004));
#37260=DIRECTION('',(1.,2.44921270764475E-16,-7.34763812293426E-16));
#37270=DIRECTION('',(2.44921270764476E-16,-1.,1.11964009492332E-15));
#37280=AXIS2_PLACEMENT_3D('',#37250,#37260,#37270);
#37290=ELLIPSE('',#37280,0.0344093010681705,0.02);
#37300=CARTESIAN_POINT('',(-3.69048958896003,1.05993368124237,
0.55878411093974));
#37310=VERTEX_POINT('',#37300);
#37320=CARTESIAN_POINT('',(-3.69048958896014,1.037339,0.540000000000004)
);
#37330=VERTEX_POINT('',#37320);
#37340=EDGE_CURVE('',#37310,#37330,#37290,.T.);
#37350=ORIENTED_EDGE('',*,*,#37340,.F.);
#37360=CARTESIAN_POINT('',(-3.69048958896014,1.037339,0.));
#37370=DIRECTION('',(7.34763812293427E-16,-1.46952762458685E-15,1.));
#37380=VECTOR('',#37370,1.);
#37390=LINE('',#37360,#37380);
#37400=CARTESIAN_POINT('',(-3.69048958896014,1.037339,0.500000000000004)
);
#37410=VERTEX_POINT('',#37400);
#37420=EDGE_CURVE('',#37410,#37330,#37390,.T.);
#37430=ORIENTED_EDGE('',*,*,#37420,.T.);
#37440=CARTESIAN_POINT('',(-3.69048958896014,1.07174830106817,
0.500000000000004));
#37450=DIRECTION('',(1.,2.44921270764475E-16,-7.34763812293426E-16));
#37460=DIRECTION('',(2.44921270764476E-16,-1.,1.11964009492332E-15));
#37470=AXIS2_PLACEMENT_3D('',#37440,#37450,#37460);
#37480=ELLIPSE('',#37470,0.0344093010681705,0.02);
#37490=CARTESIAN_POINT('',(-3.69048958896014,1.05993368124186,
0.481215889060964));
#37500=VERTEX_POINT('',#37490);
#37510=EDGE_CURVE('',#37410,#37500,#37480,.T.);
#37520=ORIENTED_EDGE('',*,*,#37510,.F.);
#37530=CARTESIAN_POINT('',(-3.69048958896003,1.05993368124237,
0.481215889060268));
#37540=CARTESIAN_POINT('',(-3.69048958896003,1.06169102520739,
0.480842471987651));
#37550=CARTESIAN_POINT('',(-3.69048958895668,1.06347643151526,
0.480588379763698));
#37560=CARTESIAN_POINT('',(-3.69048958895668,1.065258405534,
0.480414146443175));
#37570=CARTESIAN_POINT('',(-3.69048958895668,1.06704019146752,
0.480239931512769));
#37580=CARTESIAN_POINT('',(-3.69048958896014,1.06882946410489,
0.480143716104401));
#37590=CARTESIAN_POINT('',(-3.69048958896014,1.07061983517419,
0.480087176801424));
#37600=CARTESIAN_POINT('',(-3.69048958896014,1.07241058070367,
0.480030625673123));
#37610=CARTESIAN_POINT('',(-3.69048958896014,1.07420102173153,
0.480013216094947));
#37620=CARTESIAN_POINT('',(-3.69048958896014,1.07599118018571,
0.480005689382723));
#37630=CARTESIAN_POINT('',(-3.69048958896014,1.07778147816903,
0.47999816208385));
#37640=CARTESIAN_POINT('',(-3.69048958896014,1.07957192804019,
0.480000000000004));
#37650=CARTESIAN_POINT('',(-3.69048958896014,1.08136225267043,
0.480000000000004));
#37660=B_SPLINE_CURVE_WITH_KNOTS('',3,(#37530,#37540,#37550,#37560,
#37570,#37580,#37590,#37600,#37610,#37620,#37630,#37640,#37650),
.UNSPECIFIED.,.F.,.F.,(4,3,3,3,4),(0.,0.00538755603486601,
0.0107599186055495,0.0161320493096335,0.0215031287638109),.UNSPECIFIED.)
;
#37670=CARTESIAN_POINT('',(-3.69048958896014,1.08136225267043,
0.480000000000004));
#37680=VERTEX_POINT('',#37670);
#37690=EDGE_CURVE('',#37500,#37680,#37660,.T.);
#37700=ORIENTED_EDGE('',*,*,#37690,.F.);
#37710=CARTESIAN_POINT('',(-3.69048958896014,0.975339,0.480000000000002)
);
#37720=VERTEX_POINT('',#37710);
#37730=EDGE_CURVE('',#37720,#37680,#36000,.T.);
#37740=ORIENTED_EDGE('',*,*,#37730,.T.);
#37750=CARTESIAN_POINT('',(-3.69048958896015,0.975339,0.));
#37760=DIRECTION('',(-7.34763812293427E-16,7.34763812293426E-16,1.));
#37770=VECTOR('',#37760,1.);
#37780=LINE('',#37750,#37770);
#37790=CARTESIAN_POINT('',(-3.69048958896015,0.975339,0.56));
#37800=VERTEX_POINT('',#37790);
#37810=EDGE_CURVE('',#37720,#37800,#37780,.T.);
#37820=ORIENTED_EDGE('',*,*,#37810,.F.);
#37830=CARTESIAN_POINT('',(-3.69048958896014,1.08136225267043,
0.560000000000004));
#37840=VERTEX_POINT('',#37830);
#37850=EDGE_CURVE('',#37800,#37840,#36160,.T.);
#37860=ORIENTED_EDGE('',*,*,#37850,.F.);
#37870=CARTESIAN_POINT('',(-3.69048958896014,1.08136225267043,
0.560000000000004));
#37880=CARTESIAN_POINT('',(-3.69048958896014,1.07957192804018,
0.560000000000004));
#37890=CARTESIAN_POINT('',(-3.69048958896014,1.07778147816903,
0.560001837916158));
#37900=CARTESIAN_POINT('',(-3.69048958896014,1.07599118018571,
0.559994310617285));
#37910=CARTESIAN_POINT('',(-3.69048958896014,1.07420102173154,
0.559986783905061));
#37920=CARTESIAN_POINT('',(-3.69048958896014,1.07241058070367,
0.559969374326885));
#37930=CARTESIAN_POINT('',(-3.69048958896014,1.07061983517419,
0.559912823198584));
#37940=CARTESIAN_POINT('',(-3.69048958896014,1.06882946410489,
0.559856283895607));
#37950=CARTESIAN_POINT('',(-3.69048958895668,1.06704019146752,
0.559760068487239));
#37960=CARTESIAN_POINT('',(-3.69048958895668,1.065258405534,
0.559585853556833));
#37970=CARTESIAN_POINT('',(-3.69048958895668,1.06347643151526,
0.55941162023631));
#37980=CARTESIAN_POINT('',(-3.69048958896003,1.06169102520739,
0.559157528012357));
#37990=CARTESIAN_POINT('',(-3.69048958896003,1.05993368124237,
0.55878411093974));
#38000=B_SPLINE_CURVE_WITH_KNOTS('',3,(#37870,#37880,#37890,#37900,
#37910,#37920,#37930,#37940,#37950,#37960,#37970,#37980,#37990),
.UNSPECIFIED.,.F.,.F.,(4,3,3,3,4),(0.,0.00537107945417735,
0.0107432101582613,0.016115572728944,0.0215031287638105),.UNSPECIFIED.);
#38010=EDGE_CURVE('',#37840,#37310,#38000,.T.);
#38020=ORIENTED_EDGE('',*,*,#38010,.F.);
#38030=EDGE_LOOP('',(#38020,#37860,#37820,#37740,#37700,#37520,#37430,
#37350));
#38040=FACE_OUTER_BOUND('',#38030,.T.);
#38050=ADVANCED_FACE('',(#38040),#35950,.T.);
#38060=ORIENTED_EDGE('',*,*,#37850,.T.);
#38070=CARTESIAN_POINT('',(0.,0.975339000000001,0.560000000000003));
#38080=DIRECTION('',(-1.,-1.22460635382238E-16,-7.34763812293425E-16));
#38090=VECTOR('',#38080,1.);
#38100=LINE('',#38070,#38090);
#38110=CARTESIAN_POINT('',(-3.66048958896014,0.975339,0.56));
#38120=VERTEX_POINT('',#38110);
#38130=EDGE_CURVE('',#38120,#37800,#38100,.T.);
#38140=ORIENTED_EDGE('',*,*,#38130,.T.);
#38150=CARTESIAN_POINT('',(-3.66048958896014,1.02974830106817,
0.560000000000004));
#38160=VERTEX_POINT('',#38150);
#38170=EDGE_CURVE('',#38120,#38160,#36380,.T.);
#38180=ORIENTED_EDGE('',*,*,#38170,.F.);
#38190=CARTESIAN_POINT('',(-3.87162580248287,1.325339,0.560000000000004)
);
#38200=DIRECTION('',(0.581238193719096,-0.813733471206735,
3.27422473151818E-16));
#38210=VECTOR('',#38200,1.);
#38220=LINE('',#38190,#38210);
#38230=CARTESIAN_POINT('',(-3.68490159309634,1.06392510685885,
0.560000000000004));
#38240=VERTEX_POINT('',#38230);
#38250=EDGE_CURVE('',#38240,#38160,#38220,.T.);
#38260=ORIENTED_EDGE('',*,*,#38250,.T.);
#38270=CARTESIAN_POINT('',(-3.66048958896014,1.08136225267043,
0.560000000000004));
#38280=DIRECTION('',(-4.89842541528951E-16,2.44921270764476E-16,1.));
#38290=DIRECTION('',(1.,0.,0.));
#38300=AXIS2_PLACEMENT_3D('',#38270,#38280,#38290);
#38310=CIRCLE('',#38300,0.0300000000000003);
#38320=EDGE_CURVE('',#37840,#38240,#38310,.T.);
#38330=ORIENTED_EDGE('',*,*,#38320,.T.);
#38340=EDGE_LOOP('',(#38330,#38260,#38180,#38140,#38060));
#38350=FACE_OUTER_BOUND('',#38340,.T.);
#38360=ADVANCED_FACE('',(#38350),#36260,.T.);
#38370=CARTESIAN_POINT('',(-3.19818413696879,0.995339,0.141050247945888)
);
#38380=DIRECTION('',(2.13652445931447E-32,1.,-2.44921270764476E-16));
#38390=DIRECTION('',(-1.,-9.86076131526266E-32,-4.89842541528951E-16));
#38400=AXIS2_PLACEMENT_3D('',#38370,#38380,#38390);
#38410=PLANE('',#38400);
#38420=CARTESIAN_POINT('',(-3.63475869419555,0.995339,0.121050247945888)
);
#38430=DIRECTION('',(-4.89842541528951E-16,2.44921270764476E-16,1.));
#38440=VECTOR('',#38430,1.);
#38450=LINE('',#38420,#38440);
#38460=CARTESIAN_POINT('',(-3.63475869419555,0.995339,0.500000000000004)
);
#38470=VERTEX_POINT('',#38460);
#38480=CARTESIAN_POINT('',(-3.63475869419555,0.995339,0.540000000000004)
);
#38490=VERTEX_POINT('',#38480);
#38500=EDGE_CURVE('',#38470,#38490,#38450,.T.);
#38510=ORIENTED_EDGE('',*,*,#38500,.F.);
#38520=CARTESIAN_POINT('',(-3.19818413696879,0.995339,0.540000000000004)
);
#38530=DIRECTION('',(1.,9.86076131526265E-32,4.89842541528951E-16));
#38540=VECTOR('',#38530,1.);
#38550=LINE('',#38520,#38540);
#38560=CARTESIAN_POINT('',(-2.88622048372473,0.995339,0.540000000000004)
);
#38570=VERTEX_POINT('',#38560);
#38580=EDGE_CURVE('',#38490,#38570,#38550,.T.);
#38590=ORIENTED_EDGE('',*,*,#38580,.F.);
#38600=CARTESIAN_POINT('',(-2.88622048372473,0.995339,0.121050247945888)
);
#38610=DIRECTION('',(4.89842541528951E-16,-2.44921270764476E-16,-1.));
#38620=VECTOR('',#38610,1.);
#38630=LINE('',#38600,#38620);
#38640=CARTESIAN_POINT('',(-2.88622048372473,0.995339,0.500000000000005)
);
#38650=VERTEX_POINT('',#38640);
#38660=EDGE_CURVE('',#38570,#38650,#38630,.T.);
#38670=ORIENTED_EDGE('',*,*,#38660,.F.);
#38680=CARTESIAN_POINT('',(-3.19818413696879,0.995339,0.500000000000004)
);
#38690=DIRECTION('',(1.,9.86076131526265E-32,4.89842541528951E-16));
#38700=VECTOR('',#38690,1.);
#38710=LINE('',#38680,#38700);
#38720=EDGE_CURVE('',#38470,#38650,#38710,.T.);
#38730=ORIENTED_EDGE('',*,*,#38720,.T.);
#38740=EDGE_LOOP('',(#38730,#38670,#38590,#38510));
#38750=FACE_OUTER_BOUND('',#38740,.T.);
#38760=ADVANCED_FACE('',(#38750),#38410,.F.);
#38770=CARTESIAN_POINT('',(-2.88622048372473,1.045339,0.121050247945888)
);
#38780=DIRECTION('',(4.89842541528951E-16,-2.44921270764476E-16,-1.));
#38790=DIRECTION('',(1.,9.86076131526265E-32,4.89842541528951E-16));
#38800=AXIS2_PLACEMENT_3D('',#38770,#38780,#38790);
#38810=CYLINDRICAL_SURFACE('',#38800,0.05);
#38820=ORIENTED_EDGE('',*,*,#38660,.T.);
#38830=CARTESIAN_POINT('',(-2.88622048372473,1.045339,0.540000000000004)
);
#38840=DIRECTION('',(4.89842541528951E-16,-2.44921270764476E-16,-1.));
#38850=DIRECTION('',(1.,1.19972857745771E-31,4.89842541528951E-16));
#38860=AXIS2_PLACEMENT_3D('',#38830,#38840,#38850);
#38870=CIRCLE('',#38860,0.0500000000000003);
#38880=EDGE_CURVE('',#14630,#38570,#38870,.T.);
#38890=ORIENTED_EDGE('',*,*,#38880,.T.);
#38900=CARTESIAN_POINT('',(-2.84553381016439,1.01627709031405,
0.121050247945888));
#38910=DIRECTION('',(4.89842541528951E-16,-2.44921270764476E-16,-1.));
#38920=VECTOR('',#38910,1.);
#38930=LINE('',#38900,#38920);
#38940=CARTESIAN_POINT('',(-2.84553381016439,1.01627709031405,
0.500000000000005));
#38950=VERTEX_POINT('',#38940);
#38960=EDGE_CURVE('',#14630,#38950,#38930,.T.);
#38970=ORIENTED_EDGE('',*,*,#38960,.F.);
#38980=CARTESIAN_POINT('',(-2.88622048372473,1.045339,0.500000000000005)
);
#38990=DIRECTION('',(4.89842541528951E-16,-2.44921270764476E-16,-1.));
#39000=DIRECTION('',(1.,1.19972857745771E-31,4.89842541528951E-16));
#39010=AXIS2_PLACEMENT_3D('',#38980,#38990,#39000);
#39020=CIRCLE('',#39010,0.0499999999999998);
#39030=EDGE_CURVE('',#38950,#38650,#39020,.T.);
#39040=ORIENTED_EDGE('',*,*,#39030,.F.);
#39050=EDGE_LOOP('',(#39040,#38970,#38890,#38820));
#39060=FACE_OUTER_BOUND('',#39050,.T.);
#39070=ADVANCED_FACE('',(#39060),#38810,.T.);
#39080=CARTESIAN_POINT('',(-2.88622048372473,1.045339,0.500000000000005)
);
#39090=DIRECTION('',(4.89842541528951E-16,-2.44921270764476E-16,-1.));
#39100=DIRECTION('',(-1.,0.,0.));
#39110=AXIS2_PLACEMENT_3D('',#39080,#39090,#39100);
#39120=TOROIDAL_SURFACE('',#39110,0.0299999999999998,0.02);
#39130=CARTESIAN_POINT('',(-2.86180847958853,1.02790185418843,
0.500000000000005));
#39140=DIRECTION('',(-0.581238193719096,-0.813733471206735,
-8.54145582135175E-17));
#39150=DIRECTION('',(0.813733471206735,-0.581238193719096,
5.40958868685612E-16));
#39160=AXIS2_PLACEMENT_3D('',#39130,#39140,#39150);
#39170=CIRCLE('',#39160,0.02);
#39180=CARTESIAN_POINT('',(-2.86180847958853,1.02790185418843,
0.480000000000005));
#39190=VERTEX_POINT('',#39180);
#39200=EDGE_CURVE('',#39190,#38950,#39170,.T.);
#39210=ORIENTED_EDGE('',*,*,#39200,.T.);
#39220=CARTESIAN_POINT('',(-2.88622048372473,1.045339,0.480000000000005)
);
#39230=DIRECTION('',(4.89842541528951E-16,-2.44921270764476E-16,-1.));
#39240=DIRECTION('',(-1.,0.,0.));
#39250=AXIS2_PLACEMENT_3D('',#39220,#39230,#39240);
#39260=CIRCLE('',#39250,0.0299999999999998);
#39270=CARTESIAN_POINT('',(-2.88622048372473,1.015339,0.480000000000005)
);
#39280=VERTEX_POINT('',#39270);
#39290=EDGE_CURVE('',#39190,#39280,#39260,.T.);
#39300=ORIENTED_EDGE('',*,*,#39290,.F.);
#39310=CARTESIAN_POINT('',(-2.88622048372473,1.015339,0.500000000000005)
);
#39320=DIRECTION('',(-1.,-6.1230317691119E-17,-4.89842541528951E-16));
#39330=DIRECTION('',(6.12303176911189E-17,-1.,2.44921270764476E-16));
#39340=AXIS2_PLACEMENT_3D('',#39310,#39320,#39330);
#39350=CIRCLE('',#39340,0.02);
#39360=EDGE_CURVE('',#39280,#38650,#39350,.T.);
#39370=ORIENTED_EDGE('',*,*,#39360,.F.);
#39380=ORIENTED_EDGE('',*,*,#39030,.T.);
#39390=EDGE_LOOP('',(#39380,#39370,#39300,#39210));
#39400=FACE_OUTER_BOUND('',#39390,.T.);
#39410=ADVANCED_FACE('',(#39400),#39120,.T.);
#39420=CARTESIAN_POINT('',(-3.19818413696879,1.015339,0.500000000000004)
);
#39430=DIRECTION('',(1.,9.86076131526265E-32,4.89842541528951E-16));
#39440=DIRECTION('',(-4.89842541528951E-16,2.44921270764476E-16,1.));
#39450=AXIS2_PLACEMENT_3D('',#39420,#39430,#39440);
#39460=CYLINDRICAL_SURFACE('',#39450,0.02);
#39470=ORIENTED_EDGE('',*,*,#39360,.T.);
#39480=CARTESIAN_POINT('',(-3.19818413696879,1.015339,0.480000000000004)
);
#39490=DIRECTION('',(1.,9.86076131526265E-32,4.89842541528951E-16));
#39500=VECTOR('',#39490,1.);
#39510=LINE('',#39480,#39500);
#39520=CARTESIAN_POINT('',(-3.63475869419555,1.015339,0.480000000000004)
);
#39530=VERTEX_POINT('',#39520);
#39540=EDGE_CURVE('',#39530,#39280,#39510,.T.);
#39550=ORIENTED_EDGE('',*,*,#39540,.T.);
#39560=CARTESIAN_POINT('',(-3.63475869419555,1.015339,0.500000000000004)
);
#39570=DIRECTION('',(1.,-6.12303176911188E-17,4.89842541528951E-16));
#39580=DIRECTION('',(6.12303176911189E-17,1.,-2.44921270764476E-16));
#39590=AXIS2_PLACEMENT_3D('',#39560,#39570,#39580);
#39600=CIRCLE('',#39590,0.02);
#39610=EDGE_CURVE('',#38470,#39530,#39600,.T.);
#39620=ORIENTED_EDGE('',*,*,#39610,.T.);
#39630=ORIENTED_EDGE('',*,*,#38720,.F.);
#39640=EDGE_LOOP('',(#39630,#39620,#39550,#39470));
#39650=FACE_OUTER_BOUND('',#39640,.T.);
#39660=ADVANCED_FACE('',(#39650),#39460,.T.);
#39670=CARTESIAN_POINT('',(-3.87162580248287,1.325339,0.500000000000004)
);
#39680=DIRECTION('',(-0.581238193719096,0.813733471206735,
-4.840158298766E-16));
#39690=DIRECTION('',(-0.813733471206735,-0.581238193719096,
-2.56243674640553E-16));
#39700=AXIS2_PLACEMENT_3D('',#39670,#39680,#39690);
#39710=CYLINDRICAL_SURFACE('',#39700,0.02);
#39720=CARTESIAN_POINT('',(-3.887900471907,1.31371423612562,
0.500000000000004));
#39730=DIRECTION('',(-0.581238193719096,0.813733471206735,
-4.840158298766E-16));
#39740=VECTOR('',#39730,1.);
#39750=LINE('',#39720,#39740);
#39760=CARTESIAN_POINT('',(-3.67544536775589,1.01627709031405,
0.500000000000004));
#39770=VERTEX_POINT('',#39760);
#39780=EDGE_CURVE('',#39770,#37410,#39750,.T.);
#39790=ORIENTED_EDGE('',*,*,#39780,.T.);
#39800=CARTESIAN_POINT('',(-3.65917069833175,1.02790185418843,
0.500000000000004));
#39810=DIRECTION('',(0.581238193719096,-0.813733471206735,
4.840158298766E-16));
#39820=DIRECTION('',(0.813733471206735,0.581238193719096,
2.56243674640553E-16));
#39830=AXIS2_PLACEMENT_3D('',#39800,#39810,#39820);
#39840=CIRCLE('',#39830,0.02);
#39850=CARTESIAN_POINT('',(-3.65917069833175,1.02790185418843,
0.480000000000004));
#39860=VERTEX_POINT('',#39850);
#39870=EDGE_CURVE('',#39770,#39860,#39840,.T.);
#39880=ORIENTED_EDGE('',*,*,#39870,.F.);
#39890=CARTESIAN_POINT('',(-3.87162580248287,1.325339,0.480000000000004)
);
#39900=DIRECTION('',(-0.581238193719096,0.813733471206735,
-1.28121837320277E-16));
#39910=VECTOR('',#39900,1.);
#39920=LINE('',#39890,#39910);
#39930=CARTESIAN_POINT('',(-3.68490159309634,1.06392510685885,
0.480000000000004));
#39940=VERTEX_POINT('',#39930);
#39950=EDGE_CURVE('',#39860,#39940,#39920,.T.);
#39960=ORIENTED_EDGE('',*,*,#39950,.F.);
#39970=CARTESIAN_POINT('',(-3.68490159309634,1.06392510685885,
0.500000000000004));
#39980=DIRECTION('',(0.581238193719096,-0.813733471206735,
4.840158298766E-16));
#39990=DIRECTION('',(0.813733471206735,0.581238193719096,
2.56243674640553E-16));
#40000=AXIS2_PLACEMENT_3D('',#39970,#39980,#39990);
#40010=CIRCLE('',#40000,0.02);
#40020=EDGE_CURVE('',#37500,#39940,#40010,.T.);
#40030=ORIENTED_EDGE('',*,*,#40020,.T.);
#40040=ORIENTED_EDGE('',*,*,#37510,.T.);
#40050=EDGE_LOOP('',(#40040,#40030,#39960,#39880,#39790));
#40060=FACE_OUTER_BOUND('',#40050,.T.);
#40070=ADVANCED_FACE('',(#40060),#39710,.T.);
#40080=CARTESIAN_POINT('',(-3.66048958896014,1.08136225267043,
0.500000000000004));
#40090=DIRECTION('',(-4.89842541528951E-16,2.44921270764476E-16,1.));
#40100=DIRECTION('',(1.,0.,0.));
#40110=AXIS2_PLACEMENT_3D('',#40080,#40090,#40100);
#40120=TOROIDAL_SURFACE('',#40110,0.0300000000000002,0.02);
#40130=ORIENTED_EDGE('',*,*,#40020,.F.);
#40140=CARTESIAN_POINT('',(-3.66048958896014,1.08136225267043,
0.480000000000004));
#40150=DIRECTION('',(-4.89842541528951E-16,2.44921270764476E-16,1.));
#40160=DIRECTION('',(1.,0.,0.));
#40170=AXIS2_PLACEMENT_3D('',#40140,#40150,#40160);
#40180=CIRCLE('',#40170,0.0300000000000002);
#40190=EDGE_CURVE('',#37680,#39940,#40180,.T.);
#40200=ORIENTED_EDGE('',*,*,#40190,.T.);
#40210=ORIENTED_EDGE('',*,*,#37690,.T.);
#40220=EDGE_LOOP('',(#40210,#40200,#40130));
#40230=FACE_OUTER_BOUND('',#40220,.T.);
#40240=ADVANCED_FACE('',(#40230),#40120,.T.);
#40250=CARTESIAN_POINT('',(-3.68548958896014,1.030339,0.520000000000004)
);
#40260=DIRECTION('',(0.813733471206735,0.581238193719096,
2.56243674640553E-16));
#40270=DIRECTION('',(-0.581238193719096,0.813733471206735,
-4.840158298766E-16));
#40280=AXIS2_PLACEMENT_3D('',#40250,#40260,#40270);
#40290=PLANE('',#40280);
#40300=CARTESIAN_POINT('',(-3.887900471907,1.31371423612562,
0.540000000000004));
#40310=DIRECTION('',(0.581238193719096,-0.813733471206735,
4.840158298766E-16));
#40320=VECTOR('',#40310,1.);
#40330=LINE('',#40300,#40320);
#40340=CARTESIAN_POINT('',(-3.67544536775589,1.01627709031405,
0.540000000000004));
#40350=VERTEX_POINT('',#40340);
#40360=EDGE_CURVE('',#37330,#40350,#40330,.T.);
#40370=ORIENTED_EDGE('',*,*,#40360,.F.);
#40380=CARTESIAN_POINT('',(-3.67544536775589,1.01627709031405,
0.121050247945888));
#40390=DIRECTION('',(-4.89842541528951E-16,2.44921270764476E-16,1.));
#40400=VECTOR('',#40390,1.);
#40410=LINE('',#40380,#40400);
#40420=EDGE_CURVE('',#39770,#40350,#40410,.T.);
#40430=ORIENTED_EDGE('',*,*,#40420,.T.);
#40440=ORIENTED_EDGE('',*,*,#39780,.F.);
#40450=ORIENTED_EDGE('',*,*,#37420,.F.);
#40460=EDGE_LOOP('',(#40450,#40440,#40430,#40370));
#40470=FACE_OUTER_BOUND('',#40460,.T.);
#40480=ADVANCED_FACE('',(#40470),#40290,.F.);
#40490=CARTESIAN_POINT('',(-3.63475869419555,1.045339,0.500000000000004)
);
#40500=DIRECTION('',(-4.89842541528951E-16,2.44921270764476E-16,1.));
#40510=DIRECTION('',(1.,0.,0.));
#40520=AXIS2_PLACEMENT_3D('',#40490,#40500,#40510);
#40530=TOROIDAL_SURFACE('',#40520,0.0300000000000002,0.02);
#40540=ORIENTED_EDGE('',*,*,#39610,.F.);
#40550=CARTESIAN_POINT('',(-3.63475869419555,1.045339,0.480000000000004)
);
#40560=DIRECTION('',(-4.89842541528951E-16,2.44921270764476E-16,1.));
#40570=DIRECTION('',(1.,0.,0.));
#40580=AXIS2_PLACEMENT_3D('',#40550,#40560,#40570);
#40590=CIRCLE('',#40580,0.0300000000000002);
#40600=EDGE_CURVE('',#39860,#39530,#40590,.T.);
#40610=ORIENTED_EDGE('',*,*,#40600,.T.);
#40620=ORIENTED_EDGE('',*,*,#39870,.T.);
#40630=CARTESIAN_POINT('',(-3.63475869419555,1.045339,0.500000000000004)
);
#40640=DIRECTION('',(-4.89842541528951E-16,2.44921270764476E-16,1.));
#40650=DIRECTION('',(-1.,-1.19972857745771E-31,-4.89842541528951E-16));
#40660=AXIS2_PLACEMENT_3D('',#40630,#40640,#40650);
#40670=CIRCLE('',#40660,0.0500000000000003);
#40680=EDGE_CURVE('',#39770,#38470,#40670,.T.);
#40690=ORIENTED_EDGE('',*,*,#40680,.F.);
#40700=EDGE_LOOP('',(#40690,#40620,#40610,#40540));
#40710=FACE_OUTER_BOUND('',#40700,.T.);
#40720=ADVANCED_FACE('',(#40710),#40530,.T.);
#40730=CARTESIAN_POINT('',(-3.66048958896014,1.08136225267043,
0.540000000000004));
#40740=DIRECTION('',(-4.89842541528951E-16,2.44921270764476E-16,1.));
#40750=DIRECTION('',(1.,0.,0.));
#40760=AXIS2_PLACEMENT_3D('',#40730,#40740,#40750);
#40770=TOROIDAL_SURFACE('',#40760,0.0300000000000002,0.02);
#40780=ORIENTED_EDGE('',*,*,#38320,.F.);
#40790=CARTESIAN_POINT('',(-3.68490159309634,1.06392510685885,
0.540000000000004));
#40800=DIRECTION('',(0.581238193719096,-0.813733471206735,
4.840158298766E-16));
#40810=DIRECTION('',(0.813733471206735,0.581238193719096,
2.56243674640553E-16));
#40820=AXIS2_PLACEMENT_3D('',#40790,#40800,#40810);
#40830=CIRCLE('',#40820,0.02);
#40840=EDGE_CURVE('',#38240,#37310,#40830,.T.);
#40850=ORIENTED_EDGE('',*,*,#40840,.F.);
#40860=ORIENTED_EDGE('',*,*,#38010,.T.);
#40870=EDGE_LOOP('',(#40860,#40850,#40780));
#40880=FACE_OUTER_BOUND('',#40870,.T.);
#40890=ADVANCED_FACE('',(#40880),#40770,.T.);
#40900=CARTESIAN_POINT('',(-3.19818413696879,1.205339,0.121050247945888)
);
#40910=DIRECTION('',(2.13652445931447E-32,1.,-2.44921270764476E-16));
#40920=DIRECTION('',(-1.,-9.86076131526266E-32,-4.89842541528951E-16));
#40930=AXIS2_PLACEMENT_3D('',#40900,#40910,#40920);
#40940=PLANE('',#40930);
#40950=CARTESIAN_POINT('',(-3.19818413696879,1.205339,0.560000000000004)
);
#40960=DIRECTION('',(1.,9.86076131526265E-32,4.89842541528951E-16));
#40970=VECTOR('',#40960,1.);
#40980=LINE('',#40950,#40970);
#40990=CARTESIAN_POINT('',(-3.60048958896014,1.205339,0.560000000000004)
);
#41000=VERTEX_POINT('',#40990);
#41010=EDGE_CURVE('',#36320,#41000,#40980,.T.);
#41020=ORIENTED_EDGE('',*,*,#41010,.T.);
#41030=ORIENTED_EDGE('',*,*,#36330,.T.);
#41040=ORIENTED_EDGE('',*,*,#36110,.T.);
#41050=CARTESIAN_POINT('',(0.,1.205339,0.480000000000001));
#41060=DIRECTION('',(-1.,1.97215226305253E-31,7.34763812293426E-16));
#41070=VECTOR('',#41060,1.);
#41080=LINE('',#41050,#41070);
#41090=CARTESIAN_POINT('',(-3.60048958896014,1.205339,0.480000000000003)
);
#41100=VERTEX_POINT('',#41090);
#41110=EDGE_CURVE('',#41100,#36020,#41080,.T.);
#41120=ORIENTED_EDGE('',*,*,#41110,.T.);
#41130=CARTESIAN_POINT('',(-3.60048958896014,1.205339,0.121050247945888)
);
#41140=DIRECTION('',(4.89842541528951E-16,-2.44921270764476E-16,-1.));
#41150=VECTOR('',#41140,1.);
#41160=LINE('',#41130,#41150);
#41170=EDGE_CURVE('',#41000,#41100,#41160,.T.);
#41180=ORIENTED_EDGE('',*,*,#41170,.T.);
#41190=EDGE_LOOP('',(#41180,#41120,#41040,#41030,#41020));
#41200=FACE_OUTER_BOUND('',#41190,.T.);
#41210=ADVANCED_FACE('',(#41200),#40940,.T.);
#41220=CARTESIAN_POINT('',(-3.60048958896014,1.255339,0.121050247945888)
);
#41230=DIRECTION('',(4.89842541528951E-16,-2.44921270764476E-16,-1.));
#41240=DIRECTION('',(1.,9.86076131526265E-32,4.89842541528951E-16));
#41250=AXIS2_PLACEMENT_3D('',#41220,#41230,#41240);
#41260=CYLINDRICAL_SURFACE('',#41250,0.05);
#41270=CARTESIAN_POINT('',(-3.60048958896014,1.255339,0.480000000000003)
);
#41280=DIRECTION('',(4.89842541528951E-16,-2.44921270764476E-16,-1.));
#41290=DIRECTION('',(1.,9.86076131526265E-32,4.89842541528951E-16));
#41300=AXIS2_PLACEMENT_3D('',#41270,#41280,#41290);
#41310=CIRCLE('',#41300,0.05);
#41320=CARTESIAN_POINT('',(-3.55048958896014,1.255339,0.480000000000003)
);
#41330=VERTEX_POINT('',#41320);
#41340=EDGE_CURVE('',#41330,#41100,#41310,.T.);
#41350=ORIENTED_EDGE('',*,*,#41340,.T.);
#41360=CARTESIAN_POINT('',(-3.55048958896014,1.255339,0.121050247945888)
);
#41370=DIRECTION('',(4.89842541528951E-16,-2.44921270764476E-16,-1.));
#41380=VECTOR('',#41370,1.);
#41390=LINE('',#41360,#41380);
#41400=CARTESIAN_POINT('',(-3.55048958896014,1.255339,0.560000000000004)
);
#41410=VERTEX_POINT('',#41400);
#41420=EDGE_CURVE('',#41410,#41330,#41390,.T.);
#41430=ORIENTED_EDGE('',*,*,#41420,.T.);
#41440=CARTESIAN_POINT('',(-3.60048958896014,1.255339,0.560000000000004)
);
#41450=DIRECTION('',(4.89842541528951E-16,-2.44921270764476E-16,-1.));
#41460=DIRECTION('',(1.,9.86076131526265E-32,4.89842541528951E-16));
#41470=AXIS2_PLACEMENT_3D('',#41440,#41450,#41460);
#41480=CIRCLE('',#41470,0.05);
#41490=EDGE_CURVE('',#41410,#41000,#41480,.T.);
#41500=ORIENTED_EDGE('',*,*,#41490,.F.);
#41510=ORIENTED_EDGE('',*,*,#41170,.F.);
#41520=EDGE_LOOP('',(#41510,#41500,#41430,#41350));
#41530=FACE_OUTER_BOUND('',#41520,.T.);
#41540=ADVANCED_FACE('',(#41530),#41260,.F.);
#41550=CARTESIAN_POINT('',(-2.88622048372473,1.045339,0.540000000000004)
);
#41560=DIRECTION('',(4.89842541528951E-16,-2.44921270764476E-16,-1.));
#41570=DIRECTION('',(-1.,0.,0.));
#41580=AXIS2_PLACEMENT_3D('',#41550,#41560,#41570);
#41590=TOROIDAL_SURFACE('',#41580,0.0300000000000002,0.02);
#41600=CARTESIAN_POINT('',(-2.88622048372473,1.015339,0.540000000000004)
);
#41610=DIRECTION('',(-1.,-6.1230317691119E-17,-4.89842541528951E-16));
#41620=DIRECTION('',(6.12303176911189E-17,-1.,2.44921270764476E-16));
#41630=AXIS2_PLACEMENT_3D('',#41600,#41610,#41620);
#41640=CIRCLE('',#41630,0.02);
#41650=CARTESIAN_POINT('',(-2.88622048372473,1.015339,0.560000000000004)
);
#41660=VERTEX_POINT('',#41650);
#41670=EDGE_CURVE('',#38570,#41660,#41640,.T.);
#41680=ORIENTED_EDGE('',*,*,#41670,.F.);
#41690=CARTESIAN_POINT('',(-2.88622048372473,1.045339,0.560000000000004)
);
#41700=DIRECTION('',(4.89842541528951E-16,-2.44921270764476E-16,-1.));
#41710=DIRECTION('',(-1.,0.,0.));
#41720=AXIS2_PLACEMENT_3D('',#41690,#41700,#41710);
#41730=CIRCLE('',#41720,0.0300000000000002);
#41740=EDGE_CURVE('',#14740,#41660,#41730,.T.);
#41750=ORIENTED_EDGE('',*,*,#41740,.T.);
#41760=ORIENTED_EDGE('',*,*,#14750,.T.);
#41770=ORIENTED_EDGE('',*,*,#38880,.F.);
#41780=EDGE_LOOP('',(#41770,#41760,#41750,#41680));
#41790=FACE_OUTER_BOUND('',#41780,.T.);
#41800=ADVANCED_FACE('',(#41790),#41590,.T.);
#41810=CARTESIAN_POINT('',(-3.19818413696879,1.205339,0.121050247945888)
);
#41820=DIRECTION('',(2.13652445931447E-32,1.,-2.44921270764476E-16));
#41830=DIRECTION('',(-1.,-9.86076131526266E-32,-4.89842541528951E-16));
#41840=AXIS2_PLACEMENT_3D('',#41810,#41820,#41830);
#41850=PLANE('',#41840);
#41860=CARTESIAN_POINT('',(0.,1.205339,0.480000000000001));
#41870=DIRECTION('',(-1.,1.97215226305253E-31,7.34763812293426E-16));
#41880=VECTOR('',#41870,1.);
#41890=LINE('',#41860,#41880);
#41900=CARTESIAN_POINT('',(-2.83048958896013,1.205339,0.480000000000003)
);
#41910=VERTEX_POINT('',#41900);
#41920=CARTESIAN_POINT('',(-2.92048958896014,1.205339,0.480000000000003)
);
#41930=VERTEX_POINT('',#41920);
#41940=EDGE_CURVE('',#41910,#41930,#41890,.T.);
#41950=ORIENTED_EDGE('',*,*,#41940,.T.);
#41960=CARTESIAN_POINT('',(-2.83048958896013,1.205339,0.));
#41970=DIRECTION('',(-4.89842541528951E-16,2.44921270764476E-16,1.));
#41980=VECTOR('',#41970,1.);
#41990=LINE('',#41960,#41980);
#42000=EDGE_CURVE('',#41910,#37110,#41990,.T.);
#42010=ORIENTED_EDGE('',*,*,#42000,.F.);
#42020=ORIENTED_EDGE('',*,*,#37200,.T.);
#42030=CARTESIAN_POINT('',(-3.19818413696879,1.205339,0.560000000000004)
);
#42040=DIRECTION('',(1.,9.86076131526265E-32,4.89842541528951E-16));
#42050=VECTOR('',#42040,1.);
#42060=LINE('',#42030,#42050);
#42070=CARTESIAN_POINT('',(-2.92048958896014,1.205339,0.560000000000004)
);
#42080=VERTEX_POINT('',#42070);
#42090=EDGE_CURVE('',#42080,#6480,#42060,.T.);
#42100=ORIENTED_EDGE('',*,*,#42090,.T.);
#42110=CARTESIAN_POINT('',(-2.92048958896014,1.205339,0.121050247945888)
);
#42120=DIRECTION('',(-4.89842541528951E-16,2.44921270764476E-16,1.));
#42130=VECTOR('',#42120,1.);
#42140=LINE('',#42110,#42130);
#42150=EDGE_CURVE('',#41930,#42080,#42140,.T.);
#42160=ORIENTED_EDGE('',*,*,#42150,.T.);
#42170=EDGE_LOOP('',(#42160,#42100,#42020,#42010,#41950));
#42180=FACE_OUTER_BOUND('',#42170,.T.);
#42190=ADVANCED_FACE('',(#42180),#41850,.T.);
#42200=CARTESIAN_POINT('',(-2.92048958896014,1.255339,0.121050247945888)
);
#42210=DIRECTION('',(-4.89842541528951E-16,2.44921270764476E-16,1.));
#42220=DIRECTION('',(-1.,-9.86076131526265E-32,-4.89842541528951E-16));
#42230=AXIS2_PLACEMENT_3D('',#42200,#42210,#42220);
#42240=CYLINDRICAL_SURFACE('',#42230,0.05);
#42250=CARTESIAN_POINT('',(-2.92048958896014,1.255339,0.560000000000004)
);
#42260=DIRECTION('',(-4.89842541528951E-16,2.44921270764476E-16,1.));
#42270=DIRECTION('',(-1.,-9.86076131526265E-32,-4.89842541528951E-16));
#42280=AXIS2_PLACEMENT_3D('',#42250,#42260,#42270);
#42290=CIRCLE('',#42280,0.05);
#42300=EDGE_CURVE('',#12240,#42080,#42290,.T.);
#42310=ORIENTED_EDGE('',*,*,#42300,.T.);
#42320=ORIENTED_EDGE('',*,*,#12410,.T.);
#42330=CARTESIAN_POINT('',(-2.92048958896014,1.255339,0.480000000000003)
);
#42340=DIRECTION('',(-4.89842541528951E-16,2.44921270764476E-16,1.));
#42350=DIRECTION('',(-1.,-9.86076131526265E-32,-4.89842541528951E-16));
#42360=AXIS2_PLACEMENT_3D('',#42330,#42340,#42350);
#42370=CIRCLE('',#42360,0.05);
#42380=EDGE_CURVE('',#12340,#41930,#42370,.T.);
#42390=ORIENTED_EDGE('',*,*,#42380,.F.);
#42400=ORIENTED_EDGE('',*,*,#42150,.F.);
#42410=EDGE_LOOP('',(#42400,#42390,#42320,#42310));
#42420=FACE_OUTER_BOUND('',#42410,.T.);
#42430=ADVANCED_FACE('',(#42420),#42240,.F.);
#42440=CARTESIAN_POINT('',(-3.74048958896014,1.305339,0.560000000000004)
);
#42450=DIRECTION('',(-4.89842541528951E-16,2.44921270764476E-16,1.));
#42460=DIRECTION('',(-3.12252206781809E-32,-1.,2.44921270764476E-16));
#42470=AXIS2_PLACEMENT_3D('',#42440,#42450,#42460);
#42480=PLANE('',#42470);
#42490=ORIENTED_EDGE('',*,*,#41010,.F.);
#42500=ORIENTED_EDGE('',*,*,#41490,.T.);
#42510=CARTESIAN_POINT('',(-3.55048958896014,1.305339,0.560000000000004)
);
#42520=DIRECTION('',(3.12252206781809E-32,1.,-2.44921270764476E-16));
#42530=VECTOR('',#42520,1.);
#42540=LINE('',#42510,#42530);
#42550=CARTESIAN_POINT('',(-3.55048958896014,1.335339,0.560000000000004)
);
#42560=VERTEX_POINT('',#42550);
#42570=EDGE_CURVE('',#41410,#42560,#42540,.T.);
#42580=ORIENTED_EDGE('',*,*,#42570,.F.);
#42590=CARTESIAN_POINT('',(-3.19818413696879,1.335339,0.560000000000004)
);
#42600=DIRECTION('',(1.,9.86076131526265E-32,4.89842541528951E-16));
#42610=VECTOR('',#42600,1.);
#42620=LINE('',#42590,#42610);
#42630=CARTESIAN_POINT('',(-3.42048958896014,1.335339,0.560000000000004)
);
#42640=VERTEX_POINT('',#42630);
#42650=EDGE_CURVE('',#42560,#42640,#42620,.T.);
#42660=ORIENTED_EDGE('',*,*,#42650,.F.);
#42670=CARTESIAN_POINT('',(-3.42048958896014,1.305339,0.560000000000004)
);
#42680=DIRECTION('',(3.12252206781809E-32,1.,-2.44921270764476E-16));
#42690=VECTOR('',#42680,1.);
#42700=LINE('',#42670,#42690);
#42710=EDGE_CURVE('',#9970,#42640,#42700,.T.);
#42720=ORIENTED_EDGE('',*,*,#42710,.T.);
#42730=ORIENTED_EDGE('',*,*,#9980,.F.);
#42740=ORIENTED_EDGE('',*,*,#3620,.F.);
#42750=CARTESIAN_POINT('',(-3.35048958896014,1.305339,0.560000000000004)
);
#42760=DIRECTION('',(-3.09431300027363E-16,2.44921270764476E-16,1.));
#42770=DIRECTION('',(-1.,-5.44210626238608E-32,-3.09431300027363E-16));
#42780=AXIS2_PLACEMENT_3D('',#42750,#42760,#42770);
#42790=CIRCLE('',#42780,0.03);
#42800=CARTESIAN_POINT('',(-3.32048958896014,1.305339,0.560000000000004)
);
#42810=VERTEX_POINT('',#42800);
#42820=EDGE_CURVE('',#3610,#42810,#42790,.T.);
#42830=ORIENTED_EDGE('',*,*,#42820,.F.);
#42840=CARTESIAN_POINT('',(-3.19818413696879,1.305339,0.560000000000004)
);
#42850=DIRECTION('',(1.,1.33494028535879E-31,4.89842541528951E-16));
#42860=VECTOR('',#42850,1.);
#42870=LINE('',#42840,#42860);
#42880=EDGE_CURVE('',#42810,#1120,#42870,.T.);
#42890=ORIENTED_EDGE('',*,*,#42880,.F.);
#42900=ORIENTED_EDGE('',*,*,#1130,.T.);
#42910=CARTESIAN_POINT('',(-3.19818413696879,1.275339,0.560000000000004)
);
#42920=DIRECTION('',(1.,1.33494028535879E-31,4.89842541528951E-16));
#42930=VECTOR('',#42920,1.);
#42940=LINE('',#42910,#42930);
#42950=EDGE_CURVE('',#1100,#870,#42940,.T.);
#42960=ORIENTED_EDGE('',*,*,#42950,.F.);
#42970=ORIENTED_EDGE('',*,*,#880,.T.);
#42980=ORIENTED_EDGE('',*,*,#17620,.T.);
#42990=ORIENTED_EDGE('',*,*,#7780,.F.);
#43000=ORIENTED_EDGE('',*,*,#12250,.F.);
#43010=ORIENTED_EDGE('',*,*,#42300,.F.);
#43020=ORIENTED_EDGE('',*,*,#42090,.F.);
#43030=ORIENTED_EDGE('',*,*,#6490,.T.);
#43040=ORIENTED_EDGE('',*,*,#14810,.T.);
#43050=ORIENTED_EDGE('',*,*,#41740,.F.);
#43060=CARTESIAN_POINT('',(-3.19818413696879,1.015339,0.560000000000004)
);
#43070=DIRECTION('',(1.,9.86076131526265E-32,4.89842541528951E-16));
#43080=VECTOR('',#43070,1.);
#43090=LINE('',#43060,#43080);
#43100=CARTESIAN_POINT('',(-3.63475869419555,1.015339,0.560000000000004)
);
#43110=VERTEX_POINT('',#43100);
#43120=EDGE_CURVE('',#43110,#41660,#43090,.T.);
#43130=ORIENTED_EDGE('',*,*,#43120,.T.);
#43140=CARTESIAN_POINT('',(-3.63475869419555,1.045339,0.560000000000004)
);
#43150=DIRECTION('',(-4.89842541528951E-16,2.44921270764476E-16,1.));
#43160=DIRECTION('',(1.,0.,0.));
#43170=AXIS2_PLACEMENT_3D('',#43140,#43150,#43160);
#43180=CIRCLE('',#43170,0.0300000000000003);
#43190=CARTESIAN_POINT('',(-3.65917069833175,1.02790185418843,
0.560000000000004));
#43200=VERTEX_POINT('',#43190);
#43210=EDGE_CURVE('',#43200,#43110,#43180,.T.);
#43220=ORIENTED_EDGE('',*,*,#43210,.T.);
#43230=CARTESIAN_POINT('',(-3.87162580248287,1.325339,0.560000000000004)
);
#43240=DIRECTION('',(0.581238193719096,-0.813733471206735,
4.840158298766E-16));
#43250=VECTOR('',#43240,1.);
#43260=LINE('',#43230,#43250);
#43270=EDGE_CURVE('',#38160,#43200,#43260,.T.);
#43280=ORIENTED_EDGE('',*,*,#43270,.T.);
#43290=CARTESIAN_POINT('',(-3.66048958896014,0.,0.560000000000004));
#43300=DIRECTION('',(2.44921270764475E-16,-1.,2.44921270764476E-16));
#43310=VECTOR('',#43300,1.);
#43320=LINE('',#43290,#43310);
#43330=EDGE_CURVE('',#36320,#38160,#43320,.T.);
#43340=ORIENTED_EDGE('',*,*,#43330,.T.);
#43350=EDGE_LOOP('',(#43340,#43280,#43220,#43130,#43050,#43040,#43030,
#43020,#43010,#43000,#42990,#42980,#42970,#42960,#42900,#42890,#42830,
#42740,#42730,#42720,#42660,#42580,#42500,#42490));
#43360=FACE_OUTER_BOUND('',#43350,.T.);
#43370=ADVANCED_FACE('',(#43360),#42480,.T.);
#43380=CARTESIAN_POINT('',(-3.55048958896014,1.335339,0.121050247945888)
);
#43390=DIRECTION('',(4.89842541528951E-16,-2.44921270764476E-16,-1.));
#43400=VECTOR('',#43390,1.);
#43410=LINE('',#43380,#43400);
#43420=CARTESIAN_POINT('',(-3.55048958896014,1.335339,0.480000000000004)
);
#43430=VERTEX_POINT('',#43420);
#43440=EDGE_CURVE('',#42560,#43430,#43410,.T.);
#43450=ORIENTED_EDGE('',*,*,#43440,.F.);
#43460=CARTESIAN_POINT('',(-3.19818413696879,1.335339,0.480000000000004)
);
#43470=DIRECTION('',(-1.,-9.86076131526265E-32,-4.89842541528951E-16));
#43480=VECTOR('',#43470,1.);
#43490=LINE('',#43460,#43480);
#43500=CARTESIAN_POINT('',(-3.42048958896014,1.335339,0.480000000000004)
);
#43510=VERTEX_POINT('',#43500);
#43520=EDGE_CURVE('',#43510,#43430,#43490,.T.);
#43530=ORIENTED_EDGE('',*,*,#43520,.T.);
#43540=CARTESIAN_POINT('',(-3.42048958896014,1.335339,0.121050247945888)
);
#43550=DIRECTION('',(-3.09431300027363E-16,2.44921270764476E-16,1.));
#43560=VECTOR('',#43550,1.);
#43570=LINE('',#43540,#43560);
#43580=EDGE_CURVE('',#43510,#42640,#43570,.T.);
#43590=ORIENTED_EDGE('',*,*,#43580,.F.);
#43600=ORIENTED_EDGE('',*,*,#42650,.T.);
#43610=EDGE_LOOP('',(#43600,#43590,#43530,#43450));
#43620=FACE_OUTER_BOUND('',#43610,.T.);
#43630=ADVANCED_FACE('',(#43620),#7620,.T.);
#43640=CARTESIAN_POINT('',(-3.55048958896014,1.305339,0.560000000000004)
);
#43650=DIRECTION('',(-1.,-8.87476370675902E-32,-4.89842541528951E-16));
#43660=DIRECTION('',(4.89842541528951E-16,-2.44921270764476E-16,-1.));
#43670=AXIS2_PLACEMENT_3D('',#43640,#43650,#43660);
#43680=PLANE('',#43670);
#43690=CARTESIAN_POINT('',(-3.55048958896014,0.,0.480000000000004));
#43700=DIRECTION('',(0.,-1.,2.44921270764476E-16));
#43710=VECTOR('',#43700,1.);
#43720=LINE('',#43690,#43710);
#43730=EDGE_CURVE('',#35230,#41330,#43720,.T.);
#43740=ORIENTED_EDGE('',*,*,#43730,.T.);
#43750=CARTESIAN_POINT('',(-3.55048958896014,1.305339,0.480000000000004)
);
#43760=DIRECTION('',(-3.12252206781809E-32,-1.,2.44921270764476E-16));
#43770=VECTOR('',#43760,1.);
#43780=LINE('',#43750,#43770);
#43790=EDGE_CURVE('',#43430,#35230,#43780,.T.);
#43800=ORIENTED_EDGE('',*,*,#43790,.T.);
#43810=ORIENTED_EDGE('',*,*,#43440,.T.);
#43820=ORIENTED_EDGE('',*,*,#42570,.T.);
#43830=ORIENTED_EDGE('',*,*,#41420,.F.);
#43840=EDGE_LOOP('',(#43830,#43820,#43810,#43800,#43740));
#43850=FACE_OUTER_BOUND('',#43840,.T.);
#43860=ADVANCED_FACE('',(#43850),#43680,.T.);
#43870=ORIENTED_EDGE('',*,*,#10130,.T.);
#43880=CARTESIAN_POINT('',(-3.42048958896014,1.305339,0.480000000000004)
);
#43890=DIRECTION('',(-3.12252206781809E-32,-1.,2.44921270764476E-16));
#43900=VECTOR('',#43890,1.);
#43910=LINE('',#43880,#43900);
#43920=EDGE_CURVE('',#43510,#10050,#43910,.T.);
#43930=ORIENTED_EDGE('',*,*,#43920,.T.);
#43940=ORIENTED_EDGE('',*,*,#43520,.F.);
#43950=ORIENTED_EDGE('',*,*,#43790,.F.);
#43960=ORIENTED_EDGE('',*,*,#35240,.T.);
#43970=EDGE_LOOP('',(#43960,#43950,#43940,#43930,#43870));
#43980=FACE_OUTER_BOUND('',#43970,.T.);
#43990=ADVANCED_FACE('',(#43980),#2810,.T.);
#44000=CARTESIAN_POINT('',(-3.42048958896014,1.335339,0.480000000000008)
);
#44010=DIRECTION('',(-1.,-4.45610865388246E-32,-3.09431300027363E-16));
#44020=DIRECTION('',(3.09431300027363E-16,-2.44921270764476E-16,-1.));
#44030=AXIS2_PLACEMENT_3D('',#44000,#44010,#44020);
#44040=PLANE('',#44030);
#44050=ORIENTED_EDGE('',*,*,#43580,.T.);
#44060=ORIENTED_EDGE('',*,*,#43920,.F.);
#44070=ORIENTED_EDGE('',*,*,#10060,.F.);
#44080=ORIENTED_EDGE('',*,*,#42710,.F.);
#44090=EDGE_LOOP('',(#44080,#44070,#44060,#44050));
#44100=FACE_OUTER_BOUND('',#44090,.T.);
#44110=ADVANCED_FACE('',(#44100),#44040,.F.);
#44120=CARTESIAN_POINT('',(-3.35048958896014,1.305339,0.121050247945888)
);
#44130=DIRECTION('',(-3.09431300027363E-16,2.44921270764476E-16,1.));
#44140=DIRECTION('',(-1.,-5.44210626238608E-32,-3.09431300027363E-16));
#44150=AXIS2_PLACEMENT_3D('',#44120,#44130,#44140);
#44160=CYLINDRICAL_SURFACE('',#44150,0.03);
#44170=ORIENTED_EDGE('',*,*,#2980,.F.);
#44180=CARTESIAN_POINT('',(-3.32048958896014,1.305339,0.121050247945888)
);
#44190=DIRECTION('',(-3.09431300027363E-16,2.44921270764476E-16,1.));
#44200=VECTOR('',#44190,1.);
#44210=LINE('',#44180,#44200);
#44220=EDGE_CURVE('',#2880,#42810,#44210,.T.);
#44230=ORIENTED_EDGE('',*,*,#44220,.F.);
#44240=ORIENTED_EDGE('',*,*,#42820,.T.);
#44250=ORIENTED_EDGE('',*,*,#3820,.T.);
#44260=EDGE_LOOP('',(#44250,#44240,#44230,#44170));
#44270=FACE_OUTER_BOUND('',#44260,.T.);
#44280=ADVANCED_FACE('',(#44270),#44160,.F.);
#44290=CARTESIAN_POINT('',(-3.25708878031988,1.305339,0.5120462599621));
#44300=DIRECTION('',(-1.35211707901074E-32,1.,-2.44921270764476E-16));
#44310=DIRECTION('',(1.,8.9307478007113E-32,3.09431300027363E-16));
#44320=AXIS2_PLACEMENT_3D('',#44290,#44300,#44310);
#44330=PLANE('',#44320);
#44340=ORIENTED_EDGE('',*,*,#44220,.T.);
#44350=ORIENTED_EDGE('',*,*,#2890,.T.);
#44360=ORIENTED_EDGE('',*,*,#1210,.T.);
#44370=ORIENTED_EDGE('',*,*,#42880,.T.);
#44380=EDGE_LOOP('',(#44370,#44360,#44350,#44340));
#44390=FACE_OUTER_BOUND('',#44380,.T.);
#44400=ADVANCED_FACE('',(#44390),#44330,.T.);
#44410=COLOUR_RGB('',0.623529434204102,0.517647087574005,
0.290196090936661);
#44420=FILL_AREA_STYLE_COLOUR('',#44410);
#44430=FILL_AREA_STYLE('',(#44420));
#44440=SURFACE_STYLE_FILL_AREA(#44430);
#44450=SURFACE_SIDE_STYLE('',(#44440));
#44460=SURFACE_STYLE_USAGE(.BOTH.,#44450);
#44470=PRESENTATION_STYLE_ASSIGNMENT((#44460));
#44480=ORIENTED_EDGE('',*,*,#35180,.T.);
#44490=ORIENTED_EDGE('',*,*,#940,.T.);
#44500=ORIENTED_EDGE('',*,*,#42950,.T.);
#44510=ORIENTED_EDGE('',*,*,#1360,.F.);
#44520=EDGE_LOOP('',(#44510,#44500,#44490,#44480));
#44530=FACE_OUTER_BOUND('',#44520,.T.);
#44540=ADVANCED_FACE('',(#44530),#3530,.T.);
#44550=CARTESIAN_POINT('',(-3.89055325444502,1.15892796238875,
-1.87000000000001));
#44560=DIRECTION('',(0.0478051859951555,0.998856678503963,
-7.1050672722619E-16));
#44570=DIRECTION('',(-9.78705480155711E-16,7.58160746218114E-16,1.));
#44580=AXIS2_PLACEMENT_3D('',#44550,#44560,#44570);
#44590=PLANE('',#44580);
#44600=CARTESIAN_POINT('',(-2.80619597048117,1.10703072551716,
-1.80500000000001));
#44610=DIRECTION('',(0.998856678503963,-0.0478051859951555,
2.68058260816905E-16));
#44620=VECTOR('',#44610,1.);
#44630=LINE('',#44600,#44620);
#44640=CARTESIAN_POINT('',(-3.97048958896016,1.16275370778497,
-1.80500000000001));
#44650=VERTEX_POINT('',#44640);
#44660=CARTESIAN_POINT('',(-3.97046178872531,1.16275237726837,
-1.80500000000001));
#44670=VERTEX_POINT('',#44660);
#44680=EDGE_CURVE('',#44650,#44670,#44630,.T.);
#44690=ORIENTED_EDGE('',*,*,#44680,.T.);
#44700=CARTESIAN_POINT('',(-3.97048958896016,1.16275370778497,
-1.86000000000001));
#44710=DIRECTION('',(7.34763812293426E-16,-7.46485721106813E-16,-1.));
#44720=VECTOR('',#44710,1.);
#44730=LINE('',#44700,#44720);
#44740=CARTESIAN_POINT('',(-3.97048958896016,1.16275370778497,
-1.65500000000002));
#44750=VERTEX_POINT('',#44740);
#44760=EDGE_CURVE('',#44750,#44650,#44730,.T.);
#44770=ORIENTED_EDGE('',*,*,#44760,.T.);
#44780=CARTESIAN_POINT('',(-2.80619597048117,1.10703072551716,
-1.65500000000002));
#44790=DIRECTION('',(0.998856678503963,-0.0478051859951555,
4.94831028438272E-17));
#44800=VECTOR('',#44790,1.);
#44810=LINE('',#44780,#44800);
#44820=CARTESIAN_POINT('',(-3.97046178872531,1.16275237726837,
-1.65500000000002));
#44830=VERTEX_POINT('',#44820);
#44840=EDGE_CURVE('',#44750,#44830,#44810,.T.);
#44850=ORIENTED_EDGE('',*,*,#44840,.F.);
#44860=CARTESIAN_POINT('',(-3.97046178872531,1.16275237726836,0.));
#44870=DIRECTION('',(-4.89842541528951E-16,7.34763812293426E-16,1.));
#44880=VECTOR('',#44870,1.);
#44890=LINE('',#44860,#44880);
#44900=EDGE_CURVE('',#44670,#44830,#44890,.T.);
#44910=ORIENTED_EDGE('',*,*,#44900,.T.);
#44920=EDGE_LOOP('',(#44910,#44850,#44770,#44690));
#44930=FACE_OUTER_BOUND('',#44920,.T.);
#44940=ADVANCED_FACE('',(#44930),#44590,.F.);
#44950=CARTESIAN_POINT('',(-3.8919650229986,1.1294300236422,
-3.18319446435687));
#44960=DIRECTION('',(-0.998856678503963,0.0478051859951585,
-5.24408014730746E-16));
#44970=DIRECTION('',(-0.0478051859951585,-0.998856678503963,
7.10506727226188E-16));
#44980=AXIS2_PLACEMENT_3D('',#44950,#44960,#44970);
#44990=PLANE('',#44980);
#45000=ORIENTED_EDGE('',*,*,#12750,.F.);
#45010=CARTESIAN_POINT('',(-3.89311801710755,1.10533899999996,0.));
#45020=DIRECTION('',(-4.89842541528951E-16,7.34763812293426E-16,1.));
#45030=VECTOR('',#45020,1.);
#45040=LINE('',#45010,#45030);
#45050=CARTESIAN_POINT('',(-3.89311801710755,1.10533899999996,
-3.40500000000001));
#45060=VERTEX_POINT('',#45050);
#45070=EDGE_CURVE('',#12660,#45060,#45040,.T.);
#45080=ORIENTED_EDGE('',*,*,#45070,.F.);
#45090=CARTESIAN_POINT('',(-3.94601943692068,0.,-3.40500000000001));
#45100=DIRECTION('',(-0.0478051859951539,-0.998856678503963,
9.74914593498966E-16));
#45110=VECTOR('',#45100,1.);
#45120=LINE('',#45090,#45110);
#45130=CARTESIAN_POINT('',(-3.89055325444501,1.15892796238871,
-3.40500000000001));
#45140=VERTEX_POINT('',#45130);
#45150=EDGE_CURVE('',#45140,#45060,#45120,.T.);
#45160=ORIENTED_EDGE('',*,*,#45150,.T.);
#45170=CARTESIAN_POINT('',(-3.89055325444502,1.15892796238871,0.));
#45180=DIRECTION('',(4.89842541528951E-16,-7.34763812293426E-16,-1.));
#45190=VECTOR('',#45180,1.);
#45200=LINE('',#45170,#45190);
#45210=EDGE_CURVE('',#45140,#12740,#45200,.T.);
#45220=ORIENTED_EDGE('',*,*,#45210,.F.);
#45230=EDGE_LOOP('',(#45220,#45160,#45080,#45000));
#45240=FACE_OUTER_BOUND('',#45230,.T.);
#45250=ADVANCED_FACE('',(#45240),#44990,.F.);
#45260=CARTESIAN_POINT('',(-3.79048958896017,1.15533899999987,0.));
#45270=DIRECTION('',(-5.11977682188428E-15,-6.34438317570671E-15,-1.));
#45280=VECTOR('',#45270,1.);
#45290=LINE('',#45260,#45280);
#45300=CARTESIAN_POINT('',(-3.79048958896013,1.15533899999991,
-2.20500000000002));
#45310=VERTEX_POINT('',#45300);
#45320=CARTESIAN_POINT('',(-3.79048958896018,1.15533899999986,
-2.45500000000002));
#45330=VERTEX_POINT('',#45320);
#45340=EDGE_CURVE('',#45310,#45330,#45290,.T.);
#45350=ORIENTED_EDGE('',*,*,#45340,.F.);
#45360=CARTESIAN_POINT('',(-3.79048958896012,0.,-2.45500000000002));
#45370=DIRECTION('',(-4.68706735088986E-15,1.,-9.79685083057902E-16));
#45380=VECTOR('',#45370,1.);
#45390=LINE('',#45360,#45380);
#45400=CARTESIAN_POINT('',(-3.79048958896013,1.32533899999994,
-2.45500000000002));
#45410=VERTEX_POINT('',#45400);
#45420=EDGE_CURVE('',#45330,#45410,#45390,.T.);
#45430=ORIENTED_EDGE('',*,*,#45420,.F.);
#45440=CARTESIAN_POINT('',(-3.79048958896013,1.32533899999994,
-2.20500000000002));
#45450=VERTEX_POINT('',#45440);
#45460=EDGE_CURVE('',#45450,#45410,#22130,.T.);
#45470=ORIENTED_EDGE('',*,*,#45460,.T.);
#45480=CARTESIAN_POINT('',(-3.79048958896012,0.,-2.20500000000002));
#45490=DIRECTION('',(-4.68706735088986E-15,1.,-4.89842541528952E-16));
#45500=VECTOR('',#45490,1.);
#45510=LINE('',#45480,#45500);
#45520=EDGE_CURVE('',#45310,#45450,#45510,.T.);
#45530=ORIENTED_EDGE('',*,*,#45520,.T.);
#45540=EDGE_LOOP('',(#45530,#45470,#45430,#45350));
#45550=FACE_OUTER_BOUND('',#45540,.T.);
#45560=ADVANCED_FACE('',(#45550),#21910,.T.);
#45570=CARTESIAN_POINT('',(-3.89055325444502,1.15892796238875,
-1.60000000000002));
#45580=DIRECTION('',(0.998856678503963,-0.0478051859951585,
3.4985508832348E-17));
#45590=DIRECTION('',(1.15684950262154E-17,9.73550805852666E-16,1.));
#45600=AXIS2_PLACEMENT_3D('',#45570,#45580,#45590);
#45610=PLANE('',#45600);
#45620=CARTESIAN_POINT('',(-3.94601943692069,0.,-1.40500000000001));
#45630=DIRECTION('',(-0.0478051859951539,-0.998856678503963,
9.74914593498966E-16));
#45640=VECTOR('',#45630,1.);
#45650=LINE('',#45620,#45640);
#45660=CARTESIAN_POINT('',(-3.89055325444502,1.15892796238871,
-1.40500000000001));
#45670=VERTEX_POINT('',#45660);
#45680=CARTESIAN_POINT('',(-3.89311801710755,1.10533899999996,
-1.40500000000002));
#45690=VERTEX_POINT('',#45680);
#45700=EDGE_CURVE('',#45670,#45690,#45650,.T.);
#45710=ORIENTED_EDGE('',*,*,#45700,.T.);
#45720=CARTESIAN_POINT('',(-3.89055325444502,1.15892796238871,0.));
#45730=DIRECTION('',(-9.79602902190764E-19,7.11366878368739E-16,1.));
#45740=VECTOR('',#45730,1.);
#45750=LINE('',#45720,#45740);
#45760=CARTESIAN_POINT('',(-3.89055325444502,1.15892796238871,
-1.65500000000002));
#45770=VERTEX_POINT('',#45760);
#45780=EDGE_CURVE('',#45770,#45670,#45750,.T.);
#45790=ORIENTED_EDGE('',*,*,#45780,.T.);
#45800=CARTESIAN_POINT('',(-3.94601943692069,0.,-1.65500000000002));
#45810=DIRECTION('',(-0.0478051859951539,-0.998856678503963,
9.74914593498966E-16));
#45820=VECTOR('',#45810,1.);
#45830=LINE('',#45800,#45820);
#45840=CARTESIAN_POINT('',(-3.89311801710755,1.10533899999996,
-1.65500000000002));
#45850=VERTEX_POINT('',#45840);
#45860=EDGE_CURVE('',#45770,#45850,#45830,.T.);
#45870=ORIENTED_EDGE('',*,*,#45860,.F.);
#45880=CARTESIAN_POINT('',(-3.89311801710755,1.10533899999996,0.));
#45890=DIRECTION('',(-4.89842541528951E-16,7.34763812293426E-16,1.));
#45900=VECTOR('',#45890,1.);
#45910=LINE('',#45880,#45900);
#45920=EDGE_CURVE('',#45850,#45690,#45910,.T.);
#45930=ORIENTED_EDGE('',*,*,#45920,.F.);
#45940=EDGE_LOOP('',(#45930,#45870,#45790,#45710));
#45950=FACE_OUTER_BOUND('',#45940,.T.);
#45960=ADVANCED_FACE('',(#45950),#45610,.T.);
#45970=CARTESIAN_POINT('',(-2.55005725977674,1.30533899999996,
-2.85500000000002));
#45980=DIRECTION('',(6.09946190494249E-15,-4.89842541528943E-16,-1.));
#45990=DIRECTION('',(-1.,-1.31436849266552E-15,-6.09946190494249E-15));
#46000=AXIS2_PLACEMENT_3D('',#45970,#45980,#45990);
#46010=PLANE('',#46000);
#46020=CARTESIAN_POINT('',(-2.55048958896018,0.765930490838864,
-2.85500000000002));
#46030=DIRECTION('',(-1.67677286985746E-15,1.,-4.89842541528953E-16));
#46040=VECTOR('',#46030,1.);
#46050=LINE('',#46020,#46040);
#46060=CARTESIAN_POINT('',(-2.55048958896018,1.16275370778496,
-2.85500000000002));
#46070=VERTEX_POINT('',#46060);
#46080=CARTESIAN_POINT('',(-2.55048958896018,1.25533900000001,
-2.85500000000002));
#46090=VERTEX_POINT('',#46080);
#46100=EDGE_CURVE('',#46070,#46090,#46050,.T.);
#46110=ORIENTED_EDGE('',*,*,#46100,.T.);
#46120=CARTESIAN_POINT('',(-2.80619597048117,1.15051562459262,
-2.85500000000002));
#46130=DIRECTION('',(0.998856678503963,0.0478051859951587,
6.07071179419843E-15));
#46140=VECTOR('',#46130,1.);
#46150=LINE('',#46120,#46140);
#46160=CARTESIAN_POINT('',(-2.550517389195,1.16275237726833,
-2.85500000000002));
#46170=VERTEX_POINT('',#46160);
#46180=EDGE_CURVE('',#46170,#46070,#46150,.T.);
#46190=ORIENTED_EDGE('',*,*,#46180,.T.);
#46200=CARTESIAN_POINT('',(0.,1.28481989786295,-2.855));
#46210=DIRECTION('',(0.998856678503962,0.0478051859951633,
6.07153216591882E-15));
#46220=VECTOR('',#46210,1.);
#46230=LINE('',#46200,#46220);
#46240=CARTESIAN_POINT('',(-2.63042592347529,1.15892796238875,
-2.85500000000002));
#46250=VERTEX_POINT('',#46240);
#46260=EDGE_CURVE('',#46250,#46170,#46230,.T.);
#46270=ORIENTED_EDGE('',*,*,#46260,.T.);
#46280=CARTESIAN_POINT('',(-2.57495974099957,0.,-2.85500000000002));
#46290=DIRECTION('',(-0.0478051859951633,0.998856678503962,
-7.84095011141517E-16));
#46300=VECTOR('',#46290,1.);
#46310=LINE('',#46280,#46300);
#46320=CARTESIAN_POINT('',(-2.62786116081276,1.10533900000005,
-2.85500000000002));
#46330=VERTEX_POINT('',#46320);
#46340=EDGE_CURVE('',#46330,#46250,#46310,.T.);
#46350=ORIENTED_EDGE('',*,*,#46340,.T.);
#46360=CARTESIAN_POINT('',(0.,1.10533900000005,-2.855));
#46370=DIRECTION('',(1.,-9.46986586518797E-16,6.09946190494249E-15));
#46380=VECTOR('',#46370,1.);
#46390=LINE('',#46360,#46380);
#46400=CARTESIAN_POINT('',(-2.68048958896015,1.10533899999996,
-2.85500000000002));
#46410=VERTEX_POINT('',#46400);
#46420=EDGE_CURVE('',#46410,#46330,#46390,.T.);
#46430=ORIENTED_EDGE('',*,*,#46420,.T.);
#46440=CARTESIAN_POINT('',(0.,-1.57515058896016,-2.855));
#46450=DIRECTION('',(0.707106781186551,-0.707106781186544,
4.66293670342566E-15));
#46460=VECTOR('',#46450,1.);
#46470=LINE('',#46440,#46460);
#46480=CARTESIAN_POINT('',(-2.73048958896012,1.1553389999999,
-2.85500000000001));
#46490=VERTEX_POINT('',#46480);
#46500=EDGE_CURVE('',#46490,#46410,#46470,.T.);
#46510=ORIENTED_EDGE('',*,*,#46500,.T.);
#46520=CARTESIAN_POINT('',(-2.73048958896012,0.,-2.85500000000002));
#46530=DIRECTION('',(4.68706735088986E-15,-1.,4.89842541528971E-16));
#46540=VECTOR('',#46530,1.);
#46550=LINE('',#46520,#46540);
#46560=CARTESIAN_POINT('',(-2.73048958896013,1.32533899999994,
-2.85500000000002));
#46570=VERTEX_POINT('',#46560);
#46580=EDGE_CURVE('',#46570,#46490,#46550,.T.);
#46590=ORIENTED_EDGE('',*,*,#46580,.T.);
#46600=CARTESIAN_POINT('',(0.,1.32533899999994,-2.855));
#46610=DIRECTION('',(1.,1.63507259138096E-15,6.09946190494249E-15));
#46620=VECTOR('',#46610,1.);
#46630=LINE('',#46600,#46620);
#46640=CARTESIAN_POINT('',(-2.75616723258866,1.32533899999994,
-2.85500000000002));
#46650=VERTEX_POINT('',#46640);
#46660=EDGE_CURVE('',#46650,#46570,#46630,.T.);
#46670=ORIENTED_EDGE('',*,*,#46660,.T.);
#46680=CARTESIAN_POINT('',(-2.70048958896017,1.17533900000001,
-2.85500000000002));
#46690=DIRECTION('',(2.44921270764476E-16,-7.34763812293426E-16,-1.));
#46700=DIRECTION('',(1.22460635382238E-16,-1.,7.34763812293426E-16));
#46710=AXIS2_PLACEMENT_3D('',#46680,#46690,#46700);
#46720=CIRCLE('',#46710,0.16);
#46730=CARTESIAN_POINT('',(-2.70048958896017,1.33533900000001,
-2.85500000000002));
#46740=VERTEX_POINT('',#46730);
#46750=EDGE_CURVE('',#46650,#46740,#46720,.T.);
#46760=ORIENTED_EDGE('',*,*,#46750,.F.);
#46770=CARTESIAN_POINT('',(-3.73147885254274,1.33533900000001,
-2.85500000000002));
#46780=DIRECTION('',(-1.,-1.22460635382238E-16,-2.44921270764476E-16));
#46790=VECTOR('',#46780,1.);
#46800=LINE('',#46770,#46790);
#46810=CARTESIAN_POINT('',(-2.27048958896017,1.33533900000001,
-2.85500000000002));
#46820=VERTEX_POINT('',#46810);
#46830=EDGE_CURVE('',#46820,#46740,#46800,.T.);
#46840=ORIENTED_EDGE('',*,*,#46830,.T.);
#46850=CARTESIAN_POINT('',(-2.27048958896017,0.125490534175956,
-2.85500000000002));
#46860=DIRECTION('',(-1.22460635382238E-16,1.,-4.89842541528951E-16));
#46870=VECTOR('',#46860,1.);
#46880=LINE('',#46850,#46870);
#46890=CARTESIAN_POINT('',(-2.27048958896017,1.25533900000001,
-2.85500000000002));
#46900=VERTEX_POINT('',#46890);
#46910=EDGE_CURVE('',#46900,#46820,#46880,.T.);
#46920=ORIENTED_EDGE('',*,*,#46910,.T.);
#46930=CARTESIAN_POINT('',(-3.73147885254274,1.25533900000001,
-2.85500000000002));
#46940=DIRECTION('',(-1.,-1.22460635382238E-16,-2.44921270764476E-16));
#46950=VECTOR('',#46940,1.);
#46960=LINE('',#46930,#46950);
#46970=EDGE_CURVE('',#46900,#46090,#46960,.T.);
#46980=ORIENTED_EDGE('',*,*,#46970,.F.);
#46990=EDGE_LOOP('',(#46980,#46920,#46840,#46760,#46670,#46590,#46510,
#46430,#46350,#46270,#46190,#46110));
#47000=FACE_OUTER_BOUND('',#46990,.T.);
#47010=ADVANCED_FACE('',(#47000),#46010,.F.);
#47020=CARTESIAN_POINT('',(-3.97048958896016,1.16217151036778,-4.33));
#47030=DIRECTION('',(-1.,1.43185159909298E-15,-7.34763812293427E-16));
#47040=DIRECTION('',(-1.43185159909298E-15,-1.,4.8984254152895E-16));
#47050=AXIS2_PLACEMENT_3D('',#47020,#47030,#47040);
#47060=PLANE('',#47050);
#47070=CARTESIAN_POINT('',(-3.97048958896016,1.25533900000002,0.));
#47080=DIRECTION('',(7.34763812293426E-16,-9.79685083057902E-16,-1.));
#47090=VECTOR('',#47080,1.);
#47100=LINE('',#47070,#47090);
#47110=CARTESIAN_POINT('',(-3.97048958896016,1.25533900000001,
-4.05500000000002));
#47120=VERTEX_POINT('',#47110);
#47130=EDGE_CURVE('',#47120,#26240,#47100,.T.);
#47140=ORIENTED_EDGE('',*,*,#47130,.T.);
#47150=CARTESIAN_POINT('',(-3.97048958896016,0.765930490838862,-4.055));
#47160=DIRECTION('',(-1.43185159909298E-15,-1.,7.34763812293425E-16));
#47170=VECTOR('',#47160,1.);
#47180=LINE('',#47150,#47170);
#47190=CARTESIAN_POINT('',(-3.97048958896016,1.16275370778496,-4.055));
#47200=VERTEX_POINT('',#47190);
#47210=EDGE_CURVE('',#47120,#47200,#47180,.T.);
#47220=ORIENTED_EDGE('',*,*,#47210,.F.);
#47230=CARTESIAN_POINT('',(-3.97048958896016,1.16275370778496,-4.));
#47240=DIRECTION('',(7.34763812293427E-16,-4.89842541528951E-16,-1.));
#47250=VECTOR('',#47240,1.);
#47260=LINE('',#47230,#47250);
#47270=EDGE_CURVE('',#47200,#26320,#47260,.T.);
#47280=ORIENTED_EDGE('',*,*,#47270,.F.);
#47290=ORIENTED_EDGE('',*,*,#26330,.F.);
#47300=EDGE_LOOP('',(#47290,#47280,#47220,#47140));
#47310=FACE_OUTER_BOUND('',#47300,.T.);
#47320=ADVANCED_FACE('',(#47310),#47060,.T.);
#47330=CARTESIAN_POINT('',(-3.97048958896016,1.16217151036779,
-1.93000000000001));
#47340=DIRECTION('',(-1.,1.43185159909298E-15,-7.34763812293427E-16));
#47350=DIRECTION('',(-1.43185159909298E-15,-1.,4.8984254152895E-16));
#47360=AXIS2_PLACEMENT_3D('',#47330,#47340,#47350);
#47370=PLANE('',#47360);
#47380=CARTESIAN_POINT('',(-3.97048958896016,1.25533900000002,0.));
#47390=DIRECTION('',(7.34763812293426E-16,-9.79685083057902E-16,-1.));
#47400=VECTOR('',#47390,1.);
#47410=LINE('',#47380,#47400);
#47420=CARTESIAN_POINT('',(-3.97048958896018,1.25533900000001,
-1.65500000000002));
#47430=VERTEX_POINT('',#47420);
#47440=CARTESIAN_POINT('',(-3.97048958896016,1.25533900000001,
-1.80500000000001));
#47450=VERTEX_POINT('',#47440);
#47460=EDGE_CURVE('',#47430,#47450,#47410,.T.);
#47470=ORIENTED_EDGE('',*,*,#47460,.T.);
#47480=CARTESIAN_POINT('',(-3.97048958896016,0.765930490838865,
-1.65500000000002));
#47490=DIRECTION('',(-1.43185159909298E-15,-1.,9.79685083057902E-16));
#47500=VECTOR('',#47490,1.);
#47510=LINE('',#47480,#47500);
#47520=EDGE_CURVE('',#47430,#44750,#47510,.T.);
#47530=ORIENTED_EDGE('',*,*,#47520,.F.);
#47540=ORIENTED_EDGE('',*,*,#44760,.F.);
#47550=CARTESIAN_POINT('',(-3.97048958896016,0.765930490838865,
-1.80500000000001));
#47560=DIRECTION('',(-1.43185159909298E-15,-1.,4.89842541528951E-16));
#47570=VECTOR('',#47560,1.);
#47580=LINE('',#47550,#47570);
#47590=EDGE_CURVE('',#47450,#44650,#47580,.T.);
#47600=ORIENTED_EDGE('',*,*,#47590,.T.);
#47610=EDGE_LOOP('',(#47600,#47540,#47530,#47470));
#47620=FACE_OUTER_BOUND('',#47610,.T.);
#47630=ADVANCED_FACE('',(#47620),#47370,.T.);
#47640=CARTESIAN_POINT('',(-2.73048958896017,1.09533900000001,
-3.80500000000001));
#47650=DIRECTION('',(-2.44921270764476E-16,4.89842541528951E-16,1.));
#47660=DIRECTION('',(-1.,-1.22460635382238E-16,-2.44921270764476E-16));
#47670=AXIS2_PLACEMENT_3D('',#47640,#47650,#47660);
#47680=PLANE('',#47670);
#47690=ORIENTED_EDGE('',*,*,#23960,.T.);
#47700=CARTESIAN_POINT('',(0.,1.10533900000005,-3.80500000000001));
#47710=DIRECTION('',(-1.,9.46986586518801E-16,-2.44921270764476E-16));
#47720=VECTOR('',#47710,1.);
#47730=LINE('',#47700,#47720);
#47740=CARTESIAN_POINT('',(-2.62786116081272,1.10533900000005,
-3.80500000000001));
#47750=VERTEX_POINT('',#47740);
#47760=EDGE_CURVE('',#47750,#23930,#47730,.T.);
#47770=ORIENTED_EDGE('',*,*,#47760,.T.);
#47780=CARTESIAN_POINT('',(-2.57495974099957,0.,-3.80500000000001));
#47790=DIRECTION('',(0.0478051859951633,-0.998856678503962,
4.9960036108132E-16));
#47800=VECTOR('',#47790,1.);
#47810=LINE('',#47780,#47800);
#47820=CARTESIAN_POINT('',(-2.63042592347529,1.15892796238874,
-3.80500000000001));
#47830=VERTEX_POINT('',#47820);
#47840=EDGE_CURVE('',#47830,#47750,#47810,.T.);
#47850=ORIENTED_EDGE('',*,*,#47840,.T.);
#47860=CARTESIAN_POINT('',(0.,1.28481989786295,-3.80500000000001));
#47870=DIRECTION('',(-0.998856678503962,-0.0478051859951633,
-2.22044604925031E-16));
#47880=VECTOR('',#47870,1.);
#47890=LINE('',#47860,#47880);
#47900=CARTESIAN_POINT('',(-2.550517389195,1.16275237726832,
-3.80500000000001));
#47910=VERTEX_POINT('',#47900);
#47920=EDGE_CURVE('',#47910,#47830,#47890,.T.);
#47930=ORIENTED_EDGE('',*,*,#47920,.T.);
#47940=CARTESIAN_POINT('',(-2.80619597048116,1.15051562459262,
-3.80500000000001));
#47950=DIRECTION('',(-0.998856678503963,-0.0478051859951587,
-2.21224233204641E-16));
#47960=VECTOR('',#47950,1.);
#47970=LINE('',#47940,#47960);
#47980=CARTESIAN_POINT('',(-2.55048958896018,1.16275370778496,
-3.80500000000001));
#47990=VERTEX_POINT('',#47980);
#48000=EDGE_CURVE('',#47990,#47910,#47970,.T.);
#48010=ORIENTED_EDGE('',*,*,#48000,.T.);
#48020=CARTESIAN_POINT('',(-2.55048958896018,0.765930490838864,
-3.80500000000001));
#48030=DIRECTION('',(1.67677286985746E-15,-1.,4.89842541528951E-16));
#48040=VECTOR('',#48030,1.);
#48050=LINE('',#48020,#48040);
#48060=CARTESIAN_POINT('',(-2.55048958896018,1.25533900000001,
-3.80500000000001));
#48070=VERTEX_POINT('',#48060);
#48080=EDGE_CURVE('',#48070,#47990,#48050,.T.);
#48090=ORIENTED_EDGE('',*,*,#48080,.T.);
#48100=CARTESIAN_POINT('',(-3.73147885254274,1.25533900000001,
-3.80500000000001));
#48110=DIRECTION('',(-1.,-1.22460635382238E-16,-2.44921270764476E-16));
#48120=VECTOR('',#48110,1.);
#48130=LINE('',#48100,#48120);
#48140=CARTESIAN_POINT('',(-2.27048958896017,1.25533900000001,
-3.80500000000001));
#48150=VERTEX_POINT('',#48140);
#48160=EDGE_CURVE('',#48150,#48070,#48130,.T.);
#48170=ORIENTED_EDGE('',*,*,#48160,.T.);
#48180=CARTESIAN_POINT('',(-2.27048958896017,0.125490534175955,
-3.80500000000001));
#48190=DIRECTION('',(1.22460635382238E-16,-1.,4.89842541528951E-16));
#48200=VECTOR('',#48190,1.);
#48210=LINE('',#48180,#48200);
#48220=CARTESIAN_POINT('',(-2.27048958896017,1.33533900000001,
-3.80500000000001));
#48230=VERTEX_POINT('',#48220);
#48240=EDGE_CURVE('',#48230,#48150,#48210,.T.);
#48250=ORIENTED_EDGE('',*,*,#48240,.T.);
#48260=CARTESIAN_POINT('',(-3.73147885254274,1.33533900000001,
-3.80500000000001));
#48270=DIRECTION('',(1.,1.22460635382238E-16,2.44921270764476E-16));
#48280=VECTOR('',#48270,1.);
#48290=LINE('',#48260,#48280);
#48300=CARTESIAN_POINT('',(-2.70048958896017,1.33533900000001,
-3.80500000000001));
#48310=VERTEX_POINT('',#48300);
#48320=EDGE_CURVE('',#48310,#48230,#48290,.T.);
#48330=ORIENTED_EDGE('',*,*,#48320,.T.);
#48340=CARTESIAN_POINT('',(-2.70048958896017,1.17533900000001,
-3.80500000000001));
#48350=DIRECTION('',(2.44921270764476E-16,-7.34763812293426E-16,-1.));
#48360=DIRECTION('',(1.22460635382238E-16,-1.,7.34763812293426E-16));
#48370=AXIS2_PLACEMENT_3D('',#48340,#48350,#48360);
#48380=CIRCLE('',#48370,0.16);
#48390=CARTESIAN_POINT('',(-2.75616723258867,1.32533899999994,
-3.80500000000001));
#48400=VERTEX_POINT('',#48390);
#48410=EDGE_CURVE('',#48400,#48310,#48380,.T.);
#48420=ORIENTED_EDGE('',*,*,#48410,.T.);
#48430=CARTESIAN_POINT('',(0.,1.32533899999994,-3.80500000000001));
#48440=DIRECTION('',(-1.,-1.63507259138096E-15,-2.44921270764475E-16));
#48450=VECTOR('',#48440,1.);
#48460=LINE('',#48430,#48450);
#48470=CARTESIAN_POINT('',(-2.73048958896013,1.32533899999994,
-3.80500000000001));
#48480=VERTEX_POINT('',#48470);
#48490=EDGE_CURVE('',#48480,#48400,#48460,.T.);
#48500=ORIENTED_EDGE('',*,*,#48490,.T.);
#48510=CARTESIAN_POINT('',(-2.73048958896012,0.,-3.80500000000001));
#48520=DIRECTION('',(-4.68706735088986E-15,1.,-4.89842541528952E-16));
#48530=VECTOR('',#48520,1.);
#48540=LINE('',#48510,#48530);
#48550=EDGE_CURVE('',#23950,#48480,#48540,.T.);
#48560=ORIENTED_EDGE('',*,*,#48550,.T.);
#48570=EDGE_LOOP('',(#48560,#48500,#48420,#48330,#48250,#48170,#48090,
#48010,#47930,#47850,#47770,#47690));
#48580=FACE_OUTER_BOUND('',#48570,.T.);
#48590=ADVANCED_FACE('',(#48580),#47680,.F.);
#48600=CARTESIAN_POINT('',(-2.22048958896017,1.25533900000001,
-0.055000000000014));
#48610=DIRECTION('',(1.22460635382238E-16,-1.,4.89842541528951E-16));
#48620=DIRECTION('',(-4.89842541528951E-16,4.89842541528951E-16,1.));
#48630=AXIS2_PLACEMENT_3D('',#48600,#48610,#48620);
#48640=PLANE('',#48630);
#48650=ORIENTED_EDGE('',*,*,#22620,.T.);
#48660=ORIENTED_EDGE('',*,*,#17320,.T.);
#48670=ORIENTED_EDGE('',*,*,#6750,.F.);
#48680=ORIENTED_EDGE('',*,*,#15980,.F.);
#48690=EDGE_LOOP('',(#48680,#48670,#48660,#48650));
#48700=FACE_OUTER_BOUND('',#48690,.T.);
#48710=ADVANCED_FACE('',(#48700),#48640,.T.);
#48720=CARTESIAN_POINT('',(-2.70048958896017,1.17533900000001,
-0.260000000000014));
#48730=DIRECTION('',(2.44921270764476E-16,-7.34763812293426E-16,-1.));
#48740=DIRECTION('',(1.22460635382238E-16,-1.,7.34763812293426E-16));
#48750=AXIS2_PLACEMENT_3D('',#48720,#48730,#48740);
#48760=CYLINDRICAL_SURFACE('',#48750,0.16);
#48770=ORIENTED_EDGE('',*,*,#22490,.T.);
#48780=CARTESIAN_POINT('',(-2.75616723258866,1.32533899999994,
-0.260000000000014));
#48790=DIRECTION('',(2.44921270764476E-16,-7.34763812293426E-16,-1.));
#48800=VECTOR('',#48790,1.);
#48810=LINE('',#48780,#48800);
#48820=EDGE_CURVE('',#22370,#6990,#48810,.T.);
#48830=ORIENTED_EDGE('',*,*,#48820,.F.);
#48840=ORIENTED_EDGE('',*,*,#7000,.F.);
#48850=ORIENTED_EDGE('',*,*,#24350,.T.);
#48860=EDGE_LOOP('',(#48850,#48840,#48830,#48770));
#48870=FACE_OUTER_BOUND('',#48860,.T.);
#48880=ADVANCED_FACE('',(#48870),#48760,.T.);
#48890=CARTESIAN_POINT('',(-3.79048958896018,1.25073313569167,
-0.686843973420231));
#48900=DIRECTION('',(-1.,-1.22460635382234E-16,5.11977682188428E-15));
#48910=DIRECTION('',(1.22460635382238E-16,-1.,7.34763812293426E-16));
#48920=AXIS2_PLACEMENT_3D('',#48890,#48900,#48910);
#48930=PLANE('',#48920);
#48940=CARTESIAN_POINT('',(-3.79048958896013,1.32533899999994,-0.205));
#48950=VERTEX_POINT('',#48940);
#48960=CARTESIAN_POINT('',(-3.79048958896013,1.32533899999994,
-0.455000000000017));
#48970=VERTEX_POINT('',#48960);
#48980=EDGE_CURVE('',#48950,#48970,#22130,.T.);
#48990=ORIENTED_EDGE('',*,*,#48980,.T.);
#49000=CARTESIAN_POINT('',(-3.79048958896012,0.,-0.205));
#49010=DIRECTION('',(-4.68706735088986E-15,1.,7.88860905221012E-31));
#49020=VECTOR('',#49010,1.);
#49030=LINE('',#49000,#49020);
#49040=CARTESIAN_POINT('',(-3.79048958896018,1.15533899999986,-0.205));
#49050=VERTEX_POINT('',#49040);
#49060=EDGE_CURVE('',#49050,#48950,#49030,.T.);
#49070=ORIENTED_EDGE('',*,*,#49060,.T.);
#49080=CARTESIAN_POINT('',(-3.79048958896018,1.15533899999986,0.));
#49090=DIRECTION('',(-5.11977682188428E-15,-6.34438317570671E-15,-1.));
#49100=VECTOR('',#49090,1.);
#49110=LINE('',#49080,#49100);
#49120=CARTESIAN_POINT('',(-3.79048958896018,1.15533899999986,
-0.455000000000017));
#49130=VERTEX_POINT('',#49120);
#49140=EDGE_CURVE('',#49050,#49130,#49110,.T.);
#49150=ORIENTED_EDGE('',*,*,#49140,.F.);
#49160=CARTESIAN_POINT('',(-3.79048958896012,0.,-0.455000000000016));
#49170=DIRECTION('',(-4.68706735088986E-15,1.,-9.79685083057902E-16));
#49180=VECTOR('',#49170,1.);
#49190=LINE('',#49160,#49180);
#49200=EDGE_CURVE('',#49130,#48970,#49190,.T.);
#49210=ORIENTED_EDGE('',*,*,#49200,.F.);
#49220=EDGE_LOOP('',(#49210,#49150,#49070,#48990));
#49230=FACE_OUTER_BOUND('',#49220,.T.);
#49240=ADVANCED_FACE('',(#49230),#48930,.T.);
#49250=CARTESIAN_POINT('',(-2.57341220317929,1.16165663364027,
-0.525190262332751));
#49260=DIRECTION('',(-0.0478051859951587,0.998856678503963,
-5.06565230622445E-16));
#49270=DIRECTION('',(-0.998856678503963,-0.0478051859951587,
-4.5418042979937E-16));
#49280=AXIS2_PLACEMENT_3D('',#49250,#49260,#49270);
#49290=PLANE('',#49280);
#49300=CARTESIAN_POINT('',(0.,1.28481989786296,-0.855));
#49310=DIRECTION('',(0.998856678503962,0.0478051859951633,
6.07153216591882E-15));
#49320=VECTOR('',#49310,1.);
#49330=LINE('',#49300,#49320);
#49340=CARTESIAN_POINT('',(-2.63042592347529,1.15892796238875,
-0.855000000000016));
#49350=VERTEX_POINT('',#49340);
#49360=CARTESIAN_POINT('',(-2.550517389195,1.16275237726833,
-0.855000000000016));
#49370=VERTEX_POINT('',#49360);
#49380=EDGE_CURVE('',#49350,#49370,#49330,.T.);
#49390=ORIENTED_EDGE('',*,*,#49380,.F.);
#49400=CARTESIAN_POINT('',(-2.55051738919501,1.16275237726833,
-0.605000000000014));
#49410=VERTEX_POINT('',#49400);
#49420=EDGE_CURVE('',#49370,#49410,#10270,.T.);
#49430=ORIENTED_EDGE('',*,*,#49420,.F.);
#49440=CARTESIAN_POINT('',(0.,1.28481989786296,-0.605000000000013));
#49450=DIRECTION('',(-0.998856678503962,-0.0478051859951633,
-2.22044604925031E-16));
#49460=VECTOR('',#49450,1.);
#49470=LINE('',#49440,#49460);
#49480=CARTESIAN_POINT('',(-2.63042592347529,1.15892796238875,
-0.605000000000014));
#49490=VERTEX_POINT('',#49480);
#49500=EDGE_CURVE('',#49410,#49490,#49470,.T.);
#49510=ORIENTED_EDGE('',*,*,#49500,.F.);
#49520=CARTESIAN_POINT('',(-2.63042592347529,1.15892796238875,0.));
#49530=DIRECTION('',(-4.7785417095077E-16,4.84275005124934E-16,1.));
#49540=VECTOR('',#49530,1.);
#49550=LINE('',#49520,#49540);
#49560=EDGE_CURVE('',#49350,#49490,#49550,.T.);
#49570=ORIENTED_EDGE('',*,*,#49560,.T.);
#49580=EDGE_LOOP('',(#49570,#49510,#49430,#49390));
#49590=FACE_OUTER_BOUND('',#49580,.T.);
#49600=ADVANCED_FACE('',(#49590),#49290,.T.);
#49610=CARTESIAN_POINT('',(-4.30048958896017,1.33533900000002,
-2.85500000000002));
#49620=DIRECTION('',(-1.22460635382238E-16,1.,-7.34763812293426E-16));
#49630=DIRECTION('',(-2.44921270764476E-16,7.34763812293426E-16,1.));
#49640=AXIS2_PLACEMENT_3D('',#49610,#49620,#49630);
#49650=PLANE('',#49640);
#49660=CARTESIAN_POINT('',(-2.78950032537759,1.33533900000002,
-2.85500000000002));
#49670=DIRECTION('',(-1.,-1.22460635382238E-16,1.06826222965723E-32));
#49680=VECTOR('',#49670,1.);
#49690=LINE('',#49660,#49680);
#49700=CARTESIAN_POINT('',(-3.82048958896017,1.33533900000002,
-2.85500000000002));
#49710=VERTEX_POINT('',#49700);
#49720=CARTESIAN_POINT('',(-4.25048958896017,1.33533900000002,
-2.85500000000002));
#49730=VERTEX_POINT('',#49720);
#49740=EDGE_CURVE('',#49710,#49730,#49690,.T.);
#49750=ORIENTED_EDGE('',*,*,#49740,.F.);
#49760=CARTESIAN_POINT('',(-4.25048958896017,1.33533900000002,
-2.80000000000002));
#49770=DIRECTION('',(-2.44921270764476E-16,7.34763812293426E-16,1.));
#49780=VECTOR('',#49770,1.);
#49790=LINE('',#49760,#49780);
#49800=CARTESIAN_POINT('',(-4.25048958896017,1.33533900000002,
-3.00500000000001));
#49810=VERTEX_POINT('',#49800);
#49820=EDGE_CURVE('',#49810,#49730,#49790,.T.);
#49830=ORIENTED_EDGE('',*,*,#49820,.T.);
#49840=CARTESIAN_POINT('',(-2.78950032537759,1.33533900000002,
-3.00500000000001));
#49850=DIRECTION('',(1.,1.22460635382238E-16,-9.86076131526266E-32));
#49860=VECTOR('',#49850,1.);
#49870=LINE('',#49840,#49860);
#49880=CARTESIAN_POINT('',(-3.82048958896017,1.33533900000002,
-3.00500000000001));
#49890=VERTEX_POINT('',#49880);
#49900=EDGE_CURVE('',#49810,#49890,#49870,.T.);
#49910=ORIENTED_EDGE('',*,*,#49900,.F.);
#49920=CARTESIAN_POINT('',(-3.82048958896017,1.33533900000002,
-2.80000000000002));
#49930=DIRECTION('',(2.99932144364427E-32,7.34763812293426E-16,1.));
#49940=VECTOR('',#49930,1.);
#49950=LINE('',#49920,#49940);
#49960=EDGE_CURVE('',#49890,#49710,#49950,.T.);
#49970=ORIENTED_EDGE('',*,*,#49960,.F.);
#49980=EDGE_LOOP('',(#49970,#49910,#49830,#49750));
#49990=FACE_OUTER_BOUND('',#49980,.T.);
#50000=ADVANCED_FACE('',(#49990),#49650,.T.);
#50010=CARTESIAN_POINT('',(-3.82048958896017,1.17533900000002,
-2.80000000000002));
#50020=DIRECTION('',(2.99932144364427E-32,7.34763812293426E-16,1.));
#50030=DIRECTION('',(1.22460635382237E-16,-1.,7.34763812293426E-16));
#50040=AXIS2_PLACEMENT_3D('',#50010,#50020,#50030);
#50050=CYLINDRICAL_SURFACE('',#50040,0.16);
#50060=CARTESIAN_POINT('',(-3.82048958896017,1.17533900000002,
-3.00500000000001));
#50070=DIRECTION('',(2.99932144364427E-32,7.34763812293426E-16,1.));
#50080=DIRECTION('',(1.22460635382237E-16,-1.,7.34763812293426E-16));
#50090=AXIS2_PLACEMENT_3D('',#50060,#50070,#50080);
#50100=CIRCLE('',#50090,0.16);
#50110=CARTESIAN_POINT('',(-3.76481194533164,1.32533899999994,
-3.00500000000001));
#50120=VERTEX_POINT('',#50110);
#50130=EDGE_CURVE('',#50120,#49890,#50100,.T.);
#50140=ORIENTED_EDGE('',*,*,#50130,.T.);
#50150=CARTESIAN_POINT('',(-3.76481194533164,1.32533899999994,
-2.80000000000002));
#50160=DIRECTION('',(2.99932144364427E-32,7.34763812293426E-16,1.));
#50170=VECTOR('',#50160,1.);
#50180=LINE('',#50150,#50170);
#50190=CARTESIAN_POINT('',(-3.76481194533164,1.32533899999994,
-2.85500000000002));
#50200=VERTEX_POINT('',#50190);
#50210=EDGE_CURVE('',#50120,#50200,#50180,.T.);
#50220=ORIENTED_EDGE('',*,*,#50210,.F.);
#50230=CARTESIAN_POINT('',(-3.82048958896017,1.17533900000002,
-2.85500000000002));
#50240=DIRECTION('',(2.99932144364427E-32,7.34763812293426E-16,1.));
#50250=DIRECTION('',(1.22460635382237E-16,-1.,7.34763812293426E-16));
#50260=AXIS2_PLACEMENT_3D('',#50230,#50240,#50250);
#50270=CIRCLE('',#50260,0.16);
#50280=EDGE_CURVE('',#50200,#49710,#50270,.T.);
#50290=ORIENTED_EDGE('',*,*,#50280,.F.);
#50300=ORIENTED_EDGE('',*,*,#49960,.T.);
#50310=EDGE_LOOP('',(#50300,#50290,#50220,#50140));
#50320=FACE_OUTER_BOUND('',#50310,.T.);
#50330=ADVANCED_FACE('',(#50320),#50050,.T.);
#50340=CARTESIAN_POINT('',(-3.81548958896018,1.13033899999996,
-2.26750000000002));
#50350=DIRECTION('',(0.707106781186548,-0.707106781186547,
-3.10067243467293E-15));
#50360=DIRECTION('',(-0.707106781186547,-0.707106781186548,
4.2946781954593E-15));
#50370=AXIS2_PLACEMENT_3D('',#50340,#50350,#50360);
#50380=PLANE('',#50370);
#50390=CARTESIAN_POINT('',(-4.94582858896003,0.,-2.45500000000002));
#50400=DIRECTION('',(0.707106781186544,0.707106781186551,
-6.93889390390723E-16));
#50410=VECTOR('',#50400,1.);
#50420=LINE('',#50390,#50410);
#50430=CARTESIAN_POINT('',(-3.84048958896023,1.10533899999991,
-2.45500000000002));
#50440=VERTEX_POINT('',#50430);
#50450=EDGE_CURVE('',#50440,#45330,#50420,.T.);
#50460=ORIENTED_EDGE('',*,*,#50450,.F.);
#50470=ORIENTED_EDGE('',*,*,#45340,.T.);
#50480=CARTESIAN_POINT('',(-4.94582858896003,0.,-2.20500000000002));
#50490=DIRECTION('',(0.707106781186544,0.707106781186551,
-1.38777878078145E-16));
#50500=VECTOR('',#50490,1.);
#50510=LINE('',#50480,#50500);
#50520=CARTESIAN_POINT('',(-3.84048958896022,1.10533899999991,
-2.20500000000002));
#50530=VERTEX_POINT('',#50520);
#50540=EDGE_CURVE('',#50530,#45310,#50510,.T.);
#50550=ORIENTED_EDGE('',*,*,#50540,.T.);
#50560=CARTESIAN_POINT('',(-3.84048958896021,1.10533899999992,0.));
#50570=DIRECTION('',(5.11977682188431E-15,7.34763812293452E-16,1.));
#50580=VECTOR('',#50570,1.);
#50590=LINE('',#50560,#50580);
#50600=EDGE_CURVE('',#50440,#50530,#50590,.T.);
#50610=ORIENTED_EDGE('',*,*,#50600,.T.);
#50620=EDGE_LOOP('',(#50610,#50550,#50470,#50460));
#50630=FACE_OUTER_BOUND('',#50620,.T.);
#50640=ADVANCED_FACE('',(#50630),#50380,.F.);
#50650=CARTESIAN_POINT('',(-3.74048958896017,1.09533900000002,
-0.605000000000014));
#50660=DIRECTION('',(2.13652445931442E-32,-9.79685083057902E-16,-1.));
#50670=DIRECTION('',(1.,-1.11724910631033E-15,1.11591752810515E-30));
#50680=AXIS2_PLACEMENT_3D('',#50650,#50660,#50670);
#50690=PLANE('',#50680);
#50700=CARTESIAN_POINT('',(-4.25048958896017,0.125490534175963,
-0.605000000000013));
#50710=DIRECTION('',(-1.22460635382237E-16,1.,-9.79685083057902E-16));
#50720=VECTOR('',#50710,1.);
#50730=LINE('',#50700,#50720);
#50740=CARTESIAN_POINT('',(-4.25048958896017,1.25533900000002,
-0.605000000000014));
#50750=VERTEX_POINT('',#50740);
#50760=EDGE_CURVE('',#50750,#1610,#50730,.T.);
#50770=ORIENTED_EDGE('',*,*,#50760,.T.);
#50780=CARTESIAN_POINT('',(-2.7895003253776,1.25533900000002,
-0.605000000000014));
#50790=DIRECTION('',(1.,1.22460635382237E-16,-9.86076131526265E-32));
#50800=VECTOR('',#50790,1.);
#50810=LINE('',#50780,#50800);
#50820=CARTESIAN_POINT('',(-3.97048958896016,1.25533900000001,
-0.605000000000014));
#50830=VERTEX_POINT('',#50820);
#50840=EDGE_CURVE('',#50750,#50830,#50810,.T.);
#50850=ORIENTED_EDGE('',*,*,#50840,.F.);
#50860=CARTESIAN_POINT('',(-3.97048958896016,0.765930490838866,
-0.605000000000015));
#50870=DIRECTION('',(-1.43185159909298E-15,-1.,4.89842541528951E-16));
#50880=VECTOR('',#50870,1.);
#50890=LINE('',#50860,#50880);
#50900=CARTESIAN_POINT('',(-3.97048958896016,1.16275370778497,
-0.605000000000015));
#50910=VERTEX_POINT('',#50900);
#50920=EDGE_CURVE('',#50830,#50910,#50890,.T.);
#50930=ORIENTED_EDGE('',*,*,#50920,.F.);
#50940=CARTESIAN_POINT('',(-2.80619597048117,1.10703072551716,
-0.605000000000014));
#50950=DIRECTION('',(0.998856678503963,-0.0478051859951555,
2.68058260816905E-16));
#50960=VECTOR('',#50950,1.);
#50970=LINE('',#50940,#50960);
#50980=EDGE_CURVE('',#50910,#25130,#50970,.T.);
#50990=ORIENTED_EDGE('',*,*,#50980,.F.);
#51000=ORIENTED_EDGE('',*,*,#25140,.F.);
#51010=ORIENTED_EDGE('',*,*,#19660,.F.);
#51020=CARTESIAN_POINT('',(0.,1.10533899999993,-0.605000000000014));
#51030=DIRECTION('',(1.,4.68706735088987E-15,-4.33873497871557E-30));
#51040=VECTOR('',#51030,1.);
#51050=LINE('',#51020,#51040);
#51060=CARTESIAN_POINT('',(-3.84048958896018,1.10533899999992,
-0.605000000000014));
#51070=VERTEX_POINT('',#51060);
#51080=EDGE_CURVE('',#19650,#51070,#51050,.T.);
#51090=ORIENTED_EDGE('',*,*,#51080,.F.);
#51100=CARTESIAN_POINT('',(-4.94582858896003,0.,-0.605000000000013));
#51110=DIRECTION('',(0.707106781186544,0.707106781186551,
-6.93889390390723E-16));
#51120=VECTOR('',#51110,1.);
#51130=LINE('',#51100,#51120);
#51140=CARTESIAN_POINT('',(-3.79048958896013,1.15533899999991,
-0.605000000000014));
#51150=VERTEX_POINT('',#51140);
#51160=EDGE_CURVE('',#51070,#51150,#51130,.T.);
#51170=ORIENTED_EDGE('',*,*,#51160,.F.);
#51180=CARTESIAN_POINT('',(-3.79048958896012,0.,-0.605000000000013));
#51190=DIRECTION('',(-4.68706735088986E-15,1.,-9.79685083057902E-16));
#51200=VECTOR('',#51190,1.);
#51210=LINE('',#51180,#51200);
#51220=CARTESIAN_POINT('',(-3.79048958896013,1.32533899999994,
-0.605000000000014));
#51230=VERTEX_POINT('',#51220);
#51240=EDGE_CURVE('',#51150,#51230,#51210,.T.);
#51250=ORIENTED_EDGE('',*,*,#51240,.F.);
#51260=CARTESIAN_POINT('',(0.,1.32533899999994,-0.605000000000014));
#51270=DIRECTION('',(1.,1.63507259138096E-15,-1.4791141972894E-30));
#51280=VECTOR('',#51270,1.);
#51290=LINE('',#51260,#51280);
#51300=CARTESIAN_POINT('',(-3.76481194533165,1.32533899999994,
-0.605000000000014));
#51310=VERTEX_POINT('',#51300);
#51320=EDGE_CURVE('',#51230,#51310,#51290,.T.);
#51330=ORIENTED_EDGE('',*,*,#51320,.F.);
#51340=CARTESIAN_POINT('',(-3.82048958896017,1.17533900000002,
-0.605000000000014));
#51350=DIRECTION('',(2.99932144364427E-32,7.34763812293426E-16,1.));
#51360=DIRECTION('',(1.22460635382237E-16,-1.,7.34763812293426E-16));
#51370=AXIS2_PLACEMENT_3D('',#51340,#51350,#51360);
#51380=CIRCLE('',#51370,0.16);
#51390=EDGE_CURVE('',#51310,#1690,#51380,.T.);
#51400=ORIENTED_EDGE('',*,*,#51390,.F.);
#51410=ORIENTED_EDGE('',*,*,#1700,.T.);
#51420=EDGE_LOOP('',(#51410,#51400,#51330,#51250,#51170,#51090,#51010,
#51000,#50990,#50930,#50850,#50770));
#51430=FACE_OUTER_BOUND('',#51420,.T.);
#51440=ADVANCED_FACE('',(#51430),#50690,.T.);
#51450=CARTESIAN_POINT('',(-3.79048958896017,1.09533900000002,
-3.25500000000002));
#51460=DIRECTION('',(1.09290235449198E-31,-9.79685083057902E-16,-1.));
#51470=DIRECTION('',(1.,1.22460635382237E-16,-1.06826222965723E-32));
#51480=AXIS2_PLACEMENT_3D('',#51450,#51460,#51470);
#51490=PLANE('',#51480);
#51500=ORIENTED_EDGE('',*,*,#25770,.T.);
#51510=CARTESIAN_POINT('',(0.,1.10533899999993,-3.25500000000002));
#51520=DIRECTION('',(1.,4.68706735088987E-15,-4.33873497871557E-30));
#51530=VECTOR('',#51520,1.);
#51540=LINE('',#51510,#51530);
#51550=CARTESIAN_POINT('',(-3.89311801710755,1.10533899999996,
-3.25500000000002));
#51560=VERTEX_POINT('',#51550);
#51570=EDGE_CURVE('',#51560,#25740,#51540,.T.);
#51580=ORIENTED_EDGE('',*,*,#51570,.T.);
#51590=CARTESIAN_POINT('',(-3.94601943692068,0.,-3.25500000000002));
#51600=DIRECTION('',(-0.0478051859951539,-0.998856678503963,
9.74914593498966E-16));
#51610=VECTOR('',#51600,1.);
#51620=LINE('',#51590,#51610);
#51630=CARTESIAN_POINT('',(-3.89055325444502,1.15892796238871,
-3.25500000000002));
#51640=VERTEX_POINT('',#51630);
#51650=EDGE_CURVE('',#51640,#51560,#51620,.T.);
#51660=ORIENTED_EDGE('',*,*,#51650,.T.);
#51670=CARTESIAN_POINT('',(0.,0.972726452246774,-3.25500000000002));
#51680=DIRECTION('',(0.998856678503963,-0.0478051859951539,
4.5102810375397E-17));
#51690=VECTOR('',#51680,1.);
#51700=LINE('',#51670,#51690);
#51710=CARTESIAN_POINT('',(-3.97046178872531,1.16275237726836,
-3.25500000000002));
#51720=VERTEX_POINT('',#51710);
#51730=EDGE_CURVE('',#51720,#51640,#51700,.T.);
#51740=ORIENTED_EDGE('',*,*,#51730,.T.);
#51750=CARTESIAN_POINT('',(-2.80619597048117,1.10703072551716,
-3.25500000000002));
#51760=DIRECTION('',(0.998856678503963,-0.0478051859951555,
4.94831028438272E-17));
#51770=VECTOR('',#51760,1.);
#51780=LINE('',#51750,#51770);
#51790=CARTESIAN_POINT('',(-3.97048958896016,1.16275370778497,
-3.25500000000002));
#51800=VERTEX_POINT('',#51790);
#51810=EDGE_CURVE('',#51800,#51720,#51780,.T.);
#51820=ORIENTED_EDGE('',*,*,#51810,.T.);
#51830=CARTESIAN_POINT('',(-3.97048958896016,0.765930490838864,
-3.25500000000002));
#51840=DIRECTION('',(-1.43185159909298E-15,-1.,9.79685083057902E-16));
#51850=VECTOR('',#51840,1.);
#51860=LINE('',#51830,#51850);
#51870=CARTESIAN_POINT('',(-3.97048958896018,1.25533900000001,
-3.25500000000002));
#51880=VERTEX_POINT('',#51870);
#51890=EDGE_CURVE('',#51880,#51800,#51860,.T.);
#51900=ORIENTED_EDGE('',*,*,#51890,.T.);
#51910=CARTESIAN_POINT('',(-2.78950032537759,1.25533900000002,
-3.25500000000002));
#51920=DIRECTION('',(1.,1.22460635382237E-16,-1.06826222965723E-32));
#51930=VECTOR('',#51920,1.);
#51940=LINE('',#51910,#51930);
#51950=CARTESIAN_POINT('',(-4.25048958896017,1.25533900000002,
-3.25500000000002));
#51960=VERTEX_POINT('',#51950);
#51970=EDGE_CURVE('',#51960,#51880,#51940,.T.);
#51980=ORIENTED_EDGE('',*,*,#51970,.T.);
#51990=CARTESIAN_POINT('',(-4.25048958896017,0.125490534175961,
-3.25500000000002));
#52000=DIRECTION('',(1.22460635382237E-16,-1.,9.79685083057902E-16));
#52010=VECTOR('',#52000,1.);
#52020=LINE('',#51990,#52010);
#52030=CARTESIAN_POINT('',(-4.25048958896017,1.33533900000002,
-3.25500000000002));
#52040=VERTEX_POINT('',#52030);
#52050=EDGE_CURVE('',#52040,#51960,#52020,.T.);
#52060=ORIENTED_EDGE('',*,*,#52050,.T.);
#52070=CARTESIAN_POINT('',(-2.78950032537759,1.33533900000002,
-3.25500000000002));
#52080=DIRECTION('',(-1.,-1.22460635382238E-16,1.06826222965723E-32));
#52090=VECTOR('',#52080,1.);
#52100=LINE('',#52070,#52090);
#52110=CARTESIAN_POINT('',(-3.82048958896017,1.33533900000002,
-3.25500000000002));
#52120=VERTEX_POINT('',#52110);
#52130=EDGE_CURVE('',#52120,#52040,#52100,.T.);
#52140=ORIENTED_EDGE('',*,*,#52130,.T.);
#52150=CARTESIAN_POINT('',(-3.82048958896017,1.17533900000002,
-3.25500000000002));
#52160=DIRECTION('',(2.99932144364427E-32,7.34763812293426E-16,1.));
#52170=DIRECTION('',(1.22460635382237E-16,-1.,7.34763812293426E-16));
#52180=AXIS2_PLACEMENT_3D('',#52150,#52160,#52170);
#52190=CIRCLE('',#52180,0.16);
#52200=CARTESIAN_POINT('',(-3.76481194533164,1.32533899999994,
-3.25500000000002));
#52210=VERTEX_POINT('',#52200);
#52220=EDGE_CURVE('',#52210,#52120,#52190,.T.);
#52230=ORIENTED_EDGE('',*,*,#52220,.T.);
#52240=CARTESIAN_POINT('',(0.,1.32533899999994,-3.25500000000002));
#52250=DIRECTION('',(1.,1.63507259138096E-15,-1.28189897098414E-30));
#52260=VECTOR('',#52250,1.);
#52270=LINE('',#52240,#52260);
#52280=CARTESIAN_POINT('',(-3.79048958896013,1.32533899999994,
-3.25500000000002));
#52290=VERTEX_POINT('',#52280);
#52300=EDGE_CURVE('',#52290,#52210,#52270,.T.);
#52310=ORIENTED_EDGE('',*,*,#52300,.T.);
#52320=CARTESIAN_POINT('',(-3.79048958896012,0.,-3.25500000000002));
#52330=DIRECTION('',(-4.68706735088986E-15,1.,-9.79685083057902E-16));
#52340=VECTOR('',#52330,1.);
#52350=LINE('',#52320,#52340);
#52360=EDGE_CURVE('',#25760,#52290,#52350,.T.);
#52370=ORIENTED_EDGE('',*,*,#52360,.T.);
#52380=EDGE_LOOP('',(#52370,#52310,#52230,#52140,#52060,#51980,#51900,
#51820,#51740,#51660,#51580,#51500));
#52390=FACE_OUTER_BOUND('',#52380,.T.);
#52400=ADVANCED_FACE('',(#52390),#51490,.F.);
#52410=CARTESIAN_POINT('',(-3.81548958896018,1.13033899999996,
-4.79250000000002));
#52420=DIRECTION('',(0.707106781186548,-0.707106781186547,
-3.10067243467293E-15));
#52430=DIRECTION('',(-0.707106781186547,-0.707106781186548,
4.09841663812382E-15));
#52440=AXIS2_PLACEMENT_3D('',#52410,#52420,#52430);
#52450=PLANE('',#52440);
#52460=CARTESIAN_POINT('',(-3.79048958896015,1.15533899999989,0.));
#52470=DIRECTION('',(-5.11977682188428E-15,-6.34438317570671E-15,-1.));
#52480=VECTOR('',#52470,1.);
#52490=LINE('',#52460,#52480);
#52500=CARTESIAN_POINT('',(-3.79048958896018,1.15533899999986,
-4.60500000000002));
#52510=VERTEX_POINT('',#52500);
#52520=CARTESIAN_POINT('',(-3.79048958896018,1.15533899999986,
-4.85500000000002));
#52530=VERTEX_POINT('',#52520);
#52540=EDGE_CURVE('',#52510,#52530,#52490,.T.);
#52550=ORIENTED_EDGE('',*,*,#52540,.T.);
#52560=CARTESIAN_POINT('',(-4.94582858896002,0.,-4.60500000000001));
#52570=DIRECTION('',(0.707106781186544,0.707106781186551,
-1.38777878078145E-16));
#52580=VECTOR('',#52570,1.);
#52590=LINE('',#52560,#52580);
#52600=CARTESIAN_POINT('',(-3.84048958896018,1.10533899999991,
-4.60500000000001));
#52610=VERTEX_POINT('',#52600);
#52620=EDGE_CURVE('',#52610,#52510,#52590,.T.);
#52630=ORIENTED_EDGE('',*,*,#52620,.T.);
#52640=CARTESIAN_POINT('',(-3.8404895889602,1.10533899999992,0.));
#52650=DIRECTION('',(5.11977682188431E-15,7.34763812293452E-16,1.));
#52660=VECTOR('',#52650,1.);
#52670=LINE('',#52640,#52660);
#52680=CARTESIAN_POINT('',(-3.84048958896018,1.10533899999991,
-4.85500000000002));
#52690=VERTEX_POINT('',#52680);
#52700=EDGE_CURVE('',#52690,#52610,#52670,.T.);
#52710=ORIENTED_EDGE('',*,*,#52700,.T.);
#52720=CARTESIAN_POINT('',(-4.94582858896002,0.,-4.85500000000002));
#52730=DIRECTION('',(0.707106781186544,0.707106781186551,
-6.93889390390723E-16));
#52740=VECTOR('',#52730,1.);
#52750=LINE('',#52720,#52740);
#52760=EDGE_CURVE('',#52690,#52530,#52750,.T.);
#52770=ORIENTED_EDGE('',*,*,#52760,.F.);
#52780=EDGE_LOOP('',(#52770,#52710,#52630,#52550));
#52790=FACE_OUTER_BOUND('',#52780,.T.);
#52800=ADVANCED_FACE('',(#52790),#52450,.F.);
#52810=CARTESIAN_POINT('',(-3.82048958896017,1.17533900000002,
-1.20000000000002));
#52820=DIRECTION('',(2.99932144364427E-32,7.34763812293426E-16,1.));
#52830=DIRECTION('',(1.22460635382237E-16,-1.,7.34763812293426E-16));
#52840=AXIS2_PLACEMENT_3D('',#52810,#52820,#52830);
#52850=CYLINDRICAL_SURFACE('',#52840,0.16);
#52860=CARTESIAN_POINT('',(-3.82048958896017,1.17533900000002,
-1.40500000000001));
#52870=DIRECTION('',(2.99932144364427E-32,7.34763812293426E-16,1.));
#52880=DIRECTION('',(1.22460635382237E-16,-1.,7.34763812293426E-16));
#52890=AXIS2_PLACEMENT_3D('',#52860,#52870,#52880);
#52900=CIRCLE('',#52890,0.16);
#52910=CARTESIAN_POINT('',(-3.76481194533165,1.32533899999994,
-1.40500000000001));
#52920=VERTEX_POINT('',#52910);
#52930=CARTESIAN_POINT('',(-3.82048958896017,1.33533900000002,
-1.40500000000001));
#52940=VERTEX_POINT('',#52930);
#52950=EDGE_CURVE('',#52920,#52940,#52900,.T.);
#52960=ORIENTED_EDGE('',*,*,#52950,.T.);
#52970=CARTESIAN_POINT('',(-3.76481194533165,1.32533899999994,
-1.20000000000002));
#52980=DIRECTION('',(2.99932144364427E-32,7.34763812293426E-16,1.));
#52990=VECTOR('',#52980,1.);
#53000=LINE('',#52970,#52990);
#53010=EDGE_CURVE('',#52920,#33480,#53000,.T.);
#53020=ORIENTED_EDGE('',*,*,#53010,.F.);
#53030=ORIENTED_EDGE('',*,*,#33490,.F.);
#53040=CARTESIAN_POINT('',(-3.82048958896017,1.33533900000002,
-1.20000000000002));
#53050=DIRECTION('',(2.99932144364427E-32,7.34763812293426E-16,1.));
#53060=VECTOR('',#53050,1.);
#53070=LINE('',#53040,#53060);
#53080=EDGE_CURVE('',#52940,#33390,#53070,.T.);
#53090=ORIENTED_EDGE('',*,*,#53080,.T.);
#53100=EDGE_LOOP('',(#53090,#53030,#53020,#52960));
#53110=FACE_OUTER_BOUND('',#53100,.T.);
#53120=ADVANCED_FACE('',(#53110),#52850,.T.);
#53130=CARTESIAN_POINT('',(-3.94756697474104,1.16165663364027,
-3.33480973766728));
#53140=DIRECTION('',(0.0478051859951585,0.998856678503963,
-9.72990758345263E-16));
#53150=DIRECTION('',(0.998856678503963,-0.0478051859951585,
2.79790224206995E-16));
#53160=AXIS2_PLACEMENT_3D('',#53130,#53140,#53150);
#53170=PLANE('',#53160);
#53180=CARTESIAN_POINT('',(0.,0.972726452246774,-3.40500000000001));
#53190=DIRECTION('',(0.998856678503963,-0.0478051859951539,
4.5102810375397E-17));
#53200=VECTOR('',#53190,1.);
#53210=LINE('',#53180,#53200);
#53220=CARTESIAN_POINT('',(-3.97046178872531,1.16275237726832,
-3.40500000000001));
#53230=VERTEX_POINT('',#53220);
#53240=EDGE_CURVE('',#53230,#45140,#53210,.T.);
#53250=ORIENTED_EDGE('',*,*,#53240,.T.);
#53260=CARTESIAN_POINT('',(-3.97046178872531,1.16275237726836,0.));
#53270=DIRECTION('',(-4.77294443600546E-16,9.96947739777356E-16,1.));
#53280=VECTOR('',#53270,1.);
#53290=LINE('',#53260,#53280);
#53300=EDGE_CURVE('',#12820,#53230,#53290,.T.);
#53310=ORIENTED_EDGE('',*,*,#53300,.T.);
#53320=ORIENTED_EDGE('',*,*,#12830,.F.);
#53330=ORIENTED_EDGE('',*,*,#45210,.T.);
#53340=EDGE_LOOP('',(#53330,#53320,#53310,#53250));
#53350=FACE_OUTER_BOUND('',#53340,.T.);
#53360=ADVANCED_FACE('',(#53350),#53170,.T.);
#53370=CARTESIAN_POINT('',(-3.97048958896016,1.16217151036779,
-3.93000000000002));
#53380=DIRECTION('',(-1.,1.43185159909298E-15,-7.34763812293427E-16));
#53390=DIRECTION('',(-1.43185159909298E-15,-1.,4.8984254152895E-16));
#53400=AXIS2_PLACEMENT_3D('',#53370,#53380,#53390);
#53410=PLANE('',#53400);
#53420=ORIENTED_EDGE('',*,*,#28860,.T.);
#53430=ORIENTED_EDGE('',*,*,#12990,.F.);
#53440=CARTESIAN_POINT('',(-3.97048958896016,1.16275370778497,
-3.86000000000002));
#53450=DIRECTION('',(7.34763812293426E-16,-7.46485721106813E-16,-1.));
#53460=VECTOR('',#53450,1.);
#53470=LINE('',#53440,#53460);
#53480=CARTESIAN_POINT('',(-3.97048958896016,1.16275370778497,
-3.80500000000001));
#53490=VERTEX_POINT('',#53480);
#53500=EDGE_CURVE('',#12900,#53490,#53470,.T.);
#53510=ORIENTED_EDGE('',*,*,#53500,.F.);
#53520=CARTESIAN_POINT('',(-3.97048958896016,0.765930490838864,
-3.80500000000001));
#53530=DIRECTION('',(-1.43185159909298E-15,-1.,4.89842541528951E-16));
#53540=VECTOR('',#53530,1.);
#53550=LINE('',#53520,#53540);
#53560=EDGE_CURVE('',#28720,#53490,#53550,.T.);
#53570=ORIENTED_EDGE('',*,*,#53560,.T.);
#53580=EDGE_LOOP('',(#53570,#53510,#53430,#53420));
#53590=FACE_OUTER_BOUND('',#53580,.T.);
#53600=ADVANCED_FACE('',(#53590),#53410,.T.);
#53610=CARTESIAN_POINT('',(-4.25048958896017,1.31533900000002,
-0.605000000000016));
#53620=DIRECTION('',(-1.,-1.22460635382238E-16,-2.44921270764475E-16));
#53630=DIRECTION('',(1.22460635382238E-16,-1.,7.34763812293427E-16));
#53640=AXIS2_PLACEMENT_3D('',#53610,#53620,#53630);
#53650=PLANE('',#53640);
#53660=CARTESIAN_POINT('',(-4.25048958896017,1.25533900000002,
-0.400000000000016));
#53670=DIRECTION('',(2.44921270764476E-16,-9.79685083057902E-16,-1.));
#53680=VECTOR('',#53670,1.);
#53690=LINE('',#53660,#53680);
#53700=CARTESIAN_POINT('',(-4.25048958896017,1.25533900000002,
-0.455000000000016));
#53710=VERTEX_POINT('',#53700);
#53720=EDGE_CURVE('',#53710,#50750,#53690,.T.);
#53730=ORIENTED_EDGE('',*,*,#53720,.F.);
#53740=ORIENTED_EDGE('',*,*,#50760,.F.);
#53750=ORIENTED_EDGE('',*,*,#1620,.F.);
#53760=CARTESIAN_POINT('',(-4.25048958896017,0.125490534175963,
-0.455000000000015));
#53770=DIRECTION('',(1.22460635382237E-16,-1.,9.79685083057902E-16));
#53780=VECTOR('',#53770,1.);
#53790=LINE('',#53760,#53780);
#53800=EDGE_CURVE('',#1530,#53710,#53790,.T.);
#53810=ORIENTED_EDGE('',*,*,#53800,.F.);
#53820=EDGE_LOOP('',(#53810,#53750,#53740,#53730));
#53830=FACE_OUTER_BOUND('',#53820,.T.);
#53840=ADVANCED_FACE('',(#53830),#53650,.T.);
#53850=CARTESIAN_POINT('',(-2.73048958896017,1.09533900000001,
-5.00500000000001));
#53860=DIRECTION('',(-2.44921270764476E-16,4.89842541528951E-16,1.));
#53870=DIRECTION('',(-1.,-1.22460635382238E-16,-2.44921270764476E-16));
#53880=AXIS2_PLACEMENT_3D('',#53850,#53860,#53870);
#53890=PLANE('',#53880);
#53900=CARTESIAN_POINT('',(0.,-1.57515058896016,-5.00500000000001));
#53910=DIRECTION('',(-0.707106781186551,0.707106781186544,
-4.71844785465692E-16));
#53920=VECTOR('',#53910,1.);
#53930=LINE('',#53900,#53920);
#53940=CARTESIAN_POINT('',(-2.68048958896016,1.10533899999997,
-5.00500000000001));
#53950=VERTEX_POINT('',#53940);
#53960=CARTESIAN_POINT('',(-2.73048958896012,1.15533899999993,
-5.00500000000001));
#53970=VERTEX_POINT('',#53960);
#53980=EDGE_CURVE('',#53950,#53970,#53930,.T.);
#53990=ORIENTED_EDGE('',*,*,#53980,.T.);
#54000=CARTESIAN_POINT('',(0.,1.10533900000005,-5.00500000000001));
#54010=DIRECTION('',(-1.,9.46986586518801E-16,-2.44921270764476E-16));
#54020=VECTOR('',#54010,1.);
#54030=LINE('',#54000,#54020);
#54040=CARTESIAN_POINT('',(-2.62786116081272,1.10533900000005,
-5.00500000000001));
#54050=VERTEX_POINT('',#54040);
#54060=EDGE_CURVE('',#54050,#53950,#54030,.T.);
#54070=ORIENTED_EDGE('',*,*,#54060,.T.);
#54080=CARTESIAN_POINT('',(-2.57495974099957,0.,-5.00500000000001));
#54090=DIRECTION('',(0.0478051859951633,-0.998856678503962,
4.9960036108132E-16));
#54100=VECTOR('',#54090,1.);
#54110=LINE('',#54080,#54100);
#54120=EDGE_CURVE('',#29150,#54050,#54110,.T.);
#54130=ORIENTED_EDGE('',*,*,#54120,.T.);
#54140=ORIENTED_EDGE('',*,*,#29160,.T.);
#54150=CARTESIAN_POINT('',(-2.80619597048116,1.15051562459262,
-5.00500000000001));
#54160=DIRECTION('',(-0.998856678503963,-0.0478051859951587,
-2.21224233204641E-16));
#54170=VECTOR('',#54160,1.);
#54180=LINE('',#54150,#54170);
#54190=CARTESIAN_POINT('',(-2.55048958896018,1.16275370778496,
-5.00500000000001));
#54200=VERTEX_POINT('',#54190);
#54210=EDGE_CURVE('',#54200,#29070,#54180,.T.);
#54220=ORIENTED_EDGE('',*,*,#54210,.T.);
#54230=CARTESIAN_POINT('',(-2.55048958896018,0.765930490838863,
-5.00500000000001));
#54240=DIRECTION('',(1.67677286985746E-15,-1.,4.89842541528951E-16));
#54250=VECTOR('',#54240,1.);
#54260=LINE('',#54230,#54250);
#54270=CARTESIAN_POINT('',(-2.55048958896018,1.25533900000001,
-5.00500000000001));
#54280=VERTEX_POINT('',#54270);
#54290=EDGE_CURVE('',#54280,#54200,#54260,.T.);
#54300=ORIENTED_EDGE('',*,*,#54290,.T.);
#54310=CARTESIAN_POINT('',(-3.73147885254274,1.25533900000001,
-5.00500000000001));
#54320=DIRECTION('',(-1.,-1.22460635382238E-16,-2.44921270764476E-16));
#54330=VECTOR('',#54320,1.);
#54340=LINE('',#54310,#54330);
#54350=CARTESIAN_POINT('',(-2.27048958896017,1.25533900000001,
-5.00500000000001));
#54360=VERTEX_POINT('',#54350);
#54370=EDGE_CURVE('',#54360,#54280,#54340,.T.);
#54380=ORIENTED_EDGE('',*,*,#54370,.T.);
#54390=CARTESIAN_POINT('',(-2.27048958896017,0.125490534175955,
-5.00500000000001));
#54400=DIRECTION('',(1.22460635382238E-16,-1.,4.89842541528951E-16));
#54410=VECTOR('',#54400,1.);
#54420=LINE('',#54390,#54410);
#54430=EDGE_CURVE('',#2490,#54360,#54420,.T.);
#54440=ORIENTED_EDGE('',*,*,#54430,.T.);
#54450=ORIENTED_EDGE('',*,*,#2500,.T.);
#54460=CARTESIAN_POINT('',(-2.70048958896017,1.17533900000001,
-5.00500000000001));
#54470=DIRECTION('',(2.44921270764476E-16,-7.34763812293426E-16,-1.));
#54480=DIRECTION('',(1.22460635382238E-16,-1.,7.34763812293426E-16));
#54490=AXIS2_PLACEMENT_3D('',#54460,#54470,#54480);
#54500=CIRCLE('',#54490,0.16);
#54510=CARTESIAN_POINT('',(-2.75616723258867,1.32533899999994,
-5.00500000000001));
#54520=VERTEX_POINT('',#54510);
#54530=EDGE_CURVE('',#54520,#2470,#54500,.T.);
#54540=ORIENTED_EDGE('',*,*,#54530,.T.);
#54550=CARTESIAN_POINT('',(0.,1.32533899999994,-5.00500000000001));
#54560=DIRECTION('',(-1.,-1.63507259138096E-15,-2.44921270764475E-16));
#54570=VECTOR('',#54560,1.);
#54580=LINE('',#54550,#54570);
#54590=CARTESIAN_POINT('',(-2.73048958896013,1.32533899999994,
-5.00500000000001));
#54600=VERTEX_POINT('',#54590);
#54610=EDGE_CURVE('',#54600,#54520,#54580,.T.);
#54620=ORIENTED_EDGE('',*,*,#54610,.T.);
#54630=CARTESIAN_POINT('',(-2.73048958896012,0.,-5.00500000000001));
#54640=DIRECTION('',(-4.68706735088986E-15,1.,-4.89842541528952E-16));
#54650=VECTOR('',#54640,1.);
#54660=LINE('',#54630,#54650);
#54670=EDGE_CURVE('',#53970,#54600,#54660,.T.);
#54680=ORIENTED_EDGE('',*,*,#54670,.T.);
#54690=EDGE_LOOP('',(#54680,#54620,#54540,#54450,#54440,#54380,#54300,
#54220,#54140,#54130,#54070,#53990));
#54700=FACE_OUTER_BOUND('',#54690,.T.);
#54710=ADVANCED_FACE('',(#54700),#53890,.F.);
#54720=CARTESIAN_POINT('',(-2.70548958896018,1.13033899999996,
-0.667500000000017));
#54730=DIRECTION('',(0.707106781186547,0.707106781186548,
-4.13978538315925E-15));
#54740=DIRECTION('',(0.707106781186548,-0.707106781186547,
-3.0593036896375E-15));
#54750=AXIS2_PLACEMENT_3D('',#54720,#54730,#54740);
#54760=PLANE('',#54750);
#54770=CARTESIAN_POINT('',(-2.73048958896012,1.15533899999991,0.));
#54780=DIRECTION('',(4.89842541528977E-16,-6.34438317570668E-15,-1.));
#54790=VECTOR('',#54780,1.);
#54800=LINE('',#54770,#54790);
#54810=CARTESIAN_POINT('',(-2.73048958896012,1.1553389999999,
-0.605000000000014));
#54820=VERTEX_POINT('',#54810);
#54830=CARTESIAN_POINT('',(-2.73048958896012,1.1553389999999,
-0.855000000000015));
#54840=VERTEX_POINT('',#54830);
#54850=EDGE_CURVE('',#54820,#54840,#54800,.T.);
#54860=ORIENTED_EDGE('',*,*,#54850,.F.);
#54870=CARTESIAN_POINT('',(0.,-1.57515058896016,-0.854999999999999));
#54880=DIRECTION('',(0.707106781186551,-0.707106781186544,
4.66293670342566E-15));
#54890=VECTOR('',#54880,1.);
#54900=LINE('',#54870,#54890);
#54910=CARTESIAN_POINT('',(-2.68048958896015,1.10533899999996,
-0.855000000000017));
#54920=VERTEX_POINT('',#54910);
#54930=EDGE_CURVE('',#54840,#54920,#54900,.T.);
#54940=ORIENTED_EDGE('',*,*,#54930,.F.);
#54950=CARTESIAN_POINT('',(-2.68048958896015,1.10533899999996,0.));
#54960=DIRECTION('',(-4.89842541528951E-16,7.34763812293426E-16,1.));
#54970=VECTOR('',#54960,1.);
#54980=LINE('',#54950,#54970);
#54990=CARTESIAN_POINT('',(-2.68048958896016,1.10533899999998,
-0.605000000000014));
#55000=VERTEX_POINT('',#54990);
#55010=EDGE_CURVE('',#54920,#55000,#54980,.T.);
#55020=ORIENTED_EDGE('',*,*,#55010,.F.);
#55030=CARTESIAN_POINT('',(0.,-1.57515058896016,-0.605000000000012));
#55040=DIRECTION('',(-0.707106781186551,0.707106781186544,
-4.71844785465692E-16));
#55050=VECTOR('',#55040,1.);
#55060=LINE('',#55030,#55050);
#55070=EDGE_CURVE('',#55000,#54820,#55060,.T.);
#55080=ORIENTED_EDGE('',*,*,#55070,.F.);
#55090=EDGE_LOOP('',(#55080,#55020,#54940,#54860));
#55100=FACE_OUTER_BOUND('',#55090,.T.);
#55110=ADVANCED_FACE('',(#55100),#54760,.T.);
#55120=CARTESIAN_POINT('',(-3.82048958896017,1.17533900000002,
-3.20000000000002));
#55130=DIRECTION('',(2.99932144364427E-32,7.34763812293426E-16,1.));
#55140=DIRECTION('',(1.22460635382237E-16,-1.,7.34763812293426E-16));
#55150=AXIS2_PLACEMENT_3D('',#55120,#55130,#55140);
#55160=CYLINDRICAL_SURFACE('',#55150,0.16);
#55170=CARTESIAN_POINT('',(-3.82048958896017,1.17533900000002,
-3.40500000000001));
#55180=DIRECTION('',(2.99932144364427E-32,7.34763812293426E-16,1.));
#55190=DIRECTION('',(1.22460635382237E-16,-1.,7.34763812293426E-16));
#55200=AXIS2_PLACEMENT_3D('',#55170,#55180,#55190);
#55210=CIRCLE('',#55200,0.16);
#55220=CARTESIAN_POINT('',(-3.76481194533164,1.32533899999994,
-3.40500000000001));
#55230=VERTEX_POINT('',#55220);
#55240=CARTESIAN_POINT('',(-3.82048958896017,1.33533900000002,
-3.40500000000001));
#55250=VERTEX_POINT('',#55240);
#55260=EDGE_CURVE('',#55230,#55250,#55210,.T.);
#55270=ORIENTED_EDGE('',*,*,#55260,.T.);
#55280=CARTESIAN_POINT('',(-3.76481194533164,1.32533899999994,
-3.20000000000002));
#55290=DIRECTION('',(2.99932144364427E-32,7.34763812293426E-16,1.));
#55300=VECTOR('',#55290,1.);
#55310=LINE('',#55280,#55300);
#55320=EDGE_CURVE('',#55230,#52210,#55310,.T.);
#55330=ORIENTED_EDGE('',*,*,#55320,.F.);
#55340=ORIENTED_EDGE('',*,*,#52220,.F.);
#55350=CARTESIAN_POINT('',(-3.82048958896017,1.33533900000002,
-3.20000000000002));
#55360=DIRECTION('',(2.99932144364427E-32,7.34763812293426E-16,1.));
#55370=VECTOR('',#55360,1.);
#55380=LINE('',#55350,#55370);
#55390=EDGE_CURVE('',#55250,#52120,#55380,.T.);
#55400=ORIENTED_EDGE('',*,*,#55390,.T.);
#55410=EDGE_LOOP('',(#55400,#55340,#55330,#55270));
#55420=FACE_OUTER_BOUND('',#55410,.T.);
#55430=ADVANCED_FACE('',(#55420),#55160,.T.);
#55440=CARTESIAN_POINT('',(-3.97048958896018,1.10533899999996,
-4.73000000000001));
#55450=DIRECTION('',(1.22460635382237E-16,-1.,7.34763812293426E-16));
#55460=DIRECTION('',(-5.11977682188428E-15,-7.34763812293427E-16,-1.));
#55470=AXIS2_PLACEMENT_3D('',#55440,#55450,#55460);
#55480=PLANE('',#55470);
#55490=CARTESIAN_POINT('',(-3.89311801710755,1.10533899999996,0.));
#55500=DIRECTION('',(-4.89842541528951E-16,7.34763812293426E-16,1.));
#55510=VECTOR('',#55500,1.);
#55520=LINE('',#55490,#55510);
#55530=CARTESIAN_POINT('',(-3.89311801710755,1.10533899999996,
-4.85500000000002));
#55540=VERTEX_POINT('',#55530);
#55550=CARTESIAN_POINT('',(-3.89311801710755,1.10533899999996,
-4.60500000000001));
#55560=VERTEX_POINT('',#55550);
#55570=EDGE_CURVE('',#55540,#55560,#55520,.T.);
#55580=ORIENTED_EDGE('',*,*,#55570,.T.);
#55590=CARTESIAN_POINT('',(0.,1.10533899999993,-4.85500000000002));
#55600=DIRECTION('',(1.,4.68706735088987E-15,-4.33873497871557E-30));
#55610=VECTOR('',#55600,1.);
#55620=LINE('',#55590,#55610);
#55630=EDGE_CURVE('',#55540,#52690,#55620,.T.);
#55640=ORIENTED_EDGE('',*,*,#55630,.F.);
#55650=ORIENTED_EDGE('',*,*,#52700,.F.);
#55660=CARTESIAN_POINT('',(0.,1.10533899999993,-4.60500000000001));
#55670=DIRECTION('',(1.,4.68706735088987E-15,2.44921270764474E-16));
#55680=VECTOR('',#55670,1.);
#55690=LINE('',#55660,#55680);
#55700=EDGE_CURVE('',#55560,#52610,#55690,.T.);
#55710=ORIENTED_EDGE('',*,*,#55700,.T.);
#55720=EDGE_LOOP('',(#55710,#55650,#55640,#55580));
#55730=FACE_OUTER_BOUND('',#55720,.T.);
#55740=ADVANCED_FACE('',(#55730),#55480,.F.);
#55750=CARTESIAN_POINT('',(-2.73048958896018,1.25202840580254,
-0.674189342469641));
#55760=DIRECTION('',(1.,1.22460635382234E-16,-5.11977682188428E-15));
#55770=DIRECTION('',(-1.22460635382238E-16,1.,-7.34763812293426E-16));
#55780=AXIS2_PLACEMENT_3D('',#55750,#55760,#55770);
#55790=PLANE('',#55780);
#55800=ORIENTED_EDGE('',*,*,#24660,.F.);
#55810=ORIENTED_EDGE('',*,*,#7160,.T.);
#55820=CARTESIAN_POINT('',(-2.73048958896013,1.32533899999994,
-0.455000000000017));
#55830=VERTEX_POINT('',#55820);
#55840=EDGE_CURVE('',#7070,#55830,#14390,.T.);
#55850=ORIENTED_EDGE('',*,*,#55840,.F.);
#55860=CARTESIAN_POINT('',(-2.73048958896012,0.,-0.455000000000016));
#55870=DIRECTION('',(4.68706735088986E-15,-1.,4.89842541528971E-16));
#55880=VECTOR('',#55870,1.);
#55890=LINE('',#55860,#55880);
#55900=EDGE_CURVE('',#55830,#24500,#55890,.T.);
#55910=ORIENTED_EDGE('',*,*,#55900,.F.);
#55920=EDGE_LOOP('',(#55910,#55850,#55810,#55800));
#55930=FACE_OUTER_BOUND('',#55920,.T.);
#55940=ADVANCED_FACE('',(#55930),#55790,.T.);
#55950=CARTESIAN_POINT('',(-2.22048958896017,1.33533900000001,
-0.605000000000014));
#55960=DIRECTION('',(-1.22460635382237E-16,1.,-7.34763812293426E-16));
#55970=DIRECTION('',(4.89842541528951E-16,-7.34763812293426E-16,-1.));
#55980=AXIS2_PLACEMENT_3D('',#55950,#55960,#55970);
#55990=PLANE('',#55980);
#56000=CARTESIAN_POINT('',(-3.73147885254274,1.33533900000001,
-0.605000000000015));
#56010=DIRECTION('',(1.,1.22460635382238E-16,2.44921270764476E-16));
#56020=VECTOR('',#56010,1.);
#56030=LINE('',#56000,#56020);
#56040=CARTESIAN_POINT('',(-2.70048958896017,1.33533900000001,
-0.605000000000015));
#56050=VERTEX_POINT('',#56040);
#56060=CARTESIAN_POINT('',(-2.27048958896017,1.33533900000001,
-0.605000000000014));
#56070=VERTEX_POINT('',#56060);
#56080=EDGE_CURVE('',#56050,#56070,#56030,.T.);
#56090=ORIENTED_EDGE('',*,*,#56080,.F.);
#56100=CARTESIAN_POINT('',(-2.27048958896017,1.33533900000001,
-0.660000000000015));
#56110=DIRECTION('',(4.89842541528951E-16,-7.34763812293426E-16,-1.));
#56120=VECTOR('',#56110,1.);
#56130=LINE('',#56100,#56120);
#56140=CARTESIAN_POINT('',(-2.27048958896017,1.33533900000001,
-0.455000000000016));
#56150=VERTEX_POINT('',#56140);
#56160=EDGE_CURVE('',#56150,#56070,#56130,.T.);
#56170=ORIENTED_EDGE('',*,*,#56160,.T.);
#56180=CARTESIAN_POINT('',(-3.73147885254274,1.33533900000001,
-0.455000000000017));
#56190=DIRECTION('',(-1.,-1.22460635382238E-16,-2.44921270764476E-16));
#56200=VECTOR('',#56190,1.);
#56210=LINE('',#56180,#56200);
#56220=CARTESIAN_POINT('',(-2.70048958896017,1.33533900000001,
-0.455000000000016));
#56230=VERTEX_POINT('',#56220);
#56240=EDGE_CURVE('',#56150,#56230,#56210,.T.);
#56250=ORIENTED_EDGE('',*,*,#56240,.F.);
#56260=CARTESIAN_POINT('',(-2.70048958896017,1.33533900000001,
-0.660000000000015));
#56270=DIRECTION('',(2.44921270764476E-16,-7.34763812293426E-16,-1.));
#56280=VECTOR('',#56270,1.);
#56290=LINE('',#56260,#56280);
#56300=EDGE_CURVE('',#56230,#56050,#56290,.T.);
#56310=ORIENTED_EDGE('',*,*,#56300,.F.);
#56320=EDGE_LOOP('',(#56310,#56250,#56170,#56090));
#56330=FACE_OUTER_BOUND('',#56320,.T.);
#56340=ADVANCED_FACE('',(#56330),#55990,.T.);
#56350=CARTESIAN_POINT('',(-2.27048958896017,1.31533900000001,
-5.25500000000001));
#56360=DIRECTION('',(1.,1.22460635382238E-16,4.89842541528951E-16));
#56370=DIRECTION('',(1.22460635382238E-16,-1.,7.34763812293426E-16));
#56380=AXIS2_PLACEMENT_3D('',#56350,#56360,#56370);
#56390=PLANE('',#56380);
#56400=CARTESIAN_POINT('',(-2.27048958896017,1.25533900000001,
-5.46000000000001));
#56410=DIRECTION('',(-4.89842541528951E-16,4.89842541528951E-16,1.));
#56420=VECTOR('',#56410,1.);
#56430=LINE('',#56400,#56420);
#56440=CARTESIAN_POINT('',(-2.27048958896017,1.25533900000001,
-5.40500000000001));
#56450=VERTEX_POINT('',#56440);
#56460=CARTESIAN_POINT('',(-2.27048958896017,1.25533900000001,
-5.25500000000002));
#56470=VERTEX_POINT('',#56460);
#56480=EDGE_CURVE('',#56450,#56470,#56430,.T.);
#56490=ORIENTED_EDGE('',*,*,#56480,.F.);
#56500=CARTESIAN_POINT('',(-2.27048958896017,0.125490534175954,
-5.25500000000002));
#56510=DIRECTION('',(-1.22460635382238E-16,1.,-4.89842541528951E-16));
#56520=VECTOR('',#56510,1.);
#56530=LINE('',#56500,#56520);
#56540=CARTESIAN_POINT('',(-2.27048958896017,1.33533900000001,
-5.25500000000002));
#56550=VERTEX_POINT('',#56540);
#56560=EDGE_CURVE('',#56470,#56550,#56530,.T.);
#56570=ORIENTED_EDGE('',*,*,#56560,.F.);
#56580=CARTESIAN_POINT('',(-2.27048958896017,1.33533900000001,
-5.46000000000001));
#56590=DIRECTION('',(4.89842541528951E-16,-7.34763812293426E-16,-1.));
#56600=VECTOR('',#56590,1.);
#56610=LINE('',#56580,#56600);
#56620=CARTESIAN_POINT('',(-2.27048958896017,1.33533900000001,
-5.40500000000001));
#56630=VERTEX_POINT('',#56620);
#56640=EDGE_CURVE('',#56550,#56630,#56610,.T.);
#56650=ORIENTED_EDGE('',*,*,#56640,.F.);
#56660=CARTESIAN_POINT('',(-2.27048958896017,0.125490534175954,
-5.40500000000001));
#56670=DIRECTION('',(1.22460635382238E-16,-1.,4.89842541528951E-16));
#56680=VECTOR('',#56670,1.);
#56690=LINE('',#56660,#56680);
#56700=EDGE_CURVE('',#56630,#56450,#56690,.T.);
#56710=ORIENTED_EDGE('',*,*,#56700,.F.);
#56720=EDGE_LOOP('',(#56710,#56650,#56570,#56490));
#56730=FACE_OUTER_BOUND('',#56720,.T.);
#56740=ADVANCED_FACE('',(#56730),#56390,.T.);
#56750=CARTESIAN_POINT('',(-2.27048958896017,1.31533900000001,
-0.455000000000014));
#56760=DIRECTION('',(1.,1.22460635382238E-16,4.89842541528951E-16));
#56770=DIRECTION('',(1.22460635382238E-16,-1.,7.34763812293426E-16));
#56780=AXIS2_PLACEMENT_3D('',#56750,#56760,#56770);
#56790=PLANE('',#56780);
#56800=CARTESIAN_POINT('',(-2.27048958896017,1.25533900000001,
-0.660000000000015));
#56810=DIRECTION('',(-4.89842541528951E-16,4.89842541528951E-16,1.));
#56820=VECTOR('',#56810,1.);
#56830=LINE('',#56800,#56820);
#56840=CARTESIAN_POINT('',(-2.27048958896017,1.25533900000001,
-0.605000000000014));
#56850=VERTEX_POINT('',#56840);
#56860=CARTESIAN_POINT('',(-2.27048958896017,1.25533900000001,
-0.455000000000016));
#56870=VERTEX_POINT('',#56860);
#56880=EDGE_CURVE('',#56850,#56870,#56830,.T.);
#56890=ORIENTED_EDGE('',*,*,#56880,.F.);
#56900=CARTESIAN_POINT('',(-2.27048958896017,0.125490534175958,
-0.455000000000016));
#56910=DIRECTION('',(-1.22460635382238E-16,1.,-4.89842541528951E-16));
#56920=VECTOR('',#56910,1.);
#56930=LINE('',#56900,#56920);
#56940=EDGE_CURVE('',#56870,#56150,#56930,.T.);
#56950=ORIENTED_EDGE('',*,*,#56940,.F.);
#56960=ORIENTED_EDGE('',*,*,#56160,.F.);
#56970=CARTESIAN_POINT('',(-2.27048958896017,0.125490534175958,
-0.605000000000014));
#56980=DIRECTION('',(1.22460635382238E-16,-1.,4.89842541528951E-16));
#56990=VECTOR('',#56980,1.);
#57000=LINE('',#56970,#56990);
#57010=EDGE_CURVE('',#56070,#56850,#57000,.T.);
#57020=ORIENTED_EDGE('',*,*,#57010,.F.);
#57030=EDGE_LOOP('',(#57020,#56960,#56950,#56890));
#57040=FACE_OUTER_BOUND('',#57030,.T.);
#57050=ADVANCED_FACE('',(#57040),#56790,.T.);
#57060=CARTESIAN_POINT('',(-2.22048958896017,1.25533900000001,
-0.455000000000014));
#57070=DIRECTION('',(1.22460635382238E-16,-1.,4.89842541528951E-16));
#57080=DIRECTION('',(-4.89842541528951E-16,4.89842541528951E-16,1.));
#57090=AXIS2_PLACEMENT_3D('',#57060,#57070,#57080);
#57100=PLANE('',#57090);
#57110=CARTESIAN_POINT('',(-3.73147885254274,1.25533900000001,
-0.455000000000017));
#57120=DIRECTION('',(-1.,-1.22460635382238E-16,-2.44921270764476E-16));
#57130=VECTOR('',#57120,1.);
#57140=LINE('',#57110,#57130);
#57150=CARTESIAN_POINT('',(-2.55048958896018,1.25533900000001,
-0.455000000000016));
#57160=VERTEX_POINT('',#57150);
#57170=EDGE_CURVE('',#56870,#57160,#57140,.T.);
#57180=ORIENTED_EDGE('',*,*,#57170,.T.);
#57190=ORIENTED_EDGE('',*,*,#56880,.T.);
#57200=CARTESIAN_POINT('',(-3.73147885254274,1.25533900000001,
-0.605000000000015));
#57210=DIRECTION('',(-1.,-1.22460635382238E-16,-2.44921270764476E-16));
#57220=VECTOR('',#57210,1.);
#57230=LINE('',#57200,#57220);
#57240=CARTESIAN_POINT('',(-2.55048958896018,1.25533900000001,
-0.605000000000015));
#57250=VERTEX_POINT('',#57240);
#57260=EDGE_CURVE('',#56850,#57250,#57230,.T.);
#57270=ORIENTED_EDGE('',*,*,#57260,.F.);
#57280=CARTESIAN_POINT('',(-2.55048958896018,1.25533900000001,0.));
#57290=DIRECTION('',(-4.89842541528951E-16,4.89842541528951E-16,1.));
#57300=VECTOR('',#57290,1.);
#57310=LINE('',#57280,#57300);
#57320=EDGE_CURVE('',#57250,#57160,#57310,.T.);
#57330=ORIENTED_EDGE('',*,*,#57320,.F.);
#57340=EDGE_LOOP('',(#57330,#57270,#57190,#57180));
#57350=FACE_OUTER_BOUND('',#57340,.T.);
#57360=ADVANCED_FACE('',(#57350),#57100,.T.);
#57370=CARTESIAN_POINT('',(-2.55048958896018,1.10533899999996,
-0.330000000000014));
#57380=DIRECTION('',(1.22460635382237E-16,-1.,7.34763812293426E-16));
#57390=DIRECTION('',(5.11977682188428E-15,7.34763812293427E-16,1.));
#57400=AXIS2_PLACEMENT_3D('',#57370,#57380,#57390);
#57410=PLANE('',#57400);
#57420=ORIENTED_EDGE('',*,*,#5180,.T.);
#57430=ORIENTED_EDGE('',*,*,#7300,.T.);
#57440=ORIENTED_EDGE('',*,*,#24590,.T.);
#57450=CARTESIAN_POINT('',(0.,1.10533900000005,-0.455));
#57460=DIRECTION('',(1.,-9.46986586518797E-16,6.09946190494249E-15));
#57470=VECTOR('',#57460,1.);
#57480=LINE('',#57450,#57470);
#57490=EDGE_CURVE('',#24520,#5170,#57480,.T.);
#57500=ORIENTED_EDGE('',*,*,#57490,.F.);
#57510=EDGE_LOOP('',(#57500,#57440,#57430,#57420));
#57520=FACE_OUTER_BOUND('',#57510,.T.);
#57530=ADVANCED_FACE('',(#57520),#57410,.F.);
#57540=CARTESIAN_POINT('',(-2.55005725977674,1.30533899999996,
-0.455000000000016));
#57550=DIRECTION('',(6.09946190494249E-15,-4.89842541528943E-16,-1.));
#57560=DIRECTION('',(-1.,-1.31436849266552E-15,-6.09946190494249E-15));
#57570=AXIS2_PLACEMENT_3D('',#57540,#57550,#57560);
#57580=PLANE('',#57570);
#57590=CARTESIAN_POINT('',(0.,1.32533899999994,-0.455));
#57600=DIRECTION('',(1.,1.63507259138096E-15,6.09946190494249E-15));
#57610=VECTOR('',#57600,1.);
#57620=LINE('',#57590,#57610);
#57630=CARTESIAN_POINT('',(-2.75616723258866,1.32533899999994,
-0.455000000000017));
#57640=VERTEX_POINT('',#57630);
#57650=EDGE_CURVE('',#57640,#55830,#57620,.T.);
#57660=ORIENTED_EDGE('',*,*,#57650,.T.);
#57670=CARTESIAN_POINT('',(-2.70048958896017,1.17533900000001,
-0.455000000000016));
#57680=DIRECTION('',(2.44921270764476E-16,-7.34763812293426E-16,-1.));
#57690=DIRECTION('',(1.22460635382238E-16,-1.,7.34763812293426E-16));
#57700=AXIS2_PLACEMENT_3D('',#57670,#57680,#57690);
#57710=CIRCLE('',#57700,0.16);
#57720=EDGE_CURVE('',#57640,#56230,#57710,.T.);
#57730=ORIENTED_EDGE('',*,*,#57720,.F.);
#57740=ORIENTED_EDGE('',*,*,#56240,.T.);
#57750=ORIENTED_EDGE('',*,*,#56940,.T.);
#57760=ORIENTED_EDGE('',*,*,#57170,.F.);
#57770=CARTESIAN_POINT('',(-2.55048958896018,0.765930490838866,
-0.455000000000015));
#57780=DIRECTION('',(-1.67677286985746E-15,1.,-4.89842541528953E-16));
#57790=VECTOR('',#57780,1.);
#57800=LINE('',#57770,#57790);
#57810=CARTESIAN_POINT('',(-2.55048958896018,1.16275370778496,
-0.455000000000016));
#57820=VERTEX_POINT('',#57810);
#57830=EDGE_CURVE('',#57820,#57160,#57800,.T.);
#57840=ORIENTED_EDGE('',*,*,#57830,.T.);
#57850=CARTESIAN_POINT('',(-2.80619597048117,1.15051562459262,
-0.455000000000017));
#57860=DIRECTION('',(0.998856678503963,0.0478051859951587,
6.07071179419843E-15));
#57870=VECTOR('',#57860,1.);
#57880=LINE('',#57850,#57870);
#57890=CARTESIAN_POINT('',(-2.55051738919501,1.16275237726833,
-0.455000000000016));
#57900=VERTEX_POINT('',#57890);
#57910=EDGE_CURVE('',#57900,#57820,#57880,.T.);
#57920=ORIENTED_EDGE('',*,*,#57910,.T.);
#57930=CARTESIAN_POINT('',(0.,1.28481989786296,-0.455));
#57940=DIRECTION('',(0.998856678503962,0.0478051859951633,
6.07153216591882E-15));
#57950=VECTOR('',#57940,1.);
#57960=LINE('',#57930,#57950);
#57970=EDGE_CURVE('',#5250,#57900,#57960,.T.);
#57980=ORIENTED_EDGE('',*,*,#57970,.T.);
#57990=ORIENTED_EDGE('',*,*,#5260,.T.);
#58000=ORIENTED_EDGE('',*,*,#57490,.T.);
#58010=ORIENTED_EDGE('',*,*,#24530,.T.);
#58020=ORIENTED_EDGE('',*,*,#55900,.T.);
#58030=EDGE_LOOP('',(#58020,#58010,#58000,#57990,#57980,#57920,#57840,
#57760,#57750,#57740,#57730,#57660));
#58040=FACE_OUTER_BOUND('',#58030,.T.);
#58050=ADVANCED_FACE('',(#58040),#57580,.F.);
#58060=CARTESIAN_POINT('',(-2.55048958896018,1.16217151036779,
-2.73000000000001));
#58070=DIRECTION('',(1.,1.67677286985746E-15,4.8984254152895E-16));
#58080=DIRECTION('',(1.67677286985746E-15,-1.,7.34763812293427E-16));
#58090=AXIS2_PLACEMENT_3D('',#58060,#58070,#58080);
#58100=PLANE('',#58090);
#58110=CARTESIAN_POINT('',(-2.55048958896018,1.25533900000001,0.));
#58120=DIRECTION('',(-4.89842541528951E-16,4.89842541528951E-16,1.));
#58130=VECTOR('',#58120,1.);
#58140=LINE('',#58110,#58130);
#58150=CARTESIAN_POINT('',(-2.55048958896018,1.25533900000001,
-3.00500000000001));
#58160=VERTEX_POINT('',#58150);
#58170=EDGE_CURVE('',#58160,#46090,#58140,.T.);
#58180=ORIENTED_EDGE('',*,*,#58170,.T.);
#58190=CARTESIAN_POINT('',(-2.55048958896018,0.765930490838864,
-3.00500000000001));
#58200=DIRECTION('',(1.67677286985746E-15,-1.,4.89842541528951E-16));
#58210=VECTOR('',#58200,1.);
#58220=LINE('',#58190,#58210);
#58230=CARTESIAN_POINT('',(-2.55048958896018,1.16275370778496,
-3.00500000000001));
#58240=VERTEX_POINT('',#58230);
#58250=EDGE_CURVE('',#58160,#58240,#58220,.T.);
#58260=ORIENTED_EDGE('',*,*,#58250,.F.);
#58270=CARTESIAN_POINT('',(-2.55048958896018,1.16275370778496,
-3.06000000000001));
#58280=DIRECTION('',(-4.89842541528951E-16,7.34763812293426E-16,1.));
#58290=VECTOR('',#58280,1.);
#58300=LINE('',#58270,#58290);
#58310=EDGE_CURVE('',#58240,#46070,#58300,.T.);
#58320=ORIENTED_EDGE('',*,*,#58310,.F.);
#58330=ORIENTED_EDGE('',*,*,#46100,.F.);
#58340=EDGE_LOOP('',(#58330,#58320,#58260,#58180));
#58350=FACE_OUTER_BOUND('',#58340,.T.);
#58360=ADVANCED_FACE('',(#58350),#58100,.T.);
#58370=CARTESIAN_POINT('',(-2.70048958896017,1.17533900000001,
-0.660000000000015));
#58380=DIRECTION('',(2.44921270764476E-16,-7.34763812293426E-16,-1.));
#58390=DIRECTION('',(1.22460635382238E-16,-1.,7.34763812293426E-16));
#58400=AXIS2_PLACEMENT_3D('',#58370,#58380,#58390);
#58410=CYLINDRICAL_SURFACE('',#58400,0.16);
#58420=ORIENTED_EDGE('',*,*,#57720,.T.);
#58430=CARTESIAN_POINT('',(-2.75616723258866,1.32533899999994,
-0.660000000000015));
#58440=DIRECTION('',(2.44921270764476E-16,-7.34763812293426E-16,-1.));
#58450=VECTOR('',#58440,1.);
#58460=LINE('',#58430,#58450);
#58470=CARTESIAN_POINT('',(-2.75616723258866,1.32533899999994,
-0.605000000000014));
#58480=VERTEX_POINT('',#58470);
#58490=EDGE_CURVE('',#57640,#58480,#58460,.T.);
#58500=ORIENTED_EDGE('',*,*,#58490,.F.);
#58510=CARTESIAN_POINT('',(-2.70048958896017,1.17533900000001,
-0.605000000000014));
#58520=DIRECTION('',(2.44921270764476E-16,-7.34763812293426E-16,-1.));
#58530=DIRECTION('',(1.22460635382238E-16,-1.,7.34763812293426E-16));
#58540=AXIS2_PLACEMENT_3D('',#58510,#58520,#58530);
#58550=CIRCLE('',#58540,0.16);
#58560=EDGE_CURVE('',#58480,#56050,#58550,.T.);
#58570=ORIENTED_EDGE('',*,*,#58560,.F.);
#58580=ORIENTED_EDGE('',*,*,#56300,.T.);
#58590=EDGE_LOOP('',(#58580,#58570,#58500,#58420));
#58600=FACE_OUTER_BOUND('',#58590,.T.);
#58610=ADVANCED_FACE('',(#58600),#58410,.T.);
#58620=CARTESIAN_POINT('',(-2.73048958896017,1.09533900000001,
-0.605000000000014));
#58630=DIRECTION('',(-2.44921270764476E-16,4.89842541528951E-16,1.));
#58640=DIRECTION('',(-1.,-1.22460635382238E-16,-2.44921270764476E-16));
#58650=AXIS2_PLACEMENT_3D('',#58620,#58630,#58640);
#58660=PLANE('',#58650);
#58670=ORIENTED_EDGE('',*,*,#55070,.T.);
#58680=CARTESIAN_POINT('',(0.,1.10533900000005,-0.605000000000013));
#58690=DIRECTION('',(-1.,9.46986586518801E-16,-2.44921270764476E-16));
#58700=VECTOR('',#58690,1.);
#58710=LINE('',#58680,#58700);
#58720=CARTESIAN_POINT('',(-2.62786116081273,1.10533900000005,
-0.605000000000014));
#58730=VERTEX_POINT('',#58720);
#58740=EDGE_CURVE('',#58730,#55000,#58710,.T.);
#58750=ORIENTED_EDGE('',*,*,#58740,.T.);
#58760=CARTESIAN_POINT('',(-2.57495974099957,0.,-0.605000000000013));
#58770=DIRECTION('',(0.0478051859951633,-0.998856678503962,
4.9960036108132E-16));
#58780=VECTOR('',#58770,1.);
#58790=LINE('',#58760,#58780);
#58800=EDGE_CURVE('',#49490,#58730,#58790,.T.);
#58810=ORIENTED_EDGE('',*,*,#58800,.T.);
#58820=ORIENTED_EDGE('',*,*,#49500,.T.);
#58830=CARTESIAN_POINT('',(-2.80619597048117,1.15051562459262,
-0.605000000000014));
#58840=DIRECTION('',(-0.998856678503963,-0.0478051859951587,
-2.21224233204641E-16));
#58850=VECTOR('',#58840,1.);
#58860=LINE('',#58830,#58850);
#58870=CARTESIAN_POINT('',(-2.55048958896018,1.16275370778496,
-0.605000000000014));
#58880=VERTEX_POINT('',#58870);
#58890=EDGE_CURVE('',#58880,#49410,#58860,.T.);
#58900=ORIENTED_EDGE('',*,*,#58890,.T.);
#58910=CARTESIAN_POINT('',(-2.55048958896018,0.765930490838866,
-0.605000000000014));
#58920=DIRECTION('',(1.67677286985746E-15,-1.,4.89842541528951E-16));
#58930=VECTOR('',#58920,1.);
#58940=LINE('',#58910,#58930);
#58950=EDGE_CURVE('',#57250,#58880,#58940,.T.);
#58960=ORIENTED_EDGE('',*,*,#58950,.T.);
#58970=ORIENTED_EDGE('',*,*,#57260,.T.);
#58980=ORIENTED_EDGE('',*,*,#57010,.T.);
#58990=ORIENTED_EDGE('',*,*,#56080,.T.);
#59000=ORIENTED_EDGE('',*,*,#58560,.T.);
#59010=CARTESIAN_POINT('',(0.,1.32533899999994,-0.605000000000013));
#59020=DIRECTION('',(-1.,-1.63507259138096E-15,-2.44921270764475E-16));
#59030=VECTOR('',#59020,1.);
#59040=LINE('',#59010,#59030);
#59050=CARTESIAN_POINT('',(-2.73048958896013,1.32533899999994,
-0.605000000000014));
#59060=VERTEX_POINT('',#59050);
#59070=EDGE_CURVE('',#59060,#58480,#59040,.T.);
#59080=ORIENTED_EDGE('',*,*,#59070,.T.);
#59090=CARTESIAN_POINT('',(-2.73048958896012,0.,-0.605000000000013));
#59100=DIRECTION('',(-4.68706735088986E-15,1.,-4.89842541528952E-16));
#59110=VECTOR('',#59100,1.);
#59120=LINE('',#59090,#59110);
#59130=EDGE_CURVE('',#54820,#59060,#59120,.T.);
#59140=ORIENTED_EDGE('',*,*,#59130,.T.);
#59150=EDGE_LOOP('',(#59140,#59080,#59000,#58990,#58980,#58970,#58960,
#58900,#58820,#58810,#58750,#58670));
#59160=FACE_OUTER_BOUND('',#59150,.T.);
#59170=ADVANCED_FACE('',(#59160),#58660,.F.);
#59180=CARTESIAN_POINT('',(-2.55048958896018,1.16217151036779,
-0.330000000000013));
#59190=DIRECTION('',(1.,1.67677286985746E-15,4.8984254152895E-16));
#59200=DIRECTION('',(1.67677286985746E-15,-1.,7.34763812293427E-16));
#59210=AXIS2_PLACEMENT_3D('',#59180,#59190,#59200);
#59220=PLANE('',#59210);
#59230=ORIENTED_EDGE('',*,*,#57320,.T.);
#59240=ORIENTED_EDGE('',*,*,#58950,.F.);
#59250=CARTESIAN_POINT('',(-2.55048958896018,1.16275370778496,
-0.660000000000014));
#59260=DIRECTION('',(-4.89842541528951E-16,7.34763812293426E-16,1.));
#59270=VECTOR('',#59260,1.);
#59280=LINE('',#59250,#59270);
#59290=EDGE_CURVE('',#58880,#57820,#59280,.T.);
#59300=ORIENTED_EDGE('',*,*,#59290,.F.);
#59310=ORIENTED_EDGE('',*,*,#57830,.F.);
#59320=EDGE_LOOP('',(#59310,#59300,#59240,#59230));
#59330=FACE_OUTER_BOUND('',#59320,.T.);
#59340=ADVANCED_FACE('',(#59330),#59220,.T.);
#59350=CARTESIAN_POINT('',(-2.63042592347532,1.15892796238875,
-0.390000000000013));
#59360=DIRECTION('',(-0.0478051859951587,0.998856678503963,
-7.57340754838453E-16));
#59370=DIRECTION('',(2.4534114631644E-16,-7.46465625902677E-16,-1.));
#59380=AXIS2_PLACEMENT_3D('',#59350,#59360,#59370);
#59390=PLANE('',#59380);
#59400=ORIENTED_EDGE('',*,*,#58890,.F.);
#59410=EDGE_CURVE('',#49410,#57900,#10270,.T.);
#59420=ORIENTED_EDGE('',*,*,#59410,.F.);
#59430=ORIENTED_EDGE('',*,*,#57910,.F.);
#59440=ORIENTED_EDGE('',*,*,#59290,.T.);
#59450=EDGE_LOOP('',(#59440,#59430,#59420,#59400));
#59460=FACE_OUTER_BOUND('',#59450,.T.);
#59470=ADVANCED_FACE('',(#59460),#59390,.F.);
#59480=CARTESIAN_POINT('',(-4.30048958896017,1.25533900000002,
-0.605000000000016));
#59490=DIRECTION('',(1.22460635382237E-16,-1.,9.79685083057902E-16));
#59500=DIRECTION('',(2.44921270764476E-16,-9.79685083057902E-16,-1.));
#59510=AXIS2_PLACEMENT_3D('',#59480,#59490,#59500);
#59520=PLANE('',#59510);
#59530=ORIENTED_EDGE('',*,*,#50840,.T.);
#59540=ORIENTED_EDGE('',*,*,#53720,.T.);
#59550=CARTESIAN_POINT('',(-2.7895003253776,1.25533900000002,
-0.455000000000016));
#59560=DIRECTION('',(1.,1.22460635382237E-16,-1.06826222965723E-32));
#59570=VECTOR('',#59560,1.);
#59580=LINE('',#59550,#59570);
#59590=CARTESIAN_POINT('',(-3.97048958896018,1.25533900000001,
-0.455000000000016));
#59600=VERTEX_POINT('',#59590);
#59610=EDGE_CURVE('',#53710,#59600,#59580,.T.);
#59620=ORIENTED_EDGE('',*,*,#59610,.F.);
#59630=CARTESIAN_POINT('',(-3.97048958896016,1.25533900000002,0.));
#59640=DIRECTION('',(7.34763812293426E-16,-9.79685083057902E-16,-1.));
#59650=VECTOR('',#59640,1.);
#59660=LINE('',#59630,#59650);
#59670=EDGE_CURVE('',#59600,#50830,#59660,.T.);
#59680=ORIENTED_EDGE('',*,*,#59670,.F.);
#59690=EDGE_LOOP('',(#59680,#59620,#59540,#59530));
#59700=FACE_OUTER_BOUND('',#59690,.T.);
#59710=ADVANCED_FACE('',(#59700),#59520,.T.);
#59720=CARTESIAN_POINT('',(-3.81548958896018,1.13033899999996,
-4.39250000000002));
#59730=DIRECTION('',(0.707106781186548,-0.707106781186547,
-3.10067243467293E-15));
#59740=DIRECTION('',(-0.707106781186547,-0.707106781186548,
4.09841663812382E-15));
#59750=AXIS2_PLACEMENT_3D('',#59720,#59730,#59740);
#59760=PLANE('',#59750);
#59770=CARTESIAN_POINT('',(-3.79048958896014,1.1553389999999,0.));
#59780=DIRECTION('',(-4.87485555111981E-15,-6.09946190494224E-15,-1.));
#59790=VECTOR('',#59780,1.);
#59800=LINE('',#59770,#59790);
#59810=CARTESIAN_POINT('',(-3.79048958896016,1.15533899999987,
-4.45500000000002));
#59820=VERTEX_POINT('',#59810);
#59830=EDGE_CURVE('',#26630,#59820,#59800,.T.);
#59840=ORIENTED_EDGE('',*,*,#59830,.T.);
#59850=ORIENTED_EDGE('',*,*,#26640,.T.);
#59860=CARTESIAN_POINT('',(-3.8404895889602,1.10533899999992,0.));
#59870=DIRECTION('',(5.11977682188431E-15,7.34763812293452E-16,1.));
#59880=VECTOR('',#59870,1.);
#59890=LINE('',#59860,#59880);
#59900=CARTESIAN_POINT('',(-3.84048958896018,1.10533899999991,
-4.45500000000002));
#59910=VERTEX_POINT('',#59900);
#59920=EDGE_CURVE('',#59910,#26550,#59890,.T.);
#59930=ORIENTED_EDGE('',*,*,#59920,.T.);
#59940=CARTESIAN_POINT('',(-4.94582858896002,0.,-4.45500000000002));
#59950=DIRECTION('',(0.707106781186544,0.707106781186551,
-6.93889390390723E-16));
#59960=VECTOR('',#59950,1.);
#59970=LINE('',#59940,#59960);
#59980=EDGE_CURVE('',#59910,#59820,#59970,.T.);
#59990=ORIENTED_EDGE('',*,*,#59980,.F.);
#60000=EDGE_LOOP('',(#59990,#59930,#59850,#59840));
#60010=FACE_OUTER_BOUND('',#60000,.T.);
#60020=ADVANCED_FACE('',(#60010),#59760,.F.);
#60030=CARTESIAN_POINT('',(-2.57341220317929,1.16165663364027,
-1.72519026233275));
#60040=DIRECTION('',(-0.0478051859951587,0.998856678503963,
-5.06565230622445E-16));
#60050=DIRECTION('',(-0.998856678503963,-0.0478051859951587,
-4.5418042979937E-16));
#60060=AXIS2_PLACEMENT_3D('',#60030,#60040,#60050);
#60070=PLANE('',#60060);
#60080=CARTESIAN_POINT('',(0.,1.28481989786295,-2.055));
#60090=DIRECTION('',(0.998856678503962,0.0478051859951633,
6.07153216591882E-15));
#60100=VECTOR('',#60090,1.);
#60110=LINE('',#60080,#60100);
#60120=CARTESIAN_POINT('',(-2.63042592347529,1.15892796238875,
-2.05500000000002));
#60130=VERTEX_POINT('',#60120);
#60140=CARTESIAN_POINT('',(-2.550517389195,1.16275237726833,
-2.05500000000002));
#60150=VERTEX_POINT('',#60140);
#60160=EDGE_CURVE('',#60130,#60150,#60110,.T.);
#60170=ORIENTED_EDGE('',*,*,#60160,.F.);
#60180=CARTESIAN_POINT('',(-2.550517389195,1.16275237726833,
-1.80500000000001));
#60190=VERTEX_POINT('',#60180);
#60200=EDGE_CURVE('',#60150,#60190,#10270,.T.);
#60210=ORIENTED_EDGE('',*,*,#60200,.F.);
#60220=CARTESIAN_POINT('',(0.,1.28481989786295,-1.80500000000001));
#60230=DIRECTION('',(-0.998856678503962,-0.0478051859951633,
-2.22044604925031E-16));
#60240=VECTOR('',#60230,1.);
#60250=LINE('',#60220,#60240);
#60260=CARTESIAN_POINT('',(-2.63042592347529,1.15892796238875,
-1.80500000000001));
#60270=VERTEX_POINT('',#60260);
#60280=EDGE_CURVE('',#60190,#60270,#60250,.T.);
#60290=ORIENTED_EDGE('',*,*,#60280,.F.);
#60300=CARTESIAN_POINT('',(-2.63042592347529,1.15892796238875,0.));
#60310=DIRECTION('',(-4.7785417095077E-16,4.84275005124934E-16,1.));
#60320=VECTOR('',#60310,1.);
#60330=LINE('',#60300,#60320);
#60340=EDGE_CURVE('',#60130,#60270,#60330,.T.);
#60350=ORIENTED_EDGE('',*,*,#60340,.T.);
#60360=EDGE_LOOP('',(#60350,#60290,#60210,#60170));
#60370=FACE_OUTER_BOUND('',#60360,.T.);
#60380=ADVANCED_FACE('',(#60370),#60070,.T.);
#60390=CARTESIAN_POINT('',(-3.79048958896018,1.25073313569167,
-0.686843973420231));
#60400=DIRECTION('',(-1.,-1.22460635382234E-16,5.11977682188428E-15));
#60410=DIRECTION('',(1.22460635382238E-16,-1.,7.34763812293426E-16));
#60420=AXIS2_PLACEMENT_3D('',#60390,#60400,#60410);
#60430=PLANE('',#60420);
#60440=CARTESIAN_POINT('',(-3.79048958896018,1.15533899999986,0.));
#60450=DIRECTION('',(-5.11977682188428E-15,-6.34438317570671E-15,-1.));
#60460=VECTOR('',#60450,1.);
#60470=LINE('',#60440,#60460);
#60480=CARTESIAN_POINT('',(-3.79048958896018,1.15533899999986,
-0.855000000000017));
#60490=VERTEX_POINT('',#60480);
#60500=EDGE_CURVE('',#51150,#60490,#60470,.T.);
#60510=ORIENTED_EDGE('',*,*,#60500,.F.);
#60520=CARTESIAN_POINT('',(-3.79048958896012,0.,-0.855000000000015));
#60530=DIRECTION('',(-4.68706735088986E-15,1.,-9.79685083057902E-16));
#60540=VECTOR('',#60530,1.);
#60550=LINE('',#60520,#60540);
#60560=CARTESIAN_POINT('',(-3.79048958896013,1.32533899999994,
-0.855000000000016));
#60570=VERTEX_POINT('',#60560);
#60580=EDGE_CURVE('',#60490,#60570,#60550,.T.);
#60590=ORIENTED_EDGE('',*,*,#60580,.F.);
#60600=EDGE_CURVE('',#51230,#60570,#22130,.T.);
#60610=ORIENTED_EDGE('',*,*,#60600,.T.);
#60620=ORIENTED_EDGE('',*,*,#51240,.T.);
#60630=EDGE_LOOP('',(#60620,#60610,#60590,#60510));
#60640=FACE_OUTER_BOUND('',#60630,.T.);
#60650=ADVANCED_FACE('',(#60640),#60430,.T.);
#60660=CARTESIAN_POINT('',(-2.57341220317929,1.16165663364027,
-4.92519026233275));
#60670=DIRECTION('',(-0.0478051859951587,0.998856678503963,
-5.06565230622445E-16));
#60680=DIRECTION('',(-0.998856678503963,-0.0478051859951587,
-4.5418042979937E-16));
#60690=AXIS2_PLACEMENT_3D('',#60660,#60670,#60680);
#60700=PLANE('',#60690);
#60710=CARTESIAN_POINT('',(0.,1.28481989786295,-4.855));
#60720=DIRECTION('',(0.998856678503962,0.0478051859951633,
6.07153216591882E-15));
#60730=VECTOR('',#60720,1.);
#60740=LINE('',#60710,#60730);
#60750=CARTESIAN_POINT('',(-2.63042592347529,1.15892796238875,
-4.85500000000002));
#60760=VERTEX_POINT('',#60750);
#60770=CARTESIAN_POINT('',(-2.550517389195,1.16275237726832,
-4.85500000000002));
#60780=VERTEX_POINT('',#60770);
#60790=EDGE_CURVE('',#60760,#60780,#60740,.T.);
#60800=ORIENTED_EDGE('',*,*,#60790,.F.);
#60810=CARTESIAN_POINT('',(-2.550517389195,1.16275237726832,
-4.60500000000001));
#60820=VERTEX_POINT('',#60810);
#60830=EDGE_CURVE('',#60780,#60820,#10270,.T.);
#60840=ORIENTED_EDGE('',*,*,#60830,.F.);
#60850=CARTESIAN_POINT('',(0.,1.28481989786295,-4.60500000000001));
#60860=DIRECTION('',(-0.998856678503962,-0.0478051859951633,
-2.22044604925031E-16));
#60870=VECTOR('',#60860,1.);
#60880=LINE('',#60850,#60870);
#60890=CARTESIAN_POINT('',(-2.63042592347529,1.15892796238874,
-4.60500000000001));
#60900=VERTEX_POINT('',#60890);
#60910=EDGE_CURVE('',#60820,#60900,#60880,.T.);
#60920=ORIENTED_EDGE('',*,*,#60910,.F.);
#60930=CARTESIAN_POINT('',(-2.63042592347529,1.15892796238875,0.));
#60940=DIRECTION('',(-4.7785417095077E-16,4.84275005124934E-16,1.));
#60950=VECTOR('',#60940,1.);
#60960=LINE('',#60930,#60950);
#60970=EDGE_CURVE('',#60760,#60900,#60960,.T.);
#60980=ORIENTED_EDGE('',*,*,#60970,.T.);
#60990=EDGE_LOOP('',(#60980,#60920,#60840,#60800));
#61000=FACE_OUTER_BOUND('',#60990,.T.);
#61010=ADVANCED_FACE('',(#61000),#60700,.T.);
#61020=CARTESIAN_POINT('',(-2.57341220317929,1.16165663364027,
-1.32519026233275));
#61030=DIRECTION('',(-0.0478051859951587,0.998856678503963,
-5.06565230622445E-16));
#61040=DIRECTION('',(-0.998856678503963,-0.0478051859951587,
-4.5418042979937E-16));
#61050=AXIS2_PLACEMENT_3D('',#61020,#61030,#61040);
#61060=PLANE('',#61050);
#61070=CARTESIAN_POINT('',(0.,1.28481989786295,-1.65499999999999));
#61080=DIRECTION('',(0.998856678503962,0.0478051859951633,
6.07153216591882E-15));
#61090=VECTOR('',#61080,1.);
#61100=LINE('',#61070,#61090);
#61110=CARTESIAN_POINT('',(-2.63042592347529,1.15892796238875,
-1.65500000000002));
#61120=VERTEX_POINT('',#61110);
#61130=CARTESIAN_POINT('',(-2.550517389195,1.16275237726833,
-1.65500000000001));
#61140=VERTEX_POINT('',#61130);
#61150=EDGE_CURVE('',#61120,#61140,#61100,.T.);
#61160=ORIENTED_EDGE('',*,*,#61150,.F.);
#61170=CARTESIAN_POINT('',(-2.550517389195,1.16275237726833,
-1.40500000000001));
#61180=VERTEX_POINT('',#61170);
#61190=EDGE_CURVE('',#61140,#61180,#10270,.T.);
#61200=ORIENTED_EDGE('',*,*,#61190,.F.);
#61210=CARTESIAN_POINT('',(0.,1.28481989786296,-1.40500000000001));
#61220=DIRECTION('',(-0.998856678503962,-0.0478051859951633,
-2.22044604925031E-16));
#61230=VECTOR('',#61220,1.);
#61240=LINE('',#61210,#61230);
#61250=CARTESIAN_POINT('',(-2.63042592347529,1.15892796238875,
-1.40500000000001));
#61260=VERTEX_POINT('',#61250);
#61270=EDGE_CURVE('',#61180,#61260,#61240,.T.);
#61280=ORIENTED_EDGE('',*,*,#61270,.F.);
#61290=CARTESIAN_POINT('',(-2.63042592347529,1.15892796238875,0.));
#61300=DIRECTION('',(-4.7785417095077E-16,4.84275005124934E-16,1.));
#61310=VECTOR('',#61300,1.);
#61320=LINE('',#61290,#61310);
#61330=EDGE_CURVE('',#61120,#61260,#61320,.T.);
#61340=ORIENTED_EDGE('',*,*,#61330,.T.);
#61350=EDGE_LOOP('',(#61340,#61280,#61200,#61160));
#61360=FACE_OUTER_BOUND('',#61350,.T.);
#61370=ADVANCED_FACE('',(#61360),#61060,.T.);
#61380=CARTESIAN_POINT('',(-3.97048958896018,1.10533899999996,
-3.53000000000002));
#61390=DIRECTION('',(1.22460635382237E-16,-1.,7.34763812293426E-16));
#61400=DIRECTION('',(-5.11977682188428E-15,-7.34763812293427E-16,-1.));
#61410=AXIS2_PLACEMENT_3D('',#61380,#61390,#61400);
#61420=PLANE('',#61410);
#61430=ORIENTED_EDGE('',*,*,#45070,.T.);
#61440=ORIENTED_EDGE('',*,*,#12670,.F.);
#61450=CARTESIAN_POINT('',(-3.84048958896021,1.10533899999992,0.));
#61460=DIRECTION('',(5.11977682188431E-15,7.34763812293452E-16,1.));
#61470=VECTOR('',#61460,1.);
#61480=LINE('',#61450,#61470);
#61490=CARTESIAN_POINT('',(-3.84048958896018,1.10533899999991,
-3.40500000000001));
#61500=VERTEX_POINT('',#61490);
#61510=EDGE_CURVE('',#12560,#61500,#61480,.T.);
#61520=ORIENTED_EDGE('',*,*,#61510,.F.);
#61530=CARTESIAN_POINT('',(0.,1.10533899999993,-3.40500000000001));
#61540=DIRECTION('',(1.,4.68706735088987E-15,-4.33873497871557E-30));
#61550=VECTOR('',#61540,1.);
#61560=LINE('',#61530,#61550);
#61570=EDGE_CURVE('',#45060,#61500,#61560,.T.);
#61580=ORIENTED_EDGE('',*,*,#61570,.T.);
#61590=EDGE_LOOP('',(#61580,#61520,#61440,#61430));
#61600=FACE_OUTER_BOUND('',#61590,.T.);
#61610=ADVANCED_FACE('',(#61600),#61420,.F.);
#61620=CARTESIAN_POINT('',(-3.82048958896017,1.17533900000002,
-0.400000000000016));
#61630=DIRECTION('',(2.99932144364427E-32,7.34763812293426E-16,1.));
#61640=DIRECTION('',(1.22460635382237E-16,-1.,7.34763812293426E-16));
#61650=AXIS2_PLACEMENT_3D('',#61620,#61630,#61640);
#61660=CYLINDRICAL_SURFACE('',#61650,0.16);
#61670=ORIENTED_EDGE('',*,*,#51390,.T.);
#61680=CARTESIAN_POINT('',(-3.76481194533165,1.32533899999994,
-0.400000000000016));
#61690=DIRECTION('',(2.99932144364427E-32,7.34763812293426E-16,1.));
#61700=VECTOR('',#61690,1.);
#61710=LINE('',#61680,#61700);
#61720=CARTESIAN_POINT('',(-3.76481194533165,1.32533899999994,
-0.455000000000016));
#61730=VERTEX_POINT('',#61720);
#61740=EDGE_CURVE('',#51310,#61730,#61710,.T.);
#61750=ORIENTED_EDGE('',*,*,#61740,.F.);
#61760=CARTESIAN_POINT('',(-3.82048958896017,1.17533900000002,
-0.455000000000016));
#61770=DIRECTION('',(2.99932144364427E-32,7.34763812293426E-16,1.));
#61780=DIRECTION('',(1.22460635382237E-16,-1.,7.34763812293426E-16));
#61790=AXIS2_PLACEMENT_3D('',#61760,#61770,#61780);
#61800=CIRCLE('',#61790,0.16);
#61810=EDGE_CURVE('',#61730,#1510,#61800,.T.);
#61820=ORIENTED_EDGE('',*,*,#61810,.F.);
#61830=ORIENTED_EDGE('',*,*,#1760,.T.);
#61840=EDGE_LOOP('',(#61830,#61820,#61750,#61670));
#61850=FACE_OUTER_BOUND('',#61840,.T.);
#61860=ADVANCED_FACE('',(#61850),#61660,.T.);
#61870=CARTESIAN_POINT('',(-4.25048958896017,1.31533900000002,
-5.40500000000002));
#61880=DIRECTION('',(-1.,-1.22460635382238E-16,-2.44921270764475E-16));
#61890=DIRECTION('',(1.22460635382238E-16,-1.,7.34763812293427E-16));
#61900=AXIS2_PLACEMENT_3D('',#61870,#61880,#61890);
#61910=PLANE('',#61900);
#61920=CARTESIAN_POINT('',(-4.25048958896017,1.25533900000002,
-5.20000000000002));
#61930=DIRECTION('',(2.44921270764476E-16,-9.79685083057902E-16,-1.));
#61940=VECTOR('',#61930,1.);
#61950=LINE('',#61920,#61940);
#61960=CARTESIAN_POINT('',(-4.25048958896017,1.25533900000002,
-5.25500000000002));
#61970=VERTEX_POINT('',#61960);
#61980=EDGE_CURVE('',#61970,#30840,#61950,.T.);
#61990=ORIENTED_EDGE('',*,*,#61980,.F.);
#62000=ORIENTED_EDGE('',*,*,#30850,.F.);
#62010=CARTESIAN_POINT('',(-4.25048958896017,1.33533900000002,
-5.20000000000002));
#62020=DIRECTION('',(-2.44921270764476E-16,7.34763812293426E-16,1.));
#62030=VECTOR('',#62020,1.);
#62040=LINE('',#62010,#62030);
#62050=CARTESIAN_POINT('',(-4.25048958896017,1.33533900000002,
-5.25500000000002));
#62060=VERTEX_POINT('',#62050);
#62070=EDGE_CURVE('',#30760,#62060,#62040,.T.);
#62080=ORIENTED_EDGE('',*,*,#62070,.F.);
#62090=CARTESIAN_POINT('',(-4.25048958896017,0.12549053417596,
-5.25500000000002));
#62100=DIRECTION('',(1.22460635382237E-16,-1.,9.79685083057902E-16));
#62110=VECTOR('',#62100,1.);
#62120=LINE('',#62090,#62110);
#62130=EDGE_CURVE('',#62060,#61970,#62120,.T.);
#62140=ORIENTED_EDGE('',*,*,#62130,.F.);
#62150=EDGE_LOOP('',(#62140,#62080,#62000,#61990));
#62160=FACE_OUTER_BOUND('',#62150,.T.);
#62170=ADVANCED_FACE('',(#62160),#61910,.T.);
#62180=CARTESIAN_POINT('',(-3.97048958896016,1.16217151036779,
-0.730000000000016));
#62190=DIRECTION('',(-1.,1.43185159909298E-15,-7.34763812293427E-16));
#62200=DIRECTION('',(-1.43185159909298E-15,-1.,4.8984254152895E-16));
#62210=AXIS2_PLACEMENT_3D('',#62180,#62190,#62200);
#62220=PLANE('',#62210);
#62230=ORIENTED_EDGE('',*,*,#59670,.T.);
#62240=CARTESIAN_POINT('',(-3.97048958896016,0.765930490838866,
-0.455000000000016));
#62250=DIRECTION('',(-1.43185159909298E-15,-1.,9.79685083057902E-16));
#62260=VECTOR('',#62250,1.);
#62270=LINE('',#62240,#62260);
#62280=CARTESIAN_POINT('',(-3.97048958896016,1.16275370778497,
-0.455000000000017));
#62290=VERTEX_POINT('',#62280);
#62300=EDGE_CURVE('',#59600,#62290,#62270,.T.);
#62310=ORIENTED_EDGE('',*,*,#62300,.F.);
#62320=CARTESIAN_POINT('',(-3.97048958896016,1.16275370778497,
-0.660000000000015));
#62330=DIRECTION('',(7.34763812293426E-16,-7.46485721106813E-16,-1.));
#62340=VECTOR('',#62330,1.);
#62350=LINE('',#62320,#62340);
#62360=EDGE_CURVE('',#62290,#50910,#62350,.T.);
#62370=ORIENTED_EDGE('',*,*,#62360,.F.);
#62380=ORIENTED_EDGE('',*,*,#50920,.T.);
#62390=EDGE_LOOP('',(#62380,#62370,#62310,#62230));
#62400=FACE_OUTER_BOUND('',#62390,.T.);
#62410=ADVANCED_FACE('',(#62400),#62220,.T.);
#62420=CARTESIAN_POINT('',(-2.70048958896017,1.17533900000001,
-1.86000000000001));
#62430=DIRECTION('',(2.44921270764476E-16,-7.34763812293426E-16,-1.));
#62440=DIRECTION('',(1.22460635382238E-16,-1.,7.34763812293426E-16));
#62450=AXIS2_PLACEMENT_3D('',#62420,#62430,#62440);
#62460=CYLINDRICAL_SURFACE('',#62450,0.16);
#62470=CARTESIAN_POINT('',(-2.70048958896017,1.17533900000001,
-1.65500000000002));
#62480=DIRECTION('',(2.44921270764476E-16,-7.34763812293426E-16,-1.));
#62490=DIRECTION('',(1.22460635382238E-16,-1.,7.34763812293426E-16));
#62500=AXIS2_PLACEMENT_3D('',#62470,#62480,#62490);
#62510=CIRCLE('',#62500,0.16);
#62520=CARTESIAN_POINT('',(-2.75616723258866,1.32533899999994,
-1.65500000000001));
#62530=VERTEX_POINT('',#62520);
#62540=EDGE_CURVE('',#62530,#8500,#62510,.T.);
#62550=ORIENTED_EDGE('',*,*,#62540,.T.);
#62560=CARTESIAN_POINT('',(-2.75616723258866,1.32533899999994,
-1.86000000000001));
#62570=DIRECTION('',(2.44921270764476E-16,-7.34763812293426E-16,-1.));
#62580=VECTOR('',#62570,1.);
#62590=LINE('',#62560,#62580);
#62600=CARTESIAN_POINT('',(-2.75616723258866,1.32533899999994,
-1.80500000000001));
#62610=VERTEX_POINT('',#62600);
#62620=EDGE_CURVE('',#62530,#62610,#62590,.T.);
#62630=ORIENTED_EDGE('',*,*,#62620,.F.);
#62640=CARTESIAN_POINT('',(-2.70048958896017,1.17533900000001,
-1.80500000000001));
#62650=DIRECTION('',(2.44921270764476E-16,-7.34763812293426E-16,-1.));
#62660=DIRECTION('',(1.22460635382238E-16,-1.,7.34763812293426E-16));
#62670=AXIS2_PLACEMENT_3D('',#62640,#62650,#62660);
#62680=CIRCLE('',#62670,0.16);
#62690=EDGE_CURVE('',#62610,#8320,#62680,.T.);
#62700=ORIENTED_EDGE('',*,*,#62690,.F.);
#62710=ORIENTED_EDGE('',*,*,#8570,.T.);
#62720=EDGE_LOOP('',(#62710,#62700,#62630,#62550));
#62730=FACE_OUTER_BOUND('',#62720,.T.);
#62740=ADVANCED_FACE('',(#62730),#62460,.T.);
#62750=CARTESIAN_POINT('',(-4.30048958896017,1.25533900000002,
-5.80500000000002));
#62760=DIRECTION('',(1.22460635382237E-16,-1.,9.79685083057902E-16));
#62770=DIRECTION('',(2.44921270764476E-16,-9.79685083057902E-16,-1.));
#62780=AXIS2_PLACEMENT_3D('',#62750,#62760,#62770);
#62790=PLANE('',#62780);
#62800=CARTESIAN_POINT('',(0.,1.25533900000002,-5.80500000000001));
#62810=DIRECTION('',(-1.,-1.22460635382238E-16,-4.8984254152895E-16));
#62820=VECTOR('',#62810,1.);
#62830=LINE('',#62800,#62820);
#62840=CARTESIAN_POINT('',(-3.97048958896016,1.25533900000002,
-5.80500000000001));
#62850=VERTEX_POINT('',#62840);
#62860=CARTESIAN_POINT('',(-4.25048958896017,1.25533900000002,
-5.80500000000002));
#62870=VERTEX_POINT('',#62860);
#62880=EDGE_CURVE('',#62850,#62870,#62830,.T.);
#62890=ORIENTED_EDGE('',*,*,#62880,.F.);
#62900=CARTESIAN_POINT('',(-4.25048958896017,1.25533900000002,
-5.60000000000002));
#62910=DIRECTION('',(2.44921270764476E-16,-9.79685083057902E-16,-1.));
#62920=VECTOR('',#62910,1.);
#62930=LINE('',#62900,#62920);
#62940=CARTESIAN_POINT('',(-4.25048958896017,1.25533900000002,
-5.65500000000002));
#62950=VERTEX_POINT('',#62940);
#62960=EDGE_CURVE('',#62950,#62870,#62930,.T.);
#62970=ORIENTED_EDGE('',*,*,#62960,.T.);
#62980=CARTESIAN_POINT('',(-2.78950032537759,1.25533900000002,
-5.65500000000002));
#62990=DIRECTION('',(1.,1.22460635382237E-16,-1.06826222965723E-32));
#63000=VECTOR('',#62990,1.);
#63010=LINE('',#62980,#63000);
#63020=CARTESIAN_POINT('',(-3.97048958896018,1.25533900000001,
-5.65500000000002));
#63030=VERTEX_POINT('',#63020);
#63040=EDGE_CURVE('',#62950,#63030,#63010,.T.);
#63050=ORIENTED_EDGE('',*,*,#63040,.F.);
#63060=CARTESIAN_POINT('',(-3.97048958896016,1.25533900000002,0.));
#63070=DIRECTION('',(7.34763812293426E-16,-9.79685083057902E-16,-1.));
#63080=VECTOR('',#63070,1.);
#63090=LINE('',#63060,#63080);
#63100=EDGE_CURVE('',#63030,#62850,#63090,.T.);
#63110=ORIENTED_EDGE('',*,*,#63100,.F.);
#63120=EDGE_LOOP('',(#63110,#63050,#62970,#62890));
#63130=FACE_OUTER_BOUND('',#63120,.T.);
#63140=ADVANCED_FACE('',(#63130),#62790,.T.);
#63150=CARTESIAN_POINT('',(-3.89055325444502,1.15892796238875,
-5.07000000000002));
#63160=DIRECTION('',(0.0478051859951555,0.998856678503963,
-7.1050672722619E-16));
#63170=DIRECTION('',(-9.78705480155711E-16,7.58160746218114E-16,1.));
#63180=AXIS2_PLACEMENT_3D('',#63150,#63160,#63170);
#63190=PLANE('',#63180);
#63200=CARTESIAN_POINT('',(-2.80619597048116,1.10703072551715,
-5.00500000000002));
#63210=DIRECTION('',(0.998856678503963,-0.0478051859951555,
2.68058260816905E-16));
#63220=VECTOR('',#63210,1.);
#63230=LINE('',#63200,#63220);
#63240=CARTESIAN_POINT('',(-3.97048958896016,1.16275370778497,
-5.00500000000002));
#63250=VERTEX_POINT('',#63240);
#63260=CARTESIAN_POINT('',(-3.97046178872531,1.16275237726836,
-5.00500000000002));
#63270=VERTEX_POINT('',#63260);
#63280=EDGE_CURVE('',#63250,#63270,#63230,.T.);
#63290=ORIENTED_EDGE('',*,*,#63280,.T.);
#63300=CARTESIAN_POINT('',(-3.97048958896016,1.16275370778497,
-5.06000000000002));
#63310=DIRECTION('',(7.34763812293426E-16,-7.46485721106813E-16,-1.));
#63320=VECTOR('',#63310,1.);
#63330=LINE('',#63300,#63320);
#63340=CARTESIAN_POINT('',(-3.97048958896016,1.16275370778497,
-4.85500000000002));
#63350=VERTEX_POINT('',#63340);
#63360=EDGE_CURVE('',#63350,#63250,#63330,.T.);
#63370=ORIENTED_EDGE('',*,*,#63360,.T.);
#63380=CARTESIAN_POINT('',(-2.80619597048116,1.10703072551716,
-4.85500000000002));
#63390=DIRECTION('',(0.998856678503963,-0.0478051859951555,
4.94831028438272E-17));
#63400=VECTOR('',#63390,1.);
#63410=LINE('',#63380,#63400);
#63420=CARTESIAN_POINT('',(-3.97046178872531,1.16275237726836,
-4.85500000000002));
#63430=VERTEX_POINT('',#63420);
#63440=EDGE_CURVE('',#63350,#63430,#63410,.T.);
#63450=ORIENTED_EDGE('',*,*,#63440,.F.);
#63460=CARTESIAN_POINT('',(-3.97046178872531,1.16275237726836,0.));
#63470=DIRECTION('',(-4.89842541528951E-16,7.34763812293426E-16,1.));
#63480=VECTOR('',#63470,1.);
#63490=LINE('',#63460,#63480);
#63500=EDGE_CURVE('',#63270,#63430,#63490,.T.);
#63510=ORIENTED_EDGE('',*,*,#63500,.T.);
#63520=EDGE_LOOP('',(#63510,#63450,#63370,#63290));
#63530=FACE_OUTER_BOUND('',#63520,.T.);
#63540=ADVANCED_FACE('',(#63530),#63190,.F.);
#63550=CARTESIAN_POINT('',(-2.84548958896018,1.30033900000001,
-6.43499999999999));
#63560=DIRECTION('',(-8.86024109927699E-16,0.514495755427533,
0.85749292571254));
#63570=DIRECTION('',(4.6409819225712E-15,-0.85749292571254,
0.514495755427533));
#63580=AXIS2_PLACEMENT_3D('',#63550,#63560,#63570);
#63590=PLANE('',#63580);
#63600=CARTESIAN_POINT('',(-3.60169298896017,-0.0099999999999976,
-5.64879659999997));
#63610=DIRECTION('',(0.457495710997806,0.762492851663024,
-0.457495710997822));
#63620=VECTOR('',#63610,1.);
#63630=LINE('',#63600,#63620);
#63640=CARTESIAN_POINT('',(-2.83048958896016,1.275339,-6.41999999999999)
);
#63650=VERTEX_POINT('',#63640);
#63660=CARTESIAN_POINT('',(-2.80048958896021,1.32533899999997,
-6.44999999999997));
#63670=VERTEX_POINT('',#63660);
#63680=EDGE_CURVE('',#63650,#63670,#63630,.T.);
#63690=ORIENTED_EDGE('',*,*,#63680,.T.);
#63700=CARTESIAN_POINT('',(-6.52097917792031,1.275339,-6.41999999999998)
);
#63710=DIRECTION('',(1.,2.13032343882794E-15,-2.44921270764477E-16));
#63720=VECTOR('',#63710,1.);
#63730=LINE('',#63700,#63720);
#63740=CARTESIAN_POINT('',(-2.86048958896018,1.27533899999994,
-6.41999999999995));
#63750=VERTEX_POINT('',#63740);
#63760=EDGE_CURVE('',#63750,#63650,#63730,.T.);
#63770=ORIENTED_EDGE('',*,*,#63760,.T.);
#63780=CARTESIAN_POINT('',(-3.62569298896006,3.36044672585009E-14,
-5.65479659999999));
#63790=DIRECTION('',(-0.457495710997785,-0.762492851663033,
0.457495710997827));
#63800=VECTOR('',#63790,1.);
#63810=LINE('',#63780,#63800);
#63820=CARTESIAN_POINT('',(-2.83048958896016,1.32533899999997,
-6.44999999999997));
#63830=VERTEX_POINT('',#63820);
#63840=EDGE_CURVE('',#63830,#63750,#63810,.T.);
#63850=ORIENTED_EDGE('',*,*,#63840,.T.);
#63860=CARTESIAN_POINT('',(-6.52097917792031,1.32533899999996,
-6.44999999999996));
#63870=DIRECTION('',(1.,3.18938482585618E-15,-8.80358102981429E-16));
#63880=VECTOR('',#63870,1.);
#63890=LINE('',#63860,#63880);
#63900=EDGE_CURVE('',#63830,#63670,#63890,.T.);
#63910=ORIENTED_EDGE('',*,*,#63900,.F.);
#63920=EDGE_LOOP('',(#63910,#63850,#63770,#63690));
#63930=FACE_OUTER_BOUND('',#63920,.T.);
#63940=ADVANCED_FACE('',(#63930),#63590,.T.);
#63950=CARTESIAN_POINT('',(-4.30048958896017,1.33533900000002,
-5.25500000000002));
#63960=DIRECTION('',(-1.22460635382238E-16,1.,-7.34763812293426E-16));
#63970=DIRECTION('',(-2.44921270764476E-16,7.34763812293426E-16,1.));
#63980=AXIS2_PLACEMENT_3D('',#63950,#63960,#63970);
#63990=PLANE('',#63980);
#64000=CARTESIAN_POINT('',(-2.78950032537759,1.33533900000002,
-5.25500000000002));
#64010=DIRECTION('',(-1.,-1.22460635382238E-16,1.06826222965723E-32));
#64020=VECTOR('',#64010,1.);
#64030=LINE('',#64000,#64020);
#64040=CARTESIAN_POINT('',(-3.82048958896017,1.33533900000002,
-5.25500000000002));
#64050=VERTEX_POINT('',#64040);
#64060=EDGE_CURVE('',#64050,#62060,#64030,.T.);
#64070=ORIENTED_EDGE('',*,*,#64060,.F.);
#64080=ORIENTED_EDGE('',*,*,#62070,.T.);
#64090=ORIENTED_EDGE('',*,*,#30770,.F.);
#64100=CARTESIAN_POINT('',(-3.82048958896017,1.33533900000002,
-5.20000000000002));
#64110=DIRECTION('',(2.99932144364427E-32,7.34763812293426E-16,1.));
#64120=VECTOR('',#64110,1.);
#64130=LINE('',#64100,#64120);
#64140=EDGE_CURVE('',#30680,#64050,#64130,.T.);
#64150=ORIENTED_EDGE('',*,*,#64140,.F.);
#64160=EDGE_LOOP('',(#64150,#64090,#64080,#64070));
#64170=FACE_OUTER_BOUND('',#64160,.T.);
#64180=ADVANCED_FACE('',(#64170),#63990,.T.);
#64190=CARTESIAN_POINT('',(-3.89055325444501,1.15892796238875,
-5.60000000000002));
#64200=DIRECTION('',(0.998856678503963,-0.0478051859951585,
3.4985508832348E-17));
#64210=DIRECTION('',(1.15684950262154E-17,9.73550805852666E-16,1.));
#64220=AXIS2_PLACEMENT_3D('',#64190,#64200,#64210);
#64230=PLANE('',#64220);
#64240=ORIENTED_EDGE('',*,*,#31250,.T.);
#64250=CARTESIAN_POINT('',(-3.89055325444501,1.15892796238871,0.));
#64260=DIRECTION('',(-9.79602902190764E-19,7.11366878368739E-16,1.));
#64270=VECTOR('',#64260,1.);
#64280=LINE('',#64250,#64270);
#64290=CARTESIAN_POINT('',(-3.89055325444501,1.15892796238871,
-5.65500000000002));
#64300=VERTEX_POINT('',#64290);
#64310=EDGE_CURVE('',#64300,#31160,#64280,.T.);
#64320=ORIENTED_EDGE('',*,*,#64310,.T.);
#64330=CARTESIAN_POINT('',(-3.94601943692068,0.,-5.65500000000002));
#64340=DIRECTION('',(-0.0478051859951539,-0.998856678503963,
9.74914593498966E-16));
#64350=VECTOR('',#64340,1.);
#64360=LINE('',#64330,#64350);
#64370=CARTESIAN_POINT('',(-3.89311801710754,1.10533899999996,
-5.65500000000002));
#64380=VERTEX_POINT('',#64370);
#64390=EDGE_CURVE('',#64300,#64380,#64360,.T.);
#64400=ORIENTED_EDGE('',*,*,#64390,.F.);
#64410=CARTESIAN_POINT('',(-3.89311801710755,1.10533899999996,0.));
#64420=DIRECTION('',(-4.89842541528951E-16,7.34763812293426E-16,1.));
#64430=VECTOR('',#64420,1.);
#64440=LINE('',#64410,#64430);
#64450=EDGE_CURVE('',#64380,#31240,#64440,.T.);
#64460=ORIENTED_EDGE('',*,*,#64450,.F.);
#64470=EDGE_LOOP('',(#64460,#64400,#64320,#64240));
#64480=FACE_OUTER_BOUND('',#64470,.T.);
#64490=ADVANCED_FACE('',(#64480),#64230,.T.);
#64500=CARTESIAN_POINT('',(-2.62860368742196,1.12085358585773,
-2.25277578828196));
#64510=DIRECTION('',(0.998856678503963,0.0478051859951587,
1.30871091490535E-16));
#64520=DIRECTION('',(-0.0478051859951587,0.998856678503963,
-7.57340754838453E-16));
#64530=AXIS2_PLACEMENT_3D('',#64500,#64510,#64520);
#64540=PLANE('',#64530);
#64550=CARTESIAN_POINT('',(-2.57495974099957,0.,-2.05500000000002));
#64560=DIRECTION('',(-0.0478051859951633,0.998856678503962,
-7.84095011141517E-16));
#64570=VECTOR('',#64560,1.);
#64580=LINE('',#64550,#64570);
#64590=CARTESIAN_POINT('',(-2.62786116081276,1.10533900000005,
-2.05500000000002));
#64600=VERTEX_POINT('',#64590);
#64610=EDGE_CURVE('',#64600,#60130,#64580,.T.);
#64620=ORIENTED_EDGE('',*,*,#64610,.F.);
#64630=ORIENTED_EDGE('',*,*,#60340,.F.);
#64640=CARTESIAN_POINT('',(-2.57495974099957,0.,-1.80500000000001));
#64650=DIRECTION('',(0.0478051859951633,-0.998856678503962,
4.9960036108132E-16));
#64660=VECTOR('',#64650,1.);
#64670=LINE('',#64640,#64660);
#64680=CARTESIAN_POINT('',(-2.62786116081276,1.10533900000005,
-1.80500000000001));
#64690=VERTEX_POINT('',#64680);
#64700=EDGE_CURVE('',#60270,#64690,#64670,.T.);
#64710=ORIENTED_EDGE('',*,*,#64700,.F.);
#64720=CARTESIAN_POINT('',(-2.62786116081276,1.10533900000005,0.));
#64730=DIRECTION('',(-1.66186616931225E-16,7.34763812293425E-16,1.));
#64740=VECTOR('',#64730,1.);
#64750=LINE('',#64720,#64740);
#64760=EDGE_CURVE('',#64600,#64690,#64750,.T.);
#64770=ORIENTED_EDGE('',*,*,#64760,.T.);
#64780=EDGE_LOOP('',(#64770,#64710,#64630,#64620));
#64790=FACE_OUTER_BOUND('',#64780,.T.);
#64800=ADVANCED_FACE('',(#64790),#64540,.F.);
#64810=CARTESIAN_POINT('',(-2.63042592347532,1.15892796238874,
-4.79000000000001));
#64820=DIRECTION('',(-0.0478051859951587,0.998856678503963,
-7.57340754838453E-16));
#64830=DIRECTION('',(2.4534114631644E-16,-7.46465625902677E-16,-1.));
#64840=AXIS2_PLACEMENT_3D('',#64810,#64820,#64830);
#64850=PLANE('',#64840);
#64860=ORIENTED_EDGE('',*,*,#54210,.F.);
#64870=EDGE_CURVE('',#29070,#60780,#10270,.T.);
#64880=ORIENTED_EDGE('',*,*,#64870,.F.);
#64890=CARTESIAN_POINT('',(-2.80619597048116,1.15051562459262,
-4.85500000000002));
#64900=DIRECTION('',(0.998856678503963,0.0478051859951587,
6.07071179419843E-15));
#64910=VECTOR('',#64900,1.);
#64920=LINE('',#64890,#64910);
#64930=CARTESIAN_POINT('',(-2.55048958896018,1.16275370778496,
-4.85500000000002));
#64940=VERTEX_POINT('',#64930);
#64950=EDGE_CURVE('',#60780,#64940,#64920,.T.);
#64960=ORIENTED_EDGE('',*,*,#64950,.F.);
#64970=CARTESIAN_POINT('',(-2.55048958896018,1.16275370778496,
-5.06000000000001));
#64980=DIRECTION('',(-4.89842541528951E-16,7.34763812293426E-16,1.));
#64990=VECTOR('',#64980,1.);
#65000=LINE('',#64970,#64990);
#65010=EDGE_CURVE('',#54200,#64940,#65000,.T.);
#65020=ORIENTED_EDGE('',*,*,#65010,.T.);
#65030=EDGE_LOOP('',(#65020,#64960,#64880,#64860));
#65040=FACE_OUTER_BOUND('',#65030,.T.);
#65050=ADVANCED_FACE('',(#65040),#64850,.F.);
#65060=CARTESIAN_POINT('',(-3.97048958896016,1.16217151036779,
-4.73000000000002));
#65070=DIRECTION('',(-1.,1.43185159909298E-15,-7.34763812293427E-16));
#65080=DIRECTION('',(-1.43185159909298E-15,-1.,4.8984254152895E-16));
#65090=AXIS2_PLACEMENT_3D('',#65060,#65070,#65080);
#65100=PLANE('',#65090);
#65110=CARTESIAN_POINT('',(-3.97048958896016,1.25533900000002,0.));
#65120=DIRECTION('',(7.34763812293426E-16,-9.79685083057902E-16,-1.));
#65130=VECTOR('',#65120,1.);
#65140=LINE('',#65110,#65130);
#65150=CARTESIAN_POINT('',(-3.97048958896018,1.25533900000001,
-4.45500000000002));
#65160=VERTEX_POINT('',#65150);
#65170=CARTESIAN_POINT('',(-3.97048958896016,1.25533900000001,
-4.60500000000002));
#65180=VERTEX_POINT('',#65170);
#65190=EDGE_CURVE('',#65160,#65180,#65140,.T.);
#65200=ORIENTED_EDGE('',*,*,#65190,.T.);
#65210=CARTESIAN_POINT('',(-3.97048958896016,0.765930490838863,
-4.45500000000002));
#65220=DIRECTION('',(-1.43185159909298E-15,-1.,9.79685083057902E-16));
#65230=VECTOR('',#65220,1.);
#65240=LINE('',#65210,#65230);
#65250=CARTESIAN_POINT('',(-3.97048958896016,1.16275370778497,
-4.45500000000002));
#65260=VERTEX_POINT('',#65250);
#65270=EDGE_CURVE('',#65160,#65260,#65240,.T.);
#65280=ORIENTED_EDGE('',*,*,#65270,.F.);
#65290=CARTESIAN_POINT('',(-3.97048958896016,1.16275370778497,
-4.66000000000002));
#65300=DIRECTION('',(7.34763812293426E-16,-7.46485721106813E-16,-1.));
#65310=VECTOR('',#65300,1.);
#65320=LINE('',#65290,#65310);
#65330=CARTESIAN_POINT('',(-3.97048958896016,1.16275370778497,
-4.60500000000001));
#65340=VERTEX_POINT('',#65330);
#65350=EDGE_CURVE('',#65260,#65340,#65320,.T.);
#65360=ORIENTED_EDGE('',*,*,#65350,.F.);
#65370=CARTESIAN_POINT('',(-3.97048958896016,0.765930490838863,
-4.60500000000001));
#65380=DIRECTION('',(-1.43185159909298E-15,-1.,4.89842541528951E-16));
#65390=VECTOR('',#65380,1.);
#65400=LINE('',#65370,#65390);
#65410=EDGE_CURVE('',#65180,#65340,#65400,.T.);
#65420=ORIENTED_EDGE('',*,*,#65410,.T.);
#65430=EDGE_LOOP('',(#65420,#65360,#65280,#65200));
#65440=FACE_OUTER_BOUND('',#65430,.T.);
#65450=ADVANCED_FACE('',(#65440),#65100,.T.);
#65460=CARTESIAN_POINT('',(-2.73048958896015,1.10533900000005,
0.194999999999998));
#65470=DIRECTION('',(-9.46986586518801E-16,-1.,2.6193037260354E-31));
#65480=DIRECTION('',(1.,-9.46986586518801E-16,-2.44921270764475E-16));
#65490=AXIS2_PLACEMENT_3D('',#65460,#65470,#65480);
#65500=PLANE('',#65490);
#65510=CARTESIAN_POINT('',(0.,1.10533900000004,0.194999999999998));
#65520=DIRECTION('',(-1.,9.46986586518801E-16,-5.17367703542127E-16));
#65530=VECTOR('',#65520,1.);
#65540=LINE('',#65510,#65530);
#65550=EDGE_CURVE('',#23290,#20570,#65540,.T.);
#65560=ORIENTED_EDGE('',*,*,#65550,.F.);
#65570=ORIENTED_EDGE('',*,*,#20580,.F.);
#65580=ORIENTED_EDGE('',*,*,#22790,.F.);
#65590=ORIENTED_EDGE('',*,*,#23300,.T.);
#65600=EDGE_LOOP('',(#65590,#65580,#65570,#65560));
#65610=FACE_OUTER_BOUND('',#65600,.T.);
#65620=ADVANCED_FACE('',(#65610),#65500,.F.);
#65630=CARTESIAN_POINT('',(-3.79048958896018,1.25073313569167,
-1.08684397342023));
#65640=DIRECTION('',(-1.,-1.22460635382234E-16,5.11977682188428E-15));
#65650=DIRECTION('',(1.22460635382238E-16,-1.,7.34763812293426E-16));
#65660=AXIS2_PLACEMENT_3D('',#65630,#65640,#65650);
#65670=PLANE('',#65660);
#65680=CARTESIAN_POINT('',(-3.79048958896018,1.15533899999987,0.));
#65690=DIRECTION('',(-5.11977682188428E-15,-6.34438317570671E-15,-1.));
#65700=VECTOR('',#65690,1.);
#65710=LINE('',#65680,#65700);
#65720=CARTESIAN_POINT('',(-3.79048958896018,1.15533899999986,
-1.00500000000002));
#65730=VERTEX_POINT('',#65720);
#65740=EDGE_CURVE('',#65730,#32750,#65710,.T.);
#65750=ORIENTED_EDGE('',*,*,#65740,.F.);
#65760=ORIENTED_EDGE('',*,*,#33630,.F.);
#65770=CARTESIAN_POINT('',(-3.79048958896013,1.32533899999994,
-1.00500000000001));
#65780=VERTEX_POINT('',#65770);
#65790=EDGE_CURVE('',#65780,#33560,#22130,.T.);
#65800=ORIENTED_EDGE('',*,*,#65790,.T.);
#65810=CARTESIAN_POINT('',(-3.79048958896012,0.,-1.00500000000001));
#65820=DIRECTION('',(-4.68706735088986E-15,1.,-9.79685083057902E-16));
#65830=VECTOR('',#65820,1.);
#65840=LINE('',#65810,#65830);
#65850=EDGE_CURVE('',#65730,#65780,#65840,.T.);
#65860=ORIENTED_EDGE('',*,*,#65850,.T.);
#65870=EDGE_LOOP('',(#65860,#65800,#65760,#65750));
#65880=FACE_OUTER_BOUND('',#65870,.T.);
#65890=ADVANCED_FACE('',(#65880),#65670,.T.);
#65900=CARTESIAN_POINT('',(-3.8919650229986,1.1294300236422,
-0.783194464356865));
#65910=DIRECTION('',(-0.998856678503963,0.0478051859951585,
-5.24408014730746E-16));
#65920=DIRECTION('',(-0.0478051859951585,-0.998856678503963,
7.10506727226188E-16));
#65930=AXIS2_PLACEMENT_3D('',#65900,#65910,#65920);
#65940=PLANE('',#65930);
#65950=ORIENTED_EDGE('',*,*,#32920,.F.);
#65960=CARTESIAN_POINT('',(-3.89311801710755,1.10533899999996,0.));
#65970=DIRECTION('',(-4.89842541528951E-16,7.34763812293426E-16,1.));
#65980=VECTOR('',#65970,1.);
#65990=LINE('',#65960,#65980);
#66000=CARTESIAN_POINT('',(-3.89311801710755,1.10533899999996,
-1.00500000000001));
#66010=VERTEX_POINT('',#66000);
#66020=EDGE_CURVE('',#32830,#66010,#65990,.T.);
#66030=ORIENTED_EDGE('',*,*,#66020,.F.);
#66040=CARTESIAN_POINT('',(-3.94601943692069,0.,-1.00500000000001));
#66050=DIRECTION('',(-0.0478051859951539,-0.998856678503963,
9.74914593498966E-16));
#66060=VECTOR('',#66050,1.);
#66070=LINE('',#66040,#66060);
#66080=CARTESIAN_POINT('',(-3.89055325444502,1.15892796238871,
-1.00500000000002));
#66090=VERTEX_POINT('',#66080);
#66100=EDGE_CURVE('',#66090,#66010,#66070,.T.);
#66110=ORIENTED_EDGE('',*,*,#66100,.T.);
#66120=CARTESIAN_POINT('',(-3.89055325444502,1.15892796238871,0.));
#66130=DIRECTION('',(4.89842541528951E-16,-7.34763812293426E-16,-1.));
#66140=VECTOR('',#66130,1.);
#66150=LINE('',#66120,#66140);
#66160=EDGE_CURVE('',#66090,#32910,#66150,.T.);
#66170=ORIENTED_EDGE('',*,*,#66160,.F.);
#66180=EDGE_LOOP('',(#66170,#66110,#66030,#65950));
#66190=FACE_OUTER_BOUND('',#66180,.T.);
#66200=ADVANCED_FACE('',(#66190),#65940,.F.);
#66210=CARTESIAN_POINT('',(-2.22048958896017,1.33533900000001,
-2.60500000000001));
#66220=DIRECTION('',(-1.22460635382237E-16,1.,-7.34763812293426E-16));
#66230=DIRECTION('',(4.89842541528951E-16,-7.34763812293426E-16,-1.));
#66240=AXIS2_PLACEMENT_3D('',#66210,#66220,#66230);
#66250=PLANE('',#66240);
#66260=CARTESIAN_POINT('',(-3.73147885254274,1.33533900000001,
-2.60500000000001));
#66270=DIRECTION('',(1.,1.22460635382238E-16,2.44921270764476E-16));
#66280=VECTOR('',#66270,1.);
#66290=LINE('',#66260,#66280);
#66300=CARTESIAN_POINT('',(-2.70048958896017,1.33533900000001,
-2.60500000000001));
#66310=VERTEX_POINT('',#66300);
#66320=CARTESIAN_POINT('',(-2.27048958896017,1.33533900000001,
-2.60500000000001));
#66330=VERTEX_POINT('',#66320);
#66340=EDGE_CURVE('',#66310,#66330,#66290,.T.);
#66350=ORIENTED_EDGE('',*,*,#66340,.F.);
#66360=CARTESIAN_POINT('',(-2.27048958896017,1.33533900000001,
-2.66000000000001));
#66370=DIRECTION('',(4.89842541528951E-16,-7.34763812293426E-16,-1.));
#66380=VECTOR('',#66370,1.);
#66390=LINE('',#66360,#66380);
#66400=CARTESIAN_POINT('',(-2.27048958896017,1.33533900000001,
-2.45500000000002));
#66410=VERTEX_POINT('',#66400);
#66420=EDGE_CURVE('',#66410,#66330,#66390,.T.);
#66430=ORIENTED_EDGE('',*,*,#66420,.T.);
#66440=CARTESIAN_POINT('',(-3.73147885254274,1.33533900000001,
-2.45500000000002));
#66450=DIRECTION('',(-1.,-1.22460635382238E-16,-2.44921270764476E-16));
#66460=VECTOR('',#66450,1.);
#66470=LINE('',#66440,#66460);
#66480=CARTESIAN_POINT('',(-2.70048958896017,1.33533900000001,
-2.45500000000002));
#66490=VERTEX_POINT('',#66480);
#66500=EDGE_CURVE('',#66410,#66490,#66470,.T.);
#66510=ORIENTED_EDGE('',*,*,#66500,.F.);
#66520=CARTESIAN_POINT('',(-2.70048958896017,1.33533900000001,
-2.66000000000001));
#66530=DIRECTION('',(2.44921270764476E-16,-7.34763812293426E-16,-1.));
#66540=VECTOR('',#66530,1.);
#66550=LINE('',#66520,#66540);
#66560=EDGE_CURVE('',#66490,#66310,#66550,.T.);
#66570=ORIENTED_EDGE('',*,*,#66560,.F.);
#66580=EDGE_LOOP('',(#66570,#66510,#66430,#66350));
#66590=FACE_OUTER_BOUND('',#66580,.T.);
#66600=ADVANCED_FACE('',(#66590),#66250,.T.);
#66610=CARTESIAN_POINT('',(-2.63042592347532,1.15892796238875,
-0.790000000000014));
#66620=DIRECTION('',(-0.0478051859951587,0.998856678503963,
-7.57340754838453E-16));
#66630=DIRECTION('',(2.4534114631644E-16,-7.46465625902677E-16,-1.));
#66640=AXIS2_PLACEMENT_3D('',#66610,#66620,#66630);
#66650=PLANE('',#66640);
#66660=CARTESIAN_POINT('',(-2.80619597048117,1.15051562459262,
-1.00500000000001));
#66670=DIRECTION('',(-0.998856678503963,-0.0478051859951587,
-2.21224233204641E-16));
#66680=VECTOR('',#66670,1.);
#66690=LINE('',#66660,#66680);
#66700=CARTESIAN_POINT('',(-2.55048958896018,1.16275370778496,
-1.00500000000001));
#66710=VERTEX_POINT('',#66700);
#66720=CARTESIAN_POINT('',(-2.550517389195,1.16275237726833,
-1.00500000000001));
#66730=VERTEX_POINT('',#66720);
#66740=EDGE_CURVE('',#66710,#66730,#66690,.T.);
#66750=ORIENTED_EDGE('',*,*,#66740,.F.);
#66760=EDGE_CURVE('',#66730,#49370,#10270,.T.);
#66770=ORIENTED_EDGE('',*,*,#66760,.F.);
#66780=CARTESIAN_POINT('',(-2.80619597048117,1.15051562459262,
-0.855000000000017));
#66790=DIRECTION('',(0.998856678503963,0.0478051859951587,
6.07071179419843E-15));
#66800=VECTOR('',#66790,1.);
#66810=LINE('',#66780,#66800);
#66820=CARTESIAN_POINT('',(-2.55048958896018,1.16275370778496,
-0.855000000000016));
#66830=VERTEX_POINT('',#66820);
#66840=EDGE_CURVE('',#49370,#66830,#66810,.T.);
#66850=ORIENTED_EDGE('',*,*,#66840,.F.);
#66860=CARTESIAN_POINT('',(-2.55048958896018,1.16275370778496,
-1.06000000000001));
#66870=DIRECTION('',(-4.89842541528951E-16,7.34763812293426E-16,1.));
#66880=VECTOR('',#66870,1.);
#66890=LINE('',#66860,#66880);
#66900=EDGE_CURVE('',#66710,#66830,#66890,.T.);
#66910=ORIENTED_EDGE('',*,*,#66900,.T.);
#66920=EDGE_LOOP('',(#66910,#66850,#66770,#66750));
#66930=FACE_OUTER_BOUND('',#66920,.T.);
#66940=ADVANCED_FACE('',(#66930),#66650,.F.);
#66950=CARTESIAN_POINT('',(-2.73048958896017,1.09533900000001,
-4.20500000000001));
#66960=DIRECTION('',(-2.44921270764476E-16,4.89842541528951E-16,1.));
#66970=DIRECTION('',(-1.,-1.22460635382238E-16,-2.44921270764476E-16));
#66980=AXIS2_PLACEMENT_3D('',#66950,#66960,#66970);
#66990=PLANE('',#66980);
#67000=CARTESIAN_POINT('',(0.,-1.57515058896016,-4.20500000000001));
#67010=DIRECTION('',(-0.707106781186551,0.707106781186544,
-4.71844785465692E-16));
#67020=VECTOR('',#67010,1.);
#67030=LINE('',#67000,#67020);
#67040=CARTESIAN_POINT('',(-2.68048958896016,1.10533899999997,
-4.20500000000001));
#67050=VERTEX_POINT('',#67040);
#67060=CARTESIAN_POINT('',(-2.73048958896012,1.15533899999993,
-4.20500000000001));
#67070=VERTEX_POINT('',#67060);
#67080=EDGE_CURVE('',#67050,#67070,#67030,.T.);
#67090=ORIENTED_EDGE('',*,*,#67080,.T.);
#67100=CARTESIAN_POINT('',(0.,1.10533900000005,-4.20500000000001));
#67110=DIRECTION('',(-1.,9.46986586518801E-16,-2.44921270764476E-16));
#67120=VECTOR('',#67110,1.);
#67130=LINE('',#67100,#67120);
#67140=CARTESIAN_POINT('',(-2.62786116081276,1.10533900000005,-4.205));
#67150=VERTEX_POINT('',#67140);
#67160=EDGE_CURVE('',#67150,#67050,#67130,.T.);
#67170=ORIENTED_EDGE('',*,*,#67160,.T.);
#67180=CARTESIAN_POINT('',(-2.57495974099957,0.,-4.20500000000001));
#67190=DIRECTION('',(0.0478051859951633,-0.998856678503962,
4.9960036108132E-16));
#67200=VECTOR('',#67190,1.);
#67210=LINE('',#67180,#67200);
#67220=CARTESIAN_POINT('',(-2.63042592347529,1.15892796238875,-4.205));
#67230=VERTEX_POINT('',#67220);
#67240=EDGE_CURVE('',#67230,#67150,#67210,.T.);
#67250=ORIENTED_EDGE('',*,*,#67240,.T.);
#67260=CARTESIAN_POINT('',(0.,1.28481989786295,-4.20500000000001));
#67270=DIRECTION('',(-0.998856678503962,-0.0478051859951633,
-2.22044604925031E-16));
#67280=VECTOR('',#67270,1.);
#67290=LINE('',#67260,#67280);
#67300=CARTESIAN_POINT('',(-2.550517389195,1.16275237726832,-4.205));
#67310=VERTEX_POINT('',#67300);
#67320=EDGE_CURVE('',#67310,#67230,#67290,.T.);
#67330=ORIENTED_EDGE('',*,*,#67320,.T.);
#67340=CARTESIAN_POINT('',(-3.71478320743917,1.10703072551715,-4.205));
#67350=DIRECTION('',(-0.998856678503963,-0.0478051859951557,
-2.35581815339273E-16));
#67360=VECTOR('',#67350,1.);
#67370=LINE('',#67340,#67360);
#67380=CARTESIAN_POINT('',(-2.55048958896018,1.16275370778497,-4.205));
#67390=VERTEX_POINT('',#67380);
#67400=EDGE_CURVE('',#67390,#67310,#67370,.T.);
#67410=ORIENTED_EDGE('',*,*,#67400,.T.);
#67420=CARTESIAN_POINT('',(-2.55048958896018,0.765930490838862,-4.205));
#67430=DIRECTION('',(1.67677286985746E-15,-1.,2.44921270764476E-16));
#67440=VECTOR('',#67430,1.);
#67450=LINE('',#67420,#67440);
#67460=CARTESIAN_POINT('',(-2.55048958896016,1.25533900000001,
-4.20500000000001));
#67470=VERTEX_POINT('',#67460);
#67480=EDGE_CURVE('',#67470,#67390,#67450,.T.);
#67490=ORIENTED_EDGE('',*,*,#67480,.T.);
#67500=CARTESIAN_POINT('',(-3.73147885254274,1.25533900000001,
-4.20500000000001));
#67510=DIRECTION('',(-1.,-1.22460635382238E-16,-2.44921270764476E-16));
#67520=VECTOR('',#67510,1.);
#67530=LINE('',#67500,#67520);
#67540=CARTESIAN_POINT('',(-2.27048958896017,1.25533900000001,
-4.20500000000001));
#67550=VERTEX_POINT('',#67540);
#67560=EDGE_CURVE('',#67550,#67470,#67530,.T.);
#67570=ORIENTED_EDGE('',*,*,#67560,.T.);
#67580=CARTESIAN_POINT('',(-2.27048958896017,0.125490534175955,
-4.20500000000001));
#67590=DIRECTION('',(1.22460635382238E-16,-1.,4.89842541528951E-16));
#67600=VECTOR('',#67590,1.);
#67610=LINE('',#67580,#67600);
#67620=CARTESIAN_POINT('',(-2.27048958896017,1.33533900000001,
-4.20500000000001));
#67630=VERTEX_POINT('',#67620);
#67640=EDGE_CURVE('',#67630,#67550,#67610,.T.);
#67650=ORIENTED_EDGE('',*,*,#67640,.T.);
#67660=CARTESIAN_POINT('',(-3.73147885254274,1.33533900000001,
-4.20500000000001));
#67670=DIRECTION('',(1.,1.22460635382238E-16,2.44921270764476E-16));
#67680=VECTOR('',#67670,1.);
#67690=LINE('',#67660,#67680);
#67700=EDGE_CURVE('',#32200,#67630,#67690,.T.);
#67710=ORIENTED_EDGE('',*,*,#67700,.T.);
#67720=ORIENTED_EDGE('',*,*,#32210,.T.);
#67730=CARTESIAN_POINT('',(0.,1.32533899999994,-4.20500000000001));
#67740=DIRECTION('',(-1.,-1.63507259138096E-15,-2.44921270764475E-16));
#67750=VECTOR('',#67740,1.);
#67760=LINE('',#67730,#67750);
#67770=CARTESIAN_POINT('',(-2.73048958896013,1.32533899999994,
-4.20500000000001));
#67780=VERTEX_POINT('',#67770);
#67790=EDGE_CURVE('',#67780,#32110,#67760,.T.);
#67800=ORIENTED_EDGE('',*,*,#67790,.T.);
#67810=CARTESIAN_POINT('',(-2.73048958896012,0.,-4.20500000000001));
#67820=DIRECTION('',(-4.68706735088986E-15,1.,-4.89842541528952E-16));
#67830=VECTOR('',#67820,1.);
#67840=LINE('',#67810,#67830);
#67850=EDGE_CURVE('',#67070,#67780,#67840,.T.);
#67860=ORIENTED_EDGE('',*,*,#67850,.T.);
#67870=EDGE_LOOP('',(#67860,#67800,#67720,#67710,#67650,#67570,#67490,
#67410,#67330,#67250,#67170,#67090));
#67880=FACE_OUTER_BOUND('',#67870,.T.);
#67890=ADVANCED_FACE('',(#67880),#66990,.F.);
#67900=CARTESIAN_POINT('',(-3.89055325444502,1.15892796238875,
-1.07000000000002));
#67910=DIRECTION('',(0.0478051859951555,0.998856678503963,
-7.1050672722619E-16));
#67920=DIRECTION('',(-9.78705480155711E-16,7.58160746218114E-16,1.));
#67930=AXIS2_PLACEMENT_3D('',#67900,#67910,#67920);
#67940=PLANE('',#67930);
#67950=CARTESIAN_POINT('',(-2.80619597048117,1.10703072551716,
-1.00500000000001));
#67960=DIRECTION('',(0.998856678503963,-0.0478051859951555,
2.68058260816905E-16));
#67970=VECTOR('',#67960,1.);
#67980=LINE('',#67950,#67970);
#67990=CARTESIAN_POINT('',(-3.97046178872531,1.16275237726836,
-1.00500000000002));
#68000=VERTEX_POINT('',#67990);
#68010=EDGE_CURVE('',#27680,#68000,#67980,.T.);
#68020=ORIENTED_EDGE('',*,*,#68010,.T.);
#68030=ORIENTED_EDGE('',*,*,#27690,.T.);
#68040=CARTESIAN_POINT('',(-2.80619597048117,1.10703072551716,
-0.855000000000017));
#68050=DIRECTION('',(0.998856678503963,-0.0478051859951555,
4.94831028438272E-17));
#68060=VECTOR('',#68050,1.);
#68070=LINE('',#68040,#68060);
#68080=EDGE_CURVE('',#27600,#25210,#68070,.T.);
#68090=ORIENTED_EDGE('',*,*,#68080,.F.);
#68100=CARTESIAN_POINT('',(-3.97046178872531,1.16275237726836,0.));
#68110=DIRECTION('',(-4.89842541528951E-16,7.34763812293426E-16,1.));
#68120=VECTOR('',#68110,1.);
#68130=LINE('',#68100,#68120);
#68140=EDGE_CURVE('',#68000,#25210,#68130,.T.);
#68150=ORIENTED_EDGE('',*,*,#68140,.T.);
#68160=EDGE_LOOP('',(#68150,#68090,#68030,#68020));
#68170=FACE_OUTER_BOUND('',#68160,.T.);
#68180=ADVANCED_FACE('',(#68170),#67940,.F.);
#68190=CARTESIAN_POINT('',(-2.73048958896013,1.25073313569164,
-0.373156026579807));
#68200=DIRECTION('',(1.,4.68706735088986E-15,-4.99731618650205E-15));
#68210=DIRECTION('',(4.68706735088987E-15,-1.,1.30533965173188E-15));
#68220=AXIS2_PLACEMENT_3D('',#68190,#68200,#68210);
#68230=PLANE('',#68220);
#68240=ORIENTED_EDGE('',*,*,#22860,.F.);
#68250=ORIENTED_EDGE('',*,*,#20420,.T.);
#68260=CARTESIAN_POINT('',(-2.73048958896012,0.,0.194999999999998));
#68270=DIRECTION('',(4.68706735088987E-15,-1.,1.30988325449253E-15));
#68280=VECTOR('',#68270,1.);
#68290=LINE('',#68260,#68280);
#68300=CARTESIAN_POINT('',(-2.73048958896013,1.32533899999994,
0.194999999999998));
#68310=VERTEX_POINT('',#68300);
#68320=EDGE_CURVE('',#68310,#20390,#68290,.T.);
#68330=ORIENTED_EDGE('',*,*,#68320,.T.);
#68340=CARTESIAN_POINT('',(-2.73048958896013,1.32533899999994,0.));
#68350=DIRECTION('',(4.99731618650205E-15,1.06496222204837E-29,1.));
#68360=VECTOR('',#68350,1.);
#68370=LINE('',#68340,#68360);
#68380=EDGE_CURVE('',#22390,#68310,#68370,.T.);
#68390=ORIENTED_EDGE('',*,*,#68380,.T.);
#68400=EDGE_LOOP('',(#68390,#68330,#68250,#68240));
#68410=FACE_OUTER_BOUND('',#68400,.T.);
#68420=ADVANCED_FACE('',(#68410),#68230,.T.);
#68430=CARTESIAN_POINT('',(-3.89055325444502,1.15892796238875,
-2.00000000000002));
#68440=DIRECTION('',(0.998856678503963,-0.0478051859951585,
3.4985508832348E-17));
#68450=DIRECTION('',(1.15684950262154E-17,9.73550805852666E-16,1.));
#68460=AXIS2_PLACEMENT_3D('',#68430,#68440,#68450);
#68470=PLANE('',#68460);
#68480=CARTESIAN_POINT('',(-3.94601943692068,0.,-2.45500000000002));
#68490=DIRECTION('',(-0.0478051859951539,-0.998856678503963,
9.74914593498966E-16));
#68500=VECTOR('',#68490,1.);
#68510=LINE('',#68480,#68500);
#68520=CARTESIAN_POINT('',(-3.89311801710755,1.10533899999996,
-2.45500000000002));
#68530=VERTEX_POINT('',#68520);
#68540=EDGE_CURVE('',#29370,#68530,#68510,.T.);
#68550=ORIENTED_EDGE('',*,*,#68540,.F.);
#68560=CARTESIAN_POINT('',(-3.89311801710755,1.10533899999996,0.));
#68570=DIRECTION('',(-4.89842541528951E-16,7.34763812293426E-16,1.));
#68580=VECTOR('',#68570,1.);
#68590=LINE('',#68560,#68580);
#68600=CARTESIAN_POINT('',(-3.89311801710755,1.10533899999996,
-2.20500000000002));
#68610=VERTEX_POINT('',#68600);
#68620=EDGE_CURVE('',#68530,#68610,#68590,.T.);
#68630=ORIENTED_EDGE('',*,*,#68620,.F.);
#68640=CARTESIAN_POINT('',(-3.94601943692068,0.,-2.20500000000002));
#68650=DIRECTION('',(-0.0478051859951539,-0.998856678503963,
4.82253126321552E-16));
#68660=VECTOR('',#68650,1.);
#68670=LINE('',#68640,#68660);
#68680=EDGE_CURVE('',#29390,#68610,#68670,.T.);
#68690=ORIENTED_EDGE('',*,*,#68680,.T.);
#68700=ORIENTED_EDGE('',*,*,#29400,.T.);
#68710=EDGE_LOOP('',(#68700,#68690,#68630,#68550));
#68720=FACE_OUTER_BOUND('',#68710,.T.);
#68730=ADVANCED_FACE('',(#68720),#68470,.T.);
#68740=CARTESIAN_POINT('',(-3.79048958896017,1.15533899999987,0.));
#68750=DIRECTION('',(-5.11977682188428E-15,-6.34438317570671E-15,-1.));
#68760=VECTOR('',#68750,1.);
#68770=LINE('',#68740,#68760);
#68780=CARTESIAN_POINT('',(-3.79048958896013,1.15533899999991,
-1.80500000000001));
#68790=VERTEX_POINT('',#68780);
#68800=CARTESIAN_POINT('',(-3.79048958896018,1.15533899999986,
-2.05500000000002));
#68810=VERTEX_POINT('',#68800);
#68820=EDGE_CURVE('',#68790,#68810,#68770,.T.);
#68830=ORIENTED_EDGE('',*,*,#68820,.F.);
#68840=CARTESIAN_POINT('',(-3.79048958896012,0.,-2.05500000000002));
#68850=DIRECTION('',(-4.68706735088986E-15,1.,-9.79685083057902E-16));
#68860=VECTOR('',#68850,1.);
#68870=LINE('',#68840,#68860);
#68880=CARTESIAN_POINT('',(-3.79048958896013,1.32533899999994,
-2.05500000000002));
#68890=VERTEX_POINT('',#68880);
#68900=EDGE_CURVE('',#68810,#68890,#68870,.T.);
#68910=ORIENTED_EDGE('',*,*,#68900,.F.);
#68920=CARTESIAN_POINT('',(-3.79048958896013,1.32533899999994,
-1.80500000000001));
#68930=VERTEX_POINT('',#68920);
#68940=EDGE_CURVE('',#68930,#68890,#22130,.T.);
#68950=ORIENTED_EDGE('',*,*,#68940,.T.);
#68960=CARTESIAN_POINT('',(-3.79048958896012,0.,-1.80500000000001));
#68970=DIRECTION('',(-4.68706735088986E-15,1.,-4.89842541528952E-16));
#68980=VECTOR('',#68970,1.);
#68990=LINE('',#68960,#68980);
#69000=EDGE_CURVE('',#68790,#68930,#68990,.T.);
#69010=ORIENTED_EDGE('',*,*,#69000,.T.);
#69020=EDGE_LOOP('',(#69010,#68950,#68910,#68830));
#69030=FACE_OUTER_BOUND('',#69020,.T.);
#69040=ADVANCED_FACE('',(#69030),#21910,.T.);
#69050=CARTESIAN_POINT('',(-2.22048958896017,1.25533900000001,
-0.855000000000015));
#69060=DIRECTION('',(1.22460635382238E-16,-1.,4.89842541528951E-16));
#69070=DIRECTION('',(-4.89842541528951E-16,4.89842541528951E-16,1.));
#69080=AXIS2_PLACEMENT_3D('',#69050,#69060,#69070);
#69090=PLANE('',#69080);
#69100=CARTESIAN_POINT('',(-3.73147885254274,1.25533900000001,
-0.855000000000017));
#69110=DIRECTION('',(-1.,-1.22460635382238E-16,-2.44921270764476E-16));
#69120=VECTOR('',#69110,1.);
#69130=LINE('',#69100,#69120);
#69140=CARTESIAN_POINT('',(-2.27048958896017,1.25533900000001,
-0.855000000000017));
#69150=VERTEX_POINT('',#69140);
#69160=CARTESIAN_POINT('',(-2.55048958896018,1.25533900000001,
-0.855000000000017));
#69170=VERTEX_POINT('',#69160);
#69180=EDGE_CURVE('',#69150,#69170,#69130,.T.);
#69190=ORIENTED_EDGE('',*,*,#69180,.T.);
#69200=CARTESIAN_POINT('',(-2.27048958896017,1.25533900000001,
-1.06000000000001));
#69210=DIRECTION('',(-4.89842541528951E-16,4.89842541528951E-16,1.));
#69220=VECTOR('',#69210,1.);
#69230=LINE('',#69200,#69220);
#69240=CARTESIAN_POINT('',(-2.27048958896017,1.25533900000001,
-1.00500000000001));
#69250=VERTEX_POINT('',#69240);
#69260=EDGE_CURVE('',#69250,#69150,#69230,.T.);
#69270=ORIENTED_EDGE('',*,*,#69260,.T.);
#69280=CARTESIAN_POINT('',(-3.73147885254274,1.25533900000001,
-1.00500000000002));
#69290=DIRECTION('',(-1.,-1.22460635382238E-16,-2.44921270764476E-16));
#69300=VECTOR('',#69290,1.);
#69310=LINE('',#69280,#69300);
#69320=CARTESIAN_POINT('',(-2.55048958896018,1.25533900000001,
-1.00500000000002));
#69330=VERTEX_POINT('',#69320);
#69340=EDGE_CURVE('',#69250,#69330,#69310,.T.);
#69350=ORIENTED_EDGE('',*,*,#69340,.F.);
#69360=CARTESIAN_POINT('',(-2.55048958896018,1.25533900000001,0.));
#69370=DIRECTION('',(-4.89842541528951E-16,4.89842541528951E-16,1.));
#69380=VECTOR('',#69370,1.);
#69390=LINE('',#69360,#69380);
#69400=EDGE_CURVE('',#69330,#69170,#69390,.T.);
#69410=ORIENTED_EDGE('',*,*,#69400,.F.);
#69420=EDGE_LOOP('',(#69410,#69350,#69270,#69190));
#69430=FACE_OUTER_BOUND('',#69420,.T.);
#69440=ADVANCED_FACE('',(#69430),#69090,.T.);
#69450=CARTESIAN_POINT('',(-2.70048958896017,1.17533900000001,
-5.46000000000001));
#69460=DIRECTION('',(2.44921270764476E-16,-7.34763812293426E-16,-1.));
#69470=DIRECTION('',(1.22460635382238E-16,-1.,7.34763812293426E-16));
#69480=AXIS2_PLACEMENT_3D('',#69450,#69460,#69470);
#69490=CYLINDRICAL_SURFACE('',#69480,0.16);
#69500=CARTESIAN_POINT('',(-2.70048958896017,1.17533900000001,
-5.25500000000002));
#69510=DIRECTION('',(2.44921270764476E-16,-7.34763812293426E-16,-1.));
#69520=DIRECTION('',(1.22460635382238E-16,-1.,7.34763812293426E-16));
#69530=AXIS2_PLACEMENT_3D('',#69500,#69510,#69520);
#69540=CIRCLE('',#69530,0.16);
#69550=CARTESIAN_POINT('',(-2.75616723258867,1.32533899999994,
-5.25500000000002));
#69560=VERTEX_POINT('',#69550);
#69570=CARTESIAN_POINT('',(-2.70048958896017,1.33533900000001,
-5.25500000000002));
#69580=VERTEX_POINT('',#69570);
#69590=EDGE_CURVE('',#69560,#69580,#69540,.T.);
#69600=ORIENTED_EDGE('',*,*,#69590,.T.);
#69610=CARTESIAN_POINT('',(-2.75616723258867,1.32533899999994,
-5.46000000000001));
#69620=DIRECTION('',(2.44921270764476E-16,-7.34763812293426E-16,-1.));
#69630=VECTOR('',#69620,1.);
#69640=LINE('',#69610,#69630);
#69650=CARTESIAN_POINT('',(-2.75616723258867,1.32533899999994,
-5.40500000000001));
#69660=VERTEX_POINT('',#69650);
#69670=EDGE_CURVE('',#69560,#69660,#69640,.T.);
#69680=ORIENTED_EDGE('',*,*,#69670,.F.);
#69690=CARTESIAN_POINT('',(-2.70048958896017,1.17533900000001,
-5.40500000000001));
#69700=DIRECTION('',(2.44921270764476E-16,-7.34763812293426E-16,-1.));
#69710=DIRECTION('',(1.22460635382238E-16,-1.,7.34763812293426E-16));
#69720=AXIS2_PLACEMENT_3D('',#69690,#69700,#69710);
#69730=CIRCLE('',#69720,0.16);
#69740=CARTESIAN_POINT('',(-2.70048958896017,1.33533900000001,
-5.40500000000001));
#69750=VERTEX_POINT('',#69740);
#69760=EDGE_CURVE('',#69660,#69750,#69730,.T.);
#69770=ORIENTED_EDGE('',*,*,#69760,.F.);
#69780=CARTESIAN_POINT('',(-2.70048958896017,1.33533900000001,
-5.46000000000001));
#69790=DIRECTION('',(2.44921270764476E-16,-7.34763812293426E-16,-1.));
#69800=VECTOR('',#69790,1.);
#69810=LINE('',#69780,#69800);
#69820=EDGE_CURVE('',#69580,#69750,#69810,.T.);
#69830=ORIENTED_EDGE('',*,*,#69820,.T.);
#69840=EDGE_LOOP('',(#69830,#69770,#69680,#69600));
#69850=FACE_OUTER_BOUND('',#69840,.T.);
#69860=ADVANCED_FACE('',(#69850),#69490,.T.);
#69870=CARTESIAN_POINT('',(-2.62860368742196,1.12085358585773,
-1.05277578828196));
#69880=DIRECTION('',(0.998856678503963,0.0478051859951587,
1.30871091490535E-16));
#69890=DIRECTION('',(-0.0478051859951587,0.998856678503963,
-7.57340754838453E-16));
#69900=AXIS2_PLACEMENT_3D('',#69870,#69880,#69890);
#69910=PLANE('',#69900);
#69920=CARTESIAN_POINT('',(-2.57495974099957,0.,-0.855000000000015));
#69930=DIRECTION('',(-0.0478051859951633,0.998856678503962,
-7.84095011141517E-16));
#69940=VECTOR('',#69930,1.);
#69950=LINE('',#69920,#69940);
#69960=CARTESIAN_POINT('',(-2.62786116081276,1.10533900000005,
-0.855000000000016));
#69970=VERTEX_POINT('',#69960);
#69980=EDGE_CURVE('',#69970,#49350,#69950,.T.);
#69990=ORIENTED_EDGE('',*,*,#69980,.F.);
#70000=ORIENTED_EDGE('',*,*,#49560,.F.);
#70010=ORIENTED_EDGE('',*,*,#58800,.F.);
#70020=CARTESIAN_POINT('',(-2.62786116081276,1.10533900000005,0.));
#70030=DIRECTION('',(-1.66186616931225E-16,7.34763812293425E-16,1.));
#70040=VECTOR('',#70030,1.);
#70050=LINE('',#70020,#70040);
#70060=EDGE_CURVE('',#69970,#58730,#70050,.T.);
#70070=ORIENTED_EDGE('',*,*,#70060,.T.);
#70080=EDGE_LOOP('',(#70070,#70010,#70000,#69990));
#70090=FACE_OUTER_BOUND('',#70080,.T.);
#70100=ADVANCED_FACE('',(#70090),#69910,.F.);
#70110=CARTESIAN_POINT('',(-3.79048958896017,1.09533900000002,
-4.45500000000002));
#70120=DIRECTION('',(1.09290235449198E-31,-9.79685083057902E-16,-1.));
#70130=DIRECTION('',(1.,1.22460635382237E-16,-1.06826222965723E-32));
#70140=AXIS2_PLACEMENT_3D('',#70110,#70120,#70130);
#70150=PLANE('',#70140);
#70160=ORIENTED_EDGE('',*,*,#59980,.T.);
#70170=CARTESIAN_POINT('',(0.,1.10533899999993,-4.45500000000002));
#70180=DIRECTION('',(1.,4.68706735088987E-15,-4.33873497871557E-30));
#70190=VECTOR('',#70180,1.);
#70200=LINE('',#70170,#70190);
#70210=EDGE_CURVE('',#21750,#59910,#70200,.T.);
#70220=ORIENTED_EDGE('',*,*,#70210,.T.);
#70230=ORIENTED_EDGE('',*,*,#21760,.T.);
#70240=CARTESIAN_POINT('',(0.,0.972726452246773,-4.45500000000002));
#70250=DIRECTION('',(0.998856678503963,-0.0478051859951539,
4.5102810375397E-17));
#70260=VECTOR('',#70250,1.);
#70270=LINE('',#70240,#70260);
#70280=CARTESIAN_POINT('',(-3.97046178872531,1.16275237726831,
-4.45500000000002));
#70290=VERTEX_POINT('',#70280);
#70300=EDGE_CURVE('',#70290,#21670,#70270,.T.);
#70310=ORIENTED_EDGE('',*,*,#70300,.T.);
#70320=CARTESIAN_POINT('',(-2.80619597048116,1.10703072551716,
-4.45500000000002));
#70330=DIRECTION('',(0.998856678503963,-0.0478051859951555,
4.94831028438272E-17));
#70340=VECTOR('',#70330,1.);
#70350=LINE('',#70320,#70340);
#70360=EDGE_CURVE('',#65260,#70290,#70350,.T.);
#70370=ORIENTED_EDGE('',*,*,#70360,.T.);
#70380=ORIENTED_EDGE('',*,*,#65270,.T.);
#70390=CARTESIAN_POINT('',(-2.78950032537759,1.25533900000002,
-4.45500000000002));
#70400=DIRECTION('',(1.,1.22460635382237E-16,-1.06826222965723E-32));
#70410=VECTOR('',#70400,1.);
#70420=LINE('',#70390,#70410);
#70430=CARTESIAN_POINT('',(-4.25048958896017,1.25533900000002,
-4.45500000000002));
#70440=VERTEX_POINT('',#70430);
#70450=EDGE_CURVE('',#70440,#65160,#70420,.T.);
#70460=ORIENTED_EDGE('',*,*,#70450,.T.);
#70470=CARTESIAN_POINT('',(-4.25048958896017,0.12549053417596,
-4.45500000000002));
#70480=DIRECTION('',(1.22460635382237E-16,-1.,9.79685083057902E-16));
#70490=VECTOR('',#70480,1.);
#70500=LINE('',#70470,#70490);
#70510=EDGE_CURVE('',#16170,#70440,#70500,.T.);
#70520=ORIENTED_EDGE('',*,*,#70510,.T.);
#70530=ORIENTED_EDGE('',*,*,#16180,.T.);
#70540=ORIENTED_EDGE('',*,*,#23180,.T.);
#70550=CARTESIAN_POINT('',(0.,1.32533899999994,-4.45500000000002));
#70560=DIRECTION('',(1.,1.63507259138096E-15,-1.28189897098414E-30));
#70570=VECTOR('',#70560,1.);
#70580=LINE('',#70550,#70570);
#70590=CARTESIAN_POINT('',(-3.79048958896013,1.32533899999994,
-4.45500000000002));
#70600=VERTEX_POINT('',#70590);
#70610=EDGE_CURVE('',#70600,#23100,#70580,.T.);
#70620=ORIENTED_EDGE('',*,*,#70610,.T.);
#70630=CARTESIAN_POINT('',(-3.79048958896012,0.,-4.45500000000002));
#70640=DIRECTION('',(-4.68706735088986E-15,1.,-9.79685083057902E-16));
#70650=VECTOR('',#70640,1.);
#70660=LINE('',#70630,#70650);
#70670=EDGE_CURVE('',#59820,#70600,#70660,.T.);
#70680=ORIENTED_EDGE('',*,*,#70670,.T.);
#70690=EDGE_LOOP('',(#70680,#70620,#70540,#70530,#70520,#70460,#70380,
#70370,#70310,#70230,#70220,#70160));
#70700=FACE_OUTER_BOUND('',#70690,.T.);
#70710=ADVANCED_FACE('',(#70700),#70150,.F.);
#70720=CARTESIAN_POINT('',(-2.73048958896018,1.25202840580254,
-1.47418934246964));
#70730=DIRECTION('',(1.,1.22460635382234E-16,-5.11977682188428E-15));
#70740=DIRECTION('',(-1.22460635382238E-16,1.,-7.34763812293426E-16));
#70750=AXIS2_PLACEMENT_3D('',#70720,#70730,#70740);
#70760=PLANE('',#70750);
#70770=CARTESIAN_POINT('',(-2.73048958896012,1.15533899999991,0.));
#70780=DIRECTION('',(4.89842541528977E-16,-6.34438317570668E-15,-1.));
#70790=VECTOR('',#70780,1.);
#70800=LINE('',#70770,#70790);
#70810=CARTESIAN_POINT('',(-2.73048958896012,1.1553389999999,
-1.00500000000001));
#70820=VERTEX_POINT('',#70810);
#70830=EDGE_CURVE('',#70820,#18500,#70800,.T.);
#70840=ORIENTED_EDGE('',*,*,#70830,.T.);
#70850=CARTESIAN_POINT('',(-2.73048958896012,0.,-1.00500000000001));
#70860=DIRECTION('',(-4.68706735088986E-15,1.,-4.89842541528952E-16));
#70870=VECTOR('',#70860,1.);
#70880=LINE('',#70850,#70870);
#70890=CARTESIAN_POINT('',(-2.73048958896013,1.32533899999994,
-1.00500000000001));
#70900=VERTEX_POINT('',#70890);
#70910=EDGE_CURVE('',#70820,#70900,#70880,.T.);
#70920=ORIENTED_EDGE('',*,*,#70910,.F.);
#70930=EDGE_CURVE('',#70900,#18580,#14390,.T.);
#70940=ORIENTED_EDGE('',*,*,#70930,.F.);
#70950=ORIENTED_EDGE('',*,*,#18590,.T.);
#70960=EDGE_LOOP('',(#70950,#70940,#70920,#70840));
#70970=FACE_OUTER_BOUND('',#70960,.T.);
#70980=ADVANCED_FACE('',(#70970),#70760,.T.);
#70990=CARTESIAN_POINT('',(-2.70548958896018,1.13033899999995,
-3.46750000000002));
#71000=DIRECTION('',(0.707106781186547,0.707106781186548,
-4.13978538315925E-15));
#71010=DIRECTION('',(0.707106781186548,-0.707106781186547,
-3.0593036896375E-15));
#71020=AXIS2_PLACEMENT_3D('',#70990,#71000,#71010);
#71030=PLANE('',#71020);
#71040=CARTESIAN_POINT('',(-2.73048958896012,1.15533899999991,0.));
#71050=DIRECTION('',(4.89842541528977E-16,-6.34438317570668E-15,-1.));
#71060=VECTOR('',#71050,1.);
#71070=LINE('',#71040,#71060);
#71080=CARTESIAN_POINT('',(-2.73048958896012,1.15533899999993,
-3.40500000000002));
#71090=VERTEX_POINT('',#71080);
#71100=CARTESIAN_POINT('',(-2.73048958896012,1.15533899999993,
-3.65500000000002));
#71110=VERTEX_POINT('',#71100);
#71120=EDGE_CURVE('',#71090,#71110,#71070,.T.);
#71130=ORIENTED_EDGE('',*,*,#71120,.F.);
#71140=CARTESIAN_POINT('',(0.,-1.57515058896016,-3.65500000000002));
#71150=DIRECTION('',(-0.707106781186551,0.707106781186544,
-4.71844785465692E-16));
#71160=VECTOR('',#71150,1.);
#71170=LINE('',#71140,#71160);
#71180=CARTESIAN_POINT('',(-2.68048958896016,1.10533899999997,
-3.65500000000002));
#71190=VERTEX_POINT('',#71180);
#71200=EDGE_CURVE('',#71190,#71110,#71170,.T.);
#71210=ORIENTED_EDGE('',*,*,#71200,.T.);
#71220=CARTESIAN_POINT('',(-2.68048958896014,1.10533899999995,0.));
#71230=DIRECTION('',(-4.89842541528951E-16,7.34763812293426E-16,1.));
#71240=VECTOR('',#71230,1.);
#71250=LINE('',#71220,#71240);
#71260=CARTESIAN_POINT('',(-2.68048958896016,1.10533899999997,
-3.40500000000002));
#71270=VERTEX_POINT('',#71260);
#71280=EDGE_CURVE('',#71190,#71270,#71250,.T.);
#71290=ORIENTED_EDGE('',*,*,#71280,.F.);
#71300=CARTESIAN_POINT('',(0.,-1.57515058896016,-3.40500000000002));
#71310=DIRECTION('',(-0.707106781186551,0.707106781186544,
-4.71844785465692E-16));
#71320=VECTOR('',#71310,1.);
#71330=LINE('',#71300,#71320);
#71340=EDGE_CURVE('',#71270,#71090,#71330,.T.);
#71350=ORIENTED_EDGE('',*,*,#71340,.F.);
#71360=EDGE_LOOP('',(#71350,#71290,#71210,#71130));
#71370=FACE_OUTER_BOUND('',#71360,.T.);
#71380=ADVANCED_FACE('',(#71370),#71030,.T.);
#71390=CARTESIAN_POINT('',(-3.89055325444502,1.15892796238875,
-2.40000000000002));
#71400=DIRECTION('',(0.998856678503963,-0.0478051859951585,
3.4985508832348E-17));
#71410=DIRECTION('',(1.15684950262154E-17,9.73550805852666E-16,1.));
#71420=AXIS2_PLACEMENT_3D('',#71390,#71400,#71410);
#71430=PLANE('',#71420);
#71440=CARTESIAN_POINT('',(-3.94601943692068,0.,-2.85500000000002));
#71450=DIRECTION('',(-0.0478051859951539,-0.998856678503963,
9.74914593498966E-16));
#71460=VECTOR('',#71450,1.);
#71470=LINE('',#71440,#71460);
#71480=CARTESIAN_POINT('',(-3.89055325444502,1.15892796238871,
-2.85500000000002));
#71490=VERTEX_POINT('',#71480);
#71500=CARTESIAN_POINT('',(-3.89311801710755,1.10533899999996,
-2.85500000000002));
#71510=VERTEX_POINT('',#71500);
#71520=EDGE_CURVE('',#71490,#71510,#71470,.T.);
#71530=ORIENTED_EDGE('',*,*,#71520,.F.);
#71540=CARTESIAN_POINT('',(-3.89311801710755,1.10533899999996,0.));
#71550=DIRECTION('',(-4.89842541528951E-16,7.34763812293426E-16,1.));
#71560=VECTOR('',#71550,1.);
#71570=LINE('',#71540,#71560);
#71580=CARTESIAN_POINT('',(-3.89311801710755,1.10533899999996,
-2.60500000000001));
#71590=VERTEX_POINT('',#71580);
#71600=EDGE_CURVE('',#71510,#71590,#71570,.T.);
#71610=ORIENTED_EDGE('',*,*,#71600,.F.);
#71620=CARTESIAN_POINT('',(-3.94601943692068,0.,-2.60500000000001));
#71630=DIRECTION('',(-0.0478051859951539,-0.998856678503963,
4.82253126321552E-16));
#71640=VECTOR('',#71630,1.);
#71650=LINE('',#71620,#71640);
#71660=CARTESIAN_POINT('',(-3.89055325444502,1.15892796238871,
-2.60500000000001));
#71670=VERTEX_POINT('',#71660);
#71680=EDGE_CURVE('',#71670,#71590,#71650,.T.);
#71690=ORIENTED_EDGE('',*,*,#71680,.T.);
#71700=CARTESIAN_POINT('',(-3.89055325444502,1.15892796238871,0.));
#71710=DIRECTION('',(-9.79602902190764E-19,7.11366878368739E-16,1.));
#71720=VECTOR('',#71710,1.);
#71730=LINE('',#71700,#71720);
#71740=EDGE_CURVE('',#71490,#71670,#71730,.T.);
#71750=ORIENTED_EDGE('',*,*,#71740,.T.);
#71760=EDGE_LOOP('',(#71750,#71690,#71610,#71530));
#71770=FACE_OUTER_BOUND('',#71760,.T.);
#71780=ADVANCED_FACE('',(#71770),#71430,.T.);
#71790=CARTESIAN_POINT('',(-3.97048958896016,1.16217151036779,
-2.33000000000002));
#71800=DIRECTION('',(-1.,1.43185159909298E-15,-7.34763812293427E-16));
#71810=DIRECTION('',(-1.43185159909298E-15,-1.,4.8984254152895E-16));
#71820=AXIS2_PLACEMENT_3D('',#71790,#71800,#71810);
#71830=PLANE('',#71820);
#71840=ORIENTED_EDGE('',*,*,#30420,.T.);
#71850=CARTESIAN_POINT('',(-3.97048958896016,0.765930490838865,
-2.05500000000002));
#71860=DIRECTION('',(-1.43185159909298E-15,-1.,9.79685083057902E-16));
#71870=VECTOR('',#71860,1.);
#71880=LINE('',#71850,#71870);
#71890=CARTESIAN_POINT('',(-3.97048958896016,1.16275370778497,
-2.05500000000002));
#71900=VERTEX_POINT('',#71890);
#71910=EDGE_CURVE('',#30350,#71900,#71880,.T.);
#71920=ORIENTED_EDGE('',*,*,#71910,.F.);
#71930=CARTESIAN_POINT('',(-3.97048958896016,1.16275370778497,
-2.26000000000002));
#71940=DIRECTION('',(7.34763812293426E-16,-7.46485721106813E-16,-1.));
#71950=VECTOR('',#71940,1.);
#71960=LINE('',#71930,#71950);
#71970=CARTESIAN_POINT('',(-3.97048958896016,1.16275370778497,
-2.20500000000002));
#71980=VERTEX_POINT('',#71970);
#71990=EDGE_CURVE('',#71900,#71980,#71960,.T.);
#72000=ORIENTED_EDGE('',*,*,#71990,.F.);
#72010=CARTESIAN_POINT('',(-3.97048958896016,0.765930490838865,
-2.20500000000002));
#72020=DIRECTION('',(-1.43185159909298E-15,-1.,4.89842541528951E-16));
#72030=VECTOR('',#72020,1.);
#72040=LINE('',#72010,#72030);
#72050=EDGE_CURVE('',#30190,#71980,#72040,.T.);
#72060=ORIENTED_EDGE('',*,*,#72050,.T.);
#72070=EDGE_LOOP('',(#72060,#72000,#71920,#71840));
#72080=FACE_OUTER_BOUND('',#72070,.T.);
#72090=ADVANCED_FACE('',(#72080),#71830,.T.);
#72100=CARTESIAN_POINT('',(-2.27048958896017,1.31533900000001,
-2.05500000000002));
#72110=DIRECTION('',(1.,1.22460635382238E-16,4.89842541528951E-16));
#72120=DIRECTION('',(1.22460635382238E-16,-1.,7.34763812293426E-16));
#72130=AXIS2_PLACEMENT_3D('',#72100,#72110,#72120);
#72140=PLANE('',#72130);
#72150=CARTESIAN_POINT('',(-2.27048958896017,1.25533900000001,
-2.26000000000002));
#72160=DIRECTION('',(-4.89842541528951E-16,4.89842541528951E-16,1.));
#72170=VECTOR('',#72160,1.);
#72180=LINE('',#72150,#72170);
#72190=CARTESIAN_POINT('',(-2.27048958896017,1.25533900000001,
-2.20500000000002));
#72200=VERTEX_POINT('',#72190);
#72210=CARTESIAN_POINT('',(-2.27048958896017,1.25533900000001,
-2.05500000000002));
#72220=VERTEX_POINT('',#72210);
#72230=EDGE_CURVE('',#72200,#72220,#72180,.T.);
#72240=ORIENTED_EDGE('',*,*,#72230,.F.);
#72250=CARTESIAN_POINT('',(-2.27048958896017,0.125490534175957,
-2.05500000000002));
#72260=DIRECTION('',(-1.22460635382238E-16,1.,-4.89842541528951E-16));
#72270=VECTOR('',#72260,1.);
#72280=LINE('',#72250,#72270);
#72290=CARTESIAN_POINT('',(-2.27048958896017,1.33533900000001,
-2.05500000000002));
#72300=VERTEX_POINT('',#72290);
#72310=EDGE_CURVE('',#72220,#72300,#72280,.T.);
#72320=ORIENTED_EDGE('',*,*,#72310,.F.);
#72330=CARTESIAN_POINT('',(-2.27048958896017,1.33533900000001,
-2.26000000000002));
#72340=DIRECTION('',(4.89842541528951E-16,-7.34763812293426E-16,-1.));
#72350=VECTOR('',#72340,1.);
#72360=LINE('',#72330,#72350);
#72370=CARTESIAN_POINT('',(-2.27048958896017,1.33533900000001,
-2.20500000000002));
#72380=VERTEX_POINT('',#72370);
#72390=EDGE_CURVE('',#72300,#72380,#72360,.T.);
#72400=ORIENTED_EDGE('',*,*,#72390,.F.);
#72410=CARTESIAN_POINT('',(-2.27048958896017,0.125490534175957,
-2.20500000000002));
#72420=DIRECTION('',(1.22460635382238E-16,-1.,4.89842541528951E-16));
#72430=VECTOR('',#72420,1.);
#72440=LINE('',#72410,#72430);
#72450=EDGE_CURVE('',#72380,#72200,#72440,.T.);
#72460=ORIENTED_EDGE('',*,*,#72450,.F.);
#72470=EDGE_LOOP('',(#72460,#72400,#72320,#72240));
#72480=FACE_OUTER_BOUND('',#72470,.T.);
#72490=ADVANCED_FACE('',(#72480),#72140,.T.);
#72500=CARTESIAN_POINT('',(-3.89055325444502,1.15892796238875,
-4.67000000000002));
#72510=DIRECTION('',(0.0478051859951555,0.998856678503963,
-7.1050672722619E-16));
#72520=DIRECTION('',(-9.78705480155711E-16,7.58160746218114E-16,1.));
#72530=AXIS2_PLACEMENT_3D('',#72500,#72510,#72520);
#72540=PLANE('',#72530);
#72550=CARTESIAN_POINT('',(-2.80619597048116,1.10703072551716,
-4.60500000000001));
#72560=DIRECTION('',(0.998856678503963,-0.0478051859951555,
2.68058260816905E-16));
#72570=VECTOR('',#72560,1.);
#72580=LINE('',#72550,#72570);
#72590=CARTESIAN_POINT('',(-3.97046178872531,1.16275237726836,
-4.60500000000001));
#72600=VERTEX_POINT('',#72590);
#72610=EDGE_CURVE('',#65340,#72600,#72580,.T.);
#72620=ORIENTED_EDGE('',*,*,#72610,.T.);
#72630=ORIENTED_EDGE('',*,*,#65350,.T.);
#72640=ORIENTED_EDGE('',*,*,#70360,.F.);
#72650=CARTESIAN_POINT('',(-3.97046178872531,1.16275237726836,0.));
#72660=DIRECTION('',(-4.89842541528951E-16,7.34763812293426E-16,1.));
#72670=VECTOR('',#72660,1.);
#72680=LINE('',#72650,#72670);
#72690=EDGE_CURVE('',#72600,#70290,#72680,.T.);
#72700=ORIENTED_EDGE('',*,*,#72690,.T.);
#72710=EDGE_LOOP('',(#72700,#72640,#72630,#72620));
#72720=FACE_OUTER_BOUND('',#72710,.T.);
#72730=ADVANCED_FACE('',(#72720),#72540,.F.);
#72740=CARTESIAN_POINT('',(-2.22048958896017,1.33533900000001,
-2.20500000000002));
#72750=DIRECTION('',(-1.22460635382237E-16,1.,-7.34763812293426E-16));
#72760=DIRECTION('',(4.89842541528951E-16,-7.34763812293426E-16,-1.));
#72770=AXIS2_PLACEMENT_3D('',#72740,#72750,#72760);
#72780=PLANE('',#72770);
#72790=CARTESIAN_POINT('',(-3.73147885254274,1.33533900000001,
-2.20500000000002));
#72800=DIRECTION('',(1.,1.22460635382238E-16,2.44921270764476E-16));
#72810=VECTOR('',#72800,1.);
#72820=LINE('',#72790,#72810);
#72830=CARTESIAN_POINT('',(-2.70048958896017,1.33533900000001,
-2.20500000000002));
#72840=VERTEX_POINT('',#72830);
#72850=EDGE_CURVE('',#72840,#72380,#72820,.T.);
#72860=ORIENTED_EDGE('',*,*,#72850,.F.);
#72870=ORIENTED_EDGE('',*,*,#72390,.T.);
#72880=CARTESIAN_POINT('',(-3.73147885254274,1.33533900000001,
-2.05500000000002));
#72890=DIRECTION('',(-1.,-1.22460635382238E-16,-2.44921270764476E-16));
#72900=VECTOR('',#72890,1.);
#72910=LINE('',#72880,#72900);
#72920=CARTESIAN_POINT('',(-2.70048958896017,1.33533900000001,
-2.05500000000002));
#72930=VERTEX_POINT('',#72920);
#72940=EDGE_CURVE('',#72300,#72930,#72910,.T.);
#72950=ORIENTED_EDGE('',*,*,#72940,.F.);
#72960=CARTESIAN_POINT('',(-2.70048958896017,1.33533900000001,
-2.26000000000002));
#72970=DIRECTION('',(2.44921270764476E-16,-7.34763812293426E-16,-1.));
#72980=VECTOR('',#72970,1.);
#72990=LINE('',#72960,#72980);
#73000=EDGE_CURVE('',#72930,#72840,#72990,.T.);
#73010=ORIENTED_EDGE('',*,*,#73000,.F.);
#73020=EDGE_LOOP('',(#73010,#72950,#72870,#72860));
#73030=FACE_OUTER_BOUND('',#73020,.T.);
#73040=ADVANCED_FACE('',(#73030),#72780,.T.);
#73050=CARTESIAN_POINT('',(0.,0.972726452246776,-1.00500000000001));
#73060=DIRECTION('',(0.998856678503963,-0.0478051859951539,
4.5102810375397E-17));
#73070=VECTOR('',#73060,1.);
#73080=LINE('',#73050,#73070);
#73090=EDGE_CURVE('',#68000,#66090,#73080,.T.);
#73100=ORIENTED_EDGE('',*,*,#73090,.T.);
#73110=CARTESIAN_POINT('',(-3.97046178872531,1.16275237726837,0.));
#73120=DIRECTION('',(-4.77294443600546E-16,9.96947739777356E-16,1.));
#73130=VECTOR('',#73120,1.);
#73140=LINE('',#73110,#73130);
#73150=EDGE_CURVE('',#32990,#68000,#73140,.T.);
#73160=ORIENTED_EDGE('',*,*,#73150,.T.);
#73170=ORIENTED_EDGE('',*,*,#33000,.F.);
#73180=ORIENTED_EDGE('',*,*,#66160,.T.);
#73190=EDGE_LOOP('',(#73180,#73170,#73160,#73100));
#73200=FACE_OUTER_BOUND('',#73190,.T.);
#73210=ADVANCED_FACE('',(#73200),#25060,.T.);
#73220=CARTESIAN_POINT('',(-2.73048958896018,1.25202840580254,
-2.27418934246964));
#73230=DIRECTION('',(1.,1.22460635382234E-16,-5.11977682188428E-15));
#73240=DIRECTION('',(-1.22460635382238E-16,1.,-7.34763812293426E-16));
#73250=AXIS2_PLACEMENT_3D('',#73220,#73230,#73240);
#73260=PLANE('',#73250);
#73270=CARTESIAN_POINT('',(-2.73048958896013,1.32533899999994,
-2.20500000000002));
#73280=VERTEX_POINT('',#73270);
#73290=CARTESIAN_POINT('',(-2.73048958896013,1.32533899999994,
-2.45500000000002));
#73300=VERTEX_POINT('',#73290);
#73310=EDGE_CURVE('',#73280,#73300,#14390,.T.);
#73320=ORIENTED_EDGE('',*,*,#73310,.F.);
#73330=CARTESIAN_POINT('',(-2.73048958896012,0.,-2.45500000000002));
#73340=DIRECTION('',(4.68706735088986E-15,-1.,4.89842541528971E-16));
#73350=VECTOR('',#73340,1.);
#73360=LINE('',#73330,#73350);
#73370=CARTESIAN_POINT('',(-2.73048958896012,1.15533899999989,
-2.45500000000001));
#73380=VERTEX_POINT('',#73370);
#73390=EDGE_CURVE('',#73300,#73380,#73360,.T.);
#73400=ORIENTED_EDGE('',*,*,#73390,.F.);
#73410=CARTESIAN_POINT('',(-2.73048958896012,1.15533899999991,0.));
#73420=DIRECTION('',(4.89842541528977E-16,-6.34438317570668E-15,-1.));
#73430=VECTOR('',#73420,1.);
#73440=LINE('',#73410,#73430);
#73450=CARTESIAN_POINT('',(-2.73048958896012,1.15533899999993,
-2.20500000000002));
#73460=VERTEX_POINT('',#73450);
#73470=EDGE_CURVE('',#73460,#73380,#73440,.T.);
#73480=ORIENTED_EDGE('',*,*,#73470,.T.);
#73490=CARTESIAN_POINT('',(-2.73048958896012,0.,-2.20500000000002));
#73500=DIRECTION('',(-4.68706735088986E-15,1.,-4.89842541528952E-16));
#73510=VECTOR('',#73500,1.);
#73520=LINE('',#73490,#73510);
#73530=EDGE_CURVE('',#73460,#73280,#73520,.T.);
#73540=ORIENTED_EDGE('',*,*,#73530,.F.);
#73550=EDGE_LOOP('',(#73540,#73480,#73400,#73320));
#73560=FACE_OUTER_BOUND('',#73550,.T.);
#73570=ADVANCED_FACE('',(#73560),#73260,.T.);
#73580=CARTESIAN_POINT('',(-2.55048958896018,1.10533899999996,
-2.73000000000001));
#73590=DIRECTION('',(1.22460635382237E-16,-1.,7.34763812293426E-16));
#73600=DIRECTION('',(5.11977682188428E-15,7.34763812293427E-16,1.));
#73610=AXIS2_PLACEMENT_3D('',#73580,#73590,#73600);
#73620=PLANE('',#73610);
#73630=CARTESIAN_POINT('',(-2.62786116081276,1.10533900000005,0.));
#73640=DIRECTION('',(-1.66186616931225E-16,7.34763812293425E-16,1.));
#73650=VECTOR('',#73640,1.);
#73660=LINE('',#73630,#73650);
#73670=CARTESIAN_POINT('',(-2.62786116081276,1.10533900000005,
-2.60500000000001));
#73680=VERTEX_POINT('',#73670);
#73690=EDGE_CURVE('',#46330,#73680,#73660,.T.);
#73700=ORIENTED_EDGE('',*,*,#73690,.F.);
#73710=CARTESIAN_POINT('',(0.,1.10533900000005,-2.60500000000001));
#73720=DIRECTION('',(-1.,9.46986586518801E-16,-2.44921270764476E-16));
#73730=VECTOR('',#73720,1.);
#73740=LINE('',#73710,#73730);
#73750=CARTESIAN_POINT('',(-2.68048958896016,1.10533899999997,
-2.60500000000001));
#73760=VERTEX_POINT('',#73750);
#73770=EDGE_CURVE('',#73680,#73760,#73740,.T.);
#73780=ORIENTED_EDGE('',*,*,#73770,.F.);
#73790=CARTESIAN_POINT('',(-2.68048958896015,1.10533899999996,0.));
#73800=DIRECTION('',(-4.89842541528951E-16,7.34763812293426E-16,1.));
#73810=VECTOR('',#73800,1.);
#73820=LINE('',#73790,#73810);
#73830=EDGE_CURVE('',#46410,#73760,#73820,.T.);
#73840=ORIENTED_EDGE('',*,*,#73830,.T.);
#73850=ORIENTED_EDGE('',*,*,#46420,.F.);
#73860=EDGE_LOOP('',(#73850,#73840,#73780,#73700));
#73870=FACE_OUTER_BOUND('',#73860,.T.);
#73880=ADVANCED_FACE('',(#73870),#73620,.F.);
#73890=CARTESIAN_POINT('',(-3.8919650229986,1.1294300236422,
-3.18319446435687));
#73900=DIRECTION('',(-0.998856678503963,0.0478051859951585,
-5.24408014730746E-16));
#73910=DIRECTION('',(-0.0478051859951585,-0.998856678503963,
7.10506727226188E-16));
#73920=AXIS2_PLACEMENT_3D('',#73890,#73900,#73910);
#73930=PLANE('',#73920);
#73940=ORIENTED_EDGE('',*,*,#51650,.F.);
#73950=CARTESIAN_POINT('',(-3.89311801710755,1.10533899999996,0.));
#73960=DIRECTION('',(-4.89842541528951E-16,7.34763812293426E-16,1.));
#73970=VECTOR('',#73960,1.);
#73980=LINE('',#73950,#73970);
#73990=CARTESIAN_POINT('',(-3.89311801710755,1.10533899999996,
-3.00500000000002));
#74000=VERTEX_POINT('',#73990);
#74010=EDGE_CURVE('',#51560,#74000,#73980,.T.);
#74020=ORIENTED_EDGE('',*,*,#74010,.F.);
#74030=CARTESIAN_POINT('',(-3.94601943692068,0.,-3.00500000000001));
#74040=DIRECTION('',(-0.0478051859951539,-0.998856678503963,
9.74914593498966E-16));
#74050=VECTOR('',#74040,1.);
#74060=LINE('',#74030,#74050);
#74070=CARTESIAN_POINT('',(-3.89055325444501,1.15892796238871,
-3.00500000000001));
#74080=VERTEX_POINT('',#74070);
#74090=EDGE_CURVE('',#74080,#74000,#74060,.T.);
#74100=ORIENTED_EDGE('',*,*,#74090,.T.);
#74110=CARTESIAN_POINT('',(-3.89055325444502,1.15892796238871,0.));
#74120=DIRECTION('',(4.89842541528951E-16,-7.34763812293426E-16,-1.));
#74130=VECTOR('',#74120,1.);
#74140=LINE('',#74110,#74130);
#74150=EDGE_CURVE('',#74080,#51640,#74140,.T.);
#74160=ORIENTED_EDGE('',*,*,#74150,.F.);
#74170=EDGE_LOOP('',(#74160,#74100,#74020,#73940));
#74180=FACE_OUTER_BOUND('',#74170,.T.);
#74190=ADVANCED_FACE('',(#74180),#73930,.F.);
#74200=CARTESIAN_POINT('',(-4.30048958896017,1.33533900000002,
-3.25500000000002));
#74210=DIRECTION('',(-1.22460635382238E-16,1.,-7.34763812293426E-16));
#74220=DIRECTION('',(-2.44921270764476E-16,7.34763812293426E-16,1.));
#74230=AXIS2_PLACEMENT_3D('',#74200,#74210,#74220);
#74240=PLANE('',#74230);
#74250=ORIENTED_EDGE('',*,*,#52130,.F.);
#74260=CARTESIAN_POINT('',(-4.25048958896017,1.33533900000002,
-3.20000000000002));
#74270=DIRECTION('',(-2.44921270764476E-16,7.34763812293426E-16,1.));
#74280=VECTOR('',#74270,1.);
#74290=LINE('',#74260,#74280);
#74300=CARTESIAN_POINT('',(-4.25048958896017,1.33533900000002,
-3.40500000000001));
#74310=VERTEX_POINT('',#74300);
#74320=EDGE_CURVE('',#74310,#52040,#74290,.T.);
#74330=ORIENTED_EDGE('',*,*,#74320,.T.);
#74340=CARTESIAN_POINT('',(-2.78950032537759,1.33533900000002,
-3.40500000000001));
#74350=DIRECTION('',(1.,1.22460635382238E-16,-9.86076131526266E-32));
#74360=VECTOR('',#74350,1.);
#74370=LINE('',#74340,#74360);
#74380=EDGE_CURVE('',#74310,#55250,#74370,.T.);
#74390=ORIENTED_EDGE('',*,*,#74380,.F.);
#74400=ORIENTED_EDGE('',*,*,#55390,.F.);
#74410=EDGE_LOOP('',(#74400,#74390,#74330,#74250));
#74420=FACE_OUTER_BOUND('',#74410,.T.);
#74430=ADVANCED_FACE('',(#74420),#74240,.T.);
#74440=CARTESIAN_POINT('',(-3.63548958896005,0.876806505720392,
0.164999999999998));
#74450=DIRECTION('',(0.707106781186549,1.9659708513667E-15,
-0.707106781186546));
#74460=DIRECTION('',(-0.707106781186546,-2.31234183419547E-15,
-0.707106781186549));
#74470=AXIS2_PLACEMENT_3D('',#74440,#74450,#74460);
#74480=PLANE('',#74470);
#74490=ORIENTED_EDGE('',*,*,#10610,.F.);
#74500=ORIENTED_EDGE('',*,*,#2020,.T.);
#74510=CARTESIAN_POINT('',(-3.80048958896031,0.975338999999742,
-6.65274052502548E-16));
#74520=DIRECTION('',(0.577350269189614,0.577350269189622,
0.577350269189642));
#74530=VECTOR('',#74520,1.);
#74540=LINE('',#74510,#74530);
#74550=CARTESIAN_POINT('',(-3.66048958896004,1.11533900000005,
0.140000000000004));
#74560=VERTEX_POINT('',#74550);
#74570=EDGE_CURVE('',#74560,#1930,#74540,.T.);
#74580=ORIENTED_EDGE('',*,*,#74570,.T.);
#74590=CARTESIAN_POINT('',(-3.66048958895998,0.,0.140000000000066));
#74600=DIRECTION('',(3.51506645352639E-15,-1.,7.34763812293427E-16));
#74610=VECTOR('',#74600,1.);
#74620=LINE('',#74590,#74610);
#74630=CARTESIAN_POINT('',(-3.66048958895995,0.740338999999999,
0.14000000000003));
#74640=VERTEX_POINT('',#74630);
#74650=EDGE_CURVE('',#74560,#74640,#74620,.T.);
#74660=ORIENTED_EDGE('',*,*,#74650,.F.);
#74670=CARTESIAN_POINT('',(-3.66048958896,0.740338999999999,
0.139999999999978));
#74680=DIRECTION('',(-0.707106781186546,1.29434591694921E-13,
-0.707106781186549));
#74690=VECTOR('',#74680,1.);
#74700=LINE('',#74670,#74690);
#74710=EDGE_CURVE('',#10600,#74640,#74700,.T.);
#74720=ORIENTED_EDGE('',*,*,#74710,.T.);
#74730=EDGE_LOOP('',(#74720,#74660,#74580,#74500,#74490));
#74740=FACE_OUTER_BOUND('',#74730,.T.);
#74750=ADVANCED_FACE('',(#74740),#74480,.T.);
#74760=CARTESIAN_POINT('',(-3.94756697474104,1.16165663364027,
-4.53480973766728));
#74770=DIRECTION('',(0.0478051859951585,0.998856678503963,
-9.72990758345263E-16));
#74780=DIRECTION('',(0.998856678503963,-0.0478051859951585,
2.79790224206995E-16));
#74790=AXIS2_PLACEMENT_3D('',#74760,#74770,#74780);
#74800=PLANE('',#74790);
#74810=CARTESIAN_POINT('',(0.,0.972726452246773,-4.60500000000001));
#74820=DIRECTION('',(0.998856678503963,-0.0478051859951539,
2.63677968348475E-16));
#74830=VECTOR('',#74820,1.);
#74840=LINE('',#74810,#74830);
#74850=CARTESIAN_POINT('',(-3.89055325444501,1.15892796238871,
-4.60500000000001));
#74860=VERTEX_POINT('',#74850);
#74870=EDGE_CURVE('',#72600,#74860,#74840,.T.);
#74880=ORIENTED_EDGE('',*,*,#74870,.T.);
#74890=CARTESIAN_POINT('',(-3.97046178872531,1.16275237726836,0.));
#74900=DIRECTION('',(-4.77294443600546E-16,9.96947739777356E-16,1.));
#74910=VECTOR('',#74900,1.);
#74920=LINE('',#74890,#74910);
#74930=EDGE_CURVE('',#63430,#72600,#74920,.T.);
#74940=ORIENTED_EDGE('',*,*,#74930,.T.);
#74950=CARTESIAN_POINT('',(0.,0.972726452246773,-4.85500000000002));
#74960=DIRECTION('',(0.998856678503963,-0.0478051859951539,
4.5102810375397E-17));
#74970=VECTOR('',#74960,1.);
#74980=LINE('',#74950,#74970);
#74990=CARTESIAN_POINT('',(-3.89055325444501,1.15892796238871,
-4.85500000000002));
#75000=VERTEX_POINT('',#74990);
#75010=EDGE_CURVE('',#63430,#75000,#74980,.T.);
#75020=ORIENTED_EDGE('',*,*,#75010,.F.);
#75030=CARTESIAN_POINT('',(-3.89055325444502,1.15892796238871,0.));
#75040=DIRECTION('',(4.89842541528951E-16,-7.34763812293426E-16,-1.));
#75050=VECTOR('',#75040,1.);
#75060=LINE('',#75030,#75050);
#75070=EDGE_CURVE('',#74860,#75000,#75060,.T.);
#75080=ORIENTED_EDGE('',*,*,#75070,.T.);
#75090=EDGE_LOOP('',(#75080,#75020,#74940,#74880));
#75100=FACE_OUTER_BOUND('',#75090,.T.);
#75110=ADVANCED_FACE('',(#75100),#74800,.T.);
#75120=CARTESIAN_POINT('',(-3.81548958896017,1.13033899999996,
-5.59250000000002));
#75130=DIRECTION('',(0.707106781186548,-0.707106781186547,
-3.10067243467293E-15));
#75140=DIRECTION('',(-0.707106781186547,-0.707106781186548,
4.09841663812382E-15));
#75150=AXIS2_PLACEMENT_3D('',#75120,#75130,#75140);
#75160=PLANE('',#75150);
#75170=CARTESIAN_POINT('',(-3.79048958896015,1.15533899999989,0.));
#75180=DIRECTION('',(-5.11977682188428E-15,-6.34438317570671E-15,-1.));
#75190=VECTOR('',#75180,1.);
#75200=LINE('',#75170,#75190);
#75210=CARTESIAN_POINT('',(-3.79048958896018,1.15533899999985,
-5.65500000000002));
#75220=VERTEX_POINT('',#75210);
#75230=EDGE_CURVE('',#31400,#75220,#75200,.T.);
#75240=ORIENTED_EDGE('',*,*,#75230,.T.);
#75250=ORIENTED_EDGE('',*,*,#31410,.T.);
#75260=CARTESIAN_POINT('',(-3.84048958896019,1.10533899999992,0.));
#75270=DIRECTION('',(5.11977682188431E-15,7.34763812293452E-16,1.));
#75280=VECTOR('',#75270,1.);
#75290=LINE('',#75260,#75280);
#75300=CARTESIAN_POINT('',(-3.84048958896018,1.10533899999991,
-5.65500000000002));
#75310=VERTEX_POINT('',#75300);
#75320=EDGE_CURVE('',#75310,#31320,#75290,.T.);
#75330=ORIENTED_EDGE('',*,*,#75320,.T.);
#75340=CARTESIAN_POINT('',(-4.94582858896002,0.,-5.65500000000002));
#75350=DIRECTION('',(0.707106781186544,0.707106781186551,
-6.93889390390723E-16));
#75360=VECTOR('',#75350,1.);
#75370=LINE('',#75340,#75360);
#75380=EDGE_CURVE('',#75310,#75220,#75370,.T.);
#75390=ORIENTED_EDGE('',*,*,#75380,.F.);
#75400=EDGE_LOOP('',(#75390,#75330,#75250,#75240));
#75410=FACE_OUTER_BOUND('',#75400,.T.);
#75420=ADVANCED_FACE('',(#75410),#75160,.F.);
#75430=CARTESIAN_POINT('',(-3.97048958896018,1.10533899999996,
-3.13000000000002));
#75440=DIRECTION('',(1.22460635382237E-16,-1.,7.34763812293426E-16));
#75450=DIRECTION('',(-5.11977682188428E-15,-7.34763812293427E-16,-1.));
#75460=AXIS2_PLACEMENT_3D('',#75430,#75440,#75450);
#75470=PLANE('',#75460);
#75480=ORIENTED_EDGE('',*,*,#74010,.T.);
#75490=ORIENTED_EDGE('',*,*,#51570,.F.);
#75500=ORIENTED_EDGE('',*,*,#25990,.F.);
#75510=CARTESIAN_POINT('',(0.,1.10533899999993,-3.00500000000001));
#75520=DIRECTION('',(1.,4.68706735088987E-15,-4.33873497871557E-30));
#75530=VECTOR('',#75520,1.);
#75540=LINE('',#75510,#75530);
#75550=EDGE_CURVE('',#74000,#25920,#75540,.T.);
#75560=ORIENTED_EDGE('',*,*,#75550,.T.);
#75570=EDGE_LOOP('',(#75560,#75500,#75490,#75480));
#75580=FACE_OUTER_BOUND('',#75570,.T.);
#75590=ADVANCED_FACE('',(#75580),#75470,.F.);
#75600=CARTESIAN_POINT('',(-3.37048958896005,0.769909982365053,
0.428202113840436));
#75610=DIRECTION('',(-1.,-3.27014518276192E-15,-1.46952762458685E-15));
#75620=DIRECTION('',(-3.27014518276192E-15,1.,-2.01300290666251E-30));
#75630=AXIS2_PLACEMENT_3D('',#75600,#75610,#75620);
#75640=PLANE('',#75630);
#75650=CARTESIAN_POINT('',(-3.37048958896005,0.605339000000229,
-1.38693320358611E-16));
#75660=DIRECTION('',(1.46952762458685E-15,-4.89842541528924E-16,-1.));
#75670=VECTOR('',#75660,1.);
#75680=LINE('',#75650,#75670);
#75690=CARTESIAN_POINT('',(-3.37048958896015,0.605339000000001,
0.569868329805051));
#75700=VERTEX_POINT('',#75690);
#75710=CARTESIAN_POINT('',(-3.37048958896005,0.605339000000229,
0.260131670194949));
#75720=VERTEX_POINT('',#75710);
#75730=EDGE_CURVE('',#75700,#75720,#75680,.T.);
#75740=ORIENTED_EDGE('',*,*,#75730,.T.);
#75750=CARTESIAN_POINT('',(-3.37048958896015,0.740339000000001,0.475));
#75760=DIRECTION('',(-1.,-3.27014518276192E-15,-1.46952762458685E-15));
#75770=DIRECTION('',(-3.27014518276192E-15,1.,-2.03231349880238E-30));
#75780=AXIS2_PLACEMENT_3D('',#75750,#75760,#75770);
#75790=CIRCLE('',#75780,0.165);
#75800=CARTESIAN_POINT('',(-3.37048958896015,0.740339000000001,0.64));
#75810=VERTEX_POINT('',#75800);
#75820=EDGE_CURVE('',#75700,#75810,#75790,.T.);
#75830=ORIENTED_EDGE('',*,*,#75820,.F.);
#75840=CARTESIAN_POINT('',(-3.37048958896015,-3.55582683721932E-16,0.64)
);
#75850=DIRECTION('',(-3.27014518276191E-15,1.,-2.44921270764478E-16));
#75860=VECTOR('',#75850,1.);
#75870=LINE('',#75840,#75860);
#75880=CARTESIAN_POINT('',(-3.37048958896015,0.975339,0.64));
#75890=VERTEX_POINT('',#75880);
#75900=EDGE_CURVE('',#75810,#75890,#75870,.T.);
#75910=ORIENTED_EDGE('',*,*,#75900,.F.);
#75920=CARTESIAN_POINT('',(-3.37048958896005,0.975339,0.));
#75930=DIRECTION('',(1.46952762458685E-15,-7.34763812293426E-16,-1.));
#75940=VECTOR('',#75930,1.);
#75950=LINE('',#75920,#75940);
#75960=CARTESIAN_POINT('',(-3.37048958896005,0.975339,0.480000000000002)
);
#75970=VERTEX_POINT('',#75960);
#75980=EDGE_CURVE('',#75890,#75970,#75950,.T.);
#75990=ORIENTED_EDGE('',*,*,#75980,.F.);
#76000=CARTESIAN_POINT('',(-3.37048958896005,-3.55582683721607E-16,
0.480000000000002));
#76010=DIRECTION('',(3.27014518276191E-15,-1.,2.44921270764478E-16));
#76020=VECTOR('',#76010,1.);
#76030=LINE('',#76000,#76020);
#76040=CARTESIAN_POINT('',(-3.37048958896005,0.935339000000001,
0.480000000000002));
#76050=VERTEX_POINT('',#76040);
#76060=EDGE_CURVE('',#75970,#76050,#76030,.T.);
#76070=ORIENTED_EDGE('',*,*,#76060,.F.);
#76080=CARTESIAN_POINT('',(-3.37048958896015,0.935339,
-1.38693320358732E-16));
#76090=DIRECTION('',(-1.46952762458685E-15,2.44921270764473E-16,1.));
#76100=VECTOR('',#76090,1.);
#76110=LINE('',#76080,#76100);
#76120=EDGE_CURVE('',#10760,#76050,#76110,.T.);
#76130=ORIENTED_EDGE('',*,*,#76120,.T.);
#76140=ORIENTED_EDGE('',*,*,#10770,.F.);
#76150=CARTESIAN_POINT('',(-3.37048958896005,0.740338999999982,
0.354999999999995));
#76160=DIRECTION('',(-1.,-4.47862315261392E-14,-9.79685083057879E-16));
#76170=DIRECTION('',(-4.47862315261392E-14,1.,-7.34763812293469E-16));
#76180=AXIS2_PLACEMENT_3D('',#76150,#76160,#76170);
#76190=CIRCLE('',#76180,0.165);
#76200=EDGE_CURVE('',#10680,#75720,#76190,.T.);
#76210=ORIENTED_EDGE('',*,*,#76200,.F.);
#76220=EDGE_LOOP('',(#76210,#76140,#76130,#76070,#75990,#75910,#75830,
#75740));
#76230=FACE_OUTER_BOUND('',#76220,.T.);
#76240=ADVANCED_FACE('',(#76230),#75640,.F.);
#76250=CARTESIAN_POINT('',(-2.22048958896017,1.25533900000001,
-1.65500000000001));
#76260=DIRECTION('',(1.22460635382238E-16,-1.,4.89842541528951E-16));
#76270=DIRECTION('',(-4.89842541528951E-16,4.89842541528951E-16,1.));
#76280=AXIS2_PLACEMENT_3D('',#76250,#76260,#76270);
#76290=PLANE('',#76280);
#76300=CARTESIAN_POINT('',(-3.73147885254274,1.25533900000001,
-1.65500000000002));
#76310=DIRECTION('',(-1.,-1.22460635382238E-16,-2.44921270764476E-16));
#76320=VECTOR('',#76310,1.);
#76330=LINE('',#76300,#76320);
#76340=CARTESIAN_POINT('',(-2.27048958896017,1.25533900000001,
-1.65500000000002));
#76350=VERTEX_POINT('',#76340);
#76360=CARTESIAN_POINT('',(-2.55048958896018,1.25533900000001,
-1.65500000000002));
#76370=VERTEX_POINT('',#76360);
#76380=EDGE_CURVE('',#76350,#76370,#76330,.T.);
#76390=ORIENTED_EDGE('',*,*,#76380,.T.);
#76400=CARTESIAN_POINT('',(-2.27048958896017,1.25533900000001,
-1.86000000000001));
#76410=DIRECTION('',(-4.89842541528951E-16,4.89842541528951E-16,1.));
#76420=VECTOR('',#76410,1.);
#76430=LINE('',#76400,#76420);
#76440=CARTESIAN_POINT('',(-2.27048958896017,1.25533900000001,
-1.80500000000001));
#76450=VERTEX_POINT('',#76440);
#76460=EDGE_CURVE('',#76450,#76350,#76430,.T.);
#76470=ORIENTED_EDGE('',*,*,#76460,.T.);
#76480=CARTESIAN_POINT('',(-3.73147885254274,1.25533900000001,
-1.80500000000001));
#76490=DIRECTION('',(-1.,-1.22460635382238E-16,-2.44921270764476E-16));
#76500=VECTOR('',#76490,1.);
#76510=LINE('',#76480,#76500);
#76520=CARTESIAN_POINT('',(-2.55048958896018,1.25533900000001,
-1.80500000000001));
#76530=VERTEX_POINT('',#76520);
#76540=EDGE_CURVE('',#76450,#76530,#76510,.T.);
#76550=ORIENTED_EDGE('',*,*,#76540,.F.);
#76560=CARTESIAN_POINT('',(-2.55048958896018,1.25533900000001,0.));
#76570=DIRECTION('',(-4.89842541528951E-16,4.89842541528951E-16,1.));
#76580=VECTOR('',#76570,1.);
#76590=LINE('',#76560,#76580);
#76600=EDGE_CURVE('',#76530,#76370,#76590,.T.);
#76610=ORIENTED_EDGE('',*,*,#76600,.F.);
#76620=EDGE_LOOP('',(#76610,#76550,#76470,#76390));
#76630=FACE_OUTER_BOUND('',#76620,.T.);
#76640=ADVANCED_FACE('',(#76630),#76290,.T.);
#76650=CARTESIAN_POINT('',(-2.55048958896018,1.10533899999996,
-1.13000000000001));
#76660=DIRECTION('',(1.22460635382237E-16,-1.,7.34763812293426E-16));
#76670=DIRECTION('',(5.11977682188428E-15,7.34763812293427E-16,1.));
#76680=AXIS2_PLACEMENT_3D('',#76650,#76660,#76670);
#76690=PLANE('',#76680);
#76700=CARTESIAN_POINT('',(-2.62786116081276,1.10533900000005,0.));
#76710=DIRECTION('',(-1.66186616931225E-16,7.34763812293425E-16,1.));
#76720=VECTOR('',#76710,1.);
#76730=LINE('',#76700,#76720);
#76740=CARTESIAN_POINT('',(-2.62786116081273,1.10533900000005,
-1.00500000000001));
#76750=VERTEX_POINT('',#76740);
#76760=EDGE_CURVE('',#18340,#76750,#76730,.T.);
#76770=ORIENTED_EDGE('',*,*,#76760,.F.);
#76780=CARTESIAN_POINT('',(0.,1.10533900000005,-1.00500000000001));
#76790=DIRECTION('',(-1.,9.46986586518801E-16,-2.44921270764476E-16));
#76800=VECTOR('',#76790,1.);
#76810=LINE('',#76780,#76800);
#76820=CARTESIAN_POINT('',(-2.68048958896015,1.10533899999996,
-1.00500000000001));
#76830=VERTEX_POINT('',#76820);
#76840=EDGE_CURVE('',#76750,#76830,#76810,.T.);
#76850=ORIENTED_EDGE('',*,*,#76840,.F.);
#76860=CARTESIAN_POINT('',(-2.68048958896015,1.10533899999996,0.));
#76870=DIRECTION('',(-4.89842541528951E-16,7.34763812293426E-16,1.));
#76880=VECTOR('',#76870,1.);
#76890=LINE('',#76860,#76880);
#76900=EDGE_CURVE('',#18420,#76830,#76890,.T.);
#76910=ORIENTED_EDGE('',*,*,#76900,.T.);
#76920=ORIENTED_EDGE('',*,*,#18430,.T.);
#76930=EDGE_LOOP('',(#76920,#76910,#76850,#76770));
#76940=FACE_OUTER_BOUND('',#76930,.T.);
#76950=ADVANCED_FACE('',(#76940),#76690,.F.);
#76960=CARTESIAN_POINT('',(-4.25048958896017,1.31533900000002,
-1.80500000000002));
#76970=DIRECTION('',(-1.,-1.22460635382238E-16,-2.44921270764475E-16));
#76980=DIRECTION('',(1.22460635382238E-16,-1.,7.34763812293427E-16));
#76990=AXIS2_PLACEMENT_3D('',#76960,#76970,#76980);
#77000=PLANE('',#76990);
#77010=CARTESIAN_POINT('',(-4.25048958896017,1.25533900000002,
-1.60000000000002));
#77020=DIRECTION('',(2.44921270764476E-16,-9.79685083057902E-16,-1.));
#77030=VECTOR('',#77020,1.);
#77040=LINE('',#77010,#77030);
#77050=CARTESIAN_POINT('',(-4.25048958896017,1.25533900000002,
-1.65500000000002));
#77060=VERTEX_POINT('',#77050);
#77070=CARTESIAN_POINT('',(-4.25048958896017,1.25533900000002,
-1.80500000000001));
#77080=VERTEX_POINT('',#77070);
#77090=EDGE_CURVE('',#77060,#77080,#77040,.T.);
#77100=ORIENTED_EDGE('',*,*,#77090,.F.);
#77110=CARTESIAN_POINT('',(-4.25048958896017,0.125490534175962,
-1.80500000000001));
#77120=DIRECTION('',(-1.22460635382237E-16,1.,-9.79685083057902E-16));
#77130=VECTOR('',#77120,1.);
#77140=LINE('',#77110,#77130);
#77150=EDGE_CURVE('',#77080,#29870,#77140,.T.);
#77160=ORIENTED_EDGE('',*,*,#77150,.F.);
#77170=ORIENTED_EDGE('',*,*,#29880,.F.);
#77180=CARTESIAN_POINT('',(-4.25048958896017,0.125490534175962,
-1.65500000000001));
#77190=DIRECTION('',(1.22460635382237E-16,-1.,9.79685083057902E-16));
#77200=VECTOR('',#77190,1.);
#77210=LINE('',#77180,#77200);
#77220=EDGE_CURVE('',#29790,#77060,#77210,.T.);
#77230=ORIENTED_EDGE('',*,*,#77220,.F.);
#77240=EDGE_LOOP('',(#77230,#77170,#77160,#77100));
#77250=FACE_OUTER_BOUND('',#77240,.T.);
#77260=ADVANCED_FACE('',(#77250),#77000,.T.);
#77270=CARTESIAN_POINT('',(-3.79048958896018,1.25073313569167,
-1.48684397342023));
#77280=DIRECTION('',(-1.,-1.22460635382234E-16,5.11977682188428E-15));
#77290=DIRECTION('',(1.22460635382238E-16,-1.,7.34763812293426E-16));
#77300=AXIS2_PLACEMENT_3D('',#77270,#77280,#77290);
#77310=PLANE('',#77300);
#77320=CARTESIAN_POINT('',(-3.79048958896017,1.15533899999987,0.));
#77330=DIRECTION('',(-5.11977682188428E-15,-6.34438317570671E-15,-1.));
#77340=VECTOR('',#77330,1.);
#77350=LINE('',#77320,#77340);
#77360=CARTESIAN_POINT('',(-3.79048958896018,1.15533899999986,
-1.40500000000002));
#77370=VERTEX_POINT('',#77360);
#77380=CARTESIAN_POINT('',(-3.79048958896018,1.15533899999986,
-1.65500000000002));
#77390=VERTEX_POINT('',#77380);
#77400=EDGE_CURVE('',#77370,#77390,#77350,.T.);
#77410=ORIENTED_EDGE('',*,*,#77400,.F.);
#77420=CARTESIAN_POINT('',(-3.79048958896012,0.,-1.65500000000002));
#77430=DIRECTION('',(-4.68706735088986E-15,1.,-9.79685083057902E-16));
#77440=VECTOR('',#77430,1.);
#77450=LINE('',#77420,#77440);
#77460=CARTESIAN_POINT('',(-3.79048958896013,1.32533899999994,
-1.65500000000002));
#77470=VERTEX_POINT('',#77460);
#77480=EDGE_CURVE('',#77390,#77470,#77450,.T.);
#77490=ORIENTED_EDGE('',*,*,#77480,.F.);
#77500=CARTESIAN_POINT('',(-3.79048958896013,1.32533899999994,
-1.40500000000001));
#77510=VERTEX_POINT('',#77500);
#77520=EDGE_CURVE('',#77510,#77470,#22130,.T.);
#77530=ORIENTED_EDGE('',*,*,#77520,.T.);
#77540=CARTESIAN_POINT('',(-3.79048958896012,0.,-1.40500000000001));
#77550=DIRECTION('',(-4.68706735088986E-15,1.,-9.79685083057902E-16));
#77560=VECTOR('',#77550,1.);
#77570=LINE('',#77540,#77560);
#77580=EDGE_CURVE('',#77370,#77510,#77570,.T.);
#77590=ORIENTED_EDGE('',*,*,#77580,.T.);
#77600=EDGE_LOOP('',(#77590,#77530,#77490,#77410));
#77610=FACE_OUTER_BOUND('',#77600,.T.);
#77620=ADVANCED_FACE('',(#77610),#77310,.T.);
#77630=CARTESIAN_POINT('',(-2.57341220317929,1.16165663364027,
-2.52519026233275));
#77640=DIRECTION('',(-0.0478051859951587,0.998856678503963,
-5.06565230622445E-16));
#77650=DIRECTION('',(-0.998856678503963,-0.0478051859951587,
-4.5418042979937E-16));
#77660=AXIS2_PLACEMENT_3D('',#77630,#77640,#77650);
#77670=PLANE('',#77660);
#77680=CARTESIAN_POINT('',(0.,1.28481989786295,-2.455));
#77690=DIRECTION('',(0.998856678503962,0.0478051859951633,
6.07153216591882E-15));
#77700=VECTOR('',#77690,1.);
#77710=LINE('',#77680,#77700);
#77720=CARTESIAN_POINT('',(-2.63042592347529,1.15892796238875,
-2.45500000000002));
#77730=VERTEX_POINT('',#77720);
#77740=CARTESIAN_POINT('',(-2.550517389195,1.16275237726833,
-2.45500000000002));
#77750=VERTEX_POINT('',#77740);
#77760=EDGE_CURVE('',#77730,#77750,#77710,.T.);
#77770=ORIENTED_EDGE('',*,*,#77760,.F.);
#77780=CARTESIAN_POINT('',(-2.55051738919501,1.16275237726832,
-2.20500000000002));
#77790=VERTEX_POINT('',#77780);
#77800=EDGE_CURVE('',#77750,#77790,#10270,.T.);
#77810=ORIENTED_EDGE('',*,*,#77800,.F.);
#77820=CARTESIAN_POINT('',(0.,1.28481989786295,-2.20500000000002));
#77830=DIRECTION('',(-0.998856678503962,-0.0478051859951633,
-2.22044604925031E-16));
#77840=VECTOR('',#77830,1.);
#77850=LINE('',#77820,#77840);
#77860=CARTESIAN_POINT('',(-2.63042592347529,1.15892796238875,
-2.20500000000002));
#77870=VERTEX_POINT('',#77860);
#77880=EDGE_CURVE('',#77790,#77870,#77850,.T.);
#77890=ORIENTED_EDGE('',*,*,#77880,.F.);
#77900=CARTESIAN_POINT('',(-2.63042592347529,1.15892796238875,0.));
#77910=DIRECTION('',(-4.7785417095077E-16,4.84275005124934E-16,1.));
#77920=VECTOR('',#77910,1.);
#77930=LINE('',#77900,#77920);
#77940=EDGE_CURVE('',#77730,#77870,#77930,.T.);
#77950=ORIENTED_EDGE('',*,*,#77940,.T.);
#77960=EDGE_LOOP('',(#77950,#77890,#77810,#77770));
#77970=FACE_OUTER_BOUND('',#77960,.T.);
#77980=ADVANCED_FACE('',(#77970),#77670,.T.);
#77990=CARTESIAN_POINT('',(-4.30048958896017,1.33533900000002,
-3.65500000000002));
#78000=DIRECTION('',(-1.22460635382238E-16,1.,-7.34763812293426E-16));
#78010=DIRECTION('',(-2.44921270764476E-16,7.34763812293426E-16,1.));
#78020=AXIS2_PLACEMENT_3D('',#77990,#78000,#78010);
#78030=PLANE('',#78020);
#78040=ORIENTED_EDGE('',*,*,#13230,.F.);
#78050=CARTESIAN_POINT('',(-4.25048958896017,1.33533900000002,
-3.60000000000002));
#78060=DIRECTION('',(-2.44921270764476E-16,7.34763812293426E-16,1.));
#78070=VECTOR('',#78060,1.);
#78080=LINE('',#78050,#78070);
#78090=CARTESIAN_POINT('',(-4.25048958896017,1.33533900000002,
-3.80500000000001));
#78100=VERTEX_POINT('',#78090);
#78110=EDGE_CURVE('',#78100,#13140,#78080,.T.);
#78120=ORIENTED_EDGE('',*,*,#78110,.T.);
#78130=CARTESIAN_POINT('',(-2.78950032537759,1.33533900000002,
-3.80500000000001));
#78140=DIRECTION('',(1.,1.22460635382238E-16,-9.86076131526266E-32));
#78150=VECTOR('',#78140,1.);
#78160=LINE('',#78130,#78150);
#78170=CARTESIAN_POINT('',(-3.82048958896017,1.33533900000002,
-3.80500000000001));
#78180=VERTEX_POINT('',#78170);
#78190=EDGE_CURVE('',#78100,#78180,#78160,.T.);
#78200=ORIENTED_EDGE('',*,*,#78190,.F.);
#78210=CARTESIAN_POINT('',(-3.82048958896017,1.33533900000002,
-3.60000000000001));
#78220=DIRECTION('',(2.99932144364427E-32,7.34763812293426E-16,1.));
#78230=VECTOR('',#78220,1.);
#78240=LINE('',#78210,#78230);
#78250=EDGE_CURVE('',#78180,#13220,#78240,.T.);
#78260=ORIENTED_EDGE('',*,*,#78250,.F.);
#78270=EDGE_LOOP('',(#78260,#78200,#78120,#78040));
#78280=FACE_OUTER_BOUND('',#78270,.T.);
#78290=ADVANCED_FACE('',(#78280),#78030,.T.);
#78300=CARTESIAN_POINT('',(-2.70548958896018,1.13033899999996,
-1.99250000000002));
#78310=DIRECTION('',(0.707106781186547,0.707106781186548,
-4.13978538315925E-15));
#78320=DIRECTION('',(0.707106781186548,-0.707106781186547,
-3.0593036896375E-15));
#78330=AXIS2_PLACEMENT_3D('',#78300,#78310,#78320);
#78340=PLANE('',#78330);
#78350=CARTESIAN_POINT('',(0.,-1.57515058896016,-1.80500000000001));
#78360=DIRECTION('',(-0.707106781186551,0.707106781186544,
-4.71844785465692E-16));
#78370=VECTOR('',#78360,1.);
#78380=LINE('',#78350,#78370);
#78390=CARTESIAN_POINT('',(-2.68048958896016,1.10533899999998,
-1.80500000000001));
#78400=VERTEX_POINT('',#78390);
#78410=CARTESIAN_POINT('',(-2.73048958896012,1.15533899999993,
-1.80500000000001));
#78420=VERTEX_POINT('',#78410);
#78430=EDGE_CURVE('',#78400,#78420,#78380,.T.);
#78440=ORIENTED_EDGE('',*,*,#78430,.F.);
#78450=CARTESIAN_POINT('',(-2.73048958896012,1.15533899999991,0.));
#78460=DIRECTION('',(4.89842541528977E-16,-6.34438317570668E-15,-1.));
#78470=VECTOR('',#78460,1.);
#78480=LINE('',#78450,#78470);
#78490=CARTESIAN_POINT('',(-2.73048958896012,1.1553389999999,
-2.05500000000002));
#78500=VERTEX_POINT('',#78490);
#78510=EDGE_CURVE('',#78420,#78500,#78480,.T.);
#78520=ORIENTED_EDGE('',*,*,#78510,.F.);
#78530=CARTESIAN_POINT('',(0.,-1.57515058896016,-2.055));
#78540=DIRECTION('',(0.707106781186551,-0.707106781186544,
4.66293670342566E-15));
#78550=VECTOR('',#78540,1.);
#78560=LINE('',#78530,#78550);
#78570=CARTESIAN_POINT('',(-2.68048958896015,1.10533899999996,
-2.05500000000002));
#78580=VERTEX_POINT('',#78570);
#78590=EDGE_CURVE('',#78500,#78580,#78560,.T.);
#78600=ORIENTED_EDGE('',*,*,#78590,.F.);
#78610=CARTESIAN_POINT('',(-2.68048958896015,1.10533899999996,0.));
#78620=DIRECTION('',(-4.89842541528951E-16,7.34763812293426E-16,1.));
#78630=VECTOR('',#78620,1.);
#78640=LINE('',#78610,#78630);
#78650=EDGE_CURVE('',#78580,#78400,#78640,.T.);
#78660=ORIENTED_EDGE('',*,*,#78650,.F.);
#78670=EDGE_LOOP('',(#78660,#78600,#78520,#78440));
#78680=FACE_OUTER_BOUND('',#78670,.T.);
#78690=ADVANCED_FACE('',(#78680),#78340,.T.);
#78700=CARTESIAN_POINT('',(-2.73048958896017,1.09533900000001,
-3.00500000000002));
#78710=DIRECTION('',(-2.44921270764476E-16,4.89842541528951E-16,1.));
#78720=DIRECTION('',(-1.,-1.22460635382238E-16,-2.44921270764476E-16));
#78730=AXIS2_PLACEMENT_3D('',#78700,#78710,#78720);
#78740=PLANE('',#78730);
#78750=CARTESIAN_POINT('',(0.,-1.57515058896016,-3.00500000000002));
#78760=DIRECTION('',(-0.707106781186551,0.707106781186544,
-4.71844785465692E-16));
#78770=VECTOR('',#78760,1.);
#78780=LINE('',#78750,#78770);
#78790=CARTESIAN_POINT('',(-2.68048958896015,1.10533899999996,
-3.00500000000001));
#78800=VERTEX_POINT('',#78790);
#78810=CARTESIAN_POINT('',(-2.73048958896012,1.15533899999989,
-3.00500000000001));
#78820=VERTEX_POINT('',#78810);
#78830=EDGE_CURVE('',#78800,#78820,#78780,.T.);
#78840=ORIENTED_EDGE('',*,*,#78830,.T.);
#78850=CARTESIAN_POINT('',(0.,1.10533900000005,-3.00500000000002));
#78860=DIRECTION('',(-1.,9.46986586518801E-16,-2.44921270764476E-16));
#78870=VECTOR('',#78860,1.);
#78880=LINE('',#78850,#78870);
#78890=CARTESIAN_POINT('',(-2.62786116081273,1.10533900000005,
-3.00500000000002));
#78900=VERTEX_POINT('',#78890);
#78910=EDGE_CURVE('',#78900,#78800,#78880,.T.);
#78920=ORIENTED_EDGE('',*,*,#78910,.T.);
#78930=CARTESIAN_POINT('',(-2.57495974099957,0.,-3.00500000000002));
#78940=DIRECTION('',(0.0478051859951633,-0.998856678503962,
4.9960036108132E-16));
#78950=VECTOR('',#78940,1.);
#78960=LINE('',#78930,#78950);
#78970=CARTESIAN_POINT('',(-2.63042592347529,1.15892796238875,
-3.00500000000001));
#78980=VERTEX_POINT('',#78970);
#78990=EDGE_CURVE('',#78980,#78900,#78960,.T.);
#79000=ORIENTED_EDGE('',*,*,#78990,.T.);
#79010=CARTESIAN_POINT('',(0.,1.28481989786295,-3.00500000000002));
#79020=DIRECTION('',(-0.998856678503962,-0.0478051859951633,
-2.22044604925031E-16));
#79030=VECTOR('',#79020,1.);
#79040=LINE('',#79010,#79030);
#79050=CARTESIAN_POINT('',(-2.550517389195,1.16275237726832,
-3.00500000000001));
#79060=VERTEX_POINT('',#79050);
#79070=EDGE_CURVE('',#79060,#78980,#79040,.T.);
#79080=ORIENTED_EDGE('',*,*,#79070,.T.);
#79090=CARTESIAN_POINT('',(-2.80619597048117,1.15051562459262,
-3.00500000000001));
#79100=DIRECTION('',(-0.998856678503963,-0.0478051859951587,
-2.21224233204641E-16));
#79110=VECTOR('',#79100,1.);
#79120=LINE('',#79090,#79110);
#79130=EDGE_CURVE('',#58240,#79060,#79120,.T.);
#79140=ORIENTED_EDGE('',*,*,#79130,.T.);
#79150=ORIENTED_EDGE('',*,*,#58250,.T.);
#79160=CARTESIAN_POINT('',(-3.73147885254274,1.25533900000001,
-3.00500000000002));
#79170=DIRECTION('',(-1.,-1.22460635382238E-16,-2.44921270764476E-16));
#79180=VECTOR('',#79170,1.);
#79190=LINE('',#79160,#79180);
#79200=CARTESIAN_POINT('',(-2.27048958896017,1.25533900000001,
-3.00500000000001));
#79210=VERTEX_POINT('',#79200);
#79220=EDGE_CURVE('',#79210,#58160,#79190,.T.);
#79230=ORIENTED_EDGE('',*,*,#79220,.T.);
#79240=CARTESIAN_POINT('',(-2.27048958896017,0.125490534175956,
-3.00500000000001));
#79250=DIRECTION('',(1.22460635382238E-16,-1.,4.89842541528951E-16));
#79260=VECTOR('',#79250,1.);
#79270=LINE('',#79240,#79260);
#79280=CARTESIAN_POINT('',(-2.27048958896017,1.33533900000001,
-3.00500000000002));
#79290=VERTEX_POINT('',#79280);
#79300=EDGE_CURVE('',#79290,#79210,#79270,.T.);
#79310=ORIENTED_EDGE('',*,*,#79300,.T.);
#79320=CARTESIAN_POINT('',(-3.73147885254274,1.33533900000001,
-3.00500000000002));
#79330=DIRECTION('',(1.,1.22460635382238E-16,2.44921270764476E-16));
#79340=VECTOR('',#79330,1.);
#79350=LINE('',#79320,#79340);
#79360=CARTESIAN_POINT('',(-2.70048958896017,1.33533900000001,
-3.00500000000002));
#79370=VERTEX_POINT('',#79360);
#79380=EDGE_CURVE('',#79370,#79290,#79350,.T.);
#79390=ORIENTED_EDGE('',*,*,#79380,.T.);
#79400=CARTESIAN_POINT('',(-2.70048958896017,1.17533900000001,
-3.00500000000002));
#79410=DIRECTION('',(2.44921270764476E-16,-7.34763812293426E-16,-1.));
#79420=DIRECTION('',(1.22460635382238E-16,-1.,7.34763812293426E-16));
#79430=AXIS2_PLACEMENT_3D('',#79400,#79410,#79420);
#79440=CIRCLE('',#79430,0.16);
#79450=CARTESIAN_POINT('',(-2.75616723258866,1.32533899999994,
-3.00500000000002));
#79460=VERTEX_POINT('',#79450);
#79470=EDGE_CURVE('',#79460,#79370,#79440,.T.);
#79480=ORIENTED_EDGE('',*,*,#79470,.T.);
#79490=CARTESIAN_POINT('',(0.,1.32533899999994,-3.00500000000002));
#79500=DIRECTION('',(-1.,-1.63507259138096E-15,-2.44921270764475E-16));
#79510=VECTOR('',#79500,1.);
#79520=LINE('',#79490,#79510);
#79530=CARTESIAN_POINT('',(-2.73048958896013,1.32533899999994,
-3.00500000000002));
#79540=VERTEX_POINT('',#79530);
#79550=EDGE_CURVE('',#79540,#79460,#79520,.T.);
#79560=ORIENTED_EDGE('',*,*,#79550,.T.);
#79570=CARTESIAN_POINT('',(-2.73048958896012,0.,-3.00500000000002));
#79580=DIRECTION('',(-4.68706735088986E-15,1.,-4.89842541528952E-16));
#79590=VECTOR('',#79580,1.);
#79600=LINE('',#79570,#79590);
#79610=EDGE_CURVE('',#78820,#79540,#79600,.T.);
#79620=ORIENTED_EDGE('',*,*,#79610,.T.);
#79630=EDGE_LOOP('',(#79620,#79560,#79480,#79390,#79310,#79230,#79150,
#79140,#79080,#79000,#78920,#78840));
#79640=FACE_OUTER_BOUND('',#79630,.T.);
#79650=ADVANCED_FACE('',(#79640),#78740,.F.);
#79660=CARTESIAN_POINT('',(-2.62860368742196,1.12085358585773,
-3.45277578828196));
#79670=DIRECTION('',(0.998856678503963,0.0478051859951587,
1.30871091490535E-16));
#79680=DIRECTION('',(-0.0478051859951587,0.998856678503963,
-7.57340754838453E-16));
#79690=AXIS2_PLACEMENT_3D('',#79660,#79670,#79680);
#79700=PLANE('',#79690);
#79710=CARTESIAN_POINT('',(-2.57495974099957,0.,-3.25500000000002));
#79720=DIRECTION('',(-0.0478051859951633,0.998856678503962,
-7.84095011141517E-16));
#79730=VECTOR('',#79720,1.);
#79740=LINE('',#79710,#79730);
#79750=CARTESIAN_POINT('',(-2.62786116081275,1.10533900000005,
-3.25500000000002));
#79760=VERTEX_POINT('',#79750);
#79770=CARTESIAN_POINT('',(-2.63042592347529,1.15892796238875,
-3.25500000000002));
#79780=VERTEX_POINT('',#79770);
#79790=EDGE_CURVE('',#79760,#79780,#79740,.T.);
#79800=ORIENTED_EDGE('',*,*,#79790,.F.);
#79810=CARTESIAN_POINT('',(-2.63042592347529,1.15892796238875,0.));
#79820=DIRECTION('',(-4.7785417095077E-16,4.84275005124934E-16,1.));
#79830=VECTOR('',#79820,1.);
#79840=LINE('',#79810,#79830);
#79850=EDGE_CURVE('',#79780,#78980,#79840,.T.);
#79860=ORIENTED_EDGE('',*,*,#79850,.F.);
#79870=ORIENTED_EDGE('',*,*,#78990,.F.);
#79880=CARTESIAN_POINT('',(-2.62786116081276,1.10533900000005,0.));
#79890=DIRECTION('',(-1.66186616931225E-16,7.34763812293425E-16,1.));
#79900=VECTOR('',#79890,1.);
#79910=LINE('',#79880,#79900);
#79920=EDGE_CURVE('',#79760,#78900,#79910,.T.);
#79930=ORIENTED_EDGE('',*,*,#79920,.T.);
#79940=EDGE_LOOP('',(#79930,#79870,#79860,#79800));
#79950=FACE_OUTER_BOUND('',#79940,.T.);
#79960=ADVANCED_FACE('',(#79950),#79700,.F.);
#79970=CARTESIAN_POINT('',(-2.63042592347532,1.15892796238875,
-1.59000000000001));
#79980=DIRECTION('',(-0.0478051859951587,0.998856678503963,
-7.57340754838453E-16));
#79990=DIRECTION('',(2.4534114631644E-16,-7.46465625902677E-16,-1.));
#80000=AXIS2_PLACEMENT_3D('',#79970,#79980,#79990);
#80010=PLANE('',#80000);
#80020=CARTESIAN_POINT('',(-2.80619597048117,1.15051562459262,
-1.80500000000001));
#80030=DIRECTION('',(-0.998856678503963,-0.0478051859951587,
-2.21224233204641E-16));
#80040=VECTOR('',#80030,1.);
#80050=LINE('',#80020,#80040);
#80060=CARTESIAN_POINT('',(-2.55048958896018,1.16275370778496,
-1.80500000000001));
#80070=VERTEX_POINT('',#80060);
#80080=EDGE_CURVE('',#80070,#60190,#80050,.T.);
#80090=ORIENTED_EDGE('',*,*,#80080,.F.);
#80100=EDGE_CURVE('',#60190,#61140,#10270,.T.);
#80110=ORIENTED_EDGE('',*,*,#80100,.F.);
#80120=CARTESIAN_POINT('',(-2.80619597048117,1.15051562459262,
-1.65500000000002));
#80130=DIRECTION('',(0.998856678503963,0.0478051859951587,
6.07071179419843E-15));
#80140=VECTOR('',#80130,1.);
#80150=LINE('',#80120,#80140);
#80160=CARTESIAN_POINT('',(-2.55048958896018,1.16275370778496,
-1.65500000000001));
#80170=VERTEX_POINT('',#80160);
#80180=EDGE_CURVE('',#61140,#80170,#80150,.T.);
#80190=ORIENTED_EDGE('',*,*,#80180,.F.);
#80200=CARTESIAN_POINT('',(-2.55048958896018,1.16275370778496,
-1.86000000000001));
#80210=DIRECTION('',(-4.89842541528951E-16,7.34763812293426E-16,1.));
#80220=VECTOR('',#80210,1.);
#80230=LINE('',#80200,#80220);
#80240=EDGE_CURVE('',#80070,#80170,#80230,.T.);
#80250=ORIENTED_EDGE('',*,*,#80240,.T.);
#80260=EDGE_LOOP('',(#80250,#80190,#80110,#80090));
#80270=FACE_OUTER_BOUND('',#80260,.T.);
#80280=ADVANCED_FACE('',(#80270),#80010,.F.);
#80290=CARTESIAN_POINT('',(-2.73048958896018,1.25202840580254,
-1.87418934246964));
#80300=DIRECTION('',(1.,1.22460635382234E-16,-5.11977682188428E-15));
#80310=DIRECTION('',(-1.22460635382238E-16,1.,-7.34763812293426E-16));
#80320=AXIS2_PLACEMENT_3D('',#80290,#80300,#80310);
#80330=PLANE('',#80320);
#80340=CARTESIAN_POINT('',(-2.73048958896013,1.32533899999994,
-1.80500000000001));
#80350=VERTEX_POINT('',#80340);
#80360=CARTESIAN_POINT('',(-2.73048958896013,1.32533899999994,
-2.05500000000002));
#80370=VERTEX_POINT('',#80360);
#80380=EDGE_CURVE('',#80350,#80370,#14390,.T.);
#80390=ORIENTED_EDGE('',*,*,#80380,.F.);
#80400=CARTESIAN_POINT('',(-2.73048958896012,0.,-2.05500000000002));
#80410=DIRECTION('',(4.68706735088986E-15,-1.,4.89842541528971E-16));
#80420=VECTOR('',#80410,1.);
#80430=LINE('',#80400,#80420);
#80440=EDGE_CURVE('',#80370,#78500,#80430,.T.);
#80450=ORIENTED_EDGE('',*,*,#80440,.F.);
#80460=ORIENTED_EDGE('',*,*,#78510,.T.);
#80470=CARTESIAN_POINT('',(-2.73048958896012,0.,-1.80500000000001));
#80480=DIRECTION('',(-4.68706735088986E-15,1.,-4.89842541528952E-16));
#80490=VECTOR('',#80480,1.);
#80500=LINE('',#80470,#80490);
#80510=EDGE_CURVE('',#78420,#80350,#80500,.T.);
#80520=ORIENTED_EDGE('',*,*,#80510,.F.);
#80530=EDGE_LOOP('',(#80520,#80460,#80450,#80390));
#80540=FACE_OUTER_BOUND('',#80530,.T.);
#80550=ADVANCED_FACE('',(#80540),#80330,.T.);
#80560=CARTESIAN_POINT('',(-2.63042592347532,1.15892796238875,
-1.19000000000001));
#80570=DIRECTION('',(-0.0478051859951587,0.998856678503963,
-7.57340754838453E-16));
#80580=DIRECTION('',(2.4534114631644E-16,-7.46465625902677E-16,-1.));
#80590=AXIS2_PLACEMENT_3D('',#80560,#80570,#80580);
#80600=PLANE('',#80590);
#80610=CARTESIAN_POINT('',(-2.80619597048117,1.15051562459262,
-1.40500000000001));
#80620=DIRECTION('',(-0.998856678503963,-0.0478051859951587,
-2.21224233204641E-16));
#80630=VECTOR('',#80620,1.);
#80640=LINE('',#80610,#80630);
#80650=CARTESIAN_POINT('',(-2.55048958896018,1.16275370778496,
-1.40500000000001));
#80660=VERTEX_POINT('',#80650);
#80670=EDGE_CURVE('',#80660,#61180,#80640,.T.);
#80680=ORIENTED_EDGE('',*,*,#80670,.F.);
#80690=EDGE_CURVE('',#61180,#18180,#10270,.T.);
#80700=ORIENTED_EDGE('',*,*,#80690,.F.);
#80710=ORIENTED_EDGE('',*,*,#18190,.F.);
#80720=CARTESIAN_POINT('',(-2.55048958896018,1.16275370778496,
-1.46000000000002));
#80730=DIRECTION('',(-4.89842541528951E-16,7.34763812293426E-16,1.));
#80740=VECTOR('',#80730,1.);
#80750=LINE('',#80720,#80740);
#80760=EDGE_CURVE('',#80660,#18100,#80750,.T.);
#80770=ORIENTED_EDGE('',*,*,#80760,.T.);
#80780=EDGE_LOOP('',(#80770,#80710,#80700,#80680));
#80790=FACE_OUTER_BOUND('',#80780,.T.);
#80800=ADVANCED_FACE('',(#80790),#80600,.F.);
#80810=CARTESIAN_POINT('',(-3.82048958896017,1.17533900000002,
-1.60000000000002));
#80820=DIRECTION('',(2.99932144364427E-32,7.34763812293426E-16,1.));
#80830=DIRECTION('',(1.22460635382237E-16,-1.,7.34763812293426E-16));
#80840=AXIS2_PLACEMENT_3D('',#80810,#80820,#80830);
#80850=CYLINDRICAL_SURFACE('',#80840,0.16);
#80860=CARTESIAN_POINT('',(-3.82048958896017,1.17533900000002,
-1.80500000000001));
#80870=DIRECTION('',(2.99932144364427E-32,7.34763812293426E-16,1.));
#80880=DIRECTION('',(1.22460635382237E-16,-1.,7.34763812293426E-16));
#80890=AXIS2_PLACEMENT_3D('',#80860,#80870,#80880);
#80900=CIRCLE('',#80890,0.16);
#80910=CARTESIAN_POINT('',(-3.76481194533165,1.32533899999994,
-1.80500000000001));
#80920=VERTEX_POINT('',#80910);
#80930=EDGE_CURVE('',#80920,#29950,#80900,.T.);
#80940=ORIENTED_EDGE('',*,*,#80930,.T.);
#80950=CARTESIAN_POINT('',(-3.76481194533165,1.32533899999994,
-1.60000000000002));
#80960=DIRECTION('',(2.99932144364427E-32,7.34763812293426E-16,1.));
#80970=VECTOR('',#80960,1.);
#80980=LINE('',#80950,#80970);
#80990=CARTESIAN_POINT('',(-3.76481194533165,1.32533899999994,
-1.65500000000002));
#81000=VERTEX_POINT('',#80990);
#81010=EDGE_CURVE('',#80920,#81000,#80980,.T.);
#81020=ORIENTED_EDGE('',*,*,#81010,.F.);
#81030=CARTESIAN_POINT('',(-3.82048958896017,1.17533900000002,
-1.65500000000002));
#81040=DIRECTION('',(2.99932144364427E-32,7.34763812293426E-16,1.));
#81050=DIRECTION('',(1.22460635382237E-16,-1.,7.34763812293426E-16));
#81060=AXIS2_PLACEMENT_3D('',#81030,#81040,#81050);
#81070=CIRCLE('',#81060,0.16);
#81080=EDGE_CURVE('',#81000,#29770,#81070,.T.);
#81090=ORIENTED_EDGE('',*,*,#81080,.F.);
#81100=ORIENTED_EDGE('',*,*,#30020,.T.);
#81110=EDGE_LOOP('',(#81100,#81090,#81020,#80940));
#81120=FACE_OUTER_BOUND('',#81110,.T.);
#81130=ADVANCED_FACE('',(#81120),#80850,.T.);
#81140=CARTESIAN_POINT('',(-2.91048958896005,1.16533900000002,
-7.13000000000001));
#81150=DIRECTION('',(-0.707106781186439,-0.707106781186656,
1.7318549141452E-16));
#81160=DIRECTION('',(-0.707106781186656,0.707106781186439,
-8.65927457071909E-16));
#81170=AXIS2_PLACEMENT_3D('',#81140,#81150,#81160);
#81180=PLANE('',#81170);
#81190=CARTESIAN_POINT('',(-2.86048958896031,1.1153390000003,
2.00000000000001));
#81200=DIRECTION('',(4.89842541528951E-16,-7.34763812293427E-16,-1.));
#81210=VECTOR('',#81200,1.);
#81220=LINE('',#81190,#81210);
#81230=CARTESIAN_POINT('',(-2.8604895889603,1.11533900000029,
-5.99999999999977));
#81240=VERTEX_POINT('',#81230);
#81250=EDGE_CURVE('',#8820,#81240,#81220,.T.);
#81260=ORIENTED_EDGE('',*,*,#81250,.F.);
#81270=CARTESIAN_POINT('',(-2.72048958896,0.97533899999978,
-5.85999999999999));
#81280=DIRECTION('',(-0.577350269189618,0.577350269189618,
-0.577350269189642));
#81290=VECTOR('',#81280,1.);
#81300=LINE('',#81270,#81290);
#81310=CARTESIAN_POINT('',(-2.88548958896,1.14033900000002,
-6.02499999999999));
#81320=VERTEX_POINT('',#81310);
#81330=EDGE_CURVE('',#81240,#81320,#81300,.T.);
#81340=ORIENTED_EDGE('',*,*,#81330,.F.);
#81350=CARTESIAN_POINT('',(-3.05048958896,1.30533900000003,
-5.85999999999999));
#81360=DIRECTION('',(0.577350269189594,-0.577350269189642,
-0.577350269189641));
#81370=VECTOR('',#81360,1.);
#81380=LINE('',#81350,#81370);
#81390=CARTESIAN_POINT('',(-2.91048958896018,1.16533899999994,
-6.00000000000007));
#81400=VERTEX_POINT('',#81390);
#81410=EDGE_CURVE('',#81400,#81320,#81380,.T.);
#81420=ORIENTED_EDGE('',*,*,#81410,.T.);
#81430=CARTESIAN_POINT('',(-2.91048958896022,1.16533899999998,0.));
#81440=DIRECTION('',(1.30348769786153E-15,-1.54840896862575E-15,-1.));
#81450=VECTOR('',#81440,1.);
#81460=LINE('',#81430,#81450);
#81470=EDGE_CURVE('',#2250,#81400,#81460,.T.);
#81480=ORIENTED_EDGE('',*,*,#81470,.T.);
#81490=ORIENTED_EDGE('',*,*,#2260,.F.);
#81500=ORIENTED_EDGE('',*,*,#8890,.T.);
#81510=EDGE_LOOP('',(#81500,#81490,#81480,#81420,#81340,#81260));
#81520=FACE_OUTER_BOUND('',#81510,.T.);
#81530=ADVANCED_FACE('',(#81520),#81180,.T.);
#81540=CARTESIAN_POINT('',(-3.97048958896013,1.10533899999992,
-0.455000000000025));
#81550=DIRECTION('',(4.68706735088987E-15,-1.,1.30533965173188E-15));
#81560=DIRECTION('',(-4.99731618650204E-15,-1.3053396517319E-15,-1.));
#81570=AXIS2_PLACEMENT_3D('',#81540,#81550,#81560);
#81580=PLANE('',#81570);
#81590=CARTESIAN_POINT('',(0.,1.10533899999994,0.194999999999998));
#81600=DIRECTION('',(-1.,-4.68706735088987E-15,2.44921270764475E-16));
#81610=VECTOR('',#81600,1.);
#81620=LINE('',#81590,#81610);
#81630=CARTESIAN_POINT('',(-3.84048958896012,1.10533899999992,
0.194999999999999));
#81640=VERTEX_POINT('',#81630);
#81650=CARTESIAN_POINT('',(-3.89311801710755,1.10533899999992,
0.194999999999999));
#81660=VERTEX_POINT('',#81650);
#81670=EDGE_CURVE('',#81640,#81660,#81620,.T.);
#81680=ORIENTED_EDGE('',*,*,#81670,.F.);
#81690=CARTESIAN_POINT('',(-3.89311801710759,1.10533899999992,0.));
#81700=DIRECTION('',(2.7447877754207E-17,1.30533965173188E-15,1.));
#81710=VECTOR('',#81700,1.);
#81720=LINE('',#81690,#81710);
#81730=CARTESIAN_POINT('',(-3.89311801710755,1.10533899999992,
-0.0549999999999984));
#81740=VERTEX_POINT('',#81730);
#81750=EDGE_CURVE('',#81740,#81660,#81720,.T.);
#81760=ORIENTED_EDGE('',*,*,#81750,.T.);
#81770=CARTESIAN_POINT('',(0.,1.10533899999993,-0.0549999999999993));
#81780=DIRECTION('',(1.,4.68706735088987E-15,-2.44921270764475E-16));
#81790=VECTOR('',#81780,1.);
#81800=LINE('',#81770,#81790);
#81810=CARTESIAN_POINT('',(-3.84048958896012,1.10533899999992,
-0.0549999999999983));
#81820=VERTEX_POINT('',#81810);
#81830=EDGE_CURVE('',#81740,#81820,#81800,.T.);
#81840=ORIENTED_EDGE('',*,*,#81830,.F.);
#81850=CARTESIAN_POINT('',(-3.84048958896013,1.10533899999992,
-0.459016121946764));
#81860=DIRECTION('',(4.99731618650204E-15,1.30533965173191E-15,1.));
#81870=VECTOR('',#81860,1.);
#81880=LINE('',#81850,#81870);
#81890=EDGE_CURVE('',#81820,#81640,#81880,.T.);
#81900=ORIENTED_EDGE('',*,*,#81890,.F.);
#81910=EDGE_LOOP('',(#81900,#81840,#81760,#81680));
#81920=FACE_OUTER_BOUND('',#81910,.T.);
#81930=ADVANCED_FACE('',(#81920),#81580,.F.);
#81940=CARTESIAN_POINT('',(-2.5734122031793,1.16165663364027,
-4.12519026233273));
#81950=DIRECTION('',(-0.0478051859951587,0.998856678503963,
-2.61923983611671E-16));
#81960=DIRECTION('',(-0.998856678503963,-0.0478051859951587,
-4.65888936702437E-16));
#81970=AXIS2_PLACEMENT_3D('',#81940,#81950,#81960);
#81980=PLANE('',#81970);
#81990=CARTESIAN_POINT('',(0.,1.28481989786295,-4.055));
#82000=DIRECTION('',(-0.998856678503962,-0.0478051859951633,
-4.57966997657877E-16));
#82010=VECTOR('',#82000,1.);
#82020=LINE('',#81990,#82010);
#82030=CARTESIAN_POINT('',(-2.550517389195,1.16275237726832,-4.055));
#82040=VERTEX_POINT('',#82030);
#82050=CARTESIAN_POINT('',(-2.63042592347529,1.15892796238875,-4.055));
#82060=VERTEX_POINT('',#82050);
#82070=EDGE_CURVE('',#82040,#82060,#82020,.T.);
#82080=ORIENTED_EDGE('',*,*,#82070,.T.);
#82090=EDGE_CURVE('',#82040,#47910,#10270,.T.);
#82100=ORIENTED_EDGE('',*,*,#82090,.F.);
#82110=ORIENTED_EDGE('',*,*,#47920,.F.);
#82120=CARTESIAN_POINT('',(-2.63042592347529,1.15892796238875,0.));
#82130=DIRECTION('',(-4.66159050635332E-16,2.39913461710685E-16,1.));
#82140=VECTOR('',#82130,1.);
#82150=LINE('',#82120,#82140);
#82160=EDGE_CURVE('',#82060,#47830,#82150,.T.);
#82170=ORIENTED_EDGE('',*,*,#82160,.T.);
#82180=EDGE_LOOP('',(#82170,#82110,#82100,#82080));
#82190=FACE_OUTER_BOUND('',#82180,.T.);
#82200=ADVANCED_FACE('',(#82190),#81980,.T.);
#82210=CARTESIAN_POINT('',(-2.63042592347532,1.15892796238874,
-3.19000000000001));
#82220=DIRECTION('',(-0.0478051859951587,0.998856678503963,
-7.57340754838453E-16));
#82230=DIRECTION('',(2.4534114631644E-16,-7.46465625902677E-16,-1.));
#82240=AXIS2_PLACEMENT_3D('',#82210,#82220,#82230);
#82250=PLANE('',#82240);
#82260=CARTESIAN_POINT('',(-2.80619597048117,1.15051562459262,
-3.40500000000001));
#82270=DIRECTION('',(-0.998856678503963,-0.0478051859951587,
-2.21224233204641E-16));
#82280=VECTOR('',#82270,1.);
#82290=LINE('',#82260,#82280);
#82300=CARTESIAN_POINT('',(-2.55048958896018,1.16275370778496,
-3.40500000000001));
#82310=VERTEX_POINT('',#82300);
#82320=CARTESIAN_POINT('',(-2.550517389195,1.16275237726832,
-3.40500000000001));
#82330=VERTEX_POINT('',#82320);
#82340=EDGE_CURVE('',#82310,#82330,#82290,.T.);
#82350=ORIENTED_EDGE('',*,*,#82340,.F.);
#82360=CARTESIAN_POINT('',(-2.55051738919501,1.16275237726832,
-3.25500000000002));
#82370=VERTEX_POINT('',#82360);
#82380=EDGE_CURVE('',#82330,#82370,#10270,.T.);
#82390=ORIENTED_EDGE('',*,*,#82380,.F.);
#82400=CARTESIAN_POINT('',(-2.80619597048117,1.15051562459262,
-3.25500000000002));
#82410=DIRECTION('',(0.998856678503963,0.0478051859951587,
6.07071179419843E-15));
#82420=VECTOR('',#82410,1.);
#82430=LINE('',#82400,#82420);
#82440=CARTESIAN_POINT('',(-2.55048958896018,1.16275370778496,
-3.25500000000002));
#82450=VERTEX_POINT('',#82440);
#82460=EDGE_CURVE('',#82370,#82450,#82430,.T.);
#82470=ORIENTED_EDGE('',*,*,#82460,.F.);
#82480=CARTESIAN_POINT('',(-2.55048958896018,1.16275370778496,
-3.46000000000002));
#82490=DIRECTION('',(-4.89842541528951E-16,7.34763812293426E-16,1.));
#82500=VECTOR('',#82490,1.);
#82510=LINE('',#82480,#82500);
#82520=EDGE_CURVE('',#82310,#82450,#82510,.T.);
#82530=ORIENTED_EDGE('',*,*,#82520,.T.);
#82540=EDGE_LOOP('',(#82530,#82470,#82390,#82350));
#82550=FACE_OUTER_BOUND('',#82540,.T.);
#82560=ADVANCED_FACE('',(#82550),#82250,.F.);
#82570=CARTESIAN_POINT('',(-3.97048958896018,1.10533899999996,
-5.13000000000002));
#82580=DIRECTION('',(1.22460635382237E-16,-1.,7.34763812293426E-16));
#82590=DIRECTION('',(-5.11977682188428E-15,-7.34763812293427E-16,-1.));
#82600=AXIS2_PLACEMENT_3D('',#82570,#82580,#82590);
#82610=PLANE('',#82600);
#82620=CARTESIAN_POINT('',(-3.89311801710755,1.10533899999996,0.));
#82630=DIRECTION('',(-4.89842541528951E-16,7.34763812293426E-16,1.));
#82640=VECTOR('',#82630,1.);
#82650=LINE('',#82620,#82640);
#82660=CARTESIAN_POINT('',(-3.89311801710755,1.10533899999996,
-5.25500000000002));
#82670=VERTEX_POINT('',#82660);
#82680=CARTESIAN_POINT('',(-3.89311801710755,1.10533899999996,
-5.00500000000002));
#82690=VERTEX_POINT('',#82680);
#82700=EDGE_CURVE('',#82670,#82690,#82650,.T.);
#82710=ORIENTED_EDGE('',*,*,#82700,.T.);
#82720=CARTESIAN_POINT('',(0.,1.10533899999993,-5.25500000000002));
#82730=DIRECTION('',(1.,4.68706735088987E-15,-4.33873497871557E-30));
#82740=VECTOR('',#82730,1.);
#82750=LINE('',#82720,#82740);
#82760=CARTESIAN_POINT('',(-3.84048958896023,1.10533899999991,
-5.25500000000002));
#82770=VERTEX_POINT('',#82760);
#82780=EDGE_CURVE('',#82670,#82770,#82750,.T.);
#82790=ORIENTED_EDGE('',*,*,#82780,.F.);
#82800=CARTESIAN_POINT('',(-3.8404895889602,1.10533899999992,0.));
#82810=DIRECTION('',(5.11977682188431E-15,7.34763812293452E-16,1.));
#82820=VECTOR('',#82810,1.);
#82830=LINE('',#82800,#82820);
#82840=CARTESIAN_POINT('',(-3.84048958896023,1.10533899999991,
-5.00500000000002));
#82850=VERTEX_POINT('',#82840);
#82860=EDGE_CURVE('',#82770,#82850,#82830,.T.);
#82870=ORIENTED_EDGE('',*,*,#82860,.F.);
#82880=CARTESIAN_POINT('',(0.,1.10533899999993,-5.00500000000002));
#82890=DIRECTION('',(1.,4.68706735088987E-15,-4.33873497871557E-30));
#82900=VECTOR('',#82890,1.);
#82910=LINE('',#82880,#82900);
#82920=EDGE_CURVE('',#82690,#82850,#82910,.T.);
#82930=ORIENTED_EDGE('',*,*,#82920,.T.);
#82940=EDGE_LOOP('',(#82930,#82870,#82790,#82710));
#82950=FACE_OUTER_BOUND('',#82940,.T.);
#82960=ADVANCED_FACE('',(#82950),#82610,.F.);
#82970=CARTESIAN_POINT('',(-2.63042592347532,1.15892796238874,
-4.26000000000001));
#82980=DIRECTION('',(-0.998856678503963,-0.0478051859951587,
-2.09375714424724E-16));
#82990=DIRECTION('',(2.3335277573826E-16,-4.95976818734186E-16,-1.));
#83000=AXIS2_PLACEMENT_3D('',#82970,#82980,#82990);
#83010=PLANE('',#83000);
#83020=ORIENTED_EDGE('',*,*,#47840,.F.);
#83030=CARTESIAN_POINT('',(-2.62786116081276,1.10533900000005,0.));
#83040=DIRECTION('',(2.44781098625805E-16,-7.34763812293425E-16,-1.));
#83050=VECTOR('',#83040,1.);
#83060=LINE('',#83030,#83050);
#83070=CARTESIAN_POINT('',(-2.62786116081272,1.10533900000005,-4.055));
#83080=VERTEX_POINT('',#83070);
#83090=EDGE_CURVE('',#47750,#83080,#83060,.T.);
#83100=ORIENTED_EDGE('',*,*,#83090,.F.);
#83110=CARTESIAN_POINT('',(-2.57495974099957,0.,-4.055));
#83120=DIRECTION('',(0.0478051859951633,-0.998856678503962,
7.56339435525888E-16));
#83130=VECTOR('',#83120,1.);
#83140=LINE('',#83110,#83130);
#83150=EDGE_CURVE('',#82060,#83080,#83140,.T.);
#83160=ORIENTED_EDGE('',*,*,#83150,.T.);
#83170=ORIENTED_EDGE('',*,*,#82160,.F.);
#83180=EDGE_LOOP('',(#83170,#83160,#83100,#83020));
#83190=FACE_OUTER_BOUND('',#83180,.T.);
#83200=ADVANCED_FACE('',(#83190),#83010,.T.);
#83210=CARTESIAN_POINT('',(-4.25048958896017,1.31533900000002,
-4.20500000000002));
#83220=DIRECTION('',(-1.,-1.22460635382238E-16,-2.44921270764475E-16));
#83230=DIRECTION('',(1.22460635382238E-16,-1.,7.34763812293427E-16));
#83240=AXIS2_PLACEMENT_3D('',#83210,#83220,#83230);
#83250=PLANE('',#83240);
#83260=CARTESIAN_POINT('',(-4.25048958896017,1.25533900000002,
-4.00000000000002));
#83270=DIRECTION('',(2.44921270764476E-16,-9.79685083057902E-16,-1.));
#83280=VECTOR('',#83270,1.);
#83290=LINE('',#83260,#83280);
#83300=CARTESIAN_POINT('',(-4.25048958896017,1.25533900000002,
-4.05500000000002));
#83310=VERTEX_POINT('',#83300);
#83320=EDGE_CURVE('',#83310,#26140,#83290,.T.);
#83330=ORIENTED_EDGE('',*,*,#83320,.F.);
#83340=ORIENTED_EDGE('',*,*,#26170,.F.);
#83350=CARTESIAN_POINT('',(-4.25048958896017,1.33533900000002,
-4.00000000000002));
#83360=DIRECTION('',(-2.44921270764476E-16,7.34763812293426E-16,1.));
#83370=VECTOR('',#83360,1.);
#83380=LINE('',#83350,#83370);
#83390=CARTESIAN_POINT('',(-4.25048958896017,1.33533900000002,
-4.05500000000002));
#83400=VERTEX_POINT('',#83390);
#83410=EDGE_CURVE('',#26160,#83400,#83380,.T.);
#83420=ORIENTED_EDGE('',*,*,#83410,.F.);
#83430=CARTESIAN_POINT('',(-4.25048958896017,0.12549053417596,
-4.05500000000002));
#83440=DIRECTION('',(1.22460635382237E-16,-1.,9.79685083057902E-16));
#83450=VECTOR('',#83440,1.);
#83460=LINE('',#83430,#83450);
#83470=EDGE_CURVE('',#83400,#83310,#83460,.T.);
#83480=ORIENTED_EDGE('',*,*,#83470,.F.);
#83490=EDGE_LOOP('',(#83480,#83420,#83340,#83330));
#83500=FACE_OUTER_BOUND('',#83490,.T.);
#83510=ADVANCED_FACE('',(#83500),#83250,.T.);
#83520=CARTESIAN_POINT('',(-2.27048958896017,1.31533900000001,
-2.45500000000001));
#83530=DIRECTION('',(1.,1.22460635382238E-16,4.89842541528951E-16));
#83540=DIRECTION('',(1.22460635382238E-16,-1.,7.34763812293426E-16));
#83550=AXIS2_PLACEMENT_3D('',#83520,#83530,#83540);
#83560=PLANE('',#83550);
#83570=CARTESIAN_POINT('',(-2.27048958896017,1.25533900000001,
-2.66000000000001));
#83580=DIRECTION('',(-4.89842541528951E-16,4.89842541528951E-16,1.));
#83590=VECTOR('',#83580,1.);
#83600=LINE('',#83570,#83590);
#83610=CARTESIAN_POINT('',(-2.27048958896017,1.25533900000001,
-2.60500000000001));
#83620=VERTEX_POINT('',#83610);
#83630=CARTESIAN_POINT('',(-2.27048958896017,1.25533900000001,
-2.45500000000002));
#83640=VERTEX_POINT('',#83630);
#83650=EDGE_CURVE('',#83620,#83640,#83600,.T.);
#83660=ORIENTED_EDGE('',*,*,#83650,.F.);
#83670=CARTESIAN_POINT('',(-2.27048958896017,0.125490534175956,
-2.45500000000002));
#83680=DIRECTION('',(-1.22460635382238E-16,1.,-4.89842541528951E-16));
#83690=VECTOR('',#83680,1.);
#83700=LINE('',#83670,#83690);
#83710=EDGE_CURVE('',#83640,#66410,#83700,.T.);
#83720=ORIENTED_EDGE('',*,*,#83710,.F.);
#83730=ORIENTED_EDGE('',*,*,#66420,.F.);
#83740=CARTESIAN_POINT('',(-2.27048958896017,0.125490534175956,
-2.60500000000001));
#83750=DIRECTION('',(1.22460635382238E-16,-1.,4.89842541528951E-16));
#83760=VECTOR('',#83750,1.);
#83770=LINE('',#83740,#83760);
#83780=EDGE_CURVE('',#66330,#83620,#83770,.T.);
#83790=ORIENTED_EDGE('',*,*,#83780,.F.);
#83800=EDGE_LOOP('',(#83790,#83730,#83720,#83660));
#83810=FACE_OUTER_BOUND('',#83800,.T.);
#83820=ADVANCED_FACE('',(#83810),#83560,.T.);
#83830=CARTESIAN_POINT('',(-2.55005725977674,1.30533899999996,
-5.25500000000002));
#83840=DIRECTION('',(6.09946190494249E-15,-4.89842541528943E-16,-1.));
#83850=DIRECTION('',(-1.,-1.31436849266552E-15,-6.09946190494249E-15));
#83860=AXIS2_PLACEMENT_3D('',#83830,#83840,#83850);
#83870=PLANE('',#83860);
#83880=ORIENTED_EDGE('',*,*,#21040,.T.);
#83890=CARTESIAN_POINT('',(-2.80619597048116,1.15051562459262,
-5.25500000000002));
#83900=DIRECTION('',(0.998856678503963,0.0478051859951587,
6.07071179419843E-15));
#83910=VECTOR('',#83900,1.);
#83920=LINE('',#83890,#83910);
#83930=EDGE_CURVE('',#29030,#20970,#83920,.T.);
#83940=ORIENTED_EDGE('',*,*,#83930,.T.);
#83950=ORIENTED_EDGE('',*,*,#29040,.T.);
#83960=CARTESIAN_POINT('',(-2.57495974099957,0.,-5.25500000000002));
#83970=DIRECTION('',(-0.0478051859951633,0.998856678503962,
-7.84095011141517E-16));
#83980=VECTOR('',#83970,1.);
#83990=LINE('',#83960,#83980);
#84000=CARTESIAN_POINT('',(-2.62786116081275,1.10533900000005,
-5.25500000000002));
#84010=VERTEX_POINT('',#84000);
#84020=EDGE_CURVE('',#84010,#29010,#83990,.T.);
#84030=ORIENTED_EDGE('',*,*,#84020,.T.);
#84040=CARTESIAN_POINT('',(0.,1.10533900000005,-5.25500000000001));
#84050=DIRECTION('',(1.,-9.46986586518797E-16,6.09946190494249E-15));
#84060=VECTOR('',#84050,1.);
#84070=LINE('',#84040,#84060);
#84080=CARTESIAN_POINT('',(-2.68048958896024,1.10533900000005,
-5.25500000000002));
#84090=VERTEX_POINT('',#84080);
#84100=EDGE_CURVE('',#84090,#84010,#84070,.T.);
#84110=ORIENTED_EDGE('',*,*,#84100,.T.);
#84120=CARTESIAN_POINT('',(0.,-1.57515058896016,-5.255));
#84130=DIRECTION('',(0.707106781186551,-0.707106781186544,
4.66293670342566E-15));
#84140=VECTOR('',#84130,1.);
#84150=LINE('',#84120,#84140);
#84160=CARTESIAN_POINT('',(-2.73048958896012,1.15533899999989,
-5.25500000000002));
#84170=VERTEX_POINT('',#84160);
#84180=EDGE_CURVE('',#84170,#84090,#84150,.T.);
#84190=ORIENTED_EDGE('',*,*,#84180,.T.);
#84200=CARTESIAN_POINT('',(-2.73048958896012,0.,-5.25500000000002));
#84210=DIRECTION('',(4.68706735088986E-15,-1.,4.89842541528971E-16));
#84220=VECTOR('',#84210,1.);
#84230=LINE('',#84200,#84220);
#84240=CARTESIAN_POINT('',(-2.73048958896013,1.32533899999994,
-5.25500000000002));
#84250=VERTEX_POINT('',#84240);
#84260=EDGE_CURVE('',#84250,#84170,#84230,.T.);
#84270=ORIENTED_EDGE('',*,*,#84260,.T.);
#84280=CARTESIAN_POINT('',(0.,1.32533899999994,-5.25500000000001));
#84290=DIRECTION('',(1.,1.63507259138096E-15,6.09946190494249E-15));
#84300=VECTOR('',#84290,1.);
#84310=LINE('',#84280,#84300);
#84320=EDGE_CURVE('',#69560,#84250,#84310,.T.);
#84330=ORIENTED_EDGE('',*,*,#84320,.T.);
#84340=ORIENTED_EDGE('',*,*,#69590,.F.);
#84350=CARTESIAN_POINT('',(-3.73147885254274,1.33533900000001,
-5.25500000000002));
#84360=DIRECTION('',(-1.,-1.22460635382238E-16,-2.44921270764476E-16));
#84370=VECTOR('',#84360,1.);
#84380=LINE('',#84350,#84370);
#84390=EDGE_CURVE('',#56550,#69580,#84380,.T.);
#84400=ORIENTED_EDGE('',*,*,#84390,.T.);
#84410=ORIENTED_EDGE('',*,*,#56560,.T.);
#84420=CARTESIAN_POINT('',(-3.73147885254274,1.25533900000001,
-5.25500000000002));
#84430=DIRECTION('',(-1.,-1.22460635382238E-16,-2.44921270764476E-16));
#84440=VECTOR('',#84430,1.);
#84450=LINE('',#84420,#84440);
#84460=EDGE_CURVE('',#56470,#20810,#84450,.T.);
#84470=ORIENTED_EDGE('',*,*,#84460,.F.);
#84480=EDGE_LOOP('',(#84470,#84410,#84400,#84340,#84330,#84270,#84190,
#84110,#84030,#83950,#83940,#83880));
#84490=FACE_OUTER_BOUND('',#84480,.T.);
#84500=ADVANCED_FACE('',(#84490),#83870,.F.);
#84510=CARTESIAN_POINT('',(-3.97048958896018,1.10533899999996,
-3.93000000000002));
#84520=DIRECTION('',(1.22460635382237E-16,-1.,7.34763812293426E-16));
#84530=DIRECTION('',(-5.11977682188428E-15,-7.34763812293427E-16,-1.));
#84540=AXIS2_PLACEMENT_3D('',#84510,#84520,#84530);
#84550=PLANE('',#84540);
#84560=CARTESIAN_POINT('',(-3.89311801710755,1.10533899999996,0.));
#84570=DIRECTION('',(-4.89842541528951E-16,7.34763812293426E-16,1.));
#84580=VECTOR('',#84570,1.);
#84590=LINE('',#84560,#84580);
#84600=CARTESIAN_POINT('',(-3.89311801710755,1.10533899999996,-4.055));
#84610=VERTEX_POINT('',#84600);
#84620=CARTESIAN_POINT('',(-3.89311801710755,1.10533899999996,
-3.80500000000001));
#84630=VERTEX_POINT('',#84620);
#84640=EDGE_CURVE('',#84610,#84630,#84590,.T.);
#84650=ORIENTED_EDGE('',*,*,#84640,.T.);
#84660=CARTESIAN_POINT('',(0.,1.10533899999993,-4.055));
#84670=DIRECTION('',(1.,4.68706735088987E-15,4.89842541528947E-16));
#84680=VECTOR('',#84670,1.);
#84690=LINE('',#84660,#84680);
#84700=CARTESIAN_POINT('',(-3.84048958896016,1.10533899999991,-4.055));
#84710=VERTEX_POINT('',#84700);
#84720=EDGE_CURVE('',#84610,#84710,#84690,.T.);
#84730=ORIENTED_EDGE('',*,*,#84720,.F.);
#84740=CARTESIAN_POINT('',(-3.84048958896018,1.10533899999992,0.));
#84750=DIRECTION('',(-5.11977682188431E-15,-7.34763812293452E-16,-1.));
#84760=VECTOR('',#84750,1.);
#84770=LINE('',#84740,#84760);
#84780=CARTESIAN_POINT('',(-3.84048958896018,1.10533899999991,
-3.80500000000001));
#84790=VERTEX_POINT('',#84780);
#84800=EDGE_CURVE('',#84790,#84710,#84770,.T.);
#84810=ORIENTED_EDGE('',*,*,#84800,.T.);
#84820=CARTESIAN_POINT('',(0.,1.10533899999993,-3.80500000000001));
#84830=DIRECTION('',(1.,4.68706735088987E-15,-4.33873497871557E-30));
#84840=VECTOR('',#84830,1.);
#84850=LINE('',#84820,#84840);
#84860=EDGE_CURVE('',#84630,#84790,#84850,.T.);
#84870=ORIENTED_EDGE('',*,*,#84860,.T.);
#84880=EDGE_LOOP('',(#84870,#84810,#84730,#84650));
#84890=FACE_OUTER_BOUND('',#84880,.T.);
#84900=ADVANCED_FACE('',(#84890),#84550,.F.);
#84910=CARTESIAN_POINT('',(-3.79048958896017,1.09533900000002,
-2.45500000000002));
#84920=DIRECTION('',(1.1997285774577E-31,-9.79685083057902E-16,-1.));
#84930=DIRECTION('',(1.,1.22460635382237E-16,-3.06534039071054E-46));
#84940=AXIS2_PLACEMENT_3D('',#84910,#84920,#84930);
#84950=PLANE('',#84940);
#84960=ORIENTED_EDGE('',*,*,#36820,.T.);
#84970=CARTESIAN_POINT('',(-4.25048958896017,0.125490534175962,
-2.45500000000001));
#84980=DIRECTION('',(1.22460635382237E-16,-1.,9.79685083057902E-16));
#84990=VECTOR('',#84980,1.);
#85000=LINE('',#84970,#84990);
#85010=CARTESIAN_POINT('',(-4.25048958896017,1.33533900000002,
-2.45500000000002));
#85020=VERTEX_POINT('',#85010);
#85030=EDGE_CURVE('',#85020,#36730,#85000,.T.);
#85040=ORIENTED_EDGE('',*,*,#85030,.T.);
#85050=CARTESIAN_POINT('',(-2.7895003253776,1.33533900000002,
-2.45500000000002));
#85060=DIRECTION('',(-1.,-1.22460635382238E-16,1.06826222965723E-32));
#85070=VECTOR('',#85060,1.);
#85080=LINE('',#85050,#85070);
#85090=CARTESIAN_POINT('',(-3.82048958896017,1.33533900000002,
-2.45500000000002));
#85100=VERTEX_POINT('',#85090);
#85110=EDGE_CURVE('',#85100,#85020,#85080,.T.);
#85120=ORIENTED_EDGE('',*,*,#85110,.T.);
#85130=CARTESIAN_POINT('',(-3.82048958896017,1.17533900000002,
-2.45500000000002));
#85140=DIRECTION('',(2.99932144364427E-32,7.34763812293426E-16,1.));
#85150=DIRECTION('',(1.22460635382237E-16,-1.,7.34763812293426E-16));
#85160=AXIS2_PLACEMENT_3D('',#85130,#85140,#85150);
#85170=CIRCLE('',#85160,0.16);
#85180=CARTESIAN_POINT('',(-3.76481194533165,1.32533899999994,
-2.45500000000002));
#85190=VERTEX_POINT('',#85180);
#85200=EDGE_CURVE('',#85190,#85100,#85170,.T.);
#85210=ORIENTED_EDGE('',*,*,#85200,.T.);
#85220=CARTESIAN_POINT('',(0.,1.32533899999994,-2.45500000000002));
#85230=DIRECTION('',(1.,1.63507259138096E-15,-1.28189897098414E-30));
#85240=VECTOR('',#85230,1.);
#85250=LINE('',#85220,#85240);
#85260=EDGE_CURVE('',#45410,#85190,#85250,.T.);
#85270=ORIENTED_EDGE('',*,*,#85260,.T.);
#85280=ORIENTED_EDGE('',*,*,#45420,.T.);
#85290=ORIENTED_EDGE('',*,*,#50450,.T.);
#85300=CARTESIAN_POINT('',(0.,1.10533899999993,-2.45500000000002));
#85310=DIRECTION('',(1.,4.68706735088987E-15,-4.33873497871557E-30));
#85320=VECTOR('',#85310,1.);
#85330=LINE('',#85300,#85320);
#85340=EDGE_CURVE('',#68530,#50440,#85330,.T.);
#85350=ORIENTED_EDGE('',*,*,#85340,.T.);
#85360=ORIENTED_EDGE('',*,*,#68540,.T.);
#85370=ORIENTED_EDGE('',*,*,#29620,.T.);
#85380=ORIENTED_EDGE('',*,*,#31790,.T.);
#85390=CARTESIAN_POINT('',(-3.97048958896016,0.765930490838865,
-2.45500000000002));
#85400=DIRECTION('',(-1.43185159909298E-15,-1.,9.79685083057902E-16));
#85410=VECTOR('',#85400,1.);
#85420=LINE('',#85390,#85410);
#85430=EDGE_CURVE('',#36810,#31720,#85420,.T.);
#85440=ORIENTED_EDGE('',*,*,#85430,.T.);
#85450=EDGE_LOOP('',(#85440,#85380,#85370,#85360,#85350,#85290,#85280,
#85270,#85210,#85120,#85040,#84960));
#85460=FACE_OUTER_BOUND('',#85450,.T.);
#85470=ADVANCED_FACE('',(#85460),#84950,.F.);
#85480=CARTESIAN_POINT('',(-3.82048958896017,1.17533900000002,
-5.20000000000002));
#85490=DIRECTION('',(2.99932144364427E-32,7.34763812293426E-16,1.));
#85500=DIRECTION('',(1.22460635382237E-16,-1.,7.34763812293426E-16));
#85510=AXIS2_PLACEMENT_3D('',#85480,#85490,#85500);
#85520=CYLINDRICAL_SURFACE('',#85510,0.16);
#85530=ORIENTED_EDGE('',*,*,#30690,.T.);
#85540=CARTESIAN_POINT('',(-3.76481194533164,1.32533899999993,
-5.20000000000002));
#85550=DIRECTION('',(2.99932144364427E-32,7.34763812293426E-16,1.));
#85560=VECTOR('',#85550,1.);
#85570=LINE('',#85540,#85560);
#85580=CARTESIAN_POINT('',(-3.76481194533164,1.32533899999993,
-5.25500000000002));
#85590=VERTEX_POINT('',#85580);
#85600=EDGE_CURVE('',#30590,#85590,#85570,.T.);
#85610=ORIENTED_EDGE('',*,*,#85600,.F.);
#85620=CARTESIAN_POINT('',(-3.82048958896017,1.17533900000002,
-5.25500000000002));
#85630=DIRECTION('',(2.99932144364427E-32,7.34763812293426E-16,1.));
#85640=DIRECTION('',(1.22460635382237E-16,-1.,7.34763812293426E-16));
#85650=AXIS2_PLACEMENT_3D('',#85620,#85630,#85640);
#85660=CIRCLE('',#85650,0.16);
#85670=EDGE_CURVE('',#85590,#64050,#85660,.T.);
#85680=ORIENTED_EDGE('',*,*,#85670,.F.);
#85690=ORIENTED_EDGE('',*,*,#64140,.T.);
#85700=EDGE_LOOP('',(#85690,#85680,#85610,#85530));
#85710=FACE_OUTER_BOUND('',#85700,.T.);
#85720=ADVANCED_FACE('',(#85710),#85520,.T.);
#85730=CARTESIAN_POINT('',(-3.97048958896016,1.16217151036779,
-5.13000000000002));
#85740=DIRECTION('',(-1.,1.43185159909298E-15,-7.34763812293427E-16));
#85750=DIRECTION('',(-1.43185159909298E-15,-1.,4.8984254152895E-16));
#85760=AXIS2_PLACEMENT_3D('',#85730,#85740,#85750);
#85770=PLANE('',#85760);
#85780=CARTESIAN_POINT('',(-3.97048958896016,1.25533900000002,0.));
#85790=DIRECTION('',(7.34763812293426E-16,-9.79685083057902E-16,-1.));
#85800=VECTOR('',#85790,1.);
#85810=LINE('',#85780,#85800);
#85820=CARTESIAN_POINT('',(-3.97048958896018,1.25533900000001,
-4.85500000000002));
#85830=VERTEX_POINT('',#85820);
#85840=CARTESIAN_POINT('',(-3.97048958896016,1.25533900000001,
-5.00500000000002));
#85850=VERTEX_POINT('',#85840);
#85860=EDGE_CURVE('',#85830,#85850,#85810,.T.);
#85870=ORIENTED_EDGE('',*,*,#85860,.T.);
#85880=CARTESIAN_POINT('',(-3.97048958896016,0.765930490838863,
-4.85500000000002));
#85890=DIRECTION('',(-1.43185159909298E-15,-1.,9.79685083057902E-16));
#85900=VECTOR('',#85890,1.);
#85910=LINE('',#85880,#85900);
#85920=EDGE_CURVE('',#85830,#63350,#85910,.T.);
#85930=ORIENTED_EDGE('',*,*,#85920,.F.);
#85940=ORIENTED_EDGE('',*,*,#63360,.F.);
#85950=CARTESIAN_POINT('',(-3.97048958896016,0.765930490838863,
-5.00500000000002));
#85960=DIRECTION('',(-1.43185159909298E-15,-1.,4.89842541528951E-16));
#85970=VECTOR('',#85960,1.);
#85980=LINE('',#85950,#85970);
#85990=EDGE_CURVE('',#85850,#63250,#85980,.T.);
#86000=ORIENTED_EDGE('',*,*,#85990,.T.);
#86010=EDGE_LOOP('',(#86000,#85940,#85930,#85870));
#86020=FACE_OUTER_BOUND('',#86010,.T.);
#86030=ADVANCED_FACE('',(#86020),#85770,.T.);
#86040=CARTESIAN_POINT('',(-2.57341220317929,1.16165663364027,
-4.12519026233275));
#86050=DIRECTION('',(-0.0478051859951587,0.998856678503963,
-5.06565230622445E-16));
#86060=DIRECTION('',(-0.998856678503963,-0.0478051859951587,
-4.5418042979937E-16));
#86070=AXIS2_PLACEMENT_3D('',#86040,#86050,#86060);
#86080=PLANE('',#86070);
#86090=CARTESIAN_POINT('',(-2.63042592347529,1.15892796238875,0.));
#86100=DIRECTION('',(-4.7785417095077E-16,4.84275005124934E-16,1.));
#86110=VECTOR('',#86100,1.);
#86120=LINE('',#86090,#86110);
#86130=CARTESIAN_POINT('',(-2.63042592347529,1.15892796238875,
-4.45500000000002));
#86140=VERTEX_POINT('',#86130);
#86150=EDGE_CURVE('',#86140,#67230,#86120,.T.);
#86160=ORIENTED_EDGE('',*,*,#86150,.T.);
#86170=CARTESIAN_POINT('',(0.,1.28481989786295,-4.455));
#86180=DIRECTION('',(0.998856678503962,0.0478051859951633,
6.07153216591882E-15));
#86190=VECTOR('',#86180,1.);
#86200=LINE('',#86170,#86190);
#86210=CARTESIAN_POINT('',(-2.550517389195,1.16275237726832,
-4.45500000000002));
#86220=VERTEX_POINT('',#86210);
#86230=EDGE_CURVE('',#86140,#86220,#86200,.T.);
#86240=ORIENTED_EDGE('',*,*,#86230,.F.);
#86250=EDGE_CURVE('',#86220,#67310,#10270,.T.);
#86260=ORIENTED_EDGE('',*,*,#86250,.F.);
#86270=ORIENTED_EDGE('',*,*,#67320,.F.);
#86280=EDGE_LOOP('',(#86270,#86260,#86240,#86160));
#86290=FACE_OUTER_BOUND('',#86280,.T.);
#86300=ADVANCED_FACE('',(#86290),#86080,.T.);
#86310=CARTESIAN_POINT('',(-3.89055325444502,1.15892796238875,
-5.47000000000002));
#86320=DIRECTION('',(0.0478051859951555,0.998856678503963,
-7.1050672722619E-16));
#86330=DIRECTION('',(-9.78705480155711E-16,7.58160746218114E-16,1.));
#86340=AXIS2_PLACEMENT_3D('',#86310,#86320,#86330);
#86350=PLANE('',#86340);
#86360=ORIENTED_EDGE('',*,*,#31090,.T.);
#86370=CARTESIAN_POINT('',(-3.97048958896016,1.16275370778497,
-5.46000000000002));
#86380=DIRECTION('',(7.34763812293426E-16,-7.46485721106813E-16,-1.));
#86390=VECTOR('',#86380,1.);
#86400=LINE('',#86370,#86390);
#86410=CARTESIAN_POINT('',(-3.97048958896016,1.16275370778497,
-5.25500000000002));
#86420=VERTEX_POINT('',#86410);
#86430=EDGE_CURVE('',#86420,#31000,#86400,.T.);
#86440=ORIENTED_EDGE('',*,*,#86430,.T.);
#86450=CARTESIAN_POINT('',(-2.80619597048116,1.10703072551715,
-5.25500000000002));
#86460=DIRECTION('',(0.998856678503963,-0.0478051859951555,
4.94831028438272E-17));
#86470=VECTOR('',#86460,1.);
#86480=LINE('',#86450,#86470);
#86490=CARTESIAN_POINT('',(-3.97046178872531,1.16275237726831,
-5.25500000000002));
#86500=VERTEX_POINT('',#86490);
#86510=EDGE_CURVE('',#86420,#86500,#86480,.T.);
#86520=ORIENTED_EDGE('',*,*,#86510,.F.);
#86530=CARTESIAN_POINT('',(-3.97046178872531,1.16275237726837,0.));
#86540=DIRECTION('',(-4.89842541528951E-16,7.34763812293426E-16,1.));
#86550=VECTOR('',#86540,1.);
#86560=LINE('',#86530,#86550);
#86570=EDGE_CURVE('',#31080,#86500,#86560,.T.);
#86580=ORIENTED_EDGE('',*,*,#86570,.T.);
#86590=EDGE_LOOP('',(#86580,#86520,#86440,#86360));
#86600=FACE_OUTER_BOUND('',#86590,.T.);
#86610=ADVANCED_FACE('',(#86600),#86350,.F.);
#86620=CARTESIAN_POINT('',(-4.30048958896017,1.33533900000002,
-1.25500000000002));
#86630=DIRECTION('',(-1.22460635382238E-16,1.,-7.34763812293426E-16));
#86640=DIRECTION('',(-2.44921270764476E-16,7.34763812293426E-16,1.));
#86650=AXIS2_PLACEMENT_3D('',#86620,#86630,#86640);
#86660=PLANE('',#86650);
#86670=ORIENTED_EDGE('',*,*,#33400,.F.);
#86680=CARTESIAN_POINT('',(-4.25048958896017,1.33533900000002,
-1.20000000000002));
#86690=DIRECTION('',(-2.44921270764476E-16,7.34763812293426E-16,1.));
#86700=VECTOR('',#86690,1.);
#86710=LINE('',#86680,#86700);
#86720=CARTESIAN_POINT('',(-4.25048958896017,1.33533900000002,
-1.40500000000001));
#86730=VERTEX_POINT('',#86720);
#86740=EDGE_CURVE('',#86730,#33310,#86710,.T.);
#86750=ORIENTED_EDGE('',*,*,#86740,.T.);
#86760=CARTESIAN_POINT('',(-2.7895003253776,1.33533900000002,
-1.40500000000001));
#86770=DIRECTION('',(1.,1.22460635382238E-16,-9.86076131526266E-32));
#86780=VECTOR('',#86770,1.);
#86790=LINE('',#86760,#86780);
#86800=EDGE_CURVE('',#86730,#52940,#86790,.T.);
#86810=ORIENTED_EDGE('',*,*,#86800,.F.);
#86820=ORIENTED_EDGE('',*,*,#53080,.F.);
#86830=EDGE_LOOP('',(#86820,#86810,#86750,#86670));
#86840=FACE_OUTER_BOUND('',#86830,.T.);
#86850=ADVANCED_FACE('',(#86840),#86660,.T.);
#86860=CARTESIAN_POINT('',(-2.55048958896016,1.10533899999996,-3.93));
#86870=DIRECTION('',(1.22460635382238E-16,-1.,4.89842541528951E-16));
#86880=DIRECTION('',(4.87485555111981E-15,4.89842541528952E-16,1.));
#86890=AXIS2_PLACEMENT_3D('',#86860,#86870,#86880);
#86900=PLANE('',#86890);
#86910=ORIENTED_EDGE('',*,*,#83090,.T.);
#86920=ORIENTED_EDGE('',*,*,#47760,.F.);
#86930=ORIENTED_EDGE('',*,*,#24180,.T.);
#86940=CARTESIAN_POINT('',(0.,1.10533900000005,-4.055));
#86950=DIRECTION('',(-1.,9.46986586518801E-16,-4.89842541528952E-16));
#86960=VECTOR('',#86950,1.);
#86970=LINE('',#86940,#86960);
#86980=EDGE_CURVE('',#83080,#24110,#86970,.T.);
#86990=ORIENTED_EDGE('',*,*,#86980,.T.);
#87000=EDGE_LOOP('',(#86990,#86930,#86920,#86910));
#87010=FACE_OUTER_BOUND('',#87000,.T.);
#87020=ADVANCED_FACE('',(#87010),#86900,.F.);
#87030=CARTESIAN_POINT('',(-2.70548958896018,1.13033899999996,
-1.59250000000001));
#87040=DIRECTION('',(0.707106781186547,0.707106781186548,
-4.13978538315925E-15));
#87050=DIRECTION('',(0.707106781186548,-0.707106781186547,
-3.0593036896375E-15));
#87060=AXIS2_PLACEMENT_3D('',#87030,#87040,#87050);
#87070=PLANE('',#87060);
#87080=CARTESIAN_POINT('',(0.,-1.57515058896016,-1.40500000000001));
#87090=DIRECTION('',(-0.707106781186551,0.707106781186544,
-4.71844785465692E-16));
#87100=VECTOR('',#87090,1.);
#87110=LINE('',#87080,#87100);
#87120=CARTESIAN_POINT('',(-2.68048958896016,1.10533899999998,
-1.40500000000001));
#87130=VERTEX_POINT('',#87120);
#87140=EDGE_CURVE('',#87130,#14230,#87110,.T.);
#87150=ORIENTED_EDGE('',*,*,#87140,.F.);
#87160=ORIENTED_EDGE('',*,*,#14260,.F.);
#87170=CARTESIAN_POINT('',(0.,-1.57515058896016,-1.65499999999999));
#87180=DIRECTION('',(0.707106781186551,-0.707106781186544,
4.66293670342566E-15));
#87190=VECTOR('',#87180,1.);
#87200=LINE('',#87170,#87190);
#87210=CARTESIAN_POINT('',(-2.68048958896024,1.10533900000005,
-1.65500000000001));
#87220=VERTEX_POINT('',#87210);
#87230=EDGE_CURVE('',#14250,#87220,#87200,.T.);
#87240=ORIENTED_EDGE('',*,*,#87230,.F.);
#87250=CARTESIAN_POINT('',(-2.68048958896015,1.10533899999996,0.));
#87260=DIRECTION('',(-4.89842541528951E-16,7.34763812293426E-16,1.));
#87270=VECTOR('',#87260,1.);
#87280=LINE('',#87250,#87270);
#87290=EDGE_CURVE('',#87220,#87130,#87280,.T.);
#87300=ORIENTED_EDGE('',*,*,#87290,.F.);
#87310=EDGE_LOOP('',(#87300,#87240,#87160,#87150));
#87320=FACE_OUTER_BOUND('',#87310,.T.);
#87330=ADVANCED_FACE('',(#87320),#87070,.T.);
#87340=CARTESIAN_POINT('',(-2.22048958896017,1.25533900000001,
-3.65500000000001));
#87350=DIRECTION('',(1.22460635382238E-16,-1.,4.89842541528951E-16));
#87360=DIRECTION('',(-4.89842541528951E-16,4.89842541528951E-16,1.));
#87370=AXIS2_PLACEMENT_3D('',#87340,#87350,#87360);
#87380=PLANE('',#87370);
#87390=CARTESIAN_POINT('',(-3.73147885254274,1.25533900000001,
-3.65500000000002));
#87400=DIRECTION('',(-1.,-1.22460635382238E-16,-2.44921270764476E-16));
#87410=VECTOR('',#87400,1.);
#87420=LINE('',#87390,#87410);
#87430=CARTESIAN_POINT('',(-2.27048958896017,1.25533900000001,
-3.65500000000002));
#87440=VERTEX_POINT('',#87430);
#87450=CARTESIAN_POINT('',(-2.55048958896018,1.25533900000001,
-3.65500000000001));
#87460=VERTEX_POINT('',#87450);
#87470=EDGE_CURVE('',#87440,#87460,#87420,.T.);
#87480=ORIENTED_EDGE('',*,*,#87470,.T.);
#87490=CARTESIAN_POINT('',(-2.27048958896017,1.25533900000001,
-3.86000000000001));
#87500=DIRECTION('',(-4.89842541528951E-16,4.89842541528951E-16,1.));
#87510=VECTOR('',#87500,1.);
#87520=LINE('',#87490,#87510);
#87530=EDGE_CURVE('',#48150,#87440,#87520,.T.);
#87540=ORIENTED_EDGE('',*,*,#87530,.T.);
#87550=ORIENTED_EDGE('',*,*,#48160,.F.);
#87560=CARTESIAN_POINT('',(-2.55048958896018,1.25533900000001,0.));
#87570=DIRECTION('',(-4.89842541528951E-16,4.89842541528951E-16,1.));
#87580=VECTOR('',#87570,1.);
#87590=LINE('',#87560,#87580);
#87600=EDGE_CURVE('',#48070,#87460,#87590,.T.);
#87610=ORIENTED_EDGE('',*,*,#87600,.F.);
#87620=EDGE_LOOP('',(#87610,#87550,#87540,#87480));
#87630=FACE_OUTER_BOUND('',#87620,.T.);
#87640=ADVANCED_FACE('',(#87630),#87380,.T.);
#87650=CARTESIAN_POINT('',(-2.73048958896017,1.09533900000001,
-2.20500000000002));
#87660=DIRECTION('',(-2.44921270764476E-16,4.89842541528951E-16,1.));
#87670=DIRECTION('',(-1.,-1.22460635382238E-16,-2.44921270764476E-16));
#87680=AXIS2_PLACEMENT_3D('',#87650,#87660,#87670);
#87690=PLANE('',#87680);
#87700=CARTESIAN_POINT('',(-3.73147885254274,1.25533900000001,
-2.20500000000002));
#87710=DIRECTION('',(-1.,-1.22460635382238E-16,-2.44921270764476E-16));
#87720=VECTOR('',#87710,1.);
#87730=LINE('',#87700,#87720);
#87740=CARTESIAN_POINT('',(-2.55048958896018,1.25533900000001,
-2.20500000000002));
#87750=VERTEX_POINT('',#87740);
#87760=EDGE_CURVE('',#72200,#87750,#87730,.T.);
#87770=ORIENTED_EDGE('',*,*,#87760,.T.);
#87780=ORIENTED_EDGE('',*,*,#72450,.T.);
#87790=ORIENTED_EDGE('',*,*,#72850,.T.);
#87800=CARTESIAN_POINT('',(-2.70048958896017,1.17533900000001,
-2.20500000000002));
#87810=DIRECTION('',(2.44921270764476E-16,-7.34763812293426E-16,-1.));
#87820=DIRECTION('',(1.22460635382238E-16,-1.,7.34763812293426E-16));
#87830=AXIS2_PLACEMENT_3D('',#87800,#87810,#87820);
#87840=CIRCLE('',#87830,0.16);
#87850=CARTESIAN_POINT('',(-2.75616723258866,1.32533899999994,
-2.20500000000002));
#87860=VERTEX_POINT('',#87850);
#87870=EDGE_CURVE('',#87860,#72840,#87840,.T.);
#87880=ORIENTED_EDGE('',*,*,#87870,.T.);
#87890=CARTESIAN_POINT('',(0.,1.32533899999994,-2.20500000000002));
#87900=DIRECTION('',(-1.,-1.63507259138096E-15,-2.44921270764475E-16));
#87910=VECTOR('',#87900,1.);
#87920=LINE('',#87890,#87910);
#87930=EDGE_CURVE('',#73280,#87860,#87920,.T.);
#87940=ORIENTED_EDGE('',*,*,#87930,.T.);
#87950=ORIENTED_EDGE('',*,*,#73530,.T.);
#87960=CARTESIAN_POINT('',(0.,-1.57515058896016,-2.20500000000002));
#87970=DIRECTION('',(-0.707106781186551,0.707106781186544,
-4.71844785465692E-16));
#87980=VECTOR('',#87970,1.);
#87990=LINE('',#87960,#87980);
#88000=CARTESIAN_POINT('',(-2.68048958896016,1.10533899999998,
-2.20500000000002));
#88010=VERTEX_POINT('',#88000);
#88020=EDGE_CURVE('',#88010,#73460,#87990,.T.);
#88030=ORIENTED_EDGE('',*,*,#88020,.T.);
#88040=CARTESIAN_POINT('',(0.,1.10533900000005,-2.20500000000002));
#88050=DIRECTION('',(-1.,9.46986586518801E-16,-2.44921270764476E-16));
#88060=VECTOR('',#88050,1.);
#88070=LINE('',#88040,#88060);
#88080=CARTESIAN_POINT('',(-2.62786116081273,1.10533900000005,
-2.20500000000002));
#88090=VERTEX_POINT('',#88080);
#88100=EDGE_CURVE('',#88090,#88010,#88070,.T.);
#88110=ORIENTED_EDGE('',*,*,#88100,.T.);
#88120=CARTESIAN_POINT('',(-2.57495974099957,0.,-2.20500000000002));
#88130=DIRECTION('',(0.0478051859951633,-0.998856678503962,
4.9960036108132E-16));
#88140=VECTOR('',#88130,1.);
#88150=LINE('',#88120,#88140);
#88160=EDGE_CURVE('',#77870,#88090,#88150,.T.);
#88170=ORIENTED_EDGE('',*,*,#88160,.T.);
#88180=ORIENTED_EDGE('',*,*,#77880,.T.);
#88190=CARTESIAN_POINT('',(-2.80619597048117,1.15051562459262,
-2.20500000000002));
#88200=DIRECTION('',(-0.998856678503963,-0.0478051859951587,
-2.21224233204641E-16));
#88210=VECTOR('',#88200,1.);
#88220=LINE('',#88190,#88210);
#88230=CARTESIAN_POINT('',(-2.55048958896018,1.16275370778496,
-2.20500000000002));
#88240=VERTEX_POINT('',#88230);
#88250=EDGE_CURVE('',#88240,#77790,#88220,.T.);
#88260=ORIENTED_EDGE('',*,*,#88250,.T.);
#88270=CARTESIAN_POINT('',(-2.55048958896018,0.765930490838865,
-2.20500000000002));
#88280=DIRECTION('',(1.67677286985746E-15,-1.,4.89842541528951E-16));
#88290=VECTOR('',#88280,1.);
#88300=LINE('',#88270,#88290);
#88310=EDGE_CURVE('',#87750,#88240,#88300,.T.);
#88320=ORIENTED_EDGE('',*,*,#88310,.T.);
#88330=EDGE_LOOP('',(#88320,#88260,#88180,#88170,#88110,#88030,#87950,
#87940,#87880,#87790,#87780,#87770));
#88340=FACE_OUTER_BOUND('',#88330,.T.);
#88350=ADVANCED_FACE('',(#88340),#87690,.F.);
#88360=CARTESIAN_POINT('',(-2.55048958896018,1.10533899999995,
-5.13000000000001));
#88370=DIRECTION('',(1.22460635382237E-16,-1.,7.34763812293426E-16));
#88380=DIRECTION('',(5.11977682188428E-15,7.34763812293427E-16,1.));
#88390=AXIS2_PLACEMENT_3D('',#88360,#88370,#88380);
#88400=PLANE('',#88390);
#88410=CARTESIAN_POINT('',(-2.62786116081275,1.10533900000005,0.));
#88420=DIRECTION('',(-1.66186616931225E-16,7.34763812293425E-16,1.));
#88430=VECTOR('',#88420,1.);
#88440=LINE('',#88410,#88430);
#88450=EDGE_CURVE('',#84010,#54050,#88440,.T.);
#88460=ORIENTED_EDGE('',*,*,#88450,.F.);
#88470=ORIENTED_EDGE('',*,*,#54060,.F.);
#88480=CARTESIAN_POINT('',(-2.68048958896014,1.10533899999995,0.));
#88490=DIRECTION('',(-4.89842541528951E-16,7.34763812293426E-16,1.));
#88500=VECTOR('',#88490,1.);
#88510=LINE('',#88480,#88500);
#88520=EDGE_CURVE('',#84090,#53950,#88510,.T.);
#88530=ORIENTED_EDGE('',*,*,#88520,.T.);
#88540=ORIENTED_EDGE('',*,*,#84100,.F.);
#88550=EDGE_LOOP('',(#88540,#88530,#88470,#88460));
#88560=FACE_OUTER_BOUND('',#88550,.T.);
#88570=ADVANCED_FACE('',(#88560),#88400,.F.);
#88580=CARTESIAN_POINT('',(-3.79048958896017,1.09533900000001,-4.055));
#88590=DIRECTION('',(4.89842541528951E-16,-7.34763812293426E-16,-1.));
#88600=DIRECTION('',(1.,1.22460635382238E-16,4.89842541528951E-16));
#88610=AXIS2_PLACEMENT_3D('',#88580,#88590,#88600);
#88620=PLANE('',#88610);
#88630=CARTESIAN_POINT('',(-2.78950032537759,1.25533900000002,
-4.05500000000002));
#88640=DIRECTION('',(1.,1.22460635382237E-16,-1.06826222965723E-32));
#88650=VECTOR('',#88640,1.);
#88660=LINE('',#88630,#88650);
#88670=EDGE_CURVE('',#83310,#47120,#88660,.T.);
#88680=ORIENTED_EDGE('',*,*,#88670,.T.);
#88690=ORIENTED_EDGE('',*,*,#83470,.T.);
#88700=CARTESIAN_POINT('',(-2.78950032537759,1.33533900000002,
-4.05500000000002));
#88710=DIRECTION('',(-1.,-1.22460635382238E-16,1.06826222965723E-32));
#88720=VECTOR('',#88710,1.);
#88730=LINE('',#88700,#88720);
#88740=CARTESIAN_POINT('',(-3.82048958896017,1.33533900000002,
-4.05500000000002));
#88750=VERTEX_POINT('',#88740);
#88760=EDGE_CURVE('',#88750,#83400,#88730,.T.);
#88770=ORIENTED_EDGE('',*,*,#88760,.T.);
#88780=CARTESIAN_POINT('',(-3.82048958896017,1.17533900000002,
-4.05500000000002));
#88790=DIRECTION('',(2.99932144364427E-32,7.34763812293426E-16,1.));
#88800=DIRECTION('',(1.22460635382237E-16,-1.,7.34763812293426E-16));
#88810=AXIS2_PLACEMENT_3D('',#88780,#88790,#88800);
#88820=CIRCLE('',#88810,0.16);
#88830=CARTESIAN_POINT('',(-3.76481194533164,1.32533899999994,
-4.05500000000002));
#88840=VERTEX_POINT('',#88830);
#88850=EDGE_CURVE('',#88840,#88750,#88820,.T.);
#88860=ORIENTED_EDGE('',*,*,#88850,.T.);
#88870=CARTESIAN_POINT('',(0.,1.32533899999994,-4.055));
#88880=DIRECTION('',(1.,1.63507259138096E-15,4.8984254152895E-16));
#88890=VECTOR('',#88880,1.);
#88900=LINE('',#88870,#88890);
#88910=EDGE_CURVE('',#22070,#88840,#88900,.T.);
#88920=ORIENTED_EDGE('',*,*,#88910,.T.);
#88930=ORIENTED_EDGE('',*,*,#22080,.T.);
#88940=CARTESIAN_POINT('',(-4.94582858896002,0.,-4.055));
#88950=DIRECTION('',(0.707106781186544,0.707106781186551,
-2.22044604925031E-16));
#88960=VECTOR('',#88950,1.);
#88970=LINE('',#88940,#88960);
#88980=EDGE_CURVE('',#84710,#21990,#88970,.T.);
#88990=ORIENTED_EDGE('',*,*,#88980,.T.);
#89000=ORIENTED_EDGE('',*,*,#84720,.T.);
#89010=CARTESIAN_POINT('',(-3.94601943692068,0.,-4.055));
#89020=DIRECTION('',(-0.0478051859951539,-0.998856678503963,
7.11236625150491E-16));
#89030=VECTOR('',#89020,1.);
#89040=LINE('',#89010,#89030);
#89050=CARTESIAN_POINT('',(-3.89055325444502,1.15892796238871,-4.055));
#89060=VERTEX_POINT('',#89050);
#89070=EDGE_CURVE('',#89060,#84610,#89040,.T.);
#89080=ORIENTED_EDGE('',*,*,#89070,.T.);
#89090=CARTESIAN_POINT('',(0.,0.972726452246774,-4.055));
#89100=DIRECTION('',(0.998856678503963,-0.0478051859951539,
5.30825383648903E-16));
#89110=VECTOR('',#89100,1.);
#89120=LINE('',#89090,#89110);
#89130=CARTESIAN_POINT('',(-3.97046178872531,1.16275237726835,-4.055));
#89140=VERTEX_POINT('',#89130);
#89150=EDGE_CURVE('',#89140,#89060,#89120,.T.);
#89160=ORIENTED_EDGE('',*,*,#89150,.T.);
#89170=CARTESIAN_POINT('',(-3.71478320743917,1.15051562459262,-4.055));
#89180=DIRECTION('',(0.998856678503963,-0.0478051859951585,
5.24408014730746E-16));
#89190=VECTOR('',#89180,1.);
#89200=LINE('',#89170,#89190);
#89210=EDGE_CURVE('',#47200,#89140,#89200,.T.);
#89220=ORIENTED_EDGE('',*,*,#89210,.T.);
#89230=ORIENTED_EDGE('',*,*,#47210,.T.);
#89240=EDGE_LOOP('',(#89230,#89220,#89160,#89080,#89000,#88990,#88930,
#88920,#88860,#88770,#88690,#88680));
#89250=FACE_OUTER_BOUND('',#89240,.T.);
#89260=ADVANCED_FACE('',(#89250),#88620,.F.);
#89270=CARTESIAN_POINT('',(-2.73048958896012,1.15533899999992,0.));
#89280=DIRECTION('',(4.89842541528977E-16,-6.34438317570668E-15,-1.));
#89290=VECTOR('',#89280,1.);
#89300=LINE('',#89270,#89290);
#89310=EDGE_CURVE('',#53970,#84170,#89300,.T.);
#89320=ORIENTED_EDGE('',*,*,#89310,.T.);
#89330=ORIENTED_EDGE('',*,*,#54670,.F.);
#89340=EDGE_CURVE('',#54600,#84250,#14390,.T.);
#89350=ORIENTED_EDGE('',*,*,#89340,.F.);
#89360=ORIENTED_EDGE('',*,*,#84260,.F.);
#89370=EDGE_LOOP('',(#89360,#89350,#89330,#89320));
#89380=FACE_OUTER_BOUND('',#89370,.T.);
#89390=ADVANCED_FACE('',(#89380),#14170,.T.);
#89400=CARTESIAN_POINT('',(-3.79048958896017,1.09533900000002,
-5.25500000000002));
#89410=DIRECTION('',(1.1997285774577E-31,-9.79685083057902E-16,-1.));
#89420=DIRECTION('',(1.,1.22460635382237E-16,-3.06534039071054E-46));
#89430=AXIS2_PLACEMENT_3D('',#89400,#89410,#89420);
#89440=PLANE('',#89430);
#89450=CARTESIAN_POINT('',(-2.78950032537759,1.25533900000002,
-5.25500000000002));
#89460=DIRECTION('',(1.,1.22460635382237E-16,-1.06826222965723E-32));
#89470=VECTOR('',#89460,1.);
#89480=LINE('',#89450,#89470);
#89490=CARTESIAN_POINT('',(-3.97048958896018,1.25533900000001,
-5.25500000000002));
#89500=VERTEX_POINT('',#89490);
#89510=EDGE_CURVE('',#61970,#89500,#89480,.T.);
#89520=ORIENTED_EDGE('',*,*,#89510,.T.);
#89530=ORIENTED_EDGE('',*,*,#62130,.T.);
#89540=ORIENTED_EDGE('',*,*,#64060,.T.);
#89550=ORIENTED_EDGE('',*,*,#85670,.T.);
#89560=CARTESIAN_POINT('',(0.,1.32533899999994,-5.25500000000002));
#89570=DIRECTION('',(1.,1.63507259138096E-15,-1.28189897098414E-30));
#89580=VECTOR('',#89570,1.);
#89590=LINE('',#89560,#89580);
#89600=CARTESIAN_POINT('',(-3.79048958896013,1.32533899999993,
-5.25500000000002));
#89610=VERTEX_POINT('',#89600);
#89620=EDGE_CURVE('',#89610,#85590,#89590,.T.);
#89630=ORIENTED_EDGE('',*,*,#89620,.T.);
#89640=CARTESIAN_POINT('',(-3.79048958896012,0.,-5.25500000000002));
#89650=DIRECTION('',(-4.68706735088986E-15,1.,-9.79685083057902E-16));
#89660=VECTOR('',#89650,1.);
#89670=LINE('',#89640,#89660);
#89680=CARTESIAN_POINT('',(-3.79048958896013,1.15533899999991,
-5.25500000000002));
#89690=VERTEX_POINT('',#89680);
#89700=EDGE_CURVE('',#89690,#89610,#89670,.T.);
#89710=ORIENTED_EDGE('',*,*,#89700,.T.);
#89720=CARTESIAN_POINT('',(-4.94582858896002,0.,-5.25500000000002));
#89730=DIRECTION('',(0.707106781186544,0.707106781186551,
-6.93889390390723E-16));
#89740=VECTOR('',#89730,1.);
#89750=LINE('',#89720,#89740);
#89760=EDGE_CURVE('',#82770,#89690,#89750,.T.);
#89770=ORIENTED_EDGE('',*,*,#89760,.T.);
#89780=ORIENTED_EDGE('',*,*,#82780,.T.);
#89790=CARTESIAN_POINT('',(-3.94601943692068,0.,-5.25500000000002));
#89800=DIRECTION('',(-0.0478051859951539,-0.998856678503963,
9.74914593498966E-16));
#89810=VECTOR('',#89800,1.);
#89820=LINE('',#89790,#89810);
#89830=CARTESIAN_POINT('',(-3.89055325444501,1.15892796238871,
-5.25500000000002));
#89840=VERTEX_POINT('',#89830);
#89850=EDGE_CURVE('',#89840,#82670,#89820,.T.);
#89860=ORIENTED_EDGE('',*,*,#89850,.T.);
#89870=CARTESIAN_POINT('',(0.,0.972726452246773,-5.25500000000002));
#89880=DIRECTION('',(0.998856678503963,-0.0478051859951539,
4.5102810375397E-17));
#89890=VECTOR('',#89880,1.);
#89900=LINE('',#89870,#89890);
#89910=EDGE_CURVE('',#86500,#89840,#89900,.T.);
#89920=ORIENTED_EDGE('',*,*,#89910,.T.);
#89930=ORIENTED_EDGE('',*,*,#86510,.T.);
#89940=CARTESIAN_POINT('',(-3.97048958896016,0.765930490838863,
-5.25500000000002));
#89950=DIRECTION('',(-1.43185159909298E-15,-1.,9.79685083057902E-16));
#89960=VECTOR('',#89950,1.);
#89970=LINE('',#89940,#89960);
#89980=EDGE_CURVE('',#89500,#86420,#89970,.T.);
#89990=ORIENTED_EDGE('',*,*,#89980,.T.);
#90000=EDGE_LOOP('',(#89990,#89930,#89920,#89860,#89780,#89770,#89710,
#89630,#89550,#89540,#89530,#89520));
#90010=FACE_OUTER_BOUND('',#90000,.T.);
#90020=ADVANCED_FACE('',(#90010),#89440,.F.);
#90030=CARTESIAN_POINT('',(-3.97048958896016,1.16217151036779,
-1.53000000000002));
#90040=DIRECTION('',(-1.,1.43185159909298E-15,-7.34763812293427E-16));
#90050=DIRECTION('',(-1.43185159909298E-15,-1.,4.8984254152895E-16));
#90060=AXIS2_PLACEMENT_3D('',#90030,#90040,#90050);
#90070=PLANE('',#90060);
#90080=CARTESIAN_POINT('',(-3.97048958896016,1.25533900000002,0.));
#90090=DIRECTION('',(7.34763812293426E-16,-9.79685083057902E-16,-1.));
#90100=VECTOR('',#90090,1.);
#90110=LINE('',#90080,#90100);
#90120=CARTESIAN_POINT('',(-3.97048958896016,1.25533900000001,
-1.40500000000002));
#90130=VERTEX_POINT('',#90120);
#90140=EDGE_CURVE('',#33150,#90130,#90110,.T.);
#90150=ORIENTED_EDGE('',*,*,#90140,.T.);
#90160=ORIENTED_EDGE('',*,*,#33160,.F.);
#90170=CARTESIAN_POINT('',(-3.97048958896016,1.16275370778497,
-1.46000000000002));
#90180=DIRECTION('',(7.34763812293426E-16,-7.46485721106813E-16,-1.));
#90190=VECTOR('',#90180,1.);
#90200=LINE('',#90170,#90190);
#90210=CARTESIAN_POINT('',(-3.97048958896016,1.16275370778497,
-1.40500000000002));
#90220=VERTEX_POINT('',#90210);
#90230=EDGE_CURVE('',#33070,#90220,#90200,.T.);
#90240=ORIENTED_EDGE('',*,*,#90230,.F.);
#90250=CARTESIAN_POINT('',(-3.97048958896016,0.765930490838865,
-1.40500000000002));
#90260=DIRECTION('',(-1.43185159909298E-15,-1.,4.89842541528951E-16));
#90270=VECTOR('',#90260,1.);
#90280=LINE('',#90250,#90270);
#90290=EDGE_CURVE('',#90130,#90220,#90280,.T.);
#90300=ORIENTED_EDGE('',*,*,#90290,.T.);
#90310=EDGE_LOOP('',(#90300,#90240,#90160,#90150));
#90320=FACE_OUTER_BOUND('',#90310,.T.);
#90330=ADVANCED_FACE('',(#90320),#90070,.T.);
#90340=CARTESIAN_POINT('',(-3.33625420622574,1.26042068432362,
-1.80500000000001));
#90350=DIRECTION('',(2.44921270764476E-16,-4.89842541528951E-16,-1.));
#90360=DIRECTION('',(1.,1.22460635382238E-16,2.44921270764476E-16));
#90370=AXIS2_PLACEMENT_3D('',#90340,#90350,#90360);
#90380=PLANE('',#90370);
#90390=CARTESIAN_POINT('',(0.,1.32533899999994,-1.80500000000001));
#90400=DIRECTION('',(1.,1.63507259138096E-15,2.44921270764475E-16));
#90410=VECTOR('',#90400,1.);
#90420=LINE('',#90390,#90410);
#90430=EDGE_CURVE('',#68930,#80920,#90420,.T.);
#90440=ORIENTED_EDGE('',*,*,#90430,.F.);
#90450=ORIENTED_EDGE('',*,*,#80930,.F.);
#90460=ORIENTED_EDGE('',*,*,#29960,.T.);
#90470=ORIENTED_EDGE('',*,*,#77150,.T.);
#90480=CARTESIAN_POINT('',(-2.7895003253776,1.25533900000002,
-1.80500000000001));
#90490=DIRECTION('',(1.,1.22460635382237E-16,-9.86076131526265E-32));
#90500=VECTOR('',#90490,1.);
#90510=LINE('',#90480,#90500);
#90520=EDGE_CURVE('',#77080,#47450,#90510,.T.);
#90530=ORIENTED_EDGE('',*,*,#90520,.F.);
#90540=ORIENTED_EDGE('',*,*,#47590,.F.);
#90550=ORIENTED_EDGE('',*,*,#44680,.F.);
#90560=CARTESIAN_POINT('',(0.,0.972726452246775,-1.80500000000001));
#90570=DIRECTION('',(0.998856678503963,-0.0478051859951539,
2.63677968348475E-16));
#90580=VECTOR('',#90570,1.);
#90590=LINE('',#90560,#90580);
#90600=EDGE_CURVE('',#44670,#28480,#90590,.T.);
#90610=ORIENTED_EDGE('',*,*,#90600,.F.);
#90620=ORIENTED_EDGE('',*,*,#28490,.F.);
#90630=CARTESIAN_POINT('',(0.,1.10533899999993,-1.80500000000001));
#90640=DIRECTION('',(1.,4.68706735088987E-15,2.44921270764474E-16));
#90650=VECTOR('',#90640,1.);
#90660=LINE('',#90630,#90650);
#90670=CARTESIAN_POINT('',(-3.84048958896018,1.10533899999992,
-1.80500000000001));
#90680=VERTEX_POINT('',#90670);
#90690=EDGE_CURVE('',#28400,#90680,#90660,.T.);
#90700=ORIENTED_EDGE('',*,*,#90690,.F.);
#90710=CARTESIAN_POINT('',(-4.94582858896003,0.,-1.80500000000001));
#90720=DIRECTION('',(0.707106781186544,0.707106781186551,
-1.38777878078145E-16));
#90730=VECTOR('',#90720,1.);
#90740=LINE('',#90710,#90730);
#90750=EDGE_CURVE('',#90680,#68790,#90740,.T.);
#90760=ORIENTED_EDGE('',*,*,#90750,.F.);
#90770=ORIENTED_EDGE('',*,*,#69000,.F.);
#90780=EDGE_LOOP('',(#90770,#90760,#90700,#90620,#90610,#90550,#90540,
#90530,#90470,#90460,#90450,#90440));
#90790=FACE_OUTER_BOUND('',#90780,.T.);
#90800=ADVANCED_FACE('',(#90790),#90380,.T.);
#90810=CARTESIAN_POINT('',(-3.97048958896016,1.16217151036779,
-2.73000000000002));
#90820=DIRECTION('',(-1.,1.43185159909298E-15,-7.34763812293427E-16));
#90830=DIRECTION('',(-1.43185159909298E-15,-1.,4.8984254152895E-16));
#90840=AXIS2_PLACEMENT_3D('',#90810,#90820,#90830);
#90850=PLANE('',#90840);
#90860=ORIENTED_EDGE('',*,*,#36880,.T.);
#90870=ORIENTED_EDGE('',*,*,#85430,.F.);
#90880=ORIENTED_EDGE('',*,*,#31730,.F.);
#90890=CARTESIAN_POINT('',(-3.97048958896016,0.765930490838864,
-2.60500000000001));
#90900=DIRECTION('',(-1.43185159909298E-15,-1.,4.89842541528951E-16));
#90910=VECTOR('',#90900,1.);
#90920=LINE('',#90890,#90910);
#90930=EDGE_CURVE('',#36650,#31620,#90920,.T.);
#90940=ORIENTED_EDGE('',*,*,#90930,.T.);
#90950=EDGE_LOOP('',(#90940,#90880,#90870,#90860));
#90960=FACE_OUTER_BOUND('',#90950,.T.);
#90970=ADVANCED_FACE('',(#90960),#90850,.T.);
#90980=CARTESIAN_POINT('',(-3.97048958896016,1.10533899999995,-4.33));
#90990=DIRECTION('',(1.22460635382238E-16,-1.,4.89842541528951E-16));
#91000=DIRECTION('',(-4.87485555111981E-15,-4.89842541528952E-16,-1.));
#91010=AXIS2_PLACEMENT_3D('',#90980,#90990,#91000);
#91020=PLANE('',#91010);
#91030=ORIENTED_EDGE('',*,*,#21820,.T.);
#91040=ORIENTED_EDGE('',*,*,#70210,.F.);
#91050=ORIENTED_EDGE('',*,*,#59920,.F.);
#91060=ORIENTED_EDGE('',*,*,#26560,.T.);
#91070=EDGE_LOOP('',(#91060,#91050,#91040,#91030));
#91080=FACE_OUTER_BOUND('',#91070,.T.);
#91090=ADVANCED_FACE('',(#91080),#91020,.F.);
#91100=CARTESIAN_POINT('',(-3.94756697474104,1.16165663364028,
-1.33480973766728));
#91110=DIRECTION('',(0.0478051859951585,0.998856678503963,
-9.72990758345263E-16));
#91120=DIRECTION('',(0.998856678503963,-0.0478051859951585,
2.79790224206995E-16));
#91130=AXIS2_PLACEMENT_3D('',#91100,#91110,#91120);
#91140=PLANE('',#91130);
#91150=CARTESIAN_POINT('',(0.,0.972726452246776,-1.40500000000001));
#91160=DIRECTION('',(0.998856678503963,-0.0478051859951539,
4.5102810375397E-17));
#91170=VECTOR('',#91160,1.);
#91180=LINE('',#91150,#91170);
#91190=CARTESIAN_POINT('',(-3.97046178872531,1.16275237726837,
-1.40500000000002));
#91200=VERTEX_POINT('',#91190);
#91210=EDGE_CURVE('',#91200,#45670,#91180,.T.);
#91220=ORIENTED_EDGE('',*,*,#91210,.T.);
#91230=CARTESIAN_POINT('',(-3.97046178872531,1.16275237726837,0.));
#91240=DIRECTION('',(-4.77294443600546E-16,9.96947739777356E-16,1.));
#91250=VECTOR('',#91240,1.);
#91260=LINE('',#91230,#91250);
#91270=EDGE_CURVE('',#44830,#91200,#91260,.T.);
#91280=ORIENTED_EDGE('',*,*,#91270,.T.);
#91290=CARTESIAN_POINT('',(0.,0.972726452246775,-1.65500000000002));
#91300=DIRECTION('',(0.998856678503963,-0.0478051859951539,
4.5102810375397E-17));
#91310=VECTOR('',#91300,1.);
#91320=LINE('',#91290,#91310);
#91330=EDGE_CURVE('',#44830,#45770,#91320,.T.);
#91340=ORIENTED_EDGE('',*,*,#91330,.F.);
#91350=ORIENTED_EDGE('',*,*,#45780,.F.);
#91360=EDGE_LOOP('',(#91350,#91340,#91280,#91220));
#91370=FACE_OUTER_BOUND('',#91360,.T.);
#91380=ADVANCED_FACE('',(#91370),#91140,.T.);
#91390=CARTESIAN_POINT('',(-4.30048958896017,1.25533900000002,
-4.20500000000002));
#91400=DIRECTION('',(1.22460635382237E-16,-1.,9.79685083057902E-16));
#91410=DIRECTION('',(2.44921270764476E-16,-9.79685083057902E-16,-1.));
#91420=AXIS2_PLACEMENT_3D('',#91390,#91400,#91410);
#91430=PLANE('',#91420);
#91440=ORIENTED_EDGE('',*,*,#26250,.T.);
#91450=ORIENTED_EDGE('',*,*,#83320,.T.);
#91460=ORIENTED_EDGE('',*,*,#88670,.F.);
#91470=ORIENTED_EDGE('',*,*,#47130,.F.);
#91480=EDGE_LOOP('',(#91470,#91460,#91450,#91440));
#91490=FACE_OUTER_BOUND('',#91480,.T.);
#91500=ADVANCED_FACE('',(#91490),#91430,.T.);
#91510=CARTESIAN_POINT('',(-2.70548958896018,1.13033899999996,
-1.06750000000002));
#91520=DIRECTION('',(0.707106781186547,0.707106781186548,
-4.13978538315925E-15));
#91530=DIRECTION('',(0.707106781186548,-0.707106781186547,
-3.0593036896375E-15));
#91540=AXIS2_PLACEMENT_3D('',#91510,#91520,#91530);
#91550=PLANE('',#91540);
#91560=ORIENTED_EDGE('',*,*,#70830,.F.);
#91570=ORIENTED_EDGE('',*,*,#18510,.T.);
#91580=ORIENTED_EDGE('',*,*,#76900,.F.);
#91590=CARTESIAN_POINT('',(0.,-1.57515058896016,-1.00500000000001));
#91600=DIRECTION('',(-0.707106781186551,0.707106781186544,
-4.71844785465692E-16));
#91610=VECTOR('',#91600,1.);
#91620=LINE('',#91590,#91610);
#91630=EDGE_CURVE('',#76830,#70820,#91620,.T.);
#91640=ORIENTED_EDGE('',*,*,#91630,.F.);
#91650=EDGE_LOOP('',(#91640,#91580,#91570,#91560));
#91660=FACE_OUTER_BOUND('',#91650,.T.);
#91670=ADVANCED_FACE('',(#91660),#91550,.T.);
#91680=CARTESIAN_POINT('',(-3.81548958896018,1.13033899999996,
-1.59250000000002));
#91690=DIRECTION('',(0.707106781186548,-0.707106781186547,
-3.10067243467293E-15));
#91700=DIRECTION('',(-0.707106781186547,-0.707106781186548,
4.09841663812382E-15));
#91710=AXIS2_PLACEMENT_3D('',#91680,#91690,#91700);
#91720=PLANE('',#91710);
#91730=ORIENTED_EDGE('',*,*,#77400,.T.);
#91740=CARTESIAN_POINT('',(-4.94582858896003,0.,-1.40500000000001));
#91750=DIRECTION('',(0.707106781186544,0.707106781186551,
-6.93889390390723E-16));
#91760=VECTOR('',#91750,1.);
#91770=LINE('',#91740,#91760);
#91780=CARTESIAN_POINT('',(-3.84048958896018,1.10533899999992,
-1.40500000000001));
#91790=VERTEX_POINT('',#91780);
#91800=EDGE_CURVE('',#91790,#77370,#91770,.T.);
#91810=ORIENTED_EDGE('',*,*,#91800,.T.);
#91820=CARTESIAN_POINT('',(-3.84048958896022,1.10533899999992,0.));
#91830=DIRECTION('',(5.11977682188431E-15,7.34763812293452E-16,1.));
#91840=VECTOR('',#91830,1.);
#91850=LINE('',#91820,#91840);
#91860=CARTESIAN_POINT('',(-3.84048958896022,1.10533899999992,
-1.65500000000002));
#91870=VERTEX_POINT('',#91860);
#91880=EDGE_CURVE('',#91870,#91790,#91850,.T.);
#91890=ORIENTED_EDGE('',*,*,#91880,.T.);
#91900=CARTESIAN_POINT('',(-4.94582858896003,0.,-1.65500000000002));
#91910=DIRECTION('',(0.707106781186544,0.707106781186551,
-6.93889390390723E-16));
#91920=VECTOR('',#91910,1.);
#91930=LINE('',#91900,#91920);
#91940=EDGE_CURVE('',#91870,#77390,#91930,.T.);
#91950=ORIENTED_EDGE('',*,*,#91940,.F.);
#91960=EDGE_LOOP('',(#91950,#91890,#91810,#91730));
#91970=FACE_OUTER_BOUND('',#91960,.T.);
#91980=ADVANCED_FACE('',(#91970),#91720,.F.);
#91990=CARTESIAN_POINT('',(-2.63042592347532,1.15892796238875,
-1.99000000000001));
#92000=DIRECTION('',(-0.0478051859951587,0.998856678503963,
-7.57340754838453E-16));
#92010=DIRECTION('',(2.4534114631644E-16,-7.46465625902677E-16,-1.));
#92020=AXIS2_PLACEMENT_3D('',#91990,#92000,#92010);
#92030=PLANE('',#92020);
#92040=ORIENTED_EDGE('',*,*,#88250,.F.);
#92050=EDGE_CURVE('',#77790,#60150,#10270,.T.);
#92060=ORIENTED_EDGE('',*,*,#92050,.F.);
#92070=CARTESIAN_POINT('',(-2.80619597048117,1.15051562459262,
-2.05500000000002));
#92080=DIRECTION('',(0.998856678503963,0.0478051859951587,
6.07071179419843E-15));
#92090=VECTOR('',#92080,1.);
#92100=LINE('',#92070,#92090);
#92110=CARTESIAN_POINT('',(-2.55048958896018,1.16275370778496,
-2.05500000000002));
#92120=VERTEX_POINT('',#92110);
#92130=EDGE_CURVE('',#60150,#92120,#92100,.T.);
#92140=ORIENTED_EDGE('',*,*,#92130,.F.);
#92150=CARTESIAN_POINT('',(-2.55048958896018,1.16275370778496,
-2.26000000000002));
#92160=DIRECTION('',(-4.89842541528951E-16,7.34763812293426E-16,1.));
#92170=VECTOR('',#92160,1.);
#92180=LINE('',#92150,#92170);
#92190=EDGE_CURVE('',#88240,#92120,#92180,.T.);
#92200=ORIENTED_EDGE('',*,*,#92190,.T.);
#92210=EDGE_LOOP('',(#92200,#92140,#92060,#92040));
#92220=FACE_OUTER_BOUND('',#92210,.T.);
#92230=ADVANCED_FACE('',(#92220),#92030,.F.);
#92240=CARTESIAN_POINT('',(-2.62860368742196,1.12085358585773,
-2.65277578828196));
#92250=DIRECTION('',(0.998856678503963,0.0478051859951587,
1.30871091490535E-16));
#92260=DIRECTION('',(-0.0478051859951587,0.998856678503963,
-7.57340754838453E-16));
#92270=AXIS2_PLACEMENT_3D('',#92240,#92250,#92260);
#92280=PLANE('',#92270);
#92290=CARTESIAN_POINT('',(-2.57495974099957,0.,-2.45500000000002));
#92300=DIRECTION('',(-0.0478051859951633,0.998856678503962,
-7.84095011141517E-16));
#92310=VECTOR('',#92300,1.);
#92320=LINE('',#92290,#92310);
#92330=CARTESIAN_POINT('',(-2.62786116081276,1.10533900000005,
-2.45500000000002));
#92340=VERTEX_POINT('',#92330);
#92350=EDGE_CURVE('',#92340,#77730,#92320,.T.);
#92360=ORIENTED_EDGE('',*,*,#92350,.F.);
#92370=ORIENTED_EDGE('',*,*,#77940,.F.);
#92380=ORIENTED_EDGE('',*,*,#88160,.F.);
#92390=CARTESIAN_POINT('',(-2.62786116081276,1.10533900000005,0.));
#92400=DIRECTION('',(-1.66186616931225E-16,7.34763812293425E-16,1.));
#92410=VECTOR('',#92400,1.);
#92420=LINE('',#92390,#92410);
#92430=EDGE_CURVE('',#92340,#88090,#92420,.T.);
#92440=ORIENTED_EDGE('',*,*,#92430,.T.);
#92450=EDGE_LOOP('',(#92440,#92380,#92370,#92360));
#92460=FACE_OUTER_BOUND('',#92450,.T.);
#92470=ADVANCED_FACE('',(#92460),#92280,.F.);
#92480=CARTESIAN_POINT('',(-2.62860368742196,1.12085358585773,
-3.85277578828196));
#92490=DIRECTION('',(0.998856678503963,0.0478051859951587,
1.30871091490535E-16));
#92500=DIRECTION('',(-0.0478051859951587,0.998856678503963,
-7.57340754838453E-16));
#92510=AXIS2_PLACEMENT_3D('',#92480,#92490,#92500);
#92520=PLANE('',#92510);
#92530=CARTESIAN_POINT('',(-2.57495974099957,0.,-3.65500000000002));
#92540=DIRECTION('',(0.0478051859951633,-0.998856678503962,
4.9960036108132E-16));
#92550=VECTOR('',#92540,1.);
#92560=LINE('',#92530,#92550);
#92570=CARTESIAN_POINT('',(-2.63042592347529,1.15892796238874,
-3.65500000000002));
#92580=VERTEX_POINT('',#92570);
#92590=CARTESIAN_POINT('',(-2.62786116081276,1.10533900000005,
-3.65500000000002));
#92600=VERTEX_POINT('',#92590);
#92610=EDGE_CURVE('',#92580,#92600,#92560,.T.);
#92620=ORIENTED_EDGE('',*,*,#92610,.T.);
#92630=CARTESIAN_POINT('',(-2.63042592347529,1.15892796238875,0.));
#92640=DIRECTION('',(-4.7785417095077E-16,4.84275005124934E-16,1.));
#92650=VECTOR('',#92640,1.);
#92660=LINE('',#92630,#92650);
#92670=CARTESIAN_POINT('',(-2.63042592347529,1.15892796238874,
-3.40500000000002));
#92680=VERTEX_POINT('',#92670);
#92690=EDGE_CURVE('',#92580,#92680,#92660,.T.);
#92700=ORIENTED_EDGE('',*,*,#92690,.F.);
#92710=CARTESIAN_POINT('',(-2.57495974099957,0.,-3.40500000000002));
#92720=DIRECTION('',(0.0478051859951633,-0.998856678503962,
4.9960036108132E-16));
#92730=VECTOR('',#92720,1.);
#92740=LINE('',#92710,#92730);
#92750=CARTESIAN_POINT('',(-2.62786116081276,1.10533900000005,
-3.40500000000001));
#92760=VERTEX_POINT('',#92750);
#92770=EDGE_CURVE('',#92680,#92760,#92740,.T.);
#92780=ORIENTED_EDGE('',*,*,#92770,.F.);
#92790=CARTESIAN_POINT('',(-2.62786116081276,1.10533900000005,0.));
#92800=DIRECTION('',(-1.66186616931225E-16,7.34763812293425E-16,1.));
#92810=VECTOR('',#92800,1.);
#92820=LINE('',#92790,#92810);
#92830=EDGE_CURVE('',#92600,#92760,#92820,.T.);
#92840=ORIENTED_EDGE('',*,*,#92830,.T.);
#92850=EDGE_LOOP('',(#92840,#92780,#92700,#92620));
#92860=FACE_OUTER_BOUND('',#92850,.T.);
#92870=ADVANCED_FACE('',(#92860),#92520,.F.);
#92880=CARTESIAN_POINT('',(-4.30048958896017,1.33533900000002,
-2.45500000000002));
#92890=DIRECTION('',(-1.22460635382238E-16,1.,-7.34763812293426E-16));
#92900=DIRECTION('',(-2.44921270764476E-16,7.34763812293426E-16,1.));
#92910=AXIS2_PLACEMENT_3D('',#92880,#92890,#92900);
#92920=PLANE('',#92910);
#92930=ORIENTED_EDGE('',*,*,#85110,.F.);
#92940=CARTESIAN_POINT('',(-4.25048958896017,1.33533900000002,
-2.40000000000002));
#92950=DIRECTION('',(-2.44921270764476E-16,7.34763812293426E-16,1.));
#92960=VECTOR('',#92950,1.);
#92970=LINE('',#92940,#92960);
#92980=CARTESIAN_POINT('',(-4.25048958896017,1.33533900000002,
-2.60500000000001));
#92990=VERTEX_POINT('',#92980);
#93000=EDGE_CURVE('',#92990,#85020,#92970,.T.);
#93010=ORIENTED_EDGE('',*,*,#93000,.T.);
#93020=CARTESIAN_POINT('',(-2.7895003253776,1.33533900000002,
-2.60500000000001));
#93030=DIRECTION('',(1.,1.22460635382238E-16,-9.86076131526266E-32));
#93040=VECTOR('',#93030,1.);
#93050=LINE('',#93020,#93040);
#93060=CARTESIAN_POINT('',(-3.82048958896017,1.33533900000002,
-2.60500000000001));
#93070=VERTEX_POINT('',#93060);
#93080=EDGE_CURVE('',#92990,#93070,#93050,.T.);
#93090=ORIENTED_EDGE('',*,*,#93080,.F.);
#93100=CARTESIAN_POINT('',(-3.82048958896017,1.33533900000002,
-2.40000000000002));
#93110=DIRECTION('',(2.99932144364427E-32,7.34763812293426E-16,1.));
#93120=VECTOR('',#93110,1.);
#93130=LINE('',#93100,#93120);
#93140=EDGE_CURVE('',#93070,#85100,#93130,.T.);
#93150=ORIENTED_EDGE('',*,*,#93140,.F.);
#93160=EDGE_LOOP('',(#93150,#93090,#93010,#92930));
#93170=FACE_OUTER_BOUND('',#93160,.T.);
#93180=ADVANCED_FACE('',(#93170),#92920,.T.);
#93190=CARTESIAN_POINT('',(-3.33625420622574,1.26042068432362,
-2.60500000000001));
#93200=DIRECTION('',(2.44921270764476E-16,-4.89842541528951E-16,-1.));
#93210=DIRECTION('',(1.,1.22460635382238E-16,2.44921270764476E-16));
#93220=AXIS2_PLACEMENT_3D('',#93190,#93200,#93210);
#93230=PLANE('',#93220);
#93240=CARTESIAN_POINT('',(0.,1.32533899999994,-2.60500000000001));
#93250=DIRECTION('',(1.,1.63507259138096E-15,2.44921270764475E-16));
#93260=VECTOR('',#93250,1.);
#93270=LINE('',#93240,#93260);
#93280=CARTESIAN_POINT('',(-3.79048958896013,1.32533899999994,
-2.60500000000001));
#93290=VERTEX_POINT('',#93280);
#93300=CARTESIAN_POINT('',(-3.76481194533165,1.32533899999994,
-2.60500000000001));
#93310=VERTEX_POINT('',#93300);
#93320=EDGE_CURVE('',#93290,#93310,#93270,.T.);
#93330=ORIENTED_EDGE('',*,*,#93320,.F.);
#93340=CARTESIAN_POINT('',(-3.82048958896017,1.17533900000002,
-2.60500000000001));
#93350=DIRECTION('',(2.99932144364427E-32,7.34763812293426E-16,1.));
#93360=DIRECTION('',(1.22460635382237E-16,-1.,7.34763812293426E-16));
#93370=AXIS2_PLACEMENT_3D('',#93340,#93350,#93360);
#93380=CIRCLE('',#93370,0.16);
#93390=EDGE_CURVE('',#93310,#93070,#93380,.T.);
#93400=ORIENTED_EDGE('',*,*,#93390,.F.);
#93410=ORIENTED_EDGE('',*,*,#93080,.T.);
#93420=CARTESIAN_POINT('',(-4.25048958896017,0.125490534175962,
-2.60500000000001));
#93430=DIRECTION('',(-1.22460635382237E-16,1.,-9.79685083057902E-16));
#93440=VECTOR('',#93430,1.);
#93450=LINE('',#93420,#93440);
#93460=EDGE_CURVE('',#36630,#92990,#93450,.T.);
#93470=ORIENTED_EDGE('',*,*,#93460,.T.);
#93480=ORIENTED_EDGE('',*,*,#36660,.F.);
#93490=ORIENTED_EDGE('',*,*,#90930,.F.);
#93500=ORIENTED_EDGE('',*,*,#31650,.F.);
#93510=CARTESIAN_POINT('',(0.,0.972726452246775,-2.60500000000001));
#93520=DIRECTION('',(0.998856678503963,-0.0478051859951539,
2.63677968348475E-16));
#93530=VECTOR('',#93520,1.);
#93540=LINE('',#93510,#93530);
#93550=EDGE_CURVE('',#31640,#71670,#93540,.T.);
#93560=ORIENTED_EDGE('',*,*,#93550,.F.);
#93570=ORIENTED_EDGE('',*,*,#71680,.F.);
#93580=CARTESIAN_POINT('',(0.,1.10533899999993,-2.60500000000001));
#93590=DIRECTION('',(1.,4.68706735088987E-15,2.44921270764474E-16));
#93600=VECTOR('',#93590,1.);
#93610=LINE('',#93580,#93600);
#93620=CARTESIAN_POINT('',(-3.84048958896022,1.10533899999991,
-2.60500000000001));
#93630=VERTEX_POINT('',#93620);
#93640=EDGE_CURVE('',#71590,#93630,#93610,.T.);
#93650=ORIENTED_EDGE('',*,*,#93640,.F.);
#93660=CARTESIAN_POINT('',(-4.94582858896003,0.,-2.60500000000001));
#93670=DIRECTION('',(0.707106781186544,0.707106781186551,
-1.38777878078145E-16));
#93680=VECTOR('',#93670,1.);
#93690=LINE('',#93660,#93680);
#93700=CARTESIAN_POINT('',(-3.79048958896018,1.15533899999986,
-2.60500000000002));
#93710=VERTEX_POINT('',#93700);
#93720=EDGE_CURVE('',#93630,#93710,#93690,.T.);
#93730=ORIENTED_EDGE('',*,*,#93720,.F.);
#93740=CARTESIAN_POINT('',(-3.79048958896012,0.,-2.60500000000001));
#93750=DIRECTION('',(-4.68706735088986E-15,1.,-4.89842541528952E-16));
#93760=VECTOR('',#93750,1.);
#93770=LINE('',#93740,#93760);
#93780=EDGE_CURVE('',#93710,#93290,#93770,.T.);
#93790=ORIENTED_EDGE('',*,*,#93780,.F.);
#93800=EDGE_LOOP('',(#93790,#93730,#93650,#93570,#93560,#93500,#93490,
#93480,#93470,#93410,#93400,#93330));
#93810=FACE_OUTER_BOUND('',#93800,.T.);
#93820=ADVANCED_FACE('',(#93810),#93230,.T.);
#93830=CARTESIAN_POINT('',(-2.83048958896013,1.29533899999997,
0.560000000000002));
#93840=DIRECTION('',(1.,9.53209544576146E-32,4.89842541528951E-16));
#93850=DIRECTION('',(-4.89842541528951E-16,2.44921270764476E-16,1.));
#93860=AXIS2_PLACEMENT_3D('',#93830,#93840,#93850);
#93870=PLANE('',#93860);
#93880=ORIENTED_EDGE('',*,*,#34840,.T.);
#93890=CARTESIAN_POINT('',(-2.83048958896014,0.,0.480000000000003));
#93900=DIRECTION('',(0.,-1.,2.44921270764476E-16));
#93910=VECTOR('',#93900,1.);
#93920=LINE('',#93890,#93910);
#93930=EDGE_CURVE('',#18980,#34770,#93920,.T.);
#93940=ORIENTED_EDGE('',*,*,#93930,.T.);
#93950=ORIENTED_EDGE('',*,*,#19260,.T.);
#93960=CARTESIAN_POINT('',(-2.83048958896013,1.07174830106818,
0.500000000000005));
#93970=DIRECTION('',(1.,9.53209544576146E-32,4.89842541528951E-16));
#93980=DIRECTION('',(-2.46519032881567E-32,-1.,2.44921270764476E-16));
#93990=AXIS2_PLACEMENT_3D('',#93960,#93970,#93980);
#94000=ELLIPSE('',#93990,0.0344093010681705,0.02);
#94010=CARTESIAN_POINT('',(-2.83048958896013,1.03733900000001,
0.500000000000005));
#94020=VERTEX_POINT('',#94010);
#94030=EDGE_CURVE('',#94020,#19090,#94000,.T.);
#94040=ORIENTED_EDGE('',*,*,#94030,.T.);
#94050=CARTESIAN_POINT('',(-2.83048958896013,1.03733900000001,0.));
#94060=DIRECTION('',(-4.89842541528951E-16,2.44921270764476E-16,1.));
#94070=VECTOR('',#94060,1.);
#94080=LINE('',#94050,#94070);
#94090=EDGE_CURVE('',#94020,#14650,#94080,.T.);
#94100=ORIENTED_EDGE('',*,*,#94090,.F.);
#94110=ORIENTED_EDGE('',*,*,#15050,.T.);
#94120=CARTESIAN_POINT('',(-2.83048958896013,1.08136225267043,
0.560000000000004));
#94130=CARTESIAN_POINT('',(-2.83048958896013,1.07957192804018,
0.560000000000004));
#94140=CARTESIAN_POINT('',(-2.83048958896013,1.07778147816902,
0.560001837916159));
#94150=CARTESIAN_POINT('',(-2.83048958896013,1.0759911801857,
0.559994310617285));
#94160=CARTESIAN_POINT('',(-2.83048958896013,1.07420102173153,
0.559986783905062));
#94170=CARTESIAN_POINT('',(-2.83048958896013,1.07241058070367,
0.559969374326885));
#94180=CARTESIAN_POINT('',(-2.83048958896013,1.07061983517418,
0.559912823198584));
#94190=CARTESIAN_POINT('',(-2.83048958896013,1.06882946410489,
0.559856283895606));
#94200=CARTESIAN_POINT('',(-2.83048958896359,1.06704019146752,
0.559760068487238));
#94210=CARTESIAN_POINT('',(-2.83048958896359,1.065258405534,
0.559585853556832));
#94220=CARTESIAN_POINT('',(-2.83048958896359,1.06347643151526,
0.559411620236308));
#94230=CARTESIAN_POINT('',(-2.83048958896025,1.06169102520739,
0.559157528012355));
#94240=CARTESIAN_POINT('',(-2.83048958896025,1.05993368124236,
0.558784110939736));
#94250=B_SPLINE_CURVE_WITH_KNOTS('',3,(#94120,#94130,#94140,#94150,
#94160,#94170,#94180,#94190,#94200,#94210,#94220,#94230,#94240),
.UNSPECIFIED.,.F.,.F.,(4,3,3,3,4),(0.,0.00537107945415006,
0.0107432101582354,0.0161155727289203,0.0215031287637882),.UNSPECIFIED.)
;
#94260=EDGE_CURVE('',#34490,#14970,#94250,.T.);
#94270=ORIENTED_EDGE('',*,*,#94260,.T.);
#94280=ORIENTED_EDGE('',*,*,#34660,.F.);
#94290=EDGE_LOOP('',(#94280,#94270,#94110,#94100,#94040,#93950,#93940,
#93880));
#94300=FACE_OUTER_BOUND('',#94290,.T.);
#94310=ADVANCED_FACE('',(#94300),#93870,.F.);
#94320=CARTESIAN_POINT('',(-4.38031937006438,0.74033899999998,
-0.183175018895794));
#94330=DIRECTION('',(0.707106781186543,2.60100415605173E-14,
0.707106781186552));
#94340=DIRECTION('',(-0.707106781186552,-1.58404483046852E-15,
0.707106781186543));
#94350=AXIS2_PLACEMENT_3D('',#94320,#94330,#94340);
#94360=CYLINDRICAL_SURFACE('',#94350,0.165);
#94370=CARTESIAN_POINT('',(-3.72214435116859,0.740339000000002,0.475));
#94380=DIRECTION('',(-0.923879532511285,-1.58463228770151E-14,
-0.382683432365093));
#94390=DIRECTION('',(0.382683432365093,-2.97111064323015E-14,
-0.923879532511285));
#94400=AXIS2_PLACEMENT_3D('',#94370,#94380,#94390);
#94410=ELLIPSE('',#94400,0.178594713048245,0.165);
#94420=CARTESIAN_POINT('',(-3.72214435116859,0.575339,0.474999999999999)
);
#94430=VERTEX_POINT('',#94420);
#94440=CARTESIAN_POINT('',(-3.79048958896015,0.740339000000006,
0.640000000000004));
#94450=VERTEX_POINT('',#94440);
#94460=EDGE_CURVE('',#94430,#94450,#94410,.T.);
#94470=ORIENTED_EDGE('',*,*,#94460,.T.);
#94480=CARTESIAN_POINT('',(-4.38031937006437,0.57533899999998,
-0.183175018895791));
#94490=DIRECTION('',(0.707106781186543,1.42477844430636E-14,
0.707106781186552));
#94500=VECTOR('',#94490,1.);
#94510=LINE('',#94480,#94500);
#94520=CARTESIAN_POINT('',(-3.82548958896013,0.575338999999998,
0.371654762208452));
#94530=VERTEX_POINT('',#94520);
#94540=EDGE_CURVE('',#94530,#94430,#94510,.T.);
#94550=ORIENTED_EDGE('',*,*,#94540,.T.);
#94560=CARTESIAN_POINT('',(-3.82548958896019,0.740338999999979,
0.371654762208396));
#94570=DIRECTION('',(-0.382683432365086,-1.40765330571924E-14,
-0.923879532511288));
#94580=DIRECTION('',(0.923879532511288,3.39837570178674E-14,
-0.382683432365086));
#94590=AXIS2_PLACEMENT_3D('',#94560,#94570,#94580);
#94600=ELLIPSE('',#94590,0.178594713048245,0.165);
#94610=CARTESIAN_POINT('',(-3.83268678787544,0.575496043439036,
0.374635939610195));
#94620=VERTEX_POINT('',#94610);
#94630=EDGE_CURVE('',#94530,#94620,#94600,.T.);
#94640=ORIENTED_EDGE('',*,*,#94630,.F.);
#94650=CARTESIAN_POINT('',(-3.99048958896019,0.740338999999998,
0.439999999999962));
#94660=VERTEX_POINT('',#94650);
#94670=EDGE_CURVE('',#94620,#94660,#94600,.T.);
#94680=ORIENTED_EDGE('',*,*,#94670,.F.);
#94690=CARTESIAN_POINT('',(-4.49699198896016,0.74033899999998,
-0.0665024000000144));
#94700=DIRECTION('',(0.707106781186543,2.60100415605173E-14,
0.707106781186552));
#94710=VECTOR('',#94700,1.);
#94720=LINE('',#94690,#94710);
#94730=EDGE_CURVE('',#94660,#94450,#94720,.T.);
#94740=ORIENTED_EDGE('',*,*,#94730,.F.);
#94750=EDGE_LOOP('',(#94740,#94680,#94640,#94550,#94470));
#94760=FACE_OUTER_BOUND('',#94750,.T.);
#94770=ADVANCED_FACE('',(#94760),#94360,.T.);
#94780=CARTESIAN_POINT('',(-3.89055325444502,1.15892796238875,
-3.07000000000002));
#94790=DIRECTION('',(0.0478051859951555,0.998856678503963,
-7.1050672722619E-16));
#94800=DIRECTION('',(-9.78705480155711E-16,7.58160746218114E-16,1.));
#94810=AXIS2_PLACEMENT_3D('',#94780,#94790,#94800);
#94820=PLANE('',#94810);
#94830=CARTESIAN_POINT('',(-2.80619597048117,1.10703072551716,
-3.00500000000002));
#94840=DIRECTION('',(0.998856678503963,-0.0478051859951555,
2.68058260816905E-16));
#94850=VECTOR('',#94840,1.);
#94860=LINE('',#94830,#94850);
#94870=CARTESIAN_POINT('',(-3.97046178872531,1.16275237726836,
-3.00500000000002));
#94880=VERTEX_POINT('',#94870);
#94890=EDGE_CURVE('',#27280,#94880,#94860,.T.);
#94900=ORIENTED_EDGE('',*,*,#94890,.T.);
#94910=ORIENTED_EDGE('',*,*,#27290,.T.);
#94920=CARTESIAN_POINT('',(-2.80619597048117,1.10703072551716,
-2.85500000000002));
#94930=DIRECTION('',(0.998856678503963,-0.0478051859951555,
4.94831028438272E-17));
#94940=VECTOR('',#94930,1.);
#94950=LINE('',#94920,#94940);
#94960=CARTESIAN_POINT('',(-3.97046178872531,1.16275237726836,
-2.85500000000002));
#94970=VERTEX_POINT('',#94960);
#94980=EDGE_CURVE('',#27200,#94970,#94950,.T.);
#94990=ORIENTED_EDGE('',*,*,#94980,.F.);
#95000=CARTESIAN_POINT('',(-3.97046178872531,1.16275237726836,0.));
#95010=DIRECTION('',(-4.89842541528951E-16,7.34763812293426E-16,1.));
#95020=VECTOR('',#95010,1.);
#95030=LINE('',#95000,#95020);
#95040=EDGE_CURVE('',#94880,#94970,#95030,.T.);
#95050=ORIENTED_EDGE('',*,*,#95040,.T.);
#95060=EDGE_LOOP('',(#95050,#94990,#94910,#94900));
#95070=FACE_OUTER_BOUND('',#95060,.T.);
#95080=ADVANCED_FACE('',(#95070),#94820,.F.);
#95090=CARTESIAN_POINT('',(-3.79048958896016,1.15533899999988,0.));
#95100=DIRECTION('',(-5.11977682188428E-15,-6.34438317570671E-15,-1.));
#95110=VECTOR('',#95100,1.);
#95120=LINE('',#95090,#95110);
#95130=CARTESIAN_POINT('',(-3.79048958896013,1.15533899999991,
-3.40500000000001));
#95140=VERTEX_POINT('',#95130);
#95150=EDGE_CURVE('',#95140,#12580,#95120,.T.);
#95160=ORIENTED_EDGE('',*,*,#95150,.F.);
#95170=ORIENTED_EDGE('',*,*,#13460,.F.);
#95180=CARTESIAN_POINT('',(-3.79048958896013,1.32533899999994,
-3.40500000000001));
#95190=VERTEX_POINT('',#95180);
#95200=EDGE_CURVE('',#95190,#13390,#22130,.T.);
#95210=ORIENTED_EDGE('',*,*,#95200,.T.);
#95220=CARTESIAN_POINT('',(-3.79048958896012,0.,-3.40500000000001));
#95230=DIRECTION('',(-4.68706735088986E-15,1.,-9.79685083057902E-16));
#95240=VECTOR('',#95230,1.);
#95250=LINE('',#95220,#95240);
#95260=EDGE_CURVE('',#95140,#95190,#95250,.T.);
#95270=ORIENTED_EDGE('',*,*,#95260,.T.);
#95280=EDGE_LOOP('',(#95270,#95210,#95170,#95160));
#95290=FACE_OUTER_BOUND('',#95280,.T.);
#95300=ADVANCED_FACE('',(#95290),#21910,.T.);
#95310=CARTESIAN_POINT('',(-2.55048958896018,1.10533899999996,
-3.13000000000001));
#95320=DIRECTION('',(1.22460635382237E-16,-1.,7.34763812293426E-16));
#95330=DIRECTION('',(5.11977682188428E-15,7.34763812293427E-16,1.));
#95340=AXIS2_PLACEMENT_3D('',#95310,#95320,#95330);
#95350=PLANE('',#95340);
#95360=ORIENTED_EDGE('',*,*,#79920,.F.);
#95370=ORIENTED_EDGE('',*,*,#78910,.F.);
#95380=CARTESIAN_POINT('',(-2.68048958896015,1.10533899999996,0.));
#95390=DIRECTION('',(-4.89842541528951E-16,7.34763812293426E-16,1.));
#95400=VECTOR('',#95390,1.);
#95410=LINE('',#95380,#95400);
#95420=CARTESIAN_POINT('',(-2.68048958896015,1.10533899999996,
-3.25500000000002));
#95430=VERTEX_POINT('',#95420);
#95440=EDGE_CURVE('',#95430,#78800,#95410,.T.);
#95450=ORIENTED_EDGE('',*,*,#95440,.T.);
#95460=CARTESIAN_POINT('',(0.,1.10533900000005,-3.255));
#95470=DIRECTION('',(1.,-9.46986586518797E-16,6.09946190494249E-15));
#95480=VECTOR('',#95470,1.);
#95490=LINE('',#95460,#95480);
#95500=EDGE_CURVE('',#95430,#79760,#95490,.T.);
#95510=ORIENTED_EDGE('',*,*,#95500,.F.);
#95520=EDGE_LOOP('',(#95510,#95450,#95370,#95360));
#95530=FACE_OUTER_BOUND('',#95520,.T.);
#95540=ADVANCED_FACE('',(#95530),#95350,.F.);
#95550=CARTESIAN_POINT('',(-2.63042592347532,1.15892796238875,
-2.39000000000001));
#95560=DIRECTION('',(-0.0478051859951587,0.998856678503963,
-7.57340754838453E-16));
#95570=DIRECTION('',(2.4534114631644E-16,-7.46465625902677E-16,-1.));
#95580=AXIS2_PLACEMENT_3D('',#95550,#95560,#95570);
#95590=PLANE('',#95580);
#95600=CARTESIAN_POINT('',(-2.80619597048117,1.15051562459262,
-2.60500000000001));
#95610=DIRECTION('',(-0.998856678503963,-0.0478051859951587,
-2.21224233204641E-16));
#95620=VECTOR('',#95610,1.);
#95630=LINE('',#95600,#95620);
#95640=CARTESIAN_POINT('',(-2.55048958896018,1.16275370778496,
-2.60500000000001));
#95650=VERTEX_POINT('',#95640);
#95660=CARTESIAN_POINT('',(-2.550517389195,1.16275237726833,
-2.60500000000001));
#95670=VERTEX_POINT('',#95660);
#95680=EDGE_CURVE('',#95650,#95670,#95630,.T.);
#95690=ORIENTED_EDGE('',*,*,#95680,.F.);
#95700=EDGE_CURVE('',#95670,#77750,#10270,.T.);
#95710=ORIENTED_EDGE('',*,*,#95700,.F.);
#95720=CARTESIAN_POINT('',(-2.80619597048117,1.15051562459262,
-2.45500000000002));
#95730=DIRECTION('',(0.998856678503963,0.0478051859951587,
6.07071179419843E-15));
#95740=VECTOR('',#95730,1.);
#95750=LINE('',#95720,#95740);
#95760=CARTESIAN_POINT('',(-2.55048958896018,1.16275370778496,
-2.45500000000002));
#95770=VERTEX_POINT('',#95760);
#95780=EDGE_CURVE('',#77750,#95770,#95750,.T.);
#95790=ORIENTED_EDGE('',*,*,#95780,.F.);
#95800=CARTESIAN_POINT('',(-2.55048958896018,1.16275370778496,
-2.66000000000001));
#95810=DIRECTION('',(-4.89842541528951E-16,7.34763812293426E-16,1.));
#95820=VECTOR('',#95810,1.);
#95830=LINE('',#95800,#95820);
#95840=EDGE_CURVE('',#95650,#95770,#95830,.T.);
#95850=ORIENTED_EDGE('',*,*,#95840,.T.);
#95860=EDGE_LOOP('',(#95850,#95790,#95710,#95690));
#95870=FACE_OUTER_BOUND('',#95860,.T.);
#95880=ADVANCED_FACE('',(#95870),#95590,.F.);
#95890=CARTESIAN_POINT('',(-3.74048958896017,1.09533900000002,
-1.40500000000001));
#95900=DIRECTION('',(2.13652445931442E-32,-9.79685083057902E-16,-1.));
#95910=DIRECTION('',(1.,-1.11724910631033E-15,1.11591752810515E-30));
#95920=AXIS2_PLACEMENT_3D('',#95890,#95900,#95910);
#95930=PLANE('',#95920);
#95940=CARTESIAN_POINT('',(-4.25048958896017,0.125490534175962,
-1.40500000000001));
#95950=DIRECTION('',(-1.22460635382237E-16,1.,-9.79685083057902E-16));
#95960=VECTOR('',#95950,1.);
#95970=LINE('',#95940,#95960);
#95980=CARTESIAN_POINT('',(-4.25048958896017,1.25533900000002,
-1.40500000000001));
#95990=VERTEX_POINT('',#95980);
#96000=EDGE_CURVE('',#95990,#86730,#95970,.T.);
#96010=ORIENTED_EDGE('',*,*,#96000,.T.);
#96020=CARTESIAN_POINT('',(-2.7895003253776,1.25533900000002,
-1.40500000000001));
#96030=DIRECTION('',(1.,1.22460635382237E-16,-9.86076131526265E-32));
#96040=VECTOR('',#96030,1.);
#96050=LINE('',#96020,#96040);
#96060=EDGE_CURVE('',#95990,#90130,#96050,.T.);
#96070=ORIENTED_EDGE('',*,*,#96060,.F.);
#96080=ORIENTED_EDGE('',*,*,#90290,.F.);
#96090=CARTESIAN_POINT('',(-2.80619597048117,1.10703072551716,
-1.40500000000002));
#96100=DIRECTION('',(0.998856678503963,-0.0478051859951555,
2.68058260816905E-16));
#96110=VECTOR('',#96100,1.);
#96120=LINE('',#96090,#96110);
#96130=EDGE_CURVE('',#90220,#91200,#96120,.T.);
#96140=ORIENTED_EDGE('',*,*,#96130,.F.);
#96150=ORIENTED_EDGE('',*,*,#91210,.F.);
#96160=ORIENTED_EDGE('',*,*,#45700,.F.);
#96170=CARTESIAN_POINT('',(0.,1.10533899999993,-1.40500000000001));
#96180=DIRECTION('',(1.,4.68706735088987E-15,-4.33873497871557E-30));
#96190=VECTOR('',#96180,1.);
#96200=LINE('',#96170,#96190);
#96210=EDGE_CURVE('',#45690,#91790,#96200,.T.);
#96220=ORIENTED_EDGE('',*,*,#96210,.F.);
#96230=ORIENTED_EDGE('',*,*,#91800,.F.);
#96240=ORIENTED_EDGE('',*,*,#77580,.F.);
#96250=CARTESIAN_POINT('',(0.,1.32533899999994,-1.40500000000001));
#96260=DIRECTION('',(1.,1.63507259138096E-15,-1.4791141972894E-30));
#96270=VECTOR('',#96260,1.);
#96280=LINE('',#96250,#96270);
#96290=EDGE_CURVE('',#77510,#52920,#96280,.T.);
#96300=ORIENTED_EDGE('',*,*,#96290,.F.);
#96310=ORIENTED_EDGE('',*,*,#52950,.F.);
#96320=ORIENTED_EDGE('',*,*,#86800,.T.);
#96330=EDGE_LOOP('',(#96320,#96310,#96300,#96240,#96230,#96220,#96160,
#96150,#96140,#96080,#96070,#96010));
#96340=FACE_OUTER_BOUND('',#96330,.T.);
#96350=ADVANCED_FACE('',(#96340),#95930,.T.);
#96360=CARTESIAN_POINT('',(-2.27048958896017,1.31533900000001,
-3.25500000000002));
#96370=DIRECTION('',(1.,1.22460635382238E-16,4.89842541528951E-16));
#96380=DIRECTION('',(1.22460635382238E-16,-1.,7.34763812293426E-16));
#96390=AXIS2_PLACEMENT_3D('',#96360,#96370,#96380);
#96400=PLANE('',#96390);
#96410=CARTESIAN_POINT('',(-2.27048958896017,1.25533900000001,
-3.46000000000002));
#96420=DIRECTION('',(-4.89842541528951E-16,4.89842541528951E-16,1.));
#96430=VECTOR('',#96420,1.);
#96440=LINE('',#96410,#96430);
#96450=CARTESIAN_POINT('',(-2.27048958896017,1.25533900000001,
-3.40500000000001));
#96460=VERTEX_POINT('',#96450);
#96470=CARTESIAN_POINT('',(-2.27048958896017,1.25533900000001,
-3.25500000000002));
#96480=VERTEX_POINT('',#96470);
#96490=EDGE_CURVE('',#96460,#96480,#96440,.T.);
#96500=ORIENTED_EDGE('',*,*,#96490,.F.);
#96510=CARTESIAN_POINT('',(-2.27048958896017,0.125490534175956,
-3.25500000000002));
#96520=DIRECTION('',(-1.22460635382238E-16,1.,-4.89842541528951E-16));
#96530=VECTOR('',#96520,1.);
#96540=LINE('',#96510,#96530);
#96550=CARTESIAN_POINT('',(-2.27048958896017,1.33533900000001,
-3.25500000000002));
#96560=VERTEX_POINT('',#96550);
#96570=EDGE_CURVE('',#96480,#96560,#96540,.T.);
#96580=ORIENTED_EDGE('',*,*,#96570,.F.);
#96590=CARTESIAN_POINT('',(-2.27048958896017,1.33533900000001,
-3.46000000000002));
#96600=DIRECTION('',(4.89842541528951E-16,-7.34763812293426E-16,-1.));
#96610=VECTOR('',#96600,1.);
#96620=LINE('',#96590,#96610);
#96630=CARTESIAN_POINT('',(-2.27048958896017,1.33533900000001,
-3.40500000000002));
#96640=VERTEX_POINT('',#96630);
#96650=EDGE_CURVE('',#96560,#96640,#96620,.T.);
#96660=ORIENTED_EDGE('',*,*,#96650,.F.);
#96670=CARTESIAN_POINT('',(-2.27048958896017,0.125490534175956,
-3.40500000000001));
#96680=DIRECTION('',(1.22460635382238E-16,-1.,4.89842541528951E-16));
#96690=VECTOR('',#96680,1.);
#96700=LINE('',#96670,#96690);
#96710=EDGE_CURVE('',#96640,#96460,#96700,.T.);
#96720=ORIENTED_EDGE('',*,*,#96710,.F.);
#96730=EDGE_LOOP('',(#96720,#96660,#96580,#96500));
#96740=FACE_OUTER_BOUND('',#96730,.T.);
#96750=ADVANCED_FACE('',(#96740),#96400,.T.);
#96760=CARTESIAN_POINT('',(-3.79048958896017,1.09533900000002,
-2.05500000000002));
#96770=DIRECTION('',(1.1997285774577E-31,-9.79685083057902E-16,-1.));
#96780=DIRECTION('',(1.,1.22460635382237E-16,-3.06534039071054E-46));
#96790=AXIS2_PLACEMENT_3D('',#96760,#96770,#96780);
#96800=PLANE('',#96790);
#96810=ORIENTED_EDGE('',*,*,#30360,.T.);
#96820=CARTESIAN_POINT('',(-4.25048958896017,0.125490534175962,
-2.05500000000002));
#96830=DIRECTION('',(1.22460635382237E-16,-1.,9.79685083057902E-16));
#96840=VECTOR('',#96830,1.);
#96850=LINE('',#96820,#96840);
#96860=EDGE_CURVE('',#27920,#30270,#96850,.T.);
#96870=ORIENTED_EDGE('',*,*,#96860,.T.);
#96880=ORIENTED_EDGE('',*,*,#27930,.T.);
#96890=CARTESIAN_POINT('',(-3.82048958896017,1.17533900000002,
-2.05500000000002));
#96900=DIRECTION('',(2.99932144364427E-32,7.34763812293426E-16,1.));
#96910=DIRECTION('',(1.22460635382237E-16,-1.,7.34763812293426E-16));
#96920=AXIS2_PLACEMENT_3D('',#96890,#96900,#96910);
#96930=CIRCLE('',#96920,0.16);
#96940=CARTESIAN_POINT('',(-3.76481194533165,1.32533899999994,
-2.05500000000002));
#96950=VERTEX_POINT('',#96940);
#96960=EDGE_CURVE('',#96950,#27900,#96930,.T.);
#96970=ORIENTED_EDGE('',*,*,#96960,.T.);
#96980=CARTESIAN_POINT('',(0.,1.32533899999994,-2.05500000000002));
#96990=DIRECTION('',(1.,1.63507259138096E-15,-1.28189897098414E-30));
#97000=VECTOR('',#96990,1.);
#97010=LINE('',#96980,#97000);
#97020=EDGE_CURVE('',#68890,#96950,#97010,.T.);
#97030=ORIENTED_EDGE('',*,*,#97020,.T.);
#97040=ORIENTED_EDGE('',*,*,#68900,.T.);
#97050=CARTESIAN_POINT('',(-4.94582858896003,0.,-2.05500000000002));
#97060=DIRECTION('',(0.707106781186544,0.707106781186551,
-6.93889390390723E-16));
#97070=VECTOR('',#97060,1.);
#97080=LINE('',#97050,#97070);
#97090=CARTESIAN_POINT('',(-3.84048958896022,1.10533899999991,
-2.05500000000002));
#97100=VERTEX_POINT('',#97090);
#97110=EDGE_CURVE('',#97100,#68810,#97080,.T.);
#97120=ORIENTED_EDGE('',*,*,#97110,.T.);
#97130=CARTESIAN_POINT('',(0.,1.10533899999993,-2.05500000000002));
#97140=DIRECTION('',(1.,4.68706735088987E-15,-4.33873497871557E-30));
#97150=VECTOR('',#97140,1.);
#97160=LINE('',#97130,#97150);
#97170=EDGE_CURVE('',#28320,#97100,#97160,.T.);
#97180=ORIENTED_EDGE('',*,*,#97170,.T.);
#97190=ORIENTED_EDGE('',*,*,#28330,.T.);
#97200=CARTESIAN_POINT('',(0.,0.972726452246775,-2.05500000000002));
#97210=DIRECTION('',(0.998856678503963,-0.0478051859951539,
4.5102810375397E-17));
#97220=VECTOR('',#97210,1.);
#97230=LINE('',#97200,#97220);
#97240=CARTESIAN_POINT('',(-3.97046178872531,1.16275237726837,
-2.05500000000002));
#97250=VERTEX_POINT('',#97240);
#97260=EDGE_CURVE('',#97250,#28300,#97230,.T.);
#97270=ORIENTED_EDGE('',*,*,#97260,.T.);
#97280=CARTESIAN_POINT('',(-2.80619597048117,1.10703072551716,
-2.05500000000002));
#97290=DIRECTION('',(0.998856678503963,-0.0478051859951555,
4.94831028438272E-17));
#97300=VECTOR('',#97290,1.);
#97310=LINE('',#97280,#97300);
#97320=EDGE_CURVE('',#71900,#97250,#97310,.T.);
#97330=ORIENTED_EDGE('',*,*,#97320,.T.);
#97340=ORIENTED_EDGE('',*,*,#71910,.T.);
#97350=EDGE_LOOP('',(#97340,#97330,#97270,#97190,#97180,#97120,#97040,
#97030,#96970,#96880,#96870,#96810));
#97360=FACE_OUTER_BOUND('',#97350,.T.);
#97370=ADVANCED_FACE('',(#97360),#96800,.F.);
#97380=CARTESIAN_POINT('',(-2.22048958896017,1.33533900000001,
-1.00500000000001));
#97390=DIRECTION('',(-1.22460635382237E-16,1.,-7.34763812293426E-16));
#97400=DIRECTION('',(4.89842541528951E-16,-7.34763812293426E-16,-1.));
#97410=AXIS2_PLACEMENT_3D('',#97380,#97390,#97400);
#97420=PLANE('',#97410);
#97430=CARTESIAN_POINT('',(-3.73147885254274,1.33533900000001,
-1.00500000000002));
#97440=DIRECTION('',(1.,1.22460635382238E-16,2.44921270764476E-16));
#97450=VECTOR('',#97440,1.);
#97460=LINE('',#97430,#97450);
#97470=CARTESIAN_POINT('',(-2.70048958896017,1.33533900000001,
-1.00500000000002));
#97480=VERTEX_POINT('',#97470);
#97490=CARTESIAN_POINT('',(-2.27048958896017,1.33533900000001,
-1.00500000000001));
#97500=VERTEX_POINT('',#97490);
#97510=EDGE_CURVE('',#97480,#97500,#97460,.T.);
#97520=ORIENTED_EDGE('',*,*,#97510,.F.);
#97530=CARTESIAN_POINT('',(-2.27048958896017,1.33533900000001,
-1.06000000000001));
#97540=DIRECTION('',(4.89842541528951E-16,-7.34763812293426E-16,-1.));
#97550=VECTOR('',#97540,1.);
#97560=LINE('',#97530,#97550);
#97570=CARTESIAN_POINT('',(-2.27048958896017,1.33533900000001,
-0.855000000000017));
#97580=VERTEX_POINT('',#97570);
#97590=EDGE_CURVE('',#97580,#97500,#97560,.T.);
#97600=ORIENTED_EDGE('',*,*,#97590,.T.);
#97610=CARTESIAN_POINT('',(-3.73147885254274,1.33533900000001,
-0.855000000000017));
#97620=DIRECTION('',(-1.,-1.22460635382238E-16,-2.44921270764476E-16));
#97630=VECTOR('',#97620,1.);
#97640=LINE('',#97610,#97630);
#97650=CARTESIAN_POINT('',(-2.70048958896017,1.33533900000001,
-0.855000000000017));
#97660=VERTEX_POINT('',#97650);
#97670=EDGE_CURVE('',#97580,#97660,#97640,.T.);
#97680=ORIENTED_EDGE('',*,*,#97670,.F.);
#97690=CARTESIAN_POINT('',(-2.70048958896017,1.33533900000001,
-1.06000000000001));
#97700=DIRECTION('',(2.44921270764476E-16,-7.34763812293426E-16,-1.));
#97710=VECTOR('',#97700,1.);
#97720=LINE('',#97690,#97710);
#97730=EDGE_CURVE('',#97660,#97480,#97720,.T.);
#97740=ORIENTED_EDGE('',*,*,#97730,.F.);
#97750=EDGE_LOOP('',(#97740,#97680,#97600,#97520));
#97760=FACE_OUTER_BOUND('',#97750,.T.);
#97770=ADVANCED_FACE('',(#97760),#97420,.T.);
#97780=CARTESIAN_POINT('',(-2.22048958896017,1.25533900000001,
-4.85500000000001));
#97790=DIRECTION('',(1.22460635382238E-16,-1.,4.89842541528951E-16));
#97800=DIRECTION('',(-4.89842541528951E-16,4.89842541528951E-16,1.));
#97810=AXIS2_PLACEMENT_3D('',#97780,#97790,#97800);
#97820=PLANE('',#97810);
#97830=CARTESIAN_POINT('',(-3.73147885254274,1.25533900000001,
-4.85500000000002));
#97840=DIRECTION('',(-1.,-1.22460635382238E-16,-2.44921270764476E-16));
#97850=VECTOR('',#97840,1.);
#97860=LINE('',#97830,#97850);
#97870=CARTESIAN_POINT('',(-2.27048958896017,1.25533900000001,
-4.85500000000002));
#97880=VERTEX_POINT('',#97870);
#97890=CARTESIAN_POINT('',(-2.55048958896018,1.25533900000001,
-4.85500000000002));
#97900=VERTEX_POINT('',#97890);
#97910=EDGE_CURVE('',#97880,#97900,#97860,.T.);
#97920=ORIENTED_EDGE('',*,*,#97910,.T.);
#97930=CARTESIAN_POINT('',(-2.27048958896017,1.25533900000001,
-5.06000000000001));
#97940=DIRECTION('',(-4.89842541528951E-16,4.89842541528951E-16,1.));
#97950=VECTOR('',#97940,1.);
#97960=LINE('',#97930,#97950);
#97970=EDGE_CURVE('',#54360,#97880,#97960,.T.);
#97980=ORIENTED_EDGE('',*,*,#97970,.T.);
#97990=ORIENTED_EDGE('',*,*,#54370,.F.);
#98000=CARTESIAN_POINT('',(-2.55048958896018,1.25533900000001,0.));
#98010=DIRECTION('',(-4.89842541528951E-16,4.89842541528951E-16,1.));
#98020=VECTOR('',#98010,1.);
#98030=LINE('',#98000,#98020);
#98040=EDGE_CURVE('',#54280,#97900,#98030,.T.);
#98050=ORIENTED_EDGE('',*,*,#98040,.F.);
#98060=EDGE_LOOP('',(#98050,#97990,#97980,#97920));
#98070=FACE_OUTER_BOUND('',#98060,.T.);
#98080=ADVANCED_FACE('',(#98070),#97820,.T.);
#98090=CARTESIAN_POINT('',(-3.82048958896017,1.17533900000002,
-2.00000000000002));
#98100=DIRECTION('',(2.99932144364427E-32,7.34763812293426E-16,1.));
#98110=DIRECTION('',(1.22460635382237E-16,-1.,7.34763812293426E-16));
#98120=AXIS2_PLACEMENT_3D('',#98090,#98100,#98110);
#98130=CYLINDRICAL_SURFACE('',#98120,0.16);
#98140=CARTESIAN_POINT('',(-3.82048958896017,1.17533900000002,
-2.20500000000002));
#98150=DIRECTION('',(2.99932144364427E-32,7.34763812293426E-16,1.));
#98160=DIRECTION('',(1.22460635382237E-16,-1.,7.34763812293426E-16));
#98170=AXIS2_PLACEMENT_3D('',#98140,#98150,#98160);
#98180=CIRCLE('',#98170,0.16);
#98190=CARTESIAN_POINT('',(-3.76481194533165,1.32533899999994,
-2.20500000000002));
#98200=VERTEX_POINT('',#98190);
#98210=EDGE_CURVE('',#98200,#28080,#98180,.T.);
#98220=ORIENTED_EDGE('',*,*,#98210,.T.);
#98230=CARTESIAN_POINT('',(-3.76481194533165,1.32533899999994,
-2.00000000000002));
#98240=DIRECTION('',(2.99932144364427E-32,7.34763812293426E-16,1.));
#98250=VECTOR('',#98240,1.);
#98260=LINE('',#98230,#98250);
#98270=EDGE_CURVE('',#98200,#96950,#98260,.T.);
#98280=ORIENTED_EDGE('',*,*,#98270,.F.);
#98290=ORIENTED_EDGE('',*,*,#96960,.F.);
#98300=ORIENTED_EDGE('',*,*,#28150,.T.);
#98310=EDGE_LOOP('',(#98300,#98290,#98280,#98220));
#98320=FACE_OUTER_BOUND('',#98310,.T.);
#98330=ADVANCED_FACE('',(#98320),#98130,.T.);
#98340=CARTESIAN_POINT('',(-2.78048958896017,1.09533900000001,
-3.65500000000002));
#98350=DIRECTION('',(-2.44921270764476E-16,4.89842541528951E-16,1.));
#98360=DIRECTION('',(-1.,-1.3621703770748E-15,-2.44921270764475E-16));
#98370=AXIS2_PLACEMENT_3D('',#98340,#98350,#98360);
#98380=PLANE('',#98370);
#98390=CARTESIAN_POINT('',(-2.27048958896017,0.125490534175956,
-3.65500000000001));
#98400=DIRECTION('',(-1.22460635382238E-16,1.,-4.89842541528951E-16));
#98410=VECTOR('',#98400,1.);
#98420=LINE('',#98390,#98410);
#98430=CARTESIAN_POINT('',(-2.27048958896017,1.33533900000001,
-3.65500000000002));
#98440=VERTEX_POINT('',#98430);
#98450=EDGE_CURVE('',#87440,#98440,#98420,.T.);
#98460=ORIENTED_EDGE('',*,*,#98450,.T.);
#98470=ORIENTED_EDGE('',*,*,#87470,.F.);
#98480=CARTESIAN_POINT('',(-2.55048958896018,0.765930490838864,
-3.65500000000002));
#98490=DIRECTION('',(-1.67677286985746E-15,1.,-4.89842541528953E-16));
#98500=VECTOR('',#98490,1.);
#98510=LINE('',#98480,#98500);
#98520=CARTESIAN_POINT('',(-2.55048958896018,1.16275370778496,
-3.65500000000002));
#98530=VERTEX_POINT('',#98520);
#98540=EDGE_CURVE('',#98530,#87460,#98510,.T.);
#98550=ORIENTED_EDGE('',*,*,#98540,.T.);
#98560=CARTESIAN_POINT('',(-2.80619597048116,1.15051562459262,
-3.65500000000002));
#98570=DIRECTION('',(0.998856678503963,0.0478051859951587,
6.07071179419843E-15));
#98580=VECTOR('',#98570,1.);
#98590=LINE('',#98560,#98580);
#98600=CARTESIAN_POINT('',(-2.550517389195,1.16275237726832,
-3.65500000000002));
#98610=VERTEX_POINT('',#98600);
#98620=EDGE_CURVE('',#98610,#98530,#98590,.T.);
#98630=ORIENTED_EDGE('',*,*,#98620,.T.);
#98640=CARTESIAN_POINT('',(0.,1.28481989786295,-3.65500000000002));
#98650=DIRECTION('',(-0.998856678503962,-0.0478051859951633,
-2.22044604925031E-16));
#98660=VECTOR('',#98650,1.);
#98670=LINE('',#98640,#98660);
#98680=EDGE_CURVE('',#98610,#92580,#98670,.T.);
#98690=ORIENTED_EDGE('',*,*,#98680,.F.);
#98700=ORIENTED_EDGE('',*,*,#92610,.F.);
#98710=CARTESIAN_POINT('',(0.,1.10533900000005,-3.65500000000002));
#98720=DIRECTION('',(-1.,9.46986586518801E-16,-2.44921270764476E-16));
#98730=VECTOR('',#98720,1.);
#98740=LINE('',#98710,#98730);
#98750=EDGE_CURVE('',#92600,#71190,#98740,.T.);
#98760=ORIENTED_EDGE('',*,*,#98750,.F.);
#98770=ORIENTED_EDGE('',*,*,#71200,.F.);
#98780=CARTESIAN_POINT('',(-2.73048958896012,0.,-3.65500000000002));
#98790=DIRECTION('',(-4.68706735088986E-15,1.,-4.89842541528952E-16));
#98800=VECTOR('',#98790,1.);
#98810=LINE('',#98780,#98800);
#98820=CARTESIAN_POINT('',(-2.73048958896013,1.32533899999994,
-3.65500000000002));
#98830=VERTEX_POINT('',#98820);
#98840=EDGE_CURVE('',#71110,#98830,#98810,.T.);
#98850=ORIENTED_EDGE('',*,*,#98840,.F.);
#98860=CARTESIAN_POINT('',(0.,1.32533899999994,-3.65500000000002));
#98870=DIRECTION('',(-1.,-1.63507259138096E-15,-2.44921270764475E-16));
#98880=VECTOR('',#98870,1.);
#98890=LINE('',#98860,#98880);
#98900=CARTESIAN_POINT('',(-2.75616723258867,1.32533899999994,
-3.65500000000002));
#98910=VERTEX_POINT('',#98900);
#98920=EDGE_CURVE('',#98830,#98910,#98890,.T.);
#98930=ORIENTED_EDGE('',*,*,#98920,.F.);
#98940=CARTESIAN_POINT('',(-2.70048958896017,1.17533900000001,
-3.65500000000002));
#98950=DIRECTION('',(2.44921270764476E-16,-7.34763812293426E-16,-1.));
#98960=DIRECTION('',(1.22460635382238E-16,-1.,7.34763812293426E-16));
#98970=AXIS2_PLACEMENT_3D('',#98940,#98950,#98960);
#98980=CIRCLE('',#98970,0.16);
#98990=CARTESIAN_POINT('',(-2.70048958896017,1.33533900000001,
-3.65500000000002));
#99000=VERTEX_POINT('',#98990);
#99010=EDGE_CURVE('',#98910,#99000,#98980,.T.);
#99020=ORIENTED_EDGE('',*,*,#99010,.F.);
#99030=CARTESIAN_POINT('',(-3.73147885254274,1.33533900000001,
-3.65500000000002));
#99040=DIRECTION('',(-1.,-1.22460635382238E-16,-2.44921270764476E-16));
#99050=VECTOR('',#99040,1.);
#99060=LINE('',#99030,#99050);
#99070=EDGE_CURVE('',#98440,#99000,#99060,.T.);
#99080=ORIENTED_EDGE('',*,*,#99070,.T.);
#99090=EDGE_LOOP('',(#99080,#99020,#98930,#98850,#98770,#98760,#98700,
#98690,#98630,#98550,#98470,#98460));
#99100=FACE_OUTER_BOUND('',#99090,.T.);
#99110=ADVANCED_FACE('',(#99100),#98380,.T.);
#99120=CARTESIAN_POINT('',(-3.97048958896018,1.10533899999996,
-2.73000000000002));
#99130=DIRECTION('',(1.22460635382237E-16,-1.,7.34763812293426E-16));
#99140=DIRECTION('',(-5.11977682188428E-15,-7.34763812293427E-16,-1.));
#99150=AXIS2_PLACEMENT_3D('',#99120,#99130,#99140);
#99160=PLANE('',#99150);
#99170=ORIENTED_EDGE('',*,*,#71600,.T.);
#99180=CARTESIAN_POINT('',(0.,1.10533899999993,-2.85500000000002));
#99190=DIRECTION('',(1.,4.68706735088987E-15,-4.33873497871557E-30));
#99200=VECTOR('',#99190,1.);
#99210=LINE('',#99180,#99200);
#99220=CARTESIAN_POINT('',(-3.84048958896023,1.10533899999991,
-2.85500000000002));
#99230=VERTEX_POINT('',#99220);
#99240=EDGE_CURVE('',#71510,#99230,#99210,.T.);
#99250=ORIENTED_EDGE('',*,*,#99240,.F.);
#99260=CARTESIAN_POINT('',(-3.84048958896021,1.10533899999992,0.));
#99270=DIRECTION('',(5.11977682188431E-15,7.34763812293452E-16,1.));
#99280=VECTOR('',#99270,1.);
#99290=LINE('',#99260,#99280);
#99300=EDGE_CURVE('',#99230,#93630,#99290,.T.);
#99310=ORIENTED_EDGE('',*,*,#99300,.F.);
#99320=ORIENTED_EDGE('',*,*,#93640,.T.);
#99330=EDGE_LOOP('',(#99320,#99310,#99250,#99170));
#99340=FACE_OUTER_BOUND('',#99330,.T.);
#99350=ADVANCED_FACE('',(#99340),#99160,.F.);
#99360=CARTESIAN_POINT('',(-2.63042592347532,1.15892796238874,
-4.39000000000001));
#99370=DIRECTION('',(-0.0478051859951587,0.998856678503963,
-7.57340754838453E-16));
#99380=DIRECTION('',(2.4534114631644E-16,-7.46465625902677E-16,-1.));
#99390=AXIS2_PLACEMENT_3D('',#99360,#99370,#99380);
#99400=PLANE('',#99390);
#99410=CARTESIAN_POINT('',(-2.80619597048116,1.15051562459262,
-4.60500000000001));
#99420=DIRECTION('',(-0.998856678503963,-0.0478051859951587,
-2.21224233204641E-16));
#99430=VECTOR('',#99420,1.);
#99440=LINE('',#99410,#99430);
#99450=CARTESIAN_POINT('',(-2.55048958896018,1.16275370778496,
-4.60500000000001));
#99460=VERTEX_POINT('',#99450);
#99470=EDGE_CURVE('',#99460,#60820,#99440,.T.);
#99480=ORIENTED_EDGE('',*,*,#99470,.F.);
#99490=EDGE_CURVE('',#60820,#86220,#10270,.T.);
#99500=ORIENTED_EDGE('',*,*,#99490,.F.);
#99510=CARTESIAN_POINT('',(-2.80619597048116,1.15051562459262,
-4.45500000000002));
#99520=DIRECTION('',(0.998856678503963,0.0478051859951587,
6.07071179419843E-15));
#99530=VECTOR('',#99520,1.);
#99540=LINE('',#99510,#99530);
#99550=CARTESIAN_POINT('',(-2.55048958896018,1.16275370778496,
-4.45500000000002));
#99560=VERTEX_POINT('',#99550);
#99570=EDGE_CURVE('',#86220,#99560,#99540,.T.);
#99580=ORIENTED_EDGE('',*,*,#99570,.F.);
#99590=CARTESIAN_POINT('',(-2.55048958896018,1.16275370778496,
-4.66000000000001));
#99600=DIRECTION('',(-4.89842541528951E-16,7.34763812293426E-16,1.));
#99610=VECTOR('',#99600,1.);
#99620=LINE('',#99590,#99610);
#99630=EDGE_CURVE('',#99460,#99560,#99620,.T.);
#99640=ORIENTED_EDGE('',*,*,#99630,.T.);
#99650=EDGE_LOOP('',(#99640,#99580,#99500,#99480));
#99660=FACE_OUTER_BOUND('',#99650,.T.);
#99670=ADVANCED_FACE('',(#99660),#99400,.F.);
#99680=CARTESIAN_POINT('',(-2.55005725977674,1.30533899999996,
-1.65500000000001));
#99690=DIRECTION('',(6.09946190494249E-15,-4.89842541528943E-16,-1.));
#99700=DIRECTION('',(-1.,-1.31436849266552E-15,-6.09946190494249E-15));
#99710=AXIS2_PLACEMENT_3D('',#99680,#99690,#99700);
#99720=PLANE('',#99710);
#99730=CARTESIAN_POINT('',(0.,1.32533899999994,-1.65499999999999));
#99740=DIRECTION('',(1.,1.63507259138096E-15,6.09946190494249E-15));
#99750=VECTOR('',#99740,1.);
#99760=LINE('',#99730,#99750);
#99770=EDGE_CURVE('',#62530,#14410,#99760,.T.);
#99780=ORIENTED_EDGE('',*,*,#99770,.T.);
#99790=ORIENTED_EDGE('',*,*,#62540,.F.);
#99800=ORIENTED_EDGE('',*,*,#8510,.T.);
#99810=CARTESIAN_POINT('',(-2.27048958896017,0.125490534175957,
-1.65500000000001));
#99820=DIRECTION('',(-1.22460635382238E-16,1.,-4.89842541528951E-16));
#99830=VECTOR('',#99820,1.);
#99840=LINE('',#99810,#99830);
#99850=EDGE_CURVE('',#76350,#8420,#99840,.T.);
#99860=ORIENTED_EDGE('',*,*,#99850,.T.);
#99870=ORIENTED_EDGE('',*,*,#76380,.F.);
#99880=CARTESIAN_POINT('',(-2.55048958896018,0.765930490838865,
-1.65500000000001));
#99890=DIRECTION('',(-1.67677286985746E-15,1.,-4.89842541528953E-16));
#99900=VECTOR('',#99890,1.);
#99910=LINE('',#99880,#99900);
#99920=EDGE_CURVE('',#80170,#76370,#99910,.T.);
#99930=ORIENTED_EDGE('',*,*,#99920,.T.);
#99940=ORIENTED_EDGE('',*,*,#80180,.T.);
#99950=ORIENTED_EDGE('',*,*,#61150,.T.);
#99960=CARTESIAN_POINT('',(-2.57495974099957,0.,-1.65500000000001));
#99970=DIRECTION('',(-0.0478051859951633,0.998856678503962,
-7.84095011141517E-16));
#99980=VECTOR('',#99970,1.);
#99990=LINE('',#99960,#99980);
#100000=CARTESIAN_POINT('',(-2.62786116081276,1.10533900000005,
-1.65500000000002));
#100010=VERTEX_POINT('',#100000);
#100020=EDGE_CURVE('',#100010,#61120,#99990,.T.);
#100030=ORIENTED_EDGE('',*,*,#100020,.T.);
#100040=CARTESIAN_POINT('',(0.,1.10533900000005,-1.65499999999999));
#100050=DIRECTION('',(1.,-9.46986586518797E-16,6.09946190494249E-15));
#100060=VECTOR('',#100050,1.);
#100070=LINE('',#100040,#100060);
#100080=EDGE_CURVE('',#87220,#100010,#100070,.T.);
#100090=ORIENTED_EDGE('',*,*,#100080,.T.);
#100100=ORIENTED_EDGE('',*,*,#87230,.T.);
#100110=ORIENTED_EDGE('',*,*,#14480,.T.);
#100120=EDGE_LOOP('',(#100110,#100100,#100090,#100030,#99950,#99940,
#99930,#99870,#99860,#99800,#99790,#99780));
#100130=FACE_OUTER_BOUND('',#100120,.T.);
#100140=ADVANCED_FACE('',(#100130),#99720,.F.);
#100150=CARTESIAN_POINT('',(-2.73048958896018,1.25202840580253,
-3.07418934246964));
#100160=DIRECTION('',(1.,1.22460635382234E-16,-5.11977682188428E-15));
#100170=DIRECTION('',(-1.22460635382238E-16,1.,-7.34763812293426E-16));
#100180=AXIS2_PLACEMENT_3D('',#100150,#100160,#100170);
#100190=PLANE('',#100180);
#100200=CARTESIAN_POINT('',(-2.73048958896013,1.32533899999994,
-3.25500000000002));
#100210=VERTEX_POINT('',#100200);
#100220=EDGE_CURVE('',#79540,#100210,#14390,.T.);
#100230=ORIENTED_EDGE('',*,*,#100220,.F.);
#100240=CARTESIAN_POINT('',(-2.73048958896012,0.,-3.25500000000002));
#100250=DIRECTION('',(4.68706735088986E-15,-1.,4.89842541528971E-16));
#100260=VECTOR('',#100250,1.);
#100270=LINE('',#100240,#100260);
#100280=CARTESIAN_POINT('',(-2.73048958896012,1.15533899999995,
-3.25500000000002));
#100290=VERTEX_POINT('',#100280);
#100300=EDGE_CURVE('',#100210,#100290,#100270,.T.);
#100310=ORIENTED_EDGE('',*,*,#100300,.F.);
#100320=CARTESIAN_POINT('',(-2.73048958896012,1.15533899999991,0.));
#100330=DIRECTION('',(4.89842541528977E-16,-6.34438317570668E-15,-1.));
#100340=VECTOR('',#100330,1.);
#100350=LINE('',#100320,#100340);
#100360=EDGE_CURVE('',#78820,#100290,#100350,.T.);
#100370=ORIENTED_EDGE('',*,*,#100360,.T.);
#100380=ORIENTED_EDGE('',*,*,#79610,.F.);
#100390=EDGE_LOOP('',(#100380,#100370,#100310,#100230));
#100400=FACE_OUTER_BOUND('',#100390,.T.);
#100410=ADVANCED_FACE('',(#100400),#100190,.T.);
#100420=CARTESIAN_POINT('',(-2.22048958896017,1.33533900000001,
-3.00500000000002));
#100430=DIRECTION('',(-1.22460635382237E-16,1.,-7.34763812293426E-16));
#100440=DIRECTION('',(4.89842541528951E-16,-7.34763812293426E-16,-1.));
#100450=AXIS2_PLACEMENT_3D('',#100420,#100430,#100440);
#100460=PLANE('',#100450);
#100470=ORIENTED_EDGE('',*,*,#79380,.F.);
#100480=CARTESIAN_POINT('',(-2.27048958896017,1.33533900000001,
-3.06000000000002));
#100490=DIRECTION('',(4.89842541528951E-16,-7.34763812293426E-16,-1.));
#100500=VECTOR('',#100490,1.);
#100510=LINE('',#100480,#100500);
#100520=EDGE_CURVE('',#46820,#79290,#100510,.T.);
#100530=ORIENTED_EDGE('',*,*,#100520,.T.);
#100540=ORIENTED_EDGE('',*,*,#46830,.F.);
#100550=CARTESIAN_POINT('',(-2.70048958896017,1.33533900000001,
-3.06000000000002));
#100560=DIRECTION('',(2.44921270764476E-16,-7.34763812293426E-16,-1.));
#100570=VECTOR('',#100560,1.);
#100580=LINE('',#100550,#100570);
#100590=EDGE_CURVE('',#46740,#79370,#100580,.T.);
#100600=ORIENTED_EDGE('',*,*,#100590,.F.);
#100610=EDGE_LOOP('',(#100600,#100540,#100530,#100470));
#100620=FACE_OUTER_BOUND('',#100610,.T.);
#100630=ADVANCED_FACE('',(#100620),#100460,.T.);
#100640=CARTESIAN_POINT('',(-4.30048958896017,1.25533900000002,
-3.00500000000002));
#100650=DIRECTION('',(1.22460635382237E-16,-1.,9.79685083057902E-16));
#100660=DIRECTION('',(2.44921270764476E-16,-9.79685083057902E-16,-1.));
#100670=AXIS2_PLACEMENT_3D('',#100640,#100650,#100660);
#100680=PLANE('',#100670);
#100690=CARTESIAN_POINT('',(-2.78950032537759,1.25533900000002,
-3.00500000000001));
#100700=DIRECTION('',(1.,1.22460635382237E-16,-9.86076131526265E-32));
#100710=VECTOR('',#100700,1.);
#100720=LINE('',#100690,#100710);
#100730=CARTESIAN_POINT('',(-4.25048958896017,1.25533900000002,
-3.00500000000001));
#100740=VERTEX_POINT('',#100730);
#100750=EDGE_CURVE('',#100740,#27120,#100720,.T.);
#100760=ORIENTED_EDGE('',*,*,#100750,.T.);
#100770=CARTESIAN_POINT('',(-4.25048958896017,1.25533900000002,
-2.80000000000002));
#100780=DIRECTION('',(2.44921270764476E-16,-9.79685083057902E-16,-1.));
#100790=VECTOR('',#100780,1.);
#100800=LINE('',#100770,#100790);
#100810=CARTESIAN_POINT('',(-4.25048958896017,1.25533900000002,
-2.85500000000002));
#100820=VERTEX_POINT('',#100810);
#100830=EDGE_CURVE('',#100820,#100740,#100800,.T.);
#100840=ORIENTED_EDGE('',*,*,#100830,.T.);
#100850=CARTESIAN_POINT('',(-2.78950032537759,1.25533900000002,
-2.85500000000002));
#100860=DIRECTION('',(1.,1.22460635382237E-16,-1.06826222965723E-32));
#100870=VECTOR('',#100860,1.);
#100880=LINE('',#100850,#100870);
#100890=EDGE_CURVE('',#100820,#27100,#100880,.T.);
#100900=ORIENTED_EDGE('',*,*,#100890,.F.);
#100910=ORIENTED_EDGE('',*,*,#27130,.F.);
#100920=EDGE_LOOP('',(#100910,#100900,#100840,#100760));
#100930=FACE_OUTER_BOUND('',#100920,.T.);
#100940=ADVANCED_FACE('',(#100930),#100680,.T.);
#100950=CARTESIAN_POINT('',(-2.62860368742196,1.12085358585773,
-3.05277578828196));
#100960=DIRECTION('',(0.998856678503963,0.0478051859951587,
1.30871091490535E-16));
#100970=DIRECTION('',(-0.0478051859951587,0.998856678503963,
-7.57340754838453E-16));
#100980=AXIS2_PLACEMENT_3D('',#100950,#100960,#100970);
#100990=PLANE('',#100980);
#101000=ORIENTED_EDGE('',*,*,#46340,.F.);
#101010=CARTESIAN_POINT('',(-2.63042592347529,1.15892796238875,0.));
#101020=DIRECTION('',(-4.7785417095077E-16,4.84275005124934E-16,1.));
#101030=VECTOR('',#101020,1.);
#101040=LINE('',#101010,#101030);
#101050=CARTESIAN_POINT('',(-2.63042592347529,1.15892796238875,
-2.60500000000001));
#101060=VERTEX_POINT('',#101050);
#101070=EDGE_CURVE('',#46250,#101060,#101040,.T.);
#101080=ORIENTED_EDGE('',*,*,#101070,.F.);
#101090=CARTESIAN_POINT('',(-2.57495974099957,0.,-2.60500000000001));
#101100=DIRECTION('',(0.0478051859951633,-0.998856678503962,
4.9960036108132E-16));
#101110=VECTOR('',#101100,1.);
#101120=LINE('',#101090,#101110);
#101130=EDGE_CURVE('',#101060,#73680,#101120,.T.);
#101140=ORIENTED_EDGE('',*,*,#101130,.F.);
#101150=ORIENTED_EDGE('',*,*,#73690,.T.);
#101160=EDGE_LOOP('',(#101150,#101140,#101080,#101000));
#101170=FACE_OUTER_BOUND('',#101160,.T.);
#101180=ADVANCED_FACE('',(#101170),#100990,.F.);
#101190=CARTESIAN_POINT('',(-2.62901415492174,1.1294300236422,
-4.27680553564315));
#101200=DIRECTION('',(0.998856678503963,0.0478051859951587,
7.10506727226188E-16));
#101210=DIRECTION('',(0.0478051859951587,-0.998856678503963,
5.24408014730746E-16));
#101220=AXIS2_PLACEMENT_3D('',#101190,#101200,#101210);
#101230=PLANE('',#101220);
#101240=ORIENTED_EDGE('',*,*,#67240,.F.);
#101250=CARTESIAN_POINT('',(-2.62786116081277,1.10533900000005,0.));
#101260=DIRECTION('',(-7.46485721106813E-16,7.34763812293426E-16,1.));
#101270=VECTOR('',#101260,1.);
#101280=LINE('',#101250,#101270);
#101290=CARTESIAN_POINT('',(-2.62786116081276,1.10533900000005,
-4.45500000000002));
#101300=VERTEX_POINT('',#101290);
#101310=EDGE_CURVE('',#101300,#67150,#101280,.T.);
#101320=ORIENTED_EDGE('',*,*,#101310,.T.);
#101330=CARTESIAN_POINT('',(-2.57495974099957,0.,-4.45500000000002));
#101340=DIRECTION('',(-0.0478051859951633,0.998856678503962,
-7.84095011141517E-16));
#101350=VECTOR('',#101340,1.);
#101360=LINE('',#101330,#101350);
#101370=EDGE_CURVE('',#101300,#86140,#101360,.T.);
#101380=ORIENTED_EDGE('',*,*,#101370,.F.);
#101390=ORIENTED_EDGE('',*,*,#86150,.F.);
#101400=EDGE_LOOP('',(#101390,#101380,#101320,#101240));
#101410=FACE_OUTER_BOUND('',#101400,.T.);
#101420=ADVANCED_FACE('',(#101410),#101230,.F.);
#101430=CARTESIAN_POINT('',(-2.27048958896017,1.31533900000001,
-3.65500000000001));
#101440=DIRECTION('',(1.,1.22460635382238E-16,4.89842541528951E-16));
#101450=DIRECTION('',(1.22460635382238E-16,-1.,7.34763812293426E-16));
#101460=AXIS2_PLACEMENT_3D('',#101430,#101440,#101450);
#101470=PLANE('',#101460);
#101480=ORIENTED_EDGE('',*,*,#87530,.F.);
#101490=ORIENTED_EDGE('',*,*,#98450,.F.);
#101500=CARTESIAN_POINT('',(-2.27048958896017,1.33533900000001,
-3.86000000000001));
#101510=DIRECTION('',(4.89842541528951E-16,-7.34763812293426E-16,-1.));
#101520=VECTOR('',#101510,1.);
#101530=LINE('',#101500,#101520);
#101540=EDGE_CURVE('',#98440,#48230,#101530,.T.);
#101550=ORIENTED_EDGE('',*,*,#101540,.F.);
#101560=ORIENTED_EDGE('',*,*,#48240,.F.);
#101570=EDGE_LOOP('',(#101560,#101550,#101490,#101480));
#101580=FACE_OUTER_BOUND('',#101570,.T.);
#101590=ADVANCED_FACE('',(#101580),#101470,.T.);
#101600=CARTESIAN_POINT('',(-2.27048958896017,1.31533900000001,
-2.85500000000001));
#101610=DIRECTION('',(1.,1.22460635382238E-16,4.89842541528951E-16));
#101620=DIRECTION('',(1.22460635382238E-16,-1.,7.34763812293426E-16));
#101630=AXIS2_PLACEMENT_3D('',#101600,#101610,#101620);
#101640=PLANE('',#101630);
#101650=CARTESIAN_POINT('',(-2.27048958896017,1.25533900000001,
-3.06000000000001));
#101660=DIRECTION('',(-4.89842541528951E-16,4.89842541528951E-16,1.));
#101670=VECTOR('',#101660,1.);
#101680=LINE('',#101650,#101670);
#101690=EDGE_CURVE('',#79210,#46900,#101680,.T.);
#101700=ORIENTED_EDGE('',*,*,#101690,.F.);
#101710=ORIENTED_EDGE('',*,*,#46910,.F.);
#101720=ORIENTED_EDGE('',*,*,#100520,.F.);
#101730=ORIENTED_EDGE('',*,*,#79300,.F.);
#101740=EDGE_LOOP('',(#101730,#101720,#101710,#101700));
#101750=FACE_OUTER_BOUND('',#101740,.T.);
#101760=ADVANCED_FACE('',(#101750),#101640,.T.);
#101770=CARTESIAN_POINT('',(-3.79048958896017,1.15533899999987,0.));
#101780=DIRECTION('',(-5.11977682188428E-15,-6.34438317570671E-15,-1.));
#101790=VECTOR('',#101780,1.);
#101800=LINE('',#101770,#101790);
#101810=CARTESIAN_POINT('',(-3.79048958896018,1.15533899999986,
-2.85500000000002));
#101820=VERTEX_POINT('',#101810);
#101830=EDGE_CURVE('',#93710,#101820,#101800,.T.);
#101840=ORIENTED_EDGE('',*,*,#101830,.F.);
#101850=CARTESIAN_POINT('',(-3.79048958896012,0.,-2.85500000000002));
#101860=DIRECTION('',(-4.68706735088986E-15,1.,-9.79685083057902E-16));
#101870=VECTOR('',#101860,1.);
#101880=LINE('',#101850,#101870);
#101890=CARTESIAN_POINT('',(-3.79048958896013,1.32533899999994,
-2.85500000000002));
#101900=VERTEX_POINT('',#101890);
#101910=EDGE_CURVE('',#101820,#101900,#101880,.T.);
#101920=ORIENTED_EDGE('',*,*,#101910,.F.);
#101930=EDGE_CURVE('',#93290,#101900,#22130,.T.);
#101940=ORIENTED_EDGE('',*,*,#101930,.T.);
#101950=ORIENTED_EDGE('',*,*,#93780,.T.);
#101960=EDGE_LOOP('',(#101950,#101940,#101920,#101840));
#101970=FACE_OUTER_BOUND('',#101960,.T.);
#101980=ADVANCED_FACE('',(#101970),#21910,.T.);
#101990=CARTESIAN_POINT('',(-2.55005725977674,1.30533899999996,
-0.855000000000016));
#102000=DIRECTION('',(6.09946190494249E-15,-4.89842541528943E-16,-1.));
#102010=DIRECTION('',(-1.,-1.31436849266552E-15,-6.09946190494249E-15));
#102020=AXIS2_PLACEMENT_3D('',#101990,#102000,#102010);
#102030=PLANE('',#102020);
#102040=CARTESIAN_POINT('',(0.,1.32533899999994,-0.855));
#102050=DIRECTION('',(1.,1.63507259138096E-15,6.09946190494249E-15));
#102060=VECTOR('',#102050,1.);
#102070=LINE('',#102040,#102060);
#102080=CARTESIAN_POINT('',(-2.75616723258866,1.32533899999994,
-0.855000000000017));
#102090=VERTEX_POINT('',#102080);
#102100=CARTESIAN_POINT('',(-2.73048958896013,1.32533899999994,
-0.855000000000017));
#102110=VERTEX_POINT('',#102100);
#102120=EDGE_CURVE('',#102090,#102110,#102070,.T.);
#102130=ORIENTED_EDGE('',*,*,#102120,.T.);
#102140=CARTESIAN_POINT('',(-2.70048958896017,1.17533900000001,
-0.855000000000017));
#102150=DIRECTION('',(2.44921270764476E-16,-7.34763812293426E-16,-1.));
#102160=DIRECTION('',(1.22460635382238E-16,-1.,7.34763812293426E-16));
#102170=AXIS2_PLACEMENT_3D('',#102140,#102150,#102160);
#102180=CIRCLE('',#102170,0.16);
#102190=EDGE_CURVE('',#102090,#97660,#102180,.T.);
#102200=ORIENTED_EDGE('',*,*,#102190,.F.);
#102210=ORIENTED_EDGE('',*,*,#97670,.T.);
#102220=CARTESIAN_POINT('',(-2.27048958896017,0.125490534175958,
-0.855000000000016));
#102230=DIRECTION('',(-1.22460635382238E-16,1.,-4.89842541528951E-16));
#102240=VECTOR('',#102230,1.);
#102250=LINE('',#102220,#102240);
#102260=EDGE_CURVE('',#69150,#97580,#102250,.T.);
#102270=ORIENTED_EDGE('',*,*,#102260,.T.);
#102280=ORIENTED_EDGE('',*,*,#69180,.F.);
#102290=CARTESIAN_POINT('',(-2.55048958896018,0.765930490838866,
-0.855000000000016));
#102300=DIRECTION('',(-1.67677286985746E-15,1.,-4.89842541528953E-16));
#102310=VECTOR('',#102300,1.);
#102320=LINE('',#102290,#102310);
#102330=EDGE_CURVE('',#66830,#69170,#102320,.T.);
#102340=ORIENTED_EDGE('',*,*,#102330,.T.);
#102350=ORIENTED_EDGE('',*,*,#66840,.T.);
#102360=ORIENTED_EDGE('',*,*,#49380,.T.);
#102370=ORIENTED_EDGE('',*,*,#69980,.T.);
#102380=CARTESIAN_POINT('',(0.,1.10533900000005,-0.855));
#102390=DIRECTION('',(1.,-9.46986586518797E-16,6.09946190494249E-15));
#102400=VECTOR('',#102390,1.);
#102410=LINE('',#102380,#102400);
#102420=EDGE_CURVE('',#54920,#69970,#102410,.T.);
#102430=ORIENTED_EDGE('',*,*,#102420,.T.);
#102440=ORIENTED_EDGE('',*,*,#54930,.T.);
#102450=CARTESIAN_POINT('',(-2.73048958896012,0.,-0.855000000000016));
#102460=DIRECTION('',(4.68706735088986E-15,-1.,4.89842541528971E-16));
#102470=VECTOR('',#102460,1.);
#102480=LINE('',#102450,#102470);
#102490=EDGE_CURVE('',#102110,#54840,#102480,.T.);
#102500=ORIENTED_EDGE('',*,*,#102490,.T.);
#102510=EDGE_LOOP('',(#102500,#102440,#102430,#102370,#102360,#102350,
#102340,#102280,#102270,#102210,#102200,#102130));
#102520=FACE_OUTER_BOUND('',#102510,.T.);
#102530=ADVANCED_FACE('',(#102520),#102030,.F.);
#102540=CARTESIAN_POINT('',(-2.70548958896018,1.13033899999995,
-4.39250000000001));
#102550=DIRECTION('',(0.707106781186547,0.707106781186548,
-4.13978538315925E-15));
#102560=DIRECTION('',(0.707106781186548,-0.707106781186547,
-3.0593036896375E-15));
#102570=AXIS2_PLACEMENT_3D('',#102540,#102550,#102560);
#102580=PLANE('',#102570);
#102590=ORIENTED_EDGE('',*,*,#67080,.F.);
#102600=CARTESIAN_POINT('',(-2.73048958896012,1.15533899999992,0.));
#102610=DIRECTION('',(4.89842541528977E-16,-6.34438317570668E-15,-1.));
#102620=VECTOR('',#102610,1.);
#102630=LINE('',#102600,#102620);
#102640=CARTESIAN_POINT('',(-2.73048958896012,1.15533899999989,
-4.45500000000001));
#102650=VERTEX_POINT('',#102640);
#102660=EDGE_CURVE('',#67070,#102650,#102630,.T.);
#102670=ORIENTED_EDGE('',*,*,#102660,.F.);
#102680=CARTESIAN_POINT('',(0.,-1.57515058896016,-4.455));
#102690=DIRECTION('',(0.707106781186551,-0.707106781186544,
4.66293670342566E-15));
#102700=VECTOR('',#102690,1.);
#102710=LINE('',#102680,#102700);
#102720=CARTESIAN_POINT('',(-2.68048958896014,1.10533899999995,
-4.45500000000002));
#102730=VERTEX_POINT('',#102720);
#102740=EDGE_CURVE('',#102650,#102730,#102710,.T.);
#102750=ORIENTED_EDGE('',*,*,#102740,.F.);
#102760=CARTESIAN_POINT('',(-2.68048958896014,1.10533899999995,0.));
#102770=DIRECTION('',(-4.89842541528951E-16,7.34763812293426E-16,1.));
#102780=VECTOR('',#102770,1.);
#102790=LINE('',#102760,#102780);
#102800=EDGE_CURVE('',#102730,#67050,#102790,.T.);
#102810=ORIENTED_EDGE('',*,*,#102800,.F.);
#102820=EDGE_LOOP('',(#102810,#102750,#102670,#102590));
#102830=FACE_OUTER_BOUND('',#102820,.T.);
#102840=ADVANCED_FACE('',(#102830),#102580,.T.);
#102850=CARTESIAN_POINT('',(-3.74048958896017,1.09533900000002,
-5.00500000000002));
#102860=DIRECTION('',(2.13652445931442E-32,-9.79685083057902E-16,-1.));
#102870=DIRECTION('',(1.,-1.11724910631033E-15,1.11591752810515E-30));
#102880=AXIS2_PLACEMENT_3D('',#102850,#102860,#102870);
#102890=PLANE('',#102880);
#102900=CARTESIAN_POINT('',(-4.25048958896017,0.12549053417596,
-5.00500000000001));
#102910=DIRECTION('',(-1.22460635382237E-16,1.,-9.79685083057902E-16));
#102920=VECTOR('',#102910,1.);
#102930=LINE('',#102900,#102920);
#102940=CARTESIAN_POINT('',(-4.25048958896017,1.25533900000002,
-5.00500000000002));
#102950=VERTEX_POINT('',#102940);
#102960=CARTESIAN_POINT('',(-4.25048958896017,1.33533900000002,
-5.00500000000002));
#102970=VERTEX_POINT('',#102960);
#102980=EDGE_CURVE('',#102950,#102970,#102930,.T.);
#102990=ORIENTED_EDGE('',*,*,#102980,.T.);
#103000=CARTESIAN_POINT('',(-2.78950032537759,1.25533900000002,
-5.00500000000002));
#103010=DIRECTION('',(1.,1.22460635382237E-16,-9.86076131526265E-32));
#103020=VECTOR('',#103010,1.);
#103030=LINE('',#103000,#103020);
#103040=EDGE_CURVE('',#102950,#85850,#103030,.T.);
#103050=ORIENTED_EDGE('',*,*,#103040,.F.);
#103060=ORIENTED_EDGE('',*,*,#85990,.F.);
#103070=ORIENTED_EDGE('',*,*,#63280,.F.);
#103080=CARTESIAN_POINT('',(0.,0.972726452246773,-5.00500000000002));
#103090=DIRECTION('',(0.998856678503963,-0.0478051859951539,
4.5102810375397E-17));
#103100=VECTOR('',#103090,1.);
#103110=LINE('',#103080,#103100);
#103120=CARTESIAN_POINT('',(-3.89055325444501,1.15892796238871,
-5.00500000000002));
#103130=VERTEX_POINT('',#103120);
#103140=EDGE_CURVE('',#63270,#103130,#103110,.T.);
#103150=ORIENTED_EDGE('',*,*,#103140,.F.);
#103160=CARTESIAN_POINT('',(-3.94601943692068,0.,-5.00500000000002));
#103170=DIRECTION('',(-0.0478051859951539,-0.998856678503963,
9.74914593498966E-16));
#103180=VECTOR('',#103170,1.);
#103190=LINE('',#103160,#103180);
#103200=EDGE_CURVE('',#103130,#82690,#103190,.T.);
#103210=ORIENTED_EDGE('',*,*,#103200,.F.);
#103220=ORIENTED_EDGE('',*,*,#82920,.F.);
#103230=CARTESIAN_POINT('',(-4.94582858896002,0.,-5.00500000000002));
#103240=DIRECTION('',(0.707106781186544,0.707106781186551,
-6.93889390390723E-16));
#103250=VECTOR('',#103240,1.);
#103260=LINE('',#103230,#103250);
#103270=CARTESIAN_POINT('',(-3.79048958896013,1.15533899999991,
-5.00500000000002));
#103280=VERTEX_POINT('',#103270);
#103290=EDGE_CURVE('',#82850,#103280,#103260,.T.);
#103300=ORIENTED_EDGE('',*,*,#103290,.F.);
#103310=CARTESIAN_POINT('',(-3.79048958896012,0.,-5.00500000000002));
#103320=DIRECTION('',(-4.68706735088986E-15,1.,-9.79685083057902E-16));
#103330=VECTOR('',#103320,1.);
#103340=LINE('',#103310,#103330);
#103350=CARTESIAN_POINT('',(-3.79048958896013,1.32533899999993,
-5.00500000000002));
#103360=VERTEX_POINT('',#103350);
#103370=EDGE_CURVE('',#103280,#103360,#103340,.T.);
#103380=ORIENTED_EDGE('',*,*,#103370,.F.);
#103390=CARTESIAN_POINT('',(0.,1.32533899999994,-5.00500000000002));
#103400=DIRECTION('',(1.,1.63507259138096E-15,-1.4791141972894E-30));
#103410=VECTOR('',#103400,1.);
#103420=LINE('',#103390,#103410);
#103430=CARTESIAN_POINT('',(-3.76481194533164,1.32533899999993,
-5.00500000000002));
#103440=VERTEX_POINT('',#103430);
#103450=EDGE_CURVE('',#103360,#103440,#103420,.T.);
#103460=ORIENTED_EDGE('',*,*,#103450,.F.);
#103470=CARTESIAN_POINT('',(-3.82048958896017,1.17533900000002,
-5.00500000000002));
#103480=DIRECTION('',(2.99932144364427E-32,7.34763812293426E-16,1.));
#103490=DIRECTION('',(1.22460635382237E-16,-1.,7.34763812293426E-16));
#103500=AXIS2_PLACEMENT_3D('',#103470,#103480,#103490);
#103510=CIRCLE('',#103500,0.16);
#103520=CARTESIAN_POINT('',(-3.82048958896017,1.33533900000002,
-5.00500000000002));
#103530=VERTEX_POINT('',#103520);
#103540=EDGE_CURVE('',#103440,#103530,#103510,.T.);
#103550=ORIENTED_EDGE('',*,*,#103540,.F.);
#103560=CARTESIAN_POINT('',(-2.78950032537759,1.33533900000002,
-5.00500000000002));
#103570=DIRECTION('',(1.,1.22460635382238E-16,-9.86076131526266E-32));
#103580=VECTOR('',#103570,1.);
#103590=LINE('',#103560,#103580);
#103600=EDGE_CURVE('',#102970,#103530,#103590,.T.);
#103610=ORIENTED_EDGE('',*,*,#103600,.T.);
#103620=EDGE_LOOP('',(#103610,#103550,#103460,#103380,#103300,#103220,
#103210,#103150,#103070,#103060,#103050,#102990));
#103630=FACE_OUTER_BOUND('',#103620,.T.);
#103640=ADVANCED_FACE('',(#103630),#102890,.T.);
#103650=CARTESIAN_POINT('',(-2.63042592347532,1.15892796238874,
-2.79000000000001));
#103660=DIRECTION('',(-0.0478051859951587,0.998856678503963,
-7.57340754838453E-16));
#103670=DIRECTION('',(2.4534114631644E-16,-7.46465625902677E-16,-1.));
#103680=AXIS2_PLACEMENT_3D('',#103650,#103660,#103670);
#103690=PLANE('',#103680);
#103700=ORIENTED_EDGE('',*,*,#79130,.F.);
#103710=EDGE_CURVE('',#79060,#46170,#10270,.T.);
#103720=ORIENTED_EDGE('',*,*,#103710,.F.);
#103730=ORIENTED_EDGE('',*,*,#46180,.F.);
#103740=ORIENTED_EDGE('',*,*,#58310,.T.);
#103750=EDGE_LOOP('',(#103740,#103730,#103720,#103700));
#103760=FACE_OUTER_BOUND('',#103750,.T.);
#103770=ADVANCED_FACE('',(#103760),#103690,.F.);
#103780=CARTESIAN_POINT('',(-3.79048958896017,1.09533900000002,
-2.85500000000002));
#103790=DIRECTION('',(1.09290235449198E-31,-9.79685083057902E-16,-1.));
#103800=DIRECTION('',(1.,1.22460635382237E-16,-1.06826222965723E-32));
#103810=AXIS2_PLACEMENT_3D('',#103780,#103790,#103800);
#103820=PLANE('',#103810);
#103830=CARTESIAN_POINT('',(-4.94582858896003,0.,-2.85500000000002));
#103840=DIRECTION('',(0.707106781186544,0.707106781186551,
-6.93889390390723E-16));
#103850=VECTOR('',#103840,1.);
#103860=LINE('',#103830,#103850);
#103870=EDGE_CURVE('',#99230,#101820,#103860,.T.);
#103880=ORIENTED_EDGE('',*,*,#103870,.T.);
#103890=ORIENTED_EDGE('',*,*,#99240,.T.);
#103900=ORIENTED_EDGE('',*,*,#71520,.T.);
#103910=CARTESIAN_POINT('',(0.,0.972726452246775,-2.85500000000002));
#103920=DIRECTION('',(0.998856678503963,-0.0478051859951539,
4.5102810375397E-17));
#103930=VECTOR('',#103920,1.);
#103940=LINE('',#103910,#103930);
#103950=EDGE_CURVE('',#94970,#71490,#103940,.T.);
#103960=ORIENTED_EDGE('',*,*,#103950,.T.);
#103970=ORIENTED_EDGE('',*,*,#94980,.T.);
#103980=ORIENTED_EDGE('',*,*,#27210,.T.);
#103990=ORIENTED_EDGE('',*,*,#100890,.T.);
#104000=CARTESIAN_POINT('',(-4.25048958896017,0.125490534175961,
-2.85500000000002));
#104010=DIRECTION('',(1.22460635382237E-16,-1.,9.79685083057902E-16));
#104020=VECTOR('',#104010,1.);
#104030=LINE('',#104000,#104020);
#104040=EDGE_CURVE('',#49730,#100820,#104030,.T.);
#104050=ORIENTED_EDGE('',*,*,#104040,.T.);
#104060=ORIENTED_EDGE('',*,*,#49740,.T.);
#104070=ORIENTED_EDGE('',*,*,#50280,.T.);
#104080=CARTESIAN_POINT('',(0.,1.32533899999994,-2.85500000000002));
#104090=DIRECTION('',(1.,1.63507259138096E-15,-1.28189897098414E-30));
#104100=VECTOR('',#104090,1.);
#104110=LINE('',#104080,#104100);
#104120=EDGE_CURVE('',#101900,#50200,#104110,.T.);
#104130=ORIENTED_EDGE('',*,*,#104120,.T.);
#104140=ORIENTED_EDGE('',*,*,#101910,.T.);
#104150=EDGE_LOOP('',(#104140,#104130,#104070,#104060,#104050,#103990,
#103980,#103970,#103960,#103900,#103890,#103880));
#104160=FACE_OUTER_BOUND('',#104150,.T.);
#104170=ADVANCED_FACE('',(#104160),#103820,.F.);
#104180=CARTESIAN_POINT('',(-2.70548958896018,1.13033899999995,
-2.26750000000002));
#104190=DIRECTION('',(0.707106781186547,0.707106781186548,
-4.13978538315925E-15));
#104200=DIRECTION('',(0.707106781186548,-0.707106781186547,
-3.0593036896375E-15));
#104210=AXIS2_PLACEMENT_3D('',#104180,#104190,#104200);
#104220=PLANE('',#104210);
#104230=ORIENTED_EDGE('',*,*,#73470,.F.);
#104240=CARTESIAN_POINT('',(0.,-1.57515058896016,-2.455));
#104250=DIRECTION('',(0.707106781186551,-0.707106781186544,
4.66293670342566E-15));
#104260=VECTOR('',#104250,1.);
#104270=LINE('',#104240,#104260);
#104280=CARTESIAN_POINT('',(-2.68048958896024,1.10533900000005,
-2.45500000000002));
#104290=VERTEX_POINT('',#104280);
#104300=EDGE_CURVE('',#73380,#104290,#104270,.T.);
#104310=ORIENTED_EDGE('',*,*,#104300,.F.);
#104320=CARTESIAN_POINT('',(-2.68048958896015,1.10533899999996,0.));
#104330=DIRECTION('',(-4.89842541528951E-16,7.34763812293426E-16,1.));
#104340=VECTOR('',#104330,1.);
#104350=LINE('',#104320,#104340);
#104360=EDGE_CURVE('',#104290,#88010,#104350,.T.);
#104370=ORIENTED_EDGE('',*,*,#104360,.F.);
#104380=ORIENTED_EDGE('',*,*,#88020,.F.);
#104390=EDGE_LOOP('',(#104380,#104370,#104310,#104230));
#104400=FACE_OUTER_BOUND('',#104390,.T.);
#104410=ADVANCED_FACE('',(#104400),#104220,.T.);
#104420=CARTESIAN_POINT('',(-3.82048958896017,1.17533900000002,
-4.80000000000002));
#104430=DIRECTION('',(2.99932144364427E-32,7.34763812293426E-16,1.));
#104440=DIRECTION('',(1.22460635382237E-16,-1.,7.34763812293426E-16));
#104450=AXIS2_PLACEMENT_3D('',#104420,#104430,#104440);
#104460=CYLINDRICAL_SURFACE('',#104450,0.16);
#104470=ORIENTED_EDGE('',*,*,#103540,.T.);
#104480=CARTESIAN_POINT('',(-3.76481194533164,1.32533899999993,
-4.80000000000002));
#104490=DIRECTION('',(2.99932144364427E-32,7.34763812293426E-16,1.));
#104500=VECTOR('',#104490,1.);
#104510=LINE('',#104480,#104500);
#104520=CARTESIAN_POINT('',(-3.76481194533164,1.32533899999994,
-4.85500000000002));
#104530=VERTEX_POINT('',#104520);
#104540=EDGE_CURVE('',#103440,#104530,#104510,.T.);
#104550=ORIENTED_EDGE('',*,*,#104540,.F.);
#104560=CARTESIAN_POINT('',(-3.82048958896017,1.17533900000002,
-4.85500000000002));
#104570=DIRECTION('',(2.99932144364427E-32,7.34763812293426E-16,1.));
#104580=DIRECTION('',(1.22460635382237E-16,-1.,7.34763812293426E-16));
#104590=AXIS2_PLACEMENT_3D('',#104560,#104570,#104580);
#104600=CIRCLE('',#104590,0.16);
#104610=CARTESIAN_POINT('',(-3.82048958896017,1.33533900000002,
-4.85500000000002));
#104620=VERTEX_POINT('',#104610);
#104630=EDGE_CURVE('',#104530,#104620,#104600,.T.);
#104640=ORIENTED_EDGE('',*,*,#104630,.F.);
#104650=CARTESIAN_POINT('',(-3.82048958896017,1.33533900000002,
-4.80000000000002));
#104660=DIRECTION('',(2.99932144364427E-32,7.34763812293426E-16,1.));
#104670=VECTOR('',#104660,1.);
#104680=LINE('',#104650,#104670);
#104690=EDGE_CURVE('',#103530,#104620,#104680,.T.);
#104700=ORIENTED_EDGE('',*,*,#104690,.T.);
#104710=EDGE_LOOP('',(#104700,#104640,#104550,#104470));
#104720=FACE_OUTER_BOUND('',#104710,.T.);
#104730=ADVANCED_FACE('',(#104720),#104460,.T.);
#104740=CARTESIAN_POINT('',(-4.25048958896017,1.31533900000002,
-4.60500000000002));
#104750=DIRECTION('',(-1.,-1.22460635382238E-16,-2.44921270764475E-16));
#104760=DIRECTION('',(1.22460635382238E-16,-1.,7.34763812293427E-16));
#104770=AXIS2_PLACEMENT_3D('',#104740,#104750,#104760);
#104780=PLANE('',#104770);
#104790=CARTESIAN_POINT('',(-4.25048958896017,1.25533900000002,
-4.40000000000002));
#104800=DIRECTION('',(2.44921270764476E-16,-9.79685083057902E-16,-1.));
#104810=VECTOR('',#104800,1.);
#104820=LINE('',#104790,#104810);
#104830=CARTESIAN_POINT('',(-4.25048958896017,1.25533900000002,
-4.60500000000001));
#104840=VERTEX_POINT('',#104830);
#104850=EDGE_CURVE('',#70440,#104840,#104820,.T.);
#104860=ORIENTED_EDGE('',*,*,#104850,.F.);
#104870=CARTESIAN_POINT('',(-4.25048958896017,0.12549053417596,
-4.60500000000001));
#104880=DIRECTION('',(-1.22460635382237E-16,1.,-9.79685083057902E-16));
#104890=VECTOR('',#104880,1.);
#104900=LINE('',#104870,#104890);
#104910=EDGE_CURVE('',#104840,#16250,#104900,.T.);
#104920=ORIENTED_EDGE('',*,*,#104910,.F.);
#104930=ORIENTED_EDGE('',*,*,#16260,.F.);
#104940=ORIENTED_EDGE('',*,*,#70510,.F.);
#104950=EDGE_LOOP('',(#104940,#104930,#104920,#104860));
#104960=FACE_OUTER_BOUND('',#104950,.T.);
#104970=ADVANCED_FACE('',(#104960),#104780,.T.);
#104980=CARTESIAN_POINT('',(-2.62860368742195,1.12085358585773,
-5.05277578828196));
#104990=DIRECTION('',(0.998856678503963,0.0478051859951587,
1.30871091490535E-16));
#105000=DIRECTION('',(-0.0478051859951587,0.998856678503963,
-7.57340754838453E-16));
#105010=AXIS2_PLACEMENT_3D('',#104980,#104990,#105000);
#105020=PLANE('',#105010);
#105030=CARTESIAN_POINT('',(-2.57495974099957,0.,-4.85500000000002));
#105040=DIRECTION('',(-0.0478051859951633,0.998856678503962,
-7.84095011141517E-16));
#105050=VECTOR('',#105040,1.);
#105060=LINE('',#105030,#105050);
#105070=CARTESIAN_POINT('',(-2.62786116081275,1.10533900000005,
-4.85500000000002));
#105080=VERTEX_POINT('',#105070);
#105090=EDGE_CURVE('',#105080,#60760,#105060,.T.);
#105100=ORIENTED_EDGE('',*,*,#105090,.F.);
#105110=ORIENTED_EDGE('',*,*,#60970,.F.);
#105120=CARTESIAN_POINT('',(-2.57495974099957,0.,-4.60500000000001));
#105130=DIRECTION('',(0.0478051859951633,-0.998856678503962,
4.9960036108132E-16));
#105140=VECTOR('',#105130,1.);
#105150=LINE('',#105120,#105140);
#105160=CARTESIAN_POINT('',(-2.62786116081272,1.10533900000005,
-4.60500000000001));
#105170=VERTEX_POINT('',#105160);
#105180=EDGE_CURVE('',#60900,#105170,#105150,.T.);
#105190=ORIENTED_EDGE('',*,*,#105180,.F.);
#105200=CARTESIAN_POINT('',(-2.62786116081275,1.10533900000005,0.));
#105210=DIRECTION('',(-1.66186616931225E-16,7.34763812293425E-16,1.));
#105220=VECTOR('',#105210,1.);
#105230=LINE('',#105200,#105220);
#105240=EDGE_CURVE('',#105080,#105170,#105230,.T.);
#105250=ORIENTED_EDGE('',*,*,#105240,.T.);
#105260=EDGE_LOOP('',(#105250,#105190,#105110,#105100));
#105270=FACE_OUTER_BOUND('',#105260,.T.);
#105280=ADVANCED_FACE('',(#105270),#105020,.F.);
#105290=CARTESIAN_POINT('',(-2.55048958896018,1.16217151036779,
-2.33000000000001));
#105300=DIRECTION('',(1.,1.67677286985746E-15,4.8984254152895E-16));
#105310=DIRECTION('',(1.67677286985746E-15,-1.,7.34763812293427E-16));
#105320=AXIS2_PLACEMENT_3D('',#105290,#105300,#105310);
#105330=PLANE('',#105320);
#105340=CARTESIAN_POINT('',(-2.55048958896018,1.25533900000001,0.));
#105350=DIRECTION('',(-4.89842541528951E-16,4.89842541528951E-16,1.));
#105360=VECTOR('',#105350,1.);
#105370=LINE('',#105340,#105360);
#105380=CARTESIAN_POINT('',(-2.55048958896018,1.25533900000001,
-2.60500000000001));
#105390=VERTEX_POINT('',#105380);
#105400=CARTESIAN_POINT('',(-2.55048958896018,1.25533900000001,
-2.45500000000002));
#105410=VERTEX_POINT('',#105400);
#105420=EDGE_CURVE('',#105390,#105410,#105370,.T.);
#105430=ORIENTED_EDGE('',*,*,#105420,.T.);
#105440=CARTESIAN_POINT('',(-2.55048958896018,0.765930490838865,
-2.60500000000001));
#105450=DIRECTION('',(1.67677286985746E-15,-1.,4.89842541528951E-16));
#105460=VECTOR('',#105450,1.);
#105470=LINE('',#105440,#105460);
#105480=EDGE_CURVE('',#105390,#95650,#105470,.T.);
#105490=ORIENTED_EDGE('',*,*,#105480,.F.);
#105500=ORIENTED_EDGE('',*,*,#95840,.F.);
#105510=CARTESIAN_POINT('',(-2.55048958896018,0.765930490838865,
-2.45500000000002));
#105520=DIRECTION('',(-1.67677286985746E-15,1.,-4.89842541528953E-16));
#105530=VECTOR('',#105520,1.);
#105540=LINE('',#105510,#105530);
#105550=EDGE_CURVE('',#95770,#105410,#105540,.T.);
#105560=ORIENTED_EDGE('',*,*,#105550,.F.);
#105570=EDGE_LOOP('',(#105560,#105500,#105490,#105430));
#105580=FACE_OUTER_BOUND('',#105570,.T.);
#105590=ADVANCED_FACE('',(#105580),#105330,.T.);
#105600=CARTESIAN_POINT('',(-3.33625420622574,1.26042068432362,
-2.20500000000002));
#105610=DIRECTION('',(2.44921270764476E-16,-4.89842541528951E-16,-1.));
#105620=DIRECTION('',(1.,1.22460635382238E-16,2.44921270764476E-16));
#105630=AXIS2_PLACEMENT_3D('',#105600,#105610,#105620);
#105640=PLANE('',#105630);
#105650=CARTESIAN_POINT('',(0.,1.32533899999994,-2.20500000000002));
#105660=DIRECTION('',(1.,1.63507259138096E-15,2.44921270764475E-16));
#105670=VECTOR('',#105660,1.);
#105680=LINE('',#105650,#105670);
#105690=EDGE_CURVE('',#45450,#98200,#105680,.T.);
#105700=ORIENTED_EDGE('',*,*,#105690,.F.);
#105710=ORIENTED_EDGE('',*,*,#98210,.F.);
#105720=ORIENTED_EDGE('',*,*,#28090,.T.);
#105730=CARTESIAN_POINT('',(-4.25048958896017,0.125490534175962,
-2.20500000000001));
#105740=DIRECTION('',(-1.22460635382237E-16,1.,-9.79685083057902E-16));
#105750=VECTOR('',#105740,1.);
#105760=LINE('',#105730,#105750);
#105770=EDGE_CURVE('',#30170,#28000,#105760,.T.);
#105780=ORIENTED_EDGE('',*,*,#105770,.T.);
#105790=ORIENTED_EDGE('',*,*,#30200,.F.);
#105800=ORIENTED_EDGE('',*,*,#72050,.F.);
#105810=CARTESIAN_POINT('',(-2.80619597048117,1.10703072551716,
-2.20500000000002));
#105820=DIRECTION('',(0.998856678503963,-0.0478051859951555,
2.68058260816905E-16));
#105830=VECTOR('',#105820,1.);
#105840=LINE('',#105810,#105830);
#105850=EDGE_CURVE('',#71980,#29470,#105840,.T.);
#105860=ORIENTED_EDGE('',*,*,#105850,.F.);
#105870=ORIENTED_EDGE('',*,*,#29480,.F.);
#105880=ORIENTED_EDGE('',*,*,#68680,.F.);
#105890=CARTESIAN_POINT('',(0.,1.10533899999993,-2.20500000000002));
#105900=DIRECTION('',(1.,4.68706735088987E-15,2.44921270764474E-16));
#105910=VECTOR('',#105900,1.);
#105920=LINE('',#105890,#105910);
#105930=EDGE_CURVE('',#68610,#50530,#105920,.T.);
#105940=ORIENTED_EDGE('',*,*,#105930,.F.);
#105950=ORIENTED_EDGE('',*,*,#50540,.F.);
#105960=ORIENTED_EDGE('',*,*,#45520,.F.);
#105970=EDGE_LOOP('',(#105960,#105950,#105940,#105880,#105870,#105860,
#105800,#105790,#105780,#105720,#105710,#105700));
#105980=FACE_OUTER_BOUND('',#105970,.T.);
#105990=ADVANCED_FACE('',(#105980),#105640,.T.);
#106000=CARTESIAN_POINT('',(-2.73048958896017,1.09533900000001,
-1.00500000000001));
#106010=DIRECTION('',(-2.44921270764476E-16,4.89842541528951E-16,1.));
#106020=DIRECTION('',(-1.,-1.22460635382238E-16,-2.44921270764476E-16));
#106030=AXIS2_PLACEMENT_3D('',#106000,#106010,#106020);
#106040=PLANE('',#106030);
#106050=ORIENTED_EDGE('',*,*,#91630,.T.);
#106060=ORIENTED_EDGE('',*,*,#76840,.T.);
#106070=CARTESIAN_POINT('',(-2.57495974099957,0.,-1.00500000000001));
#106080=DIRECTION('',(0.0478051859951633,-0.998856678503962,
4.9960036108132E-16));
#106090=VECTOR('',#106080,1.);
#106100=LINE('',#106070,#106090);
#106110=CARTESIAN_POINT('',(-2.63042592347529,1.15892796238875,
-1.00500000000001));
#106120=VERTEX_POINT('',#106110);
#106130=EDGE_CURVE('',#106120,#76750,#106100,.T.);
#106140=ORIENTED_EDGE('',*,*,#106130,.T.);
#106150=CARTESIAN_POINT('',(0.,1.28481989786296,-1.00500000000001));
#106160=DIRECTION('',(-0.998856678503962,-0.0478051859951633,
-2.22044604925031E-16));
#106170=VECTOR('',#106160,1.);
#106180=LINE('',#106150,#106170);
#106190=EDGE_CURVE('',#66730,#106120,#106180,.T.);
#106200=ORIENTED_EDGE('',*,*,#106190,.T.);
#106210=ORIENTED_EDGE('',*,*,#66740,.T.);
#106220=CARTESIAN_POINT('',(-2.55048958896018,0.765930490838866,
-1.00500000000001));
#106230=DIRECTION('',(1.67677286985746E-15,-1.,4.89842541528951E-16));
#106240=VECTOR('',#106230,1.);
#106250=LINE('',#106220,#106240);
#106260=EDGE_CURVE('',#69330,#66710,#106250,.T.);
#106270=ORIENTED_EDGE('',*,*,#106260,.T.);
#106280=ORIENTED_EDGE('',*,*,#69340,.T.);
#106290=CARTESIAN_POINT('',(-2.27048958896017,0.125490534175958,
-1.00500000000001));
#106300=DIRECTION('',(1.22460635382238E-16,-1.,4.89842541528951E-16));
#106310=VECTOR('',#106300,1.);
#106320=LINE('',#106290,#106310);
#106330=EDGE_CURVE('',#97500,#69250,#106320,.T.);
#106340=ORIENTED_EDGE('',*,*,#106330,.T.);
#106350=ORIENTED_EDGE('',*,*,#97510,.T.);
#106360=CARTESIAN_POINT('',(-2.70048958896017,1.17533900000001,
-1.00500000000001));
#106370=DIRECTION('',(2.44921270764476E-16,-7.34763812293426E-16,-1.));
#106380=DIRECTION('',(1.22460635382238E-16,-1.,7.34763812293426E-16));
#106390=AXIS2_PLACEMENT_3D('',#106360,#106370,#106380);
#106400=CIRCLE('',#106390,0.16);
#106410=CARTESIAN_POINT('',(-2.75616723258866,1.32533899999994,
-1.00500000000001));
#106420=VERTEX_POINT('',#106410);
#106430=EDGE_CURVE('',#106420,#97480,#106400,.T.);
#106440=ORIENTED_EDGE('',*,*,#106430,.T.);
#106450=CARTESIAN_POINT('',(0.,1.32533899999994,-1.00500000000001));
#106460=DIRECTION('',(-1.,-1.63507259138096E-15,-2.44921270764475E-16));
#106470=VECTOR('',#106460,1.);
#106480=LINE('',#106450,#106470);
#106490=EDGE_CURVE('',#70900,#106420,#106480,.T.);
#106500=ORIENTED_EDGE('',*,*,#106490,.T.);
#106510=ORIENTED_EDGE('',*,*,#70910,.T.);
#106520=EDGE_LOOP('',(#106510,#106500,#106440,#106350,#106340,#106280,
#106270,#106210,#106200,#106140,#106060,#106050));
#106530=FACE_OUTER_BOUND('',#106520,.T.);
#106540=ADVANCED_FACE('',(#106530),#106040,.F.);
#106550=CARTESIAN_POINT('',(-2.55048958896018,1.16217151036779,
-3.13000000000001));
#106560=DIRECTION('',(1.,1.67677286985746E-15,4.8984254152895E-16));
#106570=DIRECTION('',(1.67677286985746E-15,-1.,7.34763812293427E-16));
#106580=AXIS2_PLACEMENT_3D('',#106550,#106560,#106570);
#106590=PLANE('',#106580);
#106600=CARTESIAN_POINT('',(-2.55048958896018,1.25533900000001,0.));
#106610=DIRECTION('',(-4.89842541528951E-16,4.89842541528951E-16,1.));
#106620=VECTOR('',#106610,1.);
#106630=LINE('',#106600,#106620);
#106640=CARTESIAN_POINT('',(-2.55048958896018,1.25533900000001,
-3.40500000000001));
#106650=VERTEX_POINT('',#106640);
#106660=CARTESIAN_POINT('',(-2.55048958896018,1.25533900000001,
-3.25500000000002));
#106670=VERTEX_POINT('',#106660);
#106680=EDGE_CURVE('',#106650,#106670,#106630,.T.);
#106690=ORIENTED_EDGE('',*,*,#106680,.T.);
#106700=CARTESIAN_POINT('',(-2.55048958896018,0.765930490838864,
-3.40500000000001));
#106710=DIRECTION('',(1.67677286985746E-15,-1.,4.89842541528951E-16));
#106720=VECTOR('',#106710,1.);
#106730=LINE('',#106700,#106720);
#106740=EDGE_CURVE('',#106650,#82310,#106730,.T.);
#106750=ORIENTED_EDGE('',*,*,#106740,.F.);
#106760=ORIENTED_EDGE('',*,*,#82520,.F.);
#106770=CARTESIAN_POINT('',(-2.55048958896018,0.765930490838864,
-3.25500000000002));
#106780=DIRECTION('',(-1.67677286985746E-15,1.,-4.89842541528953E-16));
#106790=VECTOR('',#106780,1.);
#106800=LINE('',#106770,#106790);
#106810=EDGE_CURVE('',#82450,#106670,#106800,.T.);
#106820=ORIENTED_EDGE('',*,*,#106810,.F.);
#106830=EDGE_LOOP('',(#106820,#106760,#106750,#106690));
#106840=FACE_OUTER_BOUND('',#106830,.T.);
#106850=ADVANCED_FACE('',(#106840),#106590,.T.);
#106860=CARTESIAN_POINT('',(-3.81548958896016,1.13033899999995,-3.9925))
;
#106870=DIRECTION('',(-0.707106781186548,0.707106781186548,
3.10067243467293E-15));
#106880=DIRECTION('',(-0.707106781186548,-0.707106781186548,
3.75204565529505E-15));
#106890=AXIS2_PLACEMENT_3D('',#106860,#106870,#106880);
#106900=PLANE('',#106890);
#106910=ORIENTED_EDGE('',*,*,#22000,.T.);
#106920=CARTESIAN_POINT('',(-4.94582858896002,0.,-3.80500000000001));
#106930=DIRECTION('',(0.707106781186544,0.707106781186551,
-6.93889390390723E-16));
#106940=VECTOR('',#106930,1.);
#106950=LINE('',#106920,#106940);
#106960=EDGE_CURVE('',#84790,#21970,#106950,.T.);
#106970=ORIENTED_EDGE('',*,*,#106960,.T.);
#106980=ORIENTED_EDGE('',*,*,#84800,.F.);
#106990=ORIENTED_EDGE('',*,*,#88980,.F.);
#107000=EDGE_LOOP('',(#106990,#106980,#106970,#106910));
#107010=FACE_OUTER_BOUND('',#107000,.T.);
#107020=ADVANCED_FACE('',(#107010),#106900,.T.);
#107030=CARTESIAN_POINT('',(-3.97048958896018,1.10533899999996,
-5.53000000000002));
#107040=DIRECTION('',(1.22460635382237E-16,-1.,7.34763812293426E-16));
#107050=DIRECTION('',(-5.11977682188428E-15,-7.34763812293427E-16,-1.));
#107060=AXIS2_PLACEMENT_3D('',#107030,#107040,#107050);
#107070=PLANE('',#107060);
#107080=ORIENTED_EDGE('',*,*,#64450,.T.);
#107090=CARTESIAN_POINT('',(0.,1.10533899999993,-5.65500000000002));
#107100=DIRECTION('',(1.,4.68706735088987E-15,-4.33873497871557E-30));
#107110=VECTOR('',#107100,1.);
#107120=LINE('',#107090,#107110);
#107130=EDGE_CURVE('',#64380,#75310,#107120,.T.);
#107140=ORIENTED_EDGE('',*,*,#107130,.F.);
#107150=ORIENTED_EDGE('',*,*,#75320,.F.);
#107160=ORIENTED_EDGE('',*,*,#31330,.T.);
#107170=EDGE_LOOP('',(#107160,#107150,#107140,#107080));
#107180=FACE_OUTER_BOUND('',#107170,.T.);
#107190=ADVANCED_FACE('',(#107180),#107070,.F.);
#107200=CARTESIAN_POINT('',(-2.57341220317929,1.16165663364027,
-3.32519026233275));
#107210=DIRECTION('',(-0.0478051859951587,0.998856678503963,
-5.06565230622445E-16));
#107220=DIRECTION('',(-0.998856678503963,-0.0478051859951587,
-4.5418042979937E-16));
#107230=AXIS2_PLACEMENT_3D('',#107200,#107210,#107220);
#107240=PLANE('',#107230);
#107250=CARTESIAN_POINT('',(0.,1.28481989786295,-3.255));
#107260=DIRECTION('',(0.998856678503962,0.0478051859951633,
6.07153216591882E-15));
#107270=VECTOR('',#107260,1.);
#107280=LINE('',#107250,#107270);
#107290=EDGE_CURVE('',#79780,#82370,#107280,.T.);
#107300=ORIENTED_EDGE('',*,*,#107290,.F.);
#107310=EDGE_CURVE('',#82370,#79060,#10270,.T.);
#107320=ORIENTED_EDGE('',*,*,#107310,.F.);
#107330=ORIENTED_EDGE('',*,*,#79070,.F.);
#107340=ORIENTED_EDGE('',*,*,#79850,.T.);
#107350=EDGE_LOOP('',(#107340,#107330,#107320,#107300));
#107360=FACE_OUTER_BOUND('',#107350,.T.);
#107370=ADVANCED_FACE('',(#107360),#107240,.T.);
#107380=CARTESIAN_POINT('',(-4.30048958896017,1.25533900000002,
-5.00500000000002));
#107390=DIRECTION('',(1.22460635382237E-16,-1.,9.79685083057902E-16));
#107400=DIRECTION('',(2.44921270764476E-16,-9.79685083057902E-16,-1.));
#107410=AXIS2_PLACEMENT_3D('',#107380,#107390,#107400);
#107420=PLANE('',#107410);
#107430=ORIENTED_EDGE('',*,*,#103040,.T.);
#107440=CARTESIAN_POINT('',(-4.25048958896017,1.25533900000002,
-4.80000000000002));
#107450=DIRECTION('',(2.44921270764476E-16,-9.79685083057902E-16,-1.));
#107460=VECTOR('',#107450,1.);
#107470=LINE('',#107440,#107460);
#107480=CARTESIAN_POINT('',(-4.25048958896017,1.25533900000002,
-4.85500000000002));
#107490=VERTEX_POINT('',#107480);
#107500=EDGE_CURVE('',#107490,#102950,#107470,.T.);
#107510=ORIENTED_EDGE('',*,*,#107500,.T.);
#107520=CARTESIAN_POINT('',(-2.78950032537759,1.25533900000002,
-4.85500000000002));
#107530=DIRECTION('',(1.,1.22460635382237E-16,-1.06826222965723E-32));
#107540=VECTOR('',#107530,1.);
#107550=LINE('',#107520,#107540);
#107560=EDGE_CURVE('',#107490,#85830,#107550,.T.);
#107570=ORIENTED_EDGE('',*,*,#107560,.F.);
#107580=ORIENTED_EDGE('',*,*,#85860,.F.);
#107590=EDGE_LOOP('',(#107580,#107570,#107510,#107430));
#107600=FACE_OUTER_BOUND('',#107590,.T.);
#107610=ADVANCED_FACE('',(#107600),#107420,.T.);
#107620=CARTESIAN_POINT('',(-3.81548958896018,1.13033899999996,
-5.06750000000002));
#107630=DIRECTION('',(0.707106781186548,-0.707106781186547,
-3.10067243467293E-15));
#107640=DIRECTION('',(-0.707106781186547,-0.707106781186548,
4.2946781954593E-15));
#107650=AXIS2_PLACEMENT_3D('',#107620,#107630,#107640);
#107660=PLANE('',#107650);
#107670=ORIENTED_EDGE('',*,*,#89760,.F.);
#107680=CARTESIAN_POINT('',(-3.79048958896015,1.15533899999989,0.));
#107690=DIRECTION('',(-5.11977682188428E-15,-6.34438317570671E-15,-1.));
#107700=VECTOR('',#107690,1.);
#107710=LINE('',#107680,#107700);
#107720=EDGE_CURVE('',#103280,#89690,#107710,.T.);
#107730=ORIENTED_EDGE('',*,*,#107720,.T.);
#107740=ORIENTED_EDGE('',*,*,#103290,.T.);
#107750=ORIENTED_EDGE('',*,*,#82860,.T.);
#107760=EDGE_LOOP('',(#107750,#107740,#107730,#107670));
#107770=FACE_OUTER_BOUND('',#107760,.T.);
#107780=ADVANCED_FACE('',(#107770),#107660,.F.);
#107790=CARTESIAN_POINT('',(-3.94756697474104,1.16165663364027,
-5.33480973766728));
#107800=DIRECTION('',(0.0478051859951585,0.998856678503963,
-9.72990758345263E-16));
#107810=DIRECTION('',(0.998856678503963,-0.0478051859951585,
2.79790224206995E-16));
#107820=AXIS2_PLACEMENT_3D('',#107790,#107800,#107810);
#107830=PLANE('',#107820);
#107840=ORIENTED_EDGE('',*,*,#103140,.T.);
#107850=CARTESIAN_POINT('',(-3.97046178872531,1.16275237726836,0.));
#107860=DIRECTION('',(-4.77294443600546E-16,9.96947739777356E-16,1.));
#107870=VECTOR('',#107860,1.);
#107880=LINE('',#107850,#107870);
#107890=EDGE_CURVE('',#86500,#63270,#107880,.T.);
#107900=ORIENTED_EDGE('',*,*,#107890,.T.);
#107910=ORIENTED_EDGE('',*,*,#89910,.F.);
#107920=CARTESIAN_POINT('',(-3.89055325444501,1.15892796238871,0.));
#107930=DIRECTION('',(-9.79602902190764E-19,7.11366878368739E-16,1.));
#107940=VECTOR('',#107930,1.);
#107950=LINE('',#107920,#107940);
#107960=EDGE_CURVE('',#89840,#103130,#107950,.T.);
#107970=ORIENTED_EDGE('',*,*,#107960,.F.);
#107980=EDGE_LOOP('',(#107970,#107910,#107900,#107840));
#107990=FACE_OUTER_BOUND('',#107980,.T.);
#108000=ADVANCED_FACE('',(#107990),#107830,.T.);
#108010=CARTESIAN_POINT('',(-4.30048958896017,1.25533900000002,
-5.40500000000002));
#108020=DIRECTION('',(1.22460635382237E-16,-1.,9.79685083057902E-16));
#108030=DIRECTION('',(2.44921270764476E-16,-9.79685083057902E-16,-1.));
#108040=AXIS2_PLACEMENT_3D('',#108010,#108020,#108030);
#108050=PLANE('',#108040);
#108060=ORIENTED_EDGE('',*,*,#30930,.T.);
#108070=ORIENTED_EDGE('',*,*,#61980,.T.);
#108080=ORIENTED_EDGE('',*,*,#89510,.F.);
#108090=CARTESIAN_POINT('',(-3.97048958896017,1.25533900000002,0.));
#108100=DIRECTION('',(7.34763812293426E-16,-9.79685083057902E-16,-1.));
#108110=VECTOR('',#108100,1.);
#108120=LINE('',#108090,#108110);
#108130=EDGE_CURVE('',#89500,#30920,#108120,.T.);
#108140=ORIENTED_EDGE('',*,*,#108130,.F.);
#108150=EDGE_LOOP('',(#108140,#108080,#108070,#108060));
#108160=FACE_OUTER_BOUND('',#108150,.T.);
#108170=ADVANCED_FACE('',(#108160),#108050,.T.);
#108180=CARTESIAN_POINT('',(-4.25048958896017,1.31533900000002,
-5.80500000000002));
#108190=DIRECTION('',(-1.,-1.22460635382238E-16,-2.44921270764475E-16));
#108200=DIRECTION('',(1.22460635382238E-16,-1.,7.34763812293427E-16));
#108210=AXIS2_PLACEMENT_3D('',#108180,#108190,#108200);
#108220=PLANE('',#108210);
#108230=ORIENTED_EDGE('',*,*,#62960,.F.);
#108240=CARTESIAN_POINT('',(-4.25048958896017,0.,-5.80500000000002));
#108250=DIRECTION('',(-1.63507259138096E-15,1.,-9.79685083057902E-16));
#108260=VECTOR('',#108250,1.);
#108270=LINE('',#108240,#108260);
#108280=CARTESIAN_POINT('',(-4.25048958896017,1.33533900000002,
-5.80500000000002));
#108290=VERTEX_POINT('',#108280);
#108300=EDGE_CURVE('',#62870,#108290,#108270,.T.);
#108310=ORIENTED_EDGE('',*,*,#108300,.F.);
#108320=CARTESIAN_POINT('',(-4.25048958896017,1.33533900000002,
-5.60000000000002));
#108330=DIRECTION('',(-2.44921270764476E-16,7.34763812293426E-16,1.));
#108340=VECTOR('',#108330,1.);
#108350=LINE('',#108320,#108340);
#108360=CARTESIAN_POINT('',(-4.25048958896017,1.33533900000002,
-5.65500000000002));
#108370=VERTEX_POINT('',#108360);
#108380=EDGE_CURVE('',#108290,#108370,#108350,.T.);
#108390=ORIENTED_EDGE('',*,*,#108380,.F.);
#108400=CARTESIAN_POINT('',(-4.25048958896017,0.125490534175959,
-5.65500000000002));
#108410=DIRECTION('',(1.22460635382237E-16,-1.,9.79685083057902E-16));
#108420=VECTOR('',#108410,1.);
#108430=LINE('',#108400,#108420);
#108440=EDGE_CURVE('',#108370,#62950,#108430,.T.);
#108450=ORIENTED_EDGE('',*,*,#108440,.F.);
#108460=EDGE_LOOP('',(#108450,#108390,#108310,#108230));
#108470=FACE_OUTER_BOUND('',#108460,.T.);
#108480=ADVANCED_FACE('',(#108470),#108220,.T.);
#108490=CARTESIAN_POINT('',(-3.94756697474104,1.16165663364028,
-0.134809737667279));
#108500=DIRECTION('',(0.0478051859951585,0.998856678503963,
-9.72990758345263E-16));
#108510=DIRECTION('',(0.998856678503963,-0.0478051859951585,
2.79790224206995E-16));
#108520=AXIS2_PLACEMENT_3D('',#108490,#108500,#108510);
#108530=PLANE('',#108520);
#108540=CARTESIAN_POINT('',(0.,0.972726452246777,-0.205000000000001));
#108550=DIRECTION('',(0.998856678503963,-0.0478051859951539,
-2.42861286636753E-16));
#108560=VECTOR('',#108550,1.);
#108570=LINE('',#108540,#108560);
#108580=CARTESIAN_POINT('',(-3.890553254445,1.15892796238871,-0.205));
#108590=VERTEX_POINT('',#108580);
#108600=EDGE_CURVE('',#15220,#108590,#108570,.T.);
#108610=ORIENTED_EDGE('',*,*,#108600,.T.);
#108620=CARTESIAN_POINT('',(-3.97046178872531,1.16275237726837,0.));
#108630=DIRECTION('',(-4.77294443600546E-16,9.96947739777356E-16,1.));
#108640=VECTOR('',#108630,1.);
#108650=LINE('',#108620,#108640);
#108660=CARTESIAN_POINT('',(-3.97046178872531,1.16275237726837,
-0.455000000000017));
#108670=VERTEX_POINT('',#108660);
#108680=EDGE_CURVE('',#108670,#15220,#108650,.T.);
#108690=ORIENTED_EDGE('',*,*,#108680,.T.);
#108700=CARTESIAN_POINT('',(0.,0.972726452246776,-0.455000000000017));
#108710=DIRECTION('',(0.998856678503963,-0.0478051859951539,
4.5102810375397E-17));
#108720=VECTOR('',#108710,1.);
#108730=LINE('',#108700,#108720);
#108740=CARTESIAN_POINT('',(-3.89055325444502,1.15892796238871,
-0.455000000000017));
#108750=VERTEX_POINT('',#108740);
#108760=EDGE_CURVE('',#108670,#108750,#108730,.T.);
#108770=ORIENTED_EDGE('',*,*,#108760,.F.);
#108780=CARTESIAN_POINT('',(-3.89055325444502,1.15892796238871,0.));
#108790=DIRECTION('',(-9.79602902190764E-19,7.11366878368739E-16,1.));
#108800=VECTOR('',#108790,1.);
#108810=LINE('',#108780,#108800);
#108820=EDGE_CURVE('',#108750,#108590,#108810,.T.);
#108830=ORIENTED_EDGE('',*,*,#108820,.F.);
#108840=EDGE_LOOP('',(#108830,#108770,#108690,#108610));
#108850=FACE_OUTER_BOUND('',#108840,.T.);
#108860=ADVANCED_FACE('',(#108850),#108530,.T.);
#108870=CARTESIAN_POINT('',(-3.97048958896018,1.10533899999996,
-2.33000000000002));
#108880=DIRECTION('',(1.22460635382237E-16,-1.,7.34763812293426E-16));
#108890=DIRECTION('',(-5.11977682188428E-15,-7.34763812293427E-16,-1.));
#108900=AXIS2_PLACEMENT_3D('',#108870,#108880,#108890);
#108910=PLANE('',#108900);
#108920=ORIENTED_EDGE('',*,*,#68620,.T.);
#108930=ORIENTED_EDGE('',*,*,#85340,.F.);
#108940=ORIENTED_EDGE('',*,*,#50600,.F.);
#108950=ORIENTED_EDGE('',*,*,#105930,.T.);
#108960=EDGE_LOOP('',(#108950,#108940,#108930,#108920));
#108970=FACE_OUTER_BOUND('',#108960,.T.);
#108980=ADVANCED_FACE('',(#108970),#108910,.F.);
#108990=CARTESIAN_POINT('',(-4.30048958896017,1.25533900000002,
-1.40500000000002));
#109000=DIRECTION('',(1.22460635382237E-16,-1.,9.79685083057902E-16));
#109010=DIRECTION('',(2.44921270764476E-16,-9.79685083057902E-16,-1.));
#109020=AXIS2_PLACEMENT_3D('',#108990,#109000,#109010);
#109030=PLANE('',#109020);
#109040=ORIENTED_EDGE('',*,*,#96060,.T.);
#109050=CARTESIAN_POINT('',(-4.25048958896017,1.25533900000002,
-1.20000000000002));
#109060=DIRECTION('',(2.44921270764476E-16,-9.79685083057902E-16,-1.));
#109070=VECTOR('',#109060,1.);
#109080=LINE('',#109050,#109070);
#109090=EDGE_CURVE('',#33230,#95990,#109080,.T.);
#109100=ORIENTED_EDGE('',*,*,#109090,.T.);
#109110=ORIENTED_EDGE('',*,*,#33240,.F.);
#109120=ORIENTED_EDGE('',*,*,#90140,.F.);
#109130=EDGE_LOOP('',(#109120,#109110,#109100,#109040));
#109140=FACE_OUTER_BOUND('',#109130,.T.);
#109150=ADVANCED_FACE('',(#109140),#109030,.T.);
#109160=CARTESIAN_POINT('',(-2.27048958896017,1.31533900000001,
-4.05500000000001));
#109170=DIRECTION('',(1.,1.22460635382238E-16,4.89842541528951E-16));
#109180=DIRECTION('',(1.22460635382238E-16,-1.,7.34763812293426E-16));
#109190=AXIS2_PLACEMENT_3D('',#109160,#109170,#109180);
#109200=PLANE('',#109190);
#109210=CARTESIAN_POINT('',(-2.27048958896017,1.25533900000001,
-4.26000000000001));
#109220=DIRECTION('',(-4.89842541528951E-16,4.89842541528951E-16,1.));
#109230=VECTOR('',#109220,1.);
#109240=LINE('',#109210,#109230);
#109250=CARTESIAN_POINT('',(-2.27048958896017,1.25533900000001,
-4.05500000000002));
#109260=VERTEX_POINT('',#109250);
#109270=EDGE_CURVE('',#67550,#109260,#109240,.T.);
#109280=ORIENTED_EDGE('',*,*,#109270,.F.);
#109290=CARTESIAN_POINT('',(-2.27048958896017,0.125490534175955,
-4.05500000000001));
#109300=DIRECTION('',(-1.22460635382238E-16,1.,-4.89842541528951E-16));
#109310=VECTOR('',#109300,1.);
#109320=LINE('',#109290,#109310);
#109330=CARTESIAN_POINT('',(-2.27048958896017,1.33533900000001,
-4.05500000000002));
#109340=VERTEX_POINT('',#109330);
#109350=EDGE_CURVE('',#109260,#109340,#109320,.T.);
#109360=ORIENTED_EDGE('',*,*,#109350,.F.);
#109370=CARTESIAN_POINT('',(-2.27048958896017,1.33533900000001,
-4.26000000000001));
#109380=DIRECTION('',(4.89842541528951E-16,-7.34763812293426E-16,-1.));
#109390=VECTOR('',#109380,1.);
#109400=LINE('',#109370,#109390);
#109410=EDGE_CURVE('',#109340,#67630,#109400,.T.);
#109420=ORIENTED_EDGE('',*,*,#109410,.F.);
#109430=ORIENTED_EDGE('',*,*,#67640,.F.);
#109440=EDGE_LOOP('',(#109430,#109420,#109360,#109280));
#109450=FACE_OUTER_BOUND('',#109440,.T.);
#109460=ADVANCED_FACE('',(#109450),#109200,.T.);
#109470=CARTESIAN_POINT('',(-2.63042592347532,1.15892796238874,
-5.19000000000001));
#109480=DIRECTION('',(-0.0478051859951587,0.998856678503963,
-7.57340754838453E-16));
#109490=DIRECTION('',(2.4534114631644E-16,-7.46465625902677E-16,-1.));
#109500=AXIS2_PLACEMENT_3D('',#109470,#109480,#109490);
#109510=PLANE('',#109500);
#109520=CARTESIAN_POINT('',(-2.80619597048116,1.15051562459262,
-5.40500000000001));
#109530=DIRECTION('',(-0.998856678503963,-0.0478051859951587,
-2.21224233204641E-16));
#109540=VECTOR('',#109530,1.);
#109550=LINE('',#109520,#109540);
#109560=EDGE_CURVE('',#20890,#20090,#109550,.T.);
#109570=ORIENTED_EDGE('',*,*,#109560,.F.);
#109580=EDGE_CURVE('',#20090,#29030,#10270,.T.);
#109590=ORIENTED_EDGE('',*,*,#109580,.F.);
#109600=ORIENTED_EDGE('',*,*,#83930,.F.);
#109610=ORIENTED_EDGE('',*,*,#20980,.T.);
#109620=EDGE_LOOP('',(#109610,#109600,#109590,#109570));
#109630=FACE_OUTER_BOUND('',#109620,.T.);
#109640=ADVANCED_FACE('',(#109630),#109510,.F.);
#109650=CARTESIAN_POINT('',(-3.8919650229986,1.1294300236422,
-3.58319446435686));
#109660=DIRECTION('',(-0.998856678503963,0.0478051859951585,
-5.24408014730746E-16));
#109670=DIRECTION('',(-0.0478051859951585,-0.998856678503963,
7.10506727226188E-16));
#109680=AXIS2_PLACEMENT_3D('',#109650,#109660,#109670);
#109690=PLANE('',#109680);
#109700=ORIENTED_EDGE('',*,*,#89070,.F.);
#109710=ORIENTED_EDGE('',*,*,#84640,.F.);
#109720=CARTESIAN_POINT('',(-3.94601943692068,0.,-3.80500000000001));
#109730=DIRECTION('',(-0.0478051859951539,-0.998856678503963,
9.74914593498966E-16));
#109740=VECTOR('',#109730,1.);
#109750=LINE('',#109720,#109740);
#109760=CARTESIAN_POINT('',(-3.89055325444502,1.15892796238871,
-3.80500000000001));
#109770=VERTEX_POINT('',#109760);
#109780=EDGE_CURVE('',#109770,#84630,#109750,.T.);
#109790=ORIENTED_EDGE('',*,*,#109780,.T.);
#109800=CARTESIAN_POINT('',(-3.89055325444502,1.15892796238871,0.));
#109810=DIRECTION('',(4.89842541528951E-16,-7.34763812293426E-16,-1.));
#109820=VECTOR('',#109810,1.);
#109830=LINE('',#109800,#109820);
#109840=EDGE_CURVE('',#109770,#89060,#109830,.T.);
#109850=ORIENTED_EDGE('',*,*,#109840,.F.);
#109860=EDGE_LOOP('',(#109850,#109790,#109710,#109700));
#109870=FACE_OUTER_BOUND('',#109860,.T.);
#109880=ADVANCED_FACE('',(#109870),#109690,.F.);
#109890=CARTESIAN_POINT('',(-3.79048958896017,1.09533900000002,
-0.455000000000017));
#109900=DIRECTION('',(1.1997285774577E-31,-9.79685083057902E-16,-1.));
#109910=DIRECTION('',(1.,1.22460635382237E-16,-3.06534039071054E-46));
#109920=AXIS2_PLACEMENT_3D('',#109890,#109900,#109910);
#109930=PLANE('',#109920);
#109940=ORIENTED_EDGE('',*,*,#59610,.T.);
#109950=ORIENTED_EDGE('',*,*,#53800,.T.);
#109960=ORIENTED_EDGE('',*,*,#1540,.T.);
#109970=ORIENTED_EDGE('',*,*,#61810,.T.);
#109980=CARTESIAN_POINT('',(0.,1.32533899999994,-0.455000000000017));
#109990=DIRECTION('',(1.,1.63507259138096E-15,-1.28189897098414E-30));
#110000=VECTOR('',#109990,1.);
#110010=LINE('',#109980,#110000);
#110020=EDGE_CURVE('',#48970,#61730,#110010,.T.);
#110030=ORIENTED_EDGE('',*,*,#110020,.T.);
#110040=ORIENTED_EDGE('',*,*,#49200,.T.);
#110050=CARTESIAN_POINT('',(-4.94582858896003,0.,-0.455000000000016));
#110060=DIRECTION('',(0.707106781186544,0.707106781186551,
-6.93889390390723E-16));
#110070=VECTOR('',#110060,1.);
#110080=LINE('',#110050,#110070);
#110090=CARTESIAN_POINT('',(-3.84048958896014,1.10533899999992,
-0.455000000000017));
#110100=VERTEX_POINT('',#110090);
#110110=EDGE_CURVE('',#110100,#49130,#110080,.T.);
#110120=ORIENTED_EDGE('',*,*,#110110,.T.);
#110130=CARTESIAN_POINT('',(0.,1.10533899999993,-0.455000000000017));
#110140=DIRECTION('',(1.,4.68706735088987E-15,-4.33873497871557E-30));
#110150=VECTOR('',#110140,1.);
#110160=LINE('',#110130,#110150);
#110170=CARTESIAN_POINT('',(-3.89311801710755,1.10533899999992,
-0.455000000000017));
#110180=VERTEX_POINT('',#110170);
#110190=EDGE_CURVE('',#110180,#110100,#110160,.T.);
#110200=ORIENTED_EDGE('',*,*,#110190,.T.);
#110210=CARTESIAN_POINT('',(-3.94601943692069,0.,-0.455000000000016));
#110220=DIRECTION('',(-0.0478051859951539,-0.998856678503963,
9.74914593498966E-16));
#110230=VECTOR('',#110220,1.);
#110240=LINE('',#110210,#110230);
#110250=EDGE_CURVE('',#108750,#110180,#110240,.T.);
#110260=ORIENTED_EDGE('',*,*,#110250,.T.);
#110270=ORIENTED_EDGE('',*,*,#108760,.T.);
#110280=CARTESIAN_POINT('',(-2.80619597048117,1.10703072551716,
-0.455000000000017));
#110290=DIRECTION('',(0.998856678503963,-0.0478051859951555,
4.94831028438272E-17));
#110300=VECTOR('',#110290,1.);
#110310=LINE('',#110280,#110300);
#110320=EDGE_CURVE('',#62290,#108670,#110310,.T.);
#110330=ORIENTED_EDGE('',*,*,#110320,.T.);
#110340=ORIENTED_EDGE('',*,*,#62300,.T.);
#110350=EDGE_LOOP('',(#110340,#110330,#110270,#110260,#110200,#110120,
#110040,#110030,#109970,#109960,#109950,#109940));
#110360=FACE_OUTER_BOUND('',#110350,.T.);
#110370=ADVANCED_FACE('',(#110360),#109930,.F.);
#110380=CARTESIAN_POINT('',(-3.81548958896018,1.13033899999996,
-3.46750000000002));
#110390=DIRECTION('',(0.707106781186548,-0.707106781186547,
-3.10067243467293E-15));
#110400=DIRECTION('',(-0.707106781186547,-0.707106781186548,
4.2946781954593E-15));
#110410=AXIS2_PLACEMENT_3D('',#110380,#110390,#110400);
#110420=PLANE('',#110410);
#110430=ORIENTED_EDGE('',*,*,#12590,.F.);
#110440=ORIENTED_EDGE('',*,*,#95150,.T.);
#110450=CARTESIAN_POINT('',(-4.94582858896002,0.,-3.40500000000001));
#110460=DIRECTION('',(0.707106781186544,0.707106781186551,
-6.93889390390723E-16));
#110470=VECTOR('',#110460,1.);
#110480=LINE('',#110450,#110470);
#110490=EDGE_CURVE('',#61500,#95140,#110480,.T.);
#110500=ORIENTED_EDGE('',*,*,#110490,.T.);
#110510=ORIENTED_EDGE('',*,*,#61510,.T.);
#110520=EDGE_LOOP('',(#110510,#110500,#110440,#110430));
#110530=FACE_OUTER_BOUND('',#110520,.T.);
#110540=ADVANCED_FACE('',(#110530),#110420,.F.);
#110550=ORIENTED_EDGE('',*,*,#25850,.F.);
#110560=ORIENTED_EDGE('',*,*,#52360,.F.);
#110570=CARTESIAN_POINT('',(-3.79048958896013,1.32533899999994,
-3.00500000000001));
#110580=VERTEX_POINT('',#110570);
#110590=EDGE_CURVE('',#110580,#52290,#22130,.T.);
#110600=ORIENTED_EDGE('',*,*,#110590,.T.);
#110610=CARTESIAN_POINT('',(-3.79048958896012,0.,-3.00500000000001));
#110620=DIRECTION('',(-4.68706735088986E-15,1.,-9.79685083057902E-16));
#110630=VECTOR('',#110620,1.);
#110640=LINE('',#110610,#110630);
#110650=EDGE_CURVE('',#25840,#110580,#110640,.T.);
#110660=ORIENTED_EDGE('',*,*,#110650,.T.);
#110670=EDGE_LOOP('',(#110660,#110600,#110560,#110550));
#110680=FACE_OUTER_BOUND('',#110670,.T.);
#110690=ADVANCED_FACE('',(#110680),#21910,.T.);
#110700=CARTESIAN_POINT('',(-2.55005725977674,1.30533899999996,
-3.25500000000002));
#110710=DIRECTION('',(6.09946190494249E-15,-4.89842541528943E-16,-1.));
#110720=DIRECTION('',(-1.,-1.31436849266552E-15,-6.09946190494249E-15));
#110730=AXIS2_PLACEMENT_3D('',#110700,#110710,#110720);
#110740=PLANE('',#110730);
#110750=CARTESIAN_POINT('',(0.,1.32533899999994,-3.255));
#110760=DIRECTION('',(1.,1.63507259138096E-15,6.09946190494249E-15));
#110770=VECTOR('',#110760,1.);
#110780=LINE('',#110750,#110770);
#110790=CARTESIAN_POINT('',(-2.75616723258867,1.32533899999994,
-3.25500000000002));
#110800=VERTEX_POINT('',#110790);
#110810=EDGE_CURVE('',#110800,#100210,#110780,.T.);
#110820=ORIENTED_EDGE('',*,*,#110810,.T.);
#110830=CARTESIAN_POINT('',(-2.70048958896017,1.17533900000001,
-3.25500000000002));
#110840=DIRECTION('',(2.44921270764476E-16,-7.34763812293426E-16,-1.));
#110850=DIRECTION('',(1.22460635382238E-16,-1.,7.34763812293426E-16));
#110860=AXIS2_PLACEMENT_3D('',#110830,#110840,#110850);
#110870=CIRCLE('',#110860,0.16);
#110880=CARTESIAN_POINT('',(-2.70048958896017,1.33533900000001,
-3.25500000000002));
#110890=VERTEX_POINT('',#110880);
#110900=EDGE_CURVE('',#110800,#110890,#110870,.T.);
#110910=ORIENTED_EDGE('',*,*,#110900,.F.);
#110920=CARTESIAN_POINT('',(-3.73147885254274,1.33533900000001,
-3.25500000000002));
#110930=DIRECTION('',(-1.,-1.22460635382238E-16,-2.44921270764476E-16));
#110940=VECTOR('',#110930,1.);
#110950=LINE('',#110920,#110940);
#110960=EDGE_CURVE('',#96560,#110890,#110950,.T.);
#110970=ORIENTED_EDGE('',*,*,#110960,.T.);
#110980=ORIENTED_EDGE('',*,*,#96570,.T.);
#110990=CARTESIAN_POINT('',(-3.73147885254274,1.25533900000001,
-3.25500000000002));
#111000=DIRECTION('',(-1.,-1.22460635382238E-16,-2.44921270764476E-16));
#111010=VECTOR('',#111000,1.);
#111020=LINE('',#110990,#111010);
#111030=EDGE_CURVE('',#96480,#106670,#111020,.T.);
#111040=ORIENTED_EDGE('',*,*,#111030,.F.);
#111050=ORIENTED_EDGE('',*,*,#106810,.T.);
#111060=ORIENTED_EDGE('',*,*,#82460,.T.);
#111070=ORIENTED_EDGE('',*,*,#107290,.T.);
#111080=ORIENTED_EDGE('',*,*,#79790,.T.);
#111090=ORIENTED_EDGE('',*,*,#95500,.T.);
#111100=CARTESIAN_POINT('',(0.,-1.57515058896016,-3.255));
#111110=DIRECTION('',(0.707106781186551,-0.707106781186544,
4.66293670342566E-15));
#111120=VECTOR('',#111110,1.);
#111130=LINE('',#111100,#111120);
#111140=EDGE_CURVE('',#100290,#95430,#111130,.T.);
#111150=ORIENTED_EDGE('',*,*,#111140,.T.);
#111160=ORIENTED_EDGE('',*,*,#100300,.T.);
#111170=EDGE_LOOP('',(#111160,#111150,#111090,#111080,#111070,#111060,
#111050,#111040,#110980,#110970,#110910,#110820));
#111180=FACE_OUTER_BOUND('',#111170,.T.);
#111190=ADVANCED_FACE('',(#111180),#110740,.F.);
#111200=CARTESIAN_POINT('',(-2.70048958896017,1.17533900000001,
-5.06000000000001));
#111210=DIRECTION('',(2.44921270764476E-16,-7.34763812293426E-16,-1.));
#111220=DIRECTION('',(1.22460635382238E-16,-1.,7.34763812293426E-16));
#111230=AXIS2_PLACEMENT_3D('',#111200,#111210,#111220);
#111240=CYLINDRICAL_SURFACE('',#111230,0.16);
#111250=CARTESIAN_POINT('',(-2.70048958896017,1.17533900000001,
-4.85500000000002));
#111260=DIRECTION('',(2.44921270764476E-16,-7.34763812293426E-16,-1.));
#111270=DIRECTION('',(1.22460635382238E-16,-1.,7.34763812293426E-16));
#111280=AXIS2_PLACEMENT_3D('',#111250,#111260,#111270);
#111290=CIRCLE('',#111280,0.16);
#111300=CARTESIAN_POINT('',(-2.75616723258867,1.32533899999994,
-4.85500000000002));
#111310=VERTEX_POINT('',#111300);
#111320=EDGE_CURVE('',#111310,#2650,#111290,.T.);
#111330=ORIENTED_EDGE('',*,*,#111320,.T.);
#111340=CARTESIAN_POINT('',(-2.75616723258867,1.32533899999994,
-5.06000000000001));
#111350=DIRECTION('',(2.44921270764476E-16,-7.34763812293426E-16,-1.));
#111360=VECTOR('',#111350,1.);
#111370=LINE('',#111340,#111360);
#111380=EDGE_CURVE('',#111310,#54520,#111370,.T.);
#111390=ORIENTED_EDGE('',*,*,#111380,.F.);
#111400=ORIENTED_EDGE('',*,*,#54530,.F.);
#111410=ORIENTED_EDGE('',*,*,#2720,.T.);
#111420=EDGE_LOOP('',(#111410,#111400,#111390,#111330));
#111430=FACE_OUTER_BOUND('',#111420,.T.);
#111440=ADVANCED_FACE('',(#111430),#111240,.T.);
#111450=CARTESIAN_POINT('',(-3.97048958896018,1.10533899999996,
-0.730000000000015));
#111460=DIRECTION('',(1.22460635382237E-16,-1.,7.34763812293426E-16));
#111470=DIRECTION('',(-5.11977682188428E-15,-7.34763812293427E-16,-1.));
#111480=AXIS2_PLACEMENT_3D('',#111450,#111460,#111470);
#111490=PLANE('',#111480);
#111500=ORIENTED_EDGE('',*,*,#19880,.T.);
#111510=CARTESIAN_POINT('',(0.,1.10533899999993,-0.855000000000016));
#111520=DIRECTION('',(1.,4.68706735088987E-15,-4.33873497871557E-30));
#111530=VECTOR('',#111520,1.);
#111540=LINE('',#111510,#111530);
#111550=CARTESIAN_POINT('',(-3.84048958896022,1.10533899999992,
-0.855000000000017));
#111560=VERTEX_POINT('',#111550);
#111570=EDGE_CURVE('',#19810,#111560,#111540,.T.);
#111580=ORIENTED_EDGE('',*,*,#111570,.F.);
#111590=CARTESIAN_POINT('',(-3.84048958896022,1.10533899999992,0.));
#111600=DIRECTION('',(5.11977682188431E-15,7.34763812293452E-16,1.));
#111610=VECTOR('',#111600,1.);
#111620=LINE('',#111590,#111610);
#111630=EDGE_CURVE('',#111560,#51070,#111620,.T.);
#111640=ORIENTED_EDGE('',*,*,#111630,.F.);
#111650=ORIENTED_EDGE('',*,*,#51080,.T.);
#111660=EDGE_LOOP('',(#111650,#111640,#111580,#111500));
#111670=FACE_OUTER_BOUND('',#111660,.T.);
#111680=ADVANCED_FACE('',(#111670),#111490,.F.);
#111690=CARTESIAN_POINT('',(-2.22048958896017,1.25533900000001,
-2.05500000000002));
#111700=DIRECTION('',(1.22460635382238E-16,-1.,4.89842541528951E-16));
#111710=DIRECTION('',(-4.89842541528951E-16,4.89842541528951E-16,1.));
#111720=AXIS2_PLACEMENT_3D('',#111690,#111700,#111710);
#111730=PLANE('',#111720);
#111740=CARTESIAN_POINT('',(-3.73147885254274,1.25533900000001,
-2.05500000000002));
#111750=DIRECTION('',(-1.,-1.22460635382238E-16,-2.44921270764476E-16));
#111760=VECTOR('',#111750,1.);
#111770=LINE('',#111740,#111760);
#111780=CARTESIAN_POINT('',(-2.55048958896018,1.25533900000001,
-2.05500000000002));
#111790=VERTEX_POINT('',#111780);
#111800=EDGE_CURVE('',#72220,#111790,#111770,.T.);
#111810=ORIENTED_EDGE('',*,*,#111800,.T.);
#111820=ORIENTED_EDGE('',*,*,#72230,.T.);
#111830=ORIENTED_EDGE('',*,*,#87760,.F.);
#111840=CARTESIAN_POINT('',(-2.55048958896018,1.25533900000001,0.));
#111850=DIRECTION('',(-4.89842541528951E-16,4.89842541528951E-16,1.));
#111860=VECTOR('',#111850,1.);
#111870=LINE('',#111840,#111860);
#111880=EDGE_CURVE('',#87750,#111790,#111870,.T.);
#111890=ORIENTED_EDGE('',*,*,#111880,.F.);
#111900=EDGE_LOOP('',(#111890,#111830,#111820,#111810));
#111910=FACE_OUTER_BOUND('',#111900,.T.);
#111920=ADVANCED_FACE('',(#111910),#111730,.T.);
#111930=CARTESIAN_POINT('',(-3.94756697474104,1.16165663364027,
-4.13480973766728));
#111940=DIRECTION('',(0.0478051859951585,0.998856678503963,
-9.72990758345263E-16));
#111950=DIRECTION('',(0.998856678503963,-0.0478051859951585,
2.79790224206995E-16));
#111960=AXIS2_PLACEMENT_3D('',#111930,#111940,#111950);
#111970=PLANE('',#111960);
#111980=ORIENTED_EDGE('',*,*,#109840,.T.);
#111990=CARTESIAN_POINT('',(0.,0.972726452246774,-3.80500000000001));
#112000=DIRECTION('',(0.998856678503963,-0.0478051859951539,
4.5102810375397E-17));
#112010=VECTOR('',#112000,1.);
#112020=LINE('',#111990,#112010);
#112030=CARTESIAN_POINT('',(-3.97046178872531,1.16275237726836,
-3.80500000000002));
#112040=VERTEX_POINT('',#112030);
#112050=EDGE_CURVE('',#112040,#109770,#112020,.T.);
#112060=ORIENTED_EDGE('',*,*,#112050,.T.);
#112070=CARTESIAN_POINT('',(-3.97046178872531,1.16275237726836,0.));
#112080=DIRECTION('',(-4.77294443600546E-16,9.96947739777356E-16,1.));
#112090=VECTOR('',#112080,1.);
#112100=LINE('',#112070,#112090);
#112110=EDGE_CURVE('',#89140,#112040,#112100,.T.);
#112120=ORIENTED_EDGE('',*,*,#112110,.T.);
#112130=ORIENTED_EDGE('',*,*,#89150,.F.);
#112140=EDGE_LOOP('',(#112130,#112120,#112060,#111980));
#112150=FACE_OUTER_BOUND('',#112140,.T.);
#112160=ADVANCED_FACE('',(#112150),#111970,.T.);
#112170=CARTESIAN_POINT('',(-3.89055325444501,1.15892796238875,
-4.80000000000002));
#112180=DIRECTION('',(0.998856678503963,-0.0478051859951585,
3.4985508832348E-17));
#112190=DIRECTION('',(1.15684950262154E-17,9.73550805852666E-16,1.));
#112200=AXIS2_PLACEMENT_3D('',#112170,#112180,#112190);
#112210=PLANE('',#112200);
#112220=ORIENTED_EDGE('',*,*,#89850,.F.);
#112230=ORIENTED_EDGE('',*,*,#82700,.F.);
#112240=ORIENTED_EDGE('',*,*,#103200,.T.);
#112250=ORIENTED_EDGE('',*,*,#107960,.T.);
#112260=EDGE_LOOP('',(#112250,#112240,#112230,#112220));
#112270=FACE_OUTER_BOUND('',#112260,.T.);
#112280=ADVANCED_FACE('',(#112270),#112210,.T.);
#112290=CARTESIAN_POINT('',(-3.66048958896014,1.32533899999998,
0.640000000000002));
#112300=DIRECTION('',(1.,2.44921270764475E-16,-1.23436417337475E-15));
#112310=DIRECTION('',(1.23436417337475E-15,7.34763812293426E-16,1.));
#112320=AXIS2_PLACEMENT_3D('',#112290,#112300,#112310);
#112330=PLANE('',#112320);
#112340=ORIENTED_EDGE('',*,*,#36410,.T.);
#112350=ORIENTED_EDGE('',*,*,#43330,.F.);
#112360=ORIENTED_EDGE('',*,*,#38170,.T.);
#112370=CARTESIAN_POINT('',(-3.66048958896015,0.975339,0.));
#112380=DIRECTION('',(2.35163451212106E-16,-7.34763812293426E-16,-1.));
#112390=VECTOR('',#112380,1.);
#112400=LINE('',#112370,#112390);
#112410=CARTESIAN_POINT('',(-3.66048958896015,0.975339,0.64));
#112420=VERTEX_POINT('',#112410);
#112430=EDGE_CURVE('',#112420,#38120,#112400,.T.);
#112440=ORIENTED_EDGE('',*,*,#112430,.T.);
#112450=CARTESIAN_POINT('',(-3.66048958896015,0.,0.640000000000003));
#112460=DIRECTION('',(-3.02522391199744E-15,1.,-7.34763812293424E-16));
#112470=VECTOR('',#112460,1.);
#112480=LINE('',#112450,#112470);
#112490=CARTESIAN_POINT('',(-3.66048958896014,1.27533899999991,0.64));
#112500=VERTEX_POINT('',#112490);
#112510=EDGE_CURVE('',#112420,#112500,#112480,.T.);
#112520=ORIENTED_EDGE('',*,*,#112510,.F.);
#112530=CARTESIAN_POINT('',(-3.66048958896014,1.27533899999991,0.));
#112540=DIRECTION('',(1.23436417337475E-15,-2.44921270764491E-15,1.));
#112550=VECTOR('',#112540,1.);
#112560=LINE('',#112530,#112550);
#112570=EDGE_CURVE('',#36400,#112500,#112560,.T.);
#112580=ORIENTED_EDGE('',*,*,#112570,.T.);
#112590=EDGE_LOOP('',(#112580,#112520,#112440,#112360,#112350,#112340));
#112600=FACE_OUTER_BOUND('',#112590,.T.);
#112610=ADVANCED_FACE('',(#112600),#112330,.T.);
#112620=CARTESIAN_POINT('',(-3.19818413696879,1.015339,0.540000000000004
));
#112630=DIRECTION('',(1.,9.86076131526265E-32,4.89842541528951E-16));
#112640=DIRECTION('',(-4.89842541528951E-16,2.44921270764476E-16,1.));
#112650=AXIS2_PLACEMENT_3D('',#112620,#112630,#112640);
#112660=CYLINDRICAL_SURFACE('',#112650,0.02);
#112670=CARTESIAN_POINT('',(-3.63475869419555,1.015339,0.540000000000004
));
#112680=DIRECTION('',(1.,-6.12303176911188E-17,4.89842541528951E-16));
#112690=DIRECTION('',(6.12303176911189E-17,1.,-2.44921270764476E-16));
#112700=AXIS2_PLACEMENT_3D('',#112670,#112680,#112690);
#112710=CIRCLE('',#112700,0.02);
#112720=EDGE_CURVE('',#43110,#38490,#112710,.T.);
#112730=ORIENTED_EDGE('',*,*,#112720,.T.);
#112740=ORIENTED_EDGE('',*,*,#43120,.F.);
#112750=ORIENTED_EDGE('',*,*,#41670,.T.);
#112760=ORIENTED_EDGE('',*,*,#38580,.T.);
#112770=EDGE_LOOP('',(#112760,#112750,#112740,#112730));
#112780=FACE_OUTER_BOUND('',#112770,.T.);
#112790=ADVANCED_FACE('',(#112780),#112660,.T.);
#112800=CARTESIAN_POINT('',(-2.62860368742195,1.12085358585773,
-5.45277578828196));
#112810=DIRECTION('',(0.998856678503963,0.0478051859951587,
1.30871091490535E-16));
#112820=DIRECTION('',(-0.0478051859951587,0.998856678503963,
-7.57340754838453E-16));
#112830=AXIS2_PLACEMENT_3D('',#112800,#112810,#112820);
#112840=PLANE('',#112830);
#112850=ORIENTED_EDGE('',*,*,#84020,.F.);
#112860=ORIENTED_EDGE('',*,*,#29220,.F.);
#112870=ORIENTED_EDGE('',*,*,#54120,.F.);
#112880=ORIENTED_EDGE('',*,*,#88450,.T.);
#112890=EDGE_LOOP('',(#112880,#112870,#112860,#112850));
#112900=FACE_OUTER_BOUND('',#112890,.T.);
#112910=ADVANCED_FACE('',(#112900),#112840,.F.);
#112920=CARTESIAN_POINT('',(-4.25048958896017,1.31533900000002,
-3.40500000000002));
#112930=DIRECTION('',(-1.,-1.22460635382238E-16,-2.44921270764475E-16));
#112940=DIRECTION('',(1.22460635382238E-16,-1.,7.34763812293427E-16));
#112950=AXIS2_PLACEMENT_3D('',#112920,#112930,#112940);
#112960=PLANE('',#112950);
#112970=CARTESIAN_POINT('',(-4.25048958896017,1.25533900000002,
-3.20000000000002));
#112980=DIRECTION('',(2.44921270764476E-16,-9.79685083057902E-16,-1.));
#112990=VECTOR('',#112980,1.);
#113000=LINE('',#112970,#112990);
#113010=CARTESIAN_POINT('',(-4.25048958896017,1.25533900000002,
-3.40500000000001));
#113020=VERTEX_POINT('',#113010);
#113030=EDGE_CURVE('',#51960,#113020,#113000,.T.);
#113040=ORIENTED_EDGE('',*,*,#113030,.F.);
#113050=CARTESIAN_POINT('',(-4.25048958896017,0.125490534175961,
-3.40500000000001));
#113060=DIRECTION('',(-1.22460635382237E-16,1.,-9.79685083057902E-16));
#113070=VECTOR('',#113060,1.);
#113080=LINE('',#113050,#113070);
#113090=EDGE_CURVE('',#113020,#74310,#113080,.T.);
#113100=ORIENTED_EDGE('',*,*,#113090,.F.);
#113110=ORIENTED_EDGE('',*,*,#74320,.F.);
#113120=ORIENTED_EDGE('',*,*,#52050,.F.);
#113130=EDGE_LOOP('',(#113120,#113110,#113100,#113040));
#113140=FACE_OUTER_BOUND('',#113130,.T.);
#113150=ADVANCED_FACE('',(#113140),#112960,.T.);
#113160=CARTESIAN_POINT('',(-3.89055325444502,1.15892796238875,
-2.27000000000002));
#113170=DIRECTION('',(0.0478051859951555,0.998856678503963,
-7.1050672722619E-16));
#113180=DIRECTION('',(-9.78705480155711E-16,7.58160746218114E-16,1.));
#113190=AXIS2_PLACEMENT_3D('',#113160,#113170,#113180);
#113200=PLANE('',#113190);
#113210=ORIENTED_EDGE('',*,*,#105850,.T.);
#113220=ORIENTED_EDGE('',*,*,#71990,.T.);
#113230=ORIENTED_EDGE('',*,*,#97320,.F.);
#113240=CARTESIAN_POINT('',(-3.97046178872531,1.16275237726836,0.));
#113250=DIRECTION('',(-4.89842541528951E-16,7.34763812293426E-16,1.));
#113260=VECTOR('',#113250,1.);
#113270=LINE('',#113240,#113260);
#113280=EDGE_CURVE('',#29470,#97250,#113270,.T.);
#113290=ORIENTED_EDGE('',*,*,#113280,.T.);
#113300=EDGE_LOOP('',(#113290,#113230,#113220,#113210));
#113310=FACE_OUTER_BOUND('',#113300,.T.);
#113320=ADVANCED_FACE('',(#113310),#113200,.F.);
#113330=CARTESIAN_POINT('',(-2.70548958896018,1.13033899999995,
-4.79250000000001));
#113340=DIRECTION('',(0.707106781186547,0.707106781186548,
-4.13978538315925E-15));
#113350=DIRECTION('',(0.707106781186548,-0.707106781186547,
-3.0593036896375E-15));
#113360=AXIS2_PLACEMENT_3D('',#113330,#113340,#113350);
#113370=PLANE('',#113360);
#113380=CARTESIAN_POINT('',(0.,-1.57515058896016,-4.60500000000001));
#113390=DIRECTION('',(-0.707106781186551,0.707106781186544,
-4.71844785465692E-16));
#113400=VECTOR('',#113390,1.);
#113410=LINE('',#113380,#113400);
#113420=CARTESIAN_POINT('',(-2.68048958896014,1.10533899999995,
-4.60500000000001));
#113430=VERTEX_POINT('',#113420);
#113440=CARTESIAN_POINT('',(-2.73048958896012,1.15533899999989,
-4.60500000000001));
#113450=VERTEX_POINT('',#113440);
#113460=EDGE_CURVE('',#113430,#113450,#113410,.T.);
#113470=ORIENTED_EDGE('',*,*,#113460,.F.);
#113480=CARTESIAN_POINT('',(-2.73048958896012,1.15533899999992,0.));
#113490=DIRECTION('',(4.89842541528977E-16,-6.34438317570668E-15,-1.));
#113500=VECTOR('',#113490,1.);
#113510=LINE('',#113480,#113500);
#113520=CARTESIAN_POINT('',(-2.73048958896012,1.15533899999989,
-4.85500000000001));
#113530=VERTEX_POINT('',#113520);
#113540=EDGE_CURVE('',#113450,#113530,#113510,.T.);
#113550=ORIENTED_EDGE('',*,*,#113540,.F.);
#113560=CARTESIAN_POINT('',(0.,-1.57515058896016,-4.855));
#113570=DIRECTION('',(0.707106781186551,-0.707106781186544,
4.66293670342566E-15));
#113580=VECTOR('',#113570,1.);
#113590=LINE('',#113560,#113580);
#113600=CARTESIAN_POINT('',(-2.68048958896014,1.10533899999995,
-4.85500000000002));
#113610=VERTEX_POINT('',#113600);
#113620=EDGE_CURVE('',#113530,#113610,#113590,.T.);
#113630=ORIENTED_EDGE('',*,*,#113620,.F.);
#113640=CARTESIAN_POINT('',(-2.68048958896014,1.10533899999995,0.));
#113650=DIRECTION('',(-4.89842541528951E-16,7.34763812293426E-16,1.));
#113660=VECTOR('',#113650,1.);
#113670=LINE('',#113640,#113660);
#113680=EDGE_CURVE('',#113610,#113430,#113670,.T.);
#113690=ORIENTED_EDGE('',*,*,#113680,.F.);
#113700=EDGE_LOOP('',(#113690,#113630,#113550,#113470));
#113710=FACE_OUTER_BOUND('',#113700,.T.);
#113720=ADVANCED_FACE('',(#113710),#113370,.T.);
#113730=CARTESIAN_POINT('',(-2.73048958896018,1.25202840580253,
-4.67418934246964));
#113740=DIRECTION('',(1.,1.22460635382234E-16,-5.11977682188428E-15));
#113750=DIRECTION('',(-1.22460635382238E-16,1.,-7.34763812293426E-16));
#113760=AXIS2_PLACEMENT_3D('',#113730,#113740,#113750);
#113770=PLANE('',#113760);
#113780=CARTESIAN_POINT('',(-2.73048958896013,1.32533899999994,
-4.60500000000001));
#113790=VERTEX_POINT('',#113780);
#113800=CARTESIAN_POINT('',(-2.73048958896013,1.32533899999994,
-4.85500000000002));
#113810=VERTEX_POINT('',#113800);
#113820=EDGE_CURVE('',#113790,#113810,#14390,.T.);
#113830=ORIENTED_EDGE('',*,*,#113820,.F.);
#113840=CARTESIAN_POINT('',(-2.73048958896012,0.,-4.85500000000002));
#113850=DIRECTION('',(4.68706735088986E-15,-1.,4.89842541528971E-16));
#113860=VECTOR('',#113850,1.);
#113870=LINE('',#113840,#113860);
#113880=EDGE_CURVE('',#113810,#113530,#113870,.T.);
#113890=ORIENTED_EDGE('',*,*,#113880,.F.);
#113900=ORIENTED_EDGE('',*,*,#113540,.T.);
#113910=CARTESIAN_POINT('',(-2.73048958896012,0.,-4.60500000000001));
#113920=DIRECTION('',(-4.68706735088986E-15,1.,-4.89842541528952E-16));
#113930=VECTOR('',#113920,1.);
#113940=LINE('',#113910,#113930);
#113950=EDGE_CURVE('',#113450,#113790,#113940,.T.);
#113960=ORIENTED_EDGE('',*,*,#113950,.F.);
#113970=EDGE_LOOP('',(#113960,#113900,#113890,#113830));
#113980=FACE_OUTER_BOUND('',#113970,.T.);
#113990=ADVANCED_FACE('',(#113980),#113770,.T.);
#114000=CARTESIAN_POINT('',(-3.33625420622574,1.26042068432362,
-4.60500000000001));
#114010=DIRECTION('',(2.44921270764476E-16,-4.89842541528951E-16,-1.));
#114020=DIRECTION('',(1.,1.22460635382238E-16,2.44921270764476E-16));
#114030=AXIS2_PLACEMENT_3D('',#114000,#114010,#114020);
#114040=PLANE('',#114030);
#114050=CARTESIAN_POINT('',(0.,1.32533899999994,-4.60500000000001));
#114060=DIRECTION('',(1.,1.63507259138096E-15,2.44921270764475E-16));
#114070=VECTOR('',#114060,1.);
#114080=LINE('',#114050,#114070);
#114090=CARTESIAN_POINT('',(-3.79048958896013,1.32533899999994,
-4.60500000000001));
#114100=VERTEX_POINT('',#114090);
#114110=EDGE_CURVE('',#114100,#23020,#114080,.T.);
#114120=ORIENTED_EDGE('',*,*,#114110,.F.);
#114130=ORIENTED_EDGE('',*,*,#23030,.F.);
#114140=ORIENTED_EDGE('',*,*,#16340,.T.);
#114150=ORIENTED_EDGE('',*,*,#104910,.T.);
#114160=CARTESIAN_POINT('',(-2.78950032537759,1.25533900000002,
-4.60500000000001));
#114170=DIRECTION('',(1.,1.22460635382237E-16,-9.86076131526265E-32));
#114180=VECTOR('',#114170,1.);
#114190=LINE('',#114160,#114180);
#114200=EDGE_CURVE('',#104840,#65180,#114190,.T.);
#114210=ORIENTED_EDGE('',*,*,#114200,.F.);
#114220=ORIENTED_EDGE('',*,*,#65410,.F.);
#114230=ORIENTED_EDGE('',*,*,#72610,.F.);
#114240=ORIENTED_EDGE('',*,*,#74870,.F.);
#114250=CARTESIAN_POINT('',(-3.94601943692068,0.,-4.60500000000001));
#114260=DIRECTION('',(-0.0478051859951539,-0.998856678503963,
4.82253126321552E-16));
#114270=VECTOR('',#114260,1.);
#114280=LINE('',#114250,#114270);
#114290=EDGE_CURVE('',#74860,#55560,#114280,.T.);
#114300=ORIENTED_EDGE('',*,*,#114290,.F.);
#114310=ORIENTED_EDGE('',*,*,#55700,.F.);
#114320=ORIENTED_EDGE('',*,*,#52620,.F.);
#114330=CARTESIAN_POINT('',(-3.79048958896012,0.,-4.60500000000001));
#114340=DIRECTION('',(-4.68706735088986E-15,1.,-4.89842541528952E-16));
#114350=VECTOR('',#114340,1.);
#114360=LINE('',#114330,#114350);
#114370=EDGE_CURVE('',#52510,#114100,#114360,.T.);
#114380=ORIENTED_EDGE('',*,*,#114370,.F.);
#114390=EDGE_LOOP('',(#114380,#114320,#114310,#114300,#114240,#114230,
#114220,#114210,#114150,#114140,#114130,#114120));
#114400=FACE_OUTER_BOUND('',#114390,.T.);
#114410=ADVANCED_FACE('',(#114400),#114040,.T.);
#114420=CARTESIAN_POINT('',(-3.77716220785578,0.740338999999999,
0.256672618895758));
#114430=DIRECTION('',(-0.707106781186546,1.29434591694921E-13,
-0.707106781186549));
#114440=DIRECTION('',(0.707106781186549,2.13915634278109E-15,
-0.707106781186546));
#114450=AXIS2_PLACEMENT_3D('',#114420,#114430,#114440);
#114460=CYLINDRICAL_SURFACE('',#114450,0.165);
#114470=CARTESIAN_POINT('',(-3.82548958896019,0.740338999999983,
0.208345237791346));
#114480=DIRECTION('',(0.382683432365088,-7.00494962493065E-14,
0.923879532511287));
#114490=DIRECTION('',(-0.923879532511287,1.69114443882479E-13,
0.382683432365088));
#114500=AXIS2_PLACEMENT_3D('',#114470,#114480,#114490);
#114510=ELLIPSE('',#114500,0.178594713048245,0.165);
#114520=CARTESIAN_POINT('',(-3.82548958896004,0.575338999999996,
0.208345237791502));
#114530=VERTEX_POINT('',#114520);
#114540=EDGE_CURVE('',#114530,#74640,#114510,.T.);
#114550=ORIENTED_EDGE('',*,*,#114540,.T.);
#114560=CARTESIAN_POINT('',(-3.77716220785579,0.575338999999999,
0.256672618895739));
#114570=DIRECTION('',(-0.707106781186546,4.85366008566698E-14,
-0.707106781186549));
#114580=VECTOR('',#114570,1.);
#114590=LINE('',#114560,#114580);
#114600=CARTESIAN_POINT('',(-3.67883482675169,0.575338999999999,0.355));
#114610=VERTEX_POINT('',#114600);
#114620=EDGE_CURVE('',#114610,#114530,#114590,.T.);
#114630=ORIENTED_EDGE('',*,*,#114620,.T.);
#114640=CARTESIAN_POINT('',(-3.67883482675154,0.740338999999975,
0.354999999999994));
#114650=DIRECTION('',(-0.923879532511286,4.58113624071154E-14,
-0.382683432365091));
#114660=DIRECTION('',(0.382683432365091,2.27630475330911E-13,
-0.923879532511286));
#114670=AXIS2_PLACEMENT_3D('',#114640,#114650,#114660);
#114680=ELLIPSE('',#114670,0.178594713048245,0.165);
#114690=EDGE_CURVE('',#10600,#114610,#114680,.T.);
#114700=ORIENTED_EDGE('',*,*,#114690,.T.);
#114710=ORIENTED_EDGE('',*,*,#74710,.F.);
#114720=EDGE_LOOP('',(#114710,#114700,#114630,#114550));
#114730=FACE_OUTER_BOUND('',#114720,.T.);
#114740=ADVANCED_FACE('',(#114730),#114460,.T.);
#114750=CARTESIAN_POINT('',(-2.55048958896018,1.16217151036779,
-4.33000000000001));
#114760=DIRECTION('',(1.,1.67677286985746E-15,4.8984254152895E-16));
#114770=DIRECTION('',(1.67677286985746E-15,-1.,7.34763812293427E-16));
#114780=AXIS2_PLACEMENT_3D('',#114750,#114760,#114770);
#114790=PLANE('',#114780);
#114800=ORIENTED_EDGE('',*,*,#4520,.T.);
#114810=CARTESIAN_POINT('',(-2.55048958896018,0.765930490838863,
-4.60500000000001));
#114820=DIRECTION('',(1.67677286985746E-15,-1.,4.89842541528951E-16));
#114830=VECTOR('',#114820,1.);
#114840=LINE('',#114810,#114830);
#114850=EDGE_CURVE('',#4450,#99460,#114840,.T.);
#114860=ORIENTED_EDGE('',*,*,#114850,.F.);
#114870=ORIENTED_EDGE('',*,*,#99630,.F.);
#114880=CARTESIAN_POINT('',(-2.55048958896018,0.765930490838863,
-4.45500000000002));
#114890=DIRECTION('',(-1.67677286985746E-15,1.,-4.89842541528953E-16));
#114900=VECTOR('',#114890,1.);
#114910=LINE('',#114880,#114900);
#114920=EDGE_CURVE('',#99560,#4290,#114910,.T.);
#114930=ORIENTED_EDGE('',*,*,#114920,.F.);
#114940=EDGE_LOOP('',(#114930,#114870,#114860,#114800));
#114950=FACE_OUTER_BOUND('',#114940,.T.);
#114960=ADVANCED_FACE('',(#114950),#114790,.T.);
#114970=CARTESIAN_POINT('',(-3.94756697474104,1.16165663364027,
-5.33480973766728));
#114980=DIRECTION('',(0.0478051859951585,0.998856678503963,
-9.72990758345263E-16));
#114990=DIRECTION('',(0.998856678503963,-0.0478051859951585,
2.79790224206995E-16));
#115000=AXIS2_PLACEMENT_3D('',#114970,#114980,#114990);
#115010=PLANE('',#115000);
#115020=ORIENTED_EDGE('',*,*,#31170,.T.);
#115030=CARTESIAN_POINT('',(-3.97046178872531,1.16275237726836,0.));
#115040=DIRECTION('',(-4.77294443600546E-16,9.96947739777356E-16,1.));
#115050=VECTOR('',#115040,1.);
#115060=LINE('',#115030,#115050);
#115070=CARTESIAN_POINT('',(-3.97046178872531,1.16275237726831,
-5.65500000000002));
#115080=VERTEX_POINT('',#115070);
#115090=EDGE_CURVE('',#115080,#31080,#115060,.T.);
#115100=ORIENTED_EDGE('',*,*,#115090,.T.);
#115110=CARTESIAN_POINT('',(0.,0.972726452246773,-5.65500000000002));
#115120=DIRECTION('',(0.998856678503963,-0.0478051859951539,
4.5102810375397E-17));
#115130=VECTOR('',#115120,1.);
#115140=LINE('',#115110,#115130);
#115150=EDGE_CURVE('',#115080,#64300,#115140,.T.);
#115160=ORIENTED_EDGE('',*,*,#115150,.F.);
#115170=ORIENTED_EDGE('',*,*,#64310,.F.);
#115180=EDGE_LOOP('',(#115170,#115160,#115100,#115020));
#115190=FACE_OUTER_BOUND('',#115180,.T.);
#115200=ADVANCED_FACE('',(#115190),#115010,.T.);
#115210=CARTESIAN_POINT('',(-2.55048958896018,1.16217151036779,
-1.93000000000001));
#115220=DIRECTION('',(1.,1.67677286985746E-15,4.8984254152895E-16));
#115230=DIRECTION('',(1.67677286985746E-15,-1.,7.34763812293427E-16));
#115240=AXIS2_PLACEMENT_3D('',#115210,#115220,#115230);
#115250=PLANE('',#115240);
#115260=ORIENTED_EDGE('',*,*,#111880,.T.);
#115270=ORIENTED_EDGE('',*,*,#88310,.F.);
#115280=ORIENTED_EDGE('',*,*,#92190,.F.);
#115290=CARTESIAN_POINT('',(-2.55048958896018,0.765930490838865,
-2.05500000000002));
#115300=DIRECTION('',(-1.67677286985746E-15,1.,-4.89842541528953E-16));
#115310=VECTOR('',#115300,1.);
#115320=LINE('',#115290,#115310);
#115330=EDGE_CURVE('',#92120,#111790,#115320,.T.);
#115340=ORIENTED_EDGE('',*,*,#115330,.F.);
#115350=EDGE_LOOP('',(#115340,#115280,#115270,#115260));
#115360=FACE_OUTER_BOUND('',#115350,.T.);
#115370=ADVANCED_FACE('',(#115360),#115250,.T.);
#115380=CARTESIAN_POINT('',(-2.70048958896017,1.17533900000001,
-3.06000000000002));
#115390=DIRECTION('',(2.44921270764476E-16,-7.34763812293426E-16,-1.));
#115400=DIRECTION('',(1.22460635382238E-16,-1.,7.34763812293426E-16));
#115410=AXIS2_PLACEMENT_3D('',#115380,#115390,#115400);
#115420=CYLINDRICAL_SURFACE('',#115410,0.16);
#115430=ORIENTED_EDGE('',*,*,#46750,.T.);
#115440=CARTESIAN_POINT('',(-2.75616723258866,1.32533899999994,
-3.06000000000002));
#115450=DIRECTION('',(2.44921270764476E-16,-7.34763812293426E-16,-1.));
#115460=VECTOR('',#115450,1.);
#115470=LINE('',#115440,#115460);
#115480=EDGE_CURVE('',#46650,#79460,#115470,.T.);
#115490=ORIENTED_EDGE('',*,*,#115480,.F.);
#115500=ORIENTED_EDGE('',*,*,#79470,.F.);
#115510=ORIENTED_EDGE('',*,*,#100590,.T.);
#115520=EDGE_LOOP('',(#115510,#115500,#115490,#115430));
#115530=FACE_OUTER_BOUND('',#115520,.T.);
#115540=ADVANCED_FACE('',(#115530),#115420,.T.);
#115550=CARTESIAN_POINT('',(-3.97048958896016,1.16217151036778,
-5.93000000000002));
#115560=DIRECTION('',(-1.,1.43185159909298E-15,-7.34763812293427E-16));
#115570=DIRECTION('',(-1.43185159909298E-15,-1.,4.8984254152895E-16));
#115580=AXIS2_PLACEMENT_3D('',#115550,#115560,#115570);
#115590=PLANE('',#115580);
#115600=ORIENTED_EDGE('',*,*,#63100,.T.);
#115610=CARTESIAN_POINT('',(-3.97048958896016,0.765930490838862,
-5.65500000000002));
#115620=DIRECTION('',(-1.43185159909298E-15,-1.,9.79685083057902E-16));
#115630=VECTOR('',#115620,1.);
#115640=LINE('',#115610,#115630);
#115650=CARTESIAN_POINT('',(-3.97048958896016,1.16275370778497,
-5.65500000000002));
#115660=VERTEX_POINT('',#115650);
#115670=EDGE_CURVE('',#63030,#115660,#115640,.T.);
#115680=ORIENTED_EDGE('',*,*,#115670,.F.);
#115690=CARTESIAN_POINT('',(-3.97048958896016,1.16275370778497,
-5.86000000000002));
#115700=DIRECTION('',(7.34763812293426E-16,-7.46485721106813E-16,-1.));
#115710=VECTOR('',#115700,1.);
#115720=LINE('',#115690,#115710);
#115730=CARTESIAN_POINT('',(-3.97048958896016,1.16275370778497,
-5.80500000000001));
#115740=VERTEX_POINT('',#115730);
#115750=EDGE_CURVE('',#115660,#115740,#115720,.T.);
#115760=ORIENTED_EDGE('',*,*,#115750,.F.);
#115770=CARTESIAN_POINT('',(-3.97048958896016,0.,-5.80500000000001));
#115780=DIRECTION('',(1.43185159909298E-15,1.,-7.88860905221012E-31));
#115790=VECTOR('',#115780,1.);
#115800=LINE('',#115770,#115790);
#115810=EDGE_CURVE('',#115740,#62850,#115800,.T.);
#115820=ORIENTED_EDGE('',*,*,#115810,.F.);
#115830=EDGE_LOOP('',(#115820,#115760,#115680,#115600));
#115840=FACE_OUTER_BOUND('',#115830,.T.);
#115850=ADVANCED_FACE('',(#115840),#115590,.T.);
#115860=CARTESIAN_POINT('',(-4.30048958896017,1.33533900000002,
-0.855000000000016));
#115870=DIRECTION('',(-1.22460635382238E-16,1.,-7.34763812293426E-16));
#115880=DIRECTION('',(-2.44921270764476E-16,7.34763812293426E-16,1.));
#115890=AXIS2_PLACEMENT_3D('',#115860,#115870,#115880);
#115900=PLANE('',#115890);
#115910=CARTESIAN_POINT('',(-2.7895003253776,1.33533900000002,
-0.855000000000016));
#115920=DIRECTION('',(-1.,-1.22460635382238E-16,1.06826222965723E-32));
#115930=VECTOR('',#115920,1.);
#115940=LINE('',#115910,#115930);
#115950=CARTESIAN_POINT('',(-3.82048958896017,1.33533900000002,
-0.855000000000016));
#115960=VERTEX_POINT('',#115950);
#115970=CARTESIAN_POINT('',(-4.25048958896017,1.33533900000002,
-0.855000000000016));
#115980=VERTEX_POINT('',#115970);
#115990=EDGE_CURVE('',#115960,#115980,#115940,.T.);
#116000=ORIENTED_EDGE('',*,*,#115990,.F.);
#116010=CARTESIAN_POINT('',(-4.25048958896017,1.33533900000002,
-0.800000000000016));
#116020=DIRECTION('',(-2.44921270764476E-16,7.34763812293426E-16,1.));
#116030=VECTOR('',#116020,1.);
#116040=LINE('',#116010,#116030);
#116050=CARTESIAN_POINT('',(-4.25048958896017,1.33533900000002,
-1.00500000000001));
#116060=VERTEX_POINT('',#116050);
#116070=EDGE_CURVE('',#116060,#115980,#116040,.T.);
#116080=ORIENTED_EDGE('',*,*,#116070,.T.);
#116090=CARTESIAN_POINT('',(-2.7895003253776,1.33533900000002,
-1.00500000000001));
#116100=DIRECTION('',(1.,1.22460635382238E-16,-9.86076131526266E-32));
#116110=VECTOR('',#116100,1.);
#116120=LINE('',#116090,#116110);
#116130=CARTESIAN_POINT('',(-3.82048958896017,1.33533900000002,
-1.00500000000001));
#116140=VERTEX_POINT('',#116130);
#116150=EDGE_CURVE('',#116060,#116140,#116120,.T.);
#116160=ORIENTED_EDGE('',*,*,#116150,.F.);
#116170=CARTESIAN_POINT('',(-3.82048958896017,1.33533900000002,
-0.800000000000016));
#116180=DIRECTION('',(2.99932144364427E-32,7.34763812293426E-16,1.));
#116190=VECTOR('',#116180,1.);
#116200=LINE('',#116170,#116190);
#116210=EDGE_CURVE('',#116140,#115960,#116200,.T.);
#116220=ORIENTED_EDGE('',*,*,#116210,.F.);
#116230=EDGE_LOOP('',(#116220,#116160,#116080,#116000));
#116240=FACE_OUTER_BOUND('',#116230,.T.);
#116250=ADVANCED_FACE('',(#116240),#115900,.T.);
#116260=ORIENTED_EDGE('',*,*,#102660,.T.);
#116270=ORIENTED_EDGE('',*,*,#67850,.F.);
#116280=CARTESIAN_POINT('',(-2.73048958896013,1.32533899999994,
-4.45500000000002));
#116290=VERTEX_POINT('',#116280);
#116300=EDGE_CURVE('',#67780,#116290,#14390,.T.);
#116310=ORIENTED_EDGE('',*,*,#116300,.F.);
#116320=CARTESIAN_POINT('',(-2.73048958896012,0.,-4.45500000000002));
#116330=DIRECTION('',(4.68706735088986E-15,-1.,4.89842541528971E-16));
#116340=VECTOR('',#116330,1.);
#116350=LINE('',#116320,#116340);
#116360=EDGE_CURVE('',#116290,#102650,#116350,.T.);
#116370=ORIENTED_EDGE('',*,*,#116360,.F.);
#116380=EDGE_LOOP('',(#116370,#116310,#116270,#116260));
#116390=FACE_OUTER_BOUND('',#116380,.T.);
#116400=ADVANCED_FACE('',(#116390),#14170,.T.);
#116410=CARTESIAN_POINT('',(-2.70548958896018,1.13033899999996,
-2.79250000000001));
#116420=DIRECTION('',(0.707106781186547,0.707106781186548,
-4.13978538315925E-15));
#116430=DIRECTION('',(0.707106781186548,-0.707106781186547,
-3.0593036896375E-15));
#116440=AXIS2_PLACEMENT_3D('',#116410,#116420,#116430);
#116450=PLANE('',#116440);
#116460=CARTESIAN_POINT('',(0.,-1.57515058896016,-2.60500000000001));
#116470=DIRECTION('',(-0.707106781186551,0.707106781186544,
-4.71844785465692E-16));
#116480=VECTOR('',#116470,1.);
#116490=LINE('',#116460,#116480);
#116500=CARTESIAN_POINT('',(-2.73048958896012,1.15533899999993,
-2.60500000000001));
#116510=VERTEX_POINT('',#116500);
#116520=EDGE_CURVE('',#73760,#116510,#116490,.T.);
#116530=ORIENTED_EDGE('',*,*,#116520,.F.);
#116540=CARTESIAN_POINT('',(-2.73048958896012,1.15533899999992,0.));
#116550=DIRECTION('',(4.89842541528977E-16,-6.34438317570668E-15,-1.));
#116560=VECTOR('',#116550,1.);
#116570=LINE('',#116540,#116560);
#116580=EDGE_CURVE('',#116510,#46490,#116570,.T.);
#116590=ORIENTED_EDGE('',*,*,#116580,.F.);
#116600=ORIENTED_EDGE('',*,*,#46500,.F.);
#116610=ORIENTED_EDGE('',*,*,#73830,.F.);
#116620=EDGE_LOOP('',(#116610,#116600,#116590,#116530));
#116630=FACE_OUTER_BOUND('',#116620,.T.);
#116640=ADVANCED_FACE('',(#116630),#116450,.T.);
#116650=CARTESIAN_POINT('',(-4.25048958896017,1.31533900000002,
-2.20500000000002));
#116660=DIRECTION('',(-1.,-1.22460635382238E-16,-2.44921270764475E-16));
#116670=DIRECTION('',(1.22460635382238E-16,-1.,7.34763812293427E-16));
#116680=AXIS2_PLACEMENT_3D('',#116650,#116660,#116670);
#116690=PLANE('',#116680);
#116700=ORIENTED_EDGE('',*,*,#30280,.F.);
#116710=ORIENTED_EDGE('',*,*,#105770,.F.);
#116720=ORIENTED_EDGE('',*,*,#28010,.F.);
#116730=ORIENTED_EDGE('',*,*,#96860,.F.);
#116740=EDGE_LOOP('',(#116730,#116720,#116710,#116700));
#116750=FACE_OUTER_BOUND('',#116740,.T.);
#116760=ADVANCED_FACE('',(#116750),#116690,.T.);
#116770=CARTESIAN_POINT('',(-3.79048958896017,1.09533900000002,
-4.85500000000002));
#116780=DIRECTION('',(1.09290235449198E-31,-9.79685083057902E-16,-1.));
#116790=DIRECTION('',(1.,1.22460635382237E-16,-1.06826222965723E-32));
#116800=AXIS2_PLACEMENT_3D('',#116770,#116780,#116790);
#116810=PLANE('',#116800);
#116820=ORIENTED_EDGE('',*,*,#52760,.T.);
#116830=ORIENTED_EDGE('',*,*,#55630,.T.);
#116840=CARTESIAN_POINT('',(-3.94601943692068,0.,-4.85500000000002));
#116850=DIRECTION('',(-0.0478051859951539,-0.998856678503963,
9.74914593498966E-16));
#116860=VECTOR('',#116850,1.);
#116870=LINE('',#116840,#116860);
#116880=EDGE_CURVE('',#75000,#55540,#116870,.T.);
#116890=ORIENTED_EDGE('',*,*,#116880,.T.);
#116900=ORIENTED_EDGE('',*,*,#75010,.T.);
#116910=ORIENTED_EDGE('',*,*,#63440,.T.);
#116920=ORIENTED_EDGE('',*,*,#85920,.T.);
#116930=ORIENTED_EDGE('',*,*,#107560,.T.);
#116940=CARTESIAN_POINT('',(-4.25048958896017,0.12549053417596,
-4.85500000000002));
#116950=DIRECTION('',(1.22460635382237E-16,-1.,9.79685083057902E-16));
#116960=VECTOR('',#116950,1.);
#116970=LINE('',#116940,#116960);
#116980=CARTESIAN_POINT('',(-4.25048958896017,1.33533900000002,
-4.85500000000002));
#116990=VERTEX_POINT('',#116980);
#117000=EDGE_CURVE('',#116990,#107490,#116970,.T.);
#117010=ORIENTED_EDGE('',*,*,#117000,.T.);
#117020=CARTESIAN_POINT('',(-2.78950032537759,1.33533900000002,
-4.85500000000002));
#117030=DIRECTION('',(-1.,-1.22460635382238E-16,1.06826222965723E-32));
#117040=VECTOR('',#117030,1.);
#117050=LINE('',#117020,#117040);
#117060=EDGE_CURVE('',#104620,#116990,#117050,.T.);
#117070=ORIENTED_EDGE('',*,*,#117060,.T.);
#117080=ORIENTED_EDGE('',*,*,#104630,.T.);
#117090=CARTESIAN_POINT('',(0.,1.32533899999994,-4.85500000000002));
#117100=DIRECTION('',(1.,1.63507259138096E-15,-1.28189897098414E-30));
#117110=VECTOR('',#117100,1.);
#117120=LINE('',#117090,#117110);
#117130=CARTESIAN_POINT('',(-3.79048958896013,1.32533899999994,
-4.85500000000002));
#117140=VERTEX_POINT('',#117130);
#117150=EDGE_CURVE('',#117140,#104530,#117120,.T.);
#117160=ORIENTED_EDGE('',*,*,#117150,.T.);
#117170=CARTESIAN_POINT('',(-3.79048958896012,0.,-4.85500000000002));
#117180=DIRECTION('',(-4.68706735088986E-15,1.,-9.79685083057902E-16));
#117190=VECTOR('',#117180,1.);
#117200=LINE('',#117170,#117190);
#117210=EDGE_CURVE('',#52530,#117140,#117200,.T.);
#117220=ORIENTED_EDGE('',*,*,#117210,.T.);
#117230=EDGE_LOOP('',(#117220,#117160,#117080,#117070,#117010,#116930,
#116920,#116910,#116900,#116890,#116830,#116820));
#117240=FACE_OUTER_BOUND('',#117230,.T.);
#117250=ADVANCED_FACE('',(#117240),#116810,.F.);
#117260=CARTESIAN_POINT('',(-2.70548958896019,1.13033899999995,
-5.92999999999999));
#117270=DIRECTION('',(0.707106781186547,0.707106781186548,
-4.39825409114049E-15));
#117280=DIRECTION('',(0.707106781186548,-0.707106781186547,
-4.79817965089886E-15));
#117290=AXIS2_PLACEMENT_3D('',#117260,#117270,#117280);
#117300=PLANE('',#117290);
#117310=CARTESIAN_POINT('',(-2.73048958896018,1.15533899999995,
-5.40098387805322));
#117320=DIRECTION('',(-5.97700126955995E-15,-2.43069316893884E-16,-1.));
#117330=VECTOR('',#117320,1.);
#117340=LINE('',#117310,#117330);
#117350=CARTESIAN_POINT('',(-2.73048958896012,1.15533899999988,
-5.80500000000001));
#117360=VERTEX_POINT('',#117350);
#117370=CARTESIAN_POINT('',(-2.73048958896019,1.15533899999995,
-6.05499999999998));
#117380=VERTEX_POINT('',#117370);
#117390=EDGE_CURVE('',#117360,#117380,#117340,.T.);
#117400=ORIENTED_EDGE('',*,*,#117390,.F.);
#117410=CARTESIAN_POINT('',(-1.57515058896027,4.28775432157046E-14,
-6.05499999999998));
#117420=DIRECTION('',(-0.707106781186548,0.707106781186547,
-2.35615062414028E-16));
#117430=VECTOR('',#117420,1.);
#117440=LINE('',#117410,#117430);
#117450=CARTESIAN_POINT('',(-2.68048958896019,1.10533899999995,
-6.05499999999998));
#117460=VERTEX_POINT('',#117450);
#117470=EDGE_CURVE('',#117460,#117380,#117440,.T.);
#117480=ORIENTED_EDGE('',*,*,#117470,.T.);
#117490=CARTESIAN_POINT('',(-2.68048958896018,1.10533899999995,
-5.40098387805322));
#117500=DIRECTION('',(-5.97700126955995E-15,-2.43069316893884E-16,-1.));
#117510=VECTOR('',#117500,1.);
#117520=LINE('',#117490,#117510);
#117530=CARTESIAN_POINT('',(-2.68048958896017,1.10533899999995,
-5.80500000000001));
#117540=VERTEX_POINT('',#117530);
#117550=EDGE_CURVE('',#117540,#117460,#117520,.T.);
#117560=ORIENTED_EDGE('',*,*,#117550,.T.);
#117570=CARTESIAN_POINT('',(0.,-1.57515058896023,-5.80500000000001));
#117580=DIRECTION('',(-0.707106781186548,0.707106781186547,
-4.71844785465692E-16));
#117590=VECTOR('',#117580,1.);
#117600=LINE('',#117570,#117590);
#117610=EDGE_CURVE('',#117540,#117360,#117600,.T.);
#117620=ORIENTED_EDGE('',*,*,#117610,.F.);
#117630=EDGE_LOOP('',(#117620,#117560,#117480,#117400));
#117640=FACE_OUTER_BOUND('',#117630,.T.);
#117650=ADVANCED_FACE('',(#117640),#117300,.T.);
#117660=CARTESIAN_POINT('',(-2.22048958896017,1.25533900000001,
-4.05500000000001));
#117670=DIRECTION('',(1.22460635382238E-16,-1.,4.89842541528951E-16));
#117680=DIRECTION('',(-4.89842541528951E-16,4.89842541528951E-16,1.));
#117690=AXIS2_PLACEMENT_3D('',#117660,#117670,#117680);
#117700=PLANE('',#117690);
#117710=CARTESIAN_POINT('',(-3.73147885254274,1.25533900000001,
-4.05500000000002));
#117720=DIRECTION('',(-1.,-1.22460635382238E-16,-2.44921270764476E-16));
#117730=VECTOR('',#117720,1.);
#117740=LINE('',#117710,#117730);
#117750=CARTESIAN_POINT('',(-2.55048958896018,1.25533900000001,
-4.05500000000002));
#117760=VERTEX_POINT('',#117750);
#117770=EDGE_CURVE('',#109260,#117760,#117740,.T.);
#117780=ORIENTED_EDGE('',*,*,#117770,.T.);
#117790=ORIENTED_EDGE('',*,*,#109270,.T.);
#117800=ORIENTED_EDGE('',*,*,#67560,.F.);
#117810=CARTESIAN_POINT('',(-2.55048958896018,1.25533900000001,0.));
#117820=DIRECTION('',(-9.79685083057902E-16,4.89842541528951E-16,1.));
#117830=VECTOR('',#117820,1.);
#117840=LINE('',#117810,#117830);
#117850=EDGE_CURVE('',#67470,#117760,#117840,.T.);
#117860=ORIENTED_EDGE('',*,*,#117850,.F.);
#117870=EDGE_LOOP('',(#117860,#117800,#117790,#117780));
#117880=FACE_OUTER_BOUND('',#117870,.T.);
#117890=ADVANCED_FACE('',(#117880),#117700,.T.);
#117900=CARTESIAN_POINT('',(-2.55048958896018,1.10533899999995,
-4.73000000000001));
#117910=DIRECTION('',(1.22460635382237E-16,-1.,7.34763812293426E-16));
#117920=DIRECTION('',(5.11977682188428E-15,7.34763812293427E-16,1.));
#117930=AXIS2_PLACEMENT_3D('',#117900,#117910,#117920);
#117940=PLANE('',#117930);
#117950=ORIENTED_EDGE('',*,*,#105240,.F.);
#117960=CARTESIAN_POINT('',(0.,1.10533900000005,-4.60500000000001));
#117970=DIRECTION('',(-1.,9.46986586518801E-16,-2.44921270764476E-16));
#117980=VECTOR('',#117970,1.);
#117990=LINE('',#117960,#117980);
#118000=EDGE_CURVE('',#105170,#113430,#117990,.T.);
#118010=ORIENTED_EDGE('',*,*,#118000,.F.);
#118020=ORIENTED_EDGE('',*,*,#113680,.T.);
#118030=CARTESIAN_POINT('',(0.,1.10533900000005,-4.855));
#118040=DIRECTION('',(1.,-9.46986586518797E-16,6.09946190494249E-15));
#118050=VECTOR('',#118040,1.);
#118060=LINE('',#118030,#118050);
#118070=EDGE_CURVE('',#113610,#105080,#118060,.T.);
#118080=ORIENTED_EDGE('',*,*,#118070,.F.);
#118090=EDGE_LOOP('',(#118080,#118020,#118010,#117950));
#118100=FACE_OUTER_BOUND('',#118090,.T.);
#118110=ADVANCED_FACE('',(#118100),#117940,.F.);
#118120=CARTESIAN_POINT('',(-3.69048958896014,1.31533899999997,
0.480000000000003));
#118130=DIRECTION('',(7.34763812293426E-16,2.44921270764476E-16,1.));
#118140=DIRECTION('',(-1.,-2.44921270764475E-16,7.34763812293426E-16));
#118150=AXIS2_PLACEMENT_3D('',#118120,#118130,#118140);
#118160=PLANE('',#118150);
#118170=ORIENTED_EDGE('',*,*,#42380,.T.);
#118180=ORIENTED_EDGE('',*,*,#12350,.F.);
#118190=ORIENTED_EDGE('',*,*,#35110,.T.);
#118200=EDGE_CURVE('',#34100,#41910,#93920,.T.);
#118210=ORIENTED_EDGE('',*,*,#118200,.F.);
#118220=ORIENTED_EDGE('',*,*,#41940,.F.);
#118230=EDGE_LOOP('',(#118220,#118210,#118190,#118180,#118170));
#118240=FACE_OUTER_BOUND('',#118230,.T.);
#118250=ADVANCED_FACE('',(#118240),#118160,.T.);
#118260=ORIENTED_EDGE('',*,*,#24040,.F.);
#118270=ORIENTED_EDGE('',*,*,#48550,.F.);
#118280=CARTESIAN_POINT('',(-2.73048958896013,1.32533899999994,-4.055));
#118290=VERTEX_POINT('',#118280);
#118300=EDGE_CURVE('',#48480,#118290,#14390,.T.);
#118310=ORIENTED_EDGE('',*,*,#118300,.F.);
#118320=CARTESIAN_POINT('',(-2.73048958896012,0.,-4.055));
#118330=DIRECTION('',(-4.68706735088986E-15,1.,-7.34763812293428E-16));
#118340=VECTOR('',#118330,1.);
#118350=LINE('',#118320,#118340);
#118360=EDGE_CURVE('',#24030,#118290,#118350,.T.);
#118370=ORIENTED_EDGE('',*,*,#118360,.T.);
#118380=EDGE_LOOP('',(#118370,#118310,#118270,#118260));
#118390=FACE_OUTER_BOUND('',#118380,.T.);
#118400=ADVANCED_FACE('',(#118390),#14170,.T.);
#118410=CARTESIAN_POINT('',(-2.70048958896017,1.17533900000001,
-4.66000000000001));
#118420=DIRECTION('',(2.44921270764476E-16,-7.34763812293426E-16,-1.));
#118430=DIRECTION('',(1.22460635382238E-16,-1.,7.34763812293426E-16));
#118440=AXIS2_PLACEMENT_3D('',#118410,#118420,#118430);
#118450=CYLINDRICAL_SURFACE('',#118440,0.16);
#118460=CARTESIAN_POINT('',(-2.70048958896017,1.17533900000001,
-4.45500000000002));
#118470=DIRECTION('',(2.44921270764476E-16,-7.34763812293426E-16,-1.));
#118480=DIRECTION('',(1.22460635382238E-16,-1.,7.34763812293426E-16));
#118490=AXIS2_PLACEMENT_3D('',#118460,#118470,#118480);
#118500=CIRCLE('',#118490,0.16);
#118510=CARTESIAN_POINT('',(-2.75616723258867,1.32533899999994,
-4.45500000000002));
#118520=VERTEX_POINT('',#118510);
#118530=EDGE_CURVE('',#118520,#33870,#118500,.T.);
#118540=ORIENTED_EDGE('',*,*,#118530,.T.);
#118550=CARTESIAN_POINT('',(-2.75616723258867,1.32533899999994,
-4.66000000000001));
#118560=DIRECTION('',(2.44921270764476E-16,-7.34763812293426E-16,-1.));
#118570=VECTOR('',#118560,1.);
#118580=LINE('',#118550,#118570);
#118590=CARTESIAN_POINT('',(-2.75616723258867,1.32533899999994,
-4.60500000000001));
#118600=VERTEX_POINT('',#118590);
#118610=EDGE_CURVE('',#118520,#118600,#118580,.T.);
#118620=ORIENTED_EDGE('',*,*,#118610,.F.);
#118630=CARTESIAN_POINT('',(-2.70048958896017,1.17533900000001,
-4.60500000000001));
#118640=DIRECTION('',(2.44921270764476E-16,-7.34763812293426E-16,-1.));
#118650=DIRECTION('',(1.22460635382238E-16,-1.,7.34763812293426E-16));
#118660=AXIS2_PLACEMENT_3D('',#118630,#118640,#118650);
#118670=CIRCLE('',#118660,0.16);
#118680=EDGE_CURVE('',#118600,#33780,#118670,.T.);
#118690=ORIENTED_EDGE('',*,*,#118680,.F.);
#118700=ORIENTED_EDGE('',*,*,#33940,.T.);
#118710=EDGE_LOOP('',(#118700,#118690,#118620,#118540));
#118720=FACE_OUTER_BOUND('',#118710,.T.);
#118730=ADVANCED_FACE('',(#118720),#118450,.T.);
#118740=CARTESIAN_POINT('',(-3.79048958896016,1.25202840580253,
-3.98581065753037));
#118750=DIRECTION('',(-1.,-1.22460635382235E-16,4.87485555111981E-15));
#118760=DIRECTION('',(-1.22460635382237E-16,1.,-4.89842541528951E-16));
#118770=AXIS2_PLACEMENT_3D('',#118740,#118750,#118760);
#118780=PLANE('',#118770);
#118790=ORIENTED_EDGE('',*,*,#59830,.F.);
#118800=ORIENTED_EDGE('',*,*,#70670,.F.);
#118810=EDGE_CURVE('',#26710,#70600,#22130,.T.);
#118820=ORIENTED_EDGE('',*,*,#118810,.T.);
#118830=ORIENTED_EDGE('',*,*,#26720,.T.);
#118840=EDGE_LOOP('',(#118830,#118820,#118800,#118790));
#118850=FACE_OUTER_BOUND('',#118840,.T.);
#118860=ADVANCED_FACE('',(#118850),#118780,.T.);
#118870=CARTESIAN_POINT('',(-2.73048958896017,1.09533900000001,
-2.60500000000001));
#118880=DIRECTION('',(-2.44921270764476E-16,4.89842541528951E-16,1.));
#118890=DIRECTION('',(-1.,-1.22460635382238E-16,-2.44921270764476E-16));
#118900=AXIS2_PLACEMENT_3D('',#118870,#118880,#118890);
#118910=PLANE('',#118900);
#118920=ORIENTED_EDGE('',*,*,#116520,.T.);
#118930=ORIENTED_EDGE('',*,*,#73770,.T.);
#118940=ORIENTED_EDGE('',*,*,#101130,.T.);
#118950=CARTESIAN_POINT('',(0.,1.28481989786295,-2.60500000000001));
#118960=DIRECTION('',(-0.998856678503962,-0.0478051859951633,
-2.22044604925031E-16));
#118970=VECTOR('',#118960,1.);
#118980=LINE('',#118950,#118970);
#118990=EDGE_CURVE('',#95670,#101060,#118980,.T.);
#119000=ORIENTED_EDGE('',*,*,#118990,.T.);
#119010=ORIENTED_EDGE('',*,*,#95680,.T.);
#119020=ORIENTED_EDGE('',*,*,#105480,.T.);
#119030=CARTESIAN_POINT('',(-3.73147885254274,1.25533900000001,
-2.60500000000001));
#119040=DIRECTION('',(-1.,-1.22460635382238E-16,-2.44921270764476E-16));
#119050=VECTOR('',#119040,1.);
#119060=LINE('',#119030,#119050);
#119070=EDGE_CURVE('',#83620,#105390,#119060,.T.);
#119080=ORIENTED_EDGE('',*,*,#119070,.T.);
#119090=ORIENTED_EDGE('',*,*,#83780,.T.);
#119100=ORIENTED_EDGE('',*,*,#66340,.T.);
#119110=CARTESIAN_POINT('',(-2.70048958896017,1.17533900000001,
-2.60500000000001));
#119120=DIRECTION('',(2.44921270764476E-16,-7.34763812293426E-16,-1.));
#119130=DIRECTION('',(1.22460635382238E-16,-1.,7.34763812293426E-16));
#119140=AXIS2_PLACEMENT_3D('',#119110,#119120,#119130);
#119150=CIRCLE('',#119140,0.16);
#119160=CARTESIAN_POINT('',(-2.75616723258866,1.32533899999994,
-2.60500000000001));
#119170=VERTEX_POINT('',#119160);
#119180=EDGE_CURVE('',#119170,#66310,#119150,.T.);
#119190=ORIENTED_EDGE('',*,*,#119180,.T.);
#119200=CARTESIAN_POINT('',(0.,1.32533899999994,-2.60500000000001));
#119210=DIRECTION('',(-1.,-1.63507259138096E-15,-2.44921270764475E-16));
#119220=VECTOR('',#119210,1.);
#119230=LINE('',#119200,#119220);
#119240=CARTESIAN_POINT('',(-2.73048958896013,1.32533899999994,
-2.60500000000001));
#119250=VERTEX_POINT('',#119240);
#119260=EDGE_CURVE('',#119250,#119170,#119230,.T.);
#119270=ORIENTED_EDGE('',*,*,#119260,.T.);
#119280=CARTESIAN_POINT('',(-2.73048958896012,0.,-2.60500000000001));
#119290=DIRECTION('',(-4.68706735088986E-15,1.,-4.89842541528952E-16));
#119300=VECTOR('',#119290,1.);
#119310=LINE('',#119280,#119300);
#119320=EDGE_CURVE('',#116510,#119250,#119310,.T.);
#119330=ORIENTED_EDGE('',*,*,#119320,.T.);
#119340=EDGE_LOOP('',(#119330,#119270,#119190,#119100,#119090,#119080,
#119020,#119010,#119000,#118940,#118930,#118920));
#119350=FACE_OUTER_BOUND('',#119340,.T.);
#119360=ADVANCED_FACE('',(#119350),#118910,.F.);
#119370=CARTESIAN_POINT('',(-2.27048958896017,1.31533900000001,
-0.855000000000015));
#119380=DIRECTION('',(1.,1.22460635382238E-16,4.89842541528951E-16));
#119390=DIRECTION('',(1.22460635382238E-16,-1.,7.34763812293426E-16));
#119400=AXIS2_PLACEMENT_3D('',#119370,#119380,#119390);
#119410=PLANE('',#119400);
#119420=ORIENTED_EDGE('',*,*,#69260,.F.);
#119430=ORIENTED_EDGE('',*,*,#102260,.F.);
#119440=ORIENTED_EDGE('',*,*,#97590,.F.);
#119450=ORIENTED_EDGE('',*,*,#106330,.F.);
#119460=EDGE_LOOP('',(#119450,#119440,#119430,#119420));
#119470=FACE_OUTER_BOUND('',#119460,.T.);
#119480=ADVANCED_FACE('',(#119470),#119410,.T.);
#119490=CARTESIAN_POINT('',(-2.55005725977674,1.30533899999996,
-4.45500000000002));
#119500=DIRECTION('',(6.09946190494249E-15,-4.89842541528943E-16,-1.));
#119510=DIRECTION('',(-1.,-1.31436849266552E-15,-6.09946190494249E-15));
#119520=AXIS2_PLACEMENT_3D('',#119490,#119500,#119510);
#119530=PLANE('',#119520);
#119540=CARTESIAN_POINT('',(0.,1.32533899999994,-4.455));
#119550=DIRECTION('',(1.,1.63507259138096E-15,6.09946190494249E-15));
#119560=VECTOR('',#119550,1.);
#119570=LINE('',#119540,#119560);
#119580=EDGE_CURVE('',#118520,#116290,#119570,.T.);
#119590=ORIENTED_EDGE('',*,*,#119580,.T.);
#119600=ORIENTED_EDGE('',*,*,#118530,.F.);
#119610=ORIENTED_EDGE('',*,*,#33880,.T.);
#119620=ORIENTED_EDGE('',*,*,#13630,.T.);
#119630=ORIENTED_EDGE('',*,*,#4300,.F.);
#119640=ORIENTED_EDGE('',*,*,#114920,.T.);
#119650=ORIENTED_EDGE('',*,*,#99570,.T.);
#119660=ORIENTED_EDGE('',*,*,#86230,.T.);
#119670=ORIENTED_EDGE('',*,*,#101370,.T.);
#119680=CARTESIAN_POINT('',(0.,1.10533900000005,-4.455));
#119690=DIRECTION('',(1.,-9.46986586518797E-16,6.09946190494249E-15));
#119700=VECTOR('',#119690,1.);
#119710=LINE('',#119680,#119700);
#119720=EDGE_CURVE('',#102730,#101300,#119710,.T.);
#119730=ORIENTED_EDGE('',*,*,#119720,.T.);
#119740=ORIENTED_EDGE('',*,*,#102740,.T.);
#119750=ORIENTED_EDGE('',*,*,#116360,.T.);
#119760=EDGE_LOOP('',(#119750,#119740,#119730,#119670,#119660,#119650,
#119640,#119630,#119620,#119610,#119600,#119590));
#119770=FACE_OUTER_BOUND('',#119760,.T.);
#119780=ADVANCED_FACE('',(#119770),#119530,.F.);
#119790=CARTESIAN_POINT('',(-2.55005725977674,1.30533899999996,
-2.05500000000002));
#119800=DIRECTION('',(6.09946190494249E-15,-4.89842541528943E-16,-1.));
#119810=DIRECTION('',(-1.,-1.31436849266552E-15,-6.09946190494249E-15));
#119820=AXIS2_PLACEMENT_3D('',#119790,#119800,#119810);
#119830=PLANE('',#119820);
#119840=CARTESIAN_POINT('',(0.,1.32533899999994,-2.055));
#119850=DIRECTION('',(1.,1.63507259138096E-15,6.09946190494249E-15));
#119860=VECTOR('',#119850,1.);
#119870=LINE('',#119840,#119860);
#119880=CARTESIAN_POINT('',(-2.75616723258866,1.32533899999994,
-2.05500000000002));
#119890=VERTEX_POINT('',#119880);
#119900=EDGE_CURVE('',#119890,#80370,#119870,.T.);
#119910=ORIENTED_EDGE('',*,*,#119900,.T.);
#119920=CARTESIAN_POINT('',(-2.70048958896017,1.17533900000001,
-2.05500000000002));
#119930=DIRECTION('',(2.44921270764476E-16,-7.34763812293426E-16,-1.));
#119940=DIRECTION('',(1.22460635382238E-16,-1.,7.34763812293426E-16));
#119950=AXIS2_PLACEMENT_3D('',#119920,#119930,#119940);
#119960=CIRCLE('',#119950,0.16);
#119970=EDGE_CURVE('',#119890,#72930,#119960,.T.);
#119980=ORIENTED_EDGE('',*,*,#119970,.F.);
#119990=ORIENTED_EDGE('',*,*,#72940,.T.);
#120000=ORIENTED_EDGE('',*,*,#72310,.T.);
#120010=ORIENTED_EDGE('',*,*,#111800,.F.);
#120020=ORIENTED_EDGE('',*,*,#115330,.T.);
#120030=ORIENTED_EDGE('',*,*,#92130,.T.);
#120040=ORIENTED_EDGE('',*,*,#60160,.T.);
#120050=ORIENTED_EDGE('',*,*,#64610,.T.);
#120060=CARTESIAN_POINT('',(0.,1.10533900000005,-2.055));
#120070=DIRECTION('',(1.,-9.46986586518797E-16,6.09946190494249E-15));
#120080=VECTOR('',#120070,1.);
#120090=LINE('',#120060,#120080);
#120100=EDGE_CURVE('',#78580,#64600,#120090,.T.);
#120110=ORIENTED_EDGE('',*,*,#120100,.T.);
#120120=ORIENTED_EDGE('',*,*,#78590,.T.);
#120130=ORIENTED_EDGE('',*,*,#80440,.T.);
#120140=EDGE_LOOP('',(#120130,#120120,#120110,#120050,#120040,#120030,
#120020,#120010,#120000,#119990,#119980,#119910));
#120150=FACE_OUTER_BOUND('',#120140,.T.);
#120160=ADVANCED_FACE('',(#120150),#119830,.F.);
#120170=CARTESIAN_POINT('',(-3.74048958896017,1.09533900000002,
-3.40500000000001));
#120180=DIRECTION('',(2.13652445931442E-32,-9.79685083057902E-16,-1.));
#120190=DIRECTION('',(1.,-1.11724910631033E-15,1.11591752810515E-30));
#120200=AXIS2_PLACEMENT_3D('',#120170,#120180,#120190);
#120210=PLANE('',#120200);
#120220=ORIENTED_EDGE('',*,*,#113090,.T.);
#120230=CARTESIAN_POINT('',(-2.78950032537759,1.25533900000002,
-3.40500000000001));
#120240=DIRECTION('',(1.,1.22460635382237E-16,-9.86076131526265E-32));
#120250=VECTOR('',#120240,1.);
#120260=LINE('',#120230,#120250);
#120270=CARTESIAN_POINT('',(-3.97048958896016,1.25533900000001,
-3.40500000000002));
#120280=VERTEX_POINT('',#120270);
#120290=EDGE_CURVE('',#113020,#120280,#120260,.T.);
#120300=ORIENTED_EDGE('',*,*,#120290,.F.);
#120310=CARTESIAN_POINT('',(-3.97048958896016,0.765930490838864,
-3.40500000000002));
#120320=DIRECTION('',(-1.43185159909298E-15,-1.,4.89842541528951E-16));
#120330=VECTOR('',#120320,1.);
#120340=LINE('',#120310,#120330);
#120350=CARTESIAN_POINT('',(-3.97048958896016,1.16275370778497,
-3.40500000000002));
#120360=VERTEX_POINT('',#120350);
#120370=EDGE_CURVE('',#120280,#120360,#120340,.T.);
#120380=ORIENTED_EDGE('',*,*,#120370,.F.);
#120390=CARTESIAN_POINT('',(-2.80619597048117,1.10703072551716,
-3.40500000000002));
#120400=DIRECTION('',(0.998856678503963,-0.0478051859951555,
2.68058260816905E-16));
#120410=VECTOR('',#120400,1.);
#120420=LINE('',#120390,#120410);
#120430=EDGE_CURVE('',#120360,#53230,#120420,.T.);
#120440=ORIENTED_EDGE('',*,*,#120430,.F.);
#120450=ORIENTED_EDGE('',*,*,#53240,.F.);
#120460=ORIENTED_EDGE('',*,*,#45150,.F.);
#120470=ORIENTED_EDGE('',*,*,#61570,.F.);
#120480=ORIENTED_EDGE('',*,*,#110490,.F.);
#120490=ORIENTED_EDGE('',*,*,#95260,.F.);
#120500=CARTESIAN_POINT('',(0.,1.32533899999994,-3.40500000000001));
#120510=DIRECTION('',(1.,1.63507259138096E-15,-1.4791141972894E-30));
#120520=VECTOR('',#120510,1.);
#120530=LINE('',#120500,#120520);
#120540=EDGE_CURVE('',#95190,#55230,#120530,.T.);
#120550=ORIENTED_EDGE('',*,*,#120540,.F.);
#120560=ORIENTED_EDGE('',*,*,#55260,.F.);
#120570=ORIENTED_EDGE('',*,*,#74380,.T.);
#120580=EDGE_LOOP('',(#120570,#120560,#120550,#120490,#120480,#120470,
#120460,#120450,#120440,#120380,#120300,#120220));
#120590=FACE_OUTER_BOUND('',#120580,.T.);
#120600=ADVANCED_FACE('',(#120590),#120210,.T.);
#120610=CARTESIAN_POINT('',(-3.79048958896018,1.25073313569167,
-5.48684397342023));
#120620=DIRECTION('',(-1.,-1.22460635382234E-16,5.11977682188428E-15));
#120630=DIRECTION('',(1.22460635382238E-16,-1.,7.34763812293426E-16));
#120640=AXIS2_PLACEMENT_3D('',#120610,#120620,#120630);
#120650=PLANE('',#120640);
#120660=ORIENTED_EDGE('',*,*,#75230,.F.);
#120670=CARTESIAN_POINT('',(-3.79048958896012,0.,-5.65500000000002));
#120680=DIRECTION('',(-4.68706735088986E-15,1.,-9.79685083057902E-16));
#120690=VECTOR('',#120680,1.);
#120700=LINE('',#120670,#120690);
#120710=CARTESIAN_POINT('',(-3.79048958896013,1.32533899999993,
-5.65500000000002));
#120720=VERTEX_POINT('',#120710);
#120730=EDGE_CURVE('',#75220,#120720,#120700,.T.);
#120740=ORIENTED_EDGE('',*,*,#120730,.F.);
#120750=EDGE_CURVE('',#30570,#120720,#22130,.T.);
#120760=ORIENTED_EDGE('',*,*,#120750,.T.);
#120770=ORIENTED_EDGE('',*,*,#31470,.T.);
#120780=EDGE_LOOP('',(#120770,#120760,#120740,#120660));
#120790=FACE_OUTER_BOUND('',#120780,.T.);
#120800=ADVANCED_FACE('',(#120790),#120650,.T.);
#120810=CARTESIAN_POINT('',(-2.70048958896017,1.17533900000001,
-5.86000000000001));
#120820=DIRECTION('',(2.44921270764476E-16,-7.34763812293426E-16,-1.));
#120830=DIRECTION('',(1.22460635382238E-16,-1.,7.34763812293426E-16));
#120840=AXIS2_PLACEMENT_3D('',#120810,#120820,#120830);
#120850=CYLINDRICAL_SURFACE('',#120840,0.16);
#120860=CARTESIAN_POINT('',(-2.70048958896017,1.17533900000001,
-5.65500000000002));
#120870=DIRECTION('',(2.44921270764476E-16,-7.34763812293426E-16,-1.));
#120880=DIRECTION('',(1.22460635382238E-16,-1.,7.34763812293426E-16));
#120890=AXIS2_PLACEMENT_3D('',#120860,#120870,#120880);
#120900=CIRCLE('',#120890,0.16);
#120910=CARTESIAN_POINT('',(-2.75616723258867,1.32533899999994,
-5.65500000000002));
#120920=VERTEX_POINT('',#120910);
#120930=CARTESIAN_POINT('',(-2.70048958896017,1.33533900000001,
-5.65500000000002));
#120940=VERTEX_POINT('',#120930);
#120950=EDGE_CURVE('',#120920,#120940,#120900,.T.);
#120960=ORIENTED_EDGE('',*,*,#120950,.T.);
#120970=CARTESIAN_POINT('',(-2.75616723258867,1.32533899999994,
-5.86000000000001));
#120980=DIRECTION('',(2.44921270764476E-16,-7.34763812293426E-16,-1.));
#120990=VECTOR('',#120980,1.);
#121000=LINE('',#120970,#120990);
#121010=CARTESIAN_POINT('',(-2.75616723258867,1.32533899999994,
-5.80500000000001));
#121020=VERTEX_POINT('',#121010);
#121030=EDGE_CURVE('',#120920,#121020,#121000,.T.);
#121040=ORIENTED_EDGE('',*,*,#121030,.F.);
#121050=CARTESIAN_POINT('',(-2.70048958896017,1.17533900000001,
-5.80500000000001));
#121060=DIRECTION('',(2.44921270764476E-16,-7.34763812293426E-16,-1.));
#121070=DIRECTION('',(1.22460635382238E-16,-1.,7.34763812293426E-16));
#121080=AXIS2_PLACEMENT_3D('',#121050,#121060,#121070);
#121090=CIRCLE('',#121080,0.16);
#121100=CARTESIAN_POINT('',(-2.70048958896017,1.33533900000001,
-5.80500000000001));
#121110=VERTEX_POINT('',#121100);
#121120=EDGE_CURVE('',#121020,#121110,#121090,.T.);
#121130=ORIENTED_EDGE('',*,*,#121120,.F.);
#121140=CARTESIAN_POINT('',(-2.70048958896017,1.33533900000001,
-5.86000000000001));
#121150=DIRECTION('',(2.44921270764476E-16,-7.34763812293426E-16,-1.));
#121160=VECTOR('',#121150,1.);
#121170=LINE('',#121140,#121160);
#121180=EDGE_CURVE('',#120940,#121110,#121170,.T.);
#121190=ORIENTED_EDGE('',*,*,#121180,.T.);
#121200=EDGE_LOOP('',(#121190,#121130,#121040,#120960));
#121210=FACE_OUTER_BOUND('',#121200,.T.);
#121220=ADVANCED_FACE('',(#121210),#120850,.T.);
#121230=CARTESIAN_POINT('',(-3.81548958896012,1.13033899999992,
0.0700000000000004));
#121240=DIRECTION('',(-0.707106781186551,0.707106781186544,
2.6106216437176E-15));
#121250=DIRECTION('',(-0.707106781186544,-0.707106781186551,
5.20032816700666E-15));
#121260=AXIS2_PLACEMENT_3D('',#121230,#121240,#121250);
#121270=PLANE('',#121260);
#121280=CARTESIAN_POINT('',(-4.94582858896003,0.,-0.0549999999999981));
#121290=DIRECTION('',(0.707106781186544,0.707106781186551,
-1.38777878078145E-16));
#121300=VECTOR('',#121290,1.);
#121310=LINE('',#121280,#121300);
#121320=CARTESIAN_POINT('',(-3.79048958896013,1.15533899999991,
-0.0549999999999984));
#121330=VERTEX_POINT('',#121320);
#121340=EDGE_CURVE('',#81820,#121330,#121310,.T.);
#121350=ORIENTED_EDGE('',*,*,#121340,.F.);
#121360=CARTESIAN_POINT('',(-3.79048958896013,1.15533899999992,
-0.459016121946764));
#121370=DIRECTION('',(4.99731618650204E-15,1.30533965173191E-15,1.));
#121380=VECTOR('',#121370,1.);
#121390=LINE('',#121360,#121380);
#121400=CARTESIAN_POINT('',(-3.79048958896012,1.15533899999992,
0.194999999999999));
#121410=VERTEX_POINT('',#121400);
#121420=EDGE_CURVE('',#121330,#121410,#121390,.T.);
#121430=ORIENTED_EDGE('',*,*,#121420,.F.);
#121440=CARTESIAN_POINT('',(-4.94582858896003,0.,0.194999999999999));
#121450=DIRECTION('',(0.707106781186544,0.707106781186551,
-1.66533453693773E-16));
#121460=VECTOR('',#121450,1.);
#121470=LINE('',#121440,#121460);
#121480=EDGE_CURVE('',#81640,#121410,#121470,.T.);
#121490=ORIENTED_EDGE('',*,*,#121480,.T.);
#121500=ORIENTED_EDGE('',*,*,#81890,.T.);
#121510=EDGE_LOOP('',(#121500,#121490,#121430,#121350));
#121520=FACE_OUTER_BOUND('',#121510,.T.);
#121530=ADVANCED_FACE('',(#121520),#121270,.T.);
#121540=CARTESIAN_POINT('',(-3.1847249716946,1.26042068432362,-4.055));
#121550=DIRECTION('',(-4.89842541528951E-16,7.34763812293426E-16,1.));
#121560=DIRECTION('',(-1.,-1.22460635382238E-16,-4.89842541528951E-16));
#121570=AXIS2_PLACEMENT_3D('',#121540,#121550,#121560);
#121580=PLANE('',#121570);
#121590=CARTESIAN_POINT('',(0.,1.32533899999994,-4.055));
#121600=DIRECTION('',(-1.,-1.63507259138096E-15,-4.8984254152895E-16));
#121610=VECTOR('',#121600,1.);
#121620=LINE('',#121590,#121610);
#121630=EDGE_CURVE('',#118290,#32010,#121620,.T.);
#121640=ORIENTED_EDGE('',*,*,#121630,.F.);
#121650=ORIENTED_EDGE('',*,*,#32040,.F.);
#121660=CARTESIAN_POINT('',(-3.73147885254274,1.33533900000001,
-4.05500000000002));
#121670=DIRECTION('',(-1.,-1.22460635382238E-16,-2.44921270764476E-16));
#121680=VECTOR('',#121670,1.);
#121690=LINE('',#121660,#121680);
#121700=EDGE_CURVE('',#109340,#32030,#121690,.T.);
#121710=ORIENTED_EDGE('',*,*,#121700,.T.);
#121720=ORIENTED_EDGE('',*,*,#109350,.T.);
#121730=ORIENTED_EDGE('',*,*,#117770,.F.);
#121740=CARTESIAN_POINT('',(-2.55048958896018,0.765930490838862,-4.055))
;
#121750=DIRECTION('',(1.67677286985746E-15,-1.,7.34763812293427E-16));
#121760=VECTOR('',#121750,1.);
#121770=LINE('',#121740,#121760);
#121780=CARTESIAN_POINT('',(-2.55048958896018,1.16275370778497,-4.055));
#121790=VERTEX_POINT('',#121780);
#121800=EDGE_CURVE('',#117760,#121790,#121770,.T.);
#121810=ORIENTED_EDGE('',*,*,#121800,.F.);
#121820=CARTESIAN_POINT('',(-3.71478320743917,1.10703072551715,-4.055));
#121830=DIRECTION('',(-0.998856678503963,-0.0478051859951557,
-4.54156973312351E-16));
#121840=VECTOR('',#121830,1.);
#121850=LINE('',#121820,#121840);
#121860=EDGE_CURVE('',#121790,#82040,#121850,.T.);
#121870=ORIENTED_EDGE('',*,*,#121860,.F.);
#121880=ORIENTED_EDGE('',*,*,#82070,.F.);
#121890=ORIENTED_EDGE('',*,*,#83150,.F.);
#121900=ORIENTED_EDGE('',*,*,#86980,.F.);
#121910=ORIENTED_EDGE('',*,*,#24120,.F.);
#121920=ORIENTED_EDGE('',*,*,#118360,.F.);
#121930=EDGE_LOOP('',(#121920,#121910,#121900,#121890,#121880,#121870,
#121810,#121730,#121720,#121710,#121650,#121640));
#121940=FACE_OUTER_BOUND('',#121930,.T.);
#121950=ADVANCED_FACE('',(#121940),#121580,.T.);
#121960=CARTESIAN_POINT('',(-3.89055325444502,1.15892796238875,
-3.87000000000002));
#121970=DIRECTION('',(0.0478051859951555,0.998856678503963,
-7.1050672722619E-16));
#121980=DIRECTION('',(-9.78705480155711E-16,7.58160746218114E-16,1.));
#121990=AXIS2_PLACEMENT_3D('',#121960,#121970,#121980);
#122000=PLANE('',#121990);
#122010=CARTESIAN_POINT('',(-2.80619597048116,1.10703072551716,
-3.80500000000001));
#122020=DIRECTION('',(0.998856678503963,-0.0478051859951555,
2.68058260816905E-16));
#122030=VECTOR('',#122020,1.);
#122040=LINE('',#122010,#122030);
#122050=EDGE_CURVE('',#53490,#112040,#122040,.T.);
#122060=ORIENTED_EDGE('',*,*,#122050,.T.);
#122070=ORIENTED_EDGE('',*,*,#53500,.T.);
#122080=ORIENTED_EDGE('',*,*,#12910,.F.);
#122090=CARTESIAN_POINT('',(-3.97046178872531,1.16275237726836,0.));
#122100=DIRECTION('',(-4.89842541528951E-16,7.34763812293426E-16,1.));
#122110=VECTOR('',#122100,1.);
#122120=LINE('',#122090,#122110);
#122130=EDGE_CURVE('',#112040,#12820,#122120,.T.);
#122140=ORIENTED_EDGE('',*,*,#122130,.T.);
#122150=EDGE_LOOP('',(#122140,#122080,#122070,#122060));
#122160=FACE_OUTER_BOUND('',#122150,.T.);
#122170=ADVANCED_FACE('',(#122160),#122000,.F.);
#122180=CARTESIAN_POINT('',(-2.55005725977674,1.30533899999996,
-2.45500000000002));
#122190=DIRECTION('',(6.09946190494249E-15,-4.89842541528943E-16,-1.));
#122200=DIRECTION('',(-1.,-1.31436849266552E-15,-6.09946190494249E-15));
#122210=AXIS2_PLACEMENT_3D('',#122180,#122190,#122200);
#122220=PLANE('',#122210);
#122230=ORIENTED_EDGE('',*,*,#105550,.T.);
#122240=ORIENTED_EDGE('',*,*,#95780,.T.);
#122250=ORIENTED_EDGE('',*,*,#77760,.T.);
#122260=ORIENTED_EDGE('',*,*,#92350,.T.);
#122270=CARTESIAN_POINT('',(0.,1.10533900000005,-2.455));
#122280=DIRECTION('',(1.,-9.46986586518797E-16,6.09946190494249E-15));
#122290=VECTOR('',#122280,1.);
#122300=LINE('',#122270,#122290);
#122310=EDGE_CURVE('',#104290,#92340,#122300,.T.);
#122320=ORIENTED_EDGE('',*,*,#122310,.T.);
#122330=ORIENTED_EDGE('',*,*,#104300,.T.);
#122340=ORIENTED_EDGE('',*,*,#73390,.T.);
#122350=CARTESIAN_POINT('',(0.,1.32533899999994,-2.455));
#122360=DIRECTION('',(1.,1.63507259138096E-15,6.09946190494249E-15));
#122370=VECTOR('',#122360,1.);
#122380=LINE('',#122350,#122370);
#122390=CARTESIAN_POINT('',(-2.75616723258866,1.32533899999994,
-2.45500000000002));
#122400=VERTEX_POINT('',#122390);
#122410=EDGE_CURVE('',#122400,#73300,#122380,.T.);
#122420=ORIENTED_EDGE('',*,*,#122410,.T.);
#122430=CARTESIAN_POINT('',(-2.70048958896017,1.17533900000001,
-2.45500000000002));
#122440=DIRECTION('',(2.44921270764476E-16,-7.34763812293426E-16,-1.));
#122450=DIRECTION('',(1.22460635382238E-16,-1.,7.34763812293426E-16));
#122460=AXIS2_PLACEMENT_3D('',#122430,#122440,#122450);
#122470=CIRCLE('',#122460,0.16);
#122480=EDGE_CURVE('',#122400,#66490,#122470,.T.);
#122490=ORIENTED_EDGE('',*,*,#122480,.F.);
#122500=ORIENTED_EDGE('',*,*,#66500,.T.);
#122510=ORIENTED_EDGE('',*,*,#83710,.T.);
#122520=CARTESIAN_POINT('',(-3.73147885254274,1.25533900000001,
-2.45500000000002));
#122530=DIRECTION('',(-1.,-1.22460635382238E-16,-2.44921270764476E-16));
#122540=VECTOR('',#122530,1.);
#122550=LINE('',#122520,#122540);
#122560=EDGE_CURVE('',#83640,#105410,#122550,.T.);
#122570=ORIENTED_EDGE('',*,*,#122560,.F.);
#122580=EDGE_LOOP('',(#122570,#122510,#122500,#122490,#122420,#122340,
#122330,#122320,#122260,#122250,#122240,#122230));
#122590=FACE_OUTER_BOUND('',#122580,.T.);
#122600=ADVANCED_FACE('',(#122590),#122220,.F.);
#122610=CARTESIAN_POINT('',(-3.94756697474104,1.16165663364027,
-3.33480973766728));
#122620=DIRECTION('',(0.0478051859951585,0.998856678503963,
-9.72990758345263E-16));
#122630=DIRECTION('',(0.998856678503963,-0.0478051859951585,
2.79790224206995E-16));
#122640=AXIS2_PLACEMENT_3D('',#122610,#122620,#122630);
#122650=PLANE('',#122640);
#122660=CARTESIAN_POINT('',(0.,0.972726452246775,-3.00500000000001));
#122670=DIRECTION('',(0.998856678503963,-0.0478051859951539,
4.5102810375397E-17));
#122680=VECTOR('',#122670,1.);
#122690=LINE('',#122660,#122680);
#122700=EDGE_CURVE('',#94880,#74080,#122690,.T.);
#122710=ORIENTED_EDGE('',*,*,#122700,.T.);
#122720=CARTESIAN_POINT('',(-3.97046178872531,1.16275237726836,0.));
#122730=DIRECTION('',(-4.77294443600546E-16,9.96947739777356E-16,1.));
#122740=VECTOR('',#122730,1.);
#122750=LINE('',#122720,#122740);
#122760=EDGE_CURVE('',#51720,#94880,#122750,.T.);
#122770=ORIENTED_EDGE('',*,*,#122760,.T.);
#122780=ORIENTED_EDGE('',*,*,#51730,.F.);
#122790=ORIENTED_EDGE('',*,*,#74150,.T.);
#122800=EDGE_LOOP('',(#122790,#122780,#122770,#122710));
#122810=FACE_OUTER_BOUND('',#122800,.T.);
#122820=ADVANCED_FACE('',(#122810),#122650,.T.);
#122830=CARTESIAN_POINT('',(-2.22048958896017,1.25533900000001,
-3.25500000000002));
#122840=DIRECTION('',(1.22460635382238E-16,-1.,4.89842541528951E-16));
#122850=DIRECTION('',(-4.89842541528951E-16,4.89842541528951E-16,1.));
#122860=AXIS2_PLACEMENT_3D('',#122830,#122840,#122850);
#122870=PLANE('',#122860);
#122880=ORIENTED_EDGE('',*,*,#111030,.T.);
#122890=ORIENTED_EDGE('',*,*,#96490,.T.);
#122900=CARTESIAN_POINT('',(-3.73147885254274,1.25533900000001,
-3.40500000000002));
#122910=DIRECTION('',(-1.,-1.22460635382238E-16,-2.44921270764476E-16));
#122920=VECTOR('',#122910,1.);
#122930=LINE('',#122900,#122920);
#122940=EDGE_CURVE('',#96460,#106650,#122930,.T.);
#122950=ORIENTED_EDGE('',*,*,#122940,.F.);
#122960=ORIENTED_EDGE('',*,*,#106680,.F.);
#122970=EDGE_LOOP('',(#122960,#122950,#122890,#122880));
#122980=FACE_OUTER_BOUND('',#122970,.T.);
#122990=ADVANCED_FACE('',(#122980),#122870,.T.);
#123000=CARTESIAN_POINT('',(-2.70048958896017,1.17533900000001,
-2.66000000000001));
#123010=DIRECTION('',(2.44921270764476E-16,-7.34763812293426E-16,-1.));
#123020=DIRECTION('',(1.22460635382238E-16,-1.,7.34763812293426E-16));
#123030=AXIS2_PLACEMENT_3D('',#123000,#123010,#123020);
#123040=CYLINDRICAL_SURFACE('',#123030,0.16);
#123050=ORIENTED_EDGE('',*,*,#122480,.T.);
#123060=CARTESIAN_POINT('',(-2.75616723258866,1.32533899999994,
-2.66000000000001));
#123070=DIRECTION('',(2.44921270764476E-16,-7.34763812293426E-16,-1.));
#123080=VECTOR('',#123070,1.);
#123090=LINE('',#123060,#123080);
#123100=EDGE_CURVE('',#122400,#119170,#123090,.T.);
#123110=ORIENTED_EDGE('',*,*,#123100,.F.);
#123120=ORIENTED_EDGE('',*,*,#119180,.F.);
#123130=ORIENTED_EDGE('',*,*,#66560,.T.);
#123140=EDGE_LOOP('',(#123130,#123120,#123110,#123050));
#123150=FACE_OUTER_BOUND('',#123140,.T.);
#123160=ADVANCED_FACE('',(#123150),#123040,.T.);
#123170=CARTESIAN_POINT('',(-3.79048958896017,1.09533900000002,
-5.65500000000002));
#123180=DIRECTION('',(1.09290235449198E-31,-9.79685083057902E-16,-1.));
#123190=DIRECTION('',(1.,1.22460635382237E-16,-1.06826222965723E-32));
#123200=AXIS2_PLACEMENT_3D('',#123170,#123180,#123190);
#123210=PLANE('',#123200);
#123220=ORIENTED_EDGE('',*,*,#75380,.T.);
#123230=ORIENTED_EDGE('',*,*,#107130,.T.);
#123240=ORIENTED_EDGE('',*,*,#64390,.T.);
#123250=ORIENTED_EDGE('',*,*,#115150,.T.);
#123260=CARTESIAN_POINT('',(-2.80619597048116,1.10703072551715,
-5.65500000000002));
#123270=DIRECTION('',(0.998856678503963,-0.0478051859951555,
4.94831028438272E-17));
#123280=VECTOR('',#123270,1.);
#123290=LINE('',#123260,#123280);
#123300=EDGE_CURVE('',#115660,#115080,#123290,.T.);
#123310=ORIENTED_EDGE('',*,*,#123300,.T.);
#123320=ORIENTED_EDGE('',*,*,#115670,.T.);
#123330=ORIENTED_EDGE('',*,*,#63040,.T.);
#123340=ORIENTED_EDGE('',*,*,#108440,.T.);
#123350=CARTESIAN_POINT('',(-2.78950032537759,1.33533900000002,
-5.65500000000002));
#123360=DIRECTION('',(-1.,-1.22460635382238E-16,1.06826222965723E-32));
#123370=VECTOR('',#123360,1.);
#123380=LINE('',#123350,#123370);
#123390=CARTESIAN_POINT('',(-3.82048958896017,1.33533900000002,
-5.65500000000002));
#123400=VERTEX_POINT('',#123390);
#123410=EDGE_CURVE('',#123400,#108370,#123380,.T.);
#123420=ORIENTED_EDGE('',*,*,#123410,.T.);
#123430=CARTESIAN_POINT('',(-3.82048958896017,1.17533900000002,
-5.65500000000002));
#123440=DIRECTION('',(2.99932144364427E-32,7.34763812293426E-16,1.));
#123450=DIRECTION('',(1.22460635382237E-16,-1.,7.34763812293426E-16));
#123460=AXIS2_PLACEMENT_3D('',#123430,#123440,#123450);
#123470=CIRCLE('',#123460,0.16);
#123480=CARTESIAN_POINT('',(-3.76481194533164,1.32533899999993,
-5.65500000000002));
#123490=VERTEX_POINT('',#123480);
#123500=EDGE_CURVE('',#123490,#123400,#123470,.T.);
#123510=ORIENTED_EDGE('',*,*,#123500,.T.);
#123520=CARTESIAN_POINT('',(0.,1.32533899999994,-5.65500000000002));
#123530=DIRECTION('',(1.,1.63507259138096E-15,-1.28189897098414E-30));
#123540=VECTOR('',#123530,1.);
#123550=LINE('',#123520,#123540);
#123560=EDGE_CURVE('',#120720,#123490,#123550,.T.);
#123570=ORIENTED_EDGE('',*,*,#123560,.T.);
#123580=ORIENTED_EDGE('',*,*,#120730,.T.);
#123590=EDGE_LOOP('',(#123580,#123570,#123510,#123420,#123340,#123330,
#123320,#123310,#123250,#123240,#123230,#123220));
#123600=FACE_OUTER_BOUND('',#123590,.T.);
#123610=ADVANCED_FACE('',(#123600),#123210,.F.);
#123620=CARTESIAN_POINT('',(-4.25048958896017,1.31533900000002,
-1.00500000000002));
#123630=DIRECTION('',(-1.,-1.22460635382238E-16,-2.44921270764475E-16));
#123640=DIRECTION('',(1.22460635382238E-16,-1.,7.34763812293427E-16));
#123650=AXIS2_PLACEMENT_3D('',#123620,#123630,#123640);
#123660=PLANE('',#123650);
#123670=CARTESIAN_POINT('',(-4.25048958896017,1.25533900000002,
-0.800000000000016));
#123680=DIRECTION('',(2.44921270764476E-16,-9.79685083057902E-16,-1.));
#123690=VECTOR('',#123680,1.);
#123700=LINE('',#123670,#123690);
#123710=CARTESIAN_POINT('',(-4.25048958896017,1.25533900000002,
-0.855000000000016));
#123720=VERTEX_POINT('',#123710);
#123730=CARTESIAN_POINT('',(-4.25048958896017,1.25533900000002,
-1.00500000000001));
#123740=VERTEX_POINT('',#123730);
#123750=EDGE_CURVE('',#123720,#123740,#123700,.T.);
#123760=ORIENTED_EDGE('',*,*,#123750,.F.);
#123770=CARTESIAN_POINT('',(-4.25048958896017,0.125490534175963,
-1.00500000000001));
#123780=DIRECTION('',(-1.22460635382237E-16,1.,-9.79685083057902E-16));
#123790=VECTOR('',#123780,1.);
#123800=LINE('',#123770,#123790);
#123810=EDGE_CURVE('',#123740,#116060,#123800,.T.);
#123820=ORIENTED_EDGE('',*,*,#123810,.F.);
#123830=ORIENTED_EDGE('',*,*,#116070,.F.);
#123840=CARTESIAN_POINT('',(-4.25048958896017,0.125490534175963,
-0.855000000000015));
#123850=DIRECTION('',(1.22460635382237E-16,-1.,9.79685083057902E-16));
#123860=VECTOR('',#123850,1.);
#123870=LINE('',#123840,#123860);
#123880=EDGE_CURVE('',#115980,#123720,#123870,.T.);
#123890=ORIENTED_EDGE('',*,*,#123880,.F.);
#123900=EDGE_LOOP('',(#123890,#123830,#123820,#123760));
#123910=FACE_OUTER_BOUND('',#123900,.T.);
#123920=ADVANCED_FACE('',(#123910),#123660,.T.);
#123930=CARTESIAN_POINT('',(-2.55048958896018,1.16217151036778,
-5.53000000000001));
#123940=DIRECTION('',(1.,1.67677286985746E-15,4.8984254152895E-16));
#123950=DIRECTION('',(1.67677286985746E-15,-1.,7.34763812293427E-16));
#123960=AXIS2_PLACEMENT_3D('',#123930,#123940,#123950);
#123970=PLANE('',#123960);
#123980=CARTESIAN_POINT('',(-2.55048958896018,1.25533900000001,0.));
#123990=DIRECTION('',(-4.89842541528951E-16,4.89842541528951E-16,1.));
#124000=VECTOR('',#123990,1.);
#124010=LINE('',#123980,#124000);
#124020=CARTESIAN_POINT('',(-2.55048958896018,1.25533900000001,
-5.80500000000001));
#124030=VERTEX_POINT('',#124020);
#124040=CARTESIAN_POINT('',(-2.55048958896018,1.25533900000001,
-5.65500000000002));
#124050=VERTEX_POINT('',#124040);
#124060=EDGE_CURVE('',#124030,#124050,#124010,.T.);
#124070=ORIENTED_EDGE('',*,*,#124060,.T.);
#124080=CARTESIAN_POINT('',(-2.55048958896018,0.,-5.80500000000001));
#124090=DIRECTION('',(1.67677286985746E-15,-1.,2.16936748935778E-30));
#124100=VECTOR('',#124090,1.);
#124110=LINE('',#124080,#124100);
#124120=CARTESIAN_POINT('',(-2.55048958896018,1.16275370778496,
-5.80500000000001));
#124130=VERTEX_POINT('',#124120);
#124140=EDGE_CURVE('',#124030,#124130,#124110,.T.);
#124150=ORIENTED_EDGE('',*,*,#124140,.F.);
#124160=CARTESIAN_POINT('',(-2.55048958896018,1.16275370778496,
-5.86000000000002));
#124170=DIRECTION('',(-4.89842541528951E-16,7.34763812293426E-16,1.));
#124180=VECTOR('',#124170,1.);
#124190=LINE('',#124160,#124180);
#124200=CARTESIAN_POINT('',(-2.55048958896018,1.16275370778496,
-5.65500000000002));
#124210=VERTEX_POINT('',#124200);
#124220=EDGE_CURVE('',#124130,#124210,#124190,.T.);
#124230=ORIENTED_EDGE('',*,*,#124220,.F.);
#124240=CARTESIAN_POINT('',(-2.55048958896018,0.765930490838862,
-5.65500000000002));
#124250=DIRECTION('',(-1.67677286985746E-15,1.,-4.89842541528953E-16));
#124260=VECTOR('',#124250,1.);
#124270=LINE('',#124240,#124260);
#124280=EDGE_CURVE('',#124210,#124050,#124270,.T.);
#124290=ORIENTED_EDGE('',*,*,#124280,.F.);
#124300=EDGE_LOOP('',(#124290,#124230,#124150,#124070));
#124310=FACE_OUTER_BOUND('',#124300,.T.);
#124320=ADVANCED_FACE('',(#124310),#123970,.T.);
#124330=CARTESIAN_POINT('',(-2.70548958896018,1.13033899999995,
-3.19250000000001));
#124340=DIRECTION('',(0.707106781186547,0.707106781186548,
-4.13978538315925E-15));
#124350=DIRECTION('',(0.707106781186548,-0.707106781186547,
-3.0593036896375E-15));
#124360=AXIS2_PLACEMENT_3D('',#124330,#124340,#124350);
#124370=PLANE('',#124360);
#124380=ORIENTED_EDGE('',*,*,#78830,.F.);
#124390=ORIENTED_EDGE('',*,*,#100360,.F.);
#124400=ORIENTED_EDGE('',*,*,#111140,.F.);
#124410=ORIENTED_EDGE('',*,*,#95440,.F.);
#124420=EDGE_LOOP('',(#124410,#124400,#124390,#124380));
#124430=FACE_OUTER_BOUND('',#124420,.T.);
#124440=ADVANCED_FACE('',(#124430),#124370,.T.);
#124450=CARTESIAN_POINT('',(-2.22048958896017,1.33533900000001,
-4.20500000000001));
#124460=DIRECTION('',(-1.22460635382237E-16,1.,-7.34763812293426E-16));
#124470=DIRECTION('',(4.89842541528951E-16,-7.34763812293426E-16,-1.));
#124480=AXIS2_PLACEMENT_3D('',#124450,#124460,#124470);
#124490=PLANE('',#124480);
#124500=ORIENTED_EDGE('',*,*,#67700,.F.);
#124510=ORIENTED_EDGE('',*,*,#109410,.T.);
#124520=ORIENTED_EDGE('',*,*,#121700,.F.);
#124530=ORIENTED_EDGE('',*,*,#32270,.F.);
#124540=EDGE_LOOP('',(#124530,#124520,#124510,#124500));
#124550=FACE_OUTER_BOUND('',#124540,.T.);
#124560=ADVANCED_FACE('',(#124550),#124490,.T.);
#124570=CARTESIAN_POINT('',(-3.83048958896015,1.105339,0.599999999999996
));
#124580=DIRECTION('',(0.707106781186548,2.13915634278108E-15,
-0.707106781186547));
#124590=DIRECTION('',(0.707106781186547,2.48552732560986E-15,
0.707106781186548));
#124600=AXIS2_PLACEMENT_3D('',#124570,#124580,#124590);
#124610=PLANE('',#124600);
#124620=CARTESIAN_POINT('',(-4.43048958896015,1.32533899999991,0.));
#124630=DIRECTION('',(0.707106781186547,1.16573417585641E-15,
0.707106781186548));
#124640=VECTOR('',#124630,1.);
#124650=LINE('',#124620,#124640);
#124660=CARTESIAN_POINT('',(-3.99048958896015,1.32533899999991,0.44));
#124670=VERTEX_POINT('',#124660);
#124680=CARTESIAN_POINT('',(-3.79048958896015,1.32533899999991,
0.639999999999999));
#124690=VERTEX_POINT('',#124680);
#124700=EDGE_CURVE('',#124670,#124690,#124650,.T.);
#124710=ORIENTED_EDGE('',*,*,#124700,.F.);
#124720=CARTESIAN_POINT('',(-3.79048958896014,0.,0.64));
#124730=DIRECTION('',(2.44921270764475E-16,-1.,2.44921270764476E-16));
#124740=VECTOR('',#124730,1.);
#124750=LINE('',#124720,#124740);
#124760=EDGE_CURVE('',#124690,#94450,#124750,.T.);
#124770=ORIENTED_EDGE('',*,*,#124760,.F.);
#124780=ORIENTED_EDGE('',*,*,#94730,.T.);
#124790=CARTESIAN_POINT('',(-3.99048958896014,0.,0.44000000000001));
#124800=DIRECTION('',(-2.44921270764477E-16,1.,2.78030264123296E-15));
#124810=VECTOR('',#124800,1.);
#124820=LINE('',#124790,#124810);
#124830=EDGE_CURVE('',#94660,#124670,#124820,.T.);
#124840=ORIENTED_EDGE('',*,*,#124830,.F.);
#124850=EDGE_LOOP('',(#124840,#124780,#124770,#124710));
#124860=FACE_OUTER_BOUND('',#124850,.T.);
#124870=ADVANCED_FACE('',(#124860),#124610,.F.);
#124880=CARTESIAN_POINT('',(-3.94756697474104,1.16165663364028,
-1.73480973766728));
#124890=DIRECTION('',(0.0478051859951585,0.998856678503963,
-9.72990758345263E-16));
#124900=DIRECTION('',(0.998856678503963,-0.0478051859951585,
2.79790224206995E-16));
#124910=AXIS2_PLACEMENT_3D('',#124880,#124890,#124900);
#124920=PLANE('',#124910);
#124930=ORIENTED_EDGE('',*,*,#90600,.T.);
#124940=CARTESIAN_POINT('',(-3.97046178872531,1.16275237726837,0.));
#124950=DIRECTION('',(-4.77294443600546E-16,9.96947739777356E-16,1.));
#124960=VECTOR('',#124950,1.);
#124970=LINE('',#124940,#124960);
#124980=EDGE_CURVE('',#97250,#44670,#124970,.T.);
#124990=ORIENTED_EDGE('',*,*,#124980,.T.);
#125000=ORIENTED_EDGE('',*,*,#97260,.F.);
#125010=ORIENTED_EDGE('',*,*,#28550,.T.);
#125020=EDGE_LOOP('',(#125010,#125000,#124990,#124930));
#125030=FACE_OUTER_BOUND('',#125020,.T.);
#125040=ADVANCED_FACE('',(#125030),#124920,.T.);
#125050=CARTESIAN_POINT('',(-2.73048958896017,1.09533900000001,
-5.80500000000001));
#125060=DIRECTION('',(-2.44921270764476E-16,4.89842541528951E-16,1.));
#125070=DIRECTION('',(-1.,-1.22460635382238E-16,-2.44921270764476E-16));
#125080=AXIS2_PLACEMENT_3D('',#125050,#125060,#125070);
#125090=PLANE('',#125080);
#125100=CARTESIAN_POINT('',(0.,1.10533900000011,-5.80500000000001));
#125110=DIRECTION('',(1.,5.77144400375594E-15,2.44921270764474E-16));
#125120=VECTOR('',#125110,1.);
#125130=LINE('',#125100,#125120);
#125140=CARTESIAN_POINT('',(-3.89311801710757,1.10533900000007,
-5.80500000000001));
#125150=VERTEX_POINT('',#125140);
#125160=CARTESIAN_POINT('',(-3.84048958896018,1.10533899999997,
-5.80500000000001));
#125170=VERTEX_POINT('',#125160);
#125180=EDGE_CURVE('',#125150,#125170,#125130,.T.);
#125190=ORIENTED_EDGE('',*,*,#125180,.F.);
#125200=CARTESIAN_POINT('',(-4.94582858896015,0.,-5.80500000000001));
#125210=DIRECTION('',(-0.707106781186547,-0.707106781186548,
1.38777878078145E-16));
#125220=VECTOR('',#125210,1.);
#125230=LINE('',#125200,#125220);
#125240=CARTESIAN_POINT('',(-3.79048958896019,1.15533899999996,
-5.80500000000001));
#125250=VERTEX_POINT('',#125240);
#125260=EDGE_CURVE('',#125250,#125170,#125230,.T.);
#125270=ORIENTED_EDGE('',*,*,#125260,.T.);
#125280=CARTESIAN_POINT('',(-3.79048958896019,0.,-5.80500000000001));
#125290=DIRECTION('',(1.37390066347271E-16,-1.,4.89842541528951E-16));
#125300=VECTOR('',#125290,1.);
#125310=LINE('',#125280,#125300);
#125320=CARTESIAN_POINT('',(-3.79048958896013,1.32533899999996,
-5.80500000000001));
#125330=VERTEX_POINT('',#125320);
#125340=EDGE_CURVE('',#125330,#125250,#125310,.T.);
#125350=ORIENTED_EDGE('',*,*,#125340,.T.);
#125360=CARTESIAN_POINT('',(0.,1.32533899999997,-5.80500000000001));
#125370=DIRECTION('',(-1.,-1.63507259138096E-15,-2.44921270764475E-16));
#125380=VECTOR('',#125370,1.);
#125390=LINE('',#125360,#125380);
#125400=CARTESIAN_POINT('',(-3.76481194533164,1.32533899999996,
-5.80500000000001));
#125410=VERTEX_POINT('',#125400);
#125420=EDGE_CURVE('',#125410,#125330,#125390,.T.);
#125430=ORIENTED_EDGE('',*,*,#125420,.T.);
#125440=CARTESIAN_POINT('',(-3.82048958896017,1.17533900000002,
-5.80500000000001));
#125450=DIRECTION('',(2.99932144364427E-32,7.34763812293426E-16,1.));
#125460=DIRECTION('',(1.22460635382237E-16,-1.,7.34763812293426E-16));
#125470=AXIS2_PLACEMENT_3D('',#125440,#125450,#125460);
#125480=CIRCLE('',#125470,0.16);
#125490=CARTESIAN_POINT('',(-3.82048958896017,1.33533900000002,
-5.80500000000001));
#125500=VERTEX_POINT('',#125490);
#125510=EDGE_CURVE('',#125410,#125500,#125480,.T.);
#125520=ORIENTED_EDGE('',*,*,#125510,.F.);
#125530=CARTESIAN_POINT('',(0.,1.33533900000002,-5.80500000000001));
#125540=DIRECTION('',(1.,1.22460635382238E-16,4.8984254152895E-16));
#125550=VECTOR('',#125540,1.);
#125560=LINE('',#125530,#125550);
#125570=EDGE_CURVE('',#108290,#125500,#125560,.T.);
#125580=ORIENTED_EDGE('',*,*,#125570,.T.);
#125590=ORIENTED_EDGE('',*,*,#108300,.T.);
#125600=ORIENTED_EDGE('',*,*,#62880,.T.);
#125610=ORIENTED_EDGE('',*,*,#115810,.T.);
#125620=CARTESIAN_POINT('',(0.,0.972726452246809,-5.80500000000001));
#125630=DIRECTION('',(0.998856678503963,-0.0478051859951555,
4.92661467177413E-16));
#125640=VECTOR('',#125630,1.);
#125650=LINE('',#125620,#125640);
#125660=CARTESIAN_POINT('',(-3.97046178872531,1.16275237726836,
-5.80500000000001));
#125670=VERTEX_POINT('',#125660);
#125680=EDGE_CURVE('',#115740,#125670,#125650,.T.);
#125690=ORIENTED_EDGE('',*,*,#125680,.F.);
#125700=CARTESIAN_POINT('',(0.,0.972726452246795,-5.80500000000001));
#125710=DIRECTION('',(-0.998856678503963,0.0478051859951585,
-2.63677968348475E-16));
#125720=VECTOR('',#125710,1.);
#125730=LINE('',#125700,#125720);
#125740=CARTESIAN_POINT('',(-3.89055325444501,1.15892796238871,
-5.80500000000001));
#125750=VERTEX_POINT('',#125740);
#125760=EDGE_CURVE('',#125750,#125670,#125730,.T.);
#125770=ORIENTED_EDGE('',*,*,#125760,.T.);
#125780=CARTESIAN_POINT('',(-3.94601943692072,0.,-5.80500000000001));
#125790=DIRECTION('',(0.0478051859951585,0.998856678503963,
-4.82253126321552E-16));
#125800=VECTOR('',#125790,1.);
#125810=LINE('',#125780,#125800);
#125820=EDGE_CURVE('',#125150,#125750,#125810,.T.);
#125830=ORIENTED_EDGE('',*,*,#125820,.T.);
#125840=EDGE_LOOP('',(#125830,#125770,#125690,#125610,#125600,#125590,
#125580,#125520,#125430,#125350,#125270,#125190));
#125850=FACE_OUTER_BOUND('',#125840,.T.);
#125860=ADVANCED_FACE('',(#125850),#125090,.F.);
#125870=CARTESIAN_POINT('',(-2.70548958896017,1.13033899999995,
-5.59250000000001));
#125880=DIRECTION('',(0.707106781186547,0.707106781186548,
-4.13978538315925E-15));
#125890=DIRECTION('',(0.707106781186548,-0.707106781186547,
-3.0593036896375E-15));
#125900=AXIS2_PLACEMENT_3D('',#125870,#125880,#125890);
#125910=PLANE('',#125900);
#125920=CARTESIAN_POINT('',(0.,-1.57515058896016,-5.40500000000001));
#125930=DIRECTION('',(-0.707106781186551,0.707106781186544,
-4.71844785465692E-16));
#125940=VECTOR('',#125930,1.);
#125950=LINE('',#125920,#125940);
#125960=CARTESIAN_POINT('',(-2.68048958896014,1.10533899999995,
-5.40500000000001));
#125970=VERTEX_POINT('',#125960);
#125980=CARTESIAN_POINT('',(-2.73048958896012,1.1553389999999,
-5.40500000000001));
#125990=VERTEX_POINT('',#125980);
#126000=EDGE_CURVE('',#125970,#125990,#125950,.T.);
#126010=ORIENTED_EDGE('',*,*,#126000,.F.);
#126020=CARTESIAN_POINT('',(-2.73048958896012,1.15533899999994,0.));
#126030=DIRECTION('',(4.89842541528977E-16,-6.34438317570668E-15,-1.));
#126040=VECTOR('',#126030,1.);
#126050=LINE('',#126020,#126040);
#126060=CARTESIAN_POINT('',(-2.73048958896012,1.1553389999999,
-5.65500000000002));
#126070=VERTEX_POINT('',#126060);
#126080=EDGE_CURVE('',#125990,#126070,#126050,.T.);
#126090=ORIENTED_EDGE('',*,*,#126080,.F.);
#126100=CARTESIAN_POINT('',(0.,-1.57515058896016,-5.65500000000002));
#126110=DIRECTION('',(-0.707106781186551,0.707106781186544,
-4.71844785465692E-16));
#126120=VECTOR('',#126110,1.);
#126130=LINE('',#126100,#126120);
#126140=CARTESIAN_POINT('',(-2.68048958896014,1.10533899999995,
-5.65500000000002));
#126150=VERTEX_POINT('',#126140);
#126160=EDGE_CURVE('',#126150,#126070,#126130,.T.);
#126170=ORIENTED_EDGE('',*,*,#126160,.T.);
#126180=CARTESIAN_POINT('',(-2.68048958896014,1.10533899999995,0.));
#126190=DIRECTION('',(-4.89842541528951E-16,7.34763812293426E-16,1.));
#126200=VECTOR('',#126190,1.);
#126210=LINE('',#126180,#126200);
#126220=EDGE_CURVE('',#126150,#125970,#126210,.T.);
#126230=ORIENTED_EDGE('',*,*,#126220,.F.);
#126240=EDGE_LOOP('',(#126230,#126170,#126090,#126010));
#126250=FACE_OUTER_BOUND('',#126240,.T.);
#126260=ADVANCED_FACE('',(#126250),#125910,.T.);
#126270=CARTESIAN_POINT('',(-2.55048958896017,1.10533899999995,
-5.53000000000001));
#126280=DIRECTION('',(1.22460635382237E-16,-1.,7.34763812293426E-16));
#126290=DIRECTION('',(5.11977682188428E-15,7.34763812293427E-16,1.));
#126300=AXIS2_PLACEMENT_3D('',#126270,#126280,#126290);
#126310=PLANE('',#126300);
#126320=ORIENTED_EDGE('',*,*,#25590,.F.);
#126330=CARTESIAN_POINT('',(0.,1.10533900000005,-5.40500000000001));
#126340=DIRECTION('',(-1.,9.46986586518801E-16,-2.44921270764476E-16));
#126350=VECTOR('',#126340,1.);
#126360=LINE('',#126330,#126350);
#126370=EDGE_CURVE('',#25520,#125970,#126360,.T.);
#126380=ORIENTED_EDGE('',*,*,#126370,.F.);
#126390=ORIENTED_EDGE('',*,*,#126220,.T.);
#126400=CARTESIAN_POINT('',(0.,1.10533900000005,-5.65500000000002));
#126410=DIRECTION('',(-1.,9.46986586518801E-16,-2.44921270764476E-16));
#126420=VECTOR('',#126410,1.);
#126430=LINE('',#126400,#126420);
#126440=EDGE_CURVE('',#25430,#126150,#126430,.T.);
#126450=ORIENTED_EDGE('',*,*,#126440,.T.);
#126460=EDGE_LOOP('',(#126450,#126390,#126380,#126320));
#126470=FACE_OUTER_BOUND('',#126460,.T.);
#126480=ADVANCED_FACE('',(#126470),#126310,.F.);
#126490=CARTESIAN_POINT('',(-2.55207173964564,1.2966791720226,
-6.05499999999999));
#126500=DIRECTION('',(-1.22460635382237E-15,-1.54840896862577E-15,-1.));
#126510=DIRECTION('',(1.,4.57953614647266E-15,-1.22460635382238E-15));
#126520=AXIS2_PLACEMENT_3D('',#126490,#126500,#126510);
#126530=PLANE('',#126520);
#126540=CARTESIAN_POINT('',(-6.52097917792031,1.32533899999996,
-6.05499999999998));
#126550=DIRECTION('',(1.,3.18938482585618E-15,-1.22460635382238E-15));
#126560=VECTOR('',#126550,1.);
#126570=LINE('',#126540,#126560);
#126580=CARTESIAN_POINT('',(-2.73048958896019,1.32533899999997,
-6.05499999999998));
#126590=VERTEX_POINT('',#126580);
#126600=CARTESIAN_POINT('',(-2.55048958896017,1.32533899999998,
-6.05499999999999));
#126610=VERTEX_POINT('',#126600);
#126620=EDGE_CURVE('',#126590,#126610,#126570,.T.);
#126630=ORIENTED_EDGE('',*,*,#126620,.F.);
#126640=CARTESIAN_POINT('',(-2.55048958896017,1.32533899999998,
-6.05499999999999));
#126650=DIRECTION('',(3.18938482585618E-15,-1.,1.54840896862576E-15));
#126660=VECTOR('',#126650,1.);
#126670=LINE('',#126640,#126660);
#126680=CARTESIAN_POINT('',(-2.55048958896017,1.16217151036768,
-6.05499999999998));
#126690=VERTEX_POINT('',#126680);
#126700=EDGE_CURVE('',#126610,#126690,#126670,.T.);
#126710=ORIENTED_EDGE('',*,*,#126700,.F.);
#126720=CARTESIAN_POINT('',(-2.4948681705855,3.84404049072694E-14,
-6.05499999999998));
#126730=DIRECTION('',(0.0478051859951602,-0.998856678503963,
1.56919355079408E-15));
#126740=VECTOR('',#126730,1.);
#126750=LINE('',#126720,#126740);
#126760=CARTESIAN_POINT('',(-2.550517389195,1.16275237726836,
-6.05499999999998));
#126770=VERTEX_POINT('',#126760);
#126780=EDGE_CURVE('',#126770,#126690,#126750,.T.);
#126790=ORIENTED_EDGE('',*,*,#126780,.T.);
#126800=CARTESIAN_POINT('',(-6.52097917792031,0.972726452246793,
-6.05499999999999));
#126810=DIRECTION('',(0.998856678503963,0.0478051859951587,
4.14989093891562E-16));
#126820=VECTOR('',#126810,1.);
#126830=LINE('',#126800,#126820);
#126840=CARTESIAN_POINT('',(-2.63042592347533,1.15892796238874,
-6.05499999999998));
#126850=VERTEX_POINT('',#126840);
#126860=EDGE_CURVE('',#126850,#126770,#126830,.T.);
#126870=ORIENTED_EDGE('',*,*,#126860,.T.);
#126880=CARTESIAN_POINT('',(-2.57495974099962,3.80540065363268E-14,
-6.05499999999998));
#126890=DIRECTION('',(0.0478051859951588,-0.998856678503963,
1.48939627089915E-15));
#126900=VECTOR('',#126890,1.);
#126910=LINE('',#126880,#126900);
#126920=CARTESIAN_POINT('',(-2.62786116081276,1.10533899999995,
-6.05499999999998));
#126930=VERTEX_POINT('',#126920);
#126940=EDGE_CURVE('',#126850,#126930,#126910,.T.);
#126950=ORIENTED_EDGE('',*,*,#126940,.F.);
#126960=CARTESIAN_POINT('',(-6.52097917792031,1.10533899999995,
-6.05499999999998));
#126970=DIRECTION('',(1.,1.37390066347271E-16,-1.22460635382237E-15));
#126980=VECTOR('',#126970,1.);
#126990=LINE('',#126960,#126980);
#127000=EDGE_CURVE('',#117460,#126930,#126990,.T.);
#127010=ORIENTED_EDGE('',*,*,#127000,.T.);
#127020=ORIENTED_EDGE('',*,*,#117470,.F.);
#127030=CARTESIAN_POINT('',(-2.73048958896019,3.73036594077317E-14,
-6.05499999999998));
#127040=DIRECTION('',(-1.37390066347278E-16,1.,-1.54840896862577E-15));
#127050=VECTOR('',#127040,1.);
#127060=LINE('',#127030,#127050);
#127070=EDGE_CURVE('',#117380,#126590,#127060,.T.);
#127080=ORIENTED_EDGE('',*,*,#127070,.F.);
#127090=EDGE_LOOP('',(#127080,#127020,#127010,#126950,#126870,#126790,
#126710,#126630));
#127100=FACE_OUTER_BOUND('',#127090,.T.);
#127110=ADVANCED_FACE('',(#127100),#126530,.F.);
#127120=CARTESIAN_POINT('',(-2.78048958896017,1.09533900000001,
-5.65500000000002));
#127130=DIRECTION('',(-2.44921270764476E-16,4.89842541528951E-16,1.));
#127140=DIRECTION('',(-1.,-1.3621703770748E-15,-2.44921270764475E-16));
#127150=AXIS2_PLACEMENT_3D('',#127120,#127130,#127140);
#127160=PLANE('',#127150);
#127170=CARTESIAN_POINT('',(-2.27048958896017,0.125490534175954,
-5.65500000000002));
#127180=DIRECTION('',(-1.22460635382238E-16,1.,-4.89842541528951E-16));
#127190=VECTOR('',#127180,1.);
#127200=LINE('',#127170,#127190);
#127210=CARTESIAN_POINT('',(-2.27048958896017,1.25533900000001,
-5.65500000000002));
#127220=VERTEX_POINT('',#127210);
#127230=CARTESIAN_POINT('',(-2.27048958896017,1.33533900000001,
-5.65500000000002));
#127240=VERTEX_POINT('',#127230);
#127250=EDGE_CURVE('',#127220,#127240,#127200,.T.);
#127260=ORIENTED_EDGE('',*,*,#127250,.T.);
#127270=CARTESIAN_POINT('',(-3.73147885254274,1.25533900000001,
-5.65500000000002));
#127280=DIRECTION('',(-1.,-1.22460635382238E-16,-2.44921270764476E-16));
#127290=VECTOR('',#127280,1.);
#127300=LINE('',#127270,#127290);
#127310=EDGE_CURVE('',#127220,#124050,#127300,.T.);
#127320=ORIENTED_EDGE('',*,*,#127310,.F.);
#127330=ORIENTED_EDGE('',*,*,#124280,.T.);
#127340=CARTESIAN_POINT('',(-2.80619597048116,1.15051562459262,
-5.65500000000002));
#127350=DIRECTION('',(0.998856678503963,0.0478051859951587,
6.07071179419843E-15));
#127360=VECTOR('',#127350,1.);
#127370=LINE('',#127340,#127360);
#127380=EDGE_CURVE('',#20030,#124210,#127370,.T.);
#127390=ORIENTED_EDGE('',*,*,#127380,.T.);
#127400=ORIENTED_EDGE('',*,*,#20060,.F.);
#127410=ORIENTED_EDGE('',*,*,#25440,.F.);
#127420=ORIENTED_EDGE('',*,*,#126440,.F.);
#127430=ORIENTED_EDGE('',*,*,#126160,.F.);
#127440=CARTESIAN_POINT('',(-2.73048958896012,0.,-5.65500000000002));
#127450=DIRECTION('',(-4.68706735088986E-15,1.,-4.89842541528952E-16));
#127460=VECTOR('',#127450,1.);
#127470=LINE('',#127440,#127460);
#127480=CARTESIAN_POINT('',(-2.73048958896013,1.32533899999994,
-5.65500000000002));
#127490=VERTEX_POINT('',#127480);
#127500=EDGE_CURVE('',#126070,#127490,#127470,.T.);
#127510=ORIENTED_EDGE('',*,*,#127500,.F.);
#127520=CARTESIAN_POINT('',(0.,1.32533899999994,-5.65500000000002));
#127530=DIRECTION('',(-1.,-1.63507259138096E-15,-2.44921270764475E-16));
#127540=VECTOR('',#127530,1.);
#127550=LINE('',#127520,#127540);
#127560=EDGE_CURVE('',#127490,#120920,#127550,.T.);
#127570=ORIENTED_EDGE('',*,*,#127560,.F.);
#127580=ORIENTED_EDGE('',*,*,#120950,.F.);
#127590=CARTESIAN_POINT('',(-3.73147885254274,1.33533900000001,
-5.65500000000002));
#127600=DIRECTION('',(-1.,-1.22460635382238E-16,-2.44921270764476E-16));
#127610=VECTOR('',#127600,1.);
#127620=LINE('',#127590,#127610);
#127630=EDGE_CURVE('',#127240,#120940,#127620,.T.);
#127640=ORIENTED_EDGE('',*,*,#127630,.T.);
#127650=EDGE_LOOP('',(#127640,#127580,#127570,#127510,#127430,#127420,
#127410,#127400,#127390,#127330,#127320,#127260));
#127660=FACE_OUTER_BOUND('',#127650,.T.);
#127670=ADVANCED_FACE('',(#127660),#127160,.T.);
#127680=CARTESIAN_POINT('',(-2.22048958896017,1.33533900000001,
-5.80500000000001));
#127690=DIRECTION('',(-1.22460635382237E-16,1.,-7.34763812293426E-16));
#127700=DIRECTION('',(4.89842541528951E-16,-7.34763812293426E-16,-1.));
#127710=AXIS2_PLACEMENT_3D('',#127680,#127690,#127700);
#127720=PLANE('',#127710);
#127730=CARTESIAN_POINT('',(0.,1.33533900000001,-5.80500000000001));
#127740=DIRECTION('',(1.,1.22460635382237E-16,4.8984254152895E-16));
#127750=VECTOR('',#127740,1.);
#127760=LINE('',#127730,#127750);
#127770=CARTESIAN_POINT('',(-2.27048958896017,1.33533900000001,
-5.80500000000001));
#127780=VERTEX_POINT('',#127770);
#127790=EDGE_CURVE('',#121110,#127780,#127760,.T.);
#127800=ORIENTED_EDGE('',*,*,#127790,.F.);
#127810=CARTESIAN_POINT('',(-2.27048958896017,1.33533900000001,
-5.86000000000001));
#127820=DIRECTION('',(4.89842541528951E-16,-7.34763812293426E-16,-1.));
#127830=VECTOR('',#127820,1.);
#127840=LINE('',#127810,#127830);
#127850=EDGE_CURVE('',#127240,#127780,#127840,.T.);
#127860=ORIENTED_EDGE('',*,*,#127850,.T.);
#127870=ORIENTED_EDGE('',*,*,#127630,.F.);
#127880=ORIENTED_EDGE('',*,*,#121180,.F.);
#127890=EDGE_LOOP('',(#127880,#127870,#127860,#127800));
#127900=FACE_OUTER_BOUND('',#127890,.T.);
#127910=ADVANCED_FACE('',(#127900),#127720,.T.);
#127920=CARTESIAN_POINT('',(-2.27048958896017,1.31533900000001,
-5.65500000000001));
#127930=DIRECTION('',(1.,1.22460635382238E-16,4.89842541528951E-16));
#127940=DIRECTION('',(1.22460635382238E-16,-1.,7.34763812293426E-16));
#127950=AXIS2_PLACEMENT_3D('',#127920,#127930,#127940);
#127960=PLANE('',#127950);
#127970=CARTESIAN_POINT('',(-2.27048958896017,1.25533900000001,
-5.86000000000001));
#127980=DIRECTION('',(-4.89842541528951E-16,4.89842541528951E-16,1.));
#127990=VECTOR('',#127980,1.);
#128000=LINE('',#127970,#127990);
#128010=CARTESIAN_POINT('',(-2.27048958896017,1.25533900000001,
-5.80500000000001));
#128020=VERTEX_POINT('',#128010);
#128030=EDGE_CURVE('',#128020,#127220,#128000,.T.);
#128040=ORIENTED_EDGE('',*,*,#128030,.F.);
#128050=ORIENTED_EDGE('',*,*,#127250,.F.);
#128060=ORIENTED_EDGE('',*,*,#127850,.F.);
#128070=CARTESIAN_POINT('',(-2.27048958896017,0.,-5.80500000000001));
#128080=DIRECTION('',(-1.63507259138096E-15,1.,-4.89842541528951E-16));
#128090=VECTOR('',#128080,1.);
#128100=LINE('',#128070,#128090);
#128110=EDGE_CURVE('',#128020,#127780,#128100,.T.);
#128120=ORIENTED_EDGE('',*,*,#128110,.T.);
#128130=EDGE_LOOP('',(#128120,#128060,#128050,#128040));
#128140=FACE_OUTER_BOUND('',#128130,.T.);
#128150=ADVANCED_FACE('',(#128140),#127960,.T.);
#128160=CARTESIAN_POINT('',(-2.22048958896017,1.25533900000001,
-5.65500000000001));
#128170=DIRECTION('',(1.22460635382238E-16,-1.,4.89842541528951E-16));
#128180=DIRECTION('',(-4.89842541528951E-16,4.89842541528951E-16,1.));
#128190=AXIS2_PLACEMENT_3D('',#128160,#128170,#128180);
#128200=PLANE('',#128190);
#128210=ORIENTED_EDGE('',*,*,#127310,.T.);
#128220=ORIENTED_EDGE('',*,*,#128030,.T.);
#128230=CARTESIAN_POINT('',(0.,1.25533900000001,-5.80500000000001));
#128240=DIRECTION('',(-1.,-1.22460635382238E-16,-4.8984254152895E-16));
#128250=VECTOR('',#128240,1.);
#128260=LINE('',#128230,#128250);
#128270=EDGE_CURVE('',#128020,#124030,#128260,.T.);
#128280=ORIENTED_EDGE('',*,*,#128270,.F.);
#128290=ORIENTED_EDGE('',*,*,#124060,.F.);
#128300=EDGE_LOOP('',(#128290,#128280,#128220,#128210));
#128310=FACE_OUTER_BOUND('',#128300,.T.);
#128320=ADVANCED_FACE('',(#128310),#128200,.T.);
#128330=CARTESIAN_POINT('',(-3.79048958896013,1.2520284058025,
-0.385810657530397));
#128340=DIRECTION('',(-1.,-4.68706735088986E-15,4.99731618650205E-15));
#128350=DIRECTION('',(-4.68706735088987E-15,1.,-1.30533965173188E-15));
#128360=AXIS2_PLACEMENT_3D('',#128330,#128340,#128350);
#128370=PLANE('',#128360);
#128380=ORIENTED_EDGE('',*,*,#121420,.T.);
#128390=CARTESIAN_POINT('',(-3.79048958896012,0.,-0.0549999999999983));
#128400=DIRECTION('',(-4.68706735088986E-15,1.,7.88860905221012E-31));
#128410=VECTOR('',#128400,1.);
#128420=LINE('',#128390,#128410);
#128430=CARTESIAN_POINT('',(-3.79048958896013,1.32533899999994,
-0.0549999999999983));
#128440=VERTEX_POINT('',#128430);
#128450=EDGE_CURVE('',#121330,#128440,#128420,.T.);
#128460=ORIENTED_EDGE('',*,*,#128450,.F.);
#128470=CARTESIAN_POINT('',(-3.79048958896013,1.32533899999994,0.));
#128480=DIRECTION('',(-4.99731618650205E-15,-1.06496222204837E-29,-1.));
#128490=VECTOR('',#128480,1.);
#128500=LINE('',#128470,#128490);
#128510=CARTESIAN_POINT('',(-3.79048958896012,1.32533899999994,
0.194999999999999));
#128520=VERTEX_POINT('',#128510);
#128530=EDGE_CURVE('',#128520,#128440,#128500,.T.);
#128540=ORIENTED_EDGE('',*,*,#128530,.T.);
#128550=CARTESIAN_POINT('',(-3.79048958896012,0.,0.194999999999999));
#128560=DIRECTION('',(-4.68706735088986E-15,1.,7.88860905221012E-31));
#128570=VECTOR('',#128560,1.);
#128580=LINE('',#128550,#128570);
#128590=EDGE_CURVE('',#121410,#128520,#128580,.T.);
#128600=ORIENTED_EDGE('',*,*,#128590,.T.);
#128610=EDGE_LOOP('',(#128600,#128540,#128460,#128380));
#128620=FACE_OUTER_BOUND('',#128610,.T.);
#128630=ADVANCED_FACE('',(#128620),#128370,.T.);
#128640=CARTESIAN_POINT('',(-3.96890743827468,1.29667917202256,
0.194999999999999));
#128650=DIRECTION('',(2.44921270764475E-16,4.11604145476716E-32,1.));
#128660=DIRECTION('',(-1.,-2.44921270764475E-16,2.44921270764475E-16));
#128670=AXIS2_PLACEMENT_3D('',#128640,#128650,#128660);
#128680=PLANE('',#128670);
#128690=CARTESIAN_POINT('',(0.,1.32533899999995,0.194999999999998));
#128700=DIRECTION('',(-1.,-1.63507259138096E-15,2.44921270764475E-16));
#128710=VECTOR('',#128700,1.);
#128720=LINE('',#128690,#128710);
#128730=EDGE_CURVE('',#128520,#11430,#128720,.T.);
#128740=ORIENTED_EDGE('',*,*,#128730,.F.);
#128750=ORIENTED_EDGE('',*,*,#11440,.F.);
#128760=CARTESIAN_POINT('',(-4.02611100733481,0.,0.194999999999999));
#128770=DIRECTION('',(-0.0478051859951553,-0.998856678503963,
-6.93889390390723E-17));
#128780=VECTOR('',#128770,1.);
#128790=LINE('',#128760,#128780);
#128800=CARTESIAN_POINT('',(-3.97046178872531,1.16275237726832,
0.194999999999999));
#128810=VERTEX_POINT('',#128800);
#128820=EDGE_CURVE('',#128810,#11350,#128790,.T.);
#128830=ORIENTED_EDGE('',*,*,#128820,.T.);
#128840=CARTESIAN_POINT('',(0.,0.972726452246774,0.195000000000005));
#128850=DIRECTION('',(-0.998856678503963,0.0478051859951539,
-1.46757606067638E-15));
#128860=VECTOR('',#128850,1.);
#128870=LINE('',#128840,#128860);
#128880=CARTESIAN_POINT('',(-3.89055325444498,1.15892796238871,
0.194999999999999));
#128890=VERTEX_POINT('',#128880);
#128900=EDGE_CURVE('',#128890,#128810,#128870,.T.);
#128910=ORIENTED_EDGE('',*,*,#128900,.T.);
#128920=CARTESIAN_POINT('',(-3.94601943692069,0.,0.194999999999999));
#128930=DIRECTION('',(-0.0478051859951539,-0.998856678503963,
1.04083408558608E-17));
#128940=VECTOR('',#128930,1.);
#128950=LINE('',#128920,#128940);
#128960=EDGE_CURVE('',#128890,#81660,#128950,.T.);
#128970=ORIENTED_EDGE('',*,*,#128960,.F.);
#128980=ORIENTED_EDGE('',*,*,#81670,.T.);
#128990=ORIENTED_EDGE('',*,*,#121480,.F.);
#129000=ORIENTED_EDGE('',*,*,#128590,.F.);
#129010=EDGE_LOOP('',(#129000,#128990,#128980,#128970,#128910,#128830,
#128750,#128740));
#129020=FACE_OUTER_BOUND('',#129010,.T.);
#129030=ADVANCED_FACE('',(#129020),#128680,.F.);
#129040=CARTESIAN_POINT('',(-3.79048958896019,1.25073313569167,
-5.48684397342018));
#129050=DIRECTION('',(-1.,-1.37390066347268E-16,5.97700126955995E-15));
#129060=DIRECTION('',(1.37390066347269E-16,-1.,2.43069316893883E-16));
#129070=AXIS2_PLACEMENT_3D('',#129040,#129050,#129060);
#129080=PLANE('',#129070);
#129090=CARTESIAN_POINT('',(-3.79048958896018,1.15533899999996,
-5.40098387805322));
#129100=DIRECTION('',(5.97700126955995E-15,2.43069316893884E-16,1.));
#129110=VECTOR('',#129100,1.);
#129120=LINE('',#129090,#129110);
#129130=CARTESIAN_POINT('',(-3.79048958896019,1.15533899999996,
-6.05499999999998));
#129140=VERTEX_POINT('',#129130);
#129150=EDGE_CURVE('',#129140,#125250,#129120,.T.);
#129160=ORIENTED_EDGE('',*,*,#129150,.T.);
#129170=CARTESIAN_POINT('',(-3.79048958896019,3.21897345454603E-14,
-6.05499999999998));
#129180=DIRECTION('',(1.37390066347269E-16,-1.,2.38525714133232E-16));
#129190=VECTOR('',#129180,1.);
#129200=LINE('',#129170,#129190);
#129210=CARTESIAN_POINT('',(-3.79048958896019,1.32533899999997,
-6.05499999999998));
#129220=VERTEX_POINT('',#129210);
#129230=EDGE_CURVE('',#129220,#129140,#129200,.T.);
#129240=ORIENTED_EDGE('',*,*,#129230,.T.);
#129250=CARTESIAN_POINT('',(-3.79048958896019,1.32533899999997,
-5.85999999999999));
#129260=DIRECTION('',(-5.97700126955995E-15,-1.54840896862578E-15,-1.));
#129270=VECTOR('',#129260,1.);
#129280=LINE('',#129250,#129270);
#129290=EDGE_CURVE('',#125330,#129220,#129280,.T.);
#129300=ORIENTED_EDGE('',*,*,#129290,.T.);
#129310=ORIENTED_EDGE('',*,*,#125340,.F.);
#129320=EDGE_LOOP('',(#129310,#129300,#129240,#129160));
#129330=FACE_OUTER_BOUND('',#129320,.T.);
#129340=ADVANCED_FACE('',(#129330),#129080,.T.);
#129350=ORIENTED_EDGE('',*,*,#34780,.F.);
#129360=ORIENTED_EDGE('',*,*,#16590,.F.);
#129370=ORIENTED_EDGE('',*,*,#15700,.T.);
#129380=ORIENTED_EDGE('',*,*,#17150,.F.);
#129390=CARTESIAN_POINT('',(-4.30582858896005,-3.41427700882096E-15,0.48
));
#129400=DIRECTION('',(-0.707106781186545,-0.70710678118655,
-1.25450551569074E-15));
#129410=VECTOR('',#129400,1.);
#129420=LINE('',#129390,#129410);
#129430=EDGE_CURVE('',#17080,#76050,#129420,.T.);
#129440=ORIENTED_EDGE('',*,*,#129430,.F.);
#129450=ORIENTED_EDGE('',*,*,#76060,.T.);
#129460=EDGE_CURVE('',#75970,#37720,#17140,.T.);
#129470=ORIENTED_EDGE('',*,*,#129460,.F.);
#129480=ORIENTED_EDGE('',*,*,#37730,.F.);
#129490=ORIENTED_EDGE('',*,*,#40190,.F.);
#129500=ORIENTED_EDGE('',*,*,#39950,.T.);
#129510=ORIENTED_EDGE('',*,*,#40600,.F.);
#129520=ORIENTED_EDGE('',*,*,#39540,.F.);
#129530=ORIENTED_EDGE('',*,*,#39290,.T.);
#129540=CARTESIAN_POINT('',(-2.6493533754374,1.325339,0.480000000000005)
);
#129550=DIRECTION('',(-0.581238193719096,-0.813733471206735,
2.70479434342806E-16));
#129560=VECTOR('',#129550,1.);
#129570=LINE('',#129540,#129560);
#129580=EDGE_CURVE('',#19000,#39190,#129570,.T.);
#129590=ORIENTED_EDGE('',*,*,#129580,.T.);
#129600=ORIENTED_EDGE('',*,*,#19010,.T.);
#129610=ORIENTED_EDGE('',*,*,#93930,.F.);
#129620=EDGE_LOOP('',(#129610,#129600,#129590,#129530,#129520,#129510,
#129500,#129490,#129480,#129470,#129450,#129440,#129380,#129370,#129360,
#129350));
#129630=FACE_OUTER_BOUND('',#129620,.T.);
#129640=ADVANCED_FACE('',(#129630),#118160,.T.);
#129650=CARTESIAN_POINT('',(-2.83548958896014,1.030339,0.520000000000005
));
#129660=DIRECTION('',(-0.813733471206735,0.581238193719096,
-5.40958868685612E-16));
#129670=DIRECTION('',(0.581238193719096,0.813733471206735,
8.54145582135175E-17));
#129680=AXIS2_PLACEMENT_3D('',#129650,#129660,#129670);
#129690=PLANE('',#129680);
#129700=ORIENTED_EDGE('',*,*,#38960,.T.);
#129710=ORIENTED_EDGE('',*,*,#14660,.F.);
#129720=ORIENTED_EDGE('',*,*,#94090,.T.);
#129730=CARTESIAN_POINT('',(-2.63307870601327,1.31371423612562,
0.500000000000005));
#129740=DIRECTION('',(-0.581238193719096,-0.813733471206735,
-8.54145582135175E-17));
#129750=VECTOR('',#129740,1.);
#129760=LINE('',#129730,#129750);
#129770=EDGE_CURVE('',#94020,#38950,#129760,.T.);
#129780=ORIENTED_EDGE('',*,*,#129770,.F.);
#129790=EDGE_LOOP('',(#129780,#129720,#129710,#129700));
#129800=FACE_OUTER_BOUND('',#129790,.T.);
#129810=ADVANCED_FACE('',(#129800),#129690,.F.);
#129820=ORIENTED_EDGE('',*,*,#52540,.F.);
#129830=ORIENTED_EDGE('',*,*,#117210,.F.);
#129840=EDGE_CURVE('',#114100,#117140,#22130,.T.);
#129850=ORIENTED_EDGE('',*,*,#129840,.T.);
#129860=ORIENTED_EDGE('',*,*,#114370,.T.);
#129870=EDGE_LOOP('',(#129860,#129850,#129830,#129820));
#129880=FACE_OUTER_BOUND('',#129870,.T.);
#129890=ADVANCED_FACE('',(#129880),#21910,.T.);
#129900=CARTESIAN_POINT('',(-2.57341220317929,1.16165663364027,
-0.925190262332751));
#129910=DIRECTION('',(-0.0478051859951587,0.998856678503963,
-5.06565230622445E-16));
#129920=DIRECTION('',(-0.998856678503963,-0.0478051859951587,
-4.5418042979937E-16));
#129930=AXIS2_PLACEMENT_3D('',#129900,#129910,#129920);
#129940=PLANE('',#129930);
#129950=CARTESIAN_POINT('',(-2.63042592347529,1.15892796238875,0.));
#129960=DIRECTION('',(-4.7785417095077E-16,4.84275005124934E-16,1.));
#129970=VECTOR('',#129960,1.);
#129980=LINE('',#129950,#129970);
#129990=EDGE_CURVE('',#18260,#106120,#129980,.T.);
#130000=ORIENTED_EDGE('',*,*,#129990,.T.);
#130010=ORIENTED_EDGE('',*,*,#18270,.T.);
#130020=EDGE_CURVE('',#18180,#66730,#10270,.T.);
#130030=ORIENTED_EDGE('',*,*,#130020,.F.);
#130040=ORIENTED_EDGE('',*,*,#106190,.F.);
#130050=EDGE_LOOP('',(#130040,#130030,#130010,#130000));
#130060=FACE_OUTER_BOUND('',#130050,.T.);
#130070=ADVANCED_FACE('',(#130060),#129940,.T.);
#130080=CARTESIAN_POINT('',(-3.97048958896018,1.10533899999996,
-1.93000000000001));
#130090=DIRECTION('',(1.22460635382237E-16,-1.,7.34763812293426E-16));
#130100=DIRECTION('',(-5.11977682188428E-15,-7.34763812293427E-16,-1.));
#130110=AXIS2_PLACEMENT_3D('',#130080,#130090,#130100);
#130120=PLANE('',#130110);
#130130=ORIENTED_EDGE('',*,*,#28410,.T.);
#130140=ORIENTED_EDGE('',*,*,#97170,.F.);
#130150=CARTESIAN_POINT('',(-3.84048958896021,1.10533899999992,0.));
#130160=DIRECTION('',(5.11977682188431E-15,7.34763812293452E-16,1.));
#130170=VECTOR('',#130160,1.);
#130180=LINE('',#130150,#130170);
#130190=EDGE_CURVE('',#97100,#90680,#130180,.T.);
#130200=ORIENTED_EDGE('',*,*,#130190,.F.);
#130210=ORIENTED_EDGE('',*,*,#90690,.T.);
#130220=EDGE_LOOP('',(#130210,#130200,#130140,#130130));
#130230=FACE_OUTER_BOUND('',#130220,.T.);
#130240=ADVANCED_FACE('',(#130230),#130120,.F.);
#130250=CARTESIAN_POINT('',(-3.35048958896005,0.955339,0.335));
#130260=DIRECTION('',(-0.70710678118655,0.707106781186545,
-1.21229843990071E-15));
#130270=DIRECTION('',(0.707106781186545,0.70710678118655,
8.65927457071933E-16));
#130280=AXIS2_PLACEMENT_3D('',#130250,#130260,#130270);
#130290=PLANE('',#130280);
#130300=ORIENTED_EDGE('',*,*,#76120,.F.);
#130310=ORIENTED_EDGE('',*,*,#129430,.T.);
#130320=ORIENTED_EDGE('',*,*,#17090,.F.);
#130330=ORIENTED_EDGE('',*,*,#10850,.F.);
#130340=EDGE_LOOP('',(#130330,#130320,#130310,#130300));
#130350=FACE_OUTER_BOUND('',#130340,.T.);
#130360=ADVANCED_FACE('',(#130350),#130290,.F.);
#130370=CARTESIAN_POINT('',(-2.27048958896017,1.31533900000001,
-1.65500000000001));
#130380=DIRECTION('',(1.,1.22460635382238E-16,4.89842541528951E-16));
#130390=DIRECTION('',(1.22460635382238E-16,-1.,7.34763812293426E-16));
#130400=AXIS2_PLACEMENT_3D('',#130370,#130380,#130390);
#130410=PLANE('',#130400);
#130420=ORIENTED_EDGE('',*,*,#76460,.F.);
#130430=ORIENTED_EDGE('',*,*,#99850,.F.);
#130440=ORIENTED_EDGE('',*,*,#8430,.F.);
#130450=CARTESIAN_POINT('',(-2.27048958896017,0.125490534175957,
-1.80500000000001));
#130460=DIRECTION('',(1.22460635382238E-16,-1.,4.89842541528951E-16));
#130470=VECTOR('',#130460,1.);
#130480=LINE('',#130450,#130470);
#130490=EDGE_CURVE('',#8340,#76450,#130480,.T.);
#130500=ORIENTED_EDGE('',*,*,#130490,.F.);
#130510=EDGE_LOOP('',(#130500,#130440,#130430,#130420));
#130520=FACE_OUTER_BOUND('',#130510,.T.);
#130530=ADVANCED_FACE('',(#130520),#130410,.T.);
#130540=CARTESIAN_POINT('',(-4.30048958896017,1.33533900000002,
-5.65500000000002));
#130550=DIRECTION('',(-1.22460635382238E-16,1.,-7.34763812293426E-16));
#130560=DIRECTION('',(-2.44921270764476E-16,7.34763812293426E-16,1.));
#130570=AXIS2_PLACEMENT_3D('',#130540,#130550,#130560);
#130580=PLANE('',#130570);
#130590=ORIENTED_EDGE('',*,*,#123410,.F.);
#130600=ORIENTED_EDGE('',*,*,#108380,.T.);
#130610=ORIENTED_EDGE('',*,*,#125570,.F.);
#130620=CARTESIAN_POINT('',(-3.82048958896017,1.33533900000002,
-5.60000000000002));
#130630=DIRECTION('',(2.99932144364427E-32,7.34763812293426E-16,1.));
#130640=VECTOR('',#130630,1.);
#130650=LINE('',#130620,#130640);
#130660=EDGE_CURVE('',#125500,#123400,#130650,.T.);
#130670=ORIENTED_EDGE('',*,*,#130660,.F.);
#130680=EDGE_LOOP('',(#130670,#130610,#130600,#130590));
#130690=FACE_OUTER_BOUND('',#130680,.T.);
#130700=ADVANCED_FACE('',(#130690),#130580,.T.);
#130710=CARTESIAN_POINT('',(-2.55048958896018,1.10533899999995,
-3.53000000000001));
#130720=DIRECTION('',(1.22460635382237E-16,-1.,7.34763812293426E-16));
#130730=DIRECTION('',(5.11977682188428E-15,7.34763812293427E-16,1.));
#130740=AXIS2_PLACEMENT_3D('',#130710,#130720,#130730);
#130750=PLANE('',#130740);
#130760=ORIENTED_EDGE('',*,*,#92830,.F.);
#130770=CARTESIAN_POINT('',(0.,1.10533900000005,-3.40500000000002));
#130780=DIRECTION('',(-1.,9.46986586518801E-16,-2.44921270764476E-16));
#130790=VECTOR('',#130780,1.);
#130800=LINE('',#130770,#130790);
#130810=EDGE_CURVE('',#92760,#71270,#130800,.T.);
#130820=ORIENTED_EDGE('',*,*,#130810,.F.);
#130830=ORIENTED_EDGE('',*,*,#71280,.T.);
#130840=ORIENTED_EDGE('',*,*,#98750,.T.);
#130850=EDGE_LOOP('',(#130840,#130830,#130820,#130760));
#130860=FACE_OUTER_BOUND('',#130850,.T.);
#130870=ADVANCED_FACE('',(#130860),#130750,.F.);
#130880=CARTESIAN_POINT('',(-3.89055325444502,1.15892796238875,
-5.87000000000002));
#130890=DIRECTION('',(0.0478051859951555,0.998856678503963,
-7.1050672722619E-16));
#130900=DIRECTION('',(-9.78705480155711E-16,7.58160746218114E-16,1.));
#130910=AXIS2_PLACEMENT_3D('',#130880,#130890,#130900);
#130920=PLANE('',#130910);
#130930=ORIENTED_EDGE('',*,*,#125680,.T.);
#130940=ORIENTED_EDGE('',*,*,#115750,.T.);
#130950=ORIENTED_EDGE('',*,*,#123300,.F.);
#130960=CARTESIAN_POINT('',(-3.97046178872531,1.16275237726837,0.));
#130970=DIRECTION('',(-4.89842541528951E-16,7.34763812293426E-16,1.));
#130980=VECTOR('',#130970,1.);
#130990=LINE('',#130960,#130980);
#131000=EDGE_CURVE('',#125670,#115080,#130990,.T.);
#131010=ORIENTED_EDGE('',*,*,#131000,.T.);
#131020=EDGE_LOOP('',(#131010,#130950,#130940,#130930));
#131030=FACE_OUTER_BOUND('',#131020,.T.);
#131040=ADVANCED_FACE('',(#131030),#130920,.F.);
#131050=CARTESIAN_POINT('',(-3.67548958896014,1.30033899999998,
0.575000000000003));
#131060=DIRECTION('',(-7.5606572533343E-16,0.514495755427532,
-0.857492925712541));
#131070=DIRECTION('',(4.93038065763132E-32,-0.857492925712541,
-0.514495755427532));
#131080=AXIS2_PLACEMENT_3D('',#131050,#131060,#131070);
#131090=PLANE('',#131080);
#131100=ORIENTED_EDGE('',*,*,#35790,.T.);
#131110=ORIENTED_EDGE('',*,*,#36470,.T.);
#131120=CARTESIAN_POINT('',(-2.89528618896024,0.,-0.205203399999994));
#131130=DIRECTION('',(0.457495710997789,-0.762492851663031,
-0.457495710997826));
#131140=VECTOR('',#131130,1.);
#131150=LINE('',#131120,#131140);
#131160=CARTESIAN_POINT('',(-3.69048958896015,1.32533899999994,
0.589999999999982));
#131170=VERTEX_POINT('',#131160);
#131180=EDGE_CURVE('',#131170,#36400,#131150,.T.);
#131190=ORIENTED_EDGE('',*,*,#131180,.T.);
#131200=CARTESIAN_POINT('',(0.,1.32533899999995,0.589999999999983));
#131210=DIRECTION('',(-1.,-1.63507259138096E-15,-9.9326980076474E-17));
#131220=VECTOR('',#131210,1.);
#131230=LINE('',#131200,#131220);
#131240=EDGE_CURVE('',#131170,#35780,#131230,.T.);
#131250=ORIENTED_EDGE('',*,*,#131240,.F.);
#131260=EDGE_LOOP('',(#131250,#131190,#131110,#131100));
#131270=FACE_OUTER_BOUND('',#131260,.T.);
#131280=ADVANCED_FACE('',(#131270),#131090,.T.);
#131290=CARTESIAN_POINT('',(-3.63475869419555,1.045339,0.121050247945888
));
#131300=DIRECTION('',(-4.89842541528951E-16,2.44921270764476E-16,1.));
#131310=DIRECTION('',(-1.,-9.86076131526265E-32,-4.89842541528951E-16));
#131320=AXIS2_PLACEMENT_3D('',#131290,#131300,#131310);
#131330=CYLINDRICAL_SURFACE('',#131320,0.05);
#131340=ORIENTED_EDGE('',*,*,#40420,.F.);
#131350=CARTESIAN_POINT('',(-3.63475869419555,1.045339,0.540000000000004
));
#131360=DIRECTION('',(-4.89842541528951E-16,2.44921270764476E-16,1.));
#131370=DIRECTION('',(-1.,-1.19972857745771E-31,-4.89842541528951E-16));
#131380=AXIS2_PLACEMENT_3D('',#131350,#131360,#131370);
#131390=CIRCLE('',#131380,0.0500000000000003);
#131400=EDGE_CURVE('',#40350,#38490,#131390,.T.);
#131410=ORIENTED_EDGE('',*,*,#131400,.F.);
#131420=ORIENTED_EDGE('',*,*,#38500,.T.);
#131430=ORIENTED_EDGE('',*,*,#40680,.T.);
#131440=EDGE_LOOP('',(#131430,#131420,#131410,#131340));
#131450=FACE_OUTER_BOUND('',#131440,.T.);
#131460=ADVANCED_FACE('',(#131450),#131330,.T.);
#131470=CARTESIAN_POINT('',(-3.89055325444502,1.15892796238875,
-1.47000000000002));
#131480=DIRECTION('',(0.0478051859951555,0.998856678503963,
-7.1050672722619E-16));
#131490=DIRECTION('',(-9.78705480155711E-16,7.58160746218114E-16,1.));
#131500=AXIS2_PLACEMENT_3D('',#131470,#131480,#131490);
#131510=PLANE('',#131500);
#131520=ORIENTED_EDGE('',*,*,#96130,.T.);
#131530=ORIENTED_EDGE('',*,*,#90230,.T.);
#131540=ORIENTED_EDGE('',*,*,#33080,.F.);
#131550=CARTESIAN_POINT('',(-3.97046178872531,1.16275237726836,0.));
#131560=DIRECTION('',(-4.89842541528951E-16,7.34763812293426E-16,1.));
#131570=VECTOR('',#131560,1.);
#131580=LINE('',#131550,#131570);
#131590=EDGE_CURVE('',#91200,#32990,#131580,.T.);
#131600=ORIENTED_EDGE('',*,*,#131590,.T.);
#131610=EDGE_LOOP('',(#131600,#131540,#131530,#131520));
#131620=FACE_OUTER_BOUND('',#131610,.T.);
#131630=ADVANCED_FACE('',(#131620),#131510,.F.);
#131640=CARTESIAN_POINT('',(-2.22048958896017,1.25533900000001,
-2.45500000000001));
#131650=DIRECTION('',(1.22460635382238E-16,-1.,4.89842541528951E-16));
#131660=DIRECTION('',(-4.89842541528951E-16,4.89842541528951E-16,1.));
#131670=AXIS2_PLACEMENT_3D('',#131640,#131650,#131660);
#131680=PLANE('',#131670);
#131690=ORIENTED_EDGE('',*,*,#122560,.T.);
#131700=ORIENTED_EDGE('',*,*,#83650,.T.);
#131710=ORIENTED_EDGE('',*,*,#119070,.F.);
#131720=ORIENTED_EDGE('',*,*,#105420,.F.);
#131730=EDGE_LOOP('',(#131720,#131710,#131700,#131690));
#131740=FACE_OUTER_BOUND('',#131730,.T.);
#131750=ADVANCED_FACE('',(#131740),#131680,.T.);
#131760=ORIENTED_EDGE('',*,*,#129460,.T.);
#131770=ORIENTED_EDGE('',*,*,#75980,.T.);
#131780=CARTESIAN_POINT('',(0.,0.975339000000001,0.640000000000002));
#131790=DIRECTION('',(1.,1.22460635382238E-16,7.34763812293425E-16));
#131800=VECTOR('',#131790,1.);
#131810=LINE('',#131780,#131800);
#131820=EDGE_CURVE('',#112420,#75890,#131810,.T.);
#131830=ORIENTED_EDGE('',*,*,#131820,.T.);
#131840=ORIENTED_EDGE('',*,*,#112430,.F.);
#131850=ORIENTED_EDGE('',*,*,#38130,.F.);
#131860=ORIENTED_EDGE('',*,*,#37810,.T.);
#131870=EDGE_LOOP('',(#131860,#131850,#131840,#131830,#131770,#131760));
#131880=FACE_OUTER_BOUND('',#131870,.T.);
#131890=ADVANCED_FACE('',(#131880),#34750,.T.);
#131900=CARTESIAN_POINT('',(-2.62860368742196,1.12085358585773,
-1.85277578828196));
#131910=DIRECTION('',(0.998856678503963,0.0478051859951587,
1.30871091490535E-16));
#131920=DIRECTION('',(-0.0478051859951587,0.998856678503963,
-7.57340754838453E-16));
#131930=AXIS2_PLACEMENT_3D('',#131900,#131910,#131920);
#131940=PLANE('',#131930);
#131950=ORIENTED_EDGE('',*,*,#100020,.F.);
#131960=ORIENTED_EDGE('',*,*,#61330,.F.);
#131970=CARTESIAN_POINT('',(-2.57495974099957,0.,-1.40500000000001));
#131980=DIRECTION('',(0.0478051859951633,-0.998856678503962,
4.9960036108132E-16));
#131990=VECTOR('',#131980,1.);
#132000=LINE('',#131970,#131990);
#132010=CARTESIAN_POINT('',(-2.62786116081276,1.10533900000005,
-1.40500000000001));
#132020=VERTEX_POINT('',#132010);
#132030=EDGE_CURVE('',#61260,#132020,#132000,.T.);
#132040=ORIENTED_EDGE('',*,*,#132030,.F.);
#132050=CARTESIAN_POINT('',(-2.62786116081276,1.10533900000005,0.));
#132060=DIRECTION('',(-1.66186616931225E-16,7.34763812293425E-16,1.));
#132070=VECTOR('',#132060,1.);
#132080=LINE('',#132050,#132070);
#132090=EDGE_CURVE('',#100010,#132020,#132080,.T.);
#132100=ORIENTED_EDGE('',*,*,#132090,.T.);
#132110=EDGE_LOOP('',(#132100,#132040,#131960,#131950));
#132120=FACE_OUTER_BOUND('',#132110,.T.);
#132130=ADVANCED_FACE('',(#132120),#131940,.F.);
#132140=CARTESIAN_POINT('',(-2.73048958896017,1.09533900000001,
-1.40500000000001));
#132150=DIRECTION('',(-2.44921270764476E-16,4.89842541528951E-16,1.));
#132160=DIRECTION('',(-1.,-1.22460635382238E-16,-2.44921270764476E-16));
#132170=AXIS2_PLACEMENT_3D('',#132140,#132150,#132160);
#132180=PLANE('',#132170);
#132190=CARTESIAN_POINT('',(-3.73147885254274,1.25533900000001,
-1.40500000000002));
#132200=DIRECTION('',(-1.,-1.22460635382238E-16,-2.44921270764476E-16));
#132210=VECTOR('',#132200,1.);
#132220=LINE('',#132190,#132210);
#132230=CARTESIAN_POINT('',(-2.27048958896017,1.25533900000001,
-1.40500000000002));
#132240=VERTEX_POINT('',#132230);
#132250=CARTESIAN_POINT('',(-2.55048958896018,1.25533900000001,
-1.40500000000002));
#132260=VERTEX_POINT('',#132250);
#132270=EDGE_CURVE('',#132240,#132260,#132220,.T.);
#132280=ORIENTED_EDGE('',*,*,#132270,.T.);
#132290=CARTESIAN_POINT('',(-2.27048958896017,0.125490534175957,
-1.40500000000001));
#132300=DIRECTION('',(1.22460635382238E-16,-1.,4.89842541528951E-16));
#132310=VECTOR('',#132300,1.);
#132320=LINE('',#132290,#132310);
#132330=EDGE_CURVE('',#32440,#132240,#132320,.T.);
#132340=ORIENTED_EDGE('',*,*,#132330,.T.);
#132350=ORIENTED_EDGE('',*,*,#32450,.T.);
#132360=CARTESIAN_POINT('',(-2.70048958896017,1.17533900000001,
-1.40500000000002));
#132370=DIRECTION('',(2.44921270764476E-16,-7.34763812293426E-16,-1.));
#132380=DIRECTION('',(1.22460635382238E-16,-1.,7.34763812293426E-16));
#132390=AXIS2_PLACEMENT_3D('',#132360,#132370,#132380);
#132400=CIRCLE('',#132390,0.16);
#132410=CARTESIAN_POINT('',(-2.75616723258866,1.32533899999994,
-1.40500000000002));
#132420=VERTEX_POINT('',#132410);
#132430=EDGE_CURVE('',#132420,#32420,#132400,.T.);
#132440=ORIENTED_EDGE('',*,*,#132430,.T.);
#132450=CARTESIAN_POINT('',(0.,1.32533899999994,-1.40500000000001));
#132460=DIRECTION('',(-1.,-1.63507259138096E-15,-2.44921270764475E-16));
#132470=VECTOR('',#132460,1.);
#132480=LINE('',#132450,#132470);
#132490=EDGE_CURVE('',#14330,#132420,#132480,.T.);
#132500=ORIENTED_EDGE('',*,*,#132490,.T.);
#132510=ORIENTED_EDGE('',*,*,#14340,.T.);
#132520=ORIENTED_EDGE('',*,*,#87140,.T.);
#132530=CARTESIAN_POINT('',(0.,1.10533900000005,-1.40500000000001));
#132540=DIRECTION('',(-1.,9.46986586518801E-16,-2.44921270764476E-16));
#132550=VECTOR('',#132540,1.);
#132560=LINE('',#132530,#132550);
#132570=EDGE_CURVE('',#132020,#87130,#132560,.T.);
#132580=ORIENTED_EDGE('',*,*,#132570,.T.);
#132590=ORIENTED_EDGE('',*,*,#132030,.T.);
#132600=ORIENTED_EDGE('',*,*,#61270,.T.);
#132610=ORIENTED_EDGE('',*,*,#80670,.T.);
#132620=CARTESIAN_POINT('',(-2.55048958896018,0.765930490838866,
-1.40500000000001));
#132630=DIRECTION('',(1.67677286985746E-15,-1.,4.89842541528951E-16));
#132640=VECTOR('',#132630,1.);
#132650=LINE('',#132620,#132640);
#132660=EDGE_CURVE('',#132260,#80660,#132650,.T.);
#132670=ORIENTED_EDGE('',*,*,#132660,.T.);
#132680=EDGE_LOOP('',(#132670,#132610,#132600,#132590,#132580,#132520,
#132510,#132500,#132440,#132350,#132340,#132280));
#132690=FACE_OUTER_BOUND('',#132680,.T.);
#132700=ADVANCED_FACE('',(#132690),#132180,.F.);
#132710=CARTESIAN_POINT('',(-3.81548958896018,1.13033899999996,
-1.99250000000002));
#132720=DIRECTION('',(0.707106781186548,-0.707106781186547,
-3.10067243467293E-15));
#132730=DIRECTION('',(-0.707106781186547,-0.707106781186548,
4.09841663812382E-15));
#132740=AXIS2_PLACEMENT_3D('',#132710,#132720,#132730);
#132750=PLANE('',#132740);
#132760=ORIENTED_EDGE('',*,*,#68820,.T.);
#132770=ORIENTED_EDGE('',*,*,#90750,.T.);
#132780=ORIENTED_EDGE('',*,*,#130190,.T.);
#132790=ORIENTED_EDGE('',*,*,#97110,.F.);
#132800=EDGE_LOOP('',(#132790,#132780,#132770,#132760));
#132810=FACE_OUTER_BOUND('',#132800,.T.);
#132820=ADVANCED_FACE('',(#132810),#132750,.F.);
#132830=CARTESIAN_POINT('',(-2.44124220904538,1.16798227703687,
0.194999999999997));
#132840=DIRECTION('',(-5.17367703542125E-16,1.30988325449253E-15,1.));
#132850=DIRECTION('',(0.0478051859951633,-0.998856678503962,
1.33311849610609E-15));
#132860=AXIS2_PLACEMENT_3D('',#132830,#132840,#132850);
#132870=PLANE('',#132860);
#132880=ORIENTED_EDGE('',*,*,#65550,.T.);
#132890=ORIENTED_EDGE('',*,*,#23380,.F.);
#132900=ORIENTED_EDGE('',*,*,#21420,.T.);
#132910=CARTESIAN_POINT('',(-2.49486817058548,0.,0.194999999999998));
#132920=DIRECTION('',(0.0478051859951586,-0.998856678503963,
8.81239525796218E-16));
#132930=VECTOR('',#132920,1.);
#132940=LINE('',#132910,#132930);
#132950=EDGE_CURVE('',#21350,#24810,#132940,.T.);
#132960=ORIENTED_EDGE('',*,*,#132950,.F.);
#132970=ORIENTED_EDGE('',*,*,#24970,.F.);
#132980=CARTESIAN_POINT('',(0.,1.32533899999995,0.194999999999998));
#132990=DIRECTION('',(-1.,-1.63507259138096E-15,-5.17367703542123E-16));
#133000=VECTOR('',#132990,1.);
#133010=LINE('',#132980,#133000);
#133020=EDGE_CURVE('',#24900,#68310,#133010,.T.);
#133030=ORIENTED_EDGE('',*,*,#133020,.F.);
#133040=ORIENTED_EDGE('',*,*,#68320,.F.);
#133050=ORIENTED_EDGE('',*,*,#20640,.F.);
#133060=EDGE_LOOP('',(#133050,#133040,#133030,#132970,#132960,#132900,
#132890,#132880));
#133070=FACE_OUTER_BOUND('',#133060,.T.);
#133080=ADVANCED_FACE('',(#133070),#132870,.F.);
#133090=CARTESIAN_POINT('',(-2.63042592347532,1.15892796238874,
-5.59000000000001));
#133100=DIRECTION('',(-0.0478051859951587,0.998856678503963,
-7.57340754838453E-16));
#133110=DIRECTION('',(2.4534114631644E-16,-7.46465625902677E-16,-1.));
#133120=AXIS2_PLACEMENT_3D('',#133090,#133100,#133110);
#133130=PLANE('',#133120);
#133140=CARTESIAN_POINT('',(0.,1.28481989786297,-5.80500000000001));
#133150=DIRECTION('',(0.998856678503963,0.0478051859951587,
4.92661467177413E-16));
#133160=VECTOR('',#133150,1.);
#133170=LINE('',#133140,#133160);
#133180=CARTESIAN_POINT('',(-2.550517389195,1.16275237726836,
-5.80500000000001));
#133190=VERTEX_POINT('',#133180);
#133200=EDGE_CURVE('',#133190,#124130,#133170,.T.);
#133210=ORIENTED_EDGE('',*,*,#133200,.T.);
#133220=EDGE_CURVE('',#133190,#20030,#10270,.T.);
#133230=ORIENTED_EDGE('',*,*,#133220,.F.);
#133240=ORIENTED_EDGE('',*,*,#127380,.F.);
#133250=ORIENTED_EDGE('',*,*,#124220,.T.);
#133260=EDGE_LOOP('',(#133250,#133240,#133230,#133210));
#133270=FACE_OUTER_BOUND('',#133260,.T.);
#133280=ADVANCED_FACE('',(#133270),#133130,.F.);
#133290=CARTESIAN_POINT('',(-2.22048958896017,1.25533900000001,
-5.25500000000001));
#133300=DIRECTION('',(1.22460635382238E-16,-1.,4.89842541528951E-16));
#133310=DIRECTION('',(-4.89842541528951E-16,4.89842541528951E-16,1.));
#133320=AXIS2_PLACEMENT_3D('',#133290,#133300,#133310);
#133330=PLANE('',#133320);
#133340=ORIENTED_EDGE('',*,*,#84460,.T.);
#133350=ORIENTED_EDGE('',*,*,#56480,.T.);
#133360=CARTESIAN_POINT('',(-3.73147885254274,1.25533900000001,
-5.40500000000001));
#133370=DIRECTION('',(-1.,-1.22460635382238E-16,-2.44921270764476E-16));
#133380=VECTOR('',#133370,1.);
#133390=LINE('',#133360,#133380);
#133400=EDGE_CURVE('',#56450,#20790,#133390,.T.);
#133410=ORIENTED_EDGE('',*,*,#133400,.F.);
#133420=ORIENTED_EDGE('',*,*,#20820,.F.);
#133430=EDGE_LOOP('',(#133420,#133410,#133350,#133340));
#133440=FACE_OUTER_BOUND('',#133430,.T.);
#133450=ADVANCED_FACE('',(#133440),#133330,.T.);
#133460=CARTESIAN_POINT('',(-3.97048958896018,1.10533899999996,
-1.13000000000002));
#133470=DIRECTION('',(1.22460635382237E-16,-1.,7.34763812293426E-16));
#133480=DIRECTION('',(-5.11977682188428E-15,-7.34763812293427E-16,-1.));
#133490=AXIS2_PLACEMENT_3D('',#133460,#133470,#133480);
#133500=PLANE('',#133490);
#133510=ORIENTED_EDGE('',*,*,#66020,.T.);
#133520=ORIENTED_EDGE('',*,*,#32840,.F.);
#133530=CARTESIAN_POINT('',(-3.84048958896022,1.10533899999992,0.));
#133540=DIRECTION('',(5.11977682188431E-15,7.34763812293452E-16,1.));
#133550=VECTOR('',#133540,1.);
#133560=LINE('',#133530,#133550);
#133570=CARTESIAN_POINT('',(-3.84048958896022,1.10533899999992,
-1.00500000000002));
#133580=VERTEX_POINT('',#133570);
#133590=EDGE_CURVE('',#32730,#133580,#133560,.T.);
#133600=ORIENTED_EDGE('',*,*,#133590,.F.);
#133610=CARTESIAN_POINT('',(0.,1.10533899999993,-1.00500000000001));
#133620=DIRECTION('',(1.,4.68706735088987E-15,-4.33873497871557E-30));
#133630=VECTOR('',#133620,1.);
#133640=LINE('',#133610,#133630);
#133650=EDGE_CURVE('',#66010,#133580,#133640,.T.);
#133660=ORIENTED_EDGE('',*,*,#133650,.T.);
#133670=EDGE_LOOP('',(#133660,#133600,#133520,#133510));
#133680=FACE_OUTER_BOUND('',#133670,.T.);
#133690=ADVANCED_FACE('',(#133680),#133500,.F.);
#133700=CARTESIAN_POINT('',(-3.94756697474104,1.16165663364027,
-2.93480973766728));
#133710=DIRECTION('',(0.0478051859951585,0.998856678503963,
-9.72990758345263E-16));
#133720=DIRECTION('',(0.998856678503963,-0.0478051859951585,
2.79790224206995E-16));
#133730=AXIS2_PLACEMENT_3D('',#133700,#133710,#133720);
#133740=PLANE('',#133730);
#133750=ORIENTED_EDGE('',*,*,#71740,.F.);
#133760=ORIENTED_EDGE('',*,*,#93550,.T.);
#133770=CARTESIAN_POINT('',(-3.97046178872531,1.16275237726836,0.));
#133780=DIRECTION('',(-4.77294443600546E-16,9.96947739777356E-16,1.));
#133790=VECTOR('',#133780,1.);
#133800=LINE('',#133770,#133790);
#133810=EDGE_CURVE('',#94970,#31640,#133800,.T.);
#133820=ORIENTED_EDGE('',*,*,#133810,.T.);
#133830=ORIENTED_EDGE('',*,*,#103950,.F.);
#133840=EDGE_LOOP('',(#133830,#133820,#133760,#133750));
#133850=FACE_OUTER_BOUND('',#133840,.T.);
#133860=ADVANCED_FACE('',(#133850),#133740,.T.);
#133870=CARTESIAN_POINT('',(-3.94756697474102,1.16165663364023,
-0.134809737667244));
#133880=DIRECTION('',(0.0478051859951539,0.998856678503963,
-9.93239381132568E-16));
#133890=DIRECTION('',(0.998856678503963,-0.0478051859951539,
1.50676739658419E-15));
#133900=AXIS2_PLACEMENT_3D('',#133870,#133880,#133890);
#133910=PLANE('',#133900);
#133920=ORIENTED_EDGE('',*,*,#128900,.F.);
#133930=CARTESIAN_POINT('',(-3.97046178872531,1.16275237726832,0.));
#133940=DIRECTION('',(1.40523791957669E-15,-1.34328943338816E-15,-1.));
#133950=VECTOR('',#133940,1.);
#133960=LINE('',#133930,#133950);
#133970=EDGE_CURVE('',#128810,#15380,#133960,.T.);
#133980=ORIENTED_EDGE('',*,*,#133970,.F.);
#133990=CARTESIAN_POINT('',(0.,0.972726452246777,-0.0549999999999993));
#134000=DIRECTION('',(0.998856678503963,-0.0478051859951539,
-2.42861286636753E-16));
#134010=VECTOR('',#134000,1.);
#134020=LINE('',#133990,#134010);
#134030=CARTESIAN_POINT('',(-3.89055325444498,1.15892796238871,
-0.0549999999999983));
#134040=VERTEX_POINT('',#134030);
#134050=EDGE_CURVE('',#15380,#134040,#134020,.T.);
#134060=ORIENTED_EDGE('',*,*,#134050,.F.);
#134070=CARTESIAN_POINT('',(-3.89055325444498,1.15892796238871,0.));
#134080=DIRECTION('',(-6.1230317691119E-16,1.30533965173188E-15,1.));
#134090=VECTOR('',#134080,1.);
#134100=LINE('',#134070,#134090);
#134110=EDGE_CURVE('',#134040,#128890,#134100,.T.);
#134120=ORIENTED_EDGE('',*,*,#134110,.F.);
#134130=EDGE_LOOP('',(#134120,#134060,#133980,#133920));
#134140=FACE_OUTER_BOUND('',#134130,.T.);
#134150=ADVANCED_FACE('',(#134140),#133910,.T.);
#134160=CARTESIAN_POINT('',(-2.55048958896018,1.10533899999996,
-2.33000000000001));
#134170=DIRECTION('',(1.22460635382237E-16,-1.,7.34763812293426E-16));
#134180=DIRECTION('',(5.11977682188428E-15,7.34763812293427E-16,1.));
#134190=AXIS2_PLACEMENT_3D('',#134160,#134170,#134180);
#134200=PLANE('',#134190);
#134210=ORIENTED_EDGE('',*,*,#92430,.F.);
#134220=ORIENTED_EDGE('',*,*,#88100,.F.);
#134230=ORIENTED_EDGE('',*,*,#104360,.T.);
#134240=ORIENTED_EDGE('',*,*,#122310,.F.);
#134250=EDGE_LOOP('',(#134240,#134230,#134220,#134210));
#134260=FACE_OUTER_BOUND('',#134250,.T.);
#134270=ADVANCED_FACE('',(#134260),#134200,.F.);
#134280=CARTESIAN_POINT('',(-4.30048958896017,1.25533900000002,
-4.60500000000002));
#134290=DIRECTION('',(1.22460635382237E-16,-1.,9.79685083057902E-16));
#134300=DIRECTION('',(2.44921270764476E-16,-9.79685083057902E-16,-1.));
#134310=AXIS2_PLACEMENT_3D('',#134280,#134290,#134300);
#134320=PLANE('',#134310);
#134330=ORIENTED_EDGE('',*,*,#114200,.T.);
#134340=ORIENTED_EDGE('',*,*,#104850,.T.);
#134350=ORIENTED_EDGE('',*,*,#70450,.F.);
#134360=ORIENTED_EDGE('',*,*,#65190,.F.);
#134370=EDGE_LOOP('',(#134360,#134350,#134340,#134330));
#134380=FACE_OUTER_BOUND('',#134370,.T.);
#134390=ADVANCED_FACE('',(#134380),#134320,.T.);
#134400=CARTESIAN_POINT('',(-2.22048958896017,1.25533900000001,
-2.85500000000001));
#134410=DIRECTION('',(1.22460635382238E-16,-1.,4.89842541528951E-16));
#134420=DIRECTION('',(-4.89842541528951E-16,4.89842541528951E-16,1.));
#134430=AXIS2_PLACEMENT_3D('',#134400,#134410,#134420);
#134440=PLANE('',#134430);
#134450=ORIENTED_EDGE('',*,*,#46970,.T.);
#134460=ORIENTED_EDGE('',*,*,#101690,.T.);
#134470=ORIENTED_EDGE('',*,*,#79220,.F.);
#134480=ORIENTED_EDGE('',*,*,#58170,.F.);
#134490=EDGE_LOOP('',(#134480,#134470,#134460,#134450));
#134500=FACE_OUTER_BOUND('',#134490,.T.);
#134510=ADVANCED_FACE('',(#134500),#134440,.T.);
#134520=CARTESIAN_POINT('',(-2.55048958896018,1.16217151036779,
-1.53000000000001));
#134530=DIRECTION('',(1.,1.67677286985746E-15,4.8984254152895E-16));
#134540=DIRECTION('',(1.67677286985746E-15,-1.,7.34763812293427E-16));
#134550=AXIS2_PLACEMENT_3D('',#134520,#134530,#134540);
#134560=PLANE('',#134550);
#134570=ORIENTED_EDGE('',*,*,#76600,.T.);
#134580=CARTESIAN_POINT('',(-2.55048958896018,0.765930490838865,
-1.80500000000001));
#134590=DIRECTION('',(1.67677286985746E-15,-1.,4.89842541528951E-16));
#134600=VECTOR('',#134590,1.);
#134610=LINE('',#134580,#134600);
#134620=EDGE_CURVE('',#76530,#80070,#134610,.T.);
#134630=ORIENTED_EDGE('',*,*,#134620,.F.);
#134640=ORIENTED_EDGE('',*,*,#80240,.F.);
#134650=ORIENTED_EDGE('',*,*,#99920,.F.);
#134660=EDGE_LOOP('',(#134650,#134640,#134630,#134570));
#134670=FACE_OUTER_BOUND('',#134660,.T.);
#134680=ADVANCED_FACE('',(#134670),#134560,.T.);
#134690=CARTESIAN_POINT('',(-3.81548958896018,1.13033899999996,
-1.06750000000002));
#134700=DIRECTION('',(0.707106781186548,-0.707106781186547,
-3.10067243467293E-15));
#134710=DIRECTION('',(-0.707106781186547,-0.707106781186548,
4.2946781954593E-15));
#134720=AXIS2_PLACEMENT_3D('',#134690,#134700,#134710);
#134730=PLANE('',#134720);
#134740=ORIENTED_EDGE('',*,*,#32760,.F.);
#134750=ORIENTED_EDGE('',*,*,#65740,.T.);
#134760=CARTESIAN_POINT('',(-4.94582858896003,0.,-1.00500000000001));
#134770=DIRECTION('',(0.707106781186544,0.707106781186551,
-6.93889390390723E-16));
#134780=VECTOR('',#134770,1.);
#134790=LINE('',#134760,#134780);
#134800=EDGE_CURVE('',#133580,#65730,#134790,.T.);
#134810=ORIENTED_EDGE('',*,*,#134800,.T.);
#134820=ORIENTED_EDGE('',*,*,#133590,.T.);
#134830=EDGE_LOOP('',(#134820,#134810,#134750,#134740));
#134840=FACE_OUTER_BOUND('',#134830,.T.);
#134850=ADVANCED_FACE('',(#134840),#134730,.F.);
#134860=CARTESIAN_POINT('',(-2.63042592347532,1.15892796238874,
-3.59000000000001));
#134870=DIRECTION('',(-0.0478051859951587,0.998856678503963,
-7.57340754838453E-16));
#134880=DIRECTION('',(2.4534114631644E-16,-7.46465625902677E-16,-1.));
#134890=AXIS2_PLACEMENT_3D('',#134860,#134870,#134880);
#134900=PLANE('',#134890);
#134910=ORIENTED_EDGE('',*,*,#48000,.F.);
#134920=EDGE_CURVE('',#47910,#98610,#10270,.T.);
#134930=ORIENTED_EDGE('',*,*,#134920,.F.);
#134940=ORIENTED_EDGE('',*,*,#98620,.F.);
#134950=CARTESIAN_POINT('',(-2.55048958896018,1.16275370778496,
-3.86000000000001));
#134960=DIRECTION('',(-4.89842541528951E-16,7.34763812293426E-16,1.));
#134970=VECTOR('',#134960,1.);
#134980=LINE('',#134950,#134970);
#134990=EDGE_CURVE('',#47990,#98530,#134980,.T.);
#135000=ORIENTED_EDGE('',*,*,#134990,.T.);
#135010=EDGE_LOOP('',(#135000,#134940,#134930,#134910));
#135020=FACE_OUTER_BOUND('',#135010,.T.);
#135030=ADVANCED_FACE('',(#135020),#134900,.F.);
#135040=CARTESIAN_POINT('',(-2.73048958896017,1.09533900000001,
-3.40500000000002));
#135050=DIRECTION('',(-2.44921270764476E-16,4.89842541528951E-16,1.));
#135060=DIRECTION('',(-1.,-1.22460635382238E-16,-2.44921270764476E-16));
#135070=AXIS2_PLACEMENT_3D('',#135040,#135050,#135060);
#135080=PLANE('',#135070);
#135090=ORIENTED_EDGE('',*,*,#71340,.T.);
#135100=ORIENTED_EDGE('',*,*,#130810,.T.);
#135110=ORIENTED_EDGE('',*,*,#92770,.T.);
#135120=CARTESIAN_POINT('',(0.,1.28481989786295,-3.40500000000002));
#135130=DIRECTION('',(-0.998856678503962,-0.0478051859951633,
-2.22044604925031E-16));
#135140=VECTOR('',#135130,1.);
#135150=LINE('',#135120,#135140);
#135160=EDGE_CURVE('',#82330,#92680,#135150,.T.);
#135170=ORIENTED_EDGE('',*,*,#135160,.T.);
#135180=ORIENTED_EDGE('',*,*,#82340,.T.);
#135190=ORIENTED_EDGE('',*,*,#106740,.T.);
#135200=ORIENTED_EDGE('',*,*,#122940,.T.);
#135210=ORIENTED_EDGE('',*,*,#96710,.T.);
#135220=CARTESIAN_POINT('',(-3.73147885254274,1.33533900000001,
-3.40500000000002));
#135230=DIRECTION('',(1.,1.22460635382238E-16,2.44921270764476E-16));
#135240=VECTOR('',#135230,1.);
#135250=LINE('',#135220,#135240);
#135260=CARTESIAN_POINT('',(-2.70048958896017,1.33533900000001,
-3.40500000000002));
#135270=VERTEX_POINT('',#135260);
#135280=EDGE_CURVE('',#135270,#96640,#135250,.T.);
#135290=ORIENTED_EDGE('',*,*,#135280,.T.);
#135300=CARTESIAN_POINT('',(-2.70048958896017,1.17533900000001,
-3.40500000000002));
#135310=DIRECTION('',(2.44921270764476E-16,-7.34763812293426E-16,-1.));
#135320=DIRECTION('',(1.22460635382238E-16,-1.,7.34763812293426E-16));
#135330=AXIS2_PLACEMENT_3D('',#135300,#135310,#135320);
#135340=CIRCLE('',#135330,0.16);
#135350=CARTESIAN_POINT('',(-2.75616723258867,1.32533899999994,
-3.40500000000002));
#135360=VERTEX_POINT('',#135350);
#135370=EDGE_CURVE('',#135360,#135270,#135340,.T.);
#135380=ORIENTED_EDGE('',*,*,#135370,.T.);
#135390=CARTESIAN_POINT('',(0.,1.32533899999994,-3.40500000000002));
#135400=DIRECTION('',(-1.,-1.63507259138096E-15,-2.44921270764475E-16));
#135410=VECTOR('',#135400,1.);
#135420=LINE('',#135390,#135410);
#135430=CARTESIAN_POINT('',(-2.73048958896013,1.32533899999994,
-3.40500000000002));
#135440=VERTEX_POINT('',#135430);
#135450=EDGE_CURVE('',#135440,#135360,#135420,.T.);
#135460=ORIENTED_EDGE('',*,*,#135450,.T.);
#135470=CARTESIAN_POINT('',(-2.73048958896012,0.,-3.40500000000002));
#135480=DIRECTION('',(-4.68706735088986E-15,1.,-4.89842541528952E-16));
#135490=VECTOR('',#135480,1.);
#135500=LINE('',#135470,#135490);
#135510=EDGE_CURVE('',#71090,#135440,#135500,.T.);
#135520=ORIENTED_EDGE('',*,*,#135510,.T.);
#135530=EDGE_LOOP('',(#135520,#135460,#135380,#135290,#135210,#135200,
#135190,#135180,#135170,#135110,#135100,#135090));
#135540=FACE_OUTER_BOUND('',#135530,.T.);
#135550=ADVANCED_FACE('',(#135540),#135080,.F.);
#135560=CARTESIAN_POINT('',(-3.74048958896017,1.09533900000002,
-1.00500000000001));
#135570=DIRECTION('',(2.13652445931442E-32,-9.79685083057902E-16,-1.));
#135580=DIRECTION('',(1.,-1.11724910631033E-15,1.11591752810515E-30));
#135590=AXIS2_PLACEMENT_3D('',#135560,#135570,#135580);
#135600=PLANE('',#135590);
#135610=ORIENTED_EDGE('',*,*,#123810,.T.);
#135620=CARTESIAN_POINT('',(-2.7895003253776,1.25533900000002,
-1.00500000000001));
#135630=DIRECTION('',(1.,1.22460635382237E-16,-9.86076131526265E-32));
#135640=VECTOR('',#135630,1.);
#135650=LINE('',#135620,#135640);
#135660=EDGE_CURVE('',#123740,#27520,#135650,.T.);
#135670=ORIENTED_EDGE('',*,*,#135660,.F.);
#135680=ORIENTED_EDGE('',*,*,#27750,.F.);
#135690=ORIENTED_EDGE('',*,*,#68010,.F.);
#135700=ORIENTED_EDGE('',*,*,#73090,.F.);
#135710=ORIENTED_EDGE('',*,*,#66100,.F.);
#135720=ORIENTED_EDGE('',*,*,#133650,.F.);
#135730=ORIENTED_EDGE('',*,*,#134800,.F.);
#135740=ORIENTED_EDGE('',*,*,#65850,.F.);
#135750=CARTESIAN_POINT('',(0.,1.32533899999994,-1.00500000000001));
#135760=DIRECTION('',(1.,1.63507259138096E-15,-1.4791141972894E-30));
#135770=VECTOR('',#135760,1.);
#135780=LINE('',#135750,#135770);
#135790=CARTESIAN_POINT('',(-3.76481194533165,1.32533899999994,
-1.00500000000001));
#135800=VERTEX_POINT('',#135790);
#135810=EDGE_CURVE('',#65780,#135800,#135780,.T.);
#135820=ORIENTED_EDGE('',*,*,#135810,.F.);
#135830=CARTESIAN_POINT('',(-3.82048958896017,1.17533900000002,
-1.00500000000001));
#135840=DIRECTION('',(2.99932144364427E-32,7.34763812293426E-16,1.));
#135850=DIRECTION('',(1.22460635382237E-16,-1.,7.34763812293426E-16));
#135860=AXIS2_PLACEMENT_3D('',#135830,#135840,#135850);
#135870=CIRCLE('',#135860,0.16);
#135880=EDGE_CURVE('',#135800,#116140,#135870,.T.);
#135890=ORIENTED_EDGE('',*,*,#135880,.F.);
#135900=ORIENTED_EDGE('',*,*,#116150,.T.);
#135910=EDGE_LOOP('',(#135900,#135890,#135820,#135740,#135730,#135720,
#135710,#135700,#135690,#135680,#135670,#135610));
#135920=FACE_OUTER_BOUND('',#135910,.T.);
#135930=ADVANCED_FACE('',(#135920),#135600,.T.);
#135940=CARTESIAN_POINT('',(-3.97048958896018,1.10533899999996,
-1.53000000000002));
#135950=DIRECTION('',(1.22460635382237E-16,-1.,7.34763812293426E-16));
#135960=DIRECTION('',(-5.11977682188428E-15,-7.34763812293427E-16,-1.));
#135970=AXIS2_PLACEMENT_3D('',#135940,#135950,#135960);
#135980=PLANE('',#135970);
#135990=ORIENTED_EDGE('',*,*,#45920,.T.);
#136000=CARTESIAN_POINT('',(0.,1.10533899999993,-1.65500000000002));
#136010=DIRECTION('',(1.,4.68706735088987E-15,-4.33873497871557E-30));
#136020=VECTOR('',#136010,1.);
#136030=LINE('',#136000,#136020);
#136040=EDGE_CURVE('',#45850,#91870,#136030,.T.);
#136050=ORIENTED_EDGE('',*,*,#136040,.F.);
#136060=ORIENTED_EDGE('',*,*,#91880,.F.);
#136070=ORIENTED_EDGE('',*,*,#96210,.T.);
#136080=EDGE_LOOP('',(#136070,#136060,#136050,#135990));
#136090=FACE_OUTER_BOUND('',#136080,.T.);
#136100=ADVANCED_FACE('',(#136090),#135980,.F.);
#136110=CARTESIAN_POINT('',(-3.97048958896016,1.16217151036778,
-5.53000000000002));
#136120=DIRECTION('',(-1.,1.43185159909298E-15,-7.34763812293427E-16));
#136130=DIRECTION('',(-1.43185159909298E-15,-1.,4.8984254152895E-16));
#136140=AXIS2_PLACEMENT_3D('',#136110,#136120,#136130);
#136150=PLANE('',#136140);
#136160=ORIENTED_EDGE('',*,*,#108130,.T.);
#136170=ORIENTED_EDGE('',*,*,#89980,.F.);
#136180=ORIENTED_EDGE('',*,*,#86430,.F.);
#136190=ORIENTED_EDGE('',*,*,#31010,.T.);
#136200=EDGE_LOOP('',(#136190,#136180,#136170,#136160));
#136210=FACE_OUTER_BOUND('',#136200,.T.);
#136220=ADVANCED_FACE('',(#136210),#136150,.T.);
#136230=CARTESIAN_POINT('',(-2.6493533754374,1.325339,0.500000000000005)
);
#136240=DIRECTION('',(-0.581238193719096,-0.813733471206735,
-8.54145582135175E-17));
#136250=DIRECTION('',(0.813733471206735,-0.581238193719096,
5.40958868685612E-16));
#136260=AXIS2_PLACEMENT_3D('',#136230,#136240,#136250);
#136270=CYLINDRICAL_SURFACE('',#136260,0.02);
#136280=ORIENTED_EDGE('',*,*,#94030,.F.);
#136290=ORIENTED_EDGE('',*,*,#19100,.T.);
#136300=ORIENTED_EDGE('',*,*,#129580,.F.);
#136310=ORIENTED_EDGE('',*,*,#39200,.F.);
#136320=ORIENTED_EDGE('',*,*,#129770,.T.);
#136330=EDGE_LOOP('',(#136320,#136310,#136300,#136290,#136280));
#136340=FACE_OUTER_BOUND('',#136330,.T.);
#136350=ADVANCED_FACE('',(#136340),#136270,.T.);
#136360=CARTESIAN_POINT('',(-4.25048958896017,1.31533900000002,
-2.60500000000002));
#136370=DIRECTION('',(-1.,-1.22460635382238E-16,-2.44921270764475E-16));
#136380=DIRECTION('',(1.22460635382238E-16,-1.,7.34763812293427E-16));
#136390=AXIS2_PLACEMENT_3D('',#136360,#136370,#136380);
#136400=PLANE('',#136390);
#136410=ORIENTED_EDGE('',*,*,#36740,.F.);
#136420=ORIENTED_EDGE('',*,*,#93460,.F.);
#136430=ORIENTED_EDGE('',*,*,#93000,.F.);
#136440=ORIENTED_EDGE('',*,*,#85030,.F.);
#136450=EDGE_LOOP('',(#136440,#136430,#136420,#136410));
#136460=FACE_OUTER_BOUND('',#136450,.T.);
#136470=ADVANCED_FACE('',(#136460),#136400,.T.);
#136480=CARTESIAN_POINT('',(-4.30048958896017,1.25533900000002,
-1.80500000000002));
#136490=DIRECTION('',(1.22460635382237E-16,-1.,9.79685083057902E-16));
#136500=DIRECTION('',(2.44921270764476E-16,-9.79685083057902E-16,-1.));
#136510=AXIS2_PLACEMENT_3D('',#136480,#136490,#136500);
#136520=PLANE('',#136510);
#136530=ORIENTED_EDGE('',*,*,#90520,.T.);
#136540=ORIENTED_EDGE('',*,*,#77090,.T.);
#136550=CARTESIAN_POINT('',(-2.7895003253776,1.25533900000002,
-1.65500000000002));
#136560=DIRECTION('',(1.,1.22460635382237E-16,-1.06826222965723E-32));
#136570=VECTOR('',#136560,1.);
#136580=LINE('',#136550,#136570);
#136590=EDGE_CURVE('',#77060,#47430,#136580,.T.);
#136600=ORIENTED_EDGE('',*,*,#136590,.F.);
#136610=ORIENTED_EDGE('',*,*,#47460,.F.);
#136620=EDGE_LOOP('',(#136610,#136600,#136540,#136530));
#136630=FACE_OUTER_BOUND('',#136620,.T.);
#136640=ADVANCED_FACE('',(#136630),#136520,.T.);
#136650=CARTESIAN_POINT('',(-2.55048958896018,1.16217151036779,
-3.53000000000001));
#136660=DIRECTION('',(1.,1.67677286985746E-15,4.8984254152895E-16));
#136670=DIRECTION('',(1.67677286985746E-15,-1.,7.34763812293427E-16));
#136680=AXIS2_PLACEMENT_3D('',#136650,#136660,#136670);
#136690=PLANE('',#136680);
#136700=ORIENTED_EDGE('',*,*,#87600,.T.);
#136710=ORIENTED_EDGE('',*,*,#48080,.F.);
#136720=ORIENTED_EDGE('',*,*,#134990,.F.);
#136730=ORIENTED_EDGE('',*,*,#98540,.F.);
#136740=EDGE_LOOP('',(#136730,#136720,#136710,#136700));
#136750=FACE_OUTER_BOUND('',#136740,.T.);
#136760=ADVANCED_FACE('',(#136750),#136690,.T.);
#136770=CARTESIAN_POINT('',(-2.55005725977674,1.30533899999996,
-4.85500000000002));
#136780=DIRECTION('',(6.09946190494249E-15,-4.89842541528943E-16,-1.));
#136790=DIRECTION('',(-1.,-1.31436849266552E-15,-6.09946190494249E-15));
#136800=AXIS2_PLACEMENT_3D('',#136770,#136780,#136790);
#136810=PLANE('',#136800);
#136820=CARTESIAN_POINT('',(-2.55048958896018,0.765930490838863,
-4.85500000000002));
#136830=DIRECTION('',(-1.67677286985746E-15,1.,-4.89842541528953E-16));
#136840=VECTOR('',#136830,1.);
#136850=LINE('',#136820,#136840);
#136860=EDGE_CURVE('',#64940,#97900,#136850,.T.);
#136870=ORIENTED_EDGE('',*,*,#136860,.T.);
#136880=ORIENTED_EDGE('',*,*,#64950,.T.);
#136890=ORIENTED_EDGE('',*,*,#60790,.T.);
#136900=ORIENTED_EDGE('',*,*,#105090,.T.);
#136910=ORIENTED_EDGE('',*,*,#118070,.T.);
#136920=ORIENTED_EDGE('',*,*,#113620,.T.);
#136930=ORIENTED_EDGE('',*,*,#113880,.T.);
#136940=CARTESIAN_POINT('',(0.,1.32533899999994,-4.855));
#136950=DIRECTION('',(1.,1.63507259138096E-15,6.09946190494249E-15));
#136960=VECTOR('',#136950,1.);
#136970=LINE('',#136940,#136960);
#136980=EDGE_CURVE('',#111310,#113810,#136970,.T.);
#136990=ORIENTED_EDGE('',*,*,#136980,.T.);
#137000=ORIENTED_EDGE('',*,*,#111320,.F.);
#137010=ORIENTED_EDGE('',*,*,#2660,.T.);
#137020=CARTESIAN_POINT('',(-2.27048958896017,0.125490534175955,
-4.85500000000001));
#137030=DIRECTION('',(-1.22460635382238E-16,1.,-4.89842541528951E-16));
#137040=VECTOR('',#137030,1.);
#137050=LINE('',#137020,#137040);
#137060=EDGE_CURVE('',#97880,#2570,#137050,.T.);
#137070=ORIENTED_EDGE('',*,*,#137060,.T.);
#137080=ORIENTED_EDGE('',*,*,#97910,.F.);
#137090=EDGE_LOOP('',(#137080,#137070,#137010,#137000,#136990,#136930,
#136920,#136910,#136900,#136890,#136880,#136870));
#137100=FACE_OUTER_BOUND('',#137090,.T.);
#137110=ADVANCED_FACE('',(#137100),#136810,.F.);
#137120=CARTESIAN_POINT('',(-2.55048958896018,1.10533899999996,
-0.730000000000014));
#137130=DIRECTION('',(1.22460635382237E-16,-1.,7.34763812293426E-16));
#137140=DIRECTION('',(5.11977682188428E-15,7.34763812293427E-16,1.));
#137150=AXIS2_PLACEMENT_3D('',#137120,#137130,#137140);
#137160=PLANE('',#137150);
#137170=ORIENTED_EDGE('',*,*,#70060,.F.);
#137180=ORIENTED_EDGE('',*,*,#58740,.F.);
#137190=ORIENTED_EDGE('',*,*,#55010,.T.);
#137200=ORIENTED_EDGE('',*,*,#102420,.F.);
#137210=EDGE_LOOP('',(#137200,#137190,#137180,#137170));
#137220=FACE_OUTER_BOUND('',#137210,.T.);
#137230=ADVANCED_FACE('',(#137220),#137160,.F.);
#137240=CARTESIAN_POINT('',(-3.82048958896017,1.17533900000002,
-5.60000000000002));
#137250=DIRECTION('',(2.99932144364427E-32,7.34763812293426E-16,1.));
#137260=DIRECTION('',(1.22460635382237E-16,-1.,7.34763812293426E-16));
#137270=AXIS2_PLACEMENT_3D('',#137240,#137250,#137260);
#137280=CYLINDRICAL_SURFACE('',#137270,0.16);
#137290=ORIENTED_EDGE('',*,*,#125510,.T.);
#137300=CARTESIAN_POINT('',(-3.76481194533164,1.32533899999993,
-5.60000000000002));
#137310=DIRECTION('',(2.99932144364427E-32,7.34763812293426E-16,1.));
#137320=VECTOR('',#137310,1.);
#137330=LINE('',#137300,#137320);
#137340=EDGE_CURVE('',#125410,#123490,#137330,.T.);
#137350=ORIENTED_EDGE('',*,*,#137340,.F.);
#137360=ORIENTED_EDGE('',*,*,#123500,.F.);
#137370=ORIENTED_EDGE('',*,*,#130660,.T.);
#137380=EDGE_LOOP('',(#137370,#137360,#137350,#137290));
#137390=FACE_OUTER_BOUND('',#137380,.T.);
#137400=ADVANCED_FACE('',(#137390),#137280,.T.);
#137410=CARTESIAN_POINT('',(-3.99048958896015,1.21923132381143,
0.0579980529558856));
#137420=DIRECTION('',(1.,1.63507259138096E-15,6.12303176911188E-16));
#137430=DIRECTION('',(1.63507259138096E-15,-1.,-3.70470842436745E-31));
#137440=AXIS2_PLACEMENT_3D('',#137410,#137420,#137430);
#137450=PLANE('',#137440);
#137460=CARTESIAN_POINT('',(-3.99048958896015,1.32533899999991,0.));
#137470=DIRECTION('',(-6.12303176911188E-16,1.08468374467889E-30,1.));
#137480=VECTOR('',#137470,1.);
#137490=LINE('',#137460,#137480);
#137500=CARTESIAN_POINT('',(-3.99048958896015,1.32533899999994,
0.355000000000001));
#137510=VERTEX_POINT('',#137500);
#137520=EDGE_CURVE('',#137510,#124670,#137490,.T.);
#137530=ORIENTED_EDGE('',*,*,#137520,.F.);
#137540=ORIENTED_EDGE('',*,*,#124830,.T.);
#137550=CARTESIAN_POINT('',(-3.99048958896014,0.740338999999995,
0.737002400000017));
#137560=DIRECTION('',(1.22460635382238E-15,2.00232028436594E-30,-1.));
#137570=VECTOR('',#137560,1.);
#137580=LINE('',#137550,#137570);
#137590=CARTESIAN_POINT('',(-3.99048958896015,0.740338999999998,
0.355000000000001));
#137600=VERTEX_POINT('',#137590);
#137610=EDGE_CURVE('',#94660,#137600,#137580,.T.);
#137620=ORIENTED_EDGE('',*,*,#137610,.F.);
#137630=CARTESIAN_POINT('',(-3.99048958896014,0.,0.355000000000001));
#137640=DIRECTION('',(-1.63507259138096E-15,1.,3.94430452610506E-31));
#137650=VECTOR('',#137640,1.);
#137660=LINE('',#137630,#137650);
#137670=EDGE_CURVE('',#137600,#137510,#137660,.T.);
#137680=ORIENTED_EDGE('',*,*,#137670,.F.);
#137690=EDGE_LOOP('',(#137680,#137620,#137540,#137530));
#137700=FACE_OUTER_BOUND('',#137690,.T.);
#137710=ADVANCED_FACE('',(#137700),#137450,.F.);
#137720=CARTESIAN_POINT('',(-3.92770335364905,1.23229734288807,
-0.0549999999999983));
#137730=DIRECTION('',(-2.44921270764475E-16,-4.11604145476716E-32,-1.));
#137740=DIRECTION('',(1.,2.44921270764475E-16,-2.44921270764475E-16));
#137750=AXIS2_PLACEMENT_3D('',#137720,#137730,#137740);
#137760=PLANE('',#137750);
#137770=ORIENTED_EDGE('',*,*,#3380,.T.);
#137780=ORIENTED_EDGE('',*,*,#14080,.T.);
#137790=ORIENTED_EDGE('',*,*,#19400,.T.);
#137800=ORIENTED_EDGE('',*,*,#11860,.T.);
#137810=CARTESIAN_POINT('',(0.,1.32533899999994,-0.0549999999999993));
#137820=DIRECTION('',(1.,1.63507259138096E-15,-2.44921270764475E-16));
#137830=VECTOR('',#137820,1.);
#137840=LINE('',#137810,#137830);
#137850=EDGE_CURVE('',#128440,#11760,#137840,.T.);
#137860=ORIENTED_EDGE('',*,*,#137850,.T.);
#137870=ORIENTED_EDGE('',*,*,#128450,.T.);
#137880=ORIENTED_EDGE('',*,*,#121340,.T.);
#137890=ORIENTED_EDGE('',*,*,#81830,.T.);
#137900=CARTESIAN_POINT('',(-3.94601943692069,0.,-0.0549999999999983));
#137910=DIRECTION('',(-0.0478051859951539,-0.998856678503963,
1.04083408558608E-17));
#137920=VECTOR('',#137910,1.);
#137930=LINE('',#137900,#137920);
#137940=EDGE_CURVE('',#134040,#81740,#137930,.T.);
#137950=ORIENTED_EDGE('',*,*,#137940,.T.);
#137960=ORIENTED_EDGE('',*,*,#134050,.T.);
#137970=ORIENTED_EDGE('',*,*,#15390,.T.);
#137980=CARTESIAN_POINT('',(-3.97048958896014,0.,-0.0549999999999983));
#137990=DIRECTION('',(3.14768454737968E-15,-1.,-7.88860905221012E-31));
#138000=VECTOR('',#137990,1.);
#138010=LINE('',#137980,#138000);
#138020=EDGE_CURVE('',#3370,#15300,#138010,.T.);
#138030=ORIENTED_EDGE('',*,*,#138020,.T.);
#138040=EDGE_LOOP('',(#138030,#137970,#137960,#137950,#137890,#137880,
#137870,#137860,#137800,#137790,#137780,#137770));
#138050=FACE_OUTER_BOUND('',#138040,.T.);
#138060=ADVANCED_FACE('',(#138050),#137760,.F.);
#138070=CARTESIAN_POINT('',(-3.89055325444502,1.15892796238875,
-1.58600153081906E-14));
#138080=DIRECTION('',(0.998856678503963,-0.0478051859951585,
3.4985508832348E-17));
#138090=DIRECTION('',(1.15684950262154E-17,9.73550805852666E-16,1.));
#138100=AXIS2_PLACEMENT_3D('',#138070,#138080,#138090);
#138110=PLANE('',#138100);
#138120=ORIENTED_EDGE('',*,*,#110250,.F.);
#138130=CARTESIAN_POINT('',(-3.89311801710755,1.10533899999992,0.));
#138140=DIRECTION('',(8.87616186065076E-16,7.57644454526943E-15,-1.));
#138150=VECTOR('',#138140,1.);
#138160=LINE('',#138130,#138150);
#138170=CARTESIAN_POINT('',(-3.89311801710755,1.10533899999992,-0.205));
#138180=VERTEX_POINT('',#138170);
#138190=EDGE_CURVE('',#138180,#110180,#138160,.T.);
#138200=ORIENTED_EDGE('',*,*,#138190,.T.);
#138210=CARTESIAN_POINT('',(-3.94601943692069,0.,-0.205));
#138220=DIRECTION('',(-0.0478051859951539,-0.998856678503963,
1.04083408558608E-17));
#138230=VECTOR('',#138220,1.);
#138240=LINE('',#138210,#138230);
#138250=EDGE_CURVE('',#108590,#138180,#138240,.T.);
#138260=ORIENTED_EDGE('',*,*,#138250,.T.);
#138270=ORIENTED_EDGE('',*,*,#108820,.T.);
#138280=EDGE_LOOP('',(#138270,#138260,#138200,#138120));
#138290=FACE_OUTER_BOUND('',#138280,.T.);
#138300=ADVANCED_FACE('',(#138290),#138110,.T.);
#138310=CARTESIAN_POINT('',(-2.55048958896018,1.16217151036779,
-0.730000000000013));
#138320=DIRECTION('',(1.,1.67677286985746E-15,4.8984254152895E-16));
#138330=DIRECTION('',(1.67677286985746E-15,-1.,7.34763812293427E-16));
#138340=AXIS2_PLACEMENT_3D('',#138310,#138320,#138330);
#138350=PLANE('',#138340);
#138360=ORIENTED_EDGE('',*,*,#69400,.T.);
#138370=ORIENTED_EDGE('',*,*,#106260,.F.);
#138380=ORIENTED_EDGE('',*,*,#66900,.F.);
#138390=ORIENTED_EDGE('',*,*,#102330,.F.);
#138400=EDGE_LOOP('',(#138390,#138380,#138370,#138360));
#138410=FACE_OUTER_BOUND('',#138400,.T.);
#138420=ADVANCED_FACE('',(#138410),#138350,.T.);
#138430=ORIENTED_EDGE('',*,*,#126080,.T.);
#138440=CARTESIAN_POINT('',(-2.73048958896012,0.,-5.40500000000001));
#138450=DIRECTION('',(-4.68706735088986E-15,1.,-4.89842541528952E-16));
#138460=VECTOR('',#138450,1.);
#138470=LINE('',#138440,#138460);
#138480=CARTESIAN_POINT('',(-2.73048958896013,1.32533899999994,
-5.40500000000001));
#138490=VERTEX_POINT('',#138480);
#138500=EDGE_CURVE('',#125990,#138490,#138470,.T.);
#138510=ORIENTED_EDGE('',*,*,#138500,.F.);
#138520=EDGE_CURVE('',#138490,#127490,#14390,.T.);
#138530=ORIENTED_EDGE('',*,*,#138520,.F.);
#138540=ORIENTED_EDGE('',*,*,#127500,.T.);
#138550=EDGE_LOOP('',(#138540,#138530,#138510,#138430));
#138560=FACE_OUTER_BOUND('',#138550,.T.);
#138570=ADVANCED_FACE('',(#138560),#14170,.T.);
#138580=CARTESIAN_POINT('',(-3.78520744137205,1.14217592229386,-0.205));
#138590=DIRECTION('',(-2.44921270764475E-16,-4.11604145476716E-32,-1.));
#138600=DIRECTION('',(1.,2.44921270764475E-16,-2.44921270764475E-16));
#138610=AXIS2_PLACEMENT_3D('',#138580,#138590,#138600);
#138620=PLANE('',#138610);
#138630=CARTESIAN_POINT('',(0.,1.32533899999994,-0.205000000000001));
#138640=DIRECTION('',(1.,1.63507259138096E-15,-2.44921270764475E-16));
#138650=VECTOR('',#138640,1.);
#138660=LINE('',#138630,#138650);
#138670=EDGE_CURVE('',#48950,#11660,#138660,.T.);
#138680=ORIENTED_EDGE('',*,*,#138670,.F.);
#138690=ORIENTED_EDGE('',*,*,#11690,.F.);
#138700=ORIENTED_EDGE('',*,*,#19470,.T.);
#138710=ORIENTED_EDGE('',*,*,#13940,.T.);
#138720=ORIENTED_EDGE('',*,*,#3220,.F.);
#138730=CARTESIAN_POINT('',(-3.97048958896014,0.,-0.205));
#138740=DIRECTION('',(3.14768454737968E-15,-1.,-7.88860905221012E-31));
#138750=VECTOR('',#138740,1.);
#138760=LINE('',#138730,#138750);
#138770=EDGE_CURVE('',#3210,#15200,#138760,.T.);
#138780=ORIENTED_EDGE('',*,*,#138770,.F.);
#138790=ORIENTED_EDGE('',*,*,#15230,.F.);
#138800=ORIENTED_EDGE('',*,*,#108600,.F.);
#138810=ORIENTED_EDGE('',*,*,#138250,.F.);
#138820=CARTESIAN_POINT('',(0.,1.10533899999993,-0.205000000000001));
#138830=DIRECTION('',(1.,4.68706735088987E-15,-2.44921270764475E-16));
#138840=VECTOR('',#138830,1.);
#138850=LINE('',#138820,#138840);
#138860=CARTESIAN_POINT('',(-3.84048958896013,1.10533899999992,-0.205));
#138870=VERTEX_POINT('',#138860);
#138880=EDGE_CURVE('',#138180,#138870,#138850,.T.);
#138890=ORIENTED_EDGE('',*,*,#138880,.F.);
#138900=CARTESIAN_POINT('',(-4.94582858896003,0.,-0.205));
#138910=DIRECTION('',(0.707106781186544,0.707106781186551,
-1.38777878078145E-16));
#138920=VECTOR('',#138910,1.);
#138930=LINE('',#138900,#138920);
#138940=EDGE_CURVE('',#138870,#49050,#138930,.T.);
#138950=ORIENTED_EDGE('',*,*,#138940,.F.);
#138960=ORIENTED_EDGE('',*,*,#49060,.F.);
#138970=EDGE_LOOP('',(#138960,#138950,#138890,#138810,#138800,#138790,
#138780,#138720,#138710,#138700,#138690,#138680));
#138980=FACE_OUTER_BOUND('',#138970,.T.);
#138990=ADVANCED_FACE('',(#138980),#138620,.T.);
#139000=CARTESIAN_POINT('',(-3.82048958896017,1.17533900000002,
-4.00000000000002));
#139010=DIRECTION('',(2.99932144364427E-32,7.34763812293426E-16,1.));
#139020=DIRECTION('',(1.22460635382237E-16,-1.,7.34763812293426E-16));
#139030=AXIS2_PLACEMENT_3D('',#139000,#139010,#139020);
#139040=CYLINDRICAL_SURFACE('',#139030,0.16);
#139050=ORIENTED_EDGE('',*,*,#26890,.T.);
#139060=CARTESIAN_POINT('',(-3.76481194533164,1.32533899999994,
-4.00000000000002));
#139070=DIRECTION('',(2.99932144364427E-32,7.34763812293426E-16,1.));
#139080=VECTOR('',#139070,1.);
#139090=LINE('',#139060,#139080);
#139100=EDGE_CURVE('',#26790,#88840,#139090,.T.);
#139110=ORIENTED_EDGE('',*,*,#139100,.F.);
#139120=ORIENTED_EDGE('',*,*,#88850,.F.);
#139130=CARTESIAN_POINT('',(-3.82048958896017,1.33533900000002,
-4.00000000000002));
#139140=DIRECTION('',(2.99932144364427E-32,7.34763812293426E-16,1.));
#139150=VECTOR('',#139140,1.);
#139160=LINE('',#139130,#139150);
#139170=EDGE_CURVE('',#26880,#88750,#139160,.T.);
#139180=ORIENTED_EDGE('',*,*,#139170,.T.);
#139190=EDGE_LOOP('',(#139180,#139120,#139110,#139050));
#139200=FACE_OUTER_BOUND('',#139190,.T.);
#139210=ADVANCED_FACE('',(#139200),#139040,.T.);
#139220=CARTESIAN_POINT('',(-4.25048958896017,1.31533900000002,
-1.40500000000002));
#139230=DIRECTION('',(-1.,-1.22460635382238E-16,-2.44921270764475E-16));
#139240=DIRECTION('',(1.22460635382238E-16,-1.,7.34763812293427E-16));
#139250=AXIS2_PLACEMENT_3D('',#139220,#139230,#139240);
#139260=PLANE('',#139250);
#139270=ORIENTED_EDGE('',*,*,#109090,.F.);
#139280=ORIENTED_EDGE('',*,*,#96000,.F.);
#139290=ORIENTED_EDGE('',*,*,#86740,.F.);
#139300=ORIENTED_EDGE('',*,*,#33320,.F.);
#139310=EDGE_LOOP('',(#139300,#139290,#139280,#139270));
#139320=FACE_OUTER_BOUND('',#139310,.T.);
#139330=ADVANCED_FACE('',(#139320),#139260,.T.);
#139340=CARTESIAN_POINT('',(-3.79048958896017,1.09533900000002,
-0.855000000000016));
#139350=DIRECTION('',(1.09290235449198E-31,-9.79685083057902E-16,-1.));
#139360=DIRECTION('',(1.,1.22460635382237E-16,-1.06826222965723E-32));
#139370=AXIS2_PLACEMENT_3D('',#139340,#139350,#139360);
#139380=PLANE('',#139370);
#139390=CARTESIAN_POINT('',(-4.94582858896003,0.,-0.855000000000015));
#139400=DIRECTION('',(0.707106781186544,0.707106781186551,
-6.93889390390723E-16));
#139410=VECTOR('',#139400,1.);
#139420=LINE('',#139390,#139410);
#139430=EDGE_CURVE('',#111560,#60490,#139420,.T.);
#139440=ORIENTED_EDGE('',*,*,#139430,.T.);
#139450=ORIENTED_EDGE('',*,*,#111570,.T.);
#139460=ORIENTED_EDGE('',*,*,#19820,.T.);
#139470=ORIENTED_EDGE('',*,*,#25280,.T.);
#139480=ORIENTED_EDGE('',*,*,#68080,.T.);
#139490=ORIENTED_EDGE('',*,*,#27610,.T.);
#139500=CARTESIAN_POINT('',(-2.7895003253776,1.25533900000002,
-0.855000000000016));
#139510=DIRECTION('',(1.,1.22460635382237E-16,-1.06826222965723E-32));
#139520=VECTOR('',#139510,1.);
#139530=LINE('',#139500,#139520);
#139540=EDGE_CURVE('',#123720,#27500,#139530,.T.);
#139550=ORIENTED_EDGE('',*,*,#139540,.T.);
#139560=ORIENTED_EDGE('',*,*,#123880,.T.);
#139570=ORIENTED_EDGE('',*,*,#115990,.T.);
#139580=CARTESIAN_POINT('',(-3.82048958896017,1.17533900000002,
-0.855000000000016));
#139590=DIRECTION('',(2.99932144364427E-32,7.34763812293426E-16,1.));
#139600=DIRECTION('',(1.22460635382237E-16,-1.,7.34763812293426E-16));
#139610=AXIS2_PLACEMENT_3D('',#139580,#139590,#139600);
#139620=CIRCLE('',#139610,0.16);
#139630=CARTESIAN_POINT('',(-3.76481194533165,1.32533899999994,
-0.855000000000016));
#139640=VERTEX_POINT('',#139630);
#139650=EDGE_CURVE('',#139640,#115960,#139620,.T.);
#139660=ORIENTED_EDGE('',*,*,#139650,.T.);
#139670=CARTESIAN_POINT('',(0.,1.32533899999994,-0.855000000000016));
#139680=DIRECTION('',(1.,1.63507259138096E-15,-1.28189897098414E-30));
#139690=VECTOR('',#139680,1.);
#139700=LINE('',#139670,#139690);
#139710=EDGE_CURVE('',#60570,#139640,#139700,.T.);
#139720=ORIENTED_EDGE('',*,*,#139710,.T.);
#139730=ORIENTED_EDGE('',*,*,#60580,.T.);
#139740=EDGE_LOOP('',(#139730,#139720,#139660,#139570,#139560,#139550,
#139490,#139480,#139470,#139460,#139450,#139440));
#139750=FACE_OUTER_BOUND('',#139740,.T.);
#139760=ADVANCED_FACE('',(#139750),#139380,.F.);
#139770=ORIENTED_EDGE('',*,*,#21680,.F.);
#139780=ORIENTED_EDGE('',*,*,#26470,.T.);
#139790=CARTESIAN_POINT('',(-3.97046178872531,1.16275237726836,0.));
#139800=DIRECTION('',(-4.77294443600546E-16,9.96947739777356E-16,1.));
#139810=VECTOR('',#139800,1.);
#139820=LINE('',#139790,#139810);
#139830=EDGE_CURVE('',#70290,#26400,#139820,.T.);
#139840=ORIENTED_EDGE('',*,*,#139830,.T.);
#139850=ORIENTED_EDGE('',*,*,#70300,.F.);
#139860=EDGE_LOOP('',(#139850,#139840,#139780,#139770));
#139870=FACE_OUTER_BOUND('',#139860,.T.);
#139880=ADVANCED_FACE('',(#139870),#74800,.T.);
#139890=CARTESIAN_POINT('',(-2.55048958896018,1.16217151036779,
-1.13000000000001));
#139900=DIRECTION('',(1.,1.67677286985746E-15,4.8984254152895E-16));
#139910=DIRECTION('',(1.67677286985746E-15,-1.,7.34763812293427E-16));
#139920=AXIS2_PLACEMENT_3D('',#139890,#139900,#139910);
#139930=PLANE('',#139920);
#139940=CARTESIAN_POINT('',(-2.55048958896018,1.25533900000001,0.));
#139950=DIRECTION('',(-4.89842541528951E-16,4.89842541528951E-16,1.));
#139960=VECTOR('',#139950,1.);
#139970=LINE('',#139940,#139960);
#139980=EDGE_CURVE('',#132260,#18020,#139970,.T.);
#139990=ORIENTED_EDGE('',*,*,#139980,.T.);
#140000=ORIENTED_EDGE('',*,*,#132660,.F.);
#140010=ORIENTED_EDGE('',*,*,#80760,.F.);
#140020=ORIENTED_EDGE('',*,*,#18110,.F.);
#140030=EDGE_LOOP('',(#140020,#140010,#140000,#139990));
#140040=FACE_OUTER_BOUND('',#140030,.T.);
#140050=ADVANCED_FACE('',(#140040),#139930,.T.);
#140060=CARTESIAN_POINT('',(-3.81548958896018,1.13033899999996,
-0.79250000000002));
#140070=DIRECTION('',(0.707106781186548,-0.707106781186547,
-3.10067243467293E-15));
#140080=DIRECTION('',(-0.707106781186547,-0.707106781186548,
4.09841663812382E-15));
#140090=AXIS2_PLACEMENT_3D('',#140060,#140070,#140080);
#140100=PLANE('',#140090);
#140110=ORIENTED_EDGE('',*,*,#60500,.T.);
#140120=ORIENTED_EDGE('',*,*,#51160,.T.);
#140130=ORIENTED_EDGE('',*,*,#111630,.T.);
#140140=ORIENTED_EDGE('',*,*,#139430,.F.);
#140150=EDGE_LOOP('',(#140140,#140130,#140120,#140110));
#140160=FACE_OUTER_BOUND('',#140150,.T.);
#140170=ADVANCED_FACE('',(#140160),#140100,.F.);
#140180=CARTESIAN_POINT('',(-2.55048958896018,1.16217151036779,
-4.73000000000001));
#140190=DIRECTION('',(1.,1.67677286985746E-15,4.8984254152895E-16));
#140200=DIRECTION('',(1.67677286985746E-15,-1.,7.34763812293427E-16));
#140210=AXIS2_PLACEMENT_3D('',#140180,#140190,#140200);
#140220=PLANE('',#140210);
#140230=ORIENTED_EDGE('',*,*,#98040,.T.);
#140240=ORIENTED_EDGE('',*,*,#54290,.F.);
#140250=ORIENTED_EDGE('',*,*,#65010,.F.);
#140260=ORIENTED_EDGE('',*,*,#136860,.F.);
#140270=EDGE_LOOP('',(#140260,#140250,#140240,#140230));
#140280=FACE_OUTER_BOUND('',#140270,.T.);
#140290=ADVANCED_FACE('',(#140280),#140220,.T.);
#140300=CARTESIAN_POINT('',(-2.70048958896017,1.17533900000001,
-1.46000000000002));
#140310=DIRECTION('',(2.44921270764476E-16,-7.34763812293426E-16,-1.));
#140320=DIRECTION('',(1.22460635382238E-16,-1.,7.34763812293426E-16));
#140330=AXIS2_PLACEMENT_3D('',#140300,#140310,#140320);
#140340=CYLINDRICAL_SURFACE('',#140330,0.16);
#140350=ORIENTED_EDGE('',*,*,#18760,.T.);
#140360=CARTESIAN_POINT('',(-2.75616723258866,1.32533899999994,
-1.46000000000002));
#140370=DIRECTION('',(2.44921270764476E-16,-7.34763812293426E-16,-1.));
#140380=VECTOR('',#140370,1.);
#140390=LINE('',#140360,#140380);
#140400=EDGE_CURVE('',#18660,#132420,#140390,.T.);
#140410=ORIENTED_EDGE('',*,*,#140400,.F.);
#140420=ORIENTED_EDGE('',*,*,#132430,.F.);
#140430=ORIENTED_EDGE('',*,*,#32580,.T.);
#140440=EDGE_LOOP('',(#140430,#140420,#140410,#140350));
#140450=FACE_OUTER_BOUND('',#140440,.T.);
#140460=ADVANCED_FACE('',(#140450),#140340,.T.);
#140470=ORIENTED_EDGE('',*,*,#118200,.T.);
#140480=ORIENTED_EDGE('',*,*,#34110,.F.);
#140490=ORIENTED_EDGE('',*,*,#37120,.F.);
#140500=ORIENTED_EDGE('',*,*,#42000,.T.);
#140510=EDGE_LOOP('',(#140500,#140490,#140480,#140470));
#140520=FACE_OUTER_BOUND('',#140510,.T.);
#140530=ADVANCED_FACE('',(#140520),#93870,.F.);
#140540=CARTESIAN_POINT('',(-3.82048958896017,1.17533900000002,
-0.800000000000016));
#140550=DIRECTION('',(2.99932144364427E-32,7.34763812293426E-16,1.));
#140560=DIRECTION('',(1.22460635382237E-16,-1.,7.34763812293426E-16));
#140570=AXIS2_PLACEMENT_3D('',#140540,#140550,#140560);
#140580=CYLINDRICAL_SURFACE('',#140570,0.16);
#140590=ORIENTED_EDGE('',*,*,#135880,.T.);
#140600=CARTESIAN_POINT('',(-3.76481194533165,1.32533899999994,
-0.800000000000016));
#140610=DIRECTION('',(2.99932144364427E-32,7.34763812293426E-16,1.));
#140620=VECTOR('',#140610,1.);
#140630=LINE('',#140600,#140620);
#140640=EDGE_CURVE('',#135800,#139640,#140630,.T.);
#140650=ORIENTED_EDGE('',*,*,#140640,.F.);
#140660=ORIENTED_EDGE('',*,*,#139650,.F.);
#140670=ORIENTED_EDGE('',*,*,#116210,.T.);
#140680=EDGE_LOOP('',(#140670,#140660,#140650,#140590));
#140690=FACE_OUTER_BOUND('',#140680,.T.);
#140700=ADVANCED_FACE('',(#140690),#140580,.T.);
#140710=CARTESIAN_POINT('',(-4.30048958896017,1.25533900000002,
-3.40500000000002));
#140720=DIRECTION('',(1.22460635382237E-16,-1.,9.79685083057902E-16));
#140730=DIRECTION('',(2.44921270764476E-16,-9.79685083057902E-16,-1.));
#140740=AXIS2_PLACEMENT_3D('',#140710,#140720,#140730);
#140750=PLANE('',#140740);
#140760=ORIENTED_EDGE('',*,*,#120290,.T.);
#140770=ORIENTED_EDGE('',*,*,#113030,.T.);
#140780=ORIENTED_EDGE('',*,*,#51970,.F.);
#140790=CARTESIAN_POINT('',(-3.97048958896016,1.25533900000002,0.));
#140800=DIRECTION('',(7.34763812293426E-16,-9.79685083057902E-16,-1.));
#140810=VECTOR('',#140800,1.);
#140820=LINE('',#140790,#140810);
#140830=EDGE_CURVE('',#51880,#120280,#140820,.T.);
#140840=ORIENTED_EDGE('',*,*,#140830,.F.);
#140850=EDGE_LOOP('',(#140840,#140780,#140770,#140760));
#140860=FACE_OUTER_BOUND('',#140850,.T.);
#140870=ADVANCED_FACE('',(#140860),#140750,.T.);
#140880=CARTESIAN_POINT('',(-3.74048958896017,1.09533900000002,
-3.00500000000001));
#140890=DIRECTION('',(2.13652445931442E-32,-9.79685083057902E-16,-1.));
#140900=DIRECTION('',(1.,-1.11724910631033E-15,1.11591752810515E-30));
#140910=AXIS2_PLACEMENT_3D('',#140880,#140890,#140900);
#140920=PLANE('',#140910);
#140930=CARTESIAN_POINT('',(-4.25048958896017,0.125490534175961,
-3.00500000000001));
#140940=DIRECTION('',(-1.22460635382237E-16,1.,-9.79685083057902E-16));
#140950=VECTOR('',#140940,1.);
#140960=LINE('',#140930,#140950);
#140970=EDGE_CURVE('',#100740,#49810,#140960,.T.);
#140980=ORIENTED_EDGE('',*,*,#140970,.T.);
#140990=ORIENTED_EDGE('',*,*,#100750,.F.);
#141000=ORIENTED_EDGE('',*,*,#27350,.F.);
#141010=ORIENTED_EDGE('',*,*,#94890,.F.);
#141020=ORIENTED_EDGE('',*,*,#122700,.F.);
#141030=ORIENTED_EDGE('',*,*,#74090,.F.);
#141040=ORIENTED_EDGE('',*,*,#75550,.F.);
#141050=ORIENTED_EDGE('',*,*,#25930,.F.);
#141060=ORIENTED_EDGE('',*,*,#110650,.F.);
#141070=CARTESIAN_POINT('',(0.,1.32533899999994,-3.00500000000001));
#141080=DIRECTION('',(1.,1.63507259138096E-15,-1.4791141972894E-30));
#141090=VECTOR('',#141080,1.);
#141100=LINE('',#141070,#141090);
#141110=EDGE_CURVE('',#110580,#50120,#141100,.T.);
#141120=ORIENTED_EDGE('',*,*,#141110,.F.);
#141130=ORIENTED_EDGE('',*,*,#50130,.F.);
#141140=ORIENTED_EDGE('',*,*,#49900,.T.);
#141150=EDGE_LOOP('',(#141140,#141130,#141120,#141060,#141050,#141040,
#141030,#141020,#141010,#141000,#140990,#140980));
#141160=FACE_OUTER_BOUND('',#141150,.T.);
#141170=ADVANCED_FACE('',(#141160),#140920,.T.);
#141180=CARTESIAN_POINT('',(-2.86048958896014,1.08136225267043,
0.540000000000004));
#141190=DIRECTION('',(4.89842541528951E-16,-2.44921270764476E-16,-1.));
#141200=DIRECTION('',(-1.,0.,0.));
#141210=AXIS2_PLACEMENT_3D('',#141180,#141190,#141200);
#141220=TOROIDAL_SURFACE('',#141210,0.0300000000000002,0.02);
#141230=ORIENTED_EDGE('',*,*,#14980,.F.);
#141240=ORIENTED_EDGE('',*,*,#34500,.T.);
#141250=ORIENTED_EDGE('',*,*,#94260,.F.);
#141260=EDGE_LOOP('',(#141250,#141240,#141230));
#141270=FACE_OUTER_BOUND('',#141260,.T.);
#141280=ADVANCED_FACE('',(#141270),#141220,.T.);
#141290=CARTESIAN_POINT('',(-2.73048958896017,1.09533900000001,
-4.60500000000001));
#141300=DIRECTION('',(-2.44921270764476E-16,4.89842541528951E-16,1.));
#141310=DIRECTION('',(-1.,-1.22460635382238E-16,-2.44921270764476E-16));
#141320=AXIS2_PLACEMENT_3D('',#141290,#141300,#141310);
#141330=PLANE('',#141320);
#141340=ORIENTED_EDGE('',*,*,#4460,.T.);
#141350=ORIENTED_EDGE('',*,*,#13770,.T.);
#141360=ORIENTED_EDGE('',*,*,#33790,.T.);
#141370=ORIENTED_EDGE('',*,*,#118680,.T.);
#141380=CARTESIAN_POINT('',(0.,1.32533899999994,-4.60500000000001));
#141390=DIRECTION('',(-1.,-1.63507259138096E-15,-2.44921270764475E-16));
#141400=VECTOR('',#141390,1.);
#141410=LINE('',#141380,#141400);
#141420=EDGE_CURVE('',#113790,#118600,#141410,.T.);
#141430=ORIENTED_EDGE('',*,*,#141420,.T.);
#141440=ORIENTED_EDGE('',*,*,#113950,.T.);
#141450=ORIENTED_EDGE('',*,*,#113460,.T.);
#141460=ORIENTED_EDGE('',*,*,#118000,.T.);
#141470=ORIENTED_EDGE('',*,*,#105180,.T.);
#141480=ORIENTED_EDGE('',*,*,#60910,.T.);
#141490=ORIENTED_EDGE('',*,*,#99470,.T.);
#141500=ORIENTED_EDGE('',*,*,#114850,.T.);
#141510=EDGE_LOOP('',(#141500,#141490,#141480,#141470,#141460,#141450,
#141440,#141430,#141370,#141360,#141350,#141340));
#141520=FACE_OUTER_BOUND('',#141510,.T.);
#141530=ADVANCED_FACE('',(#141520),#141330,.F.);
#141540=CARTESIAN_POINT('',(-2.70048958896017,1.17533900000001,
-3.46000000000002));
#141550=DIRECTION('',(2.44921270764476E-16,-7.34763812293426E-16,-1.));
#141560=DIRECTION('',(1.22460635382238E-16,-1.,7.34763812293426E-16));
#141570=AXIS2_PLACEMENT_3D('',#141540,#141550,#141560);
#141580=CYLINDRICAL_SURFACE('',#141570,0.16);
#141590=ORIENTED_EDGE('',*,*,#110900,.T.);
#141600=CARTESIAN_POINT('',(-2.75616723258867,1.32533899999994,
-3.46000000000002));
#141610=DIRECTION('',(2.44921270764476E-16,-7.34763812293426E-16,-1.));
#141620=VECTOR('',#141610,1.);
#141630=LINE('',#141600,#141620);
#141640=EDGE_CURVE('',#110800,#135360,#141630,.T.);
#141650=ORIENTED_EDGE('',*,*,#141640,.F.);
#141660=ORIENTED_EDGE('',*,*,#135370,.F.);
#141670=CARTESIAN_POINT('',(-2.70048958896017,1.33533900000001,
-3.46000000000002));
#141680=DIRECTION('',(2.44921270764476E-16,-7.34763812293426E-16,-1.));
#141690=VECTOR('',#141680,1.);
#141700=LINE('',#141670,#141690);
#141710=EDGE_CURVE('',#110890,#135270,#141700,.T.);
#141720=ORIENTED_EDGE('',*,*,#141710,.T.);
#141730=EDGE_LOOP('',(#141720,#141660,#141650,#141590));
#141740=FACE_OUTER_BOUND('',#141730,.T.);
#141750=ADVANCED_FACE('',(#141740),#141580,.T.);
#141760=CARTESIAN_POINT('',(-2.57341220317929,1.16165663364027,
-0.525190262332751));
#141770=DIRECTION('',(-0.0478051859951587,0.998856678503963,
-5.06565230622445E-16));
#141780=DIRECTION('',(-0.998856678503963,-0.0478051859951587,
-4.5418042979937E-16));
#141790=AXIS2_PLACEMENT_3D('',#141760,#141770,#141780);
#141800=PLANE('',#141790);
#141810=ORIENTED_EDGE('',*,*,#57970,.F.);
#141820=EDGE_CURVE('',#57900,#7380,#10270,.T.);
#141830=ORIENTED_EDGE('',*,*,#141820,.F.);
#141840=ORIENTED_EDGE('',*,*,#7390,.T.);
#141850=ORIENTED_EDGE('',*,*,#5320,.T.);
#141860=EDGE_LOOP('',(#141850,#141840,#141830,#141810));
#141870=FACE_OUTER_BOUND('',#141860,.T.);
#141880=ADVANCED_FACE('',(#141870),#141800,.T.);
#141890=CARTESIAN_POINT('',(-2.86048958896031,1.115339,0.140000000000065
));
#141900=DIRECTION('',(-1.,2.44921270764474E-16,-4.89842541528951E-16));
#141910=DIRECTION('',(2.44921270764474E-16,1.,-7.34763812293426E-16));
#141920=AXIS2_PLACEMENT_3D('',#141890,#141900,#141910);
#141930=PLANE('',#141920);
#141940=CARTESIAN_POINT('',(-2.8604895889603,3.09681793725154E-15,
-6.00000000000002));
#141950=DIRECTION('',(-2.44921270764474E-16,-1.,-7.40667078142895E-16));
#141960=VECTOR('',#141950,1.);
#141970=LINE('',#141940,#141960);
#141980=CARTESIAN_POINT('',(-2.86048958896023,0.740339000000036,
-5.99999999999988));
#141990=VERTEX_POINT('',#141980);
#142000=EDGE_CURVE('',#81240,#141990,#141970,.T.);
#142010=ORIENTED_EDGE('',*,*,#142000,.T.);
#142020=ORIENTED_EDGE('',*,*,#81250,.T.);
#142030=ORIENTED_EDGE('',*,*,#8830,.F.);
#142040=CARTESIAN_POINT('',(-2.86048958896016,0.740339000000046,
0.140000000000065));
#142050=DIRECTION('',(4.89842541528951E-16,-7.34763812293426E-16,-1.));
#142060=VECTOR('',#142050,1.);
#142070=LINE('',#142040,#142060);
#142080=EDGE_CURVE('',#8740,#141990,#142070,.T.);
#142090=ORIENTED_EDGE('',*,*,#142080,.F.);
#142100=EDGE_LOOP('',(#142090,#142030,#142020,#142010));
#142110=FACE_OUTER_BOUND('',#142100,.T.);
#142120=ADVANCED_FACE('',(#142110),#141930,.T.);
#142130=CARTESIAN_POINT('',(-2.73048958896013,1.15533899999994,
2.14000000000007));
#142140=DIRECTION('',(1.,4.68706735088986E-15,4.89842541528948E-16));
#142150=DIRECTION('',(4.68706735088986E-15,-1.,7.34763812293428E-16));
#142160=AXIS2_PLACEMENT_3D('',#142130,#142140,#142150);
#142170=PLANE('',#142160);
#142180=CARTESIAN_POINT('',(-2.73048958896019,1.32533899999997,
-5.85999999999999));
#142190=DIRECTION('',(5.97700126955995E-15,1.54840896862578E-15,1.));
#142200=VECTOR('',#142190,1.);
#142210=LINE('',#142180,#142200);
#142220=CARTESIAN_POINT('',(-2.73048958896013,1.32533899999996,
-5.80500000000001));
#142230=VERTEX_POINT('',#142220);
#142240=EDGE_CURVE('',#126590,#142230,#142210,.T.);
#142250=ORIENTED_EDGE('',*,*,#142240,.T.);
#142260=ORIENTED_EDGE('',*,*,#127070,.T.);
#142270=ORIENTED_EDGE('',*,*,#117390,.T.);
#142280=CARTESIAN_POINT('',(-2.73048958896012,0.,-5.80500000000001));
#142290=DIRECTION('',(-4.68706735088986E-15,1.,-4.89842541528952E-16));
#142300=VECTOR('',#142290,1.);
#142310=LINE('',#142280,#142300);
#142320=EDGE_CURVE('',#117360,#142230,#142310,.T.);
#142330=ORIENTED_EDGE('',*,*,#142320,.F.);
#142340=EDGE_LOOP('',(#142330,#142270,#142260,#142250));
#142350=FACE_OUTER_BOUND('',#142340,.T.);
#142360=ADVANCED_FACE('',(#142350),#142170,.T.);
#142370=CARTESIAN_POINT('',(-3.63475869419555,1.045339,0.540000000000004
));
#142380=DIRECTION('',(-4.89842541528951E-16,2.44921270764476E-16,1.));
#142390=DIRECTION('',(1.,0.,0.));
#142400=AXIS2_PLACEMENT_3D('',#142370,#142380,#142390);
#142410=TOROIDAL_SURFACE('',#142400,0.0300000000000002,0.02);
#142420=CARTESIAN_POINT('',(-3.65917069833175,1.02790185418843,
0.540000000000004));
#142430=DIRECTION('',(0.581238193719096,-0.813733471206735,
4.840158298766E-16));
#142440=DIRECTION('',(0.813733471206735,0.581238193719096,
2.56243674640553E-16));
#142450=AXIS2_PLACEMENT_3D('',#142420,#142430,#142440);
#142460=CIRCLE('',#142450,0.02);
#142470=EDGE_CURVE('',#43200,#40350,#142460,.T.);
#142480=ORIENTED_EDGE('',*,*,#142470,.T.);
#142490=ORIENTED_EDGE('',*,*,#43210,.F.);
#142500=ORIENTED_EDGE('',*,*,#112720,.F.);
#142510=ORIENTED_EDGE('',*,*,#131400,.T.);
#142520=EDGE_LOOP('',(#142510,#142500,#142490,#142480));
#142530=FACE_OUTER_BOUND('',#142520,.T.);
#142540=ADVANCED_FACE('',(#142530),#142410,.T.);
#142550=CARTESIAN_POINT('',(-3.79048958896015,1.305339,0.639999999999999
));
#142560=DIRECTION('',(7.34763812293425E-16,-2.44921270764475E-16,-1.));
#142570=DIRECTION('',(1.,3.02522391199744E-15,7.34763812293424E-16));
#142580=AXIS2_PLACEMENT_3D('',#142550,#142560,#142570);
#142590=PLANE('',#142580);
#142600=CARTESIAN_POINT('',(0.,1.32533899999992,0.640000000000002));
#142610=DIRECTION('',(1.,1.63507259138096E-15,7.34763812293425E-16));
#142620=VECTOR('',#142610,1.);
#142630=LINE('',#142600,#142620);
#142640=CARTESIAN_POINT('',(-3.69048958896015,1.32533899999994,0.64));
#142650=VERTEX_POINT('',#142640);
#142660=EDGE_CURVE('',#124690,#142650,#142630,.T.);
#142670=ORIENTED_EDGE('',*,*,#142660,.F.);
#142680=CARTESIAN_POINT('',(-2.89528618896024,0.,0.640000000000001));
#142690=DIRECTION('',(0.514495755427501,-0.857492925712559,
6.10622663543836E-16));
#142700=VECTOR('',#142690,1.);
#142710=LINE('',#142680,#142700);
#142720=EDGE_CURVE('',#142650,#112500,#142710,.T.);
#142730=ORIENTED_EDGE('',*,*,#142720,.F.);
#142740=ORIENTED_EDGE('',*,*,#112510,.T.);
#142750=ORIENTED_EDGE('',*,*,#131820,.F.);
#142760=ORIENTED_EDGE('',*,*,#75900,.T.);
#142770=CARTESIAN_POINT('',(-3.37048958896015,0.740339000000001,0.64));
#142780=DIRECTION('',(-1.,-3.27014518276192E-15,-1.46952762458685E-15));
#142790=VECTOR('',#142780,1.);
#142800=LINE('',#142770,#142790);
#142810=EDGE_CURVE('',#75810,#94450,#142800,.T.);
#142820=ORIENTED_EDGE('',*,*,#142810,.F.);
#142830=ORIENTED_EDGE('',*,*,#124760,.T.);
#142840=EDGE_LOOP('',(#142830,#142820,#142760,#142750,#142740,#142730,
#142670));
#142850=FACE_OUTER_BOUND('',#142840,.T.);
#142860=ADVANCED_FACE('',(#142850),#142590,.F.);
#142870=CARTESIAN_POINT('',(-3.8919650229986,1.1294300236422,
-4.78319446435686));
#142880=DIRECTION('',(-0.998856678503963,0.0478051859951585,
-5.24408014730746E-16));
#142890=DIRECTION('',(-0.0478051859951585,-0.998856678503963,
7.10506727226188E-16));
#142900=AXIS2_PLACEMENT_3D('',#142870,#142880,#142890);
#142910=PLANE('',#142900);
#142920=ORIENTED_EDGE('',*,*,#116880,.F.);
#142930=ORIENTED_EDGE('',*,*,#55570,.F.);
#142940=ORIENTED_EDGE('',*,*,#114290,.T.);
#142950=ORIENTED_EDGE('',*,*,#75070,.F.);
#142960=EDGE_LOOP('',(#142950,#142940,#142930,#142920));
#142970=FACE_OUTER_BOUND('',#142960,.T.);
#142980=ADVANCED_FACE('',(#142970),#142910,.F.);
#142990=CARTESIAN_POINT('',(-3.89448761140625,1.10533899999992,
-0.205000000000026));
#143000=DIRECTION('',(-9.94050498942536E-15,1.,7.57644454526942E-15));
#143010=DIRECTION('',(8.26948102009012E-15,-7.57644454526934E-15,1.));
#143020=AXIS2_PLACEMENT_3D('',#142990,#143000,#143010);
#143030=PLANE('',#143020);
#143040=ORIENTED_EDGE('',*,*,#110190,.F.);
#143050=CARTESIAN_POINT('',(-3.84048958896013,1.10533899999992,0.));
#143060=DIRECTION('',(1.33085245440648E-14,7.3476381229349E-16,1.));
#143070=VECTOR('',#143060,1.);
#143080=LINE('',#143050,#143070);
#143090=EDGE_CURVE('',#110100,#138870,#143080,.T.);
#143100=ORIENTED_EDGE('',*,*,#143090,.F.);
#143110=ORIENTED_EDGE('',*,*,#138880,.T.);
#143120=ORIENTED_EDGE('',*,*,#138190,.F.);
#143130=EDGE_LOOP('',(#143120,#143110,#143100,#143040));
#143140=FACE_OUTER_BOUND('',#143130,.T.);
#143150=ADVANCED_FACE('',(#143140),#143030,.T.);
#143160=CARTESIAN_POINT('',(-2.62860368742196,1.12085358585773,
-1.45277578828196));
#143170=DIRECTION('',(0.998856678503963,0.0478051859951587,
1.30871091490535E-16));
#143180=DIRECTION('',(-0.0478051859951587,0.998856678503963,
-7.57340754838453E-16));
#143190=AXIS2_PLACEMENT_3D('',#143160,#143170,#143180);
#143200=PLANE('',#143190);
#143210=ORIENTED_EDGE('',*,*,#18350,.T.);
#143220=ORIENTED_EDGE('',*,*,#129990,.F.);
#143230=ORIENTED_EDGE('',*,*,#106130,.F.);
#143240=ORIENTED_EDGE('',*,*,#76760,.T.);
#143250=EDGE_LOOP('',(#143240,#143230,#143220,#143210));
#143260=FACE_OUTER_BOUND('',#143250,.T.);
#143270=ADVANCED_FACE('',(#143260),#143200,.F.);
#143280=CARTESIAN_POINT('',(-4.30048958896017,1.33533900000002,
-4.05500000000002));
#143290=DIRECTION('',(-1.22460635382238E-16,1.,-7.34763812293426E-16));
#143300=DIRECTION('',(-2.44921270764476E-16,7.34763812293426E-16,1.));
#143310=AXIS2_PLACEMENT_3D('',#143280,#143290,#143300);
#143320=PLANE('',#143310);
#143330=ORIENTED_EDGE('',*,*,#88760,.F.);
#143340=ORIENTED_EDGE('',*,*,#83410,.T.);
#143350=ORIENTED_EDGE('',*,*,#26950,.F.);
#143360=ORIENTED_EDGE('',*,*,#139170,.F.);
#143370=EDGE_LOOP('',(#143360,#143350,#143340,#143330));
#143380=FACE_OUTER_BOUND('',#143370,.T.);
#143390=ADVANCED_FACE('',(#143380),#143320,.T.);
#143400=CARTESIAN_POINT('',(-3.67548958896015,1.30033899999993,
0.614999999999983));
#143410=DIRECTION('',(-0.857492925712559,-0.514495755427501,
-2.01650995800529E-16));
#143420=DIRECTION('',(-0.514495755427501,0.857492925712559,0.));
#143430=AXIS2_PLACEMENT_3D('',#143400,#143410,#143420);
#143440=PLANE('',#143430);
#143450=ORIENTED_EDGE('',*,*,#142720,.T.);
#143460=CARTESIAN_POINT('',(-3.69048958896015,1.32533899999994,0.));
#143470=DIRECTION('',(2.35163451212104E-16,-1.69617993383748E-30,-1.));
#143480=VECTOR('',#143470,1.);
#143490=LINE('',#143460,#143480);
#143500=EDGE_CURVE('',#142650,#131170,#143490,.T.);
#143510=ORIENTED_EDGE('',*,*,#143500,.F.);
#143520=ORIENTED_EDGE('',*,*,#131180,.F.);
#143530=ORIENTED_EDGE('',*,*,#112570,.F.);
#143540=EDGE_LOOP('',(#143530,#143520,#143510,#143450));
#143550=FACE_OUTER_BOUND('',#143540,.T.);
#143560=ADVANCED_FACE('',(#143550),#143440,.F.);
#143570=CARTESIAN_POINT('',(-2.73048958896017,1.09533900000001,
-5.40500000000001));
#143580=DIRECTION('',(-2.44921270764476E-16,4.89842541528951E-16,1.));
#143590=DIRECTION('',(-1.,-1.22460635382238E-16,-2.44921270764476E-16));
#143600=AXIS2_PLACEMENT_3D('',#143570,#143580,#143590);
#143610=PLANE('',#143600);
#143620=ORIENTED_EDGE('',*,*,#126000,.T.);
#143630=ORIENTED_EDGE('',*,*,#126370,.T.);
#143640=ORIENTED_EDGE('',*,*,#25530,.T.);
#143650=ORIENTED_EDGE('',*,*,#20180,.T.);
#143660=ORIENTED_EDGE('',*,*,#109560,.T.);
#143670=ORIENTED_EDGE('',*,*,#20900,.T.);
#143680=ORIENTED_EDGE('',*,*,#133400,.T.);
#143690=ORIENTED_EDGE('',*,*,#56700,.T.);
#143700=CARTESIAN_POINT('',(-3.73147885254274,1.33533900000001,
-5.40500000000001));
#143710=DIRECTION('',(1.,1.22460635382238E-16,2.44921270764476E-16));
#143720=VECTOR('',#143710,1.);
#143730=LINE('',#143700,#143720);
#143740=EDGE_CURVE('',#69750,#56630,#143730,.T.);
#143750=ORIENTED_EDGE('',*,*,#143740,.T.);
#143760=ORIENTED_EDGE('',*,*,#69760,.T.);
#143770=CARTESIAN_POINT('',(0.,1.32533899999994,-5.40500000000001));
#143780=DIRECTION('',(-1.,-1.63507259138096E-15,-2.44921270764475E-16));
#143790=VECTOR('',#143780,1.);
#143800=LINE('',#143770,#143790);
#143810=EDGE_CURVE('',#138490,#69660,#143800,.T.);
#143820=ORIENTED_EDGE('',*,*,#143810,.T.);
#143830=ORIENTED_EDGE('',*,*,#138500,.T.);
#143840=EDGE_LOOP('',(#143830,#143820,#143760,#143750,#143690,#143680,
#143670,#143660,#143650,#143640,#143630,#143620));
#143850=FACE_OUTER_BOUND('',#143840,.T.);
#143860=ADVANCED_FACE('',(#143850),#143610,.F.);
#143870=ORIENTED_EDGE('',*,*,#116580,.T.);
#143880=ORIENTED_EDGE('',*,*,#119320,.F.);
#143890=EDGE_CURVE('',#119250,#46570,#14390,.T.);
#143900=ORIENTED_EDGE('',*,*,#143890,.F.);
#143910=ORIENTED_EDGE('',*,*,#46580,.F.);
#143920=EDGE_LOOP('',(#143910,#143900,#143880,#143870));
#143930=FACE_OUTER_BOUND('',#143920,.T.);
#143940=ADVANCED_FACE('',(#143930),#14170,.T.);
#143950=CARTESIAN_POINT('',(-2.70048958896017,1.17533900000001,
-3.86000000000001));
#143960=DIRECTION('',(2.44921270764476E-16,-7.34763812293426E-16,-1.));
#143970=DIRECTION('',(1.22460635382238E-16,-1.,7.34763812293426E-16));
#143980=AXIS2_PLACEMENT_3D('',#143950,#143960,#143970);
#143990=CYLINDRICAL_SURFACE('',#143980,0.16);
#144000=ORIENTED_EDGE('',*,*,#99010,.T.);
#144010=CARTESIAN_POINT('',(-2.75616723258867,1.32533899999994,
-3.86000000000001));
#144020=DIRECTION('',(2.44921270764476E-16,-7.34763812293426E-16,-1.));
#144030=VECTOR('',#144020,1.);
#144040=LINE('',#144010,#144030);
#144050=EDGE_CURVE('',#98910,#48400,#144040,.T.);
#144060=ORIENTED_EDGE('',*,*,#144050,.F.);
#144070=ORIENTED_EDGE('',*,*,#48410,.F.);
#144080=CARTESIAN_POINT('',(-2.70048958896017,1.33533900000001,
-3.86000000000001));
#144090=DIRECTION('',(2.44921270764476E-16,-7.34763812293426E-16,-1.));
#144100=VECTOR('',#144090,1.);
#144110=LINE('',#144080,#144100);
#144120=EDGE_CURVE('',#99000,#48310,#144110,.T.);
#144130=ORIENTED_EDGE('',*,*,#144120,.T.);
#144140=EDGE_LOOP('',(#144130,#144070,#144060,#144000));
#144150=FACE_OUTER_BOUND('',#144140,.T.);
#144160=ADVANCED_FACE('',(#144150),#143990,.T.);
#144170=EDGE_CURVE('',#137510,#11270,#23510,.T.);
#144180=ORIENTED_EDGE('',*,*,#144170,.T.);
#144190=ORIENTED_EDGE('',*,*,#137670,.T.);
#144200=CARTESIAN_POINT('',(-3.82548958896015,0.740338999999999,
0.355000000000001));
#144210=DIRECTION('',(1.46952762458685E-15,2.80324839811231E-30,-1.));
#144220=DIRECTION('',(0.0436193873653329,0.999048221581858,
6.40998947009141E-17));
#144230=AXIS2_PLACEMENT_3D('',#144200,#144210,#144220);
#144240=CIRCLE('',#144230,0.165);
#144250=CARTESIAN_POINT('',(-3.9903009409133,0.7482268556892,
0.355000000000001));
#144260=VERTEX_POINT('',#144250);
#144270=EDGE_CURVE('',#137600,#144260,#144240,.T.);
#144280=ORIENTED_EDGE('',*,*,#144270,.F.);
#144290=CARTESIAN_POINT('',(-4.02611100733481,0.,0.355000000000001));
#144300=DIRECTION('',(-0.0478051859951553,-0.998856678503963,
1.04083408558608E-17));
#144310=VECTOR('',#144300,1.);
#144320=LINE('',#144290,#144310);
#144330=EDGE_CURVE('',#11250,#144260,#144320,.T.);
#144340=ORIENTED_EDGE('',*,*,#144330,.T.);
#144350=ORIENTED_EDGE('',*,*,#11280,.F.);
#144360=EDGE_LOOP('',(#144350,#144340,#144280,#144190,#144180));
#144370=FACE_OUTER_BOUND('',#144360,.T.);
#144380=ADVANCED_FACE('',(#144370),#23470,.T.);
#144390=CARTESIAN_POINT('',(-2.70048958896017,1.17533900000001,
-2.26000000000002));
#144400=DIRECTION('',(2.44921270764476E-16,-7.34763812293426E-16,-1.));
#144410=DIRECTION('',(1.22460635382238E-16,-1.,7.34763812293426E-16));
#144420=AXIS2_PLACEMENT_3D('',#144390,#144400,#144410);
#144430=CYLINDRICAL_SURFACE('',#144420,0.16);
#144440=ORIENTED_EDGE('',*,*,#119970,.T.);
#144450=CARTESIAN_POINT('',(-2.75616723258866,1.32533899999994,
-2.26000000000002));
#144460=DIRECTION('',(2.44921270764476E-16,-7.34763812293426E-16,-1.));
#144470=VECTOR('',#144460,1.);
#144480=LINE('',#144450,#144470);
#144490=EDGE_CURVE('',#119890,#87860,#144480,.T.);
#144500=ORIENTED_EDGE('',*,*,#144490,.F.);
#144510=ORIENTED_EDGE('',*,*,#87870,.F.);
#144520=ORIENTED_EDGE('',*,*,#73000,.T.);
#144530=EDGE_LOOP('',(#144520,#144510,#144500,#144440));
#144540=FACE_OUTER_BOUND('',#144530,.T.);
#144550=ADVANCED_FACE('',(#144540),#144430,.T.);
#144560=CARTESIAN_POINT('',(-3.82048958896017,1.17533900000002,
-3.60000000000001));
#144570=DIRECTION('',(2.99932144364427E-32,7.34763812293426E-16,1.));
#144580=DIRECTION('',(1.22460635382237E-16,-1.,7.34763812293426E-16));
#144590=AXIS2_PLACEMENT_3D('',#144560,#144570,#144580);
#144600=CYLINDRICAL_SURFACE('',#144590,0.16);
#144610=CARTESIAN_POINT('',(-3.82048958896017,1.17533900000002,
-3.80500000000001));
#144620=DIRECTION('',(2.99932144364427E-32,7.34763812293426E-16,1.));
#144630=DIRECTION('',(1.22460635382237E-16,-1.,7.34763812293426E-16));
#144640=AXIS2_PLACEMENT_3D('',#144610,#144620,#144630);
#144650=CIRCLE('',#144640,0.16);
#144660=CARTESIAN_POINT('',(-3.76481194533164,1.32533899999994,
-3.80500000000001));
#144670=VERTEX_POINT('',#144660);
#144680=EDGE_CURVE('',#144670,#78180,#144650,.T.);
#144690=ORIENTED_EDGE('',*,*,#144680,.T.);
#144700=CARTESIAN_POINT('',(-3.76481194533164,1.32533899999994,
-3.60000000000001));
#144710=DIRECTION('',(2.99932144364427E-32,7.34763812293426E-16,1.));
#144720=VECTOR('',#144710,1.);
#144730=LINE('',#144700,#144720);
#144740=EDGE_CURVE('',#144670,#13310,#144730,.T.);
#144750=ORIENTED_EDGE('',*,*,#144740,.F.);
#144760=ORIENTED_EDGE('',*,*,#13320,.F.);
#144770=ORIENTED_EDGE('',*,*,#78250,.T.);
#144780=EDGE_LOOP('',(#144770,#144760,#144750,#144690));
#144790=FACE_OUTER_BOUND('',#144780,.T.);
#144800=ADVANCED_FACE('',(#144790),#144600,.T.);
#144810=CARTESIAN_POINT('',(-3.37048958896015,0.740339000000001,0.475));
#144820=DIRECTION('',(1.,3.27014518276192E-15,1.46952762458685E-15));
#144830=DIRECTION('',(-3.27014518276192E-15,1.,-2.03231349880238E-30));
#144840=AXIS2_PLACEMENT_3D('',#144810,#144820,#144830);
#144850=CYLINDRICAL_SURFACE('',#144840,0.165);
#144860=ORIENTED_EDGE('',*,*,#75820,.T.);
#144870=CARTESIAN_POINT('',(-3.23548958896015,0.740339000000001,0.475));
#144880=DIRECTION('',(-0.707106781186553,0.707106781186543,
-1.21229843990071E-15));
#144890=DIRECTION('',(-0.707106781186543,-0.707106781186553,
-8.65927457071926E-16));
#144900=AXIS2_PLACEMENT_3D('',#144870,#144880,#144890);
#144910=ELLIPSE('',#144900,0.23334523779156,0.165);
#144920=CARTESIAN_POINT('',(-3.40048958896015,0.575339000000001,0.475));
#144930=VERTEX_POINT('',#144920);
#144940=EDGE_CURVE('',#144930,#75700,#144910,.T.);
#144950=ORIENTED_EDGE('',*,*,#144940,.T.);
#144960=CARTESIAN_POINT('',(-3.37048958896015,0.575339000000001,0.475));
#144970=DIRECTION('',(1.,3.27014518276192E-15,1.46952762458685E-15));
#144980=VECTOR('',#144970,1.);
#144990=LINE('',#144960,#144980);
#145000=EDGE_CURVE('',#94430,#144930,#144990,.T.);
#145010=ORIENTED_EDGE('',*,*,#145000,.T.);
#145020=ORIENTED_EDGE('',*,*,#94460,.F.);
#145030=ORIENTED_EDGE('',*,*,#142810,.T.);
#145040=EDGE_LOOP('',(#145030,#145020,#145010,#144950,#144860));
#145050=FACE_OUTER_BOUND('',#145040,.T.);
#145060=ADVANCED_FACE('',(#145050),#144850,.T.);
#145070=CARTESIAN_POINT('',(-2.55048958896018,1.10533899999995,
-4.33000000000001));
#145080=DIRECTION('',(1.22460635382237E-16,-1.,7.34763812293426E-16));
#145090=DIRECTION('',(5.11977682188428E-15,7.34763812293427E-16,1.));
#145100=AXIS2_PLACEMENT_3D('',#145070,#145080,#145090);
#145110=PLANE('',#145100);
#145120=ORIENTED_EDGE('',*,*,#101310,.F.);
#145130=ORIENTED_EDGE('',*,*,#67160,.F.);
#145140=ORIENTED_EDGE('',*,*,#102800,.T.);
#145150=ORIENTED_EDGE('',*,*,#119720,.F.);
#145160=EDGE_LOOP('',(#145150,#145140,#145130,#145120));
#145170=FACE_OUTER_BOUND('',#145160,.T.);
#145180=ADVANCED_FACE('',(#145170),#145110,.F.);
#145190=CARTESIAN_POINT('',(-3.89311801710755,1.10533899999992,
0.423502400000005));
#145200=DIRECTION('',(0.998856678503963,-0.0478051859951539,
6.74005122364828E-16));
#145210=DIRECTION('',(0.0478051859951539,0.998856678503963,
-1.27457596159076E-15));
#145220=AXIS2_PLACEMENT_3D('',#145190,#145200,#145210);
#145230=PLANE('',#145220);
#145240=ORIENTED_EDGE('',*,*,#137940,.F.);
#145250=ORIENTED_EDGE('',*,*,#81750,.F.);
#145260=ORIENTED_EDGE('',*,*,#128960,.T.);
#145270=ORIENTED_EDGE('',*,*,#134110,.T.);
#145280=EDGE_LOOP('',(#145270,#145260,#145250,#145240));
#145290=FACE_OUTER_BOUND('',#145280,.T.);
#145300=ADVANCED_FACE('',(#145290),#145230,.T.);
#145310=CARTESIAN_POINT('',(-2.73048958896017,1.09533900000001,
-1.80500000000001));
#145320=DIRECTION('',(-2.44921270764476E-16,4.89842541528951E-16,1.));
#145330=DIRECTION('',(-1.,-1.22460635382238E-16,-2.44921270764476E-16));
#145340=AXIS2_PLACEMENT_3D('',#145310,#145320,#145330);
#145350=PLANE('',#145340);
#145360=ORIENTED_EDGE('',*,*,#78430,.T.);
#145370=CARTESIAN_POINT('',(0.,1.10533900000005,-1.80500000000001));
#145380=DIRECTION('',(-1.,9.46986586518801E-16,-2.44921270764476E-16));
#145390=VECTOR('',#145380,1.);
#145400=LINE('',#145370,#145390);
#145410=EDGE_CURVE('',#64690,#78400,#145400,.T.);
#145420=ORIENTED_EDGE('',*,*,#145410,.T.);
#145430=ORIENTED_EDGE('',*,*,#64700,.T.);
#145440=ORIENTED_EDGE('',*,*,#60280,.T.);
#145450=ORIENTED_EDGE('',*,*,#80080,.T.);
#145460=ORIENTED_EDGE('',*,*,#134620,.T.);
#145470=ORIENTED_EDGE('',*,*,#76540,.T.);
#145480=ORIENTED_EDGE('',*,*,#130490,.T.);
#145490=ORIENTED_EDGE('',*,*,#8350,.T.);
#145500=ORIENTED_EDGE('',*,*,#62690,.T.);
#145510=CARTESIAN_POINT('',(0.,1.32533899999994,-1.80500000000001));
#145520=DIRECTION('',(-1.,-1.63507259138096E-15,-2.44921270764475E-16));
#145530=VECTOR('',#145520,1.);
#145540=LINE('',#145510,#145530);
#145550=EDGE_CURVE('',#80350,#62610,#145540,.T.);
#145560=ORIENTED_EDGE('',*,*,#145550,.T.);
#145570=ORIENTED_EDGE('',*,*,#80510,.T.);
#145580=EDGE_LOOP('',(#145570,#145560,#145500,#145490,#145480,#145470,
#145460,#145450,#145440,#145430,#145420,#145360));
#145590=FACE_OUTER_BOUND('',#145580,.T.);
#145600=ADVANCED_FACE('',(#145590),#145350,.F.);
#145610=ORIENTED_EDGE('',*,*,#71120,.T.);
#145620=ORIENTED_EDGE('',*,*,#135510,.F.);
#145630=EDGE_CURVE('',#135440,#98830,#14390,.T.);
#145640=ORIENTED_EDGE('',*,*,#145630,.F.);
#145650=ORIENTED_EDGE('',*,*,#98840,.T.);
#145660=EDGE_LOOP('',(#145650,#145640,#145620,#145610));
#145670=FACE_OUTER_BOUND('',#145660,.T.);
#145680=ADVANCED_FACE('',(#145670),#14170,.T.);
#145690=CARTESIAN_POINT('',(-3.37048958896005,0.575339,0.355));
#145700=DIRECTION('',(-3.27014518276191E-15,1.,-2.44921270764478E-16));
#145710=DIRECTION('',(1.46952762458685E-15,-2.44921270764473E-16,-1.));
#145720=AXIS2_PLACEMENT_3D('',#145690,#145700,#145710);
#145730=PLANE('',#145720);
#145740=ORIENTED_EDGE('',*,*,#114620,.F.);
#145750=CARTESIAN_POINT('',(-3.82548958895998,0.575338999999958,
0.0699999999999992));
#145760=DIRECTION('',(1.46952762458685E-15,2.77325518367587E-30,-1.));
#145770=VECTOR('',#145760,1.);
#145780=LINE('',#145750,#145770);
#145790=EDGE_CURVE('',#94530,#114530,#145780,.T.);
#145800=ORIENTED_EDGE('',*,*,#145790,.T.);
#145810=ORIENTED_EDGE('',*,*,#94540,.F.);
#145820=ORIENTED_EDGE('',*,*,#145000,.F.);
#145830=CARTESIAN_POINT('',(-3.40048958896015,0.575339000000001,
-1.75431510973402E-16));
#145840=DIRECTION('',(-1.46952762458685E-15,2.44921270764473E-16,1.));
#145850=VECTOR('',#145840,1.);
#145860=LINE('',#145830,#145850);
#145870=CARTESIAN_POINT('',(-3.40048958896016,0.575339,0.355));
#145880=VERTEX_POINT('',#145870);
#145890=EDGE_CURVE('',#145880,#144930,#145860,.T.);
#145900=ORIENTED_EDGE('',*,*,#145890,.T.);
#145910=CARTESIAN_POINT('',(-3.51048958896005,0.575339,0.355));
#145920=DIRECTION('',(1.,3.27014518276192E-15,1.46952762458685E-15));
#145930=VECTOR('',#145920,1.);
#145940=LINE('',#145910,#145930);
#145950=EDGE_CURVE('',#114610,#145880,#145940,.T.);
#145960=ORIENTED_EDGE('',*,*,#145950,.T.);
#145970=EDGE_LOOP('',(#145960,#145900,#145820,#145810,#145800,#145740));
#145980=FACE_OUTER_BOUND('',#145970,.T.);
#145990=ADVANCED_FACE('',(#145980),#145730,.F.);
#146000=CARTESIAN_POINT('',(-2.55048958896018,1.10533899999996,
-1.93000000000002));
#146010=DIRECTION('',(1.22460635382237E-16,-1.,7.34763812293426E-16));
#146020=DIRECTION('',(5.11977682188428E-15,7.34763812293427E-16,1.));
#146030=AXIS2_PLACEMENT_3D('',#146000,#146010,#146020);
#146040=PLANE('',#146030);
#146050=ORIENTED_EDGE('',*,*,#64760,.F.);
#146060=ORIENTED_EDGE('',*,*,#145410,.F.);
#146070=ORIENTED_EDGE('',*,*,#78650,.T.);
#146080=ORIENTED_EDGE('',*,*,#120100,.F.);
#146090=EDGE_LOOP('',(#146080,#146070,#146060,#146050));
#146100=FACE_OUTER_BOUND('',#146090,.T.);
#146110=ADVANCED_FACE('',(#146100),#146040,.F.);
#146120=CARTESIAN_POINT('',(-2.70548958896018,1.13033899999995,
-5.06750000000002));
#146130=DIRECTION('',(0.707106781186547,0.707106781186548,
-4.13978538315925E-15));
#146140=DIRECTION('',(0.707106781186548,-0.707106781186547,
-3.0593036896375E-15));
#146150=AXIS2_PLACEMENT_3D('',#146120,#146130,#146140);
#146160=PLANE('',#146150);
#146170=ORIENTED_EDGE('',*,*,#89310,.F.);
#146180=ORIENTED_EDGE('',*,*,#84180,.F.);
#146190=ORIENTED_EDGE('',*,*,#88520,.F.);
#146200=ORIENTED_EDGE('',*,*,#53980,.F.);
#146210=EDGE_LOOP('',(#146200,#146190,#146180,#146170));
#146220=FACE_OUTER_BOUND('',#146210,.T.);
#146230=ADVANCED_FACE('',(#146220),#146160,.T.);
#146240=CARTESIAN_POINT('',(-3.51048958896005,0.740339,0.355));
#146250=DIRECTION('',(1.,3.27014518276192E-15,1.46952762458685E-15));
#146260=DIRECTION('',(-3.27014518276192E-15,1.,-2.01300290666251E-30));
#146270=AXIS2_PLACEMENT_3D('',#146240,#146250,#146260);
#146280=CYLINDRICAL_SURFACE('',#146270,0.165);
#146290=ORIENTED_EDGE('',*,*,#114690,.F.);
#146300=ORIENTED_EDGE('',*,*,#145950,.F.);
#146310=CARTESIAN_POINT('',(-3.23548958896029,0.740339000000001,
0.355000000000001));
#146320=DIRECTION('',(-0.707106781186582,0.707106781186513,
-1.38548393131511E-15));
#146330=DIRECTION('',(-0.707106781186513,-0.707106781186582,
-6.927419656575E-16));
#146340=AXIS2_PLACEMENT_3D('',#146310,#146320,#146330);
#146350=ELLIPSE('',#146340,0.23334523779155,0.165);
#146360=EDGE_CURVE('',#75720,#145880,#146350,.T.);
#146370=ORIENTED_EDGE('',*,*,#146360,.T.);
#146380=ORIENTED_EDGE('',*,*,#76200,.T.);
#146390=ORIENTED_EDGE('',*,*,#10690,.T.);
#146400=EDGE_LOOP('',(#146390,#146380,#146370,#146300,#146290));
#146410=FACE_OUTER_BOUND('',#146400,.T.);
#146420=ADVANCED_FACE('',(#146410),#146280,.T.);
#146430=CARTESIAN_POINT('',(-3.97048958896016,1.16217151036781,
-8.21499999999999));
#146440=DIRECTION('',(0.998856678503963,-0.0478051859951538,
-1.14918425631215E-15));
#146450=DIRECTION('',(-0.0478051859951538,-0.998856678503963,
1.60518117388261E-15));
#146460=AXIS2_PLACEMENT_3D('',#146430,#146440,#146450);
#146470=PLANE('',#146460);
#146480=CARTESIAN_POINT('',(-4.02611100733483,3.08052436109427E-14,
-6.21499999999998));
#146490=DIRECTION('',(-0.0478051859951538,-0.998856678503963,
1.6038810078354E-15));
#146500=VECTOR('',#146490,1.);
#146510=LINE('',#146480,#146500);
#146520=CARTESIAN_POINT('',(-3.97048958896016,1.16217151036782,
-6.21499999999999));
#146530=VERTEX_POINT('',#146520);
#146540=CARTESIAN_POINT('',(-3.99030094091332,0.748226855689233,
-6.21499999999998));
#146550=VERTEX_POINT('',#146540);
#146560=EDGE_CURVE('',#146530,#146550,#146510,.T.);
#146570=ORIENTED_EDGE('',*,*,#146560,.T.);
#146580=CARTESIAN_POINT('',(-3.97048958896016,1.16217151036781,
-5.85999999999999));
#146590=DIRECTION('',(4.89842541528787E-16,3.42738285862883E-14,-1.));
#146600=VECTOR('',#146590,1.);
#146610=LINE('',#146580,#146600);
#146620=CARTESIAN_POINT('',(-3.97048958896016,1.16217151036782,
-6.05499999999998));
#146630=VERTEX_POINT('',#146620);
#146640=EDGE_CURVE('',#146630,#146530,#146610,.T.);
#146650=ORIENTED_EDGE('',*,*,#146640,.T.);
#146660=CARTESIAN_POINT('',(-4.02611100733483,3.10529890459228E-14,
-6.05499999999998));
#146670=DIRECTION('',(-0.0478051859951538,-0.998856678503963,
7.12233141183322E-16));
#146680=VECTOR('',#146670,1.);
#146690=LINE('',#146660,#146680);
#146700=CARTESIAN_POINT('',(-3.97046178872533,1.16275237726836,
-6.05499999999998));
#146710=VERTEX_POINT('',#146700);
#146720=EDGE_CURVE('',#146710,#146630,#146690,.T.);
#146730=ORIENTED_EDGE('',*,*,#146720,.T.);
#146740=CARTESIAN_POINT('',(-3.97046178872533,1.16275237726836,
-5.60000000000001));
#146750=DIRECTION('',(1.15684950262154E-17,9.73550805852666E-16,1.));
#146760=VECTOR('',#146750,1.);
#146770=LINE('',#146740,#146760);
#146780=EDGE_CURVE('',#146710,#125670,#146770,.T.);
#146790=ORIENTED_EDGE('',*,*,#146780,.F.);
#146800=ORIENTED_EDGE('',*,*,#131000,.F.);
#146810=ORIENTED_EDGE('',*,*,#115090,.F.);
#146820=ORIENTED_EDGE('',*,*,#86570,.F.);
#146830=ORIENTED_EDGE('',*,*,#107890,.F.);
#146840=ORIENTED_EDGE('',*,*,#63500,.F.);
#146850=ORIENTED_EDGE('',*,*,#74930,.F.);
#146860=ORIENTED_EDGE('',*,*,#72690,.F.);
#146870=ORIENTED_EDGE('',*,*,#139830,.F.);
#146880=CARTESIAN_POINT('',(-3.97046178872531,1.16275237726835,0.));
#146890=DIRECTION('',(-5.02097389194614E-16,4.78707148563739E-16,1.));
#146900=VECTOR('',#146890,1.);
#146910=LINE('',#146880,#146900);
#146920=EDGE_CURVE('',#26400,#89140,#146910,.T.);
#146930=ORIENTED_EDGE('',*,*,#146920,.F.);
#146940=ORIENTED_EDGE('',*,*,#112110,.F.);
#146950=ORIENTED_EDGE('',*,*,#122130,.F.);
#146960=ORIENTED_EDGE('',*,*,#53300,.F.);
#146970=CARTESIAN_POINT('',(-3.97046178872531,1.16275237726836,0.));
#146980=DIRECTION('',(-4.89842541528951E-16,7.34763812293426E-16,1.));
#146990=VECTOR('',#146980,1.);
#147000=LINE('',#146970,#146990);
#147010=EDGE_CURVE('',#53230,#51720,#147000,.T.);
#147020=ORIENTED_EDGE('',*,*,#147010,.F.);
#147030=ORIENTED_EDGE('',*,*,#122760,.F.);
#147040=ORIENTED_EDGE('',*,*,#95040,.F.);
#147050=ORIENTED_EDGE('',*,*,#133810,.F.);
#147060=ORIENTED_EDGE('',*,*,#31850,.F.);
#147070=ORIENTED_EDGE('',*,*,#29560,.F.);
#147080=ORIENTED_EDGE('',*,*,#113280,.F.);
#147090=ORIENTED_EDGE('',*,*,#124980,.F.);
#147100=ORIENTED_EDGE('',*,*,#44900,.F.);
#147110=ORIENTED_EDGE('',*,*,#91270,.F.);
#147120=ORIENTED_EDGE('',*,*,#131590,.F.);
#147130=ORIENTED_EDGE('',*,*,#73150,.F.);
#147140=ORIENTED_EDGE('',*,*,#68140,.F.);
#147150=ORIENTED_EDGE('',*,*,#25220,.F.);
#147160=CARTESIAN_POINT('',(-3.97046178872531,1.16275237726836,0.));
#147170=DIRECTION('',(-4.89842541528951E-16,7.34763812293426E-16,1.));
#147180=VECTOR('',#147170,1.);
#147190=LINE('',#147160,#147180);
#147200=EDGE_CURVE('',#25130,#108670,#147190,.T.);
#147210=ORIENTED_EDGE('',*,*,#147200,.F.);
#147220=ORIENTED_EDGE('',*,*,#108680,.F.);
#147230=ORIENTED_EDGE('',*,*,#15450,.F.);
#147240=ORIENTED_EDGE('',*,*,#133970,.T.);
#147250=ORIENTED_EDGE('',*,*,#128820,.F.);
#147260=ORIENTED_EDGE('',*,*,#11360,.F.);
#147270=ORIENTED_EDGE('',*,*,#144330,.F.);
#147280=CARTESIAN_POINT('',(-3.99030094091333,0.74822685568921,
-7.08999760000001));
#147290=DIRECTION('',(7.34763812293427E-16,-4.89842541528951E-16,-1.));
#147300=VECTOR('',#147290,1.);
#147310=LINE('',#147280,#147300);
#147320=EDGE_CURVE('',#144260,#146550,#147310,.T.);
#147330=ORIENTED_EDGE('',*,*,#147320,.F.);
#147340=EDGE_LOOP('',(#147330,#147270,#147260,#147250,#147240,#147230,
#147220,#147210,#147150,#147140,#147130,#147120,#147110,#147100,#147090,
#147080,#147070,#147060,#147050,#147040,#147030,#147020,#146960,#146950,
#146940,#146930,#146870,#146860,#146850,#146840,#146830,#146820,#146810,
#146800,#146790,#146730,#146650,#146570));
#147350=FACE_OUTER_BOUND('',#147340,.T.);
#147360=ADVANCED_FACE('',(#147350),#146470,.F.);
#147370=ORIENTED_EDGE('',*,*,#41340,.F.);
#147380=ORIENTED_EDGE('',*,*,#41110,.F.);
#147390=ORIENTED_EDGE('',*,*,#36030,.F.);
#147400=ORIENTED_EDGE('',*,*,#35280,.T.);
#147410=ORIENTED_EDGE('',*,*,#43730,.F.);
#147420=EDGE_LOOP('',(#147410,#147400,#147390,#147380,#147370));
#147430=FACE_OUTER_BOUND('',#147420,.T.);
#147440=ADVANCED_FACE('',(#147430),#118160,.T.);
#147450=CARTESIAN_POINT('',(-2.70048958896017,1.17533900000001,
-1.06000000000001));
#147460=DIRECTION('',(2.44921270764476E-16,-7.34763812293426E-16,-1.));
#147470=DIRECTION('',(1.22460635382238E-16,-1.,7.34763812293426E-16));
#147480=AXIS2_PLACEMENT_3D('',#147450,#147460,#147470);
#147490=CYLINDRICAL_SURFACE('',#147480,0.16);
#147500=ORIENTED_EDGE('',*,*,#102190,.T.);
#147510=CARTESIAN_POINT('',(-2.75616723258866,1.32533899999994,
-1.06000000000001));
#147520=DIRECTION('',(2.44921270764476E-16,-7.34763812293426E-16,-1.));
#147530=VECTOR('',#147520,1.);
#147540=LINE('',#147510,#147530);
#147550=EDGE_CURVE('',#102090,#106420,#147540,.T.);
#147560=ORIENTED_EDGE('',*,*,#147550,.F.);
#147570=ORIENTED_EDGE('',*,*,#106430,.F.);
#147580=ORIENTED_EDGE('',*,*,#97730,.T.);
#147590=EDGE_LOOP('',(#147580,#147570,#147560,#147500));
#147600=FACE_OUTER_BOUND('',#147590,.T.);
#147610=ADVANCED_FACE('',(#147600),#147490,.T.);
#147620=CARTESIAN_POINT('',(-4.30048958896017,1.25533900000002,
-1.00500000000002));
#147630=DIRECTION('',(1.22460635382237E-16,-1.,9.79685083057902E-16));
#147640=DIRECTION('',(2.44921270764476E-16,-9.79685083057902E-16,-1.));
#147650=AXIS2_PLACEMENT_3D('',#147620,#147630,#147640);
#147660=PLANE('',#147650);
#147670=ORIENTED_EDGE('',*,*,#135660,.T.);
#147680=ORIENTED_EDGE('',*,*,#123750,.T.);
#147690=ORIENTED_EDGE('',*,*,#139540,.F.);
#147700=ORIENTED_EDGE('',*,*,#27530,.F.);
#147710=EDGE_LOOP('',(#147700,#147690,#147680,#147670));
#147720=FACE_OUTER_BOUND('',#147710,.T.);
#147730=ADVANCED_FACE('',(#147720),#147660,.T.);
#147740=CARTESIAN_POINT('',(-3.89055325444502,1.15892796238874,-4.27));
#147750=DIRECTION('',(0.0478051859951585,0.998856678503963,
-4.54156973312348E-16));
#147760=DIRECTION('',(-4.90262417080916E-16,4.78140727919699E-16,1.));
#147770=AXIS2_PLACEMENT_3D('',#147740,#147750,#147760);
#147780=PLANE('',#147770);
#147790=ORIENTED_EDGE('',*,*,#89210,.F.);
#147800=ORIENTED_EDGE('',*,*,#146920,.T.);
#147810=ORIENTED_EDGE('',*,*,#26410,.F.);
#147820=ORIENTED_EDGE('',*,*,#47270,.T.);
#147830=EDGE_LOOP('',(#147820,#147810,#147800,#147790));
#147840=FACE_OUTER_BOUND('',#147830,.T.);
#147850=ADVANCED_FACE('',(#147840),#147780,.F.);
#147860=CARTESIAN_POINT('',(-4.25048958896017,1.31533900000002,
-5.00500000000002));
#147870=DIRECTION('',(-1.,-1.22460635382238E-16,-2.44921270764475E-16));
#147880=DIRECTION('',(1.22460635382238E-16,-1.,7.34763812293427E-16));
#147890=AXIS2_PLACEMENT_3D('',#147860,#147870,#147880);
#147900=PLANE('',#147890);
#147910=ORIENTED_EDGE('',*,*,#107500,.F.);
#147920=ORIENTED_EDGE('',*,*,#102980,.F.);
#147930=CARTESIAN_POINT('',(-4.25048958896017,1.33533900000002,
-4.80000000000002));
#147940=DIRECTION('',(-2.44921270764476E-16,7.34763812293426E-16,1.));
#147950=VECTOR('',#147940,1.);
#147960=LINE('',#147930,#147950);
#147970=EDGE_CURVE('',#102970,#116990,#147960,.T.);
#147980=ORIENTED_EDGE('',*,*,#147970,.F.);
#147990=ORIENTED_EDGE('',*,*,#117000,.F.);
#148000=EDGE_LOOP('',(#147990,#147980,#147920,#147910));
#148010=FACE_OUTER_BOUND('',#148000,.T.);
#148020=ADVANCED_FACE('',(#148010),#147900,.T.);
#148030=CARTESIAN_POINT('',(-3.74048958896017,1.09533900000002,
-3.80500000000001));
#148040=DIRECTION('',(2.13652445931442E-32,-9.79685083057902E-16,-1.));
#148050=DIRECTION('',(1.,-1.11724910631033E-15,1.11591752810515E-30));
#148060=AXIS2_PLACEMENT_3D('',#148030,#148040,#148050);
#148070=PLANE('',#148060);
#148080=CARTESIAN_POINT('',(-4.25048958896017,0.125490534175961,
-3.80500000000001));
#148090=DIRECTION('',(-1.22460635382237E-16,1.,-9.79685083057902E-16));
#148100=VECTOR('',#148090,1.);
#148110=LINE('',#148080,#148100);
#148120=EDGE_CURVE('',#28700,#78100,#148110,.T.);
#148130=ORIENTED_EDGE('',*,*,#148120,.T.);
#148140=ORIENTED_EDGE('',*,*,#28730,.F.);
#148150=ORIENTED_EDGE('',*,*,#53560,.F.);
#148160=ORIENTED_EDGE('',*,*,#122050,.F.);
#148170=ORIENTED_EDGE('',*,*,#112050,.F.);
#148180=ORIENTED_EDGE('',*,*,#109780,.F.);
#148190=ORIENTED_EDGE('',*,*,#84860,.F.);
#148200=ORIENTED_EDGE('',*,*,#106960,.F.);
#148210=ORIENTED_EDGE('',*,*,#22220,.F.);
#148220=CARTESIAN_POINT('',(0.,1.32533899999994,-3.80500000000001));
#148230=DIRECTION('',(1.,1.63507259138096E-15,-1.4791141972894E-30));
#148240=VECTOR('',#148230,1.);
#148250=LINE('',#148220,#148240);
#148260=EDGE_CURVE('',#22150,#144670,#148250,.T.);
#148270=ORIENTED_EDGE('',*,*,#148260,.F.);
#148280=ORIENTED_EDGE('',*,*,#144680,.F.);
#148290=ORIENTED_EDGE('',*,*,#78190,.T.);
#148300=EDGE_LOOP('',(#148290,#148280,#148270,#148210,#148200,#148190,
#148180,#148170,#148160,#148150,#148140,#148130));
#148310=FACE_OUTER_BOUND('',#148300,.T.);
#148320=ADVANCED_FACE('',(#148310),#148070,.T.);
#148330=CARTESIAN_POINT('',(-2.22048958896017,1.33533900000001,
-3.80500000000001));
#148340=DIRECTION('',(-1.22460635382237E-16,1.,-7.34763812293426E-16));
#148350=DIRECTION('',(4.89842541528951E-16,-7.34763812293426E-16,-1.));
#148360=AXIS2_PLACEMENT_3D('',#148330,#148340,#148350);
#148370=PLANE('',#148360);
#148380=ORIENTED_EDGE('',*,*,#48320,.F.);
#148390=ORIENTED_EDGE('',*,*,#101540,.T.);
#148400=ORIENTED_EDGE('',*,*,#99070,.F.);
#148410=ORIENTED_EDGE('',*,*,#144120,.F.);
#148420=EDGE_LOOP('',(#148410,#148400,#148390,#148380));
#148430=FACE_OUTER_BOUND('',#148420,.T.);
#148440=ADVANCED_FACE('',(#148430),#148370,.T.);
#148450=CARTESIAN_POINT('',(-2.22048958896017,1.33533900000001,
-3.40500000000002));
#148460=DIRECTION('',(-1.22460635382237E-16,1.,-7.34763812293426E-16));
#148470=DIRECTION('',(4.89842541528951E-16,-7.34763812293426E-16,-1.));
#148480=AXIS2_PLACEMENT_3D('',#148450,#148460,#148470);
#148490=PLANE('',#148480);
#148500=ORIENTED_EDGE('',*,*,#135280,.F.);
#148510=ORIENTED_EDGE('',*,*,#96650,.T.);
#148520=ORIENTED_EDGE('',*,*,#110960,.F.);
#148530=ORIENTED_EDGE('',*,*,#141710,.F.);
#148540=EDGE_LOOP('',(#148530,#148520,#148510,#148500));
#148550=FACE_OUTER_BOUND('',#148540,.T.);
#148560=ADVANCED_FACE('',(#148550),#148490,.T.);
#148570=CARTESIAN_POINT('',(-2.55048958896018,1.10533899999996,
-1.53000000000001));
#148580=DIRECTION('',(1.22460635382237E-16,-1.,7.34763812293426E-16));
#148590=DIRECTION('',(5.11977682188428E-15,7.34763812293427E-16,1.));
#148600=AXIS2_PLACEMENT_3D('',#148570,#148580,#148590);
#148610=PLANE('',#148600);
#148620=ORIENTED_EDGE('',*,*,#132090,.F.);
#148630=ORIENTED_EDGE('',*,*,#132570,.F.);
#148640=ORIENTED_EDGE('',*,*,#87290,.T.);
#148650=ORIENTED_EDGE('',*,*,#100080,.F.);
#148660=EDGE_LOOP('',(#148650,#148640,#148630,#148620));
#148670=FACE_OUTER_BOUND('',#148660,.T.);
#148680=ADVANCED_FACE('',(#148670),#148610,.F.);
#148690=CARTESIAN_POINT('',(-2.55048958896018,1.16217151036778,-3.93));
#148700=DIRECTION('',(1.,1.67677286985746E-15,9.79685083057901E-16));
#148710=DIRECTION('',(1.67677286985746E-15,-1.,7.34763812293428E-16));
#148720=AXIS2_PLACEMENT_3D('',#148690,#148700,#148710);
#148730=PLANE('',#148720);
#148740=ORIENTED_EDGE('',*,*,#117850,.T.);
#148750=ORIENTED_EDGE('',*,*,#67480,.F.);
#148760=CARTESIAN_POINT('',(-2.55048958896018,1.16275370778497,-4.));
#148770=DIRECTION('',(-9.79685083057902E-16,4.78120632715564E-16,1.));
#148780=VECTOR('',#148770,1.);
#148790=LINE('',#148760,#148780);
#148800=EDGE_CURVE('',#67390,#121790,#148790,.T.);
#148810=ORIENTED_EDGE('',*,*,#148800,.F.);
#148820=ORIENTED_EDGE('',*,*,#121800,.T.);
#148830=EDGE_LOOP('',(#148820,#148810,#148750,#148740));
#148840=FACE_OUTER_BOUND('',#148830,.T.);
#148850=ADVANCED_FACE('',(#148840),#148730,.T.);
#148860=ORIENTED_EDGE('',*,*,#54850,.T.);
#148870=ORIENTED_EDGE('',*,*,#59130,.F.);
#148880=EDGE_CURVE('',#59060,#102110,#14390,.T.);
#148890=ORIENTED_EDGE('',*,*,#148880,.F.);
#148900=ORIENTED_EDGE('',*,*,#102490,.F.);
#148910=EDGE_LOOP('',(#148900,#148890,#148870,#148860));
#148920=FACE_OUTER_BOUND('',#148910,.T.);
#148930=ADVANCED_FACE('',(#148920),#14170,.T.);
#148940=CARTESIAN_POINT('',(-2.55048958896017,1.16217151036781,-8.215));
#148950=DIRECTION('',(0.998856678503962,0.0478051859951602,
4.1526051527982E-16));
#148960=DIRECTION('',(0.0478051859951602,-0.998856678503962,
1.57005565317341E-15));
#148970=AXIS2_PLACEMENT_3D('',#148940,#148950,#148960);
#148980=PLANE('',#148970);
#148990=ORIENTED_EDGE('',*,*,#23700,.T.);
#149000=ORIENTED_EDGE('',*,*,#24820,.T.);
#149010=ORIENTED_EDGE('',*,*,#132950,.T.);
#149020=ORIENTED_EDGE('',*,*,#21360,.F.);
#149030=ORIENTED_EDGE('',*,*,#10300,.T.);
#149040=ORIENTED_EDGE('',*,*,#141820,.T.);
#149050=ORIENTED_EDGE('',*,*,#59410,.T.);
#149060=ORIENTED_EDGE('',*,*,#49420,.T.);
#149070=ORIENTED_EDGE('',*,*,#66760,.T.);
#149080=ORIENTED_EDGE('',*,*,#130020,.T.);
#149090=ORIENTED_EDGE('',*,*,#80690,.T.);
#149100=ORIENTED_EDGE('',*,*,#61190,.T.);
#149110=ORIENTED_EDGE('',*,*,#80100,.T.);
#149120=ORIENTED_EDGE('',*,*,#60200,.T.);
#149130=ORIENTED_EDGE('',*,*,#92050,.T.);
#149140=ORIENTED_EDGE('',*,*,#77800,.T.);
#149150=ORIENTED_EDGE('',*,*,#95700,.T.);
#149160=EDGE_CURVE('',#46170,#95670,#10270,.T.);
#149170=ORIENTED_EDGE('',*,*,#149160,.T.);
#149180=ORIENTED_EDGE('',*,*,#103710,.T.);
#149190=ORIENTED_EDGE('',*,*,#107310,.T.);
#149200=ORIENTED_EDGE('',*,*,#82380,.T.);
#149210=EDGE_CURVE('',#98610,#82330,#10270,.T.);
#149220=ORIENTED_EDGE('',*,*,#149210,.T.);
#149230=ORIENTED_EDGE('',*,*,#134920,.T.);
#149240=ORIENTED_EDGE('',*,*,#82090,.T.);
#149250=EDGE_CURVE('',#67310,#82040,#10270,.T.);
#149260=ORIENTED_EDGE('',*,*,#149250,.T.);
#149270=ORIENTED_EDGE('',*,*,#86250,.T.);
#149280=ORIENTED_EDGE('',*,*,#99490,.T.);
#149290=ORIENTED_EDGE('',*,*,#60830,.T.);
#149300=ORIENTED_EDGE('',*,*,#64870,.T.);
#149310=ORIENTED_EDGE('',*,*,#29080,.T.);
#149320=ORIENTED_EDGE('',*,*,#109580,.T.);
#149330=ORIENTED_EDGE('',*,*,#20100,.T.);
#149340=ORIENTED_EDGE('',*,*,#133220,.T.);
#149350=CARTESIAN_POINT('',(-2.550517389195,1.16275237726835,
-5.86000000000001));
#149360=DIRECTION('',(2.3335277573826E-16,-4.95976818734186E-16,-1.));
#149370=VECTOR('',#149360,1.);
#149380=LINE('',#149350,#149370);
#149390=EDGE_CURVE('',#133190,#126770,#149380,.T.);
#149400=ORIENTED_EDGE('',*,*,#149390,.F.);
#149410=ORIENTED_EDGE('',*,*,#126780,.F.);
#149420=CARTESIAN_POINT('',(-2.55048958896017,1.16217151036768,
-5.85999999999999));
#149430=DIRECTION('',(4.89842541528953E-16,-1.54840896862578E-15,-1.));
#149440=VECTOR('',#149430,1.);
#149450=LINE('',#149420,#149440);
#149460=CARTESIAN_POINT('',(-2.55048958896017,1.16217151036767,
-6.21499999999999));
#149470=VERTEX_POINT('',#149460);
#149480=EDGE_CURVE('',#126690,#149470,#149450,.T.);
#149490=ORIENTED_EDGE('',*,*,#149480,.F.);
#149500=CARTESIAN_POINT('',(-2.4948681705855,3.81926594722893E-14,
-6.21499999999999));
#149510=DIRECTION('',(0.0478051859951602,-0.998856678503963,
1.48939627089915E-15));
#149520=VECTOR('',#149510,1.);
#149530=LINE('',#149500,#149520);
#149540=CARTESIAN_POINT('',(-2.53067823700701,0.748226855689238,
-6.21499999999999));
#149550=VERTEX_POINT('',#149540);
#149560=EDGE_CURVE('',#149470,#149550,#149530,.T.);
#149570=ORIENTED_EDGE('',*,*,#149560,.F.);
#149580=CARTESIAN_POINT('',(-2.53067823700701,0.748226855689209,
-7.86000000000002));
#149590=DIRECTION('',(1.86559732757067E-15,8.41633986852006E-16,1.));
#149600=VECTOR('',#149590,1.);
#149610=LINE('',#149580,#149600);
#149620=EDGE_CURVE('',#149550,#23690,#149610,.T.);
#149630=ORIENTED_EDGE('',*,*,#149620,.F.);
#149640=EDGE_LOOP('',(#149630,#149570,#149490,#149410,#149400,#149340,
#149330,#149320,#149310,#149300,#149290,#149280,#149270,#149260,#149240,
#149230,#149220,#149200,#149190,#149180,#149170,#149150,#149140,#149130,
#149120,#149110,#149100,#149090,#149080,#149070,#149060,#149050,#149040,
#149030,#149020,#149010,#149000,#148990));
#149650=FACE_OUTER_BOUND('',#149640,.T.);
#149660=ADVANCED_FACE('',(#149650),#148980,.T.);
#149670=CARTESIAN_POINT('',(-2.27048958896017,1.31533900000001,
-1.25500000000002));
#149680=DIRECTION('',(1.,1.22460635382238E-16,4.89842541528951E-16));
#149690=DIRECTION('',(1.22460635382238E-16,-1.,7.34763812293426E-16));
#149700=AXIS2_PLACEMENT_3D('',#149670,#149680,#149690);
#149710=PLANE('',#149700);
#149720=CARTESIAN_POINT('',(-2.27048958896017,1.25533900000001,
-1.46000000000002));
#149730=DIRECTION('',(-4.89842541528951E-16,4.89842541528951E-16,1.));
#149740=VECTOR('',#149730,1.);
#149750=LINE('',#149720,#149740);
#149760=EDGE_CURVE('',#132240,#17920,#149750,.T.);
#149770=ORIENTED_EDGE('',*,*,#149760,.F.);
#149780=ORIENTED_EDGE('',*,*,#17950,.F.);
#149790=ORIENTED_EDGE('',*,*,#32510,.F.);
#149800=ORIENTED_EDGE('',*,*,#132330,.F.);
#149810=EDGE_LOOP('',(#149800,#149790,#149780,#149770));
#149820=FACE_OUTER_BOUND('',#149810,.T.);
#149830=ADVANCED_FACE('',(#149820),#149710,.T.);
#149840=CARTESIAN_POINT('',(-2.22048958896017,1.25533900000001,
-1.25500000000002));
#149850=DIRECTION('',(1.22460635382238E-16,-1.,4.89842541528951E-16));
#149860=DIRECTION('',(-4.89842541528951E-16,4.89842541528951E-16,1.));
#149870=AXIS2_PLACEMENT_3D('',#149840,#149850,#149860);
#149880=PLANE('',#149870);
#149890=ORIENTED_EDGE('',*,*,#18030,.T.);
#149900=ORIENTED_EDGE('',*,*,#149760,.T.);
#149910=ORIENTED_EDGE('',*,*,#132270,.F.);
#149920=ORIENTED_EDGE('',*,*,#139980,.F.);
#149930=EDGE_LOOP('',(#149920,#149910,#149900,#149890));
#149940=FACE_OUTER_BOUND('',#149930,.T.);
#149950=ADVANCED_FACE('',(#149940),#149880,.T.);
#149960=CARTESIAN_POINT('',(-2.63042592347532,1.15892796238875,-3.99));
#149970=DIRECTION('',(-0.0478051859951557,0.998856678503963,
-5.24408014730744E-16));
#149980=DIRECTION('',(1.22362675092019E-15,-4.66445607604262E-16,-1.));
#149990=AXIS2_PLACEMENT_3D('',#149960,#149970,#149980);
#150000=PLANE('',#149990);
#150010=ORIENTED_EDGE('',*,*,#121860,.T.);
#150020=ORIENTED_EDGE('',*,*,#148800,.T.);
#150030=ORIENTED_EDGE('',*,*,#67400,.F.);
#150040=ORIENTED_EDGE('',*,*,#149250,.F.);
#150050=EDGE_LOOP('',(#150040,#150030,#150020,#150010));
#150060=FACE_OUTER_BOUND('',#150050,.T.);
#150070=ADVANCED_FACE('',(#150060),#150000,.F.);
#150080=CARTESIAN_POINT('',(-4.25048958896017,1.31533900000002,
-3.80500000000002));
#150090=DIRECTION('',(-1.,-1.22460635382238E-16,-2.44921270764475E-16));
#150100=DIRECTION('',(1.22460635382238E-16,-1.,7.34763812293427E-16));
#150110=AXIS2_PLACEMENT_3D('',#150080,#150090,#150100);
#150120=PLANE('',#150110);
#150130=ORIENTED_EDGE('',*,*,#28790,.F.);
#150140=ORIENTED_EDGE('',*,*,#148120,.F.);
#150150=ORIENTED_EDGE('',*,*,#78110,.F.);
#150160=ORIENTED_EDGE('',*,*,#13150,.F.);
#150170=EDGE_LOOP('',(#150160,#150150,#150140,#150130));
#150180=FACE_OUTER_BOUND('',#150170,.T.);
#150190=ADVANCED_FACE('',(#150180),#150120,.T.);
#150200=CARTESIAN_POINT('',(-3.89055325444503,1.15892796238875,
-0.670000000000015));
#150210=DIRECTION('',(0.0478051859951555,0.998856678503963,
-7.1050672722619E-16));
#150220=DIRECTION('',(-9.78705480155711E-16,7.58160746218114E-16,1.));
#150230=AXIS2_PLACEMENT_3D('',#150200,#150210,#150220);
#150240=PLANE('',#150230);
#150250=ORIENTED_EDGE('',*,*,#50980,.T.);
#150260=ORIENTED_EDGE('',*,*,#62360,.T.);
#150270=ORIENTED_EDGE('',*,*,#110320,.F.);
#150280=ORIENTED_EDGE('',*,*,#147200,.T.);
#150290=EDGE_LOOP('',(#150280,#150270,#150260,#150250));
#150300=FACE_OUTER_BOUND('',#150290,.T.);
#150310=ADVANCED_FACE('',(#150300),#150240,.F.);
#150320=CARTESIAN_POINT('',(-3.81548958896018,1.13033899999996,
-2.66750000000002));
#150330=DIRECTION('',(0.707106781186548,-0.707106781186547,
-3.10067243467293E-15));
#150340=DIRECTION('',(-0.707106781186547,-0.707106781186548,
4.2946781954593E-15));
#150350=AXIS2_PLACEMENT_3D('',#150320,#150330,#150340);
#150360=PLANE('',#150350);
#150370=ORIENTED_EDGE('',*,*,#103870,.F.);
#150380=ORIENTED_EDGE('',*,*,#101830,.T.);
#150390=ORIENTED_EDGE('',*,*,#93720,.T.);
#150400=ORIENTED_EDGE('',*,*,#99300,.T.);
#150410=EDGE_LOOP('',(#150400,#150390,#150380,#150370));
#150420=FACE_OUTER_BOUND('',#150410,.T.);
#150430=ADVANCED_FACE('',(#150420),#150360,.F.);
#150440=CARTESIAN_POINT('',(-3.97048958896016,1.16217151036779,
-3.53000000000002));
#150450=DIRECTION('',(-1.,1.43185159909298E-15,-7.34763812293427E-16));
#150460=DIRECTION('',(-1.43185159909298E-15,-1.,4.8984254152895E-16));
#150470=AXIS2_PLACEMENT_3D('',#150440,#150450,#150460);
#150480=PLANE('',#150470);
#150490=ORIENTED_EDGE('',*,*,#140830,.T.);
#150500=ORIENTED_EDGE('',*,*,#51890,.F.);
#150510=CARTESIAN_POINT('',(-3.97048958896016,1.16275370778497,
-3.46000000000002));
#150520=DIRECTION('',(7.34763812293426E-16,-7.46485721106813E-16,-1.));
#150530=VECTOR('',#150520,1.);
#150540=LINE('',#150510,#150530);
#150550=EDGE_CURVE('',#51800,#120360,#150540,.T.);
#150560=ORIENTED_EDGE('',*,*,#150550,.F.);
#150570=ORIENTED_EDGE('',*,*,#120370,.T.);
#150580=EDGE_LOOP('',(#150570,#150560,#150500,#150490));
#150590=FACE_OUTER_BOUND('',#150580,.T.);
#150600=ADVANCED_FACE('',(#150590),#150480,.T.);
#150610=CARTESIAN_POINT('',(-2.22048958896017,1.33533900000001,
-5.40500000000001));
#150620=DIRECTION('',(-1.22460635382237E-16,1.,-7.34763812293426E-16));
#150630=DIRECTION('',(4.89842541528951E-16,-7.34763812293426E-16,-1.));
#150640=AXIS2_PLACEMENT_3D('',#150610,#150620,#150630);
#150650=PLANE('',#150640);
#150660=ORIENTED_EDGE('',*,*,#143740,.F.);
#150670=ORIENTED_EDGE('',*,*,#56640,.T.);
#150680=ORIENTED_EDGE('',*,*,#84390,.F.);
#150690=ORIENTED_EDGE('',*,*,#69820,.F.);
#150700=EDGE_LOOP('',(#150690,#150680,#150670,#150660));
#150710=FACE_OUTER_BOUND('',#150700,.T.);
#150720=ADVANCED_FACE('',(#150710),#150650,.T.);
#150730=CARTESIAN_POINT('',(-3.89055325444502,1.15892796238875,
-3.47000000000002));
#150740=DIRECTION('',(0.0478051859951555,0.998856678503963,
-7.1050672722619E-16));
#150750=DIRECTION('',(-9.78705480155711E-16,7.58160746218114E-16,1.));
#150760=AXIS2_PLACEMENT_3D('',#150730,#150740,#150750);
#150770=PLANE('',#150760);
#150780=ORIENTED_EDGE('',*,*,#120430,.T.);
#150790=ORIENTED_EDGE('',*,*,#150550,.T.);
#150800=ORIENTED_EDGE('',*,*,#51810,.F.);
#150810=ORIENTED_EDGE('',*,*,#147010,.T.);
#150820=EDGE_LOOP('',(#150810,#150800,#150790,#150780));
#150830=FACE_OUTER_BOUND('',#150820,.T.);
#150840=ADVANCED_FACE('',(#150830),#150770,.F.);
#150850=CARTESIAN_POINT('',(-3.66048958895998,0.740338999999999,
0.140000000000065));
#150860=DIRECTION('',(1.,3.51506645352639E-15,4.89842541528949E-16));
#150870=DIRECTION('',(3.51506645352639E-15,-1.,7.34763812293428E-16));
#150880=AXIS2_PLACEMENT_3D('',#150850,#150860,#150870);
#150890=PLANE('',#150880);
#150900=CARTESIAN_POINT('',(-3.66048958895998,3.09681793725154E-15,
-6.00000000000007));
#150910=DIRECTION('',(3.51506645352638E-15,-1.,2.36795739080757E-15));
#150920=VECTOR('',#150910,1.);
#150930=LINE('',#150900,#150920);
#150940=CARTESIAN_POINT('',(-3.66048958896005,1.11533900000004,-6.));
#150950=VERTEX_POINT('',#150940);
#150960=CARTESIAN_POINT('',(-3.66048958895998,0.740339000000034,-6.));
#150970=VERTEX_POINT('',#150960);
#150980=EDGE_CURVE('',#150950,#150970,#150930,.T.);
#150990=ORIENTED_EDGE('',*,*,#150980,.F.);
#151000=CARTESIAN_POINT('',(-3.66048958896016,0.740339000000025,
2.44001818181815));
#151010=DIRECTION('',(-1.21946186411142E-15,-1.5497327856416E-15,-1.));
#151020=VECTOR('',#151010,1.);
#151030=LINE('',#151000,#151020);
#151040=EDGE_CURVE('',#74640,#150970,#151030,.T.);
#151050=ORIENTED_EDGE('',*,*,#151040,.T.);
#151060=ORIENTED_EDGE('',*,*,#74650,.T.);
#151070=CARTESIAN_POINT('',(-3.66048958896022,1.11533899999988,0.));
#151080=DIRECTION('',(7.34763812293426E-16,-4.89842541528948E-16,-1.));
#151090=VECTOR('',#151080,1.);
#151100=LINE('',#151070,#151090);
#151110=EDGE_CURVE('',#74560,#150950,#151100,.T.);
#151120=ORIENTED_EDGE('',*,*,#151110,.F.);
#151130=EDGE_LOOP('',(#151120,#151060,#151050,#150990));
#151140=FACE_OUTER_BOUND('',#151130,.T.);
#151150=ADVANCED_FACE('',(#151140),#150890,.T.);
#151160=CARTESIAN_POINT('',(-3.79048958896017,1.09533900000002,
-1.65500000000002));
#151170=DIRECTION('',(1.1997285774577E-31,-9.79685083057902E-16,-1.));
#151180=DIRECTION('',(1.,1.22460635382237E-16,-3.06534039071054E-46));
#151190=AXIS2_PLACEMENT_3D('',#151160,#151170,#151180);
#151200=PLANE('',#151190);
#151210=ORIENTED_EDGE('',*,*,#136590,.T.);
#151220=ORIENTED_EDGE('',*,*,#77220,.T.);
#151230=ORIENTED_EDGE('',*,*,#29800,.T.);
#151240=ORIENTED_EDGE('',*,*,#81080,.T.);
#151250=CARTESIAN_POINT('',(0.,1.32533899999994,-1.65500000000002));
#151260=DIRECTION('',(1.,1.63507259138096E-15,-1.28189897098414E-30));
#151270=VECTOR('',#151260,1.);
#151280=LINE('',#151250,#151270);
#151290=EDGE_CURVE('',#77470,#81000,#151280,.T.);
#151300=ORIENTED_EDGE('',*,*,#151290,.T.);
#151310=ORIENTED_EDGE('',*,*,#77480,.T.);
#151320=ORIENTED_EDGE('',*,*,#91940,.T.);
#151330=ORIENTED_EDGE('',*,*,#136040,.T.);
#151340=ORIENTED_EDGE('',*,*,#45860,.T.);
#151350=ORIENTED_EDGE('',*,*,#91330,.T.);
#151360=ORIENTED_EDGE('',*,*,#44840,.T.);
#151370=ORIENTED_EDGE('',*,*,#47520,.T.);
#151380=EDGE_LOOP('',(#151370,#151360,#151350,#151340,#151330,#151320,
#151310,#151300,#151240,#151230,#151220,#151210));
#151390=FACE_OUTER_BOUND('',#151380,.T.);
#151400=ADVANCED_FACE('',(#151390),#151200,.F.);
#151410=CARTESIAN_POINT('',(-3.81548958896013,1.13033899999992,
-0.267500000000006));
#151420=DIRECTION('',(0.707106781186553,-0.707106781186542,
-8.89099147845271E-15));
#151430=DIRECTION('',(-0.707106781186542,-0.707106781186553,
-1.86508789707032E-15));
#151440=AXIS2_PLACEMENT_3D('',#151410,#151420,#151430);
#151450=PLANE('',#151440);
#151460=ORIENTED_EDGE('',*,*,#110110,.F.);
#151470=ORIENTED_EDGE('',*,*,#49140,.T.);
#151480=ORIENTED_EDGE('',*,*,#138940,.T.);
#151490=ORIENTED_EDGE('',*,*,#143090,.T.);
#151500=EDGE_LOOP('',(#151490,#151480,#151470,#151460));
#151510=FACE_OUTER_BOUND('',#151500,.T.);
#151520=ADVANCED_FACE('',(#151510),#151450,.F.);
#151530=CARTESIAN_POINT('',(-2.57341220317929,1.16165663364027,
-2.92519026233275));
#151540=DIRECTION('',(-0.0478051859951587,0.998856678503963,
-5.06565230622445E-16));
#151550=DIRECTION('',(-0.998856678503963,-0.0478051859951587,
-4.5418042979937E-16));
#151560=AXIS2_PLACEMENT_3D('',#151530,#151540,#151550);
#151570=PLANE('',#151560);
#151580=ORIENTED_EDGE('',*,*,#46260,.F.);
#151590=ORIENTED_EDGE('',*,*,#149160,.F.);
#151600=ORIENTED_EDGE('',*,*,#118990,.F.);
#151610=ORIENTED_EDGE('',*,*,#101070,.T.);
#151620=EDGE_LOOP('',(#151610,#151600,#151590,#151580));
#151630=FACE_OUTER_BOUND('',#151620,.T.);
#151640=ADVANCED_FACE('',(#151630),#151570,.T.);
#151650=CARTESIAN_POINT('',(-3.82048958896017,1.17533900000002,
-2.40000000000002));
#151660=DIRECTION('',(2.99932144364427E-32,7.34763812293426E-16,1.));
#151670=DIRECTION('',(1.22460635382237E-16,-1.,7.34763812293426E-16));
#151680=AXIS2_PLACEMENT_3D('',#151650,#151660,#151670);
#151690=CYLINDRICAL_SURFACE('',#151680,0.16);
#151700=ORIENTED_EDGE('',*,*,#93390,.T.);
#151710=CARTESIAN_POINT('',(-3.76481194533165,1.32533899999994,
-2.40000000000002));
#151720=DIRECTION('',(2.99932144364427E-32,7.34763812293426E-16,1.));
#151730=VECTOR('',#151720,1.);
#151740=LINE('',#151710,#151730);
#151750=EDGE_CURVE('',#93310,#85190,#151740,.T.);
#151760=ORIENTED_EDGE('',*,*,#151750,.F.);
#151770=ORIENTED_EDGE('',*,*,#85200,.F.);
#151780=ORIENTED_EDGE('',*,*,#93140,.T.);
#151790=EDGE_LOOP('',(#151780,#151770,#151760,#151700));
#151800=FACE_OUTER_BOUND('',#151790,.T.);
#151810=ADVANCED_FACE('',(#151800),#151690,.T.);
#151820=CARTESIAN_POINT('',(-2.27048958896017,1.31533900000001,
-4.85500000000001));
#151830=DIRECTION('',(1.,1.22460635382238E-16,4.89842541528951E-16));
#151840=DIRECTION('',(1.22460635382238E-16,-1.,7.34763812293426E-16));
#151850=AXIS2_PLACEMENT_3D('',#151820,#151830,#151840);
#151860=PLANE('',#151850);
#151870=ORIENTED_EDGE('',*,*,#97970,.F.);
#151880=ORIENTED_EDGE('',*,*,#137060,.F.);
#151890=ORIENTED_EDGE('',*,*,#2580,.F.);
#151900=ORIENTED_EDGE('',*,*,#54430,.F.);
#151910=EDGE_LOOP('',(#151900,#151890,#151880,#151870));
#151920=FACE_OUTER_BOUND('',#151910,.T.);
#151930=ADVANCED_FACE('',(#151920),#151860,.T.);
#151940=CARTESIAN_POINT('',(-4.25048958896017,1.31533900000002,
-3.00500000000002));
#151950=DIRECTION('',(-1.,-1.22460635382238E-16,-2.44921270764475E-16));
#151960=DIRECTION('',(1.22460635382238E-16,-1.,7.34763812293427E-16));
#151970=AXIS2_PLACEMENT_3D('',#151940,#151950,#151960);
#151980=PLANE('',#151970);
#151990=ORIENTED_EDGE('',*,*,#100830,.F.);
#152000=ORIENTED_EDGE('',*,*,#140970,.F.);
#152010=ORIENTED_EDGE('',*,*,#49820,.F.);
#152020=ORIENTED_EDGE('',*,*,#104040,.F.);
#152030=EDGE_LOOP('',(#152020,#152010,#152000,#151990));
#152040=FACE_OUTER_BOUND('',#152030,.T.);
#152050=ADVANCED_FACE('',(#152040),#151980,.T.);
#152060=CARTESIAN_POINT('',(-3.97048958896014,1.30533899999994,
0.354999999999999));
#152070=DIRECTION('',(-1.,-3.14768454737968E-15,-1.46952762458685E-15));
#152080=DIRECTION('',(-1.46952762458685E-15,-2.81187636795561E-30,1.));
#152090=AXIS2_PLACEMENT_3D('',#152060,#152070,#152080);
#152100=PLANE('',#152090);
#152110=ORIENTED_EDGE('',*,*,#3440,.F.);
#152120=ORIENTED_EDGE('',*,*,#138020,.F.);
#152130=ORIENTED_EDGE('',*,*,#15310,.F.);
#152140=ORIENTED_EDGE('',*,*,#138770,.T.);
#152150=EDGE_LOOP('',(#152140,#152130,#152120,#152110));
#152160=FACE_OUTER_BOUND('',#152150,.T.);
#152170=ADVANCED_FACE('',(#152160),#152100,.T.);
#152180=CARTESIAN_POINT('',(-4.30048958896017,1.33533900000002,
-4.85500000000002));
#152190=DIRECTION('',(-1.22460635382238E-16,1.,-7.34763812293426E-16));
#152200=DIRECTION('',(-2.44921270764476E-16,7.34763812293426E-16,1.));
#152210=AXIS2_PLACEMENT_3D('',#152180,#152190,#152200);
#152220=PLANE('',#152210);
#152230=ORIENTED_EDGE('',*,*,#117060,.F.);
#152240=ORIENTED_EDGE('',*,*,#147970,.T.);
#152250=ORIENTED_EDGE('',*,*,#103600,.F.);
#152260=ORIENTED_EDGE('',*,*,#104690,.F.);
#152270=EDGE_LOOP('',(#152260,#152250,#152240,#152230));
#152280=FACE_OUTER_BOUND('',#152270,.T.);
#152290=ADVANCED_FACE('',(#152280),#152220,.T.);
#152300=CARTESIAN_POINT('',(-3.87162580248287,1.325339,0.540000000000004
));
#152310=DIRECTION('',(0.581238193719096,-0.813733471206735,
4.840158298766E-16));
#152320=DIRECTION('',(0.813733471206735,0.581238193719096,
2.56243674640553E-16));
#152330=AXIS2_PLACEMENT_3D('',#152300,#152310,#152320);
#152340=CYLINDRICAL_SURFACE('',#152330,0.02);
#152350=ORIENTED_EDGE('',*,*,#37340,.T.);
#152360=ORIENTED_EDGE('',*,*,#40840,.T.);
#152370=ORIENTED_EDGE('',*,*,#38250,.F.);
#152380=ORIENTED_EDGE('',*,*,#43270,.F.);
#152390=ORIENTED_EDGE('',*,*,#142470,.F.);
#152400=ORIENTED_EDGE('',*,*,#40360,.T.);
#152410=EDGE_LOOP('',(#152400,#152390,#152380,#152370,#152360,#152350));
#152420=FACE_OUTER_BOUND('',#152410,.T.);
#152430=ADVANCED_FACE('',(#152420),#152340,.T.);
#152440=CARTESIAN_POINT('',(-2.57341220317929,1.16165663364027,
-3.72519026233275));
#152450=DIRECTION('',(-0.0478051859951587,0.998856678503963,
-5.06565230622445E-16));
#152460=DIRECTION('',(-0.998856678503963,-0.0478051859951587,
-4.5418042979937E-16));
#152470=AXIS2_PLACEMENT_3D('',#152440,#152450,#152460);
#152480=PLANE('',#152470);
#152490=ORIENTED_EDGE('',*,*,#98680,.T.);
#152500=ORIENTED_EDGE('',*,*,#149210,.F.);
#152510=ORIENTED_EDGE('',*,*,#135160,.F.);
#152520=ORIENTED_EDGE('',*,*,#92690,.T.);
#152530=EDGE_LOOP('',(#152520,#152510,#152500,#152490));
#152540=FACE_OUTER_BOUND('',#152530,.T.);
#152550=ADVANCED_FACE('',(#152540),#152480,.T.);
#152560=ORIENTED_EDGE('',*,*,#107720,.F.);
#152570=ORIENTED_EDGE('',*,*,#89700,.F.);
#152580=EDGE_CURVE('',#103360,#89610,#22130,.T.);
#152590=ORIENTED_EDGE('',*,*,#152580,.T.);
#152600=ORIENTED_EDGE('',*,*,#103370,.T.);
#152610=EDGE_LOOP('',(#152600,#152590,#152570,#152560));
#152620=FACE_OUTER_BOUND('',#152610,.T.);
#152630=ADVANCED_FACE('',(#152620),#21910,.T.);
#152640=CARTESIAN_POINT('',(-3.38548958896005,0.590339,0.415000000000001
));
#152650=DIRECTION('',(-0.707106781186553,0.707106781186543,
-1.21229843990071E-15));
#152660=DIRECTION('',(-0.707106781186543,-0.707106781186553,
-8.65927457071929E-16));
#152670=AXIS2_PLACEMENT_3D('',#152640,#152650,#152660);
#152680=PLANE('',#152670);
#152690=ORIENTED_EDGE('',*,*,#75730,.F.);
#152700=ORIENTED_EDGE('',*,*,#146360,.F.);
#152710=ORIENTED_EDGE('',*,*,#145890,.F.);
#152720=ORIENTED_EDGE('',*,*,#144940,.F.);
#152730=EDGE_LOOP('',(#152720,#152710,#152700,#152690));
#152740=FACE_OUTER_BOUND('',#152730,.T.);
#152750=ADVANCED_FACE('',(#152740),#152680,.F.);
#152760=CARTESIAN_POINT('',(-2.57495974099962,0.,-5.80500000000001));
#152770=DIRECTION('',(0.0478051859951588,-0.998856678503963,
5.03069808033274E-16));
#152780=VECTOR('',#152770,1.);
#152790=LINE('',#152760,#152780);
#152800=CARTESIAN_POINT('',(-2.63042592347533,1.15892796238875,
-5.80500000000001));
#152810=VERTEX_POINT('',#152800);
#152820=CARTESIAN_POINT('',(-2.62786116081277,1.10533900000005,
-5.80500000000001));
#152830=VERTEX_POINT('',#152820);
#152840=EDGE_CURVE('',#152810,#152830,#152790,.T.);
#152850=ORIENTED_EDGE('',*,*,#152840,.T.);
#152860=CARTESIAN_POINT('',(0.,1.28481989786298,-5.80500000000001));
#152870=DIRECTION('',(-0.998856678503963,-0.0478051859951587,
-2.22044604925031E-16));
#152880=VECTOR('',#152870,1.);
#152890=LINE('',#152860,#152880);
#152900=EDGE_CURVE('',#133190,#152810,#152890,.T.);
#152910=ORIENTED_EDGE('',*,*,#152900,.T.);
#152920=ORIENTED_EDGE('',*,*,#133200,.F.);
#152930=ORIENTED_EDGE('',*,*,#124140,.T.);
#152940=ORIENTED_EDGE('',*,*,#128270,.T.);
#152950=ORIENTED_EDGE('',*,*,#128110,.F.);
#152960=ORIENTED_EDGE('',*,*,#127790,.T.);
#152970=ORIENTED_EDGE('',*,*,#121120,.T.);
#152980=EDGE_CURVE('',#142230,#121020,#125390,.T.);
#152990=ORIENTED_EDGE('',*,*,#152980,.T.);
#153000=ORIENTED_EDGE('',*,*,#142320,.T.);
#153010=ORIENTED_EDGE('',*,*,#117610,.T.);
#153020=CARTESIAN_POINT('',(0.,1.10533899999995,-5.80500000000001));
#153030=DIRECTION('',(1.,1.37390066347271E-16,2.44921270764476E-16));
#153040=VECTOR('',#153030,1.);
#153050=LINE('',#153020,#153040);
#153060=EDGE_CURVE('',#117540,#152830,#153050,.T.);
#153070=ORIENTED_EDGE('',*,*,#153060,.F.);
#153080=EDGE_LOOP('',(#153070,#153010,#153000,#152990,#152970,#152960,
#152950,#152940,#152930,#152920,#152910,#152850));
#153090=FACE_OUTER_BOUND('',#153080,.T.);
#153100=ADVANCED_FACE('',(#153090),#125090,.F.);
#153110=CARTESIAN_POINT('',(-3.39353222095369,1.32533899999996,
6.27341907880209));
#153120=DIRECTION('',(-1.63507259138096E-15,1.,-2.05283387029408E-30));
#153130=DIRECTION('',(-1.,-1.63507259138096E-15,-4.8984254152895E-16));
#153140=AXIS2_PLACEMENT_3D('',#153110,#153120,#153130);
#153150=PLANE('',#153140);
#153160=ORIENTED_EDGE('',*,*,#152980,.F.);
#153170=ORIENTED_EDGE('',*,*,#121030,.T.);
#153180=ORIENTED_EDGE('',*,*,#127560,.T.);
#153190=ORIENTED_EDGE('',*,*,#138520,.T.);
#153200=ORIENTED_EDGE('',*,*,#143810,.F.);
#153210=ORIENTED_EDGE('',*,*,#69670,.T.);
#153220=ORIENTED_EDGE('',*,*,#84320,.F.);
#153230=ORIENTED_EDGE('',*,*,#89340,.T.);
#153240=ORIENTED_EDGE('',*,*,#54610,.F.);
#153250=ORIENTED_EDGE('',*,*,#111380,.T.);
#153260=ORIENTED_EDGE('',*,*,#136980,.F.);
#153270=ORIENTED_EDGE('',*,*,#113820,.T.);
#153280=ORIENTED_EDGE('',*,*,#141420,.F.);
#153290=ORIENTED_EDGE('',*,*,#118610,.T.);
#153300=ORIENTED_EDGE('',*,*,#119580,.F.);
#153310=ORIENTED_EDGE('',*,*,#116300,.T.);
#153320=ORIENTED_EDGE('',*,*,#67790,.F.);
#153330=ORIENTED_EDGE('',*,*,#32120,.T.);
#153340=ORIENTED_EDGE('',*,*,#121630,.T.);
#153350=ORIENTED_EDGE('',*,*,#118300,.T.);
#153360=ORIENTED_EDGE('',*,*,#48490,.F.);
#153370=ORIENTED_EDGE('',*,*,#144050,.T.);
#153380=ORIENTED_EDGE('',*,*,#98920,.T.);
#153390=ORIENTED_EDGE('',*,*,#145630,.T.);
#153400=ORIENTED_EDGE('',*,*,#135450,.F.);
#153410=ORIENTED_EDGE('',*,*,#141640,.T.);
#153420=ORIENTED_EDGE('',*,*,#110810,.F.);
#153430=ORIENTED_EDGE('',*,*,#100220,.T.);
#153440=ORIENTED_EDGE('',*,*,#79550,.F.);
#153450=ORIENTED_EDGE('',*,*,#115480,.T.);
#153460=ORIENTED_EDGE('',*,*,#46660,.F.);
#153470=ORIENTED_EDGE('',*,*,#143890,.T.);
#153480=ORIENTED_EDGE('',*,*,#119260,.F.);
#153490=ORIENTED_EDGE('',*,*,#123100,.T.);
#153500=ORIENTED_EDGE('',*,*,#122410,.F.);
#153510=ORIENTED_EDGE('',*,*,#73310,.T.);
#153520=ORIENTED_EDGE('',*,*,#87930,.F.);
#153530=ORIENTED_EDGE('',*,*,#144490,.T.);
#153540=ORIENTED_EDGE('',*,*,#119900,.F.);
#153550=ORIENTED_EDGE('',*,*,#80380,.T.);
#153560=ORIENTED_EDGE('',*,*,#145550,.F.);
#153570=ORIENTED_EDGE('',*,*,#62620,.T.);
#153580=ORIENTED_EDGE('',*,*,#99770,.F.);
#153590=ORIENTED_EDGE('',*,*,#14420,.T.);
#153600=ORIENTED_EDGE('',*,*,#132490,.F.);
#153610=ORIENTED_EDGE('',*,*,#140400,.T.);
#153620=ORIENTED_EDGE('',*,*,#18670,.T.);
#153630=ORIENTED_EDGE('',*,*,#70930,.T.);
#153640=ORIENTED_EDGE('',*,*,#106490,.F.);
#153650=ORIENTED_EDGE('',*,*,#147550,.T.);
#153660=ORIENTED_EDGE('',*,*,#102120,.F.);
#153670=ORIENTED_EDGE('',*,*,#148880,.T.);
#153680=ORIENTED_EDGE('',*,*,#59070,.F.);
#153690=ORIENTED_EDGE('',*,*,#58490,.T.);
#153700=ORIENTED_EDGE('',*,*,#57650,.F.);
#153710=ORIENTED_EDGE('',*,*,#55840,.T.);
#153720=ORIENTED_EDGE('',*,*,#7080,.T.);
#153730=ORIENTED_EDGE('',*,*,#48820,.T.);
#153740=ORIENTED_EDGE('',*,*,#22400,.F.);
#153750=ORIENTED_EDGE('',*,*,#68380,.F.);
#153760=ORIENTED_EDGE('',*,*,#133020,.T.);
#153770=ORIENTED_EDGE('',*,*,#24910,.F.);
#153780=ORIENTED_EDGE('',*,*,#23540,.F.);
#153790=ORIENTED_EDGE('',*,*,#4700,.F.);
#153800=ORIENTED_EDGE('',*,*,#12070,.F.);
#153810=ORIENTED_EDGE('',*,*,#9530,.F.);
#153820=ORIENTED_EDGE('',*,*,#37030,.F.);
#153830=ORIENTED_EDGE('',*,*,#6070,.T.);
#153840=ORIENTED_EDGE('',*,*,#34330,.T.);
#153850=ORIENTED_EDGE('',*,*,#35540,.T.);
#153860=ORIENTED_EDGE('',*,*,#35850,.F.);
#153870=ORIENTED_EDGE('',*,*,#131240,.T.);
#153880=ORIENTED_EDGE('',*,*,#143500,.T.);
#153890=ORIENTED_EDGE('',*,*,#142660,.T.);
#153900=ORIENTED_EDGE('',*,*,#124700,.T.);
#153910=ORIENTED_EDGE('',*,*,#137520,.T.);
#153920=ORIENTED_EDGE('',*,*,#144170,.F.);
#153930=ORIENTED_EDGE('',*,*,#11500,.T.);
#153940=ORIENTED_EDGE('',*,*,#128730,.T.);
#153950=ORIENTED_EDGE('',*,*,#128530,.F.);
#153960=ORIENTED_EDGE('',*,*,#137850,.F.);
#153970=ORIENTED_EDGE('',*,*,#11770,.T.);
#153980=ORIENTED_EDGE('',*,*,#138670,.T.);
#153990=ORIENTED_EDGE('',*,*,#48980,.F.);
#154000=ORIENTED_EDGE('',*,*,#110020,.F.);
#154010=ORIENTED_EDGE('',*,*,#61740,.T.);
#154020=ORIENTED_EDGE('',*,*,#51320,.T.);
#154030=ORIENTED_EDGE('',*,*,#60600,.F.);
#154040=ORIENTED_EDGE('',*,*,#139710,.F.);
#154050=ORIENTED_EDGE('',*,*,#140640,.T.);
#154060=ORIENTED_EDGE('',*,*,#135810,.T.);
#154070=ORIENTED_EDGE('',*,*,#65790,.F.);
#154080=ORIENTED_EDGE('',*,*,#33570,.F.);
#154090=ORIENTED_EDGE('',*,*,#53010,.T.);
#154100=ORIENTED_EDGE('',*,*,#96290,.T.);
#154110=ORIENTED_EDGE('',*,*,#77520,.F.);
#154120=ORIENTED_EDGE('',*,*,#151290,.F.);
#154130=ORIENTED_EDGE('',*,*,#81010,.T.);
#154140=ORIENTED_EDGE('',*,*,#90430,.T.);
#154150=ORIENTED_EDGE('',*,*,#68940,.F.);
#154160=ORIENTED_EDGE('',*,*,#97020,.F.);
#154170=ORIENTED_EDGE('',*,*,#98270,.T.);
#154180=ORIENTED_EDGE('',*,*,#105690,.T.);
#154190=ORIENTED_EDGE('',*,*,#45460,.F.);
#154200=ORIENTED_EDGE('',*,*,#85260,.F.);
#154210=ORIENTED_EDGE('',*,*,#151750,.T.);
#154220=ORIENTED_EDGE('',*,*,#93320,.T.);
#154230=ORIENTED_EDGE('',*,*,#101930,.F.);
#154240=ORIENTED_EDGE('',*,*,#104120,.F.);
#154250=ORIENTED_EDGE('',*,*,#50210,.T.);
#154260=ORIENTED_EDGE('',*,*,#141110,.T.);
#154270=ORIENTED_EDGE('',*,*,#110590,.F.);
#154280=ORIENTED_EDGE('',*,*,#52300,.F.);
#154290=ORIENTED_EDGE('',*,*,#55320,.T.);
#154300=ORIENTED_EDGE('',*,*,#120540,.T.);
#154310=ORIENTED_EDGE('',*,*,#95200,.F.);
#154320=ORIENTED_EDGE('',*,*,#13400,.F.);
#154330=ORIENTED_EDGE('',*,*,#144740,.T.);
#154340=ORIENTED_EDGE('',*,*,#148260,.T.);
#154350=ORIENTED_EDGE('',*,*,#22160,.F.);
#154360=ORIENTED_EDGE('',*,*,#88910,.F.);
#154370=ORIENTED_EDGE('',*,*,#139100,.T.);
#154380=ORIENTED_EDGE('',*,*,#26800,.T.);
#154390=ORIENTED_EDGE('',*,*,#118810,.F.);
#154400=ORIENTED_EDGE('',*,*,#70610,.F.);
#154410=ORIENTED_EDGE('',*,*,#23110,.T.);
#154420=ORIENTED_EDGE('',*,*,#114110,.T.);
#154430=ORIENTED_EDGE('',*,*,#129840,.F.);
#154440=ORIENTED_EDGE('',*,*,#117150,.F.);
#154450=ORIENTED_EDGE('',*,*,#104540,.T.);
#154460=ORIENTED_EDGE('',*,*,#103450,.T.);
#154470=ORIENTED_EDGE('',*,*,#152580,.F.);
#154480=ORIENTED_EDGE('',*,*,#89620,.F.);
#154490=ORIENTED_EDGE('',*,*,#85600,.T.);
#154500=ORIENTED_EDGE('',*,*,#30600,.T.);
#154510=ORIENTED_EDGE('',*,*,#120750,.F.);
#154520=ORIENTED_EDGE('',*,*,#123560,.F.);
#154530=ORIENTED_EDGE('',*,*,#137340,.T.);
#154540=ORIENTED_EDGE('',*,*,#125420,.F.);
#154550=ORIENTED_EDGE('',*,*,#129290,.F.);
#154560=CARTESIAN_POINT('',(-6.52097917792031,1.32533899999996,
-6.05499999999998));
#154570=DIRECTION('',(1.,3.18938482585618E-15,-4.6231737951578E-16));
#154580=VECTOR('',#154570,1.);
#154590=LINE('',#154560,#154580);
#154600=CARTESIAN_POINT('',(-3.97048958896016,1.32533899999997,
-6.05499999999998));
#154610=VERTEX_POINT('',#154600);
#154620=EDGE_CURVE('',#154610,#129220,#154590,.T.);
#154630=ORIENTED_EDGE('',*,*,#154620,.T.);
#154640=CARTESIAN_POINT('',(-3.97048958896016,1.32533899999997,
-6.05499999999998));
#154650=DIRECTION('',(4.89842541528951E-16,-7.34763812293426E-16,-1.));
#154660=VECTOR('',#154650,1.);
#154670=LINE('',#154640,#154660);
#154680=CARTESIAN_POINT('',(-3.97048958896016,1.32533899999997,
-6.21499999999999));
#154690=VERTEX_POINT('',#154680);
#154700=EDGE_CURVE('',#154610,#154690,#154670,.T.);
#154710=ORIENTED_EDGE('',*,*,#154700,.F.);
#154720=CARTESIAN_POINT('',(-6.52097917792031,1.32533899999996,
-6.21499999999998));
#154730=DIRECTION('',(-1.,-3.18938482585618E-15,4.89842541528953E-16));
#154740=VECTOR('',#154730,1.);
#154750=LINE('',#154720,#154740);
#154760=CARTESIAN_POINT('',(-3.99048958896017,1.32533899999997,
-6.21499999999999));
#154770=VERTEX_POINT('',#154760);
#154780=EDGE_CURVE('',#154690,#154770,#154750,.T.);
#154790=ORIENTED_EDGE('',*,*,#154780,.F.);
#154800=CARTESIAN_POINT('',(-3.99048958896017,1.32533899999994,
-5.85999999999999));
#154810=DIRECTION('',(-3.6738190614671E-16,-1.54840896862576E-15,-1.));
#154820=VECTOR('',#154810,1.);
#154830=LINE('',#154800,#154820);
#154840=CARTESIAN_POINT('',(-3.99048958896017,1.32533899999994,
-6.29999999999999));
#154850=VERTEX_POINT('',#154840);
#154860=EDGE_CURVE('',#154770,#154850,#154830,.T.);
#154870=ORIENTED_EDGE('',*,*,#154860,.F.);
#154880=CARTESIAN_POINT('',(-6.52097917792031,1.32533899999994,
-3.76951041103985));
#154890=DIRECTION('',(0.707106781186548,1.15078189765236E-15,
-0.707106781186548));
#154900=VECTOR('',#154890,1.);
#154910=LINE('',#154880,#154900);
#154920=CARTESIAN_POINT('',(-3.79048958896017,1.32533899999994,
-6.49999999999998));
#154930=VERTEX_POINT('',#154920);
#154940=EDGE_CURVE('',#154850,#154930,#154910,.T.);
#154950=ORIENTED_EDGE('',*,*,#154940,.F.);
#154960=CARTESIAN_POINT('',(-6.52097917792031,1.32533899999993,
-6.49999999999998));
#154970=DIRECTION('',(1.,3.18938482585618E-15,-4.89842541528952E-16));
#154980=VECTOR('',#154970,1.);
#154990=LINE('',#154960,#154980);
#155000=CARTESIAN_POINT('',(-3.69048958896017,1.32533899999997,
-6.49999999999998));
#155010=VERTEX_POINT('',#155000);
#155020=EDGE_CURVE('',#154930,#155010,#154990,.T.);
#155030=ORIENTED_EDGE('',*,*,#155020,.F.);
#155040=CARTESIAN_POINT('',(-3.69048958896017,1.32533899999997,
-5.85999999999999));
#155050=DIRECTION('',(-9.75781955237329E-18,1.54840896862576E-15,1.));
#155060=VECTOR('',#155050,1.);
#155070=LINE('',#155040,#155060);
#155080=CARTESIAN_POINT('',(-3.69048958896017,1.32533899999997,
-6.44999999999997));
#155090=VERTEX_POINT('',#155080);
#155100=EDGE_CURVE('',#155010,#155090,#155070,.T.);
#155110=ORIENTED_EDGE('',*,*,#155100,.F.);
#155120=CARTESIAN_POINT('',(-6.52097917792031,1.32533899999996,
-6.44999999999997));
#155130=DIRECTION('',(1.,3.18938482585618E-15,3.44248250840926E-16));
#155140=VECTOR('',#155130,1.);
#155150=LINE('',#155120,#155140);
#155160=CARTESIAN_POINT('',(-3.72048958896016,1.32533899999997,
-6.44999999999999));
#155170=VERTEX_POINT('',#155160);
#155180=EDGE_CURVE('',#155170,#155090,#155150,.T.);
#155190=ORIENTED_EDGE('',*,*,#155180,.T.);
#155200=CARTESIAN_POINT('',(-3.72048958896016,1.32533899999997,
-5.85999999999999));
#155210=DIRECTION('',(-4.89842541528968E-17,-1.54840896862576E-15,-1.));
#155220=VECTOR('',#155210,1.);
#155230=LINE('',#155200,#155220);
#155240=CARTESIAN_POINT('',(-3.72048958896014,1.32533899999997,
-6.21499999999999));
#155250=VERTEX_POINT('',#155240);
#155260=EDGE_CURVE('',#155250,#155170,#155230,.T.);
#155270=ORIENTED_EDGE('',*,*,#155260,.T.);
#155280=CARTESIAN_POINT('',(-2.80048958896021,1.32533899999997,
-6.21499999999999));
#155290=VERTEX_POINT('',#155280);
#155300=EDGE_CURVE('',#155290,#155250,#154750,.T.);
#155310=ORIENTED_EDGE('',*,*,#155300,.T.);
#155320=CARTESIAN_POINT('',(-2.8004895889602,1.32533899999998,
-5.85999999999999));
#155330=DIRECTION('',(-2.15530718272738E-15,-1.54840896862577E-15,-1.));
#155340=VECTOR('',#155330,1.);
#155350=LINE('',#155320,#155340);
#155360=EDGE_CURVE('',#155290,#63670,#155350,.T.);
#155370=ORIENTED_EDGE('',*,*,#155360,.F.);
#155380=ORIENTED_EDGE('',*,*,#63900,.T.);
#155390=CARTESIAN_POINT('',(-2.83048958896016,1.32533899999997,
-5.85999999999999));
#155400=DIRECTION('',(7.44521631845794E-16,1.54840896862576E-15,1.));
#155410=VECTOR('',#155400,1.);
#155420=LINE('',#155390,#155410);
#155430=CARTESIAN_POINT('',(-2.83048958896016,1.32533899999997,
-6.49999999999999));
#155440=VERTEX_POINT('',#155430);
#155450=EDGE_CURVE('',#155440,#63830,#155420,.T.);
#155460=ORIENTED_EDGE('',*,*,#155450,.T.);
#155470=CARTESIAN_POINT('',(-6.52097917792031,1.32533899999993,
-6.49999999999998));
#155480=DIRECTION('',(-1.,-3.18938482585618E-15,2.44921270764478E-16));
#155490=VECTOR('',#155480,1.);
#155500=LINE('',#155470,#155490);
#155510=CARTESIAN_POINT('',(-2.73048958896016,1.32533899999994,
-6.49999999999999));
#155520=VERTEX_POINT('',#155510);
#155530=EDGE_CURVE('',#155520,#155440,#155500,.T.);
#155540=ORIENTED_EDGE('',*,*,#155530,.T.);
#155550=CARTESIAN_POINT('',(-2.09048958896016,1.32533899999995,
-5.85999999999999));
#155560=DIRECTION('',(-0.707106781186548,-3.34056286118305E-15,
-0.707106781186547));
#155570=VECTOR('',#155560,1.);
#155580=LINE('',#155550,#155570);
#155590=CARTESIAN_POINT('',(-2.53048958896017,1.32533899999994,
-6.29999999999999));
#155600=VERTEX_POINT('',#155590);
#155610=EDGE_CURVE('',#155600,#155520,#155580,.T.);
#155620=ORIENTED_EDGE('',*,*,#155610,.T.);
#155630=CARTESIAN_POINT('',(-2.53048958896017,1.32533899999994,
-5.85999999999999));
#155640=DIRECTION('',(-3.6738190614671E-16,-1.54840896862576E-15,-1.));
#155650=VECTOR('',#155640,1.);
#155660=LINE('',#155630,#155650);
#155670=CARTESIAN_POINT('',(-2.53048958896017,1.32533899999998,
-6.21499999999999));
#155680=VERTEX_POINT('',#155670);
#155690=EDGE_CURVE('',#155680,#155600,#155660,.T.);
#155700=ORIENTED_EDGE('',*,*,#155690,.T.);
#155710=CARTESIAN_POINT('',(-2.55048958896017,1.32533899999994,
-6.21499999999999));
#155720=VERTEX_POINT('',#155710);
#155730=EDGE_CURVE('',#155680,#155720,#154750,.T.);
#155740=ORIENTED_EDGE('',*,*,#155730,.F.);
#155750=CARTESIAN_POINT('',(-2.55048958896017,1.32533899999998,
-6.05499999999999));
#155760=DIRECTION('',(4.89842541528954E-16,-1.54840896862576E-15,-1.));
#155770=VECTOR('',#155760,1.);
#155780=LINE('',#155750,#155770);
#155790=EDGE_CURVE('',#126610,#155720,#155780,.T.);
#155800=ORIENTED_EDGE('',*,*,#155790,.T.);
#155810=ORIENTED_EDGE('',*,*,#126620,.T.);
#155820=ORIENTED_EDGE('',*,*,#142240,.F.);
#155830=EDGE_LOOP('',(#155820,#155810,#155800,#155740,#155700,#155620,
#155540,#155460,#155380,#155370,#155310,#155270,#155190,#155110,#155030,
#154950,#154870,#154790,#154710,#154630,#154550,#154540,#154530,#154520,
#154510,#154500,#154490,#154480,#154470,#154460,#154450,#154440,#154430,
#154420,#154410,#154400,#154390,#154380,#154370,#154360,#154350,#154340,
#154330,#154320,#154310,#154300,#154290,#154280,#154270,#154260,#154250,
#154240,#154230,#154220,#154210,#154200,#154190,#154180,#154170,#154160,
#154150,#154140,#154130,#154120,#154110,#154100,#154090,#154080,#154070,
#154060,#154050,#154040,#154030,#154020,#154010,#154000,#153990,#153980,
#153970,#153960,#153950,#153940,#153930,#153920,#153910,#153900,#153890,
#153880,#153870,#153860,#153850,#153840,#153830,#153820,#153810,#153800,
#153790,#153780,#153770,#153760,#153750,#153740,#153730,#153720,#153710,
#153700,#153690,#153680,#153670,#153660,#153650,#153640,#153630,#153620,
#153610,#153600,#153590,#153580,#153570,#153560,#153550,#153540,#153530,
#153520,#153510,#153500,#153490,#153480,#153470,#153460,#153450,#153440,
#153430,#153420,#153410,#153400,#153390,#153380,#153370,#153360,#153350,
#153340,#153330,#153320,#153310,#153300,#153290,#153280,#153270,#153260,
#153250,#153240,#153230,#153220,#153210,#153200,#153190,#153180,#153170,
#153160));
#155840=FACE_OUTER_BOUND('',#155830,.T.);
#155850=ADVANCED_FACE('',(#155840),#153150,.T.);
#155860=CARTESIAN_POINT('',(-2.53048958896017,1.21923132381147,
-5.91799805295587));
#155870=DIRECTION('',(-1.,-3.18938482585618E-15,3.67381906146715E-16));
#155880=DIRECTION('',(3.18938482585618E-15,-1.,1.54840896862576E-15));
#155890=AXIS2_PLACEMENT_3D('',#155860,#155870,#155880);
#155900=PLANE('',#155890);
#155910=ORIENTED_EDGE('',*,*,#155690,.F.);
#155920=CARTESIAN_POINT('',(-2.53048958896017,3.78891906938658E-14,
-6.29999999999999));
#155930=DIRECTION('',(-4.57953614647266E-15,1.,-4.32871160985872E-15));
#155940=VECTOR('',#155930,1.);
#155950=LINE('',#155920,#155940);
#155960=CARTESIAN_POINT('',(-2.53048958896012,0.740339000000037,
-6.29999999999994));
#155970=VERTEX_POINT('',#155960);
#155980=EDGE_CURVE('',#155970,#155600,#155950,.T.);
#155990=ORIENTED_EDGE('',*,*,#155980,.T.);
#156000=CARTESIAN_POINT('',(-2.53048958896017,0.740339000000033,
-6.5970024));
#156010=DIRECTION('',(-2.44921270764477E-16,1.54840896862576E-15,1.));
#156020=VECTOR('',#156010,1.);
#156030=LINE('',#156000,#156020);
#156040=CARTESIAN_POINT('',(-2.53048958896016,0.740339000000036,
-6.21499999999999));
#156050=VERTEX_POINT('',#156040);
#156060=EDGE_CURVE('',#155970,#156050,#156030,.T.);
#156070=ORIENTED_EDGE('',*,*,#156060,.F.);
#156080=CARTESIAN_POINT('',(-2.53048958896016,3.80208054561991E-14,
-6.21499999999999));
#156090=DIRECTION('',(-3.18938482585618E-15,1.,-1.54840896862576E-15));
#156100=VECTOR('',#156090,1.);
#156110=LINE('',#156080,#156100);
#156120=EDGE_CURVE('',#156050,#155680,#156110,.T.);
#156130=ORIENTED_EDGE('',*,*,#156120,.F.);
#156140=EDGE_LOOP('',(#156130,#156070,#155990,#155910));
#156150=FACE_OUTER_BOUND('',#156140,.T.);
#156160=ADVANCED_FACE('',(#156150),#155900,.F.);
#156170=CARTESIAN_POINT('',(-2.69048958896016,1.10533900000003,
-6.45999999999998));
#156180=DIRECTION('',(-0.707106781186547,-1.77359730727688E-16,
0.707106781186548));
#156190=DIRECTION('',(-0.707106781186548,-2.0207697114296E-15,
-0.707106781186547));
#156200=AXIS2_PLACEMENT_3D('',#156170,#156180,#156190);
#156210=PLANE('',#156200);
#156220=ORIENTED_EDGE('',*,*,#155610,.F.);
#156230=CARTESIAN_POINT('',(-2.73048958896017,3.66146174166933E-14,
-6.49999999999998));
#156240=DIRECTION('',(4.57953614647266E-15,-1.,1.30348769786129E-15));
#156250=VECTOR('',#156240,1.);
#156260=LINE('',#156230,#156250);
#156270=CARTESIAN_POINT('',(-2.73048958896016,0.740339000000043,
-6.49999999999998));
#156280=VERTEX_POINT('',#156270);
#156290=EDGE_CURVE('',#155520,#156280,#156260,.T.);
#156300=ORIENTED_EDGE('',*,*,#156290,.F.);
#156310=CARTESIAN_POINT('',(-2.02398718896015,0.740339000000021,
-5.79349759999997));
#156320=DIRECTION('',(-0.707106781186544,2.15037445234778E-14,
-0.707106781186551));
#156330=VECTOR('',#156320,1.);
#156340=LINE('',#156310,#156330);
#156350=EDGE_CURVE('',#155970,#156280,#156340,.T.);
#156360=ORIENTED_EDGE('',*,*,#156350,.T.);
#156370=ORIENTED_EDGE('',*,*,#155980,.F.);
#156380=EDGE_LOOP('',(#156370,#156360,#156300,#156220));
#156390=FACE_OUTER_BOUND('',#156380,.T.);
#156400=ADVANCED_FACE('',(#156390),#156210,.F.);
#156410=CARTESIAN_POINT('',(-2.55048958896017,1.32533899999998,
-6.05499999999999));
#156420=DIRECTION('',(1.,3.18938482585618E-15,4.89842541528949E-16));
#156430=DIRECTION('',(-4.89842541528954E-16,1.54840896862576E-15,1.));
#156440=AXIS2_PLACEMENT_3D('',#156410,#156420,#156430);
#156450=PLANE('',#156440);
#156460=CARTESIAN_POINT('',(-2.55048958896016,3.79243163078544E-14,
-6.21499999999999));
#156470=DIRECTION('',(-3.18938482585618E-15,1.,-1.54840896862576E-15));
#156480=VECTOR('',#156470,1.);
#156490=LINE('',#156460,#156480);
#156500=EDGE_CURVE('',#149470,#155720,#156490,.T.);
#156510=ORIENTED_EDGE('',*,*,#156500,.T.);
#156520=ORIENTED_EDGE('',*,*,#149480,.T.);
#156530=ORIENTED_EDGE('',*,*,#126700,.T.);
#156540=ORIENTED_EDGE('',*,*,#155790,.F.);
#156550=EDGE_LOOP('',(#156540,#156530,#156520,#156510));
#156560=FACE_OUTER_BOUND('',#156550,.T.);
#156570=ADVANCED_FACE('',(#156560),#156450,.T.);
#156580=CARTESIAN_POINT('',(-2.55048958896018,1.10533899999995,
-5.40499999999996));
#156590=DIRECTION('',(1.37390066347271E-16,-1.,2.43069316893884E-16));
#156600=DIRECTION('',(5.97700126955995E-15,2.43069316893885E-16,1.));
#156610=AXIS2_PLACEMENT_3D('',#156580,#156590,#156600);
#156620=PLANE('',#156610);
#156630=CARTESIAN_POINT('',(-2.62786116081275,1.10533899999995,
2.00000000000001));
#156640=DIRECTION('',(-2.2124864666225E-16,2.43069316893884E-16,1.));
#156650=VECTOR('',#156640,1.);
#156660=LINE('',#156630,#156650);
#156670=EDGE_CURVE('',#126930,#152830,#156660,.T.);
#156680=ORIENTED_EDGE('',*,*,#156670,.F.);
#156690=ORIENTED_EDGE('',*,*,#153060,.T.);
#156700=ORIENTED_EDGE('',*,*,#117550,.F.);
#156710=ORIENTED_EDGE('',*,*,#127000,.F.);
#156720=EDGE_LOOP('',(#156710,#156700,#156690,#156680));
#156730=FACE_OUTER_BOUND('',#156720,.T.);
#156740=ADVANCED_FACE('',(#156730),#156620,.F.);
#156750=CARTESIAN_POINT('',(-2.57341220317929,1.16165663364027,
-5.72519026233274));
#156760=DIRECTION('',(-0.0478051859951587,0.998856678503963,
-5.06565230622445E-16));
#156770=DIRECTION('',(-0.998856678503963,-0.0478051859951587,
-4.5418042979937E-16));
#156780=AXIS2_PLACEMENT_3D('',#156750,#156760,#156770);
#156790=PLANE('',#156780);
#156800=CARTESIAN_POINT('',(-2.63042592347533,1.15892796238874,
-5.85999999999999));
#156810=DIRECTION('',(-3.67381906146714E-16,-2.43069316893883E-16,-1.));
#156820=VECTOR('',#156810,1.);
#156830=LINE('',#156800,#156820);
#156840=EDGE_CURVE('',#152810,#126850,#156830,.T.);
#156850=ORIENTED_EDGE('',*,*,#156840,.F.);
#156860=ORIENTED_EDGE('',*,*,#126860,.F.);
#156870=ORIENTED_EDGE('',*,*,#149390,.T.);
#156880=ORIENTED_EDGE('',*,*,#152900,.F.);
#156890=EDGE_LOOP('',(#156880,#156870,#156860,#156850));
#156900=FACE_OUTER_BOUND('',#156890,.T.);
#156910=ADVANCED_FACE('',(#156900),#156790,.T.);
#156920=CARTESIAN_POINT('',(-2.62786116081276,1.10533899999995,
-6.28350239999999));
#156930=DIRECTION('',(-0.998856678503963,-0.0478051859951588,
3.7858184441999E-16));
#156940=DIRECTION('',(-0.0478051859951588,0.998856678503963,
-2.25228650164252E-16));
#156950=AXIS2_PLACEMENT_3D('',#156920,#156930,#156940);
#156960=PLANE('',#156950);
#156970=ORIENTED_EDGE('',*,*,#126940,.T.);
#156980=ORIENTED_EDGE('',*,*,#156840,.T.);
#156990=ORIENTED_EDGE('',*,*,#152840,.F.);
#157000=ORIENTED_EDGE('',*,*,#156670,.T.);
#157010=EDGE_LOOP('',(#157000,#156990,#156980,#156970));
#157020=FACE_OUTER_BOUND('',#157010,.T.);
#157030=ADVANCED_FACE('',(#157020),#156960,.T.);
#157040=CARTESIAN_POINT('',(-2.69548958896016,0.740339000000036,
-6.21499999999998));
#157050=DIRECTION('',(4.89842541528953E-16,-1.54840896862576E-15,-1.));
#157060=DIRECTION('',(-0.0436193873653377,0.999048221581858,
-1.56830185795394E-15));
#157070=AXIS2_PLACEMENT_3D('',#157040,#157050,#157060);
#157080=CYLINDRICAL_SURFACE('',#157070,0.165);
#157090=ORIENTED_EDGE('',*,*,#16920,.T.);
#157100=ORIENTED_EDGE('',*,*,#460,.T.);
#157110=ORIENTED_EDGE('',*,*,#5590,.F.);
#157120=CARTESIAN_POINT('',(-2.68829239004488,0.57549604343903,
-6.21499999999998));
#157130=DIRECTION('',(4.89842541528953E-16,-1.54840896862576E-15,-1.));
#157140=VECTOR('',#157130,1.);
#157150=LINE('',#157120,#157140);
#157160=CARTESIAN_POINT('',(-2.68829239004488,0.57549604343903,
-6.23463593961017));
#157170=VERTEX_POINT('',#157160);
#157180=EDGE_CURVE('',#5560,#157170,#157150,.T.);
#157190=ORIENTED_EDGE('',*,*,#157180,.F.);
#157200=CARTESIAN_POINT('',(-2.69548958896012,0.740339000000017,
-6.23165476220838));
#157210=DIRECTION('',(0.382683432365087,-1.07997497793947E-14,
0.923879532511288));
#157220=DIRECTION('',(-0.923879532511288,3.01190900134284E-14,
0.382683432365087));
#157230=AXIS2_PLACEMENT_3D('',#157200,#157210,#157220);
#157240=ELLIPSE('',#157230,0.178594713048245,0.165);
#157250=CARTESIAN_POINT('',(-2.69548958896018,0.575339000000035,
-6.23165476220844));
#157260=VERTEX_POINT('',#157250);
#157270=EDGE_CURVE('',#157260,#157170,#157240,.T.);
#157280=ORIENTED_EDGE('',*,*,#157270,.T.);
#157290=CARTESIAN_POINT('',(-2.69548958896033,0.575338999999995,
-5.92999999999998));
#157300=DIRECTION('',(-4.89842541528953E-16,1.54840896862576E-15,1.));
#157310=VECTOR('',#157300,1.);
#157320=LINE('',#157290,#157310);
#157330=CARTESIAN_POINT('',(-2.69548958896027,0.575339000000033,
-6.06834523779149));
#157340=VERTEX_POINT('',#157330);
#157350=EDGE_CURVE('',#157260,#157340,#157320,.T.);
#157360=ORIENTED_EDGE('',*,*,#157350,.F.);
#157370=CARTESIAN_POINT('',(-2.69548958896012,0.74033900000002,
-6.06834523779133));
#157380=DIRECTION('',(-0.382683432365089,-7.33262795271043E-14,
-0.923879532511287));
#157390=DIRECTION('',(0.923879532511287,1.72979110886918E-13,
-0.382683432365089));
#157400=AXIS2_PLACEMENT_3D('',#157370,#157380,#157390);
#157410=ELLIPSE('',#157400,0.178594713048245,0.165);
#157420=EDGE_CURVE('',#157340,#141990,#157410,.T.);
#157430=ORIENTED_EDGE('',*,*,#157420,.F.);
#157440=ORIENTED_EDGE('',*,*,#142080,.T.);
#157450=EDGE_LOOP('',(#157440,#157430,#157360,#157280,#157190,#157110,
#157100,#157090));
#157460=FACE_OUTER_BOUND('',#157450,.T.);
#157470=ADVANCED_FACE('',(#157460),#157080,.T.);
#157480=CARTESIAN_POINT('',(-3.97048958896016,1.32533899999997,
-6.05499999999998));
#157490=DIRECTION('',(-1.,-4.67063194824342E-15,-4.89842541528948E-16));
#157500=DIRECTION('',(-4.67063194824342E-15,1.,-7.34763812293429E-16));
#157510=AXIS2_PLACEMENT_3D('',#157480,#157490,#157500);
#157520=PLANE('',#157510);
#157530=ORIENTED_EDGE('',*,*,#146640,.F.);
#157540=CARTESIAN_POINT('',(-3.97048958896015,3.10735867753777E-14,
-6.21499999999998));
#157550=DIRECTION('',(4.67063194824342E-15,-1.,1.54840896862576E-15));
#157560=VECTOR('',#157550,1.);
#157570=LINE('',#157540,#157560);
#157580=EDGE_CURVE('',#154690,#146530,#157570,.T.);
#157590=ORIENTED_EDGE('',*,*,#157580,.T.);
#157600=ORIENTED_EDGE('',*,*,#154700,.T.);
#157610=CARTESIAN_POINT('',(-3.97048958896016,1.21296871482306,
-6.05499999999998));
#157620=DIRECTION('',(-4.67063194824342E-15,1.,-7.34763812293429E-16));
#157630=VECTOR('',#157620,1.);
#157640=LINE('',#157610,#157630);
#157650=EDGE_CURVE('',#146630,#154610,#157640,.T.);
#157660=ORIENTED_EDGE('',*,*,#157650,.T.);
#157670=EDGE_LOOP('',(#157660,#157600,#157590,#157530));
#157680=FACE_OUTER_BOUND('',#157670,.T.);
#157690=ADVANCED_FACE('',(#157680),#157520,.T.);
#157700=CARTESIAN_POINT('',(-3.67548958896018,1.30033899999996,
-6.47499999999997));
#157710=DIRECTION('',(0.857492925712729,0.514495755427218,
-7.88282580786849E-16));
#157720=DIRECTION('',(-0.514495755427218,0.857492925712729,
-8.23705919818087E-16));
#157730=AXIS2_PLACEMENT_3D('',#157700,#157710,#157720);
#157740=PLANE('',#157730);
#157750=CARTESIAN_POINT('',(-2.89528618896086,3.71282837623575E-14,
-5.65479660000001));
#157760=DIRECTION('',(0.45749571099752,-0.762492851663154,
0.45749571099789));
#157770=VECTOR('',#157760,1.);
#157780=LINE('',#157750,#157770);
#157790=CARTESIAN_POINT('',(-3.66048958896021,1.27533899999999,
-6.41999999999998));
#157800=VERTEX_POINT('',#157790);
#157810=EDGE_CURVE('',#155090,#157800,#157780,.T.);
#157820=ORIENTED_EDGE('',*,*,#157810,.T.);
#157830=ORIENTED_EDGE('',*,*,#155100,.T.);
#157840=CARTESIAN_POINT('',(-2.89528618896086,3.58195632374845E-14,
-6.49999999999998));
#157850=DIRECTION('',(-0.514495755427218,0.857492925712729,
-8.51461495433716E-16));
#157860=VECTOR('',#157850,1.);
#157870=LINE('',#157840,#157860);
#157880=CARTESIAN_POINT('',(-3.66048958896018,1.27533899999994,
-6.49999999999998));
#157890=VERTEX_POINT('',#157880);
#157900=EDGE_CURVE('',#157890,#155010,#157870,.T.);
#157910=ORIENTED_EDGE('',*,*,#157900,.T.);
#157920=CARTESIAN_POINT('',(-3.66048958896018,1.27533899999994,
-5.85999999999999));
#157930=DIRECTION('',(9.75781955237348E-18,-1.54840896862576E-15,-1.));
#157940=VECTOR('',#157930,1.);
#157950=LINE('',#157920,#157940);
#157960=EDGE_CURVE('',#157800,#157890,#157950,.T.);
#157970=ORIENTED_EDGE('',*,*,#157960,.T.);
#157980=EDGE_LOOP('',(#157970,#157910,#157830,#157820));
#157990=FACE_OUTER_BOUND('',#157980,.T.);
#158000=ADVANCED_FACE('',(#157990),#157740,.T.);
#158010=CARTESIAN_POINT('',(-3.79048958896017,1.30533900000003,
-6.49999999999998));
#158020=DIRECTION('',(-4.89842541528948E-16,-1.30348769786129E-15,-1.));
#158030=DIRECTION('',(1.,4.57953614647266E-15,-4.89842541528954E-16));
#158040=AXIS2_PLACEMENT_3D('',#158010,#158020,#158030);
#158050=PLANE('',#158040);
#158060=CARTESIAN_POINT('',(-3.66048958896017,3.21278720186628E-14,
-6.49999999999998));
#158070=DIRECTION('',(-4.57953614647266E-15,1.,-1.30348769786129E-15));
#158080=VECTOR('',#158070,1.);
#158090=LINE('',#158060,#158080);
#158100=CARTESIAN_POINT('',(-3.66048958896017,0.975339000000032,
-6.49999999999999));
#158110=VERTEX_POINT('',#158100);
#158120=EDGE_CURVE('',#158110,#157890,#158090,.T.);
#158130=ORIENTED_EDGE('',*,*,#158120,.F.);
#158140=ORIENTED_EDGE('',*,*,#157900,.F.);
#158150=ORIENTED_EDGE('',*,*,#155020,.T.);
#158160=CARTESIAN_POINT('',(-3.79048958896016,3.1500692554422E-14,
-6.49999999999998));
#158170=DIRECTION('',(4.82445741723714E-15,-1.,1.30348769786129E-15));
#158180=VECTOR('',#158170,1.);
#158190=LINE('',#158160,#158180);
#158200=CARTESIAN_POINT('',(-3.79048958896018,0.740339000000039,
-6.49999999999998));
#158210=VERTEX_POINT('',#158200);
#158220=EDGE_CURVE('',#154930,#158210,#158190,.T.);
#158230=ORIENTED_EDGE('',*,*,#158220,.F.);
#158240=CARTESIAN_POINT('',(-3.37048958896017,0.740339000000035,
-6.49999999999998));
#158250=DIRECTION('',(-1.,-4.82445741723714E-15,1.22460635382238E-15));
#158260=VECTOR('',#158250,1.);
#158270=LINE('',#158240,#158260);
#158280=CARTESIAN_POINT('',(-3.37048958896017,0.740339000000035,
-6.49999999999998));
#158290=VERTEX_POINT('',#158280);
#158300=EDGE_CURVE('',#158290,#158210,#158270,.T.);
#158310=ORIENTED_EDGE('',*,*,#158300,.T.);
#158320=CARTESIAN_POINT('',(-3.37048958896017,3.35269646696615E-14,
-6.49999999999998));
#158330=DIRECTION('',(-4.82445741723714E-15,1.,-1.30348769786129E-15));
#158340=VECTOR('',#158330,1.);
#158350=LINE('',#158320,#158340);
#158360=CARTESIAN_POINT('',(-3.37048958896007,0.975339000000034,
-6.49999999999998));
#158370=VERTEX_POINT('',#158360);
#158380=EDGE_CURVE('',#158290,#158370,#158350,.T.);
#158390=ORIENTED_EDGE('',*,*,#158380,.F.);
#158400=CARTESIAN_POINT('',(-6.52097917792031,0.975339000000019,
-6.49999999999998));
#158410=DIRECTION('',(1.,4.7019967818549E-15,-4.89842541528954E-16));
#158420=VECTOR('',#158410,1.);
#158430=LINE('',#158400,#158420);
#158440=EDGE_CURVE('',#158110,#158370,#158430,.T.);
#158450=ORIENTED_EDGE('',*,*,#158440,.T.);
#158460=EDGE_LOOP('',(#158450,#158390,#158310,#158230,#158150,#158140,
#158130));
#158470=FACE_OUTER_BOUND('',#158460,.T.);
#158480=ADVANCED_FACE('',(#158470),#158050,.T.);
#158490=CARTESIAN_POINT('',(-3.38548958896007,0.590339000000034,
-6.27499999999999));
#158500=DIRECTION('',(0.707106781186554,-0.707106781186541,
5.57775332790114E-17));
#158510=DIRECTION('',(-0.707106781186541,-0.707106781186554,
1.7876324474229E-15));
#158520=AXIS2_PLACEMENT_3D('',#158490,#158500,#158510);
#158530=PLANE('',#158520);
#158540=CARTESIAN_POINT('',(-3.23548958896017,0.740339000000036,
-6.33499999999999));
#158550=DIRECTION('',(0.707106781186554,-0.707106781186541,
5.57775332790117E-17));
#158560=DIRECTION('',(-0.707106781186541,-0.707106781186554,
1.78763244742289E-15));
#158570=AXIS2_PLACEMENT_3D('',#158540,#158550,#158560);
#158580=ELLIPSE('',#158570,0.23334523779156,0.165);
#158590=CARTESIAN_POINT('',(-3.40048958896017,0.575339000000035,
-6.33499999999999));
#158600=VERTEX_POINT('',#158590);
#158610=CARTESIAN_POINT('',(-3.37048958896017,0.605339000000035,
-6.42986832980504));
#158620=VERTEX_POINT('',#158610);
#158630=EDGE_CURVE('',#158600,#158620,#158580,.T.);
#158640=ORIENTED_EDGE('',*,*,#158630,.T.);
#158650=CARTESIAN_POINT('',(-3.40048958896017,0.575339000000035,
-5.85999999999998));
#158660=DIRECTION('',(-1.22460635382237E-15,-1.30348769786129E-15,-1.));
#158670=VECTOR('',#158660,1.);
#158680=LINE('',#158650,#158670);
#158690=CARTESIAN_POINT('',(-3.40048958896018,0.575339000000035,
-6.21499999999998));
#158700=VERTEX_POINT('',#158690);
#158710=EDGE_CURVE('',#158700,#158600,#158680,.T.);
#158720=ORIENTED_EDGE('',*,*,#158710,.T.);
#158730=CARTESIAN_POINT('',(-3.23548958896031,0.740339000000035,
-6.21499999999999));
#158740=DIRECTION('',(0.707106781186583,-0.707106781186512,
-1.17407958135424E-16));
#158750=DIRECTION('',(-0.707106781186512,-0.707106781186583,
1.61444695600852E-15));
#158760=AXIS2_PLACEMENT_3D('',#158730,#158740,#158750);
#158770=ELLIPSE('',#158760,0.23334523779155,0.165);
#158780=CARTESIAN_POINT('',(-3.37048958896007,0.605339000000263,
-6.12013167019493));
#158790=VERTEX_POINT('',#158780);
#158800=EDGE_CURVE('',#158790,#158700,#158770,.T.);
#158810=ORIENTED_EDGE('',*,*,#158800,.T.);
#158820=CARTESIAN_POINT('',(-3.37048958896007,0.605339000000263,
-5.85999999999999));
#158830=DIRECTION('',(1.22460635382238E-15,1.05856642709684E-15,1.));
#158840=VECTOR('',#158830,1.);
#158850=LINE('',#158820,#158840);
#158860=EDGE_CURVE('',#158620,#158790,#158850,.T.);
#158870=ORIENTED_EDGE('',*,*,#158860,.T.);
#158880=EDGE_LOOP('',(#158870,#158810,#158720,#158640));
#158890=FACE_OUTER_BOUND('',#158880,.T.);
#158900=ADVANCED_FACE('',(#158890),#158530,.T.);
#158910=CARTESIAN_POINT('',(-3.7771622078558,0.740339000000033,
-6.11667261889574));
#158920=DIRECTION('',(-0.707106781186547,1.29430417455608E-13,
0.707106781186548));
#158930=DIRECTION('',(0.707106781186548,4.33311154562508E-15,
0.707106781186547));
#158940=AXIS2_PLACEMENT_3D('',#158910,#158920,#158930);
#158950=CYLINDRICAL_SURFACE('',#158940,0.165);
#158960=CARTESIAN_POINT('',(-3.66048958896002,0.740339000000034,
-5.99999999999996));
#158970=DIRECTION('',(-0.707106781186547,1.29430417455608E-13,
0.707106781186548));
#158980=VECTOR('',#158970,1.);
#158990=LINE('',#158960,#158980);
#159000=CARTESIAN_POINT('',(-3.61048958896016,0.740339000000025,
-6.04999999999982));
#159010=VERTEX_POINT('',#159000);
#159020=EDGE_CURVE('',#159010,#150970,#158990,.T.);
#159030=ORIENTED_EDGE('',*,*,#159020,.T.);
#159040=CARTESIAN_POINT('',(-3.67883482675156,0.740339000000008,
-6.21499999999998));
#159050=DIRECTION('',(0.923879532511286,-4.49679156053704E-14,
-0.382683432365091));
#159060=DIRECTION('',(0.382683432365091,2.29655828225838E-13,
0.923879532511286));
#159070=AXIS2_PLACEMENT_3D('',#159040,#159050,#159060);
#159080=ELLIPSE('',#159070,0.178594713048245,0.165);
#159090=CARTESIAN_POINT('',(-3.6788348267517,0.575339000000033,
-6.21499999999998));
#159100=VERTEX_POINT('',#159090);
#159110=EDGE_CURVE('',#159010,#159100,#159080,.T.);
#159120=ORIENTED_EDGE('',*,*,#159110,.F.);
#159130=CARTESIAN_POINT('',(-3.77716220785581,0.575339000000033,
-6.11667261889572));
#159140=DIRECTION('',(-0.707106781186547,4.85324266173565E-14,
0.707106781186548));
#159150=VECTOR('',#159140,1.);
#159160=LINE('',#159130,#159150);
#159170=CARTESIAN_POINT('',(-3.82548958896006,0.575339000000029,
-6.06834523779149));
#159180=VERTEX_POINT('',#159170);
#159190=EDGE_CURVE('',#159100,#159180,#159160,.T.);
#159200=ORIENTED_EDGE('',*,*,#159190,.F.);
#159210=CARTESIAN_POINT('',(-3.82548958896021,0.740339000000017,
-6.06834523779133));
#159220=DIRECTION('',(-0.382683432365089,7.08852300625208E-14,
0.923879532511287));
#159230=DIRECTION('',(-0.923879532511287,1.67085896163097E-13,
-0.382683432365089));
#159240=AXIS2_PLACEMENT_3D('',#159210,#159220,#159230);
#159250=ELLIPSE('',#159240,0.178594713048245,0.165);
#159260=EDGE_CURVE('',#159180,#150970,#159250,.T.);
#159270=ORIENTED_EDGE('',*,*,#159260,.F.);
#159280=EDGE_LOOP('',(#159270,#159200,#159120,#159030));
#159290=FACE_OUTER_BOUND('',#159280,.T.);
#159300=ADVANCED_FACE('',(#159290),#158950,.T.);
#159310=CARTESIAN_POINT('',(-3.37048958896007,0.769909982365087,
-6.28820211384042));
#159320=DIRECTION('',(1.,4.82445741723714E-15,-1.22460635382238E-15));
#159330=DIRECTION('',(-4.82445741723714E-15,1.,-1.54840896862576E-15));
#159340=AXIS2_PLACEMENT_3D('',#159310,#159320,#159330);
#159350=PLANE('',#159340);
#159360=CARTESIAN_POINT('',(-3.37048958896007,0.740339000000016,
-6.21499999999998));
#159370=DIRECTION('',(1.,4.63405437606144E-14,-7.34763812293474E-16));
#159380=DIRECTION('',(-4.63405437606144E-14,1.,-8.13645156332305E-16));
#159390=AXIS2_PLACEMENT_3D('',#159360,#159370,#159380);
#159400=CIRCLE('',#159390,0.165);
#159410=CARTESIAN_POINT('',(-3.37048958896032,0.740339000000035,
-6.04999999999998));
#159420=VERTEX_POINT('',#159410);
#159430=EDGE_CURVE('',#159420,#158790,#159400,.T.);
#159440=ORIENTED_EDGE('',*,*,#159430,.T.);
#159450=CARTESIAN_POINT('',(-3.37048958896029,3.42237487055425E-14,
-6.04999999999998));
#159460=DIRECTION('',(4.63405437606144E-14,-1.,1.30348769786125E-15));
#159470=VECTOR('',#159460,1.);
#159480=LINE('',#159450,#159470);
#159490=CARTESIAN_POINT('',(-3.37048958896033,0.935339000000035,
-6.04999999999998));
#159500=VERTEX_POINT('',#159490);
#159510=EDGE_CURVE('',#159500,#159420,#159480,.T.);
#159520=ORIENTED_EDGE('',*,*,#159510,.T.);
#159530=CARTESIAN_POINT('',(-3.37048958896017,0.935339000000035,
-5.85999999999999));
#159540=DIRECTION('',(-1.22460635382237E-15,-1.30348769786129E-15,-1.));
#159550=VECTOR('',#159540,1.);
#159560=LINE('',#159530,#159550);
#159570=CARTESIAN_POINT('',(-3.37048958896007,0.935339000000035,
-6.33999999999999));
#159580=VERTEX_POINT('',#159570);
#159590=EDGE_CURVE('',#159500,#159580,#159560,.T.);
#159600=ORIENTED_EDGE('',*,*,#159590,.F.);
#159610=CARTESIAN_POINT('',(-3.37048958896007,3.37747101046421E-14,
-6.33999999999999));
#159620=DIRECTION('',(4.82445741723714E-15,-1.,1.30348769786129E-15));
#159630=VECTOR('',#159620,1.);
#159640=LINE('',#159610,#159630);
#159650=CARTESIAN_POINT('',(-3.37048958896007,0.975339000000034,
-6.33999999999999));
#159660=VERTEX_POINT('',#159650);
#159670=EDGE_CURVE('',#159660,#159580,#159640,.T.);
#159680=ORIENTED_EDGE('',*,*,#159670,.T.);
#159690=CARTESIAN_POINT('',(-3.37048958896007,0.975339000000034,
-5.85999999999999));
#159700=DIRECTION('',(1.22460635382238E-15,8.13645156332341E-16,1.));
#159710=VECTOR('',#159700,1.);
#159720=LINE('',#159690,#159710);
#159730=EDGE_CURVE('',#158370,#159660,#159720,.T.);
#159740=ORIENTED_EDGE('',*,*,#159730,.T.);
#159750=ORIENTED_EDGE('',*,*,#158380,.T.);
#159760=CARTESIAN_POINT('',(-3.37048958896017,0.740339000000035,
-6.33499999999999));
#159770=DIRECTION('',(1.,4.82445741723714E-15,-1.22460635382238E-15));
#159780=DIRECTION('',(-4.82445741723714E-15,1.,-1.54840896862576E-15));
#159790=AXIS2_PLACEMENT_3D('',#159760,#159770,#159780);
#159800=CIRCLE('',#159790,0.165);
#159810=EDGE_CURVE('',#158620,#158290,#159800,.T.);
#159820=ORIENTED_EDGE('',*,*,#159810,.T.);
#159830=ORIENTED_EDGE('',*,*,#158860,.F.);
#159840=EDGE_LOOP('',(#159830,#159820,#159750,#159740,#159680,#159600,
#159520,#159440));
#159850=FACE_OUTER_BOUND('',#159840,.T.);
#159860=ADVANCED_FACE('',(#159850),#159350,.T.);
#159870=CARTESIAN_POINT('',(-3.35048958896007,0.955339000000034,
-6.19499999999999));
#159880=DIRECTION('',(0.707106781186551,-0.707106781186544,
5.57775332790181E-17));
#159890=DIRECTION('',(0.707106781186544,0.707106781186551,
-1.78763244742289E-15));
#159900=AXIS2_PLACEMENT_3D('',#159870,#159880,#159890);
#159910=PLANE('',#159900);
#159920=CARTESIAN_POINT('',(-4.30582858896023,2.97112455293617E-14,
-6.04999999999998));
#159930=DIRECTION('',(-0.707106781186515,-0.70710678118658,
1.62109899372914E-15));
#159940=VECTOR('',#159930,1.);
#159950=LINE('',#159920,#159940);
#159960=CARTESIAN_POINT('',(-3.33048958896019,0.975339000000158,
-6.04999999999998));
#159970=VERTEX_POINT('',#159960);
#159980=EDGE_CURVE('',#159970,#159500,#159950,.T.);
#159990=ORIENTED_EDGE('',*,*,#159980,.T.);
#160000=CARTESIAN_POINT('',(-3.33048958896009,0.975339000000018,
-5.85999999999999));
#160010=DIRECTION('',(4.89842541528942E-16,5.68723885567852E-16,1.));
#160020=VECTOR('',#160010,1.);
#160030=LINE('',#160000,#160020);
#160040=CARTESIAN_POINT('',(-3.33048958896012,0.975339000000034,
-6.33999999999999));
#160050=VERTEX_POINT('',#160040);
#160060=EDGE_CURVE('',#160050,#159970,#160030,.T.);
#160070=ORIENTED_EDGE('',*,*,#160060,.T.);
#160080=CARTESIAN_POINT('',(-4.30582858896007,2.9262206928461E-14,
-6.33999999999998));
#160090=DIRECTION('',(-0.707106781186544,-0.707106781186551,
2.1762105060417E-15));
#160100=VECTOR('',#160090,1.);
#160110=LINE('',#160080,#160100);
#160120=EDGE_CURVE('',#160050,#159580,#160110,.T.);
#160130=ORIENTED_EDGE('',*,*,#160120,.F.);
#160140=ORIENTED_EDGE('',*,*,#159590,.T.);
#160150=EDGE_LOOP('',(#160140,#160130,#160070,#159990));
#160160=FACE_OUTER_BOUND('',#160150,.T.);
#160170=ADVANCED_FACE('',(#160160),#159910,.T.);
#160180=CARTESIAN_POINT('',(-2.83048958896018,1.17533900000001,
-6.41999999999999));
#160190=DIRECTION('',(1.71444889535133E-15,8.13645156332343E-16,1.));
#160200=DIRECTION('',(-1.,-4.57953614647266E-15,1.71444889535133E-15));
#160210=AXIS2_PLACEMENT_3D('',#160180,#160190,#160200);
#160220=PLANE('',#160210);
#160230=CARTESIAN_POINT('',(-1.77635683940025E-15,1.20533900000001,-6.42
));
#160240=DIRECTION('',(-1.,8.06104315242951E-17,1.71444889535133E-15));
#160250=VECTOR('',#160240,1.);
#160260=LINE('',#160230,#160250);
#160270=CARTESIAN_POINT('',(-2.83048958896018,1.20533900000001,
-6.41999999999998));
#160280=VERTEX_POINT('',#160270);
#160290=CARTESIAN_POINT('',(-2.86048958896018,1.20533900000001,
-6.41999999999998));
#160300=VERTEX_POINT('',#160290);
#160310=EDGE_CURVE('',#160280,#160300,#160260,.T.);
#160320=ORIENTED_EDGE('',*,*,#160310,.F.);
#160330=CARTESIAN_POINT('',(-2.86048958896017,3.61113106699425E-14,
-6.41999999999998));
#160340=DIRECTION('',(-4.57953614647266E-15,1.,-1.30348769786129E-15));
#160350=VECTOR('',#160340,1.);
#160360=LINE('',#160330,#160350);
#160370=EDGE_CURVE('',#160300,#63750,#160360,.T.);
#160380=ORIENTED_EDGE('',*,*,#160370,.F.);
#160390=ORIENTED_EDGE('',*,*,#63760,.F.);
#160400=CARTESIAN_POINT('',(-2.83048958896017,3.62560443924596E-14,
-6.41999999999998));
#160410=DIRECTION('',(-4.57953614647266E-15,1.,-1.30348769786129E-15));
#160420=VECTOR('',#160410,1.);
#160430=LINE('',#160400,#160420);
#160440=EDGE_CURVE('',#160280,#63650,#160430,.T.);
#160450=ORIENTED_EDGE('',*,*,#160440,.T.);
#160460=EDGE_LOOP('',(#160450,#160390,#160380,#160320));
#160470=FACE_OUTER_BOUND('',#160460,.T.);
#160480=ADVANCED_FACE('',(#160470),#160220,.T.);
#160490=CARTESIAN_POINT('',(-2.81548958896018,1.30033900000001,
-6.32999999999999));
#160500=DIRECTION('',(0.857492925712548,-0.51449575542752,
-1.05151081990231E-15));
#160510=DIRECTION('',(-0.51449575542752,-0.857492925712548,
8.79785164016147E-16));
#160520=AXIS2_PLACEMENT_3D('',#160490,#160500,#160510);
#160530=PLANE('',#160520);
#160540=CARTESIAN_POINT('',(-2.71972035819094,1.4599543846154,
-5.85999999999999));
#160550=DIRECTION('',(-0.210558721903077,-0.3509312031718,
-0.912421128246675));
#160560=VECTOR('',#160550,1.);
#160570=LINE('',#160540,#160560);
#160580=CARTESIAN_POINT('',(-2.80164343511402,1.32341592307693,
-6.21499999999999));
#160590=VERTEX_POINT('',#160580);
#160600=CARTESIAN_POINT('',(-2.83048958896016,1.27533900000004,
-6.33999999999999));
#160610=VERTEX_POINT('',#160600);
#160620=EDGE_CURVE('',#160590,#160610,#160570,.T.);
#160630=ORIENTED_EDGE('',*,*,#160620,.F.);
#160640=CARTESIAN_POINT('',(-2.83048958896016,1.27533900000004,
-5.85999999999999));
#160650=DIRECTION('',(2.44921270764479E-16,-1.63556755131245E-15,1.));
#160660=VECTOR('',#160650,1.);
#160670=LINE('',#160640,#160660);
#160680=EDGE_CURVE('',#63650,#160610,#160670,.T.);
#160690=ORIENTED_EDGE('',*,*,#160680,.T.);
#160700=ORIENTED_EDGE('',*,*,#63680,.F.);
#160710=ORIENTED_EDGE('',*,*,#155360,.T.);
#160720=CARTESIAN_POINT('',(-2.56473717877985,1.7182596836339,
-6.21499999999999));
#160730=DIRECTION('',(0.51449575542752,0.857492925712548,
-9.49716874039733E-16));
#160740=VECTOR('',#160730,1.);
#160750=LINE('',#160720,#160740);
#160760=EDGE_CURVE('',#160590,#155290,#160750,.T.);
#160770=ORIENTED_EDGE('',*,*,#160760,.T.);
#160780=EDGE_LOOP('',(#160770,#160710,#160700,#160690,#160630));
#160790=FACE_OUTER_BOUND('',#160780,.T.);
#160800=ADVANCED_FACE('',(#160790),#160530,.F.);
#160810=CARTESIAN_POINT('',(-2.78079987708672,1.71825968363389,
-6.21499999999999));
#160820=DIRECTION('',(-4.89842541528951E-16,-8.13645156332337E-16,-1.));
#160830=DIRECTION('',(1.,4.7019967818549E-15,-4.89842541528955E-16));
#160840=AXIS2_PLACEMENT_3D('',#160810,#160820,#160830);
#160850=PLANE('',#160840);
#160860=CARTESIAN_POINT('',(-3.95624199914051,1.71825968363389,
-6.21499999999999));
#160870=DIRECTION('',(-0.514495755427526,0.857492925712545,
-4.4567305715078E-16));
#160880=VECTOR('',#160870,1.);
#160890=LINE('',#160860,#160880);
#160900=CARTESIAN_POINT('',(-3.71933574280633,1.32341592307693,
-6.21499999999999));
#160910=VERTEX_POINT('',#160900);
#160920=EDGE_CURVE('',#160910,#155250,#160890,.T.);
#160930=ORIENTED_EDGE('',*,*,#160920,.T.);
#160940=CARTESIAN_POINT('',(-2.78079987708672,1.32341592307693,
-6.21499999999999));
#160950=DIRECTION('',(-1.,-5.0505385902505E-15,4.89842541528955E-16));
#160960=VECTOR('',#160950,1.);
#160970=LINE('',#160940,#160960);
#160980=EDGE_CURVE('',#160590,#160910,#160970,.T.);
#160990=ORIENTED_EDGE('',*,*,#160980,.T.);
#161000=ORIENTED_EDGE('',*,*,#160760,.F.);
#161010=ORIENTED_EDGE('',*,*,#155300,.F.);
#161020=EDGE_LOOP('',(#161010,#161000,#160990,#160930));
#161030=FACE_OUTER_BOUND('',#161020,.T.);
#161040=ADVANCED_FACE('',(#161030),#160850,.T.);
#161050=CARTESIAN_POINT('',(-3.26048958896018,1.30033900000001,
-6.27499999999999));
#161060=DIRECTION('',(-4.88974122673368E-15,0.93334560620306,
-0.358979079308869));
#161070=DIRECTION('',(8.17494514069857E-16,-0.358979079308869,
-0.93334560620306));
#161080=AXIS2_PLACEMENT_3D('',#161050,#161060,#161070);
#161090=PLANE('',#161080);
#161100=ORIENTED_EDGE('',*,*,#160980,.F.);
#161110=CARTESIAN_POINT('',(-3.80125881972941,1.45995438461539,
-5.85999999999999));
#161120=DIRECTION('',(-0.210558721903077,0.350931203171798,
0.912421128246676));
#161130=VECTOR('',#161120,1.);
#161140=LINE('',#161110,#161130);
#161150=CARTESIAN_POINT('',(-3.69048958896017,1.27533900000001,
-6.33999999999999));
#161160=VERTEX_POINT('',#161150);
#161170=EDGE_CURVE('',#161160,#160910,#161140,.T.);
#161180=ORIENTED_EDGE('',*,*,#161170,.T.);
#161190=CARTESIAN_POINT('',(-6.52097917792031,1.27533899999999,
-6.33999999999998));
#161200=DIRECTION('',(1.,4.57953614647266E-15,-1.71444889535133E-15));
#161210=VECTOR('',#161200,1.);
#161220=LINE('',#161190,#161210);
#161230=CARTESIAN_POINT('',(-3.55048958896016,1.27533900000001,
-6.33999999999999));
#161240=VERTEX_POINT('',#161230);
#161250=EDGE_CURVE('',#161160,#161240,#161220,.T.);
#161260=ORIENTED_EDGE('',*,*,#161250,.F.);
#161270=CARTESIAN_POINT('',(-1.77635683940025E-15,1.27533900000003,
-6.33999999999998));
#161280=DIRECTION('',(1.,5.49672948431184E-15,6.70253783030538E-16));
#161290=VECTOR('',#161280,1.);
#161300=LINE('',#161270,#161290);
#161310=CARTESIAN_POINT('',(-3.37048958896015,1.27533900000001,
-6.33999999999999));
#161320=VERTEX_POINT('',#161310);
#161330=EDGE_CURVE('',#161240,#161320,#161300,.T.);
#161340=ORIENTED_EDGE('',*,*,#161330,.F.);
#161350=CARTESIAN_POINT('',(-1.77635683940025E-15,1.27533900000001,-6.34
));
#161360=DIRECTION('',(1.,-8.0610431524295E-17,-1.71444889535133E-15));
#161370=VECTOR('',#161360,1.);
#161380=LINE('',#161350,#161370);
#161390=CARTESIAN_POINT('',(-3.35048958896015,1.27533900000001,
-6.33999999999999));
#161400=VERTEX_POINT('',#161390);
#161410=EDGE_CURVE('',#161320,#161400,#161380,.T.);
#161420=ORIENTED_EDGE('',*,*,#161410,.F.);
#161430=CARTESIAN_POINT('',(-3.17048958896015,1.27533900000001,
-6.33999999999999));
#161440=VERTEX_POINT('',#161430);
#161450=EDGE_CURVE('',#161400,#161440,#161300,.T.);
#161460=ORIENTED_EDGE('',*,*,#161450,.F.);
#161470=CARTESIAN_POINT('',(-1.77635683940025E-15,1.27533900000001,-6.34
));
#161480=DIRECTION('',(1.,-8.0610431524295E-17,-1.71444889535133E-15));
#161490=VECTOR('',#161480,1.);
#161500=LINE('',#161470,#161490);
#161510=CARTESIAN_POINT('',(-3.15048958896015,1.27533900000001,
-6.33999999999999));
#161520=VERTEX_POINT('',#161510);
#161530=EDGE_CURVE('',#161440,#161520,#161500,.T.);
#161540=ORIENTED_EDGE('',*,*,#161530,.F.);
#161550=CARTESIAN_POINT('',(-2.97048958896016,1.27533900000001,
-6.33999999999999));
#161560=VERTEX_POINT('',#161550);
#161570=EDGE_CURVE('',#161520,#161560,#161300,.T.);
#161580=ORIENTED_EDGE('',*,*,#161570,.F.);
#161590=EDGE_CURVE('',#161560,#160610,#161220,.T.);
#161600=ORIENTED_EDGE('',*,*,#161590,.F.);
#161610=ORIENTED_EDGE('',*,*,#160620,.T.);
#161620=EDGE_LOOP('',(#161610,#161600,#161580,#161540,#161460,#161420,
#161340,#161260,#161180,#161100));
#161630=FACE_OUTER_BOUND('',#161620,.T.);
#161640=ADVANCED_FACE('',(#161630),#161090,.T.);
#161650=CARTESIAN_POINT('',(-3.70548958896018,1.30033900000001,
-6.32999999999999));
#161660=DIRECTION('',(0.857492925712544,0.514495755427526,
-8.38653493431282E-16));
#161670=DIRECTION('',(0.514495755427526,-0.857492925712544,
-1.28302469761754E-16));
#161680=AXIS2_PLACEMENT_3D('',#161650,#161660,#161670);
#161690=PLANE('',#161680);
#161700=CARTESIAN_POINT('',(-2.91928618896018,-0.00999999999999407,
-5.64879659999999));
#161710=DIRECTION('',(-0.457495710997815,0.762492851663024,
-0.457495710997812));
#161720=VECTOR('',#161710,1.);
#161730=LINE('',#161700,#161720);
#161740=CARTESIAN_POINT('',(-3.69048958896017,1.275339,-6.41999999999999
));
#161750=VERTEX_POINT('',#161740);
#161760=EDGE_CURVE('',#161750,#155170,#161730,.T.);
#161770=ORIENTED_EDGE('',*,*,#161760,.T.);
#161780=CARTESIAN_POINT('',(-3.69048958896017,1.275339,-5.85999999999999
));
#161790=DIRECTION('',(-4.89842541528951E-16,-8.13645156332337E-16,-1.));
#161800=VECTOR('',#161790,1.);
#161810=LINE('',#161780,#161800);
#161820=EDGE_CURVE('',#161160,#161750,#161810,.T.);
#161830=ORIENTED_EDGE('',*,*,#161820,.T.);
#161840=ORIENTED_EDGE('',*,*,#161170,.F.);
#161850=ORIENTED_EDGE('',*,*,#160920,.F.);
#161860=ORIENTED_EDGE('',*,*,#155260,.F.);
#161870=EDGE_LOOP('',(#161860,#161850,#161840,#161830,#161770));
#161880=FACE_OUTER_BOUND('',#161870,.T.);
#161890=ADVANCED_FACE('',(#161880),#161690,.T.);
#161900=CARTESIAN_POINT('',(-3.67548958896018,1.30033900000001,
-6.43499999999999));
#161910=DIRECTION('',(-1.93611539511297E-15,0.514495755427523,
0.857492925712546));
#161920=DIRECTION('',(4.64098192257122E-15,-0.857492925712546,
0.514495755427523));
#161930=AXIS2_PLACEMENT_3D('',#161900,#161910,#161920);
#161940=PLANE('',#161930);
#161950=ORIENTED_EDGE('',*,*,#157810,.F.);
#161960=CARTESIAN_POINT('',(-6.52097917792031,1.27533899999999,
-6.41999999999998));
#161970=DIRECTION('',(-1.,-4.57953614647266E-15,4.89842541528954E-16));
#161980=VECTOR('',#161970,1.);
#161990=LINE('',#161960,#161980);
#162000=EDGE_CURVE('',#157800,#161750,#161990,.T.);
#162010=ORIENTED_EDGE('',*,*,#162000,.F.);
#162020=ORIENTED_EDGE('',*,*,#161760,.F.);
#162030=ORIENTED_EDGE('',*,*,#155180,.F.);
#162040=EDGE_LOOP('',(#162030,#162020,#162010,#161950));
#162050=FACE_OUTER_BOUND('',#162040,.T.);
#162060=ADVANCED_FACE('',(#162050),#161940,.T.);
#162070=CARTESIAN_POINT('',(-2.88622048372475,1.04533900000001,
-5.98105024794587));
#162080=DIRECTION('',(6.70253783030539E-16,-2.39283419467549E-16,-1.));
#162090=DIRECTION('',(1.,-8.06104315242945E-17,6.70253783030539E-16));
#162100=AXIS2_PLACEMENT_3D('',#162070,#162080,#162090);
#162110=CYLINDRICAL_SURFACE('',#162100,0.05);
#162120=CARTESIAN_POINT('',(-2.84553381016441,1.01627709031405,
-5.98105024794587));
#162130=DIRECTION('',(6.70253783030539E-16,-2.39283419467549E-16,-1.));
#162140=VECTOR('',#162130,1.);
#162150=LINE('',#162120,#162140);
#162160=CARTESIAN_POINT('',(-2.84553381016441,1.01627709031405,
-6.35999999999998));
#162170=VERTEX_POINT('',#162160);
#162180=CARTESIAN_POINT('',(-2.84553381016441,1.01627709031405,
-6.39999999999998));
#162190=VERTEX_POINT('',#162180);
#162200=EDGE_CURVE('',#162170,#162190,#162150,.T.);
#162210=ORIENTED_EDGE('',*,*,#162200,.F.);
#162220=CARTESIAN_POINT('',(-2.88622048372475,1.04533900000001,
-6.39999999999998));
#162230=DIRECTION('',(6.70253783030539E-16,-2.39283419467549E-16,-1.));
#162240=DIRECTION('',(1.,1.60380617114608E-31,6.70253783030539E-16));
#162250=AXIS2_PLACEMENT_3D('',#162220,#162230,#162240);
#162260=CIRCLE('',#162250,0.0500000000000003);
#162270=CARTESIAN_POINT('',(-2.88622048372475,0.995339000000011,
-6.39999999999998));
#162280=VERTEX_POINT('',#162270);
#162290=EDGE_CURVE('',#162190,#162280,#162260,.T.);
#162300=ORIENTED_EDGE('',*,*,#162290,.F.);
#162310=CARTESIAN_POINT('',(-2.88622048372475,0.995339000000012,
-5.98105024794587));
#162320=DIRECTION('',(6.70253783030539E-16,-2.39283419467549E-16,-1.));
#162330=VECTOR('',#162320,1.);
#162340=LINE('',#162310,#162330);
#162350=CARTESIAN_POINT('',(-2.88622048372475,0.995339000000011,
-6.35999999999998));
#162360=VERTEX_POINT('',#162350);
#162370=EDGE_CURVE('',#162360,#162280,#162340,.T.);
#162380=ORIENTED_EDGE('',*,*,#162370,.T.);
#162390=CARTESIAN_POINT('',(-2.88622048372475,1.04533900000001,
-6.35999999999998));
#162400=DIRECTION('',(6.70253783030539E-16,-2.39283419467549E-16,-1.));
#162410=DIRECTION('',(1.,1.60380617114608E-31,6.70253783030539E-16));
#162420=AXIS2_PLACEMENT_3D('',#162390,#162400,#162410);
#162430=CIRCLE('',#162420,0.0500000000000003);
#162440=EDGE_CURVE('',#162170,#162360,#162430,.T.);
#162450=ORIENTED_EDGE('',*,*,#162440,.T.);
#162460=EDGE_LOOP('',(#162450,#162380,#162300,#162210));
#162470=FACE_OUTER_BOUND('',#162460,.T.);
#162480=ADVANCED_FACE('',(#162470),#162110,.T.);
#162490=CARTESIAN_POINT('',(-2.64935337543742,1.32533900000001,
-6.35999999999998));
#162500=DIRECTION('',(0.581238193719096,0.813733471206735,
1.94864170656516E-16));
#162510=DIRECTION('',(0.813733471206735,-0.581238193719096,
6.84488599973133E-16));
#162520=AXIS2_PLACEMENT_3D('',#162490,#162500,#162510);
#162530=CYLINDRICAL_SURFACE('',#162520,0.02);
#162540=CARTESIAN_POINT('',(-2.63307870601329,1.31371423612563,
-6.35999999999998));
#162550=DIRECTION('',(0.581238193719096,0.813733471206735,
1.94864170656516E-16));
#162560=VECTOR('',#162550,1.);
#162570=LINE('',#162540,#162560);
#162580=CARTESIAN_POINT('',(-2.83048958896018,1.03733899999998,
-6.35999999999998));
#162590=VERTEX_POINT('',#162580);
#162600=EDGE_CURVE('',#162170,#162590,#162570,.T.);
#162610=ORIENTED_EDGE('',*,*,#162600,.T.);
#162620=CARTESIAN_POINT('',(-2.86180847958854,1.02790185418844,
-6.35999999999998));
#162630=DIRECTION('',(-0.581238193719096,-0.813733471206735,
-1.94864170656516E-16));
#162640=DIRECTION('',(-0.813733471206735,0.581238193719096,
-6.84488599973133E-16));
#162650=AXIS2_PLACEMENT_3D('',#162620,#162630,#162640);
#162660=CIRCLE('',#162650,0.02);
#162670=CARTESIAN_POINT('',(-2.86180847958855,1.02790185418845,
-6.33999999999998));
#162680=VERTEX_POINT('',#162670);
#162690=EDGE_CURVE('',#162170,#162680,#162660,.T.);
#162700=ORIENTED_EDGE('',*,*,#162690,.F.);
#162710=CARTESIAN_POINT('',(-2.64935337543742,1.32533900000001,
-6.33999999999998));
#162720=DIRECTION('',(0.581238193719096,0.813733471206735,
-9.31165288778567E-16));
#162730=VECTOR('',#162720,1.);
#162740=LINE('',#162710,#162730);
#162750=CARTESIAN_POINT('',(-2.83607758482396,1.06392510685887,
-6.33999999999998));
#162760=VERTEX_POINT('',#162750);
#162770=EDGE_CURVE('',#162680,#162760,#162740,.T.);
#162780=ORIENTED_EDGE('',*,*,#162770,.F.);
#162790=CARTESIAN_POINT('',(-2.83607758482395,1.06392510685886,
-6.35999999999998));
#162800=DIRECTION('',(-0.581238193719096,-0.813733471206735,
-1.94864170656516E-16));
#162810=DIRECTION('',(-0.813733471206735,0.581238193719096,
-6.84488599973133E-16));
#162820=AXIS2_PLACEMENT_3D('',#162790,#162800,#162810);
#162830=CIRCLE('',#162820,0.02);
#162840=CARTESIAN_POINT('',(-2.83048958896018,1.05993368124188,
-6.34121588906093));
#162850=VERTEX_POINT('',#162840);
#162860=EDGE_CURVE('',#162850,#162760,#162830,.T.);
#162870=ORIENTED_EDGE('',*,*,#162860,.T.);
#162880=CARTESIAN_POINT('',(-2.83048958896018,1.07174830106815,
-6.35999999999998));
#162890=DIRECTION('',(-1.,-4.57953614647266E-15,1.71444889535133E-15));
#162900=DIRECTION('',(4.57953614647266E-15,-1.,-1.46407563651951E-15));
#162910=AXIS2_PLACEMENT_3D('',#162880,#162890,#162900);
#162920=ELLIPSE('',#162910,0.0344093010681703,0.02);
#162930=EDGE_CURVE('',#162590,#162850,#162920,.T.);
#162940=ORIENTED_EDGE('',*,*,#162930,.T.);
#162950=EDGE_LOOP('',(#162940,#162870,#162780,#162700,#162610));
#162960=FACE_OUTER_BOUND('',#162950,.T.);
#162970=ADVANCED_FACE('',(#162960),#162530,.T.);
#162980=CARTESIAN_POINT('',(-2.83048958896018,1.315339,-6.33999999999999
));
#162990=DIRECTION('',(-1.71444889535133E-15,-1.30348769786129E-15,-1.));
#163000=DIRECTION('',(1.,4.57953614647266E-15,-1.71444889535134E-15));
#163010=AXIS2_PLACEMENT_3D('',#162980,#162990,#163000);
#163020=PLANE('',#163010);
#163030=CARTESIAN_POINT('',(-6.52097917792031,0.975339000000019,
-6.33999999999998));
#163040=DIRECTION('',(1.,4.7019967818549E-15,-1.71444889535133E-15));
#163050=VECTOR('',#163040,1.);
#163060=LINE('',#163030,#163050);
#163070=CARTESIAN_POINT('',(-3.69048958896017,0.975339000000032,
-6.33999999999999));
#163080=VERTEX_POINT('',#163070);
#163090=EDGE_CURVE('',#163080,#159660,#163060,.T.);
#163100=ORIENTED_EDGE('',*,*,#163090,.F.);
#163110=ORIENTED_EDGE('',*,*,#159670,.F.);
#163120=ORIENTED_EDGE('',*,*,#160120,.T.);
#163130=CARTESIAN_POINT('',(-3.19048958896021,0.975339000000035,
-6.33999999999999));
#163140=VERTEX_POINT('',#163130);
#163150=EDGE_CURVE('',#160050,#163140,#163060,.T.);
#163160=ORIENTED_EDGE('',*,*,#163150,.F.);
#163170=CARTESIAN_POINT('',(-2.21515058896026,3.59343169037936E-14,
-6.33999999999998));
#163180=DIRECTION('',(0.707106781186549,-0.707106781186546,
1.65665403179854E-15));
#163190=VECTOR('',#163180,1.);
#163200=LINE('',#163170,#163190);
#163210=CARTESIAN_POINT('',(-3.15048958896026,0.935339000000035,
-6.33999999999999));
#163220=VERTEX_POINT('',#163210);
#163230=EDGE_CURVE('',#163140,#163220,#163200,.T.);
#163240=ORIENTED_EDGE('',*,*,#163230,.F.);
#163250=CARTESIAN_POINT('',(-3.15048958896026,3.44805080527118E-14,
-6.33999999999999));
#163260=DIRECTION('',(1.55431223447522E-15,-1.,1.30348769786129E-15));
#163270=VECTOR('',#163260,1.);
#163280=LINE('',#163250,#163270);
#163290=CARTESIAN_POINT('',(-3.15048958896026,0.975339000000035,
-6.33999999999999));
#163300=VERTEX_POINT('',#163290);
#163310=EDGE_CURVE('',#163300,#163220,#163280,.T.);
#163320=ORIENTED_EDGE('',*,*,#163310,.T.);
#163330=CARTESIAN_POINT('',(-2.83048958896017,0.975339000000036,
-6.33999999999999));
#163340=VERTEX_POINT('',#163330);
#163350=EDGE_CURVE('',#163300,#163340,#163060,.T.);
#163360=ORIENTED_EDGE('',*,*,#163350,.F.);
#163370=CARTESIAN_POINT('',(-2.83048958896017,3.63799171099497E-14,
-6.33999999999999));
#163380=DIRECTION('',(-4.57953614647266E-15,1.,-1.30348769786129E-15));
#163390=VECTOR('',#163380,1.);
#163400=LINE('',#163370,#163390);
#163410=CARTESIAN_POINT('',(-2.83048958896016,1.08136225267044,
-6.33999999999998));
#163420=VERTEX_POINT('',#163410);
#163430=EDGE_CURVE('',#163340,#163420,#163400,.T.);
#163440=ORIENTED_EDGE('',*,*,#163430,.F.);
#163450=CARTESIAN_POINT('',(-2.86048958896016,1.08136225267044,
-6.33999999999998));
#163460=DIRECTION('',(6.70253783030539E-16,-2.39283419467549E-16,-1.));
#163470=DIRECTION('',(-1.,0.,0.));
#163480=AXIS2_PLACEMENT_3D('',#163450,#163460,#163470);
#163490=CIRCLE('',#163480,0.0300000000000002);
#163500=EDGE_CURVE('',#163420,#162760,#163490,.T.);
#163510=ORIENTED_EDGE('',*,*,#163500,.F.);
#163520=ORIENTED_EDGE('',*,*,#162770,.T.);
#163530=CARTESIAN_POINT('',(-2.88622048372475,1.04533900000001,
-6.33999999999998));
#163540=DIRECTION('',(6.70253783030539E-16,-2.39283419467549E-16,-1.));
#163550=DIRECTION('',(-1.,0.,0.));
#163560=AXIS2_PLACEMENT_3D('',#163530,#163540,#163550);
#163570=CIRCLE('',#163560,0.0300000000000002);
#163580=CARTESIAN_POINT('',(-2.88622048372475,1.01533900000001,
-6.33999999999998));
#163590=VERTEX_POINT('',#163580);
#163600=EDGE_CURVE('',#162680,#163590,#163570,.T.);
#163610=ORIENTED_EDGE('',*,*,#163600,.F.);
#163620=CARTESIAN_POINT('',(-3.3227950409515,1.01533900000001,
-6.33999999999998));
#163630=DIRECTION('',(-1.,8.06104315242945E-17,-6.70253783030539E-16));
#163640=VECTOR('',#163630,1.);
#163650=LINE('',#163620,#163640);
#163660=CARTESIAN_POINT('',(-3.63475869419557,1.01533900000001,
-6.33999999999998));
#163670=VERTEX_POINT('',#163660);
#163680=EDGE_CURVE('',#163590,#163670,#163650,.T.);
#163690=ORIENTED_EDGE('',*,*,#163680,.F.);
#163700=CARTESIAN_POINT('',(-3.63475869419557,1.04533900000001,
-6.33999999999998));
#163710=DIRECTION('',(-6.70253783030539E-16,2.39283419467549E-16,1.));
#163720=DIRECTION('',(1.,0.,0.));
#163730=AXIS2_PLACEMENT_3D('',#163700,#163710,#163720);
#163740=CIRCLE('',#163730,0.0300000000000003);
#163750=CARTESIAN_POINT('',(-3.65917069833177,1.02790185418844,
-6.33999999999998));
#163760=VERTEX_POINT('',#163750);
#163770=EDGE_CURVE('',#163760,#163670,#163740,.T.);
#163780=ORIENTED_EDGE('',*,*,#163770,.T.);
#163790=CARTESIAN_POINT('',(-3.87162580248289,1.32533900000001,
-6.33999999999998));
#163800=DIRECTION('',(0.581238193719096,-0.813733471206735,
3.24239207802925E-16));
#163810=VECTOR('',#163800,1.);
#163820=LINE('',#163790,#163810);
#163830=CARTESIAN_POINT('',(-3.68490159309636,1.06392510685886,
-6.33999999999998));
#163840=VERTEX_POINT('',#163830);
#163850=EDGE_CURVE('',#163840,#163760,#163820,.T.);
#163860=ORIENTED_EDGE('',*,*,#163850,.T.);
#163870=CARTESIAN_POINT('',(-3.66048958896016,1.08136225267043,
-6.33999999999998));
#163880=DIRECTION('',(-6.70253783030539E-16,2.39283419467549E-16,1.));
#163890=DIRECTION('',(1.,0.,0.));
#163900=AXIS2_PLACEMENT_3D('',#163870,#163880,#163890);
#163910=CIRCLE('',#163900,0.0300000000000003);
#163920=CARTESIAN_POINT('',(-3.69048958896016,1.08136225267043,
-6.33999999999998));
#163930=VERTEX_POINT('',#163920);
#163940=EDGE_CURVE('',#163930,#163840,#163910,.T.);
#163950=ORIENTED_EDGE('',*,*,#163940,.T.);
#163960=CARTESIAN_POINT('',(-3.69048958896017,3.22308837311258E-14,
-6.33999999999999));
#163970=DIRECTION('',(4.82445741723714E-15,-1.,1.30348769786129E-15));
#163980=VECTOR('',#163970,1.);
#163990=LINE('',#163960,#163980);
#164000=EDGE_CURVE('',#163930,#163080,#163990,.T.);
#164010=ORIENTED_EDGE('',*,*,#164000,.F.);
#164020=EDGE_LOOP('',(#164010,#163950,#163860,#163780,#163690,#163610,
#163520,#163510,#163440,#163360,#163320,#163240,#163160,#163120,#163110,
#163100));
#164030=FACE_OUTER_BOUND('',#164020,.T.);
#164040=ADVANCED_FACE('',(#164030),#163020,.T.);
#164050=CARTESIAN_POINT('',(-3.69048958896018,1.315339,-6.41999999999999
));
#164060=DIRECTION('',(4.89842541528948E-16,1.30348769786129E-15,1.));
#164070=DIRECTION('',(-1.,-4.57953614647266E-15,4.89842541528954E-16));
#164080=AXIS2_PLACEMENT_3D('',#164050,#164060,#164070);
#164090=PLANE('',#164080);
#164100=CARTESIAN_POINT('',(-3.66048958896016,1.08136225267043,
-6.41999999999998));
#164110=DIRECTION('',(-6.70253783030539E-16,2.39283419467549E-16,1.));
#164120=DIRECTION('',(1.,0.,0.));
#164130=AXIS2_PLACEMENT_3D('',#164100,#164110,#164120);
#164140=CIRCLE('',#164130,0.0300000000000002);
#164150=CARTESIAN_POINT('',(-3.69048958896016,1.08136225267043,
-6.41999999999998));
#164160=VERTEX_POINT('',#164150);
#164170=CARTESIAN_POINT('',(-3.68490159309636,1.06392510685886,
-6.41999999999998));
#164180=VERTEX_POINT('',#164170);
#164190=EDGE_CURVE('',#164160,#164180,#164140,.T.);
#164200=ORIENTED_EDGE('',*,*,#164190,.F.);
#164210=CARTESIAN_POINT('',(-3.87162580248289,1.32533900000001,
-6.41999999999998));
#164220=DIRECTION('',(-0.581238193719096,0.813733471206735,
-6.80133200359246E-16));
#164230=VECTOR('',#164220,1.);
#164240=LINE('',#164210,#164230);
#164250=CARTESIAN_POINT('',(-3.66048958896018,1.02974830106821,
-6.41999999999998));
#164260=VERTEX_POINT('',#164250);
#164270=EDGE_CURVE('',#164260,#164180,#164240,.T.);
#164280=ORIENTED_EDGE('',*,*,#164270,.T.);
#164290=CARTESIAN_POINT('',(-3.66048958896017,3.22517447361528E-14,
-6.41999999999999));
#164300=DIRECTION('',(4.57953614647266E-15,-1.,1.30348769786129E-15));
#164310=VECTOR('',#164300,1.);
#164320=LINE('',#164290,#164310);
#164330=CARTESIAN_POINT('',(-3.66048958896017,0.975339000000033,
-6.41999999999999));
#164340=VERTEX_POINT('',#164330);
#164350=EDGE_CURVE('',#164260,#164340,#164320,.T.);
#164360=ORIENTED_EDGE('',*,*,#164350,.F.);
#164370=CARTESIAN_POINT('',(-6.52097917792031,0.975339000000019,
-6.41999999999998));
#164380=DIRECTION('',(-1.,-4.7019967818549E-15,4.89842541528954E-16));
#164390=VECTOR('',#164380,1.);
#164400=LINE('',#164370,#164390);
#164410=CARTESIAN_POINT('',(-3.69048958896017,0.975339000000032,
-6.41999999999999));
#164420=VERTEX_POINT('',#164410);
#164430=EDGE_CURVE('',#164340,#164420,#164400,.T.);
#164440=ORIENTED_EDGE('',*,*,#164430,.F.);
#164450=CARTESIAN_POINT('',(-3.69048958896017,3.21070110136357E-14,
-6.41999999999998));
#164460=DIRECTION('',(4.82445741723714E-15,-1.,1.30348769786129E-15));
#164470=VECTOR('',#164460,1.);
#164480=LINE('',#164450,#164470);
#164490=EDGE_CURVE('',#164160,#164420,#164480,.T.);
#164500=ORIENTED_EDGE('',*,*,#164490,.T.);
#164510=EDGE_LOOP('',(#164500,#164440,#164360,#164280,#164200));
#164520=FACE_OUTER_BOUND('',#164510,.T.);
#164530=ADVANCED_FACE('',(#164520),#164090,.T.);
#164540=CARTESIAN_POINT('',(-3.66048958896016,1.08136225267043,
-6.39999999999998));
#164550=DIRECTION('',(-6.70253783030539E-16,2.39283419467549E-16,1.));
#164560=DIRECTION('',(1.,0.,0.));
#164570=AXIS2_PLACEMENT_3D('',#164540,#164550,#164560);
#164580=TOROIDAL_SURFACE('',#164570,0.0300000000000002,0.02);
#164590=CARTESIAN_POINT('',(-3.68490159309636,1.06392510685886,
-6.39999999999998));
#164600=DIRECTION('',(0.581238193719096,-0.813733471206735,
5.84290025707607E-16));
#164610=DIRECTION('',(-0.813733471206735,-0.581238193719096,
-4.0632727493664E-16));
#164620=AXIS2_PLACEMENT_3D('',#164590,#164600,#164610);
#164630=CIRCLE('',#164620,0.02);
#164640=CARTESIAN_POINT('',(-3.69048958896007,1.05993368127208,
-6.41878411094602));
#164650=VERTEX_POINT('',#164640);
#164660=EDGE_CURVE('',#164650,#164180,#164630,.T.);
#164670=ORIENTED_EDGE('',*,*,#164660,.F.);
#164680=ORIENTED_EDGE('',*,*,#164190,.T.);
#164690=CARTESIAN_POINT('',(-3.69048958896018,1.08136225267043,
-6.41999999999998));
#164700=CARTESIAN_POINT('',(-3.69048958896018,1.07957192804272,
-6.41999999999998));
#164710=CARTESIAN_POINT('',(-3.69048958896018,1.07778147817408,
-6.42000183791613));
#164720=CARTESIAN_POINT('',(-3.69048958896018,1.07599118019328,
-6.41999431061729));
#164730=CARTESIAN_POINT('',(-3.69048958896018,1.07420102174163,
-6.41998678390511));
#164740=CARTESIAN_POINT('',(-3.69048958896018,1.0724105807163,
-6.41996937432703));
#164750=CARTESIAN_POINT('',(-3.69048958896018,1.07061983518933,
-6.41991282319904));
#164760=CARTESIAN_POINT('',(-3.69048958896018,1.06882946412255,
-6.41985628389637));
#164770=CARTESIAN_POINT('',(-3.69048958895672,1.06704019148767,
-6.41976006848851));
#164780=CARTESIAN_POINT('',(-3.69048958895672,1.0652584055566,
-6.41958585355902));
#164790=CARTESIAN_POINT('',(-3.69048958895672,1.0634764315404,
-6.41941162023941));
#164800=CARTESIAN_POINT('',(-3.69048958896007,1.06169102523495,
-6.41915752801677));
#164810=CARTESIAN_POINT('',(-3.69048958896007,1.05993368127208,
-6.41878411094602));
#164820=B_SPLINE_CURVE_WITH_KNOTS('',3,(#164690,#164700,#164710,#164720,
#164730,#164740,#164750,#164760,#164770,#164780,#164790,#164800,#164810)
,.UNSPECIFIED.,.F.,.F.,(4,3,3,3,4),(0.,0.00537107944660105,
0.0107432101431114,0.0161155727062358,0.021503128733432),.UNSPECIFIED.);
#164830=EDGE_CURVE('',#164160,#164650,#164820,.T.);
#164840=ORIENTED_EDGE('',*,*,#164830,.F.);
#164850=EDGE_LOOP('',(#164840,#164680,#164670));
#164860=FACE_OUTER_BOUND('',#164850,.T.);
#164870=ADVANCED_FACE('',(#164860),#164580,.T.);
#164880=CARTESIAN_POINT('',(-3.63475869419557,1.04533900000001,
-5.98105024794587));
#164890=DIRECTION('',(-6.70253783030539E-16,2.39283419467549E-16,1.));
#164900=DIRECTION('',(-1.,8.06104315242945E-17,-6.70253783030539E-16));
#164910=AXIS2_PLACEMENT_3D('',#164880,#164890,#164900);
#164920=CYLINDRICAL_SURFACE('',#164910,0.05);
#164930=CARTESIAN_POINT('',(-3.63475869419557,0.995339000000012,
-5.98105024794587));
#164940=DIRECTION('',(-6.70253783030539E-16,2.39283419467549E-16,1.));
#164950=VECTOR('',#164940,1.);
#164960=LINE('',#164930,#164950);
#164970=CARTESIAN_POINT('',(-3.63475869419557,0.995339000000011,
-6.39999999999998));
#164980=VERTEX_POINT('',#164970);
#164990=CARTESIAN_POINT('',(-3.63475869419557,0.995339000000011,
-6.35999999999998));
#165000=VERTEX_POINT('',#164990);
#165010=EDGE_CURVE('',#164980,#165000,#164960,.T.);
#165020=ORIENTED_EDGE('',*,*,#165010,.T.);
#165030=CARTESIAN_POINT('',(-3.63475869419557,1.04533900000001,
-6.39999999999998));
#165040=DIRECTION('',(-6.70253783030539E-16,2.39283419467549E-16,1.));
#165050=DIRECTION('',(-1.,-1.60380617114608E-31,-6.70253783030539E-16));
#165060=AXIS2_PLACEMENT_3D('',#165030,#165040,#165050);
#165070=CIRCLE('',#165060,0.0500000000000003);
#165080=CARTESIAN_POINT('',(-3.6754453677559,1.01627709031405,
-6.39999999999998));
#165090=VERTEX_POINT('',#165080);
#165100=EDGE_CURVE('',#165090,#164980,#165070,.T.);
#165110=ORIENTED_EDGE('',*,*,#165100,.T.);
#165120=CARTESIAN_POINT('',(-3.6754453677559,1.01627709031405,
-5.98105024794587));
#165130=DIRECTION('',(-6.70253783030539E-16,2.39283419467549E-16,1.));
#165140=VECTOR('',#165130,1.);
#165150=LINE('',#165120,#165140);
#165160=CARTESIAN_POINT('',(-3.6754453677559,1.01627709031405,
-6.35999999999998));
#165170=VERTEX_POINT('',#165160);
#165180=EDGE_CURVE('',#165090,#165170,#165150,.T.);
#165190=ORIENTED_EDGE('',*,*,#165180,.F.);
#165200=CARTESIAN_POINT('',(-3.63475869419557,1.04533900000001,
-6.35999999999998));
#165210=DIRECTION('',(-6.70253783030539E-16,2.39283419467549E-16,1.));
#165220=DIRECTION('',(-1.,-1.60380617114608E-31,-6.70253783030539E-16));
#165230=AXIS2_PLACEMENT_3D('',#165200,#165210,#165220);
#165240=CIRCLE('',#165230,0.0500000000000003);
#165250=EDGE_CURVE('',#165170,#165000,#165240,.T.);
#165260=ORIENTED_EDGE('',*,*,#165250,.F.);
#165270=EDGE_LOOP('',(#165260,#165190,#165110,#165020));
#165280=FACE_OUTER_BOUND('',#165270,.T.);
#165290=ADVANCED_FACE('',(#165280),#164920,.T.);
#165300=CARTESIAN_POINT('',(-3.66048958896018,1.32533900000001,
-6.44999999999999));
#165310=DIRECTION('',(1.,4.57953614647266E-15,9.75781955236621E-18));
#165320=DIRECTION('',(-9.75781955236994E-18,8.13645156332335E-16,1.));
#165330=AXIS2_PLACEMENT_3D('',#165300,#165310,#165320);
#165340=PLANE('',#165330);
#165350=ORIENTED_EDGE('',*,*,#158120,.T.);
#165360=CARTESIAN_POINT('',(-3.66048958896017,0.975339000000033,
-5.85999999999999));
#165370=DIRECTION('',(-9.75781955236993E-18,8.13645156332335E-16,1.));
#165380=VECTOR('',#165370,1.);
#165390=LINE('',#165360,#165380);
#165400=EDGE_CURVE('',#158110,#164340,#165390,.T.);
#165410=ORIENTED_EDGE('',*,*,#165400,.F.);
#165420=ORIENTED_EDGE('',*,*,#164350,.T.);
#165430=CARTESIAN_POINT('',(-3.66048958896017,3.09681793725154E-15,
-6.41999999999998));
#165440=DIRECTION('',(-4.57953614647266E-15,1.,-2.39283419467552E-16));
#165450=VECTOR('',#165440,1.);
#165460=LINE('',#165430,#165450);
#165470=CARTESIAN_POINT('',(-3.66048958896018,1.20533900000001,
-6.41999999999998));
#165480=VERTEX_POINT('',#165470);
#165490=EDGE_CURVE('',#164260,#165480,#165460,.T.);
#165500=ORIENTED_EDGE('',*,*,#165490,.F.);
#165510=EDGE_CURVE('',#157800,#165480,#164320,.T.);
#165520=ORIENTED_EDGE('',*,*,#165510,.T.);
#165530=ORIENTED_EDGE('',*,*,#157960,.F.);
#165540=EDGE_LOOP('',(#165530,#165520,#165500,#165420,#165410,#165350));
#165550=FACE_OUTER_BOUND('',#165540,.T.);
#165560=ADVANCED_FACE('',(#165550),#165340,.T.);
#165570=CARTESIAN_POINT('',(-2.78048958896016,1.30533900000001,
-6.41999999999998));
#165580=DIRECTION('',(6.70253783030539E-16,-2.39283419467549E-16,-1.));
#165590=DIRECTION('',(-8.06104315242946E-17,-1.,2.39283419467549E-16));
#165600=AXIS2_PLACEMENT_3D('',#165570,#165580,#165590);
#165610=PLANE('',#165600);
#165620=CARTESIAN_POINT('',(-3.3227950409515,1.20533900000001,
-6.41999999999998));
#165630=DIRECTION('',(-1.,8.06104315242945E-17,-6.70253783030539E-16));
#165640=VECTOR('',#165630,1.);
#165650=LINE('',#165620,#165640);
#165660=CARTESIAN_POINT('',(-2.92048958896016,1.20533900000001,
-6.41999999999998));
#165670=VERTEX_POINT('',#165660);
#165680=EDGE_CURVE('',#160300,#165670,#165650,.T.);
#165690=ORIENTED_EDGE('',*,*,#165680,.F.);
#165700=CARTESIAN_POINT('',(-2.92048958896016,1.25533900000001,
-6.41999999999998));
#165710=DIRECTION('',(-6.70253783030539E-16,2.39283419467549E-16,1.));
#165720=DIRECTION('',(-1.,8.06104315242945E-17,-6.70253783030539E-16));
#165730=AXIS2_PLACEMENT_3D('',#165700,#165710,#165720);
#165740=CIRCLE('',#165730,0.05);
#165750=CARTESIAN_POINT('',(-2.97048958896016,1.25533900000001,
-6.41999999999998));
#165760=VERTEX_POINT('',#165750);
#165770=EDGE_CURVE('',#165760,#165670,#165740,.T.);
#165780=ORIENTED_EDGE('',*,*,#165770,.T.);
#165790=CARTESIAN_POINT('',(-2.97048958896016,1.30533900000001,
-6.41999999999998));
#165800=DIRECTION('',(8.06104315242946E-17,1.,-2.39283419467549E-16));
#165810=VECTOR('',#165800,1.);
#165820=LINE('',#165790,#165810);
#165830=CARTESIAN_POINT('',(-2.97048958896016,1.33533900000001,
-6.41999999999998));
#165840=VERTEX_POINT('',#165830);
#165850=EDGE_CURVE('',#165760,#165840,#165820,.T.);
#165860=ORIENTED_EDGE('',*,*,#165850,.F.);
#165870=CARTESIAN_POINT('',(-3.3227950409515,1.33533900000001,
-6.41999999999998));
#165880=DIRECTION('',(-1.,8.06104315242945E-17,-6.70253783030539E-16));
#165890=VECTOR('',#165880,1.);
#165900=LINE('',#165870,#165890);
#165910=CARTESIAN_POINT('',(-3.10048958896015,1.33533900000001,
-6.41999999999998));
#165920=VERTEX_POINT('',#165910);
#165930=EDGE_CURVE('',#165840,#165920,#165900,.T.);
#165940=ORIENTED_EDGE('',*,*,#165930,.F.);
#165950=CARTESIAN_POINT('',(-3.10048958896015,1.30533900000001,
-6.41999999999998));
#165960=DIRECTION('',(8.06104315242946E-17,1.,-2.39283419467549E-16));
#165970=VECTOR('',#165960,1.);
#165980=LINE('',#165950,#165970);
#165990=CARTESIAN_POINT('',(-3.10048958896015,1.32533900000001,
-6.41999999999998));
#166000=VERTEX_POINT('',#165990);
#166010=EDGE_CURVE('',#166000,#165920,#165980,.T.);
#166020=ORIENTED_EDGE('',*,*,#166010,.T.);
#166030=CARTESIAN_POINT('',(-3.15048958896015,1.32533900000001,
-6.41999999999998));
#166040=DIRECTION('',(4.89842541528951E-16,-2.39283419467549E-16,-1.));
#166050=DIRECTION('',(1.,-8.06104315242945E-17,4.89842541528951E-16));
#166060=AXIS2_PLACEMENT_3D('',#166030,#166040,#166050);
#166070=CIRCLE('',#166060,0.05);
#166080=CARTESIAN_POINT('',(-3.15048958896015,1.27533900000001,
-6.41999999999998));
#166090=VERTEX_POINT('',#166080);
#166100=EDGE_CURVE('',#166000,#166090,#166070,.T.);
#166110=ORIENTED_EDGE('',*,*,#166100,.F.);
#166120=CARTESIAN_POINT('',(-3.3227950409515,1.27533900000001,
-6.41999999999998));
#166130=DIRECTION('',(-1.,8.06104315242945E-17,-6.70253783030539E-16));
#166140=VECTOR('',#166130,1.);
#166150=LINE('',#166120,#166140);
#166160=CARTESIAN_POINT('',(-3.17048958896015,1.27533900000001,
-6.41999999999998));
#166170=VERTEX_POINT('',#166160);
#166180=EDGE_CURVE('',#166090,#166170,#166150,.T.);
#166190=ORIENTED_EDGE('',*,*,#166180,.F.);
#166200=CARTESIAN_POINT('',(-3.17048958896015,1.30533900000001,
-6.41999999999998));
#166210=DIRECTION('',(4.89842541528951E-16,-2.39283419467549E-16,-1.));
#166220=DIRECTION('',(1.,-8.06104315242945E-17,4.89842541528951E-16));
#166230=AXIS2_PLACEMENT_3D('',#166200,#166210,#166220);
#166240=CIRCLE('',#166230,0.03);
#166250=CARTESIAN_POINT('',(-3.20048958896015,1.30533900000001,
-6.41999999999998));
#166260=VERTEX_POINT('',#166250);
#166270=EDGE_CURVE('',#166170,#166260,#166240,.T.);
#166280=ORIENTED_EDGE('',*,*,#166270,.F.);
#166290=CARTESIAN_POINT('',(-3.3227950409515,1.30533900000001,
-6.41999999999998));
#166300=DIRECTION('',(-1.,8.06104315242945E-17,-6.70253783030539E-16));
#166310=VECTOR('',#166300,1.);
#166320=LINE('',#166290,#166310);
#166330=CARTESIAN_POINT('',(-3.32048958896015,1.30533900000001,
-6.41999999999998));
#166340=VERTEX_POINT('',#166330);
#166350=EDGE_CURVE('',#166260,#166340,#166320,.T.);
#166360=ORIENTED_EDGE('',*,*,#166350,.F.);
#166370=CARTESIAN_POINT('',(-3.35048958896015,1.30533900000001,
-6.41999999999998));
#166380=DIRECTION('',(-4.89842541528951E-16,2.39283419467549E-16,1.));
#166390=DIRECTION('',(-1.,8.06104315242945E-17,-4.89842541528951E-16));
#166400=AXIS2_PLACEMENT_3D('',#166370,#166380,#166390);
#166410=CIRCLE('',#166400,0.03);
#166420=CARTESIAN_POINT('',(-3.35048958896015,1.27533900000001,
-6.41999999999998));
#166430=VERTEX_POINT('',#166420);
#166440=EDGE_CURVE('',#166430,#166340,#166410,.T.);
#166450=ORIENTED_EDGE('',*,*,#166440,.T.);
#166460=CARTESIAN_POINT('',(-3.3227950409515,1.27533900000001,
-6.41999999999998));
#166470=DIRECTION('',(-1.,8.06104315242945E-17,-6.70253783030539E-16));
#166480=VECTOR('',#166470,1.);
#166490=LINE('',#166460,#166480);
#166500=CARTESIAN_POINT('',(-3.37048958896015,1.27533900000001,
-6.41999999999998));
#166510=VERTEX_POINT('',#166500);
#166520=EDGE_CURVE('',#166430,#166510,#166490,.T.);
#166530=ORIENTED_EDGE('',*,*,#166520,.F.);
#166540=CARTESIAN_POINT('',(-3.37048958896015,1.32533900000001,
-6.41999999999998));
#166550=DIRECTION('',(-4.89842541528951E-16,2.39283419467549E-16,1.));
#166560=DIRECTION('',(-1.,8.06104315242945E-17,-4.89842541528951E-16));
#166570=AXIS2_PLACEMENT_3D('',#166540,#166550,#166560);
#166580=CIRCLE('',#166570,0.05);
#166590=CARTESIAN_POINT('',(-3.42048958896015,1.32533900000001,
-6.41999999999998));
#166600=VERTEX_POINT('',#166590);
#166610=EDGE_CURVE('',#166600,#166510,#166580,.T.);
#166620=ORIENTED_EDGE('',*,*,#166610,.T.);
#166630=CARTESIAN_POINT('',(-3.42048958896015,1.30533900000001,
-6.41999999999998));
#166640=DIRECTION('',(-8.06104315242946E-17,-1.,2.39283419467549E-16));
#166650=VECTOR('',#166640,1.);
#166660=LINE('',#166630,#166650);
#166670=CARTESIAN_POINT('',(-3.42048958896015,1.33533900000001,
-6.41999999999998));
#166680=VERTEX_POINT('',#166670);
#166690=EDGE_CURVE('',#166680,#166600,#166660,.T.);
#166700=ORIENTED_EDGE('',*,*,#166690,.T.);
#166710=CARTESIAN_POINT('',(-3.3227950409515,1.33533900000001,
-6.41999999999998));
#166720=DIRECTION('',(-1.,8.06104315242945E-17,-6.70253783030539E-16));
#166730=VECTOR('',#166720,1.);
#166740=LINE('',#166710,#166730);
#166750=CARTESIAN_POINT('',(-3.55048958896016,1.33533900000001,
-6.41999999999998));
#166760=VERTEX_POINT('',#166750);
#166770=EDGE_CURVE('',#166680,#166760,#166740,.T.);
#166780=ORIENTED_EDGE('',*,*,#166770,.F.);
#166790=CARTESIAN_POINT('',(-3.55048958896016,1.30533900000001,
-6.41999999999998));
#166800=DIRECTION('',(-8.06104315242946E-17,-1.,2.39283419467549E-16));
#166810=VECTOR('',#166800,1.);
#166820=LINE('',#166790,#166810);
#166830=CARTESIAN_POINT('',(-3.55048958896016,1.25533900000001,
-6.41999999999998));
#166840=VERTEX_POINT('',#166830);
#166850=EDGE_CURVE('',#166760,#166840,#166820,.T.);
#166860=ORIENTED_EDGE('',*,*,#166850,.F.);
#166870=CARTESIAN_POINT('',(-3.60048958896016,1.25533900000001,
-6.41999999999998));
#166880=DIRECTION('',(6.70253783030539E-16,-2.39283419467549E-16,-1.));
#166890=DIRECTION('',(1.,-8.06104315242945E-17,6.70253783030539E-16));
#166900=AXIS2_PLACEMENT_3D('',#166870,#166880,#166890);
#166910=CIRCLE('',#166900,0.05);
#166920=CARTESIAN_POINT('',(-3.60048958896016,1.20533900000001,
-6.41999999999998));
#166930=VERTEX_POINT('',#166920);
#166940=EDGE_CURVE('',#166840,#166930,#166910,.T.);
#166950=ORIENTED_EDGE('',*,*,#166940,.F.);
#166960=CARTESIAN_POINT('',(-3.3227950409515,1.20533900000001,
-6.41999999999998));
#166970=DIRECTION('',(-1.,8.06104315242945E-17,-6.70253783030539E-16));
#166980=VECTOR('',#166970,1.);
#166990=LINE('',#166960,#166980);
#167000=EDGE_CURVE('',#166930,#165480,#166990,.T.);
#167010=ORIENTED_EDGE('',*,*,#167000,.F.);
#167020=ORIENTED_EDGE('',*,*,#165490,.T.);
#167030=CARTESIAN_POINT('',(-3.87162580248289,1.32533900000001,
-6.41999999999998));
#167040=DIRECTION('',(-0.581238193719096,0.813733471206735,
-5.84290025707607E-16));
#167050=VECTOR('',#167040,1.);
#167060=LINE('',#167030,#167050);
#167070=CARTESIAN_POINT('',(-3.65917069833177,1.02790185418844,
-6.41999999999998));
#167080=VERTEX_POINT('',#167070);
#167090=EDGE_CURVE('',#167080,#164260,#167060,.T.);
#167100=ORIENTED_EDGE('',*,*,#167090,.T.);
#167110=CARTESIAN_POINT('',(-3.63475869419557,1.04533900000001,
-6.41999999999998));
#167120=DIRECTION('',(-6.70253783030539E-16,2.39283419467549E-16,1.));
#167130=DIRECTION('',(1.,0.,0.));
#167140=AXIS2_PLACEMENT_3D('',#167110,#167120,#167130);
#167150=CIRCLE('',#167140,0.0300000000000002);
#167160=CARTESIAN_POINT('',(-3.63475869419557,1.01533900000001,
-6.41999999999998));
#167170=VERTEX_POINT('',#167160);
#167180=EDGE_CURVE('',#167080,#167170,#167150,.T.);
#167190=ORIENTED_EDGE('',*,*,#167180,.F.);
#167200=CARTESIAN_POINT('',(-3.3227950409515,1.01533900000001,
-6.41999999999998));
#167210=DIRECTION('',(-1.,8.06104315242945E-17,-6.70253783030539E-16));
#167220=VECTOR('',#167210,1.);
#167230=LINE('',#167200,#167220);
#167240=CARTESIAN_POINT('',(-2.88622048372475,1.01533900000001,
-6.41999999999998));
#167250=VERTEX_POINT('',#167240);
#167260=EDGE_CURVE('',#167250,#167170,#167230,.T.);
#167270=ORIENTED_EDGE('',*,*,#167260,.T.);
#167280=CARTESIAN_POINT('',(-2.88622048372475,1.04533900000001,
-6.41999999999998));
#167290=DIRECTION('',(6.70253783030539E-16,-2.39283419467549E-16,-1.));
#167300=DIRECTION('',(-1.,0.,0.));
#167310=AXIS2_PLACEMENT_3D('',#167280,#167290,#167300);
#167320=CIRCLE('',#167310,0.0300000000000003);
#167330=CARTESIAN_POINT('',(-2.86180847958855,1.02790185418845,
-6.41999999999998));
#167340=VERTEX_POINT('',#167330);
#167350=EDGE_CURVE('',#167340,#167250,#167320,.T.);
#167360=ORIENTED_EDGE('',*,*,#167350,.T.);
#167370=CARTESIAN_POINT('',(-2.64935337543742,1.32533900000001,
-6.41999999999998));
#167380=DIRECTION('',(-0.581238193719096,-0.813733471206735,
-1.94864170656516E-16));
#167390=VECTOR('',#167380,1.);
#167400=LINE('',#167370,#167390);
#167410=CARTESIAN_POINT('',(-2.86048958896018,1.02974830106815,
-6.41999999999998));
#167420=VERTEX_POINT('',#167410);
#167430=EDGE_CURVE('',#167420,#167340,#167400,.T.);
#167440=ORIENTED_EDGE('',*,*,#167430,.T.);
#167450=CARTESIAN_POINT('',(-2.86048958896017,3.09681793725154E-15,
-6.41999999999998));
#167460=DIRECTION('',(4.57953614647266E-15,-1.,2.39283419467552E-16));
#167470=VECTOR('',#167460,1.);
#167480=LINE('',#167450,#167470);
#167490=EDGE_CURVE('',#160300,#167420,#167480,.T.);
#167500=ORIENTED_EDGE('',*,*,#167490,.T.);
#167510=EDGE_LOOP('',(#167500,#167440,#167360,#167270,#167190,#167100,
#167020,#167010,#166950,#166860,#166780,#166700,#166620,#166530,#166450,
#166360,#166280,#166190,#166110,#166020,#165940,#165860,#165780,#165690)
);
#167520=FACE_OUTER_BOUND('',#167510,.T.);
#167530=ADVANCED_FACE('',(#167520),#165610,.T.);
#167540=CARTESIAN_POINT('',(-3.3227950409515,1.01533900000001,
-6.39999999999998));
#167550=DIRECTION('',(-1.,8.06104315242945E-17,-6.70253783030539E-16));
#167560=DIRECTION('',(6.70253783030539E-16,-2.39283419467549E-16,-1.));
#167570=AXIS2_PLACEMENT_3D('',#167540,#167550,#167560);
#167580=CYLINDRICAL_SURFACE('',#167570,0.02);
#167590=CARTESIAN_POINT('',(-2.88622048372475,1.01533900000001,
-6.39999999999998));
#167600=DIRECTION('',(-1.,1.93801138331756E-17,-6.70253783030539E-16));
#167610=DIRECTION('',(1.93801138331758E-17,1.,-2.39283419467549E-16));
#167620=AXIS2_PLACEMENT_3D('',#167590,#167600,#167610);
#167630=CIRCLE('',#167620,0.02);
#167640=EDGE_CURVE('',#167250,#162280,#167630,.T.);
#167650=ORIENTED_EDGE('',*,*,#167640,.T.);
#167660=ORIENTED_EDGE('',*,*,#167260,.F.);
#167670=CARTESIAN_POINT('',(-3.63475869419557,1.01533900000001,
-6.39999999999998));
#167680=DIRECTION('',(1.,-1.41840749215413E-16,6.70253783030539E-16));
#167690=DIRECTION('',(-1.41840749215413E-16,-1.,2.39283419467549E-16));
#167700=AXIS2_PLACEMENT_3D('',#167670,#167680,#167690);
#167710=CIRCLE('',#167700,0.02);
#167720=EDGE_CURVE('',#164980,#167170,#167710,.T.);
#167730=ORIENTED_EDGE('',*,*,#167720,.T.);
#167740=CARTESIAN_POINT('',(-3.3227950409515,0.995339000000012,
-6.39999999999998));
#167750=DIRECTION('',(-1.,8.06104315242945E-17,-6.70253783030539E-16));
#167760=VECTOR('',#167750,1.);
#167770=LINE('',#167740,#167760);
#167780=EDGE_CURVE('',#162280,#164980,#167770,.T.);
#167790=ORIENTED_EDGE('',*,*,#167780,.T.);
#167800=EDGE_LOOP('',(#167790,#167730,#167660,#167650));
#167810=FACE_OUTER_BOUND('',#167800,.T.);
#167820=ADVANCED_FACE('',(#167810),#167580,.T.);
#167830=CARTESIAN_POINT('',(-2.88622048372475,1.04533900000001,
-6.39999999999998));
#167840=DIRECTION('',(6.70253783030539E-16,-2.39283419467549E-16,-1.));
#167850=DIRECTION('',(-1.,0.,0.));
#167860=AXIS2_PLACEMENT_3D('',#167830,#167840,#167850);
#167870=TOROIDAL_SURFACE('',#167860,0.0300000000000002,0.02);
#167880=CARTESIAN_POINT('',(-2.86180847958854,1.02790185418844,
-6.39999999999998));
#167890=DIRECTION('',(-0.581238193719096,-0.813733471206735,
-1.94864170656516E-16));
#167900=DIRECTION('',(-0.813733471206735,0.581238193719096,
-6.84488599973133E-16));
#167910=AXIS2_PLACEMENT_3D('',#167880,#167890,#167900);
#167920=CIRCLE('',#167910,0.02);
#167930=EDGE_CURVE('',#167340,#162190,#167920,.T.);
#167940=ORIENTED_EDGE('',*,*,#167930,.T.);
#167950=ORIENTED_EDGE('',*,*,#167350,.F.);
#167960=ORIENTED_EDGE('',*,*,#167640,.F.);
#167970=ORIENTED_EDGE('',*,*,#162290,.T.);
#167980=EDGE_LOOP('',(#167970,#167960,#167950,#167940));
#167990=FACE_OUTER_BOUND('',#167980,.T.);
#168000=ADVANCED_FACE('',(#167990),#167870,.T.);
#168010=CARTESIAN_POINT('',(-2.64935337543742,1.32533900000001,
-6.39999999999998));
#168020=DIRECTION('',(-0.581238193719096,-0.813733471206735,
-1.94864170656516E-16));
#168030=DIRECTION('',(-0.813733471206735,0.581238193719096,
-6.84488599973133E-16));
#168040=AXIS2_PLACEMENT_3D('',#168010,#168020,#168030);
#168050=CYLINDRICAL_SURFACE('',#168040,0.02);
#168060=CARTESIAN_POINT('',(-2.83048958896018,1.07174830106815,
-6.39999999999998));
#168070=DIRECTION('',(-1.,-4.57953614647266E-15,1.71444889535133E-15));
#168080=DIRECTION('',(4.57953614647266E-15,-1.,-1.46407563651951E-15));
#168090=AXIS2_PLACEMENT_3D('',#168060,#168070,#168080);
#168100=ELLIPSE('',#168090,0.0344093010681703,0.02);
#168110=CARTESIAN_POINT('',(-2.83048958896029,1.05993368124239,
-6.41878411093973));
#168120=VERTEX_POINT('',#168110);
#168130=CARTESIAN_POINT('',(-2.83048958896018,1.03733899999999,
-6.39999999999998));
#168140=VERTEX_POINT('',#168130);
#168150=EDGE_CURVE('',#168120,#168140,#168100,.T.);
#168160=ORIENTED_EDGE('',*,*,#168150,.T.);
#168170=CARTESIAN_POINT('',(-2.83607758482395,1.06392510685886,
-6.39999999999998));
#168180=DIRECTION('',(-0.581238193719096,-0.813733471206735,
-1.94864170656516E-16));
#168190=DIRECTION('',(-0.813733471206735,0.581238193719096,
-6.84488599973133E-16));
#168200=AXIS2_PLACEMENT_3D('',#168170,#168180,#168190);
#168210=CIRCLE('',#168200,0.02);
#168220=CARTESIAN_POINT('',(-2.83607758482396,1.06392510685887,
-6.41999999999998));
#168230=VERTEX_POINT('',#168220);
#168240=EDGE_CURVE('',#168230,#168120,#168210,.T.);
#168250=ORIENTED_EDGE('',*,*,#168240,.T.);
#168260=CARTESIAN_POINT('',(-2.64935337543742,1.32533900000001,
-6.41999999999998));
#168270=DIRECTION('',(-0.581238193719096,-0.813733471206735,
7.31864652947027E-16));
#168280=VECTOR('',#168270,1.);
#168290=LINE('',#168260,#168280);
#168300=EDGE_CURVE('',#168230,#167420,#168290,.T.);
#168310=ORIENTED_EDGE('',*,*,#168300,.F.);
#168320=ORIENTED_EDGE('',*,*,#167430,.F.);
#168330=ORIENTED_EDGE('',*,*,#167930,.F.);
#168340=CARTESIAN_POINT('',(-2.63307870601329,1.31371423612563,
-6.39999999999998));
#168350=DIRECTION('',(-0.581238193719096,-0.813733471206735,
-1.94864170656516E-16));
#168360=VECTOR('',#168350,1.);
#168370=LINE('',#168340,#168360);
#168380=EDGE_CURVE('',#168140,#162190,#168370,.T.);
#168390=ORIENTED_EDGE('',*,*,#168380,.T.);
#168400=EDGE_LOOP('',(#168390,#168330,#168320,#168310,#168250,#168160));
#168410=FACE_OUTER_BOUND('',#168400,.T.);
#168420=ADVANCED_FACE('',(#168410),#168050,.T.);
#168430=CARTESIAN_POINT('',(-3.63475869419557,1.04533900000001,
-6.39999999999998));
#168440=DIRECTION('',(-6.70253783030539E-16,2.39283419467549E-16,1.));
#168450=DIRECTION('',(1.,0.,0.));
#168460=AXIS2_PLACEMENT_3D('',#168430,#168440,#168450);
#168470=TOROIDAL_SURFACE('',#168460,0.0300000000000002,0.02);
#168480=ORIENTED_EDGE('',*,*,#167720,.F.);
#168490=ORIENTED_EDGE('',*,*,#167180,.T.);
#168500=CARTESIAN_POINT('',(-3.65917069833177,1.02790185418844,
-6.39999999999998));
#168510=DIRECTION('',(0.581238193719096,-0.813733471206735,
5.84290025707607E-16));
#168520=DIRECTION('',(-0.813733471206735,-0.581238193719096,
-4.0632727493664E-16));
#168530=AXIS2_PLACEMENT_3D('',#168500,#168510,#168520);
#168540=CIRCLE('',#168530,0.02);
#168550=EDGE_CURVE('',#165090,#167080,#168540,.T.);
#168560=ORIENTED_EDGE('',*,*,#168550,.T.);
#168570=ORIENTED_EDGE('',*,*,#165100,.F.);
#168580=EDGE_LOOP('',(#168570,#168560,#168490,#168480));
#168590=FACE_OUTER_BOUND('',#168580,.T.);
#168600=ADVANCED_FACE('',(#168590),#168470,.T.);
#168610=CARTESIAN_POINT('',(-3.87162580248289,1.32533900000001,
-6.39999999999998));
#168620=DIRECTION('',(-0.581238193719096,0.813733471206735,
-5.84290025707607E-16));
#168630=DIRECTION('',(0.813733471206735,0.581238193719096,
4.06327274936639E-16));
#168640=AXIS2_PLACEMENT_3D('',#168610,#168620,#168630);
#168650=CYLINDRICAL_SURFACE('',#168640,0.02);
#168660=CARTESIAN_POINT('',(-3.88790047190703,1.31371423612563,
-6.39999999999998));
#168670=DIRECTION('',(-0.581238193719096,0.813733471206735,
-5.84290025707607E-16));
#168680=VECTOR('',#168670,1.);
#168690=LINE('',#168660,#168680);
#168700=CARTESIAN_POINT('',(-3.69048958896018,1.03733900000004,
-6.39999999999998));
#168710=VERTEX_POINT('',#168700);
#168720=EDGE_CURVE('',#165090,#168710,#168690,.T.);
#168730=ORIENTED_EDGE('',*,*,#168720,.T.);
#168740=ORIENTED_EDGE('',*,*,#168550,.F.);
#168750=ORIENTED_EDGE('',*,*,#167090,.F.);
#168760=ORIENTED_EDGE('',*,*,#164270,.F.);
#168770=ORIENTED_EDGE('',*,*,#164660,.T.);
#168780=CARTESIAN_POINT('',(-3.69048958896018,1.07174830106821,
-6.39999999999998));
#168790=DIRECTION('',(-1.,-4.82445741723714E-15,4.89842541528954E-16));
#168800=DIRECTION('',(4.82445741723714E-15,-1.,1.06792365129575E-15));
#168810=AXIS2_PLACEMENT_3D('',#168780,#168790,#168800);
#168820=ELLIPSE('',#168810,0.0344093010681708,0.02);
#168830=EDGE_CURVE('',#164650,#168710,#168820,.T.);
#168840=ORIENTED_EDGE('',*,*,#168830,.F.);
#168850=EDGE_LOOP('',(#168840,#168770,#168760,#168750,#168740,#168730));
#168860=FACE_OUTER_BOUND('',#168850,.T.);
#168870=ADVANCED_FACE('',(#168860),#168650,.T.);
#168880=CARTESIAN_POINT('',(-3.68548958896016,1.03033900000001,
-6.37999999999998));
#168890=DIRECTION('',(0.813733471206735,0.581238193719096,
4.06327274936639E-16));
#168900=DIRECTION('',(-0.581238193719096,0.813733471206735,
-5.84290025707607E-16));
#168910=AXIS2_PLACEMENT_3D('',#168880,#168890,#168900);
#168920=PLANE('',#168910);
#168930=ORIENTED_EDGE('',*,*,#165180,.T.);
#168940=ORIENTED_EDGE('',*,*,#168720,.F.);
#168950=CARTESIAN_POINT('',(-3.69048958896017,1.03733900000003,
2.00000000000001));
#168960=DIRECTION('',(-4.89842541528961E-16,1.38485143491575E-15,-1.));
#168970=VECTOR('',#168960,1.);
#168980=LINE('',#168950,#168970);
#168990=CARTESIAN_POINT('',(-3.69048958896018,1.03733900000004,
-6.35999999999998));
#169000=VERTEX_POINT('',#168990);
#169010=EDGE_CURVE('',#169000,#168710,#168980,.T.);
#169020=ORIENTED_EDGE('',*,*,#169010,.T.);
#169030=CARTESIAN_POINT('',(-3.88790047190703,1.31371423612563,
-6.35999999999998));
#169040=DIRECTION('',(0.581238193719096,-0.813733471206735,
5.84290025707607E-16));
#169050=VECTOR('',#169040,1.);
#169060=LINE('',#169030,#169050);
#169070=EDGE_CURVE('',#169000,#165170,#169060,.T.);
#169080=ORIENTED_EDGE('',*,*,#169070,.F.);
#169090=EDGE_LOOP('',(#169080,#169020,#168940,#168930));
#169100=FACE_OUTER_BOUND('',#169090,.T.);
#169110=ADVANCED_FACE('',(#169100),#168920,.F.);
#169120=CARTESIAN_POINT('',(-3.87162580248289,1.32533900000001,
-6.35999999999998));
#169130=DIRECTION('',(0.581238193719096,-0.813733471206735,
5.84290025707607E-16));
#169140=DIRECTION('',(-0.813733471206735,-0.581238193719096,
-4.06327274936639E-16));
#169150=AXIS2_PLACEMENT_3D('',#169120,#169130,#169140);
#169160=CYLINDRICAL_SURFACE('',#169150,0.02);
#169170=CARTESIAN_POINT('',(-3.69048958896018,1.07174830106821,
-6.35999999999998));
#169180=DIRECTION('',(-1.,-4.82445741723714E-15,4.89842541528954E-16));
#169190=DIRECTION('',(4.82445741723714E-15,-1.,1.06792365129575E-15));
#169200=AXIS2_PLACEMENT_3D('',#169170,#169180,#169190);
#169210=ELLIPSE('',#169200,0.0344093010681708,0.02);
#169220=CARTESIAN_POINT('',(-3.69048958896007,1.05993368127208,
-6.34121588905394));
#169230=VERTEX_POINT('',#169220);
#169240=EDGE_CURVE('',#169000,#169230,#169210,.T.);
#169250=ORIENTED_EDGE('',*,*,#169240,.F.);
#169260=CARTESIAN_POINT('',(-3.68490159309636,1.06392510685886,
-6.35999999999998));
#169270=DIRECTION('',(0.581238193719096,-0.813733471206735,
5.84290025707607E-16));
#169280=DIRECTION('',(-0.813733471206735,-0.581238193719096,
-4.06327274936639E-16));
#169290=AXIS2_PLACEMENT_3D('',#169260,#169270,#169280);
#169300=CIRCLE('',#169290,0.02);
#169310=EDGE_CURVE('',#163840,#169230,#169300,.T.);
#169320=ORIENTED_EDGE('',*,*,#169310,.T.);
#169330=ORIENTED_EDGE('',*,*,#163850,.F.);
#169340=CARTESIAN_POINT('',(-3.65917069833177,1.02790185418844,
-6.35999999999998));
#169350=DIRECTION('',(0.581238193719096,-0.813733471206735,
5.84290025707607E-16));
#169360=DIRECTION('',(-0.813733471206735,-0.581238193719096,
-4.06327274936639E-16));
#169370=AXIS2_PLACEMENT_3D('',#169340,#169350,#169360);
#169380=CIRCLE('',#169370,0.02);
#169390=EDGE_CURVE('',#163760,#165170,#169380,.T.);
#169400=ORIENTED_EDGE('',*,*,#169390,.F.);
#169410=ORIENTED_EDGE('',*,*,#169070,.T.);
#169420=EDGE_LOOP('',(#169410,#169400,#169330,#169320,#169250));
#169430=FACE_OUTER_BOUND('',#169420,.T.);
#169440=ADVANCED_FACE('',(#169430),#169160,.T.);
#169450=CARTESIAN_POINT('',(-3.63475869419557,1.04533900000001,
-6.35999999999998));
#169460=DIRECTION('',(-6.70253783030539E-16,2.39283419467549E-16,1.));
#169470=DIRECTION('',(1.,0.,0.));
#169480=AXIS2_PLACEMENT_3D('',#169450,#169460,#169470);
#169490=TOROIDAL_SURFACE('',#169480,0.0300000000000002,0.02);
#169500=ORIENTED_EDGE('',*,*,#169390,.T.);
#169510=ORIENTED_EDGE('',*,*,#163770,.F.);
#169520=CARTESIAN_POINT('',(-3.63475869419557,1.01533900000001,
-6.35999999999998));
#169530=DIRECTION('',(1.,-1.41840749215413E-16,6.70253783030539E-16));
#169540=DIRECTION('',(-1.41840749215413E-16,-1.,2.39283419467549E-16));
#169550=AXIS2_PLACEMENT_3D('',#169520,#169530,#169540);
#169560=CIRCLE('',#169550,0.02);
#169570=EDGE_CURVE('',#163670,#165000,#169560,.T.);
#169580=ORIENTED_EDGE('',*,*,#169570,.F.);
#169590=ORIENTED_EDGE('',*,*,#165250,.T.);
#169600=EDGE_LOOP('',(#169590,#169580,#169510,#169500));
#169610=FACE_OUTER_BOUND('',#169600,.T.);
#169620=ADVANCED_FACE('',(#169610),#169490,.T.);
#169630=CARTESIAN_POINT('',(-5.01031757759867,0.975339000000025,
-7.59000239999999));
#169640=DIRECTION('',(-4.7019967818549E-15,1.,-8.13645156332335E-16));
#169650=DIRECTION('',(1.,4.7019967818549E-15,-4.89842541528954E-16));
#169660=AXIS2_PLACEMENT_3D('',#169630,#169640,#169650);
#169670=PLANE('',#169660);
#169680=ORIENTED_EDGE('',*,*,#163090,.T.);
#169690=CARTESIAN_POINT('',(-3.69048958896017,0.975339000000033,
-5.85999999999999));
#169700=DIRECTION('',(-4.89842541528951E-16,-8.13645156332338E-16,-1.));
#169710=VECTOR('',#169700,1.);
#169720=LINE('',#169690,#169710);
#169730=EDGE_CURVE('',#163080,#164420,#169720,.T.);
#169740=ORIENTED_EDGE('',*,*,#169730,.F.);
#169750=ORIENTED_EDGE('',*,*,#164430,.T.);
#169760=ORIENTED_EDGE('',*,*,#165400,.T.);
#169770=ORIENTED_EDGE('',*,*,#158440,.F.);
#169780=ORIENTED_EDGE('',*,*,#159730,.F.);
#169790=EDGE_LOOP('',(#169780,#169770,#169760,#169750,#169740,#169680));
#169800=FACE_OUTER_BOUND('',#169790,.T.);
#169810=ADVANCED_FACE('',(#169800),#169670,.T.);
#169820=CARTESIAN_POINT('',(-3.15048958896026,0.769909982365087,
-6.28820211384042));
#169830=DIRECTION('',(1.,1.55431223447523E-15,4.8984254152895E-16));
#169840=DIRECTION('',(-1.55431223447523E-15,1.,-1.54840896862576E-15));
#169850=AXIS2_PLACEMENT_3D('',#169820,#169830,#169840);
#169860=PLANE('',#169850);
#169870=CARTESIAN_POINT('',(-3.15048958896026,0.605339000000264,
-5.85999999999999));
#169880=DIRECTION('',(-4.89842541528952E-16,1.05856642709684E-15,1.));
#169890=VECTOR('',#169880,1.);
#169900=LINE('',#169870,#169890);
#169910=CARTESIAN_POINT('',(-3.15048958896016,0.605339000000035,
-6.42986832980504));
#169920=VERTEX_POINT('',#169910);
#169930=CARTESIAN_POINT('',(-3.15048958896026,0.605339000000264,
-6.12013167019493));
#169940=VERTEX_POINT('',#169930);
#169950=EDGE_CURVE('',#169920,#169940,#169900,.T.);
#169960=ORIENTED_EDGE('',*,*,#169950,.T.);
#169970=CARTESIAN_POINT('',(-3.15048958896016,0.740339000000036,
-6.33499999999999));
#169980=DIRECTION('',(1.,1.55431223447523E-15,4.8984254152895E-16));
#169990=DIRECTION('',(-1.55431223447523E-15,1.,-1.54840896862576E-15));
#170000=AXIS2_PLACEMENT_3D('',#169970,#169980,#169990);
#170010=CIRCLE('',#170000,0.165);
#170020=CARTESIAN_POINT('',(-3.15048958896016,0.740339000000035,
-6.49999999999998));
#170030=VERTEX_POINT('',#170020);
#170040=EDGE_CURVE('',#169920,#170030,#170010,.T.);
#170050=ORIENTED_EDGE('',*,*,#170040,.F.);
#170060=CARTESIAN_POINT('',(-3.15048958896016,3.42327626177318E-14,
-6.49999999999998));
#170070=DIRECTION('',(-1.55431223447522E-15,1.,-1.30348769786129E-15));
#170080=VECTOR('',#170070,1.);
#170090=LINE('',#170060,#170080);
#170100=CARTESIAN_POINT('',(-3.15048958896016,0.975339000000035,
-6.49999999999998));
#170110=VERTEX_POINT('',#170100);
#170120=EDGE_CURVE('',#170030,#170110,#170090,.T.);
#170130=ORIENTED_EDGE('',*,*,#170120,.F.);
#170140=CARTESIAN_POINT('',(-3.15048958896026,0.975339000000035,
-5.85999999999999));
#170150=DIRECTION('',(-4.89842541528952E-16,8.13645156332333E-16,1.));
#170160=VECTOR('',#170150,1.);
#170170=LINE('',#170140,#170160);
#170180=EDGE_CURVE('',#170110,#163300,#170170,.T.);
#170190=ORIENTED_EDGE('',*,*,#170180,.F.);
#170200=ORIENTED_EDGE('',*,*,#163310,.F.);
#170210=CARTESIAN_POINT('',(-3.15048958896016,0.935339000000036,
-5.85999999999999));
#170220=DIRECTION('',(4.89842541528952E-16,-1.30348769786129E-15,-1.));
#170230=VECTOR('',#170220,1.);
#170240=LINE('',#170210,#170230);
#170250=CARTESIAN_POINT('',(-3.15048958896,0.935339000000036,
-6.04999999999998));
#170260=VERTEX_POINT('',#170250);
#170270=EDGE_CURVE('',#170260,#163220,#170240,.T.);
#170280=ORIENTED_EDGE('',*,*,#170270,.T.);
#170290=CARTESIAN_POINT('',(-3.15048958896004,3.49295466536136E-14,
-6.04999999999998));
#170300=DIRECTION('',(-3.9961774108902E-14,-1.,1.30348769786128E-15));
#170310=VECTOR('',#170300,1.);
#170320=LINE('',#170290,#170310);
#170330=CARTESIAN_POINT('',(-3.15048958896001,0.740339000000036,
-6.04999999999998));
#170340=VERTEX_POINT('',#170330);
#170350=EDGE_CURVE('',#170260,#170340,#170320,.T.);
#170360=ORIENTED_EDGE('',*,*,#170350,.F.);
#170370=CARTESIAN_POINT('',(-3.15048958896026,0.740339000000017,
-6.21499999999998));
#170380=DIRECTION('',(1.,-3.9961774108902E-14,4.31901345608504E-29));
#170390=DIRECTION('',(3.9961774108902E-14,1.,-8.13645156332336E-16));
#170400=AXIS2_PLACEMENT_3D('',#170370,#170380,#170390);
#170410=CIRCLE('',#170400,0.165);
#170420=EDGE_CURVE('',#170340,#169940,#170410,.T.);
#170430=ORIENTED_EDGE('',*,*,#170420,.F.);
#170440=EDGE_LOOP('',(#170430,#170360,#170280,#170200,#170190,#170130,
#170050,#169960));
#170450=FACE_OUTER_BOUND('',#170440,.T.);
#170460=ADVANCED_FACE('',(#170450),#169860,.F.);
#170470=CARTESIAN_POINT('',(-3.01048958896026,0.740339000000036,
-6.21499999999998));
#170480=DIRECTION('',(-1.,-1.55431223447523E-15,-4.8984254152895E-16));
#170490=DIRECTION('',(-1.55431223447523E-15,1.,-1.54840896862576E-15));
#170500=AXIS2_PLACEMENT_3D('',#170470,#170480,#170490);
#170510=CYLINDRICAL_SURFACE('',#170500,0.165);
#170520=CARTESIAN_POINT('',(-2.84214435116877,0.740339000000011,
-6.21499999999998));
#170530=DIRECTION('',(0.923879532511287,5.08611303291916E-14,
0.38268343236509));
#170540=DIRECTION('',(-0.38268343236509,2.27214778761254E-13,
0.923879532511287));
#170550=AXIS2_PLACEMENT_3D('',#170520,#170530,#170540);
#170560=ELLIPSE('',#170550,0.178594713048245,0.165);
#170570=CARTESIAN_POINT('',(-2.91048958896017,0.740339000000027,
-6.04999999999982));
#170580=VERTEX_POINT('',#170570);
#170590=CARTESIAN_POINT('',(-2.84214435116862,0.575339000000036,
-6.21499999999998));
#170600=VERTEX_POINT('',#170590);
#170610=EDGE_CURVE('',#170580,#170600,#170560,.T.);
#170620=ORIENTED_EDGE('',*,*,#170610,.F.);
#170630=CARTESIAN_POINT('',(-3.01048958896026,0.575339000000036,
-6.21499999999998));
#170640=DIRECTION('',(-1.,-1.55431223447523E-15,-4.8984254152895E-16));
#170650=VECTOR('',#170640,1.);
#170660=LINE('',#170630,#170650);
#170670=CARTESIAN_POINT('',(-3.12048958896015,0.575339000000036,
-6.21499999999998));
#170680=VERTEX_POINT('',#170670);
#170690=EDGE_CURVE('',#170600,#170680,#170660,.T.);
#170700=ORIENTED_EDGE('',*,*,#170690,.F.);
#170710=CARTESIAN_POINT('',(-3.28548958896002,0.740339000000035,
-6.21499999999999));
#170720=DIRECTION('',(0.707106781186579,0.707106781186517,
-4.02148516107764E-16));
#170730=DIRECTION('',(0.707106781186517,-0.707106781186579,
1.09489048176538E-15));
#170740=AXIS2_PLACEMENT_3D('',#170710,#170720,#170730);
#170750=ELLIPSE('',#170740,0.23334523779155,0.165);
#170760=EDGE_CURVE('',#169940,#170680,#170750,.T.);
#170770=ORIENTED_EDGE('',*,*,#170760,.T.);
#170780=ORIENTED_EDGE('',*,*,#170420,.T.);
#170790=CARTESIAN_POINT('',(-3.01048958896001,0.740339000000011,
-6.04999999999998));
#170800=DIRECTION('',(-1.,3.9961774108902E-14,-1.22460635382286E-16));
#170810=VECTOR('',#170800,1.);
#170820=LINE('',#170790,#170810);
#170830=EDGE_CURVE('',#170580,#170340,#170820,.T.);
#170840=ORIENTED_EDGE('',*,*,#170830,.T.);
#170850=EDGE_LOOP('',(#170840,#170780,#170770,#170700,#170620));
#170860=FACE_OUTER_BOUND('',#170850,.T.);
#170870=ADVANCED_FACE('',(#170860),#170510,.T.);
#170880=CARTESIAN_POINT('',(-3.13548958896026,0.590339000000035,
-6.27499999999999));
#170890=DIRECTION('',(0.707106781186549,0.707106781186546,
-5.75334007522179E-16));
#170900=DIRECTION('',(0.707106781186546,-0.707106781186549,
1.26807597317974E-15));
#170910=AXIS2_PLACEMENT_3D('',#170880,#170890,#170900);
#170920=PLANE('',#170910);
#170930=ORIENTED_EDGE('',*,*,#169950,.F.);
#170940=ORIENTED_EDGE('',*,*,#170760,.F.);
#170950=CARTESIAN_POINT('',(-3.12048958896016,0.575339000000036,
-5.85999999999999));
#170960=DIRECTION('',(4.89842541528952E-16,-1.30348769786129E-15,-1.));
#170970=VECTOR('',#170960,1.);
#170980=LINE('',#170950,#170970);
#170990=CARTESIAN_POINT('',(-3.12048958896016,0.575339000000036,
-6.33499999999999));
#171000=VERTEX_POINT('',#170990);
#171010=EDGE_CURVE('',#170680,#171000,#170980,.T.);
#171020=ORIENTED_EDGE('',*,*,#171010,.F.);
#171030=CARTESIAN_POINT('',(-3.28548958896016,0.740339000000035,
-6.33499999999999));
#171040=DIRECTION('',(0.707106781186549,0.707106781186546,
-5.75334007522179E-16));
#171050=DIRECTION('',(0.707106781186546,-0.707106781186549,
1.26807597317973E-15));
#171060=AXIS2_PLACEMENT_3D('',#171030,#171040,#171050);
#171070=ELLIPSE('',#171060,0.23334523779156,0.165);
#171080=EDGE_CURVE('',#171000,#169920,#171070,.T.);
#171090=ORIENTED_EDGE('',*,*,#171080,.F.);
#171100=EDGE_LOOP('',(#171090,#171020,#170940,#170930));
#171110=FACE_OUTER_BOUND('',#171100,.T.);
#171120=ADVANCED_FACE('',(#171110),#170920,.F.);
#171130=CARTESIAN_POINT('',(-2.73048958896016,1.30533900000003,
-6.49999999999999));
#171140=DIRECTION('',(2.44921270764474E-16,1.30348769786129E-15,1.));
#171150=DIRECTION('',(-1.,-1.7992335052397E-15,2.44921270764476E-16));
#171160=AXIS2_PLACEMENT_3D('',#171130,#171140,#171150);
#171170=PLANE('',#171160);
#171180=ORIENTED_EDGE('',*,*,#155530,.F.);
#171190=CARTESIAN_POINT('',(-3.62569298896006,3.22957467336279E-14,
-6.49999999999998));
#171200=DIRECTION('',(-0.514495755427497,-0.857492925712562,
1.22117089005157E-15));
#171210=VECTOR('',#171200,1.);
#171220=LINE('',#171190,#171210);
#171230=CARTESIAN_POINT('',(-2.86048958896018,1.27533899999994,
-6.49999999999999));
#171240=VERTEX_POINT('',#171230);
#171250=EDGE_CURVE('',#155440,#171240,#171220,.T.);
#171260=ORIENTED_EDGE('',*,*,#171250,.F.);
#171270=CARTESIAN_POINT('',(-2.86048958896016,3.59874379524525E-14,
-6.49999999999999));
#171280=DIRECTION('',(-1.7992335052397E-15,1.,-8.1364515633234E-16));
#171290=VECTOR('',#171280,1.);
#171300=LINE('',#171270,#171290);
#171310=CARTESIAN_POINT('',(-2.86048958896016,0.975339000000036,
-6.49999999999998));
#171320=VERTEX_POINT('',#171310);
#171330=EDGE_CURVE('',#171320,#171240,#171300,.T.);
#171340=ORIENTED_EDGE('',*,*,#171330,.T.);
#171350=CARTESIAN_POINT('',(-6.52097917792031,0.975339000000019,
-6.49999999999998));
#171360=DIRECTION('',(-1.,-4.7019967818549E-15,2.44921270764481E-16));
#171370=VECTOR('',#171360,1.);
#171380=LINE('',#171350,#171370);
#171390=EDGE_CURVE('',#171320,#170110,#171380,.T.);
#171400=ORIENTED_EDGE('',*,*,#171390,.F.);
#171410=ORIENTED_EDGE('',*,*,#170120,.T.);
#171420=CARTESIAN_POINT('',(-3.15048958896016,0.740339000000035,
-6.49999999999998));
#171430=DIRECTION('',(1.,1.55431223447523E-15,4.8984254152895E-16));
#171440=VECTOR('',#171430,1.);
#171450=LINE('',#171420,#171440);
#171460=EDGE_CURVE('',#170030,#156280,#171450,.T.);
#171470=ORIENTED_EDGE('',*,*,#171460,.F.);
#171480=ORIENTED_EDGE('',*,*,#156290,.T.);
#171490=EDGE_LOOP('',(#171480,#171470,#171410,#171400,#171340,#171260,
#171180));
#171500=FACE_OUTER_BOUND('',#171490,.T.);
#171510=ADVANCED_FACE('',(#171500),#171170,.F.);
#171520=CARTESIAN_POINT('',(-3.15048958896026,0.575339000000035,
-6.21499999999998));
#171530=DIRECTION('',(-1.55431223447522E-15,1.,-1.30348769786129E-15));
#171540=DIRECTION('',(-4.89842541528952E-16,1.30348769786129E-15,1.));
#171550=AXIS2_PLACEMENT_3D('',#171520,#171530,#171540);
#171560=PLANE('',#171550);
#171570=CARTESIAN_POINT('',(-2.74381697006452,0.575339000000036,
-6.11667261889572));
#171580=DIRECTION('',(0.707106781186547,5.30428978937093E-14,
0.707106781186548));
#171590=VECTOR('',#171580,1.);
#171600=LINE('',#171570,#171590);
#171610=EDGE_CURVE('',#170600,#157340,#171600,.T.);
#171620=ORIENTED_EDGE('',*,*,#171610,.F.);
#171630=ORIENTED_EDGE('',*,*,#157350,.T.);
#171640=CARTESIAN_POINT('',(-2.14065980785594,0.575339000000021,
-5.67682498110419));
#171650=DIRECTION('',(-0.707106781186544,9.74148740602412E-15,
-0.707106781186551));
#171660=VECTOR('',#171650,1.);
#171670=LINE('',#171640,#171660);
#171680=CARTESIAN_POINT('',(-2.79883482675172,0.575339000000037,
-6.33499999999999));
#171690=VERTEX_POINT('',#171680);
#171700=EDGE_CURVE('',#157260,#171690,#171670,.T.);
#171710=ORIENTED_EDGE('',*,*,#171700,.F.);
#171720=CARTESIAN_POINT('',(-3.15048958896016,0.575339000000036,
-6.33499999999999));
#171730=DIRECTION('',(-1.,-1.55431223447523E-15,-4.8984254152895E-16));
#171740=VECTOR('',#171730,1.);
#171750=LINE('',#171720,#171740);
#171760=EDGE_CURVE('',#171690,#171000,#171750,.T.);
#171770=ORIENTED_EDGE('',*,*,#171760,.F.);
#171780=ORIENTED_EDGE('',*,*,#171010,.T.);
#171790=ORIENTED_EDGE('',*,*,#170690,.T.);
#171800=EDGE_LOOP('',(#171790,#171780,#171770,#171710,#171630,#171620));
#171810=FACE_OUTER_BOUND('',#171800,.T.);
#171820=ADVANCED_FACE('',(#171810),#171560,.F.);
#171830=CARTESIAN_POINT('',(-2.14065980785593,0.740339000000021,
-5.67682498110419));
#171840=DIRECTION('',(-0.707106781186544,2.15037445234778E-14,
-0.707106781186551));
#171850=DIRECTION('',(0.707106781186551,7.32471243040278E-16,
-0.707106781186544));
#171860=AXIS2_PLACEMENT_3D('',#171830,#171840,#171850);
#171870=CYLINDRICAL_SURFACE('',#171860,0.165);
#171880=CARTESIAN_POINT('',(-2.79883482675172,0.740339000000039,
-6.33499999999999));
#171890=DIRECTION('',(0.923879532511286,-1.07965549549388E-14,
0.382683432365093));
#171900=DIRECTION('',(-0.382683432365093,-3.01268030019588E-14,
0.923879532511286));
#171910=AXIS2_PLACEMENT_3D('',#171880,#171890,#171900);
#171920=ELLIPSE('',#171910,0.178594713048245,0.165);
#171930=EDGE_CURVE('',#171690,#156280,#171920,.T.);
#171940=ORIENTED_EDGE('',*,*,#171930,.T.);
#171950=ORIENTED_EDGE('',*,*,#171700,.T.);
#171960=ORIENTED_EDGE('',*,*,#157270,.F.);
#171970=EDGE_CURVE('',#157170,#155970,#157240,.T.);
#171980=ORIENTED_EDGE('',*,*,#171970,.F.);
#171990=ORIENTED_EDGE('',*,*,#156350,.F.);
#172000=EDGE_LOOP('',(#171990,#171980,#171960,#171950,#171940));
#172010=FACE_OUTER_BOUND('',#172000,.T.);
#172020=ADVANCED_FACE('',(#172010),#171870,.T.);
#172030=CARTESIAN_POINT('',(-3.15048958896016,0.740339000000036,
-6.33499999999999));
#172040=DIRECTION('',(-1.,-1.55431223447523E-15,-4.8984254152895E-16));
#172050=DIRECTION('',(-1.55431223447523E-15,1.,-1.54840896862576E-15));
#172060=AXIS2_PLACEMENT_3D('',#172030,#172040,#172050);
#172070=CYLINDRICAL_SURFACE('',#172060,0.165);
#172080=ORIENTED_EDGE('',*,*,#170040,.T.);
#172090=ORIENTED_EDGE('',*,*,#171080,.T.);
#172100=ORIENTED_EDGE('',*,*,#171760,.T.);
#172110=ORIENTED_EDGE('',*,*,#171930,.F.);
#172120=ORIENTED_EDGE('',*,*,#171460,.T.);
#172130=EDGE_LOOP('',(#172120,#172110,#172100,#172090,#172080));
#172140=FACE_OUTER_BOUND('',#172130,.T.);
#172150=ADVANCED_FACE('',(#172140),#172070,.T.);
#172160=CARTESIAN_POINT('',(-3.95043836635761,0.921469799790881,
-6.21499999999998));
#172170=DIRECTION('',(1.22460635382237E-15,1.54840896862577E-15,1.));
#172180=DIRECTION('',(-1.,-4.57953614647266E-15,1.22460635382238E-15));
#172190=AXIS2_PLACEMENT_3D('',#172160,#172170,#172180);
#172200=PLANE('',#172190);
#172210=ORIENTED_EDGE('',*,*,#155730,.T.);
#172220=ORIENTED_EDGE('',*,*,#156120,.T.);
#172230=CARTESIAN_POINT('',(-2.69548958896016,0.740339000000036,
-6.21499999999999));
#172240=DIRECTION('',(-4.89842541528953E-16,1.54840896862576E-15,1.));
#172250=DIRECTION('',(-0.0436193873653377,0.999048221581858,
-1.56830185795394E-15));
#172260=AXIS2_PLACEMENT_3D('',#172230,#172240,#172250);
#172270=CIRCLE('',#172260,0.165);
#172280=EDGE_CURVE('',#156050,#149550,#172270,.T.);
#172290=ORIENTED_EDGE('',*,*,#172280,.F.);
#172300=ORIENTED_EDGE('',*,*,#149560,.T.);
#172310=ORIENTED_EDGE('',*,*,#156500,.F.);
#172320=EDGE_LOOP('',(#172310,#172300,#172290,#172220,#172210));
#172330=FACE_OUTER_BOUND('',#172320,.T.);
#172340=ADVANCED_FACE('',(#172330),#172200,.T.);
#172350=CARTESIAN_POINT('',(-2.84548958896017,1.30033899999996,
-6.47499999999997));
#172360=DIRECTION('',(0.857492925712562,-0.514495755427497,
1.58227809676083E-16));
#172370=DIRECTION('',(0.514495755427497,0.857492925712562,
-1.8317935535954E-15));
#172380=AXIS2_PLACEMENT_3D('',#172350,#172360,#172370);
#172390=PLANE('',#172380);
#172400=ORIENTED_EDGE('',*,*,#171250,.T.);
#172410=ORIENTED_EDGE('',*,*,#155450,.F.);
#172420=ORIENTED_EDGE('',*,*,#63840,.F.);
#172430=CARTESIAN_POINT('',(-2.86048958896017,1.27533899999994,
-5.85999999999999));
#172440=DIRECTION('',(-2.21404925643263E-15,-3.99762167627069E-15,-1.));
#172450=VECTOR('',#172440,1.);
#172460=LINE('',#172430,#172450);
#172470=EDGE_CURVE('',#63750,#171240,#172460,.T.);
#172480=ORIENTED_EDGE('',*,*,#172470,.F.);
#172490=EDGE_LOOP('',(#172480,#172420,#172410,#172400));
#172500=FACE_OUTER_BOUND('',#172490,.T.);
#172510=ADVANCED_FACE('',(#172500),#172390,.F.);
#172520=CARTESIAN_POINT('',(-3.61048958896014,1.16533899999997,
-5.52999999999998));
#172530=DIRECTION('',(4.57953614647266E-15,-1.,1.54840896862576E-15));
#172540=DIRECTION('',(-1.,-4.57953614647266E-15,1.22460635382238E-15));
#172550=AXIS2_PLACEMENT_3D('',#172520,#172530,#172540);
#172560=PLANE('',#172550);
#172570=ORIENTED_EDGE('',*,*,#2320,.F.);
#172580=ORIENTED_EDGE('',*,*,#81470,.F.);
#172590=CARTESIAN_POINT('',(-1.77635683940025E-15,1.16533899999993,
-6.0000000000001));
#172600=DIRECTION('',(-1.,-2.44921270764472E-16,4.82445741723713E-15));
#172610=VECTOR('',#172600,1.);
#172620=LINE('',#172590,#172610);
#172630=CARTESIAN_POINT('',(-3.61048958896018,1.16533899999993,
-6.00000000000005));
#172640=VERTEX_POINT('',#172630);
#172650=EDGE_CURVE('',#81400,#172640,#172620,.T.);
#172660=ORIENTED_EDGE('',*,*,#172650,.F.);
#172670=CARTESIAN_POINT('',(-3.61048958896017,1.16533899999993,0.));
#172680=DIRECTION('',(1.88048882207689E-15,7.34763812293426E-16,1.));
#172690=VECTOR('',#172680,1.);
#172700=LINE('',#172670,#172690);
#172710=EDGE_CURVE('',#172640,#1910,#172700,.T.);
#172720=ORIENTED_EDGE('',*,*,#172710,.F.);
#172730=EDGE_LOOP('',(#172720,#172660,#172580,#172570));
#172740=FACE_OUTER_BOUND('',#172730,.T.);
#172750=ADVANCED_FACE('',(#172740),#172560,.T.);
#172760=CARTESIAN_POINT('',(-3.26048958896005,1.14033900000003,
-6.02499999999998));
#172770=DIRECTION('',(-3.5845920466885E-15,0.707106781186546,
-0.707106781186549));
#172780=DIRECTION('',(2.71866458961657E-15,-0.707106781186549,
-0.707106781186546));
#172790=AXIS2_PLACEMENT_3D('',#172760,#172770,#172780);
#172800=PLANE('',#172790);
#172810=ORIENTED_EDGE('',*,*,#81410,.F.);
#172820=CARTESIAN_POINT('',(-2.66453525910038E-14,4.02582858895991,
-3.13951041104012));
#172830=DIRECTION('',(-0.57735026918964,-0.577350269189621,
-0.577350269189617));
#172840=VECTOR('',#172830,1.);
#172850=LINE('',#172820,#172840);
#172860=CARTESIAN_POINT('',(-2.91048958896,1.115339,-6.04999999999998));
#172870=VERTEX_POINT('',#172860);
#172880=EDGE_CURVE('',#81320,#172870,#172850,.T.);
#172890=ORIENTED_EDGE('',*,*,#172880,.F.);
#172900=CARTESIAN_POINT('',(-6.52097917792031,1.11533899999986,
-6.04999999999998));
#172910=DIRECTION('',(1.,4.5115937406792E-14,-9.79685083057959E-16));
#172920=VECTOR('',#172910,1.);
#172930=LINE('',#172900,#172920);
#172940=CARTESIAN_POINT('',(-3.61048958896034,1.115339,-6.04999999999998
));
#172950=VERTEX_POINT('',#172940);
#172960=EDGE_CURVE('',#172950,#172870,#172930,.T.);
#172970=ORIENTED_EDGE('',*,*,#172960,.T.);
#172980=CARTESIAN_POINT('',(-6.52097917792032,4.02582858895989,
-3.13951041104012));
#172990=DIRECTION('',(0.577350269189643,-0.577350269189617,
-0.577350269189618));
#173000=VECTOR('',#172990,1.);
#173010=LINE('',#172980,#173000);
#173020=CARTESIAN_POINT('',(-3.63548958896033,1.14033900000002,
-6.02499999999999));
#173030=VERTEX_POINT('',#173020);
#173040=EDGE_CURVE('',#173030,#172950,#173010,.T.);
#173050=ORIENTED_EDGE('',*,*,#173040,.T.);
#173060=CARTESIAN_POINT('',(-3.47048958896033,1.30533900000003,
-5.85999999999999));
#173070=DIRECTION('',(-0.577350269189591,-0.577350269189646,
-0.577350269189641));
#173080=VECTOR('',#173070,1.);
#173090=LINE('',#173060,#173080);
#173100=EDGE_CURVE('',#172640,#173030,#173090,.T.);
#173110=ORIENTED_EDGE('',*,*,#173100,.T.);
#173120=ORIENTED_EDGE('',*,*,#172650,.T.);
#173130=EDGE_LOOP('',(#173120,#173110,#173050,#172970,#172890,#172810));
#173140=FACE_OUTER_BOUND('',#173130,.T.);
#173150=ADVANCED_FACE('',(#173140),#172800,.F.);
#173160=CARTESIAN_POINT('',(-3.63548958896004,1.14033900000005,
9.90499999999998));
#173170=DIRECTION('',(-0.707106781186552,0.707106781186543,
8.10149923792921E-16));
#173180=DIRECTION('',(-0.707106781186543,-0.707106781186552,
2.37641711942931E-15));
#173190=AXIS2_PLACEMENT_3D('',#173160,#173170,#173180);
#173200=PLANE('',#173190);
#173210=ORIENTED_EDGE('',*,*,#151110,.T.);
#173220=ORIENTED_EDGE('',*,*,#74570,.F.);
#173230=ORIENTED_EDGE('',*,*,#1940,.T.);
#173240=ORIENTED_EDGE('',*,*,#172710,.T.);
#173250=ORIENTED_EDGE('',*,*,#173100,.F.);
#173260=CARTESIAN_POINT('',(-3.80048958896033,0.975338999999776,
-5.85999999999999));
#173270=DIRECTION('',(0.577350269189613,0.577350269189622,
-0.577350269189642));
#173280=VECTOR('',#173270,1.);
#173290=LINE('',#173260,#173280);
#173300=EDGE_CURVE('',#150950,#173030,#173290,.T.);
#173310=ORIENTED_EDGE('',*,*,#173300,.T.);
#173320=EDGE_LOOP('',(#173310,#173250,#173240,#173230,#173220,#173210));
#173330=FACE_OUTER_BOUND('',#173320,.T.);
#173340=ADVANCED_FACE('',(#173330),#173200,.F.);
#173350=CARTESIAN_POINT('',(-3.63548958896007,0.876806505720426,
-6.02499999999998));
#173360=DIRECTION('',(-0.707106781186549,-4.15992605421069E-15,
-0.707106781186546));
#173370=DIRECTION('',(-0.707106781186546,-2.31651607350876E-15,
0.707106781186549));
#173380=AXIS2_PLACEMENT_3D('',#173350,#173360,#173370);
#173390=PLANE('',#173380);
#173400=ORIENTED_EDGE('',*,*,#159020,.F.);
#173410=ORIENTED_EDGE('',*,*,#150980,.T.);
#173420=ORIENTED_EDGE('',*,*,#173300,.F.);
#173430=ORIENTED_EDGE('',*,*,#173040,.F.);
#173440=CARTESIAN_POINT('',(-3.61048958896028,3.30658789254057E-14,
-6.04999999999998));
#173450=DIRECTION('',(-4.53608586775565E-14,1.,-1.30348769786125E-15));
#173460=VECTOR('',#173450,1.);
#173470=LINE('',#173440,#173460);
#173480=EDGE_CURVE('',#159010,#172950,#173470,.T.);
#173490=ORIENTED_EDGE('',*,*,#173480,.T.);
#173500=EDGE_LOOP('',(#173490,#173430,#173420,#173410,#173400));
#173510=FACE_OUTER_BOUND('',#173500,.T.);
#173520=ADVANCED_FACE('',(#173510),#173390,.F.);
#173530=CARTESIAN_POINT('',(-3.15048958896007,0.740339000000036,
-6.04999999999998));
#173540=DIRECTION('',(9.79685083057899E-16,1.30348769786129E-15,1.));
#173550=DIRECTION('',(4.57953614647266E-15,-1.,1.30348769786129E-15));
#173560=AXIS2_PLACEMENT_3D('',#173530,#173540,#173550);
#173570=PLANE('',#173560);
#173580=CARTESIAN_POINT('',(-2.91048958896004,3.53025815898877E-14,
-6.04999999999998));
#173590=DIRECTION('',(3.89820890258442E-14,1.,-1.30348769786128E-15));
#173600=VECTOR('',#173590,1.);
#173610=LINE('',#173580,#173600);
#173620=EDGE_CURVE('',#170580,#172870,#173610,.T.);
#173630=ORIENTED_EDGE('',*,*,#173620,.T.);
#173640=ORIENTED_EDGE('',*,*,#170830,.F.);
#173650=ORIENTED_EDGE('',*,*,#170350,.T.);
#173660=CARTESIAN_POINT('',(-2.21515058896009,3.63833555046953E-14,
-6.04999999999998));
#173670=DIRECTION('',(0.707106781186519,-0.707106781186576,
1.101542519486E-15));
#173680=VECTOR('',#173670,1.);
#173690=LINE('',#173660,#173680);
#173700=CARTESIAN_POINT('',(-3.19048958896014,0.975339000000158,
-6.04999999999998));
#173710=VERTEX_POINT('',#173700);
#173720=EDGE_CURVE('',#173710,#170260,#173690,.T.);
#173730=ORIENTED_EDGE('',*,*,#173720,.T.);
#173740=CARTESIAN_POINT('',(-6.52097917792031,0.97533899999987,
-6.04999999999998));
#173750=DIRECTION('',(-1.,-4.63405437606144E-14,9.79685083057964E-16));
#173760=VECTOR('',#173750,1.);
#173770=LINE('',#173740,#173760);
#173780=EDGE_CURVE('',#173710,#159970,#173770,.T.);
#173790=ORIENTED_EDGE('',*,*,#173780,.F.);
#173800=ORIENTED_EDGE('',*,*,#159980,.F.);
#173810=ORIENTED_EDGE('',*,*,#159510,.F.);
#173820=CARTESIAN_POINT('',(-3.51048958896032,0.74033900000001,
-6.04999999999998));
#173830=DIRECTION('',(1.,4.63405437606144E-14,-8.57224447675717E-16));
#173840=VECTOR('',#173830,1.);
#173850=LINE('',#173820,#173840);
#173860=EDGE_CURVE('',#159010,#159420,#173850,.T.);
#173870=ORIENTED_EDGE('',*,*,#173860,.T.);
#173880=ORIENTED_EDGE('',*,*,#173480,.F.);
#173890=ORIENTED_EDGE('',*,*,#172960,.F.);
#173900=EDGE_LOOP('',(#173890,#173880,#173870,#173810,#173800,#173790,
#173730,#173650,#173640,#173630));
#173910=FACE_OUTER_BOUND('',#173900,.T.);
#173920=ADVANCED_FACE('',(#173910),#173570,.T.);
#173930=CARTESIAN_POINT('',(-2.88548958896026,0.876806505720429,
-6.02499999999998));
#173940=DIRECTION('',(-0.707106781186549,-3.5054522214208E-16,
0.707106781186546));
#173950=DIRECTION('',(0.707106781186546,2.19395520284399E-15,
0.707106781186549));
#173960=AXIS2_PLACEMENT_3D('',#173930,#173940,#173950);
#173970=PLANE('',#173960);
#173980=ORIENTED_EDGE('',*,*,#173620,.F.);
#173990=ORIENTED_EDGE('',*,*,#172880,.T.);
#174000=ORIENTED_EDGE('',*,*,#81330,.T.);
#174010=ORIENTED_EDGE('',*,*,#142000,.F.);
#174020=CARTESIAN_POINT('',(-2.86048958896031,0.740339000000036,
-5.99999999999996));
#174030=DIRECTION('',(0.707106781186547,1.3394088873196E-13,
0.707106781186548));
#174040=VECTOR('',#174030,1.);
#174050=LINE('',#174020,#174040);
#174060=EDGE_CURVE('',#170580,#141990,#174050,.T.);
#174070=ORIENTED_EDGE('',*,*,#174060,.T.);
#174080=EDGE_LOOP('',(#174070,#174010,#174000,#173990,#173980));
#174090=FACE_OUTER_BOUND('',#174080,.T.);
#174100=ADVANCED_FACE('',(#174090),#173970,.T.);
#174110=CARTESIAN_POINT('',(-2.74381697006453,0.740339000000036,
-6.11667261889574));
#174120=DIRECTION('',(0.707106781186547,1.3394088873196E-13,
0.707106781186548));
#174130=DIRECTION('',(-0.707106781186548,-1.7735973072769E-16,
0.707106781186547));
#174140=AXIS2_PLACEMENT_3D('',#174110,#174120,#174130);
#174150=CYLINDRICAL_SURFACE('',#174140,0.165);
#174160=ORIENTED_EDGE('',*,*,#157420,.T.);
#174170=ORIENTED_EDGE('',*,*,#171610,.T.);
#174180=ORIENTED_EDGE('',*,*,#170610,.T.);
#174190=ORIENTED_EDGE('',*,*,#174060,.F.);
#174200=EDGE_LOOP('',(#174190,#174180,#174170,#174160));
#174210=FACE_OUTER_BOUND('',#174200,.T.);
#174220=ADVANCED_FACE('',(#174210),#174150,.T.);
#174230=CARTESIAN_POINT('',(-3.17048958896026,0.955339000000035,
-6.19499999999999));
#174240=DIRECTION('',(0.707106781186546,0.707106781186549,
-5.75334007522184E-16));
#174250=DIRECTION('',(-0.707106781186549,0.707106781186546,
-1.26807597317973E-15));
#174260=AXIS2_PLACEMENT_3D('',#174230,#174240,#174250);
#174270=PLANE('',#174260);
#174280=ORIENTED_EDGE('',*,*,#170270,.F.);
#174290=ORIENTED_EDGE('',*,*,#163230,.T.);
#174300=CARTESIAN_POINT('',(-3.19048958896024,0.975339000000018,
-5.85999999999999));
#174310=DIRECTION('',(2.44921270764485E-16,5.68723885567851E-16,1.));
#174320=VECTOR('',#174310,1.);
#174330=LINE('',#174300,#174320);
#174340=EDGE_CURVE('',#163140,#173710,#174330,.T.);
#174350=ORIENTED_EDGE('',*,*,#174340,.F.);
#174360=ORIENTED_EDGE('',*,*,#173720,.F.);
#174370=EDGE_LOOP('',(#174360,#174350,#174290,#174280));
#174380=FACE_OUTER_BOUND('',#174370,.T.);
#174390=ADVANCED_FACE('',(#174380),#174270,.F.);
#174400=CARTESIAN_POINT('',(-3.49048958896007,0.975339000000033,
-6.34999999999999));
#174410=DIRECTION('',(4.82445741723714E-15,-1.,1.30348769786129E-15));
#174420=DIRECTION('',(1.,4.82445741723714E-15,-4.37473530933428E-16));
#174430=AXIS2_PLACEMENT_3D('',#174400,#174410,#174420);
#174440=PLANE('',#174430);
#174450=ORIENTED_EDGE('',*,*,#173780,.T.);
#174460=ORIENTED_EDGE('',*,*,#174340,.T.);
#174470=ORIENTED_EDGE('',*,*,#163150,.T.);
#174480=ORIENTED_EDGE('',*,*,#160060,.F.);
#174490=EDGE_LOOP('',(#174480,#174470,#174460,#174450));
#174500=FACE_OUTER_BOUND('',#174490,.T.);
#174510=ADVANCED_FACE('',(#174500),#174440,.T.);
#174520=CARTESIAN_POINT('',(-2.86048958896016,1.08136225267044,
-6.35999999999998));
#174530=DIRECTION('',(6.70253783030539E-16,-2.39283419467549E-16,-1.));
#174540=DIRECTION('',(-1.,0.,0.));
#174550=AXIS2_PLACEMENT_3D('',#174520,#174530,#174540);
#174560=TOROIDAL_SURFACE('',#174550,0.0300000000000002,0.02);
#174570=ORIENTED_EDGE('',*,*,#162860,.F.);
#174580=ORIENTED_EDGE('',*,*,#163500,.T.);
#174590=CARTESIAN_POINT('',(-2.83048958896029,1.05993368124239,
-6.34121588906024));
#174600=CARTESIAN_POINT('',(-2.83048958896029,1.06169102520741,
-6.34084247198762));
#174610=CARTESIAN_POINT('',(-2.83048958896364,1.06347643151528,
-6.34058837976367));
#174620=CARTESIAN_POINT('',(-2.83048958896364,1.06525840553402,
-6.34041414644315));
#174630=CARTESIAN_POINT('',(-2.83048958896364,1.06704019146754,
-6.34023993151275));
#174640=CARTESIAN_POINT('',(-2.83048958896018,1.06882946410491,
-6.34014371610438));
#174650=CARTESIAN_POINT('',(-2.83048958896018,1.0706198351742,
-6.3400871768014));
#174660=CARTESIAN_POINT('',(-2.83048958896018,1.07241058070369,
-6.3400306256731));
#174670=CARTESIAN_POINT('',(-2.83048958896018,1.07420102173155,
-6.34001321609492));
#174680=CARTESIAN_POINT('',(-2.83048958896018,1.07599118018572,
-6.3400056893827));
#174690=CARTESIAN_POINT('',(-2.83048958896018,1.07778147816904,
-6.33999816208383));
#174700=CARTESIAN_POINT('',(-2.83048958896018,1.0795719280402,
-6.33999999999998));
#174710=CARTESIAN_POINT('',(-2.83048958896018,1.08136225267044,
-6.33999999999998));
#174720=B_SPLINE_CURVE_WITH_KNOTS('',3,(#174590,#174600,#174610,#174620,
#174630,#174640,#174650,#174660,#174670,#174680,#174690,#174700,#174710)
,.UNSPECIFIED.,.F.,.F.,(4,3,3,3,4),(0.,0.00538755603486308,
0.0107599186055431,0.0161320493096251,0.0215031287637905),.UNSPECIFIED.)
;
#174730=EDGE_CURVE('',#162850,#163420,#174720,.T.);
#174740=ORIENTED_EDGE('',*,*,#174730,.T.);
#174750=EDGE_LOOP('',(#174740,#174580,#174570));
#174760=FACE_OUTER_BOUND('',#174750,.T.);
#174770=ADVANCED_FACE('',(#174760),#174560,.T.);
#174780=CARTESIAN_POINT('',(-2.83048958896018,1.315339,-6.41999999999999
));
#174790=DIRECTION('',(-1.,-4.57953614647266E-15,1.71444889535133E-15));
#174800=DIRECTION('',(-1.71444889535132E-15,-1.30348769786129E-15,-1.));
#174810=AXIS2_PLACEMENT_3D('',#174780,#174790,#174800);
#174820=PLANE('',#174810);
#174830=ORIENTED_EDGE('',*,*,#174730,.F.);
#174840=ORIENTED_EDGE('',*,*,#163430,.T.);
#174850=CARTESIAN_POINT('',(-2.83048958896016,0.975339000000037,
-5.85999999999999));
#174860=DIRECTION('',(-2.44921270764475E-16,-8.13645156332336E-16,-1.));
#174870=VECTOR('',#174860,1.);
#174880=LINE('',#174850,#174870);
#174890=CARTESIAN_POINT('',(-2.83048958896016,0.975339000000036,
-6.41999999999999));
#174900=VERTEX_POINT('',#174890);
#174910=EDGE_CURVE('',#163340,#174900,#174880,.T.);
#174920=ORIENTED_EDGE('',*,*,#174910,.F.);
#174930=CARTESIAN_POINT('',(-2.83048958896016,1.08136225267044,
-6.41999999999998));
#174940=VERTEX_POINT('',#174930);
#174950=EDGE_CURVE('',#174900,#174940,#160430,.T.);
#174960=ORIENTED_EDGE('',*,*,#174950,.F.);
#174970=CARTESIAN_POINT('',(-2.83048958896018,1.08136225267044,
-6.41999999999998));
#174980=CARTESIAN_POINT('',(-2.83048958896018,1.0795719280402,
-6.41999999999998));
#174990=CARTESIAN_POINT('',(-2.83048958896018,1.07778147816904,
-6.42000183791614));
#175000=CARTESIAN_POINT('',(-2.83048958896018,1.07599118018572,
-6.41999431061726));
#175010=CARTESIAN_POINT('',(-2.83048958896018,1.07420102173155,
-6.41998678390504));
#175020=CARTESIAN_POINT('',(-2.83048958896018,1.07241058070369,
-6.41996937432686));
#175030=CARTESIAN_POINT('',(-2.83048958896018,1.0706198351742,
-6.41991282319856));
#175040=CARTESIAN_POINT('',(-2.83048958896018,1.06882946410491,
-6.41985628389559));
#175050=CARTESIAN_POINT('',(-2.83048958896364,1.06704019146754,
-6.41976006848722));
#175060=CARTESIAN_POINT('',(-2.83048958896364,1.06525840553402,
-6.41958585355681));
#175070=CARTESIAN_POINT('',(-2.83048958896364,1.06347643151528,
-6.41941162023629));
#175080=CARTESIAN_POINT('',(-2.83048958896029,1.06169102520741,
-6.41915752801234));
#175090=CARTESIAN_POINT('',(-2.83048958896029,1.05993368124239,
-6.41878411093973));
#175100=B_SPLINE_CURVE_WITH_KNOTS('',3,(#174970,#174980,#174990,#175000,
#175010,#175020,#175030,#175040,#175050,#175060,#175070,#175080,#175090)
,.UNSPECIFIED.,.F.,.F.,(4,3,3,3,4),(0.,0.00537107945416634,
0.0107432101582471,0.0161155727289276,0.0215031287637903),.UNSPECIFIED.)
;
#175110=EDGE_CURVE('',#174940,#168120,#175100,.T.);
#175120=ORIENTED_EDGE('',*,*,#175110,.F.);
#175130=ORIENTED_EDGE('',*,*,#168150,.F.);
#175140=CARTESIAN_POINT('',(-2.83048958896016,1.03733900000001,
2.00000000000001));
#175150=DIRECTION('',(-1.71444889535132E-15,-3.57786716920214E-15,-1.));
#175160=VECTOR('',#175150,1.);
#175170=LINE('',#175140,#175160);
#175180=EDGE_CURVE('',#162590,#168140,#175170,.T.);
#175190=ORIENTED_EDGE('',*,*,#175180,.T.);
#175200=ORIENTED_EDGE('',*,*,#162930,.F.);
#175210=EDGE_LOOP('',(#175200,#175190,#175130,#175120,#174960,#174920,
#174840,#174830));
#175220=FACE_OUTER_BOUND('',#175210,.T.);
#175230=ADVANCED_FACE('',(#175220),#174820,.T.);
#175240=CARTESIAN_POINT('',(-2.83548958896016,1.03033900000001,
-6.37999999999998));
#175250=DIRECTION('',(-0.813733471206735,0.581238193719096,
-6.84488599973133E-16));
#175260=DIRECTION('',(0.581238193719096,0.813733471206735,
1.94864170656516E-16));
#175270=AXIS2_PLACEMENT_3D('',#175240,#175250,#175260);
#175280=PLANE('',#175270);
#175290=ORIENTED_EDGE('',*,*,#168380,.F.);
#175300=ORIENTED_EDGE('',*,*,#162200,.T.);
#175310=ORIENTED_EDGE('',*,*,#162600,.F.);
#175320=ORIENTED_EDGE('',*,*,#175180,.F.);
#175330=EDGE_LOOP('',(#175320,#175310,#175300,#175290));
#175340=FACE_OUTER_BOUND('',#175330,.T.);
#175350=ADVANCED_FACE('',(#175340),#175280,.F.);
#175360=CARTESIAN_POINT('',(-3.3227950409515,0.995339000000012,
-6.00105024794586));
#175370=DIRECTION('',(8.06104315242946E-17,1.,-2.39283419467549E-16));
#175380=DIRECTION('',(1.,-8.06104315242944E-17,6.70253783030539E-16));
#175390=AXIS2_PLACEMENT_3D('',#175360,#175370,#175380);
#175400=PLANE('',#175390);
#175410=ORIENTED_EDGE('',*,*,#162370,.F.);
#175420=ORIENTED_EDGE('',*,*,#167780,.F.);
#175430=ORIENTED_EDGE('',*,*,#165010,.F.);
#175440=CARTESIAN_POINT('',(-3.3227950409515,0.995339000000012,
-6.35999999999998));
#175450=DIRECTION('',(-1.,8.06104315242945E-17,-6.70253783030539E-16));
#175460=VECTOR('',#175450,1.);
#175470=LINE('',#175440,#175460);
#175480=EDGE_CURVE('',#162360,#165000,#175470,.T.);
#175490=ORIENTED_EDGE('',*,*,#175480,.T.);
#175500=EDGE_LOOP('',(#175490,#175430,#175420,#175410));
#175510=FACE_OUTER_BOUND('',#175500,.T.);
#175520=ADVANCED_FACE('',(#175510),#175400,.F.);
#175530=CARTESIAN_POINT('',(-3.3227950409515,1.01533900000001,
-6.35999999999998));
#175540=DIRECTION('',(-1.,8.06104315242945E-17,-6.70253783030539E-16));
#175550=DIRECTION('',(6.70253783030539E-16,-2.39283419467549E-16,-1.));
#175560=AXIS2_PLACEMENT_3D('',#175530,#175540,#175550);
#175570=CYLINDRICAL_SURFACE('',#175560,0.02);
#175580=ORIENTED_EDGE('',*,*,#169570,.T.);
#175590=ORIENTED_EDGE('',*,*,#163680,.T.);
#175600=CARTESIAN_POINT('',(-2.88622048372475,1.01533900000001,
-6.35999999999998));
#175610=DIRECTION('',(-1.,1.93801138331756E-17,-6.70253783030539E-16));
#175620=DIRECTION('',(1.93801138331758E-17,1.,-2.39283419467549E-16));
#175630=AXIS2_PLACEMENT_3D('',#175600,#175610,#175620);
#175640=CIRCLE('',#175630,0.02);
#175650=EDGE_CURVE('',#162360,#163590,#175640,.T.);
#175660=ORIENTED_EDGE('',*,*,#175650,.T.);
#175670=ORIENTED_EDGE('',*,*,#175480,.F.);
#175680=EDGE_LOOP('',(#175670,#175660,#175590,#175580));
#175690=FACE_OUTER_BOUND('',#175680,.T.);
#175700=ADVANCED_FACE('',(#175690),#175570,.T.);
#175710=CARTESIAN_POINT('',(-2.88622048372475,1.04533900000001,
-6.35999999999998));
#175720=DIRECTION('',(6.70253783030539E-16,-2.39283419467549E-16,-1.));
#175730=DIRECTION('',(-1.,0.,0.));
#175740=AXIS2_PLACEMENT_3D('',#175710,#175720,#175730);
#175750=TOROIDAL_SURFACE('',#175740,0.0300000000000002,0.02);
#175760=ORIENTED_EDGE('',*,*,#175650,.F.);
#175770=ORIENTED_EDGE('',*,*,#163600,.T.);
#175780=ORIENTED_EDGE('',*,*,#162690,.T.);
#175790=ORIENTED_EDGE('',*,*,#162440,.F.);
#175800=EDGE_LOOP('',(#175790,#175780,#175770,#175760));
#175810=FACE_OUTER_BOUND('',#175800,.T.);
#175820=ADVANCED_FACE('',(#175810),#175750,.T.);
#175830=CARTESIAN_POINT('',(-2.86048958896016,1.08136225267044,
-6.39999999999998));
#175840=DIRECTION('',(6.70253783030539E-16,-2.39283419467549E-16,-1.));
#175850=DIRECTION('',(-1.,0.,0.));
#175860=AXIS2_PLACEMENT_3D('',#175830,#175840,#175850);
#175870=TOROIDAL_SURFACE('',#175860,0.0300000000000002,0.02);
#175880=CARTESIAN_POINT('',(-2.86048958896016,1.08136225267044,
-6.41999999999998));
#175890=DIRECTION('',(6.70253783030539E-16,-2.39283419467549E-16,-1.));
#175900=DIRECTION('',(-1.,0.,0.));
#175910=AXIS2_PLACEMENT_3D('',#175880,#175890,#175900);
#175920=CIRCLE('',#175910,0.0300000000000003);
#175930=EDGE_CURVE('',#174940,#168230,#175920,.T.);
#175940=ORIENTED_EDGE('',*,*,#175930,.F.);
#175950=ORIENTED_EDGE('',*,*,#168240,.F.);
#175960=ORIENTED_EDGE('',*,*,#175110,.T.);
#175970=EDGE_LOOP('',(#175960,#175950,#175940));
#175980=FACE_OUTER_BOUND('',#175970,.T.);
#175990=ADVANCED_FACE('',(#175980),#175870,.T.);
#176000=ORIENTED_EDGE('',*,*,#174950,.T.);
#176010=CARTESIAN_POINT('',(-6.52097917792031,0.975339000000019,
-6.41999999999998));
#176020=DIRECTION('',(1.,4.7019967818549E-15,-2.44921270764481E-16));
#176030=VECTOR('',#176020,1.);
#176040=LINE('',#176010,#176030);
#176050=CARTESIAN_POINT('',(-2.86048958896017,0.975339000000036,
-6.41999999999999));
#176060=VERTEX_POINT('',#176050);
#176070=EDGE_CURVE('',#176060,#174900,#176040,.T.);
#176080=ORIENTED_EDGE('',*,*,#176070,.T.);
#176090=EDGE_CURVE('',#176060,#167420,#160360,.T.);
#176100=ORIENTED_EDGE('',*,*,#176090,.F.);
#176110=ORIENTED_EDGE('',*,*,#168300,.T.);
#176120=ORIENTED_EDGE('',*,*,#175930,.T.);
#176130=EDGE_LOOP('',(#176120,#176110,#176100,#176080,#176000));
#176140=FACE_OUTER_BOUND('',#176130,.T.);
#176150=ADVANCED_FACE('',(#176140),#160220,.T.);
#176160=CARTESIAN_POINT('',(-2.86048958896018,1.32533900000001,
-6.49999999999999));
#176170=DIRECTION('',(-1.,-4.57953614647266E-15,2.21404925643265E-15));
#176180=DIRECTION('',(-2.21404925643265E-15,-8.13645156332346E-16,-1.));
#176190=AXIS2_PLACEMENT_3D('',#176160,#176170,#176180);
#176200=PLANE('',#176190);
#176210=ORIENTED_EDGE('',*,*,#160370,.T.);
#176220=ORIENTED_EDGE('',*,*,#167490,.F.);
#176230=ORIENTED_EDGE('',*,*,#176090,.T.);
#176240=CARTESIAN_POINT('',(-2.86048958896016,0.975339000000037,
-5.85999999999999));
#176250=DIRECTION('',(7.44521631845796E-16,8.13645156332339E-16,1.));
#176260=VECTOR('',#176250,1.);
#176270=LINE('',#176240,#176260);
#176280=EDGE_CURVE('',#171320,#176060,#176270,.T.);
#176290=ORIENTED_EDGE('',*,*,#176280,.T.);
#176300=ORIENTED_EDGE('',*,*,#171330,.F.);
#176310=ORIENTED_EDGE('',*,*,#172470,.T.);
#176320=EDGE_LOOP('',(#176310,#176300,#176290,#176230,#176220,#176210));
#176330=FACE_OUTER_BOUND('',#176320,.T.);
#176340=ADVANCED_FACE('',(#176330),#176200,.T.);
#176350=ORIENTED_EDGE('',*,*,#163350,.T.);
#176360=ORIENTED_EDGE('',*,*,#170180,.T.);
#176370=ORIENTED_EDGE('',*,*,#171390,.T.);
#176380=ORIENTED_EDGE('',*,*,#176280,.F.);
#176390=ORIENTED_EDGE('',*,*,#176070,.F.);
#176400=ORIENTED_EDGE('',*,*,#174910,.T.);
#176410=EDGE_LOOP('',(#176400,#176390,#176380,#176370,#176360,#176350));
#176420=FACE_OUTER_BOUND('',#176410,.T.);
#176430=ADVANCED_FACE('',(#176420),#169670,.T.);
#176440=CARTESIAN_POINT('',(-3.66048958896016,1.08136225267043,
-6.35999999999998));
#176450=DIRECTION('',(-6.70253783030539E-16,2.39283419467549E-16,1.));
#176460=DIRECTION('',(1.,0.,0.));
#176470=AXIS2_PLACEMENT_3D('',#176440,#176450,#176460);
#176480=TOROIDAL_SURFACE('',#176470,0.0300000000000002,0.02);
#176490=ORIENTED_EDGE('',*,*,#163940,.F.);
#176500=ORIENTED_EDGE('',*,*,#169310,.F.);
#176510=CARTESIAN_POINT('',(-3.69048958896007,1.05993368127208,
-6.34121588905394));
#176520=CARTESIAN_POINT('',(-3.69048958896007,1.06169102523495,
-6.34084247198319));
#176530=CARTESIAN_POINT('',(-3.69048958895672,1.0634764315404,
-6.34058837976055));
#176540=CARTESIAN_POINT('',(-3.69048958895672,1.0652584055566,
-6.34041414644095));
#176550=CARTESIAN_POINT('',(-3.69048958895672,1.06704019148768,
-6.34023993151145));
#176560=CARTESIAN_POINT('',(-3.69048958896018,1.06882946412255,
-6.3401437161036));
#176570=CARTESIAN_POINT('',(-3.69048958896018,1.07061983518933,
-6.34008717680093));
#176580=CARTESIAN_POINT('',(-3.69048958896018,1.0724105807163,
-6.34003062567293));
#176590=CARTESIAN_POINT('',(-3.69048958896018,1.07420102174163,
-6.34001321609485));
#176600=CARTESIAN_POINT('',(-3.69048958896018,1.07599118019328,
-6.34000568938267));
#176610=CARTESIAN_POINT('',(-3.69048958896018,1.07778147817408,
-6.33999816208384));
#176620=CARTESIAN_POINT('',(-3.69048958896018,1.07957192804272,
-6.33999999999998));
#176630=CARTESIAN_POINT('',(-3.69048958896018,1.08136225267043,
-6.33999999999998));
#176640=B_SPLINE_CURVE_WITH_KNOTS('',3,(#176510,#176520,#176530,#176540,
#176550,#176560,#176570,#176580,#176590,#176600,#176610,#176620,#176630)
,.UNSPECIFIED.,.F.,.F.,(4,3,3,3,4),(0.,0.00538755602719682,
0.010759918590321,0.0161320492868305,0.0215031287334313),.UNSPECIFIED.);
#176650=EDGE_CURVE('',#169230,#163930,#176640,.T.);
#176660=ORIENTED_EDGE('',*,*,#176650,.F.);
#176670=EDGE_LOOP('',(#176660,#176500,#176490));
#176680=FACE_OUTER_BOUND('',#176670,.T.);
#176690=ADVANCED_FACE('',(#176680),#176480,.T.);
#176700=CARTESIAN_POINT('',(-3.69048958896018,1.295339,-6.41999999999999
));
#176710=DIRECTION('',(-1.,-4.82445741723714E-15,4.89842541528954E-16));
#176720=DIRECTION('',(-4.89842541528948E-16,-1.30348769786129E-15,-1.));
#176730=AXIS2_PLACEMENT_3D('',#176700,#176710,#176720);
#176740=PLANE('',#176730);
#176750=ORIENTED_EDGE('',*,*,#169730,.T.);
#176760=ORIENTED_EDGE('',*,*,#164000,.T.);
#176770=ORIENTED_EDGE('',*,*,#176650,.T.);
#176780=ORIENTED_EDGE('',*,*,#169240,.T.);
#176790=ORIENTED_EDGE('',*,*,#169010,.F.);
#176800=ORIENTED_EDGE('',*,*,#168830,.T.);
#176810=ORIENTED_EDGE('',*,*,#164830,.T.);
#176820=ORIENTED_EDGE('',*,*,#164490,.F.);
#176830=EDGE_LOOP('',(#176820,#176810,#176800,#176790,#176780,#176770,
#176760,#176750));
#176840=FACE_OUTER_BOUND('',#176830,.T.);
#176850=ADVANCED_FACE('',(#176840),#176740,.F.);
#176860=ORIENTED_EDGE('',*,*,#160680,.F.);
#176870=CARTESIAN_POINT('',(-2.83048958896016,1.20533900000001,
-6.33999999999998));
#176880=VERTEX_POINT('',#176870);
#176890=EDGE_CURVE('',#176880,#160610,#163400,.T.);
#176900=ORIENTED_EDGE('',*,*,#176890,.T.);
#176910=CARTESIAN_POINT('',(-2.83048958896016,1.20533900000001,
2.00000000000001));
#176920=DIRECTION('',(-1.71444889535133E-15,-2.39283419467548E-16,-1.));
#176930=VECTOR('',#176920,1.);
#176940=LINE('',#176910,#176930);
#176950=EDGE_CURVE('',#176880,#160280,#176940,.T.);
#176960=ORIENTED_EDGE('',*,*,#176950,.F.);
#176970=ORIENTED_EDGE('',*,*,#160440,.F.);
#176980=EDGE_LOOP('',(#176970,#176960,#176900,#176860));
#176990=FACE_OUTER_BOUND('',#176980,.T.);
#177000=ADVANCED_FACE('',(#176990),#174820,.T.);
#177010=CARTESIAN_POINT('',(-2.92048958896016,1.25533900000001,
-6.33999999999999));
#177020=DIRECTION('',(-6.70253783030539E-16,2.39283419467549E-16,1.));
#177030=DIRECTION('',(-1.,8.06104315242945E-17,-6.70253783030539E-16));
#177040=AXIS2_PLACEMENT_3D('',#177010,#177020,#177030);
#177050=CIRCLE('',#177040,0.05);
#177060=CARTESIAN_POINT('',(-2.97048958896016,1.25533900000001,
-6.33999999999999));
#177070=VERTEX_POINT('',#177060);
#177080=CARTESIAN_POINT('',(-2.92048958896016,1.20533900000001,
-6.33999999999999));
#177090=VERTEX_POINT('',#177080);
#177100=EDGE_CURVE('',#177070,#177090,#177050,.T.);
#177110=ORIENTED_EDGE('',*,*,#177100,.F.);
#177120=CARTESIAN_POINT('',(-1.77635683940025E-15,1.20533900000001,-6.34
));
#177130=DIRECTION('',(1.,-8.0610431524295E-17,-1.71444889535133E-15));
#177140=VECTOR('',#177130,1.);
#177150=LINE('',#177120,#177140);
#177160=EDGE_CURVE('',#177090,#176880,#177150,.T.);
#177170=ORIENTED_EDGE('',*,*,#177160,.F.);
#177180=ORIENTED_EDGE('',*,*,#176890,.F.);
#177190=ORIENTED_EDGE('',*,*,#161590,.T.);
#177200=CARTESIAN_POINT('',(-2.97048958896016,3.09681793725154E-15,
-6.33999999999999));
#177210=DIRECTION('',(-8.06104315242954E-17,-1.,1.30348769786129E-15));
#177220=VECTOR('',#177210,1.);
#177230=LINE('',#177200,#177220);
#177240=EDGE_CURVE('',#161560,#177070,#177230,.T.);
#177250=ORIENTED_EDGE('',*,*,#177240,.F.);
#177260=EDGE_LOOP('',(#177250,#177190,#177180,#177170,#177110));
#177270=FACE_OUTER_BOUND('',#177260,.T.);
#177280=ADVANCED_FACE('',(#177270),#163020,.T.);
#177290=CARTESIAN_POINT('',(-2.92048958896016,1.25533900000001,
-5.98105024794587));
#177300=DIRECTION('',(-6.70253783030539E-16,2.39283419467549E-16,1.));
#177310=DIRECTION('',(-1.,8.06104315242945E-17,-6.70253783030539E-16));
#177320=AXIS2_PLACEMENT_3D('',#177290,#177300,#177310);
#177330=CYLINDRICAL_SURFACE('',#177320,0.05);
#177340=ORIENTED_EDGE('',*,*,#177100,.T.);
#177350=CARTESIAN_POINT('',(-2.97048958896016,1.25533900000001,
-5.98105024794587));
#177360=DIRECTION('',(-6.70253783030539E-16,2.39283419467549E-16,1.));
#177370=VECTOR('',#177360,1.);
#177380=LINE('',#177350,#177370);
#177390=EDGE_CURVE('',#165760,#177070,#177380,.T.);
#177400=ORIENTED_EDGE('',*,*,#177390,.T.);
#177410=ORIENTED_EDGE('',*,*,#165770,.F.);
#177420=CARTESIAN_POINT('',(-2.92048958896016,1.20533900000001,
-5.98105024794587));
#177430=DIRECTION('',(-6.70253783030539E-16,2.39283419467549E-16,1.));
#177440=VECTOR('',#177430,1.);
#177450=LINE('',#177420,#177440);
#177460=EDGE_CURVE('',#165670,#177090,#177450,.T.);
#177470=ORIENTED_EDGE('',*,*,#177460,.F.);
#177480=EDGE_LOOP('',(#177470,#177410,#177400,#177340));
#177490=FACE_OUTER_BOUND('',#177480,.T.);
#177500=ADVANCED_FACE('',(#177490),#177330,.F.);
#177510=CARTESIAN_POINT('',(-3.22685803368268,1.33533900000001,
-6.3621003642264));
#177520=DIRECTION('',(8.06104315242946E-17,1.,-2.39283419467549E-16));
#177530=DIRECTION('',(1.,-8.06104315242944E-17,6.70253783030539E-16));
#177540=AXIS2_PLACEMENT_3D('',#177510,#177520,#177530);
#177550=PLANE('',#177540);
#177560=CARTESIAN_POINT('',(-2.97048958896016,1.33533900000001,
-5.98105024794587));
#177570=DIRECTION('',(-6.70253783030539E-16,2.39283419467549E-16,1.));
#177580=VECTOR('',#177570,1.);
#177590=LINE('',#177560,#177580);
#177600=CARTESIAN_POINT('',(-2.97048958896016,1.33533900000001,
-6.33999999999998));
#177610=VERTEX_POINT('',#177600);
#177620=EDGE_CURVE('',#165840,#177610,#177590,.T.);
#177630=ORIENTED_EDGE('',*,*,#177620,.F.);
#177640=CARTESIAN_POINT('',(-3.3227950409515,1.33533900000001,
-6.33999999999998));
#177650=DIRECTION('',(1.,-8.06104315242945E-17,6.70253783030539E-16));
#177660=VECTOR('',#177650,1.);
#177670=LINE('',#177640,#177660);
#177680=CARTESIAN_POINT('',(-3.10048958896015,1.33533900000001,
-6.33999999999998));
#177690=VERTEX_POINT('',#177680);
#177700=EDGE_CURVE('',#177690,#177610,#177670,.T.);
#177710=ORIENTED_EDGE('',*,*,#177700,.T.);
#177720=CARTESIAN_POINT('',(-3.10048958896015,1.33533900000001,
-5.98105024794587));
#177730=DIRECTION('',(4.89842541528951E-16,-2.39283419467549E-16,-1.));
#177740=VECTOR('',#177730,1.);
#177750=LINE('',#177720,#177740);
#177760=EDGE_CURVE('',#177690,#165920,#177750,.T.);
#177770=ORIENTED_EDGE('',*,*,#177760,.F.);
#177780=ORIENTED_EDGE('',*,*,#165930,.T.);
#177790=EDGE_LOOP('',(#177780,#177770,#177710,#177630));
#177800=FACE_OUTER_BOUND('',#177790,.T.);
#177810=ADVANCED_FACE('',(#177800),#177550,.T.);
#177820=CARTESIAN_POINT('',(-2.97048958896016,1.30533900000001,
-6.41999999999998));
#177830=DIRECTION('',(1.,-8.06104315242945E-17,6.70253783030539E-16));
#177840=DIRECTION('',(-6.70253783030539E-16,2.39283419467549E-16,1.));
#177850=AXIS2_PLACEMENT_3D('',#177820,#177830,#177840);
#177860=PLANE('',#177850);
#177870=ORIENTED_EDGE('',*,*,#177240,.T.);
#177880=CARTESIAN_POINT('',(-2.97048958896016,1.30533900000001,
-6.33999999999998));
#177890=DIRECTION('',(-8.06104315242946E-17,-1.,2.39283419467549E-16));
#177900=VECTOR('',#177890,1.);
#177910=LINE('',#177880,#177900);
#177920=EDGE_CURVE('',#177610,#161560,#177910,.T.);
#177930=ORIENTED_EDGE('',*,*,#177920,.T.);
#177940=ORIENTED_EDGE('',*,*,#177620,.T.);
#177950=ORIENTED_EDGE('',*,*,#165850,.T.);
#177960=ORIENTED_EDGE('',*,*,#177390,.F.);
#177970=EDGE_LOOP('',(#177960,#177950,#177940,#177930,#177870));
#177980=FACE_OUTER_BOUND('',#177970,.T.);
#177990=ADVANCED_FACE('',(#177980),#177860,.T.);
#178000=CARTESIAN_POINT('',(-3.74048958896016,1.32533900000001,
-6.33999999999998));
#178010=DIRECTION('',(-6.70253783030539E-16,2.39283419467549E-16,1.));
#178020=DIRECTION('',(8.06104315242946E-17,1.,-2.39283419467549E-16));
#178030=AXIS2_PLACEMENT_3D('',#178000,#178010,#178020);
#178040=PLANE('',#178030);
#178050=CARTESIAN_POINT('',(-3.15048958896015,1.32533900000001,
-6.33999999999998));
#178060=DIRECTION('',(4.89842541528951E-16,-2.39283419467549E-16,-1.));
#178070=DIRECTION('',(1.,-8.06104315242945E-17,4.89842541528951E-16));
#178080=AXIS2_PLACEMENT_3D('',#178050,#178060,#178070);
#178090=CIRCLE('',#178080,0.05);
#178100=CARTESIAN_POINT('',(-3.10048958896015,1.32533900000001,
-6.33999999999998));
#178110=VERTEX_POINT('',#178100);
#178120=EDGE_CURVE('',#178110,#161520,#178090,.T.);
#178130=ORIENTED_EDGE('',*,*,#178120,.T.);
#178140=CARTESIAN_POINT('',(-3.10048958896015,1.30533900000001,
-6.33999999999998));
#178150=DIRECTION('',(-8.06104315242946E-17,-1.,2.39283419467549E-16));
#178160=VECTOR('',#178150,1.);
#178170=LINE('',#178140,#178160);
#178180=EDGE_CURVE('',#177690,#178110,#178170,.T.);
#178190=ORIENTED_EDGE('',*,*,#178180,.T.);
#178200=ORIENTED_EDGE('',*,*,#177700,.F.);
#178210=ORIENTED_EDGE('',*,*,#177920,.F.);
#178220=ORIENTED_EDGE('',*,*,#161570,.T.);
#178230=EDGE_LOOP('',(#178220,#178210,#178200,#178190,#178130));
#178240=FACE_OUTER_BOUND('',#178230,.T.);
#178250=ADVANCED_FACE('',(#178240),#178040,.T.);
#178260=CARTESIAN_POINT('',(-3.10048958896015,1.33533900000001,
-6.33999999999999));
#178270=DIRECTION('',(1.,-8.06104315242945E-17,4.89842541528951E-16));
#178280=DIRECTION('',(-4.89842541528951E-16,2.39283419467549E-16,1.));
#178290=AXIS2_PLACEMENT_3D('',#178260,#178270,#178280);
#178300=PLANE('',#178290);
#178310=ORIENTED_EDGE('',*,*,#177760,.T.);
#178320=ORIENTED_EDGE('',*,*,#178180,.F.);
#178330=CARTESIAN_POINT('',(-3.10048958896015,1.32533900000001,
-5.98105024794587));
#178340=DIRECTION('',(4.89842541528951E-16,-2.39283419467549E-16,-1.));
#178350=VECTOR('',#178340,1.);
#178360=LINE('',#178330,#178350);
#178370=EDGE_CURVE('',#178110,#166000,#178360,.T.);
#178380=ORIENTED_EDGE('',*,*,#178370,.F.);
#178390=ORIENTED_EDGE('',*,*,#166010,.F.);
#178400=EDGE_LOOP('',(#178390,#178380,#178320,#178310));
#178410=FACE_OUTER_BOUND('',#178400,.T.);
#178420=ADVANCED_FACE('',(#178410),#178300,.F.);
#178430=CARTESIAN_POINT('',(-3.26389039760042,1.30533900000001,
-6.37204625996208));
#178440=DIRECTION('',(8.06104315242946E-17,1.,-2.39283419467549E-16));
#178450=DIRECTION('',(-1.,8.06104315242945E-17,-4.89842541528951E-16));
#178460=AXIS2_PLACEMENT_3D('',#178430,#178440,#178450);
#178470=PLANE('',#178460);
#178480=CARTESIAN_POINT('',(-3.20048958896015,1.30533900000001,
-5.98105024794587));
#178490=DIRECTION('',(4.89842541528951E-16,-2.39283419467549E-16,-1.));
#178500=VECTOR('',#178490,1.);
#178510=LINE('',#178480,#178500);
#178520=CARTESIAN_POINT('',(-3.20048958896015,1.30533900000001,
-6.33999999999998));
#178530=VERTEX_POINT('',#178520);
#178540=EDGE_CURVE('',#178530,#166260,#178510,.T.);
#178550=ORIENTED_EDGE('',*,*,#178540,.T.);
#178560=CARTESIAN_POINT('',(-3.3227950409515,1.30533900000001,
-6.33999999999998));
#178570=DIRECTION('',(1.,-8.06104315242945E-17,6.70253783030539E-16));
#178580=VECTOR('',#178570,1.);
#178590=LINE('',#178560,#178580);
#178600=CARTESIAN_POINT('',(-3.32048958896015,1.30533900000001,
-6.33999999999998));
#178610=VERTEX_POINT('',#178600);
#178620=EDGE_CURVE('',#178610,#178530,#178590,.T.);
#178630=ORIENTED_EDGE('',*,*,#178620,.T.);
#178640=CARTESIAN_POINT('',(-3.32048958896015,1.30533900000001,
-5.98105024794587));
#178650=DIRECTION('',(-4.89842541528951E-16,2.39283419467549E-16,1.));
#178660=VECTOR('',#178650,1.);
#178670=LINE('',#178640,#178660);
#178680=EDGE_CURVE('',#166340,#178610,#178670,.T.);
#178690=ORIENTED_EDGE('',*,*,#178680,.T.);
#178700=ORIENTED_EDGE('',*,*,#166350,.T.);
#178710=EDGE_LOOP('',(#178700,#178690,#178630,#178550));
#178720=FACE_OUTER_BOUND('',#178710,.T.);
#178730=ADVANCED_FACE('',(#178720),#178470,.T.);
#178740=COLOUR_RGB('',0.623529434204102,0.517647087574005,
0.290196090936661);
#178750=FILL_AREA_STYLE_COLOUR('',#178740);
#178760=FILL_AREA_STYLE('',(#178750));
#178770=SURFACE_STYLE_FILL_AREA(#178760);
#178780=SURFACE_SIDE_STYLE('',(#178770));
#178790=SURFACE_STYLE_USAGE(.BOTH.,#178780);
#178800=PRESENTATION_STYLE_ASSIGNMENT((#178790));
#178810=CARTESIAN_POINT('',(-3.26389039760042,1.27533900000001,
-6.37204625996208));
#178820=DIRECTION('',(8.06104315242946E-17,1.,-2.39283419467549E-16));
#178830=DIRECTION('',(-1.,8.06104315242945E-17,-4.89842541528951E-16));
#178840=AXIS2_PLACEMENT_3D('',#178810,#178820,#178830);
#178850=PLANE('',#178840);
#178860=ORIENTED_EDGE('',*,*,#161410,.T.);
#178870=CARTESIAN_POINT('',(-3.37048958896015,1.27533900000001,
-5.98105024794587));
#178880=DIRECTION('',(-4.89842541528951E-16,2.39283419467549E-16,1.));
#178890=VECTOR('',#178880,1.);
#178900=LINE('',#178870,#178890);
#178910=EDGE_CURVE('',#166510,#161320,#178900,.T.);
#178920=ORIENTED_EDGE('',*,*,#178910,.T.);
#178930=ORIENTED_EDGE('',*,*,#166520,.T.);
#178940=CARTESIAN_POINT('',(-3.35048958896015,1.27533900000001,
-5.98105024794587));
#178950=DIRECTION('',(-4.89842541528951E-16,2.39283419467549E-16,1.));
#178960=VECTOR('',#178950,1.);
#178970=LINE('',#178940,#178960);
#178980=EDGE_CURVE('',#166430,#161400,#178970,.T.);
#178990=ORIENTED_EDGE('',*,*,#178980,.F.);
#179000=EDGE_LOOP('',(#178990,#178930,#178920,#178860));
#179010=FACE_OUTER_BOUND('',#179000,.T.);
#179020=ADVANCED_FACE('',(#179010),#178850,.T.);
#179030=CARTESIAN_POINT('',(-3.37048958896015,1.32533900000001,
-5.98105024794587));
#179040=DIRECTION('',(-4.89842541528951E-16,2.39283419467549E-16,1.));
#179050=DIRECTION('',(-1.,8.06104315242945E-17,-4.89842541528951E-16));
#179060=AXIS2_PLACEMENT_3D('',#179030,#179040,#179050);
#179070=CYLINDRICAL_SURFACE('',#179060,0.05);
#179080=CARTESIAN_POINT('',(-3.37048958896015,1.32533900000001,
-6.33999999999998));
#179090=DIRECTION('',(-4.89842541528951E-16,2.39283419467549E-16,1.));
#179100=DIRECTION('',(-1.,8.06104315242945E-17,-4.89842541528951E-16));
#179110=AXIS2_PLACEMENT_3D('',#179080,#179090,#179100);
#179120=CIRCLE('',#179110,0.05);
#179130=CARTESIAN_POINT('',(-3.42048958896015,1.32533900000001,
-6.33999999999998));
#179140=VERTEX_POINT('',#179130);
#179150=EDGE_CURVE('',#179140,#161320,#179120,.T.);
#179160=ORIENTED_EDGE('',*,*,#179150,.T.);
#179170=CARTESIAN_POINT('',(-3.42048958896015,1.32533900000001,
-5.98105024794587));
#179180=DIRECTION('',(-4.89842541528951E-16,2.39283419467549E-16,1.));
#179190=VECTOR('',#179180,1.);
#179200=LINE('',#179170,#179190);
#179210=EDGE_CURVE('',#166600,#179140,#179200,.T.);
#179220=ORIENTED_EDGE('',*,*,#179210,.T.);
#179230=ORIENTED_EDGE('',*,*,#166610,.F.);
#179240=ORIENTED_EDGE('',*,*,#178910,.F.);
#179250=EDGE_LOOP('',(#179240,#179230,#179220,#179160));
#179260=FACE_OUTER_BOUND('',#179250,.T.);
#179270=ADVANCED_FACE('',(#179260),#179070,.F.);
#179280=CARTESIAN_POINT('',(-3.42048958896015,1.33533900000001,
-6.41999999999999));
#179290=DIRECTION('',(-1.,8.06104315242945E-17,-4.89842541528951E-16));
#179300=DIRECTION('',(4.89842541528951E-16,-2.39283419467549E-16,-1.));
#179310=AXIS2_PLACEMENT_3D('',#179280,#179290,#179300);
#179320=PLANE('',#179310);
#179330=CARTESIAN_POINT('',(-3.42048958896015,1.33533900000001,
-5.98105024794587));
#179340=DIRECTION('',(-4.89842541528951E-16,2.39283419467549E-16,1.));
#179350=VECTOR('',#179340,1.);
#179360=LINE('',#179330,#179350);
#179370=CARTESIAN_POINT('',(-3.42048958896015,1.33533900000001,
-6.33999999999998));
#179380=VERTEX_POINT('',#179370);
#179390=EDGE_CURVE('',#166680,#179380,#179360,.T.);
#179400=ORIENTED_EDGE('',*,*,#179390,.T.);
#179410=ORIENTED_EDGE('',*,*,#166690,.F.);
#179420=ORIENTED_EDGE('',*,*,#179210,.F.);
#179430=CARTESIAN_POINT('',(-3.42048958896015,1.30533900000001,
-6.33999999999998));
#179440=DIRECTION('',(8.06104315242946E-17,1.,-2.39283419467549E-16));
#179450=VECTOR('',#179440,1.);
#179460=LINE('',#179430,#179450);
#179470=EDGE_CURVE('',#179140,#179380,#179460,.T.);
#179480=ORIENTED_EDGE('',*,*,#179470,.F.);
#179490=EDGE_LOOP('',(#179480,#179420,#179410,#179400));
#179500=FACE_OUTER_BOUND('',#179490,.T.);
#179510=ADVANCED_FACE('',(#179500),#179320,.F.);
#179520=CARTESIAN_POINT('',(-3.55048958896016,1.30533900000001,
-6.33999999999998));
#179530=DIRECTION('',(8.06104315242946E-17,1.,-2.39283419467549E-16));
#179540=VECTOR('',#179530,1.);
#179550=LINE('',#179520,#179540);
#179560=CARTESIAN_POINT('',(-3.55048958896016,1.33533900000001,
-6.33999999999998));
#179570=VERTEX_POINT('',#179560);
#179580=EDGE_CURVE('',#161240,#179570,#179550,.T.);
#179590=ORIENTED_EDGE('',*,*,#179580,.F.);
#179600=CARTESIAN_POINT('',(-3.3227950409515,1.33533900000001,
-6.33999999999998));
#179610=DIRECTION('',(1.,-8.06104315242945E-17,6.70253783030539E-16));
#179620=VECTOR('',#179610,1.);
#179630=LINE('',#179600,#179620);
#179640=EDGE_CURVE('',#179570,#179380,#179630,.T.);
#179650=ORIENTED_EDGE('',*,*,#179640,.F.);
#179660=ORIENTED_EDGE('',*,*,#179470,.T.);
#179670=ORIENTED_EDGE('',*,*,#179150,.F.);
#179680=ORIENTED_EDGE('',*,*,#161330,.T.);
#179690=EDGE_LOOP('',(#179680,#179670,#179660,#179650,#179590));
#179700=FACE_OUTER_BOUND('',#179690,.T.);
#179710=ADVANCED_FACE('',(#179700),#178040,.T.);
#179720=CARTESIAN_POINT('',(-3.60048958896015,1.25533900000001,
-6.33999999999999));
#179730=DIRECTION('',(6.70253783030539E-16,-2.39283419467549E-16,-1.));
#179740=DIRECTION('',(1.,-8.06104315242945E-17,6.70253783030539E-16));
#179750=AXIS2_PLACEMENT_3D('',#179720,#179730,#179740);
#179760=CIRCLE('',#179750,0.05);
#179770=CARTESIAN_POINT('',(-3.55048958896016,1.25533900000001,
-6.33999999999999));
#179780=VERTEX_POINT('',#179770);
#179790=CARTESIAN_POINT('',(-3.60048958896016,1.20533900000001,
-6.33999999999999));
#179800=VERTEX_POINT('',#179790);
#179810=EDGE_CURVE('',#179780,#179800,#179760,.T.);
#179820=ORIENTED_EDGE('',*,*,#179810,.T.);
#179830=CARTESIAN_POINT('',(-3.55048958896016,3.09681793725154E-15,
-6.33999999999999));
#179840=DIRECTION('',(8.06104315242954E-17,1.,-1.30348769786129E-15));
#179850=VECTOR('',#179840,1.);
#179860=LINE('',#179830,#179850);
#179870=EDGE_CURVE('',#179780,#161240,#179860,.T.);
#179880=ORIENTED_EDGE('',*,*,#179870,.F.);
#179890=ORIENTED_EDGE('',*,*,#161250,.T.);
#179900=CARTESIAN_POINT('',(-3.69048958896018,1.20533900000001,
-6.33999999999998));
#179910=VERTEX_POINT('',#179900);
#179920=EDGE_CURVE('',#161160,#179910,#163990,.T.);
#179930=ORIENTED_EDGE('',*,*,#179920,.F.);
#179940=CARTESIAN_POINT('',(-1.77635683940025E-15,1.20533900000001,-6.34
));
#179950=DIRECTION('',(1.,-8.0610431524295E-17,-1.71444889535133E-15));
#179960=VECTOR('',#179950,1.);
#179970=LINE('',#179940,#179960);
#179980=EDGE_CURVE('',#179910,#179800,#179970,.T.);
#179990=ORIENTED_EDGE('',*,*,#179980,.F.);
#180000=EDGE_LOOP('',(#179990,#179930,#179890,#179880,#179820));
#180010=FACE_OUTER_BOUND('',#180000,.T.);
#180020=ADVANCED_FACE('',(#180010),#163020,.T.);
#180030=CARTESIAN_POINT('',(-3.60048958896016,1.25533900000001,
-5.98105024794587));
#180040=DIRECTION('',(6.70253783030539E-16,-2.39283419467549E-16,-1.));
#180050=DIRECTION('',(1.,-8.06104315242945E-17,6.70253783030539E-16));
#180060=AXIS2_PLACEMENT_3D('',#180030,#180040,#180050);
#180070=CYLINDRICAL_SURFACE('',#180060,0.05);
#180080=ORIENTED_EDGE('',*,*,#166940,.T.);
#180090=CARTESIAN_POINT('',(-3.55048958896016,1.25533900000001,
-5.98105024794587));
#180100=DIRECTION('',(6.70253783030539E-16,-2.39283419467549E-16,-1.));
#180110=VECTOR('',#180100,1.);
#180120=LINE('',#180090,#180110);
#180130=EDGE_CURVE('',#179780,#166840,#180120,.T.);
#180140=ORIENTED_EDGE('',*,*,#180130,.T.);
#180150=ORIENTED_EDGE('',*,*,#179810,.F.);
#180160=CARTESIAN_POINT('',(-3.60048958896016,1.20533900000001,
-5.98105024794587));
#180170=DIRECTION('',(6.70253783030539E-16,-2.39283419467549E-16,-1.));
#180180=VECTOR('',#180170,1.);
#180190=LINE('',#180160,#180180);
#180200=EDGE_CURVE('',#179800,#166930,#180190,.T.);
#180210=ORIENTED_EDGE('',*,*,#180200,.F.);
#180220=EDGE_LOOP('',(#180210,#180150,#180140,#180080));
#180230=FACE_OUTER_BOUND('',#180220,.T.);
#180240=ADVANCED_FACE('',(#180230),#180070,.F.);
#180250=CARTESIAN_POINT('',(-3.55048958896016,1.30533900000001,
-6.33999999999998));
#180260=DIRECTION('',(-1.,8.06104315242945E-17,-6.70253783030539E-16));
#180270=DIRECTION('',(6.70253783030539E-16,-2.39283419467549E-16,-1.));
#180280=AXIS2_PLACEMENT_3D('',#180250,#180260,#180270);
#180290=PLANE('',#180280);
#180300=ORIENTED_EDGE('',*,*,#166850,.T.);
#180310=CARTESIAN_POINT('',(-3.55048958896016,1.33533900000001,
-5.98105024794587));
#180320=DIRECTION('',(6.70253783030539E-16,-2.39283419467549E-16,-1.));
#180330=VECTOR('',#180320,1.);
#180340=LINE('',#180310,#180330);
#180350=EDGE_CURVE('',#179570,#166760,#180340,.T.);
#180360=ORIENTED_EDGE('',*,*,#180350,.T.);
#180370=ORIENTED_EDGE('',*,*,#179580,.T.);
#180380=ORIENTED_EDGE('',*,*,#179870,.T.);
#180390=ORIENTED_EDGE('',*,*,#180130,.F.);
#180400=EDGE_LOOP('',(#180390,#180380,#180370,#180360,#180300));
#180410=FACE_OUTER_BOUND('',#180400,.T.);
#180420=ADVANCED_FACE('',(#180410),#180290,.T.);
#180430=ORIENTED_EDGE('',*,*,#179640,.T.);
#180440=ORIENTED_EDGE('',*,*,#180350,.F.);
#180450=ORIENTED_EDGE('',*,*,#166770,.T.);
#180460=ORIENTED_EDGE('',*,*,#179390,.F.);
#180470=EDGE_LOOP('',(#180460,#180450,#180440,#180430));
#180480=FACE_OUTER_BOUND('',#180470,.T.);
#180490=ADVANCED_FACE('',(#180480),#177550,.T.);
#180500=CARTESIAN_POINT('',(-3.35048958896015,1.30533900000001,
-6.33999999999998));
#180510=DIRECTION('',(-4.89842541528951E-16,2.39283419467549E-16,1.));
#180520=DIRECTION('',(-1.,8.06104315242945E-17,-4.89842541528951E-16));
#180530=AXIS2_PLACEMENT_3D('',#180500,#180510,#180520);
#180540=CIRCLE('',#180530,0.03);
#180550=EDGE_CURVE('',#161400,#178610,#180540,.T.);
#180560=ORIENTED_EDGE('',*,*,#180550,.F.);
#180570=ORIENTED_EDGE('',*,*,#178620,.F.);
#180580=CARTESIAN_POINT('',(-3.17048958896015,1.30533900000001,
-6.33999999999998));
#180590=DIRECTION('',(4.89842541528951E-16,-2.39283419467549E-16,-1.));
#180600=DIRECTION('',(1.,-8.06104315242945E-17,4.89842541528951E-16));
#180610=AXIS2_PLACEMENT_3D('',#180580,#180590,#180600);
#180620=CIRCLE('',#180610,0.03);
#180630=EDGE_CURVE('',#161440,#178530,#180620,.T.);
#180640=ORIENTED_EDGE('',*,*,#180630,.T.);
#180650=ORIENTED_EDGE('',*,*,#161450,.T.);
#180660=EDGE_LOOP('',(#180650,#180640,#180570,#180560));
#180670=FACE_OUTER_BOUND('',#180660,.T.);
#180680=ADVANCED_FACE('',(#180670),#178040,.T.);
#180690=CARTESIAN_POINT('',(-3.35048958896015,1.30533900000001,
-5.98105024794587));
#180700=DIRECTION('',(-4.89842541528951E-16,2.39283419467549E-16,1.));
#180710=DIRECTION('',(-1.,8.06104315242945E-17,-4.89842541528951E-16));
#180720=AXIS2_PLACEMENT_3D('',#180690,#180700,#180710);
#180730=CYLINDRICAL_SURFACE('',#180720,0.03);
#180740=ORIENTED_EDGE('',*,*,#166440,.F.);
#180750=ORIENTED_EDGE('',*,*,#178680,.F.);
#180760=ORIENTED_EDGE('',*,*,#180550,.T.);
#180770=ORIENTED_EDGE('',*,*,#178980,.T.);
#180780=EDGE_LOOP('',(#180770,#180760,#180750,#180740));
#180790=FACE_OUTER_BOUND('',#180780,.T.);
#180800=ADVANCED_FACE('',(#180790),#180730,.F.);
#180810=CARTESIAN_POINT('',(-3.17048958896015,1.30533900000001,
-5.98105024794587));
#180820=DIRECTION('',(4.89842541528951E-16,-2.39283419467549E-16,-1.));
#180830=DIRECTION('',(1.,-8.06104315242945E-17,4.89842541528951E-16));
#180840=AXIS2_PLACEMENT_3D('',#180810,#180820,#180830);
#180850=CYLINDRICAL_SURFACE('',#180840,0.03);
#180860=ORIENTED_EDGE('',*,*,#180630,.F.);
#180870=ORIENTED_EDGE('',*,*,#178540,.F.);
#180880=ORIENTED_EDGE('',*,*,#166270,.T.);
#180890=CARTESIAN_POINT('',(-3.17048958896015,1.27533900000001,
-5.98105024794587));
#180900=DIRECTION('',(4.89842541528951E-16,-2.39283419467549E-16,-1.));
#180910=VECTOR('',#180900,1.);
#180920=LINE('',#180890,#180910);
#180930=EDGE_CURVE('',#161440,#166170,#180920,.T.);
#180940=ORIENTED_EDGE('',*,*,#180930,.T.);
#180950=EDGE_LOOP('',(#180940,#180880,#180870,#180860));
#180960=FACE_OUTER_BOUND('',#180950,.T.);
#180970=ADVANCED_FACE('',(#180960),#180850,.F.);
#180980=ORIENTED_EDGE('',*,*,#166180,.T.);
#180990=CARTESIAN_POINT('',(-3.15048958896015,1.27533900000001,
-5.98105024794587));
#181000=DIRECTION('',(4.89842541528951E-16,-2.39283419467549E-16,-1.));
#181010=VECTOR('',#181000,1.);
#181020=LINE('',#180990,#181010);
#181030=EDGE_CURVE('',#161520,#166090,#181020,.T.);
#181040=ORIENTED_EDGE('',*,*,#181030,.T.);
#181050=ORIENTED_EDGE('',*,*,#161530,.T.);
#181060=ORIENTED_EDGE('',*,*,#180930,.F.);
#181070=EDGE_LOOP('',(#181060,#181050,#181040,#180980));
#181080=FACE_OUTER_BOUND('',#181070,.T.);
#181090=ADVANCED_FACE('',(#181080),#178850,.T.);
#181100=CARTESIAN_POINT('',(-3.15048958896015,1.32533900000001,
-5.98105024794587));
#181110=DIRECTION('',(4.89842541528951E-16,-2.39283419467549E-16,-1.));
#181120=DIRECTION('',(1.,-8.06104315242945E-17,4.89842541528951E-16));
#181130=AXIS2_PLACEMENT_3D('',#181100,#181110,#181120);
#181140=CYLINDRICAL_SURFACE('',#181130,0.05);
#181150=ORIENTED_EDGE('',*,*,#166100,.T.);
#181160=ORIENTED_EDGE('',*,*,#178370,.T.);
#181170=ORIENTED_EDGE('',*,*,#178120,.F.);
#181180=ORIENTED_EDGE('',*,*,#181030,.F.);
#181190=EDGE_LOOP('',(#181180,#181170,#181160,#181150));
#181200=FACE_OUTER_BOUND('',#181190,.T.);
#181210=ADVANCED_FACE('',(#181200),#181140,.F.);
#181220=CARTESIAN_POINT('',(-3.3227950409515,1.20533900000001,
-5.98105024794587));
#181230=DIRECTION('',(8.06104315242946E-17,1.,-2.39283419467549E-16));
#181240=DIRECTION('',(1.,-8.06104315242944E-17,6.70253783030539E-16));
#181250=AXIS2_PLACEMENT_3D('',#181220,#181230,#181240);
#181260=PLANE('',#181250);
#181270=ORIENTED_EDGE('',*,*,#165680,.T.);
#181280=ORIENTED_EDGE('',*,*,#160310,.T.);
#181290=ORIENTED_EDGE('',*,*,#176950,.T.);
#181300=ORIENTED_EDGE('',*,*,#177160,.T.);
#181310=ORIENTED_EDGE('',*,*,#177460,.T.);
#181320=EDGE_LOOP('',(#181310,#181300,#181290,#181280,#181270));
#181330=FACE_OUTER_BOUND('',#181320,.T.);
#181340=ADVANCED_FACE('',(#181330),#181260,.T.);
#181350=CARTESIAN_POINT('',(-3.3227950409515,1.20533900000001,
-5.98105024794587));
#181360=DIRECTION('',(8.06104315242946E-17,1.,-2.39283419467549E-16));
#181370=DIRECTION('',(1.,-8.06104315242944E-17,6.70253783030539E-16));
#181380=AXIS2_PLACEMENT_3D('',#181350,#181360,#181370);
#181390=PLANE('',#181380);
#181400=ORIENTED_EDGE('',*,*,#179980,.T.);
#181410=CARTESIAN_POINT('',(-3.69048958896017,1.20533900000001,
2.00000000000001));
#181420=DIRECTION('',(-4.89842541528953E-16,-2.39283419467549E-16,-1.));
#181430=VECTOR('',#181420,1.);
#181440=LINE('',#181410,#181430);
#181450=CARTESIAN_POINT('',(-3.69048958896018,1.20533900000001,
-6.41999999999998));
#181460=VERTEX_POINT('',#181450);
#181470=EDGE_CURVE('',#179910,#181460,#181440,.T.);
#181480=ORIENTED_EDGE('',*,*,#181470,.F.);
#181490=CARTESIAN_POINT('',(-1.77635683940025E-15,1.20533900000001,
-6.41999999999999));
#181500=DIRECTION('',(-1.,8.06104315242947E-17,4.89842541528948E-16));
#181510=VECTOR('',#181500,1.);
#181520=LINE('',#181490,#181510);
#181530=EDGE_CURVE('',#165480,#181460,#181520,.T.);
#181540=ORIENTED_EDGE('',*,*,#181530,.T.);
#181550=ORIENTED_EDGE('',*,*,#167000,.T.);
#181560=ORIENTED_EDGE('',*,*,#180200,.T.);
#181570=EDGE_LOOP('',(#181560,#181550,#181540,#181480,#181400));
#181580=FACE_OUTER_BOUND('',#181570,.T.);
#181590=ADVANCED_FACE('',(#181580),#181390,.T.);
#181600=EDGE_CURVE('',#161750,#181460,#164480,.T.);
#181610=ORIENTED_EDGE('',*,*,#181600,.T.);
#181620=ORIENTED_EDGE('',*,*,#162000,.T.);
#181630=ORIENTED_EDGE('',*,*,#165510,.F.);
#181640=ORIENTED_EDGE('',*,*,#181530,.F.);
#181650=EDGE_LOOP('',(#181640,#181630,#181620,#181610));
#181660=FACE_OUTER_BOUND('',#181650,.T.);
#181670=ADVANCED_FACE('',(#181660),#164090,.T.);
#181680=ORIENTED_EDGE('',*,*,#179920,.T.);
#181690=ORIENTED_EDGE('',*,*,#161820,.F.);
#181700=ORIENTED_EDGE('',*,*,#181600,.F.);
#181710=ORIENTED_EDGE('',*,*,#181470,.T.);
#181720=EDGE_LOOP('',(#181710,#181700,#181690,#181680));
#181730=FACE_OUTER_BOUND('',#181720,.T.);
#181740=ADVANCED_FACE('',(#181730),#176740,.F.);
#181750=CARTESIAN_POINT('',(-3.51048958896007,0.740339000000034,
-6.21499999999998));
#181760=DIRECTION('',(1.,4.82445741723714E-15,-1.22460635382238E-15));
#181770=DIRECTION('',(-4.82445741723714E-15,1.,-1.54840896862576E-15));
#181780=AXIS2_PLACEMENT_3D('',#181750,#181760,#181770);
#181790=CYLINDRICAL_SURFACE('',#181780,0.165);
#181800=ORIENTED_EDGE('',*,*,#173860,.F.);
#181810=ORIENTED_EDGE('',*,*,#159430,.F.);
#181820=ORIENTED_EDGE('',*,*,#158800,.F.);
#181830=CARTESIAN_POINT('',(-3.51048958896007,0.575339000000034,
-6.21499999999998));
#181840=DIRECTION('',(1.,4.82445741723714E-15,-1.22460635382238E-15));
#181850=VECTOR('',#181840,1.);
#181860=LINE('',#181830,#181850);
#181870=EDGE_CURVE('',#159100,#158700,#181860,.T.);
#181880=ORIENTED_EDGE('',*,*,#181870,.T.);
#181890=ORIENTED_EDGE('',*,*,#159110,.T.);
#181900=EDGE_LOOP('',(#181890,#181880,#181820,#181810,#181800));
#181910=FACE_OUTER_BOUND('',#181900,.T.);
#181920=ADVANCED_FACE('',(#181910),#181790,.T.);
#181930=CARTESIAN_POINT('',(-3.82548958896017,0.740339000000032,
-6.21499999999998));
#181940=DIRECTION('',(-1.22460635382237E-15,-1.54840896862577E-15,-1.));
#181950=DIRECTION('',(0.0436193873653313,0.999048221581858,
-1.6003518053044E-15));
#181960=AXIS2_PLACEMENT_3D('',#181930,#181940,#181950);
#181970=CYLINDRICAL_SURFACE('',#181960,0.165);
#181980=ORIENTED_EDGE('',*,*,#144270,.T.);
#181990=ORIENTED_EDGE('',*,*,#137610,.T.);
#182000=ORIENTED_EDGE('',*,*,#94670,.T.);
#182010=CARTESIAN_POINT('',(-3.83268678787545,0.575496043439026,
-6.21499999999998));
#182020=DIRECTION('',(-1.22460635382237E-15,-1.54840896862577E-15,-1.));
#182030=VECTOR('',#182020,1.);
#182040=LINE('',#182010,#182030);
#182050=CARTESIAN_POINT('',(-3.83268678787545,0.575496043439026,
-6.23463593961017));
#182060=VERTEX_POINT('',#182050);
#182070=EDGE_CURVE('',#94620,#182060,#182040,.T.);
#182080=ORIENTED_EDGE('',*,*,#182070,.F.);
#182090=CARTESIAN_POINT('',(-3.82548958896021,0.740339000000013,
-6.23165476220838));
#182100=DIRECTION('',(0.382683432365087,1.32407992439782E-14,
-0.923879532511288));
#182110=DIRECTION('',(0.923879532511288,3.60123047372496E-14,
0.382683432365087));
#182120=AXIS2_PLACEMENT_3D('',#182090,#182100,#182110);
#182130=ELLIPSE('',#182120,0.178594713048245,0.165);
#182140=CARTESIAN_POINT('',(-3.99048958896022,0.740339000000032,
-6.29999999999994));
#182150=VERTEX_POINT('',#182140);
#182160=EDGE_CURVE('',#182060,#182150,#182130,.T.);
#182170=ORIENTED_EDGE('',*,*,#182160,.F.);
#182180=CARTESIAN_POINT('',(-3.99048958896016,0.740339000000028,
-6.5970024));
#182190=DIRECTION('',(9.79685083057898E-16,1.54840896862577E-15,1.));
#182200=VECTOR('',#182190,1.);
#182210=LINE('',#182180,#182200);
#182220=CARTESIAN_POINT('',(-3.99048958896017,0.740339000000032,
-6.21499999999998));
#182230=VERTEX_POINT('',#182220);
#182240=EDGE_CURVE('',#182150,#182230,#182210,.T.);
#182250=ORIENTED_EDGE('',*,*,#182240,.F.);
#182260=CARTESIAN_POINT('',(-3.82548958896017,0.740339000000032,
-6.21499999999998));
#182270=DIRECTION('',(-1.22460635382237E-15,-1.54840896862577E-15,-1.));
#182280=DIRECTION('',(0.0436193873653313,0.999048221581858,
-1.6003518053044E-15));
#182290=AXIS2_PLACEMENT_3D('',#182260,#182270,#182280);
#182300=CIRCLE('',#182290,0.165);
#182310=EDGE_CURVE('',#182230,#146550,#182300,.T.);
#182320=ORIENTED_EDGE('',*,*,#182310,.F.);
#182330=ORIENTED_EDGE('',*,*,#147320,.T.);
#182340=EDGE_LOOP('',(#182330,#182320,#182250,#182170,#182080,#182000,
#181990,#181980));
#182350=FACE_OUTER_BOUND('',#182340,.T.);
#182360=ADVANCED_FACE('',(#182350),#181970,.T.);
#182370=CARTESIAN_POINT('',(-3.37048958896007,0.575339000000035,
-6.21499999999998));
#182380=DIRECTION('',(4.82445741723714E-15,-1.,1.30348769786129E-15));
#182390=DIRECTION('',(1.22460635382237E-15,1.3034876978613E-15,1.));
#182400=AXIS2_PLACEMENT_3D('',#182370,#182380,#182390);
#182410=PLANE('',#182400);
#182420=ORIENTED_EDGE('',*,*,#181870,.F.);
#182430=ORIENTED_EDGE('',*,*,#158710,.F.);
#182440=CARTESIAN_POINT('',(-3.37048958896017,0.575339000000035,
-6.33499999999999));
#182450=DIRECTION('',(1.,4.82445741723714E-15,-1.22460635382238E-15));
#182460=VECTOR('',#182450,1.);
#182470=LINE('',#182440,#182460);
#182480=CARTESIAN_POINT('',(-3.72214435116861,0.575339000000033,
-6.33499999999999));
#182490=VERTEX_POINT('',#182480);
#182500=EDGE_CURVE('',#182490,#158600,#182470,.T.);
#182510=ORIENTED_EDGE('',*,*,#182500,.T.);
#182520=CARTESIAN_POINT('',(-4.38031937006439,0.575339000000014,
-5.67682498110419));
#182530=DIRECTION('',(0.707106781186543,1.42519586823769E-14,
-0.707106781186552));
#182540=VECTOR('',#182530,1.);
#182550=LINE('',#182520,#182540);
#182560=CARTESIAN_POINT('',(-3.82548958896015,0.575339000000032,
-6.23165476220844));
#182570=VERTEX_POINT('',#182560);
#182580=EDGE_CURVE('',#182570,#182490,#182550,.T.);
#182590=ORIENTED_EDGE('',*,*,#182580,.T.);
#182600=CARTESIAN_POINT('',(-3.82548958896,0.575338999999992,
-5.92999999999998));
#182610=DIRECTION('',(1.22460635382237E-15,1.54840896862577E-15,1.));
#182620=VECTOR('',#182610,1.);
#182630=LINE('',#182600,#182620);
#182640=EDGE_CURVE('',#182570,#159180,#182630,.T.);
#182650=ORIENTED_EDGE('',*,*,#182640,.F.);
#182660=ORIENTED_EDGE('',*,*,#159190,.T.);
#182670=EDGE_LOOP('',(#182660,#182650,#182590,#182510,#182430,#182420));
#182680=FACE_OUTER_BOUND('',#182670,.T.);
#182690=ADVANCED_FACE('',(#182680),#182410,.T.);
#182700=CARTESIAN_POINT('',(-4.3803193700644,0.740339000000014,
-5.67682498110419));
#182710=DIRECTION('',(0.707106781186543,2.60142157998306E-14,
-0.707106781186552));
#182720=DIRECTION('',(-0.707106781186552,-3.77800003331251E-15,
-0.707106781186543));
#182730=AXIS2_PLACEMENT_3D('',#182700,#182710,#182720);
#182740=CYLINDRICAL_SURFACE('',#182730,0.165);
#182750=CARTESIAN_POINT('',(-4.49699198896018,0.740339000000013,
-5.79349759999997));
#182760=DIRECTION('',(0.707106781186543,2.60142157998306E-14,
-0.707106781186552));
#182770=VECTOR('',#182760,1.);
#182780=LINE('',#182750,#182770);
#182790=EDGE_CURVE('',#182150,#158210,#182780,.T.);
#182800=ORIENTED_EDGE('',*,*,#182790,.T.);
#182810=ORIENTED_EDGE('',*,*,#182160,.T.);
#182820=EDGE_CURVE('',#182570,#182060,#182130,.T.);
#182830=ORIENTED_EDGE('',*,*,#182820,.T.);
#182840=ORIENTED_EDGE('',*,*,#182580,.F.);
#182850=CARTESIAN_POINT('',(-3.72214435116861,0.740339000000036,
-6.33499999999998));
#182860=DIRECTION('',(0.923879532511286,1.668976967876E-14,
-0.382683432365093));
#182870=DIRECTION('',(0.382683432365093,-2.76857535373752E-14,
0.923879532511286));
#182880=AXIS2_PLACEMENT_3D('',#182850,#182860,#182870);
#182890=ELLIPSE('',#182880,0.178594713048245,0.165);
#182900=EDGE_CURVE('',#182490,#158210,#182890,.T.);
#182910=ORIENTED_EDGE('',*,*,#182900,.F.);
#182920=EDGE_LOOP('',(#182910,#182840,#182830,#182810,#182800));
#182930=FACE_OUTER_BOUND('',#182920,.T.);
#182940=ADVANCED_FACE('',(#182930),#182740,.T.);
#182950=CARTESIAN_POINT('',(-3.37048958896017,0.740339000000035,
-6.33499999999999));
#182960=DIRECTION('',(1.,4.82445741723714E-15,-1.22460635382238E-15));
#182970=DIRECTION('',(-4.82445741723714E-15,1.,-1.54840896862576E-15));
#182980=AXIS2_PLACEMENT_3D('',#182950,#182960,#182970);
#182990=CYLINDRICAL_SURFACE('',#182980,0.165);
#183000=ORIENTED_EDGE('',*,*,#158300,.F.);
#183010=ORIENTED_EDGE('',*,*,#182900,.T.);
#183020=ORIENTED_EDGE('',*,*,#182500,.F.);
#183030=ORIENTED_EDGE('',*,*,#158630,.F.);
#183040=ORIENTED_EDGE('',*,*,#159810,.F.);
#183050=EDGE_LOOP('',(#183040,#183030,#183020,#183010,#183000));
#183060=FACE_OUTER_BOUND('',#183050,.T.);
#183070=ADVANCED_FACE('',(#183060),#182990,.T.);
#183080=CARTESIAN_POINT('',(-3.83048958896017,1.10533900000003,
-6.45999999999998));
#183090=DIRECTION('',(-0.707106781186548,-4.33311154562507E-15,
-0.707106781186548));
#183100=DIRECTION('',(0.707106781186548,2.48970156492316E-15,
-0.707106781186548));
#183110=AXIS2_PLACEMENT_3D('',#183080,#183090,#183100);
#183120=PLANE('',#183110);
#183130=ORIENTED_EDGE('',*,*,#158220,.T.);
#183140=ORIENTED_EDGE('',*,*,#154940,.T.);
#183150=CARTESIAN_POINT('',(-3.99048958896017,3.08454828646997E-14,
-6.29999999999998));
#183160=DIRECTION('',(-4.57953614647266E-15,1.,-1.54840896862576E-15));
#183170=VECTOR('',#183160,1.);
#183180=LINE('',#183150,#183170);
#183190=EDGE_CURVE('',#182150,#154850,#183180,.T.);
#183200=ORIENTED_EDGE('',*,*,#183190,.T.);
#183210=ORIENTED_EDGE('',*,*,#182790,.F.);
#183220=EDGE_LOOP('',(#183210,#183200,#183140,#183130));
#183230=FACE_OUTER_BOUND('',#183220,.T.);
#183240=ADVANCED_FACE('',(#183230),#183120,.T.);
#183250=CARTESIAN_POINT('',(-3.99048958896017,1.21923132381146,
-5.91799805295587));
#183260=DIRECTION('',(-1.,-3.18938482585618E-15,3.67381906146715E-16));
#183270=DIRECTION('',(3.18938482585618E-15,-1.,1.54840896862576E-15));
#183280=AXIS2_PLACEMENT_3D('',#183250,#183260,#183270);
#183290=PLANE('',#183280);
#183300=ORIENTED_EDGE('',*,*,#154860,.T.);
#183310=CARTESIAN_POINT('',(-3.99048958896016,3.09770976270329E-14,
-6.21499999999998));
#183320=DIRECTION('',(-3.18938482585618E-15,1.,-1.54840896862576E-15));
#183330=VECTOR('',#183320,1.);
#183340=LINE('',#183310,#183330);
#183350=EDGE_CURVE('',#182230,#154770,#183340,.T.);
#183360=ORIENTED_EDGE('',*,*,#183350,.T.);
#183370=ORIENTED_EDGE('',*,*,#182240,.T.);
#183380=ORIENTED_EDGE('',*,*,#183190,.F.);
#183390=EDGE_LOOP('',(#183380,#183370,#183360,#183300));
#183400=FACE_OUTER_BOUND('',#183390,.T.);
#183410=ADVANCED_FACE('',(#183400),#183290,.T.);
#183420=ORIENTED_EDGE('',*,*,#154780,.T.);
#183430=ORIENTED_EDGE('',*,*,#157580,.F.);
#183440=ORIENTED_EDGE('',*,*,#146560,.F.);
#183450=ORIENTED_EDGE('',*,*,#182310,.T.);
#183460=ORIENTED_EDGE('',*,*,#183350,.F.);
#183470=EDGE_LOOP('',(#183460,#183450,#183440,#183430,#183420));
#183480=FACE_OUTER_BOUND('',#183470,.T.);
#183490=ADVANCED_FACE('',(#183480),#172200,.T.);
#183500=CARTESIAN_POINT('',(-4.07973696887493,1.16798227703689,
-6.05499999999998));
#183510=DIRECTION('',(-4.62317379515779E-16,-2.38525714133231E-16,-1.));
#183520=DIRECTION('',(-0.0478051859951585,-0.998856678503963,
2.60354170873451E-16));
#183530=AXIS2_PLACEMENT_3D('',#183500,#183510,#183520);
#183540=PLANE('',#183530);
#183550=CARTESIAN_POINT('',(-6.52097917792031,1.10533900000006,
-6.05499999999998));
#183560=DIRECTION('',(1.,5.77144400375594E-15,-4.6231737951578E-16));
#183570=VECTOR('',#183560,1.);
#183580=LINE('',#183550,#183570);
#183590=CARTESIAN_POINT('',(-3.89311801710758,1.10533900000007,
-6.05499999999998));
#183600=VERTEX_POINT('',#183590);
#183610=CARTESIAN_POINT('',(-3.84048958896007,1.10533900000007,
-6.05499999999998));
#183620=VERTEX_POINT('',#183610);
#183630=EDGE_CURVE('',#183600,#183620,#183580,.T.);
#183640=ORIENTED_EDGE('',*,*,#183630,.T.);
#183650=CARTESIAN_POINT('',(-3.94601943692073,3.14393874168653E-14,
-6.05499999999998));
#183660=DIRECTION('',(0.0478051859951585,0.998856678503963,
-2.54266143525449E-16));
#183670=VECTOR('',#183660,1.);
#183680=LINE('',#183650,#183670);
#183690=CARTESIAN_POINT('',(-3.89055325444502,1.15892796238875,
-6.05499999999998));
#183700=VERTEX_POINT('',#183690);
#183710=EDGE_CURVE('',#183600,#183700,#183680,.T.);
#183720=ORIENTED_EDGE('',*,*,#183710,.F.);
#183730=CARTESIAN_POINT('',(-6.52097917792031,1.28481989786298,
-6.05499999999998));
#183740=DIRECTION('',(0.998856678503963,-0.0478051859951585,
-4.46576011643487E-16));
#183750=VECTOR('',#183740,1.);
#183760=LINE('',#183730,#183750);
#183770=EDGE_CURVE('',#146710,#183700,#183760,.T.);
#183780=ORIENTED_EDGE('',*,*,#183770,.T.);
#183790=ORIENTED_EDGE('',*,*,#146720,.F.);
#183800=ORIENTED_EDGE('',*,*,#157650,.F.);
#183810=ORIENTED_EDGE('',*,*,#154620,.F.);
#183820=ORIENTED_EDGE('',*,*,#129230,.F.);
#183830=CARTESIAN_POINT('',(-6.5209791779203,-1.57515058896015,
-6.05499999999998));
#183840=DIRECTION('',(-0.707106781186547,-0.707106781186548,
4.55364817872705E-16));
#183850=VECTOR('',#183840,1.);
#183860=LINE('',#183830,#183850);
#183870=EDGE_CURVE('',#129140,#183620,#183860,.T.);
#183880=ORIENTED_EDGE('',*,*,#183870,.F.);
#183890=EDGE_LOOP('',(#183880,#183820,#183810,#183800,#183790,#183780,
#183720,#183640));
#183900=FACE_OUTER_BOUND('',#183890,.T.);
#183910=ADVANCED_FACE('',(#183900),#183540,.F.);
#183920=CARTESIAN_POINT('',(-3.81548958896019,1.13033899999996,
-5.92999999999999));
#183930=DIRECTION('',(-0.707106781186548,0.707106781186547,
4.0545021665924E-15));
#183940=DIRECTION('',(-0.707106781186547,-0.707106781186548,
5.14193157544695E-15));
#183950=AXIS2_PLACEMENT_3D('',#183920,#183930,#183940);
#183960=PLANE('',#183950);
#183970=ORIENTED_EDGE('',*,*,#183870,.T.);
#183980=ORIENTED_EDGE('',*,*,#129150,.F.);
#183990=ORIENTED_EDGE('',*,*,#125260,.F.);
#184000=CARTESIAN_POINT('',(-3.84048958896007,1.10533900000008,
-5.85999999999999));
#184010=DIRECTION('',(7.28234092129187E-15,1.5484089686258E-15,1.));
#184020=VECTOR('',#184010,1.);
#184030=LINE('',#184000,#184020);
#184040=EDGE_CURVE('',#183620,#125170,#184030,.T.);
#184050=ORIENTED_EDGE('',*,*,#184040,.T.);
#184060=EDGE_LOOP('',(#184050,#183990,#183980,#183970));
#184070=FACE_OUTER_BOUND('',#184060,.T.);
#184080=ADVANCED_FACE('',(#184070),#183960,.T.);
#184090=CARTESIAN_POINT('',(-3.89055325444501,1.15892796238875,
-5.60000000000001));
#184100=DIRECTION('',(0.998856678503963,-0.0478051859951585,
3.4985508832348E-17));
#184110=DIRECTION('',(1.15684950262154E-17,9.73550805852666E-16,1.));
#184120=AXIS2_PLACEMENT_3D('',#184090,#184100,#184110);
#184130=PLANE('',#184120);
#184140=ORIENTED_EDGE('',*,*,#183710,.T.);
#184150=CARTESIAN_POINT('',(-3.89311801710757,1.10533900000009,
2.00000000000001));
#184160=DIRECTION('',(-3.90811522308134E-17,-1.54840896862576E-15,-1.));
#184170=VECTOR('',#184160,1.);
#184180=LINE('',#184150,#184170);
#184190=EDGE_CURVE('',#125150,#183600,#184180,.T.);
#184200=ORIENTED_EDGE('',*,*,#184190,.T.);
#184210=ORIENTED_EDGE('',*,*,#125820,.F.);
#184220=CARTESIAN_POINT('',(-3.89055325444501,1.15892796238875,
-5.60000000000001));
#184230=DIRECTION('',(-1.15684950262154E-17,-9.73550805852666E-16,-1.));
#184240=VECTOR('',#184230,1.);
#184250=LINE('',#184220,#184240);
#184260=EDGE_CURVE('',#125750,#183700,#184250,.T.);
#184270=ORIENTED_EDGE('',*,*,#184260,.F.);
#184280=EDGE_LOOP('',(#184270,#184210,#184200,#184140));
#184290=FACE_OUTER_BOUND('',#184280,.T.);
#184300=ADVANCED_FACE('',(#184290),#184130,.T.);
#184310=CARTESIAN_POINT('',(-3.79048958896016,1.10533900000008,
-6.05499999999998));
#184320=DIRECTION('',(5.77144400375594E-15,-1.,1.54840896862576E-15));
#184330=DIRECTION('',(-1.,-5.77144400375594E-15,1.22460635382238E-15));
#184340=AXIS2_PLACEMENT_3D('',#184310,#184320,#184330);
#184350=PLANE('',#184340);
#184360=ORIENTED_EDGE('',*,*,#184040,.F.);
#184370=ORIENTED_EDGE('',*,*,#125180,.T.);
#184380=ORIENTED_EDGE('',*,*,#184190,.F.);
#184390=ORIENTED_EDGE('',*,*,#183630,.F.);
#184400=EDGE_LOOP('',(#184390,#184380,#184370,#184360));
#184410=FACE_OUTER_BOUND('',#184400,.T.);
#184420=ADVANCED_FACE('',(#184410),#184350,.F.);
#184430=CARTESIAN_POINT('',(-3.94756697474104,1.16165663364027,
-5.73480973766727));
#184440=DIRECTION('',(0.0478051859951585,0.998856678503963,
-9.72990758345263E-16));
#184450=DIRECTION('',(0.998856678503963,-0.0478051859951585,
2.79790224206995E-16));
#184460=AXIS2_PLACEMENT_3D('',#184430,#184440,#184450);
#184470=PLANE('',#184460);
#184480=ORIENTED_EDGE('',*,*,#183770,.F.);
#184490=ORIENTED_EDGE('',*,*,#184260,.T.);
#184500=ORIENTED_EDGE('',*,*,#125760,.F.);
#184510=ORIENTED_EDGE('',*,*,#146780,.T.);
#184520=EDGE_LOOP('',(#184510,#184500,#184490,#184480));
#184530=FACE_OUTER_BOUND('',#184520,.T.);
#184540=ADVANCED_FACE('',(#184530),#184470,.T.);
#184550=ORIENTED_EDGE('',*,*,#94630,.T.);
#184560=ORIENTED_EDGE('',*,*,#145790,.F.);
#184570=ORIENTED_EDGE('',*,*,#114540,.F.);
#184580=ORIENTED_EDGE('',*,*,#151040,.F.);
#184590=ORIENTED_EDGE('',*,*,#159260,.T.);
#184600=ORIENTED_EDGE('',*,*,#182640,.T.);
#184610=ORIENTED_EDGE('',*,*,#182820,.F.);
#184620=ORIENTED_EDGE('',*,*,#182070,.T.);
#184630=EDGE_LOOP('',(#184620,#184610,#184600,#184590,#184580,#184570,
#184560,#184550));
#184640=FACE_OUTER_BOUND('',#184630,.T.);
#184650=ADVANCED_FACE('',(#184640),#181970,.T.);
#184660=ORIENTED_EDGE('',*,*,#5570,.F.);
#184670=ORIENTED_EDGE('',*,*,#4860,.F.);
#184680=ORIENTED_EDGE('',*,*,#23770,.F.);
#184690=ORIENTED_EDGE('',*,*,#149620,.T.);
#184700=ORIENTED_EDGE('',*,*,#172280,.T.);
#184710=ORIENTED_EDGE('',*,*,#156060,.T.);
#184720=ORIENTED_EDGE('',*,*,#171970,.T.);
#184730=ORIENTED_EDGE('',*,*,#157180,.T.);
#184740=EDGE_LOOP('',(#184730,#184720,#184710,#184700,#184690,#184680,
#184670,#184660));
#184750=FACE_OUTER_BOUND('',#184740,.T.);
#184760=ADVANCED_FACE('',(#184750),#157080,.T.);
#184770=CLOSED_SHELL('',(#560,#980,#1400,#1800,#2360,#2760,#3080,#3480,
#3860,#4160,#4560,#4960,#5360,#5710,#6110,#6610,#7570,#7880,#8210,#8610,
#9000,#9320,#9850,#10180,#10490,#11140,#11540,#11960,#12130,#12450,
#13500,#13810,#14120,#14520,#15090,#15490,#15800,#16040,#16440,#16780,
#16960,#17200,#17510,#17680,#17810,#18860,#19300,#19520,#19920,#20280,
#20680,#21080,#21460,#21860,#22260,#22900,#23230,#23420,#23820,#24220,
#24390,#24700,#25010,#25320,#25630,#26030,#26990,#27390,#27790,#28190,
#28590,#28900,#29260,#29660,#30060,#30460,#31510,#31890,#32310,#32620,
#33670,#33980,#34370,#34700,#34920,#35380,#35580,#35900,#36210,#36520,
#36920,#37090,#37240,#38050,#38360,#38760,#39070,#39410,#39660,#40070,
#40240,#40480,#40720,#40890,#41210,#41540,#41800,#42190,#42430,#43370,
#43630,#43860,#43990,#44110,#44280,#44400,#44540,#44940,#45250,#45560,
#45960,#47010,#47320,#47630,#48590,#48710,#48880,#49240,#49600,#50000,
#50330,#50640,#51440,#52400,#52800,#53120,#53360,#53600,#53840,#54710,
#55110,#55430,#55740,#55940,#56340,#56740,#57050,#57360,#57530,#58050,
#58360,#58610,#59170,#59340,#59470,#59710,#60020,#60380,#60650,#61010,
#61370,#61610,#61860,#62170,#62410,#62740,#63140,#63540,#63940,#64180,
#64490,#64800,#65050,#65450,#65620,#65890,#66200,#66600,#66940,#67890,
#68180,#68420,#68730,#69040,#69440,#69860,#70100,#70710,#70980,#71380,
#71780,#72090,#72490,#72730,#73040,#73210,#73570,#73880,#74190,#74430,
#74750,#75110,#75420,#75590,#76240,#76640,#76950,#77260,#77620,#77980,
#78290,#78690,#79650,#79960,#80280,#80550,#80800,#81130,#81530,#81930,
#82200,#82560,#82960,#83200,#83510,#83820,#84500,#84900,#85470,#85720,
#86030,#86300,#86610,#86850,#87020,#87330,#87640,#88350,#88570,#89260,
#89390,#90020,#90330,#90800,#90970,#91090,#91380,#91500,#91670,#91980,
#92230,#92470,#92870,#93180,#93820,#94310,#94770,#95080,#95300,#95540,
#95880,#96350,#96750,#97370,#97770,#98080,#98330,#99110,#99350,#99670,
#100140,#100410,#100630,#100940,#101180,#101420,#101590,#101760,#101980,
#102530,#102840,#103640,#103770,#104170,#104410,#104730,#104970,#105280,
#105590,#105990,#106540,#106850,#107020,#107190,#107370,#107610,#107780,
#108000,#108170,#108480,#108860,#108980,#109150,#109460,#109640,#109880,
#110370,#110540,#110690,#111190,#111440,#111680,#111920,#112160,#112280,
#112610,#112790,#112910,#113150,#113320,#113720,#113990,#114410,#114740,
#114960,#115200,#115370,#115540,#115850,#116250,#116400,#116640,#116760,
#117250,#117650,#117890,#118110,#118250,#118400,#118730,#118860,#119360,
#119480,#119780,#120160,#120600,#120800,#121220,#121530,#121950,#122170,
#122600,#122820,#122990,#123160,#123610,#123920,#124320,#124440,#124560,
#124870,#125040,#125860,#126260,#126480,#127110,#127670,#127910,#128150,
#128320,#128630,#129030,#129340,#129640,#129810,#129890,#130070,#130240,
#130360,#130530,#130700,#130870,#131040,#131280,#131460,#131630,#131750,
#131890,#132130,#132700,#132820,#133080,#133280,#133450,#133690,#133860,
#134150,#134270,#134390,#134510,#134680,#134850,#135030,#135550,#135930,
#136100,#136220,#136350,#136470,#136640,#136760,#137110,#137230,#137400,
#137710,#138060,#138300,#138420,#138570,#138990,#139210,#139330,#139760,
#139880,#140050,#140170,#140290,#140460,#140530,#140700,#140870,#141170,
#141280,#141530,#141750,#141880,#142120,#142360,#142540,#142860,#142980,
#143150,#143270,#143390,#143560,#143860,#143940,#144160,#144380,#144550,
#144800,#145060,#145180,#145300,#145600,#145680,#145990,#146110,#146230,
#146420,#147360,#147440,#147610,#147730,#147850,#148020,#148320,#148440,
#148560,#148680,#148850,#148930,#149660,#149830,#149950,#150070,#150190,
#150310,#150430,#150600,#150720,#150840,#151150,#151400,#151520,#151640,
#151810,#151930,#152050,#152170,#152290,#152430,#152550,#152630,#152750,
#153100,#155850,#156160,#156400,#156570,#156740,#156910,#157030,#157470,
#157690,#158000,#158480,#158900,#159300,#159860,#160170,#160480,#160800,
#161040,#161640,#161890,#162060,#162480,#162970,#164040,#164530,#164870,
#165290,#165560,#167530,#167820,#168000,#168420,#168600,#168870,#169110,
#169440,#169620,#169810,#170460,#170870,#171120,#171510,#171820,#172020,
#172150,#172340,#172510,#172750,#173150,#173340,#173520,#173920,#174100,
#174220,#174390,#174510,#174770,#175230,#175350,#175520,#175700,#175820,
#175990,#176150,#176340,#176430,#176690,#176850,#177000,#177280,#177500,
#177810,#177990,#178250,#178420,#178730,#179020,#179270,#179510,#179710,
#180020,#180240,#180420,#180490,#180680,#180800,#180970,#181090,#181210,
#181340,#181590,#181670,#181740,#181920,#182360,#182690,#182940,#183070,
#183240,#183410,#183490,#183910,#184080,#184300,#184420,#184540,#184650,
#184760));
#184780=MANIFOLD_SOLID_BREP('',#184770);
#184790=CARTESIAN_POINT('',(0.,0.,0.));
#184800=DIRECTION('',(0.,0.,1.));
#184810=DIRECTION('',(1.,0.,0.));
#184820=AXIS2_PLACEMENT_3D('',#184790,#184800,#184810);
#184830=APPLICATION_CONTEXT(' ');
#184840=APPLICATION_PROTOCOL_DEFINITION(' ','automotive_design',1998,
#184830);
#184850=PRODUCT_CONTEXT('',#184830,'mechanical');
#184860=PRODUCT_DEFINITION_CONTEXT('part definition',#184830,'design');
#184870=PRODUCT('DF37-30DP','DF37-30DP','',(#184850));
#184880=PRODUCT_RELATED_PRODUCT_CATEGORY('part',' ',(#184870));
#184890=PRODUCT_DEFINITION_FORMATION_WITH_SPECIFIED_SOURCE('','',#184870
,.BOUGHT.);
#184900=PRODUCT_DEFINITION('',' ',#184890,#184860);
#184910=PRODUCT_DEFINITION_SHAPE('','',#184900);
#184920=DIMENSIONAL_EXPONENTS(1.,0.,0.,0.,0.,0.,0.);
#184930=DIMENSIONAL_EXPONENTS(0.,0.,0.,0.,0.,0.,0.);
#184940=DIMENSIONAL_EXPONENTS(0.,0.,0.,0.,0.,0.,0.);
#184950=(LENGTH_UNIT() NAMED_UNIT(*) SI_UNIT(.MILLI.,.METRE.));
#184960=(NAMED_UNIT(*) PLANE_ANGLE_UNIT() SI_UNIT($,.RADIAN.));
#184970=(NAMED_UNIT(*) SI_UNIT($,.STERADIAN.) SOLID_ANGLE_UNIT());
#184980=(GEOMETRIC_REPRESENTATION_CONTEXT(3) 
GLOBAL_UNCERTAINTY_ASSIGNED_CONTEXT((#184990)) 
GLOBAL_UNIT_ASSIGNED_CONTEXT((#184950,#184960,#184970)) 
REPRESENTATION_CONTEXT('',''));
#184990=UNCERTAINTY_MEASURE_WITH_UNIT(LENGTH_MEASURE(1.E-6),#184950,
'distance_accuracy_value','maximum gap value');
#185000=ADVANCED_BREP_SHAPE_REPRESENTATION('',(#184820,#184780),#184980)
;
#185010=SHAPE_DEFINITION_REPRESENTATION(#184910,#185000);
#185020=COLOUR_RGB('',0.454901993274689,0.454901993274689,
0.454901993274689);
#185030=FILL_AREA_STYLE_COLOUR('',#185020);
#185040=FILL_AREA_STYLE('',(#185030));
#185050=SURFACE_STYLE_FILL_AREA(#185040);
#185060=SURFACE_SIDE_STYLE('',(#185050));
#185070=SURFACE_STYLE_USAGE(.BOTH.,#185060);
#185080=PRESENTATION_STYLE_ASSIGNMENT((#185070));
#185090=STYLED_ITEM('',(#185080),#184780);
#185100=OVER_RIDING_STYLED_ITEM('',(#44470),#44400,#185090);
#185110=OVER_RIDING_STYLED_ITEM('',(#178800),#178730,#185090);
#185120=DRAUGHTING_MODEL('',(#185090,#185100,#185110),#184980);
#185130=CARTESIAN_POINT('',(9.29999999999997,1.37862811444567E-14,11.76)
);
#185140=DIRECTION('',(-4.89842541528951E-16,7.34763812293426E-16,1.));
#185150=DIRECTION('',(-1.,1.22460635382238E-16,-4.89842541528951E-16));
#185160=AXIS2_PLACEMENT_3D('',#185130,#185140,#185150);
#185170=ITEM_DEFINED_TRANSFORMATION('DF37-30DP','',#184820,#185160);
#185180=APPLICATION_CONTEXT(' ');
#185190=APPLICATION_PROTOCOL_DEFINITION(' ','automotive_design',1998,
#185180);
#185200=PRODUCT_CONTEXT('',#185180,'mechanical');
#185210=PRODUCT_DEFINITION_CONTEXT('part definition',#185180,'design');
#185220=PRODUCT('DF37-30DP','DF37-30DP','',(#185200));
#185230=PRODUCT_RELATED_PRODUCT_CATEGORY('part',' ',(#185220));
#185240=PRODUCT_DEFINITION_FORMATION_WITH_SPECIFIED_SOURCE('','',#185220
,.BOUGHT.);
#185250=PRODUCT_DEFINITION('',' ',#185240,#185210);
#185260=PRODUCT_DEFINITION_SHAPE('','',#185250);
#185270=DIMENSIONAL_EXPONENTS(1.,0.,0.,0.,0.,0.,0.);
#185280=DIMENSIONAL_EXPONENTS(0.,0.,0.,0.,0.,0.,0.);
#185290=DIMENSIONAL_EXPONENTS(0.,0.,0.,0.,0.,0.,0.);
#185300=(LENGTH_UNIT() NAMED_UNIT(*) SI_UNIT(.MILLI.,.METRE.));
#185310=(NAMED_UNIT(*) PLANE_ANGLE_UNIT() SI_UNIT($,.RADIAN.));
#185320=(NAMED_UNIT(*) SI_UNIT($,.STERADIAN.) SOLID_ANGLE_UNIT());
#185330=(GEOMETRIC_REPRESENTATION_CONTEXT(3) 
GLOBAL_UNCERTAINTY_ASSIGNED_CONTEXT((#185340)) 
GLOBAL_UNIT_ASSIGNED_CONTEXT((#185300,#185310,#185320)) 
REPRESENTATION_CONTEXT('',''));
#185340=UNCERTAINTY_MEASURE_WITH_UNIT(LENGTH_MEASURE(1.E-6),#185300,
'distance_accuracy_value','maximum gap value');
#185350=SHAPE_REPRESENTATION('',(#184820,#185160),#185330);
#185360=SHAPE_DEFINITION_REPRESENTATION(#185260,#185350);
#185370=(REPRESENTATION_RELATIONSHIP('','',#185000,#185350) 
REPRESENTATION_RELATIONSHIP_WITH_TRANSFORMATION(#185170) 
SHAPE_REPRESENTATION_RELATIONSHIP());
#185380=NEXT_ASSEMBLY_USAGE_OCCURRENCE('1','','DF37-30DP',#185250,
#184900,'');
#185390=PRODUCT_DEFINITION_SHAPE('','',#185380);
#185400=CONTEXT_DEPENDENT_SHAPE_REPRESENTATION(#185370,#185390);
ENDSEC;
END-ISO-10303-21;
