ISO-10303-21;
HEADER;
FILE_DESCRIPTION (( 'STEP AP203' ),
    '1' );
FILE_NAME ('充电弹片-1216.STEP',
    '2020-12-18T04:26:06',
    ( 'adu' ),
    ( '' ),
    'SwSTEP 2.0',
    'SolidWorks 2018',
    '' );
FILE_SCHEMA (( 'CONFIG_CONTROL_DESIGN' ));
ENDSEC;

DATA;
#1 = EDGE_CURVE ( 'NONE', #925, #1112, #490, .T. ) ;
#2 = EDGE_LOOP ( 'NONE', ( #1571, #1491, #1337, #1583 ) ) ;
#3 = DIRECTION ( 'NONE',  ( -0.0000000000000000000, -0.0000000000000000000, 1.000000000000000000 ) ) ;
#4 = LOCAL_TIME ( 12, 26, 6.000000000000000000, #1094 ) ;
#5 = DIRECTION ( 'NONE',  ( 1.000000000000000000, 0.0000000000000000000, 0.0000000000000000000 ) ) ;
#6 = CIRCLE ( 'NONE', #1776, 2.699999999999997513 ) ;
#7 = AXIS2_PLACEMENT_3D ( 'NONE', #390, #1435, #1588 ) ;
#8 = CIRCLE ( 'NONE', #1290, 2.499999999999998668 ) ;
#9 = ORIENTED_EDGE ( 'NONE', *, *, #1866, .F. ) ;
#10 = FACE_OUTER_BOUND ( 'NONE', #1010, .T. ) ;
#11 = VECTOR ( 'NONE', #289, 1000.000000000000000 ) ;
#12 = ORIENTED_EDGE ( 'NONE', *, *, #751, .T. ) ;
#13 = DIRECTION ( 'NONE',  ( 0.0000000000000000000, -1.000000000000000000, -3.614007241618346010E-15 ) ) ;
#14 = LINE ( 'NONE', #1716, #1512 ) ;
#15 = CARTESIAN_POINT ( 'NONE',  ( 14.28828948041971003, 6.848656378147802926, 1.500000000000000000 ) ) ;
#16 = EDGE_LOOP ( 'NONE', ( #420, #1523, #1441, #661 ) ) ;
#17 = CARTESIAN_POINT ( 'NONE',  ( 14.28828948041971003, 6.848656378147802926, 1.500000000000000000 ) ) ;
#18 = CARTESIAN_POINT ( 'NONE',  ( 11.60941145498575011, 3.882093916396759159, -1.500000000000000000 ) ) ;
#19 = ORIENTED_EDGE ( 'NONE', *, *, #276, .T. ) ;
#20 = AXIS2_PLACEMENT_3D ( 'NONE', #1717, #1410, #211 ) ;
#21 = CARTESIAN_POINT ( 'NONE',  ( 24.00000000000000000, 1.000000000000000000, 1.500000000000000000 ) ) ;
#22 = CARTESIAN_POINT ( 'NONE',  ( -7.729859834060379072E-16, -0.3999999999999995226, 2.000000000000000444 ) ) ;
#23 = CARTESIAN_POINT ( 'NONE',  ( 20.72960613926401763, 3.810597221339689700, -1.500000000000000000 ) ) ;
#24 = ADVANCED_FACE ( 'NONE', ( #1149 ), #1206, .T. ) ;
#25 = CARTESIAN_POINT ( 'NONE',  ( 0.0000000000000000000, -0.2000000000000000111, 1.500000000000000000 ) ) ;
#26 = CARTESIAN_POINT ( 'NONE',  ( 16.50000000000000000, 5.299999999999999822, -1.500000000000000000 ) ) ;
#27 = CARTESIAN_POINT ( 'NONE',  ( 24.20837781320030757, 2.181769303614650823, -1.500000000000000000 ) ) ;
#28 = ORIENTED_EDGE ( 'NONE', *, *, #1015, .F. ) ;
#29 = PRODUCT_DEFINITION ( '未知', '', #809, #1043 ) ;
#30 = CARTESIAN_POINT ( 'NONE',  ( 15.38393716084054752, 7.976640382839527810, -0.3500000000000003109 ) ) ;
#31 = DIRECTION ( 'NONE',  ( 0.0000000000000000000, -1.070649645329435155E-14, -1.000000000000000000 ) ) ;
#32 = ADVANCED_FACE ( 'NONE', ( #746 ), #306, .F. ) ;
#33 = DIRECTION ( 'NONE',  ( -0.0000000000000000000, -0.0000000000000000000, -1.000000000000000000 ) ) ;
#34 = VECTOR ( 'NONE', #46, 999.9999999999998863 ) ;
#35 = VECTOR ( 'NONE', #1570, 1000.000000000000000 ) ;
#36 = ORIENTED_EDGE ( 'NONE', *, *, #1115, .F. ) ;
#37 = DIRECTION ( 'NONE',  ( 0.0000000000000000000, 0.0000000000000000000, 1.000000000000000000 ) ) ;
#38 = FACE_OUTER_BOUND ( 'NONE', #1192, .T. ) ;
#39 = EDGE_LOOP ( 'NONE', ( #1134, #1162, #1001, #234 ) ) ;
#40 = EDGE_LOOP ( 'NONE', ( #1600, #1445, #1016, #1106 ) ) ;
#41 = ORIENTED_EDGE ( 'NONE', *, *, #1198, .F. ) ;
#42 = VERTEX_POINT ( 'NONE', #1803 ) ;
#43 = PLANE ( 'NONE',  #1270 ) ;
#44 = ADVANCED_FACE ( 'NONE', ( #1858 ), #320, .T. ) ;
#45 = EDGE_CURVE ( 'NONE', #1941, #140, #1764, .T. ) ;
#46 = DIRECTION ( 'NONE',  ( 0.1736481776669235866, 0.9848077530122093526, -0.0000000000000000000 ) ) ;
#47 = ORIENTED_EDGE ( 'NONE', *, *, #1119, .F. ) ;
#48 = DIRECTION ( 'NONE',  ( -1.000000000000000000, 0.0000000000000000000, 0.0000000000000000000 ) ) ;
#49 = CARTESIAN_POINT ( 'NONE',  ( 18.91481456572266850, 5.947047612756312773, 1.500000000000000000 ) ) ;
#50 = ADVANCED_FACE ( 'NONE', ( #64 ), #1060, .T. ) ;
#51 = EDGE_CURVE ( 'NONE', #1861, #874, #1352, .T. ) ;
#52 = DIRECTION ( 'NONE',  ( -1.000000000000000000, 0.0000000000000000000, 0.0000000000000000000 ) ) ;
#53 = EDGE_LOOP ( 'NONE', ( #389, #515, #203, #1050 ) ) ;
#54 = APPROVAL_DATE_TIME ( #1390, #1721 ) ;
#55 = DIRECTION ( 'NONE',  ( -1.000000000000000000, 0.0000000000000000000, 0.0000000000000000000 ) ) ;
#56 = LINE ( 'NONE', #573, #1505 ) ;
#57 = LINE ( 'NONE', #890, #696 ) ;
#58 = AXIS2_PLACEMENT_3D ( 'NONE', #1113, #1250, #1864 ) ;
#59 = VERTEX_POINT ( 'NONE', #183 ) ;
#60 = CARTESIAN_POINT ( 'NONE',  ( 16.50000000000000000, 5.299999999999999822, 1.500000000000000000 ) ) ;
#61 = VECTOR ( 'NONE', #1845, 1000.000000000000000 ) ;
#62 = FACE_OUTER_BOUND ( 'NONE', #562, .T. ) ;
#63 = DIRECTION ( 'NONE',  ( 1.000000000000000000, -0.0000000000000000000, -0.0000000000000000000 ) ) ;
#64 = FACE_OUTER_BOUND ( 'NONE', #955, .T. ) ;
#65 = DIRECTION ( 'NONE',  ( -1.000000000000000000, 0.0000000000000000000, 0.0000000000000000000 ) ) ;
#66 = ADVANCED_FACE ( 'NONE', ( #958 ), #1813, .F. ) ;
#67 = ORIENTED_EDGE ( 'NONE', *, *, #499, .F. ) ;
#68 = EDGE_CURVE ( 'NONE', #538, #600, #1448, .T. ) ;
#69 = DIRECTION ( 'NONE',  ( -1.000000000000000000, 0.0000000000000000000, 0.0000000000000000000 ) ) ;
#70 = ORIENTED_EDGE ( 'NONE', *, *, #1340, .F. ) ;
#71 = AXIS2_PLACEMENT_3D ( 'NONE', #927, #182, #1841 ) ;
#72 = CARTESIAN_POINT ( 'NONE',  ( 16.50000000000000000, 5.299999999999999822, 0.3500000000000000333 ) ) ;
#73 = VERTEX_POINT ( 'NONE', #22 ) ;
#74 = ADVANCED_FACE ( 'NONE', ( #638 ), #1679, .F. ) ;
#75 = EDGE_CURVE ( 'NONE', #184, #117, #1263, .T. ) ;
#76 = DIRECTION ( 'NONE',  ( -1.000000000000000000, 0.0000000000000000000, 0.0000000000000000000 ) ) ;
#77 = AXIS2_PLACEMENT_3D ( 'NONE', #1354, #336, #928 ) ;
#78 = CARTESIAN_POINT ( 'NONE',  ( 24.00000000000000000, -0.1999999999999998723, 1.500000000000000000 ) ) ;
#79 = DIRECTION ( 'NONE',  ( 0.0000000000000000000, 0.0000000000000000000, 1.000000000000000000 ) ) ;
#80 = CARTESIAN_POINT ( 'NONE',  ( -7.729859834060379072E-16, -0.3999999999999995226, 1.600000000000000311 ) ) ;
#81 = PERSON_AND_ORGANIZATION ( #567, #786 ) ;
#82 = DIRECTION ( 'NONE',  ( 0.0000000000000000000, 1.000000000000000000, -3.491481338843133355E-15 ) ) ;
#83 = LINE ( 'NONE', #1556, #201 ) ;
#84 = LINE ( 'NONE', #1590, #1631 ) ;
#85 = ORIENTED_EDGE ( 'NONE', *, *, #1655, .F. ) ;
#86 = CIRCLE ( 'NONE', #1193, 2.499999999999998668 ) ;
#87 = APPLICATION_CONTEXT ( 'configuration controlled 3d designs of mechanical parts and assemblies' ) ;
#88 = AXIS2_PLACEMENT_3D ( 'NONE', #1061, #1345, #1338 ) ;
#89 = DIRECTION ( 'NONE',  ( 0.0000000000000000000, 1.000000000000000000, 0.0000000000000000000 ) ) ;
#90 = AXIS2_PLACEMENT_3D ( 'NONE', #284, #909, #451 ) ;
#91 = VERTEX_POINT ( 'NONE', #331 ) ;
#92 = DIRECTION ( 'NONE',  ( 0.0000000000000000000, 0.0000000000000000000, -1.000000000000000000 ) ) ;
#93 = DIRECTION ( 'NONE',  ( 0.0000000000000000000, -1.057097118173366350E-14, -1.000000000000000000 ) ) ;
#94 = ORIENTED_EDGE ( 'NONE', *, *, #396, .T. ) ;
#95 = CARTESIAN_POINT ( 'NONE',  ( 3.999999999999999112, -0.3999999999999988010, 1.800000000000000488 ) ) ;
#96 = EDGE_CURVE ( 'NONE', #73, #1006, #250, .T. ) ;
#97 = CC_DESIGN_APPROVAL ( #1013, ( #29 ) ) ;
#98 = DIRECTION ( 'NONE',  ( -0.0000000000000000000, -0.0000000000000000000, -1.000000000000000000 ) ) ;
#99 = CARTESIAN_POINT ( 'NONE',  ( 18.09911991198598358, 7.564253430027218172, 0.6965228225013031516 ) ) ;
#100 = EDGE_CURVE ( 'NONE', #1511, #445, #159, .T. ) ;
#101 = DIRECTION ( 'NONE',  ( -1.000000000000000000, 0.0000000000000000000, 0.0000000000000000000 ) ) ;
#102 = CARTESIAN_POINT ( 'NONE',  ( 14.45211988927750824, 6.733941090877595848, -1.500000000000000000 ) ) ;
#103 = EDGE_CURVE ( 'NONE', #1666, #874, #229, .T. ) ;
#104 = DIRECTION ( 'NONE',  ( -1.000000000000000000, 0.0000000000000000000, 0.0000000000000000000 ) ) ;
#105 = CIRCLE ( 'NONE', #1672, 2.699999999999997513 ) ;
#106 = CYLINDRICAL_SURFACE ( 'NONE', #668, 1.199999999999999734 ) ;
#107 = ORIENTED_EDGE ( 'NONE', *, *, #276, .F. ) ;
#108 = DIRECTION ( 'NONE',  ( 0.9659258262890673130, 0.2588190451025241812, -0.0000000000000000000 ) ) ;
#109 = VECTOR ( 'NONE', #745, 1000.000000000000000 ) ;
#110 = LINE ( 'NONE', #827, #1881 ) ;
#111 = ORIENTED_EDGE ( 'NONE', *, *, #1009, .F. ) ;
#112 = CARTESIAN_POINT ( 'NONE',  ( 15.29085203004273374, 7.623575505378545003, -0.4793591420172884088 ) ) ;
#113 = EDGE_CURVE ( 'NONE', #999, #233, #561, .T. ) ;
#114 = EDGE_LOOP ( 'NONE', ( #616, #706, #526, #700 ) ) ;
#115 = EDGE_LOOP ( 'NONE', ( #565, #1641, #918, #1912, #1555, #1673 ) ) ;
#116 = APPROVAL_ROLE ( '' ) ;
#117 = VERTEX_POINT ( 'NONE', #1532 ) ;
#118 = AXIS2_PLACEMENT_3D ( 'NONE', #1959, #141, #1964 ) ;
#119 = CARTESIAN_POINT ( 'NONE',  ( 14.45211988927750824, 6.733941090877594959, 1.500000000000000000 ) ) ;
#120 = DIRECTION ( 'NONE',  ( 0.0000000000000000000, 0.0000000000000000000, 1.000000000000000000 ) ) ;
#121 = ORIENTED_EDGE ( 'NONE', *, *, #1201, .F. ) ;
#122 = DIRECTION ( 'NONE',  ( 1.000000000000000000, 0.0000000000000000000, 0.0000000000000000000 ) ) ;
#123 = ORIENTED_EDGE ( 'NONE', *, *, #212, .T. ) ;
#124 = CARTESIAN_POINT ( 'NONE',  ( 3.999999999999999112, -0.2000000000000000389, 1.799999999999999822 ) ) ;
#125 = DIRECTION ( 'NONE',  ( 0.0000000000000000000, 3.491481338843133355E-15, 1.000000000000000000 ) ) ;
#126 = CARTESIAN_POINT ( 'NONE',  ( 15.26435201749706572, 7.473286466008662643, -0.5500000000000000444 ) ) ;
#127 = CARTESIAN_POINT ( 'NONE',  ( 11.64414109051913648, 4.079055466999204960, -1.500000000000000000 ) ) ;
#128 = CARTESIAN_POINT ( 'NONE',  ( 20.55595796159709465, 2.825789468327479792, -1.500000000000000000 ) ) ;
#129 = VECTOR ( 'NONE', #361, 1000.000000000000114 ) ;
#130 = VECTOR ( 'NONE', #1909, 1000.000000000000000 ) ;
#131 = PLANE ( 'NONE',  #1429 ) ;
#132 = EDGE_LOOP ( 'NONE', ( #1539, #274, #1960, #982 ) ) ;
#133 = ORIENTED_EDGE ( 'NONE', *, *, #193, .F. ) ;
#134 = CC_DESIGN_SECURITY_CLASSIFICATION ( #374, ( #809 ) ) ;
#135 = EDGE_LOOP ( 'NONE', ( #1007, #1272, #94, #685 ) ) ;
#136 = LINE ( 'NONE', #546, #1799 ) ;
#137 = EDGE_LOOP ( 'NONE', ( #865, #36, #1376, #1887 ) ) ;
#138 = DIRECTION ( 'NONE',  ( 0.0000000000000000000, 0.0000000000000000000, 1.000000000000000000 ) ) ;
#139 = CARTESIAN_POINT ( 'NONE',  ( 3.999999999999999112, -0.3999999999999995226, 2.000000000000000444 ) ) ;
#140 = VERTEX_POINT ( 'NONE', #943 ) ;
#141 = DIRECTION ( 'NONE',  ( -0.0000000000000000000, -0.0000000000000000000, -1.000000000000000000 ) ) ;
#142 = CARTESIAN_POINT ( 'NONE',  ( 0.0000000000000000000, 0.0000000000000000000, -1.600000000000000311 ) ) ;
#143 = B_SPLINE_CURVE_WITH_KNOTS ( 'NONE', 3,
 ( #1779, #867, #1938, #1324, #1017, #1154 ),
 .UNSPECIFIED., .F., .F.,
 ( 4, 2, 4 ),
 ( 0.0000000000000000000, 0.0002377583066418470286, 0.0004755166132836940573 ),
 .UNSPECIFIED. ) ;
#144 = DIRECTION ( 'NONE',  ( -0.0000000000000000000, -0.0000000000000000000, -1.000000000000000000 ) ) ;
#145 = EDGE_CURVE ( 'NONE', #1086, #1666, #866, .T. ) ;
#146 = CARTESIAN_POINT ( 'NONE',  ( -7.729859834060379072E-16, 5.421010862427522170E-16, 1.600000000000000311 ) ) ;
#147 = AXIS2_PLACEMENT_3D ( 'NONE', #192, #1691, #31 ) ;
#148 = DIRECTION ( 'NONE',  ( -1.000000000000000000, 0.0000000000000000000, 0.0000000000000000000 ) ) ;
#149 = LOCAL_TIME ( 12, 26, 6.000000000000000000, #650 ) ;
#150 = LINE ( 'NONE', #688, #1166 ) ;
#151 = VECTOR ( 'NONE', #1520, 1000.000000000000000 ) ;
#152 = VERTEX_POINT ( 'NONE', #785 ) ;
#153 = DIRECTION ( 'NONE',  ( 0.8191520442889967946, -0.5735764363510391650, 0.0000000000000000000 ) ) ;
#154 = DIRECTION ( 'NONE',  ( -0.1736481776669233645, -0.9848077530122092416, 0.0000000000000000000 ) ) ;
#155 = LINE ( 'NONE', #1640, #1306 ) ;
#156 = ORIENTED_EDGE ( 'NONE', *, *, #1054, .T. ) ;
#157 = EDGE_CURVE ( 'NONE', #1285, #1744, #1784, .T. ) ;
#158 = CARTESIAN_POINT ( 'NONE',  ( 0.0000000000000000000, -1.400000000000000133, -2.000000000000004441 ) ) ;
#159 = LINE ( 'NONE', #779, #1332 ) ;
#160 = VERTEX_POINT ( 'NONE', #647 ) ;
#161 = CARTESIAN_POINT ( 'NONE',  ( 15.27014084635314362, 7.506116545857008937, -0.5409212844193623804 ) ) ;
#162 = AXIS2_PLACEMENT_3D ( 'NONE', #1607, #415, #1460 ) ;
#163 = ORIENTED_EDGE ( 'NONE', *, *, #113, .T. ) ;
#164 = ADVANCED_FACE ( 'NONE', ( #838 ), #227, .F. ) ;
#165 = CARTESIAN_POINT ( 'NONE',  ( 3.999999999999999112, -0.3999999999999980793, 2.000000000000000444 ) ) ;
#166 = EDGE_CURVE ( 'NONE', #874, #600, #1831, .T. ) ;
#167 = CARTESIAN_POINT ( 'NONE',  ( 20.55595796159709465, 2.825789468327479792, -1.500000000000000000 ) ) ;
#168 = CARTESIAN_POINT ( 'NONE',  ( 3.999999999999999112, 7.926310751005315535E-15, 1.999999999999999112 ) ) ;
#169 = CARTESIAN_POINT ( 'NONE',  ( 17.88789932973661223, 7.379359384646303255, -0.5500000000000001554 ) ) ;
#170 = ORIENTED_EDGE ( 'NONE', *, *, #173, .T. ) ;
#171 = ORIENTED_EDGE ( 'NONE', *, *, #1, .T. ) ;
#172 = CARTESIAN_POINT ( 'NONE',  ( -4.898587196589411843E-16, 7.926310751005315535E-15, 1.999999999999999112 ) ) ;
#173 = EDGE_CURVE ( 'NONE', #59, #1622, #679, .T. ) ;
#174 = FACE_OUTER_BOUND ( 'NONE', #1564, .T. ) ;
#175 = COORDINATED_UNIVERSAL_TIME_OFFSET ( 8, 0, .AHEAD. ) ;
#176 = DIRECTION ( 'NONE',  ( -0.9848077530122093526, 0.1736481776669236143, 0.0000000000000000000 ) ) ;
#177 = LINE ( 'NONE', #1132, #1780 ) ;
#178 = FACE_OUTER_BOUND ( 'NONE', #207, .T. ) ;
#179 = VERTEX_POINT ( 'NONE', #349 ) ;
#180 = DIRECTION ( 'NONE',  ( 0.0000000000000000000, 3.659182332138575887E-15, -1.000000000000000000 ) ) ;
#181 = ORIENTED_EDGE ( 'NONE', *, *, #1091, .F. ) ;
#182 = DIRECTION ( 'NONE',  ( -0.1736481776669233645, -0.9848077530122093526, 0.0000000000000000000 ) ) ;
#183 = CARTESIAN_POINT ( 'NONE',  ( 4.000000000000000000, -8.673617379884035472E-16, -1.600000000000000311 ) ) ;
#184 = VERTEX_POINT ( 'NONE', #1842 ) ;
#185 = ADVANCED_FACE ( 'NONE', ( #817 ), #1696, .T. ) ;
#186 = VERTEX_POINT ( 'NONE', #500 ) ;
#187 = DIRECTION ( 'NONE',  ( -1.000000000000000000, 0.0000000000000000000, 0.0000000000000000000 ) ) ;
#188 = ORIENTED_EDGE ( 'NONE', *, *, #665, .F. ) ;
#189 = AXIS2_PLACEMENT_3D ( 'NONE', #1706, #832, #663 ) ;
#190 = AXIS2_PLACEMENT_3D ( 'NONE', #119, #1008, #856 ) ;
#191 = ORIENTED_EDGE ( 'NONE', *, *, #1202, .F. ) ;
#192 = CARTESIAN_POINT ( 'NONE',  ( 0.0000000000000000000, -0.4000000000000009659, -1.600000000000000311 ) ) ;
#193 = EDGE_CURVE ( 'NONE', #1303, #1418, #1072, .T. ) ;
#194 = CARTESIAN_POINT ( 'NONE',  ( 15.38393716084054752, 7.976640382839527810, 0.3500000000000000888 ) ) ;
#195 = VERTEX_POINT ( 'NONE', #945 ) ;
#196 = EDGE_CURVE ( 'NONE', #195, #1151, #698, .T. ) ;
#197 = FACE_OUTER_BOUND ( 'NONE', #1593, .T. ) ;
#198 = LINE ( 'NONE', #477, #1822 ) ;
#199 = ORIENTED_EDGE ( 'NONE', *, *, #1591, .F. ) ;
#200 = DIRECTION ( 'NONE',  ( 0.0000000000000000000, 0.0000000000000000000, 1.000000000000000000 ) ) ;
#201 = VECTOR ( 'NONE', #1109, 1000.000000000000000 ) ;
#202 = ADVANCED_FACE ( 'NONE', ( #1686 ), #1406, .T. ) ;
#203 = ORIENTED_EDGE ( 'NONE', *, *, #1965, .F. ) ;
#204 = EDGE_CURVE ( 'NONE', #952, #1310, #1634, .T. ) ;
#205 = ORIENTED_EDGE ( 'NONE', *, *, #1953, .T. ) ;
#206 = CARTESIAN_POINT ( 'NONE',  ( 3.999999999999999112, -0.2000000000000000111, 2.000000000000000000 ) ) ;
#207 = EDGE_LOOP ( 'NONE', ( #1356, #521, #766, #1265 ) ) ;
#208 = EDGE_LOOP ( 'NONE', ( #1363, #654, #1244, #156 ) ) ;
#209 = CARTESIAN_POINT ( 'NONE',  ( 11.64414109051913648, 4.079055466999204960, 1.500000000000000000 ) ) ;
#210 = ORIENTED_EDGE ( 'NONE', *, *, #1655, .T. ) ;
#211 = DIRECTION ( 'NONE',  ( -1.000000000000000000, 0.0000000000000000000, 0.0000000000000000000 ) ) ;
#212 = EDGE_CURVE ( 'NONE', #307, #1303, #14, .T. ) ;
#213 = ORIENTED_EDGE ( 'NONE', *, *, #788, .T. ) ;
#214 = DIRECTION ( 'NONE',  ( 0.0000000000000000000, 0.0000000000000000000, 1.000000000000000000 ) ) ;
#215 = EDGE_CURVE ( 'NONE', #1428, #59, #1882, .T. ) ;
#216 = DIRECTION ( 'NONE',  ( 0.0000000000000000000, 0.0000000000000000000, -1.000000000000000000 ) ) ;
#217 = ORIENTED_EDGE ( 'NONE', *, *, #1188, .F. ) ;
#218 = CARTESIAN_POINT ( 'NONE',  ( 15.29085203004273374, 7.623575505378545003, 0.4793591420172882422 ) ) ;
#219 = ADVANCED_FACE ( 'NONE', ( #417 ), #1562, .T. ) ;
#220 = CIRCLE ( 'NONE', #1605, 2.699999999999997513 ) ;
#221 = FACE_OUTER_BOUND ( 'NONE', #132, .T. ) ;
#222 = CARTESIAN_POINT ( 'NONE',  ( 14.28828948041971003, 6.848656378147802926, -1.500000000000000000 ) ) ;
#223 = CIRCLE ( 'NONE', #552, 0.2000000000000000944 ) ;
#224 = LINE ( 'NONE', #847, #130 ) ;
#225 = ORIENTED_EDGE ( 'NONE', *, *, #889, .T. ) ;
#226 = DIRECTION ( 'NONE',  ( -0.0000000000000000000, -0.0000000000000000000, -1.000000000000000000 ) ) ;
#227 = CYLINDRICAL_SURFACE ( 'NONE', #1489, 0.2999999999999999334 ) ;
#228 = DIRECTION ( 'NONE',  ( 0.0000000000000000000, 0.0000000000000000000, 1.000000000000000000 ) ) ;
#229 = LINE ( 'NONE', #1521, #1711 ) ;
#230 = CARTESIAN_POINT ( 'NONE',  ( 4.000000000000000000, -8.673617379884035472E-16, -1.600000000000000311 ) ) ;
#231 = ORIENTED_EDGE ( 'NONE', *, *, #378, .T. ) ;
#232 = DIRECTION ( 'NONE',  ( 1.000000000000000000, 0.0000000000000000000, 0.0000000000000000000 ) ) ;
#233 = VERTEX_POINT ( 'NONE', #1907 ) ;
#234 = ORIENTED_EDGE ( 'NONE', *, *, #479, .F. ) ;
#235 = CARTESIAN_POINT ( 'NONE',  ( 20.52122832606371006, 2.628827917725037544, 1.500000000000000000 ) ) ;
#236 = CARTESIAN_POINT ( 'NONE',  ( 18.91481456572266850, 5.947047612756312773, -1.499999999999999112 ) ) ;
#237 = ORIENTED_EDGE ( 'NONE', *, *, #1446, .T. ) ;
#238 = CARTESIAN_POINT ( 'NONE',  ( 8.654988195949126606, 4.403038449397532084, -1.500000000000001776 ) ) ;
#239 = CARTESIAN_POINT ( 'NONE',  ( 24.20837781320030757, 2.181769303614650823, -1.500000000000000000 ) ) ;
#240 = DATE_AND_TIME ( #1700, #149 ) ;
#241 = EDGE_CURVE ( 'NONE', #1511, #186, #1644, .T. ) ;
#242 = FACE_OUTER_BOUND ( 'NONE', #629, .T. ) ;
#243 = VECTOR ( 'NONE', #601, 1000.000000000000000 ) ;
#244 = ORIENTED_EDGE ( 'NONE', *, *, #1083, .T. ) ;
#245 = FACE_OUTER_BOUND ( 'NONE', #632, .T. ) ;
#246 = CARTESIAN_POINT ( 'NONE',  ( 3.999999999999999112, -0.3999999999999995226, 1.600000000000000311 ) ) ;
#247 = CARTESIAN_POINT ( 'NONE',  ( 0.0000000000000000000, -0.2000000000000008438, -1.600000000000000311 ) ) ;
#248 = ORIENTED_EDGE ( 'NONE', *, *, #311, .F. ) ;
#249 = AXIS2_PLACEMENT_3D ( 'NONE', #209, #1687, #1388 ) ;
#250 = LINE ( 'NONE', #172, #1801 ) ;
#251 = PLANE ( 'NONE',  #1944 ) ;
#252 = ORIENTED_EDGE ( 'NONE', *, *, #1953, .F. ) ;
#253 = DIRECTION ( 'NONE',  ( 0.0000000000000000000, 0.0000000000000000000, 1.000000000000000000 ) ) ;
#254 = ORIENTED_EDGE ( 'NONE', *, *, #1156, .F. ) ;
#255 = DIRECTION ( 'NONE',  ( 0.0000000000000000000, -3.614007241618346010E-15, -1.000000000000000000 ) ) ;
#256 = EDGE_CURVE ( 'NONE', #1194, #682, #1957, .T. ) ;
#257 = CARTESIAN_POINT ( 'NONE',  ( 19.57049514771713916, 3.500014367216659927, 1.500000000000000000 ) ) ;
#258 = ORIENTED_EDGE ( 'NONE', *, *, #1312, .T. ) ;
#259 = CARTESIAN_POINT ( 'NONE',  ( 15.28091946237816678, 7.567245114960375219, -0.5113924862352351441 ) ) ;
#260 = AXIS2_PLACEMENT_3D ( 'NONE', #1614, #253, #1599 ) ;
#261 = CARTESIAN_POINT ( 'NONE',  ( 16.50000000000000000, 5.299999999999999822, 0.2671572875253812041 ) ) ;
#262 = PLANE ( 'NONE',  #190 ) ;
#263 = EDGE_CURVE ( 'NONE', #1444, #1033, #1952, .T. ) ;
#264 = VERTEX_POINT ( 'NONE', #375 ) ;
#265 = CARTESIAN_POINT ( 'NONE',  ( 20.72960613926401763, 3.810597221339689700, 1.500000000000000000 ) ) ;
#266 = CC_DESIGN_PERSON_AND_ORGANIZATION_ASSIGNMENT ( #1480, #1139, ( #29 ) ) ;
#267 = CYLINDRICAL_SURFACE ( 'NONE', #88, 0.2000000000000000944 ) ;
#268 = B_SPLINE_CURVE_WITH_KNOTS ( 'NONE', 3,
 ( #1807, #1041, #1490, #1056 ),
 .UNSPECIFIED., .F., .F.,
 ( 4, 4 ),
 ( 0.0000000000000000000, 4.055466299914596748E-06 ),
 .UNSPECIFIED. ) ;
#269 = LINE ( 'NONE', #1761, #1020 ) ;
#270 = VERTEX_POINT ( 'NONE', #1568 ) ;
#271 = DIRECTION ( 'NONE',  ( -0.0000000000000000000, 1.000000000000000000, -3.614007241618346010E-15 ) ) ;
#272 = CIRCLE ( 'NONE', #288, 1.199999999999997957 ) ;
#273 = LINE ( 'NONE', #1900, #414 ) ;
#274 = ORIENTED_EDGE ( 'NONE', *, *, #1218, .T. ) ;
#275 = LINE ( 'NONE', #575, #1378 ) ;
#276 = EDGE_CURVE ( 'NONE', #1941, #1800, #348, .T. ) ;
#277 = CARTESIAN_POINT ( 'NONE',  ( 8.654988195949126606, 4.403038449397532084, 1.500000000000000000 ) ) ;
#278 = ORIENTED_EDGE ( 'NONE', *, *, #743, .T. ) ;
#279 = VERTEX_POINT ( 'NONE', #1728 ) ;
#280 = DIRECTION ( 'NONE',  ( 1.000000000000000000, 0.0000000000000000000, 0.0000000000000000000 ) ) ;
#281 = DIRECTION ( 'NONE',  ( 1.000000000000000000, 0.0000000000000000000, -0.0000000000000000000 ) ) ;
#282 = ORIENTED_EDGE ( 'NONE', *, *, #193, .T. ) ;
#283 = DIRECTION ( 'NONE',  ( -0.0000000000000000000, -0.0000000000000000000, -1.000000000000000000 ) ) ;
#284 = CARTESIAN_POINT ( 'NONE',  ( 16.50000000000000000, 5.299999999999999822, -0.3500000000000002554 ) ) ;
#285 = CARTESIAN_POINT ( 'NONE',  ( 24.20837781320030757, 2.181769303614650823, 1.500000000000000000 ) ) ;
#286 = AXIS2_PLACEMENT_3D ( 'NONE', #822, #1407, #667 ) ;
#287 = ORIENTED_EDGE ( 'NONE', *, *, #308, .F. ) ;
#288 = AXIS2_PLACEMENT_3D ( 'NONE', #1057, #446, #439 ) ;
#289 = DIRECTION ( 'NONE',  ( -0.0000000000000000000, -0.0000000000000000000, -1.000000000000000000 ) ) ;
#290 = EDGE_LOOP ( 'NONE', ( #163, #70, #1465, #583 ) ) ;
#291 = DIRECTION ( 'NONE',  ( 1.000000000000000000, 0.0000000000000000000, -0.0000000000000000000 ) ) ;
#292 = APPROVAL_PERSON_ORGANIZATION ( #1629, #1013, #563 ) ;
#293 = EDGE_CURVE ( 'NONE', #1346, #398, #1443, .T. ) ;
#294 = FACE_OUTER_BOUND ( 'NONE', #1052, .T. ) ;
#295 = PLANE ( 'NONE',  #529 ) ;
#296 = EDGE_LOOP ( 'NONE', ( #742, #1209, #1498, #1834 ) ) ;
#297 = B_SPLINE_CURVE_WITH_KNOTS ( 'NONE', 3,
 ( #431, #161, #754, #1496 ),
 .UNSPECIFIED., .F., .F.,
 ( 4, 4 ),
 ( 0.0000000000000000000, 0.0001029235058760426247 ),
 .UNSPECIFIED. ) ;
#298 = CIRCLE ( 'NONE', #90, 2.899999999999999911 ) ;
#299 = ORIENTED_EDGE ( 'NONE', *, *, #619, .T. ) ;
#300 = PLANE ( 'NONE',  #1141 ) ;
#301 = EDGE_CURVE ( 'NONE', #682, #184, #1129, .T. ) ;
#302 = ORIENTED_EDGE ( 'NONE', *, *, #920, .T. ) ;
#303 = DIRECTION ( 'NONE',  ( 0.0000000000000000000, -0.0000000000000000000, 1.000000000000000000 ) ) ;
#304 = DIRECTION ( 'NONE',  ( 0.0000000000000000000, 0.0000000000000000000, -1.000000000000000000 ) ) ;
#305 = EDGE_CURVE ( 'NONE', #270, #1047, #488, .T. ) ;
#306 = PLANE ( 'NONE',  #1854 ) ;
#307 = VERTEX_POINT ( 'NONE', #826 ) ;
#308 = EDGE_CURVE ( 'NONE', #1958, #1103, #1486, .T. ) ;
#309 = ADVANCED_FACE ( 'NONE', ( #584 ), #1932, .T. ) ;
#310 = ORIENTED_EDGE ( 'NONE', *, *, #801, .F. ) ;
#311 = EDGE_CURVE ( 'NONE', #186, #270, #326, .T. ) ;
#312 = AXIS2_PLACEMENT_3D ( 'NONE', #427, #304, #1809 ) ;
#313 = CARTESIAN_POINT ( 'NONE',  ( 16.50000000000000000, 5.299999999999999822, 0.7500000000000000000 ) ) ;
#314 = EDGE_LOOP ( 'NONE', ( #443, #1519, #1933, #840, #1927 ) ) ;
#315 = DIRECTION ( 'NONE',  ( 0.0000000000000000000, 0.0000000000000000000, 1.000000000000000000 ) ) ;
#316 = VECTOR ( 'NONE', #1034, 1000.000000000000000 ) ;
#317 = LINE ( 'NONE', #912, #1344 ) ;
#318 = ORIENTED_EDGE ( 'NONE', *, *, #1647, .T. ) ;
#319 = DIRECTION ( 'NONE',  ( -0.0000000000000000000, -0.0000000000000000000, -1.000000000000000000 ) ) ;
#320 = PLANE ( 'NONE',  #1962 ) ;
#321 = FACE_OUTER_BOUND ( 'NONE', #588, .T. ) ;
#322 = VECTOR ( 'NONE', #1247, 1000.000000000000114 ) ;
#323 = EDGE_LOOP ( 'NONE', ( #1934, #1419, #887, #979 ) ) ;
#324 = LINE ( 'NONE', #124, #1468 ) ;
#325 = ADVANCED_FACE ( 'NONE', ( #933 ), #968, .F. ) ;
#326 = B_SPLINE_CURVE_WITH_KNOTS ( 'NONE', 3,
 ( #1133, #1431, #539, #1578 ),
 .UNSPECIFIED., .F., .F.,
 ( 4, 4 ),
 ( 0.0000000000000000000, 0.0001029235058760441290 ),
 .UNSPECIFIED. ) ;
#327 = ORIENTED_EDGE ( 'NONE', *, *, #1826, .F. ) ;
#328 = CARTESIAN_POINT ( 'NONE',  ( 12.63694131247505936, 4.490286783660369707, 1.500000000000000000 ) ) ;
#329 = AXIS2_PLACEMENT_3D ( 'NONE', #23, #1860, #648 ) ;
#330 = CARTESIAN_POINT ( 'NONE',  ( 15.53222378294613293, 10.14421683601769253, 0.7500000000000000000 ) ) ;
#331 = CARTESIAN_POINT ( 'NONE',  ( 4.000000000000000000, -1.400000000000000799, -1.800000000000004041 ) ) ;
#332 = ORIENTED_EDGE ( 'NONE', *, *, #400, .T. ) ;
#333 = CARTESIAN_POINT ( 'NONE',  ( 17.82556001341761487, 7.636424206050278052, -0.3761758177677700377 ) ) ;
#334 = CARTESIAN_POINT ( 'NONE',  ( 4.000000000000000000, -0.4000000000000002442, -1.800000000000000488 ) ) ;
#335 = ADVANCED_FACE ( 'NONE', ( #769 ), #689, .T. ) ;
#336 = DIRECTION ( 'NONE',  ( -1.000000000000000000, 0.0000000000000000000, 0.0000000000000000000 ) ) ;
#337 = ADVANCED_BREP_SHAPE_REPRESENTATION ( '充电弹片-1216', ( #1789, #1472 ), #1315 ) ;
#338 = AXIS2_PLACEMENT_3D ( 'NONE', #246, #1771, #1147 ) ;
#339 = CARTESIAN_POINT ( 'NONE',  ( 24.00000000000000000, 1.000000000000000000, 1.500000000000000000 ) ) ;
#340 = CARTESIAN_POINT ( 'NONE',  ( 0.0000000000000000000, -0.3999999999999981348, -2.000000000000000444 ) ) ;
#341 = ORIENTED_EDGE ( 'NONE', *, *, #499, .T. ) ;
#342 = CARTESIAN_POINT ( 'NONE',  ( 15.31154684148028622, 7.946456221429259337, -0.4213503308475695652 ) ) ;
#343 = ADVANCED_FACE ( 'NONE', ( #1908 ), #555, .T. ) ;
#344 = FACE_OUTER_BOUND ( 'NONE', #314, .T. ) ;
#345 = FACE_OUTER_BOUND ( 'NONE', #1401, .T. ) ;
#346 = ORIENTED_EDGE ( 'NONE', *, *, #566, .T. ) ;
#347 = CARTESIAN_POINT ( 'NONE',  ( 24.20837781320030757, 2.181769303614650823, 1.500000000000000000 ) ) ;
#348 = LINE ( 'NONE', #1293, #1284 ) ;
#349 = CARTESIAN_POINT ( 'NONE',  ( 24.20837781320030757, 2.181769303614650823, -1.500000000000000000 ) ) ;
#350 = EDGE_LOOP ( 'NONE', ( #1122, #1897, #776, #1714, #536, #1079, #1592, #1275 ) ) ;
#351 = ORIENTED_EDGE ( 'NONE', *, *, #1936, .F. ) ;
#352 = EDGE_CURVE ( 'NONE', #195, #861, #1783, .T. ) ;
#353 = DIRECTION ( 'NONE',  ( -1.000000000000000000, 0.0000000000000000000, 0.0000000000000000000 ) ) ;
#354 = ADVANCED_FACE ( 'NONE', ( #727 ), #406, .F. ) ;
#355 = DIRECTION ( 'NONE',  ( -1.000000000000000000, 0.0000000000000000000, 0.0000000000000000000 ) ) ;
#356 = AXIS2_PLACEMENT_3D ( 'NONE', #362, #937, #516 ) ;
#357 = DIRECTION ( 'NONE',  ( -0.0000000000000000000, -0.0000000000000000000, -1.000000000000000000 ) ) ;
#358 = EDGE_CURVE ( 'NONE', #1800, #964, #1852, .T. ) ;
#359 = CARTESIAN_POINT ( 'NONE',  ( 24.00000000000000000, 1.000000000000000000, 1.500000000000000000 ) ) ;
#360 = ORIENTED_EDGE ( 'NONE', *, *, #1411, .T. ) ;
#361 = DIRECTION ( 'NONE',  ( -0.2588190451025241812, 0.9659258262890673130, 0.0000000000000000000 ) ) ;
#362 = CARTESIAN_POINT ( 'NONE',  ( 24.17364817766692653, 1.984807753012208797, 1.500000000000000000 ) ) ;
#363 = FACE_OUTER_BOUND ( 'NONE', #1736, .T. ) ;
#364 = FACE_OUTER_BOUND ( 'NONE', #1309, .T. ) ;
#365 = VERTEX_POINT ( 'NONE', #1298 ) ;
#366 = DIRECTION ( 'NONE',  ( -0.0000000000000000000, -0.0000000000000000000, -1.000000000000000000 ) ) ;
#367 = FACE_OUTER_BOUND ( 'NONE', #1253, .T. ) ;
#368 = CYLINDRICAL_SURFACE ( 'NONE', #892, 1.000000000000000888 ) ;
#369 = ORIENTED_EDGE ( 'NONE', *, *, #1215, .T. ) ;
#370 = EDGE_CURVE ( 'NONE', #1269, #762, #143, .T. ) ;
#371 = LINE ( 'NONE', #127, #1425 ) ;
#372 = ADVANCED_FACE ( 'NONE', ( #1396 ), #262, .T. ) ;
#373 = ORIENTED_EDGE ( 'NONE', *, *, #917, .T. ) ;
#374 = SECURITY_CLASSIFICATION ( '', '', #863 ) ;
#375 = CARTESIAN_POINT ( 'NONE',  ( 4.000000000000000000, -1.400000000000000133, -2.000000000000004441 ) ) ;
#376 = ORIENTED_EDGE ( 'NONE', *, *, #1297, .T. ) ;
#377 = PLANE ( 'NONE',  #870 ) ;
#378 = EDGE_CURVE ( 'NONE', #42, #270, #86, .T. ) ;
#379 = ADVANCED_FACE ( 'NONE', ( #1739 ), #251, .F. ) ;
#380 = ORIENTED_EDGE ( 'NONE', *, *, #1918, .F. ) ;
#381 = CARTESIAN_POINT ( 'NONE',  ( 15.38393716084054752, 7.976640382839527810, 0.3500000000000000888 ) ) ;
#382 = LINE ( 'NONE', #383, #430 ) ;
#383 = CARTESIAN_POINT ( 'NONE',  ( 24.17364817766692653, 1.984807753012208797, -1.500000000000000000 ) ) ;
#384 = AXIS2_PLACEMENT_3D ( 'NONE', #1768, #104, #93 ) ;
#385 = DIRECTION ( 'NONE',  ( 1.000000000000000000, 0.0000000000000000000, -0.0000000000000000000 ) ) ;
#386 = VECTOR ( 'NONE', #564, 1000.000000000000000 ) ;
#387 = AXIS2_PLACEMENT_3D ( 'NONE', #1475, #593, #585 ) ;
#388 = CYLINDRICAL_SURFACE ( 'NONE', #1847, 1.199999999999999734 ) ;
#389 = ORIENTED_EDGE ( 'NONE', *, *, #701, .T. ) ;
#390 = CARTESIAN_POINT ( 'NONE',  ( 19.57049514771713916, 3.500014367216659927, 1.500000000000000000 ) ) ;
#391 = TOROIDAL_SURFACE ( 'NONE', #796, 2.399999999999999023, 0.2999999999999999889 ) ;
#392 = DIRECTION ( 'NONE',  ( 0.0000000000000000000, 0.0000000000000000000, 1.000000000000000000 ) ) ;
#393 = VERTEX_POINT ( 'NONE', #257 ) ;
#394 = DIRECTION ( 'NONE',  ( -0.0000000000000000000, 0.0000000000000000000, -1.000000000000000000 ) ) ;
#395 = VERTEX_POINT ( 'NONE', #1597 ) ;
#396 = EDGE_CURVE ( 'NONE', #729, #1625, #793, .T. ) ;
#397 = CARTESIAN_POINT ( 'NONE',  ( 15.31491783648498917, 7.670267009453504592, 0.4399262886454999300 ) ) ;
#398 = VERTEX_POINT ( 'NONE', #1169 ) ;
#399 = DIRECTION ( 'NONE',  ( -1.000000000000000000, -0.0000000000000000000, -0.0000000000000000000 ) ) ;
#400 = EDGE_CURVE ( 'NONE', #233, #1958, #324, .T. ) ;
#401 = CARTESIAN_POINT ( 'NONE',  ( 0.0000000000000000000, 0.0000000000000000000, 1.500000000000000000 ) ) ;
#402 = ORIENTED_EDGE ( 'NONE', *, *, #780, .F. ) ;
#403 = EDGE_CURVE ( 'NONE', #1622, #861, #885, .T. ) ;
#404 = APPROVAL_STATUS ( 'not_yet_approved' ) ;
#405 = DIRECTION ( 'NONE',  ( 0.0000000000000000000, 1.000000000000000000, -3.614007241618346010E-15 ) ) ;
#406 = PLANE ( 'NONE',  #662 ) ;
#407 = PLANE ( 'NONE',  #1487 ) ;
#408 = EDGE_CURVE ( 'NONE', #1310, #460, #744, .T. ) ;
#409 = LINE ( 'NONE', #990, #1904 ) ;
#410 = FACE_OUTER_BOUND ( 'NONE', #659, .T. ) ;
#411 = EDGE_LOOP ( 'NONE', ( #1424, #725, #449, #1283 ) ) ;
#412 = VECTOR ( 'NONE', #777, 999.9999999999998863 ) ;
#413 = EDGE_CURVE ( 'NONE', #607, #964, #371, .T. ) ;
#414 = VECTOR ( 'NONE', #1925, 999.9999999999998863 ) ;
#415 = DIRECTION ( 'NONE',  ( 0.0000000000000000000, 0.0000000000000000000, 1.000000000000000000 ) ) ;
#416 = AXIS2_PLACEMENT_3D ( 'NONE', #1085, #646, #187 ) ;
#417 = FACE_OUTER_BOUND ( 'NONE', #961, .T. ) ;
#418 = ORIENTED_EDGE ( 'NONE', *, *, #718, .T. ) ;
#419 = CARTESIAN_POINT ( 'NONE',  ( 0.0000000000000000000, 0.0000000000000000000, -1.500000000000000000 ) ) ;
#420 = ORIENTED_EDGE ( 'NONE', *, *, #1156, .T. ) ;
#421 = CARTESIAN_POINT ( 'NONE',  ( 18.10692236518339016, 7.469746647024350317, -0.7500000000000002220 ) ) ;
#422 = DIRECTION ( 'NONE',  ( 1.000000000000000000, 0.0000000000000000000, 0.0000000000000000000 ) ) ;
#423 = EDGE_LOOP ( 'NONE', ( #1668, #1383, #1664, #111 ) ) ;
#424 = DIRECTION ( 'NONE',  ( 1.000000000000000000, 0.0000000000000000000, -0.0000000000000000000 ) ) ;
#425 = PLANE ( 'NONE',  #1565 ) ;
#426 = CARTESIAN_POINT ( 'NONE',  ( 11.64414109051913648, 4.079055466999204960, -1.500000000000000000 ) ) ;
#427 = CARTESIAN_POINT ( 'NONE',  ( 16.50000000000000000, 5.299999999999999822, -0.2671572875253812041 ) ) ;
#428 = CARTESIAN_POINT ( 'NONE',  ( 18.06643673011242512, 7.645922007005735210, -0.6319527171737241433 ) ) ;
#429 = DIRECTION ( 'NONE',  ( 0.0000000000000000000, 0.0000000000000000000, 1.000000000000000000 ) ) ;
#430 = VECTOR ( 'NONE', #699, 999.9999999999998863 ) ;
#431 = CARTESIAN_POINT ( 'NONE',  ( 15.26435201749706572, 7.473286466008662643, -0.5500000000000000444 ) ) ;
#432 = VECTOR ( 'NONE', #1093, 1000.000000000000000 ) ;
#433 = FACE_OUTER_BOUND ( 'NONE', #208, .T. ) ;
#434 = ORIENTED_EDGE ( 'NONE', *, *, #408, .T. ) ;
#435 = CARTESIAN_POINT ( 'NONE',  ( 16.50000000000000000, 5.299999999999999822, -1.500000000000000000 ) ) ;
#436 = VECTOR ( 'NONE', #505, 1000.000000000000000 ) ;
#437 = VERTEX_POINT ( 'NONE', #1176 ) ;
#438 = EDGE_LOOP ( 'NONE', ( #1138, #210, #1404, #1402 ) ) ;
#439 = DIRECTION ( 'NONE',  ( -1.000000000000000000, 0.0000000000000000000, 0.0000000000000000000 ) ) ;
#440 = ORIENTED_EDGE ( 'NONE', *, *, #454, .F. ) ;
#441 = ORIENTED_EDGE ( 'NONE', *, *, #1413, .F. ) ;
#442 = ORIENTED_EDGE ( 'NONE', *, *, #1251, .F. ) ;
#443 = ORIENTED_EDGE ( 'NONE', *, *, #1602, .T. ) ;
#444 = B_SPLINE_CURVE_WITH_KNOTS ( 'NONE', 3,
 ( #926, #1225, #1377, #333, #1241, #932 ),
 .UNSPECIFIED., .F., .F.,
 ( 4, 2, 4 ),
 ( 0.0000000000000000000, 0.0002377583066418470286, 0.0004755166132836940573 ),
 .UNSPECIFIED. ) ;
#445 = VERTEX_POINT ( 'NONE', #850 ) ;
#446 = DIRECTION ( 'NONE',  ( -0.0000000000000000000, -0.0000000000000000000, -1.000000000000000000 ) ) ;
#447 = EDGE_CURVE ( 'NONE', #1269, #1559, #275, .T. ) ;
#448 = DIRECTION ( 'NONE',  ( -1.000000000000000000, -0.0000000000000000000, -0.0000000000000000000 ) ) ;
#449 = ORIENTED_EDGE ( 'NONE', *, *, #1288, .T. ) ;
#450 = DIRECTION ( 'NONE',  ( -0.0000000000000000000, -0.0000000000000000000, -1.000000000000000000 ) ) ;
#451 = DIRECTION ( 'NONE',  ( -1.000000000000000000, 0.0000000000000000000, 0.0000000000000000000 ) ) ;
#452 = LOCAL_TIME ( 12, 26, 6.000000000000000000, #175 ) ;
#453 = DIRECTION ( 'NONE',  ( -0.0000000000000000000, -0.0000000000000000000, -1.000000000000000000 ) ) ;
#454 = EDGE_CURVE ( 'NONE', #1039, #1763, #136, .T. ) ;
#455 = TOROIDAL_SURFACE ( 'NONE', #1229, 2.399999999999999023, 0.5000000000000000000 ) ;
#456 = LINE ( 'NONE', #778, #1876 ) ;
#457 = DIRECTION ( 'NONE',  ( -1.000000000000000000, -0.0000000000000000000, -0.0000000000000000000 ) ) ;
#458 = ADVANCED_FACE ( 'NONE', ( #245 ), #391, .F. ) ;
#459 = ORIENTED_EDGE ( 'NONE', *, *, #1501, .F. ) ;
#460 = VERTEX_POINT ( 'NONE', #1645 ) ;
#461 = VECTOR ( 'NONE', #144, 1000.000000000000000 ) ;
#462 = FACE_OUTER_BOUND ( 'NONE', #1782, .T. ) ;
#463 = ORIENTED_EDGE ( 'NONE', *, *, #1495, .F. ) ;
#464 = VERTEX_POINT ( 'NONE', #1183 ) ;
#465 = PLANE ( 'NONE',  #522 ) ;
#466 = ORIENTED_EDGE ( 'NONE', *, *, #1340, .T. ) ;
#467 = AXIS2_PLACEMENT_3D ( 'NONE', #947, #1384, #48 ) ;
#468 = ORIENTED_EDGE ( 'NONE', *, *, #1650, .T. ) ;
#469 = DIRECTION ( 'NONE',  ( 0.0000000000000000000, 0.0000000000000000000, 1.000000000000000000 ) ) ;
#470 = VERTEX_POINT ( 'NONE', #102 ) ;
#471 = EDGE_CURVE ( 'NONE', #117, #1145, #298, .T. ) ;
#472 = ORIENTED_EDGE ( 'NONE', *, *, #1104, .T. ) ;
#473 = ADVANCED_FACE ( 'NONE', ( #1027, #38 ), #978, .F. ) ;
#474 = DIRECTION ( 'NONE',  ( -0.0000000000000000000, -0.0000000000000000000, -1.000000000000000000 ) ) ;
#475 = CARTESIAN_POINT ( 'NONE',  ( 15.13983877656565902, 7.772412803167539685, -0.6302682279971463242 ) ) ;
#476 = VERTEX_POINT ( 'NONE', #1333 ) ;
#477 = CARTESIAN_POINT ( 'NONE',  ( 24.00000000000000000, -0.1999999999999998723, -1.500000000000000000 ) ) ;
#478 = DIRECTION ( 'NONE',  ( -0.0000000000000000000, -0.0000000000000000000, -1.000000000000000000 ) ) ;
#479 = EDGE_CURVE ( 'NONE', #1428, #264, #656, .T. ) ;
#480 = EDGE_LOOP ( 'NONE', ( #1823, #1187, #799, #670 ) ) ;
#481 = DIRECTION ( 'NONE',  ( -0.0000000000000000000, 0.0000000000000000000, -1.000000000000000000 ) ) ;
#482 = CARTESIAN_POINT ( 'NONE',  ( 4.000000000000000000, -0.4000000000000009659, -1.600000000000000311 ) ) ;
#483 = LOCAL_TIME ( 12, 26, 6.000000000000000000, #1342 ) ;
#484 = FACE_OUTER_BOUND ( 'NONE', #1598, .T. ) ;
#485 = FACE_OUTER_BOUND ( 'NONE', #747, .T. ) ;
#486 = ORIENTED_EDGE ( 'NONE', *, *, #68, .F. ) ;
#487 = CARTESIAN_POINT ( 'NONE',  ( 19.57049514771713916, 3.500014367216659927, 1.500000000000000000 ) ) ;
#488 = LINE ( 'NONE', #1886, #537 ) ;
#489 = EDGE_CURVE ( 'NONE', #935, #1763, #975, .T. ) ;
#490 = LINE ( 'NONE', #1660, #1540 ) ;
#491 = CARTESIAN_POINT ( 'NONE',  ( 0.0000000000000000000, -0.3999999999999994671, -2.000000000000000444 ) ) ;
#492 = AXIS2_PLACEMENT_3D ( 'NONE', #787, #37, #176 ) ;
#493 = DIRECTION ( 'NONE',  ( -0.0000000000000000000, -0.0000000000000000000, -1.000000000000000000 ) ) ;
#494 = AXIS2_PLACEMENT_3D ( 'NONE', #206, #1264, #1395 ) ;
#495 = ORIENTED_EDGE ( 'NONE', *, *, #665, .T. ) ;
#496 = DIRECTION ( 'NONE',  ( 0.0000000000000000000, 0.0000000000000000000, 1.000000000000000000 ) ) ;
#497 = ORIENTED_EDGE ( 'NONE', *, *, #370, .T. ) ;
#498 = CARTESIAN_POINT ( 'NONE',  ( 20.72960613926401763, 3.810597221339689700, 1.500000000000000000 ) ) ;
#499 = EDGE_CURVE ( 'NONE', #1452, #476, #272, .T. ) ;
#500 = CARTESIAN_POINT ( 'NONE',  ( 15.28091946237816678, 7.567245114960375219, 0.5113924862352349221 ) ) ;
#501 = AXIS2_PLACEMENT_3D ( 'NONE', #995, #1752, #544 ) ;
#502 = ADVANCED_FACE ( 'NONE', ( #1611 ), #589, .F. ) ;
#503 = DIRECTION ( 'NONE',  ( -0.5735764363510391650, -0.8191520442889967946, 0.0000000000000000000 ) ) ;
#504 = EDGE_CURVE ( 'NONE', #445, #591, #603, .T. ) ;
#505 = DIRECTION ( 'NONE',  ( -0.0000000000000000000, -0.0000000000000000000, -1.000000000000000000 ) ) ;
#506 = SHAPE_DEFINITION_REPRESENTATION ( #1708, #337 ) ;
#507 = CARTESIAN_POINT ( 'NONE',  ( 4.000000000000000000, -0.2000000000000008438, -1.600000000000000311 ) ) ;
#508 = EDGE_CURVE ( 'NONE', #1047, #152, #297, .T. ) ;
#509 = VECTOR ( 'NONE', #101, 1000.000000000000000 ) ;
#510 = VECTOR ( 'NONE', #1802, 1000.000000000000114 ) ;
#511 = EDGE_LOOP ( 'NONE', ( #252, #1636, #1380, #1287 ) ) ;
#512 = LINE ( 'NONE', #1036, #1661 ) ;
#513 = ADVANCED_FACE ( 'NONE', ( #1630, #579 ), #908, .T. ) ;
#514 = LINE ( 'NONE', #1879, #35 ) ;
#515 = ORIENTED_EDGE ( 'NONE', *, *, #1863, .T. ) ;
#516 = DIRECTION ( 'NONE',  ( 0.9848077530122093526, -0.1736481776669235866, 0.0000000000000000000 ) ) ;
#517 = EDGE_LOOP ( 'NONE', ( #1856, #441, #468, #1508 ) ) ;
#518 = EDGE_CURVE ( 'NONE', #612, #91, #1683, .T. ) ;
#519 = EDGE_CURVE ( 'NONE', #1086, #925, #1207, .T. ) ;
#520 = CARTESIAN_POINT ( 'NONE',  ( 15.10028875212631227, 7.694591548473144194, 0.6945281833431098395 ) ) ;
#521 = ORIENTED_EDGE ( 'NONE', *, *, #479, .T. ) ;
#522 = AXIS2_PLACEMENT_3D ( 'NONE', #1524, #640, #916 ) ;
#523 = DIRECTION ( 'NONE',  ( -1.000000000000000000, 0.0000000000000000000, 0.0000000000000000000 ) ) ;
#524 = ADVANCED_FACE ( 'NONE', ( #834 ), #1654, .T. ) ;
#525 = PLANE ( 'NONE',  #1517 ) ;
#526 = ORIENTED_EDGE ( 'NONE', *, *, #1246, .F. ) ;
#527 = CARTESIAN_POINT ( 'NONE',  ( 0.0000000000000000000, -1.400000000000000799, -1.800000000000004041 ) ) ;
#528 = ORIENTED_EDGE ( 'NONE', *, *, #920, .F. ) ;
#529 = AXIS2_PLACEMENT_3D ( 'NONE', #897, #748, #606 ) ;
#530 = CARTESIAN_POINT ( 'NONE',  ( 12.63694131247505936, 4.490286783660369707, -1.500000000000000000 ) ) ;
#531 = CARTESIAN_POINT ( 'NONE',  ( 15.31154684148028622, 7.946456221429259337, 0.4213503308475693987 ) ) ;
#532 = CALENDAR_DATE ( 2020, 18, 12 ) ;
#533 = LINE ( 'NONE', #1867, #129 ) ;
#534 = LINE ( 'NONE', #1221, #1510 ) ;
#535 = ORIENTED_EDGE ( 'NONE', *, *, #508, .T. ) ;
#536 = ORIENTED_EDGE ( 'NONE', *, *, #619, .F. ) ;
#537 = VECTOR ( 'NONE', #1874, 1000.000000000000000 ) ;
#538 = VERTEX_POINT ( 'NONE', #1196 ) ;
#539 = CARTESIAN_POINT ( 'NONE',  ( 15.27014084635314894, 7.506116545857040911, 0.5409212844194255521 ) ) ;
#540 = ORIENTED_EDGE ( 'NONE', *, *, #903, .F. ) ;
#541 = ORIENTED_EDGE ( 'NONE', *, *, #308, .T. ) ;
#542 = PERSON_AND_ORGANIZATION_ROLE ( 'design_supplier' ) ;
#543 = CARTESIAN_POINT ( 'NONE',  ( 24.00000000000000000, 1.000000000000000000, 1.500000000000000000 ) ) ;
#544 = DIRECTION ( 'NONE',  ( -1.000000000000000000, 0.0000000000000000000, 0.0000000000000000000 ) ) ;
#545 = DIRECTION ( 'NONE',  ( -1.000000000000000000, 0.0000000000000000000, 0.0000000000000000000 ) ) ;
#546 = CARTESIAN_POINT ( 'NONE',  ( 19.76368031297495165, 3.551778176237164963, -1.500000000000000000 ) ) ;
#547 = CARTESIAN_POINT ( 'NONE',  ( 15.46090701181705818, 7.792044494367834417, -0.2671572875253813151 ) ) ;
#548 = EDGE_CURVE ( 'NONE', #1051, #608, #512, .T. ) ;
#549 =( LENGTH_UNIT ( ) NAMED_UNIT ( * ) SI_UNIT ( .MILLI., .METRE. ) );
#550 = CARTESIAN_POINT ( 'NONE',  ( 24.00000000000000000, 0.0000000000000000000, -1.500000000000000000 ) ) ;
#551 = CYLINDRICAL_SURFACE ( 'NONE', #636, 0.2000000000000000944 ) ;
#552 = AXIS2_PLACEMENT_3D ( 'NONE', #1518, #633, #315 ) ;
#553 = CYLINDRICAL_SURFACE ( 'NONE', #794, 0.4000000000000001887 ) ;
#554 = EDGE_LOOP ( 'NONE', ( #797, #459, #123, #1618 ) ) ;
#555 = PLANE ( 'NONE',  #592 ) ;
#556 = LINE ( 'NONE', #649, #1466 ) ;
#557 = FACE_OUTER_BOUND ( 'NONE', #554, .T. ) ;
#558 = VERTEX_POINT ( 'NONE', #1667 ) ;
#559 = ORIENTED_EDGE ( 'NONE', *, *, #1015, .T. ) ;
#560 = CARTESIAN_POINT ( 'NONE',  ( -8.673617379884035472E-16, -0.3999999999999995226, 1.600000000000000311 ) ) ;
#561 = LINE ( 'NONE', #1239, #911 ) ;
#562 = EDGE_LOOP ( 'NONE', ( #497, #1035, #191, #1589 ) ) ;
#563 = APPROVAL_ROLE ( '' ) ;
#564 = DIRECTION ( 'NONE',  ( -0.0000000000000000000, -1.000000000000000000, 3.614007241618346010E-15 ) ) ;
#565 = ORIENTED_EDGE ( 'NONE', *, *, #1202, .T. ) ;
#566 = EDGE_CURVE ( 'NONE', #1112, #666, #1260, .T. ) ;
#567 = PERSON ( '未指定', '未指定', '未指定', ('未指定'), ('未指定'), ('未指定') ) ;
#568 = CARTESIAN_POINT ( 'NONE',  ( 11.81778926818606479, 5.063863220011406874, -1.500000000000000000 ) ) ;
#569 = CARTESIAN_POINT ( 'NONE',  ( 3.999999999999999112, -1.400000000000000133, 2.000000000000004441 ) ) ;
#570 = ORIENTED_EDGE ( 'NONE', *, *, #1, .F. ) ;
#571 = DIRECTION ( 'NONE',  ( 0.0000000000000000000, 0.0000000000000000000, 1.000000000000000000 ) ) ;
#572 = DIRECTION ( 'NONE',  ( 1.000000000000000000, 0.0000000000000000000, -0.0000000000000000000 ) ) ;
#573 = CARTESIAN_POINT ( 'NONE',  ( 11.64414109051913648, 4.079055466999204960, 1.500000000000000000 ) ) ;
#574 = AXIS2_PLACEMENT_3D ( 'NONE', #15, #153, #1353 ) ;
#575 = CARTESIAN_POINT ( 'NONE',  ( 17.88878761191330113, 7.384397083205626267, -0.5500000000000000444 ) ) ;
#576 = DIRECTION ( 'NONE',  ( 0.0000000000000000000, -0.0000000000000000000, 1.000000000000000000 ) ) ;
#577 = LINE ( 'NONE', #1118, #1423 ) ;
#578 = LINE ( 'NONE', #128, #599 ) ;
#579 = FACE_OUTER_BOUND ( 'NONE', #1382, .T. ) ;
#580 = EDGE_CURVE ( 'NONE', #1428, #666, #862, .T. ) ;
#581 = CYLINDRICAL_SURFACE ( 'NONE', #20, 2.699999999999999289 ) ;
#582 = CARTESIAN_POINT ( 'NONE',  ( -4.898587196589411843E-16, 0.0000000000000000000, 1.500000000000000000 ) ) ;
#583 = ORIENTED_EDGE ( 'NONE', *, *, #1201, .T. ) ;
#584 = FACE_OUTER_BOUND ( 'NONE', #2, .T. ) ;
#585 = DIRECTION ( 'NONE',  ( -1.000000000000000000, 0.0000000000000000000, 0.0000000000000000000 ) ) ;
#586 = EDGE_LOOP ( 'NONE', ( #1243, #1737, #1334, #1127 ) ) ;
#587 = DIRECTION ( 'NONE',  ( 0.0000000000000000000, 0.0000000000000000000, 1.000000000000000000 ) ) ;
#588 = EDGE_LOOP ( 'NONE', ( #1828, #1245, #170, #1741 ) ) ;
#589 = PLANE ( 'NONE',  #1916 ) ;
#590 = EDGE_CURVE ( 'NONE', #152, #186, #1233, .T. ) ;
#591 = VERTEX_POINT ( 'NONE', #1676 ) ;
#592 = AXIS2_PLACEMENT_3D ( 'NONE', #709, #1603, #572 ) ;
#593 = DIRECTION ( 'NONE',  ( -0.0000000000000000000, -0.0000000000000000000, -1.000000000000000000 ) ) ;
#594 = EDGE_CURVE ( 'NONE', #1452, #1941, #814, .T. ) ;
#595 = DIRECTION ( 'NONE',  ( -0.9848077530122093526, 0.1736481776669233645, -0.0000000000000000000 ) ) ;
#596 = CC_DESIGN_PERSON_AND_ORGANIZATION_ASSIGNMENT ( #81, #542, ( #809 ) ) ;
#597 = DIRECTION ( 'NONE',  ( 0.0000000000000000000, 0.0000000000000000000, 1.000000000000000000 ) ) ;
#598 = FACE_OUTER_BOUND ( 'NONE', #135, .T. ) ;
#599 = VECTOR ( 'NONE', #1637, 1000.000000000000227 ) ;
#600 = VERTEX_POINT ( 'NONE', #165 ) ;
#601 = DIRECTION ( 'NONE',  ( -2.168404344971008868E-16, -0.0000000000000000000, 1.000000000000000000 ) ) ;
#602 = CARTESIAN_POINT ( 'NONE',  ( 8.689717831482512977, 4.599999999999973888, 1.500000000000000000 ) ) ;
#603 = CIRCLE ( 'NONE', #312, 2.699999999999999289 ) ;
#604 = AXIS2_PLACEMENT_3D ( 'NONE', #902, #453, #1055 ) ;
#605 = ORIENTED_EDGE ( 'NONE', *, *, #566, .F. ) ;
#606 = DIRECTION ( 'NONE',  ( -1.000000000000000000, 0.0000000000000000000, 0.0000000000000000000 ) ) ;
#607 = VERTEX_POINT ( 'NONE', #18 ) ;
#608 = VERTEX_POINT ( 'NONE', #1369 ) ;
#609 = ORIENTED_EDGE ( 'NONE', *, *, #988, .F. ) ;
#610 = DIRECTION ( 'NONE',  ( -0.2588190451025241812, 0.9659258262890673130, 0.0000000000000000000 ) ) ;
#611 = EDGE_CURVE ( 'NONE', #1103, #1086, #223, .T. ) ;
#612 = VERTEX_POINT ( 'NONE', #334 ) ;
#613 = DIRECTION ( 'NONE',  ( -1.000000000000000000, 0.0000000000000000000, 0.0000000000000000000 ) ) ;
#614 = CARTESIAN_POINT ( 'NONE',  ( 15.76338734788114060, 10.30345646256289704, 0.5500000000000000444 ) ) ;
#615 = AXIS2_PLACEMENT_3D ( 'NONE', #330, #1359, #637 ) ;
#616 = ORIENTED_EDGE ( 'NONE', *, *, #403, .T. ) ;
#617 = CARTESIAN_POINT ( 'NONE',  ( 15.08334465933825363, 7.598496823094290420, -0.7500000000000002220 ) ) ;
#618 = DIRECTION ( 'NONE',  ( 1.000000000000000000, -0.0000000000000000000, -0.0000000000000000000 ) ) ;
#619 = EDGE_CURVE ( 'NONE', #160, #1346, #1123, .T. ) ;
#620 = PLANE ( 'NONE',  #1931 ) ;
#621 = EDGE_CURVE ( 'NONE', #612, #1891, #764, .T. ) ;
#622 = AXIS2_PLACEMENT_3D ( 'NONE', #482, #1815, #180 ) ;
#623 = DIRECTION ( 'NONE',  ( -0.5735764363510391650, -0.8191520442889967946, 0.0000000000000000000 ) ) ;
#624 = CARTESIAN_POINT ( 'NONE',  ( 0.0000000000000000000, 7.228014483236688864E-15, -1.799999999999999156 ) ) ;
#625 = DIRECTION ( 'NONE',  ( 0.0000000000000000000, 1.000000000000000000, 0.0000000000000000000 ) ) ;
#626 = CIRCLE ( 'NONE', #1595, 1.199999999999997957 ) ;
#627 = LINE ( 'NONE', #1005, #1732 ) ;
#628 = PLANE ( 'NONE',  #966 ) ;
#629 = EDGE_LOOP ( 'NONE', ( #360, #1117, #868, #1021 ) ) ;
#630 = CIRCLE ( 'NONE', #1128, 2.499999999999998668 ) ;
#631 = LINE ( 'NONE', #690, #1731 ) ;
#632 = EDGE_LOOP ( 'NONE', ( #1461, #609, #1610, #1004, #231, #248 ) ) ;
#633 = DIRECTION ( 'NONE',  ( -1.000000000000000000, -0.0000000000000000000, -0.0000000000000000000 ) ) ;
#634 = VECTOR ( 'NONE', #108, 1000.000000000000114 ) ;
#635 = ADVANCED_FACE ( 'NONE', ( #10 ), #723, .T. ) ;
#636 = AXIS2_PLACEMENT_3D ( 'NONE', #1743, #1438, #1140 ) ;
#637 = DIRECTION ( 'NONE',  ( -0.1736481776669233923, -0.9848077530122092416, 0.0000000000000000000 ) ) ;
#638 = FACE_OUTER_BOUND ( 'NONE', #296, .T. ) ;
#639 = CARTESIAN_POINT ( 'NONE',  ( 15.24498763654789002, 7.898461659119623945, -0.4940461578041909774 ) ) ;
#640 = DIRECTION ( 'NONE',  ( 1.000000000000000000, 0.0000000000000000000, 0.0000000000000000000 ) ) ;
#641 = ORIENTED_EDGE ( 'NONE', *, *, #1386, .F. ) ;
#642 = DIRECTION ( 'NONE',  ( -1.000000000000000000, 0.0000000000000000000, 0.0000000000000000000 ) ) ;
#643 = DIRECTION ( 'NONE',  ( -0.0000000000000000000, -0.0000000000000000000, -1.000000000000000000 ) ) ;
#644 = CARTESIAN_POINT ( 'NONE',  ( 24.20837781320030757, 2.181769303614650823, 1.500000000000000000 ) ) ;
#645 = ADVANCED_FACE ( 'NONE', ( #367 ), #465, .F. ) ;
#646 = DIRECTION ( 'NONE',  ( 0.0000000000000000000, 0.0000000000000000000, -1.000000000000000000 ) ) ;
#647 = CARTESIAN_POINT ( 'NONE',  ( 3.999999999999996447, -0.2000000000000000111, 1.500000000000000000 ) ) ;
#648 = DIRECTION ( 'NONE',  ( -1.000000000000000000, 0.0000000000000000000, 0.0000000000000000000 ) ) ;
#649 = CARTESIAN_POINT ( 'NONE',  ( 11.60941145498575011, 3.882093916396762712, -1.500000000000001776 ) ) ;
#650 = COORDINATED_UNIVERSAL_TIME_OFFSET ( 8, 0, .AHEAD. ) ;
#651 = DIRECTION ( 'NONE',  ( 1.000000000000000000, 0.0000000000000000000, 0.0000000000000000000 ) ) ;
#652 = FACE_OUTER_BOUND ( 'NONE', #1833, .T. ) ;
#653 = VECTOR ( 'NONE', #448, 1000.000000000000000 ) ;
#654 = ORIENTED_EDGE ( 'NONE', *, *, #352, .F. ) ;
#655 = CARTESIAN_POINT ( 'NONE',  ( 17.88849229525929019, 7.382722259234703266, -0.5488799920343022665 ) ) ;
#656 = LINE ( 'NONE', #1477, #1212 ) ;
#657 = ORIENTED_EDGE ( 'NONE', *, *, #1319, .F. ) ;
#658 = EDGE_CURVE ( 'NONE', #1047, #1543, #1374, .T. ) ;
#659 = EDGE_LOOP ( 'NONE', ( #1746, #188, #1235, #237 ) ) ;
#660 = PLANE ( 'NONE',  #494 ) ;
#661 = ORIENTED_EDGE ( 'NONE', *, *, #1531, .T. ) ;
#662 = AXIS2_PLACEMENT_3D ( 'NONE', #1774, #1920, #703 ) ;
#663 = DIRECTION ( 'NONE',  ( 0.0000000000000000000, -1.000000000000000000, -3.614007241618346010E-15 ) ) ;
#664 = ADVANCED_FACE ( 'NONE', ( #1928 ), #782, .T. ) ;
#665 = EDGE_CURVE ( 'NONE', #398, #179, #1304, .T. ) ;
#666 = VERTEX_POINT ( 'NONE', #491 ) ;
#667 = DIRECTION ( 'NONE',  ( -1.000000000000000000, 0.0000000000000000000, 0.0000000000000000000 ) ) ;
#668 = AXIS2_PLACEMENT_3D ( 'NONE', #265, #1935, #895 ) ;
#669 = ADVANCED_FACE ( 'NONE', ( #484 ), #1222, .T. ) ;
#670 = ORIENTED_EDGE ( 'NONE', *, *, #780, .T. ) ;
#671 = VECTOR ( 'NONE', #623, 999.9999999999998863 ) ;
#672 = VECTOR ( 'NONE', #1747, 999.9999999999998863 ) ;
#673 = CLOSED_SHELL ( 'NONE', ( #1698, #1835, #681, #379, #24, #185, #343, #1525, #915, #524, #1058, #1254, #1226, #1135, #1400, #970, #1124, #32, #1665, #941, #1865, #1682, #502, #354, #1385, #1853, #513, #1810, #1873, #934, #1844, #775, #1538, #669, #473, #372, #1575, #335, #1237, #202, #44, #325, #1546, #824, #1387, #1422, #74, #1068, #1567, #50, #783, #635, #1090, #645, #1268, #1372, #664, #1114, #1820, #309, #66, #1724, #1362, #980, #1080, #219, #948, #458, #1274, #164, #1713 ) ) ;
#674 = CARTESIAN_POINT ( 'NONE',  ( 4.000000000000000000, -0.2000000000000000111, -1.500000000000000000 ) ) ;
#675 = FACE_OUTER_BOUND ( 'NONE', #1547, .T. ) ;
#676 = VECTOR ( 'NONE', #55, 1000.000000000000000 ) ;
#677 = ORIENTED_EDGE ( 'NONE', *, *, #877, .F. ) ;
#678 = AXIS2_PLACEMENT_3D ( 'NONE', #763, #919, #1961 ) ;
#679 = LINE ( 'NONE', #1857, #1537 ) ;
#680 = CARTESIAN_POINT ( 'NONE',  ( 15.08354943438676266, 7.599658160104004523, -0.7493391017329810166 ) ) ;
#681 = ADVANCED_FACE ( 'NONE', ( #321 ), #660, .F. ) ;
#682 = VERTEX_POINT ( 'NONE', #194 ) ;
#683 = EDGE_CURVE ( 'NONE', #264, #91, #177, .T. ) ;
#684 = DIRECTION ( 'NONE',  ( -0.0000000000000000000, -0.0000000000000000000, -1.000000000000000000 ) ) ;
#685 = ORIENTED_EDGE ( 'NONE', *, *, #846, .T. ) ;
#686 = PLANE ( 'NONE',  #58 ) ;
#687 = ORIENTED_EDGE ( 'NONE', *, *, #519, .F. ) ;
#688 = CARTESIAN_POINT ( 'NONE',  ( 18.91481456572266850, 5.947047612756312773, 1.500000000000000000 ) ) ;
#689 = PLANE ( 'NONE',  #7 ) ;
#690 = CARTESIAN_POINT ( 'NONE',  ( 0.0000000000000000000, 7.926310751005315535E-15, -1.999999999999999112 ) ) ;
#691 = EDGE_CURVE ( 'NONE', #437, #160, #1557, .T. ) ;
#692 = DIRECTION ( 'NONE',  ( 0.0000000000000000000, 0.0000000000000000000, 1.000000000000000000 ) ) ;
#693 = DATE_AND_TIME ( #1579, #4 ) ;
#694 = PLANE ( 'NONE',  #1712 ) ;
#695 = LINE ( 'NONE', #139, #1703 ) ;
#696 = VECTOR ( 'NONE', #1462, 1000.000000000000000 ) ;
#697 = EDGE_LOOP ( 'NONE', ( #380, #205, #1806, #351 ) ) ;
#698 = CIRCLE ( 'NONE', #1257, 1.000000000000000888 ) ;
#699 = DIRECTION ( 'NONE',  ( -0.9848077530122093526, 0.1736481776669235866, -0.0000000000000000000 ) ) ;
#700 = ORIENTED_EDGE ( 'NONE', *, *, #803, .F. ) ;
#701 = EDGE_CURVE ( 'NONE', #607, #1560, #556, .T. ) ;
#702 = VECTOR ( 'NONE', #478, 1000.000000000000000 ) ;
#703 = DIRECTION ( 'NONE',  ( -0.9848077530122092416, 0.1736481776669233368, 0.0000000000000000000 ) ) ;
#704 = ORIENTED_EDGE ( 'NONE', *, *, #1726, .F. ) ;
#705 = CARTESIAN_POINT ( 'NONE',  ( 15.41720232240439614, 7.773821209662426845, -0.3118010376492157953 ) ) ;
#706 = ORIENTED_EDGE ( 'NONE', *, *, #1726, .T. ) ;
#707 = APPLICATION_PROTOCOL_DEFINITION ( 'international standard', 'config_control_design', 1994, #87 ) ;
#708 = DIRECTION ( 'NONE',  ( 1.000000000000000000, 0.0000000000000000000, 0.0000000000000000000 ) ) ;
#709 = CARTESIAN_POINT ( 'NONE',  ( 11.81778926818606479, 5.063863220011406874, 1.500000000000000000 ) ) ;
#710 = ORIENTED_EDGE ( 'NONE', *, *, #1805, .F. ) ;
#711 = EDGE_CURVE ( 'NONE', #470, #1418, #1421, .T. ) ;
#712 = ORIENTED_EDGE ( 'NONE', *, *, #293, .T. ) ;
#713 =( NAMED_UNIT ( * ) PLANE_ANGLE_UNIT ( ) SI_UNIT ( $, .RADIAN. ) );
#714 = DIRECTION ( 'NONE',  ( -0.9848077530122092416, 0.1736481776669233368, 0.0000000000000000000 ) ) ;
#715 = DIRECTION ( 'NONE',  ( -0.0000000000000000000, -0.0000000000000000000, -1.000000000000000000 ) ) ;
#716 = EDGE_CURVE ( 'NONE', #729, #307, #630, .T. ) ;
#717 = DIRECTION ( 'NONE',  ( -0.9848077530122092416, 0.1736481776669235588, 0.0000000000000000000 ) ) ;
#718 = EDGE_CURVE ( 'NONE', #1418, #1800, #1509, .T. ) ;
#719 = CARTESIAN_POINT ( 'NONE',  ( 20.52122832606371006, 2.628827917725037544, -1.500000000000000000 ) ) ;
#720 = LINE ( 'NONE', #17, #671 ) ;
#721 = ORIENTED_EDGE ( 'NONE', *, *, #1748, .T. ) ;
#722 = CARTESIAN_POINT ( 'NONE',  ( 19.10799973098048099, 5.998811421776817809, 1.500000000000000000 ) ) ;
#723 = CYLINDRICAL_SURFACE ( 'NONE', #622, 0.4000000000000001887 ) ;
#724 = LINE ( 'NONE', #1740, #1186 ) ;
#725 = ORIENTED_EDGE ( 'NONE', *, *, #504, .T. ) ;
#726 = DIRECTION ( 'NONE',  ( -1.000000000000000000, 0.0000000000000000000, 0.0000000000000000000 ) ) ;
#727 = FACE_OUTER_BOUND ( 'NONE', #53, .T. ) ;
#728 = DIRECTION ( 'NONE',  ( -0.0000000000000000000, 0.0000000000000000000, -1.000000000000000000 ) ) ;
#729 = VERTEX_POINT ( 'NONE', #49 ) ;
#730 = CARTESIAN_POINT ( 'NONE',  ( 20.72960613926401763, 3.810597221339689700, -1.500000000000000000 ) ) ;
#731 = EDGE_LOOP ( 'NONE', ( #1804, #931, #1906, #712 ) ) ;
#732 = AXIS2_PLACEMENT_3D ( 'NONE', #1648, #457, #1049 ) ;
#733 = DIRECTION ( 'NONE',  ( 0.0000000000000000000, 0.0000000000000000000, 1.000000000000000000 ) ) ;
#734 = CARTESIAN_POINT ( 'NONE',  ( 19.10799973098048099, 5.998811421776817809, 1.500000000000000000 ) ) ;
#735 = CARTESIAN_POINT ( 'NONE',  ( 4.000000000000000000, -1.400000000000000799, -1.800000000000004041 ) ) ;
#736 = ORIENTED_EDGE ( 'NONE', *, *, #852, .T. ) ;
#737 = PLANE ( 'NONE',  #1572 ) ;
#738 = CALENDAR_DATE ( 2020, 18, 12 ) ;
#739 = CIRCLE ( 'NONE', #732, 0.4000000000000001887 ) ;
#740 = CYLINDRICAL_SURFACE ( 'NONE', #1191, 1.199999999999997957 ) ;
#741 = DIRECTION ( 'NONE',  ( 1.000000000000000000, 0.0000000000000000000, 0.0000000000000000000 ) ) ;
#742 = ORIENTED_EDGE ( 'NONE', *, *, #949, .F. ) ;
#743 = EDGE_CURVE ( 'NONE', #1444, #1285, #1070, .T. ) ;
#744 = LINE ( 'NONE', #1469, #1099 ) ;
#745 = DIRECTION ( 'NONE',  ( 0.9659258262890670910, 0.2588190451025252359, 0.0000000000000000000 ) ) ;
#746 = FACE_OUTER_BOUND ( 'NONE', #697, .T. ) ;
#747 = EDGE_LOOP ( 'NONE', ( #1535, #1242, #1355, #1569 ) ) ;
#748 = DIRECTION ( 'NONE',  ( -0.0000000000000000000, 0.0000000000000000000, -1.000000000000000000 ) ) ;
#749 = B_SPLINE_CURVE_WITH_KNOTS ( 'NONE', 3,
 ( #1544, #655, #802, #169 ),
 .UNSPECIFIED., .F., .F.,
 ( 4, 4 ),
 ( 0.0000000000000000000, 5.390483452387698839E-06 ),
 .UNSPECIFIED. ) ;
#750 = DIRECTION ( 'NONE',  ( 0.0000000000000000000, 0.0000000000000000000, -1.000000000000000000 ) ) ;
#751 = EDGE_CURVE ( 'NONE', #1444, #393, #1825, .T. ) ;
#752 = CARTESIAN_POINT ( 'NONE',  ( 0.0000000000000000000, -1.400000000000000799, -1.800000000000004041 ) ) ;
#753 = DIRECTION ( 'NONE',  ( 0.0000000000000000000, 0.0000000000000000000, 1.000000000000000000 ) ) ;
#754 = CARTESIAN_POINT ( 'NONE',  ( 15.27568004609084618, 7.537530908624675341, -0.5282900328817463631 ) ) ;
#755 = CARTESIAN_POINT ( 'NONE',  ( 18.32388750571288227, 9.851971200628895531, -0.5500000000000000444 ) ) ;
#756 = DIRECTION ( 'NONE',  ( -0.9848077530122093526, 0.1736481776669233923, 0.0000000000000000000 ) ) ;
#757 = CARTESIAN_POINT ( 'NONE',  ( 15.38393716084054752, 7.976640382839527810, -0.3500000000000003109 ) ) ;
#758 = DIRECTION ( 'NONE',  ( 0.0000000000000000000, -3.614007241618346010E-15, 1.000000000000000000 ) ) ;
#759 = LINE ( 'NONE', #530, #1849 ) ;
#760 = FACE_OUTER_BOUND ( 'NONE', #1110, .T. ) ;
#761 = AXIS2_PLACEMENT_3D ( 'NONE', #1177, #1621, #726 ) ;
#762 = VERTEX_POINT ( 'NONE', #1699 ) ;
#763 = CARTESIAN_POINT ( 'NONE',  ( 24.00000000000000000, 1.000000000000000000, -1.500000000000000000 ) ) ;
#764 = CIRCLE ( 'NONE', #1160, 0.2000000000000000944 ) ;
#765 = CYLINDRICAL_SURFACE ( 'NONE', #467, 0.3000000000000016542 ) ;
#766 = ORIENTED_EDGE ( 'NONE', *, *, #801, .T. ) ;
#767 = ORIENTED_EDGE ( 'NONE', *, *, #751, .F. ) ;
#768 = DIRECTION ( 'NONE',  ( 0.0000000000000000000, 0.0000000000000000000, 1.000000000000000000 ) ) ;
#769 = FACE_OUTER_BOUND ( 'NONE', #1710, .T. ) ;
#770 = ORIENTED_EDGE ( 'NONE', *, *, #889, .F. ) ;
#771 = ORIENTED_EDGE ( 'NONE', *, *, #590, .F. ) ;
#772 = PLANE ( 'NONE',  #574 ) ;
#773 = AXIS2_PLACEMENT_3D ( 'NONE', #26, #784, #642 ) ;
#774 = VERTEX_POINT ( 'NONE', #1102 ) ;
#775 = ADVANCED_FACE ( 'NONE', ( #675 ), #1248, .F. ) ;
#776 = ORIENTED_EDGE ( 'NONE', *, *, #1246, .T. ) ;
#777 = DIRECTION ( 'NONE',  ( -0.8191520442889967946, 0.5735764363510391650, -0.0000000000000000000 ) ) ;
#778 = CARTESIAN_POINT ( 'NONE',  ( 19.10799973098048099, 5.998811421776817809, 1.500000000000000000 ) ) ;
#779 = CARTESIAN_POINT ( 'NONE',  ( 15.46090701181705818, 7.792044494367834417, 1.500000000000000000 ) ) ;
#780 = EDGE_CURVE ( 'NONE', #365, #1625, #533, .T. ) ;
#781 = CARTESIAN_POINT ( 'NONE',  ( 15.08395791177572498, 7.601974750493760702, 0.7480063226535637044 ) ) ;
#782 = PLANE ( 'NONE',  #1829 ) ;
#783 = ADVANCED_FACE ( 'NONE', ( #881 ), #525, .F. ) ;
#784 = DIRECTION ( 'NONE',  ( -0.0000000000000000000, 0.0000000000000000000, -1.000000000000000000 ) ) ;
#785 = CARTESIAN_POINT ( 'NONE',  ( 15.28091946237816678, 7.567245114960375219, -0.5113924862352351441 ) ) ;
#786 = ORGANIZATION ( '未指定', '未指定', '' ) ;
#787 = CARTESIAN_POINT ( 'NONE',  ( 24.20837781320030757, 2.181769303614650823, 1.500000000000000000 ) ) ;
#788 = EDGE_CURVE ( 'NONE', #1051, #1560, #1280, .T. ) ;
#789 = LINE ( 'NONE', #1788, #386 ) ;
#790 = LINE ( 'NONE', #1278, #954 ) ;
#791 = EDGE_LOOP ( 'NONE', ( #559, #258, #1195, #244 ) ) ;
#792 = DIRECTION ( 'NONE',  ( 0.9848077530122092416, -0.1736481776669233368, 0.0000000000000000000 ) ) ;
#793 = LINE ( 'NONE', #722, #634 ) ;
#794 = AXIS2_PLACEMENT_3D ( 'NONE', #560, #399, #1604 ) ;
#795 = DIRECTION ( 'NONE',  ( 0.0000000000000000000, -0.0000000000000000000, 1.000000000000000000 ) ) ;
#796 = AXIS2_PLACEMENT_3D ( 'NONE', #1038, #1053, #899 ) ;
#797 = ORIENTED_EDGE ( 'NONE', *, *, #594, .F. ) ;
#798 = ORIENTED_EDGE ( 'NONE', *, *, #711, .F. ) ;
#799 = ORIENTED_EDGE ( 'NONE', *, *, #816, .T. ) ;
#800 = CARTESIAN_POINT ( 'NONE',  ( 14.28828948041971003, 6.848656378147802926, -1.500000000000000000 ) ) ;
#801 = EDGE_CURVE ( 'NONE', #264, #952, #83, .T. ) ;
#802 = CARTESIAN_POINT ( 'NONE',  ( 17.88819618228655628, 7.381042919115884615, -0.5494466642439455040 ) ) ;
#803 = EDGE_CURVE ( 'NONE', #1622, #464, #1023, .T. ) ;
#804 = CARTESIAN_POINT ( 'NONE',  ( 3.999999999999999112, -0.3999999999999995226, 1.600000000000000311 ) ) ;
#805 = CARTESIAN_POINT ( 'NONE',  ( 15.08334465933825363, 7.598496823094290420, -0.7500000000000002220 ) ) ;
#806 = EDGE_CURVE ( 'NONE', #1185, #774, #1760, .T. ) ;
#807 = CARTESIAN_POINT ( 'NONE',  ( 20.55595796159709465, 2.825789468327479792, 1.500000000000000000 ) ) ;
#808 = VERTEX_POINT ( 'NONE', #971 ) ;
#809 = PRODUCT_DEFINITION_FORMATION_WITH_SPECIFIED_SOURCE ( '任何', '', #1670, .NOT_KNOWN. ) ;
#810 = DIRECTION ( 'NONE',  ( -0.8191520442889971276, 0.5735764363510384989, 0.0000000000000000000 ) ) ;
#811 = CIRCLE ( 'NONE', #678, 1.000000000000000888 ) ;
#812 = ORIENTED_EDGE ( 'NONE', *, *, #683, .T. ) ;
#813 = CARTESIAN_POINT ( 'NONE',  ( 3.999999999999999112, -0.1999999999999993172, 2.000000000000000000 ) ) ;
#814 = LINE ( 'NONE', #328, #412 ) ;
#815 = LINE ( 'NONE', #1563, #1071 ) ;
#816 = EDGE_CURVE ( 'NONE', #393, #365, #1707, .T. ) ;
#817 = FACE_OUTER_BOUND ( 'NONE', #137, .T. ) ;
#818 = DIRECTION ( 'NONE',  ( -0.0000000000000000000, -0.0000000000000000000, -1.000000000000000000 ) ) ;
#819 = EDGE_CURVE ( 'NONE', #808, #1800, #759, .T. ) ;
#820 = ORIENTED_EDGE ( 'NONE', *, *, #45, .F. ) ;
#821 = CARTESIAN_POINT ( 'NONE',  ( 15.28091946237816678, 7.567245114960375219, 0.5113924862352349221 ) ) ;
#822 = CARTESIAN_POINT ( 'NONE',  ( 20.72960613926401763, 3.810597221339689700, 1.500000000000000000 ) ) ;
#823 = ORIENTED_EDGE ( 'NONE', *, *, #1009, .T. ) ;
#824 = ADVANCED_FACE ( 'NONE', ( #950 ), #551, .F. ) ;
#825 = ORIENTED_EDGE ( 'NONE', *, *, #263, .F. ) ;
#826 = CARTESIAN_POINT ( 'NONE',  ( 14.45211988927750824, 6.733941090877594959, 1.500000000000000000 ) ) ;
#827 = CARTESIAN_POINT ( 'NONE',  ( 3.999999999999999112, -1.400000000000000133, 2.000000000000004441 ) ) ;
#828 = AXIS2_PLACEMENT_3D ( 'NONE', #813, #523, #200 ) ;
#829 = CARTESIAN_POINT ( 'NONE',  ( 0.0000000000000000000, -0.3999999999999995226, -1.800000000000000711 ) ) ;
#830 = EDGE_LOOP ( 'NONE', ( #570, #687, #1131, #883 ) ) ;
#831 = CARTESIAN_POINT ( 'NONE',  ( 16.50000000000000000, 5.299999999999999822, 1.500000000000000000 ) ) ;
#832 = DIRECTION ( 'NONE',  ( 0.0000000000000000000, -3.614007241618346010E-15, 1.000000000000000000 ) ) ;
#833 = PERSON_AND_ORGANIZATION_ROLE ( 'creator' ) ;
#834 = FACE_OUTER_BOUND ( 'NONE', #480, .T. ) ;
#835 = VECTOR ( 'NONE', #1077, 1000.000000000000114 ) ;
#836 = ORIENTED_EDGE ( 'NONE', *, *, #403, .F. ) ;
#837 = CARTESIAN_POINT ( 'NONE',  ( 20.52122832606371006, 2.628827917725037988, 1.500000000000000000 ) ) ;
#838 = FACE_OUTER_BOUND ( 'NONE', #1715, .T. ) ;
#839 = DIRECTION ( 'NONE',  ( -0.0000000000000000000, 1.000000000000000000, 3.614007241618346010E-15 ) ) ;
#840 = ORIENTED_EDGE ( 'NONE', *, *, #1198, .T. ) ;
#841 = DIRECTION ( 'NONE',  ( -0.9848077530122092416, 0.1736481776669233368, 0.0000000000000000000 ) ) ;
#842 = DIRECTION ( 'NONE',  ( -0.0000000000000000000, -0.0000000000000000000, 1.000000000000000000 ) ) ;
#843 = EDGE_LOOP ( 'NONE', ( #1749, #657, #1492, #1178 ) ) ;
#844 = ORIENTED_EDGE ( 'NONE', *, *, #691, .T. ) ;
#845 = VERTEX_POINT ( 'NONE', #1136 ) ;
#846 = EDGE_CURVE ( 'NONE', #1625, #1303, #6, .T. ) ;
#847 = CARTESIAN_POINT ( 'NONE',  ( 24.00000000000000000, -0.1999999999999998723, 1.500000000000000000 ) ) ;
#848 = CARTESIAN_POINT ( 'NONE',  ( 24.00000000000000000, 1.000000000000000000, -1.500000000000000000 ) ) ;
#849 = ORIENTED_EDGE ( 'NONE', *, *, #96, .F. ) ;
#850 = CARTESIAN_POINT ( 'NONE',  ( 15.46090701181705818, 7.792044494367834417, -0.2671572875253813151 ) ) ;
#851 = CARTESIAN_POINT ( 'NONE',  ( 18.06643673011242512, 7.645922007005735210, 0.6319527171737238103 ) ) ;
#852 = EDGE_CURVE ( 'NONE', #365, #1039, #1757, .T. ) ;
#853 = DIRECTION ( 'NONE',  ( 0.0000000000000000000, -0.0000000000000000000, -1.000000000000000000 ) ) ;
#854 = DIRECTION ( 'NONE',  ( -0.9659258262890674240, -0.2588190451025242367, 0.0000000000000000000 ) ) ;
#855 = AXIS2_PLACEMENT_3D ( 'NONE', #614, #756, #154 ) ;
#856 = DIRECTION ( 'NONE',  ( 0.5735764363510391650, 0.8191520442889967946, 0.0000000000000000000 ) ) ;
#857 = APPROVAL_DATE_TIME ( #1901, #1013 ) ;
#858 = CARTESIAN_POINT ( 'NONE',  ( 15.31491783648498917, 7.670267009453504592, -0.4399262886455000965 ) ) ;
#859 = TOROIDAL_SURFACE ( 'NONE', #1032, 2.399999999999999023, 0.5000000000000000000 ) ;
#860 = LINE ( 'NONE', #1626, #998 ) ;
#861 = VERTEX_POINT ( 'NONE', #550 ) ;
#862 = LINE ( 'NONE', #340, #432 ) ;
#863 = SECURITY_CLASSIFICATION_LEVEL ( 'unclassified' ) ;
#864 = LINE ( 'NONE', #969, #1582 ) ;
#865 = ORIENTED_EDGE ( 'NONE', *, *, #548, .F. ) ;
#866 = LINE ( 'NONE', #1105, #1615 ) ;
#867 = CARTESIAN_POINT ( 'NONE',  ( 17.90204898536463318, 7.459606069363322156, 0.5222569982206780592 ) ) ;
#868 = ORIENTED_EDGE ( 'NONE', *, *, #896, .T. ) ;
#869 = CARTESIAN_POINT ( 'NONE',  ( 17.88789932973661223, 7.379359384646303255, -0.5500000000000001554 ) ) ;
#870 = AXIS2_PLACEMENT_3D ( 'NONE', #1159, #1426, #1456 ) ;
#871 = CARTESIAN_POINT ( 'NONE',  ( 15.08395791177572498, 7.601974750493760702, -0.7500000000000002220 ) ) ;
#872 = ORIENTED_EDGE ( 'NONE', *, *, #145, .T. ) ;
#873 = CARTESIAN_POINT ( 'NONE',  ( 19.57049514771713916, 3.500014367216659927, 1.500000000000000000 ) ) ;
#874 = VERTEX_POINT ( 'NONE', #1148 ) ;
#875 = CARTESIAN_POINT ( 'NONE',  ( 24.17364817766692653, 1.984807753012208797, 1.500000000000000000 ) ) ;
#876 = CARTESIAN_POINT ( 'NONE',  ( 17.97220677280763468, 7.781632482544926788, -0.4950194207120962031 ) ) ;
#877 = EDGE_CURVE ( 'NONE', #845, #179, #973, .T. ) ;
#878 = DIRECTION ( 'NONE',  ( -1.000000000000000000, 0.0000000000000000000, 0.0000000000000000000 ) ) ;
#879 = PERSON_AND_ORGANIZATION ( #567, #786 ) ;
#880 = DIRECTION ( 'NONE',  ( -0.0000000000000000000, -1.000000000000000000, -3.614007241618346010E-15 ) ) ;
#881 = FACE_OUTER_BOUND ( 'NONE', #40, .T. ) ;
#882 = FACE_OUTER_BOUND ( 'NONE', #843, .T. ) ;
#883 = ORIENTED_EDGE ( 'NONE', *, *, #1014, .T. ) ;
#884 = CARTESIAN_POINT ( 'NONE',  ( 17.88849229525928308, 7.382722259234680173, 0.5488799920342276595 ) ) ;
#885 = LINE ( 'NONE', #419, #1236 ) ;
#886 = CARTESIAN_POINT ( 'NONE',  ( 0.0000000000000000000, 7.228014483236688864E-15, 1.799999999999999156 ) ) ;
#887 = ORIENTED_EDGE ( 'NONE', *, *, #413, .T. ) ;
#888 = DIRECTION ( 'NONE',  ( 0.0000000000000000000, -1.000000000000000000, -3.614007241618346010E-15 ) ) ;
#889 = EDGE_CURVE ( 'NONE', #1103, #73, #1926, .T. ) ;
#890 = CARTESIAN_POINT ( 'NONE',  ( 11.60941145498575011, 3.882093916396762712, 1.500000000000000000 ) ) ;
#891 = ORIENTED_EDGE ( 'NONE', *, *, #256, .T. ) ;
#892 = AXIS2_PLACEMENT_3D ( 'NONE', #1084, #1232, #1528 ) ;
#893 = AXIS2_PLACEMENT_3D ( 'NONE', #1649, #1790, #1947 ) ;
#894 = CARTESIAN_POINT ( 'NONE',  ( 11.81778926818606479, 5.063863220011406874, -1.500000000000000000 ) ) ;
#895 = DIRECTION ( 'NONE',  ( -1.000000000000000000, 0.0000000000000000000, 0.0000000000000000000 ) ) ;
#896 = EDGE_CURVE ( 'NONE', #460, #612, #1343, .T. ) ;
#897 = CARTESIAN_POINT ( 'NONE',  ( 24.00000000000000000, 1.000000000000000000, -1.500000000000000000 ) ) ;
#898 = B_SPLINE_CURVE_WITH_KNOTS ( 'NONE', 3,
 ( #1574, #984, #680, #805 ),
 .UNSPECIFIED., .F., .F.,
 ( 4, 4 ),
 ( 0.0000000000000000000, 4.055466299914622158E-06 ),
 .UNSPECIFIED. ) ;
#899 = DIRECTION ( 'NONE',  ( 1.000000000000000000, 0.0000000000000000000, 0.0000000000000000000 ) ) ;
#900 = CARTESIAN_POINT ( 'NONE',  ( 16.50000000000000000, 5.299999999999999822, -0.2671572875253812041 ) ) ;
#901 = PERSON_AND_ORGANIZATION ( #567, #786 ) ;
#902 = CARTESIAN_POINT ( 'NONE',  ( 11.81778926818606479, 5.063863220011406874, 1.500000000000000000 ) ) ;
#903 = EDGE_CURVE ( 'NONE', #59, #1112, #1553, .T. ) ;
#904 = VECTOR ( 'NONE', #1884, 1000.000000000000000 ) ;
#905 = LINE ( 'NONE', #923, #1609 ) ;
#906 = CARTESIAN_POINT ( 'NONE',  ( -7.729859834060379072E-16, -0.3999999999999988010, 1.800000000000000488 ) ) ;
#907 = ORIENTED_EDGE ( 'NONE', *, *, #305, .T. ) ;
#908 = CYLINDRICAL_SURFACE ( 'NONE', #387, 2.699999999999999289 ) ;
#909 = DIRECTION ( 'NONE',  ( -0.0000000000000000000, 0.0000000000000000000, 1.000000000000000000 ) ) ;
#910 = EDGE_CURVE ( 'NONE', #1891, #59, #409, .T. ) ;
#911 = VECTOR ( 'NONE', #1527, 1000.000000000000000 ) ;
#912 = CARTESIAN_POINT ( 'NONE',  ( 3.999999999999999112, -0.3999999999999995226, 2.000000000000000000 ) ) ;
#913 = CARTESIAN_POINT ( 'NONE',  ( 0.0000000000000000000, 7.926310751005315535E-15, 1.999999999999999112 ) ) ;
#914 = VERTEX_POINT ( 'NONE', #1279 ) ;
#915 = ADVANCED_FACE ( 'NONE', ( #598 ), #1577, .F. ) ;
#916 = DIRECTION ( 'NONE',  ( 0.0000000000000000000, 0.0000000000000000000, -1.000000000000000000 ) ) ;
#917 = EDGE_CURVE ( 'NONE', #729, #935, #150, .T. ) ;
#918 = ORIENTED_EDGE ( 'NONE', *, *, #1545, .T. ) ;
#919 = DIRECTION ( 'NONE',  ( 0.0000000000000000000, 0.0000000000000000000, 1.000000000000000000 ) ) ;
#920 = EDGE_CURVE ( 'NONE', #437, #195, #1301, .T. ) ;
#921 = CARTESIAN_POINT ( 'NONE',  ( 11.81778926818606479, 5.063863220011406874, -1.500000000000000000 ) ) ;
#922 = ORIENTED_EDGE ( 'NONE', *, *, #1863, .F. ) ;
#923 = CARTESIAN_POINT ( 'NONE',  ( 12.80077172133285934, 4.375571496390161741, 1.500000000000000000 ) ) ;
#924 = DIRECTION ( 'NONE',  ( 0.0000000000000000000, -3.614007241618346010E-15, -1.000000000000000000 ) ) ;
#925 = VERTEX_POINT ( 'NONE', #247 ) ;
#926 = CARTESIAN_POINT ( 'NONE',  ( 17.88878761191330113, 7.384397083205626267, -0.5483000412209620977 ) ) ;
#927 = CARTESIAN_POINT ( 'NONE',  ( 11.64414109051913648, 4.079055466999204960, 1.500000000000000000 ) ) ;
#928 = DIRECTION ( 'NONE',  ( 0.0000000000000000000, 0.0000000000000000000, 1.000000000000000000 ) ) ;
#929 = VECTOR ( 'NONE', #936, 1000.000000000000000 ) ;
#930 = CIRCLE ( 'NONE', #286, 1.000000000000000888 ) ;
#931 = ORIENTED_EDGE ( 'NONE', *, *, #196, .F. ) ;
#932 = CARTESIAN_POINT ( 'NONE',  ( 17.73001344676083946, 7.703552978568917631, -0.2671572875253813151 ) ) ;
#933 = FACE_OUTER_BOUND ( 'NONE', #1313, .T. ) ;
#934 = ADVANCED_FACE ( 'NONE', ( #363 ), #1450, .F. ) ;
#935 = VERTEX_POINT ( 'NONE', #236 ) ;
#936 = DIRECTION ( 'NONE',  ( -0.0000000000000000000, -0.0000000000000000000, -1.000000000000000000 ) ) ;
#937 = DIRECTION ( 'NONE',  ( -0.1736481776669235866, -0.9848077530122093526, 0.0000000000000000000 ) ) ;
#938 = ORIENTED_EDGE ( 'NONE', *, *, #1545, .F. ) ;
#939 = CARTESIAN_POINT ( 'NONE',  ( 4.000000000000000000, -1.400000000000000133, -2.000000000000004441 ) ) ;
#940 = DIRECTION ( 'NONE',  ( 1.000000000000000000, 0.0000000000000000000, 0.0000000000000000000 ) ) ;
#941 = ADVANCED_FACE ( 'NONE', ( #1045 ), #377, .F. ) ;
#942 = ORIENTED_EDGE ( 'NONE', *, *, #1846, .T. ) ;
#943 = CARTESIAN_POINT ( 'NONE',  ( 11.64414109051913648, 4.079055466999204960, 1.500000000000000000 ) ) ;
#944 = CARTESIAN_POINT ( 'NONE',  ( 4.000000000000000000, -0.4000000000000009659, -1.600000000000000311 ) ) ;
#945 = CARTESIAN_POINT ( 'NONE',  ( 24.00000000000000000, 2.168404344971008868E-16, 1.500000000000000000 ) ) ;
#946 = APPROVAL_PERSON_ORGANIZATION ( #1754, #1619, #1606 ) ;
#947 = CARTESIAN_POINT ( 'NONE',  ( 17.59334528600963665, 7.436491536505703159, 1.500000000000000000 ) ) ;
#948 = ADVANCED_FACE ( 'NONE', ( #344 ), #859, .T. ) ;
#949 = EDGE_CURVE ( 'NONE', #73, #600, #695, .T. ) ;
#950 = FACE_OUTER_BOUND ( 'NONE', #1350, .T. ) ;
#951 = VECTOR ( 'NONE', #1502, 1000.000000000000000 ) ;
#952 = VERTEX_POINT ( 'NONE', #1617 ) ;
#953 = DIRECTION ( 'NONE',  ( 0.0000000000000000000, 0.0000000000000000000, 1.000000000000000000 ) ) ;
#954 = VECTOR ( 'NONE', #1130, 1000.000000000000000 ) ;
#955 = EDGE_LOOP ( 'NONE', ( #1026, #1152, #171, #346 ) ) ;
#956 = CARTESIAN_POINT ( 'NONE',  ( 15.57636178828183127, 7.515150661660297438, 1.500000000000000000 ) ) ;
#957 = AXIS2_PLACEMENT_3D ( 'NONE', #1868, #63, #216 ) ;
#958 = FACE_OUTER_BOUND ( 'NONE', #1798, .T. ) ;
#959 = PLANE ( 'NONE',  #828 ) ;
#960 = ORIENTED_EDGE ( 'NONE', *, *, #518, .F. ) ;
#961 = EDGE_LOOP ( 'NONE', ( #891, #641, #41, #28 ) ) ;
#962 = ORIENTED_EDGE ( 'NONE', *, *, #819, .T. ) ;
#963 = DIRECTION ( 'NONE',  ( -1.000000000000000000, 0.0000000000000000000, 0.0000000000000000000 ) ) ;
#964 = VERTEX_POINT ( 'NONE', #426 ) ;
#965 = DIRECTION ( 'NONE',  ( 0.0000000000000000000, 0.0000000000000000000, 1.000000000000000000 ) ) ;
#966 = AXIS2_PLACEMENT_3D ( 'NONE', #939, #1089, #496 ) ;
#967 = DIRECTION ( 'NONE',  ( -0.0000000000000000000, -0.0000000000000000000, -1.000000000000000000 ) ) ;
#968 = PLANE ( 'NONE',  #1869 ) ;
#969 = CARTESIAN_POINT ( 'NONE',  ( 14.45211988927750824, 6.733941090877594959, -1.500000000000000000 ) ) ;
#970 = ADVANCED_FACE ( 'NONE', ( #1256 ), #1627, .F. ) ;
#971 = CARTESIAN_POINT ( 'NONE',  ( 12.80077172133286112, 4.375571496390159965, -1.500000000000000000 ) ) ;
#972 = CARTESIAN_POINT ( 'NONE',  ( 3.999999999999999112, -0.3999999999999995226, 1.800000000000000711 ) ) ;
#973 = CIRCLE ( 'NONE', #1811, 1.199999999999999734 ) ;
#974 = VECTOR ( 'NONE', #1190, 1000.000000000000114 ) ;
#975 = LINE ( 'NONE', #1628, #109 ) ;
#976 = FACE_OUTER_BOUND ( 'NONE', #517, .T. ) ;
#977 = ORIENTED_EDGE ( 'NONE', *, *, #173, .F. ) ;
#978 = CYLINDRICAL_SURFACE ( 'NONE', #118, 2.499999999999998668 ) ;
#979 = ORIENTED_EDGE ( 'NONE', *, *, #358, .F. ) ;
#980 = ADVANCED_FACE ( 'NONE', ( #652 ), #455, .T. ) ;
#981 = EDGE_CURVE ( 'NONE', #1103, #999, #789, .T. ) ;
#982 = ORIENTED_EDGE ( 'NONE', *, *, #1613, .F. ) ;
#983 = DIRECTION ( 'NONE',  ( -1.000000000000000000, 0.0000000000000000000, 0.0000000000000000000 ) ) ;
#984 = CARTESIAN_POINT ( 'NONE',  ( 15.08375385452458239, 7.600817484315204098, -0.7486745431412756835 ) ) ;
#985 = ORIENTED_EDGE ( 'NONE', *, *, #489, .T. ) ;
#986 = CARTESIAN_POINT ( 'NONE',  ( 16.50000000000000000, 5.299999999999999822, 1.500000000000000000 ) ) ;
#987 = CARTESIAN_POINT ( 'NONE',  ( 18.10692236518339016, 7.469746647024350317, 0.7500000000000000000 ) ) ;
#988 = EDGE_CURVE ( 'NONE', #762, #1511, #105, .T. ) ;
#989 = DATE_TIME_ROLE ( 'creation_date' ) ;
#990 = CARTESIAN_POINT ( 'NONE',  ( 4.000000000000000000, -0.2000000000000008438, -1.600000000000000311 ) ) ;
#991 = AXIS2_PLACEMENT_3D ( 'NONE', #1335, #120, #1478 ) ;
#992 = CARTESIAN_POINT ( 'NONE',  ( 15.24498763654789002, 7.898461659119623945, 0.4940461578041908663 ) ) ;
#993 = CARTESIAN_POINT ( 'NONE',  ( 17.83957975701069998, 7.872066498869568107, 0.3500000000000000888 ) ) ;
#994 = VECTOR ( 'NONE', #841, 1000.000000000000114 ) ;
#995 = CARTESIAN_POINT ( 'NONE',  ( 20.72960613926401763, 3.810597221339689700, 1.500000000000000000 ) ) ;
#996 = EDGE_CURVE ( 'NONE', #140, #608, #56, .T. ) ;
#997 = FACE_OUTER_BOUND ( 'NONE', #1022, .T. ) ;
#998 = VECTOR ( 'NONE', #1942, 1000.000000000000114 ) ;
#999 = VERTEX_POINT ( 'NONE', #1321 ) ;
#1000 = VECTOR ( 'NONE', #1252, 1000.000000000000000 ) ;
#1001 = ORIENTED_EDGE ( 'NONE', *, *, #683, .F. ) ;
#1002 = CARTESIAN_POINT ( 'NONE',  ( 17.91051920989897184, 7.835119921048069536, 0.4227630954874829206 ) ) ;
#1003 = ORIENTED_EDGE ( 'NONE', *, *, #1701, .F. ) ;
#1004 = ORIENTED_EDGE ( 'NONE', *, *, #1639, .F. ) ;
#1005 = CARTESIAN_POINT ( 'NONE',  ( 24.20837781320030757, 2.181769303614650823, -1.500000000000000000 ) ) ;
#1006 = VERTEX_POINT ( 'NONE', #1025 ) ;
#1007 = ORIENTED_EDGE ( 'NONE', *, *, #212, .F. ) ;
#1008 = DIRECTION ( 'NONE',  ( 0.8191520442889967946, -0.5735764363510391650, 0.0000000000000000000 ) ) ;
#1009 = EDGE_CURVE ( 'NONE', #1543, #42, #1777, .T. ) ;
#1010 = EDGE_LOOP ( 'NONE', ( #540, #1759, #1818, #605 ) ) ;
#1011 = APPROVAL_STATUS ( 'not_yet_approved' ) ;
#1012 = CARTESIAN_POINT ( 'NONE',  ( 17.88789932973661223, 7.379359384646303255, 1.500000000000000000 ) ) ;
#1013 = APPROVAL ( #404, '未指定' ) ;
#1014 = EDGE_CURVE ( 'NONE', #1861, #1112, #1120, .T. ) ;
#1015 = EDGE_CURVE ( 'NONE', #1194, #1851, #1482, .T. ) ;
#1016 = ORIENTED_EDGE ( 'NONE', *, *, #215, .T. ) ;
#1017 = CARTESIAN_POINT ( 'NONE',  ( 17.78134719985220258, 7.677283032727047818, 0.3215245858973659332 ) ) ;
#1018 = DIRECTION ( 'NONE',  ( -1.000000000000000000, -1.040834085586084848E-15, 0.0000000000000000000 ) ) ;
#1019 = LINE ( 'NONE', #1211, #11 ) ;
#1020 = VECTOR ( 'NONE', #853, 1000.000000000000000 ) ;
#1021 = ORIENTED_EDGE ( 'NONE', *, *, #621, .T. ) ;
#1022 = EDGE_LOOP ( 'NONE', ( #299, #1541, #528, #844 ) ) ;
#1023 = LINE ( 'NONE', #674, #1348 ) ;
#1024 = LINE ( 'NONE', #1921, #1827 ) ;
#1025 = CARTESIAN_POINT ( 'NONE',  ( -6.786102288236723657E-16, -1.400000000000000133, 2.000000000000004441 ) ) ;
#1026 = ORIENTED_EDGE ( 'NONE', *, *, #1910, .F. ) ;
#1027 = FACE_BOUND ( 'NONE', #423, .T. ) ;
#1028 = DIRECTION ( 'NONE',  ( -0.0000000000000000000, 1.000000000000000000, 3.614007241618346010E-15 ) ) ;
#1029 = ORIENTED_EDGE ( 'NONE', *, *, #1755, .T. ) ;
#1030 = EDGE_LOOP ( 'NONE', ( #770, #1587, #121, #849 ) ) ;
#1031 = CARTESIAN_POINT ( 'NONE',  ( 4.000000000000000000, 0.0000000000000000000, -1.500000000000000000 ) ) ;
#1032 = AXIS2_PLACEMENT_3D ( 'NONE', #1772, #1632, #878 ) ;
#1033 = VERTEX_POINT ( 'NONE', #719 ) ;
#1034 = DIRECTION ( 'NONE',  ( -0.0000000000000000000, -0.0000000000000000000, -1.000000000000000000 ) ) ;
#1035 = ORIENTED_EDGE ( 'NONE', *, *, #1288, .F. ) ;
#1036 = CARTESIAN_POINT ( 'NONE',  ( 8.689717831482512977, 4.599999999999973888, 1.500000000000000000 ) ) ;
#1037 = DIRECTION ( 'NONE',  ( -0.0000000000000000000, -0.0000000000000000000, -1.000000000000000000 ) ) ;
#1038 = CARTESIAN_POINT ( 'NONE',  ( 16.50000000000000000, 5.299999999999999822, 0.2671572875253810930 ) ) ;
#1039 = VERTEX_POINT ( 'NONE', #1775 ) ;
#1040 = CARTESIAN_POINT ( 'NONE',  ( 3.999999999999999112, -0.1999999999999994282, 1.600000000000000311 ) ) ;
#1041 = CARTESIAN_POINT ( 'NONE',  ( 15.08354943438676266, 7.599658160104006299, 0.7493391017329807946 ) ) ;
#1042 = DATE_AND_TIME ( #532, #483 ) ;
#1043 = DESIGN_CONTEXT ( 'detailed design', #1455, 'design' ) ;
#1044 = CARTESIAN_POINT ( 'NONE',  ( 0.0000000000000000000, -0.2000000000000000111, 1.500000000000000000 ) ) ;
#1045 = FACE_OUTER_BOUND ( 'NONE', #1403, .T. ) ;
#1046 = LINE ( 'NONE', #1824, #1167 ) ;
#1047 = VERTEX_POINT ( 'NONE', #126 ) ;
#1048 = CARTESIAN_POINT ( 'NONE',  ( 12.63694131247505936, 4.490286783660369707, -1.500000000000000000 ) ) ;
#1049 = DIRECTION ( 'NONE',  ( 0.0000000000000000000, 0.0000000000000000000, 1.000000000000000000 ) ) ;
#1050 = ORIENTED_EDGE ( 'NONE', *, *, #413, .F. ) ;
#1051 = VERTEX_POINT ( 'NONE', #277 ) ;
#1052 = EDGE_LOOP ( 'NONE', ( #418, #107, #181, #282 ) ) ;
#1053 = DIRECTION ( 'NONE',  ( 0.0000000000000000000, -0.0000000000000000000, 1.000000000000000000 ) ) ;
#1054 = EDGE_CURVE ( 'NONE', #1151, #558, #1795, .T. ) ;
#1055 = DIRECTION ( 'NONE',  ( -1.000000000000000000, 0.0000000000000000000, 0.0000000000000000000 ) ) ;
#1056 = CARTESIAN_POINT ( 'NONE',  ( 15.08395791177572498, 7.601974750493760702, 0.7480063226535637044 ) ) ;
#1057 = CARTESIAN_POINT ( 'NONE',  ( 11.81778926818606479, 5.063863220011406874, 1.500000000000000000 ) ) ;
#1058 = ADVANCED_FACE ( 'NONE', ( #1463 ), #131, .T. ) ;
#1059 = DIRECTION ( 'NONE',  ( 0.0000000000000000000, -0.0000000000000000000, 1.000000000000000000 ) ) ;
#1060 = PLANE ( 'NONE',  #77 ) ;
#1061 = CARTESIAN_POINT ( 'NONE',  ( 4.000000000000000000, -0.4000000000000009659, -1.600000000000000311 ) ) ;
#1062 = B_SPLINE_CURVE_WITH_KNOTS ( 'NONE', 3,
 ( #547, #705, #1163, #858, #112, #259 ),
 .UNSPECIFIED., .F., .F.,
 ( 4, 2, 4 ),
 ( -3.674253923955695368E-06, 0.0001915611707001858160, 0.0003867965953243273389 ),
 .UNSPECIFIED. ) ;
#1063 = CARTESIAN_POINT ( 'NONE',  ( 0.0000000000000000000, -1.400000000000000133, 2.000000000000004441 ) ) ;
#1064 = DIRECTION ( 'NONE',  ( 0.0000000000000000000, 0.0000000000000000000, -1.000000000000000000 ) ) ;
#1065 = CYLINDRICAL_SURFACE ( 'NONE', #162, 0.5000000000000004441 ) ;
#1066 = LINE ( 'NONE', #239, #672 ) ;
#1067 = DIRECTION ( 'NONE',  ( 1.000000000000000000, 0.0000000000000000000, 0.0000000000000000000 ) ) ;
#1068 = ADVANCED_FACE ( 'NONE', ( #197 ), #1322, .T. ) ;
#1069 = ORIENTED_EDGE ( 'NONE', *, *, #788, .F. ) ;
#1070 = LINE ( 'NONE', #807, #34 ) ;
#1071 = VECTOR ( 'NONE', #1427, 1000.000000000000114 ) ;
#1072 = LINE ( 'NONE', #1542, #436 ) ;
#1073 = DIRECTION ( 'NONE',  ( -0.0000000000000000000, -0.0000000000000000000, -1.000000000000000000 ) ) ;
#1074 = DIRECTION ( 'NONE',  ( 0.0000000000000000000, 1.000000000000000000, -3.614007241618346010E-15 ) ) ;
#1075 = ORIENTED_EDGE ( 'NONE', *, *, #1826, .T. ) ;
#1076 = CC_DESIGN_DATE_AND_TIME_ASSIGNMENT ( #693, #989, ( #29 ) ) ;
#1077 = DIRECTION ( 'NONE',  ( -0.2588190451025241812, 0.9659258262890673130, -0.0000000000000000000 ) ) ;
#1078 = CARTESIAN_POINT ( 'NONE',  ( 4.000000000000000000, -0.4000000000000009659, -1.600000000000000311 ) ) ;
#1079 = ORIENTED_EDGE ( 'NONE', *, *, #1319, .T. ) ;
#1080 = ADVANCED_FACE ( 'NONE', ( #1095 ), #1065, .T. ) ;
#1081 = CARTESIAN_POINT ( 'NONE',  ( 15.08334465933825363, 7.598496823094290420, 0.7500000000000000000 ) ) ;
#1082 = DIRECTION ( 'NONE',  ( -0.0000000000000000000, -0.0000000000000000000, -1.000000000000000000 ) ) ;
#1083 = EDGE_CURVE ( 'NONE', #1855, #1194, #268, .T. ) ;
#1084 = CARTESIAN_POINT ( 'NONE',  ( 24.00000000000000000, 1.000000000000000000, 1.500000000000000000 ) ) ;
#1085 = CARTESIAN_POINT ( 'NONE',  ( 16.50000000000000000, 5.299999999999999822, -0.5500000000000001554 ) ) ;
#1086 = VERTEX_POINT ( 'NONE', #1179 ) ;
#1087 = DIRECTION ( 'NONE',  ( 0.1736481776669233368, 0.9848077530122092416, -0.0000000000000000000 ) ) ;
#1088 = CARTESIAN_POINT ( 'NONE',  ( 15.57636178828183304, 7.515150661660298326, 1.500000000000000000 ) ) ;
#1089 = DIRECTION ( 'NONE',  ( -1.000000000000000000, 0.0000000000000000000, 0.0000000000000000000 ) ) ;
#1090 = ADVANCED_FACE ( 'NONE', ( #242 ), #267, .F. ) ;
#1091 = EDGE_CURVE ( 'NONE', #1303, #1941, #720, .T. ) ;
#1092 = UNCERTAINTY_MEASURE_WITH_UNIT (LENGTH_MEASURE( 1.000000000000000082E-05 ), #549, 'distance_accuracy_value', 'NONE');
#1093 = DIRECTION ( 'NONE',  ( -1.000000000000000000, -0.0000000000000000000, -0.0000000000000000000 ) ) ;
#1094 = COORDINATED_UNIVERSAL_TIME_OFFSET ( 8, 0, .AHEAD. ) ;
#1095 = FACE_OUTER_BOUND ( 'NONE', #586, .T. ) ;
#1096 = FACE_OUTER_BOUND ( 'NONE', #350, .T. ) ;
#1097 = ORIENTED_EDGE ( 'NONE', *, *, #311, .T. ) ;
#1098 = CARTESIAN_POINT ( 'NONE',  ( 0.0000000000000000000, -0.2000000000000000111, -1.500000000000000000 ) ) ;
#1099 = VECTOR ( 'NONE', #1028, 1000.000000000000000 ) ;
#1100 = ORIENTED_EDGE ( 'NONE', *, *, #51, .T. ) ;
#1101 = VECTOR ( 'NONE', #1373, 1000.000000000000000 ) ;
#1102 = CARTESIAN_POINT ( 'NONE',  ( 18.10692236518339016, 7.469746647024350317, -0.7500000000000002220 ) ) ;
#1103 = VERTEX_POINT ( 'NONE', #906 ) ;
#1104 = EDGE_CURVE ( 'NONE', #73, #1861, #739, .T. ) ;
#1105 = CARTESIAN_POINT ( 'NONE',  ( -8.673617379884035472E-16, -0.1999999999999994282, 1.600000000000000311 ) ) ;
#1106 = ORIENTED_EDGE ( 'NONE', *, *, #910, .F. ) ;
#1107 = CARTESIAN_POINT ( 'NONE',  ( 11.81778926818606479, 5.063863220011406874, 1.500000000000000000 ) ) ;
#1108 = ORIENTED_EDGE ( 'NONE', *, *, #113, .F. ) ;
#1109 = DIRECTION ( 'NONE',  ( -1.000000000000000000, 0.0000000000000000000, 0.0000000000000000000 ) ) ;
#1110 = EDGE_LOOP ( 'NONE', ( #798, #1357, #962, #1470 ) ) ;
#1111 = DIRECTION ( 'NONE',  ( 1.000000000000000000, 0.0000000000000000000, 0.0000000000000000000 ) ) ;
#1112 = VERTEX_POINT ( 'NONE', #142 ) ;
#1113 = CARTESIAN_POINT ( 'NONE',  ( 3.999999999999999112, -0.2000000000000000111, 2.000000000000000000 ) ) ;
#1114 = ADVANCED_FACE ( 'NONE', ( #1608 ), #1652, .F. ) ;
#1115 = EDGE_CURVE ( 'NONE', #476, #1051, #1821, .T. ) ;
#1116 = DIRECTION ( 'NONE',  ( 0.9848077530122093526, -0.1736481776669235866, 0.0000000000000000000 ) ) ;
#1117 = ORIENTED_EDGE ( 'NONE', *, *, #1515, .T. ) ;
#1118 = CARTESIAN_POINT ( 'NONE',  ( 15.38393716084054752, 7.976640382839527810, 1.500000000000000000 ) ) ;
#1119 = EDGE_CURVE ( 'NONE', #808, #607, #626, .T. ) ;
#1120 = LINE ( 'NONE', #582, #1143 ) ;
#1121 = LINE ( 'NONE', #1433, #1534 ) ;
#1122 = ORIENTED_EDGE ( 'NONE', *, *, #1411, .F. ) ;
#1123 = LINE ( 'NONE', #25, #1734 ) ;
#1124 = ADVANCED_FACE ( 'NONE', ( #1392 ), #295, .T. ) ;
#1125 = EDGE_CURVE ( 'NONE', #1763, #1418, #1948, .T. ) ;
#1126 = VECTOR ( 'NONE', #1420, 1000.000000000000000 ) ;
#1127 = ORIENTED_EDGE ( 'NONE', *, *, #75, .F. ) ;
#1128 = AXIS2_PLACEMENT_3D ( 'NONE', #60, #953, #69 ) ;
#1129 = CIRCLE ( 'NONE', #1843, 2.899999999999999911 ) ;
#1130 = DIRECTION ( 'NONE',  ( -0.0000000000000000000, 6.982962677686266711E-15, -1.000000000000000000 ) ) ;
#1131 = ORIENTED_EDGE ( 'NONE', *, *, #1320, .T. ) ;
#1132 = CARTESIAN_POINT ( 'NONE',  ( 4.000000000000000000, -1.400000000000000133, -2.000000000000004441 ) ) ;
#1133 = CARTESIAN_POINT ( 'NONE',  ( 15.28091946237816678, 7.567245114960375219, 0.5113924862352349221 ) ) ;
#1134 = ORIENTED_EDGE ( 'NONE', *, *, #1339, .F. ) ;
#1135 = ADVANCED_FACE ( 'NONE', ( #997 ), #1499, .T. ) ;
#1136 = CARTESIAN_POINT ( 'NONE',  ( 24.00000000000000000, -0.1999999999999998723, -1.500000000000000000 ) ) ;
#1137 = DIRECTION ( 'NONE',  ( 1.000000000000000000, -0.0000000000000000000, 0.0000000000000000000 ) ) ;
#1138 = ORIENTED_EDGE ( 'NONE', *, *, #489, .F. ) ;
#1139 = PERSON_AND_ORGANIZATION_ROLE ( 'creator' ) ;
#1140 = DIRECTION ( 'NONE',  ( 0.0000000000000000000, 3.523657060577887833E-15, 1.000000000000000000 ) ) ;
#1141 = AXIS2_PLACEMENT_3D ( 'NONE', #1513, #625, #1059 ) ;
#1142 = LOCAL_TIME ( 12, 26, 6.000000000000000000, #1530 ) ;
#1143 = VECTOR ( 'NONE', #728, 1000.000000000000000 ) ;
#1144 = TOROIDAL_SURFACE ( 'NONE', #1956, 2.399999999999999023, 0.2999999999999999889 ) ;
#1145 = VERTEX_POINT ( 'NONE', #757 ) ;
#1146 = VECTOR ( 'NONE', #226, 1000.000000000000000 ) ;
#1147 = DIRECTION ( 'NONE',  ( 0.0000000000000000000, -1.057097118173366350E-14, 1.000000000000000000 ) ) ;
#1148 = CARTESIAN_POINT ( 'NONE',  ( 3.999999999999996447, 0.0000000000000000000, 1.600000000000000311 ) ) ;
#1149 = FACE_OUTER_BOUND ( 'NONE', #1214, .T. ) ;
#1150 = DIRECTION ( 'NONE',  ( 0.0000000000000000000, 0.0000000000000000000, 1.000000000000000000 ) ) ;
#1151 = VERTEX_POINT ( 'NONE', #1814 ) ;
#1152 = ORIENTED_EDGE ( 'NONE', *, *, #1515, .F. ) ;
#1153 =( NAMED_UNIT ( * ) SI_UNIT ( $, .STERADIAN. ) SOLID_ANGLE_UNIT ( ) );
#1154 = CARTESIAN_POINT ( 'NONE',  ( 17.73001344676083946, 7.703552978568917631, 0.2671572875253812041 ) ) ;
#1155 = PLANE ( 'NONE',  #260 ) ;
#1156 = EDGE_CURVE ( 'NONE', #279, #1855, #220, .T. ) ;
#1157 = EDGE_LOOP ( 'NONE', ( #47, #327, #341, #1832 ) ) ;
#1158 = CARTESIAN_POINT ( 'NONE',  ( 0.0000000000000000000, 0.0000000000000000000, 0.0000000000000000000 ) ) ;
#1159 = CARTESIAN_POINT ( 'NONE',  ( 19.76368031297495165, 3.551778176237164963, -1.500000000000000000 ) ) ;
#1160 = AXIS2_PLACEMENT_3D ( 'NONE', #1078, #618, #1381 ) ;
#1161 = DIRECTION ( 'NONE',  ( -1.000000000000000000, 0.0000000000000000000, 0.0000000000000000000 ) ) ;
#1162 = ORIENTED_EDGE ( 'NONE', *, *, #518, .T. ) ;
#1163 = CARTESIAN_POINT ( 'NONE',  ( 15.37805795915772400, 7.745562494339454318, -0.3561203919296881404 ) ) ;
#1164 = ORIENTED_EDGE ( 'NONE', *, *, #917, .F. ) ;
#1165 = CARTESIAN_POINT ( 'NONE',  ( 0.0000000000000000000, -0.2000000000000000111, -1.500000000000000000 ) ) ;
#1166 = VECTOR ( 'NONE', #1296, 1000.000000000000000 ) ;
#1167 = VECTOR ( 'NONE', #1087, 1000.000000000000227 ) ;
#1168 = EDGE_LOOP ( 'NONE', ( #1919, #1770, #310, #812 ) ) ;
#1169 = CARTESIAN_POINT ( 'NONE',  ( 24.20837781320030757, 2.181769303614650823, 1.500000000000000000 ) ) ;
#1170 = VECTOR ( 'NONE', #880, 1000.000000000000000 ) ;
#1171 = FACE_OUTER_BOUND ( 'NONE', #731, .T. ) ;
#1172 = VECTOR ( 'NONE', #76, 1000.000000000000000 ) ;
#1173 = DIRECTION ( 'NONE',  ( 1.000000000000000000, -0.0000000000000000000, -0.0000000000000000000 ) ) ;
#1174 = EDGE_LOOP ( 'NONE', ( #704, #1859, #1915, #677 ) ) ;
#1175 = ORIENTED_EDGE ( 'NONE', *, *, #611, .T. ) ;
#1176 = CARTESIAN_POINT ( 'NONE',  ( 3.999999999999996447, 0.0000000000000000000, 1.500000000000000000 ) ) ;
#1177 = CARTESIAN_POINT ( 'NONE',  ( 20.72960613926401763, 3.810597221339689700, -1.500000000000000000 ) ) ;
#1178 = ORIENTED_EDGE ( 'NONE', *, *, #1188, .T. ) ;
#1179 = CARTESIAN_POINT ( 'NONE',  ( -7.729859834060379072E-16, -0.1999999999999994282, 1.600000000000000311 ) ) ;
#1180 = CC_DESIGN_APPROVAL ( #1619, ( #809 ) ) ;
#1181 = EDGE_CURVE ( 'NONE', #1855, #1185, #1019, .T. ) ;
#1182 = CARTESIAN_POINT ( 'NONE',  ( 16.50000000000000000, 5.299999999999999822, 0.3499999999999999778 ) ) ;
#1183 = CARTESIAN_POINT ( 'NONE',  ( 4.000000000000000000, -0.2000000000000000111, -1.500000000000000000 ) ) ;
#1184 = CARTESIAN_POINT ( 'NONE',  ( 17.91051920989897184, 7.835119921048069536, -0.4227630954874831426 ) ) ;
#1185 = VERTEX_POINT ( 'NONE', #617 ) ;
#1186 = VECTOR ( 'NONE', #357, 1000.000000000000000 ) ;
#1187 = ORIENTED_EDGE ( 'NONE', *, *, #1215, .F. ) ;
#1188 = EDGE_CURVE ( 'NONE', #437, #874, #155, .T. ) ;
#1189 = ORIENTED_EDGE ( 'NONE', *, *, #1014, .F. ) ;
#1190 = DIRECTION ( 'NONE',  ( 0.1736481776669236421, 0.9848077530122092416, 0.0000000000000000000 ) ) ;
#1191 = AXIS2_PLACEMENT_3D ( 'NONE', #1432, #1300, #1454 ) ;
#1192 = EDGE_LOOP ( 'NONE', ( #85, #1164, #1484, #1311 ) ) ;
#1193 = AXIS2_PLACEMENT_3D ( 'NONE', #1458, #1453, #1923 ) ;
#1194 = VERTEX_POINT ( 'NONE', #781 ) ;
#1195 = ORIENTED_EDGE ( 'NONE', *, *, #1181, .F. ) ;
#1196 = CARTESIAN_POINT ( 'NONE',  ( 3.999999999999999112, -1.400000000000000133, 2.000000000000004441 ) ) ;
#1197 = DIRECTION ( 'NONE',  ( -0.0000000000000000000, -0.0000000000000000000, -1.000000000000000000 ) ) ;
#1198 = EDGE_CURVE ( 'NONE', #1851, #1145, #1474, .T. ) ;
#1199 = CARTESIAN_POINT ( 'NONE',  ( 16.50000000000000000, 5.299999999999999822, -1.500000000000000000 ) ) ;
#1200 = CARTESIAN_POINT ( 'NONE',  ( 19.57049514771713916, 3.500014367216659927, -1.499999999999999112 ) ) ;
#1201 = EDGE_CURVE ( 'NONE', #1006, #999, #1261, .T. ) ;
#1202 = EDGE_CURVE ( 'NONE', #1559, #591, #444, .T. ) ;
#1203 = VECTOR ( 'NONE', #283, 1000.000000000000000 ) ;
#1204 = FACE_OUTER_BOUND ( 'NONE', #290, .T. ) ;
#1205 = ORIENTED_EDGE ( 'NONE', *, *, #996, .F. ) ;
#1206 = PLANE ( 'NONE',  #1550 ) ;
#1207 = LINE ( 'NONE', #1044, #461 ) ;
#1208 = LINE ( 'NONE', #507, #676 ) ;
#1209 = ORIENTED_EDGE ( 'NONE', *, *, #96, .T. ) ;
#1210 = ORIENTED_EDGE ( 'NONE', *, *, #157, .F. ) ;
#1211 = CARTESIAN_POINT ( 'NONE',  ( 15.08334465933825363, 7.598496823094290420, 1.500000000000000000 ) ) ;
#1212 = VECTOR ( 'NONE', #888, 1000.000000000000000 ) ;
#1213 = B_SPLINE_CURVE_WITH_KNOTS ( 'NONE', 3,
 ( #1471, #1184, #876, #428, #1318, #421 ),
 .UNSPECIFIED., .F., .F.,
 ( 4, 2, 4 ),
 ( -4.915978186031335443E-06, 0.0003194704449466133833, 0.0006438568680792581579 ),
 .UNSPECIFIED. ) ;
#1214 = EDGE_LOOP ( 'NONE', ( #922, #1069, #1473, #376 ) ) ;
#1215 = EDGE_CURVE ( 'NONE', #393, #729, #1662, .T. ) ;
#1216 = ORIENTED_EDGE ( 'NONE', *, *, #1748, .F. ) ;
#1217 = DIRECTION ( 'NONE',  ( -0.9848077530122093526, 0.1736481776669233645, 0.0000000000000000000 ) ) ;
#1218 = EDGE_CURVE ( 'NONE', #1033, #914, #1558, .T. ) ;
#1219 = ORIENTED_EDGE ( 'NONE', *, *, #1351, .F. ) ;
#1220 = AXIS2_PLACEMENT_3D ( 'NONE', #498, #818, #963 ) ;
#1221 = CARTESIAN_POINT ( 'NONE',  ( 17.73001344676083946, 7.703552978568917631, 1.500000000000000000 ) ) ;
#1222 = PLANE ( 'NONE',  #1624 ) ;
#1223 = ORIENTED_EDGE ( 'NONE', *, *, #903, .T. ) ;
#1224 = CARTESIAN_POINT ( 'NONE',  ( -8.673617379884035472E-16, 5.421010862427522170E-16, 1.600000000000000311 ) ) ;
#1225 = CARTESIAN_POINT ( 'NONE',  ( 17.90204898536463318, 7.459606069363322156, -0.5222569982206780592 ) ) ;
#1226 = ADVANCED_FACE ( 'NONE', ( #1171 ), #43, .F. ) ;
#1227 = CARTESIAN_POINT ( 'NONE',  ( 15.28091946237816678, 7.567245114960375219, 0.5500000000000000444 ) ) ;
#1228 = ORIENTED_EDGE ( 'NONE', *, *, #454, .T. ) ;
#1229 = AXIS2_PLACEMENT_3D ( 'NONE', #1182, #571, #122 ) ;
#1230 = PLANE ( 'NONE',  #71 ) ;
#1231 = APPROVAL_PERSON_ORGANIZATION ( #1793, #1721, #116 ) ;
#1232 = DIRECTION ( 'NONE',  ( -0.0000000000000000000, -0.0000000000000000000, -1.000000000000000000 ) ) ;
#1233 = LINE ( 'NONE', #1227, #61 ) ;
#1234 = FACE_OUTER_BOUND ( 'NONE', #1877, .T. ) ;
#1235 = ORIENTED_EDGE ( 'NONE', *, *, #293, .F. ) ;
#1236 = VECTOR ( 'NONE', #424, 1000.000000000000000 ) ;
#1237 = ADVANCED_FACE ( 'NONE', ( #433 ), #368, .F. ) ;
#1238 = PLANE ( 'NONE',  #773 ) ;
#1239 = CARTESIAN_POINT ( 'NONE',  ( 3.999999999999999112, -1.400000000000000799, 1.800000000000004041 ) ) ;
#1240 = ORIENTED_EDGE ( 'NONE', *, *, #1408, .F. ) ;
#1241 = CARTESIAN_POINT ( 'NONE',  ( 17.78134719985220258, 7.677283032727047818, -0.3215245858973660997 ) ) ;
#1242 = ORIENTED_EDGE ( 'NONE', *, *, #1104, .F. ) ;
#1243 = ORIENTED_EDGE ( 'NONE', *, *, #1481, .T. ) ;
#1244 = ORIENTED_EDGE ( 'NONE', *, *, #196, .T. ) ;
#1245 = ORIENTED_EDGE ( 'NONE', *, *, #910, .T. ) ;
#1246 = EDGE_CURVE ( 'NONE', #464, #845, #1349, .T. ) ;
#1247 = DIRECTION ( 'NONE',  ( -0.9848077530122092416, 0.1736481776669235588, 0.0000000000000000000 ) ) ;
#1248 = PLANE ( 'NONE',  #1416 ) ;
#1249 = DIRECTION ( 'NONE',  ( 0.0000000000000000000, 0.0000000000000000000, 1.000000000000000000 ) ) ;
#1250 = DIRECTION ( 'NONE',  ( -1.000000000000000000, 0.0000000000000000000, -2.168404344971008868E-16 ) ) ;
#1251 = EDGE_CURVE ( 'NONE', #398, #1285, #1929, .T. ) ;
#1252 = DIRECTION ( 'NONE',  ( -0.0000000000000000000, -1.000000000000000000, -0.0000000000000000000 ) ) ;
#1253 = EDGE_LOOP ( 'NONE', ( #1888, #463, #1675, #434 ) ) ;
#1254 = ADVANCED_FACE ( 'NONE', ( #976 ), #1690, .T. ) ;
#1255 = DIRECTION ( 'NONE',  ( 0.0000000000000000000, -3.491481338843133355E-15, 1.000000000000000000 ) ) ;
#1256 = FACE_OUTER_BOUND ( 'NONE', #114, .T. ) ;
#1257 = AXIS2_PLACEMENT_3D ( 'NONE', #359, #1249, #355 ) ;
#1258 = LINE ( 'NONE', #285, #974 ) ;
#1259 = ORIENTED_EDGE ( 'NONE', *, *, #157, .T. ) ;
#1260 = CIRCLE ( 'NONE', #147, 0.4000000000000001887 ) ;
#1261 = LINE ( 'NONE', #1819, #1781 ) ;
#1262 = ORIENTED_EDGE ( 'NONE', *, *, #1501, .T. ) ;
#1263 = LINE ( 'NONE', #1514, #702 ) ;
#1264 = DIRECTION ( 'NONE',  ( -1.000000000000000000, 0.0000000000000000000, -2.168404344971008868E-16 ) ) ;
#1265 = ORIENTED_EDGE ( 'NONE', *, *, #1495, .T. ) ;
#1266 = DIRECTION ( 'NONE',  ( 0.0000000000000000000, -1.070649645329435155E-14, 1.000000000000000000 ) ) ;
#1267 = CARTESIAN_POINT ( 'NONE',  ( 14.28828948041971003, 6.848656378147802926, -1.500000000000000000 ) ) ;
#1268 = ADVANCED_FACE ( 'NONE', ( #1326 ), #628, .F. ) ;
#1269 = VERTEX_POINT ( 'NONE', #1848 ) ;
#1270 = AXIS2_PLACEMENT_3D ( 'NONE', #339, #481, #1536 ) ;
#1271 = DIRECTION ( 'NONE',  ( -0.0000000000000000000, -1.000000000000000000, -0.0000000000000000000 ) ) ;
#1272 = ORIENTED_EDGE ( 'NONE', *, *, #716, .F. ) ;
#1273 = CARTESIAN_POINT ( 'NONE',  ( -8.673617379884035472E-16, -0.3999999999999995226, 1.800000000000000711 ) ) ;
#1274 = ADVANCED_FACE ( 'NONE', ( #62 ), #765, .F. ) ;
#1275 = ORIENTED_EDGE ( 'NONE', *, *, #519, .T. ) ;
#1276 = ORIENTED_EDGE ( 'NONE', *, *, #701, .F. ) ;
#1277 = CC_DESIGN_PERSON_AND_ORGANIZATION_ASSIGNMENT ( #879, #1902, ( #374 ) ) ;
#1278 = CARTESIAN_POINT ( 'NONE',  ( 4.000000000000000000, -0.3999999999999995226, -1.800000000000000711 ) ) ;
#1279 = CARTESIAN_POINT ( 'NONE',  ( 19.57049514771713916, 3.500014367216659483, -1.500000000000000000 ) ) ;
#1280 = LINE ( 'NONE', #1720, #1581 ) ;
#1281 = EDGE_CURVE ( 'NONE', #1559, #1543, #749, .T. ) ;
#1282 = CIRCLE ( 'NONE', #384, 0.2000000000000000944 ) ;
#1283 = ORIENTED_EDGE ( 'NONE', *, *, #988, .T. ) ;
#1284 = VECTOR ( 'NONE', #98, 1000.000000000000000 ) ;
#1285 = VERTEX_POINT ( 'NONE', #1391 ) ;
#1286 = APPLICATION_PROTOCOL_DEFINITION ( 'international standard', 'config_control_design', 1994, #1455 ) ;
#1287 = ORIENTED_EDGE ( 'NONE', *, *, #263, .T. ) ;
#1288 = EDGE_CURVE ( 'NONE', #591, #762, #534, .T. ) ;
#1289 = CARTESIAN_POINT ( 'NONE',  ( 11.64414109051913648, 4.079055466999204960, -1.500000000000000000 ) ) ;
#1290 = AXIS2_PLACEMENT_3D ( 'NONE', #435, #587, #1018 ) ;
#1291 = CARTESIAN_POINT ( 'NONE',  ( 16.50000000000000000, 5.299999999999999822, 1.500000000000000000 ) ) ;
#1292 = AXIS2_PLACEMENT_3D ( 'NONE', #913, #924, #1074 ) ;
#1293 = CARTESIAN_POINT ( 'NONE',  ( 12.63694131247505936, 4.490286783660369707, 1.500000000000000000 ) ) ;
#1294 = CARTESIAN_POINT ( 'NONE',  ( 12.80077172133286112, 4.375571496390159965, 1.500000000000000000 ) ) ;
#1295 = DIRECTION ( 'NONE',  ( 0.0000000000000000000, 0.0000000000000000000, 1.000000000000000000 ) ) ;
#1296 = DIRECTION ( 'NONE',  ( -0.0000000000000000000, -0.0000000000000000000, -1.000000000000000000 ) ) ;
#1297 = EDGE_CURVE ( 'NONE', #608, #395, #724, .T. ) ;
#1298 = CARTESIAN_POINT ( 'NONE',  ( 19.76368031297495165, 3.551778176237164963, 1.500000000000000000 ) ) ;
#1299 = CALENDAR_DATE ( 2020, 18, 12 ) ;
#1300 = DIRECTION ( 'NONE',  ( -0.0000000000000000000, -0.0000000000000000000, -1.000000000000000000 ) ) ;
#1301 = LINE ( 'NONE', #401, #1875 ) ;
#1302 = VECTOR ( 'NONE', #1037, 1000.000000000000000 ) ;
#1303 = VERTEX_POINT ( 'NONE', #1549 ) ;
#1304 = LINE ( 'NONE', #1671, #929 ) ;
#1305 = PERSON_AND_ORGANIZATION_ROLE ( 'design_owner' ) ;
#1306 = VECTOR ( 'NONE', #303, 1000.000000000000000 ) ;
#1307 = DIRECTION ( 'NONE',  ( 1.000000000000000000, 0.0000000000000000000, -0.0000000000000000000 ) ) ;
#1308 = ORIENTED_EDGE ( 'NONE', *, *, #1936, .T. ) ;
#1309 = EDGE_LOOP ( 'NONE', ( #1878, #1576, #1205, #942 ) ) ;
#1310 = VERTEX_POINT ( 'NONE', #527 ) ;
#1311 = ORIENTED_EDGE ( 'NONE', *, *, #1924, .T. ) ;
#1312 = EDGE_CURVE ( 'NONE', #1851, #1185, #898, .T. ) ;
#1313 = EDGE_LOOP ( 'NONE', ( #1692, #225, #472, #1658 ) ) ;
#1314 = DIRECTION ( 'NONE',  ( 0.0000000000000000000, 0.0000000000000000000, 1.000000000000000000 ) ) ;
#1315 =( GEOMETRIC_REPRESENTATION_CONTEXT ( 3 ) GLOBAL_UNCERTAINTY_ASSIGNED_CONTEXT ( ( #1092 ) ) GLOBAL_UNIT_ASSIGNED_CONTEXT ( ( #549, #713, #1153 ) ) REPRESENTATION_CONTEXT ( 'NONE', 'WORKASPACE' ) );
#1316 = ORIENTED_EDGE ( 'NONE', *, *, #896, .F. ) ;
#1317 = DIRECTION ( 'NONE',  ( -0.0000000000000000000, -0.0000000000000000000, -1.000000000000000000 ) ) ;
#1318 = CARTESIAN_POINT ( 'NONE',  ( 18.09911991198598358, 7.564253430027218172, -0.6965228225013033736 ) ) ;
#1319 = EDGE_CURVE ( 'NONE', #160, #1666, #514, .T. ) ;
#1320 = EDGE_CURVE ( 'NONE', #1086, #1861, #1612, .T. ) ;
#1321 = CARTESIAN_POINT ( 'NONE',  ( -7.729859834060379072E-16, -1.400000000000000799, 1.800000000000004041 ) ) ;
#1322 = PLANE ( 'NONE',  #1742 ) ;
#1323 = EDGE_LOOP ( 'NONE', ( #977, #1223, #1189, #1100, #217, #302, #1643, #836 ) ) ;
#1324 = CARTESIAN_POINT ( 'NONE',  ( 17.82556001341761487, 7.636424206050278052, 0.3761758177677698711 ) ) ;
#1325 = VECTOR ( 'NONE', #1695, 999.9999999999998863 ) ;
#1326 = FACE_OUTER_BOUND ( 'NONE', #39, .T. ) ;
#1327 = ORIENTED_EDGE ( 'NONE', *, *, #241, .T. ) ;
#1328 = CARTESIAN_POINT ( 'NONE',  ( 17.88819618228655628, 7.381042919115884615, 0.5494466642439450599 ) ) ;
#1329 = VECTOR ( 'NONE', #1255, 1000.000000000000000 ) ;
#1330 = AXIS2_PLACEMENT_3D ( 'NONE', #1165, #733, #1945 ) ;
#1331 = CARTESIAN_POINT ( 'NONE',  ( 20.72960613926401763, 3.810597221339689700, 1.500000000000000000 ) ) ;
#1332 = VECTOR ( 'NONE', #1082, 1000.000000000000000 ) ;
#1333 = CARTESIAN_POINT ( 'NONE',  ( 11.60941145498575011, 3.882093916396762712, 1.500000000000000000 ) ) ;
#1334 = ORIENTED_EDGE ( 'NONE', *, *, #1602, .F. ) ;
#1335 = CARTESIAN_POINT ( 'NONE',  ( 14.28828948041971003, 6.848656378147802926, -1.500000000000000000 ) ) ;
#1336 = EDGE_LOOP ( 'NONE', ( #1216, #9, #1872, #1689 ) ) ;
#1337 = ORIENTED_EDGE ( 'NONE', *, *, #1386, .T. ) ;
#1338 = DIRECTION ( 'NONE',  ( 0.0000000000000000000, 3.523657060577887833E-15, -1.000000000000000000 ) ) ;
#1339 = EDGE_CURVE ( 'NONE', #612, #1428, #790, .T. ) ;
#1340 = EDGE_CURVE ( 'NONE', #538, #233, #110, .T. ) ;
#1341 = CARTESIAN_POINT ( 'NONE',  ( 11.64414109051913648, 4.079055466999204960, 1.500000000000000000 ) ) ;
#1342 = COORDINATED_UNIVERSAL_TIME_OFFSET ( 8, 0, .AHEAD. ) ;
#1343 = LINE ( 'NONE', #829, #1439 ) ;
#1344 = VECTOR ( 'NONE', #3, 1000.000000000000000 ) ;
#1345 = DIRECTION ( 'NONE',  ( 1.000000000000000000, -0.0000000000000000000, -0.0000000000000000000 ) ) ;
#1346 = VERTEX_POINT ( 'NONE', #78 ) ;
#1347 = B_SPLINE_CURVE_WITH_KNOTS ( 'NONE', 3,
 ( #993, #1002, #1580, #851, #99, #987 ),
 .UNSPECIFIED., .F., .F.,
 ( 4, 2, 4 ),
 ( -4.915978186031335443E-06, 0.0003194704449466133833, 0.0006438568680792581579 ),
 .UNSPECIFIED. ) ;
#1348 = VECTOR ( 'NONE', #1271, 1000.000000000000000 ) ;
#1349 = LINE ( 'NONE', #1098, #1375 ) ;
#1350 = EDGE_LOOP ( 'NONE', ( #872, #1719, #541, #1175 ) ) ;
#1351 = EDGE_CURVE ( 'NONE', #470, #808, #864, .T. ) ;
#1352 = LINE ( 'NONE', #1224, #1101 ) ;
#1353 = DIRECTION ( 'NONE',  ( 0.5735764363510391650, 0.8191520442889967946, 0.0000000000000000000 ) ) ;
#1354 = CARTESIAN_POINT ( 'NONE',  ( 0.0000000000000000000, -0.4000000000000009659, -1.600000000000000311 ) ) ;
#1355 = ORIENTED_EDGE ( 'NONE', *, *, #949, .T. ) ;
#1356 = ORIENTED_EDGE ( 'NONE', *, *, #580, .F. ) ;
#1357 = ORIENTED_EDGE ( 'NONE', *, *, #1351, .T. ) ;
#1358 = ORIENTED_EDGE ( 'NONE', *, *, #301, .F. ) ;
#1359 = DIRECTION ( 'NONE',  ( -0.9848077530122093526, 0.1736481776669234200, 0.0000000000000000000 ) ) ;
#1360 = CARTESIAN_POINT ( 'NONE',  ( 3.999999999999999112, -0.3999999999999995226, 1.600000000000000311 ) ) ;
#1361 = DIRECTION ( 'NONE',  ( -0.0000000000000000000, 1.000000000000000000, 3.491481338843133355E-15 ) ) ;
#1362 = ADVANCED_FACE ( 'NONE', ( #1467 ), #581, .F. ) ;
#1363 = ORIENTED_EDGE ( 'NONE', *, *, #1791, .F. ) ;
#1364 = B_SPLINE_CURVE_WITH_KNOTS ( 'NONE', 3,
 ( #1786, #1328, #884, #1646 ),
 .UNSPECIFIED., .F., .F.,
 ( 4, 4 ),
 ( 0.0000000000000000000, 5.390483452387280405E-06 ),
 .UNSPECIFIED. ) ;
#1365 = AXIS2_PLACEMENT_3D ( 'NONE', #1199, #1797, #1954 ) ;
#1366 = PLANE ( 'NONE',  #615 ) ;
#1367 = DIRECTION ( 'NONE',  ( 0.0000000000000000000, 1.000000000000000000, -3.614007241618346010E-15 ) ) ;
#1368 = CARTESIAN_POINT ( 'NONE',  ( 15.10028875212631227, 7.694591548473144194, -0.6945281833431100615 ) ) ;
#1369 = CARTESIAN_POINT ( 'NONE',  ( 8.689717831482512977, 4.599999999999973888, 1.500000000000000000 ) ) ;
#1370 = VECTOR ( 'NONE', #1314, 1000.000000000000000 ) ;
#1371 = LINE ( 'NONE', #1497, #243 ) ;
#1372 = ADVANCED_FACE ( 'NONE', ( #178 ), #1894, .F. ) ;
#1373 = DIRECTION ( 'NONE',  ( 1.000000000000000000, 0.0000000000000000000, 0.0000000000000000000 ) ) ;
#1374 = CIRCLE ( 'NONE', #416, 2.499999999999998668 ) ;
#1375 = VECTOR ( 'NONE', #1522, 1000.000000000000000 ) ;
#1376 = ORIENTED_EDGE ( 'NONE', *, *, #1591, .T. ) ;
#1377 = CARTESIAN_POINT ( 'NONE',  ( 17.88603695230928281, 7.527201736897505491, -0.4767261110244420674 ) ) ;
#1378 = VECTOR ( 'NONE', #750, 1000.000000000000000 ) ;
#1379 = VECTOR ( 'NONE', #643, 1000.000000000000000 ) ;
#1380 = ORIENTED_EDGE ( 'NONE', *, *, #1413, .T. ) ;
#1381 = DIRECTION ( 'NONE',  ( 0.0000000000000000000, 0.0000000000000000000, -1.000000000000000000 ) ) ;
#1382 = EDGE_LOOP ( 'NONE', ( #1898, #133, #1493, #1029 ) ) ;
#1383 = ORIENTED_EDGE ( 'NONE', *, *, #305, .F. ) ;
#1384 = DIRECTION ( 'NONE',  ( -0.0000000000000000000, -0.0000000000000000000, -1.000000000000000000 ) ) ;
#1385 = ADVANCED_FACE ( 'NONE', ( #462 ), #1735, .F. ) ;
#1386 = EDGE_CURVE ( 'NONE', #1145, #682, #577, .T. ) ;
#1387 = ADVANCED_FACE ( 'NONE', ( #174 ), #959, .F. ) ;
#1388 = DIRECTION ( 'NONE',  ( -0.9848077530122092416, 0.1736481776669233368, 0.0000000000000000000 ) ) ;
#1389 = AXIS2_PLACEMENT_3D ( 'NONE', #831, #1745, #983 ) ;
#1390 = DATE_AND_TIME ( #1299, #452 ) ;
#1391 = CARTESIAN_POINT ( 'NONE',  ( 20.55595796159709465, 2.825789468327479792, 1.500000000000000000 ) ) ;
#1392 = FACE_OUTER_BOUND ( 'NONE', #1174, .T. ) ;
#1393 = FACE_OUTER_BOUND ( 'NONE', #115, .T. ) ;
#1394 = ORIENTED_EDGE ( 'NONE', *, *, #1408, .T. ) ;
#1395 = DIRECTION ( 'NONE',  ( -2.168404344971008868E-16, -0.0000000000000000000, 1.000000000000000000 ) ) ;
#1396 = FACE_OUTER_BOUND ( 'NONE', #1838, .T. ) ;
#1397 = EDGE_CURVE ( 'NONE', #914, #1039, #815, .T. ) ;
#1398 = CARTESIAN_POINT ( 'NONE',  ( 0.0000000000000000000, -1.400000000000000133, -2.000000000000004441 ) ) ;
#1399 = ORIENTED_EDGE ( 'NONE', *, *, #981, .F. ) ;
#1400 = ADVANCED_FACE ( 'NONE', ( #882 ), #686, .F. ) ;
#1401 = EDGE_LOOP ( 'NONE', ( #1516, #1566, #823, #1767 ) ) ;
#1402 = ORIENTED_EDGE ( 'NONE', *, *, #1125, .F. ) ;
#1403 = EDGE_LOOP ( 'NONE', ( #1669, #1939, #985, #440 ) ) ;
#1404 = ORIENTED_EDGE ( 'NONE', *, *, #711, .T. ) ;
#1405 = DIRECTION ( 'NONE',  ( -0.9848077530122093526, 0.1736481776669233645, -0.0000000000000000000 ) ) ;
#1406 = PLANE ( 'NONE',  #356 ) ;
#1407 = DIRECTION ( 'NONE',  ( -0.0000000000000000000, -0.0000000000000000000, -1.000000000000000000 ) ) ;
#1408 = EDGE_CURVE ( 'NONE', #1285, #365, #930, .T. ) ;
#1409 = DIRECTION ( 'NONE',  ( 0.0000000000000000000, 1.000000000000000000, 0.0000000000000000000 ) ) ;
#1410 = DIRECTION ( 'NONE',  ( -0.0000000000000000000, -0.0000000000000000000, -1.000000000000000000 ) ) ;
#1411 = EDGE_CURVE ( 'NONE', #1891, #925, #1208, .T. ) ;
#1412 = CARTESIAN_POINT ( 'NONE',  ( 19.76368031297495165, 3.551778176237164963, 1.500000000000000000 ) ) ;
#1413 = EDGE_CURVE ( 'NONE', #1151, #1444, #1024, .T. ) ;
#1414 = CARTESIAN_POINT ( 'NONE',  ( 15.37805795915772400, 7.745562494339454318, 0.3561203919296880849 ) ) ;
#1415 = VECTOR ( 'NONE', #595, 999.9999999999998863 ) ;
#1416 = AXIS2_PLACEMENT_3D ( 'NONE', #347, #1871, #1116 ) ;
#1417 = FACE_OUTER_BOUND ( 'NONE', #1762, .T. ) ;
#1418 = VERTEX_POINT ( 'NONE', #1267 ) ;
#1419 = ORIENTED_EDGE ( 'NONE', *, *, #1119, .T. ) ;
#1420 = DIRECTION ( 'NONE',  ( 0.0000000000000000000, 1.000000000000000000, 0.0000000000000000000 ) ) ;
#1421 = LINE ( 'NONE', #222, #1325 ) ;
#1422 = ADVANCED_FACE ( 'NONE', ( #1709 ), #694, .F. ) ;
#1423 = VECTOR ( 'NONE', #228, 1000.000000000000000 ) ;
#1424 = ORIENTED_EDGE ( 'NONE', *, *, #100, .T. ) ;
#1425 = VECTOR ( 'NONE', #1442, 1000.000000000000227 ) ;
#1426 = DIRECTION ( 'NONE',  ( 0.0000000000000000000, 0.0000000000000000000, 1.000000000000000000 ) ) ;
#1427 = DIRECTION ( 'NONE',  ( 0.9659258262890673130, 0.2588190451025241812, -0.0000000000000000000 ) ) ;
#1428 = VERTEX_POINT ( 'NONE', #1723 ) ;
#1429 = AXIS2_PLACEMENT_3D ( 'NONE', #1331, #429, #1307 ) ;
#1430 = DIRECTION ( 'NONE',  ( 1.000000000000000000, 0.0000000000000000000, 0.0000000000000000000 ) ) ;
#1431 = CARTESIAN_POINT ( 'NONE',  ( 15.27568004609084973, 7.537530908624703763, 0.5282900328818601610 ) ) ;
#1432 = CARTESIAN_POINT ( 'NONE',  ( 11.81778926818606479, 5.063863220011406874, 1.500000000000000000 ) ) ;
#1433 = CARTESIAN_POINT ( 'NONE',  ( 0.0000000000000000000, -0.3999999999999981348, -2.000000000000001332 ) ) ;
#1434 = ORIENTED_EDGE ( 'NONE', *, *, #408, .F. ) ;
#1435 = DIRECTION ( 'NONE',  ( -0.9659258262890674240, -0.2588190451025242367, 0.0000000000000000000 ) ) ;
#1436 = CARTESIAN_POINT ( 'NONE',  ( -4.898587196589411843E-16, -1.400000000000000133, 2.000000000000004441 ) ) ;
#1437 = MECHANICAL_CONTEXT ( 'NONE', #87, 'mechanical' ) ;
#1438 = DIRECTION ( 'NONE',  ( -1.000000000000000000, -0.0000000000000000000, -0.0000000000000000000 ) ) ;
#1439 = VECTOR ( 'NONE', #1903, 1000.000000000000000 ) ;
#1440 = CIRCLE ( 'NONE', #338, 0.2000000000000000944 ) ;
#1441 = ORIENTED_EDGE ( 'NONE', *, *, #806, .T. ) ;
#1442 = DIRECTION ( 'NONE',  ( 0.1736481776669233368, 0.9848077530122092416, -0.0000000000000000000 ) ) ;
#1443 = CIRCLE ( 'NONE', #1663, 1.199999999999999734 ) ;
#1444 = VERTEX_POINT ( 'NONE', #235 ) ;
#1445 = ORIENTED_EDGE ( 'NONE', *, *, #1339, .T. ) ;
#1446 = EDGE_CURVE ( 'NONE', #1346, #845, #224, .T. ) ;
#1447 = CARTESIAN_POINT ( 'NONE',  ( 15.46090701181705818, 7.792044494367834417, 0.2671572875253812041 ) ) ;
#1448 = LINE ( 'NONE', #168, #1955 ) ;
#1449 = DIRECTION ( 'NONE',  ( 1.000000000000000000, 0.0000000000000000000, 0.0000000000000000000 ) ) ;
#1450 = PLANE ( 'NONE',  #1943 ) ;
#1451 = ORIENTED_EDGE ( 'NONE', *, *, #1613, .T. ) ;
#1452 = VERTEX_POINT ( 'NONE', #1294 ) ;
#1453 = DIRECTION ( 'NONE',  ( 0.0000000000000000000, -0.0000000000000000000, 1.000000000000000000 ) ) ;
#1454 = DIRECTION ( 'NONE',  ( -1.000000000000000000, 0.0000000000000000000, 0.0000000000000000000 ) ) ;
#1455 = APPLICATION_CONTEXT ( 'configuration controlled 3d designs of mechanical parts and assemblies' ) ;
#1456 = DIRECTION ( 'NONE',  ( -0.2588190451025241812, 0.9659258262890673130, 0.0000000000000000000 ) ) ;
#1457 = AXIS2_PLACEMENT_3D ( 'NONE', #568, #1317, #1161 ) ;
#1458 = CARTESIAN_POINT ( 'NONE',  ( 16.50000000000000000, 5.299999999999999822, 0.5500000000000000444 ) ) ;
#1459 = CARTESIAN_POINT ( 'NONE',  ( 17.88878761191330113, 7.384397083205626267, -0.5483000412209620977 ) ) ;
#1460 = DIRECTION ( 'NONE',  ( 1.000000000000000000, 0.0000000000000000000, 0.0000000000000000000 ) ) ;
#1461 = ORIENTED_EDGE ( 'NONE', *, *, #241, .F. ) ;
#1462 = DIRECTION ( 'NONE',  ( -0.0000000000000000000, -0.0000000000000000000, -1.000000000000000000 ) ) ;
#1463 = FACE_OUTER_BOUND ( 'NONE', #1766, .T. ) ;
#1464 = LINE ( 'NONE', #1659, #951 ) ;
#1465 = ORIENTED_EDGE ( 'NONE', *, *, #1769, .F. ) ;
#1466 = VECTOR ( 'NONE', #1405, 999.9999999999998863 ) ;
#1467 = FACE_OUTER_BOUND ( 'NONE', #411, .T. ) ;
#1468 = VECTOR ( 'NONE', #271, 1000.000000000000000 ) ;
#1469 = CARTESIAN_POINT ( 'NONE',  ( 0.0000000000000000000, -0.2000000000000000389, -1.799999999999999822 ) ) ;
#1470 = ORIENTED_EDGE ( 'NONE', *, *, #718, .F. ) ;
#1471 = CARTESIAN_POINT ( 'NONE',  ( 17.83957975701069998, 7.872066498869568107, -0.3500000000000003109 ) ) ;
#1472 = AXIS2_PLACEMENT_3D ( 'NONE', #1158, #1295, #1449 ) ;
#1473 = ORIENTED_EDGE ( 'NONE', *, *, #548, .T. ) ;
#1474 = B_SPLINE_CURVE_WITH_KNOTS ( 'NONE', 3,
 ( #1830, #1368, #475, #639, #342, #30 ),
 .UNSPECIFIED., .F., .F.,
 ( 4, 2, 4 ),
 ( 0.0000000000000000000, 0.0003180881524834064432, 0.0006361763049668128864 ),
 .UNSPECIFIED. ) ;
#1475 = CARTESIAN_POINT ( 'NONE',  ( 16.50000000000000000, 5.299999999999999822, 1.500000000000000000 ) ) ;
#1476 = EDGE_LOOP ( 'NONE', ( #960, #1316, #1434, #1003 ) ) ;
#1477 = CARTESIAN_POINT ( 'NONE',  ( 4.000000000000000000, 7.926310751005315535E-15, -1.999999999999999112 ) ) ;
#1478 = DIRECTION ( 'NONE',  ( -0.5735764363510391650, -0.8191520442889967946, 0.0000000000000000000 ) ) ;
#1479 = DIRECTION ( 'NONE',  ( 0.0000000000000000000, -3.491481338843133355E-15, 1.000000000000000000 ) ) ;
#1480 = PERSON_AND_ORGANIZATION ( #567, #786 ) ;
#1481 = EDGE_CURVE ( 'NONE', #184, #279, #1347, .T. ) ;
#1482 = LINE ( 'NONE', #871, #316 ) ;
#1483 = LINE ( 'NONE', #1063, #151 ) ;
#1484 = ORIENTED_EDGE ( 'NONE', *, *, #716, .T. ) ;
#1485 = DIRECTION ( 'NONE',  ( 0.0000000000000000000, 1.000000000000000000, 0.0000000000000000000 ) ) ;
#1486 = LINE ( 'NONE', #972, #1172 ) ;
#1487 = AXIS2_PLACEMENT_3D ( 'NONE', #569, #82, #125 ) ;
#1488 = ORIENTED_EDGE ( 'NONE', *, *, #1115, .T. ) ;
#1489 = AXIS2_PLACEMENT_3D ( 'NONE', #956, #493, #52 ) ;
#1490 = CARTESIAN_POINT ( 'NONE',  ( 15.08375385452447226, 7.600817484314569050, 0.7486745431401278239 ) ) ;
#1491 = ORIENTED_EDGE ( 'NONE', *, *, #471, .T. ) ;
#1492 = ORIENTED_EDGE ( 'NONE', *, *, #691, .F. ) ;
#1493 = ORIENTED_EDGE ( 'NONE', *, *, #846, .F. ) ;
#1494 = CARTESIAN_POINT ( 'NONE',  ( 19.10799973098048099, 5.998811421776817809, -1.500000000000000000 ) ) ;
#1495 = EDGE_CURVE ( 'NONE', #952, #666, #631, .T. ) ;
#1496 = CARTESIAN_POINT ( 'NONE',  ( 15.28091946237816678, 7.567245114960375219, -0.5113924862352351441 ) ) ;
#1497 = CARTESIAN_POINT ( 'NONE',  ( 3.999999999999999112, -0.2000000000000000111, 2.000000000000000000 ) ) ;
#1498 = ORIENTED_EDGE ( 'NONE', *, *, #1769, .T. ) ;
#1499 = PLANE ( 'NONE',  #1913 ) ;
#1500 = DIRECTION ( 'NONE',  ( -0.1736481776669233645, -0.9848077530122093526, 0.0000000000000000000 ) ) ;
#1501 = EDGE_CURVE ( 'NONE', #307, #1452, #273, .T. ) ;
#1502 = DIRECTION ( 'NONE',  ( -0.0000000000000000000, -1.000000000000000000, -0.0000000000000000000 ) ) ;
#1503 = DIRECTION ( 'NONE',  ( -0.9848077530122093526, 0.1736481776669236143, 0.0000000000000000000 ) ) ;
#1504 = CC_DESIGN_DATE_AND_TIME_ASSIGNMENT ( #240, #1922, ( #374 ) ) ;
#1505 = VECTOR ( 'NONE', #714, 1000.000000000000114 ) ;
#1506 = LINE ( 'NONE', #1341, #1905 ) ;
#1507 = CARTESIAN_POINT ( 'NONE',  ( 11.60941145498575011, 3.882093916396762712, 1.500000000000000000 ) ) ;
#1508 = ORIENTED_EDGE ( 'NONE', *, *, #1251, .T. ) ;
#1509 = LINE ( 'NONE', #800, #1880 ) ;
#1510 = VECTOR ( 'NONE', #965, 1000.000000000000000 ) ;
#1511 = VERTEX_POINT ( 'NONE', #1447 ) ;
#1512 = VECTOR ( 'NONE', #810, 1000.000000000000114 ) ;
#1513 = CARTESIAN_POINT ( 'NONE',  ( 0.0000000000000000000, 0.0000000000000000000, 1.500000000000000000 ) ) ;
#1514 = CARTESIAN_POINT ( 'NONE',  ( 17.83957975701069998, 7.872066498869568107, 1.500000000000000000 ) ) ;
#1515 = EDGE_CURVE ( 'NONE', #925, #460, #1282, .T. ) ;
#1516 = ORIENTED_EDGE ( 'NONE', *, *, #447, .T. ) ;
#1517 = AXIS2_PLACEMENT_3D ( 'NONE', #944, #353, #214 ) ;
#1518 = CARTESIAN_POINT ( 'NONE',  ( -7.729859834060379072E-16, -0.3999999999999995226, 1.600000000000000311 ) ) ;
#1519 = ORIENTED_EDGE ( 'NONE', *, *, #806, .F. ) ;
#1520 = DIRECTION ( 'NONE',  ( 1.000000000000000000, 0.0000000000000000000, 0.0000000000000000000 ) ) ;
#1521 = CARTESIAN_POINT ( 'NONE',  ( 3.999999999999999112, -0.1999999999999994282, 1.600000000000000311 ) ) ;
#1522 = DIRECTION ( 'NONE',  ( 1.000000000000000000, 0.0000000000000000000, 0.0000000000000000000 ) ) ;
#1523 = ORIENTED_EDGE ( 'NONE', *, *, #1181, .T. ) ;
#1524 = CARTESIAN_POINT ( 'NONE',  ( 0.0000000000000000000, -0.1999999999999993172, -2.000000000000000000 ) ) ;
#1525 = ADVANCED_FACE ( 'NONE', ( #557 ), #1155, .T. ) ;
#1526 = DIRECTION ( 'NONE',  ( -0.0000000000000000000, -0.0000000000000000000, -1.000000000000000000 ) ) ;
#1527 = DIRECTION ( 'NONE',  ( 1.000000000000000000, -0.0000000000000000000, -0.0000000000000000000 ) ) ;
#1528 = DIRECTION ( 'NONE',  ( -1.000000000000000000, 0.0000000000000000000, 0.0000000000000000000 ) ) ;
#1529 = CARTESIAN_POINT ( 'NONE',  ( 11.60941145498575011, 3.882093916396762712, 1.500000000000000000 ) ) ;
#1530 = COORDINATED_UNIVERSAL_TIME_OFFSET ( 8, 0, .AHEAD. ) ;
#1531 = EDGE_CURVE ( 'NONE', #774, #279, #84, .T. ) ;
#1532 = CARTESIAN_POINT ( 'NONE',  ( 17.83957975701069998, 7.872066498869568107, -0.3500000000000003109 ) ) ;
#1533 = VECTOR ( 'NONE', #842, 1000.000000000000000 ) ;
#1534 = VECTOR ( 'NONE', #1585, 1000.000000000000000 ) ;
#1535 = ORIENTED_EDGE ( 'NONE', *, *, #51, .F. ) ;
#1536 = DIRECTION ( 'NONE',  ( -1.000000000000000000, 0.0000000000000000000, 0.0000000000000000000 ) ) ;
#1537 = VECTOR ( 'NONE', #795, 1000.000000000000000 ) ;
#1538 = ADVANCED_FACE ( 'NONE', ( #1684 ), #740, .T. ) ;
#1539 = ORIENTED_EDGE ( 'NONE', *, *, #1623, .F. ) ;
#1540 = VECTOR ( 'NONE', #1674, 1000.000000000000000 ) ;
#1541 = ORIENTED_EDGE ( 'NONE', *, *, #1718, .F. ) ;
#1542 = CARTESIAN_POINT ( 'NONE',  ( 14.28828948041971003, 6.848656378147802926, 1.500000000000000000 ) ) ;
#1543 = VERTEX_POINT ( 'NONE', #869 ) ;
#1544 = CARTESIAN_POINT ( 'NONE',  ( 17.88878761191330113, 7.384397083205626267, -0.5483000412209620977 ) ) ;
#1545 = EDGE_CURVE ( 'NONE', #445, #152, #1062, .T. ) ;
#1546 = ADVANCED_FACE ( 'NONE', ( #485 ), #553, .T. ) ;
#1547 = EDGE_LOOP ( 'NONE', ( #1308, #1210, #442, #495 ) ) ;
#1548 = DIRECTION ( 'NONE',  ( -1.000000000000000000, 0.0000000000000000000, 0.0000000000000000000 ) ) ;
#1549 = CARTESIAN_POINT ( 'NONE',  ( 14.28828948041971003, 6.848656378147802926, 1.500000000000000000 ) ) ;
#1550 = AXIS2_PLACEMENT_3D ( 'NONE', #602, #1217, #474 ) ;
#1551 = CARTESIAN_POINT ( 'NONE',  ( 3.999999999999996447, -0.2000000000000000111, 1.500000000000000000 ) ) ;
#1552 = AXIS2_PLACEMENT_3D ( 'NONE', #804, #1111, #1266 ) ;
#1553 = LINE ( 'NONE', #230, #509 ) ;
#1554 = FACE_OUTER_BOUND ( 'NONE', #438, .T. ) ;
#1555 = ORIENTED_EDGE ( 'NONE', *, *, #658, .T. ) ;
#1556 = CARTESIAN_POINT ( 'NONE',  ( 0.0000000000000000000, -1.400000000000000133, -2.000000000000004441 ) ) ;
#1557 = LINE ( 'NONE', #1551, #1000 ) ;
#1558 = CIRCLE ( 'NONE', #329, 1.199999999999999734 ) ;
#1559 = VERTEX_POINT ( 'NONE', #1459 ) ;
#1560 = VERTEX_POINT ( 'NONE', #238 ) ;
#1561 = CARTESIAN_POINT ( 'NONE',  ( 15.08395791177572498, 7.601974750493760702, 0.7480063226535637044 ) ) ;
#1562 = CYLINDRICAL_SURFACE ( 'NONE', #1697, 0.5000000000000004441 ) ;
#1563 = CARTESIAN_POINT ( 'NONE',  ( 19.76368031297495165, 3.551778176237164963, -1.500000000000000000 ) ) ;
#1564 = EDGE_LOOP ( 'NONE', ( #721, #486, #466, #332 ) ) ;
#1565 = AXIS2_PLACEMENT_3D ( 'NONE', #730, #138, #281 ) ;
#1566 = ORIENTED_EDGE ( 'NONE', *, *, #1281, .T. ) ;
#1567 = ADVANCED_FACE ( 'NONE', ( #1204 ), #407, .F. ) ;
#1568 = CARTESIAN_POINT ( 'NONE',  ( 15.26435201749706572, 7.473286466008662643, 0.5500000000000000444 ) ) ;
#1569 = ORIENTED_EDGE ( 'NONE', *, *, #166, .F. ) ;
#1570 = DIRECTION ( 'NONE',  ( -2.168404344971008868E-16, -0.0000000000000000000, 1.000000000000000000 ) ) ;
#1571 = ORIENTED_EDGE ( 'NONE', *, *, #75, .T. ) ;
#1572 = AXIS2_PLACEMENT_3D ( 'NONE', #1951, #1485, #576 ) ;
#1573 = DIRECTION ( 'NONE',  ( 1.000000000000000000, 1.794541526872559254E-15, 0.0000000000000000000 ) ) ;
#1574 = CARTESIAN_POINT ( 'NONE',  ( 15.08395791177572498, 7.601974750493760702, -0.7480063226535637044 ) ) ;
#1575 = ADVANCED_FACE ( 'NONE', ( #1234 ), #106, .T. ) ;
#1576 = ORIENTED_EDGE ( 'NONE', *, *, #1297, .F. ) ;
#1577 = PLANE ( 'NONE',  #1883 ) ;
#1578 = CARTESIAN_POINT ( 'NONE',  ( 15.26435201749706572, 7.473286466008662643, 0.5500000000000000444 ) ) ;
#1579 = CALENDAR_DATE ( 2020, 18, 12 ) ;
#1580 = CARTESIAN_POINT ( 'NONE',  ( 17.97220677280763468, 7.781632482544926788, 0.4950194207120958700 ) ) ;
#1581 = VECTOR ( 'NONE', #967, 1000.000000000000000 ) ;
#1582 = VECTOR ( 'NONE', #1730, 999.9999999999998863 ) ;
#1583 = ORIENTED_EDGE ( 'NONE', *, *, #301, .T. ) ;
#1584 = VECTOR ( 'NONE', #715, 1000.000000000000000 ) ;
#1585 = DIRECTION ( 'NONE',  ( -0.0000000000000000000, 6.982962677686266711E-15, -1.000000000000000000 ) ) ;
#1586 = DIRECTION ( 'NONE',  ( -0.8191520442889969056, 0.5735764363510388320, -0.0000000000000000000 ) ) ;
#1587 = ORIENTED_EDGE ( 'NONE', *, *, #981, .T. ) ;
#1588 = DIRECTION ( 'NONE',  ( 0.2588190451025241812, -0.9659258262890673130, 0.0000000000000000000 ) ) ;
#1589 = ORIENTED_EDGE ( 'NONE', *, *, #447, .F. ) ;
#1590 = CARTESIAN_POINT ( 'NONE',  ( 18.10692236518339016, 7.469746647024350317, 1.500000000000000000 ) ) ;
#1591 = EDGE_CURVE ( 'NONE', #476, #140, #860, .T. ) ;
#1592 = ORIENTED_EDGE ( 'NONE', *, *, #145, .F. ) ;
#1593 = EDGE_LOOP ( 'NONE', ( #1399, #287, #1693, #1108 ) ) ;
#1594 = CARTESIAN_POINT ( 'NONE',  ( 12.63694131247505936, 4.490286783660369707, 1.500000000000000000 ) ) ;
#1595 = AXIS2_PLACEMENT_3D ( 'NONE', #921, #450, #148 ) ;
#1596 = DIRECTION ( 'NONE',  ( -1.000000000000000000, 0.0000000000000000000, 0.0000000000000000000 ) ) ;
#1597 = CARTESIAN_POINT ( 'NONE',  ( 8.689717831482512977, 4.599999999999973888, -1.500000000000000000 ) ) ;
#1598 = EDGE_LOOP ( 'NONE', ( #1276, #1950, #1488, #213 ) ) ;
#1599 = DIRECTION ( 'NONE',  ( -0.5735764363510391650, -0.8191520442889967946, 0.0000000000000000000 ) ) ;
#1600 = ORIENTED_EDGE ( 'NONE', *, *, #621, .F. ) ;
#1601 = CARTESIAN_POINT ( 'NONE',  ( 19.76368031297495165, 3.551778176237164963, 1.500000000000000000 ) ) ;
#1602 = EDGE_CURVE ( 'NONE', #117, #774, #1213, .T. ) ;
#1603 = DIRECTION ( 'NONE',  ( 0.0000000000000000000, 0.0000000000000000000, 1.000000000000000000 ) ) ;
#1604 = DIRECTION ( 'NONE',  ( 0.0000000000000000000, 3.659182332138575887E-15, 1.000000000000000000 ) ) ;
#1605 = AXIS2_PLACEMENT_3D ( 'NONE', #313, #469, #741 ) ;
#1606 = APPROVAL_ROLE ( '' ) ;
#1607 = CARTESIAN_POINT ( 'NONE',  ( 17.60861772993989049, 7.428606757685158435, 1.500000000000000000 ) ) ;
#1608 = FACE_OUTER_BOUND ( 'NONE', #1168, .T. ) ;
#1609 = VECTOR ( 'NONE', #319, 1000.000000000000000 ) ;
#1610 = ORIENTED_EDGE ( 'NONE', *, *, #370, .F. ) ;
#1611 = FACE_OUTER_BOUND ( 'NONE', #323, .T. ) ;
#1612 = LINE ( 'NONE', #1870, #1126 ) ;
#1613 = EDGE_CURVE ( 'NONE', #1744, #1039, #1657, .T. ) ;
#1614 = CARTESIAN_POINT ( 'NONE',  ( 14.28828948041971003, 6.848656378147802926, 1.500000000000000000 ) ) ;
#1615 = VECTOR ( 'NONE', #651, 1000.000000000000000 ) ;
#1616 = CARTESIAN_POINT ( 'NONE',  ( 4.000000000000000000, -0.2000000000000008438, -1.600000000000000311 ) ) ;
#1617 = CARTESIAN_POINT ( 'NONE',  ( 0.0000000000000000000, -1.400000000000000133, -2.000000000000004441 ) ) ;
#1618 = ORIENTED_EDGE ( 'NONE', *, *, #1091, .T. ) ;
#1619 = APPROVAL ( #1895, '未指定' ) ;
#1620 = DIRECTION ( 'NONE',  ( -0.0000000000000000000, -0.0000000000000000000, -1.000000000000000000 ) ) ;
#1621 = DIRECTION ( 'NONE',  ( -0.0000000000000000000, -0.0000000000000000000, -1.000000000000000000 ) ) ;
#1622 = VERTEX_POINT ( 'NONE', #1031 ) ;
#1623 = EDGE_CURVE ( 'NONE', #1033, #1744, #578, .T. ) ;
#1624 = AXIS2_PLACEMENT_3D ( 'NONE', #1529, #1500, #792 ) ;
#1625 = VERTEX_POINT ( 'NONE', #734 ) ;
#1626 = CARTESIAN_POINT ( 'NONE',  ( 11.64414109051913648, 4.079055466999204960, 1.500000000000000000 ) ) ;
#1627 = PLANE ( 'NONE',  #1330 ) ;
#1628 = CARTESIAN_POINT ( 'NONE',  ( 19.10799973098048099, 5.998811421776817809, -1.500000000000000000 ) ) ;
#1629 = PERSON_AND_ORGANIZATION ( #567, #786 ) ;
#1630 = FACE_BOUND ( 'NONE', #16, .T. ) ;
#1631 = VECTOR ( 'NONE', #392, 1000.000000000000000 ) ;
#1632 = DIRECTION ( 'NONE',  ( 0.0000000000000000000, -0.0000000000000000000, -1.000000000000000000 ) ) ;
#1633 = EDGE_LOOP ( 'NONE', ( #199, #67, #1688, #1862 ) ) ;
#1634 = LINE ( 'NONE', #1398, #1329 ) ;
#1635 = DIRECTION ( 'NONE',  ( 0.1736481776669233368, 0.9848077530122092416, -0.0000000000000000000 ) ) ;
#1636 = ORIENTED_EDGE ( 'NONE', *, *, #1054, .F. ) ;
#1637 = DIRECTION ( 'NONE',  ( 0.1736481776669245858, 0.9848077530122090195, -0.0000000000000000000 ) ) ;
#1638 = ORIENTED_EDGE ( 'NONE', *, *, #256, .F. ) ;
#1639 = EDGE_CURVE ( 'NONE', #42, #1269, #1364, .T. ) ;
#1640 = CARTESIAN_POINT ( 'NONE',  ( 3.999999999999996447, 0.0000000000000000000, 1.500000000000000000 ) ) ;
#1641 = ORIENTED_EDGE ( 'NONE', *, *, #504, .F. ) ;
#1642 = PRODUCT_RELATED_PRODUCT_CATEGORY ( 'detail', '', ( #1670 ) ) ;
#1643 = ORIENTED_EDGE ( 'NONE', *, *, #352, .T. ) ;
#1644 = B_SPLINE_CURVE_WITH_KNOTS ( 'NONE', 3,
 ( #1738, #1722, #1414, #397, #218, #821 ),
 .UNSPECIFIED., .F., .F.,
 ( 4, 2, 4 ),
 ( -3.674253923955695368E-06, 0.0001915611707001858160, 0.0003867965953243273389 ),
 .UNSPECIFIED. ) ;
#1645 = CARTESIAN_POINT ( 'NONE',  ( 0.0000000000000000000, -0.4000000000000002442, -1.800000000000000488 ) ) ;
#1646 = CARTESIAN_POINT ( 'NONE',  ( 17.88878761191330113, 7.384397083205626267, 0.5483000412209618757 ) ) ;
#1647 = EDGE_CURVE ( 'NONE', #393, #914, #1949, .T. ) ;
#1648 = CARTESIAN_POINT ( 'NONE',  ( -7.729859834060379072E-16, -0.3999999999999995226, 1.600000000000000311 ) ) ;
#1649 = CARTESIAN_POINT ( 'NONE',  ( 19.76368031297495165, 3.551778176237164963, 1.500000000000000000 ) ) ;
#1650 = EDGE_CURVE ( 'NONE', #1151, #398, #1258, .T. ) ;
#1651 = DIRECTION ( 'NONE',  ( -1.000000000000000000, 0.0000000000000000000, 0.0000000000000000000 ) ) ;
#1652 = PLANE ( 'NONE',  #1840 ) ;
#1653 = APPROVAL_DATE_TIME ( #1042, #1619 ) ;
#1654 = PLANE ( 'NONE',  #893 ) ;
#1655 = EDGE_CURVE ( 'NONE', #935, #470, #8, .T. ) ;
#1656 = VECTOR ( 'NONE', #1892, 1000.000000000000000 ) ;
#1657 = CIRCLE ( 'NONE', #761, 1.000000000000000888 ) ;
#1658 = ORIENTED_EDGE ( 'NONE', *, *, #1320, .F. ) ;
#1659 = CARTESIAN_POINT ( 'NONE',  ( 24.00000000000000000, -0.1999999999999998723, 1.500000000000000000 ) ) ;
#1660 = CARTESIAN_POINT ( 'NONE',  ( 0.0000000000000000000, -0.2000000000000008438, -1.600000000000000311 ) ) ;
#1661 = VECTOR ( 'NONE', #1635, 1000.000000000000227 ) ;
#1662 = LINE ( 'NONE', #487, #835 ) ;
#1663 = AXIS2_PLACEMENT_3D ( 'NONE', #543, #1150, #1750 ) ;
#1664 = ORIENTED_EDGE ( 'NONE', *, *, #378, .F. ) ;
#1665 = ADVANCED_FACE ( 'NONE', ( #221 ), #425, .F. ) ;
#1666 = VERTEX_POINT ( 'NONE', #1040 ) ;
#1667 = CARTESIAN_POINT ( 'NONE',  ( 24.17364817766692653, 1.984807753012208797, -1.500000000000000000 ) ) ;
#1668 = ORIENTED_EDGE ( 'NONE', *, *, #658, .F. ) ;
#1669 = ORIENTED_EDGE ( 'NONE', *, *, #1397, .F. ) ;
#1670 = PRODUCT ( '充电弹片-1216', '充电弹片-1216', '', ( #1437 ) ) ;
#1671 = CARTESIAN_POINT ( 'NONE',  ( 24.20837781320030757, 2.181769303614650823, 1.500000000000000000 ) ) ;
#1672 = AXIS2_PLACEMENT_3D ( 'NONE', #261, #1940, #422 ) ;
#1673 = ORIENTED_EDGE ( 'NONE', *, *, #1281, .F. ) ;
#1674 = DIRECTION ( 'NONE',  ( 0.0000000000000000000, 1.000000000000000000, 0.0000000000000000000 ) ) ;
#1675 = ORIENTED_EDGE ( 'NONE', *, *, #204, .T. ) ;
#1676 = CARTESIAN_POINT ( 'NONE',  ( 17.73001344676083946, 7.703552978568917631, -0.2671572875253813151 ) ) ;
#1677 = ORIENTED_EDGE ( 'NONE', *, *, #816, .F. ) ;
#1678 = CARTESIAN_POINT ( 'NONE',  ( 15.08395791177572498, 7.601974750493760702, -0.7480063226535637044 ) ) ;
#1679 = PLANE ( 'NONE',  #1292 ) ;
#1680 = CC_DESIGN_PERSON_AND_ORGANIZATION_ASSIGNMENT ( #901, #1305, ( #1670 ) ) ;
#1681 = PERSON_AND_ORGANIZATION ( #567, #786 ) ;
#1682 = ADVANCED_FACE ( 'NONE', ( #760 ), #1792, .F. ) ;
#1683 = LINE ( 'NONE', #735, #1170 ) ;
#1684 = FACE_OUTER_BOUND ( 'NONE', #1157, .T. ) ;
#1685 = ORIENTED_EDGE ( 'NONE', *, *, #1755, .F. ) ;
#1686 = FACE_OUTER_BOUND ( 'NONE', #511, .T. ) ;
#1687 = DIRECTION ( 'NONE',  ( 0.0000000000000000000, 0.0000000000000000000, 1.000000000000000000 ) ) ;
#1688 = ORIENTED_EDGE ( 'NONE', *, *, #594, .T. ) ;
#1689 = ORIENTED_EDGE ( 'NONE', *, *, #166, .T. ) ;
#1690 = PLANE ( 'NONE',  #492 ) ;
#1691 = DIRECTION ( 'NONE',  ( -1.000000000000000000, 0.0000000000000000000, 0.0000000000000000000 ) ) ;
#1692 = ORIENTED_EDGE ( 'NONE', *, *, #611, .F. ) ;
#1693 = ORIENTED_EDGE ( 'NONE', *, *, #400, .F. ) ;
#1694 = EDGE_CURVE ( 'NONE', #476, #607, #57, .T. ) ;
#1695 = DIRECTION ( 'NONE',  ( -0.8191520442889967946, 0.5735764363510391650, -0.0000000000000000000 ) ) ;
#1696 = PLANE ( 'NONE',  #249 ) ;
#1697 = AXIS2_PLACEMENT_3D ( 'NONE', #1088, #33, #1548 ) ;
#1698 = ADVANCED_FACE ( 'NONE', ( #1096 ), #737, .F. ) ;
#1699 = CARTESIAN_POINT ( 'NONE',  ( 17.73001344676083946, 7.703552978568917631, 0.2671572875253812041 ) ) ;
#1700 = CALENDAR_DATE ( 2020, 18, 12 ) ;
#1701 = EDGE_CURVE ( 'NONE', #91, #1310, #1778, .T. ) ;
#1702 = CARTESIAN_POINT ( 'NONE',  ( 20.55595796159709465, 2.825789468327479792, 1.500000000000000000 ) ) ;
#1703 = VECTOR ( 'NONE', #1173, 1000.000000000000000 ) ;
#1704 = FACE_OUTER_BOUND ( 'NONE', #791, .T. ) ;
#1705 = ORIENTED_EDGE ( 'NONE', *, *, #1846, .F. ) ;
#1706 = CARTESIAN_POINT ( 'NONE',  ( 0.0000000000000000000, 7.926310751005315535E-15, -1.999999999999999112 ) ) ;
#1707 = LINE ( 'NONE', #1412, #904 ) ;
#1708 = PRODUCT_DEFINITION_SHAPE ( 'NONE', 'NONE',  #29 ) ;
#1709 = FACE_OUTER_BOUND ( 'NONE', #1030, .T. ) ;
#1710 = EDGE_LOOP ( 'NONE', ( #710, #1727, #369, #373 ) ) ;
#1711 = VECTOR ( 'NONE', #1409, 1000.000000000000000 ) ;
#1712 = AXIS2_PLACEMENT_3D ( 'NONE', #1436, #1137, #1756 ) ;
#1713 = ADVANCED_FACE ( 'NONE', ( #1393 ), #1144, .F. ) ;
#1714 = ORIENTED_EDGE ( 'NONE', *, *, #1446, .F. ) ;
#1715 = EDGE_LOOP ( 'NONE', ( #1327, #771, #938, #1808 ) ) ;
#1716 = CARTESIAN_POINT ( 'NONE',  ( 14.28828948041971003, 6.848656378147802926, 1.500000000000000000 ) ) ;
#1717 = CARTESIAN_POINT ( 'NONE',  ( 16.50000000000000000, 5.299999999999999822, 1.500000000000000000 ) ) ;
#1718 = EDGE_CURVE ( 'NONE', #195, #1346, #1464, .T. ) ;
#1719 = ORIENTED_EDGE ( 'NONE', *, *, #1866, .T. ) ;
#1720 = CARTESIAN_POINT ( 'NONE',  ( 8.654988195949126606, 4.403038449397532084, 1.500000000000000000 ) ) ;
#1721 = APPROVAL ( #1011, '未指定' ) ;
#1722 = CARTESIAN_POINT ( 'NONE',  ( 15.41720232240439614, 7.773821209662426845, 0.3118010376492156288 ) ) ;
#1723 = CARTESIAN_POINT ( 'NONE',  ( 4.000000000000000000, -0.3999999999999981348, -2.000000000000000444 ) ) ;
#1724 = ADVANCED_FACE ( 'NONE', ( #345 ), #620, .F. ) ;
#1725 = DIRECTION ( 'NONE',  ( 0.0000000000000000000, -3.491481338843133355E-15, 1.000000000000000000 ) ) ;
#1726 = EDGE_CURVE ( 'NONE', #861, #845, #198, .T. ) ;
#1727 = ORIENTED_EDGE ( 'NONE', *, *, #1647, .F. ) ;
#1728 = CARTESIAN_POINT ( 'NONE',  ( 18.10692236518339016, 7.469746647024350317, 0.7500000000000000000 ) ) ;
#1729 = AXIS2_PLACEMENT_3D ( 'NONE', #1896, #1914, #1596 ) ;
#1730 = DIRECTION ( 'NONE',  ( -0.5735764363510391650, -0.8191520442889967946, -0.0000000000000000000 ) ) ;
#1731 = VECTOR ( 'NONE', #839, 1000.000000000000000 ) ;
#1732 = VECTOR ( 'NONE', #717, 1000.000000000000114 ) ;
#1733 = CARTESIAN_POINT ( 'NONE',  ( 19.76368031297495165, 3.551778176237164963, 1.500000000000000000 ) ) ;
#1734 = VECTOR ( 'NONE', #940, 1000.000000000000000 ) ;
#1735 = CYLINDRICAL_SURFACE ( 'NONE', #1794, 0.9999999999999974465 ) ;
#1736 = EDGE_LOOP ( 'NONE', ( #1228, #1685, #402, #736 ) ) ;
#1737 = ORIENTED_EDGE ( 'NONE', *, *, #1531, .F. ) ;
#1738 = CARTESIAN_POINT ( 'NONE',  ( 15.46090701181705818, 7.792044494367834417, 0.2671572875253812041 ) ) ;
#1739 = FACE_OUTER_BOUND ( 'NONE', #830, .T. ) ;
#1740 = CARTESIAN_POINT ( 'NONE',  ( 8.689717831482512977, 4.599999999999973888, 1.500000000000000000 ) ) ;
#1741 = ORIENTED_EDGE ( 'NONE', *, *, #803, .T. ) ;
#1742 = AXIS2_PLACEMENT_3D ( 'NONE', #886, #255, #405 ) ;
#1743 = CARTESIAN_POINT ( 'NONE',  ( -8.673617379884035472E-16, -0.3999999999999995226, 1.600000000000000311 ) ) ;
#1744 = VERTEX_POINT ( 'NONE', #167 ) ;
#1745 = DIRECTION ( 'NONE',  ( -0.0000000000000000000, -0.0000000000000000000, -1.000000000000000000 ) ) ;
#1746 = ORIENTED_EDGE ( 'NONE', *, *, #877, .T. ) ;
#1747 = DIRECTION ( 'NONE',  ( 0.1736481776669235866, 0.9848077530122093526, -0.0000000000000000000 ) ) ;
#1748 = EDGE_CURVE ( 'NONE', #1958, #600, #317, .T. ) ;
#1749 = ORIENTED_EDGE ( 'NONE', *, *, #103, .F. ) ;
#1750 = DIRECTION ( 'NONE',  ( 1.000000000000000000, 0.0000000000000000000, 0.0000000000000000000 ) ) ;
#1751 = DIRECTION ( 'NONE',  ( -0.9848077530122093526, 0.1736481776669235866, -0.0000000000000000000 ) ) ;
#1752 = DIRECTION ( 'NONE',  ( -0.0000000000000000000, -0.0000000000000000000, -1.000000000000000000 ) ) ;
#1753 = CARTESIAN_POINT ( 'NONE',  ( 0.0000000000000000000, -0.2000000000000000111, 1.500000000000000000 ) ) ;
#1754 = PERSON_AND_ORGANIZATION ( #567, #786 ) ;
#1755 = EDGE_CURVE ( 'NONE', #1625, #1763, #456, .T. ) ;
#1756 = DIRECTION ( 'NONE',  ( 0.0000000000000000000, 0.0000000000000000000, -1.000000000000000000 ) ) ;
#1757 = LINE ( 'NONE', #1733, #1656 ) ;
#1758 = LINE ( 'NONE', #1200, #510 ) ;
#1759 = ORIENTED_EDGE ( 'NONE', *, *, #215, .F. ) ;
#1760 = CIRCLE ( 'NONE', #1729, 2.699999999999999289 ) ;
#1761 = CARTESIAN_POINT ( 'NONE',  ( 14.45211988927750824, 6.733941090877594959, 1.500000000000000000 ) ) ;
#1762 = EDGE_LOOP ( 'NONE', ( #1451, #1787, #1240, #1259 ) ) ;
#1763 = VERTEX_POINT ( 'NONE', #1494 ) ;
#1764 = CIRCLE ( 'NONE', #604, 0.9999999999999974465 ) ;
#1765 = CARTESIAN_POINT ( 'NONE',  ( 24.00000000000000000, 2.168404344971008868E-16, 1.500000000000000000 ) ) ;
#1766 = EDGE_LOOP ( 'NONE', ( #1677, #767, #278, #1394 ) ) ;
#1767 = ORIENTED_EDGE ( 'NONE', *, *, #1639, .T. ) ;
#1768 = CARTESIAN_POINT ( 'NONE',  ( 0.0000000000000000000, -0.4000000000000009659, -1.600000000000000311 ) ) ;
#1769 = EDGE_CURVE ( 'NONE', #1006, #538, #1483, .T. ) ;
#1770 = ORIENTED_EDGE ( 'NONE', *, *, #204, .F. ) ;
#1771 = DIRECTION ( 'NONE',  ( 1.000000000000000000, 0.0000000000000000000, 0.0000000000000000000 ) ) ;
#1772 = CARTESIAN_POINT ( 'NONE',  ( 16.50000000000000000, 5.299999999999999822, -0.3500000000000001998 ) ) ;
#1773 = ORIENTED_EDGE ( 'NONE', *, *, #358, .T. ) ;
#1774 = CARTESIAN_POINT ( 'NONE',  ( 11.64414109051913648, 4.079055466999204960, -1.500000000000000000 ) ) ;
#1775 = CARTESIAN_POINT ( 'NONE',  ( 19.76368031297495165, 3.551778176237164963, -1.500000000000000000 ) ) ;
#1776 = AXIS2_PLACEMENT_3D ( 'NONE', #986, #692, #1430 ) ;
#1777 = LINE ( 'NONE', #1012, #1370 ) ;
#1778 = LINE ( 'NONE', #752, #653 ) ;
#1779 = CARTESIAN_POINT ( 'NONE',  ( 17.88878761191330113, 7.384397083205626267, 0.5483000412209618757 ) ) ;
#1780 = VECTOR ( 'NONE', #1725, 1000.000000000000000 ) ;
#1781 = VECTOR ( 'NONE', #1839, 1000.000000000000000 ) ;
#1782 = EDGE_LOOP ( 'NONE', ( #1773, #1705, #820, #19 ) ) ;
#1783 = LINE ( 'NONE', #1765, #1584 ) ;
#1784 = LINE ( 'NONE', #1702, #1379 ) ;
#1785 = CC_DESIGN_PERSON_AND_ORGANIZATION_ASSIGNMENT ( #1681, #833, ( #809 ) ) ;
#1786 = CARTESIAN_POINT ( 'NONE',  ( 17.88789932973661578, 7.379359384646303255, 0.5500000000000000444 ) ) ;
#1787 = ORIENTED_EDGE ( 'NONE', *, *, #852, .F. ) ;
#1788 = CARTESIAN_POINT ( 'NONE',  ( -4.898587196589411843E-16, -1.400000000000000799, 1.800000000000004041 ) ) ;
#1789 = MANIFOLD_SOLID_BREP ( '圆角8', #673 ) ;
#1790 = DIRECTION ( 'NONE',  ( 0.0000000000000000000, 0.0000000000000000000, 1.000000000000000000 ) ) ;
#1791 = EDGE_CURVE ( 'NONE', #861, #558, #811, .T. ) ;
#1792 = PLANE ( 'NONE',  #991 ) ;
#1793 = PERSON_AND_ORGANIZATION ( #567, #786 ) ;
#1794 = AXIS2_PLACEMENT_3D ( 'NONE', #1107, #366, #65 ) ;
#1795 = LINE ( 'NONE', #875, #1203 ) ;
#1796 = CYLINDRICAL_SURFACE ( 'NONE', #501, 1.000000000000000888 ) ;
#1797 = DIRECTION ( 'NONE',  ( 0.0000000000000000000, 0.0000000000000000000, 1.000000000000000000 ) ) ;
#1798 = EDGE_LOOP ( 'NONE', ( #907, #535, #1885, #1097 ) ) ;
#1799 = VECTOR ( 'NONE', #610, 1000.000000000000114 ) ;
#1800 = VERTEX_POINT ( 'NONE', #1048 ) ;
#1801 = VECTOR ( 'NONE', #1837, 1000.000000000000000 ) ;
#1802 = DIRECTION ( 'NONE',  ( -0.2588190451025241812, 0.9659258262890673130, -0.0000000000000000000 ) ) ;
#1803 = CARTESIAN_POINT ( 'NONE',  ( 17.88789932973661578, 7.379359384646303255, 0.5500000000000000444 ) ) ;
#1804 = ORIENTED_EDGE ( 'NONE', *, *, #1650, .F. ) ;
#1805 = EDGE_CURVE ( 'NONE', #914, #935, #1758, .T. ) ;
#1806 = ORIENTED_EDGE ( 'NONE', *, *, #1623, .T. ) ;
#1807 = CARTESIAN_POINT ( 'NONE',  ( 15.08334465933825363, 7.598496823094290420, 0.7500000000000000000 ) ) ;
#1808 = ORIENTED_EDGE ( 'NONE', *, *, #100, .F. ) ;
#1809 = DIRECTION ( 'NONE',  ( -1.000000000000000000, 0.0000000000000000000, 0.0000000000000000000 ) ) ;
#1810 = ADVANCED_FACE ( 'NONE', ( #294 ), #772, .F. ) ;
#1811 = AXIS2_PLACEMENT_3D ( 'NONE', #848, #79, #708 ) ;
#1812 = DIRECTION ( 'NONE',  ( 0.9848077530122093526, -0.1736481776669233923, 0.0000000000000000000 ) ) ;
#1813 = PLANE ( 'NONE',  #855 ) ;
#1814 = CARTESIAN_POINT ( 'NONE',  ( 24.17364817766692653, 1.984807753012208797, 1.500000000000000000 ) ) ;
#1815 = DIRECTION ( 'NONE',  ( 1.000000000000000000, -0.0000000000000000000, -0.0000000000000000000 ) ) ;
#1816 = EDGE_CURVE ( 'NONE', #1891, #464, #1371, .T. ) ;
#1817 = DIRECTION ( 'NONE',  ( 0.0000000000000000000, -1.000000000000000000, 0.0000000000000000000 ) ) ;
#1818 = ORIENTED_EDGE ( 'NONE', *, *, #580, .T. ) ;
#1819 = CARTESIAN_POINT ( 'NONE',  ( -8.673617379884035472E-16, -1.400000000000000133, 2.000000000000004441 ) ) ;
#1820 = ADVANCED_FACE ( 'NONE', ( #1704 ), #1366, .T. ) ;
#1821 = LINE ( 'NONE', #1507, #1415 ) ;
#1822 = VECTOR ( 'NONE', #1817, 1000.000000000000000 ) ;
#1823 = ORIENTED_EDGE ( 'NONE', *, *, #396, .F. ) ;
#1824 = CARTESIAN_POINT ( 'NONE',  ( 8.689717831482512977, 4.599999999999973888, -1.500000000000000000 ) ) ;
#1825 = CIRCLE ( 'NONE', #1220, 1.199999999999999734 ) ;
#1826 = EDGE_CURVE ( 'NONE', #1452, #808, #905, .T. ) ;
#1827 = VECTOR ( 'NONE', #1751, 999.9999999999998863 ) ;
#1828 = ORIENTED_EDGE ( 'NONE', *, *, #1816, .F. ) ;
#1829 = AXIS2_PLACEMENT_3D ( 'NONE', #624, #758, #13 ) ;
#1830 = CARTESIAN_POINT ( 'NONE',  ( 15.08395791177572498, 7.601974750493760702, -0.7480063226535637044 ) ) ;
#1831 = CIRCLE ( 'NONE', #1552, 0.4000000000000001887 ) ;
#1832 = ORIENTED_EDGE ( 'NONE', *, *, #1694, .T. ) ;
#1833 = EDGE_LOOP ( 'NONE', ( #1890, #254, #1911, #1358, #1638 ) ) ;
#1834 = ORIENTED_EDGE ( 'NONE', *, *, #68, .T. ) ;
#1835 = ADVANCED_FACE ( 'NONE', ( #1850 ), #300, .T. ) ;
#1836 = DIRECTION ( 'NONE',  ( 0.0000000000000000000, 0.0000000000000000000, -1.000000000000000000 ) ) ;
#1837 = DIRECTION ( 'NONE',  ( 0.0000000000000000000, -1.000000000000000000, 3.614007241618346010E-15 ) ) ;
#1838 = EDGE_LOOP ( 'NONE', ( #1219, #1930, #1262, #1075 ) ) ;
#1839 = DIRECTION ( 'NONE',  ( 0.0000000000000000000, -3.491481338843133355E-15, -1.000000000000000000 ) ) ;
#1840 = AXIS2_PLACEMENT_3D ( 'NONE', #158, #1361, #1479 ) ;
#1841 = DIRECTION ( 'NONE',  ( 0.9848077530122092416, -0.1736481776669233368, 0.0000000000000000000 ) ) ;
#1842 = CARTESIAN_POINT ( 'NONE',  ( 17.83957975701069998, 7.872066498869568107, 0.3500000000000000888 ) ) ;
#1843 = AXIS2_PLACEMENT_3D ( 'NONE', #72, #684, #1573 ) ;
#1844 = ADVANCED_FACE ( 'NONE', ( #410 ), #388, .T. ) ;
#1845 = DIRECTION ( 'NONE',  ( -0.0000000000000000000, -0.0000000000000000000, 1.000000000000000000 ) ) ;
#1846 = EDGE_CURVE ( 'NONE', #140, #964, #1506, .T. ) ;
#1847 = AXIS2_PLACEMENT_3D ( 'NONE', #21, #1073, #613 ) ;
#1848 = CARTESIAN_POINT ( 'NONE',  ( 17.88878761191330113, 7.384397083205626267, 0.5483000412209618757 ) ) ;
#1849 = VECTOR ( 'NONE', #1586, 1000.000000000000000 ) ;
#1850 = FACE_OUTER_BOUND ( 'NONE', #1323, .T. ) ;
#1851 = VERTEX_POINT ( 'NONE', #1678 ) ;
#1852 = CIRCLE ( 'NONE', #1457, 0.9999999999999974465 ) ;
#1853 = ADVANCED_FACE ( 'NONE', ( #364 ), #1230, .F. ) ;
#1854 = AXIS2_PLACEMENT_3D ( 'NONE', #27, #753, #1503 ) ;
#1855 = VERTEX_POINT ( 'NONE', #1081 ) ;
#1856 = ORIENTED_EDGE ( 'NONE', *, *, #743, .F. ) ;
#1857 = CARTESIAN_POINT ( 'NONE',  ( 4.000000000000000000, 0.0000000000000000000, 1.500000000000000000 ) ) ;
#1858 = FACE_OUTER_BOUND ( 'NONE', #1336, .T. ) ;
#1859 = ORIENTED_EDGE ( 'NONE', *, *, #1791, .T. ) ;
#1860 = DIRECTION ( 'NONE',  ( -0.0000000000000000000, -0.0000000000000000000, -1.000000000000000000 ) ) ;
#1861 = VERTEX_POINT ( 'NONE', #146 ) ;
#1862 = ORIENTED_EDGE ( 'NONE', *, *, #45, .T. ) ;
#1863 = EDGE_CURVE ( 'NONE', #1560, #395, #1046, .T. ) ;
#1864 = DIRECTION ( 'NONE',  ( -2.168404344971008868E-16, -0.0000000000000000000, 1.000000000000000000 ) ) ;
#1865 = ADVANCED_FACE ( 'NONE', ( #1554 ), #1238, .T. ) ;
#1866 = EDGE_CURVE ( 'NONE', #1666, #1958, #1440, .T. ) ;
#1867 = CARTESIAN_POINT ( 'NONE',  ( 19.76368031297495165, 3.551778176237164963, 1.500000000000000000 ) ) ;
#1868 = CARTESIAN_POINT ( 'NONE',  ( 4.000000000000000000, -0.4000000000000009659, -1.600000000000000311 ) ) ;
#1869 = AXIS2_PLACEMENT_3D ( 'NONE', #80, #232, #92 ) ;
#1870 = CARTESIAN_POINT ( 'NONE',  ( -7.729859834060379072E-16, -0.1999999999999994282, 1.600000000000000311 ) ) ;
#1871 = DIRECTION ( 'NONE',  ( -0.1736481776669235866, -0.9848077530122093526, 0.0000000000000000000 ) ) ;
#1872 = ORIENTED_EDGE ( 'NONE', *, *, #103, .T. ) ;
#1873 = ADVANCED_FACE ( 'NONE', ( #1417 ), #1796, .F. ) ;
#1874 = DIRECTION ( 'NONE',  ( -0.0000000000000000000, -0.0000000000000000000, -1.000000000000000000 ) ) ;
#1875 = VECTOR ( 'NONE', #385, 1000.000000000000000 ) ;
#1876 = VECTOR ( 'NONE', #1197, 1000.000000000000000 ) ;
#1877 = EDGE_LOOP ( 'NONE', ( #1937, #825, #12, #318 ) ) ;
#1878 = ORIENTED_EDGE ( 'NONE', *, *, #1965, .T. ) ;
#1879 = CARTESIAN_POINT ( 'NONE',  ( 3.999999999999999112, -0.2000000000000000111, 2.000000000000000000 ) ) ;
#1880 = VECTOR ( 'NONE', #503, 999.9999999999998863 ) ;
#1881 = VECTOR ( 'NONE', #1889, 1000.000000000000000 ) ;
#1882 = CIRCLE ( 'NONE', #957, 0.4000000000000001887 ) ;
#1883 = AXIS2_PLACEMENT_3D ( 'NONE', #1291, #394, #545 ) ;
#1884 = DIRECTION ( 'NONE',  ( 0.9659258262890672020, 0.2588190451025247918, -0.0000000000000000000 ) ) ;
#1885 = ORIENTED_EDGE ( 'NONE', *, *, #590, .T. ) ;
#1886 = CARTESIAN_POINT ( 'NONE',  ( 15.26435201749706572, 7.473286466008662643, 1.500000000000000000 ) ) ;
#1887 = ORIENTED_EDGE ( 'NONE', *, *, #996, .T. ) ;
#1888 = ORIENTED_EDGE ( 'NONE', *, *, #1910, .T. ) ;
#1889 = DIRECTION ( 'NONE',  ( 0.0000000000000000000, -3.491481338843133355E-15, -1.000000000000000000 ) ) ;
#1890 = ORIENTED_EDGE ( 'NONE', *, *, #1083, .F. ) ;
#1891 = VERTEX_POINT ( 'NONE', #1616 ) ;
#1892 = DIRECTION ( 'NONE',  ( -0.0000000000000000000, -0.0000000000000000000, -1.000000000000000000 ) ) ;
#1893 = CC_DESIGN_APPROVAL ( #1721, ( #374 ) ) ;
#1894 = PLANE ( 'NONE',  #189 ) ;
#1895 = APPROVAL_STATUS ( 'not_yet_approved' ) ;
#1896 = CARTESIAN_POINT ( 'NONE',  ( 16.50000000000000000, 5.299999999999999822, -0.7500000000000002220 ) ) ;
#1897 = ORIENTED_EDGE ( 'NONE', *, *, #1816, .T. ) ;
#1898 = ORIENTED_EDGE ( 'NONE', *, *, #1125, .T. ) ;
#1899 = CARTESIAN_POINT ( 'NONE',  ( 15.13983877656565902, 7.772412803167539685, 0.6302682279971463242 ) ) ;
#1900 = CARTESIAN_POINT ( 'NONE',  ( 14.45211988927750824, 6.733941090877594959, 1.500000000000000000 ) ) ;
#1901 = DATE_AND_TIME ( #738, #1142 ) ;
#1902 = PERSON_AND_ORGANIZATION_ROLE ( 'classification_officer' ) ;
#1903 = DIRECTION ( 'NONE',  ( 1.000000000000000000, 0.0000000000000000000, 0.0000000000000000000 ) ) ;
#1904 = VECTOR ( 'NONE', #89, 1000.000000000000000 ) ;
#1905 = VECTOR ( 'NONE', #1526, 1000.000000000000000 ) ;
#1906 = ORIENTED_EDGE ( 'NONE', *, *, #1718, .T. ) ;
#1907 = CARTESIAN_POINT ( 'NONE',  ( 3.999999999999999112, -1.400000000000000799, 1.800000000000004041 ) ) ;
#1908 = FACE_OUTER_BOUND ( 'NONE', #1633, .T. ) ;
#1909 = DIRECTION ( 'NONE',  ( -0.0000000000000000000, -0.0000000000000000000, -1.000000000000000000 ) ) ;
#1910 = EDGE_CURVE ( 'NONE', #460, #666, #1121, .T. ) ;
#1911 = ORIENTED_EDGE ( 'NONE', *, *, #1481, .F. ) ;
#1912 = ORIENTED_EDGE ( 'NONE', *, *, #508, .F. ) ;
#1913 = AXIS2_PLACEMENT_3D ( 'NONE', #1963, #768, #1067 ) ;
#1914 = DIRECTION ( 'NONE',  ( 0.0000000000000000000, -0.0000000000000000000, -1.000000000000000000 ) ) ;
#1915 = ORIENTED_EDGE ( 'NONE', *, *, #1918, .T. ) ;
#1916 = AXIS2_PLACEMENT_3D ( 'NONE', #894, #597, #291 ) ;
#1917 = DIRECTION ( 'NONE',  ( 0.2588190451025241812, -0.9659258262890673130, 0.0000000000000000000 ) ) ;
#1918 = EDGE_CURVE ( 'NONE', #558, #179, #1066, .T. ) ;
#1919 = ORIENTED_EDGE ( 'NONE', *, *, #1701, .T. ) ;
#1920 = DIRECTION ( 'NONE',  ( 0.0000000000000000000, 0.0000000000000000000, 1.000000000000000000 ) ) ;
#1921 = CARTESIAN_POINT ( 'NONE',  ( 24.17364817766692653, 1.984807753012208797, 1.500000000000000000 ) ) ;
#1922 = DATE_TIME_ROLE ( 'classification_date' ) ;
#1923 = DIRECTION ( 'NONE',  ( 1.000000000000000000, 0.0000000000000000000, 0.0000000000000000000 ) ) ;
#1924 = EDGE_CURVE ( 'NONE', #307, #470, #269, .T. ) ;
#1925 = DIRECTION ( 'NONE',  ( -0.5735764363510391650, -0.8191520442889967946, -0.0000000000000000000 ) ) ;
#1926 = LINE ( 'NONE', #1273, #1533 ) ;
#1927 = ORIENTED_EDGE ( 'NONE', *, *, #471, .F. ) ;
#1928 = FACE_OUTER_BOUND ( 'NONE', #1476, .T. ) ;
#1929 = LINE ( 'NONE', #644, #322 ) ;
#1930 = ORIENTED_EDGE ( 'NONE', *, *, #1924, .F. ) ;
#1931 = AXIS2_PLACEMENT_3D ( 'NONE', #755, #1812, #1966 ) ;
#1932 = CYLINDRICAL_SURFACE ( 'NONE', #1389, 2.899999999999999911 ) ;
#1933 = ORIENTED_EDGE ( 'NONE', *, *, #1312, .F. ) ;
#1934 = ORIENTED_EDGE ( 'NONE', *, *, #819, .F. ) ;
#1935 = DIRECTION ( 'NONE',  ( -0.0000000000000000000, -0.0000000000000000000, -1.000000000000000000 ) ) ;
#1936 = EDGE_CURVE ( 'NONE', #179, #1744, #627, .T. ) ;
#1937 = ORIENTED_EDGE ( 'NONE', *, *, #1218, .F. ) ;
#1938 = CARTESIAN_POINT ( 'NONE',  ( 17.88603695230928281, 7.527201736897505491, 0.4767261110244419564 ) ) ;
#1939 = ORIENTED_EDGE ( 'NONE', *, *, #1805, .T. ) ;
#1940 = DIRECTION ( 'NONE',  ( 0.0000000000000000000, -0.0000000000000000000, 1.000000000000000000 ) ) ;
#1941 = VERTEX_POINT ( 'NONE', #1594 ) ;
#1942 = DIRECTION ( 'NONE',  ( 0.1736481776669293875, 0.9848077530122082424, -0.0000000000000000000 ) ) ;
#1943 = AXIS2_PLACEMENT_3D ( 'NONE', #1601, #854, #1917 ) ;
#1944 = AXIS2_PLACEMENT_3D ( 'NONE', #1753, #280, #1620 ) ;
#1945 = DIRECTION ( 'NONE',  ( 1.000000000000000000, 0.0000000000000000000, 0.0000000000000000000 ) ) ;
#1946 = LINE ( 'NONE', #1289, #994 ) ;
#1947 = DIRECTION ( 'NONE',  ( -0.2588190451025241812, 0.9659258262890673130, 0.0000000000000000000 ) ) ;
#1948 = CIRCLE ( 'NONE', #1365, 2.699999999999997513 ) ;
#1949 = LINE ( 'NONE', #873, #1302 ) ;
#1950 = ORIENTED_EDGE ( 'NONE', *, *, #1694, .F. ) ;
#1951 = CARTESIAN_POINT ( 'NONE',  ( 0.0000000000000000000, -0.2000000000000000111, 1.500000000000000000 ) ) ;
#1952 = LINE ( 'NONE', #837, #1146 ) ;
#1953 = EDGE_CURVE ( 'NONE', #558, #1033, #382, .T. ) ;
#1954 = DIRECTION ( 'NONE',  ( 1.000000000000000000, 0.0000000000000000000, 0.0000000000000000000 ) ) ;
#1955 = VECTOR ( 'NONE', #1367, 1000.000000000000000 ) ;
#1956 = AXIS2_PLACEMENT_3D ( 'NONE', #900, #1836, #1651 ) ;
#1957 = B_SPLINE_CURVE_WITH_KNOTS ( 'NONE', 3,
 ( #1561, #520, #1899, #992, #531, #381 ),
 .UNSPECIFIED., .F., .F.,
 ( 4, 2, 4 ),
 ( 0.0000000000000000000, 0.0003180881524834065516, 0.0006361763049668131033 ),
 .UNSPECIFIED. ) ;
#1958 = VERTEX_POINT ( 'NONE', #95 ) ;
#1959 = CARTESIAN_POINT ( 'NONE',  ( 16.50000000000000000, 5.299999999999999822, 1.500000000000000000 ) ) ;
#1960 = ORIENTED_EDGE ( 'NONE', *, *, #1397, .T. ) ;
#1961 = DIRECTION ( 'NONE',  ( -1.000000000000000000, 0.0000000000000000000, 0.0000000000000000000 ) ) ;
#1962 = AXIS2_PLACEMENT_3D ( 'NONE', #1360, #5, #1064 ) ;
#1963 = CARTESIAN_POINT ( 'NONE',  ( 0.0000000000000000000, -0.2000000000000000111, 1.500000000000000000 ) ) ;
#1964 = DIRECTION ( 'NONE',  ( -1.000000000000000000, 0.0000000000000000000, 0.0000000000000000000 ) ) ;
#1965 = EDGE_CURVE ( 'NONE', #964, #395, #1946, .T. ) ;
#1966 = DIRECTION ( 'NONE',  ( 0.1736481776669233645, 0.9848077530122092416, 0.0000000000000000000 ) ) ;
ENDSEC;
END-ISO-10303-21;
