ISO-10303-21;
HEADER;
FILE_DESCRIPTION((''),'2;1');
FILE_NAME('DF52-12S-0_8H_ASM','2024-08-20T20:46:24',('Administrator'),(''),
'CREO PARAMETRIC BY PTC INC, 2021063','CREO PARAMETRIC BY PTC INC, 2021063','');
FILE_SCHEMA(('CONFIG_CONTROL_DESIGN'));
ENDSEC;
DATA;
#1=DIRECTION('',(0.E0,0.E0,-1.E0));
#2=VECTOR('',#1,1.35E0);
#3=CARTESIAN_POINT('',(2.182E1,-3.52E0,5.3E0));
#4=LINE('',#3,#2);
#5=DIRECTION('',(1.E0,0.E0,0.E0));
#6=VECTOR('',#5,4.2E-1);
#7=CARTESIAN_POINT('',(2.14E1,-3.52E0,5.3E0));
#8=LINE('',#7,#6);
#9=DIRECTION('',(-1.015061051086E-14,0.E0,-1.E0));
#10=VECTOR('',#9,3.5E-1);
#11=CARTESIAN_POINT('',(2.14E1,-3.52E0,5.65E0));
#12=LINE('',#11,#10);
#13=DIRECTION('',(-1.E0,0.E0,0.E0));
#14=VECTOR('',#13,1.18E1);
#15=CARTESIAN_POINT('',(3.32E1,-3.52E0,5.65E0));
#16=LINE('',#15,#14);
#17=DIRECTION('',(0.E0,0.E0,1.E0));
#18=VECTOR('',#17,1.35E0);
#19=CARTESIAN_POINT('',(3.278E1,-3.52E0,3.95E0));
#20=LINE('',#19,#18);
#21=DIRECTION('',(7.071067811865E-1,0.E0,7.071067811866E-1));
#22=VECTOR('',#21,7.071067811865E-2);
#23=CARTESIAN_POINT('',(3.193E1,-3.52E0,5.37E0));
#24=LINE('',#23,#22);
#25=DIRECTION('',(0.E0,0.E0,-1.E0));
#26=VECTOR('',#25,6.999999999999E-2);
#27=CARTESIAN_POINT('',(2.267E1,-3.52E0,5.37E0));
#28=LINE('',#27,#26);
#29=DIRECTION('',(7.071067811866E-1,0.E0,-7.071067811865E-1));
#30=VECTOR('',#29,7.071067811866E-2);
#31=CARTESIAN_POINT('',(2.262E1,-3.52E0,5.42E0));
#32=LINE('',#31,#30);
#33=DIRECTION('',(1.E0,0.E0,1.776356839400E-14));
#34=VECTOR('',#33,3.5E-1);
#35=CARTESIAN_POINT('',(2.227E1,-3.52E0,5.42E0));
#36=LINE('',#35,#34);
#37=DIRECTION('',(0.E0,0.E0,1.E0));
#38=VECTOR('',#37,3.4E-1);
#39=CARTESIAN_POINT('',(2.227E1,-3.52E0,5.08E0));
#40=LINE('',#39,#38);
#41=DIRECTION('',(1.E0,0.E0,0.E0));
#42=VECTOR('',#41,2.2E-1);
#43=CARTESIAN_POINT('',(2.205E1,-3.52E0,5.08E0));
#44=LINE('',#43,#42);
#45=DIRECTION('',(0.E0,0.E0,1.E0));
#46=VECTOR('',#45,3.9E-1);
#47=CARTESIAN_POINT('',(2.205E1,-3.52E0,4.69E0));
#48=LINE('',#47,#46);
#49=DIRECTION('',(-1.E0,0.E0,0.E0));
#50=VECTOR('',#49,2.2E-1);
#51=CARTESIAN_POINT('',(2.227E1,-3.52E0,4.69E0));
#52=LINE('',#51,#50);
#53=DIRECTION('',(0.E0,0.E0,1.E0));
#54=VECTOR('',#53,5.8E-1);
#55=CARTESIAN_POINT('',(2.227E1,-3.52E0,4.11E0));
#56=LINE('',#55,#54);
#57=DIRECTION('',(-1.E0,0.E0,0.E0));
#58=VECTOR('',#57,9.3E-1);
#59=CARTESIAN_POINT('',(2.32E1,-3.52E0,4.11E0));
#60=LINE('',#59,#58);
#61=DIRECTION('',(-5.075305255429E-14,0.E0,-1.E0));
#62=VECTOR('',#61,1.4E-1);
#63=CARTESIAN_POINT('',(2.32E1,-3.52E0,4.25E0));
#64=LINE('',#63,#62);
#65=DIRECTION('',(-1.E0,0.E0,0.E0));
#66=VECTOR('',#65,2.E-1);
#67=CARTESIAN_POINT('',(2.34E1,-3.52E0,4.25E0));
#68=LINE('',#67,#66);
#69=DIRECTION('',(0.E0,0.E0,1.E0));
#70=VECTOR('',#69,1.4E-1);
#71=CARTESIAN_POINT('',(2.34E1,-3.52E0,4.11E0));
#72=LINE('',#71,#70);
#73=DIRECTION('',(-1.E0,0.E0,0.E0));
#74=VECTOR('',#73,6.E-1);
#75=CARTESIAN_POINT('',(2.4E1,-3.52E0,4.11E0));
#76=LINE('',#75,#74);
#77=DIRECTION('',(0.E0,0.E0,-1.E0));
#78=VECTOR('',#77,1.4E-1);
#79=CARTESIAN_POINT('',(2.4E1,-3.52E0,4.25E0));
#80=LINE('',#79,#78);
#81=DIRECTION('',(-1.E0,0.E0,0.E0));
#82=VECTOR('',#81,2.E-1);
#83=CARTESIAN_POINT('',(2.42E1,-3.52E0,4.25E0));
#84=LINE('',#83,#82);
#85=DIRECTION('',(0.E0,0.E0,1.E0));
#86=VECTOR('',#85,1.4E-1);
#87=CARTESIAN_POINT('',(2.42E1,-3.52E0,4.11E0));
#88=LINE('',#87,#86);
#89=DIRECTION('',(-1.E0,0.E0,0.E0));
#90=VECTOR('',#89,6.E-1);
#91=CARTESIAN_POINT('',(2.48E1,-3.52E0,4.11E0));
#92=LINE('',#91,#90);
#93=DIRECTION('',(0.E0,0.E0,-1.E0));
#94=VECTOR('',#93,1.4E-1);
#95=CARTESIAN_POINT('',(2.48E1,-3.52E0,4.25E0));
#96=LINE('',#95,#94);
#97=DIRECTION('',(-1.E0,0.E0,0.E0));
#98=VECTOR('',#97,2.E-1);
#99=CARTESIAN_POINT('',(2.5E1,-3.52E0,4.25E0));
#100=LINE('',#99,#98);
#101=DIRECTION('',(0.E0,0.E0,1.E0));
#102=VECTOR('',#101,1.4E-1);
#103=CARTESIAN_POINT('',(2.5E1,-3.52E0,4.11E0));
#104=LINE('',#103,#102);
#105=DIRECTION('',(-1.E0,0.E0,0.E0));
#106=VECTOR('',#105,6.E-1);
#107=CARTESIAN_POINT('',(2.56E1,-3.52E0,4.11E0));
#108=LINE('',#107,#106);
#109=DIRECTION('',(0.E0,0.E0,-1.E0));
#110=VECTOR('',#109,1.4E-1);
#111=CARTESIAN_POINT('',(2.56E1,-3.52E0,4.25E0));
#112=LINE('',#111,#110);
#113=DIRECTION('',(-1.E0,0.E0,0.E0));
#114=VECTOR('',#113,2.E-1);
#115=CARTESIAN_POINT('',(2.58E1,-3.52E0,4.25E0));
#116=LINE('',#115,#114);
#117=DIRECTION('',(0.E0,0.E0,1.E0));
#118=VECTOR('',#117,1.4E-1);
#119=CARTESIAN_POINT('',(2.58E1,-3.52E0,4.11E0));
#120=LINE('',#119,#118);
#121=DIRECTION('',(-1.E0,0.E0,0.E0));
#122=VECTOR('',#121,6.E-1);
#123=CARTESIAN_POINT('',(2.64E1,-3.52E0,4.11E0));
#124=LINE('',#123,#122);
#125=DIRECTION('',(0.E0,0.E0,-1.E0));
#126=VECTOR('',#125,1.4E-1);
#127=CARTESIAN_POINT('',(2.64E1,-3.52E0,4.25E0));
#128=LINE('',#127,#126);
#129=DIRECTION('',(-1.E0,0.E0,0.E0));
#130=VECTOR('',#129,2.E-1);
#131=CARTESIAN_POINT('',(2.66E1,-3.52E0,4.25E0));
#132=LINE('',#131,#130);
#133=DIRECTION('',(0.E0,0.E0,1.E0));
#134=VECTOR('',#133,1.4E-1);
#135=CARTESIAN_POINT('',(2.66E1,-3.52E0,4.11E0));
#136=LINE('',#135,#134);
#137=DIRECTION('',(-1.E0,0.E0,0.E0));
#138=VECTOR('',#137,6.E-1);
#139=CARTESIAN_POINT('',(2.72E1,-3.52E0,4.11E0));
#140=LINE('',#139,#138);
#141=DIRECTION('',(7.612957883144E-14,0.E0,-1.E0));
#142=VECTOR('',#141,1.4E-1);
#143=CARTESIAN_POINT('',(2.72E1,-3.52E0,4.25E0));
#144=LINE('',#143,#142);
#145=DIRECTION('',(-1.E0,0.E0,0.E0));
#146=VECTOR('',#145,2.E-1);
#147=CARTESIAN_POINT('',(2.74E1,-3.52E0,4.25E0));
#148=LINE('',#147,#146);
#149=DIRECTION('',(0.E0,0.E0,1.E0));
#150=VECTOR('',#149,1.4E-1);
#151=CARTESIAN_POINT('',(2.74E1,-3.52E0,4.11E0));
#152=LINE('',#151,#150);
#153=DIRECTION('',(-1.E0,0.E0,0.E0));
#154=VECTOR('',#153,6.E-1);
#155=CARTESIAN_POINT('',(2.8E1,-3.52E0,4.11E0));
#156=LINE('',#155,#154);
#157=DIRECTION('',(0.E0,0.E0,-1.E0));
#158=VECTOR('',#157,1.4E-1);
#159=CARTESIAN_POINT('',(2.8E1,-3.52E0,4.25E0));
#160=LINE('',#159,#158);
#161=DIRECTION('',(-1.E0,0.E0,0.E0));
#162=VECTOR('',#161,2.E-1);
#163=CARTESIAN_POINT('',(2.82E1,-3.52E0,4.25E0));
#164=LINE('',#163,#162);
#165=DIRECTION('',(2.537652627715E-14,0.E0,1.E0));
#166=VECTOR('',#165,1.4E-1);
#167=CARTESIAN_POINT('',(2.82E1,-3.52E0,4.11E0));
#168=LINE('',#167,#166);
#169=DIRECTION('',(-1.E0,0.E0,0.E0));
#170=VECTOR('',#169,2.E-1);
#171=CARTESIAN_POINT('',(2.9E1,-3.52E0,4.25E0));
#172=LINE('',#171,#170);
#173=DIRECTION('',(-1.E0,0.E0,0.E0));
#174=VECTOR('',#173,6.E-1);
#175=CARTESIAN_POINT('',(2.96E1,-3.52E0,4.11E0));
#176=LINE('',#175,#174);
#177=DIRECTION('',(-1.E0,0.E0,0.E0));
#178=VECTOR('',#177,2.E-1);
#179=CARTESIAN_POINT('',(3.06E1,-3.52E0,4.25E0));
#180=LINE('',#179,#178);
#181=DIRECTION('',(0.E0,0.E0,-1.E0));
#182=VECTOR('',#181,4.E-1);
#183=CARTESIAN_POINT('',(2.182E1,-2.17E0,4.35E0));
#184=LINE('',#183,#182);
#185=DIRECTION('',(0.E0,7.071067811865E-1,-7.071067811865E-1));
#186=VECTOR('',#185,4.242640687119E-1);
#187=CARTESIAN_POINT('',(2.182E1,-3.27E0,4.65E0));
#188=LINE('',#187,#186);
#189=DIRECTION('',(0.E0,0.E0,-1.E0));
#190=VECTOR('',#189,1.7E0);
#191=CARTESIAN_POINT('',(2.14E1,-1.15E0,5.65E0));
#192=LINE('',#191,#190);
#193=DIRECTION('',(0.E0,-1.E0,0.E0));
#194=VECTOR('',#193,2.5E-1);
#195=CARTESIAN_POINT('',(2.14E1,-3.27E0,5.3E0));
#196=LINE('',#195,#194);
#197=DIRECTION('',(0.E0,0.E0,1.E0));
#198=VECTOR('',#197,6.5E-1);
#199=CARTESIAN_POINT('',(2.14E1,-3.27E0,4.65E0));
#200=LINE('',#199,#198);
#201=DIRECTION('',(0.E0,-7.071067811865E-1,7.071067811865E-1));
#202=VECTOR('',#201,4.242640687119E-1);
#203=CARTESIAN_POINT('',(2.14E1,-2.97E0,4.35E0));
#204=LINE('',#203,#202);
#205=DIRECTION('',(0.E0,-1.E0,0.E0));
#206=VECTOR('',#205,8.E-1);
#207=CARTESIAN_POINT('',(2.14E1,-2.17E0,4.35E0));
#208=LINE('',#207,#206);
#209=DIRECTION('',(0.E0,0.E0,1.E0));
#210=VECTOR('',#209,4.E-1);
#211=CARTESIAN_POINT('',(2.14E1,-2.17E0,3.95E0));
#212=LINE('',#211,#210);
#213=DIRECTION('',(0.E0,9.999999999996E-1,-8.540796798727E-7));
#214=VECTOR('',#213,2.499999999987E-1);
#215=CARTESIAN_POINT('',(2.9375E1,-1.149999999998E0,3.950000213520E0));
#216=LINE('',#215,#214);
#217=DIRECTION('',(0.E0,9.999999999996E-1,-8.540796798727E-7));
#218=VECTOR('',#217,2.499999999987E-1);
#219=CARTESIAN_POINT('',(2.8575E1,-1.149999999998E0,3.950000213520E0));
#220=LINE('',#219,#218);
#221=DIRECTION('',(1.E0,0.E0,0.E0));
#222=VECTOR('',#221,1.5E-1);
#223=CARTESIAN_POINT('',(2.8425E1,-1.149999999998E0,3.950000213520E0));
#224=LINE('',#223,#222);
#225=DIRECTION('',(0.E0,-9.999999999996E-1,8.540796780964E-7));
#226=VECTOR('',#225,2.499999999987E-1);
#227=CARTESIAN_POINT('',(2.8425E1,-8.999999999998E-1,3.95E0));
#228=LINE('',#227,#226);
#229=DIRECTION('',(1.E0,0.E0,0.E0));
#230=VECTOR('',#229,6.5E-1);
#231=CARTESIAN_POINT('',(2.7775E1,-8.999999999998E-1,3.95E0));
#232=LINE('',#231,#230);
#233=DIRECTION('',(0.E0,9.999999999996E-1,-8.540796798727E-7));
#234=VECTOR('',#233,2.499999999987E-1);
#235=CARTESIAN_POINT('',(2.7775E1,-1.149999999998E0,3.950000213520E0));
#236=LINE('',#235,#234);
#237=DIRECTION('',(1.E0,0.E0,0.E0));
#238=VECTOR('',#237,1.5E-1);
#239=CARTESIAN_POINT('',(2.7625E1,-1.149999999998E0,3.950000213520E0));
#240=LINE('',#239,#238);
#241=DIRECTION('',(0.E0,-9.999999999996E-1,8.540796780964E-7));
#242=VECTOR('',#241,2.499999999987E-1);
#243=CARTESIAN_POINT('',(2.7625E1,-8.999999999998E-1,3.95E0));
#244=LINE('',#243,#242);
#245=DIRECTION('',(1.E0,0.E0,0.E0));
#246=VECTOR('',#245,6.5E-1);
#247=CARTESIAN_POINT('',(2.6975E1,-8.999999999998E-1,3.95E0));
#248=LINE('',#247,#246);
#249=DIRECTION('',(0.E0,9.999999999996E-1,-8.540796798727E-7));
#250=VECTOR('',#249,2.499999999987E-1);
#251=CARTESIAN_POINT('',(2.6975E1,-1.149999999998E0,3.950000213520E0));
#252=LINE('',#251,#250);
#253=DIRECTION('',(1.E0,0.E0,0.E0));
#254=VECTOR('',#253,1.5E-1);
#255=CARTESIAN_POINT('',(2.6825E1,-1.149999999998E0,3.950000213520E0));
#256=LINE('',#255,#254);
#257=DIRECTION('',(0.E0,-9.999999999996E-1,8.540796780964E-7));
#258=VECTOR('',#257,2.499999999987E-1);
#259=CARTESIAN_POINT('',(2.6825E1,-8.999999999998E-1,3.95E0));
#260=LINE('',#259,#258);
#261=DIRECTION('',(1.E0,0.E0,0.E0));
#262=VECTOR('',#261,6.5E-1);
#263=CARTESIAN_POINT('',(2.6175E1,-8.999999999998E-1,3.95E0));
#264=LINE('',#263,#262);
#265=DIRECTION('',(-1.421085471527E-14,9.999999999996E-1,-8.540796798727E-7));
#266=VECTOR('',#265,2.499999999987E-1);
#267=CARTESIAN_POINT('',(2.6175E1,-1.149999999998E0,3.950000213520E0));
#268=LINE('',#267,#266);
#269=DIRECTION('',(1.E0,0.E0,0.E0));
#270=VECTOR('',#269,1.5E-1);
#271=CARTESIAN_POINT('',(2.6025E1,-1.149999999998E0,3.950000213520E0));
#272=LINE('',#271,#270);
#273=DIRECTION('',(-1.421085471527E-14,-9.999999999996E-1,8.540796780964E-7));
#274=VECTOR('',#273,2.499999999987E-1);
#275=CARTESIAN_POINT('',(2.6025E1,-8.999999999998E-1,3.95E0));
#276=LINE('',#275,#274);
#277=DIRECTION('',(1.E0,0.E0,0.E0));
#278=VECTOR('',#277,6.5E-1);
#279=CARTESIAN_POINT('',(2.5375E1,-8.999999999998E-1,3.95E0));
#280=LINE('',#279,#278);
#281=DIRECTION('',(0.E0,9.999999999996E-1,-8.540796798727E-7));
#282=VECTOR('',#281,2.499999999987E-1);
#283=CARTESIAN_POINT('',(2.5375E1,-1.149999999998E0,3.950000213520E0));
#284=LINE('',#283,#282);
#285=DIRECTION('',(1.E0,0.E0,0.E0));
#286=VECTOR('',#285,1.5E-1);
#287=CARTESIAN_POINT('',(2.5225E1,-1.149999999998E0,3.950000213520E0));
#288=LINE('',#287,#286);
#289=DIRECTION('',(0.E0,-9.999999999996E-1,8.540796780964E-7));
#290=VECTOR('',#289,2.499999999987E-1);
#291=CARTESIAN_POINT('',(2.5225E1,-8.999999999998E-1,3.95E0));
#292=LINE('',#291,#290);
#293=DIRECTION('',(1.E0,0.E0,0.E0));
#294=VECTOR('',#293,6.5E-1);
#295=CARTESIAN_POINT('',(2.4575E1,-8.999999999998E-1,3.95E0));
#296=LINE('',#295,#294);
#297=DIRECTION('',(0.E0,9.999999999996E-1,-8.540796798727E-7));
#298=VECTOR('',#297,2.499999999987E-1);
#299=CARTESIAN_POINT('',(2.4575E1,-1.149999999998E0,3.950000213520E0));
#300=LINE('',#299,#298);
#301=DIRECTION('',(1.E0,0.E0,0.E0));
#302=VECTOR('',#301,1.5E-1);
#303=CARTESIAN_POINT('',(2.4425E1,-1.149999999998E0,3.950000213520E0));
#304=LINE('',#303,#302);
#305=DIRECTION('',(-1.421085471527E-14,-9.999999999996E-1,8.540796780964E-7));
#306=VECTOR('',#305,2.499999999987E-1);
#307=CARTESIAN_POINT('',(2.4425E1,-8.999999999998E-1,3.95E0));
#308=LINE('',#307,#306);
#309=DIRECTION('',(1.E0,0.E0,0.E0));
#310=VECTOR('',#309,6.5E-1);
#311=CARTESIAN_POINT('',(2.3775E1,-8.999999999998E-1,3.95E0));
#312=LINE('',#311,#310);
#313=DIRECTION('',(0.E0,9.999999999996E-1,-8.540796798727E-7));
#314=VECTOR('',#313,2.499999999987E-1);
#315=CARTESIAN_POINT('',(2.3775E1,-1.149999999998E0,3.950000213520E0));
#316=LINE('',#315,#314);
#317=DIRECTION('',(1.E0,0.E0,0.E0));
#318=VECTOR('',#317,1.5E-1);
#319=CARTESIAN_POINT('',(2.3625E1,-1.149999999998E0,3.950000213520E0));
#320=LINE('',#319,#318);
#321=DIRECTION('',(0.E0,-9.999999999996E-1,8.540796780964E-7));
#322=VECTOR('',#321,2.499999999987E-1);
#323=CARTESIAN_POINT('',(2.3625E1,-8.999999999998E-1,3.95E0));
#324=LINE('',#323,#322);
#325=DIRECTION('',(1.E0,0.E0,0.E0));
#326=VECTOR('',#325,6.5E-1);
#327=CARTESIAN_POINT('',(2.2975E1,-8.999999999998E-1,3.95E0));
#328=LINE('',#327,#326);
#329=DIRECTION('',(0.E0,9.999999999996E-1,-8.540796798727E-7));
#330=VECTOR('',#329,2.499999999987E-1);
#331=CARTESIAN_POINT('',(2.2975E1,-1.149999999998E0,3.950000213520E0));
#332=LINE('',#331,#330);
#333=DIRECTION('',(1.E0,0.E0,0.E0));
#334=VECTOR('',#333,1.5E-1);
#335=CARTESIAN_POINT('',(2.2825E1,-1.149999999998E0,3.950000213520E0));
#336=LINE('',#335,#334);
#337=DIRECTION('',(0.E0,-9.999999999996E-1,8.540796798727E-7));
#338=VECTOR('',#337,2.499999999987E-1);
#339=CARTESIAN_POINT('',(2.2825E1,-8.999999999998E-1,3.95E0));
#340=LINE('',#339,#338);
#341=DIRECTION('',(1.E0,0.E0,0.E0));
#342=VECTOR('',#341,7.75E-1);
#343=CARTESIAN_POINT('',(2.205E1,-8.999999999998E-1,3.95E0));
#344=LINE('',#343,#342);
#345=DIRECTION('',(-1.421085471520E-14,1.E0,0.E0));
#346=VECTOR('',#345,2.5E-1);
#347=CARTESIAN_POINT('',(2.205E1,-1.15E0,3.95E0));
#348=LINE('',#347,#346);
#349=DIRECTION('',(1.E0,0.E0,0.E0));
#350=VECTOR('',#349,6.5E-1);
#351=CARTESIAN_POINT('',(2.14E1,-1.15E0,3.95E0));
#352=LINE('',#351,#350);
#353=DIRECTION('',(0.E0,1.E0,0.E0));
#354=VECTOR('',#353,1.02E0);
#355=CARTESIAN_POINT('',(2.14E1,-2.17E0,3.95E0));
#356=LINE('',#355,#354);
#357=DIRECTION('',(-1.E0,0.E0,0.E0));
#358=VECTOR('',#357,4.2E-1);
#359=CARTESIAN_POINT('',(2.182E1,-2.17E0,3.95E0));
#360=LINE('',#359,#358);
#361=DIRECTION('',(0.E0,1.E0,0.E0));
#362=VECTOR('',#361,1.35E0);
#363=CARTESIAN_POINT('',(2.182E1,-3.52E0,3.95E0));
#364=LINE('',#363,#362);
#365=DIRECTION('',(-1.E0,0.E0,0.E0));
#366=VECTOR('',#365,1.096E1);
#367=CARTESIAN_POINT('',(3.278E1,-3.52E0,3.95E0));
#368=LINE('',#367,#366);
#369=DIRECTION('',(0.E0,-1.E0,0.E0));
#370=VECTOR('',#369,1.35E0);
#371=CARTESIAN_POINT('',(3.278E1,-2.17E0,3.95E0));
#372=LINE('',#371,#370);
#373=DIRECTION('',(0.E0,1.E0,0.E0));
#374=VECTOR('',#373,2.5E-1);
#375=CARTESIAN_POINT('',(3.255E1,-1.15E0,3.95E0));
#376=LINE('',#375,#374);
#377=DIRECTION('',(0.E0,-1.E0,0.E0));
#378=VECTOR('',#377,4.E-1);
#379=CARTESIAN_POINT('',(3.255E1,-7.499999999999E-1,5.65E0));
#380=LINE('',#379,#378);
#381=DIRECTION('',(0.E0,0.E0,1.E0));
#382=VECTOR('',#381,3.E-1);
#383=CARTESIAN_POINT('',(3.255E1,-8.999999999998E-1,3.95E0));
#384=LINE('',#383,#382);
#385=DIRECTION('',(1.E0,0.E0,0.E0));
#386=VECTOR('',#385,6.5E-1);
#387=CARTESIAN_POINT('',(3.255E1,-1.15E0,5.65E0));
#388=LINE('',#387,#386);
#389=DIRECTION('',(0.E0,0.E0,1.E0));
#390=VECTOR('',#389,1.7E0);
#391=CARTESIAN_POINT('',(3.255E1,-1.15E0,3.95E0));
#392=LINE('',#391,#390);
#393=DIRECTION('',(-1.E0,0.E0,0.E0));
#394=VECTOR('',#393,6.5E-1);
#395=CARTESIAN_POINT('',(3.32E1,-1.15E0,3.95E0));
#396=LINE('',#395,#394);
#397=DIRECTION('',(0.E0,0.E0,1.E0));
#398=VECTOR('',#397,1.7E0);
#399=CARTESIAN_POINT('',(3.32E1,-1.15E0,3.95E0));
#400=LINE('',#399,#398);
#401=DIRECTION('',(0.E0,1.E0,0.E0));
#402=VECTOR('',#401,1.02E0);
#403=CARTESIAN_POINT('',(3.32E1,-2.17E0,3.95E0));
#404=LINE('',#403,#402);
#405=DIRECTION('',(-1.674765289263E-14,7.071067811865E-1,-7.071067811865E-1));
#406=VECTOR('',#405,4.242640687119E-1);
#407=CARTESIAN_POINT('',(3.32E1,-3.27E0,4.65E0));
#408=LINE('',#407,#406);
#409=DIRECTION('',(1.093142670400E-14,0.E0,-1.E0));
#410=VECTOR('',#409,6.499999999999E-1);
#411=CARTESIAN_POINT('',(3.32E1,-3.27E0,5.3E0));
#412=LINE('',#411,#410);
#413=DIRECTION('',(0.E0,-1.015061051086E-14,-1.E0));
#414=VECTOR('',#413,3.500000000001E-1);
#415=CARTESIAN_POINT('',(3.32E1,-3.52E0,5.65E0));
#416=LINE('',#415,#414);
#417=DIRECTION('',(0.E0,-1.E0,0.E0));
#418=VECTOR('',#417,2.37E0);
#419=CARTESIAN_POINT('',(3.32E1,-1.15E0,5.65E0));
#420=LINE('',#419,#418);
#421=DIRECTION('',(0.E0,0.E0,1.E0));
#422=VECTOR('',#421,4.E-1);
#423=CARTESIAN_POINT('',(3.32E1,-2.17E0,3.95E0));
#424=LINE('',#423,#422);
#425=DIRECTION('',(1.E0,0.E0,0.E0));
#426=VECTOR('',#425,4.2E-1);
#427=CARTESIAN_POINT('',(3.278E1,-2.17E0,3.95E0));
#428=LINE('',#427,#426);
#429=DIRECTION('',(0.E0,0.E0,-1.E0));
#430=VECTOR('',#429,4.E-1);
#431=CARTESIAN_POINT('',(3.278E1,-2.17E0,4.35E0));
#432=LINE('',#431,#430);
#433=DIRECTION('',(0.E0,-7.071067811865E-1,7.071067811865E-1));
#434=VECTOR('',#433,4.242640687119E-1);
#435=CARTESIAN_POINT('',(3.278E1,-2.97E0,4.35E0));
#436=LINE('',#435,#434);
#437=DIRECTION('',(-1.E0,0.E0,0.E0));
#438=VECTOR('',#437,4.2E-1);
#439=CARTESIAN_POINT('',(3.32E1,-3.52E0,5.3E0));
#440=LINE('',#439,#438);
#441=DIRECTION('',(0.E0,-1.E0,-1.421085471520E-14));
#442=VECTOR('',#441,2.5E-1);
#443=CARTESIAN_POINT('',(3.32E1,-3.27E0,5.3E0));
#444=LINE('',#443,#442);
#445=DIRECTION('',(1.E0,0.E0,0.E0));
#446=VECTOR('',#445,4.2E-1);
#447=CARTESIAN_POINT('',(3.278E1,-3.27E0,5.3E0));
#448=LINE('',#447,#446);
#449=DIRECTION('',(0.E0,1.E0,1.065814103640E-14));
#450=VECTOR('',#449,2.5E-1);
#451=CARTESIAN_POINT('',(3.278E1,-3.52E0,5.3E0));
#452=LINE('',#451,#450);
#453=DIRECTION('',(0.E0,0.E0,-1.E0));
#454=VECTOR('',#453,6.5E-1);
#455=CARTESIAN_POINT('',(3.278E1,-3.27E0,5.3E0));
#456=LINE('',#455,#454);
#457=DIRECTION('',(-1.E0,0.E0,0.E0));
#458=VECTOR('',#457,2.E-1);
#459=CARTESIAN_POINT('',(3.32E1,-3.27E0,4.65E0));
#460=LINE('',#459,#458);
#461=DIRECTION('',(1.E0,0.E0,0.E0));
#462=VECTOR('',#461,4.2E-1);
#463=CARTESIAN_POINT('',(3.278E1,-2.17E0,4.35E0));
#464=LINE('',#463,#462);
#465=DIRECTION('',(0.E0,1.E0,0.E0));
#466=VECTOR('',#465,8.E-1);
#467=CARTESIAN_POINT('',(3.278E1,-2.97E0,4.35E0));
#468=LINE('',#467,#466);
#469=DIRECTION('',(-1.E0,-2.220446049251E-14,0.E0));
#470=VECTOR('',#469,2.E-2);
#471=CARTESIAN_POINT('',(3.28E1,-2.97E0,4.35E0));
#472=LINE('',#471,#470);
#473=DIRECTION('',(0.E0,-1.E0,0.E0));
#474=VECTOR('',#473,6.E-1);
#475=CARTESIAN_POINT('',(3.28E1,-2.37E0,4.35E0));
#476=LINE('',#475,#474);
#477=DIRECTION('',(-1.E0,0.E0,0.E0));
#478=VECTOR('',#477,2.E-1);
#479=CARTESIAN_POINT('',(3.3E1,-2.37E0,4.35E0));
#480=LINE('',#479,#478);
#481=DIRECTION('',(0.E0,1.E0,0.E0));
#482=VECTOR('',#481,6.E-1);
#483=CARTESIAN_POINT('',(3.3E1,-2.97E0,4.35E0));
#484=LINE('',#483,#482);
#485=DIRECTION('',(-1.E0,0.E0,0.E0));
#486=VECTOR('',#485,2.E-1);
#487=CARTESIAN_POINT('',(3.32E1,-2.97E0,4.35E0));
#488=LINE('',#487,#486);
#489=DIRECTION('',(0.E0,-1.E0,0.E0));
#490=VECTOR('',#489,8.E-1);
#491=CARTESIAN_POINT('',(3.32E1,-2.17E0,4.35E0));
#492=LINE('',#491,#490);
#493=DIRECTION('',(-1.E0,-2.220446049251E-14,0.E0));
#494=VECTOR('',#493,2.E-2);
#495=CARTESIAN_POINT('',(3.28E1,-3.27E0,4.65E0));
#496=LINE('',#495,#494);
#497=DIRECTION('',(0.E0,0.E0,-1.E0));
#498=VECTOR('',#497,5.E-1);
#499=CARTESIAN_POINT('',(3.28E1,-3.27E0,5.15E0));
#500=LINE('',#499,#498);
#501=DIRECTION('',(0.E0,0.E0,1.E0));
#502=VECTOR('',#501,1.25E0);
#503=CARTESIAN_POINT('',(3.28E1,-3.37E0,3.9E0));
#504=LINE('',#503,#502);
#505=DIRECTION('',(0.E0,7.071067811865E-1,-7.071067811865E-1));
#506=VECTOR('',#505,4.242640687119E-1);
#507=CARTESIAN_POINT('',(3.28E1,-3.27E0,4.65E0));
#508=LINE('',#507,#506);
#509=DIRECTION('',(0.E0,1.E0,0.E0));
#510=VECTOR('',#509,1.E-1);
#511=CARTESIAN_POINT('',(3.3E1,-3.37E0,5.15E0));
#512=LINE('',#511,#510);
#513=DIRECTION('',(1.E0,0.E0,0.E0));
#514=VECTOR('',#513,2.E-1);
#515=CARTESIAN_POINT('',(3.28E1,-3.37E0,5.15E0));
#516=LINE('',#515,#514);
#517=DIRECTION('',(-7.105427357600E-14,-1.E0,1.776356839400E-14));
#518=VECTOR('',#517,1.E-1);
#519=CARTESIAN_POINT('',(3.28E1,-3.27E0,5.15E0));
#520=LINE('',#519,#518);
#521=DIRECTION('',(-1.E0,0.E0,0.E0));
#522=VECTOR('',#521,2.E-1);
#523=CARTESIAN_POINT('',(3.3E1,-3.27E0,5.15E0));
#524=LINE('',#523,#522);
#525=DIRECTION('',(0.E0,-7.071067811865E-1,7.071067811865E-1));
#526=VECTOR('',#525,4.242640687119E-1);
#527=CARTESIAN_POINT('',(3.3E1,-2.97E0,4.35E0));
#528=LINE('',#527,#526);
#529=DIRECTION('',(0.E0,0.E0,1.E0));
#530=VECTOR('',#529,4.5E-1);
#531=CARTESIAN_POINT('',(3.3E1,-2.37E0,3.9E0));
#532=LINE('',#531,#530);
#533=DIRECTION('',(0.E0,1.E0,0.E0));
#534=VECTOR('',#533,1.E0);
#535=CARTESIAN_POINT('',(3.3E1,-3.37E0,3.9E0));
#536=LINE('',#535,#534);
#537=DIRECTION('',(0.E0,0.E0,-1.E0));
#538=VECTOR('',#537,1.25E0);
#539=CARTESIAN_POINT('',(3.3E1,-3.37E0,5.15E0));
#540=LINE('',#539,#538);
#541=DIRECTION('',(0.E0,0.E0,1.E0));
#542=VECTOR('',#541,5.E-1);
#543=CARTESIAN_POINT('',(3.3E1,-3.27E0,4.65E0));
#544=LINE('',#543,#542);
#545=DIRECTION('',(-1.578983857245E-14,0.E0,1.E0));
#546=VECTOR('',#545,4.5E-1);
#547=CARTESIAN_POINT('',(3.28E1,-2.37E0,3.9E0));
#548=LINE('',#547,#546);
#549=DIRECTION('',(-1.E0,0.E0,0.E0));
#550=VECTOR('',#549,2.E-1);
#551=CARTESIAN_POINT('',(3.3E1,-2.37E0,3.9E0));
#552=LINE('',#551,#550);
#553=DIRECTION('',(0.E0,1.E0,0.E0));
#554=VECTOR('',#553,1.E0);
#555=CARTESIAN_POINT('',(3.28E1,-3.37E0,3.9E0));
#556=LINE('',#555,#554);
#557=DIRECTION('',(-1.E0,0.E0,0.E0));
#558=VECTOR('',#557,2.E-1);
#559=CARTESIAN_POINT('',(3.3E1,-3.37E0,3.9E0));
#560=LINE('',#559,#558);
#561=DIRECTION('',(0.E0,-1.E0,0.E0));
#562=VECTOR('',#561,2.37E0);
#563=CARTESIAN_POINT('',(2.14E1,-1.15E0,5.65E0));
#564=LINE('',#563,#562);
#565=DIRECTION('',(-1.E0,0.E0,0.E0));
#566=VECTOR('',#565,6.5E-1);
#567=CARTESIAN_POINT('',(2.205E1,-1.15E0,5.65E0));
#568=LINE('',#567,#566);
#569=DIRECTION('',(0.E0,-1.E0,0.E0));
#570=VECTOR('',#569,4.E-1);
#571=CARTESIAN_POINT('',(2.205E1,-7.499999999999E-1,5.65E0));
#572=LINE('',#571,#570);
#573=DIRECTION('',(-5.E-1,8.660254037844E-1,0.E0));
#574=VECTOR('',#573,5.E-1);
#575=CARTESIAN_POINT('',(2.29E1,-1.183012701892E0,5.65E0));
#576=LINE('',#575,#574);
#577=DIRECTION('',(-5.E-1,-8.660254037844E-1,0.E0));
#578=VECTOR('',#577,5.E-1);
#579=CARTESIAN_POINT('',(2.315E1,-7.499999999999E-1,5.65E0));
#580=LINE('',#579,#578);
#581=DIRECTION('',(0.E0,0.E0,-1.E0));
#582=VECTOR('',#581,3.E-1);
#583=CARTESIAN_POINT('',(2.205E1,-8.999999999998E-1,4.25E0));
#584=LINE('',#583,#582);
#585=DIRECTION('',(0.E0,-1.E0,0.E0));
#586=VECTOR('',#585,1.5E-1);
#587=CARTESIAN_POINT('',(2.205E1,-7.499999999999E-1,4.25E0));
#588=LINE('',#587,#586);
#589=DIRECTION('',(0.E0,0.E0,1.E0));
#590=VECTOR('',#589,1.7E0);
#591=CARTESIAN_POINT('',(2.205E1,-1.15E0,3.95E0));
#592=LINE('',#591,#590);
#593=CARTESIAN_POINT('',(2.255E1,-8.999999999998E-1,4.58E0));
#594=DIRECTION('',(0.E0,1.E0,0.E0));
#595=DIRECTION('',(-1.E0,0.E0,1.776356839400E-14));
#596=AXIS2_PLACEMENT_3D('',#593,#594,#595);
#598=DIRECTION('',(1.E0,0.E0,0.E0));
#599=VECTOR('',#598,4.5E-1);
#600=CARTESIAN_POINT('',(2.205E1,-8.999999999998E-1,4.25E0));
#601=LINE('',#600,#599);
#602=DIRECTION('',(-4.736951571734E-14,1.E0,0.E0));
#603=VECTOR('',#602,1.5E-1);
#604=CARTESIAN_POINT('',(2.255000021352E1,-8.999999999998E-1,4.629999999999E0));
#605=LINE('',#604,#603);
#606=DIRECTION('',(-1.E0,0.E0,-4.970573269945E-12));
#607=VECTOR('',#606,2.749997864801E-1);
#608=CARTESIAN_POINT('',(2.2825E1,-8.999999999998E-1,4.63E0));
#609=LINE('',#608,#607);
#610=CARTESIAN_POINT('',(3.205E1,-7.499999999999E-1,4.58E0));
#611=DIRECTION('',(0.E0,-1.E0,0.E0));
#612=DIRECTION('',(1.E0,0.E0,0.E0));
#613=AXIS2_PLACEMENT_3D('',#610,#611,#612);
#615=DIRECTION('',(0.E0,0.E0,-1.E0));
#616=VECTOR('',#615,1.4E0);
#617=CARTESIAN_POINT('',(3.255E1,-7.499999999999E-1,5.65E0));
#618=LINE('',#617,#616);
#619=DIRECTION('',(1.E0,0.E0,0.E0));
#620=VECTOR('',#619,9.4E0);
#621=CARTESIAN_POINT('',(2.315E1,-7.499999999999E-1,5.65E0));
#622=LINE('',#621,#620);
#623=DIRECTION('',(1.184237892933E-13,5.551115123126E-14,1.E0));
#624=VECTOR('',#623,3.E-2);
#625=CARTESIAN_POINT('',(2.315E1,-7.499999999999E-1,5.62E0));
#626=LINE('',#625,#624);
#627=DIRECTION('',(1.E0,0.E0,0.E0));
#628=VECTOR('',#627,5.E-1);
#629=CARTESIAN_POINT('',(2.265E1,-7.499999999999E-1,5.62E0));
#630=LINE('',#629,#628);
#631=DIRECTION('',(0.E0,0.E0,-1.E0));
#632=VECTOR('',#631,3.E-2);
#633=CARTESIAN_POINT('',(2.265E1,-7.499999999999E-1,5.65E0));
#634=LINE('',#633,#632);
#635=DIRECTION('',(1.E0,0.E0,0.E0));
#636=VECTOR('',#635,6.E-1);
#637=CARTESIAN_POINT('',(2.205E1,-7.499999999999E-1,5.65E0));
#638=LINE('',#637,#636);
#639=DIRECTION('',(0.E0,0.E0,1.E0));
#640=VECTOR('',#639,1.4E0);
#641=CARTESIAN_POINT('',(2.205E1,-7.499999999999E-1,4.25E0));
#642=LINE('',#641,#640);
#643=DIRECTION('',(-1.E0,0.E0,0.E0));
#644=VECTOR('',#643,4.5E-1);
#645=CARTESIAN_POINT('',(2.25E1,-7.499999999999E-1,4.25E0));
#646=LINE('',#645,#644);
#647=DIRECTION('',(-2.777574674221E-12,0.E0,-1.E0));
#648=VECTOR('',#647,3.300001752024E-1);
#649=CARTESIAN_POINT('',(2.25E1,-7.499999999999E-1,4.580000175202E0));
#650=LINE('',#649,#648);
#651=CARTESIAN_POINT('',(2.255E1,-7.499999999999E-1,4.58E0));
#652=DIRECTION('',(0.E0,-1.E0,0.E0));
#653=DIRECTION('',(0.E0,0.E0,1.E0));
#654=AXIS2_PLACEMENT_3D('',#651,#652,#653);
#656=DIRECTION('',(-1.E0,0.E0,-4.970573269945E-12));
#657=VECTOR('',#656,2.749997864801E-1);
#658=CARTESIAN_POINT('',(2.2825E1,-7.499999999999E-1,4.63E0));
#659=LINE('',#658,#657);
#660=DIRECTION('',(1.522591576629E-13,0.E0,1.E0));
#661=VECTOR('',#660,7.E-2);
#662=CARTESIAN_POINT('',(2.2825E1,-7.499999999999E-1,4.56E0));
#663=LINE('',#662,#661);
#664=DIRECTION('',(-1.E0,0.E0,0.E0));
#665=VECTOR('',#664,1.5E-1);
#666=CARTESIAN_POINT('',(2.2975E1,-7.499999999999E-1,4.56E0));
#667=LINE('',#666,#665);
#668=DIRECTION('',(5.075305255429E-14,0.E0,-1.E0));
#669=VECTOR('',#668,7.E-2);
#670=CARTESIAN_POINT('',(2.2975E1,-7.499999999999E-1,4.63E0));
#671=LINE('',#670,#669);
#672=DIRECTION('',(-1.E0,0.E0,0.E0));
#673=VECTOR('',#672,6.5E-1);
#674=CARTESIAN_POINT('',(2.3625E1,-7.499999999999E-1,4.63E0));
#675=LINE('',#674,#673);
#676=DIRECTION('',(0.E0,0.E0,1.E0));
#677=VECTOR('',#676,7.E-2);
#678=CARTESIAN_POINT('',(2.3625E1,-7.499999999999E-1,4.56E0));
#679=LINE('',#678,#677);
#680=DIRECTION('',(-1.E0,0.E0,0.E0));
#681=VECTOR('',#680,1.5E-1);
#682=CARTESIAN_POINT('',(2.3775E1,-7.499999999999E-1,4.56E0));
#683=LINE('',#682,#681);
#684=DIRECTION('',(0.E0,0.E0,-1.E0));
#685=VECTOR('',#684,7.E-2);
#686=CARTESIAN_POINT('',(2.3775E1,-7.499999999999E-1,4.63E0));
#687=LINE('',#686,#685);
#688=DIRECTION('',(-1.E0,0.E0,0.E0));
#689=VECTOR('',#688,6.5E-1);
#690=CARTESIAN_POINT('',(2.4425E1,-7.499999999999E-1,4.63E0));
#691=LINE('',#690,#689);
#692=DIRECTION('',(0.E0,0.E0,1.E0));
#693=VECTOR('',#692,7.E-2);
#694=CARTESIAN_POINT('',(2.4425E1,-7.499999999999E-1,4.56E0));
#695=LINE('',#694,#693);
#696=DIRECTION('',(-1.E0,0.E0,0.E0));
#697=VECTOR('',#696,1.5E-1);
#698=CARTESIAN_POINT('',(2.4575E1,-7.499999999999E-1,4.56E0));
#699=LINE('',#698,#697);
#700=DIRECTION('',(1.015061051086E-13,0.E0,-1.E0));
#701=VECTOR('',#700,7.E-2);
#702=CARTESIAN_POINT('',(2.4575E1,-7.499999999999E-1,4.63E0));
#703=LINE('',#702,#701);
#704=DIRECTION('',(-1.E0,0.E0,0.E0));
#705=VECTOR('',#704,6.5E-1);
#706=CARTESIAN_POINT('',(2.5225E1,-7.499999999999E-1,4.63E0));
#707=LINE('',#706,#705);
#708=DIRECTION('',(0.E0,0.E0,1.E0));
#709=VECTOR('',#708,7.E-2);
#710=CARTESIAN_POINT('',(2.5225E1,-7.499999999999E-1,4.56E0));
#711=LINE('',#710,#709);
#712=DIRECTION('',(-1.E0,0.E0,0.E0));
#713=VECTOR('',#712,1.5E-1);
#714=CARTESIAN_POINT('',(2.5375E1,-7.499999999999E-1,4.56E0));
#715=LINE('',#714,#713);
#716=DIRECTION('',(0.E0,0.E0,-1.E0));
#717=VECTOR('',#716,7.E-2);
#718=CARTESIAN_POINT('',(2.5375E1,-7.499999999999E-1,4.63E0));
#719=LINE('',#718,#717);
#720=DIRECTION('',(-1.E0,0.E0,0.E0));
#721=VECTOR('',#720,6.5E-1);
#722=CARTESIAN_POINT('',(2.6025E1,-7.499999999999E-1,4.63E0));
#723=LINE('',#722,#721);
#724=DIRECTION('',(0.E0,0.E0,1.E0));
#725=VECTOR('',#724,7.E-2);
#726=CARTESIAN_POINT('',(2.6025E1,-7.499999999999E-1,4.56E0));
#727=LINE('',#726,#725);
#728=DIRECTION('',(-1.E0,0.E0,0.E0));
#729=VECTOR('',#728,1.5E-1);
#730=CARTESIAN_POINT('',(2.6175E1,-7.499999999999E-1,4.56E0));
#731=LINE('',#730,#729);
#732=DIRECTION('',(0.E0,0.E0,-1.E0));
#733=VECTOR('',#732,7.E-2);
#734=CARTESIAN_POINT('',(2.6175E1,-7.499999999999E-1,4.63E0));
#735=LINE('',#734,#733);
#736=DIRECTION('',(-1.E0,0.E0,0.E0));
#737=VECTOR('',#736,6.5E-1);
#738=CARTESIAN_POINT('',(2.6825E1,-7.499999999999E-1,4.63E0));
#739=LINE('',#738,#737);
#740=DIRECTION('',(0.E0,0.E0,1.E0));
#741=VECTOR('',#740,7.E-2);
#742=CARTESIAN_POINT('',(2.6825E1,-7.499999999999E-1,4.56E0));
#743=LINE('',#742,#741);
#744=DIRECTION('',(-1.E0,0.E0,0.E0));
#745=VECTOR('',#744,1.5E-1);
#746=CARTESIAN_POINT('',(2.6975E1,-7.499999999999E-1,4.56E0));
#747=LINE('',#746,#745);
#748=DIRECTION('',(0.E0,0.E0,-1.E0));
#749=VECTOR('',#748,7.E-2);
#750=CARTESIAN_POINT('',(2.6975E1,-7.499999999999E-1,4.63E0));
#751=LINE('',#750,#749);
#752=DIRECTION('',(-1.E0,0.E0,0.E0));
#753=VECTOR('',#752,6.5E-1);
#754=CARTESIAN_POINT('',(2.7625E1,-7.499999999999E-1,4.63E0));
#755=LINE('',#754,#753);
#756=DIRECTION('',(0.E0,0.E0,1.E0));
#757=VECTOR('',#756,7.E-2);
#758=CARTESIAN_POINT('',(2.7625E1,-7.499999999999E-1,4.56E0));
#759=LINE('',#758,#757);
#760=DIRECTION('',(-1.E0,0.E0,0.E0));
#761=VECTOR('',#760,1.5E-1);
#762=CARTESIAN_POINT('',(2.7775E1,-7.499999999999E-1,4.56E0));
#763=LINE('',#762,#761);
#764=DIRECTION('',(0.E0,0.E0,-1.E0));
#765=VECTOR('',#764,7.E-2);
#766=CARTESIAN_POINT('',(2.7775E1,-7.499999999999E-1,4.63E0));
#767=LINE('',#766,#765);
#768=DIRECTION('',(-1.E0,0.E0,0.E0));
#769=VECTOR('',#768,6.5E-1);
#770=CARTESIAN_POINT('',(2.8425E1,-7.499999999999E-1,4.63E0));
#771=LINE('',#770,#769);
#772=DIRECTION('',(0.E0,0.E0,1.E0));
#773=VECTOR('',#772,7.E-2);
#774=CARTESIAN_POINT('',(2.8425E1,-7.499999999999E-1,4.56E0));
#775=LINE('',#774,#773);
#776=DIRECTION('',(-1.E0,0.E0,0.E0));
#777=VECTOR('',#776,1.5E-1);
#778=CARTESIAN_POINT('',(2.8575E1,-7.499999999999E-1,4.56E0));
#779=LINE('',#778,#777);
#780=DIRECTION('',(0.E0,0.E0,-1.E0));
#781=VECTOR('',#780,7.E-2);
#782=CARTESIAN_POINT('',(2.8575E1,-7.499999999999E-1,4.63E0));
#783=LINE('',#782,#781);
#784=DIRECTION('',(-1.E0,0.E0,0.E0));
#785=VECTOR('',#784,6.5E-1);
#786=CARTESIAN_POINT('',(2.9225E1,-7.499999999999E-1,4.63E0));
#787=LINE('',#786,#785);
#788=DIRECTION('',(0.E0,0.E0,1.E0));
#789=VECTOR('',#788,7.E-2);
#790=CARTESIAN_POINT('',(2.9225E1,-7.499999999999E-1,4.56E0));
#791=LINE('',#790,#789);
#792=DIRECTION('',(-1.E0,0.E0,0.E0));
#793=VECTOR('',#792,1.5E-1);
#794=CARTESIAN_POINT('',(2.9375E1,-7.499999999999E-1,4.56E0));
#795=LINE('',#794,#793);
#796=DIRECTION('',(0.E0,0.E0,-1.E0));
#797=VECTOR('',#796,7.E-2);
#798=CARTESIAN_POINT('',(2.9375E1,-7.499999999999E-1,4.63E0));
#799=LINE('',#798,#797);
#800=DIRECTION('',(-1.E0,0.E0,0.E0));
#801=VECTOR('',#800,6.5E-1);
#802=CARTESIAN_POINT('',(3.0025E1,-7.499999999999E-1,4.63E0));
#803=LINE('',#802,#801);
#804=DIRECTION('',(0.E0,0.E0,1.E0));
#805=VECTOR('',#804,7.E-2);
#806=CARTESIAN_POINT('',(3.0025E1,-7.499999999999E-1,4.56E0));
#807=LINE('',#806,#805);
#808=DIRECTION('',(-1.E0,0.E0,0.E0));
#809=VECTOR('',#808,1.5E-1);
#810=CARTESIAN_POINT('',(3.0175E1,-7.499999999999E-1,4.56E0));
#811=LINE('',#810,#809);
#812=DIRECTION('',(0.E0,0.E0,-1.E0));
#813=VECTOR('',#812,7.E-2);
#814=CARTESIAN_POINT('',(3.0175E1,-7.499999999999E-1,4.63E0));
#815=LINE('',#814,#813);
#816=DIRECTION('',(-1.E0,0.E0,0.E0));
#817=VECTOR('',#816,6.5E-1);
#818=CARTESIAN_POINT('',(3.0825E1,-7.499999999999E-1,4.63E0));
#819=LINE('',#818,#817);
#820=DIRECTION('',(-1.E0,0.E0,0.E0));
#821=VECTOR('',#820,1.5E-1);
#822=CARTESIAN_POINT('',(3.0975E1,-7.499999999999E-1,4.56E0));
#823=LINE('',#822,#821);
#824=DIRECTION('',(0.E0,0.E0,-1.E0));
#825=VECTOR('',#824,7.E-2);
#826=CARTESIAN_POINT('',(3.0975E1,-7.499999999999E-1,4.63E0));
#827=LINE('',#826,#825);
#828=DIRECTION('',(1.E0,0.E0,0.E0));
#829=VECTOR('',#828,6.5E-1);
#830=CARTESIAN_POINT('',(3.0975E1,-7.499999999999E-1,4.63E0));
#831=LINE('',#830,#829);
#832=DIRECTION('',(0.E0,1.E0,0.E0));
#833=VECTOR('',#832,1.5E-1);
#834=CARTESIAN_POINT('',(3.0975E1,-8.999999999998E-1,4.63E0));
#835=LINE('',#834,#833);
#836=DIRECTION('',(1.E0,0.E0,0.E0));
#837=VECTOR('',#836,6.5E-1);
#838=CARTESIAN_POINT('',(3.0975E1,-8.999999999998E-1,4.63E0));
#839=LINE('',#838,#837);
#840=DIRECTION('',(0.E0,0.E0,1.E0));
#841=VECTOR('',#840,6.8E-1);
#842=CARTESIAN_POINT('',(3.0975E1,-8.999999999998E-1,3.95E0));
#843=LINE('',#842,#841);
#844=DIRECTION('',(-1.E0,0.E0,0.E0));
#845=VECTOR('',#844,6.5E-1);
#846=CARTESIAN_POINT('',(3.1625E1,-8.999999999998E-1,3.95E0));
#847=LINE('',#846,#845);
#848=DIRECTION('',(0.E0,-1.E0,0.E0));
#849=VECTOR('',#848,5.E-2);
#850=CARTESIAN_POINT('',(3.1625E1,-7.499999999999E-1,4.56E0));
#851=LINE('',#850,#849);
#852=DIRECTION('',(0.E0,0.E0,-1.E0));
#853=VECTOR('',#852,7.E-2);
#854=CARTESIAN_POINT('',(3.1625E1,-7.499999999999E-1,4.63E0));
#855=LINE('',#854,#853);
#856=DIRECTION('',(0.E0,1.E0,0.E0));
#857=VECTOR('',#856,1.5E-1);
#858=CARTESIAN_POINT('',(3.1625E1,-8.999999999998E-1,4.63E0));
#859=LINE('',#858,#857);
#860=DIRECTION('',(0.E0,0.E0,1.E0));
#861=VECTOR('',#860,6.8E-1);
#862=CARTESIAN_POINT('',(3.1625E1,-8.999999999998E-1,3.95E0));
#863=LINE('',#862,#861);
#864=DIRECTION('',(0.E0,9.999999999996E-1,-8.540796780964E-7));
#865=VECTOR('',#864,2.499999999987E-1);
#866=CARTESIAN_POINT('',(3.1625E1,-1.149999999998E0,3.950000213520E0));
#867=LINE('',#866,#865);
#868=CARTESIAN_POINT('',(3.1625E1,-1.1E0,3.95E0));
#869=DIRECTION('',(-1.E0,0.E0,0.E0));
#870=DIRECTION('',(0.E0,0.E0,-1.E0));
#871=AXIS2_PLACEMENT_3D('',#868,#869,#870);
#873=DIRECTION('',(0.E0,-9.363291775690E-1,-3.511234415884E-1));
#874=VECTOR('',#873,8.544003745318E-2);
#875=CARTESIAN_POINT('',(3.1625E1,-7.499999999998E-1,3.93E0));
#876=LINE('',#875,#874);
#877=DIRECTION('',(0.E0,0.E0,-1.E0));
#878=VECTOR('',#877,2.2E-1);
#879=CARTESIAN_POINT('',(3.1625E1,-7.499999999999E-1,4.15E0));
#880=LINE('',#879,#878);
#881=DIRECTION('',(0.E0,0.E0,-1.E0));
#882=VECTOR('',#881,4.1E-1);
#883=CARTESIAN_POINT('',(3.1775E1,-7.999999999999E-1,4.56E0));
#884=LINE('',#883,#882);
#885=DIRECTION('',(1.E0,0.E0,0.E0));
#886=VECTOR('',#885,1.5E-1);
#887=CARTESIAN_POINT('',(3.1625E1,-7.999999999999E-1,4.56E0));
#888=LINE('',#887,#886);
#889=DIRECTION('',(0.E0,0.E0,1.E0));
#890=VECTOR('',#889,4.1E-1);
#891=CARTESIAN_POINT('',(3.1625E1,-7.999999999999E-1,4.15E0));
#892=LINE('',#891,#890);
#893=DIRECTION('',(0.E0,9.363291775690E-1,3.511234415884E-1));
#894=VECTOR('',#893,8.544003745318E-2);
#895=CARTESIAN_POINT('',(3.1775E1,-8.299999999998E-1,3.9E0));
#896=LINE('',#895,#894);
#897=CARTESIAN_POINT('',(3.1775E1,-1.1E0,3.95E0));
#898=DIRECTION('',(1.E0,0.E0,0.E0));
#899=DIRECTION('',(0.E0,-1.E0,-2.664535259100E-14));
#900=AXIS2_PLACEMENT_3D('',#897,#898,#899);
#902=DIRECTION('',(0.E0,-9.999999999996E-1,8.540796780964E-7));
#903=VECTOR('',#902,2.499999999987E-1);
#904=CARTESIAN_POINT('',(3.1775E1,-8.999999999998E-1,3.95E0));
#905=LINE('',#904,#903);
#906=DIRECTION('',(0.E0,0.E0,-1.E0));
#907=VECTOR('',#906,6.8E-1);
#908=CARTESIAN_POINT('',(3.1775E1,-8.999999999998E-1,4.63E0));
#909=LINE('',#908,#907);
#910=DIRECTION('',(0.E0,0.E0,1.E0));
#911=VECTOR('',#910,7.E-2);
#912=CARTESIAN_POINT('',(3.1775E1,-7.499999999999E-1,4.56E0));
#913=LINE('',#912,#911);
#914=DIRECTION('',(0.E0,1.E0,1.776356839400E-14));
#915=VECTOR('',#914,5.E-2);
#916=CARTESIAN_POINT('',(3.1775E1,-7.999999999999E-1,4.56E0));
#917=LINE('',#916,#915);
#918=DIRECTION('',(0.E0,1.E0,0.E0));
#919=VECTOR('',#918,5.E-2);
#920=CARTESIAN_POINT('',(3.1775E1,-7.999999999999E-1,4.15E0));
#921=LINE('',#920,#919);
#922=DIRECTION('',(1.E0,0.E0,0.E0));
#923=VECTOR('',#922,1.5E-1);
#924=CARTESIAN_POINT('',(3.1625E1,-7.999999999999E-1,4.15E0));
#925=LINE('',#924,#923);
#926=DIRECTION('',(0.E0,-1.E0,-1.776356839400E-14));
#927=VECTOR('',#926,5.E-2);
#928=CARTESIAN_POINT('',(3.1625E1,-7.499999999999E-1,4.15E0));
#929=LINE('',#928,#927);
#930=DIRECTION('',(-1.E0,0.E0,0.E0));
#931=VECTOR('',#930,1.5E-1);
#932=CARTESIAN_POINT('',(3.1775E1,-7.499999999999E-1,4.15E0));
#933=LINE('',#932,#931);
#934=DIRECTION('',(0.E0,0.E0,-1.E0));
#935=VECTOR('',#934,2.2E-1);
#936=CARTESIAN_POINT('',(3.1775E1,-7.499999999999E-1,4.15E0));
#937=LINE('',#936,#935);
#938=DIRECTION('',(1.E0,0.E0,0.E0));
#939=VECTOR('',#938,1.5E-1);
#940=CARTESIAN_POINT('',(3.1625E1,-7.499999999998E-1,3.93E0));
#941=LINE('',#940,#939);
#942=DIRECTION('',(1.E0,0.E0,0.E0));
#943=VECTOR('',#942,1.5E-1);
#944=CARTESIAN_POINT('',(3.1625E1,-8.299999999998E-1,3.9E0));
#945=LINE('',#944,#943);
#946=DIRECTION('',(0.E0,1.E0,-3.412905601814E-12));
#947=VECTOR('',#946,2.700001752024E-1);
#948=CARTESIAN_POINT('',(3.1625E1,-1.100000175202E0,3.900000000001E0));
#949=LINE('',#948,#947);
#950=DIRECTION('',(-1.E0,0.E0,0.E0));
#951=VECTOR('',#950,1.5E-1);
#952=CARTESIAN_POINT('',(3.1775E1,-1.100000175202E0,3.900000000001E0));
#953=LINE('',#952,#951);
#954=DIRECTION('',(-1.315819027205E-14,-1.E0,3.412905601814E-12));
#955=VECTOR('',#954,2.700001752024E-1);
#956=CARTESIAN_POINT('',(3.1775E1,-8.299999999998E-1,3.9E0));
#957=LINE('',#956,#955);
#958=DIRECTION('',(-1.E0,0.E0,0.E0));
#959=VECTOR('',#958,1.5E-1);
#960=CARTESIAN_POINT('',(3.1775E1,-1.149999999998E0,3.950000213520E0));
#961=LINE('',#960,#959);
#962=DIRECTION('',(-1.E0,0.E0,0.E0));
#963=VECTOR('',#962,7.75E-1);
#964=CARTESIAN_POINT('',(3.255E1,-8.999999999998E-1,3.95E0));
#965=LINE('',#964,#963);
#966=CARTESIAN_POINT('',(3.205E1,-8.999999999998E-1,4.58E0));
#967=DIRECTION('',(0.E0,1.E0,0.E0));
#968=DIRECTION('',(1.421085471520E-13,0.E0,1.E0));
#969=AXIS2_PLACEMENT_3D('',#966,#967,#968);
#971=DIRECTION('',(1.E0,0.E0,-3.352467681049E-12));
#972=VECTOR('',#971,2.750001752024E-1);
#973=CARTESIAN_POINT('',(3.1775E1,-7.499999999999E-1,4.63E0));
#974=LINE('',#973,#972);
#975=DIRECTION('',(0.E0,1.E0,0.E0));
#976=VECTOR('',#975,1.5E-1);
#977=CARTESIAN_POINT('',(3.1775E1,-8.999999999998E-1,4.63E0));
#978=LINE('',#977,#976);
#979=DIRECTION('',(-1.E0,0.E0,3.352467681049E-12));
#980=VECTOR('',#979,2.750001752024E-1);
#981=CARTESIAN_POINT('',(3.205000017520E1,-8.999999999998E-1,4.629999999999E0));
#982=LINE('',#981,#980);
#983=DIRECTION('',(0.E0,-1.E0,0.E0));
#984=VECTOR('',#983,1.5E-1);
#985=CARTESIAN_POINT('',(3.21E1,-7.499999999999E-1,4.579999786480E0));
#986=LINE('',#985,#984);
#987=DIRECTION('',(0.E0,1.E0,0.E0));
#988=VECTOR('',#987,1.5E-1);
#989=CARTESIAN_POINT('',(3.205000017520E1,-8.999999999998E-1,4.629999999999E0));
#990=LINE('',#989,#988);
#991=DIRECTION('',(-4.155601113093E-12,0.E0,1.E0));
#992=VECTOR('',#991,3.299997864801E-1);
#993=CARTESIAN_POINT('',(3.21E1,-8.999999999998E-1,4.25E0));
#994=LINE('',#993,#992);
#995=DIRECTION('',(4.134069501108E-12,0.E0,-1.E0));
#996=VECTOR('',#995,3.299997864801E-1);
#997=CARTESIAN_POINT('',(3.21E1,-7.499999999999E-1,4.579999786480E0));
#998=LINE('',#997,#996);
#999=DIRECTION('',(-1.E0,0.E0,0.E0));
#1000=VECTOR('',#999,4.5E-1);
#1001=CARTESIAN_POINT('',(3.255E1,-8.999999999998E-1,4.25E0));
#1002=LINE('',#1001,#1000);
#1003=DIRECTION('',(4.736951571734E-14,-1.E0,0.E0));
#1004=VECTOR('',#1003,1.5E-1);
#1005=CARTESIAN_POINT('',(3.255E1,-7.499999999999E-1,4.25E0));
#1006=LINE('',#1005,#1004);
#1007=DIRECTION('',(1.E0,0.E0,0.E0));
#1008=VECTOR('',#1007,4.5E-1);
#1009=CARTESIAN_POINT('',(3.21E1,-7.499999999999E-1,4.25E0));
#1010=LINE('',#1009,#1008);
#1011=DIRECTION('',(0.E0,1.E0,0.E0));
#1012=VECTOR('',#1011,1.5E-1);
#1013=CARTESIAN_POINT('',(3.21E1,-8.999999999998E-1,4.25E0));
#1014=LINE('',#1013,#1012);
#1015=DIRECTION('',(1.E0,0.E0,0.E0));
#1016=VECTOR('',#1015,1.5E-1);
#1017=CARTESIAN_POINT('',(3.1625E1,-7.499999999999E-1,4.56E0));
#1018=LINE('',#1017,#1016);
#1019=DIRECTION('',(0.E0,9.363291775690E-1,3.511234415884E-1));
#1020=VECTOR('',#1019,8.544003745318E-2);
#1021=CARTESIAN_POINT('',(3.0975E1,-8.299999999998E-1,3.9E0));
#1022=LINE('',#1021,#1020);
#1023=CARTESIAN_POINT('',(3.0975E1,-1.1E0,3.95E0));
#1024=DIRECTION('',(1.E0,0.E0,0.E0));
#1025=DIRECTION('',(0.E0,-1.E0,-1.776356839400E-14));
#1026=AXIS2_PLACEMENT_3D('',#1023,#1024,#1025);
#1028=DIRECTION('',(0.E0,-9.999999999996E-1,8.540796780964E-7));
#1029=VECTOR('',#1028,2.499999999987E-1);
#1030=CARTESIAN_POINT('',(3.0975E1,-8.999999999998E-1,3.95E0));
#1031=LINE('',#1030,#1029);
#1032=DIRECTION('',(0.E0,0.E0,-1.E0));
#1033=VECTOR('',#1032,4.1E-1);
#1034=CARTESIAN_POINT('',(3.0975E1,-7.999999999999E-1,4.56E0));
#1035=LINE('',#1034,#1033);
#1036=DIRECTION('',(1.E0,0.E0,0.E0));
#1037=VECTOR('',#1036,1.5E-1);
#1038=CARTESIAN_POINT('',(3.0825E1,-7.999999999999E-1,4.56E0));
#1039=LINE('',#1038,#1037);
#1040=DIRECTION('',(0.E0,0.E0,1.E0));
#1041=VECTOR('',#1040,4.1E-1);
#1042=CARTESIAN_POINT('',(3.0825E1,-7.999999999999E-1,4.15E0));
#1043=LINE('',#1042,#1041);
#1044=DIRECTION('',(-1.E0,0.E0,0.E0));
#1045=VECTOR('',#1044,1.5E-1);
#1046=CARTESIAN_POINT('',(3.0975E1,-7.999999999999E-1,4.15E0));
#1047=LINE('',#1046,#1045);
#1048=DIRECTION('',(0.E0,-1.E0,0.E0));
#1049=VECTOR('',#1048,5.E-2);
#1050=CARTESIAN_POINT('',(3.0975E1,-7.499999999999E-1,4.56E0));
#1051=LINE('',#1050,#1049);
#1052=DIRECTION('',(0.E0,-1.E0,0.E0));
#1053=VECTOR('',#1052,5.E-2);
#1054=CARTESIAN_POINT('',(3.0825E1,-7.499999999999E-1,4.56E0));
#1055=LINE('',#1054,#1053);
#1056=DIRECTION('',(0.E0,0.E0,-1.E0));
#1057=VECTOR('',#1056,7.E-2);
#1058=CARTESIAN_POINT('',(3.0825E1,-7.499999999999E-1,4.63E0));
#1059=LINE('',#1058,#1057);
#1060=DIRECTION('',(0.E0,1.E0,0.E0));
#1061=VECTOR('',#1060,1.5E-1);
#1062=CARTESIAN_POINT('',(3.0825E1,-8.999999999998E-1,4.63E0));
#1063=LINE('',#1062,#1061);
#1064=DIRECTION('',(0.E0,9.999999999996E-1,-8.540796763200E-7));
#1065=VECTOR('',#1064,2.499999999987E-1);
#1066=CARTESIAN_POINT('',(3.0825E1,-1.149999999998E0,3.950000213520E0));
#1067=LINE('',#1066,#1065);
#1068=CARTESIAN_POINT('',(3.0825E1,-1.1E0,3.95E0));
#1069=DIRECTION('',(-1.E0,0.E0,0.E0));
#1070=DIRECTION('',(0.E0,0.E0,-1.E0));
#1071=AXIS2_PLACEMENT_3D('',#1068,#1069,#1070);
#1073=DIRECTION('',(0.E0,-9.363291775690E-1,-3.511234415884E-1));
#1074=VECTOR('',#1073,8.544003745318E-2);
#1075=CARTESIAN_POINT('',(3.0825E1,-7.499999999998E-1,3.93E0));
#1076=LINE('',#1075,#1074);
#1077=DIRECTION('',(-2.368475785867E-14,1.E0,0.E0));
#1078=VECTOR('',#1077,1.5E-1);
#1079=CARTESIAN_POINT('',(3.0175E1,-8.999999999998E-1,4.63E0));
#1080=LINE('',#1079,#1078);
#1081=DIRECTION('',(1.E0,0.E0,0.E0));
#1082=VECTOR('',#1081,6.5E-1);
#1083=CARTESIAN_POINT('',(3.0175E1,-8.999999999998E-1,4.63E0));
#1084=LINE('',#1083,#1082);
#1085=DIRECTION('',(0.E0,0.E0,1.E0));
#1086=VECTOR('',#1085,6.8E-1);
#1087=CARTESIAN_POINT('',(3.0175E1,-8.999999999998E-1,3.95E0));
#1088=LINE('',#1087,#1086);
#1089=DIRECTION('',(-1.E0,0.E0,0.E0));
#1090=VECTOR('',#1089,6.5E-1);
#1091=CARTESIAN_POINT('',(3.0825E1,-8.999999999998E-1,3.95E0));
#1092=LINE('',#1091,#1090);
#1093=DIRECTION('',(0.E0,0.E0,-1.E0));
#1094=VECTOR('',#1093,6.8E-1);
#1095=CARTESIAN_POINT('',(3.0825E1,-8.999999999998E-1,4.63E0));
#1096=LINE('',#1095,#1094);
#1097=DIRECTION('',(0.E0,9.363291775690E-1,3.511234415884E-1));
#1098=VECTOR('',#1097,8.544003745318E-2);
#1099=CARTESIAN_POINT('',(3.0175E1,-8.299999999998E-1,3.9E0));
#1100=LINE('',#1099,#1098);
#1101=CARTESIAN_POINT('',(3.0175E1,-1.1E0,3.95E0));
#1102=DIRECTION('',(1.E0,0.E0,0.E0));
#1103=DIRECTION('',(0.E0,-1.E0,-1.776356839400E-14));
#1104=AXIS2_PLACEMENT_3D('',#1101,#1102,#1103);
#1106=DIRECTION('',(0.E0,-9.999999999996E-1,8.540796798727E-7));
#1107=VECTOR('',#1106,2.499999999987E-1);
#1108=CARTESIAN_POINT('',(3.0175E1,-8.999999999998E-1,3.95E0));
#1109=LINE('',#1108,#1107);
#1110=DIRECTION('',(0.E0,0.E0,-1.E0));
#1111=VECTOR('',#1110,4.1E-1);
#1112=CARTESIAN_POINT('',(3.0175E1,-7.999999999999E-1,4.56E0));
#1113=LINE('',#1112,#1111);
#1114=DIRECTION('',(1.E0,0.E0,0.E0));
#1115=VECTOR('',#1114,1.5E-1);
#1116=CARTESIAN_POINT('',(3.0025E1,-7.999999999999E-1,4.56E0));
#1117=LINE('',#1116,#1115);
#1118=DIRECTION('',(0.E0,0.E0,1.E0));
#1119=VECTOR('',#1118,4.1E-1);
#1120=CARTESIAN_POINT('',(3.0025E1,-7.999999999999E-1,4.15E0));
#1121=LINE('',#1120,#1119);
#1122=DIRECTION('',(-1.E0,0.E0,0.E0));
#1123=VECTOR('',#1122,1.5E-1);
#1124=CARTESIAN_POINT('',(3.0175E1,-7.999999999999E-1,4.15E0));
#1125=LINE('',#1124,#1123);
#1126=DIRECTION('',(-7.105427357601E-14,-1.E0,0.E0));
#1127=VECTOR('',#1126,5.E-2);
#1128=CARTESIAN_POINT('',(3.0175E1,-7.499999999999E-1,4.56E0));
#1129=LINE('',#1128,#1127);
#1130=DIRECTION('',(0.E0,-1.E0,0.E0));
#1131=VECTOR('',#1130,5.E-2);
#1132=CARTESIAN_POINT('',(3.0025E1,-7.499999999999E-1,4.56E0));
#1133=LINE('',#1132,#1131);
#1134=DIRECTION('',(0.E0,1.E0,0.E0));
#1135=VECTOR('',#1134,1.5E-1);
#1136=CARTESIAN_POINT('',(3.0025E1,-8.999999999998E-1,4.63E0));
#1137=LINE('',#1136,#1135);
#1138=DIRECTION('',(-1.421085471527E-14,9.999999999996E-1,-8.540796763200E-7));
#1139=VECTOR('',#1138,2.499999999987E-1);
#1140=CARTESIAN_POINT('',(3.0025E1,-1.149999999998E0,3.950000213520E0));
#1141=LINE('',#1140,#1139);
#1142=CARTESIAN_POINT('',(3.0025E1,-1.1E0,3.95E0));
#1143=DIRECTION('',(-1.E0,0.E0,0.E0));
#1144=DIRECTION('',(0.E0,0.E0,-1.E0));
#1145=AXIS2_PLACEMENT_3D('',#1142,#1143,#1144);
#1147=DIRECTION('',(0.E0,-9.363291775690E-1,-3.511234415884E-1));
#1148=VECTOR('',#1147,8.544003745318E-2);
#1149=CARTESIAN_POINT('',(3.0025E1,-7.499999999998E-1,3.93E0));
#1150=LINE('',#1149,#1148);
#1151=DIRECTION('',(1.E0,0.E0,0.E0));
#1152=VECTOR('',#1151,6.5E-1);
#1153=CARTESIAN_POINT('',(2.9375E1,-8.999999999998E-1,4.63E0));
#1154=LINE('',#1153,#1152);
#1155=DIRECTION('',(0.E0,0.E0,1.E0));
#1156=VECTOR('',#1155,6.8E-1);
#1157=CARTESIAN_POINT('',(2.9375E1,-8.999999999998E-1,3.95E0));
#1158=LINE('',#1157,#1156);
#1159=DIRECTION('',(-1.E0,0.E0,0.E0));
#1160=VECTOR('',#1159,6.5E-1);
#1161=CARTESIAN_POINT('',(3.0025E1,-8.999999999998E-1,3.95E0));
#1162=LINE('',#1161,#1160);
#1163=DIRECTION('',(0.E0,0.E0,-1.E0));
#1164=VECTOR('',#1163,6.8E-1);
#1165=CARTESIAN_POINT('',(3.0025E1,-8.999999999998E-1,4.63E0));
#1166=LINE('',#1165,#1164);
#1167=DIRECTION('',(0.E0,9.363291775690E-1,3.511234415884E-1));
#1168=VECTOR('',#1167,8.544003745318E-2);
#1169=CARTESIAN_POINT('',(2.9375E1,-8.299999999998E-1,3.9E0));
#1170=LINE('',#1169,#1168);
#1171=CARTESIAN_POINT('',(2.9375E1,-1.1E0,3.95E0));
#1172=DIRECTION('',(1.E0,0.E0,0.E0));
#1173=DIRECTION('',(0.E0,-1.E0,-1.776356839400E-14));
#1174=AXIS2_PLACEMENT_3D('',#1171,#1172,#1173);
#1176=DIRECTION('',(0.E0,-1.E0,0.E0));
#1177=VECTOR('',#1176,1.5E-1);
#1178=CARTESIAN_POINT('',(2.9375E1,-7.499999999999E-1,4.63E0));
#1179=LINE('',#1178,#1177);
#1180=DIRECTION('',(0.E0,0.E0,-1.E0));
#1181=VECTOR('',#1180,4.1E-1);
#1182=CARTESIAN_POINT('',(2.9375E1,-7.999999999999E-1,4.56E0));
#1183=LINE('',#1182,#1181);
#1184=DIRECTION('',(1.E0,0.E0,0.E0));
#1185=VECTOR('',#1184,1.5E-1);
#1186=CARTESIAN_POINT('',(2.9225E1,-7.999999999999E-1,4.56E0));
#1187=LINE('',#1186,#1185);
#1188=DIRECTION('',(0.E0,0.E0,1.E0));
#1189=VECTOR('',#1188,4.1E-1);
#1190=CARTESIAN_POINT('',(2.9225E1,-7.999999999999E-1,4.15E0));
#1191=LINE('',#1190,#1189);
#1192=DIRECTION('',(-1.E0,0.E0,0.E0));
#1193=VECTOR('',#1192,1.5E-1);
#1194=CARTESIAN_POINT('',(2.9375E1,-7.999999999999E-1,4.15E0));
#1195=LINE('',#1194,#1193);
#1196=DIRECTION('',(0.E0,-1.E0,-1.776356839400E-14));
#1197=VECTOR('',#1196,5.E-2);
#1198=CARTESIAN_POINT('',(2.9375E1,-7.499999999999E-1,4.56E0));
#1199=LINE('',#1198,#1197);
#1200=DIRECTION('',(0.E0,-1.E0,0.E0));
#1201=VECTOR('',#1200,5.E-2);
#1202=CARTESIAN_POINT('',(2.9225E1,-7.499999999999E-1,4.56E0));
#1203=LINE('',#1202,#1201);
#1204=DIRECTION('',(0.E0,9.999999999996E-1,-8.540796763200E-7));
#1205=VECTOR('',#1204,2.499999999987E-1);
#1206=CARTESIAN_POINT('',(2.9225E1,-1.149999999998E0,3.950000213520E0));
#1207=LINE('',#1206,#1205);
#1208=CARTESIAN_POINT('',(2.9225E1,-1.1E0,3.95E0));
#1209=DIRECTION('',(-1.E0,0.E0,0.E0));
#1210=DIRECTION('',(0.E0,0.E0,-1.E0));
#1211=AXIS2_PLACEMENT_3D('',#1208,#1209,#1210);
#1213=DIRECTION('',(0.E0,-9.363291775690E-1,-3.511234415884E-1));
#1214=VECTOR('',#1213,8.544003745318E-2);
#1215=CARTESIAN_POINT('',(2.9225E1,-7.499999999998E-1,3.93E0));
#1216=LINE('',#1215,#1214);
#1217=DIRECTION('',(0.E0,1.E0,0.E0));
#1218=VECTOR('',#1217,1.5E-1);
#1219=CARTESIAN_POINT('',(2.8575E1,-8.999999999998E-1,4.63E0));
#1220=LINE('',#1219,#1218);
#1221=DIRECTION('',(-1.E0,0.E0,0.E0));
#1222=VECTOR('',#1221,6.5E-1);
#1223=CARTESIAN_POINT('',(2.9225E1,-8.999999999998E-1,4.63E0));
#1224=LINE('',#1223,#1222);
#1225=DIRECTION('',(0.E0,-1.E0,0.E0));
#1226=VECTOR('',#1225,1.5E-1);
#1227=CARTESIAN_POINT('',(2.9225E1,-7.499999999999E-1,4.63E0));
#1228=LINE('',#1227,#1226);
#1229=DIRECTION('',(0.E0,9.363291775690E-1,3.511234415884E-1));
#1230=VECTOR('',#1229,8.544003745318E-2);
#1231=CARTESIAN_POINT('',(2.8575E1,-8.299999999998E-1,3.9E0));
#1232=LINE('',#1231,#1230);
#1233=CARTESIAN_POINT('',(2.8575E1,-1.1E0,3.95E0));
#1234=DIRECTION('',(1.E0,0.E0,0.E0));
#1235=DIRECTION('',(0.E0,-1.E0,-1.776356839400E-14));
#1236=AXIS2_PLACEMENT_3D('',#1233,#1234,#1235);
#1238=DIRECTION('',(0.E0,0.E0,-1.E0));
#1239=VECTOR('',#1238,4.1E-1);
#1240=CARTESIAN_POINT('',(2.8575E1,-7.999999999999E-1,4.56E0));
#1241=LINE('',#1240,#1239);
#1242=DIRECTION('',(1.E0,0.E0,0.E0));
#1243=VECTOR('',#1242,1.5E-1);
#1244=CARTESIAN_POINT('',(2.8425E1,-7.999999999999E-1,4.56E0));
#1245=LINE('',#1244,#1243);
#1246=DIRECTION('',(0.E0,0.E0,1.E0));
#1247=VECTOR('',#1246,4.1E-1);
#1248=CARTESIAN_POINT('',(2.8425E1,-7.999999999999E-1,4.15E0));
#1249=LINE('',#1248,#1247);
#1250=DIRECTION('',(-1.E0,0.E0,0.E0));
#1251=VECTOR('',#1250,1.5E-1);
#1252=CARTESIAN_POINT('',(2.8575E1,-7.999999999999E-1,4.15E0));
#1253=LINE('',#1252,#1251);
#1254=DIRECTION('',(0.E0,-1.E0,-1.776356839400E-14));
#1255=VECTOR('',#1254,5.E-2);
#1256=CARTESIAN_POINT('',(2.8575E1,-7.499999999999E-1,4.56E0));
#1257=LINE('',#1256,#1255);
#1258=DIRECTION('',(0.E0,-1.E0,0.E0));
#1259=VECTOR('',#1258,5.E-2);
#1260=CARTESIAN_POINT('',(2.8425E1,-7.499999999999E-1,4.56E0));
#1261=LINE('',#1260,#1259);
#1262=DIRECTION('',(0.E0,1.E0,0.E0));
#1263=VECTOR('',#1262,1.5E-1);
#1264=CARTESIAN_POINT('',(2.8425E1,-8.999999999998E-1,4.63E0));
#1265=LINE('',#1264,#1263);
#1266=CARTESIAN_POINT('',(2.8425E1,-1.1E0,3.95E0));
#1267=DIRECTION('',(-1.E0,0.E0,0.E0));
#1268=DIRECTION('',(0.E0,0.E0,-1.E0));
#1269=AXIS2_PLACEMENT_3D('',#1266,#1267,#1268);
#1271=DIRECTION('',(0.E0,-9.363291775690E-1,-3.511234415884E-1));
#1272=VECTOR('',#1271,8.544003745318E-2);
#1273=CARTESIAN_POINT('',(2.8425E1,-7.499999999998E-1,3.93E0));
#1274=LINE('',#1273,#1272);
#1275=DIRECTION('',(1.E0,0.E0,0.E0));
#1276=VECTOR('',#1275,6.5E-1);
#1277=CARTESIAN_POINT('',(2.7775E1,-8.999999999998E-1,4.63E0));
#1278=LINE('',#1277,#1276);
#1279=DIRECTION('',(0.E0,0.E0,1.E0));
#1280=VECTOR('',#1279,6.8E-1);
#1281=CARTESIAN_POINT('',(2.7775E1,-8.999999999998E-1,3.95E0));
#1282=LINE('',#1281,#1280);
#1283=DIRECTION('',(0.E0,0.E0,-1.E0));
#1284=VECTOR('',#1283,6.8E-1);
#1285=CARTESIAN_POINT('',(2.8425E1,-8.999999999998E-1,4.63E0));
#1286=LINE('',#1285,#1284);
#1287=DIRECTION('',(-4.158136846262E-14,9.363291775690E-1,3.511234415884E-1));
#1288=VECTOR('',#1287,8.544003745318E-2);
#1289=CARTESIAN_POINT('',(2.7775E1,-8.299999999998E-1,3.9E0));
#1290=LINE('',#1289,#1288);
#1291=CARTESIAN_POINT('',(2.7775E1,-1.1E0,3.95E0));
#1292=DIRECTION('',(1.E0,0.E0,0.E0));
#1293=DIRECTION('',(0.E0,-1.E0,-1.776356839400E-14));
#1294=AXIS2_PLACEMENT_3D('',#1291,#1292,#1293);
#1296=DIRECTION('',(0.E0,-1.E0,0.E0));
#1297=VECTOR('',#1296,1.5E-1);
#1298=CARTESIAN_POINT('',(2.7775E1,-7.499999999999E-1,4.63E0));
#1299=LINE('',#1298,#1297);
#1300=DIRECTION('',(0.E0,0.E0,-1.E0));
#1301=VECTOR('',#1300,4.1E-1);
#1302=CARTESIAN_POINT('',(2.7775E1,-7.999999999999E-1,4.56E0));
#1303=LINE('',#1302,#1301);
#1304=DIRECTION('',(1.E0,0.E0,0.E0));
#1305=VECTOR('',#1304,1.5E-1);
#1306=CARTESIAN_POINT('',(2.7625E1,-7.999999999999E-1,4.56E0));
#1307=LINE('',#1306,#1305);
#1308=DIRECTION('',(0.E0,0.E0,1.E0));
#1309=VECTOR('',#1308,4.1E-1);
#1310=CARTESIAN_POINT('',(2.7625E1,-7.999999999999E-1,4.15E0));
#1311=LINE('',#1310,#1309);
#1312=DIRECTION('',(-1.E0,0.E0,0.E0));
#1313=VECTOR('',#1312,1.5E-1);
#1314=CARTESIAN_POINT('',(2.7775E1,-7.999999999999E-1,4.15E0));
#1315=LINE('',#1314,#1313);
#1316=DIRECTION('',(0.E0,-1.E0,-1.776356839400E-14));
#1317=VECTOR('',#1316,5.E-2);
#1318=CARTESIAN_POINT('',(2.7775E1,-7.499999999999E-1,4.56E0));
#1319=LINE('',#1318,#1317);
#1320=DIRECTION('',(0.E0,-1.E0,0.E0));
#1321=VECTOR('',#1320,5.E-2);
#1322=CARTESIAN_POINT('',(2.7625E1,-7.499999999999E-1,4.56E0));
#1323=LINE('',#1322,#1321);
#1324=DIRECTION('',(0.E0,1.E0,0.E0));
#1325=VECTOR('',#1324,1.5E-1);
#1326=CARTESIAN_POINT('',(2.7625E1,-8.999999999998E-1,4.63E0));
#1327=LINE('',#1326,#1325);
#1328=CARTESIAN_POINT('',(2.7625E1,-1.1E0,3.95E0));
#1329=DIRECTION('',(-1.E0,0.E0,0.E0));
#1330=DIRECTION('',(0.E0,0.E0,-1.E0));
#1331=AXIS2_PLACEMENT_3D('',#1328,#1329,#1330);
#1333=DIRECTION('',(0.E0,-9.363291775690E-1,-3.511234415884E-1));
#1334=VECTOR('',#1333,8.544003745318E-2);
#1335=CARTESIAN_POINT('',(2.7625E1,-7.499999999998E-1,3.93E0));
#1336=LINE('',#1335,#1334);
#1337=DIRECTION('',(1.E0,0.E0,0.E0));
#1338=VECTOR('',#1337,6.5E-1);
#1339=CARTESIAN_POINT('',(2.6975E1,-8.999999999998E-1,4.63E0));
#1340=LINE('',#1339,#1338);
#1341=DIRECTION('',(0.E0,0.E0,1.E0));
#1342=VECTOR('',#1341,6.8E-1);
#1343=CARTESIAN_POINT('',(2.6975E1,-8.999999999998E-1,3.95E0));
#1344=LINE('',#1343,#1342);
#1345=DIRECTION('',(0.E0,0.E0,-1.E0));
#1346=VECTOR('',#1345,6.8E-1);
#1347=CARTESIAN_POINT('',(2.7625E1,-8.999999999998E-1,4.63E0));
#1348=LINE('',#1347,#1346);
#1349=DIRECTION('',(0.E0,9.363291775690E-1,3.511234415884E-1));
#1350=VECTOR('',#1349,8.544003745318E-2);
#1351=CARTESIAN_POINT('',(2.6975E1,-8.299999999998E-1,3.9E0));
#1352=LINE('',#1351,#1350);
#1353=CARTESIAN_POINT('',(2.6975E1,-1.1E0,3.95E0));
#1354=DIRECTION('',(1.E0,0.E0,0.E0));
#1355=DIRECTION('',(0.E0,-1.E0,-1.776356839400E-14));
#1356=AXIS2_PLACEMENT_3D('',#1353,#1354,#1355);
#1358=DIRECTION('',(0.E0,-1.E0,0.E0));
#1359=VECTOR('',#1358,1.5E-1);
#1360=CARTESIAN_POINT('',(2.6975E1,-7.499999999999E-1,4.63E0));
#1361=LINE('',#1360,#1359);
#1362=DIRECTION('',(0.E0,0.E0,-1.E0));
#1363=VECTOR('',#1362,4.1E-1);
#1364=CARTESIAN_POINT('',(2.6975E1,-7.999999999999E-1,4.56E0));
#1365=LINE('',#1364,#1363);
#1366=DIRECTION('',(1.E0,0.E0,0.E0));
#1367=VECTOR('',#1366,1.5E-1);
#1368=CARTESIAN_POINT('',(2.6825E1,-7.999999999999E-1,4.56E0));
#1369=LINE('',#1368,#1367);
#1370=DIRECTION('',(0.E0,0.E0,1.E0));
#1371=VECTOR('',#1370,4.1E-1);
#1372=CARTESIAN_POINT('',(2.6825E1,-7.999999999999E-1,4.15E0));
#1373=LINE('',#1372,#1371);
#1374=DIRECTION('',(-1.E0,0.E0,0.E0));
#1375=VECTOR('',#1374,1.5E-1);
#1376=CARTESIAN_POINT('',(2.6975E1,-7.999999999999E-1,4.15E0));
#1377=LINE('',#1376,#1375);
#1378=DIRECTION('',(0.E0,-1.E0,-1.776356839400E-14));
#1379=VECTOR('',#1378,5.E-2);
#1380=CARTESIAN_POINT('',(2.6975E1,-7.499999999999E-1,4.56E0));
#1381=LINE('',#1380,#1379);
#1382=DIRECTION('',(0.E0,-1.E0,0.E0));
#1383=VECTOR('',#1382,5.E-2);
#1384=CARTESIAN_POINT('',(2.6825E1,-7.499999999999E-1,4.56E0));
#1385=LINE('',#1384,#1383);
#1386=DIRECTION('',(0.E0,1.E0,0.E0));
#1387=VECTOR('',#1386,1.5E-1);
#1388=CARTESIAN_POINT('',(2.6825E1,-8.999999999998E-1,4.63E0));
#1389=LINE('',#1388,#1387);
#1390=CARTESIAN_POINT('',(2.6825E1,-1.1E0,3.95E0));
#1391=DIRECTION('',(-1.E0,0.E0,0.E0));
#1392=DIRECTION('',(0.E0,0.E0,-1.E0));
#1393=AXIS2_PLACEMENT_3D('',#1390,#1391,#1392);
#1395=DIRECTION('',(0.E0,-9.363291775690E-1,-3.511234415884E-1));
#1396=VECTOR('',#1395,8.544003745318E-2);
#1397=CARTESIAN_POINT('',(2.6825E1,-7.499999999998E-1,3.93E0));
#1398=LINE('',#1397,#1396);
#1399=DIRECTION('',(0.E0,9.363291775690E-1,3.511234415884E-1));
#1400=VECTOR('',#1399,8.544003745318E-2);
#1401=CARTESIAN_POINT('',(2.6175E1,-8.299999999998E-1,3.9E0));
#1402=LINE('',#1401,#1400);
#1403=CARTESIAN_POINT('',(2.6175E1,-1.1E0,3.95E0));
#1404=DIRECTION('',(1.E0,0.E0,0.E0));
#1405=DIRECTION('',(0.E0,-1.E0,-1.776356839400E-14));
#1406=AXIS2_PLACEMENT_3D('',#1403,#1404,#1405);
#1408=DIRECTION('',(2.368475785867E-14,-1.E0,0.E0));
#1409=VECTOR('',#1408,1.5E-1);
#1410=CARTESIAN_POINT('',(2.6175E1,-7.499999999999E-1,4.63E0));
#1411=LINE('',#1410,#1409);
#1412=DIRECTION('',(0.E0,0.E0,-1.E0));
#1413=VECTOR('',#1412,4.1E-1);
#1414=CARTESIAN_POINT('',(2.6175E1,-7.999999999999E-1,4.56E0));
#1415=LINE('',#1414,#1413);
#1416=DIRECTION('',(1.E0,0.E0,0.E0));
#1417=VECTOR('',#1416,1.5E-1);
#1418=CARTESIAN_POINT('',(2.6025E1,-7.999999999999E-1,4.56E0));
#1419=LINE('',#1418,#1417);
#1420=DIRECTION('',(0.E0,0.E0,1.E0));
#1421=VECTOR('',#1420,4.1E-1);
#1422=CARTESIAN_POINT('',(2.6025E1,-7.999999999999E-1,4.15E0));
#1423=LINE('',#1422,#1421);
#1424=DIRECTION('',(-1.E0,0.E0,0.E0));
#1425=VECTOR('',#1424,1.5E-1);
#1426=CARTESIAN_POINT('',(2.6175E1,-7.999999999999E-1,4.15E0));
#1427=LINE('',#1426,#1425);
#1428=DIRECTION('',(0.E0,-1.E0,-1.776356839400E-14));
#1429=VECTOR('',#1428,5.E-2);
#1430=CARTESIAN_POINT('',(2.6175E1,-7.499999999999E-1,4.56E0));
#1431=LINE('',#1430,#1429);
#1432=DIRECTION('',(0.E0,-1.E0,0.E0));
#1433=VECTOR('',#1432,5.E-2);
#1434=CARTESIAN_POINT('',(2.6025E1,-7.499999999999E-1,4.56E0));
#1435=LINE('',#1434,#1433);
#1436=DIRECTION('',(0.E0,1.E0,0.E0));
#1437=VECTOR('',#1436,1.5E-1);
#1438=CARTESIAN_POINT('',(2.6025E1,-8.999999999998E-1,4.63E0));
#1439=LINE('',#1438,#1437);
#1440=CARTESIAN_POINT('',(2.6025E1,-1.1E0,3.95E0));
#1441=DIRECTION('',(-1.E0,0.E0,0.E0));
#1442=DIRECTION('',(0.E0,0.E0,-1.E0));
#1443=AXIS2_PLACEMENT_3D('',#1440,#1441,#1442);
#1445=DIRECTION('',(-4.158136846262E-14,-9.363291775690E-1,-3.511234415884E-1));
#1446=VECTOR('',#1445,8.544003745318E-2);
#1447=CARTESIAN_POINT('',(2.6025E1,-7.499999999998E-1,3.93E0));
#1448=LINE('',#1447,#1446);
#1449=DIRECTION('',(1.E0,0.E0,0.E0));
#1450=VECTOR('',#1449,6.5E-1);
#1451=CARTESIAN_POINT('',(2.5375E1,-8.999999999998E-1,4.63E0));
#1452=LINE('',#1451,#1450);
#1453=DIRECTION('',(0.E0,0.E0,1.E0));
#1454=VECTOR('',#1453,6.8E-1);
#1455=CARTESIAN_POINT('',(2.5375E1,-8.999999999998E-1,3.95E0));
#1456=LINE('',#1455,#1454);
#1457=DIRECTION('',(0.E0,0.E0,-1.E0));
#1458=VECTOR('',#1457,6.8E-1);
#1459=CARTESIAN_POINT('',(2.6025E1,-8.999999999998E-1,4.63E0));
#1460=LINE('',#1459,#1458);
#1461=DIRECTION('',(0.E0,9.363291775690E-1,3.511234415884E-1));
#1462=VECTOR('',#1461,8.544003745318E-2);
#1463=CARTESIAN_POINT('',(2.5375E1,-8.299999999998E-1,3.9E0));
#1464=LINE('',#1463,#1462);
#1465=CARTESIAN_POINT('',(2.5375E1,-1.1E0,3.95E0));
#1466=DIRECTION('',(1.E0,0.E0,0.E0));
#1467=DIRECTION('',(0.E0,-1.E0,-1.776356839400E-14));
#1468=AXIS2_PLACEMENT_3D('',#1465,#1466,#1467);
#1470=DIRECTION('',(0.E0,-1.E0,0.E0));
#1471=VECTOR('',#1470,1.5E-1);
#1472=CARTESIAN_POINT('',(2.5375E1,-7.499999999999E-1,4.63E0));
#1473=LINE('',#1472,#1471);
#1474=DIRECTION('',(0.E0,0.E0,-1.E0));
#1475=VECTOR('',#1474,4.1E-1);
#1476=CARTESIAN_POINT('',(2.5375E1,-7.999999999999E-1,4.56E0));
#1477=LINE('',#1476,#1475);
#1478=DIRECTION('',(1.E0,0.E0,0.E0));
#1479=VECTOR('',#1478,1.5E-1);
#1480=CARTESIAN_POINT('',(2.5225E1,-7.999999999999E-1,4.56E0));
#1481=LINE('',#1480,#1479);
#1482=DIRECTION('',(0.E0,0.E0,1.E0));
#1483=VECTOR('',#1482,4.1E-1);
#1484=CARTESIAN_POINT('',(2.5225E1,-7.999999999999E-1,4.15E0));
#1485=LINE('',#1484,#1483);
#1486=DIRECTION('',(-1.E0,0.E0,0.E0));
#1487=VECTOR('',#1486,1.5E-1);
#1488=CARTESIAN_POINT('',(2.5375E1,-7.999999999999E-1,4.15E0));
#1489=LINE('',#1488,#1487);
#1490=DIRECTION('',(0.E0,-1.E0,-1.776356839400E-14));
#1491=VECTOR('',#1490,5.E-2);
#1492=CARTESIAN_POINT('',(2.5375E1,-7.499999999999E-1,4.56E0));
#1493=LINE('',#1492,#1491);
#1494=DIRECTION('',(0.E0,-1.E0,0.E0));
#1495=VECTOR('',#1494,5.E-2);
#1496=CARTESIAN_POINT('',(2.5225E1,-7.499999999999E-1,4.56E0));
#1497=LINE('',#1496,#1495);
#1498=DIRECTION('',(0.E0,1.E0,0.E0));
#1499=VECTOR('',#1498,1.5E-1);
#1500=CARTESIAN_POINT('',(2.5225E1,-8.999999999998E-1,4.63E0));
#1501=LINE('',#1500,#1499);
#1502=CARTESIAN_POINT('',(2.5225E1,-1.1E0,3.95E0));
#1503=DIRECTION('',(-1.E0,0.E0,0.E0));
#1504=DIRECTION('',(0.E0,0.E0,-1.E0));
#1505=AXIS2_PLACEMENT_3D('',#1502,#1503,#1504);
#1507=DIRECTION('',(0.E0,-9.363291775690E-1,-3.511234415884E-1));
#1508=VECTOR('',#1507,8.544003745318E-2);
#1509=CARTESIAN_POINT('',(2.5225E1,-7.499999999998E-1,3.93E0));
#1510=LINE('',#1509,#1508);
#1511=DIRECTION('',(1.E0,0.E0,0.E0));
#1512=VECTOR('',#1511,6.5E-1);
#1513=CARTESIAN_POINT('',(2.4575E1,-8.999999999998E-1,4.63E0));
#1514=LINE('',#1513,#1512);
#1515=DIRECTION('',(0.E0,0.E0,1.E0));
#1516=VECTOR('',#1515,6.8E-1);
#1517=CARTESIAN_POINT('',(2.4575E1,-8.999999999998E-1,3.95E0));
#1518=LINE('',#1517,#1516);
#1519=DIRECTION('',(0.E0,0.E0,-1.E0));
#1520=VECTOR('',#1519,6.8E-1);
#1521=CARTESIAN_POINT('',(2.5225E1,-8.999999999998E-1,4.63E0));
#1522=LINE('',#1521,#1520);
#1523=DIRECTION('',(-4.158136846262E-14,9.363291775690E-1,3.511234415884E-1));
#1524=VECTOR('',#1523,8.544003745318E-2);
#1525=CARTESIAN_POINT('',(2.4575E1,-8.299999999998E-1,3.9E0));
#1526=LINE('',#1525,#1524);
#1527=CARTESIAN_POINT('',(2.4575E1,-1.1E0,3.95E0));
#1528=DIRECTION('',(1.E0,0.E0,0.E0));
#1529=DIRECTION('',(0.E0,-1.E0,-1.776356839400E-14));
#1530=AXIS2_PLACEMENT_3D('',#1527,#1528,#1529);
#1532=DIRECTION('',(0.E0,-1.E0,0.E0));
#1533=VECTOR('',#1532,1.5E-1);
#1534=CARTESIAN_POINT('',(2.4575E1,-7.499999999999E-1,4.63E0));
#1535=LINE('',#1534,#1533);
#1536=DIRECTION('',(0.E0,0.E0,-1.E0));
#1537=VECTOR('',#1536,4.1E-1);
#1538=CARTESIAN_POINT('',(2.4575E1,-7.999999999999E-1,4.56E0));
#1539=LINE('',#1538,#1537);
#1540=DIRECTION('',(1.E0,0.E0,0.E0));
#1541=VECTOR('',#1540,1.5E-1);
#1542=CARTESIAN_POINT('',(2.4425E1,-7.999999999999E-1,4.56E0));
#1543=LINE('',#1542,#1541);
#1544=DIRECTION('',(0.E0,0.E0,1.E0));
#1545=VECTOR('',#1544,4.1E-1);
#1546=CARTESIAN_POINT('',(2.4425E1,-7.999999999999E-1,4.15E0));
#1547=LINE('',#1546,#1545);
#1548=DIRECTION('',(-1.E0,0.E0,0.E0));
#1549=VECTOR('',#1548,1.5E-1);
#1550=CARTESIAN_POINT('',(2.4575E1,-7.999999999999E-1,4.15E0));
#1551=LINE('',#1550,#1549);
#1552=DIRECTION('',(0.E0,-1.E0,-1.776356839400E-14));
#1553=VECTOR('',#1552,5.E-2);
#1554=CARTESIAN_POINT('',(2.4575E1,-7.499999999999E-1,4.56E0));
#1555=LINE('',#1554,#1553);
#1556=DIRECTION('',(-7.105427357601E-14,-1.E0,0.E0));
#1557=VECTOR('',#1556,5.E-2);
#1558=CARTESIAN_POINT('',(2.4425E1,-7.499999999999E-1,4.56E0));
#1559=LINE('',#1558,#1557);
#1560=DIRECTION('',(0.E0,1.E0,0.E0));
#1561=VECTOR('',#1560,1.5E-1);
#1562=CARTESIAN_POINT('',(2.4425E1,-8.999999999998E-1,4.63E0));
#1563=LINE('',#1562,#1561);
#1564=CARTESIAN_POINT('',(2.4425E1,-1.1E0,3.95E0));
#1565=DIRECTION('',(-1.E0,0.E0,0.E0));
#1566=DIRECTION('',(0.E0,0.E0,-1.E0));
#1567=AXIS2_PLACEMENT_3D('',#1564,#1565,#1566);
#1569=DIRECTION('',(-4.158136846262E-14,-9.363291775690E-1,-3.511234415884E-1));
#1570=VECTOR('',#1569,8.544003745318E-2);
#1571=CARTESIAN_POINT('',(2.4425E1,-7.499999999998E-1,3.93E0));
#1572=LINE('',#1571,#1570);
#1573=DIRECTION('',(1.E0,0.E0,0.E0));
#1574=VECTOR('',#1573,6.5E-1);
#1575=CARTESIAN_POINT('',(2.3775E1,-8.999999999998E-1,4.63E0));
#1576=LINE('',#1575,#1574);
#1577=DIRECTION('',(0.E0,0.E0,1.E0));
#1578=VECTOR('',#1577,6.8E-1);
#1579=CARTESIAN_POINT('',(2.3775E1,-8.999999999998E-1,3.95E0));
#1580=LINE('',#1579,#1578);
#1581=DIRECTION('',(0.E0,0.E0,-1.E0));
#1582=VECTOR('',#1581,6.8E-1);
#1583=CARTESIAN_POINT('',(2.4425E1,-8.999999999998E-1,4.63E0));
#1584=LINE('',#1583,#1582);
#1585=DIRECTION('',(-4.158136846262E-14,9.363291775690E-1,3.511234415884E-1));
#1586=VECTOR('',#1585,8.544003745318E-2);
#1587=CARTESIAN_POINT('',(2.3775E1,-8.299999999998E-1,3.9E0));
#1588=LINE('',#1587,#1586);
#1589=CARTESIAN_POINT('',(2.3775E1,-1.1E0,3.95E0));
#1590=DIRECTION('',(1.E0,0.E0,0.E0));
#1591=DIRECTION('',(0.E0,-1.E0,-2.664535259100E-14));
#1592=AXIS2_PLACEMENT_3D('',#1589,#1590,#1591);
#1594=DIRECTION('',(0.E0,-1.E0,0.E0));
#1595=VECTOR('',#1594,1.5E-1);
#1596=CARTESIAN_POINT('',(2.3775E1,-7.499999999999E-1,4.63E0));
#1597=LINE('',#1596,#1595);
#1598=DIRECTION('',(0.E0,0.E0,-1.E0));
#1599=VECTOR('',#1598,4.1E-1);
#1600=CARTESIAN_POINT('',(2.3775E1,-7.999999999999E-1,4.56E0));
#1601=LINE('',#1600,#1599);
#1602=DIRECTION('',(1.E0,0.E0,0.E0));
#1603=VECTOR('',#1602,1.5E-1);
#1604=CARTESIAN_POINT('',(2.3625E1,-7.999999999999E-1,4.56E0));
#1605=LINE('',#1604,#1603);
#1606=DIRECTION('',(0.E0,0.E0,1.E0));
#1607=VECTOR('',#1606,4.1E-1);
#1608=CARTESIAN_POINT('',(2.3625E1,-7.999999999999E-1,4.15E0));
#1609=LINE('',#1608,#1607);
#1610=DIRECTION('',(-1.E0,0.E0,0.E0));
#1611=VECTOR('',#1610,1.5E-1);
#1612=CARTESIAN_POINT('',(2.3775E1,-7.999999999999E-1,4.15E0));
#1613=LINE('',#1612,#1611);
#1614=DIRECTION('',(0.E0,-1.E0,-1.776356839400E-14));
#1615=VECTOR('',#1614,5.E-2);
#1616=CARTESIAN_POINT('',(2.3775E1,-7.499999999999E-1,4.56E0));
#1617=LINE('',#1616,#1615);
#1618=DIRECTION('',(0.E0,-1.E0,0.E0));
#1619=VECTOR('',#1618,5.E-2);
#1620=CARTESIAN_POINT('',(2.3625E1,-7.499999999999E-1,4.56E0));
#1621=LINE('',#1620,#1619);
#1622=DIRECTION('',(0.E0,1.E0,0.E0));
#1623=VECTOR('',#1622,1.5E-1);
#1624=CARTESIAN_POINT('',(2.3625E1,-8.999999999998E-1,4.63E0));
#1625=LINE('',#1624,#1623);
#1626=CARTESIAN_POINT('',(2.3625E1,-1.1E0,3.95E0));
#1627=DIRECTION('',(-1.E0,0.E0,0.E0));
#1628=DIRECTION('',(0.E0,0.E0,-1.E0));
#1629=AXIS2_PLACEMENT_3D('',#1626,#1627,#1628);
#1631=DIRECTION('',(0.E0,-9.363291775690E-1,-3.511234415884E-1));
#1632=VECTOR('',#1631,8.544003745318E-2);
#1633=CARTESIAN_POINT('',(2.3625E1,-7.499999999998E-1,3.93E0));
#1634=LINE('',#1633,#1632);
#1635=DIRECTION('',(0.E0,0.E0,1.E0));
#1636=VECTOR('',#1635,4.1E-1);
#1637=CARTESIAN_POINT('',(2.2975E1,-7.999999999999E-1,4.15E0));
#1638=LINE('',#1637,#1636);
#1639=DIRECTION('',(0.E0,-1.E0,0.E0));
#1640=VECTOR('',#1639,5.E-2);
#1641=CARTESIAN_POINT('',(2.2975E1,-7.499999999998E-1,4.15E0));
#1642=LINE('',#1641,#1640);
#1643=DIRECTION('',(0.E0,0.E0,1.E0));
#1644=VECTOR('',#1643,2.2E-1);
#1645=CARTESIAN_POINT('',(2.2975E1,-7.499999999998E-1,3.93E0));
#1646=LINE('',#1645,#1644);
#1647=DIRECTION('',(0.E0,9.363291775690E-1,3.511234415884E-1));
#1648=VECTOR('',#1647,8.544003745318E-2);
#1649=CARTESIAN_POINT('',(2.2975E1,-8.299999999998E-1,3.9E0));
#1650=LINE('',#1649,#1648);
#1651=CARTESIAN_POINT('',(2.2975E1,-1.1E0,3.95E0));
#1652=DIRECTION('',(1.E0,0.E0,0.E0));
#1653=DIRECTION('',(0.E0,-1.E0,-2.664535259100E-14));
#1654=AXIS2_PLACEMENT_3D('',#1651,#1652,#1653);
#1656=DIRECTION('',(0.E0,-1.E0,0.E0));
#1657=VECTOR('',#1656,1.5E-1);
#1658=CARTESIAN_POINT('',(2.2975E1,-7.499999999999E-1,4.63E0));
#1659=LINE('',#1658,#1657);
#1660=DIRECTION('',(7.105427357601E-14,1.E0,3.552713678800E-14));
#1661=VECTOR('',#1660,5.E-2);
#1662=CARTESIAN_POINT('',(2.2975E1,-7.999999999999E-1,4.56E0));
#1663=LINE('',#1662,#1661);
#1664=DIRECTION('',(-1.E0,0.E0,0.E0));
#1665=VECTOR('',#1664,1.5E-1);
#1666=CARTESIAN_POINT('',(2.2975E1,-7.999999999999E-1,4.56E0));
#1667=LINE('',#1666,#1665);
#1668=DIRECTION('',(-7.105427357601E-14,1.E0,0.E0));
#1669=VECTOR('',#1668,5.E-2);
#1670=CARTESIAN_POINT('',(2.2825E1,-7.999999999999E-1,4.56E0));
#1671=LINE('',#1670,#1669);
#1672=DIRECTION('',(0.E0,0.E0,-1.E0));
#1673=VECTOR('',#1672,4.1E-1);
#1674=CARTESIAN_POINT('',(2.2825E1,-7.999999999999E-1,4.56E0));
#1675=LINE('',#1674,#1673);
#1676=DIRECTION('',(-4.736951571734E-14,1.E0,0.E0));
#1677=VECTOR('',#1676,1.5E-1);
#1678=CARTESIAN_POINT('',(2.2825E1,-8.999999999998E-1,4.63E0));
#1679=LINE('',#1678,#1677);
#1680=DIRECTION('',(0.E0,0.E0,1.E0));
#1681=VECTOR('',#1680,6.8E-1);
#1682=CARTESIAN_POINT('',(2.2825E1,-8.999999999998E-1,3.95E0));
#1683=LINE('',#1682,#1681);
#1684=CARTESIAN_POINT('',(2.2825E1,-1.1E0,3.95E0));
#1685=DIRECTION('',(-1.E0,0.E0,0.E0));
#1686=DIRECTION('',(0.E0,0.E0,-1.E0));
#1687=AXIS2_PLACEMENT_3D('',#1684,#1685,#1686);
#1689=DIRECTION('',(-1.247441053879E-13,-9.363291775690E-1,-3.511234415884E-1));
#1690=VECTOR('',#1689,8.544003745318E-2);
#1691=CARTESIAN_POINT('',(2.2825E1,-7.499999999998E-1,3.93E0));
#1692=LINE('',#1691,#1690);
#1693=DIRECTION('',(1.E0,0.E0,0.E0));
#1694=VECTOR('',#1693,1.5E-1);
#1695=CARTESIAN_POINT('',(2.2825E1,-8.299999999998E-1,3.9E0));
#1696=LINE('',#1695,#1694);
#1697=DIRECTION('',(-1.315819027205E-14,1.E0,-3.412905601814E-12));
#1698=VECTOR('',#1697,2.700001752024E-1);
#1699=CARTESIAN_POINT('',(2.2825E1,-1.100000175202E0,3.900000000001E0));
#1700=LINE('',#1699,#1698);
#1701=DIRECTION('',(-1.E0,0.E0,0.E0));
#1702=VECTOR('',#1701,1.5E-1);
#1703=CARTESIAN_POINT('',(2.2975E1,-1.100000175202E0,3.900000000001E0));
#1704=LINE('',#1703,#1702);
#1705=DIRECTION('',(0.E0,-1.E0,3.412905601814E-12));
#1706=VECTOR('',#1705,2.700001752024E-1);
#1707=CARTESIAN_POINT('',(2.2975E1,-8.299999999998E-1,3.9E0));
#1708=LINE('',#1707,#1706);
#1709=DIRECTION('',(1.E0,0.E0,0.E0));
#1710=VECTOR('',#1709,1.5E-1);
#1711=CARTESIAN_POINT('',(2.2825E1,-7.499999999998E-1,3.93E0));
#1712=LINE('',#1711,#1710);
#1713=DIRECTION('',(0.E0,0.E0,1.E0));
#1714=VECTOR('',#1713,2.2E-1);
#1715=CARTESIAN_POINT('',(2.2825E1,-7.499999999998E-1,3.93E0));
#1716=LINE('',#1715,#1714);
#1717=DIRECTION('',(1.E0,0.E0,0.E0));
#1718=VECTOR('',#1717,1.5E-1);
#1719=CARTESIAN_POINT('',(2.2825E1,-7.999999999999E-1,4.15E0));
#1720=LINE('',#1719,#1718);
#1721=DIRECTION('',(1.421085471520E-13,-1.E0,-1.776356839400E-14));
#1722=VECTOR('',#1721,5.E-2);
#1723=CARTESIAN_POINT('',(2.2825E1,-7.499999999999E-1,4.15E0));
#1724=LINE('',#1723,#1722);
#1725=DIRECTION('',(-1.E0,0.E0,0.E0));
#1726=VECTOR('',#1725,1.5E-1);
#1727=CARTESIAN_POINT('',(2.2975E1,-7.499999999999E-1,4.15E0));
#1728=LINE('',#1727,#1726);
#1729=DIRECTION('',(1.E0,0.E0,0.E0));
#1730=VECTOR('',#1729,6.5E-1);
#1731=CARTESIAN_POINT('',(2.2975E1,-8.999999999998E-1,4.63E0));
#1732=LINE('',#1731,#1730);
#1733=DIRECTION('',(0.E0,0.E0,1.E0));
#1734=VECTOR('',#1733,6.8E-1);
#1735=CARTESIAN_POINT('',(2.2975E1,-8.999999999998E-1,3.95E0));
#1736=LINE('',#1735,#1734);
#1737=DIRECTION('',(0.E0,0.E0,-1.E0));
#1738=VECTOR('',#1737,6.8E-1);
#1739=CARTESIAN_POINT('',(2.3625E1,-8.999999999998E-1,4.63E0));
#1740=LINE('',#1739,#1738);
#1741=DIRECTION('',(0.E0,1.E0,-3.412905601814E-12));
#1742=VECTOR('',#1741,2.700001752024E-1);
#1743=CARTESIAN_POINT('',(2.3625E1,-1.100000175202E0,3.900000000001E0));
#1744=LINE('',#1743,#1742);
#1745=DIRECTION('',(-1.E0,0.E0,0.E0));
#1746=VECTOR('',#1745,1.5E-1);
#1747=CARTESIAN_POINT('',(2.3775E1,-1.100000175202E0,3.900000000001E0));
#1748=LINE('',#1747,#1746);
#1749=DIRECTION('',(-1.315819027205E-14,-1.E0,3.409616054246E-12));
#1750=VECTOR('',#1749,2.700001752024E-1);
#1751=CARTESIAN_POINT('',(2.3775E1,-8.299999999998E-1,3.9E0));
#1752=LINE('',#1751,#1750);
#1753=DIRECTION('',(1.E0,0.E0,0.E0));
#1754=VECTOR('',#1753,1.5E-1);
#1755=CARTESIAN_POINT('',(2.3625E1,-7.499999999998E-1,3.93E0));
#1756=LINE('',#1755,#1754);
#1757=DIRECTION('',(-1.E0,0.E0,0.E0));
#1758=VECTOR('',#1757,1.5E-1);
#1759=CARTESIAN_POINT('',(2.3775E1,-8.299999999998E-1,3.9E0));
#1760=LINE('',#1759,#1758);
#1761=DIRECTION('',(0.E0,0.E0,-1.E0));
#1762=VECTOR('',#1761,2.2E-1);
#1763=CARTESIAN_POINT('',(2.3775E1,-7.499999999999E-1,4.15E0));
#1764=LINE('',#1763,#1762);
#1765=DIRECTION('',(0.E0,0.E0,1.E0));
#1766=VECTOR('',#1765,2.2E-1);
#1767=CARTESIAN_POINT('',(2.3625E1,-7.499999999998E-1,3.93E0));
#1768=LINE('',#1767,#1766);
#1769=DIRECTION('',(0.E0,1.E0,0.E0));
#1770=VECTOR('',#1769,5.E-2);
#1771=CARTESIAN_POINT('',(2.3775E1,-7.999999999999E-1,4.15E0));
#1772=LINE('',#1771,#1770);
#1773=DIRECTION('',(0.E0,-1.E0,-1.776356839400E-14));
#1774=VECTOR('',#1773,5.E-2);
#1775=CARTESIAN_POINT('',(2.3625E1,-7.499999999999E-1,4.15E0));
#1776=LINE('',#1775,#1774);
#1777=DIRECTION('',(-1.E0,0.E0,1.184237892934E-14));
#1778=VECTOR('',#1777,1.5E-1);
#1779=CARTESIAN_POINT('',(2.3775E1,-7.499999999999E-1,4.15E0));
#1780=LINE('',#1779,#1778);
#1781=DIRECTION('',(0.E0,1.E0,-3.412905601814E-12));
#1782=VECTOR('',#1781,2.700001752024E-1);
#1783=CARTESIAN_POINT('',(2.4425E1,-1.100000175202E0,3.900000000001E0));
#1784=LINE('',#1783,#1782);
#1785=DIRECTION('',(-1.E0,0.E0,0.E0));
#1786=VECTOR('',#1785,1.5E-1);
#1787=CARTESIAN_POINT('',(2.4575E1,-1.100000175202E0,3.900000000001E0));
#1788=LINE('',#1787,#1786);
#1789=DIRECTION('',(0.E0,-1.E0,3.412905601814E-12));
#1790=VECTOR('',#1789,2.700001752024E-1);
#1791=CARTESIAN_POINT('',(2.4575E1,-8.299999999998E-1,3.9E0));
#1792=LINE('',#1791,#1790);
#1793=DIRECTION('',(1.E0,0.E0,0.E0));
#1794=VECTOR('',#1793,1.5E-1);
#1795=CARTESIAN_POINT('',(2.4425E1,-7.499999999998E-1,3.93E0));
#1796=LINE('',#1795,#1794);
#1797=DIRECTION('',(-1.E0,0.E0,0.E0));
#1798=VECTOR('',#1797,1.5E-1);
#1799=CARTESIAN_POINT('',(2.4575E1,-8.299999999998E-1,3.9E0));
#1800=LINE('',#1799,#1798);
#1801=DIRECTION('',(0.E0,0.E0,-1.E0));
#1802=VECTOR('',#1801,2.2E-1);
#1803=CARTESIAN_POINT('',(2.4575E1,-7.499999999999E-1,4.15E0));
#1804=LINE('',#1803,#1802);
#1805=DIRECTION('',(1.614869854E-14,0.E0,1.E0));
#1806=VECTOR('',#1805,2.2E-1);
#1807=CARTESIAN_POINT('',(2.4425E1,-7.499999999998E-1,3.93E0));
#1808=LINE('',#1807,#1806);
#1809=DIRECTION('',(0.E0,1.E0,0.E0));
#1810=VECTOR('',#1809,5.E-2);
#1811=CARTESIAN_POINT('',(2.4575E1,-7.999999999999E-1,4.15E0));
#1812=LINE('',#1811,#1810);
#1813=DIRECTION('',(0.E0,-1.E0,-1.776356839400E-14));
#1814=VECTOR('',#1813,5.E-2);
#1815=CARTESIAN_POINT('',(2.4425E1,-7.499999999999E-1,4.15E0));
#1816=LINE('',#1815,#1814);
#1817=DIRECTION('',(-1.E0,0.E0,1.184237892934E-14));
#1818=VECTOR('',#1817,1.5E-1);
#1819=CARTESIAN_POINT('',(2.4575E1,-7.499999999999E-1,4.15E0));
#1820=LINE('',#1819,#1818);
#1821=DIRECTION('',(0.E0,1.E0,-3.412905601814E-12));
#1822=VECTOR('',#1821,2.700001752024E-1);
#1823=CARTESIAN_POINT('',(2.5225E1,-1.100000175202E0,3.900000000001E0));
#1824=LINE('',#1823,#1822);
#1825=DIRECTION('',(-1.E0,0.E0,0.E0));
#1826=VECTOR('',#1825,1.5E-1);
#1827=CARTESIAN_POINT('',(2.5375E1,-1.100000175202E0,3.900000000001E0));
#1828=LINE('',#1827,#1826);
#1829=DIRECTION('',(0.E0,-1.E0,3.412905601814E-12));
#1830=VECTOR('',#1829,2.700001752024E-1);
#1831=CARTESIAN_POINT('',(2.5375E1,-8.299999999998E-1,3.9E0));
#1832=LINE('',#1831,#1830);
#1833=DIRECTION('',(1.E0,0.E0,0.E0));
#1834=VECTOR('',#1833,1.5E-1);
#1835=CARTESIAN_POINT('',(2.5225E1,-7.499999999998E-1,3.93E0));
#1836=LINE('',#1835,#1834);
#1837=DIRECTION('',(-1.E0,0.E0,0.E0));
#1838=VECTOR('',#1837,1.5E-1);
#1839=CARTESIAN_POINT('',(2.5375E1,-8.299999999998E-1,3.9E0));
#1840=LINE('',#1839,#1838);
#1841=DIRECTION('',(0.E0,0.E0,-1.E0));
#1842=VECTOR('',#1841,2.2E-1);
#1843=CARTESIAN_POINT('',(2.5375E1,-7.499999999999E-1,4.15E0));
#1844=LINE('',#1843,#1842);
#1845=DIRECTION('',(0.E0,0.E0,1.E0));
#1846=VECTOR('',#1845,2.2E-1);
#1847=CARTESIAN_POINT('',(2.5225E1,-7.499999999998E-1,3.93E0));
#1848=LINE('',#1847,#1846);
#1849=DIRECTION('',(0.E0,1.E0,0.E0));
#1850=VECTOR('',#1849,5.E-2);
#1851=CARTESIAN_POINT('',(2.5375E1,-7.999999999999E-1,4.15E0));
#1852=LINE('',#1851,#1850);
#1853=DIRECTION('',(0.E0,-1.E0,-1.776356839400E-14));
#1854=VECTOR('',#1853,5.E-2);
#1855=CARTESIAN_POINT('',(2.5225E1,-7.499999999999E-1,4.15E0));
#1856=LINE('',#1855,#1854);
#1857=DIRECTION('',(-1.E0,0.E0,1.184237892933E-14));
#1858=VECTOR('',#1857,1.5E-1);
#1859=CARTESIAN_POINT('',(2.5375E1,-7.499999999999E-1,4.15E0));
#1860=LINE('',#1859,#1858);
#1861=DIRECTION('',(2.631638054411E-14,1.E0,-3.412905601814E-12));
#1862=VECTOR('',#1861,2.700001752024E-1);
#1863=CARTESIAN_POINT('',(2.6025E1,-1.100000175202E0,3.900000000001E0));
#1864=LINE('',#1863,#1862);
#1865=DIRECTION('',(-1.E0,0.E0,0.E0));
#1866=VECTOR('',#1865,1.5E-1);
#1867=CARTESIAN_POINT('',(2.6175E1,-1.100000175202E0,3.900000000001E0));
#1868=LINE('',#1867,#1866);
#1869=DIRECTION('',(0.E0,-1.E0,3.412905601814E-12));
#1870=VECTOR('',#1869,2.700001752024E-1);
#1871=CARTESIAN_POINT('',(2.6175E1,-8.299999999998E-1,3.9E0));
#1872=LINE('',#1871,#1870);
#1873=DIRECTION('',(1.E0,0.E0,0.E0));
#1874=VECTOR('',#1873,1.5E-1);
#1875=CARTESIAN_POINT('',(2.6025E1,-7.499999999998E-1,3.93E0));
#1876=LINE('',#1875,#1874);
#1877=DIRECTION('',(-1.E0,0.E0,0.E0));
#1878=VECTOR('',#1877,1.5E-1);
#1879=CARTESIAN_POINT('',(2.6175E1,-8.299999999998E-1,3.9E0));
#1880=LINE('',#1879,#1878);
#1881=DIRECTION('',(1.614869854E-14,0.E0,-1.E0));
#1882=VECTOR('',#1881,2.2E-1);
#1883=CARTESIAN_POINT('',(2.6175E1,-7.499999999999E-1,4.15E0));
#1884=LINE('',#1883,#1882);
#1885=DIRECTION('',(1.614869854E-14,0.E0,1.E0));
#1886=VECTOR('',#1885,2.2E-1);
#1887=CARTESIAN_POINT('',(2.6025E1,-7.499999999998E-1,3.93E0));
#1888=LINE('',#1887,#1886);
#1889=DIRECTION('',(0.E0,1.E0,0.E0));
#1890=VECTOR('',#1889,5.E-2);
#1891=CARTESIAN_POINT('',(2.6175E1,-7.999999999999E-1,4.15E0));
#1892=LINE('',#1891,#1890);
#1893=DIRECTION('',(0.E0,-1.E0,-1.776356839400E-14));
#1894=VECTOR('',#1893,5.E-2);
#1895=CARTESIAN_POINT('',(2.6025E1,-7.499999999999E-1,4.15E0));
#1896=LINE('',#1895,#1894);
#1897=DIRECTION('',(-1.E0,0.E0,1.184237892933E-14));
#1898=VECTOR('',#1897,1.5E-1);
#1899=CARTESIAN_POINT('',(2.6175E1,-7.499999999999E-1,4.15E0));
#1900=LINE('',#1899,#1898);
#1901=DIRECTION('',(1.E0,0.E0,0.E0));
#1902=VECTOR('',#1901,6.5E-1);
#1903=CARTESIAN_POINT('',(2.6175E1,-8.999999999998E-1,4.63E0));
#1904=LINE('',#1903,#1902);
#1905=DIRECTION('',(0.E0,0.E0,1.E0));
#1906=VECTOR('',#1905,6.8E-1);
#1907=CARTESIAN_POINT('',(2.6175E1,-8.999999999998E-1,3.95E0));
#1908=LINE('',#1907,#1906);
#1909=DIRECTION('',(0.E0,0.E0,-1.E0));
#1910=VECTOR('',#1909,6.8E-1);
#1911=CARTESIAN_POINT('',(2.6825E1,-8.999999999998E-1,4.63E0));
#1912=LINE('',#1911,#1910);
#1913=DIRECTION('',(0.E0,1.E0,-3.412905601814E-12));
#1914=VECTOR('',#1913,2.700001752024E-1);
#1915=CARTESIAN_POINT('',(2.6825E1,-1.100000175202E0,3.900000000001E0));
#1916=LINE('',#1915,#1914);
#1917=DIRECTION('',(-1.E0,0.E0,0.E0));
#1918=VECTOR('',#1917,1.5E-1);
#1919=CARTESIAN_POINT('',(2.6975E1,-1.100000175202E0,3.900000000001E0));
#1920=LINE('',#1919,#1918);
#1921=DIRECTION('',(0.E0,-1.E0,3.412905601814E-12));
#1922=VECTOR('',#1921,2.700001752024E-1);
#1923=CARTESIAN_POINT('',(2.6975E1,-8.299999999998E-1,3.9E0));
#1924=LINE('',#1923,#1922);
#1925=DIRECTION('',(1.E0,0.E0,0.E0));
#1926=VECTOR('',#1925,1.5E-1);
#1927=CARTESIAN_POINT('',(2.6825E1,-7.499999999998E-1,3.93E0));
#1928=LINE('',#1927,#1926);
#1929=DIRECTION('',(-1.E0,0.E0,0.E0));
#1930=VECTOR('',#1929,1.5E-1);
#1931=CARTESIAN_POINT('',(2.6975E1,-8.299999999998E-1,3.9E0));
#1932=LINE('',#1931,#1930);
#1933=DIRECTION('',(0.E0,0.E0,-1.E0));
#1934=VECTOR('',#1933,2.2E-1);
#1935=CARTESIAN_POINT('',(2.6975E1,-7.499999999999E-1,4.15E0));
#1936=LINE('',#1935,#1934);
#1937=DIRECTION('',(0.E0,0.E0,1.E0));
#1938=VECTOR('',#1937,2.2E-1);
#1939=CARTESIAN_POINT('',(2.6825E1,-7.499999999998E-1,3.93E0));
#1940=LINE('',#1939,#1938);
#1941=DIRECTION('',(0.E0,1.E0,0.E0));
#1942=VECTOR('',#1941,5.E-2);
#1943=CARTESIAN_POINT('',(2.6975E1,-7.999999999999E-1,4.15E0));
#1944=LINE('',#1943,#1942);
#1945=DIRECTION('',(0.E0,-1.E0,-1.776356839400E-14));
#1946=VECTOR('',#1945,5.E-2);
#1947=CARTESIAN_POINT('',(2.6825E1,-7.499999999999E-1,4.15E0));
#1948=LINE('',#1947,#1946);
#1949=DIRECTION('',(-1.E0,0.E0,0.E0));
#1950=VECTOR('',#1949,1.5E-1);
#1951=CARTESIAN_POINT('',(2.6975E1,-7.499999999999E-1,4.15E0));
#1952=LINE('',#1951,#1950);
#1953=DIRECTION('',(0.E0,1.E0,-3.412905601814E-12));
#1954=VECTOR('',#1953,2.700001752024E-1);
#1955=CARTESIAN_POINT('',(2.7625E1,-1.100000175202E0,3.900000000001E0));
#1956=LINE('',#1955,#1954);
#1957=DIRECTION('',(-1.E0,0.E0,0.E0));
#1958=VECTOR('',#1957,1.5E-1);
#1959=CARTESIAN_POINT('',(2.7775E1,-1.100000175202E0,3.900000000001E0));
#1960=LINE('',#1959,#1958);
#1961=DIRECTION('',(0.E0,-1.E0,3.412905601814E-12));
#1962=VECTOR('',#1961,2.700001752024E-1);
#1963=CARTESIAN_POINT('',(2.7775E1,-8.299999999998E-1,3.9E0));
#1964=LINE('',#1963,#1962);
#1965=DIRECTION('',(1.E0,0.E0,0.E0));
#1966=VECTOR('',#1965,1.5E-1);
#1967=CARTESIAN_POINT('',(2.7625E1,-7.499999999998E-1,3.93E0));
#1968=LINE('',#1967,#1966);
#1969=DIRECTION('',(-1.E0,0.E0,0.E0));
#1970=VECTOR('',#1969,1.5E-1);
#1971=CARTESIAN_POINT('',(2.7775E1,-8.299999999998E-1,3.9E0));
#1972=LINE('',#1971,#1970);
#1973=DIRECTION('',(0.E0,0.E0,-1.E0));
#1974=VECTOR('',#1973,2.2E-1);
#1975=CARTESIAN_POINT('',(2.7775E1,-7.499999999999E-1,4.15E0));
#1976=LINE('',#1975,#1974);
#1977=DIRECTION('',(0.E0,0.E0,1.E0));
#1978=VECTOR('',#1977,2.2E-1);
#1979=CARTESIAN_POINT('',(2.7625E1,-7.499999999998E-1,3.93E0));
#1980=LINE('',#1979,#1978);
#1981=DIRECTION('',(0.E0,1.E0,0.E0));
#1982=VECTOR('',#1981,5.E-2);
#1983=CARTESIAN_POINT('',(2.7775E1,-7.999999999999E-1,4.15E0));
#1984=LINE('',#1983,#1982);
#1985=DIRECTION('',(0.E0,-1.E0,-1.776356839400E-14));
#1986=VECTOR('',#1985,5.E-2);
#1987=CARTESIAN_POINT('',(2.7625E1,-7.499999999999E-1,4.15E0));
#1988=LINE('',#1987,#1986);
#1989=DIRECTION('',(-1.E0,0.E0,1.184237892934E-14));
#1990=VECTOR('',#1989,1.5E-1);
#1991=CARTESIAN_POINT('',(2.7775E1,-7.499999999999E-1,4.15E0));
#1992=LINE('',#1991,#1990);
#1993=DIRECTION('',(-1.315819027205E-14,1.E0,-3.412905601814E-12));
#1994=VECTOR('',#1993,2.700001752024E-1);
#1995=CARTESIAN_POINT('',(2.8425E1,-1.100000175202E0,3.900000000001E0));
#1996=LINE('',#1995,#1994);
#1997=DIRECTION('',(-1.E0,0.E0,0.E0));
#1998=VECTOR('',#1997,1.5E-1);
#1999=CARTESIAN_POINT('',(2.8575E1,-1.100000175202E0,3.900000000001E0));
#2000=LINE('',#1999,#1998);
#2001=DIRECTION('',(-1.315819027205E-14,-1.E0,3.412905601814E-12));
#2002=VECTOR('',#2001,2.700001752024E-1);
#2003=CARTESIAN_POINT('',(2.8575E1,-8.299999999998E-1,3.9E0));
#2004=LINE('',#2003,#2002);
#2005=DIRECTION('',(1.E0,0.E0,0.E0));
#2006=VECTOR('',#2005,1.5E-1);
#2007=CARTESIAN_POINT('',(2.8425E1,-7.499999999998E-1,3.93E0));
#2008=LINE('',#2007,#2006);
#2009=DIRECTION('',(-1.E0,0.E0,0.E0));
#2010=VECTOR('',#2009,1.5E-1);
#2011=CARTESIAN_POINT('',(2.8575E1,-8.299999999998E-1,3.9E0));
#2012=LINE('',#2011,#2010);
#2013=DIRECTION('',(1.614869854E-14,0.E0,-1.E0));
#2014=VECTOR('',#2013,2.2E-1);
#2015=CARTESIAN_POINT('',(2.8575E1,-7.499999999999E-1,4.15E0));
#2016=LINE('',#2015,#2014);
#2017=DIRECTION('',(0.E0,0.E0,1.E0));
#2018=VECTOR('',#2017,2.2E-1);
#2019=CARTESIAN_POINT('',(2.8425E1,-7.499999999998E-1,3.93E0));
#2020=LINE('',#2019,#2018);
#2021=DIRECTION('',(0.E0,1.E0,0.E0));
#2022=VECTOR('',#2021,5.E-2);
#2023=CARTESIAN_POINT('',(2.8575E1,-7.999999999999E-1,4.15E0));
#2024=LINE('',#2023,#2022);
#2025=DIRECTION('',(0.E0,-1.E0,-1.776356839400E-14));
#2026=VECTOR('',#2025,5.E-2);
#2027=CARTESIAN_POINT('',(2.8425E1,-7.499999999999E-1,4.15E0));
#2028=LINE('',#2027,#2026);
#2029=DIRECTION('',(-1.E0,0.E0,1.184237892934E-14));
#2030=VECTOR('',#2029,1.5E-1);
#2031=CARTESIAN_POINT('',(2.8575E1,-7.499999999999E-1,4.15E0));
#2032=LINE('',#2031,#2030);
#2033=DIRECTION('',(0.E0,0.E0,1.E0));
#2034=VECTOR('',#2033,6.8E-1);
#2035=CARTESIAN_POINT('',(2.8575E1,-8.999999999998E-1,3.95E0));
#2036=LINE('',#2035,#2034);
#2037=DIRECTION('',(-1.E0,0.E0,0.E0));
#2038=VECTOR('',#2037,6.5E-1);
#2039=CARTESIAN_POINT('',(2.9225E1,-8.999999999998E-1,3.95E0));
#2040=LINE('',#2039,#2038);
#2041=DIRECTION('',(0.E0,0.E0,-1.E0));
#2042=VECTOR('',#2041,6.8E-1);
#2043=CARTESIAN_POINT('',(2.9225E1,-8.999999999998E-1,4.63E0));
#2044=LINE('',#2043,#2042);
#2045=DIRECTION('',(-1.E0,0.E0,0.E0));
#2046=VECTOR('',#2045,1.5E-1);
#2047=CARTESIAN_POINT('',(2.9375E1,-1.149999999998E0,3.950000213520E0));
#2048=LINE('',#2047,#2046);
#2049=DIRECTION('',(0.E0,1.E0,-3.412905601814E-12));
#2050=VECTOR('',#2049,2.700001752024E-1);
#2051=CARTESIAN_POINT('',(2.9225E1,-1.100000175202E0,3.900000000001E0));
#2052=LINE('',#2051,#2050);
#2053=DIRECTION('',(-1.E0,0.E0,0.E0));
#2054=VECTOR('',#2053,1.5E-1);
#2055=CARTESIAN_POINT('',(2.9375E1,-1.100000175202E0,3.900000000001E0));
#2056=LINE('',#2055,#2054);
#2057=DIRECTION('',(0.E0,-1.E0,3.412905601814E-12));
#2058=VECTOR('',#2057,2.700001752024E-1);
#2059=CARTESIAN_POINT('',(2.9375E1,-8.299999999998E-1,3.9E0));
#2060=LINE('',#2059,#2058);
#2061=DIRECTION('',(1.E0,0.E0,0.E0));
#2062=VECTOR('',#2061,1.5E-1);
#2063=CARTESIAN_POINT('',(2.9225E1,-7.499999999998E-1,3.93E0));
#2064=LINE('',#2063,#2062);
#2065=DIRECTION('',(-1.E0,0.E0,0.E0));
#2066=VECTOR('',#2065,1.5E-1);
#2067=CARTESIAN_POINT('',(2.9375E1,-8.299999999998E-1,3.9E0));
#2068=LINE('',#2067,#2066);
#2069=DIRECTION('',(0.E0,0.E0,-1.E0));
#2070=VECTOR('',#2069,2.2E-1);
#2071=CARTESIAN_POINT('',(2.9375E1,-7.499999999999E-1,4.15E0));
#2072=LINE('',#2071,#2070);
#2073=DIRECTION('',(0.E0,0.E0,1.E0));
#2074=VECTOR('',#2073,2.2E-1);
#2075=CARTESIAN_POINT('',(2.9225E1,-7.499999999998E-1,3.93E0));
#2076=LINE('',#2075,#2074);
#2077=DIRECTION('',(0.E0,1.E0,0.E0));
#2078=VECTOR('',#2077,5.E-2);
#2079=CARTESIAN_POINT('',(2.9375E1,-7.999999999999E-1,4.15E0));
#2080=LINE('',#2079,#2078);
#2081=DIRECTION('',(0.E0,-1.E0,-1.776356839400E-14));
#2082=VECTOR('',#2081,5.E-2);
#2083=CARTESIAN_POINT('',(2.9225E1,-7.499999999999E-1,4.15E0));
#2084=LINE('',#2083,#2082);
#2085=DIRECTION('',(-1.E0,0.E0,0.E0));
#2086=VECTOR('',#2085,1.5E-1);
#2087=CARTESIAN_POINT('',(2.9375E1,-7.499999999999E-1,4.15E0));
#2088=LINE('',#2087,#2086);
#2089=DIRECTION('',(-1.E0,0.E0,0.E0));
#2090=VECTOR('',#2089,1.5E-1);
#2091=CARTESIAN_POINT('',(3.0175E1,-1.149999999998E0,3.950000213520E0));
#2092=LINE('',#2091,#2090);
#2093=DIRECTION('',(-1.315819027205E-14,1.E0,-3.412905601814E-12));
#2094=VECTOR('',#2093,2.700001752024E-1);
#2095=CARTESIAN_POINT('',(3.0025E1,-1.100000175202E0,3.900000000001E0));
#2096=LINE('',#2095,#2094);
#2097=DIRECTION('',(-1.E0,0.E0,0.E0));
#2098=VECTOR('',#2097,1.5E-1);
#2099=CARTESIAN_POINT('',(3.0175E1,-1.100000175202E0,3.900000000001E0));
#2100=LINE('',#2099,#2098);
#2101=DIRECTION('',(-1.315819027205E-14,-1.E0,3.412905601814E-12));
#2102=VECTOR('',#2101,2.700001752024E-1);
#2103=CARTESIAN_POINT('',(3.0175E1,-8.299999999998E-1,3.9E0));
#2104=LINE('',#2103,#2102);
#2105=DIRECTION('',(1.E0,0.E0,0.E0));
#2106=VECTOR('',#2105,1.5E-1);
#2107=CARTESIAN_POINT('',(3.0025E1,-7.499999999998E-1,3.93E0));
#2108=LINE('',#2107,#2106);
#2109=DIRECTION('',(-1.E0,0.E0,0.E0));
#2110=VECTOR('',#2109,1.5E-1);
#2111=CARTESIAN_POINT('',(3.0175E1,-8.299999999998E-1,3.9E0));
#2112=LINE('',#2111,#2110);
#2113=DIRECTION('',(0.E0,0.E0,-1.E0));
#2114=VECTOR('',#2113,2.2E-1);
#2115=CARTESIAN_POINT('',(3.0175E1,-7.499999999999E-1,4.15E0));
#2116=LINE('',#2115,#2114);
#2117=DIRECTION('',(0.E0,0.E0,1.E0));
#2118=VECTOR('',#2117,2.2E-1);
#2119=CARTESIAN_POINT('',(3.0025E1,-7.499999999998E-1,3.93E0));
#2120=LINE('',#2119,#2118);
#2121=DIRECTION('',(0.E0,1.E0,0.E0));
#2122=VECTOR('',#2121,5.E-2);
#2123=CARTESIAN_POINT('',(3.0175E1,-7.999999999999E-1,4.15E0));
#2124=LINE('',#2123,#2122);
#2125=DIRECTION('',(0.E0,-1.E0,-1.776356839400E-14));
#2126=VECTOR('',#2125,5.E-2);
#2127=CARTESIAN_POINT('',(3.0025E1,-7.499999999999E-1,4.15E0));
#2128=LINE('',#2127,#2126);
#2129=DIRECTION('',(-1.E0,0.E0,0.E0));
#2130=VECTOR('',#2129,1.5E-1);
#2131=CARTESIAN_POINT('',(3.0175E1,-7.499999999999E-1,4.15E0));
#2132=LINE('',#2131,#2130);
#2133=DIRECTION('',(-1.E0,0.E0,0.E0));
#2134=VECTOR('',#2133,1.5E-1);
#2135=CARTESIAN_POINT('',(3.0975E1,-1.149999999998E0,3.950000213520E0));
#2136=LINE('',#2135,#2134);
#2137=DIRECTION('',(0.E0,1.E0,-3.412905601814E-12));
#2138=VECTOR('',#2137,2.700001752024E-1);
#2139=CARTESIAN_POINT('',(3.0825E1,-1.100000175202E0,3.900000000001E0));
#2140=LINE('',#2139,#2138);
#2141=DIRECTION('',(-1.E0,0.E0,0.E0));
#2142=VECTOR('',#2141,1.5E-1);
#2143=CARTESIAN_POINT('',(3.0975E1,-1.100000175202E0,3.900000000001E0));
#2144=LINE('',#2143,#2142);
#2145=DIRECTION('',(0.E0,-1.E0,3.412905601814E-12));
#2146=VECTOR('',#2145,2.700001752024E-1);
#2147=CARTESIAN_POINT('',(3.0975E1,-8.299999999998E-1,3.9E0));
#2148=LINE('',#2147,#2146);
#2149=DIRECTION('',(1.E0,0.E0,0.E0));
#2150=VECTOR('',#2149,1.5E-1);
#2151=CARTESIAN_POINT('',(3.0825E1,-7.499999999998E-1,3.93E0));
#2152=LINE('',#2151,#2150);
#2153=DIRECTION('',(-1.E0,0.E0,0.E0));
#2154=VECTOR('',#2153,1.5E-1);
#2155=CARTESIAN_POINT('',(3.0975E1,-8.299999999998E-1,3.9E0));
#2156=LINE('',#2155,#2154);
#2157=DIRECTION('',(0.E0,0.E0,-1.E0));
#2158=VECTOR('',#2157,2.2E-1);
#2159=CARTESIAN_POINT('',(3.0975E1,-7.499999999999E-1,4.15E0));
#2160=LINE('',#2159,#2158);
#2161=DIRECTION('',(1.614869854E-14,0.E0,1.E0));
#2162=VECTOR('',#2161,2.2E-1);
#2163=CARTESIAN_POINT('',(3.0825E1,-7.499999999998E-1,3.93E0));
#2164=LINE('',#2163,#2162);
#2165=DIRECTION('',(0.E0,1.E0,0.E0));
#2166=VECTOR('',#2165,5.E-2);
#2167=CARTESIAN_POINT('',(3.0975E1,-7.999999999999E-1,4.15E0));
#2168=LINE('',#2167,#2166);
#2169=DIRECTION('',(0.E0,-1.E0,-1.776356839400E-14));
#2170=VECTOR('',#2169,5.E-2);
#2171=CARTESIAN_POINT('',(3.0825E1,-7.499999999999E-1,4.15E0));
#2172=LINE('',#2171,#2170);
#2173=DIRECTION('',(-1.E0,0.E0,0.E0));
#2174=VECTOR('',#2173,1.5E-1);
#2175=CARTESIAN_POINT('',(3.0975E1,-7.499999999999E-1,4.15E0));
#2176=LINE('',#2175,#2174);
#2177=DIRECTION('',(0.E0,-1.998401444325E-13,1.E0));
#2178=VECTOR('',#2177,3.E-2);
#2179=CARTESIAN_POINT('',(2.29E1,-1.183012701892E0,5.62E0));
#2180=LINE('',#2179,#2178);
#2181=DIRECTION('',(5.E-1,8.660254037844E-1,0.E0));
#2182=VECTOR('',#2181,5.E-1);
#2183=CARTESIAN_POINT('',(2.29E1,-1.183012701892E0,5.62E0));
#2184=LINE('',#2183,#2182);
#2185=DIRECTION('',(5.E-1,-8.660254037844E-1,0.E0));
#2186=VECTOR('',#2185,5.E-1);
#2187=CARTESIAN_POINT('',(2.265E1,-7.499999999999E-1,5.62E0));
#2188=LINE('',#2187,#2186);
#2189=DIRECTION('',(-2.777574674221E-12,0.E0,-1.E0));
#2190=VECTOR('',#2189,3.300001752024E-1);
#2191=CARTESIAN_POINT('',(2.25E1,-8.999999999998E-1,4.580000175202E0));
#2192=LINE('',#2191,#2190);
#2193=DIRECTION('',(0.E0,-1.E0,0.E0));
#2194=VECTOR('',#2193,1.5E-1);
#2195=CARTESIAN_POINT('',(2.25E1,-7.499999999999E-1,4.580000175202E0));
#2196=LINE('',#2195,#2194);
#2197=DIRECTION('',(0.E0,1.E0,0.E0));
#2198=VECTOR('',#2197,1.5E-1);
#2199=CARTESIAN_POINT('',(2.25E1,-8.999999999998E-1,4.25E0));
#2200=LINE('',#2199,#2198);
#2201=DIRECTION('',(0.E0,-1.E0,0.E0));
#2202=VECTOR('',#2201,2.5E-1);
#2203=CARTESIAN_POINT('',(2.182E1,-3.27E0,5.3E0));
#2204=LINE('',#2203,#2202);
#2205=DIRECTION('',(1.E0,0.E0,0.E0));
#2206=VECTOR('',#2205,4.2E-1);
#2207=CARTESIAN_POINT('',(2.14E1,-3.27E0,5.3E0));
#2208=LINE('',#2207,#2206);
#2209=DIRECTION('',(0.E0,0.E0,1.E0));
#2210=VECTOR('',#2209,6.499999999999E-1);
#2211=CARTESIAN_POINT('',(2.182E1,-3.27E0,4.65E0));
#2212=LINE('',#2211,#2210);
#2213=DIRECTION('',(-1.E0,0.E0,-8.881784197001E-14));
#2214=VECTOR('',#2213,2.E-2);
#2215=CARTESIAN_POINT('',(2.182E1,-3.27E0,4.65E0));
#2216=LINE('',#2215,#2214);
#2217=DIRECTION('',(1.E0,0.E0,0.E0));
#2218=VECTOR('',#2217,2.E-2);
#2219=CARTESIAN_POINT('',(2.18E1,-2.97E0,4.35E0));
#2220=LINE('',#2219,#2218);
#2221=DIRECTION('',(1.E0,0.E0,0.E0));
#2222=VECTOR('',#2221,4.2E-1);
#2223=CARTESIAN_POINT('',(2.14E1,-2.17E0,4.35E0));
#2224=LINE('',#2223,#2222);
#2225=DIRECTION('',(0.E0,-1.E0,0.E0));
#2226=VECTOR('',#2225,8.E-1);
#2227=CARTESIAN_POINT('',(2.182E1,-2.17E0,4.35E0));
#2228=LINE('',#2227,#2226);
#2229=DIRECTION('',(1.E0,0.E0,0.E0));
#2230=VECTOR('',#2229,2.E-1);
#2231=CARTESIAN_POINT('',(2.14E1,-2.97E0,4.35E0));
#2232=LINE('',#2231,#2230);
#2233=DIRECTION('',(-1.E0,0.E0,0.E0));
#2234=VECTOR('',#2233,2.E-1);
#2235=CARTESIAN_POINT('',(2.16E1,-3.27E0,4.65E0));
#2236=LINE('',#2235,#2234);
#2237=DIRECTION('',(0.E0,0.E0,-1.E0));
#2238=VECTOR('',#2237,5.E-1);
#2239=CARTESIAN_POINT('',(2.16E1,-3.27E0,5.15E0));
#2240=LINE('',#2239,#2238);
#2241=DIRECTION('',(0.E0,0.E0,1.E0));
#2242=VECTOR('',#2241,1.25E0);
#2243=CARTESIAN_POINT('',(2.16E1,-3.37E0,3.9E0));
#2244=LINE('',#2243,#2242);
#2245=DIRECTION('',(0.E0,-1.E0,0.E0));
#2246=VECTOR('',#2245,1.E0);
#2247=CARTESIAN_POINT('',(2.16E1,-2.37E0,3.9E0));
#2248=LINE('',#2247,#2246);
#2249=DIRECTION('',(0.E0,1.E0,0.E0));
#2250=VECTOR('',#2249,6.E-1);
#2251=CARTESIAN_POINT('',(2.16E1,-2.97E0,4.35E0));
#2252=LINE('',#2251,#2250);
#2253=DIRECTION('',(0.E0,7.071067811865E-1,-7.071067811865E-1));
#2254=VECTOR('',#2253,4.242640687119E-1);
#2255=CARTESIAN_POINT('',(2.16E1,-3.27E0,4.65E0));
#2256=LINE('',#2255,#2254);
#2257=DIRECTION('',(-3.552713678800E-14,1.E0,0.E0));
#2258=VECTOR('',#2257,1.E-1);
#2259=CARTESIAN_POINT('',(2.18E1,-3.37E0,5.15E0));
#2260=LINE('',#2259,#2258);
#2261=DIRECTION('',(1.E0,0.E0,0.E0));
#2262=VECTOR('',#2261,2.E-1);
#2263=CARTESIAN_POINT('',(2.16E1,-3.37E0,5.15E0));
#2264=LINE('',#2263,#2262);
#2265=DIRECTION('',(3.552713678800E-14,-1.E0,0.E0));
#2266=VECTOR('',#2265,1.E-1);
#2267=CARTESIAN_POINT('',(2.16E1,-3.27E0,5.15E0));
#2268=LINE('',#2267,#2266);
#2269=DIRECTION('',(-1.E0,0.E0,0.E0));
#2270=VECTOR('',#2269,2.E-1);
#2271=CARTESIAN_POINT('',(2.18E1,-3.27E0,5.15E0));
#2272=LINE('',#2271,#2270);
#2273=DIRECTION('',(0.E0,-7.071067811865E-1,7.071067811865E-1));
#2274=VECTOR('',#2273,4.242640687119E-1);
#2275=CARTESIAN_POINT('',(2.18E1,-2.97E0,4.35E0));
#2276=LINE('',#2275,#2274);
#2277=DIRECTION('',(0.E0,-1.E0,0.E0));
#2278=VECTOR('',#2277,6.E-1);
#2279=CARTESIAN_POINT('',(2.18E1,-2.37E0,4.35E0));
#2280=LINE('',#2279,#2278);
#2281=DIRECTION('',(0.E0,1.E0,0.E0));
#2282=VECTOR('',#2281,1.E0);
#2283=CARTESIAN_POINT('',(2.18E1,-3.37E0,3.9E0));
#2284=LINE('',#2283,#2282);
#2285=DIRECTION('',(0.E0,0.E0,1.E0));
#2286=VECTOR('',#2285,5.E-1);
#2287=CARTESIAN_POINT('',(2.18E1,-3.27E0,4.65E0));
#2288=LINE('',#2287,#2286);
#2289=DIRECTION('',(0.E0,0.E0,1.E0));
#2290=VECTOR('',#2289,4.5E-1);
#2291=CARTESIAN_POINT('',(2.16E1,-2.37E0,3.9E0));
#2292=LINE('',#2291,#2290);
#2293=DIRECTION('',(-1.E0,0.E0,0.E0));
#2294=VECTOR('',#2293,2.E-1);
#2295=CARTESIAN_POINT('',(2.18E1,-2.37E0,3.9E0));
#2296=LINE('',#2295,#2294);
#2297=DIRECTION('',(0.E0,0.E0,-1.E0));
#2298=VECTOR('',#2297,4.5E-1);
#2299=CARTESIAN_POINT('',(2.18E1,-2.37E0,4.35E0));
#2300=LINE('',#2299,#2298);
#2301=DIRECTION('',(1.E0,0.E0,0.E0));
#2302=VECTOR('',#2301,2.E-1);
#2303=CARTESIAN_POINT('',(2.16E1,-2.37E0,4.35E0));
#2304=LINE('',#2303,#2302);
#2305=DIRECTION('',(0.E0,0.E0,1.E0));
#2306=VECTOR('',#2305,1.25E0);
#2307=CARTESIAN_POINT('',(2.18E1,-3.37E0,3.9E0));
#2308=LINE('',#2307,#2306);
#2309=DIRECTION('',(1.E0,0.E0,0.E0));
#2310=VECTOR('',#2309,2.E-1);
#2311=CARTESIAN_POINT('',(2.16E1,-3.37E0,3.9E0));
#2312=LINE('',#2311,#2310);
#2313=DIRECTION('',(0.E0,0.E0,1.E0));
#2314=VECTOR('',#2313,1.4E-1);
#2315=CARTESIAN_POINT('',(3.14E1,-3.32E0,4.11E0));
#2316=LINE('',#2315,#2314);
#2317=DIRECTION('',(0.E0,0.E0,-1.E0));
#2318=VECTOR('',#2317,1.4E-1);
#2319=CARTESIAN_POINT('',(3.14E1,-3.52E0,4.25E0));
#2320=LINE('',#2319,#2318);
#2321=DIRECTION('',(0.E0,-1.E0,0.E0));
#2322=VECTOR('',#2321,2.E-1);
#2323=CARTESIAN_POINT('',(3.14E1,-3.32E0,4.25E0));
#2324=LINE('',#2323,#2322);
#2325=DIRECTION('',(1.E0,0.E0,0.E0));
#2326=VECTOR('',#2325,2.E-1);
#2327=CARTESIAN_POINT('',(3.04E1,-3.32E0,4.25E0));
#2328=LINE('',#2327,#2326);
#2329=DIRECTION('',(0.E0,0.E0,1.E0));
#2330=VECTOR('',#2329,1.4E-1);
#2331=CARTESIAN_POINT('',(3.04E1,-3.32E0,4.11E0));
#2332=LINE('',#2331,#2330);
#2333=DIRECTION('',(1.E0,0.E0,0.E0));
#2334=VECTOR('',#2333,6.E-1);
#2335=CARTESIAN_POINT('',(2.98E1,-3.32E0,4.11E0));
#2336=LINE('',#2335,#2334);
#2337=DIRECTION('',(0.E0,0.E0,-1.E0));
#2338=VECTOR('',#2337,1.4E-1);
#2339=CARTESIAN_POINT('',(2.98E1,-3.32E0,4.25E0));
#2340=LINE('',#2339,#2338);
#2341=DIRECTION('',(1.E0,0.E0,0.E0));
#2342=VECTOR('',#2341,2.E-1);
#2343=CARTESIAN_POINT('',(2.96E1,-3.32E0,4.25E0));
#2344=LINE('',#2343,#2342);
#2345=DIRECTION('',(0.E0,0.E0,1.E0));
#2346=VECTOR('',#2345,1.4E-1);
#2347=CARTESIAN_POINT('',(2.96E1,-3.32E0,4.11E0));
#2348=LINE('',#2347,#2346);
#2349=DIRECTION('',(1.E0,0.E0,0.E0));
#2350=VECTOR('',#2349,6.E-1);
#2351=CARTESIAN_POINT('',(2.9E1,-3.32E0,4.11E0));
#2352=LINE('',#2351,#2350);
#2353=DIRECTION('',(0.E0,0.E0,-1.E0));
#2354=VECTOR('',#2353,1.4E-1);
#2355=CARTESIAN_POINT('',(2.9E1,-3.32E0,4.25E0));
#2356=LINE('',#2355,#2354);
#2357=DIRECTION('',(1.E0,0.E0,0.E0));
#2358=VECTOR('',#2357,2.E-1);
#2359=CARTESIAN_POINT('',(2.88E1,-3.32E0,4.25E0));
#2360=LINE('',#2359,#2358);
#2361=DIRECTION('',(0.E0,0.E0,1.E0));
#2362=VECTOR('',#2361,1.4E-1);
#2363=CARTESIAN_POINT('',(2.88E1,-3.32E0,4.11E0));
#2364=LINE('',#2363,#2362);
#2365=DIRECTION('',(1.E0,0.E0,0.E0));
#2366=VECTOR('',#2365,6.E-1);
#2367=CARTESIAN_POINT('',(2.82E1,-3.32E0,4.11E0));
#2368=LINE('',#2367,#2366);
#2369=DIRECTION('',(0.E0,0.E0,-1.E0));
#2370=VECTOR('',#2369,1.4E-1);
#2371=CARTESIAN_POINT('',(2.82E1,-3.32E0,4.25E0));
#2372=LINE('',#2371,#2370);
#2373=DIRECTION('',(1.E0,0.E0,0.E0));
#2374=VECTOR('',#2373,2.E-1);
#2375=CARTESIAN_POINT('',(2.8E1,-3.32E0,4.25E0));
#2376=LINE('',#2375,#2374);
#2377=DIRECTION('',(0.E0,0.E0,1.E0));
#2378=VECTOR('',#2377,1.4E-1);
#2379=CARTESIAN_POINT('',(2.8E1,-3.32E0,4.11E0));
#2380=LINE('',#2379,#2378);
#2381=DIRECTION('',(1.E0,0.E0,0.E0));
#2382=VECTOR('',#2381,6.E-1);
#2383=CARTESIAN_POINT('',(2.74E1,-3.32E0,4.11E0));
#2384=LINE('',#2383,#2382);
#2385=DIRECTION('',(0.E0,0.E0,-1.E0));
#2386=VECTOR('',#2385,1.4E-1);
#2387=CARTESIAN_POINT('',(2.74E1,-3.32E0,4.25E0));
#2388=LINE('',#2387,#2386);
#2389=DIRECTION('',(1.E0,0.E0,0.E0));
#2390=VECTOR('',#2389,2.E-1);
#2391=CARTESIAN_POINT('',(2.72E1,-3.32E0,4.25E0));
#2392=LINE('',#2391,#2390);
#2393=DIRECTION('',(0.E0,0.E0,1.E0));
#2394=VECTOR('',#2393,1.4E-1);
#2395=CARTESIAN_POINT('',(2.72E1,-3.32E0,4.11E0));
#2396=LINE('',#2395,#2394);
#2397=DIRECTION('',(1.E0,0.E0,0.E0));
#2398=VECTOR('',#2397,6.E-1);
#2399=CARTESIAN_POINT('',(2.66E1,-3.32E0,4.11E0));
#2400=LINE('',#2399,#2398);
#2401=DIRECTION('',(0.E0,0.E0,-1.E0));
#2402=VECTOR('',#2401,1.4E-1);
#2403=CARTESIAN_POINT('',(2.66E1,-3.32E0,4.25E0));
#2404=LINE('',#2403,#2402);
#2405=DIRECTION('',(1.E0,0.E0,0.E0));
#2406=VECTOR('',#2405,2.E-1);
#2407=CARTESIAN_POINT('',(2.64E1,-3.32E0,4.25E0));
#2408=LINE('',#2407,#2406);
#2409=DIRECTION('',(0.E0,0.E0,1.E0));
#2410=VECTOR('',#2409,1.4E-1);
#2411=CARTESIAN_POINT('',(2.64E1,-3.32E0,4.11E0));
#2412=LINE('',#2411,#2410);
#2413=DIRECTION('',(1.E0,0.E0,0.E0));
#2414=VECTOR('',#2413,6.E-1);
#2415=CARTESIAN_POINT('',(2.58E1,-3.32E0,4.11E0));
#2416=LINE('',#2415,#2414);
#2417=DIRECTION('',(0.E0,0.E0,-1.E0));
#2418=VECTOR('',#2417,1.4E-1);
#2419=CARTESIAN_POINT('',(2.58E1,-3.32E0,4.25E0));
#2420=LINE('',#2419,#2418);
#2421=DIRECTION('',(1.E0,0.E0,0.E0));
#2422=VECTOR('',#2421,2.E-1);
#2423=CARTESIAN_POINT('',(2.56E1,-3.32E0,4.25E0));
#2424=LINE('',#2423,#2422);
#2425=DIRECTION('',(0.E0,0.E0,1.E0));
#2426=VECTOR('',#2425,1.4E-1);
#2427=CARTESIAN_POINT('',(2.56E1,-3.32E0,4.11E0));
#2428=LINE('',#2427,#2426);
#2429=DIRECTION('',(1.E0,0.E0,0.E0));
#2430=VECTOR('',#2429,6.E-1);
#2431=CARTESIAN_POINT('',(2.5E1,-3.32E0,4.11E0));
#2432=LINE('',#2431,#2430);
#2433=DIRECTION('',(0.E0,0.E0,-1.E0));
#2434=VECTOR('',#2433,1.4E-1);
#2435=CARTESIAN_POINT('',(2.5E1,-3.32E0,4.25E0));
#2436=LINE('',#2435,#2434);
#2437=DIRECTION('',(1.E0,0.E0,0.E0));
#2438=VECTOR('',#2437,2.E-1);
#2439=CARTESIAN_POINT('',(2.48E1,-3.32E0,4.25E0));
#2440=LINE('',#2439,#2438);
#2441=DIRECTION('',(0.E0,0.E0,1.E0));
#2442=VECTOR('',#2441,1.4E-1);
#2443=CARTESIAN_POINT('',(2.48E1,-3.32E0,4.11E0));
#2444=LINE('',#2443,#2442);
#2445=DIRECTION('',(1.E0,0.E0,0.E0));
#2446=VECTOR('',#2445,6.E-1);
#2447=CARTESIAN_POINT('',(2.42E1,-3.32E0,4.11E0));
#2448=LINE('',#2447,#2446);
#2449=DIRECTION('',(0.E0,0.E0,-1.E0));
#2450=VECTOR('',#2449,1.4E-1);
#2451=CARTESIAN_POINT('',(2.42E1,-3.32E0,4.25E0));
#2452=LINE('',#2451,#2450);
#2453=DIRECTION('',(1.E0,0.E0,0.E0));
#2454=VECTOR('',#2453,2.E-1);
#2455=CARTESIAN_POINT('',(2.4E1,-3.32E0,4.25E0));
#2456=LINE('',#2455,#2454);
#2457=DIRECTION('',(0.E0,0.E0,1.E0));
#2458=VECTOR('',#2457,1.4E-1);
#2459=CARTESIAN_POINT('',(2.4E1,-3.32E0,4.11E0));
#2460=LINE('',#2459,#2458);
#2461=DIRECTION('',(1.E0,0.E0,0.E0));
#2462=VECTOR('',#2461,6.E-1);
#2463=CARTESIAN_POINT('',(2.34E1,-3.32E0,4.11E0));
#2464=LINE('',#2463,#2462);
#2465=DIRECTION('',(0.E0,0.E0,-1.E0));
#2466=VECTOR('',#2465,1.4E-1);
#2467=CARTESIAN_POINT('',(2.34E1,-3.32E0,4.25E0));
#2468=LINE('',#2467,#2466);
#2469=DIRECTION('',(1.E0,0.E0,0.E0));
#2470=VECTOR('',#2469,2.E-1);
#2471=CARTESIAN_POINT('',(2.32E1,-3.32E0,4.25E0));
#2472=LINE('',#2471,#2470);
#2473=DIRECTION('',(5.075305255429E-14,0.E0,1.E0));
#2474=VECTOR('',#2473,1.4E-1);
#2475=CARTESIAN_POINT('',(2.32E1,-3.32E0,4.11E0));
#2476=LINE('',#2475,#2474);
#2477=DIRECTION('',(1.E0,0.E0,0.E0));
#2478=VECTOR('',#2477,9.3E-1);
#2479=CARTESIAN_POINT('',(2.227E1,-3.32E0,4.11E0));
#2480=LINE('',#2479,#2478);
#2481=DIRECTION('',(0.E0,0.E0,-1.E0));
#2482=VECTOR('',#2481,5.8E-1);
#2483=CARTESIAN_POINT('',(2.227E1,-3.32E0,4.69E0));
#2484=LINE('',#2483,#2482);
#2485=DIRECTION('',(1.E0,1.413011122250E-14,0.E0));
#2486=VECTOR('',#2485,2.2E-1);
#2487=CARTESIAN_POINT('',(2.205E1,-3.32E0,4.69E0));
#2488=LINE('',#2487,#2486);
#2489=DIRECTION('',(0.E0,0.E0,-1.E0));
#2490=VECTOR('',#2489,3.9E-1);
#2491=CARTESIAN_POINT('',(2.205E1,-3.32E0,5.08E0));
#2492=LINE('',#2491,#2490);
#2493=DIRECTION('',(-1.E0,0.E0,0.E0));
#2494=VECTOR('',#2493,2.2E-1);
#2495=CARTESIAN_POINT('',(2.227E1,-3.32E0,5.08E0));
#2496=LINE('',#2495,#2494);
#2497=DIRECTION('',(0.E0,0.E0,-1.E0));
#2498=VECTOR('',#2497,3.4E-1);
#2499=CARTESIAN_POINT('',(2.227E1,-3.32E0,5.42E0));
#2500=LINE('',#2499,#2498);
#2501=DIRECTION('',(-1.E0,0.E0,0.E0));
#2502=VECTOR('',#2501,3.5E-1);
#2503=CARTESIAN_POINT('',(2.262E1,-3.32E0,5.42E0));
#2504=LINE('',#2503,#2502);
#2505=DIRECTION('',(-7.071067811865E-1,0.E0,7.071067811866E-1));
#2506=VECTOR('',#2505,7.071067811866E-2);
#2507=CARTESIAN_POINT('',(2.267E1,-3.32E0,5.37E0));
#2508=LINE('',#2507,#2506);
#2509=DIRECTION('',(0.E0,-5.075305255430E-14,1.E0));
#2510=VECTOR('',#2509,6.999999999999E-2);
#2511=CARTESIAN_POINT('',(2.267E1,-3.32E0,5.3E0));
#2512=LINE('',#2511,#2510);
#2513=DIRECTION('',(-1.E0,0.E0,0.E0));
#2514=VECTOR('',#2513,9.26E0);
#2515=CARTESIAN_POINT('',(3.193E1,-3.32E0,5.3E0));
#2516=LINE('',#2515,#2514);
#2517=DIRECTION('',(-7.071067811865E-1,0.E0,-7.071067811866E-1));
#2518=VECTOR('',#2517,7.071067811865E-2);
#2519=CARTESIAN_POINT('',(3.198E1,-3.32E0,5.42E0));
#2520=LINE('',#2519,#2518);
#2521=DIRECTION('',(0.E0,0.E0,-1.E0));
#2522=VECTOR('',#2521,1.4E-1);
#2523=CARTESIAN_POINT('',(3.06E1,-3.52E0,4.25E0));
#2524=LINE('',#2523,#2522);
#2525=DIRECTION('',(0.E0,-1.E0,0.E0));
#2526=VECTOR('',#2525,2.E-1);
#2527=CARTESIAN_POINT('',(3.06E1,-3.32E0,4.25E0));
#2528=LINE('',#2527,#2526);
#2529=DIRECTION('',(0.E0,0.E0,1.E0));
#2530=VECTOR('',#2529,1.4E-1);
#2531=CARTESIAN_POINT('',(3.06E1,-3.32E0,4.11E0));
#2532=LINE('',#2531,#2530);
#2533=DIRECTION('',(-1.E0,0.E0,0.E0));
#2534=VECTOR('',#2533,6.E-1);
#2535=CARTESIAN_POINT('',(3.12E1,-3.32E0,4.11E0));
#2536=LINE('',#2535,#2534);
#2537=DIRECTION('',(1.E0,0.E0,0.E0));
#2538=VECTOR('',#2537,6.E-1);
#2539=CARTESIAN_POINT('',(3.06E1,-3.52E0,4.11E0));
#2540=LINE('',#2539,#2538);
#2541=DIRECTION('',(0.E0,-1.E0,0.E0));
#2542=VECTOR('',#2541,2.E-1);
#2543=CARTESIAN_POINT('',(3.06E1,-3.32E0,4.11E0));
#2544=LINE('',#2543,#2542);
#2545=DIRECTION('',(0.E0,1.E0,0.E0));
#2546=VECTOR('',#2545,2.E-1);
#2547=CARTESIAN_POINT('',(3.12E1,-3.52E0,4.25E0));
#2548=LINE('',#2547,#2546);
#2549=DIRECTION('',(0.E0,0.E0,1.E0));
#2550=VECTOR('',#2549,1.4E-1);
#2551=CARTESIAN_POINT('',(3.12E1,-3.52E0,4.11E0));
#2552=LINE('',#2551,#2550);
#2553=DIRECTION('',(0.E0,-1.E0,0.E0));
#2554=VECTOR('',#2553,2.E-1);
#2555=CARTESIAN_POINT('',(3.12E1,-3.32E0,4.11E0));
#2556=LINE('',#2555,#2554);
#2557=DIRECTION('',(0.E0,0.E0,-1.E0));
#2558=VECTOR('',#2557,1.4E-1);
#2559=CARTESIAN_POINT('',(3.12E1,-3.32E0,4.25E0));
#2560=LINE('',#2559,#2558);
#2561=DIRECTION('',(-1.E0,0.E0,0.E0));
#2562=VECTOR('',#2561,2.E-1);
#2563=CARTESIAN_POINT('',(3.14E1,-3.32E0,4.25E0));
#2564=LINE('',#2563,#2562);
#2565=DIRECTION('',(1.E0,0.E0,0.E0));
#2566=VECTOR('',#2565,2.E-1);
#2567=CARTESIAN_POINT('',(3.12E1,-3.52E0,4.25E0));
#2568=LINE('',#2567,#2566);
#2569=DIRECTION('',(0.E0,1.E0,0.E0));
#2570=VECTOR('',#2569,2.E-1);
#2571=CARTESIAN_POINT('',(3.04E1,-3.52E0,4.25E0));
#2572=LINE('',#2571,#2570);
#2573=DIRECTION('',(0.E0,0.E0,1.E0));
#2574=VECTOR('',#2573,1.4E-1);
#2575=CARTESIAN_POINT('',(3.04E1,-3.52E0,4.11E0));
#2576=LINE('',#2575,#2574);
#2577=DIRECTION('',(0.E0,-1.E0,0.E0));
#2578=VECTOR('',#2577,2.E-1);
#2579=CARTESIAN_POINT('',(3.04E1,-3.32E0,4.11E0));
#2580=LINE('',#2579,#2578);
#2581=DIRECTION('',(1.E0,0.E0,0.E0));
#2582=VECTOR('',#2581,6.E-1);
#2583=CARTESIAN_POINT('',(2.98E1,-3.52E0,4.11E0));
#2584=LINE('',#2583,#2582);
#2585=DIRECTION('',(0.E0,-1.E0,0.E0));
#2586=VECTOR('',#2585,2.E-1);
#2587=CARTESIAN_POINT('',(2.98E1,-3.32E0,4.11E0));
#2588=LINE('',#2587,#2586);
#2589=DIRECTION('',(0.E0,0.E0,-1.E0));
#2590=VECTOR('',#2589,1.4E-1);
#2591=CARTESIAN_POINT('',(2.98E1,-3.52E0,4.25E0));
#2592=LINE('',#2591,#2590);
#2593=DIRECTION('',(0.E0,1.E0,0.E0));
#2594=VECTOR('',#2593,2.E-1);
#2595=CARTESIAN_POINT('',(2.98E1,-3.52E0,4.25E0));
#2596=LINE('',#2595,#2594);
#2597=DIRECTION('',(1.E0,0.E0,0.E0));
#2598=VECTOR('',#2597,2.E-1);
#2599=CARTESIAN_POINT('',(2.96E1,-3.52E0,4.25E0));
#2600=LINE('',#2599,#2598);
#2601=DIRECTION('',(0.E0,-1.E0,0.E0));
#2602=VECTOR('',#2601,2.E-1);
#2603=CARTESIAN_POINT('',(2.96E1,-3.32E0,4.25E0));
#2604=LINE('',#2603,#2602);
#2605=DIRECTION('',(0.E0,0.E0,1.E0));
#2606=VECTOR('',#2605,1.4E-1);
#2607=CARTESIAN_POINT('',(2.96E1,-3.52E0,4.11E0));
#2608=LINE('',#2607,#2606);
#2609=DIRECTION('',(0.E0,-1.E0,0.E0));
#2610=VECTOR('',#2609,2.E-1);
#2611=CARTESIAN_POINT('',(2.96E1,-3.32E0,4.11E0));
#2612=LINE('',#2611,#2610);
#2613=DIRECTION('',(0.E0,1.E0,0.E0));
#2614=VECTOR('',#2613,2.E-1);
#2615=CARTESIAN_POINT('',(2.9E1,-3.52E0,4.11E0));
#2616=LINE('',#2615,#2614);
#2617=DIRECTION('',(0.E0,0.E0,-1.E0));
#2618=VECTOR('',#2617,1.4E-1);
#2619=CARTESIAN_POINT('',(2.9E1,-3.52E0,4.25E0));
#2620=LINE('',#2619,#2618);
#2621=DIRECTION('',(0.E0,-1.E0,0.E0));
#2622=VECTOR('',#2621,2.E-1);
#2623=CARTESIAN_POINT('',(2.9E1,-3.32E0,4.25E0));
#2624=LINE('',#2623,#2622);
#2625=DIRECTION('',(0.E0,1.E0,0.E0));
#2626=VECTOR('',#2625,2.E-1);
#2627=CARTESIAN_POINT('',(2.88E1,-3.52E0,4.25E0));
#2628=LINE('',#2627,#2626);
#2629=DIRECTION('',(0.E0,0.E0,1.E0));
#2630=VECTOR('',#2629,1.4E-1);
#2631=CARTESIAN_POINT('',(2.88E1,-3.52E0,4.11E0));
#2632=LINE('',#2631,#2630);
#2633=DIRECTION('',(0.E0,1.E0,0.E0));
#2634=VECTOR('',#2633,2.E-1);
#2635=CARTESIAN_POINT('',(2.88E1,-3.52E0,4.11E0));
#2636=LINE('',#2635,#2634);
#2637=DIRECTION('',(1.E0,0.E0,0.E0));
#2638=VECTOR('',#2637,6.E-1);
#2639=CARTESIAN_POINT('',(2.82E1,-3.52E0,4.11E0));
#2640=LINE('',#2639,#2638);
#2641=DIRECTION('',(0.E0,-1.E0,0.E0));
#2642=VECTOR('',#2641,2.E-1);
#2643=CARTESIAN_POINT('',(2.82E1,-3.32E0,4.11E0));
#2644=LINE('',#2643,#2642);
#2645=DIRECTION('',(0.E0,1.E0,0.E0));
#2646=VECTOR('',#2645,2.E-1);
#2647=CARTESIAN_POINT('',(2.82E1,-3.52E0,4.25E0));
#2648=LINE('',#2647,#2646);
#2649=DIRECTION('',(0.E0,-1.E0,0.E0));
#2650=VECTOR('',#2649,2.E-1);
#2651=CARTESIAN_POINT('',(2.8E1,-3.32E0,4.25E0));
#2652=LINE('',#2651,#2650);
#2653=DIRECTION('',(0.E0,-1.E0,0.E0));
#2654=VECTOR('',#2653,2.E-1);
#2655=CARTESIAN_POINT('',(2.8E1,-3.32E0,4.11E0));
#2656=LINE('',#2655,#2654);
#2657=DIRECTION('',(0.E0,-1.E0,0.E0));
#2658=VECTOR('',#2657,2.E-1);
#2659=CARTESIAN_POINT('',(2.74E1,-3.32E0,4.11E0));
#2660=LINE('',#2659,#2658);
#2661=DIRECTION('',(0.E0,1.E0,0.E0));
#2662=VECTOR('',#2661,2.E-1);
#2663=CARTESIAN_POINT('',(2.74E1,-3.52E0,4.25E0));
#2664=LINE('',#2663,#2662);
#2665=DIRECTION('',(0.E0,1.E0,0.E0));
#2666=VECTOR('',#2665,2.E-1);
#2667=CARTESIAN_POINT('',(2.72E1,-3.52E0,4.25E0));
#2668=LINE('',#2667,#2666);
#2669=DIRECTION('',(-3.552713678800E-14,1.E0,0.E0));
#2670=VECTOR('',#2669,2.E-1);
#2671=CARTESIAN_POINT('',(2.72E1,-3.52E0,4.11E0));
#2672=LINE('',#2671,#2670);
#2673=DIRECTION('',(0.E0,-1.E0,0.E0));
#2674=VECTOR('',#2673,2.E-1);
#2675=CARTESIAN_POINT('',(2.66E1,-3.32E0,4.11E0));
#2676=LINE('',#2675,#2674);
#2677=DIRECTION('',(0.E0,-1.E0,0.E0));
#2678=VECTOR('',#2677,2.E-1);
#2679=CARTESIAN_POINT('',(2.66E1,-3.32E0,4.25E0));
#2680=LINE('',#2679,#2678);
#2681=DIRECTION('',(1.776356839400E-14,-1.E0,0.E0));
#2682=VECTOR('',#2681,2.E-1);
#2683=CARTESIAN_POINT('',(2.64E1,-3.32E0,4.25E0));
#2684=LINE('',#2683,#2682);
#2685=DIRECTION('',(0.E0,-1.E0,0.E0));
#2686=VECTOR('',#2685,2.E-1);
#2687=CARTESIAN_POINT('',(2.64E1,-3.32E0,4.11E0));
#2688=LINE('',#2687,#2686);
#2689=DIRECTION('',(0.E0,-1.E0,0.E0));
#2690=VECTOR('',#2689,2.E-1);
#2691=CARTESIAN_POINT('',(2.58E1,-3.32E0,4.11E0));
#2692=LINE('',#2691,#2690);
#2693=DIRECTION('',(0.E0,1.E0,0.E0));
#2694=VECTOR('',#2693,2.E-1);
#2695=CARTESIAN_POINT('',(2.58E1,-3.52E0,4.25E0));
#2696=LINE('',#2695,#2694);
#2697=DIRECTION('',(0.E0,-1.E0,0.E0));
#2698=VECTOR('',#2697,2.E-1);
#2699=CARTESIAN_POINT('',(2.56E1,-3.32E0,4.25E0));
#2700=LINE('',#2699,#2698);
#2701=DIRECTION('',(0.E0,1.E0,0.E0));
#2702=VECTOR('',#2701,2.E-1);
#2703=CARTESIAN_POINT('',(2.56E1,-3.52E0,4.11E0));
#2704=LINE('',#2703,#2702);
#2705=DIRECTION('',(0.E0,1.E0,0.E0));
#2706=VECTOR('',#2705,2.E-1);
#2707=CARTESIAN_POINT('',(2.5E1,-3.52E0,4.11E0));
#2708=LINE('',#2707,#2706);
#2709=DIRECTION('',(0.E0,-1.E0,0.E0));
#2710=VECTOR('',#2709,2.E-1);
#2711=CARTESIAN_POINT('',(2.5E1,-3.32E0,4.25E0));
#2712=LINE('',#2711,#2710);
#2713=DIRECTION('',(0.E0,-1.E0,0.E0));
#2714=VECTOR('',#2713,2.E-1);
#2715=CARTESIAN_POINT('',(2.48E1,-3.32E0,4.25E0));
#2716=LINE('',#2715,#2714);
#2717=DIRECTION('',(0.E0,1.E0,0.E0));
#2718=VECTOR('',#2717,2.E-1);
#2719=CARTESIAN_POINT('',(2.48E1,-3.52E0,4.11E0));
#2720=LINE('',#2719,#2718);
#2721=DIRECTION('',(0.E0,-1.E0,0.E0));
#2722=VECTOR('',#2721,2.E-1);
#2723=CARTESIAN_POINT('',(2.42E1,-3.32E0,4.11E0));
#2724=LINE('',#2723,#2722);
#2725=DIRECTION('',(3.552713678800E-14,-1.E0,0.E0));
#2726=VECTOR('',#2725,2.E-1);
#2727=CARTESIAN_POINT('',(2.42E1,-3.32E0,4.25E0));
#2728=LINE('',#2727,#2726);
#2729=DIRECTION('',(0.E0,1.E0,0.E0));
#2730=VECTOR('',#2729,2.E-1);
#2731=CARTESIAN_POINT('',(2.4E1,-3.52E0,4.25E0));
#2732=LINE('',#2731,#2730);
#2733=DIRECTION('',(0.E0,1.E0,0.E0));
#2734=VECTOR('',#2733,2.E-1);
#2735=CARTESIAN_POINT('',(2.4E1,-3.52E0,4.11E0));
#2736=LINE('',#2735,#2734);
#2737=DIRECTION('',(0.E0,-1.E0,0.E0));
#2738=VECTOR('',#2737,2.E-1);
#2739=CARTESIAN_POINT('',(2.34E1,-3.32E0,4.11E0));
#2740=LINE('',#2739,#2738);
#2741=DIRECTION('',(0.E0,-1.E0,0.E0));
#2742=VECTOR('',#2741,2.E-1);
#2743=CARTESIAN_POINT('',(2.34E1,-3.32E0,4.25E0));
#2744=LINE('',#2743,#2742);
#2745=DIRECTION('',(0.E0,1.E0,0.E0));
#2746=VECTOR('',#2745,2.E-1);
#2747=CARTESIAN_POINT('',(2.32E1,-3.52E0,4.25E0));
#2748=LINE('',#2747,#2746);
#2749=DIRECTION('',(0.E0,-1.E0,0.E0));
#2750=VECTOR('',#2749,2.E-1);
#2751=CARTESIAN_POINT('',(2.32E1,-3.32E0,4.11E0));
#2752=LINE('',#2751,#2750);
#2753=DIRECTION('',(1.776356839400E-14,-1.E0,0.E0));
#2754=VECTOR('',#2753,2.E-1);
#2755=CARTESIAN_POINT('',(2.227E1,-3.32E0,4.69E0));
#2756=LINE('',#2755,#2754);
#2757=DIRECTION('',(0.E0,1.E0,0.E0));
#2758=VECTOR('',#2757,2.E-1);
#2759=CARTESIAN_POINT('',(2.227E1,-3.52E0,4.11E0));
#2760=LINE('',#2759,#2758);
#2761=DIRECTION('',(0.E0,-1.E0,0.E0));
#2762=VECTOR('',#2761,2.E-1);
#2763=CARTESIAN_POINT('',(2.205E1,-3.32E0,4.69E0));
#2764=LINE('',#2763,#2762);
#2765=DIRECTION('',(0.E0,-1.E0,0.E0));
#2766=VECTOR('',#2765,2.E-1);
#2767=CARTESIAN_POINT('',(2.227E1,-3.32E0,5.08E0));
#2768=LINE('',#2767,#2766);
#2769=DIRECTION('',(0.E0,1.E0,0.E0));
#2770=VECTOR('',#2769,2.E-1);
#2771=CARTESIAN_POINT('',(2.205E1,-3.52E0,5.08E0));
#2772=LINE('',#2771,#2770);
#2773=DIRECTION('',(0.E0,-1.E0,0.E0));
#2774=VECTOR('',#2773,2.E-1);
#2775=CARTESIAN_POINT('',(2.227E1,-3.32E0,5.42E0));
#2776=LINE('',#2775,#2774);
#2777=DIRECTION('',(-3.552713678800E-14,-1.E0,0.E0));
#2778=VECTOR('',#2777,2.E-1);
#2779=CARTESIAN_POINT('',(2.262E1,-3.32E0,5.42E0));
#2780=LINE('',#2779,#2778);
#2781=DIRECTION('',(0.E0,1.E0,0.E0));
#2782=VECTOR('',#2781,2.E-1);
#2783=CARTESIAN_POINT('',(2.267E1,-3.52E0,5.37E0));
#2784=LINE('',#2783,#2782);
#2785=DIRECTION('',(0.E0,1.E0,0.E0));
#2786=VECTOR('',#2785,2.E-1);
#2787=CARTESIAN_POINT('',(2.267E1,-3.52E0,5.3E0));
#2788=LINE('',#2787,#2786);
#2789=DIRECTION('',(-1.E0,0.E0,0.E0));
#2790=VECTOR('',#2789,9.26E0);
#2791=CARTESIAN_POINT('',(3.193E1,-3.52E0,5.3E0));
#2792=LINE('',#2791,#2790);
#2793=DIRECTION('',(0.E0,0.E0,1.E0));
#2794=VECTOR('',#2793,6.999999999999E-2);
#2795=CARTESIAN_POINT('',(3.193E1,-3.32E0,5.3E0));
#2796=LINE('',#2795,#2794);
#2797=DIRECTION('',(0.E0,1.E0,0.E0));
#2798=VECTOR('',#2797,2.E-1);
#2799=CARTESIAN_POINT('',(3.193E1,-3.52E0,5.3E0));
#2800=LINE('',#2799,#2798);
#2801=DIRECTION('',(0.E0,0.E0,-1.E0));
#2802=VECTOR('',#2801,6.999999999999E-2);
#2803=CARTESIAN_POINT('',(3.193E1,-3.52E0,5.37E0));
#2804=LINE('',#2803,#2802);
#2805=DIRECTION('',(0.E0,-1.E0,1.776356839400E-14));
#2806=VECTOR('',#2805,2.E-1);
#2807=CARTESIAN_POINT('',(3.193E1,-3.32E0,5.37E0));
#2808=LINE('',#2807,#2806);
#2809=DIRECTION('',(-1.E0,0.E0,1.015061051086E-14));
#2810=VECTOR('',#2809,3.5E-1);
#2811=CARTESIAN_POINT('',(3.233E1,-3.52E0,5.42E0));
#2812=LINE('',#2811,#2810);
#2813=DIRECTION('',(3.552713678800E-14,-1.E0,0.E0));
#2814=VECTOR('',#2813,2.E-1);
#2815=CARTESIAN_POINT('',(3.233E1,-3.32E0,5.42E0));
#2816=LINE('',#2815,#2814);
#2817=DIRECTION('',(1.E0,0.E0,-1.015061051086E-14));
#2818=VECTOR('',#2817,3.5E-1);
#2819=CARTESIAN_POINT('',(3.198E1,-3.32E0,5.42E0));
#2820=LINE('',#2819,#2818);
#2821=DIRECTION('',(-5.329070518200E-14,1.E0,0.E0));
#2822=VECTOR('',#2821,2.E-1);
#2823=CARTESIAN_POINT('',(3.198E1,-3.52E0,5.42E0));
#2824=LINE('',#2823,#2822);
#2825=DIRECTION('',(0.E0,0.E0,-1.E0));
#2826=VECTOR('',#2825,3.4E-1);
#2827=CARTESIAN_POINT('',(3.233E1,-3.32E0,5.42E0));
#2828=LINE('',#2827,#2826);
#2829=DIRECTION('',(0.E0,0.E0,1.E0));
#2830=VECTOR('',#2829,3.4E-1);
#2831=CARTESIAN_POINT('',(3.233E1,-3.52E0,5.08E0));
#2832=LINE('',#2831,#2830);
#2833=DIRECTION('',(0.E0,1.E0,0.E0));
#2834=VECTOR('',#2833,2.E-1);
#2835=CARTESIAN_POINT('',(3.233E1,-3.52E0,5.08E0));
#2836=LINE('',#2835,#2834);
#2837=DIRECTION('',(-1.E0,0.E0,0.E0));
#2838=VECTOR('',#2837,2.2E-1);
#2839=CARTESIAN_POINT('',(3.255E1,-3.52E0,5.08E0));
#2840=LINE('',#2839,#2838);
#2841=DIRECTION('',(1.E0,0.E0,0.E0));
#2842=VECTOR('',#2841,2.2E-1);
#2843=CARTESIAN_POINT('',(3.233E1,-3.32E0,5.08E0));
#2844=LINE('',#2843,#2842);
#2845=DIRECTION('',(0.E0,0.E0,-1.E0));
#2846=VECTOR('',#2845,3.9E-1);
#2847=CARTESIAN_POINT('',(3.255E1,-3.32E0,5.08E0));
#2848=LINE('',#2847,#2846);
#2849=DIRECTION('',(0.E0,1.E0,0.E0));
#2850=VECTOR('',#2849,2.E-1);
#2851=CARTESIAN_POINT('',(3.255E1,-3.52E0,5.08E0));
#2852=LINE('',#2851,#2850);
#2853=DIRECTION('',(0.E0,0.E0,1.E0));
#2854=VECTOR('',#2853,3.9E-1);
#2855=CARTESIAN_POINT('',(3.255E1,-3.52E0,4.69E0));
#2856=LINE('',#2855,#2854);
#2857=DIRECTION('',(0.E0,1.E0,0.E0));
#2858=VECTOR('',#2857,2.E-1);
#2859=CARTESIAN_POINT('',(3.255E1,-3.52E0,4.69E0));
#2860=LINE('',#2859,#2858);
#2861=DIRECTION('',(1.E0,0.E0,0.E0));
#2862=VECTOR('',#2861,2.2E-1);
#2863=CARTESIAN_POINT('',(3.233E1,-3.52E0,4.69E0));
#2864=LINE('',#2863,#2862);
#2865=DIRECTION('',(-1.E0,0.E0,0.E0));
#2866=VECTOR('',#2865,2.2E-1);
#2867=CARTESIAN_POINT('',(3.255E1,-3.32E0,4.69E0));
#2868=LINE('',#2867,#2866);
#2869=DIRECTION('',(0.E0,0.E0,1.E0));
#2870=VECTOR('',#2869,5.8E-1);
#2871=CARTESIAN_POINT('',(3.233E1,-3.52E0,4.11E0));
#2872=LINE('',#2871,#2870);
#2873=DIRECTION('',(0.E0,0.E0,-1.E0));
#2874=VECTOR('',#2873,5.8E-1);
#2875=CARTESIAN_POINT('',(3.233E1,-3.32E0,4.69E0));
#2876=LINE('',#2875,#2874);
#2877=DIRECTION('',(0.E0,1.E0,0.E0));
#2878=VECTOR('',#2877,2.E-1);
#2879=CARTESIAN_POINT('',(3.233E1,-3.52E0,4.69E0));
#2880=LINE('',#2879,#2878);
#2881=DIRECTION('',(-1.E0,0.E0,0.E0));
#2882=VECTOR('',#2881,9.3E-1);
#2883=CARTESIAN_POINT('',(3.233E1,-3.32E0,4.11E0));
#2884=LINE('',#2883,#2882);
#2885=DIRECTION('',(0.E0,1.E0,0.E0));
#2886=VECTOR('',#2885,2.E-1);
#2887=CARTESIAN_POINT('',(3.233E1,-3.52E0,4.11E0));
#2888=LINE('',#2887,#2886);
#2889=DIRECTION('',(1.E0,0.E0,0.E0));
#2890=VECTOR('',#2889,9.3E-1);
#2891=CARTESIAN_POINT('',(3.14E1,-3.52E0,4.11E0));
#2892=LINE('',#2891,#2890);
#2893=DIRECTION('',(0.E0,-1.E0,0.E0));
#2894=VECTOR('',#2893,2.E-1);
#2895=CARTESIAN_POINT('',(3.14E1,-3.32E0,4.11E0));
#2896=LINE('',#2895,#2894);
#2897=CARTESIAN_POINT('',(2.262E1,-3.52E0,5.42E0));
#2898=CARTESIAN_POINT('',(2.267E1,-3.52E0,5.37E0));
#2899=VERTEX_POINT('',#2897);
#2900=VERTEX_POINT('',#2898);
#2901=CARTESIAN_POINT('',(2.262E1,-3.32E0,5.42E0));
#2902=VERTEX_POINT('',#2901);
#2903=CARTESIAN_POINT('',(2.267E1,-3.32E0,5.37E0));
#2904=VERTEX_POINT('',#2903);
#2905=CARTESIAN_POINT('',(2.14E1,-2.17E0,3.95E0));
#2906=CARTESIAN_POINT('',(2.14E1,-2.17E0,4.35E0));
#2907=VERTEX_POINT('',#2905);
#2908=VERTEX_POINT('',#2906);
#2909=CARTESIAN_POINT('',(2.182E1,-2.17E0,3.95E0));
#2910=VERTEX_POINT('',#2909);
#2911=CARTESIAN_POINT('',(2.182E1,-2.17E0,4.35E0));
#2912=VERTEX_POINT('',#2911);
#2913=CARTESIAN_POINT('',(2.18E1,-3.37E0,3.9E0));
#2914=CARTESIAN_POINT('',(2.18E1,-2.37E0,3.9E0));
#2915=VERTEX_POINT('',#2913);
#2916=VERTEX_POINT('',#2914);
#2917=CARTESIAN_POINT('',(2.16E1,-3.37E0,3.9E0));
#2918=VERTEX_POINT('',#2917);
#2919=CARTESIAN_POINT('',(2.16E1,-2.37E0,3.9E0));
#2920=VERTEX_POINT('',#2919);
#2921=CARTESIAN_POINT('',(2.182E1,-3.52E0,3.95E0));
#2922=VERTEX_POINT('',#2921);
#2923=CARTESIAN_POINT('',(2.182E1,-3.52E0,5.3E0));
#2924=VERTEX_POINT('',#2923);
#2925=CARTESIAN_POINT('',(2.182E1,-3.27E0,5.3E0));
#2926=VERTEX_POINT('',#2925);
#2927=CARTESIAN_POINT('',(2.182E1,-3.27E0,4.65E0));
#2928=VERTEX_POINT('',#2927);
#2929=CARTESIAN_POINT('',(2.182E1,-2.97E0,4.35E0));
#2930=VERTEX_POINT('',#2929);
#2931=CARTESIAN_POINT('',(2.18E1,-2.97E0,4.35E0));
#2932=VERTEX_POINT('',#2931);
#2933=CARTESIAN_POINT('',(2.18E1,-2.37E0,4.35E0));
#2934=VERTEX_POINT('',#2933);
#2935=CARTESIAN_POINT('',(2.16E1,-2.37E0,4.35E0));
#2936=VERTEX_POINT('',#2935);
#2937=CARTESIAN_POINT('',(2.16E1,-2.97E0,4.35E0));
#2938=VERTEX_POINT('',#2937);
#2939=CARTESIAN_POINT('',(2.14E1,-2.97E0,4.35E0));
#2940=VERTEX_POINT('',#2939);
#2941=CARTESIAN_POINT('',(2.205E1,-8.999999999998E-1,4.25E0));
#2942=CARTESIAN_POINT('',(2.25E1,-8.999999999998E-1,4.25E0));
#2943=VERTEX_POINT('',#2941);
#2944=VERTEX_POINT('',#2942);
#2945=CARTESIAN_POINT('',(2.205E1,-7.499999999999E-1,4.25E0));
#2946=VERTEX_POINT('',#2945);
#2947=CARTESIAN_POINT('',(2.25E1,-7.499999999999E-1,4.25E0));
#2948=VERTEX_POINT('',#2947);
#2949=CARTESIAN_POINT('',(2.4E1,-3.32E0,4.25E0));
#2950=CARTESIAN_POINT('',(2.42E1,-3.32E0,4.25E0));
#2951=VERTEX_POINT('',#2949);
#2952=VERTEX_POINT('',#2950);
#2953=CARTESIAN_POINT('',(2.4E1,-3.52E0,4.25E0));
#2954=VERTEX_POINT('',#2953);
#2955=CARTESIAN_POINT('',(2.42E1,-3.52E0,4.25E0));
#2956=VERTEX_POINT('',#2955);
#2957=CARTESIAN_POINT('',(2.2825E1,-8.999999999998E-1,4.63E0));
#2958=CARTESIAN_POINT('',(2.255000021352E1,-8.999999999998E-1,
4.629999999999E0));
#2959=VERTEX_POINT('',#2957);
#2960=VERTEX_POINT('',#2958);
#2961=CARTESIAN_POINT('',(2.2825E1,-8.999999999998E-1,3.95E0));
#2962=VERTEX_POINT('',#2961);
#2963=CARTESIAN_POINT('',(2.205E1,-8.999999999998E-1,3.95E0));
#2964=VERTEX_POINT('',#2963);
#2965=CARTESIAN_POINT('',(2.25E1,-8.999999999998E-1,4.580000175202E0));
#2966=VERTEX_POINT('',#2965);
#2967=CARTESIAN_POINT('',(2.3775E1,-8.999999999998E-1,4.63E0));
#2968=CARTESIAN_POINT('',(2.4425E1,-8.999999999998E-1,4.63E0));
#2969=VERTEX_POINT('',#2967);
#2970=VERTEX_POINT('',#2968);
#2971=CARTESIAN_POINT('',(2.3775E1,-7.499999999999E-1,4.63E0));
#2972=VERTEX_POINT('',#2971);
#2973=CARTESIAN_POINT('',(2.4425E1,-7.499999999999E-1,4.63E0));
#2974=VERTEX_POINT('',#2973);
#2975=CARTESIAN_POINT('',(2.205E1,-3.32E0,4.69E0));
#2976=CARTESIAN_POINT('',(2.205E1,-3.52E0,4.69E0));
#2977=VERTEX_POINT('',#2975);
#2978=VERTEX_POINT('',#2976);
#2979=CARTESIAN_POINT('',(2.205E1,-3.32E0,5.08E0));
#2980=VERTEX_POINT('',#2979);
#2981=CARTESIAN_POINT('',(2.205E1,-3.52E0,5.08E0));
#2982=VERTEX_POINT('',#2981);
#2983=CARTESIAN_POINT('',(2.265E1,-7.499999999999E-1,5.62E0));
#2984=CARTESIAN_POINT('',(2.315E1,-7.499999999999E-1,5.62E0));
#2985=VERTEX_POINT('',#2983);
#2986=VERTEX_POINT('',#2984);
#2987=CARTESIAN_POINT('',(2.29E1,-1.183012701892E0,5.62E0));
#2988=VERTEX_POINT('',#2987);
#2989=CARTESIAN_POINT('',(2.29E1,-1.183012701892E0,5.65E0));
#2990=CARTESIAN_POINT('',(2.265E1,-7.499999999999E-1,5.65E0));
#2991=VERTEX_POINT('',#2989);
#2992=VERTEX_POINT('',#2990);
#2993=CARTESIAN_POINT('',(2.255E1,-7.499999999999E-1,4.63E0));
#2994=CARTESIAN_POINT('',(2.25E1,-7.499999999999E-1,4.58E0));
#2995=VERTEX_POINT('',#2993);
#2996=VERTEX_POINT('',#2994);
#2997=CARTESIAN_POINT('',(2.14E1,-3.27E0,5.3E0));
#2998=VERTEX_POINT('',#2997);
#2999=CARTESIAN_POINT('',(2.14E1,-3.27E0,4.65E0));
#3000=VERTEX_POINT('',#2999);
#3001=CARTESIAN_POINT('',(2.16E1,-3.27E0,4.65E0));
#3002=VERTEX_POINT('',#3001);
#3003=CARTESIAN_POINT('',(2.16E1,-3.27E0,5.15E0));
#3004=VERTEX_POINT('',#3003);
#3005=CARTESIAN_POINT('',(2.18E1,-3.27E0,5.15E0));
#3006=VERTEX_POINT('',#3005);
#3007=CARTESIAN_POINT('',(2.18E1,-3.27E0,4.65E0));
#3008=VERTEX_POINT('',#3007);
#3009=CARTESIAN_POINT('',(2.267E1,-3.32E0,5.3E0));
#3010=VERTEX_POINT('',#3009);
#3011=CARTESIAN_POINT('',(2.267E1,-3.52E0,5.3E0));
#3012=VERTEX_POINT('',#3011);
#3013=CARTESIAN_POINT('',(2.227E1,-3.52E0,5.42E0));
#3014=VERTEX_POINT('',#3013);
#3015=CARTESIAN_POINT('',(2.227E1,-3.32E0,5.42E0));
#3016=VERTEX_POINT('',#3015);
#3017=CARTESIAN_POINT('',(2.315E1,-7.499999999999E-1,5.65E0));
#3018=VERTEX_POINT('',#3017);
#3019=CARTESIAN_POINT('',(2.227E1,-3.32E0,4.11E0));
#3020=CARTESIAN_POINT('',(2.32E1,-3.32E0,4.11E0));
#3021=VERTEX_POINT('',#3019);
#3022=VERTEX_POINT('',#3020);
#3023=CARTESIAN_POINT('',(2.227E1,-3.52E0,4.11E0));
#3024=VERTEX_POINT('',#3023);
#3025=CARTESIAN_POINT('',(2.32E1,-3.52E0,4.11E0));
#3026=VERTEX_POINT('',#3025);
#3027=CARTESIAN_POINT('',(2.32E1,-3.32E0,4.25E0));
#3028=CARTESIAN_POINT('',(2.34E1,-3.32E0,4.25E0));
#3029=VERTEX_POINT('',#3027);
#3030=VERTEX_POINT('',#3028);
#3031=CARTESIAN_POINT('',(2.32E1,-3.52E0,4.25E0));
#3032=VERTEX_POINT('',#3031);
#3033=CARTESIAN_POINT('',(2.34E1,-3.52E0,4.25E0));
#3034=VERTEX_POINT('',#3033);
#3035=CARTESIAN_POINT('',(2.14E1,-1.15E0,5.65E0));
#3036=CARTESIAN_POINT('',(2.14E1,-1.15E0,3.95E0));
#3037=VERTEX_POINT('',#3035);
#3038=VERTEX_POINT('',#3036);
#3039=CARTESIAN_POINT('',(2.205E1,-1.15E0,5.65E0));
#3040=VERTEX_POINT('',#3039);
#3041=CARTESIAN_POINT('',(2.205E1,-1.15E0,3.95E0));
#3042=VERTEX_POINT('',#3041);
#3043=CARTESIAN_POINT('',(2.58E1,-3.32E0,4.11E0));
#3044=CARTESIAN_POINT('',(2.58E1,-3.52E0,4.11E0));
#3045=VERTEX_POINT('',#3043);
#3046=VERTEX_POINT('',#3044);
#3047=CARTESIAN_POINT('',(2.58E1,-3.32E0,4.25E0));
#3048=VERTEX_POINT('',#3047);
#3049=CARTESIAN_POINT('',(2.58E1,-3.52E0,4.25E0));
#3050=VERTEX_POINT('',#3049);
#3051=CARTESIAN_POINT('',(2.48E1,-3.32E0,4.25E0));
#3052=CARTESIAN_POINT('',(2.48E1,-3.52E0,4.25E0));
#3053=VERTEX_POINT('',#3051);
#3054=VERTEX_POINT('',#3052);
#3055=CARTESIAN_POINT('',(2.48E1,-3.32E0,4.11E0));
#3056=VERTEX_POINT('',#3055);
#3057=CARTESIAN_POINT('',(2.48E1,-3.52E0,4.11E0));
#3058=VERTEX_POINT('',#3057);
#3059=CARTESIAN_POINT('',(2.205E1,-7.499999999999E-1,5.65E0));
#3060=VERTEX_POINT('',#3059);
#3061=CARTESIAN_POINT('',(2.227E1,-3.52E0,4.69E0));
#3062=VERTEX_POINT('',#3061);
#3063=CARTESIAN_POINT('',(2.227E1,-3.32E0,4.69E0));
#3064=VERTEX_POINT('',#3063);
#3065=CARTESIAN_POINT('',(2.227E1,-3.32E0,5.08E0));
#3066=VERTEX_POINT('',#3065);
#3067=CARTESIAN_POINT('',(2.227E1,-3.52E0,5.08E0));
#3068=VERTEX_POINT('',#3067);
#3069=CARTESIAN_POINT('',(2.3625E1,-8.999999999998E-1,4.63E0));
#3070=CARTESIAN_POINT('',(2.3625E1,-7.499999999999E-1,4.63E0));
#3071=VERTEX_POINT('',#3069);
#3072=VERTEX_POINT('',#3070);
#3073=CARTESIAN_POINT('',(2.2975E1,-8.999999999998E-1,4.63E0));
#3074=VERTEX_POINT('',#3073);
#3075=CARTESIAN_POINT('',(2.2975E1,-7.499999999999E-1,4.63E0));
#3076=VERTEX_POINT('',#3075);
#3077=CARTESIAN_POINT('',(2.14E1,-3.52E0,5.3E0));
#3078=VERTEX_POINT('',#3077);
#3079=CARTESIAN_POINT('',(2.74E1,-3.32E0,4.11E0));
#3080=CARTESIAN_POINT('',(2.74E1,-3.52E0,4.11E0));
#3081=VERTEX_POINT('',#3079);
#3082=VERTEX_POINT('',#3080);
#3083=CARTESIAN_POINT('',(2.74E1,-3.32E0,4.25E0));
#3084=VERTEX_POINT('',#3083);
#3085=CARTESIAN_POINT('',(2.74E1,-3.52E0,4.25E0));
#3086=VERTEX_POINT('',#3085);
#3087=CARTESIAN_POINT('',(2.34E1,-3.32E0,4.11E0));
#3088=CARTESIAN_POINT('',(2.34E1,-3.52E0,4.11E0));
#3089=VERTEX_POINT('',#3087);
#3090=VERTEX_POINT('',#3088);
#3091=CARTESIAN_POINT('',(2.14E1,-3.52E0,5.65E0));
#3092=VERTEX_POINT('',#3091);
#3093=CARTESIAN_POINT('',(2.2975E1,-7.999999999999E-1,4.15E0));
#3094=CARTESIAN_POINT('',(2.2975E1,-7.999999999999E-1,4.56E0));
#3095=VERTEX_POINT('',#3093);
#3096=VERTEX_POINT('',#3094);
#3097=CARTESIAN_POINT('',(2.2825E1,-7.999999999999E-1,4.15E0));
#3098=VERTEX_POINT('',#3097);
#3099=CARTESIAN_POINT('',(2.2825E1,-7.999999999999E-1,4.56E0));
#3100=VERTEX_POINT('',#3099);
#3101=CARTESIAN_POINT('',(2.2825E1,-7.499999999999E-1,4.63E0));
#3102=VERTEX_POINT('',#3101);
#3103=CARTESIAN_POINT('',(2.4E1,-3.32E0,4.11E0));
#3104=VERTEX_POINT('',#3103);
#3105=CARTESIAN_POINT('',(2.4E1,-3.52E0,4.11E0));
#3106=VERTEX_POINT('',#3105);
#3107=CARTESIAN_POINT('',(2.2825E1,-7.499999999999E-1,4.15E0));
#3108=VERTEX_POINT('',#3107);
#3109=CARTESIAN_POINT('',(2.2825E1,-7.499999999998E-1,3.93E0));
#3110=VERTEX_POINT('',#3109);
#3111=CARTESIAN_POINT('',(2.2825E1,-8.299999999998E-1,3.9E0));
#3112=VERTEX_POINT('',#3111);
#3113=CARTESIAN_POINT('',(2.2825E1,-1.100000175202E0,3.900000000001E0));
#3114=VERTEX_POINT('',#3113);
#3115=CARTESIAN_POINT('',(2.2825E1,-1.15E0,3.95E0));
#3116=VERTEX_POINT('',#3115);
#3117=CARTESIAN_POINT('',(2.2825E1,-7.499999999999E-1,4.56E0));
#3118=VERTEX_POINT('',#3117);
#3119=CARTESIAN_POINT('',(2.2975E1,-7.499999999998E-1,3.93E0));
#3120=VERTEX_POINT('',#3119);
#3121=CARTESIAN_POINT('',(2.2975E1,-7.499999999999E-1,4.15E0));
#3122=VERTEX_POINT('',#3121);
#3123=CARTESIAN_POINT('',(2.2975E1,-7.499999999999E-1,4.56E0));
#3124=VERTEX_POINT('',#3123);
#3125=CARTESIAN_POINT('',(2.2975E1,-8.999999999998E-1,3.95E0));
#3126=VERTEX_POINT('',#3125);
#3127=CARTESIAN_POINT('',(2.2975E1,-1.149999999998E0,3.950000213520E0));
#3128=VERTEX_POINT('',#3127);
#3129=CARTESIAN_POINT('',(2.2975E1,-1.1E0,3.9E0));
#3130=VERTEX_POINT('',#3129);
#3131=CARTESIAN_POINT('',(2.2975E1,-8.299999999998E-1,3.9E0));
#3132=VERTEX_POINT('',#3131);
#3133=CARTESIAN_POINT('',(2.18E1,-3.37E0,5.15E0));
#3134=VERTEX_POINT('',#3133);
#3135=CARTESIAN_POINT('',(2.16E1,-3.37E0,5.15E0));
#3136=VERTEX_POINT('',#3135);
#3137=CARTESIAN_POINT('',(2.56E1,-3.32E0,4.25E0));
#3138=CARTESIAN_POINT('',(2.56E1,-3.52E0,4.25E0));
#3139=VERTEX_POINT('',#3137);
#3140=VERTEX_POINT('',#3138);
#3141=CARTESIAN_POINT('',(2.56E1,-3.32E0,4.11E0));
#3142=VERTEX_POINT('',#3141);
#3143=CARTESIAN_POINT('',(2.56E1,-3.52E0,4.11E0));
#3144=VERTEX_POINT('',#3143);
#3145=CARTESIAN_POINT('',(2.42E1,-3.32E0,4.11E0));
#3146=CARTESIAN_POINT('',(2.42E1,-3.52E0,4.11E0));
#3147=VERTEX_POINT('',#3145);
#3148=VERTEX_POINT('',#3146);
#3149=CARTESIAN_POINT('',(2.3775E1,-7.999999999999E-1,4.56E0));
#3150=CARTESIAN_POINT('',(2.3775E1,-7.999999999999E-1,4.15E0));
#3151=VERTEX_POINT('',#3149);
#3152=VERTEX_POINT('',#3150);
#3153=CARTESIAN_POINT('',(2.3775E1,-7.499999999999E-1,4.56E0));
#3154=VERTEX_POINT('',#3153);
#3155=CARTESIAN_POINT('',(2.3775E1,-8.999999999998E-1,3.95E0));
#3156=VERTEX_POINT('',#3155);
#3157=CARTESIAN_POINT('',(2.3775E1,-1.149999999998E0,3.950000213520E0));
#3158=VERTEX_POINT('',#3157);
#3159=CARTESIAN_POINT('',(2.3775E1,-1.1E0,3.9E0));
#3160=VERTEX_POINT('',#3159);
#3161=CARTESIAN_POINT('',(2.3775E1,-8.299999999998E-1,3.9E0));
#3162=VERTEX_POINT('',#3161);
#3163=CARTESIAN_POINT('',(2.3775E1,-7.499999999998E-1,3.93E0));
#3164=VERTEX_POINT('',#3163);
#3165=CARTESIAN_POINT('',(2.3775E1,-7.499999999999E-1,4.15E0));
#3166=VERTEX_POINT('',#3165);
#3167=CARTESIAN_POINT('',(2.3625E1,-7.999999999999E-1,4.56E0));
#3168=VERTEX_POINT('',#3167);
#3169=CARTESIAN_POINT('',(2.3625E1,-7.499999999999E-1,4.56E0));
#3170=VERTEX_POINT('',#3169);
#3171=CARTESIAN_POINT('',(2.5E1,-3.32E0,4.11E0));
#3172=VERTEX_POINT('',#3171);
#3173=CARTESIAN_POINT('',(2.5E1,-3.52E0,4.11E0));
#3174=VERTEX_POINT('',#3173);
#3175=CARTESIAN_POINT('',(2.3625E1,-7.999999999999E-1,4.15E0));
#3176=VERTEX_POINT('',#3175);
#3177=CARTESIAN_POINT('',(2.3625E1,-7.499999999999E-1,4.15E0));
#3178=VERTEX_POINT('',#3177);
#3179=CARTESIAN_POINT('',(2.3625E1,-7.499999999998E-1,3.93E0));
#3180=VERTEX_POINT('',#3179);
#3181=CARTESIAN_POINT('',(2.3625E1,-8.299999999998E-1,3.9E0));
#3182=VERTEX_POINT('',#3181);
#3183=CARTESIAN_POINT('',(2.3625E1,-1.100000175202E0,3.900000000001E0));
#3184=VERTEX_POINT('',#3183);
#3185=CARTESIAN_POINT('',(2.3625E1,-1.15E0,3.95E0));
#3186=VERTEX_POINT('',#3185);
#3187=CARTESIAN_POINT('',(2.3625E1,-8.999999999998E-1,3.95E0));
#3188=VERTEX_POINT('',#3187);
#3189=CARTESIAN_POINT('',(2.4575E1,-8.999999999998E-1,4.63E0));
#3190=CARTESIAN_POINT('',(2.5225E1,-8.999999999998E-1,4.63E0));
#3191=VERTEX_POINT('',#3189);
#3192=VERTEX_POINT('',#3190);
#3193=CARTESIAN_POINT('',(2.4575E1,-7.499999999999E-1,4.63E0));
#3194=VERTEX_POINT('',#3193);
#3195=CARTESIAN_POINT('',(2.5225E1,-7.499999999999E-1,4.63E0));
#3196=VERTEX_POINT('',#3195);
#3197=CARTESIAN_POINT('',(2.6175E1,-7.499999999999E-1,4.63E0));
#3198=CARTESIAN_POINT('',(2.6175E1,-8.999999999998E-1,4.63E0));
#3199=VERTEX_POINT('',#3197);
#3200=VERTEX_POINT('',#3198);
#3201=CARTESIAN_POINT('',(2.6825E1,-7.499999999999E-1,4.63E0));
#3202=VERTEX_POINT('',#3201);
#3203=CARTESIAN_POINT('',(2.6825E1,-8.999999999998E-1,4.63E0));
#3204=VERTEX_POINT('',#3203);
#3205=CARTESIAN_POINT('',(2.5375E1,-8.999999999998E-1,4.63E0));
#3206=CARTESIAN_POINT('',(2.6025E1,-8.999999999998E-1,4.63E0));
#3207=VERTEX_POINT('',#3205);
#3208=VERTEX_POINT('',#3206);
#3209=CARTESIAN_POINT('',(2.5375E1,-7.499999999999E-1,4.63E0));
#3210=VERTEX_POINT('',#3209);
#3211=CARTESIAN_POINT('',(2.6025E1,-7.499999999999E-1,4.63E0));
#3212=VERTEX_POINT('',#3211);
#3213=CARTESIAN_POINT('',(2.4575E1,-7.999999999999E-1,4.56E0));
#3214=CARTESIAN_POINT('',(2.4575E1,-7.999999999999E-1,4.15E0));
#3215=VERTEX_POINT('',#3213);
#3216=VERTEX_POINT('',#3214);
#3217=CARTESIAN_POINT('',(2.4575E1,-7.499999999999E-1,4.56E0));
#3218=VERTEX_POINT('',#3217);
#3219=CARTESIAN_POINT('',(2.4575E1,-8.999999999998E-1,3.95E0));
#3220=VERTEX_POINT('',#3219);
#3221=CARTESIAN_POINT('',(2.4575E1,-1.149999999998E0,3.950000213520E0));
#3222=VERTEX_POINT('',#3221);
#3223=CARTESIAN_POINT('',(2.4575E1,-1.1E0,3.9E0));
#3224=VERTEX_POINT('',#3223);
#3225=CARTESIAN_POINT('',(2.4575E1,-8.299999999998E-1,3.9E0));
#3226=VERTEX_POINT('',#3225);
#3227=CARTESIAN_POINT('',(2.4575E1,-7.499999999998E-1,3.93E0));
#3228=VERTEX_POINT('',#3227);
#3229=CARTESIAN_POINT('',(2.4575E1,-7.499999999999E-1,4.15E0));
#3230=VERTEX_POINT('',#3229);
#3231=CARTESIAN_POINT('',(2.4425E1,-7.999999999999E-1,4.56E0));
#3232=VERTEX_POINT('',#3231);
#3233=CARTESIAN_POINT('',(2.4425E1,-7.499999999999E-1,4.56E0));
#3234=VERTEX_POINT('',#3233);
#3235=CARTESIAN_POINT('',(2.64E1,-3.32E0,4.11E0));
#3236=VERTEX_POINT('',#3235);
#3237=CARTESIAN_POINT('',(2.64E1,-3.52E0,4.11E0));
#3238=VERTEX_POINT('',#3237);
#3239=CARTESIAN_POINT('',(2.4425E1,-7.999999999999E-1,4.15E0));
#3240=VERTEX_POINT('',#3239);
#3241=CARTESIAN_POINT('',(2.4425E1,-7.499999999999E-1,4.15E0));
#3242=VERTEX_POINT('',#3241);
#3243=CARTESIAN_POINT('',(2.4425E1,-7.499999999998E-1,3.93E0));
#3244=VERTEX_POINT('',#3243);
#3245=CARTESIAN_POINT('',(2.4425E1,-8.299999999998E-1,3.9E0));
#3246=VERTEX_POINT('',#3245);
#3247=CARTESIAN_POINT('',(2.4425E1,-1.100000175202E0,3.900000000001E0));
#3248=VERTEX_POINT('',#3247);
#3249=CARTESIAN_POINT('',(2.4425E1,-1.15E0,3.95E0));
#3250=VERTEX_POINT('',#3249);
#3251=CARTESIAN_POINT('',(2.4425E1,-8.999999999998E-1,3.95E0));
#3252=VERTEX_POINT('',#3251);
#3253=CARTESIAN_POINT('',(2.6975E1,-8.999999999998E-1,4.63E0));
#3254=CARTESIAN_POINT('',(2.7625E1,-8.999999999998E-1,4.63E0));
#3255=VERTEX_POINT('',#3253);
#3256=VERTEX_POINT('',#3254);
#3257=CARTESIAN_POINT('',(2.6975E1,-7.499999999999E-1,4.63E0));
#3258=VERTEX_POINT('',#3257);
#3259=CARTESIAN_POINT('',(2.7625E1,-7.499999999999E-1,4.63E0));
#3260=VERTEX_POINT('',#3259);
#3261=CARTESIAN_POINT('',(2.5E1,-3.32E0,4.25E0));
#3262=VERTEX_POINT('',#3261);
#3263=CARTESIAN_POINT('',(2.5E1,-3.52E0,4.25E0));
#3264=VERTEX_POINT('',#3263);
#3265=CARTESIAN_POINT('',(2.64E1,-3.32E0,4.25E0));
#3266=CARTESIAN_POINT('',(2.64E1,-3.52E0,4.25E0));
#3267=VERTEX_POINT('',#3265);
#3268=VERTEX_POINT('',#3266);
#3269=CARTESIAN_POINT('',(2.5375E1,-7.999999999999E-1,4.56E0));
#3270=CARTESIAN_POINT('',(2.5375E1,-7.999999999999E-1,4.15E0));
#3271=VERTEX_POINT('',#3269);
#3272=VERTEX_POINT('',#3270);
#3273=CARTESIAN_POINT('',(2.5375E1,-7.499999999999E-1,4.56E0));
#3274=VERTEX_POINT('',#3273);
#3275=CARTESIAN_POINT('',(2.5375E1,-8.999999999998E-1,3.95E0));
#3276=VERTEX_POINT('',#3275);
#3277=CARTESIAN_POINT('',(2.5375E1,-1.149999999998E0,3.950000213520E0));
#3278=VERTEX_POINT('',#3277);
#3279=CARTESIAN_POINT('',(2.5375E1,-1.1E0,3.9E0));
#3280=VERTEX_POINT('',#3279);
#3281=CARTESIAN_POINT('',(2.5375E1,-8.299999999998E-1,3.9E0));
#3282=VERTEX_POINT('',#3281);
#3283=CARTESIAN_POINT('',(2.5375E1,-7.499999999998E-1,3.93E0));
#3284=VERTEX_POINT('',#3283);
#3285=CARTESIAN_POINT('',(2.5375E1,-7.499999999999E-1,4.15E0));
#3286=VERTEX_POINT('',#3285);
#3287=CARTESIAN_POINT('',(2.5225E1,-7.999999999999E-1,4.56E0));
#3288=VERTEX_POINT('',#3287);
#3289=CARTESIAN_POINT('',(2.5225E1,-7.499999999999E-1,4.56E0));
#3290=VERTEX_POINT('',#3289);
#3291=CARTESIAN_POINT('',(3.278E1,-2.17E0,4.35E0));
#3292=CARTESIAN_POINT('',(3.278E1,-2.17E0,3.95E0));
#3293=VERTEX_POINT('',#3291);
#3294=VERTEX_POINT('',#3292);
#3295=CARTESIAN_POINT('',(3.278E1,-2.97E0,4.35E0));
#3296=VERTEX_POINT('',#3295);
#3297=CARTESIAN_POINT('',(3.278E1,-3.27E0,4.65E0));
#3298=VERTEX_POINT('',#3297);
#3299=CARTESIAN_POINT('',(3.278E1,-3.27E0,5.3E0));
#3300=VERTEX_POINT('',#3299);
#3301=CARTESIAN_POINT('',(3.278E1,-3.52E0,5.3E0));
#3302=VERTEX_POINT('',#3301);
#3303=CARTESIAN_POINT('',(3.278E1,-3.52E0,3.95E0));
#3304=VERTEX_POINT('',#3303);
#3305=CARTESIAN_POINT('',(2.5225E1,-7.999999999999E-1,4.15E0));
#3306=VERTEX_POINT('',#3305);
#3307=CARTESIAN_POINT('',(2.5225E1,-7.499999999999E-1,4.15E0));
#3308=VERTEX_POINT('',#3307);
#3309=CARTESIAN_POINT('',(2.5225E1,-7.499999999998E-1,3.93E0));
#3310=VERTEX_POINT('',#3309);
#3311=CARTESIAN_POINT('',(2.5225E1,-8.299999999998E-1,3.9E0));
#3312=VERTEX_POINT('',#3311);
#3313=CARTESIAN_POINT('',(2.5225E1,-1.100000175202E0,3.900000000001E0));
#3314=VERTEX_POINT('',#3313);
#3315=CARTESIAN_POINT('',(2.5225E1,-1.15E0,3.95E0));
#3316=VERTEX_POINT('',#3315);
#3317=CARTESIAN_POINT('',(2.5225E1,-8.999999999998E-1,3.95E0));
#3318=VERTEX_POINT('',#3317);
#3319=CARTESIAN_POINT('',(2.72E1,-3.32E0,4.25E0));
#3320=VERTEX_POINT('',#3319);
#3321=CARTESIAN_POINT('',(2.72E1,-3.52E0,4.25E0));
#3322=VERTEX_POINT('',#3321);
#3323=CARTESIAN_POINT('',(2.66E1,-3.32E0,4.25E0));
#3324=VERTEX_POINT('',#3323);
#3325=CARTESIAN_POINT('',(2.66E1,-3.52E0,4.25E0));
#3326=VERTEX_POINT('',#3325);
#3327=CARTESIAN_POINT('',(2.6175E1,-7.999999999999E-1,4.56E0));
#3328=CARTESIAN_POINT('',(2.6175E1,-7.999999999999E-1,4.15E0));
#3329=VERTEX_POINT('',#3327);
#3330=VERTEX_POINT('',#3328);
#3331=CARTESIAN_POINT('',(2.6175E1,-7.499999999999E-1,4.56E0));
#3332=VERTEX_POINT('',#3331);
#3333=CARTESIAN_POINT('',(2.6175E1,-8.999999999998E-1,3.95E0));
#3334=VERTEX_POINT('',#3333);
#3335=CARTESIAN_POINT('',(2.6175E1,-1.149999999998E0,3.950000213520E0));
#3336=VERTEX_POINT('',#3335);
#3337=CARTESIAN_POINT('',(2.6175E1,-1.1E0,3.9E0));
#3338=VERTEX_POINT('',#3337);
#3339=CARTESIAN_POINT('',(2.6175E1,-8.299999999998E-1,3.9E0));
#3340=VERTEX_POINT('',#3339);
#3341=CARTESIAN_POINT('',(2.6175E1,-7.499999999998E-1,3.93E0));
#3342=VERTEX_POINT('',#3341);
#3343=CARTESIAN_POINT('',(2.6175E1,-7.499999999999E-1,4.15E0));
#3344=VERTEX_POINT('',#3343);
#3345=CARTESIAN_POINT('',(2.6025E1,-7.999999999999E-1,4.56E0));
#3346=VERTEX_POINT('',#3345);
#3347=CARTESIAN_POINT('',(2.6025E1,-7.499999999999E-1,4.56E0));
#3348=VERTEX_POINT('',#3347);
#3349=CARTESIAN_POINT('',(3.04E1,-3.32E0,4.25E0));
#3350=CARTESIAN_POINT('',(3.06E1,-3.32E0,4.25E0));
#3351=VERTEX_POINT('',#3349);
#3352=VERTEX_POINT('',#3350);
#3353=CARTESIAN_POINT('',(3.04E1,-3.52E0,4.25E0));
#3354=VERTEX_POINT('',#3353);
#3355=CARTESIAN_POINT('',(3.06E1,-3.52E0,4.25E0));
#3356=VERTEX_POINT('',#3355);
#3357=CARTESIAN_POINT('',(2.6025E1,-7.999999999999E-1,4.15E0));
#3358=VERTEX_POINT('',#3357);
#3359=CARTESIAN_POINT('',(2.6025E1,-7.499999999999E-1,4.15E0));
#3360=VERTEX_POINT('',#3359);
#3361=CARTESIAN_POINT('',(2.6025E1,-7.499999999998E-1,3.93E0));
#3362=VERTEX_POINT('',#3361);
#3363=CARTESIAN_POINT('',(2.6025E1,-8.299999999998E-1,3.9E0));
#3364=VERTEX_POINT('',#3363);
#3365=CARTESIAN_POINT('',(2.6025E1,-1.100000175202E0,3.900000000001E0));
#3366=VERTEX_POINT('',#3365);
#3367=CARTESIAN_POINT('',(2.6025E1,-1.15E0,3.95E0));
#3368=VERTEX_POINT('',#3367);
#3369=CARTESIAN_POINT('',(2.6025E1,-8.999999999998E-1,3.95E0));
#3370=VERTEX_POINT('',#3369);
#3371=CARTESIAN_POINT('',(2.66E1,-3.32E0,4.11E0));
#3372=CARTESIAN_POINT('',(2.66E1,-3.52E0,4.11E0));
#3373=VERTEX_POINT('',#3371);
#3374=VERTEX_POINT('',#3372);
#3375=CARTESIAN_POINT('',(2.88E1,-3.32E0,4.25E0));
#3376=CARTESIAN_POINT('',(2.9E1,-3.32E0,4.25E0));
#3377=VERTEX_POINT('',#3375);
#3378=VERTEX_POINT('',#3376);
#3379=CARTESIAN_POINT('',(2.88E1,-3.52E0,4.25E0));
#3380=VERTEX_POINT('',#3379);
#3381=CARTESIAN_POINT('',(2.9E1,-3.52E0,4.25E0));
#3382=VERTEX_POINT('',#3381);
#3383=CARTESIAN_POINT('',(2.72E1,-3.32E0,4.11E0));
#3384=VERTEX_POINT('',#3383);
#3385=CARTESIAN_POINT('',(2.72E1,-3.52E0,4.11E0));
#3386=VERTEX_POINT('',#3385);
#3387=CARTESIAN_POINT('',(3.255E1,-7.499999999999E-1,5.65E0));
#3388=CARTESIAN_POINT('',(3.255E1,-1.15E0,5.65E0));
#3389=VERTEX_POINT('',#3387);
#3390=VERTEX_POINT('',#3388);
#3391=CARTESIAN_POINT('',(3.32E1,-3.52E0,5.65E0));
#3392=VERTEX_POINT('',#3391);
#3393=CARTESIAN_POINT('',(3.32E1,-1.15E0,5.65E0));
#3394=VERTEX_POINT('',#3393);
#3395=CARTESIAN_POINT('',(2.6975E1,-7.999999999999E-1,4.56E0));
#3396=CARTESIAN_POINT('',(2.6975E1,-7.999999999999E-1,4.15E0));
#3397=VERTEX_POINT('',#3395);
#3398=VERTEX_POINT('',#3396);
#3399=CARTESIAN_POINT('',(2.6975E1,-7.499999999999E-1,4.56E0));
#3400=VERTEX_POINT('',#3399);
#3401=CARTESIAN_POINT('',(2.6975E1,-8.999999999998E-1,3.95E0));
#3402=VERTEX_POINT('',#3401);
#3403=CARTESIAN_POINT('',(2.6975E1,-1.149999999998E0,3.950000213520E0));
#3404=VERTEX_POINT('',#3403);
#3405=CARTESIAN_POINT('',(2.6975E1,-1.1E0,3.9E0));
#3406=VERTEX_POINT('',#3405);
#3407=CARTESIAN_POINT('',(2.6975E1,-8.299999999998E-1,3.9E0));
#3408=VERTEX_POINT('',#3407);
#3409=CARTESIAN_POINT('',(2.6975E1,-7.499999999998E-1,3.93E0));
#3410=VERTEX_POINT('',#3409);
#3411=CARTESIAN_POINT('',(2.6975E1,-7.499999999999E-1,4.15E0));
#3412=VERTEX_POINT('',#3411);
#3413=CARTESIAN_POINT('',(2.6825E1,-7.999999999999E-1,4.56E0));
#3414=VERTEX_POINT('',#3413);
#3415=CARTESIAN_POINT('',(2.6825E1,-7.499999999999E-1,4.56E0));
#3416=VERTEX_POINT('',#3415);
#3417=CARTESIAN_POINT('',(2.6825E1,-7.999999999999E-1,4.15E0));
#3418=VERTEX_POINT('',#3417);
#3419=CARTESIAN_POINT('',(2.6825E1,-7.499999999999E-1,4.15E0));
#3420=VERTEX_POINT('',#3419);
#3421=CARTESIAN_POINT('',(2.6825E1,-7.499999999998E-1,3.93E0));
#3422=VERTEX_POINT('',#3421);
#3423=CARTESIAN_POINT('',(2.6825E1,-8.299999999998E-1,3.9E0));
#3424=VERTEX_POINT('',#3423);
#3425=CARTESIAN_POINT('',(2.6825E1,-1.100000175202E0,3.900000000001E0));
#3426=VERTEX_POINT('',#3425);
#3427=CARTESIAN_POINT('',(2.6825E1,-1.15E0,3.95E0));
#3428=VERTEX_POINT('',#3427);
#3429=CARTESIAN_POINT('',(2.6825E1,-8.999999999998E-1,3.95E0));
#3430=VERTEX_POINT('',#3429);
#3431=CARTESIAN_POINT('',(2.7775E1,-8.999999999998E-1,4.63E0));
#3432=CARTESIAN_POINT('',(2.8425E1,-8.999999999998E-1,4.63E0));
#3433=VERTEX_POINT('',#3431);
#3434=VERTEX_POINT('',#3432);
#3435=CARTESIAN_POINT('',(2.7775E1,-7.499999999999E-1,4.63E0));
#3436=VERTEX_POINT('',#3435);
#3437=CARTESIAN_POINT('',(2.8425E1,-7.499999999999E-1,4.63E0));
#3438=VERTEX_POINT('',#3437);
#3439=CARTESIAN_POINT('',(2.8E1,-3.32E0,4.11E0));
#3440=VERTEX_POINT('',#3439);
#3441=CARTESIAN_POINT('',(2.8E1,-3.52E0,4.11E0));
#3442=VERTEX_POINT('',#3441);
#3443=CARTESIAN_POINT('',(2.9E1,-3.32E0,4.11E0));
#3444=CARTESIAN_POINT('',(2.96E1,-3.32E0,4.11E0));
#3445=VERTEX_POINT('',#3443);
#3446=VERTEX_POINT('',#3444);
#3447=CARTESIAN_POINT('',(2.9E1,-3.52E0,4.11E0));
#3448=VERTEX_POINT('',#3447);
#3449=CARTESIAN_POINT('',(2.96E1,-3.52E0,4.11E0));
#3450=VERTEX_POINT('',#3449);
#3451=CARTESIAN_POINT('',(2.82E1,-3.32E0,4.11E0));
#3452=CARTESIAN_POINT('',(2.82E1,-3.52E0,4.11E0));
#3453=VERTEX_POINT('',#3451);
#3454=VERTEX_POINT('',#3452);
#3455=CARTESIAN_POINT('',(2.82E1,-3.32E0,4.25E0));
#3456=VERTEX_POINT('',#3455);
#3457=CARTESIAN_POINT('',(2.82E1,-3.52E0,4.25E0));
#3458=VERTEX_POINT('',#3457);
#3459=CARTESIAN_POINT('',(2.7775E1,-7.999999999999E-1,4.56E0));
#3460=CARTESIAN_POINT('',(2.7775E1,-7.999999999999E-1,4.15E0));
#3461=VERTEX_POINT('',#3459);
#3462=VERTEX_POINT('',#3460);
#3463=CARTESIAN_POINT('',(2.7775E1,-7.499999999999E-1,4.56E0));
#3464=VERTEX_POINT('',#3463);
#3465=CARTESIAN_POINT('',(2.7775E1,-8.999999999998E-1,3.95E0));
#3466=VERTEX_POINT('',#3465);
#3467=CARTESIAN_POINT('',(2.7775E1,-1.149999999998E0,3.950000213520E0));
#3468=VERTEX_POINT('',#3467);
#3469=CARTESIAN_POINT('',(2.7775E1,-1.1E0,3.9E0));
#3470=VERTEX_POINT('',#3469);
#3471=CARTESIAN_POINT('',(2.7775E1,-8.299999999998E-1,3.9E0));
#3472=VERTEX_POINT('',#3471);
#3473=CARTESIAN_POINT('',(2.7775E1,-7.499999999998E-1,3.93E0));
#3474=VERTEX_POINT('',#3473);
#3475=CARTESIAN_POINT('',(2.7775E1,-7.499999999999E-1,4.15E0));
#3476=VERTEX_POINT('',#3475);
#3477=CARTESIAN_POINT('',(2.7625E1,-7.999999999999E-1,4.56E0));
#3478=VERTEX_POINT('',#3477);
#3479=CARTESIAN_POINT('',(2.7625E1,-7.499999999999E-1,4.56E0));
#3480=VERTEX_POINT('',#3479);
#3481=CARTESIAN_POINT('',(2.9375E1,-8.999999999998E-1,4.63E0));
#3482=CARTESIAN_POINT('',(3.0025E1,-8.999999999998E-1,4.63E0));
#3483=VERTEX_POINT('',#3481);
#3484=VERTEX_POINT('',#3482);
#3485=CARTESIAN_POINT('',(2.9375E1,-7.499999999999E-1,4.63E0));
#3486=VERTEX_POINT('',#3485);
#3487=CARTESIAN_POINT('',(3.0025E1,-7.499999999999E-1,4.63E0));
#3488=VERTEX_POINT('',#3487);
#3489=CARTESIAN_POINT('',(2.7625E1,-7.999999999999E-1,4.15E0));
#3490=VERTEX_POINT('',#3489);
#3491=CARTESIAN_POINT('',(2.7625E1,-7.499999999999E-1,4.15E0));
#3492=VERTEX_POINT('',#3491);
#3493=CARTESIAN_POINT('',(2.7625E1,-7.499999999998E-1,3.93E0));
#3494=VERTEX_POINT('',#3493);
#3495=CARTESIAN_POINT('',(2.7625E1,-8.299999999998E-1,3.9E0));
#3496=VERTEX_POINT('',#3495);
#3497=CARTESIAN_POINT('',(2.7625E1,-1.100000175202E0,3.900000000001E0));
#3498=VERTEX_POINT('',#3497);
#3499=CARTESIAN_POINT('',(2.7625E1,-1.15E0,3.95E0));
#3500=VERTEX_POINT('',#3499);
#3501=CARTESIAN_POINT('',(2.7625E1,-8.999999999998E-1,3.95E0));
#3502=VERTEX_POINT('',#3501);
#3503=CARTESIAN_POINT('',(2.8E1,-3.32E0,4.25E0));
#3504=CARTESIAN_POINT('',(2.8E1,-3.52E0,4.25E0));
#3505=VERTEX_POINT('',#3503);
#3506=VERTEX_POINT('',#3504);
#3507=CARTESIAN_POINT('',(3.28E1,-3.37E0,5.15E0));
#3508=CARTESIAN_POINT('',(3.3E1,-3.37E0,5.15E0));
#3509=VERTEX_POINT('',#3507);
#3510=VERTEX_POINT('',#3508);
#3511=CARTESIAN_POINT('',(3.28E1,-3.37E0,3.9E0));
#3512=VERTEX_POINT('',#3511);
#3513=CARTESIAN_POINT('',(3.3E1,-3.37E0,3.9E0));
#3514=VERTEX_POINT('',#3513);
#3515=CARTESIAN_POINT('',(3.32E1,-3.52E0,5.3E0));
#3516=VERTEX_POINT('',#3515);
#3517=CARTESIAN_POINT('',(3.14E1,-3.52E0,4.25E0));
#3518=CARTESIAN_POINT('',(3.14E1,-3.52E0,4.11E0));
#3519=VERTEX_POINT('',#3517);
#3520=VERTEX_POINT('',#3518);
#3521=CARTESIAN_POINT('',(3.12E1,-3.52E0,4.25E0));
#3522=VERTEX_POINT('',#3521);
#3523=CARTESIAN_POINT('',(3.12E1,-3.52E0,4.11E0));
#3524=VERTEX_POINT('',#3523);
#3525=CARTESIAN_POINT('',(3.06E1,-3.52E0,4.11E0));
#3526=VERTEX_POINT('',#3525);
#3527=CARTESIAN_POINT('',(3.04E1,-3.52E0,4.11E0));
#3528=VERTEX_POINT('',#3527);
#3529=CARTESIAN_POINT('',(2.98E1,-3.52E0,4.11E0));
#3530=VERTEX_POINT('',#3529);
#3531=CARTESIAN_POINT('',(2.98E1,-3.52E0,4.25E0));
#3532=VERTEX_POINT('',#3531);
#3533=CARTESIAN_POINT('',(2.96E1,-3.52E0,4.25E0));
#3534=VERTEX_POINT('',#3533);
#3535=CARTESIAN_POINT('',(2.88E1,-3.52E0,4.11E0));
#3536=VERTEX_POINT('',#3535);
#3537=CARTESIAN_POINT('',(3.193E1,-3.52E0,5.3E0));
#3538=VERTEX_POINT('',#3537);
#3539=CARTESIAN_POINT('',(3.193E1,-3.52E0,5.37E0));
#3540=VERTEX_POINT('',#3539);
#3541=CARTESIAN_POINT('',(3.198E1,-3.52E0,5.42E0));
#3542=VERTEX_POINT('',#3541);
#3543=CARTESIAN_POINT('',(3.233E1,-3.52E0,5.42E0));
#3544=VERTEX_POINT('',#3543);
#3545=CARTESIAN_POINT('',(3.233E1,-3.52E0,5.08E0));
#3546=VERTEX_POINT('',#3545);
#3547=CARTESIAN_POINT('',(3.255E1,-3.52E0,5.08E0));
#3548=VERTEX_POINT('',#3547);
#3549=CARTESIAN_POINT('',(3.255E1,-3.52E0,4.69E0));
#3550=VERTEX_POINT('',#3549);
#3551=CARTESIAN_POINT('',(3.233E1,-3.52E0,4.69E0));
#3552=VERTEX_POINT('',#3551);
#3553=CARTESIAN_POINT('',(3.233E1,-3.52E0,4.11E0));
#3554=VERTEX_POINT('',#3553);
#3555=CARTESIAN_POINT('',(2.8575E1,-7.999999999999E-1,4.56E0));
#3556=CARTESIAN_POINT('',(2.8575E1,-7.999999999999E-1,4.15E0));
#3557=VERTEX_POINT('',#3555);
#3558=VERTEX_POINT('',#3556);
#3559=CARTESIAN_POINT('',(2.8575E1,-7.499999999999E-1,4.56E0));
#3560=VERTEX_POINT('',#3559);
#3561=CARTESIAN_POINT('',(2.8575E1,-7.499999999999E-1,4.63E0));
#3562=VERTEX_POINT('',#3561);
#3563=CARTESIAN_POINT('',(2.8575E1,-8.999999999998E-1,4.63E0));
#3564=VERTEX_POINT('',#3563);
#3565=CARTESIAN_POINT('',(2.8575E1,-8.999999999998E-1,3.95E0));
#3566=VERTEX_POINT('',#3565);
#3567=CARTESIAN_POINT('',(2.8575E1,-1.149999999998E0,3.950000213520E0));
#3568=VERTEX_POINT('',#3567);
#3569=CARTESIAN_POINT('',(2.8575E1,-1.1E0,3.9E0));
#3570=VERTEX_POINT('',#3569);
#3571=CARTESIAN_POINT('',(2.8575E1,-8.299999999998E-1,3.9E0));
#3572=VERTEX_POINT('',#3571);
#3573=CARTESIAN_POINT('',(2.8575E1,-7.499999999998E-1,3.93E0));
#3574=VERTEX_POINT('',#3573);
#3575=CARTESIAN_POINT('',(2.8575E1,-7.499999999999E-1,4.15E0));
#3576=VERTEX_POINT('',#3575);
#3577=CARTESIAN_POINT('',(2.8425E1,-7.999999999999E-1,4.56E0));
#3578=VERTEX_POINT('',#3577);
#3579=CARTESIAN_POINT('',(2.8425E1,-7.499999999999E-1,4.56E0));
#3580=VERTEX_POINT('',#3579);
#3581=CARTESIAN_POINT('',(2.96E1,-3.32E0,4.25E0));
#3582=VERTEX_POINT('',#3581);
#3583=CARTESIAN_POINT('',(2.8425E1,-7.999999999999E-1,4.15E0));
#3584=VERTEX_POINT('',#3583);
#3585=CARTESIAN_POINT('',(2.8425E1,-7.499999999999E-1,4.15E0));
#3586=VERTEX_POINT('',#3585);
#3587=CARTESIAN_POINT('',(2.8425E1,-7.499999999998E-1,3.93E0));
#3588=VERTEX_POINT('',#3587);
#3589=CARTESIAN_POINT('',(2.8425E1,-8.299999999998E-1,3.9E0));
#3590=VERTEX_POINT('',#3589);
#3591=CARTESIAN_POINT('',(2.8425E1,-1.100000175202E0,3.900000000001E0));
#3592=VERTEX_POINT('',#3591);
#3593=CARTESIAN_POINT('',(2.8425E1,-1.15E0,3.95E0));
#3594=VERTEX_POINT('',#3593);
#3595=CARTESIAN_POINT('',(2.8425E1,-8.999999999998E-1,3.95E0));
#3596=VERTEX_POINT('',#3595);
#3597=CARTESIAN_POINT('',(2.88E1,-3.32E0,4.11E0));
#3598=VERTEX_POINT('',#3597);
#3599=CARTESIAN_POINT('',(2.98E1,-3.32E0,4.11E0));
#3600=VERTEX_POINT('',#3599);
#3601=CARTESIAN_POINT('',(2.98E1,-3.32E0,4.25E0));
#3602=VERTEX_POINT('',#3601);
#3603=CARTESIAN_POINT('',(2.9375E1,-7.999999999999E-1,4.56E0));
#3604=CARTESIAN_POINT('',(2.9375E1,-7.999999999999E-1,4.15E0));
#3605=VERTEX_POINT('',#3603);
#3606=VERTEX_POINT('',#3604);
#3607=CARTESIAN_POINT('',(2.9375E1,-7.499999999999E-1,4.56E0));
#3608=VERTEX_POINT('',#3607);
#3609=CARTESIAN_POINT('',(2.9375E1,-8.999999999998E-1,3.95E0));
#3610=VERTEX_POINT('',#3609);
#3611=CARTESIAN_POINT('',(2.9375E1,-1.149999999998E0,3.950000213520E0));
#3612=VERTEX_POINT('',#3611);
#3613=CARTESIAN_POINT('',(2.9375E1,-1.1E0,3.9E0));
#3614=VERTEX_POINT('',#3613);
#3615=CARTESIAN_POINT('',(2.9375E1,-8.299999999998E-1,3.9E0));
#3616=VERTEX_POINT('',#3615);
#3617=CARTESIAN_POINT('',(2.9375E1,-7.499999999998E-1,3.93E0));
#3618=VERTEX_POINT('',#3617);
#3619=CARTESIAN_POINT('',(2.9375E1,-7.499999999999E-1,4.15E0));
#3620=VERTEX_POINT('',#3619);
#3621=CARTESIAN_POINT('',(2.9225E1,-7.999999999999E-1,4.56E0));
#3622=VERTEX_POINT('',#3621);
#3623=CARTESIAN_POINT('',(2.9225E1,-7.499999999999E-1,4.56E0));
#3624=VERTEX_POINT('',#3623);
#3625=CARTESIAN_POINT('',(3.255E1,-1.15E0,3.95E0));
#3626=CARTESIAN_POINT('',(3.255E1,-8.999999999998E-1,3.95E0));
#3627=VERTEX_POINT('',#3625);
#3628=VERTEX_POINT('',#3626);
#3629=CARTESIAN_POINT('',(3.32E1,-1.15E0,3.95E0));
#3630=VERTEX_POINT('',#3629);
#3631=CARTESIAN_POINT('',(3.32E1,-2.17E0,3.95E0));
#3632=VERTEX_POINT('',#3631);
#3633=CARTESIAN_POINT('',(2.9225E1,-8.999999999998E-1,3.95E0));
#3634=VERTEX_POINT('',#3633);
#3635=CARTESIAN_POINT('',(2.9225E1,-1.149999999998E0,3.950000213520E0));
#3636=VERTEX_POINT('',#3635);
#3637=CARTESIAN_POINT('',(3.0025E1,-8.999999999998E-1,3.95E0));
#3638=VERTEX_POINT('',#3637);
#3639=CARTESIAN_POINT('',(3.0025E1,-1.149999999998E0,3.950000213520E0));
#3640=VERTEX_POINT('',#3639);
#3641=CARTESIAN_POINT('',(3.0175E1,-1.149999999998E0,3.950000213520E0));
#3642=VERTEX_POINT('',#3641);
#3643=CARTESIAN_POINT('',(3.0175E1,-8.999999999998E-1,3.95E0));
#3644=VERTEX_POINT('',#3643);
#3645=CARTESIAN_POINT('',(3.0825E1,-8.999999999998E-1,3.95E0));
#3646=VERTEX_POINT('',#3645);
#3647=CARTESIAN_POINT('',(3.0825E1,-1.149999999998E0,3.950000213520E0));
#3648=VERTEX_POINT('',#3647);
#3649=CARTESIAN_POINT('',(3.0975E1,-1.149999999998E0,3.950000213520E0));
#3650=VERTEX_POINT('',#3649);
#3651=CARTESIAN_POINT('',(3.0975E1,-8.999999999998E-1,3.95E0));
#3652=VERTEX_POINT('',#3651);
#3653=CARTESIAN_POINT('',(3.1625E1,-8.999999999998E-1,3.95E0));
#3654=VERTEX_POINT('',#3653);
#3655=CARTESIAN_POINT('',(3.1625E1,-1.149999999998E0,3.950000213520E0));
#3656=VERTEX_POINT('',#3655);
#3657=CARTESIAN_POINT('',(3.1775E1,-1.149999999998E0,3.950000213520E0));
#3658=VERTEX_POINT('',#3657);
#3659=CARTESIAN_POINT('',(3.1775E1,-8.999999999998E-1,3.95E0));
#3660=VERTEX_POINT('',#3659);
#3661=CARTESIAN_POINT('',(2.9225E1,-7.999999999999E-1,4.15E0));
#3662=VERTEX_POINT('',#3661);
#3663=CARTESIAN_POINT('',(2.9225E1,-7.499999999999E-1,4.15E0));
#3664=VERTEX_POINT('',#3663);
#3665=CARTESIAN_POINT('',(2.9225E1,-7.499999999998E-1,3.93E0));
#3666=VERTEX_POINT('',#3665);
#3667=CARTESIAN_POINT('',(2.9225E1,-8.299999999998E-1,3.9E0));
#3668=VERTEX_POINT('',#3667);
#3669=CARTESIAN_POINT('',(2.9225E1,-1.100000175202E0,3.900000000001E0));
#3670=VERTEX_POINT('',#3669);
#3671=CARTESIAN_POINT('',(2.9225E1,-8.999999999998E-1,4.63E0));
#3672=VERTEX_POINT('',#3671);
#3673=CARTESIAN_POINT('',(2.9225E1,-7.499999999999E-1,4.63E0));
#3674=VERTEX_POINT('',#3673);
#3675=CARTESIAN_POINT('',(3.205000017520E1,-8.999999999998E-1,
4.629999999999E0));
#3676=CARTESIAN_POINT('',(3.1775E1,-8.999999999998E-1,4.63E0));
#3677=VERTEX_POINT('',#3675);
#3678=VERTEX_POINT('',#3676);
#3679=CARTESIAN_POINT('',(3.21E1,-8.999999999998E-1,4.58E0));
#3680=VERTEX_POINT('',#3679);
#3681=CARTESIAN_POINT('',(3.21E1,-8.999999999998E-1,4.25E0));
#3682=VERTEX_POINT('',#3681);
#3683=CARTESIAN_POINT('',(3.255E1,-8.999999999998E-1,4.25E0));
#3684=VERTEX_POINT('',#3683);
#3685=CARTESIAN_POINT('',(3.255E1,-7.499999999999E-1,4.25E0));
#3686=VERTEX_POINT('',#3685);
#3687=CARTESIAN_POINT('',(3.0175E1,-7.999999999999E-1,4.56E0));
#3688=CARTESIAN_POINT('',(3.0175E1,-7.999999999999E-1,4.15E0));
#3689=VERTEX_POINT('',#3687);
#3690=VERTEX_POINT('',#3688);
#3691=CARTESIAN_POINT('',(3.0175E1,-7.499999999999E-1,4.56E0));
#3692=VERTEX_POINT('',#3691);
#3693=CARTESIAN_POINT('',(3.0175E1,-7.499999999999E-1,4.63E0));
#3694=VERTEX_POINT('',#3693);
#3695=CARTESIAN_POINT('',(3.0175E1,-8.999999999998E-1,4.63E0));
#3696=VERTEX_POINT('',#3695);
#3697=CARTESIAN_POINT('',(3.0175E1,-1.1E0,3.9E0));
#3698=VERTEX_POINT('',#3697);
#3699=CARTESIAN_POINT('',(3.0175E1,-8.299999999998E-1,3.9E0));
#3700=VERTEX_POINT('',#3699);
#3701=CARTESIAN_POINT('',(3.0175E1,-7.499999999998E-1,3.93E0));
#3702=VERTEX_POINT('',#3701);
#3703=CARTESIAN_POINT('',(3.0175E1,-7.499999999999E-1,4.15E0));
#3704=VERTEX_POINT('',#3703);
#3705=CARTESIAN_POINT('',(3.0025E1,-7.999999999999E-1,4.56E0));
#3706=VERTEX_POINT('',#3705);
#3707=CARTESIAN_POINT('',(3.0025E1,-7.499999999999E-1,4.56E0));
#3708=VERTEX_POINT('',#3707);
#3709=CARTESIAN_POINT('',(3.04E1,-3.32E0,4.11E0));
#3710=VERTEX_POINT('',#3709);
#3711=CARTESIAN_POINT('',(3.0025E1,-7.999999999999E-1,4.15E0));
#3712=VERTEX_POINT('',#3711);
#3713=CARTESIAN_POINT('',(3.0025E1,-7.499999999999E-1,4.15E0));
#3714=VERTEX_POINT('',#3713);
#3715=CARTESIAN_POINT('',(3.0025E1,-7.499999999998E-1,3.93E0));
#3716=VERTEX_POINT('',#3715);
#3717=CARTESIAN_POINT('',(3.0025E1,-8.299999999998E-1,3.9E0));
#3718=VERTEX_POINT('',#3717);
#3719=CARTESIAN_POINT('',(3.0025E1,-1.100000175202E0,3.900000000001E0));
#3720=VERTEX_POINT('',#3719);
#3721=CARTESIAN_POINT('',(3.0825E1,-8.999999999998E-1,4.63E0));
#3722=VERTEX_POINT('',#3721);
#3723=CARTESIAN_POINT('',(3.0825E1,-7.499999999999E-1,4.63E0));
#3724=VERTEX_POINT('',#3723);
#3725=CARTESIAN_POINT('',(3.28E1,-3.27E0,4.65E0));
#3726=VERTEX_POINT('',#3725);
#3727=CARTESIAN_POINT('',(3.28E1,-3.27E0,5.15E0));
#3728=VERTEX_POINT('',#3727);
#3729=CARTESIAN_POINT('',(3.3E1,-3.27E0,5.15E0));
#3730=VERTEX_POINT('',#3729);
#3731=CARTESIAN_POINT('',(3.3E1,-3.27E0,4.65E0));
#3732=VERTEX_POINT('',#3731);
#3733=CARTESIAN_POINT('',(3.32E1,-3.27E0,4.65E0));
#3734=VERTEX_POINT('',#3733);
#3735=CARTESIAN_POINT('',(3.32E1,-3.27E0,5.3E0));
#3736=VERTEX_POINT('',#3735);
#3737=CARTESIAN_POINT('',(3.193E1,-3.32E0,5.3E0));
#3738=VERTEX_POINT('',#3737);
#3739=CARTESIAN_POINT('',(3.06E1,-3.32E0,4.11E0));
#3740=VERTEX_POINT('',#3739);
#3741=CARTESIAN_POINT('',(3.12E1,-3.32E0,4.11E0));
#3742=VERTEX_POINT('',#3741);
#3743=CARTESIAN_POINT('',(3.12E1,-3.32E0,4.25E0));
#3744=VERTEX_POINT('',#3743);
#3745=CARTESIAN_POINT('',(3.14E1,-3.32E0,4.25E0));
#3746=VERTEX_POINT('',#3745);
#3747=CARTESIAN_POINT('',(3.14E1,-3.32E0,4.11E0));
#3748=VERTEX_POINT('',#3747);
#3749=CARTESIAN_POINT('',(3.233E1,-3.32E0,4.11E0));
#3750=VERTEX_POINT('',#3749);
#3751=CARTESIAN_POINT('',(3.233E1,-3.32E0,4.69E0));
#3752=VERTEX_POINT('',#3751);
#3753=CARTESIAN_POINT('',(3.255E1,-3.32E0,4.69E0));
#3754=VERTEX_POINT('',#3753);
#3755=CARTESIAN_POINT('',(3.255E1,-3.32E0,5.08E0));
#3756=VERTEX_POINT('',#3755);
#3757=CARTESIAN_POINT('',(3.233E1,-3.32E0,5.08E0));
#3758=VERTEX_POINT('',#3757);
#3759=CARTESIAN_POINT('',(3.233E1,-3.32E0,5.42E0));
#3760=VERTEX_POINT('',#3759);
#3761=CARTESIAN_POINT('',(3.198E1,-3.32E0,5.42E0));
#3762=VERTEX_POINT('',#3761);
#3763=CARTESIAN_POINT('',(3.193E1,-3.32E0,5.37E0));
#3764=VERTEX_POINT('',#3763);
#3765=CARTESIAN_POINT('',(3.28E1,-2.97E0,4.35E0));
#3766=VERTEX_POINT('',#3765);
#3767=CARTESIAN_POINT('',(3.28E1,-2.37E0,4.35E0));
#3768=VERTEX_POINT('',#3767);
#3769=CARTESIAN_POINT('',(3.28E1,-2.37E0,3.9E0));
#3770=VERTEX_POINT('',#3769);
#3771=CARTESIAN_POINT('',(3.32E1,-2.97E0,4.35E0));
#3772=VERTEX_POINT('',#3771);
#3773=CARTESIAN_POINT('',(3.32E1,-2.17E0,4.35E0));
#3774=VERTEX_POINT('',#3773);
#3775=CARTESIAN_POINT('',(3.0975E1,-7.999999999999E-1,4.56E0));
#3776=CARTESIAN_POINT('',(3.0975E1,-7.999999999999E-1,4.15E0));
#3777=VERTEX_POINT('',#3775);
#3778=VERTEX_POINT('',#3776);
#3779=CARTESIAN_POINT('',(3.0975E1,-7.499999999999E-1,4.56E0));
#3780=VERTEX_POINT('',#3779);
#3781=CARTESIAN_POINT('',(3.0975E1,-7.499999999999E-1,4.63E0));
#3782=VERTEX_POINT('',#3781);
#3783=CARTESIAN_POINT('',(3.0975E1,-8.999999999998E-1,4.63E0));
#3784=VERTEX_POINT('',#3783);
#3785=CARTESIAN_POINT('',(3.0975E1,-1.1E0,3.9E0));
#3786=VERTEX_POINT('',#3785);
#3787=CARTESIAN_POINT('',(3.0975E1,-8.299999999998E-1,3.9E0));
#3788=VERTEX_POINT('',#3787);
#3789=CARTESIAN_POINT('',(3.0975E1,-7.499999999998E-1,3.93E0));
#3790=VERTEX_POINT('',#3789);
#3791=CARTESIAN_POINT('',(3.0975E1,-7.499999999999E-1,4.15E0));
#3792=VERTEX_POINT('',#3791);
#3793=CARTESIAN_POINT('',(3.0825E1,-7.999999999999E-1,4.56E0));
#3794=VERTEX_POINT('',#3793);
#3795=CARTESIAN_POINT('',(3.0825E1,-7.499999999999E-1,4.56E0));
#3796=VERTEX_POINT('',#3795);
#3797=CARTESIAN_POINT('',(3.1625E1,-7.499999999999E-1,4.63E0));
#3798=VERTEX_POINT('',#3797);
#3799=CARTESIAN_POINT('',(3.21E1,-7.499999999999E-1,4.25E0));
#3800=VERTEX_POINT('',#3799);
#3801=CARTESIAN_POINT('',(3.21E1,-7.499999999999E-1,4.579999786480E0));
#3802=VERTEX_POINT('',#3801);
#3803=CARTESIAN_POINT('',(3.205E1,-7.499999999999E-1,4.63E0));
#3804=VERTEX_POINT('',#3803);
#3805=CARTESIAN_POINT('',(3.1775E1,-7.499999999999E-1,4.63E0));
#3806=VERTEX_POINT('',#3805);
#3807=CARTESIAN_POINT('',(3.1775E1,-7.499999999999E-1,4.56E0));
#3808=VERTEX_POINT('',#3807);
#3809=CARTESIAN_POINT('',(3.1625E1,-7.499999999999E-1,4.56E0));
#3810=VERTEX_POINT('',#3809);
#3811=CARTESIAN_POINT('',(3.0825E1,-7.999999999999E-1,4.15E0));
#3812=VERTEX_POINT('',#3811);
#3813=CARTESIAN_POINT('',(3.0825E1,-7.499999999999E-1,4.15E0));
#3814=VERTEX_POINT('',#3813);
#3815=CARTESIAN_POINT('',(3.0825E1,-7.499999999998E-1,3.93E0));
#3816=VERTEX_POINT('',#3815);
#3817=CARTESIAN_POINT('',(3.0825E1,-8.299999999998E-1,3.9E0));
#3818=VERTEX_POINT('',#3817);
#3819=CARTESIAN_POINT('',(3.0825E1,-1.100000175202E0,3.900000000001E0));
#3820=VERTEX_POINT('',#3819);
#3821=CARTESIAN_POINT('',(3.3E1,-2.37E0,3.9E0));
#3822=VERTEX_POINT('',#3821);
#3823=CARTESIAN_POINT('',(3.1625E1,-8.999999999998E-1,4.63E0));
#3824=VERTEX_POINT('',#3823);
#3825=CARTESIAN_POINT('',(3.3E1,-2.97E0,4.35E0));
#3826=VERTEX_POINT('',#3825);
#3827=CARTESIAN_POINT('',(3.3E1,-2.37E0,4.35E0));
#3828=VERTEX_POINT('',#3827);
#3829=CARTESIAN_POINT('',(3.1625E1,-7.999999999999E-1,4.56E0));
#3830=CARTESIAN_POINT('',(3.1775E1,-7.999999999999E-1,4.56E0));
#3831=VERTEX_POINT('',#3829);
#3832=VERTEX_POINT('',#3830);
#3833=CARTESIAN_POINT('',(3.1775E1,-7.999999999999E-1,4.15E0));
#3834=VERTEX_POINT('',#3833);
#3835=CARTESIAN_POINT('',(3.1775E1,-1.1E0,3.9E0));
#3836=VERTEX_POINT('',#3835);
#3837=CARTESIAN_POINT('',(3.1775E1,-8.299999999998E-1,3.9E0));
#3838=VERTEX_POINT('',#3837);
#3839=CARTESIAN_POINT('',(3.1775E1,-7.499999999998E-1,3.93E0));
#3840=VERTEX_POINT('',#3839);
#3841=CARTESIAN_POINT('',(3.1775E1,-7.499999999999E-1,4.15E0));
#3842=VERTEX_POINT('',#3841);
#3843=CARTESIAN_POINT('',(3.1625E1,-7.499999999998E-1,3.93E0));
#3844=VERTEX_POINT('',#3843);
#3845=CARTESIAN_POINT('',(3.1625E1,-7.499999999999E-1,4.15E0));
#3846=VERTEX_POINT('',#3845);
#3847=CARTESIAN_POINT('',(3.1625E1,-1.100000175202E0,3.900000000001E0));
#3848=VERTEX_POINT('',#3847);
#3849=CARTESIAN_POINT('',(3.1625E1,-7.999999999999E-1,4.15E0));
#3850=VERTEX_POINT('',#3849);
#3851=CARTESIAN_POINT('',(3.1625E1,-8.299999999998E-1,3.9E0));
#3852=VERTEX_POINT('',#3851);
#3853=CARTESIAN_POINT('',(2.2645E1,-3.42E0,5.395E0));
#3854=DIRECTION('',(7.071067811866E-1,0.E0,7.071067811865E-1));
#3855=DIRECTION('',(-7.071067811865E-1,0.E0,7.071067811866E-1));
#3856=AXIS2_PLACEMENT_3D('',#3853,#3854,#3855);
#3857=PLANE('',#3856);
#3859=ORIENTED_EDGE('',*,*,#3858,.T.);
#3861=ORIENTED_EDGE('',*,*,#3860,.T.);
#3863=ORIENTED_EDGE('',*,*,#3862,.T.);
#3865=ORIENTED_EDGE('',*,*,#3864,.T.);
#3866=EDGE_LOOP('',(#3859,#3861,#3863,#3865));
#3867=FACE_OUTER_BOUND('',#3866,.F.);
#3868=ADVANCED_FACE('',(#3867),#3857,.F.);
#3869=CARTESIAN_POINT('',(2.73E1,-3.52E0,4.8E0));
#3870=DIRECTION('',(0.E0,1.E0,0.E0));
#3871=DIRECTION('',(-1.E0,0.E0,0.E0));
#3872=AXIS2_PLACEMENT_3D('',#3869,#3870,#3871);
#3873=PLANE('',#3872);
#3875=ORIENTED_EDGE('',*,*,#3874,.F.);
#3877=ORIENTED_EDGE('',*,*,#3876,.F.);
#3879=ORIENTED_EDGE('',*,*,#3878,.F.);
#3881=ORIENTED_EDGE('',*,*,#3880,.F.);
#3883=ORIENTED_EDGE('',*,*,#3882,.T.);
#3885=ORIENTED_EDGE('',*,*,#3884,.T.);
#3887=ORIENTED_EDGE('',*,*,#3886,.F.);
#3889=ORIENTED_EDGE('',*,*,#3888,.T.);
#3890=EDGE_LOOP('',(#3875,#3877,#3879,#3881,#3883,#3885,#3887,#3889));
#3891=FACE_OUTER_BOUND('',#3890,.F.);
#3893=ORIENTED_EDGE('',*,*,#3892,.T.);
#3895=ORIENTED_EDGE('',*,*,#3894,.T.);
#3897=ORIENTED_EDGE('',*,*,#3896,.T.);
#3899=ORIENTED_EDGE('',*,*,#3898,.T.);
#3901=ORIENTED_EDGE('',*,*,#3900,.T.);
#3903=ORIENTED_EDGE('',*,*,#3902,.T.);
#3905=ORIENTED_EDGE('',*,*,#3904,.T.);
#3907=ORIENTED_EDGE('',*,*,#3906,.T.);
#3909=ORIENTED_EDGE('',*,*,#3908,.F.);
#3911=ORIENTED_EDGE('',*,*,#3910,.T.);
#3913=ORIENTED_EDGE('',*,*,#3912,.T.);
#3915=ORIENTED_EDGE('',*,*,#3914,.F.);
#3916=ORIENTED_EDGE('',*,*,#3858,.F.);
#3918=ORIENTED_EDGE('',*,*,#3917,.F.);
#3920=ORIENTED_EDGE('',*,*,#3919,.F.);
#3922=ORIENTED_EDGE('',*,*,#3921,.F.);
#3924=ORIENTED_EDGE('',*,*,#3923,.F.);
#3926=ORIENTED_EDGE('',*,*,#3925,.F.);
#3928=ORIENTED_EDGE('',*,*,#3927,.F.);
#3930=ORIENTED_EDGE('',*,*,#3929,.F.);
#3932=ORIENTED_EDGE('',*,*,#3931,.F.);
#3934=ORIENTED_EDGE('',*,*,#3933,.F.);
#3936=ORIENTED_EDGE('',*,*,#3935,.F.);
#3938=ORIENTED_EDGE('',*,*,#3937,.F.);
#3940=ORIENTED_EDGE('',*,*,#3939,.F.);
#3942=ORIENTED_EDGE('',*,*,#3941,.F.);
#3944=ORIENTED_EDGE('',*,*,#3943,.F.);
#3946=ORIENTED_EDGE('',*,*,#3945,.F.);
#3948=ORIENTED_EDGE('',*,*,#3947,.F.);
#3950=ORIENTED_EDGE('',*,*,#3949,.F.);
#3952=ORIENTED_EDGE('',*,*,#3951,.F.);
#3954=ORIENTED_EDGE('',*,*,#3953,.F.);
#3956=ORIENTED_EDGE('',*,*,#3955,.F.);
#3958=ORIENTED_EDGE('',*,*,#3957,.F.);
#3960=ORIENTED_EDGE('',*,*,#3959,.F.);
#3962=ORIENTED_EDGE('',*,*,#3961,.F.);
#3964=ORIENTED_EDGE('',*,*,#3963,.F.);
#3966=ORIENTED_EDGE('',*,*,#3965,.F.);
#3968=ORIENTED_EDGE('',*,*,#3967,.F.);
#3970=ORIENTED_EDGE('',*,*,#3969,.F.);
#3972=ORIENTED_EDGE('',*,*,#3971,.F.);
#3974=ORIENTED_EDGE('',*,*,#3973,.F.);
#3976=ORIENTED_EDGE('',*,*,#3975,.F.);
#3978=ORIENTED_EDGE('',*,*,#3977,.F.);
#3980=ORIENTED_EDGE('',*,*,#3979,.F.);
#3982=ORIENTED_EDGE('',*,*,#3981,.F.);
#3984=ORIENTED_EDGE('',*,*,#3983,.F.);
#3986=ORIENTED_EDGE('',*,*,#3985,.T.);
#3988=ORIENTED_EDGE('',*,*,#3987,.T.);
#3990=ORIENTED_EDGE('',*,*,#3989,.F.);
#3992=ORIENTED_EDGE('',*,*,#3991,.T.);
#3994=ORIENTED_EDGE('',*,*,#3993,.F.);
#3996=ORIENTED_EDGE('',*,*,#3995,.T.);
#3998=ORIENTED_EDGE('',*,*,#3997,.T.);
#4000=ORIENTED_EDGE('',*,*,#3999,.T.);
#4002=ORIENTED_EDGE('',*,*,#4001,.T.);
#4004=ORIENTED_EDGE('',*,*,#4003,.T.);
#4006=ORIENTED_EDGE('',*,*,#4005,.F.);
#4008=ORIENTED_EDGE('',*,*,#4007,.T.);
#4010=ORIENTED_EDGE('',*,*,#4009,.T.);
#4012=ORIENTED_EDGE('',*,*,#4011,.T.);
#4014=ORIENTED_EDGE('',*,*,#4013,.T.);
#4015=EDGE_LOOP('',(#3893,#3895,#3897,#3899,#3901,#3903,#3905,#3907,#3909,#3911,
#3913,#3915,#3916,#3918,#3920,#3922,#3924,#3926,#3928,#3930,#3932,#3934,#3936,
#3938,#3940,#3942,#3944,#3946,#3948,#3950,#3952,#3954,#3956,#3958,#3960,#3962,
#3964,#3966,#3968,#3970,#3972,#3974,#3976,#3978,#3980,#3982,#3984,#3986,#3988,
#3990,#3992,#3994,#3996,#3998,#4000,#4002,#4004,#4006,#4008,#4010,#4012,#4014));
#4016=FACE_BOUND('',#4015,.F.);
#4017=ADVANCED_FACE('',(#3891,#4016),#3873,.F.);
#4018=CARTESIAN_POINT('',(2.182E1,-2.845E0,4.625E0));
#4019=DIRECTION('',(1.E0,0.E0,0.E0));
#4020=DIRECTION('',(0.E0,1.E0,0.E0));
#4021=AXIS2_PLACEMENT_3D('',#4018,#4019,#4020);
#4022=PLANE('',#4021);
#4024=ORIENTED_EDGE('',*,*,#4023,.F.);
#4026=ORIENTED_EDGE('',*,*,#4025,.T.);
#4028=ORIENTED_EDGE('',*,*,#4027,.F.);
#4030=ORIENTED_EDGE('',*,*,#4029,.T.);
#4032=ORIENTED_EDGE('',*,*,#4031,.T.);
#4033=ORIENTED_EDGE('',*,*,#3874,.T.);
#4035=ORIENTED_EDGE('',*,*,#4034,.T.);
#4036=EDGE_LOOP('',(#4024,#4026,#4028,#4030,#4032,#4033,#4035));
#4037=FACE_OUTER_BOUND('',#4036,.F.);
#4038=ADVANCED_FACE('',(#4037),#4022,.F.);
#4039=CARTESIAN_POINT('',(2.161E1,-2.17E0,4.15E0));
#4040=DIRECTION('',(0.E0,1.E0,0.E0));
#4041=DIRECTION('',(-1.E0,0.E0,0.E0));
#4042=AXIS2_PLACEMENT_3D('',#4039,#4040,#4041);
#4043=PLANE('',#4042);
#4045=ORIENTED_EDGE('',*,*,#4044,.T.);
#4047=ORIENTED_EDGE('',*,*,#4046,.T.);
#4048=ORIENTED_EDGE('',*,*,#4023,.T.);
#4050=ORIENTED_EDGE('',*,*,#4049,.T.);
#4051=EDGE_LOOP('',(#4045,#4047,#4048,#4050));
#4052=FACE_OUTER_BOUND('',#4051,.F.);
#4053=ADVANCED_FACE('',(#4052),#4043,.F.);
#4054=CARTESIAN_POINT('',(2.14E1,-2.335E0,4.8E0));
#4055=DIRECTION('',(1.E0,0.E0,0.E0));
#4056=DIRECTION('',(0.E0,1.E0,0.E0));
#4057=AXIS2_PLACEMENT_3D('',#4054,#4055,#4056);
#4058=PLANE('',#4057);
#4060=ORIENTED_EDGE('',*,*,#4059,.F.);
#4062=ORIENTED_EDGE('',*,*,#4061,.T.);
#4063=ORIENTED_EDGE('',*,*,#3878,.T.);
#4065=ORIENTED_EDGE('',*,*,#4064,.F.);
#4067=ORIENTED_EDGE('',*,*,#4066,.F.);
#4069=ORIENTED_EDGE('',*,*,#4068,.F.);
#4071=ORIENTED_EDGE('',*,*,#4070,.F.);
#4072=ORIENTED_EDGE('',*,*,#4044,.F.);
#4074=ORIENTED_EDGE('',*,*,#4073,.T.);
#4075=EDGE_LOOP('',(#4060,#4062,#4063,#4065,#4067,#4069,#4071,#4072,#4074));
#4076=FACE_OUTER_BOUND('',#4075,.F.);
#4077=ADVANCED_FACE('',(#4076),#4058,.F.);
#4078=CARTESIAN_POINT('',(2.1725E1,-1.15E0,4.8E0));
#4079=DIRECTION('',(0.E0,1.E0,0.E0));
#4080=DIRECTION('',(1.E0,0.E0,0.E0));
#4081=AXIS2_PLACEMENT_3D('',#4078,#4079,#4080);
#4082=PLANE('',#4081);
#4083=ORIENTED_EDGE('',*,*,#4059,.T.);
#4085=ORIENTED_EDGE('',*,*,#4084,.T.);
#4087=ORIENTED_EDGE('',*,*,#4086,.T.);
#4089=ORIENTED_EDGE('',*,*,#4088,.T.);
#4090=EDGE_LOOP('',(#4083,#4085,#4087,#4089));
#4091=FACE_OUTER_BOUND('',#4090,.F.);
#4092=ADVANCED_FACE('',(#4091),#4082,.T.);
#4093=CARTESIAN_POINT('',(2.73E1,-2.21E0,3.95E0));
#4094=DIRECTION('',(0.E0,0.E0,1.E0));
#4095=DIRECTION('',(-1.E0,0.E0,0.E0));
#4096=AXIS2_PLACEMENT_3D('',#4093,#4094,#4095);
#4097=PLANE('',#4096);
#4099=ORIENTED_EDGE('',*,*,#4098,.T.);
#4101=ORIENTED_EDGE('',*,*,#4100,.T.);
#4103=ORIENTED_EDGE('',*,*,#4102,.T.);
#4105=ORIENTED_EDGE('',*,*,#4104,.T.);
#4107=ORIENTED_EDGE('',*,*,#4106,.T.);
#4109=ORIENTED_EDGE('',*,*,#4108,.T.);
#4111=ORIENTED_EDGE('',*,*,#4110,.T.);
#4113=ORIENTED_EDGE('',*,*,#4112,.T.);
#4115=ORIENTED_EDGE('',*,*,#4114,.T.);
#4117=ORIENTED_EDGE('',*,*,#4116,.T.);
#4119=ORIENTED_EDGE('',*,*,#4118,.T.);
#4121=ORIENTED_EDGE('',*,*,#4120,.T.);
#4123=ORIENTED_EDGE('',*,*,#4122,.T.);
#4125=ORIENTED_EDGE('',*,*,#4124,.T.);
#4127=ORIENTED_EDGE('',*,*,#4126,.F.);
#4129=ORIENTED_EDGE('',*,*,#4128,.T.);
#4131=ORIENTED_EDGE('',*,*,#4130,.T.);
#4133=ORIENTED_EDGE('',*,*,#4132,.T.);
#4135=ORIENTED_EDGE('',*,*,#4134,.F.);
#4137=ORIENTED_EDGE('',*,*,#4136,.F.);
#4139=ORIENTED_EDGE('',*,*,#4138,.F.);
#4141=ORIENTED_EDGE('',*,*,#4140,.F.);
#4143=ORIENTED_EDGE('',*,*,#4142,.F.);
#4145=ORIENTED_EDGE('',*,*,#4144,.F.);
#4147=ORIENTED_EDGE('',*,*,#4146,.F.);
#4149=ORIENTED_EDGE('',*,*,#4148,.F.);
#4151=ORIENTED_EDGE('',*,*,#4150,.F.);
#4153=ORIENTED_EDGE('',*,*,#4152,.F.);
#4155=ORIENTED_EDGE('',*,*,#4154,.F.);
#4157=ORIENTED_EDGE('',*,*,#4156,.F.);
#4159=ORIENTED_EDGE('',*,*,#4158,.F.);
#4161=ORIENTED_EDGE('',*,*,#4160,.F.);
#4163=ORIENTED_EDGE('',*,*,#4162,.F.);
#4165=ORIENTED_EDGE('',*,*,#4164,.F.);
#4167=ORIENTED_EDGE('',*,*,#4166,.F.);
#4169=ORIENTED_EDGE('',*,*,#4168,.F.);
#4171=ORIENTED_EDGE('',*,*,#4170,.F.);
#4173=ORIENTED_EDGE('',*,*,#4172,.F.);
#4175=ORIENTED_EDGE('',*,*,#4174,.F.);
#4177=ORIENTED_EDGE('',*,*,#4176,.F.);
#4179=ORIENTED_EDGE('',*,*,#4178,.F.);
#4181=ORIENTED_EDGE('',*,*,#4180,.F.);
#4183=ORIENTED_EDGE('',*,*,#4182,.F.);
#4185=ORIENTED_EDGE('',*,*,#4184,.F.);
#4187=ORIENTED_EDGE('',*,*,#4186,.F.);
#4189=ORIENTED_EDGE('',*,*,#4188,.F.);
#4191=ORIENTED_EDGE('',*,*,#4190,.F.);
#4193=ORIENTED_EDGE('',*,*,#4192,.F.);
#4195=ORIENTED_EDGE('',*,*,#4194,.F.);
#4197=ORIENTED_EDGE('',*,*,#4196,.F.);
#4199=ORIENTED_EDGE('',*,*,#4198,.F.);
#4200=ORIENTED_EDGE('',*,*,#4084,.F.);
#4201=ORIENTED_EDGE('',*,*,#4073,.F.);
#4202=ORIENTED_EDGE('',*,*,#4049,.F.);
#4203=ORIENTED_EDGE('',*,*,#4034,.F.);
#4204=ORIENTED_EDGE('',*,*,#3888,.F.);
#4206=ORIENTED_EDGE('',*,*,#4205,.F.);
#4208=ORIENTED_EDGE('',*,*,#4207,.T.);
#4210=ORIENTED_EDGE('',*,*,#4209,.T.);
#4212=ORIENTED_EDGE('',*,*,#4211,.T.);
#4213=EDGE_LOOP('',(#4099,#4101,#4103,#4105,#4107,#4109,#4111,#4113,#4115,#4117,
#4119,#4121,#4123,#4125,#4127,#4129,#4131,#4133,#4135,#4137,#4139,#4141,#4143,
#4145,#4147,#4149,#4151,#4153,#4155,#4157,#4159,#4161,#4163,#4165,#4167,#4169,
#4171,#4173,#4175,#4177,#4179,#4181,#4183,#4185,#4187,#4189,#4191,#4193,#4195,
#4197,#4199,#4200,#4201,#4202,#4203,#4204,#4206,#4208,#4210,#4212));
#4214=FACE_OUTER_BOUND('',#4213,.F.);
#4215=ADVANCED_FACE('',(#4214),#4097,.F.);
#4216=CARTESIAN_POINT('',(3.255E1,-9.499999999999E-1,4.8E0));
#4217=DIRECTION('',(1.E0,0.E0,0.E0));
#4218=DIRECTION('',(0.E0,-1.E0,0.E0));
#4219=AXIS2_PLACEMENT_3D('',#4216,#4217,#4218);
#4220=PLANE('',#4219);
#4221=ORIENTED_EDGE('',*,*,#4098,.F.);
#4223=ORIENTED_EDGE('',*,*,#4222,.T.);
#4225=ORIENTED_EDGE('',*,*,#4224,.F.);
#4227=ORIENTED_EDGE('',*,*,#4226,.T.);
#4229=ORIENTED_EDGE('',*,*,#4228,.T.);
#4231=ORIENTED_EDGE('',*,*,#4230,.F.);
#4232=EDGE_LOOP('',(#4221,#4223,#4225,#4227,#4229,#4231));
#4233=FACE_OUTER_BOUND('',#4232,.F.);
#4234=ADVANCED_FACE('',(#4233),#4220,.T.);
#4235=CARTESIAN_POINT('',(3.2875E1,-1.15E0,4.8E0));
#4236=DIRECTION('',(0.E0,1.E0,0.E0));
#4237=DIRECTION('',(1.E0,0.E0,0.E0));
#4238=AXIS2_PLACEMENT_3D('',#4235,#4236,#4237);
#4239=PLANE('',#4238);
#4241=ORIENTED_EDGE('',*,*,#4240,.T.);
#4243=ORIENTED_EDGE('',*,*,#4242,.F.);
#4244=ORIENTED_EDGE('',*,*,#4222,.F.);
#4245=ORIENTED_EDGE('',*,*,#4211,.F.);
#4246=EDGE_LOOP('',(#4241,#4243,#4244,#4245));
#4247=FACE_OUTER_BOUND('',#4246,.F.);
#4248=ADVANCED_FACE('',(#4247),#4239,.T.);
#4249=CARTESIAN_POINT('',(3.32E1,-2.335E0,4.8E0));
#4250=DIRECTION('',(1.E0,0.E0,0.E0));
#4251=DIRECTION('',(0.E0,-1.E0,0.E0));
#4252=AXIS2_PLACEMENT_3D('',#4249,#4250,#4251);
#4253=PLANE('',#4252);
#4254=ORIENTED_EDGE('',*,*,#4240,.F.);
#4255=ORIENTED_EDGE('',*,*,#4209,.F.);
#4257=ORIENTED_EDGE('',*,*,#4256,.T.);
#4259=ORIENTED_EDGE('',*,*,#4258,.T.);
#4261=ORIENTED_EDGE('',*,*,#4260,.F.);
#4263=ORIENTED_EDGE('',*,*,#4262,.F.);
#4265=ORIENTED_EDGE('',*,*,#4264,.T.);
#4266=ORIENTED_EDGE('',*,*,#3882,.F.);
#4268=ORIENTED_EDGE('',*,*,#4267,.F.);
#4269=EDGE_LOOP('',(#4254,#4255,#4257,#4259,#4261,#4263,#4265,#4266,#4268));
#4270=FACE_OUTER_BOUND('',#4269,.F.);
#4271=ADVANCED_FACE('',(#4270),#4253,.T.);
#4272=CARTESIAN_POINT('',(3.299E1,-2.17E0,4.15E0));
#4273=DIRECTION('',(0.E0,1.E0,0.E0));
#4274=DIRECTION('',(-1.E0,0.E0,0.E0));
#4275=AXIS2_PLACEMENT_3D('',#4272,#4273,#4274);
#4276=PLANE('',#4275);
#4277=ORIENTED_EDGE('',*,*,#4256,.F.);
#4278=ORIENTED_EDGE('',*,*,#4207,.F.);
#4280=ORIENTED_EDGE('',*,*,#4279,.F.);
#4282=ORIENTED_EDGE('',*,*,#4281,.T.);
#4283=EDGE_LOOP('',(#4277,#4278,#4280,#4282));
#4284=FACE_OUTER_BOUND('',#4283,.F.);
#4285=ADVANCED_FACE('',(#4284),#4276,.F.);
#4286=CARTESIAN_POINT('',(3.278E1,-2.845E0,4.625E0));
#4287=DIRECTION('',(1.E0,0.E0,0.E0));
#4288=DIRECTION('',(0.E0,-1.E0,0.E0));
#4289=AXIS2_PLACEMENT_3D('',#4286,#4287,#4288);
#4290=PLANE('',#4289);
#4291=ORIENTED_EDGE('',*,*,#4279,.T.);
#4292=ORIENTED_EDGE('',*,*,#4205,.T.);
#4293=ORIENTED_EDGE('',*,*,#3886,.T.);
#4295=ORIENTED_EDGE('',*,*,#4294,.T.);
#4297=ORIENTED_EDGE('',*,*,#4296,.T.);
#4299=ORIENTED_EDGE('',*,*,#4298,.F.);
#4301=ORIENTED_EDGE('',*,*,#4300,.T.);
#4302=EDGE_LOOP('',(#4291,#4292,#4293,#4295,#4297,#4299,#4301));
#4303=FACE_OUTER_BOUND('',#4302,.F.);
#4304=ADVANCED_FACE('',(#4303),#4290,.T.);
#4305=CARTESIAN_POINT('',(3.299E1,-3.395E0,5.3E0));
#4306=DIRECTION('',(0.E0,0.E0,1.E0));
#4307=DIRECTION('',(-1.E0,0.E0,0.E0));
#4308=AXIS2_PLACEMENT_3D('',#4305,#4306,#4307);
#4309=PLANE('',#4308);
#4310=ORIENTED_EDGE('',*,*,#3884,.F.);
#4311=ORIENTED_EDGE('',*,*,#4264,.F.);
#4313=ORIENTED_EDGE('',*,*,#4312,.F.);
#4314=ORIENTED_EDGE('',*,*,#4294,.F.);
#4315=EDGE_LOOP('',(#4310,#4311,#4313,#4314));
#4316=FACE_OUTER_BOUND('',#4315,.F.);
#4317=ADVANCED_FACE('',(#4316),#4309,.F.);
#4318=CARTESIAN_POINT('',(3.299E1,-3.27E0,4.975E0));
#4319=DIRECTION('',(0.E0,1.E0,0.E0));
#4320=DIRECTION('',(-1.E0,0.E0,0.E0));
#4321=AXIS2_PLACEMENT_3D('',#4318,#4319,#4320);
#4322=PLANE('',#4321);
#4323=ORIENTED_EDGE('',*,*,#4296,.F.);
#4324=ORIENTED_EDGE('',*,*,#4312,.T.);
#4325=ORIENTED_EDGE('',*,*,#4262,.T.);
#4327=ORIENTED_EDGE('',*,*,#4326,.T.);
#4329=ORIENTED_EDGE('',*,*,#4328,.T.);
#4331=ORIENTED_EDGE('',*,*,#4330,.T.);
#4333=ORIENTED_EDGE('',*,*,#4332,.T.);
#4335=ORIENTED_EDGE('',*,*,#4334,.T.);
#4336=EDGE_LOOP('',(#4323,#4324,#4325,#4327,#4329,#4331,#4333,#4335));
#4337=FACE_OUTER_BOUND('',#4336,.F.);
#4338=ADVANCED_FACE('',(#4337),#4322,.F.);
#4339=CARTESIAN_POINT('',(3.31E1,-3.12E0,4.5E0));
#4340=DIRECTION('',(0.E0,7.071067811865E-1,7.071067811865E-1));
#4341=DIRECTION('',(0.E0,-7.071067811865E-1,7.071067811865E-1));
#4342=AXIS2_PLACEMENT_3D('',#4339,#4340,#4341);
#4343=PLANE('',#4342);
#4344=ORIENTED_EDGE('',*,*,#4326,.F.);
#4345=ORIENTED_EDGE('',*,*,#4260,.T.);
#4347=ORIENTED_EDGE('',*,*,#4346,.T.);
#4349=ORIENTED_EDGE('',*,*,#4348,.T.);
#4350=EDGE_LOOP('',(#4344,#4345,#4347,#4349));
#4351=FACE_OUTER_BOUND('',#4350,.F.);
#4352=ADVANCED_FACE('',(#4351),#4343,.F.);
#4353=CARTESIAN_POINT('',(3.299E1,-2.57E0,4.35E0));
#4354=DIRECTION('',(0.E0,0.E0,1.E0));
#4355=DIRECTION('',(-1.E0,0.E0,0.E0));
#4356=AXIS2_PLACEMENT_3D('',#4353,#4354,#4355);
#4357=PLANE('',#4356);
#4358=ORIENTED_EDGE('',*,*,#4281,.F.);
#4359=ORIENTED_EDGE('',*,*,#4300,.F.);
#4361=ORIENTED_EDGE('',*,*,#4360,.F.);
#4363=ORIENTED_EDGE('',*,*,#4362,.F.);
#4365=ORIENTED_EDGE('',*,*,#4364,.F.);
#4367=ORIENTED_EDGE('',*,*,#4366,.F.);
#4368=ORIENTED_EDGE('',*,*,#4346,.F.);
#4369=ORIENTED_EDGE('',*,*,#4258,.F.);
#4370=EDGE_LOOP('',(#4358,#4359,#4361,#4363,#4365,#4367,#4368,#4369));
#4371=FACE_OUTER_BOUND('',#4370,.F.);
#4372=ADVANCED_FACE('',(#4371),#4357,.F.);
#4373=CARTESIAN_POINT('',(3.279E1,-3.12E0,4.5E0));
#4374=DIRECTION('',(0.E0,7.071067811865E-1,7.071067811865E-1));
#4375=DIRECTION('',(0.E0,-7.071067811865E-1,7.071067811865E-1));
#4376=AXIS2_PLACEMENT_3D('',#4373,#4374,#4375);
#4377=PLANE('',#4376);
#4378=ORIENTED_EDGE('',*,*,#4334,.F.);
#4380=ORIENTED_EDGE('',*,*,#4379,.T.);
#4381=ORIENTED_EDGE('',*,*,#4360,.T.);
#4382=ORIENTED_EDGE('',*,*,#4298,.T.);
#4383=EDGE_LOOP('',(#4378,#4380,#4381,#4382));
#4384=FACE_OUTER_BOUND('',#4383,.F.);
#4385=ADVANCED_FACE('',(#4384),#4377,.F.);
#4386=CARTESIAN_POINT('',(3.28E1,-2.87E0,4.525E0));
#4387=DIRECTION('',(1.E0,0.E0,0.E0));
#4388=DIRECTION('',(0.E0,1.E0,0.E0));
#4389=AXIS2_PLACEMENT_3D('',#4386,#4387,#4388);
#4390=PLANE('',#4389);
#4391=ORIENTED_EDGE('',*,*,#4332,.F.);
#4393=ORIENTED_EDGE('',*,*,#4392,.T.);
#4395=ORIENTED_EDGE('',*,*,#4394,.F.);
#4397=ORIENTED_EDGE('',*,*,#4396,.T.);
#4399=ORIENTED_EDGE('',*,*,#4398,.T.);
#4400=ORIENTED_EDGE('',*,*,#4362,.T.);
#4401=ORIENTED_EDGE('',*,*,#4379,.F.);
#4402=EDGE_LOOP('',(#4391,#4393,#4395,#4397,#4399,#4400,#4401));
#4403=FACE_OUTER_BOUND('',#4402,.F.);
#4404=ADVANCED_FACE('',(#4403),#4390,.F.);
#4405=CARTESIAN_POINT('',(3.29E1,-3.32E0,5.15E0));
#4406=DIRECTION('',(0.E0,0.E0,1.E0));
#4407=DIRECTION('',(1.E0,0.E0,0.E0));
#4408=AXIS2_PLACEMENT_3D('',#4405,#4406,#4407);
#4409=PLANE('',#4408);
#4411=ORIENTED_EDGE('',*,*,#4410,.F.);
#4413=ORIENTED_EDGE('',*,*,#4412,.F.);
#4414=ORIENTED_EDGE('',*,*,#4392,.F.);
#4415=ORIENTED_EDGE('',*,*,#4330,.F.);
#4416=EDGE_LOOP('',(#4411,#4413,#4414,#4415));
#4417=FACE_OUTER_BOUND('',#4416,.F.);
#4418=ADVANCED_FACE('',(#4417),#4409,.T.);
#4419=CARTESIAN_POINT('',(3.3E1,-2.87E0,4.525E0));
#4420=DIRECTION('',(1.E0,0.E0,0.E0));
#4421=DIRECTION('',(0.E0,-1.E0,0.E0));
#4422=AXIS2_PLACEMENT_3D('',#4419,#4420,#4421);
#4423=PLANE('',#4422);
#4424=ORIENTED_EDGE('',*,*,#4348,.F.);
#4425=ORIENTED_EDGE('',*,*,#4366,.T.);
#4427=ORIENTED_EDGE('',*,*,#4426,.F.);
#4429=ORIENTED_EDGE('',*,*,#4428,.F.);
#4431=ORIENTED_EDGE('',*,*,#4430,.F.);
#4432=ORIENTED_EDGE('',*,*,#4410,.T.);
#4433=ORIENTED_EDGE('',*,*,#4328,.F.);
#4434=EDGE_LOOP('',(#4424,#4425,#4427,#4429,#4431,#4432,#4433));
#4435=FACE_OUTER_BOUND('',#4434,.F.);
#4436=ADVANCED_FACE('',(#4435),#4423,.T.);
#4437=CARTESIAN_POINT('',(3.29E1,-2.37E0,4.125E0));
#4438=DIRECTION('',(0.E0,1.E0,0.E0));
#4439=DIRECTION('',(1.E0,0.E0,0.E0));
#4440=AXIS2_PLACEMENT_3D('',#4437,#4438,#4439);
#4441=PLANE('',#4440);
#4442=ORIENTED_EDGE('',*,*,#4398,.F.);
#4444=ORIENTED_EDGE('',*,*,#4443,.F.);
#4445=ORIENTED_EDGE('',*,*,#4426,.T.);
#4446=ORIENTED_EDGE('',*,*,#4364,.T.);
#4447=EDGE_LOOP('',(#4442,#4444,#4445,#4446));
#4448=FACE_OUTER_BOUND('',#4447,.F.);
#4449=ADVANCED_FACE('',(#4448),#4441,.T.);
#4450=CARTESIAN_POINT('',(3.29E1,-2.87E0,3.9E0));
#4451=DIRECTION('',(0.E0,0.E0,1.E0));
#4452=DIRECTION('',(-1.E0,0.E0,0.E0));
#4453=AXIS2_PLACEMENT_3D('',#4450,#4451,#4452);
#4454=PLANE('',#4453);
#4455=ORIENTED_EDGE('',*,*,#4428,.T.);
#4456=ORIENTED_EDGE('',*,*,#4443,.T.);
#4457=ORIENTED_EDGE('',*,*,#4396,.F.);
#4459=ORIENTED_EDGE('',*,*,#4458,.F.);
#4460=EDGE_LOOP('',(#4455,#4456,#4457,#4459));
#4461=FACE_OUTER_BOUND('',#4460,.F.);
#4462=ADVANCED_FACE('',(#4461),#4454,.F.);
#4463=CARTESIAN_POINT('',(3.29E1,-3.37E0,4.525E0));
#4464=DIRECTION('',(0.E0,1.E0,0.E0));
#4465=DIRECTION('',(-1.E0,0.E0,0.E0));
#4466=AXIS2_PLACEMENT_3D('',#4463,#4464,#4465);
#4467=PLANE('',#4466);
#4468=ORIENTED_EDGE('',*,*,#4412,.T.);
#4469=ORIENTED_EDGE('',*,*,#4430,.T.);
#4470=ORIENTED_EDGE('',*,*,#4458,.T.);
#4471=ORIENTED_EDGE('',*,*,#4394,.T.);
#4472=EDGE_LOOP('',(#4468,#4469,#4470,#4471));
#4473=FACE_OUTER_BOUND('',#4472,.F.);
#4474=ADVANCED_FACE('',(#4473),#4467,.F.);
#4475=CARTESIAN_POINT('',(2.73E1,-2.135E0,5.65E0));
#4476=DIRECTION('',(0.E0,0.E0,1.E0));
#4477=DIRECTION('',(1.E0,0.E0,0.E0));
#4478=AXIS2_PLACEMENT_3D('',#4475,#4476,#4477);
#4479=PLANE('',#4478);
#4480=ORIENTED_EDGE('',*,*,#4224,.T.);
#4481=ORIENTED_EDGE('',*,*,#4242,.T.);
#4482=ORIENTED_EDGE('',*,*,#4267,.T.);
#4483=ORIENTED_EDGE('',*,*,#3880,.T.);
#4484=ORIENTED_EDGE('',*,*,#4061,.F.);
#4485=ORIENTED_EDGE('',*,*,#4088,.F.);
#4487=ORIENTED_EDGE('',*,*,#4486,.F.);
#4489=ORIENTED_EDGE('',*,*,#4488,.T.);
#4491=ORIENTED_EDGE('',*,*,#4490,.F.);
#4493=ORIENTED_EDGE('',*,*,#4492,.F.);
#4495=ORIENTED_EDGE('',*,*,#4494,.T.);
#4496=EDGE_LOOP('',(#4480,#4481,#4482,#4483,#4484,#4485,#4487,#4489,#4491,#4493,
#4495));
#4497=FACE_OUTER_BOUND('',#4496,.F.);
#4498=ADVANCED_FACE('',(#4497),#4479,.T.);
#4499=CARTESIAN_POINT('',(2.205E1,-9.499999999999E-1,4.8E0));
#4500=DIRECTION('',(1.E0,0.E0,0.E0));
#4501=DIRECTION('',(0.E0,1.E0,0.E0));
#4502=AXIS2_PLACEMENT_3D('',#4499,#4500,#4501);
#4503=PLANE('',#4502);
#4504=ORIENTED_EDGE('',*,*,#4198,.T.);
#4506=ORIENTED_EDGE('',*,*,#4505,.F.);
#4508=ORIENTED_EDGE('',*,*,#4507,.F.);
#4510=ORIENTED_EDGE('',*,*,#4509,.T.);
#4511=ORIENTED_EDGE('',*,*,#4486,.T.);
#4512=ORIENTED_EDGE('',*,*,#4086,.F.);
#4513=EDGE_LOOP('',(#4504,#4506,#4508,#4510,#4511,#4512));
#4514=FACE_OUTER_BOUND('',#4513,.F.);
#4515=ADVANCED_FACE('',(#4514),#4503,.F.);
#4516=CARTESIAN_POINT('',(2.24375E1,-8.999999999998E-1,4.29E0));
#4517=DIRECTION('',(0.E0,1.E0,0.E0));
#4518=DIRECTION('',(1.E0,0.E0,0.E0));
#4519=AXIS2_PLACEMENT_3D('',#4516,#4517,#4518);
#4520=PLANE('',#4519);
#4522=ORIENTED_EDGE('',*,*,#4521,.T.);
#4524=ORIENTED_EDGE('',*,*,#4523,.F.);
#4526=ORIENTED_EDGE('',*,*,#4525,.T.);
#4528=ORIENTED_EDGE('',*,*,#4527,.F.);
#4529=ORIENTED_EDGE('',*,*,#4505,.T.);
#4530=ORIENTED_EDGE('',*,*,#4196,.T.);
#4532=ORIENTED_EDGE('',*,*,#4531,.T.);
#4533=EDGE_LOOP('',(#4522,#4524,#4526,#4528,#4529,#4530,#4532));
#4534=FACE_OUTER_BOUND('',#4533,.F.);
#4535=ADVANCED_FACE('',(#4534),#4520,.T.);
#4536=CARTESIAN_POINT('',(2.26875E1,-8.249999999998E-1,4.63E0));
#4537=DIRECTION('',(0.E0,0.E0,1.E0));
#4538=DIRECTION('',(-1.E0,0.E0,0.E0));
#4539=AXIS2_PLACEMENT_3D('',#4536,#4537,#4538);
#4540=PLANE('',#4539);
#4542=ORIENTED_EDGE('',*,*,#4541,.T.);
#4544=ORIENTED_EDGE('',*,*,#4543,.F.);
#4545=ORIENTED_EDGE('',*,*,#4521,.F.);
#4547=ORIENTED_EDGE('',*,*,#4546,.T.);
#4548=EDGE_LOOP('',(#4542,#4544,#4545,#4547));
#4549=FACE_OUTER_BOUND('',#4548,.F.);
#4550=ADVANCED_FACE('',(#4549),#4540,.F.);
#4551=CARTESIAN_POINT('',(2.73E1,-7.499999999999E-1,4.95E0));
#4552=DIRECTION('',(0.E0,1.E0,0.E0));
#4553=DIRECTION('',(1.E0,0.E0,0.E0));
#4554=AXIS2_PLACEMENT_3D('',#4551,#4552,#4553);
#4555=PLANE('',#4554);
#4557=ORIENTED_EDGE('',*,*,#4556,.T.);
#4559=ORIENTED_EDGE('',*,*,#4558,.T.);
#4561=ORIENTED_EDGE('',*,*,#4560,.T.);
#4563=ORIENTED_EDGE('',*,*,#4562,.T.);
#4565=ORIENTED_EDGE('',*,*,#4564,.T.);
#4567=ORIENTED_EDGE('',*,*,#4566,.F.);
#4569=ORIENTED_EDGE('',*,*,#4568,.T.);
#4571=ORIENTED_EDGE('',*,*,#4570,.T.);
#4572=ORIENTED_EDGE('',*,*,#4226,.F.);
#4573=ORIENTED_EDGE('',*,*,#4494,.F.);
#4575=ORIENTED_EDGE('',*,*,#4574,.F.);
#4577=ORIENTED_EDGE('',*,*,#4576,.F.);
#4579=ORIENTED_EDGE('',*,*,#4578,.F.);
#4580=ORIENTED_EDGE('',*,*,#4488,.F.);
#4581=ORIENTED_EDGE('',*,*,#4509,.F.);
#4583=ORIENTED_EDGE('',*,*,#4582,.F.);
#4585=ORIENTED_EDGE('',*,*,#4584,.F.);
#4587=ORIENTED_EDGE('',*,*,#4586,.F.);
#4588=ORIENTED_EDGE('',*,*,#4541,.F.);
#4590=ORIENTED_EDGE('',*,*,#4589,.F.);
#4592=ORIENTED_EDGE('',*,*,#4591,.F.);
#4594=ORIENTED_EDGE('',*,*,#4593,.F.);
#4596=ORIENTED_EDGE('',*,*,#4595,.F.);
#4598=ORIENTED_EDGE('',*,*,#4597,.F.);
#4600=ORIENTED_EDGE('',*,*,#4599,.F.);
#4602=ORIENTED_EDGE('',*,*,#4601,.F.);
#4604=ORIENTED_EDGE('',*,*,#4603,.F.);
#4606=ORIENTED_EDGE('',*,*,#4605,.F.);
#4608=ORIENTED_EDGE('',*,*,#4607,.F.);
#4610=ORIENTED_EDGE('',*,*,#4609,.F.);
#4612=ORIENTED_EDGE('',*,*,#4611,.F.);
#4614=ORIENTED_EDGE('',*,*,#4613,.F.);
#4616=ORIENTED_EDGE('',*,*,#4615,.F.);
#4618=ORIENTED_EDGE('',*,*,#4617,.F.);
#4620=ORIENTED_EDGE('',*,*,#4619,.F.);
#4622=ORIENTED_EDGE('',*,*,#4621,.F.);
#4624=ORIENTED_EDGE('',*,*,#4623,.F.);
#4626=ORIENTED_EDGE('',*,*,#4625,.F.);
#4628=ORIENTED_EDGE('',*,*,#4627,.F.);
#4630=ORIENTED_EDGE('',*,*,#4629,.F.);
#4632=ORIENTED_EDGE('',*,*,#4631,.F.);
#4634=ORIENTED_EDGE('',*,*,#4633,.F.);
#4636=ORIENTED_EDGE('',*,*,#4635,.F.);
#4638=ORIENTED_EDGE('',*,*,#4637,.F.);
#4640=ORIENTED_EDGE('',*,*,#4639,.F.);
#4642=ORIENTED_EDGE('',*,*,#4641,.F.);
#4644=ORIENTED_EDGE('',*,*,#4643,.F.);
#4646=ORIENTED_EDGE('',*,*,#4645,.F.);
#4648=ORIENTED_EDGE('',*,*,#4647,.F.);
#4650=ORIENTED_EDGE('',*,*,#4649,.F.);
#4652=ORIENTED_EDGE('',*,*,#4651,.F.);
#4654=ORIENTED_EDGE('',*,*,#4653,.F.);
#4656=ORIENTED_EDGE('',*,*,#4655,.F.);
#4658=ORIENTED_EDGE('',*,*,#4657,.F.);
#4660=ORIENTED_EDGE('',*,*,#4659,.F.);
#4662=ORIENTED_EDGE('',*,*,#4661,.F.);
#4664=ORIENTED_EDGE('',*,*,#4663,.F.);
#4666=ORIENTED_EDGE('',*,*,#4665,.F.);
#4668=ORIENTED_EDGE('',*,*,#4667,.F.);
#4670=ORIENTED_EDGE('',*,*,#4669,.T.);
#4672=ORIENTED_EDGE('',*,*,#4671,.F.);
#4674=ORIENTED_EDGE('',*,*,#4673,.F.);
#4675=EDGE_LOOP('',(#4557,#4559,#4561,#4563,#4565,#4567,#4569,#4571,#4572,#4573,
#4575,#4577,#4579,#4580,#4581,#4583,#4585,#4587,#4588,#4590,#4592,#4594,#4596,
#4598,#4600,#4602,#4604,#4606,#4608,#4610,#4612,#4614,#4616,#4618,#4620,#4622,
#4624,#4626,#4628,#4630,#4632,#4634,#4636,#4638,#4640,#4642,#4644,#4646,#4648,
#4650,#4652,#4654,#4656,#4658,#4660,#4662,#4664,#4666,#4668,#4670,#4672,#4674));
#4676=FACE_OUTER_BOUND('',#4675,.F.);
#4677=ADVANCED_FACE('',(#4676),#4555,.T.);
#4678=CARTESIAN_POINT('',(3.13E1,-8.249999999998E-1,4.63E0));
#4679=DIRECTION('',(0.E0,0.E0,1.E0));
#4680=DIRECTION('',(-1.E0,0.E0,0.E0));
#4681=AXIS2_PLACEMENT_3D('',#4678,#4679,#4680);
#4682=PLANE('',#4681);
#4684=ORIENTED_EDGE('',*,*,#4683,.T.);
#4686=ORIENTED_EDGE('',*,*,#4685,.T.);
#4687=ORIENTED_EDGE('',*,*,#4556,.F.);
#4689=ORIENTED_EDGE('',*,*,#4688,.F.);
#4690=EDGE_LOOP('',(#4684,#4686,#4687,#4689));
#4691=FACE_OUTER_BOUND('',#4690,.F.);
#4692=ADVANCED_FACE('',(#4691),#4682,.F.);
#4693=CARTESIAN_POINT('',(3.13E1,-8.999999999998E-1,4.29E0));
#4694=DIRECTION('',(0.E0,1.E0,0.E0));
#4695=DIRECTION('',(1.E0,0.E0,0.E0));
#4696=AXIS2_PLACEMENT_3D('',#4693,#4694,#4695);
#4697=PLANE('',#4696);
#4699=ORIENTED_EDGE('',*,*,#4698,.T.);
#4700=ORIENTED_EDGE('',*,*,#4683,.F.);
#4702=ORIENTED_EDGE('',*,*,#4701,.F.);
#4703=ORIENTED_EDGE('',*,*,#4108,.F.);
#4704=EDGE_LOOP('',(#4699,#4700,#4702,#4703));
#4705=FACE_OUTER_BOUND('',#4704,.F.);
#4706=ADVANCED_FACE('',(#4705),#4697,.T.);
#4707=CARTESIAN_POINT('',(3.1625E1,-9.499999999998E-1,4.265E0));
#4708=DIRECTION('',(1.E0,0.E0,0.E0));
#4709=DIRECTION('',(0.E0,1.E0,0.E0));
#4710=AXIS2_PLACEMENT_3D('',#4707,#4708,#4709);
#4711=PLANE('',#4710);
#4713=ORIENTED_EDGE('',*,*,#4712,.T.);
#4715=ORIENTED_EDGE('',*,*,#4714,.F.);
#4716=ORIENTED_EDGE('',*,*,#4558,.F.);
#4717=ORIENTED_EDGE('',*,*,#4685,.F.);
#4718=ORIENTED_EDGE('',*,*,#4698,.F.);
#4719=ORIENTED_EDGE('',*,*,#4106,.F.);
#4721=ORIENTED_EDGE('',*,*,#4720,.F.);
#4723=ORIENTED_EDGE('',*,*,#4722,.T.);
#4725=ORIENTED_EDGE('',*,*,#4724,.F.);
#4727=ORIENTED_EDGE('',*,*,#4726,.F.);
#4729=ORIENTED_EDGE('',*,*,#4728,.T.);
#4730=EDGE_LOOP('',(#4713,#4715,#4716,#4717,#4718,#4719,#4721,#4723,#4725,#4727,
#4729));
#4731=FACE_OUTER_BOUND('',#4730,.F.);
#4732=ADVANCED_FACE('',(#4731),#4711,.F.);
#4733=CARTESIAN_POINT('',(3.17E1,-7.999999999999E-1,4.355E0));
#4734=DIRECTION('',(0.E0,1.E0,0.E0));
#4735=DIRECTION('',(1.E0,0.E0,0.E0));
#4736=AXIS2_PLACEMENT_3D('',#4733,#4734,#4735);
#4737=PLANE('',#4736);
#4739=ORIENTED_EDGE('',*,*,#4738,.F.);
#4741=ORIENTED_EDGE('',*,*,#4740,.F.);
#4742=ORIENTED_EDGE('',*,*,#4712,.F.);
#4744=ORIENTED_EDGE('',*,*,#4743,.T.);
#4745=EDGE_LOOP('',(#4739,#4741,#4742,#4744));
#4746=FACE_OUTER_BOUND('',#4745,.F.);
#4747=ADVANCED_FACE('',(#4746),#4737,.T.);
#4748=CARTESIAN_POINT('',(3.1775E1,-9.499999999998E-1,4.265E0));
#4749=DIRECTION('',(1.E0,0.E0,0.E0));
#4750=DIRECTION('',(0.E0,-1.E0,0.E0));
#4751=AXIS2_PLACEMENT_3D('',#4748,#4749,#4750);
#4752=PLANE('',#4751);
#4753=ORIENTED_EDGE('',*,*,#4738,.T.);
#4755=ORIENTED_EDGE('',*,*,#4754,.T.);
#4757=ORIENTED_EDGE('',*,*,#4756,.T.);
#4759=ORIENTED_EDGE('',*,*,#4758,.F.);
#4761=ORIENTED_EDGE('',*,*,#4760,.T.);
#4763=ORIENTED_EDGE('',*,*,#4762,.F.);
#4764=ORIENTED_EDGE('',*,*,#4102,.F.);
#4766=ORIENTED_EDGE('',*,*,#4765,.F.);
#4768=ORIENTED_EDGE('',*,*,#4767,.T.);
#4769=ORIENTED_EDGE('',*,*,#4562,.F.);
#4771=ORIENTED_EDGE('',*,*,#4770,.F.);
#4772=EDGE_LOOP('',(#4753,#4755,#4757,#4759,#4761,#4763,#4764,#4766,#4768,#4769,
#4771));
#4773=FACE_OUTER_BOUND('',#4772,.F.);
#4774=ADVANCED_FACE('',(#4773),#4752,.T.);
#4775=CARTESIAN_POINT('',(3.17E1,-7.749999999999E-1,4.15E0));
#4776=DIRECTION('',(0.E0,0.E0,1.E0));
#4777=DIRECTION('',(1.E0,0.E0,0.E0));
#4778=AXIS2_PLACEMENT_3D('',#4775,#4776,#4777);
#4779=PLANE('',#4778);
#4780=ORIENTED_EDGE('',*,*,#4754,.F.);
#4781=ORIENTED_EDGE('',*,*,#4743,.F.);
#4782=ORIENTED_EDGE('',*,*,#4728,.F.);
#4784=ORIENTED_EDGE('',*,*,#4783,.F.);
#4785=EDGE_LOOP('',(#4780,#4781,#4782,#4784));
#4786=FACE_OUTER_BOUND('',#4785,.F.);
#4787=ADVANCED_FACE('',(#4786),#4779,.T.);
#4788=CARTESIAN_POINT('',(3.17E1,-7.499999999999E-1,4.04E0));
#4789=DIRECTION('',(0.E0,1.E0,0.E0));
#4790=DIRECTION('',(1.E0,0.E0,0.E0));
#4791=AXIS2_PLACEMENT_3D('',#4788,#4789,#4790);
#4792=PLANE('',#4791);
#4794=ORIENTED_EDGE('',*,*,#4793,.T.);
#4795=ORIENTED_EDGE('',*,*,#4756,.F.);
#4796=ORIENTED_EDGE('',*,*,#4783,.T.);
#4797=ORIENTED_EDGE('',*,*,#4726,.T.);
#4798=EDGE_LOOP('',(#4794,#4795,#4796,#4797));
#4799=FACE_OUTER_BOUND('',#4798,.F.);
#4800=ADVANCED_FACE('',(#4799),#4792,.T.);
#4801=CARTESIAN_POINT('',(3.17E1,-7.899999999998E-1,3.915E0));
#4802=DIRECTION('',(0.E0,-3.511234415884E-1,9.363291775690E-1));
#4803=DIRECTION('',(0.E0,-9.363291775690E-1,-3.511234415884E-1));
#4804=AXIS2_PLACEMENT_3D('',#4801,#4802,#4803);
#4805=PLANE('',#4804);
#4806=ORIENTED_EDGE('',*,*,#4758,.T.);
#4807=ORIENTED_EDGE('',*,*,#4793,.F.);
#4808=ORIENTED_EDGE('',*,*,#4724,.T.);
#4810=ORIENTED_EDGE('',*,*,#4809,.T.);
#4811=EDGE_LOOP('',(#4806,#4807,#4808,#4810));
#4812=FACE_OUTER_BOUND('',#4811,.F.);
#4813=ADVANCED_FACE('',(#4812),#4805,.F.);
#4814=CARTESIAN_POINT('',(3.17E1,-9.649999999998E-1,3.9E0));
#4815=DIRECTION('',(0.E0,0.E0,1.E0));
#4816=DIRECTION('',(-1.E0,0.E0,0.E0));
#4817=AXIS2_PLACEMENT_3D('',#4814,#4815,#4816);
#4818=PLANE('',#4817);
#4819=ORIENTED_EDGE('',*,*,#4809,.F.);
#4820=ORIENTED_EDGE('',*,*,#4722,.F.);
#4822=ORIENTED_EDGE('',*,*,#4821,.F.);
#4823=ORIENTED_EDGE('',*,*,#4760,.F.);
#4824=EDGE_LOOP('',(#4819,#4820,#4822,#4823));
#4825=FACE_OUTER_BOUND('',#4824,.F.);
#4826=ADVANCED_FACE('',(#4825),#4818,.F.);
#4827=CARTESIAN_POINT('',(3.17E1,-1.1E0,3.95E0));
#4828=DIRECTION('',(-1.E0,0.E0,0.E0));
#4829=DIRECTION('',(0.E0,5.122961656550E-2,-9.986869010789E-1));
#4830=AXIS2_PLACEMENT_3D('',#4827,#4828,#4829);
#4831=CYLINDRICAL_SURFACE('',#4830,5.E-2);
#4832=ORIENTED_EDGE('',*,*,#4821,.T.);
#4833=ORIENTED_EDGE('',*,*,#4720,.T.);
#4834=ORIENTED_EDGE('',*,*,#4104,.F.);
#4835=ORIENTED_EDGE('',*,*,#4762,.T.);
#4836=EDGE_LOOP('',(#4832,#4833,#4834,#4835));
#4837=FACE_OUTER_BOUND('',#4836,.F.);
#4838=ADVANCED_FACE('',(#4837),#4831,.T.);
#4839=CARTESIAN_POINT('',(3.21625E1,-8.999999999998E-1,4.29E0));
#4840=DIRECTION('',(0.E0,1.E0,0.E0));
#4841=DIRECTION('',(1.E0,0.E0,0.E0));
#4842=AXIS2_PLACEMENT_3D('',#4839,#4840,#4841);
#4843=PLANE('',#4842);
#4845=ORIENTED_EDGE('',*,*,#4844,.T.);
#4846=ORIENTED_EDGE('',*,*,#4765,.T.);
#4847=ORIENTED_EDGE('',*,*,#4100,.F.);
#4848=ORIENTED_EDGE('',*,*,#4230,.T.);
#4850=ORIENTED_EDGE('',*,*,#4849,.T.);
#4852=ORIENTED_EDGE('',*,*,#4851,.T.);
#4854=ORIENTED_EDGE('',*,*,#4853,.F.);
#4855=EDGE_LOOP('',(#4845,#4846,#4847,#4848,#4850,#4852,#4854));
#4856=FACE_OUTER_BOUND('',#4855,.F.);
#4857=ADVANCED_FACE('',(#4856),#4843,.T.);
#4858=CARTESIAN_POINT('',(3.19125E1,-8.249999999998E-1,4.63E0));
#4859=DIRECTION('',(0.E0,0.E0,1.E0));
#4860=DIRECTION('',(-1.E0,0.E0,0.E0));
#4861=AXIS2_PLACEMENT_3D('',#4858,#4859,#4860);
#4862=PLANE('',#4861);
#4863=ORIENTED_EDGE('',*,*,#4564,.F.);
#4864=ORIENTED_EDGE('',*,*,#4767,.F.);
#4865=ORIENTED_EDGE('',*,*,#4844,.F.);
#4867=ORIENTED_EDGE('',*,*,#4866,.T.);
#4868=EDGE_LOOP('',(#4863,#4864,#4865,#4867));
#4869=FACE_OUTER_BOUND('',#4868,.F.);
#4870=ADVANCED_FACE('',(#4869),#4862,.F.);
#4871=CARTESIAN_POINT('',(3.205E1,-8.249999999998E-1,4.58E0));
#4872=DIRECTION('',(0.E0,-1.E0,0.E0));
#4873=DIRECTION('',(9.989843188314E-1,0.E0,-4.505919139259E-2));
#4874=AXIS2_PLACEMENT_3D('',#4871,#4872,#4873);
#4875=CYLINDRICAL_SURFACE('',#4874,4.999999999999E-2);
#4876=ORIENTED_EDGE('',*,*,#4853,.T.);
#4878=ORIENTED_EDGE('',*,*,#4877,.F.);
#4879=ORIENTED_EDGE('',*,*,#4566,.T.);
#4880=ORIENTED_EDGE('',*,*,#4866,.F.);
#4881=EDGE_LOOP('',(#4876,#4878,#4879,#4880));
#4882=FACE_OUTER_BOUND('',#4881,.F.);
#4883=ADVANCED_FACE('',(#4882),#4875,.F.);
#4884=CARTESIAN_POINT('',(3.21E1,-8.249999999998E-1,4.415E0));
#4885=DIRECTION('',(1.E0,0.E0,0.E0));
#4886=DIRECTION('',(0.E0,1.E0,0.E0));
#4887=AXIS2_PLACEMENT_3D('',#4884,#4885,#4886);
#4888=PLANE('',#4887);
#4889=ORIENTED_EDGE('',*,*,#4851,.F.);
#4891=ORIENTED_EDGE('',*,*,#4890,.T.);
#4892=ORIENTED_EDGE('',*,*,#4568,.F.);
#4893=ORIENTED_EDGE('',*,*,#4877,.T.);
#4894=EDGE_LOOP('',(#4889,#4891,#4892,#4893));
#4895=FACE_OUTER_BOUND('',#4894,.F.);
#4896=ADVANCED_FACE('',(#4895),#4888,.F.);
#4897=CARTESIAN_POINT('',(3.2325E1,-8.249999999998E-1,4.25E0));
#4898=DIRECTION('',(0.E0,0.E0,1.E0));
#4899=DIRECTION('',(-1.E0,0.E0,0.E0));
#4900=AXIS2_PLACEMENT_3D('',#4897,#4898,#4899);
#4901=PLANE('',#4900);
#4902=ORIENTED_EDGE('',*,*,#4849,.F.);
#4903=ORIENTED_EDGE('',*,*,#4228,.F.);
#4904=ORIENTED_EDGE('',*,*,#4570,.F.);
#4905=ORIENTED_EDGE('',*,*,#4890,.F.);
#4906=EDGE_LOOP('',(#4902,#4903,#4904,#4905));
#4907=FACE_OUTER_BOUND('',#4906,.F.);
#4908=ADVANCED_FACE('',(#4907),#4901,.F.);
#4909=CARTESIAN_POINT('',(3.17E1,-7.749999999999E-1,4.56E0));
#4910=DIRECTION('',(0.E0,0.E0,1.E0));
#4911=DIRECTION('',(-1.E0,0.E0,0.E0));
#4912=AXIS2_PLACEMENT_3D('',#4909,#4910,#4911);
#4913=PLANE('',#4912);
#4914=ORIENTED_EDGE('',*,*,#4740,.T.);
#4915=ORIENTED_EDGE('',*,*,#4770,.T.);
#4916=ORIENTED_EDGE('',*,*,#4560,.F.);
#4917=ORIENTED_EDGE('',*,*,#4714,.T.);
#4918=EDGE_LOOP('',(#4914,#4915,#4916,#4917));
#4919=FACE_OUTER_BOUND('',#4918,.F.);
#4920=ADVANCED_FACE('',(#4919),#4913,.F.);
#4921=CARTESIAN_POINT('',(3.0975E1,-9.499999999998E-1,4.265E0));
#4922=DIRECTION('',(1.E0,0.E0,0.E0));
#4923=DIRECTION('',(0.E0,-1.E0,0.E0));
#4924=AXIS2_PLACEMENT_3D('',#4921,#4922,#4923);
#4925=PLANE('',#4924);
#4927=ORIENTED_EDGE('',*,*,#4926,.T.);
#4929=ORIENTED_EDGE('',*,*,#4928,.T.);
#4931=ORIENTED_EDGE('',*,*,#4930,.T.);
#4933=ORIENTED_EDGE('',*,*,#4932,.F.);
#4935=ORIENTED_EDGE('',*,*,#4934,.T.);
#4937=ORIENTED_EDGE('',*,*,#4936,.F.);
#4938=ORIENTED_EDGE('',*,*,#4110,.F.);
#4939=ORIENTED_EDGE('',*,*,#4701,.T.);
#4940=ORIENTED_EDGE('',*,*,#4688,.T.);
#4941=ORIENTED_EDGE('',*,*,#4673,.T.);
#4943=ORIENTED_EDGE('',*,*,#4942,.T.);
#4944=EDGE_LOOP('',(#4927,#4929,#4931,#4933,#4935,#4937,#4938,#4939,#4940,#4941,
#4943));
#4945=FACE_OUTER_BOUND('',#4944,.F.);
#4946=ADVANCED_FACE('',(#4945),#4925,.T.);
#4947=CARTESIAN_POINT('',(3.09E1,-7.999999999999E-1,4.355E0));
#4948=DIRECTION('',(0.E0,1.E0,0.E0));
#4949=DIRECTION('',(1.E0,0.E0,0.E0));
#4950=AXIS2_PLACEMENT_3D('',#4947,#4948,#4949);
#4951=PLANE('',#4950);
#4952=ORIENTED_EDGE('',*,*,#4926,.F.);
#4954=ORIENTED_EDGE('',*,*,#4953,.F.);
#4956=ORIENTED_EDGE('',*,*,#4955,.F.);
#4958=ORIENTED_EDGE('',*,*,#4957,.F.);
#4959=EDGE_LOOP('',(#4952,#4954,#4956,#4958));
#4960=FACE_OUTER_BOUND('',#4959,.F.);
#4961=ADVANCED_FACE('',(#4960),#4951,.T.);
#4962=CARTESIAN_POINT('',(3.09E1,-7.749999999999E-1,4.56E0));
#4963=DIRECTION('',(0.E0,0.E0,1.E0));
#4964=DIRECTION('',(-1.E0,0.E0,0.E0));
#4965=AXIS2_PLACEMENT_3D('',#4962,#4963,#4964);
#4966=PLANE('',#4965);
#4967=ORIENTED_EDGE('',*,*,#4953,.T.);
#4968=ORIENTED_EDGE('',*,*,#4942,.F.);
#4969=ORIENTED_EDGE('',*,*,#4671,.T.);
#4971=ORIENTED_EDGE('',*,*,#4970,.T.);
#4972=EDGE_LOOP('',(#4967,#4968,#4969,#4971));
#4973=FACE_OUTER_BOUND('',#4972,.F.);
#4974=ADVANCED_FACE('',(#4973),#4966,.F.);
#4975=CARTESIAN_POINT('',(3.0825E1,-9.499999999998E-1,4.265E0));
#4976=DIRECTION('',(1.E0,0.E0,0.E0));
#4977=DIRECTION('',(0.E0,1.E0,0.E0));
#4978=AXIS2_PLACEMENT_3D('',#4975,#4976,#4977);
#4979=PLANE('',#4978);
#4980=ORIENTED_EDGE('',*,*,#4955,.T.);
#4981=ORIENTED_EDGE('',*,*,#4970,.F.);
#4982=ORIENTED_EDGE('',*,*,#4669,.F.);
#4984=ORIENTED_EDGE('',*,*,#4983,.F.);
#4986=ORIENTED_EDGE('',*,*,#4985,.T.);
#4987=ORIENTED_EDGE('',*,*,#4114,.F.);
#4989=ORIENTED_EDGE('',*,*,#4988,.F.);
#4991=ORIENTED_EDGE('',*,*,#4990,.T.);
#4993=ORIENTED_EDGE('',*,*,#4992,.F.);
#4995=ORIENTED_EDGE('',*,*,#4994,.T.);
#4997=ORIENTED_EDGE('',*,*,#4996,.T.);
#4998=EDGE_LOOP('',(#4980,#4981,#4982,#4984,#4986,#4987,#4989,#4991,#4993,#4995,
#4997));
#4999=FACE_OUTER_BOUND('',#4998,.F.);
#5000=ADVANCED_FACE('',(#4999),#4979,.F.);
#5001=CARTESIAN_POINT('',(3.05E1,-8.249999999998E-1,4.63E0));
#5002=DIRECTION('',(0.E0,0.E0,1.E0));
#5003=DIRECTION('',(-1.E0,0.E0,0.E0));
#5004=AXIS2_PLACEMENT_3D('',#5001,#5002,#5003);
#5005=PLANE('',#5004);
#5007=ORIENTED_EDGE('',*,*,#5006,.T.);
#5008=ORIENTED_EDGE('',*,*,#4983,.T.);
#5009=ORIENTED_EDGE('',*,*,#4667,.T.);
#5011=ORIENTED_EDGE('',*,*,#5010,.F.);
#5012=EDGE_LOOP('',(#5007,#5008,#5009,#5011));
#5013=FACE_OUTER_BOUND('',#5012,.F.);
#5014=ADVANCED_FACE('',(#5013),#5005,.F.);
#5015=CARTESIAN_POINT('',(3.05E1,-8.999999999998E-1,4.29E0));
#5016=DIRECTION('',(0.E0,1.E0,0.E0));
#5017=DIRECTION('',(1.E0,0.E0,0.E0));
#5018=AXIS2_PLACEMENT_3D('',#5015,#5016,#5017);
#5019=PLANE('',#5018);
#5020=ORIENTED_EDGE('',*,*,#5006,.F.);
#5022=ORIENTED_EDGE('',*,*,#5021,.F.);
#5023=ORIENTED_EDGE('',*,*,#4116,.F.);
#5024=ORIENTED_EDGE('',*,*,#4985,.F.);
#5025=EDGE_LOOP('',(#5020,#5022,#5023,#5024));
#5026=FACE_OUTER_BOUND('',#5025,.F.);
#5027=ADVANCED_FACE('',(#5026),#5019,.T.);
#5028=CARTESIAN_POINT('',(3.0175E1,-9.499999999998E-1,4.265E0));
#5029=DIRECTION('',(1.E0,0.E0,0.E0));
#5030=DIRECTION('',(0.E0,-1.E0,0.E0));
#5031=AXIS2_PLACEMENT_3D('',#5028,#5029,#5030);
#5032=PLANE('',#5031);
#5034=ORIENTED_EDGE('',*,*,#5033,.T.);
#5036=ORIENTED_EDGE('',*,*,#5035,.T.);
#5038=ORIENTED_EDGE('',*,*,#5037,.T.);
#5040=ORIENTED_EDGE('',*,*,#5039,.F.);
#5042=ORIENTED_EDGE('',*,*,#5041,.T.);
#5044=ORIENTED_EDGE('',*,*,#5043,.F.);
#5045=ORIENTED_EDGE('',*,*,#4118,.F.);
#5046=ORIENTED_EDGE('',*,*,#5021,.T.);
#5047=ORIENTED_EDGE('',*,*,#5010,.T.);
#5048=ORIENTED_EDGE('',*,*,#4665,.T.);
#5050=ORIENTED_EDGE('',*,*,#5049,.T.);
#5051=EDGE_LOOP('',(#5034,#5036,#5038,#5040,#5042,#5044,#5045,#5046,#5047,#5048,
#5050));
#5052=FACE_OUTER_BOUND('',#5051,.F.);
#5053=ADVANCED_FACE('',(#5052),#5032,.T.);
#5054=CARTESIAN_POINT('',(3.01E1,-7.999999999999E-1,4.355E0));
#5055=DIRECTION('',(0.E0,1.E0,0.E0));
#5056=DIRECTION('',(1.E0,0.E0,0.E0));
#5057=AXIS2_PLACEMENT_3D('',#5054,#5055,#5056);
#5058=PLANE('',#5057);
#5059=ORIENTED_EDGE('',*,*,#5033,.F.);
#5061=ORIENTED_EDGE('',*,*,#5060,.F.);
#5063=ORIENTED_EDGE('',*,*,#5062,.F.);
#5065=ORIENTED_EDGE('',*,*,#5064,.F.);
#5066=EDGE_LOOP('',(#5059,#5061,#5063,#5065));
#5067=FACE_OUTER_BOUND('',#5066,.F.);
#5068=ADVANCED_FACE('',(#5067),#5058,.T.);
#5069=CARTESIAN_POINT('',(3.01E1,-7.749999999999E-1,4.56E0));
#5070=DIRECTION('',(0.E0,0.E0,1.E0));
#5071=DIRECTION('',(-1.E0,0.E0,0.E0));
#5072=AXIS2_PLACEMENT_3D('',#5069,#5070,#5071);
#5073=PLANE('',#5072);
#5074=ORIENTED_EDGE('',*,*,#5060,.T.);
#5075=ORIENTED_EDGE('',*,*,#5049,.F.);
#5076=ORIENTED_EDGE('',*,*,#4663,.T.);
#5078=ORIENTED_EDGE('',*,*,#5077,.T.);
#5079=EDGE_LOOP('',(#5074,#5075,#5076,#5078));
#5080=FACE_OUTER_BOUND('',#5079,.F.);
#5081=ADVANCED_FACE('',(#5080),#5073,.F.);
#5082=CARTESIAN_POINT('',(3.0025E1,-9.499999999998E-1,4.265E0));
#5083=DIRECTION('',(1.E0,0.E0,0.E0));
#5084=DIRECTION('',(0.E0,1.E0,0.E0));
#5085=AXIS2_PLACEMENT_3D('',#5082,#5083,#5084);
#5086=PLANE('',#5085);
#5087=ORIENTED_EDGE('',*,*,#5062,.T.);
#5088=ORIENTED_EDGE('',*,*,#5077,.F.);
#5089=ORIENTED_EDGE('',*,*,#4661,.T.);
#5091=ORIENTED_EDGE('',*,*,#5090,.F.);
#5093=ORIENTED_EDGE('',*,*,#5092,.T.);
#5094=ORIENTED_EDGE('',*,*,#4122,.F.);
#5096=ORIENTED_EDGE('',*,*,#5095,.F.);
#5098=ORIENTED_EDGE('',*,*,#5097,.T.);
#5100=ORIENTED_EDGE('',*,*,#5099,.F.);
#5102=ORIENTED_EDGE('',*,*,#5101,.T.);
#5104=ORIENTED_EDGE('',*,*,#5103,.T.);
#5105=EDGE_LOOP('',(#5087,#5088,#5089,#5091,#5093,#5094,#5096,#5098,#5100,#5102,
#5104));
#5106=FACE_OUTER_BOUND('',#5105,.F.);
#5107=ADVANCED_FACE('',(#5106),#5086,.F.);
#5108=CARTESIAN_POINT('',(2.97E1,-8.249999999998E-1,4.63E0));
#5109=DIRECTION('',(0.E0,0.E0,1.E0));
#5110=DIRECTION('',(-1.E0,0.E0,0.E0));
#5111=AXIS2_PLACEMENT_3D('',#5108,#5109,#5110);
#5112=PLANE('',#5111);
#5114=ORIENTED_EDGE('',*,*,#5113,.T.);
#5115=ORIENTED_EDGE('',*,*,#5090,.T.);
#5116=ORIENTED_EDGE('',*,*,#4659,.T.);
#5118=ORIENTED_EDGE('',*,*,#5117,.T.);
#5119=EDGE_LOOP('',(#5114,#5115,#5116,#5118));
#5120=FACE_OUTER_BOUND('',#5119,.F.);
#5121=ADVANCED_FACE('',(#5120),#5112,.F.);
#5122=CARTESIAN_POINT('',(2.97E1,-8.999999999998E-1,4.29E0));
#5123=DIRECTION('',(0.E0,1.E0,0.E0));
#5124=DIRECTION('',(1.E0,0.E0,0.E0));
#5125=AXIS2_PLACEMENT_3D('',#5122,#5123,#5124);
#5126=PLANE('',#5125);
#5127=ORIENTED_EDGE('',*,*,#5113,.F.);
#5129=ORIENTED_EDGE('',*,*,#5128,.F.);
#5130=ORIENTED_EDGE('',*,*,#4124,.F.);
#5131=ORIENTED_EDGE('',*,*,#5092,.F.);
#5132=EDGE_LOOP('',(#5127,#5129,#5130,#5131));
#5133=FACE_OUTER_BOUND('',#5132,.F.);
#5134=ADVANCED_FACE('',(#5133),#5126,.T.);
#5135=CARTESIAN_POINT('',(2.9375E1,-9.499999999998E-1,4.265E0));
#5136=DIRECTION('',(1.E0,0.E0,0.E0));
#5137=DIRECTION('',(0.E0,-1.E0,0.E0));
#5138=AXIS2_PLACEMENT_3D('',#5135,#5136,#5137);
#5139=PLANE('',#5138);
#5141=ORIENTED_EDGE('',*,*,#5140,.T.);
#5143=ORIENTED_EDGE('',*,*,#5142,.T.);
#5145=ORIENTED_EDGE('',*,*,#5144,.T.);
#5147=ORIENTED_EDGE('',*,*,#5146,.F.);
#5149=ORIENTED_EDGE('',*,*,#5148,.T.);
#5151=ORIENTED_EDGE('',*,*,#5150,.F.);
#5152=ORIENTED_EDGE('',*,*,#4126,.T.);
#5153=ORIENTED_EDGE('',*,*,#5128,.T.);
#5154=ORIENTED_EDGE('',*,*,#5117,.F.);
#5155=ORIENTED_EDGE('',*,*,#4657,.T.);
#5157=ORIENTED_EDGE('',*,*,#5156,.T.);
#5158=EDGE_LOOP('',(#5141,#5143,#5145,#5147,#5149,#5151,#5152,#5153,#5154,#5155,
#5157));
#5159=FACE_OUTER_BOUND('',#5158,.F.);
#5160=ADVANCED_FACE('',(#5159),#5139,.T.);
#5161=CARTESIAN_POINT('',(2.93E1,-7.999999999999E-1,4.355E0));
#5162=DIRECTION('',(0.E0,1.E0,0.E0));
#5163=DIRECTION('',(1.E0,0.E0,0.E0));
#5164=AXIS2_PLACEMENT_3D('',#5161,#5162,#5163);
#5165=PLANE('',#5164);
#5166=ORIENTED_EDGE('',*,*,#5140,.F.);
#5168=ORIENTED_EDGE('',*,*,#5167,.F.);
#5170=ORIENTED_EDGE('',*,*,#5169,.F.);
#5172=ORIENTED_EDGE('',*,*,#5171,.F.);
#5173=EDGE_LOOP('',(#5166,#5168,#5170,#5172));
#5174=FACE_OUTER_BOUND('',#5173,.F.);
#5175=ADVANCED_FACE('',(#5174),#5165,.T.);
#5176=CARTESIAN_POINT('',(2.93E1,-7.749999999999E-1,4.56E0));
#5177=DIRECTION('',(0.E0,0.E0,1.E0));
#5178=DIRECTION('',(-1.E0,0.E0,0.E0));
#5179=AXIS2_PLACEMENT_3D('',#5176,#5177,#5178);
#5180=PLANE('',#5179);
#5181=ORIENTED_EDGE('',*,*,#5167,.T.);
#5182=ORIENTED_EDGE('',*,*,#5156,.F.);
#5183=ORIENTED_EDGE('',*,*,#4655,.T.);
#5185=ORIENTED_EDGE('',*,*,#5184,.T.);
#5186=EDGE_LOOP('',(#5181,#5182,#5183,#5185));
#5187=FACE_OUTER_BOUND('',#5186,.F.);
#5188=ADVANCED_FACE('',(#5187),#5180,.F.);
#5189=CARTESIAN_POINT('',(2.9225E1,-9.499999999998E-1,4.265E0));
#5190=DIRECTION('',(1.E0,0.E0,0.E0));
#5191=DIRECTION('',(0.E0,1.E0,0.E0));
#5192=AXIS2_PLACEMENT_3D('',#5189,#5190,#5191);
#5193=PLANE('',#5192);
#5194=ORIENTED_EDGE('',*,*,#5169,.T.);
#5195=ORIENTED_EDGE('',*,*,#5184,.F.);
#5196=ORIENTED_EDGE('',*,*,#4653,.T.);
#5198=ORIENTED_EDGE('',*,*,#5197,.T.);
#5200=ORIENTED_EDGE('',*,*,#5199,.T.);
#5201=ORIENTED_EDGE('',*,*,#4130,.F.);
#5203=ORIENTED_EDGE('',*,*,#5202,.F.);
#5205=ORIENTED_EDGE('',*,*,#5204,.T.);
#5207=ORIENTED_EDGE('',*,*,#5206,.F.);
#5209=ORIENTED_EDGE('',*,*,#5208,.T.);
#5211=ORIENTED_EDGE('',*,*,#5210,.T.);
#5212=EDGE_LOOP('',(#5194,#5195,#5196,#5198,#5200,#5201,#5203,#5205,#5207,#5209,
#5211));
#5213=FACE_OUTER_BOUND('',#5212,.F.);
#5214=ADVANCED_FACE('',(#5213),#5193,.F.);
#5215=CARTESIAN_POINT('',(2.89E1,-8.249999999998E-1,4.63E0));
#5216=DIRECTION('',(0.E0,0.E0,1.E0));
#5217=DIRECTION('',(-1.E0,0.E0,0.E0));
#5218=AXIS2_PLACEMENT_3D('',#5215,#5216,#5217);
#5219=PLANE('',#5218);
#5221=ORIENTED_EDGE('',*,*,#5220,.F.);
#5223=ORIENTED_EDGE('',*,*,#5222,.F.);
#5224=ORIENTED_EDGE('',*,*,#5197,.F.);
#5225=ORIENTED_EDGE('',*,*,#4651,.T.);
#5226=EDGE_LOOP('',(#5221,#5223,#5224,#5225));
#5227=FACE_OUTER_BOUND('',#5226,.F.);
#5228=ADVANCED_FACE('',(#5227),#5219,.F.);
#5229=CARTESIAN_POINT('',(2.8575E1,-9.499999999998E-1,4.265E0));
#5230=DIRECTION('',(1.E0,0.E0,0.E0));
#5231=DIRECTION('',(0.E0,-1.E0,0.E0));
#5232=AXIS2_PLACEMENT_3D('',#5229,#5230,#5231);
#5233=PLANE('',#5232);
#5235=ORIENTED_EDGE('',*,*,#5234,.T.);
#5237=ORIENTED_EDGE('',*,*,#5236,.T.);
#5239=ORIENTED_EDGE('',*,*,#5238,.T.);
#5241=ORIENTED_EDGE('',*,*,#5240,.F.);
#5243=ORIENTED_EDGE('',*,*,#5242,.T.);
#5245=ORIENTED_EDGE('',*,*,#5244,.F.);
#5246=ORIENTED_EDGE('',*,*,#4134,.T.);
#5248=ORIENTED_EDGE('',*,*,#5247,.T.);
#5249=ORIENTED_EDGE('',*,*,#5220,.T.);
#5250=ORIENTED_EDGE('',*,*,#4649,.T.);
#5252=ORIENTED_EDGE('',*,*,#5251,.T.);
#5253=EDGE_LOOP('',(#5235,#5237,#5239,#5241,#5243,#5245,#5246,#5248,#5249,#5250,
#5252));
#5254=FACE_OUTER_BOUND('',#5253,.F.);
#5255=ADVANCED_FACE('',(#5254),#5233,.T.);
#5256=CARTESIAN_POINT('',(2.85E1,-7.999999999999E-1,4.355E0));
#5257=DIRECTION('',(0.E0,1.E0,0.E0));
#5258=DIRECTION('',(1.E0,0.E0,0.E0));
#5259=AXIS2_PLACEMENT_3D('',#5256,#5257,#5258);
#5260=PLANE('',#5259);
#5261=ORIENTED_EDGE('',*,*,#5234,.F.);
#5263=ORIENTED_EDGE('',*,*,#5262,.F.);
#5265=ORIENTED_EDGE('',*,*,#5264,.F.);
#5267=ORIENTED_EDGE('',*,*,#5266,.F.);
#5268=EDGE_LOOP('',(#5261,#5263,#5265,#5267));
#5269=FACE_OUTER_BOUND('',#5268,.F.);
#5270=ADVANCED_FACE('',(#5269),#5260,.T.);
#5271=CARTESIAN_POINT('',(2.85E1,-7.749999999999E-1,4.56E0));
#5272=DIRECTION('',(0.E0,0.E0,1.E0));
#5273=DIRECTION('',(-1.E0,0.E0,0.E0));
#5274=AXIS2_PLACEMENT_3D('',#5271,#5272,#5273);
#5275=PLANE('',#5274);
#5276=ORIENTED_EDGE('',*,*,#5262,.T.);
#5277=ORIENTED_EDGE('',*,*,#5251,.F.);
#5278=ORIENTED_EDGE('',*,*,#4647,.T.);
#5280=ORIENTED_EDGE('',*,*,#5279,.T.);
#5281=EDGE_LOOP('',(#5276,#5277,#5278,#5280));
#5282=FACE_OUTER_BOUND('',#5281,.F.);
#5283=ADVANCED_FACE('',(#5282),#5275,.F.);
#5284=CARTESIAN_POINT('',(2.8425E1,-9.499999999998E-1,4.265E0));
#5285=DIRECTION('',(1.E0,0.E0,0.E0));
#5286=DIRECTION('',(0.E0,1.E0,0.E0));
#5287=AXIS2_PLACEMENT_3D('',#5284,#5285,#5286);
#5288=PLANE('',#5287);
#5289=ORIENTED_EDGE('',*,*,#5264,.T.);
#5290=ORIENTED_EDGE('',*,*,#5279,.F.);
#5291=ORIENTED_EDGE('',*,*,#4645,.T.);
#5293=ORIENTED_EDGE('',*,*,#5292,.F.);
#5295=ORIENTED_EDGE('',*,*,#5294,.T.);
#5296=ORIENTED_EDGE('',*,*,#4138,.T.);
#5298=ORIENTED_EDGE('',*,*,#5297,.F.);
#5300=ORIENTED_EDGE('',*,*,#5299,.T.);
#5302=ORIENTED_EDGE('',*,*,#5301,.F.);
#5304=ORIENTED_EDGE('',*,*,#5303,.T.);
#5306=ORIENTED_EDGE('',*,*,#5305,.T.);
#5307=EDGE_LOOP('',(#5289,#5290,#5291,#5293,#5295,#5296,#5298,#5300,#5302,#5304,
#5306));
#5308=FACE_OUTER_BOUND('',#5307,.F.);
#5309=ADVANCED_FACE('',(#5308),#5288,.F.);
#5310=CARTESIAN_POINT('',(2.81E1,-8.249999999998E-1,4.63E0));
#5311=DIRECTION('',(0.E0,0.E0,1.E0));
#5312=DIRECTION('',(-1.E0,0.E0,0.E0));
#5313=AXIS2_PLACEMENT_3D('',#5310,#5311,#5312);
#5314=PLANE('',#5313);
#5316=ORIENTED_EDGE('',*,*,#5315,.T.);
#5317=ORIENTED_EDGE('',*,*,#5292,.T.);
#5318=ORIENTED_EDGE('',*,*,#4643,.T.);
#5320=ORIENTED_EDGE('',*,*,#5319,.T.);
#5321=EDGE_LOOP('',(#5316,#5317,#5318,#5320));
#5322=FACE_OUTER_BOUND('',#5321,.F.);
#5323=ADVANCED_FACE('',(#5322),#5314,.F.);
#5324=CARTESIAN_POINT('',(2.81E1,-8.999999999998E-1,4.29E0));
#5325=DIRECTION('',(0.E0,1.E0,0.E0));
#5326=DIRECTION('',(1.E0,0.E0,0.E0));
#5327=AXIS2_PLACEMENT_3D('',#5324,#5325,#5326);
#5328=PLANE('',#5327);
#5329=ORIENTED_EDGE('',*,*,#5315,.F.);
#5331=ORIENTED_EDGE('',*,*,#5330,.F.);
#5332=ORIENTED_EDGE('',*,*,#4140,.T.);
#5333=ORIENTED_EDGE('',*,*,#5294,.F.);
#5334=EDGE_LOOP('',(#5329,#5331,#5332,#5333));
#5335=FACE_OUTER_BOUND('',#5334,.F.);
#5336=ADVANCED_FACE('',(#5335),#5328,.T.);
#5337=CARTESIAN_POINT('',(2.7775E1,-9.499999999998E-1,4.265E0));
#5338=DIRECTION('',(1.E0,0.E0,0.E0));
#5339=DIRECTION('',(0.E0,-1.E0,0.E0));
#5340=AXIS2_PLACEMENT_3D('',#5337,#5338,#5339);
#5341=PLANE('',#5340);
#5343=ORIENTED_EDGE('',*,*,#5342,.T.);
#5345=ORIENTED_EDGE('',*,*,#5344,.T.);
#5347=ORIENTED_EDGE('',*,*,#5346,.T.);
#5349=ORIENTED_EDGE('',*,*,#5348,.F.);
#5351=ORIENTED_EDGE('',*,*,#5350,.T.);
#5353=ORIENTED_EDGE('',*,*,#5352,.F.);
#5354=ORIENTED_EDGE('',*,*,#4142,.T.);
#5355=ORIENTED_EDGE('',*,*,#5330,.T.);
#5356=ORIENTED_EDGE('',*,*,#5319,.F.);
#5357=ORIENTED_EDGE('',*,*,#4641,.T.);
#5359=ORIENTED_EDGE('',*,*,#5358,.T.);
#5360=EDGE_LOOP('',(#5343,#5345,#5347,#5349,#5351,#5353,#5354,#5355,#5356,#5357,
#5359));
#5361=FACE_OUTER_BOUND('',#5360,.F.);
#5362=ADVANCED_FACE('',(#5361),#5341,.T.);
#5363=CARTESIAN_POINT('',(2.77E1,-7.999999999999E-1,4.355E0));
#5364=DIRECTION('',(0.E0,1.E0,0.E0));
#5365=DIRECTION('',(1.E0,0.E0,0.E0));
#5366=AXIS2_PLACEMENT_3D('',#5363,#5364,#5365);
#5367=PLANE('',#5366);
#5368=ORIENTED_EDGE('',*,*,#5342,.F.);
#5370=ORIENTED_EDGE('',*,*,#5369,.F.);
#5372=ORIENTED_EDGE('',*,*,#5371,.F.);
#5374=ORIENTED_EDGE('',*,*,#5373,.F.);
#5375=EDGE_LOOP('',(#5368,#5370,#5372,#5374));
#5376=FACE_OUTER_BOUND('',#5375,.F.);
#5377=ADVANCED_FACE('',(#5376),#5367,.T.);
#5378=CARTESIAN_POINT('',(2.77E1,-7.749999999999E-1,4.56E0));
#5379=DIRECTION('',(0.E0,0.E0,1.E0));
#5380=DIRECTION('',(-1.E0,0.E0,0.E0));
#5381=AXIS2_PLACEMENT_3D('',#5378,#5379,#5380);
#5382=PLANE('',#5381);
#5383=ORIENTED_EDGE('',*,*,#5369,.T.);
#5384=ORIENTED_EDGE('',*,*,#5358,.F.);
#5385=ORIENTED_EDGE('',*,*,#4639,.T.);
#5387=ORIENTED_EDGE('',*,*,#5386,.T.);
#5388=EDGE_LOOP('',(#5383,#5384,#5385,#5387));
#5389=FACE_OUTER_BOUND('',#5388,.F.);
#5390=ADVANCED_FACE('',(#5389),#5382,.F.);
#5391=CARTESIAN_POINT('',(2.7625E1,-9.499999999998E-1,4.265E0));
#5392=DIRECTION('',(1.E0,0.E0,0.E0));
#5393=DIRECTION('',(0.E0,1.E0,0.E0));
#5394=AXIS2_PLACEMENT_3D('',#5391,#5392,#5393);
#5395=PLANE('',#5394);
#5396=ORIENTED_EDGE('',*,*,#5371,.T.);
#5397=ORIENTED_EDGE('',*,*,#5386,.F.);
#5398=ORIENTED_EDGE('',*,*,#4637,.T.);
#5400=ORIENTED_EDGE('',*,*,#5399,.F.);
#5402=ORIENTED_EDGE('',*,*,#5401,.T.);
#5403=ORIENTED_EDGE('',*,*,#4146,.T.);
#5405=ORIENTED_EDGE('',*,*,#5404,.F.);
#5407=ORIENTED_EDGE('',*,*,#5406,.T.);
#5409=ORIENTED_EDGE('',*,*,#5408,.F.);
#5411=ORIENTED_EDGE('',*,*,#5410,.T.);
#5413=ORIENTED_EDGE('',*,*,#5412,.T.);
#5414=EDGE_LOOP('',(#5396,#5397,#5398,#5400,#5402,#5403,#5405,#5407,#5409,#5411,
#5413));
#5415=FACE_OUTER_BOUND('',#5414,.F.);
#5416=ADVANCED_FACE('',(#5415),#5395,.F.);
#5417=CARTESIAN_POINT('',(2.73E1,-8.249999999998E-1,4.63E0));
#5418=DIRECTION('',(0.E0,0.E0,1.E0));
#5419=DIRECTION('',(-1.E0,0.E0,0.E0));
#5420=AXIS2_PLACEMENT_3D('',#5417,#5418,#5419);
#5421=PLANE('',#5420);
#5423=ORIENTED_EDGE('',*,*,#5422,.T.);
#5424=ORIENTED_EDGE('',*,*,#5399,.T.);
#5425=ORIENTED_EDGE('',*,*,#4635,.T.);
#5427=ORIENTED_EDGE('',*,*,#5426,.T.);
#5428=EDGE_LOOP('',(#5423,#5424,#5425,#5427));
#5429=FACE_OUTER_BOUND('',#5428,.F.);
#5430=ADVANCED_FACE('',(#5429),#5421,.F.);
#5431=CARTESIAN_POINT('',(2.73E1,-8.999999999998E-1,4.29E0));
#5432=DIRECTION('',(0.E0,1.E0,0.E0));
#5433=DIRECTION('',(1.E0,0.E0,0.E0));
#5434=AXIS2_PLACEMENT_3D('',#5431,#5432,#5433);
#5435=PLANE('',#5434);
#5436=ORIENTED_EDGE('',*,*,#5422,.F.);
#5438=ORIENTED_EDGE('',*,*,#5437,.F.);
#5439=ORIENTED_EDGE('',*,*,#4148,.T.);
#5440=ORIENTED_EDGE('',*,*,#5401,.F.);
#5441=EDGE_LOOP('',(#5436,#5438,#5439,#5440));
#5442=FACE_OUTER_BOUND('',#5441,.F.);
#5443=ADVANCED_FACE('',(#5442),#5435,.T.);
#5444=CARTESIAN_POINT('',(2.6975E1,-9.499999999998E-1,4.265E0));
#5445=DIRECTION('',(1.E0,0.E0,0.E0));
#5446=DIRECTION('',(0.E0,-1.E0,0.E0));
#5447=AXIS2_PLACEMENT_3D('',#5444,#5445,#5446);
#5448=PLANE('',#5447);
#5450=ORIENTED_EDGE('',*,*,#5449,.T.);
#5452=ORIENTED_EDGE('',*,*,#5451,.T.);
#5454=ORIENTED_EDGE('',*,*,#5453,.T.);
#5456=ORIENTED_EDGE('',*,*,#5455,.F.);
#5458=ORIENTED_EDGE('',*,*,#5457,.T.);
#5460=ORIENTED_EDGE('',*,*,#5459,.F.);
#5461=ORIENTED_EDGE('',*,*,#4150,.T.);
#5462=ORIENTED_EDGE('',*,*,#5437,.T.);
#5463=ORIENTED_EDGE('',*,*,#5426,.F.);
#5464=ORIENTED_EDGE('',*,*,#4633,.T.);
#5466=ORIENTED_EDGE('',*,*,#5465,.T.);
#5467=EDGE_LOOP('',(#5450,#5452,#5454,#5456,#5458,#5460,#5461,#5462,#5463,#5464,
#5466));
#5468=FACE_OUTER_BOUND('',#5467,.F.);
#5469=ADVANCED_FACE('',(#5468),#5448,.T.);
#5470=CARTESIAN_POINT('',(2.69E1,-7.999999999999E-1,4.355E0));
#5471=DIRECTION('',(0.E0,1.E0,0.E0));
#5472=DIRECTION('',(1.E0,0.E0,0.E0));
#5473=AXIS2_PLACEMENT_3D('',#5470,#5471,#5472);
#5474=PLANE('',#5473);
#5475=ORIENTED_EDGE('',*,*,#5449,.F.);
#5477=ORIENTED_EDGE('',*,*,#5476,.F.);
#5479=ORIENTED_EDGE('',*,*,#5478,.F.);
#5481=ORIENTED_EDGE('',*,*,#5480,.F.);
#5482=EDGE_LOOP('',(#5475,#5477,#5479,#5481));
#5483=FACE_OUTER_BOUND('',#5482,.F.);
#5484=ADVANCED_FACE('',(#5483),#5474,.T.);
#5485=CARTESIAN_POINT('',(2.69E1,-7.749999999999E-1,4.56E0));
#5486=DIRECTION('',(0.E0,0.E0,1.E0));
#5487=DIRECTION('',(-1.E0,0.E0,0.E0));
#5488=AXIS2_PLACEMENT_3D('',#5485,#5486,#5487);
#5489=PLANE('',#5488);
#5490=ORIENTED_EDGE('',*,*,#5476,.T.);
#5491=ORIENTED_EDGE('',*,*,#5465,.F.);
#5492=ORIENTED_EDGE('',*,*,#4631,.T.);
#5494=ORIENTED_EDGE('',*,*,#5493,.T.);
#5495=EDGE_LOOP('',(#5490,#5491,#5492,#5494));
#5496=FACE_OUTER_BOUND('',#5495,.F.);
#5497=ADVANCED_FACE('',(#5496),#5489,.F.);
#5498=CARTESIAN_POINT('',(2.6825E1,-9.499999999998E-1,4.265E0));
#5499=DIRECTION('',(1.E0,0.E0,0.E0));
#5500=DIRECTION('',(0.E0,1.E0,0.E0));
#5501=AXIS2_PLACEMENT_3D('',#5498,#5499,#5500);
#5502=PLANE('',#5501);
#5503=ORIENTED_EDGE('',*,*,#5478,.T.);
#5504=ORIENTED_EDGE('',*,*,#5493,.F.);
#5505=ORIENTED_EDGE('',*,*,#4629,.T.);
#5507=ORIENTED_EDGE('',*,*,#5506,.F.);
#5509=ORIENTED_EDGE('',*,*,#5508,.T.);
#5510=ORIENTED_EDGE('',*,*,#4154,.T.);
#5512=ORIENTED_EDGE('',*,*,#5511,.F.);
#5514=ORIENTED_EDGE('',*,*,#5513,.T.);
#5516=ORIENTED_EDGE('',*,*,#5515,.F.);
#5518=ORIENTED_EDGE('',*,*,#5517,.T.);
#5520=ORIENTED_EDGE('',*,*,#5519,.T.);
#5521=EDGE_LOOP('',(#5503,#5504,#5505,#5507,#5509,#5510,#5512,#5514,#5516,#5518,
#5520));
#5522=FACE_OUTER_BOUND('',#5521,.F.);
#5523=ADVANCED_FACE('',(#5522),#5502,.F.);
#5524=CARTESIAN_POINT('',(2.65E1,-8.249999999998E-1,4.63E0));
#5525=DIRECTION('',(0.E0,0.E0,1.E0));
#5526=DIRECTION('',(-1.E0,0.E0,0.E0));
#5527=AXIS2_PLACEMENT_3D('',#5524,#5525,#5526);
#5528=PLANE('',#5527);
#5530=ORIENTED_EDGE('',*,*,#5529,.T.);
#5532=ORIENTED_EDGE('',*,*,#5531,.T.);
#5533=ORIENTED_EDGE('',*,*,#5506,.T.);
#5534=ORIENTED_EDGE('',*,*,#4627,.T.);
#5535=EDGE_LOOP('',(#5530,#5532,#5533,#5534));
#5536=FACE_OUTER_BOUND('',#5535,.F.);
#5537=ADVANCED_FACE('',(#5536),#5528,.F.);
#5538=CARTESIAN_POINT('',(2.6175E1,-9.499999999998E-1,4.265E0));
#5539=DIRECTION('',(1.E0,0.E0,0.E0));
#5540=DIRECTION('',(0.E0,-1.E0,0.E0));
#5541=AXIS2_PLACEMENT_3D('',#5538,#5539,#5540);
#5542=PLANE('',#5541);
#5544=ORIENTED_EDGE('',*,*,#5543,.T.);
#5546=ORIENTED_EDGE('',*,*,#5545,.T.);
#5548=ORIENTED_EDGE('',*,*,#5547,.T.);
#5550=ORIENTED_EDGE('',*,*,#5549,.F.);
#5552=ORIENTED_EDGE('',*,*,#5551,.T.);
#5554=ORIENTED_EDGE('',*,*,#5553,.F.);
#5555=ORIENTED_EDGE('',*,*,#4158,.T.);
#5557=ORIENTED_EDGE('',*,*,#5556,.T.);
#5558=ORIENTED_EDGE('',*,*,#5529,.F.);
#5559=ORIENTED_EDGE('',*,*,#4625,.T.);
#5561=ORIENTED_EDGE('',*,*,#5560,.T.);
#5562=EDGE_LOOP('',(#5544,#5546,#5548,#5550,#5552,#5554,#5555,#5557,#5558,#5559,
#5561));
#5563=FACE_OUTER_BOUND('',#5562,.F.);
#5564=ADVANCED_FACE('',(#5563),#5542,.T.);
#5565=CARTESIAN_POINT('',(2.61E1,-7.999999999999E-1,4.355E0));
#5566=DIRECTION('',(0.E0,1.E0,0.E0));
#5567=DIRECTION('',(1.E0,0.E0,0.E0));
#5568=AXIS2_PLACEMENT_3D('',#5565,#5566,#5567);
#5569=PLANE('',#5568);
#5570=ORIENTED_EDGE('',*,*,#5543,.F.);
#5572=ORIENTED_EDGE('',*,*,#5571,.F.);
#5574=ORIENTED_EDGE('',*,*,#5573,.F.);
#5576=ORIENTED_EDGE('',*,*,#5575,.F.);
#5577=EDGE_LOOP('',(#5570,#5572,#5574,#5576));
#5578=FACE_OUTER_BOUND('',#5577,.F.);
#5579=ADVANCED_FACE('',(#5578),#5569,.T.);
#5580=CARTESIAN_POINT('',(2.61E1,-7.749999999999E-1,4.56E0));
#5581=DIRECTION('',(0.E0,0.E0,1.E0));
#5582=DIRECTION('',(-1.E0,0.E0,0.E0));
#5583=AXIS2_PLACEMENT_3D('',#5580,#5581,#5582);
#5584=PLANE('',#5583);
#5585=ORIENTED_EDGE('',*,*,#5571,.T.);
#5586=ORIENTED_EDGE('',*,*,#5560,.F.);
#5587=ORIENTED_EDGE('',*,*,#4623,.T.);
#5589=ORIENTED_EDGE('',*,*,#5588,.T.);
#5590=EDGE_LOOP('',(#5585,#5586,#5587,#5589));
#5591=FACE_OUTER_BOUND('',#5590,.F.);
#5592=ADVANCED_FACE('',(#5591),#5584,.F.);
#5593=CARTESIAN_POINT('',(2.6025E1,-9.499999999998E-1,4.265E0));
#5594=DIRECTION('',(1.E0,0.E0,0.E0));
#5595=DIRECTION('',(0.E0,1.E0,0.E0));
#5596=AXIS2_PLACEMENT_3D('',#5593,#5594,#5595);
#5597=PLANE('',#5596);
#5598=ORIENTED_EDGE('',*,*,#5573,.T.);
#5599=ORIENTED_EDGE('',*,*,#5588,.F.);
#5600=ORIENTED_EDGE('',*,*,#4621,.T.);
#5602=ORIENTED_EDGE('',*,*,#5601,.F.);
#5604=ORIENTED_EDGE('',*,*,#5603,.T.);
#5605=ORIENTED_EDGE('',*,*,#4162,.T.);
#5607=ORIENTED_EDGE('',*,*,#5606,.F.);
#5609=ORIENTED_EDGE('',*,*,#5608,.T.);
#5611=ORIENTED_EDGE('',*,*,#5610,.F.);
#5613=ORIENTED_EDGE('',*,*,#5612,.T.);
#5615=ORIENTED_EDGE('',*,*,#5614,.T.);
#5616=EDGE_LOOP('',(#5598,#5599,#5600,#5602,#5604,#5605,#5607,#5609,#5611,#5613,
#5615));
#5617=FACE_OUTER_BOUND('',#5616,.F.);
#5618=ADVANCED_FACE('',(#5617),#5597,.F.);
#5619=CARTESIAN_POINT('',(2.57E1,-8.249999999998E-1,4.63E0));
#5620=DIRECTION('',(0.E0,0.E0,1.E0));
#5621=DIRECTION('',(-1.E0,0.E0,0.E0));
#5622=AXIS2_PLACEMENT_3D('',#5619,#5620,#5621);
#5623=PLANE('',#5622);
#5625=ORIENTED_EDGE('',*,*,#5624,.T.);
#5626=ORIENTED_EDGE('',*,*,#5601,.T.);
#5627=ORIENTED_EDGE('',*,*,#4619,.T.);
#5629=ORIENTED_EDGE('',*,*,#5628,.T.);
#5630=EDGE_LOOP('',(#5625,#5626,#5627,#5629));
#5631=FACE_OUTER_BOUND('',#5630,.F.);
#5632=ADVANCED_FACE('',(#5631),#5623,.F.);
#5633=CARTESIAN_POINT('',(2.57E1,-8.999999999998E-1,4.29E0));
#5634=DIRECTION('',(0.E0,1.E0,0.E0));
#5635=DIRECTION('',(1.E0,0.E0,0.E0));
#5636=AXIS2_PLACEMENT_3D('',#5633,#5634,#5635);
#5637=PLANE('',#5636);
#5638=ORIENTED_EDGE('',*,*,#5624,.F.);
#5640=ORIENTED_EDGE('',*,*,#5639,.F.);
#5641=ORIENTED_EDGE('',*,*,#4164,.T.);
#5642=ORIENTED_EDGE('',*,*,#5603,.F.);
#5643=EDGE_LOOP('',(#5638,#5640,#5641,#5642));
#5644=FACE_OUTER_BOUND('',#5643,.F.);
#5645=ADVANCED_FACE('',(#5644),#5637,.T.);
#5646=CARTESIAN_POINT('',(2.5375E1,-9.499999999998E-1,4.265E0));
#5647=DIRECTION('',(1.E0,0.E0,0.E0));
#5648=DIRECTION('',(0.E0,-1.E0,0.E0));
#5649=AXIS2_PLACEMENT_3D('',#5646,#5647,#5648);
#5650=PLANE('',#5649);
#5652=ORIENTED_EDGE('',*,*,#5651,.T.);
#5654=ORIENTED_EDGE('',*,*,#5653,.T.);
#5656=ORIENTED_EDGE('',*,*,#5655,.T.);
#5658=ORIENTED_EDGE('',*,*,#5657,.F.);
#5660=ORIENTED_EDGE('',*,*,#5659,.T.);
#5662=ORIENTED_EDGE('',*,*,#5661,.F.);
#5663=ORIENTED_EDGE('',*,*,#4166,.T.);
#5664=ORIENTED_EDGE('',*,*,#5639,.T.);
#5665=ORIENTED_EDGE('',*,*,#5628,.F.);
#5666=ORIENTED_EDGE('',*,*,#4617,.T.);
#5668=ORIENTED_EDGE('',*,*,#5667,.T.);
#5669=EDGE_LOOP('',(#5652,#5654,#5656,#5658,#5660,#5662,#5663,#5664,#5665,#5666,
#5668));
#5670=FACE_OUTER_BOUND('',#5669,.F.);
#5671=ADVANCED_FACE('',(#5670),#5650,.T.);
#5672=CARTESIAN_POINT('',(2.53E1,-7.999999999999E-1,4.355E0));
#5673=DIRECTION('',(0.E0,1.E0,0.E0));
#5674=DIRECTION('',(1.E0,0.E0,0.E0));
#5675=AXIS2_PLACEMENT_3D('',#5672,#5673,#5674);
#5676=PLANE('',#5675);
#5677=ORIENTED_EDGE('',*,*,#5651,.F.);
#5679=ORIENTED_EDGE('',*,*,#5678,.F.);
#5681=ORIENTED_EDGE('',*,*,#5680,.F.);
#5683=ORIENTED_EDGE('',*,*,#5682,.F.);
#5684=EDGE_LOOP('',(#5677,#5679,#5681,#5683));
#5685=FACE_OUTER_BOUND('',#5684,.F.);
#5686=ADVANCED_FACE('',(#5685),#5676,.T.);
#5687=CARTESIAN_POINT('',(2.53E1,-7.749999999999E-1,4.56E0));
#5688=DIRECTION('',(0.E0,0.E0,1.E0));
#5689=DIRECTION('',(-1.E0,0.E0,0.E0));
#5690=AXIS2_PLACEMENT_3D('',#5687,#5688,#5689);
#5691=PLANE('',#5690);
#5692=ORIENTED_EDGE('',*,*,#5678,.T.);
#5693=ORIENTED_EDGE('',*,*,#5667,.F.);
#5694=ORIENTED_EDGE('',*,*,#4615,.T.);
#5696=ORIENTED_EDGE('',*,*,#5695,.T.);
#5697=EDGE_LOOP('',(#5692,#5693,#5694,#5696));
#5698=FACE_OUTER_BOUND('',#5697,.F.);
#5699=ADVANCED_FACE('',(#5698),#5691,.F.);
#5700=CARTESIAN_POINT('',(2.5225E1,-9.499999999998E-1,4.265E0));
#5701=DIRECTION('',(1.E0,0.E0,0.E0));
#5702=DIRECTION('',(0.E0,1.E0,0.E0));
#5703=AXIS2_PLACEMENT_3D('',#5700,#5701,#5702);
#5704=PLANE('',#5703);
#5705=ORIENTED_EDGE('',*,*,#5680,.T.);
#5706=ORIENTED_EDGE('',*,*,#5695,.F.);
#5707=ORIENTED_EDGE('',*,*,#4613,.T.);
#5709=ORIENTED_EDGE('',*,*,#5708,.F.);
#5711=ORIENTED_EDGE('',*,*,#5710,.T.);
#5712=ORIENTED_EDGE('',*,*,#4170,.T.);
#5714=ORIENTED_EDGE('',*,*,#5713,.F.);
#5716=ORIENTED_EDGE('',*,*,#5715,.T.);
#5718=ORIENTED_EDGE('',*,*,#5717,.F.);
#5720=ORIENTED_EDGE('',*,*,#5719,.T.);
#5722=ORIENTED_EDGE('',*,*,#5721,.T.);
#5723=EDGE_LOOP('',(#5705,#5706,#5707,#5709,#5711,#5712,#5714,#5716,#5718,#5720,
#5722));
#5724=FACE_OUTER_BOUND('',#5723,.F.);
#5725=ADVANCED_FACE('',(#5724),#5704,.F.);
#5726=CARTESIAN_POINT('',(2.49E1,-8.249999999998E-1,4.63E0));
#5727=DIRECTION('',(0.E0,0.E0,1.E0));
#5728=DIRECTION('',(-1.E0,0.E0,0.E0));
#5729=AXIS2_PLACEMENT_3D('',#5726,#5727,#5728);
#5730=PLANE('',#5729);
#5732=ORIENTED_EDGE('',*,*,#5731,.T.);
#5733=ORIENTED_EDGE('',*,*,#5708,.T.);
#5734=ORIENTED_EDGE('',*,*,#4611,.T.);
#5736=ORIENTED_EDGE('',*,*,#5735,.T.);
#5737=EDGE_LOOP('',(#5732,#5733,#5734,#5736));
#5738=FACE_OUTER_BOUND('',#5737,.F.);
#5739=ADVANCED_FACE('',(#5738),#5730,.F.);
#5740=CARTESIAN_POINT('',(2.49E1,-8.999999999998E-1,4.29E0));
#5741=DIRECTION('',(0.E0,1.E0,0.E0));
#5742=DIRECTION('',(1.E0,0.E0,0.E0));
#5743=AXIS2_PLACEMENT_3D('',#5740,#5741,#5742);
#5744=PLANE('',#5743);
#5745=ORIENTED_EDGE('',*,*,#5731,.F.);
#5747=ORIENTED_EDGE('',*,*,#5746,.F.);
#5748=ORIENTED_EDGE('',*,*,#4172,.T.);
#5749=ORIENTED_EDGE('',*,*,#5710,.F.);
#5750=EDGE_LOOP('',(#5745,#5747,#5748,#5749));
#5751=FACE_OUTER_BOUND('',#5750,.F.);
#5752=ADVANCED_FACE('',(#5751),#5744,.T.);
#5753=CARTESIAN_POINT('',(2.4575E1,-9.499999999998E-1,4.265E0));
#5754=DIRECTION('',(1.E0,0.E0,0.E0));
#5755=DIRECTION('',(0.E0,-1.E0,0.E0));
#5756=AXIS2_PLACEMENT_3D('',#5753,#5754,#5755);
#5757=PLANE('',#5756);
#5759=ORIENTED_EDGE('',*,*,#5758,.T.);
#5761=ORIENTED_EDGE('',*,*,#5760,.T.);
#5763=ORIENTED_EDGE('',*,*,#5762,.T.);
#5765=ORIENTED_EDGE('',*,*,#5764,.F.);
#5767=ORIENTED_EDGE('',*,*,#5766,.T.);
#5769=ORIENTED_EDGE('',*,*,#5768,.F.);
#5770=ORIENTED_EDGE('',*,*,#4174,.T.);
#5771=ORIENTED_EDGE('',*,*,#5746,.T.);
#5772=ORIENTED_EDGE('',*,*,#5735,.F.);
#5773=ORIENTED_EDGE('',*,*,#4609,.T.);
#5775=ORIENTED_EDGE('',*,*,#5774,.T.);
#5776=EDGE_LOOP('',(#5759,#5761,#5763,#5765,#5767,#5769,#5770,#5771,#5772,#5773,
#5775));
#5777=FACE_OUTER_BOUND('',#5776,.F.);
#5778=ADVANCED_FACE('',(#5777),#5757,.T.);
#5779=CARTESIAN_POINT('',(2.45E1,-7.999999999999E-1,4.355E0));
#5780=DIRECTION('',(0.E0,1.E0,0.E0));
#5781=DIRECTION('',(1.E0,0.E0,0.E0));
#5782=AXIS2_PLACEMENT_3D('',#5779,#5780,#5781);
#5783=PLANE('',#5782);
#5784=ORIENTED_EDGE('',*,*,#5758,.F.);
#5786=ORIENTED_EDGE('',*,*,#5785,.F.);
#5788=ORIENTED_EDGE('',*,*,#5787,.F.);
#5790=ORIENTED_EDGE('',*,*,#5789,.F.);
#5791=EDGE_LOOP('',(#5784,#5786,#5788,#5790));
#5792=FACE_OUTER_BOUND('',#5791,.F.);
#5793=ADVANCED_FACE('',(#5792),#5783,.T.);
#5794=CARTESIAN_POINT('',(2.45E1,-7.749999999999E-1,4.56E0));
#5795=DIRECTION('',(0.E0,0.E0,1.E0));
#5796=DIRECTION('',(-1.E0,0.E0,0.E0));
#5797=AXIS2_PLACEMENT_3D('',#5794,#5795,#5796);
#5798=PLANE('',#5797);
#5799=ORIENTED_EDGE('',*,*,#5785,.T.);
#5800=ORIENTED_EDGE('',*,*,#5774,.F.);
#5801=ORIENTED_EDGE('',*,*,#4607,.T.);
#5803=ORIENTED_EDGE('',*,*,#5802,.T.);
#5804=EDGE_LOOP('',(#5799,#5800,#5801,#5803));
#5805=FACE_OUTER_BOUND('',#5804,.F.);
#5806=ADVANCED_FACE('',(#5805),#5798,.F.);
#5807=CARTESIAN_POINT('',(2.4425E1,-9.499999999998E-1,4.265E0));
#5808=DIRECTION('',(1.E0,0.E0,0.E0));
#5809=DIRECTION('',(0.E0,1.E0,0.E0));
#5810=AXIS2_PLACEMENT_3D('',#5807,#5808,#5809);
#5811=PLANE('',#5810);
#5812=ORIENTED_EDGE('',*,*,#5787,.T.);
#5813=ORIENTED_EDGE('',*,*,#5802,.F.);
#5814=ORIENTED_EDGE('',*,*,#4605,.T.);
#5816=ORIENTED_EDGE('',*,*,#5815,.F.);
#5818=ORIENTED_EDGE('',*,*,#5817,.T.);
#5819=ORIENTED_EDGE('',*,*,#4178,.T.);
#5821=ORIENTED_EDGE('',*,*,#5820,.F.);
#5823=ORIENTED_EDGE('',*,*,#5822,.T.);
#5825=ORIENTED_EDGE('',*,*,#5824,.F.);
#5827=ORIENTED_EDGE('',*,*,#5826,.T.);
#5829=ORIENTED_EDGE('',*,*,#5828,.T.);
#5830=EDGE_LOOP('',(#5812,#5813,#5814,#5816,#5818,#5819,#5821,#5823,#5825,#5827,
#5829));
#5831=FACE_OUTER_BOUND('',#5830,.F.);
#5832=ADVANCED_FACE('',(#5831),#5811,.F.);
#5833=CARTESIAN_POINT('',(2.41E1,-8.249999999998E-1,4.63E0));
#5834=DIRECTION('',(0.E0,0.E0,1.E0));
#5835=DIRECTION('',(-1.E0,0.E0,0.E0));
#5836=AXIS2_PLACEMENT_3D('',#5833,#5834,#5835);
#5837=PLANE('',#5836);
#5839=ORIENTED_EDGE('',*,*,#5838,.T.);
#5840=ORIENTED_EDGE('',*,*,#5815,.T.);
#5841=ORIENTED_EDGE('',*,*,#4603,.T.);
#5843=ORIENTED_EDGE('',*,*,#5842,.T.);
#5844=EDGE_LOOP('',(#5839,#5840,#5841,#5843));
#5845=FACE_OUTER_BOUND('',#5844,.F.);
#5846=ADVANCED_FACE('',(#5845),#5837,.F.);
#5847=CARTESIAN_POINT('',(2.41E1,-8.999999999998E-1,4.29E0));
#5848=DIRECTION('',(0.E0,1.E0,0.E0));
#5849=DIRECTION('',(1.E0,0.E0,0.E0));
#5850=AXIS2_PLACEMENT_3D('',#5847,#5848,#5849);
#5851=PLANE('',#5850);
#5852=ORIENTED_EDGE('',*,*,#5838,.F.);
#5854=ORIENTED_EDGE('',*,*,#5853,.F.);
#5855=ORIENTED_EDGE('',*,*,#4180,.T.);
#5856=ORIENTED_EDGE('',*,*,#5817,.F.);
#5857=EDGE_LOOP('',(#5852,#5854,#5855,#5856));
#5858=FACE_OUTER_BOUND('',#5857,.F.);
#5859=ADVANCED_FACE('',(#5858),#5851,.T.);
#5860=CARTESIAN_POINT('',(2.3775E1,-9.499999999998E-1,4.265E0));
#5861=DIRECTION('',(1.E0,0.E0,0.E0));
#5862=DIRECTION('',(0.E0,-1.E0,0.E0));
#5863=AXIS2_PLACEMENT_3D('',#5860,#5861,#5862);
#5864=PLANE('',#5863);
#5866=ORIENTED_EDGE('',*,*,#5865,.T.);
#5868=ORIENTED_EDGE('',*,*,#5867,.T.);
#5870=ORIENTED_EDGE('',*,*,#5869,.T.);
#5872=ORIENTED_EDGE('',*,*,#5871,.F.);
#5874=ORIENTED_EDGE('',*,*,#5873,.T.);
#5876=ORIENTED_EDGE('',*,*,#5875,.F.);
#5877=ORIENTED_EDGE('',*,*,#4182,.T.);
#5878=ORIENTED_EDGE('',*,*,#5853,.T.);
#5879=ORIENTED_EDGE('',*,*,#5842,.F.);
#5880=ORIENTED_EDGE('',*,*,#4601,.T.);
#5882=ORIENTED_EDGE('',*,*,#5881,.T.);
#5883=EDGE_LOOP('',(#5866,#5868,#5870,#5872,#5874,#5876,#5877,#5878,#5879,#5880,
#5882));
#5884=FACE_OUTER_BOUND('',#5883,.F.);
#5885=ADVANCED_FACE('',(#5884),#5864,.T.);
#5886=CARTESIAN_POINT('',(2.37E1,-7.999999999999E-1,4.355E0));
#5887=DIRECTION('',(0.E0,1.E0,0.E0));
#5888=DIRECTION('',(1.E0,0.E0,0.E0));
#5889=AXIS2_PLACEMENT_3D('',#5886,#5887,#5888);
#5890=PLANE('',#5889);
#5891=ORIENTED_EDGE('',*,*,#5865,.F.);
#5893=ORIENTED_EDGE('',*,*,#5892,.F.);
#5895=ORIENTED_EDGE('',*,*,#5894,.F.);
#5897=ORIENTED_EDGE('',*,*,#5896,.F.);
#5898=EDGE_LOOP('',(#5891,#5893,#5895,#5897));
#5899=FACE_OUTER_BOUND('',#5898,.F.);
#5900=ADVANCED_FACE('',(#5899),#5890,.T.);
#5901=CARTESIAN_POINT('',(2.37E1,-7.749999999999E-1,4.56E0));
#5902=DIRECTION('',(0.E0,0.E0,1.E0));
#5903=DIRECTION('',(-1.E0,0.E0,0.E0));
#5904=AXIS2_PLACEMENT_3D('',#5901,#5902,#5903);
#5905=PLANE('',#5904);
#5906=ORIENTED_EDGE('',*,*,#5892,.T.);
#5907=ORIENTED_EDGE('',*,*,#5881,.F.);
#5908=ORIENTED_EDGE('',*,*,#4599,.T.);
#5910=ORIENTED_EDGE('',*,*,#5909,.T.);
#5911=EDGE_LOOP('',(#5906,#5907,#5908,#5910));
#5912=FACE_OUTER_BOUND('',#5911,.F.);
#5913=ADVANCED_FACE('',(#5912),#5905,.F.);
#5914=CARTESIAN_POINT('',(2.3625E1,-9.499999999998E-1,4.265E0));
#5915=DIRECTION('',(1.E0,0.E0,0.E0));
#5916=DIRECTION('',(0.E0,1.E0,0.E0));
#5917=AXIS2_PLACEMENT_3D('',#5914,#5915,#5916);
#5918=PLANE('',#5917);
#5919=ORIENTED_EDGE('',*,*,#5894,.T.);
#5920=ORIENTED_EDGE('',*,*,#5909,.F.);
#5921=ORIENTED_EDGE('',*,*,#4597,.T.);
#5923=ORIENTED_EDGE('',*,*,#5922,.F.);
#5925=ORIENTED_EDGE('',*,*,#5924,.T.);
#5926=ORIENTED_EDGE('',*,*,#4186,.T.);
#5928=ORIENTED_EDGE('',*,*,#5927,.F.);
#5930=ORIENTED_EDGE('',*,*,#5929,.T.);
#5932=ORIENTED_EDGE('',*,*,#5931,.F.);
#5934=ORIENTED_EDGE('',*,*,#5933,.T.);
#5936=ORIENTED_EDGE('',*,*,#5935,.T.);
#5937=EDGE_LOOP('',(#5919,#5920,#5921,#5923,#5925,#5926,#5928,#5930,#5932,#5934,
#5936));
#5938=FACE_OUTER_BOUND('',#5937,.F.);
#5939=ADVANCED_FACE('',(#5938),#5918,.F.);
#5940=CARTESIAN_POINT('',(2.33E1,-8.249999999998E-1,4.63E0));
#5941=DIRECTION('',(0.E0,0.E0,1.E0));
#5942=DIRECTION('',(-1.E0,0.E0,0.E0));
#5943=AXIS2_PLACEMENT_3D('',#5940,#5941,#5942);
#5944=PLANE('',#5943);
#5945=ORIENTED_EDGE('',*,*,#5922,.T.);
#5946=ORIENTED_EDGE('',*,*,#4595,.T.);
#5948=ORIENTED_EDGE('',*,*,#5947,.T.);
#5950=ORIENTED_EDGE('',*,*,#5949,.T.);
#5951=EDGE_LOOP('',(#5945,#5946,#5948,#5950));
#5952=FACE_OUTER_BOUND('',#5951,.F.);
#5953=ADVANCED_FACE('',(#5952),#5944,.F.);
#5954=CARTESIAN_POINT('',(2.2975E1,-9.499999999998E-1,4.265E0));
#5955=DIRECTION('',(1.E0,0.E0,0.E0));
#5956=DIRECTION('',(0.E0,-1.E0,0.E0));
#5957=AXIS2_PLACEMENT_3D('',#5954,#5955,#5956);
#5958=PLANE('',#5957);
#5960=ORIENTED_EDGE('',*,*,#5959,.F.);
#5962=ORIENTED_EDGE('',*,*,#5961,.F.);
#5964=ORIENTED_EDGE('',*,*,#5963,.F.);
#5966=ORIENTED_EDGE('',*,*,#5965,.F.);
#5968=ORIENTED_EDGE('',*,*,#5967,.T.);
#5970=ORIENTED_EDGE('',*,*,#5969,.F.);
#5971=ORIENTED_EDGE('',*,*,#4190,.T.);
#5973=ORIENTED_EDGE('',*,*,#5972,.T.);
#5974=ORIENTED_EDGE('',*,*,#5947,.F.);
#5975=ORIENTED_EDGE('',*,*,#4593,.T.);
#5977=ORIENTED_EDGE('',*,*,#5976,.F.);
#5978=EDGE_LOOP('',(#5960,#5962,#5964,#5966,#5968,#5970,#5971,#5973,#5974,#5975,
#5977));
#5979=FACE_OUTER_BOUND('',#5978,.F.);
#5980=ADVANCED_FACE('',(#5979),#5958,.T.);
#5981=CARTESIAN_POINT('',(2.29E1,-7.999999999999E-1,4.355E0));
#5982=DIRECTION('',(0.E0,1.E0,0.E0));
#5983=DIRECTION('',(1.E0,0.E0,0.E0));
#5984=AXIS2_PLACEMENT_3D('',#5981,#5982,#5983);
#5985=PLANE('',#5984);
#5986=ORIENTED_EDGE('',*,*,#5959,.T.);
#5988=ORIENTED_EDGE('',*,*,#5987,.T.);
#5990=ORIENTED_EDGE('',*,*,#5989,.T.);
#5992=ORIENTED_EDGE('',*,*,#5991,.T.);
#5993=EDGE_LOOP('',(#5986,#5988,#5990,#5992));
#5994=FACE_OUTER_BOUND('',#5993,.F.);
#5995=ADVANCED_FACE('',(#5994),#5985,.T.);
#5996=CARTESIAN_POINT('',(2.29E1,-7.749999999999E-1,4.56E0));
#5997=DIRECTION('',(0.E0,0.E0,1.E0));
#5998=DIRECTION('',(-1.E0,0.E0,0.E0));
#5999=AXIS2_PLACEMENT_3D('',#5996,#5997,#5998);
#6000=PLANE('',#5999);
#6001=ORIENTED_EDGE('',*,*,#5987,.F.);
#6002=ORIENTED_EDGE('',*,*,#5976,.T.);
#6003=ORIENTED_EDGE('',*,*,#4591,.T.);
#6005=ORIENTED_EDGE('',*,*,#6004,.F.);
#6006=EDGE_LOOP('',(#6001,#6002,#6003,#6005));
#6007=FACE_OUTER_BOUND('',#6006,.F.);
#6008=ADVANCED_FACE('',(#6007),#6000,.F.);
#6009=CARTESIAN_POINT('',(2.2825E1,-9.499999999998E-1,4.265E0));
#6010=DIRECTION('',(1.E0,0.E0,0.E0));
#6011=DIRECTION('',(0.E0,1.E0,0.E0));
#6012=AXIS2_PLACEMENT_3D('',#6009,#6010,#6011);
#6013=PLANE('',#6012);
#6014=ORIENTED_EDGE('',*,*,#5989,.F.);
#6015=ORIENTED_EDGE('',*,*,#6004,.T.);
#6016=ORIENTED_EDGE('',*,*,#4589,.T.);
#6017=ORIENTED_EDGE('',*,*,#4546,.F.);
#6018=ORIENTED_EDGE('',*,*,#4531,.F.);
#6019=ORIENTED_EDGE('',*,*,#4194,.T.);
#6021=ORIENTED_EDGE('',*,*,#6020,.F.);
#6023=ORIENTED_EDGE('',*,*,#6022,.T.);
#6025=ORIENTED_EDGE('',*,*,#6024,.F.);
#6027=ORIENTED_EDGE('',*,*,#6026,.T.);
#6029=ORIENTED_EDGE('',*,*,#6028,.T.);
#6030=EDGE_LOOP('',(#6014,#6015,#6016,#6017,#6018,#6019,#6021,#6023,#6025,#6027,
#6029));
#6031=FACE_OUTER_BOUND('',#6030,.F.);
#6032=ADVANCED_FACE('',(#6031),#6013,.F.);
#6033=CARTESIAN_POINT('',(2.29E1,-1.1E0,3.95E0));
#6034=DIRECTION('',(-1.E0,0.E0,0.E0));
#6035=DIRECTION('',(0.E0,5.122961656550E-2,-9.986869010789E-1));
#6036=AXIS2_PLACEMENT_3D('',#6033,#6034,#6035);
#6037=CYLINDRICAL_SURFACE('',#6036,5.E-2);
#6039=ORIENTED_EDGE('',*,*,#6038,.T.);
#6040=ORIENTED_EDGE('',*,*,#6020,.T.);
#6041=ORIENTED_EDGE('',*,*,#4192,.T.);
#6042=ORIENTED_EDGE('',*,*,#5969,.T.);
#6043=EDGE_LOOP('',(#6039,#6040,#6041,#6042));
#6044=FACE_OUTER_BOUND('',#6043,.F.);
#6045=ADVANCED_FACE('',(#6044),#6037,.T.);
#6046=CARTESIAN_POINT('',(2.29E1,-9.649999999998E-1,3.9E0));
#6047=DIRECTION('',(0.E0,0.E0,1.E0));
#6048=DIRECTION('',(-1.E0,0.E0,0.E0));
#6049=AXIS2_PLACEMENT_3D('',#6046,#6047,#6048);
#6050=PLANE('',#6049);
#6052=ORIENTED_EDGE('',*,*,#6051,.F.);
#6053=ORIENTED_EDGE('',*,*,#6022,.F.);
#6054=ORIENTED_EDGE('',*,*,#6038,.F.);
#6055=ORIENTED_EDGE('',*,*,#5967,.F.);
#6056=EDGE_LOOP('',(#6052,#6053,#6054,#6055));
#6057=FACE_OUTER_BOUND('',#6056,.F.);
#6058=ADVANCED_FACE('',(#6057),#6050,.F.);
#6059=CARTESIAN_POINT('',(2.29E1,-7.899999999998E-1,3.915E0));
#6060=DIRECTION('',(0.E0,-3.511234415884E-1,9.363291775690E-1));
#6061=DIRECTION('',(0.E0,-9.363291775690E-1,-3.511234415884E-1));
#6062=AXIS2_PLACEMENT_3D('',#6059,#6060,#6061);
#6063=PLANE('',#6062);
#6064=ORIENTED_EDGE('',*,*,#5965,.T.);
#6066=ORIENTED_EDGE('',*,*,#6065,.F.);
#6067=ORIENTED_EDGE('',*,*,#6024,.T.);
#6068=ORIENTED_EDGE('',*,*,#6051,.T.);
#6069=EDGE_LOOP('',(#6064,#6066,#6067,#6068));
#6070=FACE_OUTER_BOUND('',#6069,.F.);
#6071=ADVANCED_FACE('',(#6070),#6063,.F.);
#6072=CARTESIAN_POINT('',(2.29E1,-7.499999999999E-1,4.04E0));
#6073=DIRECTION('',(0.E0,1.E0,0.E0));
#6074=DIRECTION('',(1.E0,0.E0,0.E0));
#6075=AXIS2_PLACEMENT_3D('',#6072,#6073,#6074);
#6076=PLANE('',#6075);
#6077=ORIENTED_EDGE('',*,*,#6065,.T.);
#6078=ORIENTED_EDGE('',*,*,#5963,.T.);
#6080=ORIENTED_EDGE('',*,*,#6079,.T.);
#6081=ORIENTED_EDGE('',*,*,#6026,.F.);
#6082=EDGE_LOOP('',(#6077,#6078,#6080,#6081));
#6083=FACE_OUTER_BOUND('',#6082,.F.);
#6084=ADVANCED_FACE('',(#6083),#6076,.T.);
#6085=CARTESIAN_POINT('',(2.29E1,-7.749999999999E-1,4.15E0));
#6086=DIRECTION('',(0.E0,0.E0,1.E0));
#6087=DIRECTION('',(1.E0,0.E0,0.E0));
#6088=AXIS2_PLACEMENT_3D('',#6085,#6086,#6087);
#6089=PLANE('',#6088);
#6090=ORIENTED_EDGE('',*,*,#5961,.T.);
#6091=ORIENTED_EDGE('',*,*,#5991,.F.);
#6092=ORIENTED_EDGE('',*,*,#6028,.F.);
#6093=ORIENTED_EDGE('',*,*,#6079,.F.);
#6094=EDGE_LOOP('',(#6090,#6091,#6092,#6093));
#6095=FACE_OUTER_BOUND('',#6094,.F.);
#6096=ADVANCED_FACE('',(#6095),#6089,.T.);
#6097=CARTESIAN_POINT('',(2.33E1,-8.999999999998E-1,4.29E0));
#6098=DIRECTION('',(0.E0,1.E0,0.E0));
#6099=DIRECTION('',(1.E0,0.E0,0.E0));
#6100=AXIS2_PLACEMENT_3D('',#6097,#6098,#6099);
#6101=PLANE('',#6100);
#6102=ORIENTED_EDGE('',*,*,#5949,.F.);
#6103=ORIENTED_EDGE('',*,*,#5972,.F.);
#6104=ORIENTED_EDGE('',*,*,#4188,.T.);
#6105=ORIENTED_EDGE('',*,*,#5924,.F.);
#6106=EDGE_LOOP('',(#6102,#6103,#6104,#6105));
#6107=FACE_OUTER_BOUND('',#6106,.F.);
#6108=ADVANCED_FACE('',(#6107),#6101,.T.);
#6109=CARTESIAN_POINT('',(2.37E1,-1.1E0,3.95E0));
#6110=DIRECTION('',(-1.E0,0.E0,0.E0));
#6111=DIRECTION('',(0.E0,5.122961656550E-2,-9.986869010789E-1));
#6112=AXIS2_PLACEMENT_3D('',#6109,#6110,#6111);
#6113=CYLINDRICAL_SURFACE('',#6112,5.E-2);
#6115=ORIENTED_EDGE('',*,*,#6114,.T.);
#6116=ORIENTED_EDGE('',*,*,#5927,.T.);
#6117=ORIENTED_EDGE('',*,*,#4184,.T.);
#6118=ORIENTED_EDGE('',*,*,#5875,.T.);
#6119=EDGE_LOOP('',(#6115,#6116,#6117,#6118));
#6120=FACE_OUTER_BOUND('',#6119,.F.);
#6121=ADVANCED_FACE('',(#6120),#6113,.T.);
#6122=CARTESIAN_POINT('',(2.37E1,-9.649999999998E-1,3.9E0));
#6123=DIRECTION('',(0.E0,0.E0,1.E0));
#6124=DIRECTION('',(-1.E0,0.E0,0.E0));
#6125=AXIS2_PLACEMENT_3D('',#6122,#6123,#6124);
#6126=PLANE('',#6125);
#6128=ORIENTED_EDGE('',*,*,#6127,.T.);
#6129=ORIENTED_EDGE('',*,*,#5929,.F.);
#6130=ORIENTED_EDGE('',*,*,#6114,.F.);
#6131=ORIENTED_EDGE('',*,*,#5873,.F.);
#6132=EDGE_LOOP('',(#6128,#6129,#6130,#6131));
#6133=FACE_OUTER_BOUND('',#6132,.F.);
#6134=ADVANCED_FACE('',(#6133),#6126,.F.);
#6135=CARTESIAN_POINT('',(2.37E1,-7.899999999998E-1,3.915E0));
#6136=DIRECTION('',(0.E0,-3.511234415884E-1,9.363291775690E-1));
#6137=DIRECTION('',(0.E0,-9.363291775690E-1,-3.511234415884E-1));
#6138=AXIS2_PLACEMENT_3D('',#6135,#6136,#6137);
#6139=PLANE('',#6138);
#6140=ORIENTED_EDGE('',*,*,#5871,.T.);
#6142=ORIENTED_EDGE('',*,*,#6141,.F.);
#6143=ORIENTED_EDGE('',*,*,#5931,.T.);
#6144=ORIENTED_EDGE('',*,*,#6127,.F.);
#6145=EDGE_LOOP('',(#6140,#6142,#6143,#6144));
#6146=FACE_OUTER_BOUND('',#6145,.F.);
#6147=ADVANCED_FACE('',(#6146),#6139,.F.);
#6148=CARTESIAN_POINT('',(2.37E1,-7.499999999999E-1,4.04E0));
#6149=DIRECTION('',(0.E0,1.E0,0.E0));
#6150=DIRECTION('',(1.E0,0.E0,0.E0));
#6151=AXIS2_PLACEMENT_3D('',#6148,#6149,#6150);
#6152=PLANE('',#6151);
#6153=ORIENTED_EDGE('',*,*,#6141,.T.);
#6154=ORIENTED_EDGE('',*,*,#5869,.F.);
#6156=ORIENTED_EDGE('',*,*,#6155,.T.);
#6157=ORIENTED_EDGE('',*,*,#5933,.F.);
#6158=EDGE_LOOP('',(#6153,#6154,#6156,#6157));
#6159=FACE_OUTER_BOUND('',#6158,.F.);
#6160=ADVANCED_FACE('',(#6159),#6152,.T.);
#6161=CARTESIAN_POINT('',(2.37E1,-7.749999999999E-1,4.15E0));
#6162=DIRECTION('',(0.E0,0.E0,1.E0));
#6163=DIRECTION('',(1.E0,0.E0,0.E0));
#6164=AXIS2_PLACEMENT_3D('',#6161,#6162,#6163);
#6165=PLANE('',#6164);
#6166=ORIENTED_EDGE('',*,*,#5867,.F.);
#6167=ORIENTED_EDGE('',*,*,#5896,.T.);
#6168=ORIENTED_EDGE('',*,*,#5935,.F.);
#6169=ORIENTED_EDGE('',*,*,#6155,.F.);
#6170=EDGE_LOOP('',(#6166,#6167,#6168,#6169));
#6171=FACE_OUTER_BOUND('',#6170,.F.);
#6172=ADVANCED_FACE('',(#6171),#6165,.T.);
#6173=CARTESIAN_POINT('',(2.45E1,-1.1E0,3.95E0));
#6174=DIRECTION('',(-1.E0,0.E0,0.E0));
#6175=DIRECTION('',(0.E0,5.122961656550E-2,-9.986869010789E-1));
#6176=AXIS2_PLACEMENT_3D('',#6173,#6174,#6175);
#6177=CYLINDRICAL_SURFACE('',#6176,5.E-2);
#6179=ORIENTED_EDGE('',*,*,#6178,.T.);
#6180=ORIENTED_EDGE('',*,*,#5820,.T.);
#6181=ORIENTED_EDGE('',*,*,#4176,.T.);
#6182=ORIENTED_EDGE('',*,*,#5768,.T.);
#6183=EDGE_LOOP('',(#6179,#6180,#6181,#6182));
#6184=FACE_OUTER_BOUND('',#6183,.F.);
#6185=ADVANCED_FACE('',(#6184),#6177,.T.);
#6186=CARTESIAN_POINT('',(2.45E1,-9.649999999998E-1,3.9E0));
#6187=DIRECTION('',(0.E0,0.E0,1.E0));
#6188=DIRECTION('',(-1.E0,0.E0,0.E0));
#6189=AXIS2_PLACEMENT_3D('',#6186,#6187,#6188);
#6190=PLANE('',#6189);
#6192=ORIENTED_EDGE('',*,*,#6191,.T.);
#6193=ORIENTED_EDGE('',*,*,#5822,.F.);
#6194=ORIENTED_EDGE('',*,*,#6178,.F.);
#6195=ORIENTED_EDGE('',*,*,#5766,.F.);
#6196=EDGE_LOOP('',(#6192,#6193,#6194,#6195));
#6197=FACE_OUTER_BOUND('',#6196,.F.);
#6198=ADVANCED_FACE('',(#6197),#6190,.F.);
#6199=CARTESIAN_POINT('',(2.45E1,-7.899999999998E-1,3.915E0));
#6200=DIRECTION('',(0.E0,-3.511234415884E-1,9.363291775690E-1));
#6201=DIRECTION('',(0.E0,-9.363291775690E-1,-3.511234415884E-1));
#6202=AXIS2_PLACEMENT_3D('',#6199,#6200,#6201);
#6203=PLANE('',#6202);
#6204=ORIENTED_EDGE('',*,*,#5764,.T.);
#6206=ORIENTED_EDGE('',*,*,#6205,.F.);
#6207=ORIENTED_EDGE('',*,*,#5824,.T.);
#6208=ORIENTED_EDGE('',*,*,#6191,.F.);
#6209=EDGE_LOOP('',(#6204,#6206,#6207,#6208));
#6210=FACE_OUTER_BOUND('',#6209,.F.);
#6211=ADVANCED_FACE('',(#6210),#6203,.F.);
#6212=CARTESIAN_POINT('',(2.45E1,-7.499999999999E-1,4.04E0));
#6213=DIRECTION('',(0.E0,1.E0,0.E0));
#6214=DIRECTION('',(1.E0,0.E0,0.E0));
#6215=AXIS2_PLACEMENT_3D('',#6212,#6213,#6214);
#6216=PLANE('',#6215);
#6217=ORIENTED_EDGE('',*,*,#6205,.T.);
#6218=ORIENTED_EDGE('',*,*,#5762,.F.);
#6220=ORIENTED_EDGE('',*,*,#6219,.T.);
#6221=ORIENTED_EDGE('',*,*,#5826,.F.);
#6222=EDGE_LOOP('',(#6217,#6218,#6220,#6221));
#6223=FACE_OUTER_BOUND('',#6222,.F.);
#6224=ADVANCED_FACE('',(#6223),#6216,.T.);
#6225=CARTESIAN_POINT('',(2.45E1,-7.749999999999E-1,4.15E0));
#6226=DIRECTION('',(0.E0,0.E0,1.E0));
#6227=DIRECTION('',(1.E0,0.E0,0.E0));
#6228=AXIS2_PLACEMENT_3D('',#6225,#6226,#6227);
#6229=PLANE('',#6228);
#6230=ORIENTED_EDGE('',*,*,#5760,.F.);
#6231=ORIENTED_EDGE('',*,*,#5789,.T.);
#6232=ORIENTED_EDGE('',*,*,#5828,.F.);
#6233=ORIENTED_EDGE('',*,*,#6219,.F.);
#6234=EDGE_LOOP('',(#6230,#6231,#6232,#6233));
#6235=FACE_OUTER_BOUND('',#6234,.F.);
#6236=ADVANCED_FACE('',(#6235),#6229,.T.);
#6237=CARTESIAN_POINT('',(2.53E1,-1.1E0,3.95E0));
#6238=DIRECTION('',(-1.E0,0.E0,0.E0));
#6239=DIRECTION('',(0.E0,5.122961656550E-2,-9.986869010789E-1));
#6240=AXIS2_PLACEMENT_3D('',#6237,#6238,#6239);
#6241=CYLINDRICAL_SURFACE('',#6240,5.E-2);
#6243=ORIENTED_EDGE('',*,*,#6242,.T.);
#6244=ORIENTED_EDGE('',*,*,#5713,.T.);
#6245=ORIENTED_EDGE('',*,*,#4168,.T.);
#6246=ORIENTED_EDGE('',*,*,#5661,.T.);
#6247=EDGE_LOOP('',(#6243,#6244,#6245,#6246));
#6248=FACE_OUTER_BOUND('',#6247,.F.);
#6249=ADVANCED_FACE('',(#6248),#6241,.T.);
#6250=CARTESIAN_POINT('',(2.53E1,-9.649999999998E-1,3.9E0));
#6251=DIRECTION('',(0.E0,0.E0,1.E0));
#6252=DIRECTION('',(-1.E0,0.E0,0.E0));
#6253=AXIS2_PLACEMENT_3D('',#6250,#6251,#6252);
#6254=PLANE('',#6253);
#6256=ORIENTED_EDGE('',*,*,#6255,.T.);
#6257=ORIENTED_EDGE('',*,*,#5715,.F.);
#6258=ORIENTED_EDGE('',*,*,#6242,.F.);
#6259=ORIENTED_EDGE('',*,*,#5659,.F.);
#6260=EDGE_LOOP('',(#6256,#6257,#6258,#6259));
#6261=FACE_OUTER_BOUND('',#6260,.F.);
#6262=ADVANCED_FACE('',(#6261),#6254,.F.);
#6263=CARTESIAN_POINT('',(2.53E1,-7.899999999998E-1,3.915E0));
#6264=DIRECTION('',(0.E0,-3.511234415884E-1,9.363291775690E-1));
#6265=DIRECTION('',(0.E0,-9.363291775690E-1,-3.511234415884E-1));
#6266=AXIS2_PLACEMENT_3D('',#6263,#6264,#6265);
#6267=PLANE('',#6266);
#6268=ORIENTED_EDGE('',*,*,#5657,.T.);
#6270=ORIENTED_EDGE('',*,*,#6269,.F.);
#6271=ORIENTED_EDGE('',*,*,#5717,.T.);
#6272=ORIENTED_EDGE('',*,*,#6255,.F.);
#6273=EDGE_LOOP('',(#6268,#6270,#6271,#6272));
#6274=FACE_OUTER_BOUND('',#6273,.F.);
#6275=ADVANCED_FACE('',(#6274),#6267,.F.);
#6276=CARTESIAN_POINT('',(2.53E1,-7.499999999999E-1,4.04E0));
#6277=DIRECTION('',(0.E0,1.E0,0.E0));
#6278=DIRECTION('',(1.E0,0.E0,0.E0));
#6279=AXIS2_PLACEMENT_3D('',#6276,#6277,#6278);
#6280=PLANE('',#6279);
#6281=ORIENTED_EDGE('',*,*,#6269,.T.);
#6282=ORIENTED_EDGE('',*,*,#5655,.F.);
#6284=ORIENTED_EDGE('',*,*,#6283,.T.);
#6285=ORIENTED_EDGE('',*,*,#5719,.F.);
#6286=EDGE_LOOP('',(#6281,#6282,#6284,#6285));
#6287=FACE_OUTER_BOUND('',#6286,.F.);
#6288=ADVANCED_FACE('',(#6287),#6280,.T.);
#6289=CARTESIAN_POINT('',(2.53E1,-7.749999999999E-1,4.15E0));
#6290=DIRECTION('',(0.E0,0.E0,1.E0));
#6291=DIRECTION('',(1.E0,0.E0,0.E0));
#6292=AXIS2_PLACEMENT_3D('',#6289,#6290,#6291);
#6293=PLANE('',#6292);
#6294=ORIENTED_EDGE('',*,*,#5653,.F.);
#6295=ORIENTED_EDGE('',*,*,#5682,.T.);
#6296=ORIENTED_EDGE('',*,*,#5721,.F.);
#6297=ORIENTED_EDGE('',*,*,#6283,.F.);
#6298=EDGE_LOOP('',(#6294,#6295,#6296,#6297));
#6299=FACE_OUTER_BOUND('',#6298,.F.);
#6300=ADVANCED_FACE('',(#6299),#6293,.T.);
#6301=CARTESIAN_POINT('',(2.61E1,-1.1E0,3.95E0));
#6302=DIRECTION('',(-1.E0,0.E0,0.E0));
#6303=DIRECTION('',(0.E0,5.122961656550E-2,-9.986869010789E-1));
#6304=AXIS2_PLACEMENT_3D('',#6301,#6302,#6303);
#6305=CYLINDRICAL_SURFACE('',#6304,5.E-2);
#6307=ORIENTED_EDGE('',*,*,#6306,.T.);
#6308=ORIENTED_EDGE('',*,*,#5606,.T.);
#6309=ORIENTED_EDGE('',*,*,#4160,.T.);
#6310=ORIENTED_EDGE('',*,*,#5553,.T.);
#6311=EDGE_LOOP('',(#6307,#6308,#6309,#6310));
#6312=FACE_OUTER_BOUND('',#6311,.F.);
#6313=ADVANCED_FACE('',(#6312),#6305,.T.);
#6314=CARTESIAN_POINT('',(2.61E1,-9.649999999998E-1,3.9E0));
#6315=DIRECTION('',(0.E0,0.E0,1.E0));
#6316=DIRECTION('',(-1.E0,0.E0,0.E0));
#6317=AXIS2_PLACEMENT_3D('',#6314,#6315,#6316);
#6318=PLANE('',#6317);
#6320=ORIENTED_EDGE('',*,*,#6319,.T.);
#6321=ORIENTED_EDGE('',*,*,#5608,.F.);
#6322=ORIENTED_EDGE('',*,*,#6306,.F.);
#6323=ORIENTED_EDGE('',*,*,#5551,.F.);
#6324=EDGE_LOOP('',(#6320,#6321,#6322,#6323));
#6325=FACE_OUTER_BOUND('',#6324,.F.);
#6326=ADVANCED_FACE('',(#6325),#6318,.F.);
#6327=CARTESIAN_POINT('',(2.61E1,-7.899999999998E-1,3.915E0));
#6328=DIRECTION('',(0.E0,-3.511234415884E-1,9.363291775690E-1));
#6329=DIRECTION('',(0.E0,-9.363291775690E-1,-3.511234415884E-1));
#6330=AXIS2_PLACEMENT_3D('',#6327,#6328,#6329);
#6331=PLANE('',#6330);
#6332=ORIENTED_EDGE('',*,*,#5549,.T.);
#6334=ORIENTED_EDGE('',*,*,#6333,.F.);
#6335=ORIENTED_EDGE('',*,*,#5610,.T.);
#6336=ORIENTED_EDGE('',*,*,#6319,.F.);
#6337=EDGE_LOOP('',(#6332,#6334,#6335,#6336));
#6338=FACE_OUTER_BOUND('',#6337,.F.);
#6339=ADVANCED_FACE('',(#6338),#6331,.F.);
#6340=CARTESIAN_POINT('',(2.61E1,-7.499999999999E-1,4.04E0));
#6341=DIRECTION('',(0.E0,1.E0,0.E0));
#6342=DIRECTION('',(1.E0,0.E0,0.E0));
#6343=AXIS2_PLACEMENT_3D('',#6340,#6341,#6342);
#6344=PLANE('',#6343);
#6345=ORIENTED_EDGE('',*,*,#6333,.T.);
#6346=ORIENTED_EDGE('',*,*,#5547,.F.);
#6348=ORIENTED_EDGE('',*,*,#6347,.T.);
#6349=ORIENTED_EDGE('',*,*,#5612,.F.);
#6350=EDGE_LOOP('',(#6345,#6346,#6348,#6349));
#6351=FACE_OUTER_BOUND('',#6350,.F.);
#6352=ADVANCED_FACE('',(#6351),#6344,.T.);
#6353=CARTESIAN_POINT('',(2.61E1,-7.749999999999E-1,4.15E0));
#6354=DIRECTION('',(0.E0,0.E0,1.E0));
#6355=DIRECTION('',(1.E0,0.E0,0.E0));
#6356=AXIS2_PLACEMENT_3D('',#6353,#6354,#6355);
#6357=PLANE('',#6356);
#6358=ORIENTED_EDGE('',*,*,#5545,.F.);
#6359=ORIENTED_EDGE('',*,*,#5575,.T.);
#6360=ORIENTED_EDGE('',*,*,#5614,.F.);
#6361=ORIENTED_EDGE('',*,*,#6347,.F.);
#6362=EDGE_LOOP('',(#6358,#6359,#6360,#6361));
#6363=FACE_OUTER_BOUND('',#6362,.F.);
#6364=ADVANCED_FACE('',(#6363),#6357,.T.);
#6365=CARTESIAN_POINT('',(2.65E1,-8.999999999998E-1,4.29E0));
#6366=DIRECTION('',(0.E0,1.E0,0.E0));
#6367=DIRECTION('',(1.E0,0.E0,0.E0));
#6368=AXIS2_PLACEMENT_3D('',#6365,#6366,#6367);
#6369=PLANE('',#6368);
#6370=ORIENTED_EDGE('',*,*,#5531,.F.);
#6371=ORIENTED_EDGE('',*,*,#5556,.F.);
#6372=ORIENTED_EDGE('',*,*,#4156,.T.);
#6373=ORIENTED_EDGE('',*,*,#5508,.F.);
#6374=EDGE_LOOP('',(#6370,#6371,#6372,#6373));
#6375=FACE_OUTER_BOUND('',#6374,.F.);
#6376=ADVANCED_FACE('',(#6375),#6369,.T.);
#6377=CARTESIAN_POINT('',(2.69E1,-1.1E0,3.95E0));
#6378=DIRECTION('',(-1.E0,0.E0,0.E0));
#6379=DIRECTION('',(0.E0,5.122961656550E-2,-9.986869010789E-1));
#6380=AXIS2_PLACEMENT_3D('',#6377,#6378,#6379);
#6381=CYLINDRICAL_SURFACE('',#6380,5.E-2);
#6383=ORIENTED_EDGE('',*,*,#6382,.T.);
#6384=ORIENTED_EDGE('',*,*,#5511,.T.);
#6385=ORIENTED_EDGE('',*,*,#4152,.T.);
#6386=ORIENTED_EDGE('',*,*,#5459,.T.);
#6387=EDGE_LOOP('',(#6383,#6384,#6385,#6386));
#6388=FACE_OUTER_BOUND('',#6387,.F.);
#6389=ADVANCED_FACE('',(#6388),#6381,.T.);
#6390=CARTESIAN_POINT('',(2.69E1,-9.649999999998E-1,3.9E0));
#6391=DIRECTION('',(0.E0,0.E0,1.E0));
#6392=DIRECTION('',(-1.E0,0.E0,0.E0));
#6393=AXIS2_PLACEMENT_3D('',#6390,#6391,#6392);
#6394=PLANE('',#6393);
#6396=ORIENTED_EDGE('',*,*,#6395,.T.);
#6397=ORIENTED_EDGE('',*,*,#5513,.F.);
#6398=ORIENTED_EDGE('',*,*,#6382,.F.);
#6399=ORIENTED_EDGE('',*,*,#5457,.F.);
#6400=EDGE_LOOP('',(#6396,#6397,#6398,#6399));
#6401=FACE_OUTER_BOUND('',#6400,.F.);
#6402=ADVANCED_FACE('',(#6401),#6394,.F.);
#6403=CARTESIAN_POINT('',(2.69E1,-7.899999999998E-1,3.915E0));
#6404=DIRECTION('',(0.E0,-3.511234415884E-1,9.363291775690E-1));
#6405=DIRECTION('',(0.E0,-9.363291775690E-1,-3.511234415884E-1));
#6406=AXIS2_PLACEMENT_3D('',#6403,#6404,#6405);
#6407=PLANE('',#6406);
#6408=ORIENTED_EDGE('',*,*,#5455,.T.);
#6410=ORIENTED_EDGE('',*,*,#6409,.F.);
#6411=ORIENTED_EDGE('',*,*,#5515,.T.);
#6412=ORIENTED_EDGE('',*,*,#6395,.F.);
#6413=EDGE_LOOP('',(#6408,#6410,#6411,#6412));
#6414=FACE_OUTER_BOUND('',#6413,.F.);
#6415=ADVANCED_FACE('',(#6414),#6407,.F.);
#6416=CARTESIAN_POINT('',(2.69E1,-7.499999999999E-1,4.04E0));
#6417=DIRECTION('',(0.E0,1.E0,0.E0));
#6418=DIRECTION('',(1.E0,0.E0,0.E0));
#6419=AXIS2_PLACEMENT_3D('',#6416,#6417,#6418);
#6420=PLANE('',#6419);
#6421=ORIENTED_EDGE('',*,*,#6409,.T.);
#6422=ORIENTED_EDGE('',*,*,#5453,.F.);
#6424=ORIENTED_EDGE('',*,*,#6423,.T.);
#6425=ORIENTED_EDGE('',*,*,#5517,.F.);
#6426=EDGE_LOOP('',(#6421,#6422,#6424,#6425));
#6427=FACE_OUTER_BOUND('',#6426,.F.);
#6428=ADVANCED_FACE('',(#6427),#6420,.T.);
#6429=CARTESIAN_POINT('',(2.69E1,-7.749999999999E-1,4.15E0));
#6430=DIRECTION('',(0.E0,0.E0,1.E0));
#6431=DIRECTION('',(1.E0,0.E0,0.E0));
#6432=AXIS2_PLACEMENT_3D('',#6429,#6430,#6431);
#6433=PLANE('',#6432);
#6434=ORIENTED_EDGE('',*,*,#5451,.F.);
#6435=ORIENTED_EDGE('',*,*,#5480,.T.);
#6436=ORIENTED_EDGE('',*,*,#5519,.F.);
#6437=ORIENTED_EDGE('',*,*,#6423,.F.);
#6438=EDGE_LOOP('',(#6434,#6435,#6436,#6437));
#6439=FACE_OUTER_BOUND('',#6438,.F.);
#6440=ADVANCED_FACE('',(#6439),#6433,.T.);
#6441=CARTESIAN_POINT('',(2.77E1,-1.1E0,3.95E0));
#6442=DIRECTION('',(-1.E0,0.E0,0.E0));
#6443=DIRECTION('',(0.E0,5.122961656550E-2,-9.986869010789E-1));
#6444=AXIS2_PLACEMENT_3D('',#6441,#6442,#6443);
#6445=CYLINDRICAL_SURFACE('',#6444,5.E-2);
#6447=ORIENTED_EDGE('',*,*,#6446,.T.);
#6448=ORIENTED_EDGE('',*,*,#5404,.T.);
#6449=ORIENTED_EDGE('',*,*,#4144,.T.);
#6450=ORIENTED_EDGE('',*,*,#5352,.T.);
#6451=EDGE_LOOP('',(#6447,#6448,#6449,#6450));
#6452=FACE_OUTER_BOUND('',#6451,.F.);
#6453=ADVANCED_FACE('',(#6452),#6445,.T.);
#6454=CARTESIAN_POINT('',(2.77E1,-9.649999999998E-1,3.9E0));
#6455=DIRECTION('',(0.E0,0.E0,1.E0));
#6456=DIRECTION('',(-1.E0,0.E0,0.E0));
#6457=AXIS2_PLACEMENT_3D('',#6454,#6455,#6456);
#6458=PLANE('',#6457);
#6460=ORIENTED_EDGE('',*,*,#6459,.T.);
#6461=ORIENTED_EDGE('',*,*,#5406,.F.);
#6462=ORIENTED_EDGE('',*,*,#6446,.F.);
#6463=ORIENTED_EDGE('',*,*,#5350,.F.);
#6464=EDGE_LOOP('',(#6460,#6461,#6462,#6463));
#6465=FACE_OUTER_BOUND('',#6464,.F.);
#6466=ADVANCED_FACE('',(#6465),#6458,.F.);
#6467=CARTESIAN_POINT('',(2.77E1,-7.899999999998E-1,3.915E0));
#6468=DIRECTION('',(0.E0,-3.511234415884E-1,9.363291775690E-1));
#6469=DIRECTION('',(0.E0,-9.363291775690E-1,-3.511234415884E-1));
#6470=AXIS2_PLACEMENT_3D('',#6467,#6468,#6469);
#6471=PLANE('',#6470);
#6472=ORIENTED_EDGE('',*,*,#5348,.T.);
#6474=ORIENTED_EDGE('',*,*,#6473,.F.);
#6475=ORIENTED_EDGE('',*,*,#5408,.T.);
#6476=ORIENTED_EDGE('',*,*,#6459,.F.);
#6477=EDGE_LOOP('',(#6472,#6474,#6475,#6476));
#6478=FACE_OUTER_BOUND('',#6477,.F.);
#6479=ADVANCED_FACE('',(#6478),#6471,.F.);
#6480=CARTESIAN_POINT('',(2.77E1,-7.499999999999E-1,4.04E0));
#6481=DIRECTION('',(0.E0,1.E0,0.E0));
#6482=DIRECTION('',(1.E0,0.E0,0.E0));
#6483=AXIS2_PLACEMENT_3D('',#6480,#6481,#6482);
#6484=PLANE('',#6483);
#6485=ORIENTED_EDGE('',*,*,#6473,.T.);
#6486=ORIENTED_EDGE('',*,*,#5346,.F.);
#6488=ORIENTED_EDGE('',*,*,#6487,.T.);
#6489=ORIENTED_EDGE('',*,*,#5410,.F.);
#6490=EDGE_LOOP('',(#6485,#6486,#6488,#6489));
#6491=FACE_OUTER_BOUND('',#6490,.F.);
#6492=ADVANCED_FACE('',(#6491),#6484,.T.);
#6493=CARTESIAN_POINT('',(2.77E1,-7.749999999999E-1,4.15E0));
#6494=DIRECTION('',(0.E0,0.E0,1.E0));
#6495=DIRECTION('',(1.E0,0.E0,0.E0));
#6496=AXIS2_PLACEMENT_3D('',#6493,#6494,#6495);
#6497=PLANE('',#6496);
#6498=ORIENTED_EDGE('',*,*,#5344,.F.);
#6499=ORIENTED_EDGE('',*,*,#5373,.T.);
#6500=ORIENTED_EDGE('',*,*,#5412,.F.);
#6501=ORIENTED_EDGE('',*,*,#6487,.F.);
#6502=EDGE_LOOP('',(#6498,#6499,#6500,#6501));
#6503=FACE_OUTER_BOUND('',#6502,.F.);
#6504=ADVANCED_FACE('',(#6503),#6497,.T.);
#6505=CARTESIAN_POINT('',(2.85E1,-1.1E0,3.95E0));
#6506=DIRECTION('',(-1.E0,0.E0,0.E0));
#6507=DIRECTION('',(0.E0,5.122961656550E-2,-9.986869010789E-1));
#6508=AXIS2_PLACEMENT_3D('',#6505,#6506,#6507);
#6509=CYLINDRICAL_SURFACE('',#6508,5.E-2);
#6511=ORIENTED_EDGE('',*,*,#6510,.T.);
#6512=ORIENTED_EDGE('',*,*,#5297,.T.);
#6513=ORIENTED_EDGE('',*,*,#4136,.T.);
#6514=ORIENTED_EDGE('',*,*,#5244,.T.);
#6515=EDGE_LOOP('',(#6511,#6512,#6513,#6514));
#6516=FACE_OUTER_BOUND('',#6515,.F.);
#6517=ADVANCED_FACE('',(#6516),#6509,.T.);
#6518=CARTESIAN_POINT('',(2.85E1,-9.649999999998E-1,3.9E0));
#6519=DIRECTION('',(0.E0,0.E0,1.E0));
#6520=DIRECTION('',(-1.E0,0.E0,0.E0));
#6521=AXIS2_PLACEMENT_3D('',#6518,#6519,#6520);
#6522=PLANE('',#6521);
#6524=ORIENTED_EDGE('',*,*,#6523,.T.);
#6525=ORIENTED_EDGE('',*,*,#5299,.F.);
#6526=ORIENTED_EDGE('',*,*,#6510,.F.);
#6527=ORIENTED_EDGE('',*,*,#5242,.F.);
#6528=EDGE_LOOP('',(#6524,#6525,#6526,#6527));
#6529=FACE_OUTER_BOUND('',#6528,.F.);
#6530=ADVANCED_FACE('',(#6529),#6522,.F.);
#6531=CARTESIAN_POINT('',(2.85E1,-7.899999999998E-1,3.915E0));
#6532=DIRECTION('',(0.E0,-3.511234415884E-1,9.363291775690E-1));
#6533=DIRECTION('',(0.E0,-9.363291775690E-1,-3.511234415884E-1));
#6534=AXIS2_PLACEMENT_3D('',#6531,#6532,#6533);
#6535=PLANE('',#6534);
#6536=ORIENTED_EDGE('',*,*,#5240,.T.);
#6538=ORIENTED_EDGE('',*,*,#6537,.F.);
#6539=ORIENTED_EDGE('',*,*,#5301,.T.);
#6540=ORIENTED_EDGE('',*,*,#6523,.F.);
#6541=EDGE_LOOP('',(#6536,#6538,#6539,#6540));
#6542=FACE_OUTER_BOUND('',#6541,.F.);
#6543=ADVANCED_FACE('',(#6542),#6535,.F.);
#6544=CARTESIAN_POINT('',(2.85E1,-7.499999999999E-1,4.04E0));
#6545=DIRECTION('',(0.E0,1.E0,0.E0));
#6546=DIRECTION('',(1.E0,0.E0,0.E0));
#6547=AXIS2_PLACEMENT_3D('',#6544,#6545,#6546);
#6548=PLANE('',#6547);
#6549=ORIENTED_EDGE('',*,*,#6537,.T.);
#6550=ORIENTED_EDGE('',*,*,#5238,.F.);
#6552=ORIENTED_EDGE('',*,*,#6551,.T.);
#6553=ORIENTED_EDGE('',*,*,#5303,.F.);
#6554=EDGE_LOOP('',(#6549,#6550,#6552,#6553));
#6555=FACE_OUTER_BOUND('',#6554,.F.);
#6556=ADVANCED_FACE('',(#6555),#6548,.T.);
#6557=CARTESIAN_POINT('',(2.85E1,-7.749999999999E-1,4.15E0));
#6558=DIRECTION('',(0.E0,0.E0,1.E0));
#6559=DIRECTION('',(1.E0,0.E0,0.E0));
#6560=AXIS2_PLACEMENT_3D('',#6557,#6558,#6559);
#6561=PLANE('',#6560);
#6562=ORIENTED_EDGE('',*,*,#5236,.F.);
#6563=ORIENTED_EDGE('',*,*,#5266,.T.);
#6564=ORIENTED_EDGE('',*,*,#5305,.F.);
#6565=ORIENTED_EDGE('',*,*,#6551,.F.);
#6566=EDGE_LOOP('',(#6562,#6563,#6564,#6565));
#6567=FACE_OUTER_BOUND('',#6566,.F.);
#6568=ADVANCED_FACE('',(#6567),#6561,.T.);
#6569=CARTESIAN_POINT('',(2.89E1,-8.999999999998E-1,4.29E0));
#6570=DIRECTION('',(0.E0,1.E0,0.E0));
#6571=DIRECTION('',(1.E0,0.E0,0.E0));
#6572=AXIS2_PLACEMENT_3D('',#6569,#6570,#6571);
#6573=PLANE('',#6572);
#6574=ORIENTED_EDGE('',*,*,#5222,.T.);
#6575=ORIENTED_EDGE('',*,*,#5247,.F.);
#6576=ORIENTED_EDGE('',*,*,#4132,.F.);
#6577=ORIENTED_EDGE('',*,*,#5199,.F.);
#6578=EDGE_LOOP('',(#6574,#6575,#6576,#6577));
#6579=FACE_OUTER_BOUND('',#6578,.F.);
#6580=ADVANCED_FACE('',(#6579),#6573,.T.);
#6581=CARTESIAN_POINT('',(2.93E1,-1.1E0,3.95E0));
#6582=DIRECTION('',(-1.E0,0.E0,0.E0));
#6583=DIRECTION('',(0.E0,5.122961656550E-2,-9.986869010789E-1));
#6584=AXIS2_PLACEMENT_3D('',#6581,#6582,#6583);
#6585=CYLINDRICAL_SURFACE('',#6584,5.E-2);
#6587=ORIENTED_EDGE('',*,*,#6586,.T.);
#6588=ORIENTED_EDGE('',*,*,#5202,.T.);
#6589=ORIENTED_EDGE('',*,*,#4128,.F.);
#6590=ORIENTED_EDGE('',*,*,#5150,.T.);
#6591=EDGE_LOOP('',(#6587,#6588,#6589,#6590));
#6592=FACE_OUTER_BOUND('',#6591,.F.);
#6593=ADVANCED_FACE('',(#6592),#6585,.T.);
#6594=CARTESIAN_POINT('',(2.93E1,-9.649999999998E-1,3.9E0));
#6595=DIRECTION('',(0.E0,0.E0,1.E0));
#6596=DIRECTION('',(-1.E0,0.E0,0.E0));
#6597=AXIS2_PLACEMENT_3D('',#6594,#6595,#6596);
#6598=PLANE('',#6597);
#6600=ORIENTED_EDGE('',*,*,#6599,.T.);
#6601=ORIENTED_EDGE('',*,*,#5204,.F.);
#6602=ORIENTED_EDGE('',*,*,#6586,.F.);
#6603=ORIENTED_EDGE('',*,*,#5148,.F.);
#6604=EDGE_LOOP('',(#6600,#6601,#6602,#6603));
#6605=FACE_OUTER_BOUND('',#6604,.F.);
#6606=ADVANCED_FACE('',(#6605),#6598,.F.);
#6607=CARTESIAN_POINT('',(2.93E1,-7.899999999998E-1,3.915E0));
#6608=DIRECTION('',(0.E0,-3.511234415884E-1,9.363291775690E-1));
#6609=DIRECTION('',(0.E0,-9.363291775690E-1,-3.511234415884E-1));
#6610=AXIS2_PLACEMENT_3D('',#6607,#6608,#6609);
#6611=PLANE('',#6610);
#6612=ORIENTED_EDGE('',*,*,#5146,.T.);
#6614=ORIENTED_EDGE('',*,*,#6613,.F.);
#6615=ORIENTED_EDGE('',*,*,#5206,.T.);
#6616=ORIENTED_EDGE('',*,*,#6599,.F.);
#6617=EDGE_LOOP('',(#6612,#6614,#6615,#6616));
#6618=FACE_OUTER_BOUND('',#6617,.F.);
#6619=ADVANCED_FACE('',(#6618),#6611,.F.);
#6620=CARTESIAN_POINT('',(2.93E1,-7.499999999999E-1,4.04E0));
#6621=DIRECTION('',(0.E0,1.E0,0.E0));
#6622=DIRECTION('',(1.E0,0.E0,0.E0));
#6623=AXIS2_PLACEMENT_3D('',#6620,#6621,#6622);
#6624=PLANE('',#6623);
#6625=ORIENTED_EDGE('',*,*,#6613,.T.);
#6626=ORIENTED_EDGE('',*,*,#5144,.F.);
#6628=ORIENTED_EDGE('',*,*,#6627,.T.);
#6629=ORIENTED_EDGE('',*,*,#5208,.F.);
#6630=EDGE_LOOP('',(#6625,#6626,#6628,#6629));
#6631=FACE_OUTER_BOUND('',#6630,.F.);
#6632=ADVANCED_FACE('',(#6631),#6624,.T.);
#6633=CARTESIAN_POINT('',(2.93E1,-7.749999999999E-1,4.15E0));
#6634=DIRECTION('',(0.E0,0.E0,1.E0));
#6635=DIRECTION('',(1.E0,0.E0,0.E0));
#6636=AXIS2_PLACEMENT_3D('',#6633,#6634,#6635);
#6637=PLANE('',#6636);
#6638=ORIENTED_EDGE('',*,*,#5142,.F.);
#6639=ORIENTED_EDGE('',*,*,#5171,.T.);
#6640=ORIENTED_EDGE('',*,*,#5210,.F.);
#6641=ORIENTED_EDGE('',*,*,#6627,.F.);
#6642=EDGE_LOOP('',(#6638,#6639,#6640,#6641));
#6643=FACE_OUTER_BOUND('',#6642,.F.);
#6644=ADVANCED_FACE('',(#6643),#6637,.T.);
#6645=CARTESIAN_POINT('',(3.01E1,-1.1E0,3.95E0));
#6646=DIRECTION('',(-1.E0,0.E0,0.E0));
#6647=DIRECTION('',(0.E0,5.122961656550E-2,-9.986869010789E-1));
#6648=AXIS2_PLACEMENT_3D('',#6645,#6646,#6647);
#6649=CYLINDRICAL_SURFACE('',#6648,5.E-2);
#6651=ORIENTED_EDGE('',*,*,#6650,.T.);
#6652=ORIENTED_EDGE('',*,*,#5095,.T.);
#6653=ORIENTED_EDGE('',*,*,#4120,.F.);
#6654=ORIENTED_EDGE('',*,*,#5043,.T.);
#6655=EDGE_LOOP('',(#6651,#6652,#6653,#6654));
#6656=FACE_OUTER_BOUND('',#6655,.F.);
#6657=ADVANCED_FACE('',(#6656),#6649,.T.);
#6658=CARTESIAN_POINT('',(3.01E1,-9.649999999998E-1,3.9E0));
#6659=DIRECTION('',(0.E0,0.E0,1.E0));
#6660=DIRECTION('',(-1.E0,0.E0,0.E0));
#6661=AXIS2_PLACEMENT_3D('',#6658,#6659,#6660);
#6662=PLANE('',#6661);
#6664=ORIENTED_EDGE('',*,*,#6663,.T.);
#6665=ORIENTED_EDGE('',*,*,#5097,.F.);
#6666=ORIENTED_EDGE('',*,*,#6650,.F.);
#6667=ORIENTED_EDGE('',*,*,#5041,.F.);
#6668=EDGE_LOOP('',(#6664,#6665,#6666,#6667));
#6669=FACE_OUTER_BOUND('',#6668,.F.);
#6670=ADVANCED_FACE('',(#6669),#6662,.F.);
#6671=CARTESIAN_POINT('',(3.01E1,-7.899999999998E-1,3.915E0));
#6672=DIRECTION('',(0.E0,-3.511234415884E-1,9.363291775690E-1));
#6673=DIRECTION('',(0.E0,-9.363291775690E-1,-3.511234415884E-1));
#6674=AXIS2_PLACEMENT_3D('',#6671,#6672,#6673);
#6675=PLANE('',#6674);
#6676=ORIENTED_EDGE('',*,*,#5039,.T.);
#6678=ORIENTED_EDGE('',*,*,#6677,.F.);
#6679=ORIENTED_EDGE('',*,*,#5099,.T.);
#6680=ORIENTED_EDGE('',*,*,#6663,.F.);
#6681=EDGE_LOOP('',(#6676,#6678,#6679,#6680));
#6682=FACE_OUTER_BOUND('',#6681,.F.);
#6683=ADVANCED_FACE('',(#6682),#6675,.F.);
#6684=CARTESIAN_POINT('',(3.01E1,-7.499999999999E-1,4.04E0));
#6685=DIRECTION('',(0.E0,1.E0,0.E0));
#6686=DIRECTION('',(1.E0,0.E0,0.E0));
#6687=AXIS2_PLACEMENT_3D('',#6684,#6685,#6686);
#6688=PLANE('',#6687);
#6689=ORIENTED_EDGE('',*,*,#6677,.T.);
#6690=ORIENTED_EDGE('',*,*,#5037,.F.);
#6692=ORIENTED_EDGE('',*,*,#6691,.T.);
#6693=ORIENTED_EDGE('',*,*,#5101,.F.);
#6694=EDGE_LOOP('',(#6689,#6690,#6692,#6693));
#6695=FACE_OUTER_BOUND('',#6694,.F.);
#6696=ADVANCED_FACE('',(#6695),#6688,.T.);
#6697=CARTESIAN_POINT('',(3.01E1,-7.749999999999E-1,4.15E0));
#6698=DIRECTION('',(0.E0,0.E0,1.E0));
#6699=DIRECTION('',(1.E0,0.E0,0.E0));
#6700=AXIS2_PLACEMENT_3D('',#6697,#6698,#6699);
#6701=PLANE('',#6700);
#6702=ORIENTED_EDGE('',*,*,#5035,.F.);
#6703=ORIENTED_EDGE('',*,*,#5064,.T.);
#6704=ORIENTED_EDGE('',*,*,#5103,.F.);
#6705=ORIENTED_EDGE('',*,*,#6691,.F.);
#6706=EDGE_LOOP('',(#6702,#6703,#6704,#6705));
#6707=FACE_OUTER_BOUND('',#6706,.F.);
#6708=ADVANCED_FACE('',(#6707),#6701,.T.);
#6709=CARTESIAN_POINT('',(3.09E1,-1.1E0,3.95E0));
#6710=DIRECTION('',(-1.E0,0.E0,0.E0));
#6711=DIRECTION('',(0.E0,5.122961656550E-2,-9.986869010789E-1));
#6712=AXIS2_PLACEMENT_3D('',#6709,#6710,#6711);
#6713=CYLINDRICAL_SURFACE('',#6712,5.E-2);
#6715=ORIENTED_EDGE('',*,*,#6714,.T.);
#6716=ORIENTED_EDGE('',*,*,#4988,.T.);
#6717=ORIENTED_EDGE('',*,*,#4112,.F.);
#6718=ORIENTED_EDGE('',*,*,#4936,.T.);
#6719=EDGE_LOOP('',(#6715,#6716,#6717,#6718));
#6720=FACE_OUTER_BOUND('',#6719,.F.);
#6721=ADVANCED_FACE('',(#6720),#6713,.T.);
#6722=CARTESIAN_POINT('',(3.09E1,-9.649999999998E-1,3.9E0));
#6723=DIRECTION('',(0.E0,0.E0,1.E0));
#6724=DIRECTION('',(-1.E0,0.E0,0.E0));
#6725=AXIS2_PLACEMENT_3D('',#6722,#6723,#6724);
#6726=PLANE('',#6725);
#6728=ORIENTED_EDGE('',*,*,#6727,.T.);
#6729=ORIENTED_EDGE('',*,*,#4990,.F.);
#6730=ORIENTED_EDGE('',*,*,#6714,.F.);
#6731=ORIENTED_EDGE('',*,*,#4934,.F.);
#6732=EDGE_LOOP('',(#6728,#6729,#6730,#6731));
#6733=FACE_OUTER_BOUND('',#6732,.F.);
#6734=ADVANCED_FACE('',(#6733),#6726,.F.);
#6735=CARTESIAN_POINT('',(3.09E1,-7.899999999998E-1,3.915E0));
#6736=DIRECTION('',(0.E0,-3.511234415884E-1,9.363291775690E-1));
#6737=DIRECTION('',(0.E0,-9.363291775690E-1,-3.511234415884E-1));
#6738=AXIS2_PLACEMENT_3D('',#6735,#6736,#6737);
#6739=PLANE('',#6738);
#6740=ORIENTED_EDGE('',*,*,#4932,.T.);
#6742=ORIENTED_EDGE('',*,*,#6741,.F.);
#6743=ORIENTED_EDGE('',*,*,#4992,.T.);
#6744=ORIENTED_EDGE('',*,*,#6727,.F.);
#6745=EDGE_LOOP('',(#6740,#6742,#6743,#6744));
#6746=FACE_OUTER_BOUND('',#6745,.F.);
#6747=ADVANCED_FACE('',(#6746),#6739,.F.);
#6748=CARTESIAN_POINT('',(3.09E1,-7.499999999999E-1,4.04E0));
#6749=DIRECTION('',(0.E0,1.E0,0.E0));
#6750=DIRECTION('',(1.E0,0.E0,0.E0));
#6751=AXIS2_PLACEMENT_3D('',#6748,#6749,#6750);
#6752=PLANE('',#6751);
#6753=ORIENTED_EDGE('',*,*,#6741,.T.);
#6754=ORIENTED_EDGE('',*,*,#4930,.F.);
#6756=ORIENTED_EDGE('',*,*,#6755,.T.);
#6757=ORIENTED_EDGE('',*,*,#4994,.F.);
#6758=EDGE_LOOP('',(#6753,#6754,#6756,#6757));
#6759=FACE_OUTER_BOUND('',#6758,.F.);
#6760=ADVANCED_FACE('',(#6759),#6752,.T.);
#6761=CARTESIAN_POINT('',(3.09E1,-7.749999999999E-1,4.15E0));
#6762=DIRECTION('',(0.E0,0.E0,1.E0));
#6763=DIRECTION('',(1.E0,0.E0,0.E0));
#6764=AXIS2_PLACEMENT_3D('',#6761,#6762,#6763);
#6765=PLANE('',#6764);
#6766=ORIENTED_EDGE('',*,*,#4928,.F.);
#6767=ORIENTED_EDGE('',*,*,#4957,.T.);
#6768=ORIENTED_EDGE('',*,*,#4996,.F.);
#6769=ORIENTED_EDGE('',*,*,#6755,.F.);
#6770=EDGE_LOOP('',(#6766,#6767,#6768,#6769));
#6771=FACE_OUTER_BOUND('',#6770,.F.);
#6772=ADVANCED_FACE('',(#6771),#6765,.T.);
#6773=CARTESIAN_POINT('',(2.3025E1,-9.665063509460E-1,5.635E0));
#6774=DIRECTION('',(8.660254037844E-1,-5.E-1,0.E0));
#6775=DIRECTION('',(5.E-1,8.660254037844E-1,0.E0));
#6776=AXIS2_PLACEMENT_3D('',#6773,#6774,#6775);
#6777=PLANE('',#6776);
#6778=ORIENTED_EDGE('',*,*,#4492,.T.);
#6780=ORIENTED_EDGE('',*,*,#6779,.F.);
#6782=ORIENTED_EDGE('',*,*,#6781,.T.);
#6783=ORIENTED_EDGE('',*,*,#4574,.T.);
#6784=EDGE_LOOP('',(#6778,#6780,#6782,#6783));
#6785=FACE_OUTER_BOUND('',#6784,.F.);
#6786=ADVANCED_FACE('',(#6785),#6777,.F.);
#6787=CARTESIAN_POINT('',(2.2775E1,-9.665063509460E-1,5.635E0));
#6788=DIRECTION('',(8.660254037844E-1,5.E-1,0.E0));
#6789=DIRECTION('',(5.E-1,-8.660254037844E-1,0.E0));
#6790=AXIS2_PLACEMENT_3D('',#6787,#6788,#6789);
#6791=PLANE('',#6790);
#6792=ORIENTED_EDGE('',*,*,#4490,.T.);
#6793=ORIENTED_EDGE('',*,*,#4578,.T.);
#6795=ORIENTED_EDGE('',*,*,#6794,.T.);
#6796=ORIENTED_EDGE('',*,*,#6779,.T.);
#6797=EDGE_LOOP('',(#6792,#6793,#6795,#6796));
#6798=FACE_OUTER_BOUND('',#6797,.F.);
#6799=ADVANCED_FACE('',(#6798),#6791,.T.);
#6800=CARTESIAN_POINT('',(2.29E1,-9.665063509460E-1,5.62E0));
#6801=DIRECTION('',(0.E0,0.E0,1.E0));
#6802=DIRECTION('',(1.E0,0.E0,0.E0));
#6803=AXIS2_PLACEMENT_3D('',#6800,#6801,#6802);
#6804=PLANE('',#6803);
#6805=ORIENTED_EDGE('',*,*,#4576,.T.);
#6806=ORIENTED_EDGE('',*,*,#6781,.F.);
#6807=ORIENTED_EDGE('',*,*,#6794,.F.);
#6808=EDGE_LOOP('',(#6805,#6806,#6807));
#6809=FACE_OUTER_BOUND('',#6808,.F.);
#6810=ADVANCED_FACE('',(#6809),#6804,.T.);
#6811=CARTESIAN_POINT('',(2.2275E1,-8.249999999998E-1,4.25E0));
#6812=DIRECTION('',(0.E0,0.E0,1.E0));
#6813=DIRECTION('',(-1.E0,0.E0,0.E0));
#6814=AXIS2_PLACEMENT_3D('',#6811,#6812,#6813);
#6815=PLANE('',#6814);
#6816=ORIENTED_EDGE('',*,*,#4527,.T.);
#6818=ORIENTED_EDGE('',*,*,#6817,.T.);
#6819=ORIENTED_EDGE('',*,*,#4582,.T.);
#6820=ORIENTED_EDGE('',*,*,#4507,.T.);
#6821=EDGE_LOOP('',(#6816,#6818,#6819,#6820));
#6822=FACE_OUTER_BOUND('',#6821,.F.);
#6823=ADVANCED_FACE('',(#6822),#6815,.F.);
#6824=CARTESIAN_POINT('',(2.25E1,-8.249999999998E-1,4.415E0));
#6825=DIRECTION('',(1.E0,0.E0,0.E0));
#6826=DIRECTION('',(0.E0,-1.E0,0.E0));
#6827=AXIS2_PLACEMENT_3D('',#6824,#6825,#6826);
#6828=PLANE('',#6827);
#6829=ORIENTED_EDGE('',*,*,#4525,.F.);
#6831=ORIENTED_EDGE('',*,*,#6830,.F.);
#6832=ORIENTED_EDGE('',*,*,#4584,.T.);
#6833=ORIENTED_EDGE('',*,*,#6817,.F.);
#6834=EDGE_LOOP('',(#6829,#6831,#6832,#6833));
#6835=FACE_OUTER_BOUND('',#6834,.F.);
#6836=ADVANCED_FACE('',(#6835),#6828,.T.);
#6837=CARTESIAN_POINT('',(2.255E1,-8.249999999998E-1,4.58E0));
#6838=DIRECTION('',(0.E0,-1.E0,0.E0));
#6839=DIRECTION('',(4.505919139270E-2,0.E0,9.989843188314E-1));
#6840=AXIS2_PLACEMENT_3D('',#6837,#6838,#6839);
#6841=CYLINDRICAL_SURFACE('',#6840,5.E-2);
#6842=ORIENTED_EDGE('',*,*,#6830,.T.);
#6843=ORIENTED_EDGE('',*,*,#4523,.T.);
#6844=ORIENTED_EDGE('',*,*,#4543,.T.);
#6845=ORIENTED_EDGE('',*,*,#4586,.T.);
#6846=EDGE_LOOP('',(#6842,#6843,#6844,#6845));
#6847=FACE_OUTER_BOUND('',#6846,.F.);
#6848=ADVANCED_FACE('',(#6847),#6841,.F.);
#6849=CARTESIAN_POINT('',(2.161E1,-3.395E0,5.3E0));
#6850=DIRECTION('',(0.E0,0.E0,1.E0));
#6851=DIRECTION('',(-1.E0,0.E0,0.E0));
#6852=AXIS2_PLACEMENT_3D('',#6849,#6850,#6851);
#6853=PLANE('',#6852);
#6854=ORIENTED_EDGE('',*,*,#3876,.T.);
#6855=ORIENTED_EDGE('',*,*,#4031,.F.);
#6857=ORIENTED_EDGE('',*,*,#6856,.F.);
#6858=ORIENTED_EDGE('',*,*,#4064,.T.);
#6859=EDGE_LOOP('',(#6854,#6855,#6857,#6858));
#6860=FACE_OUTER_BOUND('',#6859,.F.);
#6861=ADVANCED_FACE('',(#6860),#6853,.F.);
#6862=CARTESIAN_POINT('',(2.161E1,-3.27E0,4.975E0));
#6863=DIRECTION('',(0.E0,1.E0,0.E0));
#6864=DIRECTION('',(-1.E0,0.E0,0.E0));
#6865=AXIS2_PLACEMENT_3D('',#6862,#6863,#6864);
#6866=PLANE('',#6865);
#6867=ORIENTED_EDGE('',*,*,#4029,.F.);
#6869=ORIENTED_EDGE('',*,*,#6868,.T.);
#6871=ORIENTED_EDGE('',*,*,#6870,.T.);
#6873=ORIENTED_EDGE('',*,*,#6872,.T.);
#6875=ORIENTED_EDGE('',*,*,#6874,.T.);
#6877=ORIENTED_EDGE('',*,*,#6876,.T.);
#6878=ORIENTED_EDGE('',*,*,#4066,.T.);
#6879=ORIENTED_EDGE('',*,*,#6856,.T.);
#6880=EDGE_LOOP('',(#6867,#6869,#6871,#6873,#6875,#6877,#6878,#6879));
#6881=FACE_OUTER_BOUND('',#6880,.F.);
#6882=ADVANCED_FACE('',(#6881),#6866,.F.);
#6883=CARTESIAN_POINT('',(2.181E1,-3.12E0,4.5E0));
#6884=DIRECTION('',(0.E0,7.071067811865E-1,7.071067811865E-1));
#6885=DIRECTION('',(0.E0,-7.071067811865E-1,7.071067811865E-1));
#6886=AXIS2_PLACEMENT_3D('',#6883,#6884,#6885);
#6887=PLANE('',#6886);
#6888=ORIENTED_EDGE('',*,*,#6868,.F.);
#6889=ORIENTED_EDGE('',*,*,#4027,.T.);
#6891=ORIENTED_EDGE('',*,*,#6890,.F.);
#6893=ORIENTED_EDGE('',*,*,#6892,.T.);
#6894=EDGE_LOOP('',(#6888,#6889,#6891,#6893));
#6895=FACE_OUTER_BOUND('',#6894,.F.);
#6896=ADVANCED_FACE('',(#6895),#6887,.F.);
#6897=CARTESIAN_POINT('',(2.161E1,-2.57E0,4.35E0));
#6898=DIRECTION('',(0.E0,0.E0,1.E0));
#6899=DIRECTION('',(-1.E0,0.E0,0.E0));
#6900=AXIS2_PLACEMENT_3D('',#6897,#6898,#6899);
#6901=PLANE('',#6900);
#6902=ORIENTED_EDGE('',*,*,#4046,.F.);
#6903=ORIENTED_EDGE('',*,*,#4070,.T.);
#6905=ORIENTED_EDGE('',*,*,#6904,.T.);
#6907=ORIENTED_EDGE('',*,*,#6906,.T.);
#6909=ORIENTED_EDGE('',*,*,#6908,.T.);
#6911=ORIENTED_EDGE('',*,*,#6910,.T.);
#6912=ORIENTED_EDGE('',*,*,#6890,.T.);
#6913=ORIENTED_EDGE('',*,*,#4025,.F.);
#6914=EDGE_LOOP('',(#6902,#6903,#6905,#6907,#6909,#6911,#6912,#6913));
#6915=FACE_OUTER_BOUND('',#6914,.F.);
#6916=ADVANCED_FACE('',(#6915),#6901,.F.);
#6917=CARTESIAN_POINT('',(2.15E1,-3.12E0,4.5E0));
#6918=DIRECTION('',(0.E0,7.071067811865E-1,7.071067811865E-1));
#6919=DIRECTION('',(0.E0,-7.071067811865E-1,7.071067811865E-1));
#6920=AXIS2_PLACEMENT_3D('',#6917,#6918,#6919);
#6921=PLANE('',#6920);
#6923=ORIENTED_EDGE('',*,*,#6922,.T.);
#6924=ORIENTED_EDGE('',*,*,#6904,.F.);
#6925=ORIENTED_EDGE('',*,*,#4068,.T.);
#6926=ORIENTED_EDGE('',*,*,#6876,.F.);
#6927=EDGE_LOOP('',(#6923,#6924,#6925,#6926));
#6928=FACE_OUTER_BOUND('',#6927,.F.);
#6929=ADVANCED_FACE('',(#6928),#6921,.F.);
#6930=CARTESIAN_POINT('',(2.16E1,-2.87E0,4.525E0));
#6931=DIRECTION('',(1.E0,0.E0,0.E0));
#6932=DIRECTION('',(0.E0,1.E0,0.E0));
#6933=AXIS2_PLACEMENT_3D('',#6930,#6931,#6932);
#6934=PLANE('',#6933);
#6935=ORIENTED_EDGE('',*,*,#6874,.F.);
#6937=ORIENTED_EDGE('',*,*,#6936,.T.);
#6939=ORIENTED_EDGE('',*,*,#6938,.F.);
#6941=ORIENTED_EDGE('',*,*,#6940,.F.);
#6943=ORIENTED_EDGE('',*,*,#6942,.T.);
#6944=ORIENTED_EDGE('',*,*,#6906,.F.);
#6945=ORIENTED_EDGE('',*,*,#6922,.F.);
#6946=EDGE_LOOP('',(#6935,#6937,#6939,#6941,#6943,#6944,#6945));
#6947=FACE_OUTER_BOUND('',#6946,.F.);
#6948=ADVANCED_FACE('',(#6947),#6934,.F.);
#6949=CARTESIAN_POINT('',(2.17E1,-3.32E0,5.15E0));
#6950=DIRECTION('',(0.E0,0.E0,1.E0));
#6951=DIRECTION('',(1.E0,0.E0,0.E0));
#6952=AXIS2_PLACEMENT_3D('',#6949,#6950,#6951);
#6953=PLANE('',#6952);
#6955=ORIENTED_EDGE('',*,*,#6954,.F.);
#6957=ORIENTED_EDGE('',*,*,#6956,.F.);
#6958=ORIENTED_EDGE('',*,*,#6936,.F.);
#6959=ORIENTED_EDGE('',*,*,#6872,.F.);
#6960=EDGE_LOOP('',(#6955,#6957,#6958,#6959));
#6961=FACE_OUTER_BOUND('',#6960,.F.);
#6962=ADVANCED_FACE('',(#6961),#6953,.T.);
#6963=CARTESIAN_POINT('',(2.18E1,-2.87E0,4.525E0));
#6964=DIRECTION('',(1.E0,0.E0,0.E0));
#6965=DIRECTION('',(0.E0,-1.E0,0.E0));
#6966=AXIS2_PLACEMENT_3D('',#6963,#6964,#6965);
#6967=PLANE('',#6966);
#6968=ORIENTED_EDGE('',*,*,#6892,.F.);
#6969=ORIENTED_EDGE('',*,*,#6910,.F.);
#6971=ORIENTED_EDGE('',*,*,#6970,.T.);
#6973=ORIENTED_EDGE('',*,*,#6972,.F.);
#6975=ORIENTED_EDGE('',*,*,#6974,.T.);
#6976=ORIENTED_EDGE('',*,*,#6954,.T.);
#6977=ORIENTED_EDGE('',*,*,#6870,.F.);
#6978=EDGE_LOOP('',(#6968,#6969,#6971,#6973,#6975,#6976,#6977));
#6979=FACE_OUTER_BOUND('',#6978,.F.);
#6980=ADVANCED_FACE('',(#6979),#6967,.T.);
#6981=CARTESIAN_POINT('',(2.17E1,-2.37E0,4.125E0));
#6982=DIRECTION('',(0.E0,1.E0,0.E0));
#6983=DIRECTION('',(1.E0,0.E0,0.E0));
#6984=AXIS2_PLACEMENT_3D('',#6981,#6982,#6983);
#6985=PLANE('',#6984);
#6986=ORIENTED_EDGE('',*,*,#6942,.F.);
#6988=ORIENTED_EDGE('',*,*,#6987,.F.);
#6989=ORIENTED_EDGE('',*,*,#6970,.F.);
#6990=ORIENTED_EDGE('',*,*,#6908,.F.);
#6991=EDGE_LOOP('',(#6986,#6988,#6989,#6990));
#6992=FACE_OUTER_BOUND('',#6991,.F.);
#6993=ADVANCED_FACE('',(#6992),#6985,.T.);
#6994=CARTESIAN_POINT('',(2.17E1,-2.87E0,3.9E0));
#6995=DIRECTION('',(0.E0,0.E0,1.E0));
#6996=DIRECTION('',(-1.E0,0.E0,0.E0));
#6997=AXIS2_PLACEMENT_3D('',#6994,#6995,#6996);
#6998=PLANE('',#6997);
#6999=ORIENTED_EDGE('',*,*,#6972,.T.);
#7000=ORIENTED_EDGE('',*,*,#6987,.T.);
#7001=ORIENTED_EDGE('',*,*,#6940,.T.);
#7003=ORIENTED_EDGE('',*,*,#7002,.T.);
#7004=EDGE_LOOP('',(#6999,#7000,#7001,#7003));
#7005=FACE_OUTER_BOUND('',#7004,.F.);
#7006=ADVANCED_FACE('',(#7005),#6998,.F.);
#7007=CARTESIAN_POINT('',(2.17E1,-3.37E0,4.525E0));
#7008=DIRECTION('',(0.E0,1.E0,0.E0));
#7009=DIRECTION('',(-1.E0,0.E0,0.E0));
#7010=AXIS2_PLACEMENT_3D('',#7007,#7008,#7009);
#7011=PLANE('',#7010);
#7012=ORIENTED_EDGE('',*,*,#6956,.T.);
#7013=ORIENTED_EDGE('',*,*,#6974,.F.);
#7014=ORIENTED_EDGE('',*,*,#7002,.F.);
#7015=ORIENTED_EDGE('',*,*,#6938,.T.);
#7016=EDGE_LOOP('',(#7012,#7013,#7014,#7015));
#7017=FACE_OUTER_BOUND('',#7016,.F.);
#7018=ADVANCED_FACE('',(#7017),#7011,.F.);
#7019=CARTESIAN_POINT('',(3.14E1,-3.42E0,4.18E0));
#7020=DIRECTION('',(1.E0,0.E0,0.E0));
#7021=DIRECTION('',(0.E0,-1.E0,0.E0));
#7022=AXIS2_PLACEMENT_3D('',#7019,#7020,#7021);
#7023=PLANE('',#7022);
#7025=ORIENTED_EDGE('',*,*,#7024,.F.);
#7027=ORIENTED_EDGE('',*,*,#7026,.T.);
#7028=ORIENTED_EDGE('',*,*,#3892,.F.);
#7030=ORIENTED_EDGE('',*,*,#7029,.F.);
#7031=EDGE_LOOP('',(#7025,#7027,#7028,#7030));
#7032=FACE_OUTER_BOUND('',#7031,.F.);
#7033=ADVANCED_FACE('',(#7032),#7023,.T.);
#7034=CARTESIAN_POINT('',(2.73E1,-3.32E0,4.765E0));
#7035=DIRECTION('',(0.E0,1.E0,0.E0));
#7036=DIRECTION('',(-1.E0,0.E0,0.E0));
#7037=AXIS2_PLACEMENT_3D('',#7034,#7035,#7036);
#7038=PLANE('',#7037);
#7040=ORIENTED_EDGE('',*,*,#7039,.T.);
#7042=ORIENTED_EDGE('',*,*,#7041,.F.);
#7044=ORIENTED_EDGE('',*,*,#7043,.F.);
#7046=ORIENTED_EDGE('',*,*,#7045,.F.);
#7048=ORIENTED_EDGE('',*,*,#7047,.F.);
#7050=ORIENTED_EDGE('',*,*,#7049,.F.);
#7052=ORIENTED_EDGE('',*,*,#7051,.F.);
#7054=ORIENTED_EDGE('',*,*,#7053,.F.);
#7056=ORIENTED_EDGE('',*,*,#7055,.F.);
#7058=ORIENTED_EDGE('',*,*,#7057,.F.);
#7060=ORIENTED_EDGE('',*,*,#7059,.F.);
#7062=ORIENTED_EDGE('',*,*,#7061,.F.);
#7064=ORIENTED_EDGE('',*,*,#7063,.F.);
#7066=ORIENTED_EDGE('',*,*,#7065,.F.);
#7068=ORIENTED_EDGE('',*,*,#7067,.F.);
#7070=ORIENTED_EDGE('',*,*,#7069,.F.);
#7072=ORIENTED_EDGE('',*,*,#7071,.F.);
#7074=ORIENTED_EDGE('',*,*,#7073,.F.);
#7076=ORIENTED_EDGE('',*,*,#7075,.F.);
#7078=ORIENTED_EDGE('',*,*,#7077,.F.);
#7080=ORIENTED_EDGE('',*,*,#7079,.F.);
#7082=ORIENTED_EDGE('',*,*,#7081,.F.);
#7084=ORIENTED_EDGE('',*,*,#7083,.F.);
#7086=ORIENTED_EDGE('',*,*,#7085,.F.);
#7088=ORIENTED_EDGE('',*,*,#7087,.F.);
#7090=ORIENTED_EDGE('',*,*,#7089,.F.);
#7092=ORIENTED_EDGE('',*,*,#7091,.F.);
#7094=ORIENTED_EDGE('',*,*,#7093,.F.);
#7096=ORIENTED_EDGE('',*,*,#7095,.F.);
#7098=ORIENTED_EDGE('',*,*,#7097,.F.);
#7100=ORIENTED_EDGE('',*,*,#7099,.F.);
#7102=ORIENTED_EDGE('',*,*,#7101,.F.);
#7104=ORIENTED_EDGE('',*,*,#7103,.F.);
#7106=ORIENTED_EDGE('',*,*,#7105,.F.);
#7108=ORIENTED_EDGE('',*,*,#7107,.F.);
#7110=ORIENTED_EDGE('',*,*,#7109,.F.);
#7112=ORIENTED_EDGE('',*,*,#7111,.F.);
#7114=ORIENTED_EDGE('',*,*,#7113,.F.);
#7116=ORIENTED_EDGE('',*,*,#7115,.F.);
#7118=ORIENTED_EDGE('',*,*,#7117,.F.);
#7120=ORIENTED_EDGE('',*,*,#7119,.F.);
#7122=ORIENTED_EDGE('',*,*,#7121,.F.);
#7124=ORIENTED_EDGE('',*,*,#7123,.F.);
#7126=ORIENTED_EDGE('',*,*,#7125,.F.);
#7128=ORIENTED_EDGE('',*,*,#7127,.F.);
#7130=ORIENTED_EDGE('',*,*,#7129,.F.);
#7131=ORIENTED_EDGE('',*,*,#3862,.F.);
#7133=ORIENTED_EDGE('',*,*,#7132,.F.);
#7135=ORIENTED_EDGE('',*,*,#7134,.F.);
#7137=ORIENTED_EDGE('',*,*,#7136,.T.);
#7139=ORIENTED_EDGE('',*,*,#7138,.F.);
#7141=ORIENTED_EDGE('',*,*,#7140,.T.);
#7143=ORIENTED_EDGE('',*,*,#7142,.T.);
#7145=ORIENTED_EDGE('',*,*,#7144,.T.);
#7147=ORIENTED_EDGE('',*,*,#7146,.T.);
#7149=ORIENTED_EDGE('',*,*,#7148,.T.);
#7151=ORIENTED_EDGE('',*,*,#7150,.T.);
#7153=ORIENTED_EDGE('',*,*,#7152,.T.);
#7154=ORIENTED_EDGE('',*,*,#7024,.T.);
#7156=ORIENTED_EDGE('',*,*,#7155,.T.);
#7158=ORIENTED_EDGE('',*,*,#7157,.T.);
#7160=ORIENTED_EDGE('',*,*,#7159,.T.);
#7161=EDGE_LOOP('',(#7040,#7042,#7044,#7046,#7048,#7050,#7052,#7054,#7056,#7058,
#7060,#7062,#7064,#7066,#7068,#7070,#7072,#7074,#7076,#7078,#7080,#7082,#7084,
#7086,#7088,#7090,#7092,#7094,#7096,#7098,#7100,#7102,#7104,#7106,#7108,#7110,
#7112,#7114,#7116,#7118,#7120,#7122,#7124,#7126,#7128,#7130,#7131,#7133,#7135,
#7137,#7139,#7141,#7143,#7145,#7147,#7149,#7151,#7153,#7154,#7156,#7158,#7160));
#7162=FACE_OUTER_BOUND('',#7161,.F.);
#7163=ADVANCED_FACE('',(#7162),#7038,.F.);
#7164=CARTESIAN_POINT('',(3.06E1,-3.42E0,4.18E0));
#7165=DIRECTION('',(1.E0,0.E0,0.E0));
#7166=DIRECTION('',(0.E0,-1.E0,0.E0));
#7167=AXIS2_PLACEMENT_3D('',#7164,#7165,#7166);
#7168=PLANE('',#7167);
#7170=ORIENTED_EDGE('',*,*,#7169,.T.);
#7171=ORIENTED_EDGE('',*,*,#4007,.F.);
#7173=ORIENTED_EDGE('',*,*,#7172,.F.);
#7174=ORIENTED_EDGE('',*,*,#7039,.F.);
#7175=EDGE_LOOP('',(#7170,#7171,#7173,#7174));
#7176=FACE_OUTER_BOUND('',#7175,.F.);
#7177=ADVANCED_FACE('',(#7176),#7168,.T.);
#7178=CARTESIAN_POINT('',(3.09E1,-3.42E0,4.11E0));
#7179=DIRECTION('',(0.E0,0.E0,1.E0));
#7180=DIRECTION('',(1.E0,0.E0,0.E0));
#7181=AXIS2_PLACEMENT_3D('',#7178,#7179,#7180);
#7182=PLANE('',#7181);
#7183=ORIENTED_EDGE('',*,*,#7159,.F.);
#7185=ORIENTED_EDGE('',*,*,#7184,.T.);
#7186=ORIENTED_EDGE('',*,*,#4009,.F.);
#7187=ORIENTED_EDGE('',*,*,#7169,.F.);
#7188=EDGE_LOOP('',(#7183,#7185,#7186,#7187));
#7189=FACE_OUTER_BOUND('',#7188,.F.);
#7190=ADVANCED_FACE('',(#7189),#7182,.T.);
#7191=CARTESIAN_POINT('',(3.12E1,-3.42E0,4.18E0));
#7192=DIRECTION('',(1.E0,0.E0,0.E0));
#7193=DIRECTION('',(0.E0,1.E0,0.E0));
#7194=AXIS2_PLACEMENT_3D('',#7191,#7192,#7193);
#7195=PLANE('',#7194);
#7197=ORIENTED_EDGE('',*,*,#7196,.F.);
#7198=ORIENTED_EDGE('',*,*,#4011,.F.);
#7199=ORIENTED_EDGE('',*,*,#7184,.F.);
#7200=ORIENTED_EDGE('',*,*,#7157,.F.);
#7201=EDGE_LOOP('',(#7197,#7198,#7199,#7200));
#7202=FACE_OUTER_BOUND('',#7201,.F.);
#7203=ADVANCED_FACE('',(#7202),#7195,.F.);
#7204=CARTESIAN_POINT('',(3.13E1,-3.42E0,4.25E0));
#7205=DIRECTION('',(0.E0,0.E0,1.E0));
#7206=DIRECTION('',(1.E0,0.E0,0.E0));
#7207=AXIS2_PLACEMENT_3D('',#7204,#7205,#7206);
#7208=PLANE('',#7207);
#7209=ORIENTED_EDGE('',*,*,#7155,.F.);
#7210=ORIENTED_EDGE('',*,*,#7029,.T.);
#7211=ORIENTED_EDGE('',*,*,#4013,.F.);
#7212=ORIENTED_EDGE('',*,*,#7196,.T.);
#7213=EDGE_LOOP('',(#7209,#7210,#7211,#7212));
#7214=FACE_OUTER_BOUND('',#7213,.F.);
#7215=ADVANCED_FACE('',(#7214),#7208,.T.);
#7216=CARTESIAN_POINT('',(3.05E1,-3.42E0,4.25E0));
#7217=DIRECTION('',(0.E0,0.E0,1.E0));
#7218=DIRECTION('',(1.E0,0.E0,0.E0));
#7219=AXIS2_PLACEMENT_3D('',#7216,#7217,#7218);
#7220=PLANE('',#7219);
#7221=ORIENTED_EDGE('',*,*,#7041,.T.);
#7222=ORIENTED_EDGE('',*,*,#7172,.T.);
#7223=ORIENTED_EDGE('',*,*,#4005,.T.);
#7225=ORIENTED_EDGE('',*,*,#7224,.T.);
#7226=EDGE_LOOP('',(#7221,#7222,#7223,#7225));
#7227=FACE_OUTER_BOUND('',#7226,.F.);
#7228=ADVANCED_FACE('',(#7227),#7220,.T.);
#7229=CARTESIAN_POINT('',(3.04E1,-3.42E0,4.18E0));
#7230=DIRECTION('',(1.E0,0.E0,0.E0));
#7231=DIRECTION('',(0.E0,1.E0,0.E0));
#7232=AXIS2_PLACEMENT_3D('',#7229,#7230,#7231);
#7233=PLANE('',#7232);
#7234=ORIENTED_EDGE('',*,*,#7224,.F.);
#7235=ORIENTED_EDGE('',*,*,#4003,.F.);
#7237=ORIENTED_EDGE('',*,*,#7236,.F.);
#7238=ORIENTED_EDGE('',*,*,#7043,.T.);
#7239=EDGE_LOOP('',(#7234,#7235,#7237,#7238));
#7240=FACE_OUTER_BOUND('',#7239,.F.);
#7241=ADVANCED_FACE('',(#7240),#7233,.F.);
#7242=CARTESIAN_POINT('',(3.01E1,-3.42E0,4.11E0));
#7243=DIRECTION('',(0.E0,0.E0,1.E0));
#7244=DIRECTION('',(1.E0,0.E0,0.E0));
#7245=AXIS2_PLACEMENT_3D('',#7242,#7243,#7244);
#7246=PLANE('',#7245);
#7247=ORIENTED_EDGE('',*,*,#7045,.T.);
#7248=ORIENTED_EDGE('',*,*,#7236,.T.);
#7249=ORIENTED_EDGE('',*,*,#4001,.F.);
#7251=ORIENTED_EDGE('',*,*,#7250,.F.);
#7252=EDGE_LOOP('',(#7247,#7248,#7249,#7251));
#7253=FACE_OUTER_BOUND('',#7252,.F.);
#7254=ADVANCED_FACE('',(#7253),#7246,.T.);
#7255=CARTESIAN_POINT('',(2.98E1,-3.42E0,4.18E0));
#7256=DIRECTION('',(1.E0,0.E0,0.E0));
#7257=DIRECTION('',(0.E0,-1.E0,0.E0));
#7258=AXIS2_PLACEMENT_3D('',#7255,#7256,#7257);
#7259=PLANE('',#7258);
#7260=ORIENTED_EDGE('',*,*,#7250,.T.);
#7261=ORIENTED_EDGE('',*,*,#3999,.F.);
#7263=ORIENTED_EDGE('',*,*,#7262,.T.);
#7264=ORIENTED_EDGE('',*,*,#7047,.T.);
#7265=EDGE_LOOP('',(#7260,#7261,#7263,#7264));
#7266=FACE_OUTER_BOUND('',#7265,.F.);
#7267=ADVANCED_FACE('',(#7266),#7259,.T.);
#7268=CARTESIAN_POINT('',(2.97E1,-3.42E0,4.25E0));
#7269=DIRECTION('',(0.E0,0.E0,1.E0));
#7270=DIRECTION('',(1.E0,0.E0,0.E0));
#7271=AXIS2_PLACEMENT_3D('',#7268,#7269,#7270);
#7272=PLANE('',#7271);
#7273=ORIENTED_EDGE('',*,*,#7049,.T.);
#7274=ORIENTED_EDGE('',*,*,#7262,.F.);
#7275=ORIENTED_EDGE('',*,*,#3997,.F.);
#7277=ORIENTED_EDGE('',*,*,#7276,.F.);
#7278=EDGE_LOOP('',(#7273,#7274,#7275,#7277));
#7279=FACE_OUTER_BOUND('',#7278,.F.);
#7280=ADVANCED_FACE('',(#7279),#7272,.T.);
#7281=CARTESIAN_POINT('',(2.96E1,-3.42E0,4.18E0));
#7282=DIRECTION('',(1.E0,0.E0,0.E0));
#7283=DIRECTION('',(0.E0,1.E0,0.E0));
#7284=AXIS2_PLACEMENT_3D('',#7281,#7282,#7283);
#7285=PLANE('',#7284);
#7286=ORIENTED_EDGE('',*,*,#7276,.T.);
#7287=ORIENTED_EDGE('',*,*,#3995,.F.);
#7289=ORIENTED_EDGE('',*,*,#7288,.F.);
#7290=ORIENTED_EDGE('',*,*,#7051,.T.);
#7291=EDGE_LOOP('',(#7286,#7287,#7289,#7290));
#7292=FACE_OUTER_BOUND('',#7291,.F.);
#7293=ADVANCED_FACE('',(#7292),#7285,.F.);
#7294=CARTESIAN_POINT('',(2.93E1,-3.42E0,4.11E0));
#7295=DIRECTION('',(0.E0,0.E0,1.E0));
#7296=DIRECTION('',(1.E0,0.E0,0.E0));
#7297=AXIS2_PLACEMENT_3D('',#7294,#7295,#7296);
#7298=PLANE('',#7297);
#7299=ORIENTED_EDGE('',*,*,#7053,.T.);
#7300=ORIENTED_EDGE('',*,*,#7288,.T.);
#7301=ORIENTED_EDGE('',*,*,#3993,.T.);
#7303=ORIENTED_EDGE('',*,*,#7302,.T.);
#7304=EDGE_LOOP('',(#7299,#7300,#7301,#7303));
#7305=FACE_OUTER_BOUND('',#7304,.F.);
#7306=ADVANCED_FACE('',(#7305),#7298,.T.);
#7307=CARTESIAN_POINT('',(2.9E1,-3.42E0,4.18E0));
#7308=DIRECTION('',(1.E0,0.E0,0.E0));
#7309=DIRECTION('',(0.E0,-1.E0,0.E0));
#7310=AXIS2_PLACEMENT_3D('',#7307,#7308,#7309);
#7311=PLANE('',#7310);
#7312=ORIENTED_EDGE('',*,*,#7302,.F.);
#7313=ORIENTED_EDGE('',*,*,#3991,.F.);
#7315=ORIENTED_EDGE('',*,*,#7314,.F.);
#7316=ORIENTED_EDGE('',*,*,#7055,.T.);
#7317=EDGE_LOOP('',(#7312,#7313,#7315,#7316));
#7318=FACE_OUTER_BOUND('',#7317,.F.);
#7319=ADVANCED_FACE('',(#7318),#7311,.T.);
#7320=CARTESIAN_POINT('',(2.89E1,-3.42E0,4.25E0));
#7321=DIRECTION('',(0.E0,0.E0,1.E0));
#7322=DIRECTION('',(1.E0,0.E0,0.E0));
#7323=AXIS2_PLACEMENT_3D('',#7320,#7321,#7322);
#7324=PLANE('',#7323);
#7325=ORIENTED_EDGE('',*,*,#7057,.T.);
#7326=ORIENTED_EDGE('',*,*,#7314,.T.);
#7327=ORIENTED_EDGE('',*,*,#3989,.T.);
#7329=ORIENTED_EDGE('',*,*,#7328,.T.);
#7330=EDGE_LOOP('',(#7325,#7326,#7327,#7329));
#7331=FACE_OUTER_BOUND('',#7330,.F.);
#7332=ADVANCED_FACE('',(#7331),#7324,.T.);
#7333=CARTESIAN_POINT('',(2.88E1,-3.42E0,4.18E0));
#7334=DIRECTION('',(1.E0,0.E0,0.E0));
#7335=DIRECTION('',(0.E0,1.E0,0.E0));
#7336=AXIS2_PLACEMENT_3D('',#7333,#7334,#7335);
#7337=PLANE('',#7336);
#7338=ORIENTED_EDGE('',*,*,#7328,.F.);
#7339=ORIENTED_EDGE('',*,*,#3987,.F.);
#7341=ORIENTED_EDGE('',*,*,#7340,.T.);
#7342=ORIENTED_EDGE('',*,*,#7059,.T.);
#7343=EDGE_LOOP('',(#7338,#7339,#7341,#7342));
#7344=FACE_OUTER_BOUND('',#7343,.F.);
#7345=ADVANCED_FACE('',(#7344),#7337,.F.);
#7346=CARTESIAN_POINT('',(2.85E1,-3.42E0,4.11E0));
#7347=DIRECTION('',(0.E0,0.E0,1.E0));
#7348=DIRECTION('',(1.E0,0.E0,0.E0));
#7349=AXIS2_PLACEMENT_3D('',#7346,#7347,#7348);
#7350=PLANE('',#7349);
#7351=ORIENTED_EDGE('',*,*,#7061,.T.);
#7352=ORIENTED_EDGE('',*,*,#7340,.F.);
#7353=ORIENTED_EDGE('',*,*,#3985,.F.);
#7355=ORIENTED_EDGE('',*,*,#7354,.F.);
#7356=EDGE_LOOP('',(#7351,#7352,#7353,#7355));
#7357=FACE_OUTER_BOUND('',#7356,.F.);
#7358=ADVANCED_FACE('',(#7357),#7350,.T.);
#7359=CARTESIAN_POINT('',(2.82E1,-3.42E0,4.18E0));
#7360=DIRECTION('',(1.E0,0.E0,0.E0));
#7361=DIRECTION('',(0.E0,-1.E0,0.E0));
#7362=AXIS2_PLACEMENT_3D('',#7359,#7360,#7361);
#7363=PLANE('',#7362);
#7364=ORIENTED_EDGE('',*,*,#7354,.T.);
#7365=ORIENTED_EDGE('',*,*,#3983,.T.);
#7367=ORIENTED_EDGE('',*,*,#7366,.T.);
#7368=ORIENTED_EDGE('',*,*,#7063,.T.);
#7369=EDGE_LOOP('',(#7364,#7365,#7367,#7368));
#7370=FACE_OUTER_BOUND('',#7369,.F.);
#7371=ADVANCED_FACE('',(#7370),#7363,.T.);
#7372=CARTESIAN_POINT('',(2.81E1,-3.42E0,4.25E0));
#7373=DIRECTION('',(0.E0,0.E0,1.E0));
#7374=DIRECTION('',(1.E0,0.E0,0.E0));
#7375=AXIS2_PLACEMENT_3D('',#7372,#7373,#7374);
#7376=PLANE('',#7375);
#7377=ORIENTED_EDGE('',*,*,#7065,.T.);
#7378=ORIENTED_EDGE('',*,*,#7366,.F.);
#7379=ORIENTED_EDGE('',*,*,#3981,.T.);
#7381=ORIENTED_EDGE('',*,*,#7380,.F.);
#7382=EDGE_LOOP('',(#7377,#7378,#7379,#7381));
#7383=FACE_OUTER_BOUND('',#7382,.F.);
#7384=ADVANCED_FACE('',(#7383),#7376,.T.);
#7385=CARTESIAN_POINT('',(2.8E1,-3.42E0,4.18E0));
#7386=DIRECTION('',(1.E0,0.E0,0.E0));
#7387=DIRECTION('',(0.E0,1.E0,0.E0));
#7388=AXIS2_PLACEMENT_3D('',#7385,#7386,#7387);
#7389=PLANE('',#7388);
#7390=ORIENTED_EDGE('',*,*,#7380,.T.);
#7391=ORIENTED_EDGE('',*,*,#3979,.T.);
#7393=ORIENTED_EDGE('',*,*,#7392,.F.);
#7394=ORIENTED_EDGE('',*,*,#7067,.T.);
#7395=EDGE_LOOP('',(#7390,#7391,#7393,#7394));
#7396=FACE_OUTER_BOUND('',#7395,.F.);
#7397=ADVANCED_FACE('',(#7396),#7389,.F.);
#7398=CARTESIAN_POINT('',(2.77E1,-3.42E0,4.11E0));
#7399=DIRECTION('',(0.E0,0.E0,1.E0));
#7400=DIRECTION('',(1.E0,0.E0,0.E0));
#7401=AXIS2_PLACEMENT_3D('',#7398,#7399,#7400);
#7402=PLANE('',#7401);
#7403=ORIENTED_EDGE('',*,*,#7069,.T.);
#7404=ORIENTED_EDGE('',*,*,#7392,.T.);
#7405=ORIENTED_EDGE('',*,*,#3977,.T.);
#7407=ORIENTED_EDGE('',*,*,#7406,.F.);
#7408=EDGE_LOOP('',(#7403,#7404,#7405,#7407));
#7409=FACE_OUTER_BOUND('',#7408,.F.);
#7410=ADVANCED_FACE('',(#7409),#7402,.T.);
#7411=CARTESIAN_POINT('',(2.74E1,-3.42E0,4.18E0));
#7412=DIRECTION('',(1.E0,0.E0,0.E0));
#7413=DIRECTION('',(0.E0,-1.E0,0.E0));
#7414=AXIS2_PLACEMENT_3D('',#7411,#7412,#7413);
#7415=PLANE('',#7414);
#7416=ORIENTED_EDGE('',*,*,#7406,.T.);
#7417=ORIENTED_EDGE('',*,*,#3975,.T.);
#7419=ORIENTED_EDGE('',*,*,#7418,.T.);
#7420=ORIENTED_EDGE('',*,*,#7071,.T.);
#7421=EDGE_LOOP('',(#7416,#7417,#7419,#7420));
#7422=FACE_OUTER_BOUND('',#7421,.F.);
#7423=ADVANCED_FACE('',(#7422),#7415,.T.);
#7424=CARTESIAN_POINT('',(2.73E1,-3.42E0,4.25E0));
#7425=DIRECTION('',(0.E0,0.E0,1.E0));
#7426=DIRECTION('',(1.E0,0.E0,0.E0));
#7427=AXIS2_PLACEMENT_3D('',#7424,#7425,#7426);
#7428=PLANE('',#7427);
#7429=ORIENTED_EDGE('',*,*,#7073,.T.);
#7430=ORIENTED_EDGE('',*,*,#7418,.F.);
#7431=ORIENTED_EDGE('',*,*,#3973,.T.);
#7433=ORIENTED_EDGE('',*,*,#7432,.T.);
#7434=EDGE_LOOP('',(#7429,#7430,#7431,#7433));
#7435=FACE_OUTER_BOUND('',#7434,.F.);
#7436=ADVANCED_FACE('',(#7435),#7428,.T.);
#7437=CARTESIAN_POINT('',(2.72E1,-3.42E0,4.18E0));
#7438=DIRECTION('',(1.E0,0.E0,0.E0));
#7439=DIRECTION('',(0.E0,1.E0,0.E0));
#7440=AXIS2_PLACEMENT_3D('',#7437,#7438,#7439);
#7441=PLANE('',#7440);
#7442=ORIENTED_EDGE('',*,*,#7432,.F.);
#7443=ORIENTED_EDGE('',*,*,#3971,.T.);
#7445=ORIENTED_EDGE('',*,*,#7444,.T.);
#7446=ORIENTED_EDGE('',*,*,#7075,.T.);
#7447=EDGE_LOOP('',(#7442,#7443,#7445,#7446));
#7448=FACE_OUTER_BOUND('',#7447,.F.);
#7449=ADVANCED_FACE('',(#7448),#7441,.F.);
#7450=CARTESIAN_POINT('',(2.69E1,-3.42E0,4.11E0));
#7451=DIRECTION('',(0.E0,0.E0,1.E0));
#7452=DIRECTION('',(1.E0,0.E0,0.E0));
#7453=AXIS2_PLACEMENT_3D('',#7450,#7451,#7452);
#7454=PLANE('',#7453);
#7455=ORIENTED_EDGE('',*,*,#7077,.T.);
#7456=ORIENTED_EDGE('',*,*,#7444,.F.);
#7457=ORIENTED_EDGE('',*,*,#3969,.T.);
#7459=ORIENTED_EDGE('',*,*,#7458,.F.);
#7460=EDGE_LOOP('',(#7455,#7456,#7457,#7459));
#7461=FACE_OUTER_BOUND('',#7460,.F.);
#7462=ADVANCED_FACE('',(#7461),#7454,.T.);
#7463=CARTESIAN_POINT('',(2.66E1,-3.42E0,4.18E0));
#7464=DIRECTION('',(1.E0,0.E0,0.E0));
#7465=DIRECTION('',(0.E0,-1.E0,0.E0));
#7466=AXIS2_PLACEMENT_3D('',#7463,#7464,#7465);
#7467=PLANE('',#7466);
#7468=ORIENTED_EDGE('',*,*,#7458,.T.);
#7469=ORIENTED_EDGE('',*,*,#3967,.T.);
#7471=ORIENTED_EDGE('',*,*,#7470,.F.);
#7472=ORIENTED_EDGE('',*,*,#7079,.T.);
#7473=EDGE_LOOP('',(#7468,#7469,#7471,#7472));
#7474=FACE_OUTER_BOUND('',#7473,.F.);
#7475=ADVANCED_FACE('',(#7474),#7467,.T.);
#7476=CARTESIAN_POINT('',(2.65E1,-3.42E0,4.25E0));
#7477=DIRECTION('',(0.E0,0.E0,1.E0));
#7478=DIRECTION('',(1.E0,0.E0,0.E0));
#7479=AXIS2_PLACEMENT_3D('',#7476,#7477,#7478);
#7480=PLANE('',#7479);
#7481=ORIENTED_EDGE('',*,*,#7081,.T.);
#7482=ORIENTED_EDGE('',*,*,#7470,.T.);
#7483=ORIENTED_EDGE('',*,*,#3965,.T.);
#7485=ORIENTED_EDGE('',*,*,#7484,.F.);
#7486=EDGE_LOOP('',(#7481,#7482,#7483,#7485));
#7487=FACE_OUTER_BOUND('',#7486,.F.);
#7488=ADVANCED_FACE('',(#7487),#7480,.T.);
#7489=CARTESIAN_POINT('',(2.64E1,-3.42E0,4.18E0));
#7490=DIRECTION('',(1.E0,0.E0,0.E0));
#7491=DIRECTION('',(0.E0,1.E0,0.E0));
#7492=AXIS2_PLACEMENT_3D('',#7489,#7490,#7491);
#7493=PLANE('',#7492);
#7494=ORIENTED_EDGE('',*,*,#7484,.T.);
#7495=ORIENTED_EDGE('',*,*,#3963,.T.);
#7497=ORIENTED_EDGE('',*,*,#7496,.F.);
#7498=ORIENTED_EDGE('',*,*,#7083,.T.);
#7499=EDGE_LOOP('',(#7494,#7495,#7497,#7498));
#7500=FACE_OUTER_BOUND('',#7499,.F.);
#7501=ADVANCED_FACE('',(#7500),#7493,.F.);
#7502=CARTESIAN_POINT('',(2.61E1,-3.42E0,4.11E0));
#7503=DIRECTION('',(0.E0,0.E0,1.E0));
#7504=DIRECTION('',(1.E0,0.E0,0.E0));
#7505=AXIS2_PLACEMENT_3D('',#7502,#7503,#7504);
#7506=PLANE('',#7505);
#7507=ORIENTED_EDGE('',*,*,#7085,.T.);
#7508=ORIENTED_EDGE('',*,*,#7496,.T.);
#7509=ORIENTED_EDGE('',*,*,#3961,.T.);
#7511=ORIENTED_EDGE('',*,*,#7510,.F.);
#7512=EDGE_LOOP('',(#7507,#7508,#7509,#7511));
#7513=FACE_OUTER_BOUND('',#7512,.F.);
#7514=ADVANCED_FACE('',(#7513),#7506,.T.);
#7515=CARTESIAN_POINT('',(2.58E1,-3.42E0,4.18E0));
#7516=DIRECTION('',(1.E0,0.E0,0.E0));
#7517=DIRECTION('',(0.E0,-1.E0,0.E0));
#7518=AXIS2_PLACEMENT_3D('',#7515,#7516,#7517);
#7519=PLANE('',#7518);
#7520=ORIENTED_EDGE('',*,*,#7510,.T.);
#7521=ORIENTED_EDGE('',*,*,#3959,.T.);
#7523=ORIENTED_EDGE('',*,*,#7522,.T.);
#7524=ORIENTED_EDGE('',*,*,#7087,.T.);
#7525=EDGE_LOOP('',(#7520,#7521,#7523,#7524));
#7526=FACE_OUTER_BOUND('',#7525,.F.);
#7527=ADVANCED_FACE('',(#7526),#7519,.T.);
#7528=CARTESIAN_POINT('',(2.57E1,-3.42E0,4.25E0));
#7529=DIRECTION('',(0.E0,0.E0,1.E0));
#7530=DIRECTION('',(1.E0,0.E0,0.E0));
#7531=AXIS2_PLACEMENT_3D('',#7528,#7529,#7530);
#7532=PLANE('',#7531);
#7533=ORIENTED_EDGE('',*,*,#7089,.T.);
#7534=ORIENTED_EDGE('',*,*,#7522,.F.);
#7535=ORIENTED_EDGE('',*,*,#3957,.T.);
#7537=ORIENTED_EDGE('',*,*,#7536,.F.);
#7538=EDGE_LOOP('',(#7533,#7534,#7535,#7537));
#7539=FACE_OUTER_BOUND('',#7538,.F.);
#7540=ADVANCED_FACE('',(#7539),#7532,.T.);
#7541=CARTESIAN_POINT('',(2.56E1,-3.42E0,4.18E0));
#7542=DIRECTION('',(1.E0,0.E0,0.E0));
#7543=DIRECTION('',(0.E0,1.E0,0.E0));
#7544=AXIS2_PLACEMENT_3D('',#7541,#7542,#7543);
#7545=PLANE('',#7544);
#7546=ORIENTED_EDGE('',*,*,#7536,.T.);
#7547=ORIENTED_EDGE('',*,*,#3955,.T.);
#7549=ORIENTED_EDGE('',*,*,#7548,.T.);
#7550=ORIENTED_EDGE('',*,*,#7091,.T.);
#7551=EDGE_LOOP('',(#7546,#7547,#7549,#7550));
#7552=FACE_OUTER_BOUND('',#7551,.F.);
#7553=ADVANCED_FACE('',(#7552),#7545,.F.);
#7554=CARTESIAN_POINT('',(2.53E1,-3.42E0,4.11E0));
#7555=DIRECTION('',(0.E0,0.E0,1.E0));
#7556=DIRECTION('',(1.E0,0.E0,0.E0));
#7557=AXIS2_PLACEMENT_3D('',#7554,#7555,#7556);
#7558=PLANE('',#7557);
#7559=ORIENTED_EDGE('',*,*,#7093,.T.);
#7560=ORIENTED_EDGE('',*,*,#7548,.F.);
#7561=ORIENTED_EDGE('',*,*,#3953,.T.);
#7563=ORIENTED_EDGE('',*,*,#7562,.T.);
#7564=EDGE_LOOP('',(#7559,#7560,#7561,#7563));
#7565=FACE_OUTER_BOUND('',#7564,.F.);
#7566=ADVANCED_FACE('',(#7565),#7558,.T.);
#7567=CARTESIAN_POINT('',(2.5E1,-3.42E0,4.18E0));
#7568=DIRECTION('',(1.E0,0.E0,0.E0));
#7569=DIRECTION('',(0.E0,-1.E0,0.E0));
#7570=AXIS2_PLACEMENT_3D('',#7567,#7568,#7569);
#7571=PLANE('',#7570);
#7572=ORIENTED_EDGE('',*,*,#7562,.F.);
#7573=ORIENTED_EDGE('',*,*,#3951,.T.);
#7575=ORIENTED_EDGE('',*,*,#7574,.F.);
#7576=ORIENTED_EDGE('',*,*,#7095,.T.);
#7577=EDGE_LOOP('',(#7572,#7573,#7575,#7576));
#7578=FACE_OUTER_BOUND('',#7577,.F.);
#7579=ADVANCED_FACE('',(#7578),#7571,.T.);
#7580=CARTESIAN_POINT('',(2.49E1,-3.42E0,4.25E0));
#7581=DIRECTION('',(0.E0,0.E0,1.E0));
#7582=DIRECTION('',(1.E0,0.E0,0.E0));
#7583=AXIS2_PLACEMENT_3D('',#7580,#7581,#7582);
#7584=PLANE('',#7583);
#7585=ORIENTED_EDGE('',*,*,#7097,.T.);
#7586=ORIENTED_EDGE('',*,*,#7574,.T.);
#7587=ORIENTED_EDGE('',*,*,#3949,.T.);
#7589=ORIENTED_EDGE('',*,*,#7588,.F.);
#7590=EDGE_LOOP('',(#7585,#7586,#7587,#7589));
#7591=FACE_OUTER_BOUND('',#7590,.F.);
#7592=ADVANCED_FACE('',(#7591),#7584,.T.);
#7593=CARTESIAN_POINT('',(2.48E1,-3.42E0,4.18E0));
#7594=DIRECTION('',(1.E0,0.E0,0.E0));
#7595=DIRECTION('',(0.E0,1.E0,0.E0));
#7596=AXIS2_PLACEMENT_3D('',#7593,#7594,#7595);
#7597=PLANE('',#7596);
#7598=ORIENTED_EDGE('',*,*,#7588,.T.);
#7599=ORIENTED_EDGE('',*,*,#3947,.T.);
#7601=ORIENTED_EDGE('',*,*,#7600,.T.);
#7602=ORIENTED_EDGE('',*,*,#7099,.T.);
#7603=EDGE_LOOP('',(#7598,#7599,#7601,#7602));
#7604=FACE_OUTER_BOUND('',#7603,.F.);
#7605=ADVANCED_FACE('',(#7604),#7597,.F.);
#7606=CARTESIAN_POINT('',(2.45E1,-3.42E0,4.11E0));
#7607=DIRECTION('',(0.E0,0.E0,1.E0));
#7608=DIRECTION('',(1.E0,0.E0,0.E0));
#7609=AXIS2_PLACEMENT_3D('',#7606,#7607,#7608);
#7610=PLANE('',#7609);
#7611=ORIENTED_EDGE('',*,*,#7101,.T.);
#7612=ORIENTED_EDGE('',*,*,#7600,.F.);
#7613=ORIENTED_EDGE('',*,*,#3945,.T.);
#7615=ORIENTED_EDGE('',*,*,#7614,.F.);
#7616=EDGE_LOOP('',(#7611,#7612,#7613,#7615));
#7617=FACE_OUTER_BOUND('',#7616,.F.);
#7618=ADVANCED_FACE('',(#7617),#7610,.T.);
#7619=CARTESIAN_POINT('',(2.42E1,-3.42E0,4.18E0));
#7620=DIRECTION('',(1.E0,0.E0,0.E0));
#7621=DIRECTION('',(0.E0,-1.E0,0.E0));
#7622=AXIS2_PLACEMENT_3D('',#7619,#7620,#7621);
#7623=PLANE('',#7622);
#7624=ORIENTED_EDGE('',*,*,#7614,.T.);
#7625=ORIENTED_EDGE('',*,*,#3943,.T.);
#7627=ORIENTED_EDGE('',*,*,#7626,.F.);
#7628=ORIENTED_EDGE('',*,*,#7103,.T.);
#7629=EDGE_LOOP('',(#7624,#7625,#7627,#7628));
#7630=FACE_OUTER_BOUND('',#7629,.F.);
#7631=ADVANCED_FACE('',(#7630),#7623,.T.);
#7632=CARTESIAN_POINT('',(2.41E1,-3.42E0,4.25E0));
#7633=DIRECTION('',(0.E0,0.E0,1.E0));
#7634=DIRECTION('',(1.E0,0.E0,0.E0));
#7635=AXIS2_PLACEMENT_3D('',#7632,#7633,#7634);
#7636=PLANE('',#7635);
#7637=ORIENTED_EDGE('',*,*,#7105,.T.);
#7638=ORIENTED_EDGE('',*,*,#7626,.T.);
#7639=ORIENTED_EDGE('',*,*,#3941,.T.);
#7641=ORIENTED_EDGE('',*,*,#7640,.T.);
#7642=EDGE_LOOP('',(#7637,#7638,#7639,#7641));
#7643=FACE_OUTER_BOUND('',#7642,.F.);
#7644=ADVANCED_FACE('',(#7643),#7636,.T.);
#7645=CARTESIAN_POINT('',(2.4E1,-3.42E0,4.18E0));
#7646=DIRECTION('',(1.E0,0.E0,0.E0));
#7647=DIRECTION('',(0.E0,1.E0,0.E0));
#7648=AXIS2_PLACEMENT_3D('',#7645,#7646,#7647);
#7649=PLANE('',#7648);
#7650=ORIENTED_EDGE('',*,*,#7640,.F.);
#7651=ORIENTED_EDGE('',*,*,#3939,.T.);
#7653=ORIENTED_EDGE('',*,*,#7652,.T.);
#7654=ORIENTED_EDGE('',*,*,#7107,.T.);
#7655=EDGE_LOOP('',(#7650,#7651,#7653,#7654));
#7656=FACE_OUTER_BOUND('',#7655,.F.);
#7657=ADVANCED_FACE('',(#7656),#7649,.F.);
#7658=CARTESIAN_POINT('',(2.37E1,-3.42E0,4.11E0));
#7659=DIRECTION('',(0.E0,0.E0,1.E0));
#7660=DIRECTION('',(1.E0,0.E0,0.E0));
#7661=AXIS2_PLACEMENT_3D('',#7658,#7659,#7660);
#7662=PLANE('',#7661);
#7663=ORIENTED_EDGE('',*,*,#7109,.T.);
#7664=ORIENTED_EDGE('',*,*,#7652,.F.);
#7665=ORIENTED_EDGE('',*,*,#3937,.T.);
#7667=ORIENTED_EDGE('',*,*,#7666,.F.);
#7668=EDGE_LOOP('',(#7663,#7664,#7665,#7667));
#7669=FACE_OUTER_BOUND('',#7668,.F.);
#7670=ADVANCED_FACE('',(#7669),#7662,.T.);
#7671=CARTESIAN_POINT('',(2.34E1,-3.42E0,4.18E0));
#7672=DIRECTION('',(1.E0,0.E0,0.E0));
#7673=DIRECTION('',(0.E0,-1.E0,0.E0));
#7674=AXIS2_PLACEMENT_3D('',#7671,#7672,#7673);
#7675=PLANE('',#7674);
#7676=ORIENTED_EDGE('',*,*,#7666,.T.);
#7677=ORIENTED_EDGE('',*,*,#3935,.T.);
#7679=ORIENTED_EDGE('',*,*,#7678,.F.);
#7680=ORIENTED_EDGE('',*,*,#7111,.T.);
#7681=EDGE_LOOP('',(#7676,#7677,#7679,#7680));
#7682=FACE_OUTER_BOUND('',#7681,.F.);
#7683=ADVANCED_FACE('',(#7682),#7675,.T.);
#7684=CARTESIAN_POINT('',(2.33E1,-3.42E0,4.25E0));
#7685=DIRECTION('',(0.E0,0.E0,1.E0));
#7686=DIRECTION('',(1.E0,0.E0,0.E0));
#7687=AXIS2_PLACEMENT_3D('',#7684,#7685,#7686);
#7688=PLANE('',#7687);
#7689=ORIENTED_EDGE('',*,*,#7113,.T.);
#7690=ORIENTED_EDGE('',*,*,#7678,.T.);
#7691=ORIENTED_EDGE('',*,*,#3933,.T.);
#7693=ORIENTED_EDGE('',*,*,#7692,.T.);
#7694=EDGE_LOOP('',(#7689,#7690,#7691,#7693));
#7695=FACE_OUTER_BOUND('',#7694,.F.);
#7696=ADVANCED_FACE('',(#7695),#7688,.T.);
#7697=CARTESIAN_POINT('',(2.32E1,-3.42E0,4.18E0));
#7698=DIRECTION('',(1.E0,0.E0,0.E0));
#7699=DIRECTION('',(0.E0,1.E0,0.E0));
#7700=AXIS2_PLACEMENT_3D('',#7697,#7698,#7699);
#7701=PLANE('',#7700);
#7702=ORIENTED_EDGE('',*,*,#7115,.T.);
#7703=ORIENTED_EDGE('',*,*,#7692,.F.);
#7704=ORIENTED_EDGE('',*,*,#3931,.T.);
#7706=ORIENTED_EDGE('',*,*,#7705,.F.);
#7707=EDGE_LOOP('',(#7702,#7703,#7704,#7706));
#7708=FACE_OUTER_BOUND('',#7707,.F.);
#7709=ADVANCED_FACE('',(#7708),#7701,.F.);
#7710=CARTESIAN_POINT('',(2.2735E1,-3.42E0,4.11E0));
#7711=DIRECTION('',(0.E0,0.E0,1.E0));
#7712=DIRECTION('',(1.E0,0.E0,0.E0));
#7713=AXIS2_PLACEMENT_3D('',#7710,#7711,#7712);
#7714=PLANE('',#7713);
#7715=ORIENTED_EDGE('',*,*,#7117,.T.);
#7716=ORIENTED_EDGE('',*,*,#7705,.T.);
#7717=ORIENTED_EDGE('',*,*,#3929,.T.);
#7719=ORIENTED_EDGE('',*,*,#7718,.T.);
#7720=EDGE_LOOP('',(#7715,#7716,#7717,#7719));
#7721=FACE_OUTER_BOUND('',#7720,.F.);
#7722=ADVANCED_FACE('',(#7721),#7714,.T.);
#7723=CARTESIAN_POINT('',(2.227E1,-3.42E0,4.4E0));
#7724=DIRECTION('',(1.E0,0.E0,0.E0));
#7725=DIRECTION('',(0.E0,-1.E0,0.E0));
#7726=AXIS2_PLACEMENT_3D('',#7723,#7724,#7725);
#7727=PLANE('',#7726);
#7728=ORIENTED_EDGE('',*,*,#3927,.T.);
#7730=ORIENTED_EDGE('',*,*,#7729,.F.);
#7731=ORIENTED_EDGE('',*,*,#7119,.T.);
#7732=ORIENTED_EDGE('',*,*,#7718,.F.);
#7733=EDGE_LOOP('',(#7728,#7730,#7731,#7732));
#7734=FACE_OUTER_BOUND('',#7733,.F.);
#7735=ADVANCED_FACE('',(#7734),#7727,.T.);
#7736=CARTESIAN_POINT('',(2.216E1,-3.42E0,4.69E0));
#7737=DIRECTION('',(0.E0,0.E0,1.E0));
#7738=DIRECTION('',(1.E0,0.E0,0.E0));
#7739=AXIS2_PLACEMENT_3D('',#7736,#7737,#7738);
#7740=PLANE('',#7739);
#7742=ORIENTED_EDGE('',*,*,#7741,.F.);
#7743=ORIENTED_EDGE('',*,*,#7121,.T.);
#7744=ORIENTED_EDGE('',*,*,#7729,.T.);
#7745=ORIENTED_EDGE('',*,*,#3925,.T.);
#7746=EDGE_LOOP('',(#7742,#7743,#7744,#7745));
#7747=FACE_OUTER_BOUND('',#7746,.F.);
#7748=ADVANCED_FACE('',(#7747),#7740,.T.);
#7749=CARTESIAN_POINT('',(2.205E1,-3.42E0,4.885E0));
#7750=DIRECTION('',(1.E0,0.E0,0.E0));
#7751=DIRECTION('',(0.E0,-1.E0,0.E0));
#7752=AXIS2_PLACEMENT_3D('',#7749,#7750,#7751);
#7753=PLANE('',#7752);
#7754=ORIENTED_EDGE('',*,*,#7741,.T.);
#7755=ORIENTED_EDGE('',*,*,#3923,.T.);
#7757=ORIENTED_EDGE('',*,*,#7756,.T.);
#7758=ORIENTED_EDGE('',*,*,#7123,.T.);
#7759=EDGE_LOOP('',(#7754,#7755,#7757,#7758));
#7760=FACE_OUTER_BOUND('',#7759,.F.);
#7761=ADVANCED_FACE('',(#7760),#7753,.T.);
#7762=CARTESIAN_POINT('',(2.216E1,-3.42E0,5.08E0));
#7763=DIRECTION('',(0.E0,0.E0,1.E0));
#7764=DIRECTION('',(-1.E0,0.E0,0.E0));
#7765=AXIS2_PLACEMENT_3D('',#7762,#7763,#7764);
#7766=PLANE('',#7765);
#7768=ORIENTED_EDGE('',*,*,#7767,.F.);
#7769=ORIENTED_EDGE('',*,*,#7125,.T.);
#7770=ORIENTED_EDGE('',*,*,#7756,.F.);
#7771=ORIENTED_EDGE('',*,*,#3921,.T.);
#7772=EDGE_LOOP('',(#7768,#7769,#7770,#7771));
#7773=FACE_OUTER_BOUND('',#7772,.F.);
#7774=ADVANCED_FACE('',(#7773),#7766,.F.);
#7775=CARTESIAN_POINT('',(2.227E1,-3.42E0,5.25E0));
#7776=DIRECTION('',(1.E0,0.E0,0.E0));
#7777=DIRECTION('',(0.E0,-1.E0,0.E0));
#7778=AXIS2_PLACEMENT_3D('',#7775,#7776,#7777);
#7779=PLANE('',#7778);
#7780=ORIENTED_EDGE('',*,*,#7127,.T.);
#7781=ORIENTED_EDGE('',*,*,#7767,.T.);
#7782=ORIENTED_EDGE('',*,*,#3919,.T.);
#7784=ORIENTED_EDGE('',*,*,#7783,.F.);
#7785=EDGE_LOOP('',(#7780,#7781,#7782,#7784));
#7786=FACE_OUTER_BOUND('',#7785,.F.);
#7787=ADVANCED_FACE('',(#7786),#7779,.T.);
#7788=CARTESIAN_POINT('',(2.2445E1,-3.42E0,5.42E0));
#7789=DIRECTION('',(0.E0,0.E0,1.E0));
#7790=DIRECTION('',(-1.E0,0.E0,0.E0));
#7791=AXIS2_PLACEMENT_3D('',#7788,#7789,#7790);
#7792=PLANE('',#7791);
#7793=ORIENTED_EDGE('',*,*,#3917,.T.);
#7794=ORIENTED_EDGE('',*,*,#3864,.F.);
#7795=ORIENTED_EDGE('',*,*,#7129,.T.);
#7796=ORIENTED_EDGE('',*,*,#7783,.T.);
#7797=EDGE_LOOP('',(#7793,#7794,#7795,#7796));
#7798=FACE_OUTER_BOUND('',#7797,.F.);
#7799=ADVANCED_FACE('',(#7798),#7792,.F.);
#7800=CARTESIAN_POINT('',(2.267E1,-3.42E0,5.335E0));
#7801=DIRECTION('',(1.E0,0.E0,0.E0));
#7802=DIRECTION('',(0.E0,1.E0,0.E0));
#7803=AXIS2_PLACEMENT_3D('',#7800,#7801,#7802);
#7804=PLANE('',#7803);
#7805=ORIENTED_EDGE('',*,*,#7132,.T.);
#7806=ORIENTED_EDGE('',*,*,#3860,.F.);
#7807=ORIENTED_EDGE('',*,*,#3914,.T.);
#7809=ORIENTED_EDGE('',*,*,#7808,.T.);
#7810=EDGE_LOOP('',(#7805,#7806,#7807,#7809));
#7811=FACE_OUTER_BOUND('',#7810,.F.);
#7812=ADVANCED_FACE('',(#7811),#7804,.F.);
#7813=CARTESIAN_POINT('',(2.73E1,-3.42E0,5.3E0));
#7814=DIRECTION('',(0.E0,0.E0,1.E0));
#7815=DIRECTION('',(-1.E0,0.E0,0.E0));
#7816=AXIS2_PLACEMENT_3D('',#7813,#7814,#7815);
#7817=PLANE('',#7816);
#7818=ORIENTED_EDGE('',*,*,#7134,.T.);
#7819=ORIENTED_EDGE('',*,*,#7808,.F.);
#7820=ORIENTED_EDGE('',*,*,#3912,.F.);
#7822=ORIENTED_EDGE('',*,*,#7821,.T.);
#7823=EDGE_LOOP('',(#7818,#7819,#7820,#7822));
#7824=FACE_OUTER_BOUND('',#7823,.F.);
#7825=ADVANCED_FACE('',(#7824),#7817,.F.);
#7826=CARTESIAN_POINT('',(3.193E1,-3.42E0,5.335E0));
#7827=DIRECTION('',(1.E0,0.E0,0.E0));
#7828=DIRECTION('',(0.E0,-1.E0,0.E0));
#7829=AXIS2_PLACEMENT_3D('',#7826,#7827,#7828);
#7830=PLANE('',#7829);
#7831=ORIENTED_EDGE('',*,*,#7136,.F.);
#7832=ORIENTED_EDGE('',*,*,#7821,.F.);
#7833=ORIENTED_EDGE('',*,*,#3910,.F.);
#7835=ORIENTED_EDGE('',*,*,#7834,.F.);
#7836=EDGE_LOOP('',(#7831,#7832,#7833,#7835));
#7837=FACE_OUTER_BOUND('',#7836,.F.);
#7838=ADVANCED_FACE('',(#7837),#7830,.T.);
#7839=CARTESIAN_POINT('',(3.1955E1,-3.42E0,5.395E0));
#7840=DIRECTION('',(-7.071067811865E-1,0.E0,7.071067811866E-1));
#7841=DIRECTION('',(-7.071067811866E-1,0.E0,-7.071067811865E-1));
#7842=AXIS2_PLACEMENT_3D('',#7839,#7840,#7841);
#7843=PLANE('',#7842);
#7844=ORIENTED_EDGE('',*,*,#3908,.T.);
#7846=ORIENTED_EDGE('',*,*,#7845,.T.);
#7847=ORIENTED_EDGE('',*,*,#7138,.T.);
#7848=ORIENTED_EDGE('',*,*,#7834,.T.);
#7849=EDGE_LOOP('',(#7844,#7846,#7847,#7848));
#7850=FACE_OUTER_BOUND('',#7849,.F.);
#7851=ADVANCED_FACE('',(#7850),#7843,.F.);
#7852=CARTESIAN_POINT('',(3.2155E1,-3.42E0,5.42E0));
#7853=DIRECTION('',(0.E0,0.E0,1.E0));
#7854=DIRECTION('',(-1.E0,0.E0,0.E0));
#7855=AXIS2_PLACEMENT_3D('',#7852,#7853,#7854);
#7856=PLANE('',#7855);
#7857=ORIENTED_EDGE('',*,*,#3906,.F.);
#7859=ORIENTED_EDGE('',*,*,#7858,.F.);
#7860=ORIENTED_EDGE('',*,*,#7140,.F.);
#7861=ORIENTED_EDGE('',*,*,#7845,.F.);
#7862=EDGE_LOOP('',(#7857,#7859,#7860,#7861));
#7863=FACE_OUTER_BOUND('',#7862,.F.);
#7864=ADVANCED_FACE('',(#7863),#7856,.F.);
#7865=CARTESIAN_POINT('',(3.233E1,-3.42E0,5.25E0));
#7866=DIRECTION('',(1.E0,0.E0,0.E0));
#7867=DIRECTION('',(0.E0,1.E0,0.E0));
#7868=AXIS2_PLACEMENT_3D('',#7865,#7866,#7867);
#7869=PLANE('',#7868);
#7870=ORIENTED_EDGE('',*,*,#7142,.F.);
#7871=ORIENTED_EDGE('',*,*,#7858,.T.);
#7872=ORIENTED_EDGE('',*,*,#3904,.F.);
#7874=ORIENTED_EDGE('',*,*,#7873,.T.);
#7875=EDGE_LOOP('',(#7870,#7871,#7872,#7874));
#7876=FACE_OUTER_BOUND('',#7875,.F.);
#7877=ADVANCED_FACE('',(#7876),#7869,.F.);
#7878=CARTESIAN_POINT('',(3.244E1,-3.42E0,5.08E0));
#7879=DIRECTION('',(0.E0,0.E0,1.E0));
#7880=DIRECTION('',(-1.E0,0.E0,0.E0));
#7881=AXIS2_PLACEMENT_3D('',#7878,#7879,#7880);
#7882=PLANE('',#7881);
#7883=ORIENTED_EDGE('',*,*,#7873,.F.);
#7884=ORIENTED_EDGE('',*,*,#3902,.F.);
#7886=ORIENTED_EDGE('',*,*,#7885,.T.);
#7887=ORIENTED_EDGE('',*,*,#7144,.F.);
#7888=EDGE_LOOP('',(#7883,#7884,#7886,#7887));
#7889=FACE_OUTER_BOUND('',#7888,.F.);
#7890=ADVANCED_FACE('',(#7889),#7882,.F.);
#7891=CARTESIAN_POINT('',(3.255E1,-3.42E0,4.885E0));
#7892=DIRECTION('',(1.E0,0.E0,0.E0));
#7893=DIRECTION('',(0.E0,1.E0,0.E0));
#7894=AXIS2_PLACEMENT_3D('',#7891,#7892,#7893);
#7895=PLANE('',#7894);
#7897=ORIENTED_EDGE('',*,*,#7896,.T.);
#7898=ORIENTED_EDGE('',*,*,#7146,.F.);
#7899=ORIENTED_EDGE('',*,*,#7885,.F.);
#7900=ORIENTED_EDGE('',*,*,#3900,.F.);
#7901=EDGE_LOOP('',(#7897,#7898,#7899,#7900));
#7902=FACE_OUTER_BOUND('',#7901,.F.);
#7903=ADVANCED_FACE('',(#7902),#7895,.F.);
#7904=CARTESIAN_POINT('',(3.244E1,-3.42E0,4.69E0));
#7905=DIRECTION('',(0.E0,0.E0,1.E0));
#7906=DIRECTION('',(1.E0,0.E0,0.E0));
#7907=AXIS2_PLACEMENT_3D('',#7904,#7905,#7906);
#7908=PLANE('',#7907);
#7909=ORIENTED_EDGE('',*,*,#7896,.F.);
#7910=ORIENTED_EDGE('',*,*,#3898,.F.);
#7912=ORIENTED_EDGE('',*,*,#7911,.T.);
#7913=ORIENTED_EDGE('',*,*,#7148,.F.);
#7914=EDGE_LOOP('',(#7909,#7910,#7912,#7913));
#7915=FACE_OUTER_BOUND('',#7914,.F.);
#7916=ADVANCED_FACE('',(#7915),#7908,.T.);
#7917=CARTESIAN_POINT('',(3.233E1,-3.42E0,4.4E0));
#7918=DIRECTION('',(1.E0,0.E0,0.E0));
#7919=DIRECTION('',(0.E0,1.E0,0.E0));
#7920=AXIS2_PLACEMENT_3D('',#7917,#7918,#7919);
#7921=PLANE('',#7920);
#7922=ORIENTED_EDGE('',*,*,#3896,.F.);
#7924=ORIENTED_EDGE('',*,*,#7923,.T.);
#7925=ORIENTED_EDGE('',*,*,#7150,.F.);
#7926=ORIENTED_EDGE('',*,*,#7911,.F.);
#7927=EDGE_LOOP('',(#7922,#7924,#7925,#7926));
#7928=FACE_OUTER_BOUND('',#7927,.F.);
#7929=ADVANCED_FACE('',(#7928),#7921,.F.);
#7930=CARTESIAN_POINT('',(3.1865E1,-3.42E0,4.11E0));
#7931=DIRECTION('',(0.E0,0.E0,1.E0));
#7932=DIRECTION('',(1.E0,0.E0,0.E0));
#7933=AXIS2_PLACEMENT_3D('',#7930,#7931,#7932);
#7934=PLANE('',#7933);
#7935=ORIENTED_EDGE('',*,*,#7152,.F.);
#7936=ORIENTED_EDGE('',*,*,#7923,.F.);
#7937=ORIENTED_EDGE('',*,*,#3894,.F.);
#7938=ORIENTED_EDGE('',*,*,#7026,.F.);
#7939=EDGE_LOOP('',(#7935,#7936,#7937,#7938));
#7940=FACE_OUTER_BOUND('',#7939,.F.);
#7941=ADVANCED_FACE('',(#7940),#7934,.T.);
#7945=DIMENSIONAL_EXPONENTS(0.E0,0.E0,0.E0,0.E0,0.E0,0.E0,0.E0);
#7947=PLANE_ANGLE_MEASURE_WITH_UNIT(PLANE_ANGLE_MEASURE(1.745329251994E-2),
#7946);
#7948=(CONVERSION_BASED_UNIT('DEGREE',#7947)NAMED_UNIT(*)PLANE_ANGLE_UNIT());
#7950=UNCERTAINTY_MEASURE_WITH_UNIT(LENGTH_MEASURE(1.224595452417E-3),#7944,
'closure',
'Maximum model space distance between geometric entities at asserted connectivities');
#7951=(GEOMETRIC_REPRESENTATION_CONTEXT(3)GLOBAL_UNCERTAINTY_ASSIGNED_CONTEXT((
#7950))GLOBAL_UNIT_ASSIGNED_CONTEXT((#7944,#7948,#7949))REPRESENTATION_CONTEXT(
'ID1','3'));
#7952=CARTESIAN_POINT('',(0.E0,0.E0,0.E0));
#7953=DIRECTION('',(0.E0,0.E0,1.E0));
#7954=DIRECTION('',(1.E0,0.E0,0.E0));
#7957=APPLICATION_CONTEXT(
'CONFIGURATION CONTROLLED 3D DESIGNS OF MECHANICAL PARTS AND ASSEMBLIES');
#7958=APPLICATION_PROTOCOL_DEFINITION('international standard',
'config_control_design',1994,#7957);
#7959=DESIGN_CONTEXT('',#7957,'design');
#7960=MECHANICAL_CONTEXT('',#7957,'mechanical');
#7961=PRODUCT('DF52-12S-0_8H_1','DF52-12S-0_8H_1','NOT SPECIFIED',(#7960));
#7962=PRODUCT_DEFINITION_FORMATION_WITH_SPECIFIED_SOURCE('1','LAST_VERSION',
#7961,.MADE.);
#7971=CARTESIAN_POINT('',(-4.E0,0.E0,0.E0));
#7972=DIRECTION('',(0.E0,0.E0,1.E0));
#7973=DIRECTION('',(1.E0,0.E0,0.E0));
#7974=AXIS2_PLACEMENT_3D('',#7971,#7972,#7973);
#7975=ITEM_DEFINED_TRANSFORMATION('','',#7955,#7974);
#7976=CARTESIAN_POINT('',(0.E0,0.E0,0.E0));
#7977=DIRECTION('',(0.E0,0.E0,1.E0));
#7978=DIRECTION('',(1.E0,0.E0,0.E0));
#7980=(REPRESENTATION_RELATIONSHIP('','',#7956,#7968)REPRESENTATION_RELATIONSHIP_WITH_TRANSFORMATION(#7975)SHAPE_REPRESENTATION_RELATIONSHIP());
#7981=CONTEXT_DEPENDENT_SHAPE_REPRESENTATION(#7980,#7970);
#7983=DIMENSIONAL_EXPONENTS(0.E0,0.E0,0.E0,0.E0,0.E0,0.E0,0.E0);
#7985=PLANE_ANGLE_MEASURE_WITH_UNIT(PLANE_ANGLE_MEASURE(1.745329251994E-2),
#7984);
#7986=(CONVERSION_BASED_UNIT('DEGREE',#7985)NAMED_UNIT(*)PLANE_ANGLE_UNIT());
#7988=UNCERTAINTY_MEASURE_WITH_UNIT(LENGTH_MEASURE(1.224595452417E-3),#7982,
'closure',
'Maximum model space distance between geometric entities at asserted connectivities');
#7989=(GEOMETRIC_REPRESENTATION_CONTEXT(3)GLOBAL_UNCERTAINTY_ASSIGNED_CONTEXT((
#7988))GLOBAL_UNIT_ASSIGNED_CONTEXT((#7982,#7986,#7987))REPRESENTATION_CONTEXT(
'ID2','3'));
#7990=CARTESIAN_POINT('',(0.E0,0.E0,0.E0));
#7991=DIRECTION('',(0.E0,0.E0,1.E0));
#7992=DIRECTION('',(1.E0,0.E0,0.E0));
#7994=MECHANICAL_CONTEXT('',#7957,'mechanical');
#7995=PRODUCT('ASSEMBLY-1_ASM','ASSEMBLY-1_ASM','NOT SPECIFIED',(#7994));
#7996=PRODUCT_DEFINITION_FORMATION_WITH_SPECIFIED_SOURCE('1','LAST_VERSION',
#7995,.MADE.);
#8003=CARTESIAN_POINT('',(0.E0,0.E0,0.E0));
#8004=DIRECTION('',(0.E0,0.E0,1.E0));
#8005=DIRECTION('',(1.E0,0.E0,0.E0));
#8006=AXIS2_PLACEMENT_3D('',#8003,#8004,#8005);
#8007=ITEM_DEFINED_TRANSFORMATION('','',#7979,#8006);
#8008=(REPRESENTATION_RELATIONSHIP('','',#7968,#8000)REPRESENTATION_RELATIONSHIP_WITH_TRANSFORMATION(#8007)SHAPE_REPRESENTATION_RELATIONSHIP());
#8009=CONTEXT_DEPENDENT_SHAPE_REPRESENTATION(#8008,#8002);
#8011=DIMENSIONAL_EXPONENTS(0.E0,0.E0,0.E0,0.E0,0.E0,0.E0,0.E0);
#8013=PLANE_ANGLE_MEASURE_WITH_UNIT(PLANE_ANGLE_MEASURE(1.745329251994E-2),
#8012);
#8014=(CONVERSION_BASED_UNIT('DEGREE',#8013)NAMED_UNIT(*)PLANE_ANGLE_UNIT());
#8016=UNCERTAINTY_MEASURE_WITH_UNIT(LENGTH_MEASURE(1.224595452417E-3),#8010,
'closure',
'Maximum model space distance between geometric entities at asserted connectivities');
#8017=(GEOMETRIC_REPRESENTATION_CONTEXT(3)GLOBAL_UNCERTAINTY_ASSIGNED_CONTEXT((
#8016))GLOBAL_UNIT_ASSIGNED_CONTEXT((#8010,#8014,#8015))REPRESENTATION_CONTEXT(
'ID3','3'));
#8018=CARTESIAN_POINT('',(0.E0,0.E0,0.E0));
#8019=DIRECTION('',(0.E0,0.E0,1.E0));
#8020=DIRECTION('',(1.E0,0.E0,0.E0));
#8022=DESIGN_CONTEXT('',#7957,'design');
#8023=MECHANICAL_CONTEXT('',#7957,'mechanical');
#8024=PRODUCT('DF52-12S-0_8H_ASM','DF52-12S-0_8H_ASM','NOT SPECIFIED',(#8023));
#8025=PRODUCT_DEFINITION_FORMATION_WITH_SPECIFIED_SOURCE('1','LAST_VERSION',
#8024,.MADE.);
#8027=PRODUCT_CATEGORY('part','');
#8028=PRODUCT_RELATED_PRODUCT_CATEGORY('assembly','',(#7995,#8024));
#8029=PRODUCT_CATEGORY_RELATIONSHIP('','',#8027,#8028);
#8030=PRODUCT_CATEGORY('part','');
#8031=PRODUCT_RELATED_PRODUCT_CATEGORY('detail','',(#7961));
#8032=PRODUCT_CATEGORY_RELATIONSHIP('','',#8030,#8031);
#8033=SECURITY_CLASSIFICATION_LEVEL('unclassified');
#8034=SECURITY_CLASSIFICATION('','',#8033);
#8035=CC_DESIGN_SECURITY_CLASSIFICATION(#8034,(#7962,#7996,#8025,#7969,#8001));
#8036=APPROVAL_STATUS('approved');
#8037=APPROVAL(#8036,'');
#8038=CC_DESIGN_APPROVAL(#8037,(#8034,#7962,#7996,#8025,#7963,#7997,#8026));
#8039=CALENDAR_DATE(124,20,8);
#8040=COORDINATED_UNIVERSAL_TIME_OFFSET(8,0,.AHEAD.);
#8041=LOCAL_TIME(20,46,2.4E1,#8040);
#8042=DATE_AND_TIME(#8039,#8041);
#8043=APPROVAL_DATE_TIME(#8042,#8037);
#8044=DATE_TIME_ROLE('creation_date');
#8045=CC_DESIGN_DATE_AND_TIME_ASSIGNMENT(#8042,#8044,(#7963,#7997,#8026));
#8046=DATE_TIME_ROLE('classification_date');
#8047=CC_DESIGN_DATE_AND_TIME_ASSIGNMENT(#8042,#8046,(#8034));
#8048=PERSON('UNSPECIFIED','UNSPECIFIED',$,$,$,$);
#8049=ORGANIZATION('UNSPECIFIED','UNSPECIFIED','UNSPECIFIED');
#8050=PERSON_AND_ORGANIZATION(#8048,#8049);
#8051=APPROVAL_ROLE('approver');
#8052=APPROVAL_PERSON_ORGANIZATION(#8050,#8037,#8051);
#8053=PERSON_AND_ORGANIZATION_ROLE('creator');
#8054=CC_DESIGN_PERSON_AND_ORGANIZATION_ASSIGNMENT(#8050,#8053,(#7962,#7996,
#8025,#7963,#7997,#8026));
#8055=PERSON_AND_ORGANIZATION_ROLE('design_supplier');
#8056=CC_DESIGN_PERSON_AND_ORGANIZATION_ASSIGNMENT(#8050,#8055,(#7962,#7996,
#8025));
#8057=PERSON_AND_ORGANIZATION_ROLE('classification_officer');
#8058=CC_DESIGN_PERSON_AND_ORGANIZATION_ASSIGNMENT(#8050,#8057,(#8034));
#8059=PERSON_AND_ORGANIZATION_ROLE('design_owner');
#8060=CC_DESIGN_PERSON_AND_ORGANIZATION_ASSIGNMENT(#8050,#8059,(#7995,#8024,
#7961));
#597=CIRCLE('',#596,5.E-2);
#614=CIRCLE('',#613,4.999999999999E-2);
#655=CIRCLE('',#654,5.E-2);
#872=CIRCLE('',#871,5.E-2);
#901=CIRCLE('',#900,5.E-2);
#970=CIRCLE('',#969,4.999999999999E-2);
#1027=CIRCLE('',#1026,5.E-2);
#1072=CIRCLE('',#1071,5.E-2);
#1105=CIRCLE('',#1104,5.E-2);
#1146=CIRCLE('',#1145,5.E-2);
#1175=CIRCLE('',#1174,5.E-2);
#1212=CIRCLE('',#1211,5.E-2);
#1237=CIRCLE('',#1236,5.E-2);
#1270=CIRCLE('',#1269,5.E-2);
#1295=CIRCLE('',#1294,5.E-2);
#1332=CIRCLE('',#1331,5.E-2);
#1357=CIRCLE('',#1356,5.E-2);
#1394=CIRCLE('',#1393,5.E-2);
#1407=CIRCLE('',#1406,5.E-2);
#1444=CIRCLE('',#1443,5.E-2);
#1469=CIRCLE('',#1468,5.E-2);
#1506=CIRCLE('',#1505,5.E-2);
#1531=CIRCLE('',#1530,5.E-2);
#1568=CIRCLE('',#1567,5.E-2);
#1593=CIRCLE('',#1592,5.E-2);
#1630=CIRCLE('',#1629,5.E-2);
#1655=CIRCLE('',#1654,5.E-2);
#1688=CIRCLE('',#1687,5.E-2);
#3858=EDGE_CURVE('',#2899,#2900,#32,.T.);
#3860=EDGE_CURVE('',#2900,#2904,#2784,.T.);
#3862=EDGE_CURVE('',#2904,#2902,#2508,.T.);
#3864=EDGE_CURVE('',#2902,#2899,#2780,.T.);
#3874=EDGE_CURVE('',#2924,#2922,#4,.T.);
#3876=EDGE_CURVE('',#3078,#2924,#8,.T.);
#3878=EDGE_CURVE('',#3092,#3078,#12,.T.);
#3880=EDGE_CURVE('',#3392,#3092,#16,.T.);
#3882=EDGE_CURVE('',#3392,#3516,#416,.T.);
#3884=EDGE_CURVE('',#3516,#3302,#440,.T.);
#3886=EDGE_CURVE('',#3304,#3302,#20,.T.);
#3888=EDGE_CURVE('',#3304,#2922,#368,.T.);
#3892=EDGE_CURVE('',#3519,#3520,#2320,.T.);
#3894=EDGE_CURVE('',#3520,#3554,#2892,.T.);
#3896=EDGE_CURVE('',#3554,#3552,#2872,.T.);
#3898=EDGE_CURVE('',#3552,#3550,#2864,.T.);
#3900=EDGE_CURVE('',#3550,#3548,#2856,.T.);
#3902=EDGE_CURVE('',#3548,#3546,#2840,.T.);
#3904=EDGE_CURVE('',#3546,#3544,#2832,.T.);
#3906=EDGE_CURVE('',#3544,#3542,#2812,.T.);
#3908=EDGE_CURVE('',#3540,#3542,#24,.T.);
#3910=EDGE_CURVE('',#3540,#3538,#2804,.T.);
#3912=EDGE_CURVE('',#3538,#3012,#2792,.T.);
#3914=EDGE_CURVE('',#2900,#3012,#28,.T.);
#3917=EDGE_CURVE('',#3014,#2899,#36,.T.);
#3919=EDGE_CURVE('',#3068,#3014,#40,.T.);
#3921=EDGE_CURVE('',#2982,#3068,#44,.T.);
#3923=EDGE_CURVE('',#2978,#2982,#48,.T.);
#3925=EDGE_CURVE('',#3062,#2978,#52,.T.);
#3927=EDGE_CURVE('',#3024,#3062,#56,.T.);
#3929=EDGE_CURVE('',#3026,#3024,#60,.T.);
#3931=EDGE_CURVE('',#3032,#3026,#64,.T.);
#3933=EDGE_CURVE('',#3034,#3032,#68,.T.);
#3935=EDGE_CURVE('',#3090,#3034,#72,.T.);
#3937=EDGE_CURVE('',#3106,#3090,#76,.T.);
#3939=EDGE_CURVE('',#2954,#3106,#80,.T.);
#3941=EDGE_CURVE('',#2956,#2954,#84,.T.);
#3943=EDGE_CURVE('',#3148,#2956,#88,.T.);
#3945=EDGE_CURVE('',#3058,#3148,#92,.T.);
#3947=EDGE_CURVE('',#3054,#3058,#96,.T.);
#3949=EDGE_CURVE('',#3264,#3054,#100,.T.);
#3951=EDGE_CURVE('',#3174,#3264,#104,.T.);
#3953=EDGE_CURVE('',#3144,#3174,#108,.T.);
#3955=EDGE_CURVE('',#3140,#3144,#112,.T.);
#3957=EDGE_CURVE('',#3050,#3140,#116,.T.);
#3959=EDGE_CURVE('',#3046,#3050,#120,.T.);
#3961=EDGE_CURVE('',#3238,#3046,#124,.T.);
#3963=EDGE_CURVE('',#3268,#3238,#128,.T.);
#3965=EDGE_CURVE('',#3326,#3268,#132,.T.);
#3967=EDGE_CURVE('',#3374,#3326,#136,.T.);
#3969=EDGE_CURVE('',#3386,#3374,#140,.T.);
#3971=EDGE_CURVE('',#3322,#3386,#144,.T.);
#3973=EDGE_CURVE('',#3086,#3322,#148,.T.);
#3975=EDGE_CURVE('',#3082,#3086,#152,.T.);
#3977=EDGE_CURVE('',#3442,#3082,#156,.T.);
#3979=EDGE_CURVE('',#3506,#3442,#160,.T.);
#3981=EDGE_CURVE('',#3458,#3506,#164,.T.);
#3983=EDGE_CURVE('',#3454,#3458,#168,.T.);
#3985=EDGE_CURVE('',#3454,#3536,#2640,.T.);
#3987=EDGE_CURVE('',#3536,#3380,#2632,.T.);
#3989=EDGE_CURVE('',#3382,#3380,#172,.T.);
#3991=EDGE_CURVE('',#3382,#3448,#2620,.T.);
#3993=EDGE_CURVE('',#3450,#3448,#176,.T.);
#3995=EDGE_CURVE('',#3450,#3534,#2608,.T.);
#3997=EDGE_CURVE('',#3534,#3532,#2600,.T.);
#3999=EDGE_CURVE('',#3532,#3530,#2592,.T.);
#4001=EDGE_CURVE('',#3530,#3528,#2584,.T.);
#4003=EDGE_CURVE('',#3528,#3354,#2576,.T.);
#4005=EDGE_CURVE('',#3356,#3354,#180,.T.);
#4007=EDGE_CURVE('',#3356,#3526,#2524,.T.);
#4009=EDGE_CURVE('',#3526,#3524,#2540,.T.);
#4011=EDGE_CURVE('',#3524,#3522,#2552,.T.);
#4013=EDGE_CURVE('',#3522,#3519,#2568,.T.);
#4023=EDGE_CURVE('',#2912,#2910,#184,.T.);
#4025=EDGE_CURVE('',#2912,#2930,#2228,.T.);
#4027=EDGE_CURVE('',#2928,#2930,#188,.T.);
#4029=EDGE_CURVE('',#2928,#2926,#2212,.T.);
#4031=EDGE_CURVE('',#2926,#2924,#2204,.T.);
#4034=EDGE_CURVE('',#2922,#2910,#364,.T.);
#4044=EDGE_CURVE('',#2907,#2908,#212,.T.);
#4046=EDGE_CURVE('',#2908,#2912,#2224,.T.);
#4049=EDGE_CURVE('',#2910,#2907,#360,.T.);
#4059=EDGE_CURVE('',#3037,#3038,#192,.T.);
#4061=EDGE_CURVE('',#3037,#3092,#564,.T.);
#4064=EDGE_CURVE('',#2998,#3078,#196,.T.);
#4066=EDGE_CURVE('',#3000,#2998,#200,.T.);
#4068=EDGE_CURVE('',#2940,#3000,#204,.T.);
#4070=EDGE_CURVE('',#2908,#2940,#208,.T.);
#4073=EDGE_CURVE('',#2907,#3038,#356,.T.);
#4084=EDGE_CURVE('',#3038,#3042,#352,.T.);
#4086=EDGE_CURVE('',#3042,#3040,#592,.T.);
#4088=EDGE_CURVE('',#3040,#3037,#568,.T.);
#4098=EDGE_CURVE('',#3627,#3628,#376,.T.);
#4100=EDGE_CURVE('',#3628,#3660,#965,.T.);
#4102=EDGE_CURVE('',#3660,#3658,#905,.T.);
#4104=EDGE_CURVE('',#3658,#3656,#961,.T.);
#4106=EDGE_CURVE('',#3656,#3654,#867,.T.);
#4108=EDGE_CURVE('',#3654,#3652,#847,.T.);
#4110=EDGE_CURVE('',#3652,#3650,#1031,.T.);
#4112=EDGE_CURVE('',#3650,#3648,#2136,.T.);
#4114=EDGE_CURVE('',#3648,#3646,#1067,.T.);
#4116=EDGE_CURVE('',#3646,#3644,#1092,.T.);
#4118=EDGE_CURVE('',#3644,#3642,#1109,.T.);
#4120=EDGE_CURVE('',#3642,#3640,#2092,.T.);
#4122=EDGE_CURVE('',#3640,#3638,#1141,.T.);
#4124=EDGE_CURVE('',#3638,#3610,#1162,.T.);
#4126=EDGE_CURVE('',#3612,#3610,#216,.T.);
#4128=EDGE_CURVE('',#3612,#3636,#2048,.T.);
#4130=EDGE_CURVE('',#3636,#3634,#1207,.T.);
#4132=EDGE_CURVE('',#3634,#3566,#2040,.T.);
#4134=EDGE_CURVE('',#3568,#3566,#220,.T.);
#4136=EDGE_CURVE('',#3594,#3568,#224,.T.);
#4138=EDGE_CURVE('',#3596,#3594,#228,.T.);
#4140=EDGE_CURVE('',#3466,#3596,#232,.T.);
#4142=EDGE_CURVE('',#3468,#3466,#236,.T.);
#4144=EDGE_CURVE('',#3500,#3468,#240,.T.);
#4146=EDGE_CURVE('',#3502,#3500,#244,.T.);
#4148=EDGE_CURVE('',#3402,#3502,#248,.T.);
#4150=EDGE_CURVE('',#3404,#3402,#252,.T.);
#4152=EDGE_CURVE('',#3428,#3404,#256,.T.);
#4154=EDGE_CURVE('',#3430,#3428,#260,.T.);
#4156=EDGE_CURVE('',#3334,#3430,#264,.T.);
#4158=EDGE_CURVE('',#3336,#3334,#268,.T.);
#4160=EDGE_CURVE('',#3368,#3336,#272,.T.);
#4162=EDGE_CURVE('',#3370,#3368,#276,.T.);
#4164=EDGE_CURVE('',#3276,#3370,#280,.T.);
#4166=EDGE_CURVE('',#3278,#3276,#284,.T.);
#4168=EDGE_CURVE('',#3316,#3278,#288,.T.);
#4170=EDGE_CURVE('',#3318,#3316,#292,.T.);
#4172=EDGE_CURVE('',#3220,#3318,#296,.T.);
#4174=EDGE_CURVE('',#3222,#3220,#300,.T.);
#4176=EDGE_CURVE('',#3250,#3222,#304,.T.);
#4178=EDGE_CURVE('',#3252,#3250,#308,.T.);
#4180=EDGE_CURVE('',#3156,#3252,#312,.T.);
#4182=EDGE_CURVE('',#3158,#3156,#316,.T.);
#4184=EDGE_CURVE('',#3186,#3158,#320,.T.);
#4186=EDGE_CURVE('',#3188,#3186,#324,.T.);
#4188=EDGE_CURVE('',#3126,#3188,#328,.T.);
#4190=EDGE_CURVE('',#3128,#3126,#332,.T.);
#4192=EDGE_CURVE('',#3116,#3128,#336,.T.);
#4194=EDGE_CURVE('',#2962,#3116,#340,.T.);
#4196=EDGE_CURVE('',#2964,#2962,#344,.T.);
#4198=EDGE_CURVE('',#3042,#2964,#348,.T.);
#4205=EDGE_CURVE('',#3294,#3304,#372,.T.);
#4207=EDGE_CURVE('',#3294,#3632,#428,.T.);
#4209=EDGE_CURVE('',#3632,#3630,#404,.T.);
#4211=EDGE_CURVE('',#3630,#3627,#396,.T.);
#4222=EDGE_CURVE('',#3627,#3390,#392,.T.);
#4224=EDGE_CURVE('',#3389,#3390,#380,.T.);
#4226=EDGE_CURVE('',#3389,#3686,#618,.T.);
#4228=EDGE_CURVE('',#3686,#3684,#1006,.T.);
#4230=EDGE_CURVE('',#3628,#3684,#384,.T.);
#4240=EDGE_CURVE('',#3630,#3394,#400,.T.);
#4242=EDGE_CURVE('',#3390,#3394,#388,.T.);
#4256=EDGE_CURVE('',#3632,#3774,#424,.T.);
#4258=EDGE_CURVE('',#3774,#3772,#492,.T.);
#4260=EDGE_CURVE('',#3734,#3772,#408,.T.);
#4262=EDGE_CURVE('',#3736,#3734,#412,.T.);
#4264=EDGE_CURVE('',#3736,#3516,#444,.T.);
#4267=EDGE_CURVE('',#3394,#3392,#420,.T.);
#4279=EDGE_CURVE('',#3293,#3294,#432,.T.);
#4281=EDGE_CURVE('',#3293,#3774,#464,.T.);
#4294=EDGE_CURVE('',#3302,#3300,#452,.T.);
#4296=EDGE_CURVE('',#3300,#3298,#456,.T.);
#4298=EDGE_CURVE('',#3296,#3298,#436,.T.);
#4300=EDGE_CURVE('',#3296,#3293,#468,.T.);
#4312=EDGE_CURVE('',#3300,#3736,#448,.T.);
#4326=EDGE_CURVE('',#3734,#3732,#460,.T.);
#4328=EDGE_CURVE('',#3732,#3730,#544,.T.);
#4330=EDGE_CURVE('',#3730,#3728,#524,.T.);
#4332=EDGE_CURVE('',#3728,#3726,#500,.T.);
#4334=EDGE_CURVE('',#3726,#3298,#496,.T.);
#4346=EDGE_CURVE('',#3772,#3826,#488,.T.);
#4348=EDGE_CURVE('',#3826,#3732,#528,.T.);
#4360=EDGE_CURVE('',#3766,#3296,#472,.T.);
#4362=EDGE_CURVE('',#3768,#3766,#476,.T.);
#4364=EDGE_CURVE('',#3828,#3768,#480,.T.);
#4366=EDGE_CURVE('',#3826,#3828,#484,.T.);
#4379=EDGE_CURVE('',#3726,#3766,#508,.T.);
#4392=EDGE_CURVE('',#3728,#3509,#520,.T.);
#4394=EDGE_CURVE('',#3512,#3509,#504,.T.);
#4396=EDGE_CURVE('',#3512,#3770,#556,.T.);
#4398=EDGE_CURVE('',#3770,#3768,#548,.T.);
#4410=EDGE_CURVE('',#3510,#3730,#512,.T.);
#4412=EDGE_CURVE('',#3509,#3510,#516,.T.);
#4426=EDGE_CURVE('',#3822,#3828,#532,.T.);
#4428=EDGE_CURVE('',#3514,#3822,#536,.T.);
#4430=EDGE_CURVE('',#3510,#3514,#540,.T.);
#4443=EDGE_CURVE('',#3822,#3770,#552,.T.);
#4458=EDGE_CURVE('',#3514,#3512,#560,.T.);
#4486=EDGE_CURVE('',#3060,#3040,#572,.T.);
#4488=EDGE_CURVE('',#3060,#2992,#638,.T.);
#4490=EDGE_CURVE('',#2991,#2992,#576,.T.);
#4492=EDGE_CURVE('',#3018,#2991,#580,.T.);
#4494=EDGE_CURVE('',#3018,#3389,#622,.T.);
#4505=EDGE_CURVE('',#2943,#2964,#584,.T.);
#4507=EDGE_CURVE('',#2946,#2943,#588,.T.);
#4509=EDGE_CURVE('',#2946,#3060,#642,.T.);
#4521=EDGE_CURVE('',#2959,#2960,#609,.T.);
#4523=EDGE_CURVE('',#2966,#2960,#597,.T.);
#4525=EDGE_CURVE('',#2966,#2944,#2192,.T.);
#4527=EDGE_CURVE('',#2943,#2944,#601,.T.);
#4531=EDGE_CURVE('',#2962,#2959,#1683,.T.);
#4541=EDGE_CURVE('',#3102,#2995,#659,.T.);
#4543=EDGE_CURVE('',#2960,#2995,#605,.T.);
#4546=EDGE_CURVE('',#2959,#3102,#1679,.T.);
#4556=EDGE_CURVE('',#3782,#3798,#831,.T.);
#4558=EDGE_CURVE('',#3798,#3810,#855,.T.);
#4560=EDGE_CURVE('',#3810,#3808,#1018,.T.);
#4562=EDGE_CURVE('',#3808,#3806,#913,.T.);
#4564=EDGE_CURVE('',#3806,#3804,#974,.T.);
#4566=EDGE_CURVE('',#3802,#3804,#614,.T.);
#4568=EDGE_CURVE('',#3802,#3800,#998,.T.);
#4570=EDGE_CURVE('',#3800,#3686,#1010,.T.);
#4574=EDGE_CURVE('',#2986,#3018,#626,.T.);
#4576=EDGE_CURVE('',#2985,#2986,#630,.T.);
#4578=EDGE_CURVE('',#2992,#2985,#634,.T.);
#4582=EDGE_CURVE('',#2948,#2946,#646,.T.);
#4584=EDGE_CURVE('',#2996,#2948,#650,.T.);
#4586=EDGE_CURVE('',#2995,#2996,#655,.T.);
#4589=EDGE_CURVE('',#3118,#3102,#663,.T.);
#4591=EDGE_CURVE('',#3124,#3118,#667,.T.);
#4593=EDGE_CURVE('',#3076,#3124,#671,.T.);
#4595=EDGE_CURVE('',#3072,#3076,#675,.T.);
#4597=EDGE_CURVE('',#3170,#3072,#679,.T.);
#4599=EDGE_CURVE('',#3154,#3170,#683,.T.);
#4601=EDGE_CURVE('',#2972,#3154,#687,.T.);
#4603=EDGE_CURVE('',#2974,#2972,#691,.T.);
#4605=EDGE_CURVE('',#3234,#2974,#695,.T.);
#4607=EDGE_CURVE('',#3218,#3234,#699,.T.);
#4609=EDGE_CURVE('',#3194,#3218,#703,.T.);
#4611=EDGE_CURVE('',#3196,#3194,#707,.T.);
#4613=EDGE_CURVE('',#3290,#3196,#711,.T.);
#4615=EDGE_CURVE('',#3274,#3290,#715,.T.);
#4617=EDGE_CURVE('',#3210,#3274,#719,.T.);
#4619=EDGE_CURVE('',#3212,#3210,#723,.T.);
#4621=EDGE_CURVE('',#3348,#3212,#727,.T.);
#4623=EDGE_CURVE('',#3332,#3348,#731,.T.);
#4625=EDGE_CURVE('',#3199,#3332,#735,.T.);
#4627=EDGE_CURVE('',#3202,#3199,#739,.T.);
#4629=EDGE_CURVE('',#3416,#3202,#743,.T.);
#4631=EDGE_CURVE('',#3400,#3416,#747,.T.);
#4633=EDGE_CURVE('',#3258,#3400,#751,.T.);
#4635=EDGE_CURVE('',#3260,#3258,#755,.T.);
#4637=EDGE_CURVE('',#3480,#3260,#759,.T.);
#4639=EDGE_CURVE('',#3464,#3480,#763,.T.);
#4641=EDGE_CURVE('',#3436,#3464,#767,.T.);
#4643=EDGE_CURVE('',#3438,#3436,#771,.T.);
#4645=EDGE_CURVE('',#3580,#3438,#775,.T.);
#4647=EDGE_CURVE('',#3560,#3580,#779,.T.);
#4649=EDGE_CURVE('',#3562,#3560,#783,.T.);
#4651=EDGE_CURVE('',#3674,#3562,#787,.T.);
#4653=EDGE_CURVE('',#3624,#3674,#791,.T.);
#4655=EDGE_CURVE('',#3608,#3624,#795,.T.);
#4657=EDGE_CURVE('',#3486,#3608,#799,.T.);
#4659=EDGE_CURVE('',#3488,#3486,#803,.T.);
#4661=EDGE_CURVE('',#3708,#3488,#807,.T.);
#4663=EDGE_CURVE('',#3692,#3708,#811,.T.);
#4665=EDGE_CURVE('',#3694,#3692,#815,.T.);
#4667=EDGE_CURVE('',#3724,#3694,#819,.T.);
#4669=EDGE_CURVE('',#3724,#3796,#1059,.T.);
#4671=EDGE_CURVE('',#3780,#3796,#823,.T.);
#4673=EDGE_CURVE('',#3782,#3780,#827,.T.);
#4683=EDGE_CURVE('',#3784,#3824,#839,.T.);
#4685=EDGE_CURVE('',#3824,#3798,#859,.T.);
#4688=EDGE_CURVE('',#3784,#3782,#835,.T.);
#4698=EDGE_CURVE('',#3654,#3824,#863,.T.);
#4701=EDGE_CURVE('',#3652,#3784,#843,.T.);
#4712=EDGE_CURVE('',#3850,#3831,#892,.T.);
#4714=EDGE_CURVE('',#3810,#3831,#851,.T.);
#4720=EDGE_CURVE('',#3848,#3656,#872,.T.);
#4722=EDGE_CURVE('',#3848,#3852,#949,.T.);
#4724=EDGE_CURVE('',#3844,#3852,#876,.T.);
#4726=EDGE_CURVE('',#3846,#3844,#880,.T.);
#4728=EDGE_CURVE('',#3846,#3850,#929,.T.);
#4738=EDGE_CURVE('',#3832,#3834,#884,.T.);
#4740=EDGE_CURVE('',#3831,#3832,#888,.T.);
#4743=EDGE_CURVE('',#3850,#3834,#925,.T.);
#4754=EDGE_CURVE('',#3834,#3842,#921,.T.);
#4756=EDGE_CURVE('',#3842,#3840,#937,.T.);
#4758=EDGE_CURVE('',#3838,#3840,#896,.T.);
#4760=EDGE_CURVE('',#3838,#3836,#957,.T.);
#4762=EDGE_CURVE('',#3658,#3836,#901,.T.);
#4765=EDGE_CURVE('',#3678,#3660,#909,.T.);
#4767=EDGE_CURVE('',#3678,#3806,#978,.T.);
#4770=EDGE_CURVE('',#3832,#3808,#917,.T.);
#4783=EDGE_CURVE('',#3842,#3846,#933,.T.);
#4793=EDGE_CURVE('',#3844,#3840,#941,.T.);
#4809=EDGE_CURVE('',#3852,#3838,#945,.T.);
#4821=EDGE_CURVE('',#3836,#3848,#953,.T.);
#4844=EDGE_CURVE('',#3677,#3678,#982,.T.);
#4849=EDGE_CURVE('',#3684,#3682,#1002,.T.);
#4851=EDGE_CURVE('',#3682,#3680,#994,.T.);
#4853=EDGE_CURVE('',#3677,#3680,#970,.T.);
#4866=EDGE_CURVE('',#3677,#3804,#990,.T.);
#4877=EDGE_CURVE('',#3802,#3680,#986,.T.);
#4890=EDGE_CURVE('',#3682,#3800,#1014,.T.);
#4926=EDGE_CURVE('',#3777,#3778,#1035,.T.);
#4928=EDGE_CURVE('',#3778,#3792,#2168,.T.);
#4930=EDGE_CURVE('',#3792,#3790,#2160,.T.);
#4932=EDGE_CURVE('',#3788,#3790,#1022,.T.);
#4934=EDGE_CURVE('',#3788,#3786,#2148,.T.);
#4936=EDGE_CURVE('',#3650,#3786,#1027,.T.);
#4942=EDGE_CURVE('',#3780,#3777,#1051,.T.);
#4953=EDGE_CURVE('',#3794,#3777,#1039,.T.);
#4955=EDGE_CURVE('',#3812,#3794,#1043,.T.);
#4957=EDGE_CURVE('',#3778,#3812,#1047,.T.);
#4970=EDGE_CURVE('',#3796,#3794,#1055,.T.);
#4983=EDGE_CURVE('',#3722,#3724,#1063,.T.);
#4985=EDGE_CURVE('',#3722,#3646,#1096,.T.);
#4988=EDGE_CURVE('',#3820,#3648,#1072,.T.);
#4990=EDGE_CURVE('',#3820,#3818,#2140,.T.);
#4992=EDGE_CURVE('',#3816,#3818,#1076,.T.);
#4994=EDGE_CURVE('',#3816,#3814,#2164,.T.);
#4996=EDGE_CURVE('',#3814,#3812,#2172,.T.);
#5006=EDGE_CURVE('',#3696,#3722,#1084,.T.);
#5010=EDGE_CURVE('',#3696,#3694,#1080,.T.);
#5021=EDGE_CURVE('',#3644,#3696,#1088,.T.);
#5033=EDGE_CURVE('',#3689,#3690,#1113,.T.);
#5035=EDGE_CURVE('',#3690,#3704,#2124,.T.);
#5037=EDGE_CURVE('',#3704,#3702,#2116,.T.);
#5039=EDGE_CURVE('',#3700,#3702,#1100,.T.);
#5041=EDGE_CURVE('',#3700,#3698,#2104,.T.);
#5043=EDGE_CURVE('',#3642,#3698,#1105,.T.);
#5049=EDGE_CURVE('',#3692,#3689,#1129,.T.);
#5060=EDGE_CURVE('',#3706,#3689,#1117,.T.);
#5062=EDGE_CURVE('',#3712,#3706,#1121,.T.);
#5064=EDGE_CURVE('',#3690,#3712,#1125,.T.);
#5077=EDGE_CURVE('',#3708,#3706,#1133,.T.);
#5090=EDGE_CURVE('',#3484,#3488,#1137,.T.);
#5092=EDGE_CURVE('',#3484,#3638,#1166,.T.);
#5095=EDGE_CURVE('',#3720,#3640,#1146,.T.);
#5097=EDGE_CURVE('',#3720,#3718,#2096,.T.);
#5099=EDGE_CURVE('',#3716,#3718,#1150,.T.);
#5101=EDGE_CURVE('',#3716,#3714,#2120,.T.);
#5103=EDGE_CURVE('',#3714,#3712,#2128,.T.);
#5113=EDGE_CURVE('',#3483,#3484,#1154,.T.);
#5117=EDGE_CURVE('',#3486,#3483,#1179,.T.);
#5128=EDGE_CURVE('',#3610,#3483,#1158,.T.);
#5140=EDGE_CURVE('',#3605,#3606,#1183,.T.);
#5142=EDGE_CURVE('',#3606,#3620,#2080,.T.);
#5144=EDGE_CURVE('',#3620,#3618,#2072,.T.);
#5146=EDGE_CURVE('',#3616,#3618,#1170,.T.);
#5148=EDGE_CURVE('',#3616,#3614,#2060,.T.);
#5150=EDGE_CURVE('',#3612,#3614,#1175,.T.);
#5156=EDGE_CURVE('',#3608,#3605,#1199,.T.);
#5167=EDGE_CURVE('',#3622,#3605,#1187,.T.);
#5169=EDGE_CURVE('',#3662,#3622,#1191,.T.);
#5171=EDGE_CURVE('',#3606,#3662,#1195,.T.);
#5184=EDGE_CURVE('',#3624,#3622,#1203,.T.);
#5197=EDGE_CURVE('',#3674,#3672,#1228,.T.);
#5199=EDGE_CURVE('',#3672,#3634,#2044,.T.);
#5202=EDGE_CURVE('',#3670,#3636,#1212,.T.);
#5204=EDGE_CURVE('',#3670,#3668,#2052,.T.);
#5206=EDGE_CURVE('',#3666,#3668,#1216,.T.);
#5208=EDGE_CURVE('',#3666,#3664,#2076,.T.);
#5210=EDGE_CURVE('',#3664,#3662,#2084,.T.);
#5220=EDGE_CURVE('',#3564,#3562,#1220,.T.);
#5222=EDGE_CURVE('',#3672,#3564,#1224,.T.);
#5234=EDGE_CURVE('',#3557,#3558,#1241,.T.);
#5236=EDGE_CURVE('',#3558,#3576,#2024,.T.);
#5238=EDGE_CURVE('',#3576,#3574,#2016,.T.);
#5240=EDGE_CURVE('',#3572,#3574,#1232,.T.);
#5242=EDGE_CURVE('',#3572,#3570,#2004,.T.);
#5244=EDGE_CURVE('',#3568,#3570,#1237,.T.);
#5247=EDGE_CURVE('',#3566,#3564,#2036,.T.);
#5251=EDGE_CURVE('',#3560,#3557,#1257,.T.);
#5262=EDGE_CURVE('',#3578,#3557,#1245,.T.);
#5264=EDGE_CURVE('',#3584,#3578,#1249,.T.);
#5266=EDGE_CURVE('',#3558,#3584,#1253,.T.);
#5279=EDGE_CURVE('',#3580,#3578,#1261,.T.);
#5292=EDGE_CURVE('',#3434,#3438,#1265,.T.);
#5294=EDGE_CURVE('',#3434,#3596,#1286,.T.);
#5297=EDGE_CURVE('',#3592,#3594,#1270,.T.);
#5299=EDGE_CURVE('',#3592,#3590,#1996,.T.);
#5301=EDGE_CURVE('',#3588,#3590,#1274,.T.);
#5303=EDGE_CURVE('',#3588,#3586,#2020,.T.);
#5305=EDGE_CURVE('',#3586,#3584,#2028,.T.);
#5315=EDGE_CURVE('',#3433,#3434,#1278,.T.);
#5319=EDGE_CURVE('',#3436,#3433,#1299,.T.);
#5330=EDGE_CURVE('',#3466,#3433,#1282,.T.);
#5342=EDGE_CURVE('',#3461,#3462,#1303,.T.);
#5344=EDGE_CURVE('',#3462,#3476,#1984,.T.);
#5346=EDGE_CURVE('',#3476,#3474,#1976,.T.);
#5348=EDGE_CURVE('',#3472,#3474,#1290,.T.);
#5350=EDGE_CURVE('',#3472,#3470,#1964,.T.);
#5352=EDGE_CURVE('',#3468,#3470,#1295,.T.);
#5358=EDGE_CURVE('',#3464,#3461,#1319,.T.);
#5369=EDGE_CURVE('',#3478,#3461,#1307,.T.);
#5371=EDGE_CURVE('',#3490,#3478,#1311,.T.);
#5373=EDGE_CURVE('',#3462,#3490,#1315,.T.);
#5386=EDGE_CURVE('',#3480,#3478,#1323,.T.);
#5399=EDGE_CURVE('',#3256,#3260,#1327,.T.);
#5401=EDGE_CURVE('',#3256,#3502,#1348,.T.);
#5404=EDGE_CURVE('',#3498,#3500,#1332,.T.);
#5406=EDGE_CURVE('',#3498,#3496,#1956,.T.);
#5408=EDGE_CURVE('',#3494,#3496,#1336,.T.);
#5410=EDGE_CURVE('',#3494,#3492,#1980,.T.);
#5412=EDGE_CURVE('',#3492,#3490,#1988,.T.);
#5422=EDGE_CURVE('',#3255,#3256,#1340,.T.);
#5426=EDGE_CURVE('',#3258,#3255,#1361,.T.);
#5437=EDGE_CURVE('',#3402,#3255,#1344,.T.);
#5449=EDGE_CURVE('',#3397,#3398,#1365,.T.);
#5451=EDGE_CURVE('',#3398,#3412,#1944,.T.);
#5453=EDGE_CURVE('',#3412,#3410,#1936,.T.);
#5455=EDGE_CURVE('',#3408,#3410,#1352,.T.);
#5457=EDGE_CURVE('',#3408,#3406,#1924,.T.);
#5459=EDGE_CURVE('',#3404,#3406,#1357,.T.);
#5465=EDGE_CURVE('',#3400,#3397,#1381,.T.);
#5476=EDGE_CURVE('',#3414,#3397,#1369,.T.);
#5478=EDGE_CURVE('',#3418,#3414,#1373,.T.);
#5480=EDGE_CURVE('',#3398,#3418,#1377,.T.);
#5493=EDGE_CURVE('',#3416,#3414,#1385,.T.);
#5506=EDGE_CURVE('',#3204,#3202,#1389,.T.);
#5508=EDGE_CURVE('',#3204,#3430,#1912,.T.);
#5511=EDGE_CURVE('',#3426,#3428,#1394,.T.);
#5513=EDGE_CURVE('',#3426,#3424,#1916,.T.);
#5515=EDGE_CURVE('',#3422,#3424,#1398,.T.);
#5517=EDGE_CURVE('',#3422,#3420,#1940,.T.);
#5519=EDGE_CURVE('',#3420,#3418,#1948,.T.);
#5529=EDGE_CURVE('',#3199,#3200,#1411,.T.);
#5531=EDGE_CURVE('',#3200,#3204,#1904,.T.);
#5543=EDGE_CURVE('',#3329,#3330,#1415,.T.);
#5545=EDGE_CURVE('',#3330,#3344,#1892,.T.);
#5547=EDGE_CURVE('',#3344,#3342,#1884,.T.);
#5549=EDGE_CURVE('',#3340,#3342,#1402,.T.);
#5551=EDGE_CURVE('',#3340,#3338,#1872,.T.);
#5553=EDGE_CURVE('',#3336,#3338,#1407,.T.);
#5556=EDGE_CURVE('',#3334,#3200,#1908,.T.);
#5560=EDGE_CURVE('',#3332,#3329,#1431,.T.);
#5571=EDGE_CURVE('',#3346,#3329,#1419,.T.);
#5573=EDGE_CURVE('',#3358,#3346,#1423,.T.);
#5575=EDGE_CURVE('',#3330,#3358,#1427,.T.);
#5588=EDGE_CURVE('',#3348,#3346,#1435,.T.);
#5601=EDGE_CURVE('',#3208,#3212,#1439,.T.);
#5603=EDGE_CURVE('',#3208,#3370,#1460,.T.);
#5606=EDGE_CURVE('',#3366,#3368,#1444,.T.);
#5608=EDGE_CURVE('',#3366,#3364,#1864,.T.);
#5610=EDGE_CURVE('',#3362,#3364,#1448,.T.);
#5612=EDGE_CURVE('',#3362,#3360,#1888,.T.);
#5614=EDGE_CURVE('',#3360,#3358,#1896,.T.);
#5624=EDGE_CURVE('',#3207,#3208,#1452,.T.);
#5628=EDGE_CURVE('',#3210,#3207,#1473,.T.);
#5639=EDGE_CURVE('',#3276,#3207,#1456,.T.);
#5651=EDGE_CURVE('',#3271,#3272,#1477,.T.);
#5653=EDGE_CURVE('',#3272,#3286,#1852,.T.);
#5655=EDGE_CURVE('',#3286,#3284,#1844,.T.);
#5657=EDGE_CURVE('',#3282,#3284,#1464,.T.);
#5659=EDGE_CURVE('',#3282,#3280,#1832,.T.);
#5661=EDGE_CURVE('',#3278,#3280,#1469,.T.);
#5667=EDGE_CURVE('',#3274,#3271,#1493,.T.);
#5678=EDGE_CURVE('',#3288,#3271,#1481,.T.);
#5680=EDGE_CURVE('',#3306,#3288,#1485,.T.);
#5682=EDGE_CURVE('',#3272,#3306,#1489,.T.);
#5695=EDGE_CURVE('',#3290,#3288,#1497,.T.);
#5708=EDGE_CURVE('',#3192,#3196,#1501,.T.);
#5710=EDGE_CURVE('',#3192,#3318,#1522,.T.);
#5713=EDGE_CURVE('',#3314,#3316,#1506,.T.);
#5715=EDGE_CURVE('',#3314,#3312,#1824,.T.);
#5717=EDGE_CURVE('',#3310,#3312,#1510,.T.);
#5719=EDGE_CURVE('',#3310,#3308,#1848,.T.);
#5721=EDGE_CURVE('',#3308,#3306,#1856,.T.);
#5731=EDGE_CURVE('',#3191,#3192,#1514,.T.);
#5735=EDGE_CURVE('',#3194,#3191,#1535,.T.);
#5746=EDGE_CURVE('',#3220,#3191,#1518,.T.);
#5758=EDGE_CURVE('',#3215,#3216,#1539,.T.);
#5760=EDGE_CURVE('',#3216,#3230,#1812,.T.);
#5762=EDGE_CURVE('',#3230,#3228,#1804,.T.);
#5764=EDGE_CURVE('',#3226,#3228,#1526,.T.);
#5766=EDGE_CURVE('',#3226,#3224,#1792,.T.);
#5768=EDGE_CURVE('',#3222,#3224,#1531,.T.);
#5774=EDGE_CURVE('',#3218,#3215,#1555,.T.);
#5785=EDGE_CURVE('',#3232,#3215,#1543,.T.);
#5787=EDGE_CURVE('',#3240,#3232,#1547,.T.);
#5789=EDGE_CURVE('',#3216,#3240,#1551,.T.);
#5802=EDGE_CURVE('',#3234,#3232,#1559,.T.);
#5815=EDGE_CURVE('',#2970,#2974,#1563,.T.);
#5817=EDGE_CURVE('',#2970,#3252,#1584,.T.);
#5820=EDGE_CURVE('',#3248,#3250,#1568,.T.);
#5822=EDGE_CURVE('',#3248,#3246,#1784,.T.);
#5824=EDGE_CURVE('',#3244,#3246,#1572,.T.);
#5826=EDGE_CURVE('',#3244,#3242,#1808,.T.);
#5828=EDGE_CURVE('',#3242,#3240,#1816,.T.);
#5838=EDGE_CURVE('',#2969,#2970,#1576,.T.);
#5842=EDGE_CURVE('',#2972,#2969,#1597,.T.);
#5853=EDGE_CURVE('',#3156,#2969,#1580,.T.);
#5865=EDGE_CURVE('',#3151,#3152,#1601,.T.);
#5867=EDGE_CURVE('',#3152,#3166,#1772,.T.);
#5869=EDGE_CURVE('',#3166,#3164,#1764,.T.);
#5871=EDGE_CURVE('',#3162,#3164,#1588,.T.);
#5873=EDGE_CURVE('',#3162,#3160,#1752,.T.);
#5875=EDGE_CURVE('',#3158,#3160,#1593,.T.);
#5881=EDGE_CURVE('',#3154,#3151,#1617,.T.);
#5892=EDGE_CURVE('',#3168,#3151,#1605,.T.);
#5894=EDGE_CURVE('',#3176,#3168,#1609,.T.);
#5896=EDGE_CURVE('',#3152,#3176,#1613,.T.);
#5909=EDGE_CURVE('',#3170,#3168,#1621,.T.);
#5922=EDGE_CURVE('',#3071,#3072,#1625,.T.);
#5924=EDGE_CURVE('',#3071,#3188,#1740,.T.);
#5927=EDGE_CURVE('',#3184,#3186,#1630,.T.);
#5929=EDGE_CURVE('',#3184,#3182,#1744,.T.);
#5931=EDGE_CURVE('',#3180,#3182,#1634,.T.);
#5933=EDGE_CURVE('',#3180,#3178,#1768,.T.);
#5935=EDGE_CURVE('',#3178,#3176,#1776,.T.);
#5947=EDGE_CURVE('',#3076,#3074,#1659,.T.);
#5949=EDGE_CURVE('',#3074,#3071,#1732,.T.);
#5959=EDGE_CURVE('',#3095,#3096,#1638,.T.);
#5961=EDGE_CURVE('',#3122,#3095,#1642,.T.);
#5963=EDGE_CURVE('',#3120,#3122,#1646,.T.);
#5965=EDGE_CURVE('',#3132,#3120,#1650,.T.);
#5967=EDGE_CURVE('',#3132,#3130,#1708,.T.);
#5969=EDGE_CURVE('',#3128,#3130,#1655,.T.);
#5972=EDGE_CURVE('',#3126,#3074,#1736,.T.);
#5976=EDGE_CURVE('',#3096,#3124,#1663,.T.);
#5987=EDGE_CURVE('',#3096,#3100,#1667,.T.);
#5989=EDGE_CURVE('',#3100,#3098,#1675,.T.);
#5991=EDGE_CURVE('',#3098,#3095,#1720,.T.);
#6004=EDGE_CURVE('',#3100,#3118,#1671,.T.);
#6020=EDGE_CURVE('',#3114,#3116,#1688,.T.);
#6022=EDGE_CURVE('',#3114,#3112,#1700,.T.);
#6024=EDGE_CURVE('',#3110,#3112,#1692,.T.);
#6026=EDGE_CURVE('',#3110,#3108,#1716,.T.);
#6028=EDGE_CURVE('',#3108,#3098,#1724,.T.);
#6038=EDGE_CURVE('',#3130,#3114,#1704,.T.);
#6051=EDGE_CURVE('',#3112,#3132,#1696,.T.);
#6065=EDGE_CURVE('',#3110,#3120,#1712,.T.);
#6079=EDGE_CURVE('',#3122,#3108,#1728,.T.);
#6114=EDGE_CURVE('',#3160,#3184,#1748,.T.);
#6127=EDGE_CURVE('',#3162,#3182,#1760,.T.);
#6141=EDGE_CURVE('',#3180,#3164,#1756,.T.);
#6155=EDGE_CURVE('',#3166,#3178,#1780,.T.);
#6178=EDGE_CURVE('',#3224,#3248,#1788,.T.);
#6191=EDGE_CURVE('',#3226,#3246,#1800,.T.);
#6205=EDGE_CURVE('',#3244,#3228,#1796,.T.);
#6219=EDGE_CURVE('',#3230,#3242,#1820,.T.);
#6242=EDGE_CURVE('',#3280,#3314,#1828,.T.);
#6255=EDGE_CURVE('',#3282,#3312,#1840,.T.);
#6269=EDGE_CURVE('',#3310,#3284,#1836,.T.);
#6283=EDGE_CURVE('',#3286,#3308,#1860,.T.);
#6306=EDGE_CURVE('',#3338,#3366,#1868,.T.);
#6319=EDGE_CURVE('',#3340,#3364,#1880,.T.);
#6333=EDGE_CURVE('',#3362,#3342,#1876,.T.);
#6347=EDGE_CURVE('',#3344,#3360,#1900,.T.);
#6382=EDGE_CURVE('',#3406,#3426,#1920,.T.);
#6395=EDGE_CURVE('',#3408,#3424,#1932,.T.);
#6409=EDGE_CURVE('',#3422,#3410,#1928,.T.);
#6423=EDGE_CURVE('',#3412,#3420,#1952,.T.);
#6446=EDGE_CURVE('',#3470,#3498,#1960,.T.);
#6459=EDGE_CURVE('',#3472,#3496,#1972,.T.);
#6473=EDGE_CURVE('',#3494,#3474,#1968,.T.);
#6487=EDGE_CURVE('',#3476,#3492,#1992,.T.);
#6510=EDGE_CURVE('',#3570,#3592,#2000,.T.);
#6523=EDGE_CURVE('',#3572,#3590,#2012,.T.);
#6537=EDGE_CURVE('',#3588,#3574,#2008,.T.);
#6551=EDGE_CURVE('',#3576,#3586,#2032,.T.);
#6586=EDGE_CURVE('',#3614,#3670,#2056,.T.);
#6599=EDGE_CURVE('',#3616,#3668,#2068,.T.);
#6613=EDGE_CURVE('',#3666,#3618,#2064,.T.);
#6627=EDGE_CURVE('',#3620,#3664,#2088,.T.);
#6650=EDGE_CURVE('',#3698,#3720,#2100,.T.);
#6663=EDGE_CURVE('',#3700,#3718,#2112,.T.);
#6677=EDGE_CURVE('',#3716,#3702,#2108,.T.);
#6691=EDGE_CURVE('',#3704,#3714,#2132,.T.);
#6714=EDGE_CURVE('',#3786,#3820,#2144,.T.);
#6727=EDGE_CURVE('',#3788,#3818,#2156,.T.);
#6741=EDGE_CURVE('',#3816,#3790,#2152,.T.);
#6755=EDGE_CURVE('',#3792,#3814,#2176,.T.);
#6779=EDGE_CURVE('',#2988,#2991,#2180,.T.);
#6781=EDGE_CURVE('',#2988,#2986,#2184,.T.);
#6794=EDGE_CURVE('',#2985,#2988,#2188,.T.);
#6817=EDGE_CURVE('',#2944,#2948,#2200,.T.);
#6830=EDGE_CURVE('',#2996,#2966,#2196,.T.);
#6856=EDGE_CURVE('',#2998,#2926,#2208,.T.);
#6868=EDGE_CURVE('',#2928,#3008,#2216,.T.);
#6870=EDGE_CURVE('',#3008,#3006,#2288,.T.);
#6872=EDGE_CURVE('',#3006,#3004,#2272,.T.);
#6874=EDGE_CURVE('',#3004,#3002,#2240,.T.);
#6876=EDGE_CURVE('',#3002,#3000,#2236,.T.);
#6890=EDGE_CURVE('',#2932,#2930,#2220,.T.);
#6892=EDGE_CURVE('',#2932,#3008,#2276,.T.);
#6904=EDGE_CURVE('',#2940,#2938,#2232,.T.);
#6906=EDGE_CURVE('',#2938,#2936,#2252,.T.);
#6908=EDGE_CURVE('',#2936,#2934,#2304,.T.);
#6910=EDGE_CURVE('',#2934,#2932,#2280,.T.);
#6922=EDGE_CURVE('',#3002,#2938,#2256,.T.);
#6936=EDGE_CURVE('',#3004,#3136,#2268,.T.);
#6938=EDGE_CURVE('',#2918,#3136,#2244,.T.);
#6940=EDGE_CURVE('',#2920,#2918,#2248,.T.);
#6942=EDGE_CURVE('',#2920,#2936,#2292,.T.);
#6954=EDGE_CURVE('',#3134,#3006,#2260,.T.);
#6956=EDGE_CURVE('',#3136,#3134,#2264,.T.);
#6970=EDGE_CURVE('',#2934,#2916,#2300,.T.);
#6972=EDGE_CURVE('',#2915,#2916,#2284,.T.);
#6974=EDGE_CURVE('',#2915,#3134,#2308,.T.);
#6987=EDGE_CURVE('',#2916,#2920,#2296,.T.);
#7002=EDGE_CURVE('',#2918,#2915,#2312,.T.);
#7024=EDGE_CURVE('',#3748,#3746,#2316,.T.);
#7026=EDGE_CURVE('',#3748,#3520,#2896,.T.);
#7029=EDGE_CURVE('',#3746,#3519,#2324,.T.);
#7039=EDGE_CURVE('',#3740,#3352,#2532,.T.);
#7041=EDGE_CURVE('',#3351,#3352,#2328,.T.);
#7043=EDGE_CURVE('',#3710,#3351,#2332,.T.);
#7045=EDGE_CURVE('',#3600,#3710,#2336,.T.);
#7047=EDGE_CURVE('',#3602,#3600,#2340,.T.);
#7049=EDGE_CURVE('',#3582,#3602,#2344,.T.);
#7051=EDGE_CURVE('',#3446,#3582,#2348,.T.);
#7053=EDGE_CURVE('',#3445,#3446,#2352,.T.);
#7055=EDGE_CURVE('',#3378,#3445,#2356,.T.);
#7057=EDGE_CURVE('',#3377,#3378,#2360,.T.);
#7059=EDGE_CURVE('',#3598,#3377,#2364,.T.);
#7061=EDGE_CURVE('',#3453,#3598,#2368,.T.);
#7063=EDGE_CURVE('',#3456,#3453,#2372,.T.);
#7065=EDGE_CURVE('',#3505,#3456,#2376,.T.);
#7067=EDGE_CURVE('',#3440,#3505,#2380,.T.);
#7069=EDGE_CURVE('',#3081,#3440,#2384,.T.);
#7071=EDGE_CURVE('',#3084,#3081,#2388,.T.);
#7073=EDGE_CURVE('',#3320,#3084,#2392,.T.);
#7075=EDGE_CURVE('',#3384,#3320,#2396,.T.);
#7077=EDGE_CURVE('',#3373,#3384,#2400,.T.);
#7079=EDGE_CURVE('',#3324,#3373,#2404,.T.);
#7081=EDGE_CURVE('',#3267,#3324,#2408,.T.);
#7083=EDGE_CURVE('',#3236,#3267,#2412,.T.);
#7085=EDGE_CURVE('',#3045,#3236,#2416,.T.);
#7087=EDGE_CURVE('',#3048,#3045,#2420,.T.);
#7089=EDGE_CURVE('',#3139,#3048,#2424,.T.);
#7091=EDGE_CURVE('',#3142,#3139,#2428,.T.);
#7093=EDGE_CURVE('',#3172,#3142,#2432,.T.);
#7095=EDGE_CURVE('',#3262,#3172,#2436,.T.);
#7097=EDGE_CURVE('',#3053,#3262,#2440,.T.);
#7099=EDGE_CURVE('',#3056,#3053,#2444,.T.);
#7101=EDGE_CURVE('',#3147,#3056,#2448,.T.);
#7103=EDGE_CURVE('',#2952,#3147,#2452,.T.);
#7105=EDGE_CURVE('',#2951,#2952,#2456,.T.);
#7107=EDGE_CURVE('',#3104,#2951,#2460,.T.);
#7109=EDGE_CURVE('',#3089,#3104,#2464,.T.);
#7111=EDGE_CURVE('',#3030,#3089,#2468,.T.);
#7113=EDGE_CURVE('',#3029,#3030,#2472,.T.);
#7115=EDGE_CURVE('',#3022,#3029,#2476,.T.);
#7117=EDGE_CURVE('',#3021,#3022,#2480,.T.);
#7119=EDGE_CURVE('',#3064,#3021,#2484,.T.);
#7121=EDGE_CURVE('',#2977,#3064,#2488,.T.);
#7123=EDGE_CURVE('',#2980,#2977,#2492,.T.);
#7125=EDGE_CURVE('',#3066,#2980,#2496,.T.);
#7127=EDGE_CURVE('',#3016,#3066,#2500,.T.);
#7129=EDGE_CURVE('',#2902,#3016,#2504,.T.);
#7132=EDGE_CURVE('',#3010,#2904,#2512,.T.);
#7134=EDGE_CURVE('',#3738,#3010,#2516,.T.);
#7136=EDGE_CURVE('',#3738,#3764,#2796,.T.);
#7138=EDGE_CURVE('',#3762,#3764,#2520,.T.);
#7140=EDGE_CURVE('',#3762,#3760,#2820,.T.);
#7142=EDGE_CURVE('',#3760,#3758,#2828,.T.);
#7144=EDGE_CURVE('',#3758,#3756,#2844,.T.);
#7146=EDGE_CURVE('',#3756,#3754,#2848,.T.);
#7148=EDGE_CURVE('',#3754,#3752,#2868,.T.);
#7150=EDGE_CURVE('',#3752,#3750,#2876,.T.);
#7152=EDGE_CURVE('',#3750,#3748,#2884,.T.);
#7155=EDGE_CURVE('',#3746,#3744,#2564,.T.);
#7157=EDGE_CURVE('',#3744,#3742,#2560,.T.);
#7159=EDGE_CURVE('',#3742,#3740,#2536,.T.);
#7169=EDGE_CURVE('',#3740,#3526,#2544,.T.);
#7172=EDGE_CURVE('',#3352,#3356,#2528,.T.);
#7184=EDGE_CURVE('',#3742,#3524,#2556,.T.);
#7196=EDGE_CURVE('',#3522,#3744,#2548,.T.);
#7224=EDGE_CURVE('',#3354,#3351,#2572,.T.);
#7236=EDGE_CURVE('',#3710,#3528,#2580,.T.);
#7250=EDGE_CURVE('',#3600,#3530,#2588,.T.);
#7262=EDGE_CURVE('',#3532,#3602,#2596,.T.);
#7276=EDGE_CURVE('',#3582,#3534,#2604,.T.);
#7288=EDGE_CURVE('',#3446,#3450,#2612,.T.);
#7302=EDGE_CURVE('',#3448,#3445,#2616,.T.);
#7314=EDGE_CURVE('',#3378,#3382,#2624,.T.);
#7328=EDGE_CURVE('',#3380,#3377,#2628,.T.);
#7340=EDGE_CURVE('',#3536,#3598,#2636,.T.);
#7354=EDGE_CURVE('',#3453,#3454,#2644,.T.);
#7366=EDGE_CURVE('',#3458,#3456,#2648,.T.);
#7380=EDGE_CURVE('',#3505,#3506,#2652,.T.);
#7392=EDGE_CURVE('',#3440,#3442,#2656,.T.);
#7406=EDGE_CURVE('',#3081,#3082,#2660,.T.);
#7418=EDGE_CURVE('',#3086,#3084,#2664,.T.);
#7432=EDGE_CURVE('',#3322,#3320,#2668,.T.);
#7444=EDGE_CURVE('',#3386,#3384,#2672,.T.);
#7458=EDGE_CURVE('',#3373,#3374,#2676,.T.);
#7470=EDGE_CURVE('',#3324,#3326,#2680,.T.);
#7484=EDGE_CURVE('',#3267,#3268,#2684,.T.);
#7496=EDGE_CURVE('',#3236,#3238,#2688,.T.);
#7510=EDGE_CURVE('',#3045,#3046,#2692,.T.);
#7522=EDGE_CURVE('',#3050,#3048,#2696,.T.);
#7536=EDGE_CURVE('',#3139,#3140,#2700,.T.);
#7548=EDGE_CURVE('',#3144,#3142,#2704,.T.);
#7562=EDGE_CURVE('',#3174,#3172,#2708,.T.);
#7574=EDGE_CURVE('',#3262,#3264,#2712,.T.);
#7588=EDGE_CURVE('',#3053,#3054,#2716,.T.);
#7600=EDGE_CURVE('',#3058,#3056,#2720,.T.);
#7614=EDGE_CURVE('',#3147,#3148,#2724,.T.);
#7626=EDGE_CURVE('',#2952,#2956,#2728,.T.);
#7640=EDGE_CURVE('',#2954,#2951,#2732,.T.);
#7652=EDGE_CURVE('',#3106,#3104,#2736,.T.);
#7666=EDGE_CURVE('',#3089,#3090,#2740,.T.);
#7678=EDGE_CURVE('',#3030,#3034,#2744,.T.);
#7692=EDGE_CURVE('',#3032,#3029,#2748,.T.);
#7705=EDGE_CURVE('',#3022,#3026,#2752,.T.);
#7718=EDGE_CURVE('',#3024,#3021,#2760,.T.);
#7729=EDGE_CURVE('',#3064,#3062,#2756,.T.);
#7741=EDGE_CURVE('',#2977,#2978,#2764,.T.);
#7756=EDGE_CURVE('',#2982,#2980,#2772,.T.);
#7767=EDGE_CURVE('',#3066,#3068,#2768,.T.);
#7783=EDGE_CURVE('',#3016,#3014,#2776,.T.);
#7808=EDGE_CURVE('',#3012,#3010,#2788,.T.);
#7821=EDGE_CURVE('',#3538,#3738,#2800,.T.);
#7834=EDGE_CURVE('',#3764,#3540,#2808,.T.);
#7845=EDGE_CURVE('',#3542,#3762,#2824,.T.);
#7858=EDGE_CURVE('',#3760,#3544,#2816,.T.);
#7873=EDGE_CURVE('',#3546,#3758,#2836,.T.);
#7885=EDGE_CURVE('',#3548,#3756,#2852,.T.);
#7896=EDGE_CURVE('',#3550,#3754,#2860,.T.);
#7911=EDGE_CURVE('',#3552,#3752,#2880,.T.);
#7923=EDGE_CURVE('',#3554,#3750,#2888,.T.);
#7942=CLOSED_SHELL('',(#3868,#4017,#4038,#4053,#4077,#4092,#4215,#4234,#4248,
#4271,#4285,#4304,#4317,#4338,#4352,#4372,#4385,#4404,#4418,#4436,#4449,#4462,
#4474,#4498,#4515,#4535,#4550,#4677,#4692,#4706,#4732,#4747,#4774,#4787,#4800,
#4813,#4826,#4838,#4857,#4870,#4883,#4896,#4908,#4920,#4946,#4961,#4974,#5000,
#5014,#5027,#5053,#5068,#5081,#5107,#5121,#5134,#5160,#5175,#5188,#5214,#5228,
#5255,#5270,#5283,#5309,#5323,#5336,#5362,#5377,#5390,#5416,#5430,#5443,#5469,
#5484,#5497,#5523,#5537,#5564,#5579,#5592,#5618,#5632,#5645,#5671,#5686,#5699,
#5725,#5739,#5752,#5778,#5793,#5806,#5832,#5846,#5859,#5885,#5900,#5913,#5939,
#5953,#5980,#5995,#6008,#6032,#6045,#6058,#6071,#6084,#6096,#6108,#6121,#6134,
#6147,#6160,#6172,#6185,#6198,#6211,#6224,#6236,#6249,#6262,#6275,#6288,#6300,
#6313,#6326,#6339,#6352,#6364,#6376,#6389,#6402,#6415,#6428,#6440,#6453,#6466,
#6479,#6492,#6504,#6517,#6530,#6543,#6556,#6568,#6580,#6593,#6606,#6619,#6632,
#6644,#6657,#6670,#6683,#6696,#6708,#6721,#6734,#6747,#6760,#6772,#6786,#6799,
#6810,#6823,#6836,#6848,#6861,#6882,#6896,#6916,#6929,#6948,#6962,#6980,#6993,
#7006,#7018,#7033,#7163,#7177,#7190,#7203,#7215,#7228,#7241,#7254,#7267,#7280,
#7293,#7306,#7319,#7332,#7345,#7358,#7371,#7384,#7397,#7410,#7423,#7436,#7449,
#7462,#7475,#7488,#7501,#7514,#7527,#7540,#7553,#7566,#7579,#7592,#7605,#7618,
#7631,#7644,#7657,#7670,#7683,#7696,#7709,#7722,#7735,#7748,#7761,#7774,#7787,
#7799,#7812,#7825,#7838,#7851,#7864,#7877,#7890,#7903,#7916,#7929,#7941));
#7943=MANIFOLD_SOLID_BREP('',#7942);
#7944=(LENGTH_UNIT()NAMED_UNIT(*)SI_UNIT(.MILLI.,.METRE.));
#7946=(NAMED_UNIT(*)PLANE_ANGLE_UNIT()SI_UNIT($,.RADIAN.));
#7949=(NAMED_UNIT(*)SI_UNIT($,.STERADIAN.)SOLID_ANGLE_UNIT());
#7955=AXIS2_PLACEMENT_3D('',#7952,#7953,#7954);
#7956=ADVANCED_BREP_SHAPE_REPRESENTATION('',(#7955,#7943),#7951);
#7963=PRODUCT_DEFINITION('design','',#7962,#7959);
#7964=PRODUCT_DEFINITION_SHAPE('','SHAPE FOR DF52-12S-0_8H_1.',#7963);
#7965=SHAPE_DEFINITION_REPRESENTATION(#7964,#7956);
#7966=SHAPE_DEFINITION_REPRESENTATION(#7967,#7968);
#7967=PRODUCT_DEFINITION_SHAPE('','SHAPE FOR ASSEMBLY-1_ASM.',#7997);
#7968=SHAPE_REPRESENTATION('',(#7979,#7974,#7993),#7989);
#7969=NEXT_ASSEMBLY_USAGE_OCCURRENCE('0','Next assembly relationship',
'DF52-12S-0_8H_1',#7997,#7963,$);
#7970=PRODUCT_DEFINITION_SHAPE('Placement #0',
'Placement of DF52-12S-0_8H_1 with respect to ASSEMBLY-1_ASM',#7969);
#7979=AXIS2_PLACEMENT_3D('',#7976,#7977,#7978);
#7982=(LENGTH_UNIT()NAMED_UNIT(*)SI_UNIT(.MILLI.,.METRE.));
#7984=(NAMED_UNIT(*)PLANE_ANGLE_UNIT()SI_UNIT($,.RADIAN.));
#7987=(NAMED_UNIT(*)SI_UNIT($,.STERADIAN.)SOLID_ANGLE_UNIT());
#7993=AXIS2_PLACEMENT_3D('',#7990,#7991,#7992);
#7997=PRODUCT_DEFINITION('design','',#7996,#7959);
#7998=SHAPE_DEFINITION_REPRESENTATION(#7999,#8000);
#7999=PRODUCT_DEFINITION_SHAPE('','SHAPE FOR DF52-12S-0_8H_ASM.',#8026);
#8000=SHAPE_REPRESENTATION('',(#8006,#8021),#8017);
#8001=NEXT_ASSEMBLY_USAGE_OCCURRENCE('1','Next assembly relationship',
'ASSEMBLY-1',#8026,#7997,$);
#8002=PRODUCT_DEFINITION_SHAPE('Placement #1',
'Placement of ASSEMBLY-1_ASM with respect to DF52-12S-0_8H_ASM',#8001);
#8010=(LENGTH_UNIT()NAMED_UNIT(*)SI_UNIT(.MILLI.,.METRE.));
#8012=(NAMED_UNIT(*)PLANE_ANGLE_UNIT()SI_UNIT($,.RADIAN.));
#8015=(NAMED_UNIT(*)SI_UNIT($,.STERADIAN.)SOLID_ANGLE_UNIT());
#8021=AXIS2_PLACEMENT_3D('',#8018,#8019,#8020);
#8026=PRODUCT_DEFINITION('design','',#8025,#8022);
ENDSEC;
END-ISO-10303-21;
