ISO-10303-21;
HEADER;
FILE_DESCRIPTION (( 'STEP AP214' ),
    '1' );
FILE_NAME ('lb230（公）.STEP',
    '2022-06-15T11:42:44',
    ( '' ),
    ( '' ),
    'SwSTEP 2.0',
    'SolidWorks 2018',
    '' );
FILE_SCHEMA (( 'AUTOMOTIVE_DESIGN' ));
ENDSEC;

DATA;
#1 = ORIENTED_EDGE ( 'NONE', *, *, #1962, .T. ) ;
#2 = PLANE ( 'NONE',  #4304 ) ;
#3 = DIRECTION ( 'NONE',  ( 1.000000000000000000, 0.000000000000000000, -0.000000000000000000 ) ) ;
#4 = DIRECTION ( 'NONE',  ( 1.000000000000000000, 0.000000000000000000, 0.000000000000000000 ) ) ;
#5 = CARTESIAN_POINT ( 'NONE',  ( 2.600000000000004530, -0.05000000000000000278, -1.400000000000000577 ) ) ;
#6 = LINE ( 'NONE', #4706, #6297 ) ;
#8 = ORIENTED_EDGE ( 'NONE', *, *, #5477, .T. ) ;
#7 = CARTESIAN_POINT ( 'NONE',  ( -0.8999999999999984679, -0.05000000000000000278, 1.400000000000000577 ) ) ;
#9 = LINE ( 'NONE', #1909, #5261 ) ;
#10 = EDGE_CURVE ( 'NONE', #956, #5154, #3068, .T. ) ;
#11 = CARTESIAN_POINT ( 'NONE',  ( 0.1000000000000028644, 0.2000000000000000944, 2.000000000000000000 ) ) ;
#12 = DIRECTION ( 'NONE',  ( -1.000000000000000000, 0.000000000000000000, 0.000000000000000000 ) ) ;
#13 = VECTOR ( 'NONE', #538, 1000.000000000000000 ) ;
#14 = ORIENTED_EDGE ( 'NONE', *, *, #6092, .T. ) ;
#15 = LINE ( 'NONE', #6091, #6460 ) ;
#16 = DIRECTION ( 'NONE',  ( 1.000000000000000000, -0.000000000000000000, 0.000000000000000000 ) ) ;
#17 = ADVANCED_FACE ( 'NONE', ( #501 ), #402, .F. ) ;
#18 = DIRECTION ( 'NONE',  ( -1.000000000000000000, -0.000000000000000000, 2.710505431213761085E-16 ) ) ;
#19 = DIRECTION ( 'NONE',  ( 0.000000000000000000, -0.000000000000000000, -1.000000000000000000 ) ) ;
#20 = CARTESIAN_POINT ( 'NONE',  ( 1.400000000000004130, -0.05000000000000000278, 2.600000000000000533 ) ) ;
#21 = FACE_OUTER_BOUND ( 'NONE', #6325, .T. ) ;
#22 = ORIENTED_EDGE ( 'NONE', *, *, #10, .F. ) ;
#23 = LINE ( 'NONE', #5772, #3755 ) ;
#24 = CARTESIAN_POINT ( 'NONE',  ( -2.099999999999999201, 0.2000000000000000111, -1.400000000000000577 ) ) ;
#25 = EDGE_CURVE ( 'NONE', #5476, #4841, #6472, .T. ) ;
#26 = DIRECTION ( 'NONE',  ( 0.000000000000000000, 1.000000000000000000, 0.000000000000000000 ) ) ;
#27 = DIRECTION ( 'NONE',  ( 1.000000000000000000, -0.000000000000000000, 0.000000000000000000 ) ) ;
#28 = LINE ( 'NONE', #2155, #4942 ) ;
#29 = CARTESIAN_POINT ( 'NONE',  ( 0.000000000000000000, 0.000000000000000000, 1.400000000000000577 ) ) ;
#30 = ORIENTED_EDGE ( 'NONE', *, *, #4425, .T. ) ;
#31 = VECTOR ( 'NONE', #6615, 1000.000000000000000 ) ;
#32 = CARTESIAN_POINT ( 'NONE',  ( 1.900000000000004574, 0.000000000000000000, 0.000000000000000000 ) ) ;
#33 = ORIENTED_EDGE ( 'NONE', *, *, #5679, .T. ) ;
#34 = DIRECTION ( 'NONE',  ( 1.000000000000000000, -0.000000000000000000, 0.000000000000000000 ) ) ;
#35 = AXIS2_PLACEMENT_3D ( 'NONE', #3971, #875, #3994 ) ;
#36 = VECTOR ( 'NONE', #4282, 1000.000000000000000 ) ;
#37 = CARTESIAN_POINT ( 'NONE',  ( -1.599999999999998535, -0.05000000000000000278, 2.600000000000000533 ) ) ;
#38 = EDGE_LOOP ( 'NONE', ( #2638, #6331, #630, #3698, #5624, #3449 ) ) ;
#39 = CARTESIAN_POINT ( 'NONE',  ( -4.000000000000000000, 3.899999999999999911, -1.249999999999999778 ) ) ;
#40 = ORIENTED_EDGE ( 'NONE', *, *, #3286, .F. ) ;
#41 = PLANE ( 'NONE',  #3453 ) ;
#42 = LINE ( 'NONE', #135, #4653 ) ;
#43 = EDGE_LOOP ( 'NONE', ( #2837, #453, #1776, #3312 ) ) ;
#44 = EDGE_CURVE ( 'NONE', #1562, #3891, #1932, .T. ) ;
#45 = EDGE_CURVE ( 'NONE', #6252, #701, #3608, .T. ) ;
#46 = ORIENTED_EDGE ( 'NONE', *, *, #3835, .F. ) ;
#47 = ORIENTED_EDGE ( 'NONE', *, *, #1906, .T. ) ;
#48 = DIRECTION ( 'NONE',  ( 0.000000000000000000, 0.000000000000000000, -1.000000000000000000 ) ) ;
#49 = LINE ( 'NONE', #1627, #4094 ) ;
#50 = ORIENTED_EDGE ( 'NONE', *, *, #6313, .T. ) ;
#51 = ORIENTED_EDGE ( 'NONE', *, *, #5065, .F. ) ;
#52 = ORIENTED_EDGE ( 'NONE', *, *, #301, .F. ) ;
#53 = ORIENTED_EDGE ( 'NONE', *, *, #467, .T. ) ;
#54 = CARTESIAN_POINT ( 'NONE',  ( -5.100000000000000533, 2.000000000000000000, -2.000000000000000000 ) ) ;
#55 = EDGE_CURVE ( 'NONE', #6585, #1671, #4944, .T. ) ;
#56 = AXIS2_PLACEMENT_3D ( 'NONE', #1308, #6403, #2380 ) ;
#57 = VECTOR ( 'NONE', #4351, 1000.000000000000000 ) ;
#58 = CARTESIAN_POINT ( 'NONE',  ( -4.000000000000000000, 3.799999999999998490, 1.250000000000000666 ) ) ;
#59 = CARTESIAN_POINT ( 'NONE',  ( -5.099999999999998757, 2.000000000000000000, 2.000000000000000000 ) ) ;
#60 = EDGE_LOOP ( 'NONE', ( #6173, #1518, #4184, #4945 ) ) ;
#61 = ORIENTED_EDGE ( 'NONE', *, *, #5961, .T. ) ;
#62 = DIRECTION ( 'NONE',  ( 0.000000000000000000, 0.000000000000000000, 1.000000000000000000 ) ) ;
#63 = LINE ( 'NONE', #3113, #5307 ) ;
#64 = ORIENTED_EDGE ( 'NONE', *, *, #5262, .T. ) ;
#65 = EDGE_LOOP ( 'NONE', ( #597, #2905, #6535, #4563 ) ) ;
#66 = CARTESIAN_POINT ( 'NONE',  ( 2.600000000000004530, -0.05000000000000000278, 2.600000000000000533 ) ) ;
#67 = LINE ( 'NONE', #1892, #6517 ) ;
#68 = ORIENTED_EDGE ( 'NONE', *, *, #3464, .T. ) ;
#69 = ORIENTED_EDGE ( 'NONE', *, *, #3127, .T. ) ;
#70 = CARTESIAN_POINT ( 'NONE',  ( -3.100000000000000089, 0.2000000000000000111, 2.600000000000000533 ) ) ;
#71 = DIRECTION ( 'NONE',  ( 1.000000000000000000, 0.000000000000000000, 0.000000000000000000 ) ) ;
#72 = LINE ( 'NONE', #85, #3958 ) ;
#73 = CARTESIAN_POINT ( 'NONE',  ( -4.000000000000000000, 3.799999999999998490, -0.6500000000000000222 ) ) ;
#74 = AXIS2_PLACEMENT_3D ( 'NONE', #4136, #603, #1566 ) ;
#75 = CARTESIAN_POINT ( 'NONE',  ( -0.3999999999999980238, 0.000000000000000000, 1.400000000000000577 ) ) ;
#76 = CARTESIAN_POINT ( 'NONE',  ( 0.9000000000000036859, -0.05000000000000000278, -1.400000000000000577 ) ) ;
#77 = ORIENTED_EDGE ( 'NONE', *, *, #1800, .T. ) ;
#78 = VERTEX_POINT ( 'NONE', #3867 ) ;
#79 = DIRECTION ( 'NONE',  ( 1.000000000000000000, 0.000000000000000000, 0.000000000000000000 ) ) ;
#80 = DIRECTION ( 'NONE',  ( 1.000000000000000000, 0.000000000000000000, 0.000000000000000000 ) ) ;
#81 = FACE_OUTER_BOUND ( 'NONE', #3084, .T. ) ;
#82 = VERTEX_POINT ( 'NONE', #836 ) ;
#83 = ORIENTED_EDGE ( 'NONE', *, *, #4424, .F. ) ;
#84 = PLANE ( 'NONE',  #5486 ) ;
#85 = CARTESIAN_POINT ( 'NONE',  ( 0.4000000000000032419, -0.05000000000000000278, -2.600000000000000533 ) ) ;
#86 = ORIENTED_EDGE ( 'NONE', *, *, #1866, .T. ) ;
#87 = PLANE ( 'NONE',  #1626 ) ;
#88 = ADVANCED_FACE ( 'NONE', ( #21 ), #1871, .T. ) ;
#89 = CARTESIAN_POINT ( 'NONE',  ( 0.000000000000000000, 0.000000000000000000, -1.400000000000000577 ) ) ;
#90 = LINE ( 'NONE', #5619, #5972 ) ;
#91 = LINE ( 'NONE', #1734, #5337 ) ;
#92 = CARTESIAN_POINT ( 'NONE',  ( 1.100000000000003642, 0.000000000000000000, 2.000000000000000000 ) ) ;
#93 = ORIENTED_EDGE ( 'NONE', *, *, #3164, .F. ) ;
#94 = DIRECTION ( 'NONE',  ( 1.000000000000000000, 0.000000000000000000, 0.000000000000000000 ) ) ;
#95 = EDGE_CURVE ( 'NONE', #5301, #6407, #1843, .T. ) ;
#96 = CARTESIAN_POINT ( 'NONE',  ( 2.400000000000004796, -0.05000000000000000278, -2.600000000000000533 ) ) ;
#97 = EDGE_CURVE ( 'NONE', #706, #5329, #974, .T. ) ;
#98 = VECTOR ( 'NONE', #5646, 1000.000000000000000 ) ;
#99 = LINE ( 'NONE', #3510, #5510 ) ;
#100 = CARTESIAN_POINT ( 'NONE',  ( -5.100000000000000533, 0.000000000000000000, -2.000000000000000000 ) ) ;
#101 = CARTESIAN_POINT ( 'NONE',  ( -4.149999999999997691, 3.649999999999998579, -0.5000000000000025535 ) ) ;
#102 = DIRECTION ( 'NONE',  ( -0.000000000000000000, 0.000000000000000000, -1.000000000000000000 ) ) ;
#103 = CARTESIAN_POINT ( 'NONE',  ( 3.100000000000004974, -0.05000000000000000278, 2.600000000000000533 ) ) ;
#104 = VECTOR ( 'NONE', #5295, 1000.000000000000114 ) ;
#105 = FACE_OUTER_BOUND ( 'NONE', #5638, .T. ) ;
#106 = EDGE_CURVE ( 'NONE', #4437, #1257, #1057, .T. ) ;
#107 = DIRECTION ( 'NONE',  ( -0.000000000000000000, 1.000000000000000000, -0.000000000000000000 ) ) ;
#108 = VECTOR ( 'NONE', #6013, 1000.000000000000000 ) ;
#109 = VERTEX_POINT ( 'NONE', #6510 ) ;
#110 = FACE_OUTER_BOUND ( 'NONE', #4959, .T. ) ;
#111 = DIRECTION ( 'NONE',  ( 0.000000000000000000, 0.000000000000000000, -1.000000000000000000 ) ) ;
#112 = VECTOR ( 'NONE', #1569, 1000.000000000000000 ) ;
#113 = VERTEX_POINT ( 'NONE', #1340 ) ;
#114 = EDGE_CURVE ( 'NONE', #2441, #4602, #328, .T. ) ;
#115 = VECTOR ( 'NONE', #5473, 1000.000000000000000 ) ;
#116 = DIRECTION ( 'NONE',  ( -0.000000000000000000, 0.000000000000000000, 1.000000000000000000 ) ) ;
#117 = ORIENTED_EDGE ( 'NONE', *, *, #6079, .T. ) ;
#118 = PLANE ( 'NONE',  #3091 ) ;
#119 = DIRECTION ( 'NONE',  ( -0.000000000000000000, -0.000000000000000000, 1.000000000000000000 ) ) ;
#120 = PLANE ( 'NONE',  #6343 ) ;
#121 = FACE_OUTER_BOUND ( 'NONE', #4326, .T. ) ;
#122 = CARTESIAN_POINT ( 'NONE',  ( 1.400000000000004130, -0.05000000000000000278, 1.400000000000000577 ) ) ;
#123 = DIRECTION ( 'NONE',  ( -0.000000000000000000, 0.000000000000000000, 1.000000000000000000 ) ) ;
#124 = ORIENTED_EDGE ( 'NONE', *, *, #3125, .F. ) ;
#125 = AXIS2_PLACEMENT_3D ( 'NONE', #2847, #1847, #4379 ) ;
#126 = LINE ( 'NONE', #3147, #1231 ) ;
#127 = EDGE_LOOP ( 'NONE', ( #637, #1121, #557, #6203 ) ) ;
#128 = ORIENTED_EDGE ( 'NONE', *, *, #893, .T. ) ;
#129 = ORIENTED_EDGE ( 'NONE', *, *, #6038, .F. ) ;
#130 = EDGE_CURVE ( 'NONE', #3307, #363, #5599, .T. ) ;
#131 = VECTOR ( 'NONE', #2586, 1000.000000000000000 ) ;
#132 = EDGE_CURVE ( 'NONE', #3877, #1886, #2330, .T. ) ;
#133 = ORIENTED_EDGE ( 'NONE', *, *, #5736, .F. ) ;
#134 = ORIENTED_EDGE ( 'NONE', *, *, #6185, .T. ) ;
#135 = CARTESIAN_POINT ( 'NONE',  ( -2.399999999999999911, -0.05000000000000000278, -2.600000000000000533 ) ) ;
#136 = DIRECTION ( 'NONE',  ( 1.000000000000000000, 0.000000000000000000, 0.000000000000000000 ) ) ;
#137 = FACE_OUTER_BOUND ( 'NONE', #60, .T. ) ;
#138 = CARTESIAN_POINT ( 'NONE',  ( -0.3999999999999980238, -0.05000000000000000278, 1.400000000000000577 ) ) ;
#139 = VERTEX_POINT ( 'NONE', #2462 ) ;
#140 = ORIENTED_EDGE ( 'NONE', *, *, #721, .F. ) ;
#141 = EDGE_CURVE ( 'NONE', #3200, #5080, #2021, .T. ) ;
#142 = DIRECTION ( 'NONE',  ( 1.000000000000000000, 0.000000000000000000, -0.000000000000000000 ) ) ;
#143 = VECTOR ( 'NONE', #2619, 1000.000000000000000 ) ;
#144 = ORIENTED_EDGE ( 'NONE', *, *, #6111, .T. ) ;
#145 = ORIENTED_EDGE ( 'NONE', *, *, #638, .T. ) ;
#146 = CARTESIAN_POINT ( 'NONE',  ( -0.8999999999999984679, -0.05000000000000000278, 1.400000000000000577 ) ) ;
#147 = FACE_OUTER_BOUND ( 'NONE', #3345, .T. ) ;
#148 = ADVANCED_FACE ( 'NONE', ( #4937 ), #935, .T. ) ;
#149 = ORIENTED_EDGE ( 'NONE', *, *, #4135, .T. ) ;
#150 = EDGE_CURVE ( 'NONE', #3552, #3077, #4862, .T. ) ;
#151 = ORIENTED_EDGE ( 'NONE', *, *, #5532, .T. ) ;
#152 = DIRECTION ( 'NONE',  ( 1.000000000000000000, 0.000000000000000000, 0.000000000000000000 ) ) ;
#153 = LINE ( 'NONE', #1607, #2307 ) ;
#154 = DIRECTION ( 'NONE',  ( -1.000000000000000000, 0.000000000000000000, -0.000000000000000000 ) ) ;
#155 = ORIENTED_EDGE ( 'NONE', *, *, #436, .F. ) ;
#156 = ORIENTED_EDGE ( 'NONE', *, *, #1704, .T. ) ;
#157 = CARTESIAN_POINT ( 'NONE',  ( 1.100000000000003419, -0.05000000000000000278, -2.600000000000000533 ) ) ;
#158 = AXIS2_PLACEMENT_3D ( 'NONE', #6427, #3383, #4840 ) ;
#159 = CARTESIAN_POINT ( 'NONE',  ( 0.000000000000000000, 0.2000000000000000111, 0.000000000000000000 ) ) ;
#160 = VECTOR ( 'NONE', #326, 1000.000000000000000 ) ;
#161 = CARTESIAN_POINT ( 'NONE',  ( -2.099999999999999201, -0.05000000000000000278, 1.400000000000000577 ) ) ;
#162 = ORIENTED_EDGE ( 'NONE', *, *, #2566, .T. ) ;
#163 = LINE ( 'NONE', #2233, #2392 ) ;
#164 = EDGE_LOOP ( 'NONE', ( #2742, #1058, #4581, #6519 ) ) ;
#165 = LINE ( 'NONE', #6017, #1203 ) ;
#166 = EDGE_CURVE ( 'NONE', #4685, #4915, #1533, .T. ) ;
#167 = EDGE_LOOP ( 'NONE', ( #277, #2868, #4507, #4479 ) ) ;
#168 = LINE ( 'NONE', #3310, #3521 ) ;
#169 = DIRECTION ( 'NONE',  ( -0.000000000000000000, 0.000000000000000000, 1.000000000000000000 ) ) ;
#170 = CARTESIAN_POINT ( 'NONE',  ( -3.600000000000000533, -0.05000000000000000278, 1.400000000000000577 ) ) ;
#171 = VECTOR ( 'NONE', #3257, 1000.000000000000000 ) ;
#172 = VECTOR ( 'NONE', #3229, 1000.000000000000000 ) ;
#173 = EDGE_CURVE ( 'NONE', #6552, #746, #878, .T. ) ;
#174 = DIRECTION ( 'NONE',  ( -0.000000000000000000, 1.000000000000000000, -0.000000000000000000 ) ) ;
#175 = CARTESIAN_POINT ( 'NONE',  ( 0.4000000000000032419, -0.05000000000000000278, -1.400000000000000577 ) ) ;
#176 = VERTEX_POINT ( 'NONE', #1522 ) ;
#177 = FACE_OUTER_BOUND ( 'NONE', #4369, .T. ) ;
#178 = UNCERTAINTY_MEASURE_WITH_UNIT (LENGTH_MEASURE( 1.000000000000000082E-05 ), #6002, 'distance_accuracy_value', 'NONE');
#179 = CARTESIAN_POINT ( 'NONE',  ( 2.100000000000004086, 0.2000000000000000111, 1.400000000000000577 ) ) ;
#180 = PLANE ( 'NONE',  #3467 ) ;
#181 = PLANE ( 'NONE',  #3735 ) ;
#182 = CARTESIAN_POINT ( 'NONE',  ( -0.3999999999999980238, 0.2000000000000000111, -1.400000000000000577 ) ) ;
#183 = EDGE_CURVE ( 'NONE', #2629, #6597, #651, .T. ) ;
#184 = LINE ( 'NONE', #1149, #2102 ) ;
#185 = ORIENTED_EDGE ( 'NONE', *, *, #2444, .F. ) ;
#186 = VECTOR ( 'NONE', #1515, 1000.000000000000000 ) ;
#187 = CARTESIAN_POINT ( 'NONE',  ( 0.1000000000000024342, -0.05000000000000000278, 2.600000000000000533 ) ) ;
#188 = VECTOR ( 'NONE', #6399, 1000.000000000000000 ) ;
#189 = CARTESIAN_POINT ( 'NONE',  ( -0.5999999999999976463, -0.05000000000000000278, 2.600000000000000533 ) ) ;
#190 = ORIENTED_EDGE ( 'NONE', *, *, #6390, .F. ) ;
#191 = AXIS2_PLACEMENT_3D ( 'NONE', #1657, #624, #3702 ) ;
#192 = CARTESIAN_POINT ( 'NONE',  ( -1.099999999999998090, -0.05000000000000000278, -1.400000000000000577 ) ) ;
#193 = VECTOR ( 'NONE', #4562, 1000.000000000000000 ) ;
#194 = ORIENTED_EDGE ( 'NONE', *, *, #3590, .T. ) ;
#195 = ORIENTED_EDGE ( 'NONE', *, *, #639, .F. ) ;
#196 = ORIENTED_EDGE ( 'NONE', *, *, #3757, .T. ) ;
#197 = CARTESIAN_POINT ( 'NONE',  ( 3.400000000000005684, -0.05000000000000000278, -2.600000000000000533 ) ) ;
#198 = CARTESIAN_POINT ( 'NONE',  ( -5.099999999999998757, 0.000000000000000000, 2.000000000000000000 ) ) ;
#199 = VECTOR ( 'NONE', #2119, 1000.000000000000000 ) ;
#200 = CARTESIAN_POINT ( 'NONE',  ( -0.3999999999999980238, 0.2000000000000000111, -2.000000000000000000 ) ) ;
#201 = EDGE_LOOP ( 'NONE', ( #4204, #2343, #4881, #3423 ) ) ;
#202 = CARTESIAN_POINT ( 'NONE',  ( -0.5999999999999976463, -0.05000000000000000278, -1.400000000000000577 ) ) ;
#203 = EDGE_CURVE ( 'NONE', #709, #6154, #4789, .T. ) ;
#204 = ORIENTED_EDGE ( 'NONE', *, *, #1962, .F. ) ;
#205 = AXIS2_PLACEMENT_3D ( 'NONE', #2150, #5614, #2106 ) ;
#206 = VERTEX_POINT ( 'NONE', #5597 ) ;
#207 = ORIENTED_EDGE ( 'NONE', *, *, #2376, .F. ) ;
#208 = LINE ( 'NONE', #5856, #4101 ) ;
#209 = ORIENTED_EDGE ( 'NONE', *, *, #1140, .T. ) ;
#210 = ORIENTED_EDGE ( 'NONE', *, *, #1828, .T. ) ;
#211 = EDGE_CURVE ( 'NONE', #3842, #2629, #3281, .T. ) ;
#212 = DIRECTION ( 'NONE',  ( 1.000000000000000000, 0.000000000000000000, 0.000000000000000000 ) ) ;
#213 = EDGE_CURVE ( 'NONE', #5195, #5692, #1366, .T. ) ;
#214 = VECTOR ( 'NONE', #1124, 1000.000000000000114 ) ;
#215 = VERTEX_POINT ( 'NONE', #426 ) ;
#216 = ORIENTED_EDGE ( 'NONE', *, *, #3328, .F. ) ;
#217 = CARTESIAN_POINT ( 'NONE',  ( -5.099999999999998757, 2.000000000000000000, 2.000000000000000000 ) ) ;
#218 = ADVANCED_FACE ( 'NONE', ( #5983 ), #471, .T. ) ;
#219 = FACE_OUTER_BOUND ( 'NONE', #2781, .T. ) ;
#220 = EDGE_CURVE ( 'NONE', #4365, #5935, #4632, .T. ) ;
#221 = DIRECTION ( 'NONE',  ( 1.000000000000000000, 0.000000000000000000, 0.000000000000000000 ) ) ;
#222 = DIRECTION ( 'NONE',  ( -0.000000000000000000, 1.000000000000000000, -0.000000000000000000 ) ) ;
#223 = ORIENTED_EDGE ( 'NONE', *, *, #4875, .F. ) ;
#224 = ORIENTED_EDGE ( 'NONE', *, *, #1742, .T. ) ;
#225 = CARTESIAN_POINT ( 'NONE',  ( -2.399999999999999911, 0.2000000000000000111, -1.400000000000000577 ) ) ;
#226 = DIRECTION ( 'NONE',  ( 0.000000000000000000, -0.000000000000000000, 1.000000000000000000 ) ) ;
#227 = FACE_OUTER_BOUND ( 'NONE', #43, .T. ) ;
#228 = EDGE_LOOP ( 'NONE', ( #4732, #4879, #3457, #2874, #1872, #289 ) ) ;
#229 = PLANE ( 'NONE',  #6046 ) ;
#230 = EDGE_LOOP ( 'NONE', ( #2590, #2028, #1672, #2196 ) ) ;
#231 = CARTESIAN_POINT ( 'NONE',  ( -2.399999999999999911, 0.000000000000000000, 0.000000000000000000 ) ) ;
#232 = LINE ( 'NONE', #1888, #3422 ) ;
#233 = EDGE_CURVE ( 'NONE', #2891, #2773, #4389, .T. ) ;
#234 = CARTESIAN_POINT ( 'NONE',  ( 1.600000000000003864, 0.2000000000000000111, -2.000000000000000000 ) ) ;
#235 = CARTESIAN_POINT ( 'NONE',  ( -5.099999999999998757, 0.000000000000000000, 2.000000000000000000 ) ) ;
#236 = VERTEX_POINT ( 'NONE', #5075 ) ;
#237 = ORIENTED_EDGE ( 'NONE', *, *, #6525, .T. ) ;
#238 = EDGE_LOOP ( 'NONE', ( #3728, #314, #1403, #3420, #5731, #6608 ) ) ;
#239 = CARTESIAN_POINT ( 'NONE',  ( 0.9000000000000036859, -0.05000000000000000278, 1.400000000000000577 ) ) ;
#240 = VECTOR ( 'NONE', #2282, 1000.000000000000000 ) ;
#241 = ORIENTED_EDGE ( 'NONE', *, *, #4265, .T. ) ;
#242 = LINE ( 'NONE', #3237, #2315 ) ;
#243 = ORIENTED_EDGE ( 'NONE', *, *, #352, .T. ) ;
#244 = CARTESIAN_POINT ( 'NONE',  ( -2.900000000000000355, -0.05000000000000000278, -1.400000000000000577 ) ) ;
#245 = CARTESIAN_POINT ( 'NONE',  ( -1.099999999999998535, 0.2000000000000000944, -2.000000000000000000 ) ) ;
#246 = CARTESIAN_POINT ( 'NONE',  ( -3.100000000000000089, -0.05000000000000000278, 2.600000000000000533 ) ) ;
#247 = PLANE ( 'NONE',  #4083 ) ;
#248 = VECTOR ( 'NONE', #407, 1000.000000000000000 ) ;
#249 = VECTOR ( 'NONE', #2285, 1000.000000000000000 ) ;
#250 = EDGE_CURVE ( 'NONE', #3687, #2556, #3534, .T. ) ;
#251 = EDGE_CURVE ( 'NONE', #3976, #5519, #4548, .T. ) ;
#252 = ADVANCED_FACE ( 'NONE', ( #567 ), #515, .F. ) ;
#253 = AXIS2_PLACEMENT_3D ( 'NONE', #5017, #2516, #5561 ) ;
#254 = VECTOR ( 'NONE', #3136, 1000.000000000000000 ) ;
#255 = CARTESIAN_POINT ( 'NONE',  ( -5.099999999999998757, 0.2000000000000000944, 2.000000000000000000 ) ) ;
#256 = FACE_OUTER_BOUND ( 'NONE', #1295, .T. ) ;
#257 = DIRECTION ( 'NONE',  ( 0.000000000000000000, 0.000000000000000000, 1.000000000000000000 ) ) ;
#258 = CARTESIAN_POINT ( 'NONE',  ( 0.9000000000000032419, 0.2000000000000000944, -2.000000000000000000 ) ) ;
#259 = VECTOR ( 'NONE', #4160, 1000.000000000000000 ) ;
#260 = EDGE_LOOP ( 'NONE', ( #2472, #318, #618, #5087 ) ) ;
#261 = VECTOR ( 'NONE', #978, 1000.000000000000000 ) ;
#262 = EDGE_CURVE ( 'NONE', #4196, #3198, #5346, .T. ) ;
#263 = AXIS2_PLACEMENT_3D ( 'NONE', #6610, #3982, #940 ) ;
#264 = VECTOR ( 'NONE', #1950, 1000.000000000000000 ) ;
#265 = DIRECTION ( 'NONE',  ( 0.000000000000000000, 1.000000000000000000, 0.000000000000000000 ) ) ;
#266 = VECTOR ( 'NONE', #6526, 1000.000000000000000 ) ;
#267 = VERTEX_POINT ( 'NONE', #3639 ) ;
#268 = CARTESIAN_POINT ( 'NONE',  ( 2.900000000000005240, 0.2000000000000000111, -2.600000000000000533 ) ) ;
#269 = VECTOR ( 'NONE', #6494, 1000.000000000000000 ) ;
#270 = CARTESIAN_POINT ( 'NONE',  ( -0.09999999999999722999, 0.2000000000000000111, -2.600000000000000533 ) ) ;
#271 = EDGE_LOOP ( 'NONE', ( #3820, #2836, #1251, #4238 ) ) ;
#272 = ADVANCED_FACE ( 'NONE', ( #320 ), #1125, .F. ) ;
#273 = LINE ( 'NONE', #3095, #2823 ) ;
#274 = CARTESIAN_POINT ( 'NONE',  ( -3.400000000000000799, -0.05000000000000000278, -1.400000000000000577 ) ) ;
#275 = ORIENTED_EDGE ( 'NONE', *, *, #6188, .T. ) ;
#276 = ORIENTED_EDGE ( 'NONE', *, *, #5365, .T. ) ;
#277 = ORIENTED_EDGE ( 'NONE', *, *, #5895, .F. ) ;
#278 = AXIS2_PLACEMENT_3D ( 'NONE', #4249, #3725, #3277 ) ;
#279 = CARTESIAN_POINT ( 'NONE',  ( 3.100000000000004974, -0.05000000000000000278, 2.600000000000000533 ) ) ;
#280 = ADVANCED_FACE ( 'NONE', ( #2011 ), #3096, .T. ) ;
#281 = VERTEX_POINT ( 'NONE', #4607 ) ;
#282 = DIRECTION ( 'NONE',  ( -0.000000000000000000, 1.000000000000000000, -0.000000000000000000 ) ) ;
#283 = ORIENTED_EDGE ( 'NONE', *, *, #3916, .T. ) ;
#284 = DIRECTION ( 'NONE',  ( 0.000000000000000000, -1.000000000000000000, 0.000000000000000000 ) ) ;
#285 = LINE ( 'NONE', #803, #4347 ) ;
#286 = EDGE_CURVE ( 'NONE', #2629, #1351, #793, .T. ) ;
#287 = AXIS2_PLACEMENT_3D ( 'NONE', #5244, #1687, #2201 ) ;
#288 = ORIENTED_EDGE ( 'NONE', *, *, #2948, .T. ) ;
#289 = ORIENTED_EDGE ( 'NONE', *, *, #4990, .T. ) ;
#290 = CARTESIAN_POINT ( 'NONE',  ( 0.000000000000000000, 0.2000000000000000111, 0.000000000000000000 ) ) ;
#291 = ORIENTED_EDGE ( 'NONE', *, *, #449, .F. ) ;
#292 = VERTEX_POINT ( 'NONE', #6199 ) ;
#293 = EDGE_CURVE ( 'NONE', #113, #2071, #3357, .T. ) ;
#294 = CARTESIAN_POINT ( 'NONE',  ( -2.900000000000000355, 0.000000000000000000, 2.000000000000000000 ) ) ;
#295 = EDGE_CURVE ( 'NONE', #3233, #577, #4152, .T. ) ;
#296 = VECTOR ( 'NONE', #585, 1000.000000000000000 ) ;
#297 = CARTESIAN_POINT ( 'NONE',  ( -2.599999999999999645, -0.05000000000000000278, -1.400000000000000577 ) ) ;
#298 = EDGE_LOOP ( 'NONE', ( #440, #4364, #1554, #128 ) ) ;
#299 = ORIENTED_EDGE ( 'NONE', *, *, #3464, .F. ) ;
#300 = DIRECTION ( 'NONE',  ( 0.000000000000000000, 0.000000000000000000, -1.000000000000000000 ) ) ;
#301 = EDGE_CURVE ( 'NONE', #1022, #1228, #647, .T. ) ;
#302 = ADVANCED_FACE ( 'NONE', ( #3984 ), #5098, .F. ) ;
#303 = LINE ( 'NONE', #5462, #2553 ) ;
#304 = CARTESIAN_POINT ( 'NONE',  ( -4.000000000000000000, 2.000000000000000000, -1.249999999999999778 ) ) ;
#306 = ORIENTED_EDGE ( 'NONE', *, *, #5610, .F. ) ;
#305 = CARTESIAN_POINT ( 'NONE',  ( -1.099999999999998090, 0.2000000000000000111, 2.600000000000000533 ) ) ;
#307 = EDGE_LOOP ( 'NONE', ( #1, #5818, #4492, #6044 ) ) ;
#308 = DIRECTION ( 'NONE',  ( -1.000000000000000000, 0.000000000000000000, 0.000000000000000000 ) ) ;
#309 = VECTOR ( 'NONE', #1398, 1000.000000000000000 ) ;
#310 = PLANE ( 'NONE',  #4332 ) ;
#311 = ORIENTED_EDGE ( 'NONE', *, *, #5241, .F. ) ;
#312 = ADVANCED_FACE ( 'NONE', ( #1206 ), #5659, .F. ) ;
#313 = VECTOR ( 'NONE', #1170, 1000.000000000000000 ) ;
#314 = ORIENTED_EDGE ( 'NONE', *, *, #790, .T. ) ;
#315 = AXIS2_PLACEMENT_3D ( 'NONE', #4866, #1829, #858 ) ;
#316 = DIRECTION ( 'NONE',  ( 1.000000000000000000, 0.000000000000000000, -0.000000000000000000 ) ) ;
#317 = VECTOR ( 'NONE', #1764, 1000.000000000000000 ) ;
#318 = ORIENTED_EDGE ( 'NONE', *, *, #6141, .T. ) ;
#319 = VECTOR ( 'NONE', #4935, 1000.000000000000000 ) ;
#320 = FACE_OUTER_BOUND ( 'NONE', #3044, .T. ) ;
#321 = EDGE_CURVE ( 'NONE', #1228, #3716, #5418, .T. ) ;
#322 = ORIENTED_EDGE ( 'NONE', *, *, #589, .F. ) ;
#323 = AXIS2_PLACEMENT_3D ( 'NONE', #3939, #4455, #1415 ) ;
#324 = FACE_OUTER_BOUND ( 'NONE', #1634, .T. ) ;
#325 = PLANE ( 'NONE',  #5962 ) ;
#326 = DIRECTION ( 'NONE',  ( 0.000000000000000000, 0.000000000000000000, -1.000000000000000000 ) ) ;
#327 = PLANE ( 'NONE',  #6582 ) ;
#328 = LINE ( 'NONE', #2390, #6385 ) ;
#329 = LINE ( 'NONE', #869, #880 ) ;
#330 = DIRECTION ( 'NONE',  ( 0.000000000000000000, 0.000000000000000000, -1.000000000000000000 ) ) ;
#331 = DIRECTION ( 'NONE',  ( 1.000000000000000000, 0.000000000000000000, 0.000000000000000000 ) ) ;
#332 = EDGE_CURVE ( 'NONE', #5810, #3233, #2801, .T. ) ;
#333 = EDGE_CURVE ( 'NONE', #5967, #5130, #5103, .T. ) ;
#334 = AXIS2_PLACEMENT_3D ( 'NONE', #4201, #3740, #19 ) ;
#335 = VECTOR ( 'NONE', #3662, 1000.000000000000000 ) ;
#336 = VECTOR ( 'NONE', #4909, 1000.000000000000000 ) ;
#337 = ORIENTED_EDGE ( 'NONE', *, *, #1742, .F. ) ;
#338 = VECTOR ( 'NONE', #4128, 1000.000000000000000 ) ;
#339 = EDGE_CURVE ( 'NONE', #1107, #3004, #5025, .T. ) ;
#340 = CARTESIAN_POINT ( 'NONE',  ( -0.09999999999999722999, 0.2000000000000000111, -1.400000000000000577 ) ) ;
#341 = LINE ( 'NONE', #5334, #5609 ) ;
#342 = ADVANCED_FACE ( 'NONE', ( #1838 ), #5640, .T. ) ;
#343 = ORIENTED_EDGE ( 'NONE', *, *, #3788, .T. ) ;
#344 = DIRECTION ( 'NONE',  ( -1.000000000000000000, 0.000000000000000000, -0.000000000000000000 ) ) ;
#345 = DIRECTION ( 'NONE',  ( 0.000000000000000000, 0.000000000000000000, -1.000000000000000000 ) ) ;
#346 = FACE_OUTER_BOUND ( 'NONE', #2178, .T. ) ;
#347 = CARTESIAN_POINT ( 'NONE',  ( -2.099999999999999201, -0.05000000000000000278, 1.400000000000000577 ) ) ;
#348 = ORIENTED_EDGE ( 'NONE', *, *, #929, .F. ) ;
#349 = ORIENTED_EDGE ( 'NONE', *, *, #2061, .T. ) ;
#350 = ORIENTED_EDGE ( 'NONE', *, *, #841, .F. ) ;
#351 = CARTESIAN_POINT ( 'NONE',  ( -2.399999999999999911, -0.05000000000000000278, 1.400000000000000577 ) ) ;
#352 = EDGE_CURVE ( 'NONE', #5318, #2362, #3826, .T. ) ;
#353 = CARTESIAN_POINT ( 'NONE',  ( 0.000000000000000000, 0.000000000000000000, 1.400000000000000577 ) ) ;
#354 = LINE ( 'NONE', #376, #4963 ) ;
#355 = DIRECTION ( 'NONE',  ( 0.000000000000000000, 1.000000000000000000, 0.000000000000000000 ) ) ;
#356 = ORIENTED_EDGE ( 'NONE', *, *, #2778, .T. ) ;
#357 = VERTEX_POINT ( 'NONE', #3114 ) ;
#358 = DIRECTION ( 'NONE',  ( -0.000000000000000000, 0.000000000000000000, -1.000000000000000000 ) ) ;
#359 = VERTEX_POINT ( 'NONE', #2621 ) ;
#360 = ORIENTED_EDGE ( 'NONE', *, *, #5227, .F. ) ;
#361 = DIRECTION ( 'NONE',  ( -0.000000000000000000, 1.000000000000000000, -0.000000000000000000 ) ) ;
#362 = LINE ( 'NONE', #1443, #1486 ) ;
#363 = VERTEX_POINT ( 'NONE', #5143 ) ;
#364 = ORIENTED_EDGE ( 'NONE', *, *, #6290, .F. ) ;
#365 = LINE ( 'NONE', #1543, #2924 ) ;
#366 = CARTESIAN_POINT ( 'NONE',  ( -2.099999999999999201, -0.05000000000000000278, 1.400000000000000577 ) ) ;
#367 = DIRECTION ( 'NONE',  ( 0.000000000000000000, 0.000000000000000000, -1.000000000000000000 ) ) ;
#368 = ORIENTED_EDGE ( 'NONE', *, *, #1450, .T. ) ;
#369 = ORIENTED_EDGE ( 'NONE', *, *, #2769, .T. ) ;
#370 = EDGE_CURVE ( 'NONE', #5709, #4922, #1287, .T. ) ;
#371 = DIRECTION ( 'NONE',  ( 0.000000000000000000, -1.000000000000000000, 0.000000000000000000 ) ) ;
#372 = EDGE_CURVE ( 'NONE', #3859, #5810, #6551, .T. ) ;
#373 = AXIS2_PLACEMENT_3D ( 'NONE', #3492, #499, #3061 ) ;
#374 = CARTESIAN_POINT ( 'NONE',  ( -1.599999999999998535, -0.05000000000000000278, 1.400000000000000577 ) ) ;
#375 = VECTOR ( 'NONE', #2256, 1000.000000000000114 ) ;
#376 = CARTESIAN_POINT ( 'NONE',  ( 3.100000000000005418, 2.000000000000000000, 2.000000000000000000 ) ) ;
#377 = ORIENTED_EDGE ( 'NONE', *, *, #1565, .T. ) ;
#378 = VERTEX_POINT ( 'NONE', #4759 ) ;
#379 = CARTESIAN_POINT ( 'NONE',  ( 2.100000000000004086, 0.000000000000000000, 0.000000000000000000 ) ) ;
#380 = ADVANCED_FACE ( 'NONE', ( #5265 ), #1735, .F. ) ;
#381 = CARTESIAN_POINT ( 'NONE',  ( 2.400000000000004796, -0.05000000000000000278, -1.400000000000000577 ) ) ;
#382 = VECTOR ( 'NONE', #1233, 1000.000000000000000 ) ;
#383 = EDGE_CURVE ( 'NONE', #5303, #2773, #6230, .T. ) ;
#384 = CARTESIAN_POINT ( 'NONE',  ( 1.600000000000004086, 0.2000000000000000944, 2.000000000000000000 ) ) ;
#385 = CARTESIAN_POINT ( 'NONE',  ( 0.000000000000000000, 0.000000000000000000, -1.400000000000000577 ) ) ;
#386 = ORIENTED_EDGE ( 'NONE', *, *, #6141, .F. ) ;
#387 = VERTEX_POINT ( 'NONE', #663 ) ;
#388 = DIRECTION ( 'NONE',  ( 1.916616770854234559E-16, -0.7071067811865414665, 0.7071067811865536790 ) ) ;
#389 = LINE ( 'NONE', #3321, #160 ) ;
#390 = ORIENTED_EDGE ( 'NONE', *, *, #2614, .T. ) ;
#391 = VECTOR ( 'NONE', #1678, 1000.000000000000000 ) ;
#392 = ORIENTED_EDGE ( 'NONE', *, *, #5679, .F. ) ;
#393 = CARTESIAN_POINT ( 'NONE',  ( -0.09999999999999722999, -0.05000000000000000278, 2.600000000000000533 ) ) ;
#394 = CARTESIAN_POINT ( 'NONE',  ( -2.900000000000000355, -0.05000000000000000278, 1.400000000000000577 ) ) ;
#395 = DIRECTION ( 'NONE',  ( 1.000000000000000000, 0.000000000000000000, -0.000000000000000000 ) ) ;
#396 = LINE ( 'NONE', #5145, #1062 ) ;
#397 = LINE ( 'NONE', #805, #2567 ) ;
#398 = ORIENTED_EDGE ( 'NONE', *, *, #1608, .F. ) ;
#399 = PLANE ( 'NONE',  #3957 ) ;
#400 = DIRECTION ( 'NONE',  ( 0.000000000000000000, 0.000000000000000000, -1.000000000000000000 ) ) ;
#401 = CARTESIAN_POINT ( 'NONE',  ( -2.099999999999999201, -0.05000000000000000278, -2.600000000000000533 ) ) ;
#402 = PLANE ( 'NONE',  #4629 ) ;
#403 = LINE ( 'NONE', #4164, #6374 ) ;
#404 = FACE_OUTER_BOUND ( 'NONE', #3754, .T. ) ;
#405 = DIRECTION ( 'NONE',  ( 0.000000000000000000, -0.000000000000000000, -1.000000000000000000 ) ) ;
#406 = CARTESIAN_POINT ( 'NONE',  ( -3.600000000000000533, -0.05000000000000000278, 2.600000000000000533 ) ) ;
#407 = DIRECTION ( 'NONE',  ( -0.000000000000000000, -0.000000000000000000, -1.000000000000000000 ) ) ;
#408 = VECTOR ( 'NONE', #5688, 1000.000000000000000 ) ;
#409 = LINE ( 'NONE', #1673, #3536 ) ;
#410 = CARTESIAN_POINT ( 'NONE',  ( -3.100000000000000977, -0.05000000000000000278, -1.400000000000000577 ) ) ;
#411 = ADVANCED_FACE ( 'NONE', ( #4063 ), #644, .F. ) ;
#412 = EDGE_CURVE ( 'NONE', #1577, #628, #2720, .T. ) ;
#413 = DIRECTION ( 'NONE',  ( 1.000000000000000000, 0.000000000000000000, 0.000000000000000000 ) ) ;
#414 = FACE_OUTER_BOUND ( 'NONE', #1680, .T. ) ;
#415 = ORIENTED_EDGE ( 'NONE', *, *, #203, .T. ) ;
#416 = LINE ( 'NONE', #6191, #5607 ) ;
#417 = CARTESIAN_POINT ( 'NONE',  ( -5.100000000000000533, 0.2000000000000000944, -2.000000000000000000 ) ) ;
#418 = DIRECTION ( 'NONE',  ( 0.000000000000000000, 0.000000000000000000, -1.000000000000000000 ) ) ;
#419 = LINE ( 'NONE', #5005, #4315 ) ;
#420 = CARTESIAN_POINT ( 'NONE',  ( -0.09999999999999722999, -0.05000000000000000278, -1.400000000000000577 ) ) ;
#421 = LINE ( 'NONE', #928, #797 ) ;
#422 = CARTESIAN_POINT ( 'NONE',  ( -0.09999999999999722999, 0.2000000000000000111, -2.600000000000000533 ) ) ;
#423 = EDGE_CURVE ( 'NONE', #6016, #6270, #1447, .T. ) ;
#424 = EDGE_CURVE ( 'NONE', #2581, #5471, #4713, .T. ) ;
#425 = DIRECTION ( 'NONE',  ( 0.000000000000000000, 0.000000000000000000, -1.000000000000000000 ) ) ;
#426 = CARTESIAN_POINT ( 'NONE',  ( -0.8999999999999984679, -0.05000000000000000278, -1.400000000000000577 ) ) ;
#427 = ORIENTED_EDGE ( 'NONE', *, *, #1230, .F. ) ;
#428 = CARTESIAN_POINT ( 'NONE',  ( -2.900000000000000355, -0.05000000000000000278, 1.400000000000000577 ) ) ;
#429 = ORIENTED_EDGE ( 'NONE', *, *, #832, .F. ) ;
#430 = LINE ( 'NONE', #5853, #5210 ) ;
#431 = DIRECTION ( 'NONE',  ( 0.000000000000000000, -0.000000000000000000, 1.000000000000000000 ) ) ;
#432 = CARTESIAN_POINT ( 'NONE',  ( 0.000000000000000000, -0.05000000000000000278, 0.000000000000000000 ) ) ;
#433 = ORIENTED_EDGE ( 'NONE', *, *, #5845, .F. ) ;
#434 = CARTESIAN_POINT ( 'NONE',  ( 3.600000000000005862, 2.000000000000000000, -2.000000000000000000 ) ) ;
#435 = EDGE_LOOP ( 'NONE', ( #520, #1374, #5548, #4489, #3486, #3738 ) ) ;
#436 = EDGE_CURVE ( 'NONE', #3316, #2788, #3751, .T. ) ;
#437 = CARTESIAN_POINT ( 'NONE',  ( 2.100000000000004086, 0.2000000000000000111, -2.000000000000000000 ) ) ;
#438 = LINE ( 'NONE', #550, #5216 ) ;
#439 = ORIENTED_EDGE ( 'NONE', *, *, #6245, .T. ) ;
#440 = ORIENTED_EDGE ( 'NONE', *, *, #2433, .T. ) ;
#441 = ORIENTED_EDGE ( 'NONE', *, *, #602, .F. ) ;
#442 = ADVANCED_FACE ( 'NONE', ( #2492 ), #2190, .F. ) ;
#443 = PLANE ( 'NONE',  #5950 ) ;
#444 = VECTOR ( 'NONE', #5631, 1000.000000000000000 ) ;
#445 = DIRECTION ( 'NONE',  ( -0.000000000000000000, 1.000000000000000000, -0.000000000000000000 ) ) ;
#446 = ORIENTED_EDGE ( 'NONE', *, *, #1753, .T. ) ;
#447 = ORIENTED_EDGE ( 'NONE', *, *, #4647, .T. ) ;
#448 = CARTESIAN_POINT ( 'NONE',  ( -0.8999999999999980238, 2.000000000000000000, -2.000000000000000000 ) ) ;
#449 = EDGE_CURVE ( 'NONE', #1063, #4893, #1136, .T. ) ;
#450 = ADVANCED_FACE ( 'NONE', ( #1363 ), #181, .F. ) ;
#451 = FACE_OUTER_BOUND ( 'NONE', #1041, .T. ) ;
#452 = CARTESIAN_POINT ( 'NONE',  ( 3.400000000000005684, -0.05000000000000000278, -2.600000000000000533 ) ) ;
#453 = ORIENTED_EDGE ( 'NONE', *, *, #4955, .T. ) ;
#454 = EDGE_LOOP ( 'NONE', ( #4429, #1699, #3793, #2120 ) ) ;
#455 = CARTESIAN_POINT ( 'NONE',  ( 1.900000000000004574, -0.05000000000000000278, 1.400000000000000577 ) ) ;
#456 = LINE ( 'NONE', #769, #843 ) ;
#457 = AXIS2_PLACEMENT_3D ( 'NONE', #5395, #5886, #818 ) ;
#458 = DIRECTION ( 'NONE',  ( 0.000000000000000000, -1.000000000000000000, 0.000000000000000000 ) ) ;
#459 = EDGE_LOOP ( 'NONE', ( #5664, #5869, #306, #3225 ) ) ;
#460 = ORIENTED_EDGE ( 'NONE', *, *, #2575, .F. ) ;
#461 = DIRECTION ( 'NONE',  ( 0.000000000000000000, 0.000000000000000000, 1.000000000000000000 ) ) ;
#462 = LINE ( 'NONE', #4527, #2698 ) ;
#463 = CARTESIAN_POINT ( 'NONE',  ( -0.5999999999999976463, 0.2000000000000000111, -2.600000000000000533 ) ) ;
#464 = ORIENTED_EDGE ( 'NONE', *, *, #4197, .F. ) ;
#465 = ORIENTED_EDGE ( 'NONE', *, *, #6350, .F. ) ;
#466 = EDGE_CURVE ( 'NONE', #5771, #5195, #965, .T. ) ;
#467 = EDGE_CURVE ( 'NONE', #6363, #3985, #3526, .T. ) ;
#468 = LINE ( 'NONE', #3418, #1989 ) ;
#469 = CARTESIAN_POINT ( 'NONE',  ( 2.100000000000004086, -0.05000000000000000278, 1.400000000000000577 ) ) ;
#470 = CARTESIAN_POINT ( 'NONE',  ( -0.3999999999999980238, -0.05000000000000000278, -2.600000000000000533 ) ) ;
#471 = PLANE ( 'NONE',  #5657 ) ;
#472 = VERTEX_POINT ( 'NONE', #705 ) ;
#473 = VERTEX_POINT ( 'NONE', #6320 ) ;
#474 = DIRECTION ( 'NONE',  ( 0.000000000000000000, 1.000000000000000000, 0.000000000000000000 ) ) ;
#475 = ADVANCED_FACE ( 'NONE', ( #3057 ), #3199, .T. ) ;
#476 = EDGE_CURVE ( 'NONE', #4900, #6219, #2173, .T. ) ;
#477 = DIRECTION ( 'NONE',  ( -0.000000000000000000, 1.000000000000000000, -0.000000000000000000 ) ) ;
#478 = ORIENTED_EDGE ( 'NONE', *, *, #1781, .T. ) ;
#479 = FACE_OUTER_BOUND ( 'NONE', #480, .T. ) ;
#480 = EDGE_LOOP ( 'NONE', ( #1502, #1508, #3862, #2760 ) ) ;
#481 = CARTESIAN_POINT ( 'NONE',  ( -5.099999999999998757, 0.2000000000000000944, 2.000000000000000000 ) ) ;
#482 = ADVANCED_FACE ( 'NONE', ( #5673 ), #4314, .F. ) ;
#483 = CARTESIAN_POINT ( 'NONE',  ( 2.600000000000004530, -0.05000000000000000278, 1.400000000000000577 ) ) ;
#484 = LINE ( 'NONE', #5150, #640 ) ;
#485 = VECTOR ( 'NONE', #4830, 1000.000000000000000 ) ;
#486 = DIRECTION ( 'NONE',  ( 0.000000000000000000, 1.000000000000000000, 0.000000000000000000 ) ) ;
#487 = EDGE_CURVE ( 'NONE', #206, #387, #1615, .T. ) ;
#488 = DIRECTION ( 'NONE',  ( -0.000000000000000000, -0.000000000000000000, -1.000000000000000000 ) ) ;
#489 = FACE_OUTER_BOUND ( 'NONE', #5094, .T. ) ;
#490 = ORIENTED_EDGE ( 'NONE', *, *, #4224, .T. ) ;
#491 = LINE ( 'NONE', #1178, #3059 ) ;
#492 = DIRECTION ( 'NONE',  ( -0.000000000000000000, 1.000000000000000000, -0.000000000000000000 ) ) ;
#493 = CARTESIAN_POINT ( 'NONE',  ( 1.600000000000004086, 2.000000000000000000, -2.000000000000000000 ) ) ;
#494 = CARTESIAN_POINT ( 'NONE',  ( 4.149999999999997691, 3.649999999999998579, 0.5000000000000016653 ) ) ;
#495 = VECTOR ( 'NONE', #3050, 1000.000000000000000 ) ;
#496 = ORIENTED_EDGE ( 'NONE', *, *, #114, .F. ) ;
#497 = VECTOR ( 'NONE', #513, 1000.000000000000000 ) ;
#498 = DIRECTION ( 'NONE',  ( -0.000000000000000000, 1.000000000000000000, -0.000000000000000000 ) ) ;
#499 = DIRECTION ( 'NONE',  ( 1.000000000000000000, 0.000000000000000000, -0.000000000000000000 ) ) ;
#500 = LINE ( 'NONE', #3518, #1938 ) ;
#501 = FACE_OUTER_BOUND ( 'NONE', #2613, .T. ) ;
#502 = ORIENTED_EDGE ( 'NONE', *, *, #4646, .T. ) ;
#503 = LINE ( 'NONE', #5111, #4716 ) ;
#504 = EDGE_LOOP ( 'NONE', ( #3392, #478, #3884, #6345, #5162, #3833 ) ) ;
#505 = EDGE_CURVE ( 'NONE', #1376, #2235, #1688, .T. ) ;
#506 = AXIS2_PLACEMENT_3D ( 'NONE', #2759, #6317, #3359 ) ;
#507 = DIRECTION ( 'NONE',  ( -1.000000000000000000, 0.000000000000000000, -0.000000000000000000 ) ) ;
#508 = ADVANCED_FACE ( 'NONE', ( #489 ), #4054, .F. ) ;
#509 = LINE ( 'NONE', #2838, #1784 ) ;
#510 = CARTESIAN_POINT ( 'NONE',  ( -3.400000000000000799, -0.05000000000000000278, -1.400000000000000577 ) ) ;
#511 = PLANE ( 'NONE',  #1324 ) ;
#512 = ORIENTED_EDGE ( 'NONE', *, *, #2648, .F. ) ;
#513 = DIRECTION ( 'NONE',  ( -1.000000000000000000, -0.000000000000000000, -0.000000000000000000 ) ) ;
#514 = EDGE_CURVE ( 'NONE', #3992, #6575, #1684, .T. ) ;
#515 = PLANE ( 'NONE',  #2039 ) ;
#516 = ADVANCED_FACE ( 'NONE', ( #5756 ), #3010, .F. ) ;
#517 = VERTEX_POINT ( 'NONE', #4287 ) ;
#518 = ORIENTED_EDGE ( 'NONE', *, *, #5852, .T. ) ;
#519 = DIRECTION ( 'NONE',  ( 1.000000000000000000, 0.000000000000000000, 0.000000000000000000 ) ) ;
#520 = ORIENTED_EDGE ( 'NONE', *, *, #4393, .T. ) ;
#521 = LINE ( 'NONE', #420, #2275 ) ;
#522 = DIRECTION ( 'NONE',  ( 1.000000000000000000, 0.000000000000000000, 0.000000000000000000 ) ) ;
#523 = ORIENTED_EDGE ( 'NONE', *, *, #4979, .F. ) ;
#524 = ORIENTED_EDGE ( 'NONE', *, *, #2525, .T. ) ;
#525 = EDGE_CURVE ( 'NONE', #6575, #1891, #2797, .T. ) ;
#526 = CARTESIAN_POINT ( 'NONE',  ( -1.899999999999999245, 0.000000000000000000, -2.000000000000000000 ) ) ;
#527 = ORIENTED_EDGE ( 'NONE', *, *, #3271, .T. ) ;
#528 = VECTOR ( 'NONE', #2334, 1000.000000000000000 ) ;
#529 = CARTESIAN_POINT ( 'NONE',  ( 0.000000000000000000, 0.000000000000000000, -1.400000000000000577 ) ) ;
#530 = ORIENTED_EDGE ( 'NONE', *, *, #2538, .T. ) ;
#531 = ORIENTED_EDGE ( 'NONE', *, *, #2226, .F. ) ;
#532 = DIRECTION ( 'NONE',  ( 0.000000000000000000, 0.000000000000000000, -1.000000000000000000 ) ) ;
#533 = CARTESIAN_POINT ( 'NONE',  ( 3.100000000000004974, 0.2000000000000000111, -2.600000000000000533 ) ) ;
#534 = DIRECTION ( 'NONE',  ( 1.000000000000000000, 0.000000000000000000, -0.000000000000000000 ) ) ;
#535 = ORIENTED_EDGE ( 'NONE', *, *, #5074, .T. ) ;
#536 = ORIENTED_EDGE ( 'NONE', *, *, #1792, .F. ) ;
#537 = CARTESIAN_POINT ( 'NONE',  ( -1.099999999999998090, 0.000000000000000000, 0.000000000000000000 ) ) ;
#538 = DIRECTION ( 'NONE',  ( -0.000000000000000000, 1.000000000000000000, -0.000000000000000000 ) ) ;
#539 = DIRECTION ( 'NONE',  ( 0.000000000000000000, 0.000000000000000000, 1.000000000000000000 ) ) ;
#540 = LINE ( 'NONE', #3048, #2068 ) ;
#541 = ORIENTED_EDGE ( 'NONE', *, *, #2413, .T. ) ;
#542 = ORIENTED_EDGE ( 'NONE', *, *, #1789, .F. ) ;
#543 = CARTESIAN_POINT ( 'NONE',  ( -5.100000000000000533, 0.2000000000000000944, -2.000000000000000000 ) ) ;
#544 = EDGE_CURVE ( 'NONE', #3877, #6183, #4853, .T. ) ;
#545 = CARTESIAN_POINT ( 'NONE',  ( -3.400000000000000799, -0.05000000000000000278, -2.600000000000000533 ) ) ;
#546 = VECTOR ( 'NONE', #2502, 1000.000000000000000 ) ;
#547 = VERTEX_POINT ( 'NONE', #5059 ) ;
#548 = ORIENTED_EDGE ( 'NONE', *, *, #3208, .T. ) ;
#549 = CARTESIAN_POINT ( 'NONE',  ( 0.1000000000000024342, 0.000000000000000000, -1.400000000000000577 ) ) ;
#550 = CARTESIAN_POINT ( 'NONE',  ( -2.099999999999999201, 0.2000000000000000111, 2.600000000000000533 ) ) ;
#551 = VECTOR ( 'NONE', #997, 1000.000000000000000 ) ;
#552 = EDGE_CURVE ( 'NONE', #5301, #2683, #2005, .T. ) ;
#553 = CARTESIAN_POINT ( 'NONE',  ( -3.900000000000000799, 3.899999999999999911, -0.7499999999999993339 ) ) ;
#554 = ORIENTED_EDGE ( 'NONE', *, *, #3683, .T. ) ;
#555 = EDGE_CURVE ( 'NONE', #5432, #6286, #5751, .T. ) ;
#556 = LINE ( 'NONE', #3614, #1350 ) ;
#557 = ORIENTED_EDGE ( 'NONE', *, *, #3938, .F. ) ;
#558 = PLANE ( 'NONE',  #4648 ) ;
#559 = CARTESIAN_POINT ( 'NONE',  ( 0.1000000000000024342, 0.2000000000000000111, 1.400000000000000577 ) ) ;
#560 = CARTESIAN_POINT ( 'NONE',  ( -0.8999999999999984679, -0.05000000000000000278, -1.400000000000000577 ) ) ;
#561 = VECTOR ( 'NONE', #1354, 1000.000000000000000 ) ;
#562 = VERTEX_POINT ( 'NONE', #6109 ) ;
#563 = EDGE_CURVE ( 'NONE', #6473, #2161, #6066, .T. ) ;
#564 = CARTESIAN_POINT ( 'NONE',  ( -0.8999999999999984679, -0.05000000000000000278, 1.400000000000000577 ) ) ;
#565 = VECTOR ( 'NONE', #4431, 1000.000000000000000 ) ;
#566 = CARTESIAN_POINT ( 'NONE',  ( -5.100000000000000533, 2.000000000000000000, -2.000000000000000000 ) ) ;
#567 = FACE_OUTER_BOUND ( 'NONE', #6132, .T. ) ;
#568 = VECTOR ( 'NONE', #27, 1000.000000000000000 ) ;
#569 = EDGE_CURVE ( 'NONE', #667, #2331, #2963, .T. ) ;
#570 = CARTESIAN_POINT ( 'NONE',  ( -3.600000000000000533, -0.05000000000000000278, -1.400000000000000577 ) ) ;
#571 = CARTESIAN_POINT ( 'NONE',  ( -3.600000000000000533, -0.05000000000000000278, 1.400000000000000577 ) ) ;
#572 = LINE ( 'NONE', #3117, #6384 ) ;
#573 = LINE ( 'NONE', #1658, #4471 ) ;
#574 = ORIENTED_EDGE ( 'NONE', *, *, #4542, .T. ) ;
#575 = LINE ( 'NONE', #6142, #1375 ) ;
#576 = CARTESIAN_POINT ( 'NONE',  ( -3.600000000000000533, -0.05000000000000000278, 1.400000000000000577 ) ) ;
#577 = VERTEX_POINT ( 'NONE', #1461 ) ;
#578 = CARTESIAN_POINT ( 'NONE',  ( 0.000000000000000000, 0.000000000000000000, 1.400000000000000577 ) ) ;
#579 = DIRECTION ( 'NONE',  ( -1.000000000000000000, -0.000000000000000000, -0.000000000000000000 ) ) ;
#580 = AXIS2_PLACEMENT_3D ( 'NONE', #2121, #5676, #94 ) ;
#581 = LINE ( 'NONE', #5647, #4000 ) ;
#582 = LINE ( 'NONE', #4999, #2177 ) ;
#583 = DIRECTION ( 'NONE',  ( 0.000000000000000000, -1.000000000000000000, 0.000000000000000000 ) ) ;
#584 = ORIENTED_EDGE ( 'NONE', *, *, #6437, .T. ) ;
#585 = DIRECTION ( 'NONE',  ( -1.000000000000000000, -0.000000000000000000, -0.000000000000000000 ) ) ;
#586 = DIRECTION ( 'NONE',  ( -0.000000000000000000, 1.000000000000000000, -0.000000000000000000 ) ) ;
#587 = ORIENTED_EDGE ( 'NONE', *, *, #211, .F. ) ;
#588 = LINE ( 'NONE', #2997, #6487 ) ;
#589 = EDGE_CURVE ( 'NONE', #3318, #3792, #1050, .T. ) ;
#590 = PLANE ( 'NONE',  #1202 ) ;
#591 = EDGE_CURVE ( 'NONE', #5489, #3399, #4545, .T. ) ;
#592 = AXIS2_PLACEMENT_3D ( 'NONE', #1304, #4775, #5286 ) ;
#593 = PLANE ( 'NONE',  #6000 ) ;
#594 = ORIENTED_EDGE ( 'NONE', *, *, #544, .T. ) ;
#595 = DIRECTION ( 'NONE',  ( 0.000000000000000000, -1.000000000000000000, 0.000000000000000000 ) ) ;
#596 = FACE_OUTER_BOUND ( 'NONE', #238, .T. ) ;
#597 = ORIENTED_EDGE ( 'NONE', *, *, #5592, .F. ) ;
#598 = ORIENTED_EDGE ( 'NONE', *, *, #5677, .F. ) ;
#599 = ORIENTED_EDGE ( 'NONE', *, *, #5421, .F. ) ;
#600 = CARTESIAN_POINT ( 'NONE',  ( -2.599999999999999645, -0.05000000000000000278, 1.400000000000000577 ) ) ;
#601 = DIRECTION ( 'NONE',  ( -0.000000000000000000, 0.000000000000000000, -1.000000000000000000 ) ) ;
#602 = EDGE_CURVE ( 'NONE', #6265, #3976, #3520, .T. ) ;
#603 = DIRECTION ( 'NONE',  ( -0.7071067811865536790, -0.7071067811865414665, -0.000000000000000000 ) ) ;
#604 = AXIS2_PLACEMENT_3D ( 'NONE', #5857, #2210, #2231 ) ;
#605 = VECTOR ( 'NONE', #897, 1000.000000000000000 ) ;
#606 = CARTESIAN_POINT ( 'NONE',  ( 1.100000000000003419, -0.05000000000000000278, 2.600000000000000533 ) ) ;
#607 = CARTESIAN_POINT ( 'NONE',  ( 3.400000000000005240, 0.000000000000000000, 2.000000000000000000 ) ) ;
#608 = VERTEX_POINT ( 'NONE', #2024 ) ;
#609 = ORIENTED_EDGE ( 'NONE', *, *, #4744, .T. ) ;
#610 = CARTESIAN_POINT ( 'NONE',  ( 1.100000000000003419, 0.000000000000000000, 1.400000000000000577 ) ) ;
#611 = VECTOR ( 'NONE', #1147, 1000.000000000000000 ) ;
#612 = ORIENTED_EDGE ( 'NONE', *, *, #5309, .F. ) ;
#613 = ORIENTED_EDGE ( 'NONE', *, *, #2188, .F. ) ;
#614 = DIRECTION ( 'NONE',  ( -0.000000000000000000, 0.000000000000000000, -1.000000000000000000 ) ) ;
#615 = DIRECTION ( 'NONE',  ( 0.000000000000000000, -1.000000000000000000, 0.000000000000000000 ) ) ;
#616 = LINE ( 'NONE', #4423, #1659 ) ;
#617 = ORIENTED_EDGE ( 'NONE', *, *, #372, .F. ) ;
#618 = ORIENTED_EDGE ( 'NONE', *, *, #6409, .F. ) ;
#619 = CARTESIAN_POINT ( 'NONE',  ( 1.600000000000003864, 0.2000000000000000111, 2.600000000000000533 ) ) ;
#620 = LINE ( 'NONE', #5151, #2372 ) ;
#621 = DIRECTION ( 'NONE',  ( 0.000000000000000000, -1.000000000000000000, 0.000000000000000000 ) ) ;
#622 = AXIS2_PLACEMENT_3D ( 'NONE', #2212, #4227, #5255 ) ;
#623 = DIRECTION ( 'NONE',  ( 0.000000000000000000, -1.000000000000000000, 0.000000000000000000 ) ) ;
#624 = DIRECTION ( 'NONE',  ( 0.000000000000000000, -1.000000000000000000, 0.000000000000000000 ) ) ;
#625 = ORIENTED_EDGE ( 'NONE', *, *, #569, .T. ) ;
#626 = ORIENTED_EDGE ( 'NONE', *, *, #1812, .T. ) ;
#627 = FACE_OUTER_BOUND ( 'NONE', #4029, .T. ) ;
#628 = VERTEX_POINT ( 'NONE', #2467 ) ;
#629 = CARTESIAN_POINT ( 'NONE',  ( -1.899999999999999245, 0.2000000000000000111, -2.600000000000000533 ) ) ;
#630 = ORIENTED_EDGE ( 'NONE', *, *, #250, .F. ) ;
#631 = EDGE_CURVE ( 'NONE', #4336, #1599, #6545, .T. ) ;
#632 = CARTESIAN_POINT ( 'NONE',  ( -4.000000000000000000, 3.899999999999999911, 0.6500000000000010214 ) ) ;
#633 = EDGE_LOOP ( 'NONE', ( #2908, #1598, #1570, #1650 ) ) ;
#634 = ORIENTED_EDGE ( 'NONE', *, *, #5969, .F. ) ;
#635 = VECTOR ( 'NONE', #2682, 1000.000000000000000 ) ;
#636 = DIRECTION ( 'NONE',  ( 0.000000000000000000, 1.000000000000000000, 0.000000000000000000 ) ) ;
#637 = ORIENTED_EDGE ( 'NONE', *, *, #5870, .F. ) ;
#638 = EDGE_CURVE ( 'NONE', #6048, #4900, #6302, .T. ) ;
#639 = EDGE_CURVE ( 'NONE', #473, #2278, #4932, .T. ) ;
#640 = VECTOR ( 'NONE', #4661, 1000.000000000000000 ) ;
#641 = VECTOR ( 'NONE', #3395, 1000.000000000000000 ) ;
#642 = DIRECTION ( 'NONE',  ( 0.000000000000000000, -0.000000000000000000, -1.000000000000000000 ) ) ;
#643 = DIRECTION ( 'NONE',  ( -0.000000000000000000, 1.000000000000000000, -0.000000000000000000 ) ) ;
#644 = PLANE ( 'NONE',  #3394 ) ;
#645 = DIRECTION ( 'NONE',  ( -1.000000000000000000, 0.000000000000000000, -0.000000000000000000 ) ) ;
#646 = DIRECTION ( 'NONE',  ( 0.000000000000000000, -1.000000000000000000, 0.000000000000000000 ) ) ;
#647 = LINE ( 'NONE', #122, #6458 ) ;
#648 = LINE ( 'NONE', #1232, #172 ) ;
#649 = EDGE_CURVE ( 'NONE', #6166, #1255, #5978, .T. ) ;
#650 = CARTESIAN_POINT ( 'NONE',  ( 2.100000000000004530, 0.2000000000000000944, 2.000000000000000000 ) ) ;
#651 = LINE ( 'NONE', #2977, #3064 ) ;
#652 = VERTEX_POINT ( 'NONE', #2160 ) ;
#653 = LINE ( 'NONE', #5439, #3218 ) ;
#654 = CARTESIAN_POINT ( 'NONE',  ( -2.099999999999999201, -0.05000000000000000278, -1.400000000000000577 ) ) ;
#655 = PLANE ( 'NONE',  #287 ) ;
#656 = FACE_OUTER_BOUND ( 'NONE', #6583, .T. ) ;
#657 = DIRECTION ( 'NONE',  ( -1.000000000000000000, 0.000000000000000000, 0.000000000000000000 ) ) ;
#658 = ORIENTED_EDGE ( 'NONE', *, *, #2994, .T. ) ;
#659 = LINE ( 'NONE', #1936, #2186 ) ;
#660 = VERTEX_POINT ( 'NONE', #610 ) ;
#661 = CARTESIAN_POINT ( 'NONE',  ( -2.399999999999999911, 0.2000000000000000111, 1.400000000000000577 ) ) ;
#662 = VECTOR ( 'NONE', #2352, 1000.000000000000000 ) ;
#663 = CARTESIAN_POINT ( 'NONE',  ( 1.900000000000004574, 0.2000000000000000111, 2.000000000000000000 ) ) ;
#664 = ORIENTED_EDGE ( 'NONE', *, *, #97, .T. ) ;
#665 = ORIENTED_EDGE ( 'NONE', *, *, #5725, .T. ) ;
#666 = FACE_OUTER_BOUND ( 'NONE', #6523, .T. ) ;
#667 = VERTEX_POINT ( 'NONE', #3121 ) ;
#668 = DIRECTION ( 'NONE',  ( -0.000000000000000000, 1.000000000000000000, -0.000000000000000000 ) ) ;
#669 = ORIENTED_EDGE ( 'NONE', *, *, #2992, .F. ) ;
#670 = VERTEX_POINT ( 'NONE', #4144 ) ;
#671 = EDGE_CURVE ( 'NONE', #737, #5967, #3206, .T. ) ;
#672 = LINE ( 'NONE', #4438, #605 ) ;
#673 = CARTESIAN_POINT ( 'NONE',  ( 3.600000000000005418, -0.05000000000000000278, 2.600000000000000533 ) ) ;
#674 = DIRECTION ( 'NONE',  ( 1.000000000000000000, 0.000000000000000000, -0.000000000000000000 ) ) ;
#675 = EDGE_CURVE ( 'NONE', #4893, #5557, #5183, .T. ) ;
#676 = AXIS2_PLACEMENT_3D ( 'NONE', #1771, #1754, #3772 ) ;
#677 = ORIENTED_EDGE ( 'NONE', *, *, #3172, .F. ) ;
#678 = ORIENTED_EDGE ( 'NONE', *, *, #424, .F. ) ;
#679 = VERTEX_POINT ( 'NONE', #5102 ) ;
#680 = DIRECTION ( 'NONE',  ( -1.000000000000000000, 0.000000000000000000, -0.000000000000000000 ) ) ;
#681 = VECTOR ( 'NONE', #300, 1000.000000000000000 ) ;
#682 = ORIENTED_EDGE ( 'NONE', *, *, #5690, .T. ) ;
#683 = VERTEX_POINT ( 'NONE', #2113 ) ;
#684 = EDGE_CURVE ( 'NONE', #6083, #6513, #1920, .T. ) ;
#685 = PLANE ( 'NONE',  #604 ) ;
#686 = DIRECTION ( 'NONE',  ( 0.000000000000000000, 0.000000000000000000, -1.000000000000000000 ) ) ;
#687 = CARTESIAN_POINT ( 'NONE',  ( -1.899999999999999245, -0.05000000000000000278, -2.600000000000000533 ) ) ;
#688 = CARTESIAN_POINT ( 'NONE',  ( 3.100000000000004974, 0.000000000000000000, 0.000000000000000000 ) ) ;
#689 = VECTOR ( 'NONE', #3638, 1000.000000000000000 ) ;
#690 = ORIENTED_EDGE ( 'NONE', *, *, #3995, .F. ) ;
#691 = VERTEX_POINT ( 'NONE', #3597 ) ;
#692 = DIRECTION ( 'NONE',  ( 1.000000000000000000, 0.000000000000000000, 0.000000000000000000 ) ) ;
#693 = VECTOR ( 'NONE', #2414, 1000.000000000000000 ) ;
#694 = VERTEX_POINT ( 'NONE', #1108 ) ;
#695 = EDGE_CURVE ( 'NONE', #5995, #857, #484, .T. ) ;
#696 = ORIENTED_EDGE ( 'NONE', *, *, #1024, .T. ) ;
#697 = CARTESIAN_POINT ( 'NONE',  ( 0.4000000000000032419, -0.05000000000000000278, 1.400000000000000577 ) ) ;
#698 = DIRECTION ( 'NONE',  ( 0.000000000000000000, 0.000000000000000000, -1.000000000000000000 ) ) ;
#699 = VECTOR ( 'NONE', #2185, 1000.000000000000000 ) ;
#700 = ORIENTED_EDGE ( 'NONE', *, *, #1544, .F. ) ;
#701 = VERTEX_POINT ( 'NONE', #4119 ) ;
#702 = DIRECTION ( 'NONE',  ( -1.000000000000000000, 0.000000000000000000, -0.000000000000000000 ) ) ;
#703 = VECTOR ( 'NONE', #2938, 1000.000000000000000 ) ;
#704 = CARTESIAN_POINT ( 'NONE',  ( -3.600000000000000533, 0.2000000000000000111, 2.600000000000000533 ) ) ;
#705 = CARTESIAN_POINT ( 'NONE',  ( 3.900000000000000799, 3.899999999999999911, 1.149999999999999467 ) ) ;
#706 = VERTEX_POINT ( 'NONE', #1088 ) ;
#707 = PLANE ( 'NONE',  #1949 ) ;
#708 = VECTOR ( 'NONE', #2740, 1000.000000000000000 ) ;
#709 = VERTEX_POINT ( 'NONE', #4635 ) ;
#710 = DIRECTION ( 'NONE',  ( -0.000000000000000000, 1.000000000000000000, -0.000000000000000000 ) ) ;
#711 = PLANE ( 'NONE',  #5717 ) ;
#712 = EDGE_CURVE ( 'NONE', #1484, #2071, #3598, .T. ) ;
#713 = VECTOR ( 'NONE', #5100, 1000.000000000000000 ) ;
#714 = EDGE_CURVE ( 'NONE', #1886, #6125, #5898, .T. ) ;
#715 = AXIS2_PLACEMENT_3D ( 'NONE', #1979, #4012, #6112 ) ;
#716 = VECTOR ( 'NONE', #3319, 1000.000000000000000 ) ;
#717 = ORIENTED_EDGE ( 'NONE', *, *, #449, .T. ) ;
#718 = CARTESIAN_POINT ( 'NONE',  ( -4.000000000000000000, 2.000000000000000000, 1.250000000000000666 ) ) ;
#719 = VECTOR ( 'NONE', #5846, 1000.000000000000000 ) ;
#720 = LINE ( 'NONE', #4750, #3436 ) ;
#721 = EDGE_CURVE ( 'NONE', #6328, #6497, #6224, .T. ) ;
#722 = DIRECTION ( 'NONE',  ( -0.000000000000000000, 1.000000000000000000, -0.000000000000000000 ) ) ;
#723 = VERTEX_POINT ( 'NONE', #6131 ) ;
#724 = VECTOR ( 'NONE', #6468, 1000.000000000000000 ) ;
#725 = CARTESIAN_POINT ( 'NONE',  ( 1.100000000000003419, 0.000000000000000000, 0.000000000000000000 ) ) ;
#726 = DIRECTION ( 'NONE',  ( -0.000000000000000000, 0.000000000000000000, 1.000000000000000000 ) ) ;
#727 = DIRECTION ( 'NONE',  ( -0.000000000000000000, -1.000000000000000000, -0.000000000000000000 ) ) ;
#728 = LINE ( 'NONE', #5189, #5115 ) ;
#729 = ORIENTED_EDGE ( 'NONE', *, *, #3568, .T. ) ;
#730 = LINE ( 'NONE', #1036, #6387 ) ;
#731 = DIRECTION ( 'NONE',  ( -1.000000000000000000, 0.000000000000000000, -0.000000000000000000 ) ) ;
#732 = DIRECTION ( 'NONE',  ( -1.000000000000000000, -0.000000000000000000, -0.000000000000000000 ) ) ;
#733 = VECTOR ( 'NONE', #867, 1000.000000000000000 ) ;
#734 = ADVANCED_FACE ( 'NONE', ( #4146 ), #84, .F. ) ;
#735 = VECTOR ( 'NONE', #4949, 1000.000000000000000 ) ;
#736 = CARTESIAN_POINT ( 'NONE',  ( -4.000000000000000000, 3.899999999999999911, -0.6500000000000000222 ) ) ;
#737 = VERTEX_POINT ( 'NONE', #3142 ) ;
#738 = ORIENTED_EDGE ( 'NONE', *, *, #712, .F. ) ;
#739 = FACE_OUTER_BOUND ( 'NONE', #6049, .T. ) ;
#740 = EDGE_LOOP ( 'NONE', ( #5866, #2300, #5147, #6295, #2434, #1367 ) ) ;
#741 = ORIENTED_EDGE ( 'NONE', *, *, #5905, .F. ) ;
#742 = DIRECTION ( 'NONE',  ( -1.000000000000000000, 0.000000000000000000, -0.000000000000000000 ) ) ;
#743 = LINE ( 'NONE', #6102, #5136 ) ;
#744 = ORIENTED_EDGE ( 'NONE', *, *, #3164, .T. ) ;
#745 = EDGE_CURVE ( 'NONE', #4449, #6050, #4462, .T. ) ;
#746 = VERTEX_POINT ( 'NONE', #4070 ) ;
#747 = AXIS2_PLACEMENT_3D ( 'NONE', #1939, #2386, #2895 ) ;
#748 = ORIENTED_EDGE ( 'NONE', *, *, #2813, .F. ) ;
#749 = ORIENTED_EDGE ( 'NONE', *, *, #4769, .T. ) ;
#750 = DIRECTION ( 'NONE',  ( -0.000000000000000000, 1.000000000000000000, -0.000000000000000000 ) ) ;
#751 = ORIENTED_EDGE ( 'NONE', *, *, #3546, .T. ) ;
#752 = EDGE_CURVE ( 'NONE', #2624, #1577, #4305, .T. ) ;
#753 = CARTESIAN_POINT ( 'NONE',  ( -5.099999999999998757, 2.000000000000000000, 2.000000000000000000 ) ) ;
#754 = EDGE_CURVE ( 'NONE', #2556, #6276, #403, .T. ) ;
#755 = AXIS2_PLACEMENT_3D ( 'NONE', #1445, #4043, #2458 ) ;
#756 = LINE ( 'NONE', #6064, #5152 ) ;
#757 = VERTEX_POINT ( 'NONE', #3163 ) ;
#758 = EDGE_LOOP ( 'NONE', ( #5116, #5174, #2618, #6506 ) ) ;
#759 = CARTESIAN_POINT ( 'NONE',  ( 3.516666666666671492, 4.283333333333334991, -0.7666666666666713814 ) ) ;
#760 = VECTOR ( 'NONE', #4359, 1000.000000000000000 ) ;
#761 = CARTESIAN_POINT ( 'NONE',  ( 1.900000000000004574, 0.2000000000000000111, -1.400000000000000577 ) ) ;
#762 = EDGE_CURVE ( 'NONE', #5329, #679, #4708, .T. ) ;
#763 = PLANE ( 'NONE',  #1082 ) ;
#764 = ORIENTED_EDGE ( 'NONE', *, *, #4895, .F. ) ;
#765 = ORIENTED_EDGE ( 'NONE', *, *, #4197, .T. ) ;
#766 = DIRECTION ( 'NONE',  ( 0.000000000000000000, -1.000000000000000000, 0.000000000000000000 ) ) ;
#767 = VECTOR ( 'NONE', #1662, 1000.000000000000000 ) ;
#768 = ORIENTED_EDGE ( 'NONE', *, *, #3955, .F. ) ;
#769 = CARTESIAN_POINT ( 'NONE',  ( 0.4000000000000032419, 0.2000000000000000111, -1.400000000000000577 ) ) ;
#770 = ORIENTED_EDGE ( 'NONE', *, *, #5167, .T. ) ;
#771 = ADVANCED_FACE ( 'NONE', ( #1610 ), #5192, .F. ) ;
#772 = CARTESIAN_POINT ( 'NONE',  ( -0.09999999999999722999, 0.2000000000000000111, 1.400000000000000577 ) ) ;
#773 = FACE_OUTER_BOUND ( 'NONE', #879, .T. ) ;
#774 = EDGE_CURVE ( 'NONE', #4656, #5398, #6145, .T. ) ;
#775 = DIRECTION ( 'NONE',  ( -1.000000000000000000, -0.000000000000000000, -0.000000000000000000 ) ) ;
#776 = ORIENTED_EDGE ( 'NONE', *, *, #4637, .F. ) ;
#777 = VERTEX_POINT ( 'NONE', #2794 ) ;
#778 = VERTEX_POINT ( 'NONE', #4615 ) ;
#779 = CARTESIAN_POINT ( 'NONE',  ( -3.400000000000000799, 0.000000000000000000, -2.000000000000000000 ) ) ;
#780 = ORIENTED_EDGE ( 'NONE', *, *, #5602, .T. ) ;
#781 = ORIENTED_EDGE ( 'NONE', *, *, #3503, .T. ) ;
#782 = VECTOR ( 'NONE', #1885, 1000.000000000000000 ) ;
#783 = VERTEX_POINT ( 'NONE', #5347 ) ;
#784 = AXIS2_PLACEMENT_3D ( 'NONE', #4295, #4805, #2743 ) ;
#785 = DIRECTION ( 'NONE',  ( 0.000000000000000000, -0.000000000000000000, -1.000000000000000000 ) ) ;
#786 = CARTESIAN_POINT ( 'NONE',  ( -1.399999999999998801, 0.000000000000000000, -1.400000000000000577 ) ) ;
#787 = VECTOR ( 'NONE', #522, 1000.000000000000000 ) ;
#788 = VECTOR ( 'NONE', #5328, 1000.000000000000000 ) ;
#789 = DIRECTION ( 'NONE',  ( 0.000000000000000000, 0.000000000000000000, -1.000000000000000000 ) ) ;
#790 = EDGE_CURVE ( 'NONE', #109, #5055, #2094, .T. ) ;
#791 = EDGE_CURVE ( 'NONE', #4349, #6016, #2488, .T. ) ;
#792 = AXIS2_PLACEMENT_3D ( 'NONE', #1217, #2291, #2333 ) ;
#793 = LINE ( 'NONE', #2663, #2571 ) ;
#794 = FACE_OUTER_BOUND ( 'NONE', #1779, .T. ) ;
#795 = DIRECTION ( 'NONE',  ( 0.000000000000000000, 0.000000000000000000, -1.000000000000000000 ) ) ;
#796 = DIRECTION ( 'NONE',  ( 0.000000000000000000, 0.000000000000000000, -1.000000000000000000 ) ) ;
#797 = VECTOR ( 'NONE', #5982, 1000.000000000000000 ) ;
#798 = ORIENTED_EDGE ( 'NONE', *, *, #1743, .T. ) ;
#799 = FACE_OUTER_BOUND ( 'NONE', #6208, .T. ) ;
#800 = EDGE_CURVE ( 'NONE', #2192, #387, #5668, .T. ) ;
#801 = PLANE ( 'NONE',  #6392 ) ;
#802 = ADVANCED_FACE ( 'NONE', ( #4786 ), #2344, .F. ) ;
#803 = CARTESIAN_POINT ( 'NONE',  ( 0.000000000000000000, 0.000000000000000000, -1.400000000000000577 ) ) ;
#804 = LINE ( 'NONE', #1042, #2666 ) ;
#805 = CARTESIAN_POINT ( 'NONE',  ( -3.100000000000000977, 0.2000000000000000111, -1.400000000000000577 ) ) ;
#806 = LINE ( 'NONE', #6284, #2667 ) ;
#807 = DIRECTION ( 'NONE',  ( -1.000000000000000000, -0.000000000000000000, -0.000000000000000000 ) ) ;
#808 = ORIENTED_EDGE ( 'NONE', *, *, #2345, .T. ) ;
#809 = CARTESIAN_POINT ( 'NONE',  ( 0.1000000000000024342, 0.2000000000000000111, -2.000000000000000000 ) ) ;
#810 = VECTOR ( 'NONE', #3470, 1000.000000000000000 ) ;
#811 = EDGE_CURVE ( 'NONE', #5015, #3609, #2397, .T. ) ;
#812 = CARTESIAN_POINT ( 'NONE',  ( 4.000000000000000000, 3.899999999999999911, 1.249999999999998890 ) ) ;
#813 = DIRECTION ( 'NONE',  ( -1.000000000000000000, -0.000000000000000000, -0.000000000000000000 ) ) ;
#814 = VERTEX_POINT ( 'NONE', #1745 ) ;
#815 = PLANE ( 'NONE',  #5835 ) ;
#816 = LINE ( 'NONE', #4650, #1164 ) ;
#817 = DIRECTION ( 'NONE',  ( -1.000000000000000000, 0.000000000000000000, -0.000000000000000000 ) ) ;
#818 = DIRECTION ( 'NONE',  ( 0.000000000000000000, -0.000000000000000000, 1.000000000000000000 ) ) ;
#819 = VERTEX_POINT ( 'NONE', #4320 ) ;
#820 = ORIENTED_EDGE ( 'NONE', *, *, #4082, .F. ) ;
#821 = ORIENTED_EDGE ( 'NONE', *, *, #5250, .T. ) ;
#822 = DIRECTION ( 'NONE',  ( 0.000000000000000000, -0.000000000000000000, -1.000000000000000000 ) ) ;
#823 = VECTOR ( 'NONE', #2520, 1000.000000000000000 ) ;
#824 = VERTEX_POINT ( 'NONE', #5902 ) ;
#825 = DIRECTION ( 'NONE',  ( 0.000000000000000000, 0.000000000000000000, -1.000000000000000000 ) ) ;
#826 = VERTEX_POINT ( 'NONE', #1298 ) ;
#827 = ADVANCED_FACE ( 'NONE', ( #2313 ), #1279, .F. ) ;
#828 = ORIENTED_EDGE ( 'NONE', *, *, #3348, .F. ) ;
#829 = DIRECTION ( 'NONE',  ( -0.000000000000000000, -1.000000000000000000, -0.000000000000000000 ) ) ;
#830 = DIRECTION ( 'NONE',  ( 0.000000000000000000, 1.000000000000000000, 0.000000000000000000 ) ) ;
#831 = VECTOR ( 'NONE', #5230, 1000.000000000000000 ) ;
#832 = EDGE_CURVE ( 'NONE', #652, #378, #2239, .T. ) ;
#833 = EDGE_LOOP ( 'NONE', ( #6485, #4436, #3504, #3566 ) ) ;
#834 = ORIENTED_EDGE ( 'NONE', *, *, #2167, .T. ) ;
#835 = CARTESIAN_POINT ( 'NONE',  ( -3.100000000000000977, -0.05000000000000000278, -1.400000000000000577 ) ) ;
#836 = CARTESIAN_POINT ( 'NONE',  ( 2.900000000000004796, 0.2000000000000000944, -2.000000000000000000 ) ) ;
#837 = VECTOR ( 'NONE', #1031, 1000.000000000000000 ) ;
#838 = PLANE ( 'NONE',  #1855 ) ;
#839 = ORIENTED_EDGE ( 'NONE', *, *, #4213, .T. ) ;
#840 = VERTEX_POINT ( 'NONE', #1153 ) ;
#841 = EDGE_CURVE ( 'NONE', #3283, #4916, #6, .T. ) ;
#842 = DIRECTION ( 'NONE',  ( -0.000000000000000000, -0.000000000000000000, 1.000000000000000000 ) ) ;
#843 = VECTOR ( 'NONE', #5880, 1000.000000000000000 ) ;
#844 = CARTESIAN_POINT ( 'NONE',  ( -4.000000000000000000, 3.899999999999999911, -1.249999999999999778 ) ) ;
#845 = ORIENTED_EDGE ( 'NONE', *, *, #5032, .F. ) ;
#846 = EDGE_LOOP ( 'NONE', ( #749, #4175, #3478, #1516 ) ) ;
#847 = CARTESIAN_POINT ( 'NONE',  ( -3.400000000000000799, 0.000000000000000000, 1.400000000000000577 ) ) ;
#848 = DIRECTION ( 'NONE',  ( 0.000000000000000000, 0.000000000000000000, 1.000000000000000000 ) ) ;
#849 = EDGE_CURVE ( 'NONE', #4371, #1154, #5660, .T. ) ;
#850 = LINE ( 'NONE', #898, #4764 ) ;
#851 = CARTESIAN_POINT ( 'NONE',  ( -2.099999999999999201, 0.2000000000000000111, -2.600000000000000533 ) ) ;
#852 = ORIENTED_EDGE ( 'NONE', *, *, #6469, .T. ) ;
#853 = ORIENTED_EDGE ( 'NONE', *, *, #1828, .F. ) ;
#854 = PLANE ( 'NONE',  #4426 ) ;
#855 = LINE ( 'NONE', #3525, #5579 ) ;
#856 = DIRECTION ( 'NONE',  ( -1.000000000000000000, 0.000000000000000000, -0.000000000000000000 ) ) ;
#857 = VERTEX_POINT ( 'NONE', #5325 ) ;
#858 = DIRECTION ( 'NONE',  ( 0.000000000000000000, -0.000000000000000000, -1.000000000000000000 ) ) ;
#859 = VECTOR ( 'NONE', #6127, 1000.000000000000000 ) ;
#860 = ORIENTED_EDGE ( 'NONE', *, *, #5466, .F. ) ;
#861 = CARTESIAN_POINT ( 'NONE',  ( 2.400000000000004796, -0.05000000000000000278, -2.600000000000000533 ) ) ;
#862 = DIRECTION ( 'NONE',  ( -0.000000000000000000, 1.000000000000000000, -0.000000000000000000 ) ) ;
#863 = DIRECTION ( 'NONE',  ( -0.000000000000000000, 0.000000000000000000, 1.000000000000000000 ) ) ;
#864 = VECTOR ( 'NONE', #2952, 1000.000000000000000 ) ;
#865 = LINE ( 'NONE', #4781, #2164 ) ;
#866 = DIRECTION ( 'NONE',  ( -0.000000000000000000, 1.000000000000000000, -0.000000000000000000 ) ) ;
#867 = DIRECTION ( 'NONE',  ( -0.000000000000000000, -0.000000000000000000, 1.000000000000000000 ) ) ;
#868 = ADVANCED_FACE ( 'NONE', ( #1524 ), #5304, .F. ) ;
#869 = CARTESIAN_POINT ( 'NONE',  ( 3.600000000000005418, -0.05000000000000000278, 1.400000000000000577 ) ) ;
#870 = VECTOR ( 'NONE', #732, 1000.000000000000000 ) ;
#871 = EDGE_CURVE ( 'NONE', #2684, #6263, #2087, .T. ) ;
#872 = AXIS2_PLACEMENT_3D ( 'NONE', #1807, #3244, #1209 ) ;
#873 = LINE ( 'NONE', #5515, #6147 ) ;
#874 = DIRECTION ( 'NONE',  ( -1.000000000000000000, 0.000000000000000000, -0.000000000000000000 ) ) ;
#875 = DIRECTION ( 'NONE',  ( -1.000000000000000000, 0.000000000000000000, 0.000000000000000000 ) ) ;
#876 = DIRECTION ( 'NONE',  ( -1.000000000000000000, 0.000000000000000000, -0.000000000000000000 ) ) ;
#877 = DIRECTION ( 'NONE',  ( -0.000000000000000000, 0.000000000000000000, -1.000000000000000000 ) ) ;
#878 = LINE ( 'NONE', #3073, #6153 ) ;
#879 = EDGE_LOOP ( 'NONE', ( #68, #502, #3018, #2925, #195, #6401 ) ) ;
#880 = VECTOR ( 'NONE', #3443, 1000.000000000000000 ) ;
#881 = CARTESIAN_POINT ( 'NONE',  ( 0.000000000000000000, 0.2000000000000000111, 0.000000000000000000 ) ) ;
#882 = EDGE_CURVE ( 'NONE', #1730, #6119, #5335, .T. ) ;
#883 = EDGE_CURVE ( 'NONE', #2788, #4207, #4296, .T. ) ;
#884 = DIRECTION ( 'NONE',  ( -1.000000000000000000, 0.000000000000000000, -0.000000000000000000 ) ) ;
#885 = CARTESIAN_POINT ( 'NONE',  ( 0.000000000000000000, 0.000000000000000000, 0.000000000000000000 ) ) ;
#886 = LINE ( 'NONE', #2719, #2580 ) ;
#887 = ORIENTED_EDGE ( 'NONE', *, *, #5602, .F. ) ;
#888 = ORIENTED_EDGE ( 'NONE', *, *, #1826, .F. ) ;
#889 = LINE ( 'NONE', #2635, #5434 ) ;
#890 = DIRECTION ( 'NONE',  ( -0.000000000000000000, 1.000000000000000000, -0.000000000000000000 ) ) ;
#891 = CARTESIAN_POINT ( 'NONE',  ( -3.600000000000000533, 0.2000000000000000111, 2.600000000000000533 ) ) ;
#892 = ORIENTED_EDGE ( 'NONE', *, *, #1361, .F. ) ;
#893 = EDGE_CURVE ( 'NONE', #2240, #4685, #2565, .T. ) ;
#894 = VECTOR ( 'NONE', #6152, 1000.000000000000000 ) ;
#895 = ORIENTED_EDGE ( 'NONE', *, *, #5931, .T. ) ;
#896 = CARTESIAN_POINT ( 'NONE',  ( 0.4000000000000027978, 2.000000000000000000, -2.000000000000000000 ) ) ;
#897 = DIRECTION ( 'NONE',  ( 0.000000000000000000, -1.000000000000000000, 0.000000000000000000 ) ) ;
#898 = CARTESIAN_POINT ( 'NONE',  ( 0.1000000000000028644, 2.000000000000000000, 2.000000000000000000 ) ) ;
#899 = FACE_OUTER_BOUND ( 'NONE', #228, .T. ) ;
#900 = VERTEX_POINT ( 'NONE', #1921 ) ;
#901 = CARTESIAN_POINT ( 'NONE',  ( -2.099999999999999201, -0.05000000000000000278, 2.600000000000000533 ) ) ;
#902 = ORIENTED_EDGE ( 'NONE', *, *, #3529, .T. ) ;
#903 = CARTESIAN_POINT ( 'NONE',  ( 0.000000000000000000, 0.2000000000000000111, 0.000000000000000000 ) ) ;
#904 = EDGE_CURVE ( 'NONE', #5154, #3552, #1273, .T. ) ;
#905 = DIRECTION ( 'NONE',  ( -1.000000000000000000, -0.000000000000000000, -0.000000000000000000 ) ) ;
#906 = VECTOR ( 'NONE', #636, 1000.000000000000000 ) ;
#907 = CARTESIAN_POINT ( 'NONE',  ( 0.1000000000000024342, -0.05000000000000000278, -1.400000000000000577 ) ) ;
#908 = CARTESIAN_POINT ( 'NONE',  ( 0.6000000000000028644, -0.05000000000000000278, 1.400000000000000577 ) ) ;
#909 = ADVANCED_FACE ( 'NONE', ( #4138 ), #838, .F. ) ;
#910 = EDGE_LOOP ( 'NONE', ( #3079, #1303, #4948, #808, #2518, #1321, #5580, #5409, #1477, #1665, #2519, #144, #3711, #2918, #536, #535, #3853, #3893, #4457, #4571, #6408, #4528, #1507, #626, #6333, #1965, #4420, #4390, #4735, #4291, #5213, #3119, #4407, #3941, #3782, #765, #5739, #2658, #1973, #6090, #348, #2417, #6500, #4011, #1905, #441, #741, #2537, #4262, #1083, #1750, #3338, #1903, #5654, #1992, #2604, #83, #6210, #587, #2695, #2460, #4694, #3324, #5404 ) ) ;
#911 = EDGE_LOOP ( 'NONE', ( #3863, #5247, #6367, #1945 ) ) ;
#912 = DIRECTION ( 'NONE',  ( 1.000000000000000000, 0.000000000000000000, -0.000000000000000000 ) ) ;
#913 = ORIENTED_EDGE ( 'NONE', *, *, #45, .F. ) ;
#914 = CARTESIAN_POINT ( 'NONE',  ( 0.1000000000000024342, 0.2000000000000000111, -2.600000000000000533 ) ) ;
#915 = LINE ( 'NONE', #4464, #999 ) ;
#916 = DIRECTION ( 'NONE',  ( -1.000000000000000000, 0.000000000000000000, -0.000000000000000000 ) ) ;
#917 = ORIENTED_EDGE ( 'NONE', *, *, #3373, .F. ) ;
#918 = AXIS2_PLACEMENT_3D ( 'NONE', #2259, #3353, #6329 ) ;
#919 = ORIENTED_EDGE ( 'NONE', *, *, #5560, .T. ) ;
#920 = CARTESIAN_POINT ( 'NONE',  ( -1.099999999999998090, -0.05000000000000000278, 2.600000000000000533 ) ) ;
#921 = LINE ( 'NONE', #4474, #1250 ) ;
#922 = CARTESIAN_POINT ( 'NONE',  ( -1.899999999999999245, 0.000000000000000000, 1.400000000000000577 ) ) ;
#923 = CARTESIAN_POINT ( 'NONE',  ( 2.900000000000005240, -0.05000000000000000278, 1.400000000000000577 ) ) ;
#924 = ORIENTED_EDGE ( 'NONE', *, *, #4466, .F. ) ;
#925 = ORIENTED_EDGE ( 'NONE', *, *, #5375, .T. ) ;
#926 = DIRECTION ( 'NONE',  ( -1.000000000000000000, 0.000000000000000000, -0.000000000000000000 ) ) ;
#927 = EDGE_CURVE ( 'NONE', #3259, #5073, #6366, .T. ) ;
#928 = CARTESIAN_POINT ( 'NONE',  ( -0.8999999999999984679, -0.05000000000000000278, -2.600000000000000533 ) ) ;
#929 = EDGE_CURVE ( 'NONE', #2158, #2124, #165, .T. ) ;
#930 = FACE_OUTER_BOUND ( 'NONE', #3332, .T. ) ;
#931 = VERTEX_POINT ( 'NONE', #4477 ) ;
#932 = CARTESIAN_POINT ( 'NONE',  ( 3.100000000000004974, 0.2000000000000000111, 2.600000000000000533 ) ) ;
#933 = ORIENTED_EDGE ( 'NONE', *, *, #2815, .T. ) ;
#934 = DIRECTION ( 'NONE',  ( -1.000000000000000000, -0.000000000000000000, -0.000000000000000000 ) ) ;
#935 = PLANE ( 'NONE',  #1004 ) ;
#936 = CARTESIAN_POINT ( 'NONE',  ( 1.900000000000004574, -0.05000000000000000278, -2.600000000000000533 ) ) ;
#937 = ADVANCED_FACE ( 'NONE', ( #3895 ), #815, .F. ) ;
#938 = VECTOR ( 'NONE', #668, 1000.000000000000000 ) ;
#939 = EDGE_CURVE ( 'NONE', #679, #4663, #5012, .T. ) ;
#940 = DIRECTION ( 'NONE',  ( 1.000000000000000000, 0.000000000000000000, 0.000000000000000000 ) ) ;
#941 = PLANE ( 'NONE',  #2605 ) ;
#942 = ORIENTED_EDGE ( 'NONE', *, *, #1352, .F. ) ;
#943 = AXIS2_PLACEMENT_3D ( 'NONE', #3343, #1332, #3381 ) ;
#944 = ORIENTED_EDGE ( 'NONE', *, *, #3672, .T. ) ;
#945 = DIRECTION ( 'NONE',  ( -1.000000000000000000, 0.000000000000000000, 0.000000000000000000 ) ) ;
#946 = DIRECTION ( 'NONE',  ( 1.000000000000000000, 0.000000000000000000, 0.000000000000000000 ) ) ;
#947 = LINE ( 'NONE', #4154, #4206 ) ;
#948 = ORIENTED_EDGE ( 'NONE', *, *, #1836, .F. ) ;
#949 = ADVANCED_FACE ( 'NONE', ( #3817 ), #4383, .F. ) ;
#950 = ORIENTED_EDGE ( 'NONE', *, *, #6104, .T. ) ;
#951 = ORIENTED_EDGE ( 'NONE', *, *, #3978, .F. ) ;
#952 = CARTESIAN_POINT ( 'NONE',  ( 0.1000000000000024342, -0.05000000000000000278, -2.600000000000000533 ) ) ;
#953 = DIRECTION ( 'NONE',  ( 0.000000000000000000, 0.000000000000000000, -1.000000000000000000 ) ) ;
#954 = CARTESIAN_POINT ( 'NONE',  ( 1.900000000000004574, 0.2000000000000000111, 2.600000000000000533 ) ) ;
#955 = VECTOR ( 'NONE', #4299, 1000.000000000000000 ) ;
#956 = VERTEX_POINT ( 'NONE', #381 ) ;
#957 = FACE_OUTER_BOUND ( 'NONE', #6432, .T. ) ;
#958 = ORIENTED_EDGE ( 'NONE', *, *, #2662, .T. ) ;
#959 = CARTESIAN_POINT ( 'NONE',  ( 2.600000000000004530, -0.05000000000000000278, 1.400000000000000577 ) ) ;
#960 = SURFACE_STYLE_USAGE ( .BOTH. , #2015 ) ;
#961 = DIRECTION ( 'NONE',  ( -0.000000000000000000, -0.000000000000000000, -1.000000000000000000 ) ) ;
#962 = DIRECTION ( 'NONE',  ( -0.000000000000000000, 1.000000000000000000, -0.000000000000000000 ) ) ;
#963 = LINE ( 'NONE', #5970, #4141 ) ;
#964 = DIRECTION ( 'NONE',  ( 0.000000000000000000, 0.000000000000000000, 1.000000000000000000 ) ) ;
#965 = LINE ( 'NONE', #161, #4855 ) ;
#966 = ORIENTED_EDGE ( 'NONE', *, *, #1624, .T. ) ;
#967 = FACE_OUTER_BOUND ( 'NONE', #5137, .T. ) ;
#968 = EDGE_CURVE ( 'NONE', #4841, #5489, #5260, .T. ) ;
#969 = AXIS2_PLACEMENT_3D ( 'NONE', #1990, #534, #2063 ) ;
#970 = CARTESIAN_POINT ( 'NONE',  ( -1.099999999999998090, -0.05000000000000000278, 1.400000000000000577 ) ) ;
#971 = LINE ( 'NONE', #688, #4645 ) ;
#972 = ADVANCED_FACE ( 'NONE', ( #5099 ), #6459, .F. ) ;
#973 = DIRECTION ( 'NONE',  ( 0.000000000000000000, 0.000000000000000000, -1.000000000000000000 ) ) ;
#974 = LINE ( 'NONE', #3460, #2409 ) ;
#975 = LINE ( 'NONE', #4470, #4795 ) ;
#976 = CARTESIAN_POINT ( 'NONE',  ( 2.900000000000005240, 0.2000000000000000111, 2.000000000000000000 ) ) ;
#977 = DIRECTION ( 'NONE',  ( 0.000000000000000000, -0.000000000000000000, -1.000000000000000000 ) ) ;
#978 = DIRECTION ( 'NONE',  ( -1.000000000000000000, -0.000000000000000000, -0.000000000000000000 ) ) ;
#979 = VECTOR ( 'NONE', #5062, 1000.000000000000000 ) ;
#980 = CARTESIAN_POINT ( 'NONE',  ( -2.900000000000000355, 0.000000000000000000, -2.000000000000000000 ) ) ;
#981 = VECTOR ( 'NONE', #3843, 1000.000000000000000 ) ;
#982 = EDGE_CURVE ( 'NONE', #3587, #4814, #3671, .T. ) ;
#983 = DIRECTION ( 'NONE',  ( 0.000000000000000000, -1.000000000000000000, 0.000000000000000000 ) ) ;
#984 = ADVANCED_FACE ( 'NONE', ( #4456 ), #1410, .T. ) ;
#985 = VERTEX_POINT ( 'NONE', #2367 ) ;
#986 = DIRECTION ( 'NONE',  ( 0.000000000000000000, 0.000000000000000000, -1.000000000000000000 ) ) ;
#987 = LINE ( 'NONE', #5976, #6250 ) ;
#988 = VERTEX_POINT ( 'NONE', #7 ) ;
#989 = VERTEX_POINT ( 'NONE', #6556 ) ;
#990 = EDGE_CURVE ( 'NONE', #1479, #5967, #4928, .T. ) ;
#991 = LINE ( 'NONE', #100, #3232 ) ;
#992 = ORIENTED_EDGE ( 'NONE', *, *, #2799, .T. ) ;
#993 = CARTESIAN_POINT ( 'NONE',  ( -1.099999999999998090, 0.000000000000000000, 0.000000000000000000 ) ) ;
#994 = ORIENTED_EDGE ( 'NONE', *, *, #1781, .F. ) ;
#995 = CARTESIAN_POINT ( 'NONE',  ( -3.900000000000000799, 3.899999999999999911, 0.000000000000000000 ) ) ;
#996 = ORIENTED_EDGE ( 'NONE', *, *, #684, .T. ) ;
#997 = DIRECTION ( 'NONE',  ( -0.000000000000000000, -0.000000000000000000, 1.000000000000000000 ) ) ;
#998 = PLANE ( 'NONE',  #5113 ) ;
#999 = VECTOR ( 'NONE', #6571, 1000.000000000000000 ) ;
#1000 = EDGE_LOOP ( 'NONE', ( #2879, #6524, #311, #6129 ) ) ;
#1001 = EDGE_LOOP ( 'NONE', ( #6197, #6175, #5107, #4873, #5722, #4742 ) ) ;
#1002 = ORIENTED_EDGE ( 'NONE', *, *, #5319, .F. ) ;
#1003 = DIRECTION ( 'NONE',  ( -1.000000000000000000, 0.000000000000000000, -0.000000000000000000 ) ) ;
#1004 = AXIS2_PLACEMENT_3D ( 'NONE', #4565, #983, #4047 ) ;
#1005 = DIRECTION ( 'NONE',  ( 1.000000000000000000, 0.000000000000000000, 0.000000000000000000 ) ) ;
#1006 = DIRECTION ( 'NONE',  ( 0.7071067811865536790, -0.7071067811865414665, 0.000000000000000000 ) ) ;
#1007 = VECTOR ( 'NONE', #5792, 1000.000000000000000 ) ;
#1008 = CARTESIAN_POINT ( 'NONE',  ( -1.099999999999998090, -0.05000000000000000278, 2.600000000000000533 ) ) ;
#1009 = ADVANCED_FACE ( 'NONE', ( #1436 ), #6536, .F. ) ;
#1010 = VERTEX_POINT ( 'NONE', #5008 ) ;
#1011 = ORIENTED_EDGE ( 'NONE', *, *, #1462, .T. ) ;
#1012 = LINE ( 'NONE', #422, #6342 ) ;
#1013 = EDGE_CURVE ( 'NONE', #1388, #6283, #2867, .T. ) ;
#1014 = AXIS2_PLACEMENT_3D ( 'NONE', #6563, #1600, #3960 ) ;
#1015 = VERTEX_POINT ( 'NONE', #2511 ) ;
#1016 = ORIENTED_EDGE ( 'NONE', *, *, #106, .T. ) ;
#1017 = ADVANCED_FACE ( 'NONE', ( #5178 ), #6067, .F. ) ;
#1018 = CARTESIAN_POINT ( 'NONE',  ( -1.899999999999999245, -0.05000000000000000278, 1.400000000000000577 ) ) ;
#1019 = CARTESIAN_POINT ( 'NONE',  ( -3.400000000000000799, 2.000000000000000000, 2.000000000000000000 ) ) ;
#1020 = VECTOR ( 'NONE', #5534, 1000.000000000000000 ) ;
#1022 = VERTEX_POINT ( 'NONE', #6584 ) ;
#1021 = CARTESIAN_POINT ( 'NONE',  ( -1.099999999999998090, -0.05000000000000000278, 1.400000000000000577 ) ) ;
#1023 = ORIENTED_EDGE ( 'NONE', *, *, #1789, .T. ) ;
#1024 = EDGE_CURVE ( 'NONE', #5958, #6031, #4058, .T. ) ;
#1025 = DIRECTION ( 'NONE',  ( 0.000000000000000000, 0.000000000000000000, 1.000000000000000000 ) ) ;
#1026 = EDGE_CURVE ( 'NONE', #4651, #3069, #90, .T. ) ;
#1027 = AXIS2_PLACEMENT_3D ( 'NONE', #3607, #2657, #3153 ) ;
#1028 = DIRECTION ( 'NONE',  ( -0.000000000000000000, 0.000000000000000000, -1.000000000000000000 ) ) ;
#1029 = FACE_OUTER_BOUND ( 'NONE', #5206, .T. ) ;
#1030 = CARTESIAN_POINT ( 'NONE',  ( 0.1000000000000024342, 0.000000000000000000, 1.400000000000000577 ) ) ;
#1031 = DIRECTION ( 'NONE',  ( 0.000000000000000000, 0.000000000000000000, 1.000000000000000000 ) ) ;
#1032 = DIRECTION ( 'NONE',  ( -1.000000000000000000, 0.000000000000000000, -0.000000000000000000 ) ) ;
#1033 = ORIENTED_EDGE ( 'NONE', *, *, #3546, .F. ) ;
#1034 = EDGE_LOOP ( 'NONE', ( #5804, #6594, #4812, #1646 ) ) ;
#1035 = EDGE_CURVE ( 'NONE', #3792, #1795, #2479, .T. ) ;
#1036 = CARTESIAN_POINT ( 'NONE',  ( -0.09999999999999722999, -0.05000000000000000278, 1.400000000000000577 ) ) ;
#1037 = FACE_OUTER_BOUND ( 'NONE', #1074, .T. ) ;
#1038 = ORIENTED_EDGE ( 'NONE', *, *, #5327, .T. ) ;
#1039 = VECTOR ( 'NONE', #5212, 1000.000000000000000 ) ;
#1040 = CARTESIAN_POINT ( 'NONE',  ( -5.099999999999998757, 0.000000000000000000, 2.000000000000000000 ) ) ;
#1041 = EDGE_LOOP ( 'NONE', ( #5576, #2714, #47, #2136 ) ) ;
#1042 = CARTESIAN_POINT ( 'NONE',  ( -0.8999999999999984679, 0.2000000000000000111, 1.400000000000000577 ) ) ;
#1043 = DIRECTION ( 'NONE',  ( 0.000000000000000000, 0.000000000000000000, 1.000000000000000000 ) ) ;
#1044 = VECTOR ( 'NONE', #750, 1000.000000000000000 ) ;
#1045 = VECTOR ( 'NONE', #2784, 1000.000000000000000 ) ;
#1046 = DIRECTION ( 'NONE',  ( -0.000000000000000000, 1.000000000000000000, -0.000000000000000000 ) ) ;
#1047 = EDGE_CURVE ( 'NONE', #777, #6531, #3746, .T. ) ;
#1048 = CARTESIAN_POINT ( 'NONE',  ( -2.099999999999999201, 0.000000000000000000, 2.000000000000000000 ) ) ;
#1049 = PLANE ( 'NONE',  #3750 ) ;
#1050 = LINE ( 'NONE', #455, #248 ) ;
#1051 = VECTOR ( 'NONE', #4575, 1000.000000000000000 ) ;
#1052 = DIRECTION ( 'NONE',  ( -0.000000000000000000, -0.000000000000000000, -1.000000000000000000 ) ) ;
#1053 = CARTESIAN_POINT ( 'NONE',  ( -1.099999999999998090, -0.05000000000000000278, -2.600000000000000533 ) ) ;
#1054 = ADVANCED_FACE ( 'NONE', ( #6452 ), #2978, .F. ) ;
#1055 = CARTESIAN_POINT ( 'NONE',  ( 0.4000000000000032419, -0.05000000000000000278, 2.600000000000000533 ) ) ;
#1056 = CARTESIAN_POINT ( 'NONE',  ( 1.100000000000003642, 2.000000000000000000, -2.000000000000000000 ) ) ;
#1057 = LINE ( 'NONE', #3368, #3365 ) ;
#1058 = ORIENTED_EDGE ( 'NONE', *, *, #2059, .T. ) ;
#1059 = AXIS2_PLACEMENT_3D ( 'NONE', #3703, #3781, #645 ) ;
#1060 = VECTOR ( 'NONE', #4412, 1000.000000000000000 ) ;
#1061 = DIRECTION ( 'NONE',  ( 1.000000000000000000, -0.000000000000000000, 0.000000000000000000 ) ) ;
#1062 = VECTOR ( 'NONE', #6174, 1000.000000000000000 ) ;
#1063 = VERTEX_POINT ( 'NONE', #1455 ) ;
#1064 = LINE ( 'NONE', #6504, #2889 ) ;
#1065 = ORIENTED_EDGE ( 'NONE', *, *, #1494, .T. ) ;
#1066 = EDGE_CURVE ( 'NONE', #1010, #1373, #5823, .T. ) ;
#1067 = CARTESIAN_POINT ( 'NONE',  ( -1.899999999999999245, 0.000000000000000000, 0.000000000000000000 ) ) ;
#1068 = EDGE_CURVE ( 'NONE', #3318, #206, #2791, .T. ) ;
#1069 = AXIS2_PLACEMENT_3D ( 'NONE', #5033, #4662, #1449 ) ;
#1070 = DIRECTION ( 'NONE',  ( -0.000000000000000000, 1.000000000000000000, -0.000000000000000000 ) ) ;
#1071 = VECTOR ( 'NONE', #4551, 1000.000000000000000 ) ;
#1072 = CARTESIAN_POINT ( 'NONE',  ( -1.899999999999999245, 0.000000000000000000, 0.000000000000000000 ) ) ;
#1073 = CARTESIAN_POINT ( 'NONE',  ( -3.600000000000000533, -0.05000000000000000278, 1.400000000000000577 ) ) ;
#1074 = EDGE_LOOP ( 'NONE', ( #3933, #3292, #5279, #2620 ) ) ;
#1075 = CARTESIAN_POINT ( 'NONE',  ( 0.9000000000000036859, -0.05000000000000000278, 2.600000000000000533 ) ) ;
#1076 = CARTESIAN_POINT ( 'NONE',  ( 0.000000000000000000, 0.000000000000000000, -1.400000000000000577 ) ) ;
#1077 = DIRECTION ( 'NONE',  ( 0.000000000000000000, -1.000000000000000000, 0.000000000000000000 ) ) ;
#1078 = EDGE_CURVE ( 'NONE', #2510, #4162, #2713, .T. ) ;
#1079 = FACE_OUTER_BOUND ( 'NONE', #3094, .T. ) ;
#1080 = CARTESIAN_POINT ( 'NONE',  ( -5.100000000000000533, 0.2000000000000000944, -2.000000000000000000 ) ) ;
#1081 = ORIENTED_EDGE ( 'NONE', *, *, #3517, .T. ) ;
#1082 = AXIS2_PLACEMENT_3D ( 'NONE', #4877, #4925, #1801 ) ;
#1083 = ORIENTED_EDGE ( 'NONE', *, *, #2721, .F. ) ;
#1084 = DIRECTION ( 'NONE',  ( -0.000000000000000000, 1.000000000000000000, -0.000000000000000000 ) ) ;
#1085 = CARTESIAN_POINT ( 'NONE',  ( 3.400000000000005684, 0.2000000000000000111, -1.400000000000000577 ) ) ;
#1086 = LINE ( 'NONE', #3928, #5621 ) ;
#1087 = ORIENTED_EDGE ( 'NONE', *, *, #412, .T. ) ;
#1088 = CARTESIAN_POINT ( 'NONE',  ( 2.100000000000004086, 0.000000000000000000, 1.400000000000000577 ) ) ;
#1089 = ORIENTED_EDGE ( 'NONE', *, *, #4929, .F. ) ;
#1090 = ORIENTED_EDGE ( 'NONE', *, *, #2359, .T. ) ;
#1091 = CARTESIAN_POINT ( 'NONE',  ( 0.9000000000000036859, -0.05000000000000000278, -1.400000000000000577 ) ) ;
#1092 = VERTEX_POINT ( 'NONE', #2045 ) ;
#1093 = LINE ( 'NONE', #995, #1797 ) ;
#1094 = EDGE_LOOP ( 'NONE', ( #609, #3914, #6093, #2075, #349, #1601 ) ) ;
#1095 = ORIENTED_EDGE ( 'NONE', *, *, #5156, .T. ) ;
#1096 = DIRECTION ( 'NONE',  ( 0.000000000000000000, 0.000000000000000000, 1.000000000000000000 ) ) ;
#1097 = CARTESIAN_POINT ( 'NONE',  ( 1.100000000000003419, -0.05000000000000000278, 1.400000000000000577 ) ) ;
#1098 = SURFACE_STYLE_FILL_AREA ( #6548 ) ;
#1099 = ORIENTED_EDGE ( 'NONE', *, *, #904, .T. ) ;
#1100 = AXIS2_PLACEMENT_3D ( 'NONE', #1760, #726, #4821 ) ;
#1101 = CARTESIAN_POINT ( 'NONE',  ( -3.400000000000000799, -0.05000000000000000278, -1.400000000000000577 ) ) ;
#1102 = ORIENTED_EDGE ( 'NONE', *, *, #370, .T. ) ;
#1103 = DIRECTION ( 'NONE',  ( 0.000000000000000000, -1.000000000000000000, 0.000000000000000000 ) ) ;
#1104 = DIRECTION ( 'NONE',  ( -1.000000000000000000, -0.000000000000000000, -0.000000000000000000 ) ) ;
#1105 = FACE_OUTER_BOUND ( 'NONE', #4015, .T. ) ;
#1106 = ORIENTED_EDGE ( 'NONE', *, *, #3252, .T. ) ;
#1107 = VERTEX_POINT ( 'NONE', #6601 ) ;
#1108 = CARTESIAN_POINT ( 'NONE',  ( 2.100000000000004086, 0.2000000000000000111, 2.600000000000000533 ) ) ;
#1109 = CARTESIAN_POINT ( 'NONE',  ( -3.100000000000000089, 0.2000000000000000111, 2.600000000000000533 ) ) ;
#1110 = AXIS2_PLACEMENT_3D ( 'NONE', #5420, #1370, #2377 ) ;
#1111 = PLANE ( 'NONE',  #3791 ) ;
#1112 = VECTOR ( 'NONE', #3374, 1000.000000000000000 ) ;
#1113 = EDGE_LOOP ( 'NONE', ( #2745, #356, #6397, #4739, #3407, #5254 ) ) ;
#1114 = ORIENTED_EDGE ( 'NONE', *, *, #4733, .F. ) ;
#1115 = DIRECTION ( 'NONE',  ( -1.000000000000000000, 0.000000000000000000, 0.000000000000000000 ) ) ;
#1116 = CARTESIAN_POINT ( 'NONE',  ( 0.4000000000000032419, 0.2000000000000000111, -2.600000000000000533 ) ) ;
#1117 = VECTOR ( 'NONE', #3678, 1000.000000000000000 ) ;
#1118 = EDGE_CURVE ( 'NONE', #281, #5503, #3273, .T. ) ;
#1119 = ORIENTED_EDGE ( 'NONE', *, *, #5433, .T. ) ;
#1120 = EDGE_CURVE ( 'NONE', #628, #1137, #5586, .T. ) ;
#1121 = ORIENTED_EDGE ( 'NONE', *, *, #602, .T. ) ;
#1122 = ORIENTED_EDGE ( 'NONE', *, *, #4265, .F. ) ;
#1123 = DIRECTION ( 'NONE',  ( 0.000000000000000000, -0.000000000000000000, -1.000000000000000000 ) ) ;
#1124 = DIRECTION ( 'NONE',  ( -0.5773502691896224004, -0.5773502691896323924, 0.5773502691896224004 ) ) ;
#1125 = PLANE ( 'NONE',  #74 ) ;
#1126 = VECTOR ( 'NONE', #1499, 1000.000000000000000 ) ;
#1127 = CARTESIAN_POINT ( 'NONE',  ( 2.900000000000005240, -0.05000000000000000278, 1.400000000000000577 ) ) ;
#1128 = VECTOR ( 'NONE', #4513, 1000.000000000000000 ) ;
#1129 = ORIENTED_EDGE ( 'NONE', *, *, #6253, .F. ) ;
#1130 = CARTESIAN_POINT ( 'NONE',  ( -5.099999999999998757, 0.000000000000000000, 2.000000000000000000 ) ) ;
#1131 = EDGE_CURVE ( 'NONE', #4537, #6083, #396, .T. ) ;
#1132 = CARTESIAN_POINT ( 'NONE',  ( 0.4000000000000027978, 0.000000000000000000, 2.000000000000000000 ) ) ;
#1133 = VECTOR ( 'NONE', #4570, 1000.000000000000000 ) ;
#1134 = LINE ( 'NONE', #5371, #3279 ) ;
#1135 = DIRECTION ( 'NONE',  ( 0.000000000000000000, 1.000000000000000000, 0.000000000000000000 ) ) ;
#1136 = LINE ( 'NONE', #1148, #6377 ) ;
#1137 = VERTEX_POINT ( 'NONE', #5577 ) ;
#1138 = VECTOR ( 'NONE', #5763, 1000.000000000000000 ) ;
#1139 = DIRECTION ( 'NONE',  ( -1.000000000000000000, -0.000000000000000000, -0.000000000000000000 ) ) ;
#1140 = EDGE_CURVE ( 'NONE', #215, #3046, #2872, .T. ) ;
#1141 = CARTESIAN_POINT ( 'NONE',  ( 2.400000000000004796, -0.05000000000000000278, 1.400000000000000577 ) ) ;
#1142 = DIRECTION ( 'NONE',  ( -0.000000000000000000, -0.000000000000000000, 1.000000000000000000 ) ) ;
#1143 = LINE ( 'NONE', #1918, #108 ) ;
#1144 = PLANE ( 'NONE',  #2529 ) ;
#1145 = ORIENTED_EDGE ( 'NONE', *, *, #2850, .F. ) ;
#1146 = VECTOR ( 'NONE', #2060, 1000.000000000000000 ) ;
#1147 = DIRECTION ( 'NONE',  ( -0.000000000000000000, 1.000000000000000000, -0.000000000000000000 ) ) ;
#1148 = CARTESIAN_POINT ( 'NONE',  ( 2.900000000000005240, -0.05000000000000000278, -2.600000000000000533 ) ) ;
#1149 = CARTESIAN_POINT ( 'NONE',  ( -5.099999999999998757, 0.000000000000000000, 2.000000000000000000 ) ) ;
#1150 = AXIS2_PLACEMENT_3D ( 'NONE', #2286, #3812, #5849 ) ;
#1151 = VECTOR ( 'NONE', #6040, 1000.000000000000000 ) ;
#1152 = VECTOR ( 'NONE', #6502, 1000.000000000000000 ) ;
#1153 = CARTESIAN_POINT ( 'NONE',  ( -3.100000000000000977, 0.000000000000000000, -2.000000000000000000 ) ) ;
#1154 = VERTEX_POINT ( 'NONE', #3158 ) ;
#1155 = VECTOR ( 'NONE', #6314, 1000.000000000000000 ) ;
#1156 = ORIENTED_EDGE ( 'NONE', *, *, #4806, .T. ) ;
#1157 = EDGE_CURVE ( 'NONE', #6497, #2050, #3131, .T. ) ;
#1158 = CARTESIAN_POINT ( 'NONE',  ( -4.000000000000000000, 3.899999999999999911, -0.6500000000000000222 ) ) ;
#1159 = PLANE ( 'NONE',  #1069 ) ;
#1160 = EDGE_CURVE ( 'NONE', #6288, #652, #573, .T. ) ;
#1161 = CARTESIAN_POINT ( 'NONE',  ( -2.099999999999999201, -0.05000000000000000278, -2.600000000000000533 ) ) ;
#1162 = ORIENTED_EDGE ( 'NONE', *, *, #671, .T. ) ;
#1163 = CARTESIAN_POINT ( 'NONE',  ( -1.399999999999998801, 0.000000000000000000, 2.000000000000000000 ) ) ;
#1164 = VECTOR ( 'NONE', #5635, 1000.000000000000000 ) ;
#1165 = ORIENTED_EDGE ( 'NONE', *, *, #6024, .T. ) ;
#1166 = ORIENTED_EDGE ( 'NONE', *, *, #3568, .F. ) ;
#1167 = VERTEX_POINT ( 'NONE', #58 ) ;
#1168 = EDGE_CURVE ( 'NONE', #6219, #3036, #3045, .T. ) ;
#1169 = VECTOR ( 'NONE', #413, 1000.000000000000000 ) ;
#1170 = DIRECTION ( 'NONE',  ( -0.000000000000000000, 1.000000000000000000, -0.000000000000000000 ) ) ;
#1171 = ORIENTED_EDGE ( 'NONE', *, *, #2167, .F. ) ;
#1172 = ORIENTED_EDGE ( 'NONE', *, *, #6156, .F. ) ;
#1173 = CARTESIAN_POINT ( 'NONE',  ( -2.399999999999999911, -0.05000000000000000278, 1.400000000000000577 ) ) ;
#1174 = LINE ( 'NONE', #3219, #3323 ) ;
#1175 = ORIENTED_EDGE ( 'NONE', *, *, #5813, .F. ) ;
#1176 = ORIENTED_EDGE ( 'NONE', *, *, #4606, .F. ) ;
#1177 = EDGE_CURVE ( 'NONE', #2441, #5007, #3202, .T. ) ;
#1178 = CARTESIAN_POINT ( 'NONE',  ( 0.1000000000000024342, 0.000000000000000000, 0.000000000000000000 ) ) ;
#1179 = DIRECTION ( 'NONE',  ( -1.000000000000000000, 0.000000000000000000, 0.000000000000000000 ) ) ;
#1180 = VECTOR ( 'NONE', #4, 1000.000000000000000 ) ;
#1181 = ORIENTED_EDGE ( 'NONE', *, *, #4210, .F. ) ;
#1182 = ORIENTED_EDGE ( 'NONE', *, *, #6038, .T. ) ;
#1183 = LINE ( 'NONE', #3983, #1020 ) ;
#1184 = AXIS2_PLACEMENT_3D ( 'NONE', #5838, #4822, #1311 ) ;
#1185 = PLANE ( 'NONE',  #6225 ) ;
#1186 = ADVANCED_FACE ( 'NONE', ( #5966 ), #2598, .F. ) ;
#1187 = ORIENTED_EDGE ( 'NONE', *, *, #6273, .T. ) ;
#1188 = EDGE_LOOP ( 'NONE', ( #3618, #4100, #3808, #5625 ) ) ;
#1189 = CARTESIAN_POINT ( 'NONE',  ( 0.000000000000000000, 0.2000000000000000111, 0.000000000000000000 ) ) ;
#1190 = DIRECTION ( 'NONE',  ( 0.000000000000000000, -1.000000000000000000, 0.000000000000000000 ) ) ;
#1191 = LINE ( 'NONE', #3396, #4604 ) ;
#1192 = ORIENTED_EDGE ( 'NONE', *, *, #1047, .T. ) ;
#1193 = CARTESIAN_POINT ( 'NONE',  ( 0.4000000000000032419, 0.2000000000000000111, 2.000000000000000000 ) ) ;
#1194 = ORIENTED_EDGE ( 'NONE', *, *, #2579, .T. ) ;
#1195 = EDGE_CURVE ( 'NONE', #6585, #5448, #1679, .T. ) ;
#1196 = VECTOR ( 'NONE', #2524, 1000.000000000000000 ) ;
#1197 = DIRECTION ( 'NONE',  ( -0.000000000000000000, 1.000000000000000000, -0.000000000000000000 ) ) ;
#1198 = ORIENTED_EDGE ( 'NONE', *, *, #5532, .F. ) ;
#1199 = LINE ( 'NONE', #305, #3743 ) ;
#1200 = ORIENTED_EDGE ( 'NONE', *, *, #1399, .T. ) ;
#1201 = EDGE_CURVE ( 'NONE', #6332, #2624, #3351, .T. ) ;
#1202 = AXIS2_PLACEMENT_3D ( 'NONE', #2649, #1115, #5177 ) ;
#1203 = VECTOR ( 'NONE', #3416, 1000.000000000000000 ) ;
#1204 = DIRECTION ( 'NONE',  ( -1.000000000000000000, 0.000000000000000000, -0.000000000000000000 ) ) ;
#1205 = DIRECTION ( 'NONE',  ( -0.000000000000000000, 1.000000000000000000, -0.000000000000000000 ) ) ;
#1206 = FACE_OUTER_BOUND ( 'NONE', #5791, .T. ) ;
#1207 = VECTOR ( 'NONE', #4666, 1000.000000000000000 ) ;
#1208 = EDGE_CURVE ( 'NONE', #4841, #4298, #2562, .T. ) ;
#1209 = DIRECTION ( 'NONE',  ( 0.000000000000000000, -0.000000000000000000, -1.000000000000000000 ) ) ;
#1210 = ORIENTED_EDGE ( 'NONE', *, *, #4300, .T. ) ;
#1211 = LINE ( 'NONE', #5655, #5762 ) ;
#1212 = CARTESIAN_POINT ( 'NONE',  ( -5.099999999999998757, 0.000000000000000000, 2.000000000000000000 ) ) ;
#1213 = FACE_OUTER_BOUND ( 'NONE', #2057, .T. ) ;
#1214 = ORIENTED_EDGE ( 'NONE', *, *, #3210, .T. ) ;
#1215 = EDGE_CURVE ( 'NONE', #1783, #3307, #556, .T. ) ;
#1216 = VECTOR ( 'NONE', #3999, 1000.000000000000114 ) ;
#1217 = CARTESIAN_POINT ( 'NONE',  ( 1.400000000000004130, -0.05000000000000000278, -1.400000000000000577 ) ) ;
#1218 = ADVANCED_FACE ( 'NONE', ( #5893 ), #1568, .F. ) ;
#1219 = CARTESIAN_POINT ( 'NONE',  ( 3.600000000000005418, -0.05000000000000000278, -1.400000000000000577 ) ) ;
#1220 = VECTOR ( 'NONE', #5246, 1000.000000000000000 ) ;
#1221 = DIRECTION ( 'NONE',  ( -1.000000000000000000, 0.000000000000000000, 0.000000000000000000 ) ) ;
#1222 = CARTESIAN_POINT ( 'NONE',  ( -1.599999999999998535, -0.05000000000000000278, -1.400000000000000577 ) ) ;
#1223 = VERTEX_POINT ( 'NONE', #3098 ) ;
#1224 = CARTESIAN_POINT ( 'NONE',  ( 0.1000000000000028644, 0.000000000000000000, 2.000000000000000000 ) ) ;
#1225 = VECTOR ( 'NONE', #4518, 1000.000000000000000 ) ;
#1226 = ORIENTED_EDGE ( 'NONE', *, *, #6507, .F. ) ;
#1227 = DIRECTION ( 'NONE',  ( 0.000000000000000000, 1.000000000000000000, 0.000000000000000000 ) ) ;
#1228 = VERTEX_POINT ( 'NONE', #4183 ) ;
#1229 = ORIENTED_EDGE ( 'NONE', *, *, #3544, .T. ) ;
#1230 = EDGE_CURVE ( 'NONE', #4828, #2684, #2710, .T. ) ;
#1231 = VECTOR ( 'NONE', #3169, 1000.000000000000000 ) ;
#1232 = CARTESIAN_POINT ( 'NONE',  ( -1.899999999999999245, -0.05000000000000000278, -2.600000000000000533 ) ) ;
#1233 = DIRECTION ( 'NONE',  ( -0.000000000000000000, 1.000000000000000000, -0.000000000000000000 ) ) ;
#1234 = EDGE_CURVE ( 'NONE', #6183, #1913, #5581, .T. ) ;
#1235 = ORIENTED_EDGE ( 'NONE', *, *, #1118, .F. ) ;
#1236 = AXIS2_PLACEMENT_3D ( 'NONE', #6323, #2789, #226 ) ;
#1237 = EDGE_LOOP ( 'NONE', ( #845, #2896, #5556, #3398 ) ) ;
#1238 = ORIENTED_EDGE ( 'NONE', *, *, #5969, .T. ) ;
#1239 = EDGE_LOOP ( 'NONE', ( #4177, #2831, #2000, #3350 ) ) ;
#1240 = CARTESIAN_POINT ( 'NONE',  ( 2.400000000000004796, -0.05000000000000000278, 2.600000000000000533 ) ) ;
#1241 = CARTESIAN_POINT ( 'NONE',  ( 0.6000000000000028644, 0.000000000000000000, 0.000000000000000000 ) ) ;
#1242 = LINE ( 'NONE', #4415, #3940 ) ;
#1243 = VERTEX_POINT ( 'NONE', #2088 ) ;
#1244 = ORIENTED_EDGE ( 'NONE', *, *, #203, .F. ) ;
#1245 = EDGE_CURVE ( 'NONE', #6263, #113, #4216, .T. ) ;
#1246 = CARTESIAN_POINT ( 'NONE',  ( 0.000000000000000000, -0.05000000000000000278, 0.000000000000000000 ) ) ;
#1247 = CARTESIAN_POINT ( 'NONE',  ( 1.900000000000004574, 0.2000000000000000111, 1.400000000000000577 ) ) ;
#1248 = ADVANCED_FACE ( 'NONE', ( #5256 ), #6151, .F. ) ;
#1249 = DIRECTION ( 'NONE',  ( 0.000000000000000000, 0.000000000000000000, 1.000000000000000000 ) ) ;
#1250 = VECTOR ( 'NONE', #1942, 1000.000000000000000 ) ;
#1251 = ORIENTED_EDGE ( 'NONE', *, *, #3135, .F. ) ;
#1252 = EDGE_LOOP ( 'NONE', ( #2393, #548, #3852, #4402, #291, #3099 ) ) ;
#1253 = ADVANCED_FACE ( 'NONE', ( #479 ), #4159, .F. ) ;
#1254 = LINE ( 'NONE', #4884, #6202 ) ;
#1255 = VERTEX_POINT ( 'NONE', #2640 ) ;
#1256 = EDGE_CURVE ( 'NONE', #3235, #1376, #5093, .T. ) ;
#1257 = VERTEX_POINT ( 'NONE', #200 ) ;
#1258 = CARTESIAN_POINT ( 'NONE',  ( -0.09999999999999722999, -0.05000000000000000278, 2.600000000000000533 ) ) ;
#1259 = LINE ( 'NONE', #146, #5079 ) ;
#1260 = ORIENTED_EDGE ( 'NONE', *, *, #1208, .F. ) ;
#1261 = ORIENTED_EDGE ( 'NONE', *, *, #2822, .T. ) ;
#1262 = DIRECTION ( 'NONE',  ( 0.000000000000000000, -0.000000000000000000, -1.000000000000000000 ) ) ;
#1263 = VECTOR ( 'NONE', #5109, 1000.000000000000000 ) ;
#1264 = CARTESIAN_POINT ( 'NONE',  ( -0.5999999999999976463, -0.05000000000000000278, 1.400000000000000577 ) ) ;
#1265 = DIRECTION ( 'NONE',  ( -0.000000000000000000, 1.000000000000000000, -0.000000000000000000 ) ) ;
#1266 = ORIENTED_EDGE ( 'NONE', *, *, #6398, .F. ) ;
#1268 = ORIENTED_EDGE ( 'NONE', *, *, #4851, .F. ) ;
#1267 = CARTESIAN_POINT ( 'NONE',  ( -5.099999999999998757, 0.000000000000000000, 2.000000000000000000 ) ) ;
#1269 = ORIENTED_EDGE ( 'NONE', *, *, #505, .T. ) ;
#1270 = DIRECTION ( 'NONE',  ( 1.000000000000000000, 0.000000000000000000, -0.000000000000000000 ) ) ;
#1271 = DIRECTION ( 'NONE',  ( -0.000000000000000000, 1.000000000000000000, -0.000000000000000000 ) ) ;
#1272 = EDGE_CURVE ( 'NONE', #6154, #2163, #2862, .T. ) ;
#1273 = LINE ( 'NONE', #861, #3973 ) ;
#1274 = EDGE_CURVE ( 'NONE', #5248, #2548, #4921, .T. ) ;
#1275 = ORIENTED_EDGE ( 'NONE', *, *, #5736, .T. ) ;
#1276 = AXIS2_PLACEMENT_3D ( 'NONE', #2959, #2401, #822 ) ;
#1277 = LINE ( 'NONE', #3838, #3747 ) ;
#1278 = VERTEX_POINT ( 'NONE', #4784 ) ;
#1279 = PLANE ( 'NONE',  #4243 ) ;
#1280 = DIRECTION ( 'NONE',  ( -0.000000000000000000, 0.000000000000000000, -1.000000000000000000 ) ) ;
#1281 = CARTESIAN_POINT ( 'NONE',  ( -3.100000000000000089, -0.05000000000000000278, 1.400000000000000577 ) ) ;
#1282 = VECTOR ( 'NONE', #3468, 1000.000000000000000 ) ;
#1283 = FACE_OUTER_BOUND ( 'NONE', #2370, .T. ) ;
#1284 = EDGE_CURVE ( 'NONE', #292, #4894, #2234, .T. ) ;
#1285 = PRESENTATION_LAYER_ASSIGNMENT (  '', '', ( #5770 ) ) ;
#1286 = ADVANCED_FACE ( 'NONE', ( #2002 ), #3260, .F. ) ;
#1287 = LINE ( 'NONE', #6172, #5901 ) ;
#1288 = FACE_OUTER_BOUND ( 'NONE', #2203, .T. ) ;
#1289 = PLANE ( 'NONE',  #5406 ) ;
#1290 = DIRECTION ( 'NONE',  ( 1.000000000000000000, 0.000000000000000000, -0.000000000000000000 ) ) ;
#1291 = PLANE ( 'NONE',  #158 ) ;
#1292 = DIRECTION ( 'NONE',  ( -1.000000000000000000, -0.000000000000000000, -0.000000000000000000 ) ) ;
#1293 = LINE ( 'NONE', #2600, #5605 ) ;
#1294 = DIRECTION ( 'NONE',  ( 1.000000000000000000, 0.000000000000000000, 0.000000000000000000 ) ) ;
#1295 = EDGE_LOOP ( 'NONE', ( #4050, #5297, #1794, #185 ) ) ;
#1296 = VECTOR ( 'NONE', #48, 1000.000000000000000 ) ;
#1297 = PLANE ( 'NONE',  #784 ) ;
#1298 = CARTESIAN_POINT ( 'NONE',  ( 0.4000000000000027978, 0.2000000000000000944, -2.000000000000000000 ) ) ;
#1299 = LINE ( 'NONE', #1085, #894 ) ;
#1300 = VECTOR ( 'NONE', #2320, 1000.000000000000000 ) ;
#1301 = CARTESIAN_POINT ( 'NONE',  ( -2.599999999999999645, 0.2000000000000000111, 2.000000000000000000 ) ) ;
#1302 = CARTESIAN_POINT ( 'NONE',  ( -5.100000000000000533, 0.2000000000000000944, -2.000000000000000000 ) ) ;
#1303 = ORIENTED_EDGE ( 'NONE', *, *, #2822, .F. ) ;
#1304 = CARTESIAN_POINT ( 'NONE',  ( 2.900000000000005240, -0.05000000000000000278, 2.600000000000000533 ) ) ;
#1305 = LINE ( 'NONE', #6234, #5282 ) ;
#1306 = EDGE_LOOP ( 'NONE', ( #4500, #3250, #1944, #764, #5563, #729 ) ) ;
#1307 = DIRECTION ( 'NONE',  ( -0.000000000000000000, 1.000000000000000000, -0.000000000000000000 ) ) ;
#1308 = CARTESIAN_POINT ( 'NONE',  ( 0.4000000000000032419, -0.05000000000000000278, -1.400000000000000577 ) ) ;
#1309 = ADVANCED_FACE ( 'NONE', ( #3425 ), #3201, .F. ) ;
#1310 = VECTOR ( 'NONE', #5001, 1000.000000000000000 ) ;
#1311 = DIRECTION ( 'NONE',  ( 0.000000000000000000, -0.000000000000000000, -1.000000000000000000 ) ) ;
#1312 = ORIENTED_EDGE ( 'NONE', *, *, #5110, .T. ) ;
#1313 = EDGE_CURVE ( 'NONE', #3307, #4514, #6130, .T. ) ;
#1314 = ORIENTED_EDGE ( 'NONE', *, *, #5023, .F. ) ;
#1315 = VERTEX_POINT ( 'NONE', #4800 ) ;
#1316 = CARTESIAN_POINT ( 'NONE',  ( 5.099999999999998757, 0.000000000000000000, -2.000000000000000000 ) ) ;
#1317 = FACE_OUTER_BOUND ( 'NONE', #3011, .T. ) ;
#1318 = ADVANCED_FACE ( 'NONE', ( #4538 ), #4762, .F. ) ;
#1319 = ORIENTED_EDGE ( 'NONE', *, *, #4424, .T. ) ;
#1320 = CARTESIAN_POINT ( 'NONE',  ( 0.6000000000000028644, -0.05000000000000000278, -2.600000000000000533 ) ) ;
#1321 = ORIENTED_EDGE ( 'NONE', *, *, #3997, .F. ) ;
#1322 = EDGE_CURVE ( 'NONE', #2683, #3036, #6445, .T. ) ;
#1323 = CARTESIAN_POINT ( 'NONE',  ( -2.599999999999999645, -0.05000000000000000278, 2.600000000000000533 ) ) ;
#1324 = AXIS2_PLACEMENT_3D ( 'NONE', #1073, #4625, #1584 ) ;
#1325 = LINE ( 'NONE', #3236, #3861 ) ;
#1326 = ORIENTED_EDGE ( 'NONE', *, *, #2696, .T. ) ;
#1327 = ORIENTED_EDGE ( 'NONE', *, *, #3627, .F. ) ;
#1328 = CARTESIAN_POINT ( 'NONE',  ( 2.032879073410319335E-16, 3.899999999999999911, 0.7499999999999993339 ) ) ;
#1329 = VECTOR ( 'NONE', #4978, 1000.000000000000000 ) ;
#1330 = DIRECTION ( 'NONE',  ( 0.000000000000000000, -1.000000000000000000, 0.000000000000000000 ) ) ;
#1331 = EDGE_CURVE ( 'NONE', #2331, #6490, #4773, .T. ) ;
#1332 = DIRECTION ( 'NONE',  ( 0.000000000000000000, -1.000000000000000000, 0.000000000000000000 ) ) ;
#1333 = ORIENTED_EDGE ( 'NONE', *, *, #3433, .T. ) ;
#1334 = ORIENTED_EDGE ( 'NONE', *, *, #3184, .T. ) ;
#1335 = CARTESIAN_POINT ( 'NONE',  ( 2.600000000000004530, 0.2000000000000000111, -1.400000000000000577 ) ) ;
#1336 = LINE ( 'NONE', #1702, #1421 ) ;
#1337 = ORIENTED_EDGE ( 'NONE', *, *, #6271, .T. ) ;
#1338 = DIRECTION ( 'NONE',  ( -1.000000000000000000, 0.000000000000000000, -0.000000000000000000 ) ) ;
#1339 = ORIENTED_EDGE ( 'NONE', *, *, #4106, .F. ) ;
#1340 = CARTESIAN_POINT ( 'NONE',  ( 0.6000000000000028644, 0.2000000000000000111, -2.000000000000000000 ) ) ;
#1341 = DIRECTION ( 'NONE',  ( 0.000000000000000000, 0.000000000000000000, -1.000000000000000000 ) ) ;
#1342 = ADVANCED_FACE ( 'NONE', ( #4370 ), #707, .F. ) ;
#1343 = FACE_OUTER_BOUND ( 'NONE', #4256, .T. ) ;
#1344 = EDGE_CURVE ( 'NONE', #4309, #2162, #3269, .T. ) ;
#1345 = CARTESIAN_POINT ( 'NONE',  ( 0.9000000000000036859, -0.05000000000000000278, -2.600000000000000533 ) ) ;
#1346 = ORIENTED_EDGE ( 'NONE', *, *, #6185, .F. ) ;
#1347 = ORIENTED_EDGE ( 'NONE', *, *, #544, .F. ) ;
#1348 = LINE ( 'NONE', #6140, #6528 ) ;
#1349 = VERTEX_POINT ( 'NONE', #687 ) ;
#1350 = VECTOR ( 'NONE', #4139, 1000.000000000000000 ) ;
#1351 = VERTEX_POINT ( 'NONE', #2191 ) ;
#1352 = EDGE_CURVE ( 'NONE', #4162, #1257, #3892, .T. ) ;
#1353 = CARTESIAN_POINT ( 'NONE',  ( 1.400000000000004130, -0.05000000000000000278, -1.400000000000000577 ) ) ;
#1354 = DIRECTION ( 'NONE',  ( -0.000000000000000000, 1.000000000000000000, -0.000000000000000000 ) ) ;
#1355 = DIRECTION ( 'NONE',  ( -0.000000000000000000, -0.000000000000000000, 1.000000000000000000 ) ) ;
#1356 = VECTOR ( 'NONE', #34, 1000.000000000000000 ) ;
#1357 = ORIENTED_EDGE ( 'NONE', *, *, #2339, .F. ) ;
#1358 = FACE_OUTER_BOUND ( 'NONE', #2012, .T. ) ;
#1359 = DIRECTION ( 'NONE',  ( -1.000000000000000000, -0.000000000000000000, -0.000000000000000000 ) ) ;
#1360 = DIRECTION ( 'NONE',  ( 0.000000000000000000, 0.000000000000000000, -1.000000000000000000 ) ) ;
#1361 = EDGE_CURVE ( 'NONE', #359, #3707, #163, .T. ) ;
#1362 = EDGE_CURVE ( 'NONE', #517, #3012, #1199, .T. ) ;
#1363 = FACE_OUTER_BOUND ( 'NONE', #4170, .T. ) ;
#1364 = LINE ( 'NONE', #3083, #4153 ) ;
#1365 = CARTESIAN_POINT ( 'NONE',  ( 3.100000000000004974, -0.05000000000000000278, -1.400000000000000577 ) ) ;
#1366 = LINE ( 'NONE', #2017, #2246 ) ;
#1367 = ORIENTED_EDGE ( 'NONE', *, *, #5241, .T. ) ;
#1368 = LINE ( 'NONE', #2655, #2411 ) ;
#1369 = EDGE_CURVE ( 'NONE', #4825, #3937, #1517, .T. ) ;
#1370 = DIRECTION ( 'NONE',  ( 0.000000000000000000, 0.000000000000000000, -1.000000000000000000 ) ) ;
#1371 = LINE ( 'NONE', #1943, #2252 ) ;
#1372 = CARTESIAN_POINT ( 'NONE',  ( 2.400000000000004796, 0.2000000000000000111, 1.400000000000000577 ) ) ;
#1373 = VERTEX_POINT ( 'NONE', #3805 ) ;
#1374 = ORIENTED_EDGE ( 'NONE', *, *, #4700, .T. ) ;
#1375 = VECTOR ( 'NONE', #595, 1000.000000000000000 ) ;
#1376 = VERTEX_POINT ( 'NONE', #6361 ) ;
#1377 = CARTESIAN_POINT ( 'NONE',  ( 0.000000000000000000, -0.05000000000000000278, 0.000000000000000000 ) ) ;
#1378 = LINE ( 'NONE', #4833, #36 ) ;
#1379 = CARTESIAN_POINT ( 'NONE',  ( 2.900000000000005240, 0.2000000000000000111, 2.600000000000000533 ) ) ;
#1380 = EDGE_CURVE ( 'NONE', #826, #113, #3586, .T. ) ;
#1381 = ADVANCED_FACE ( 'NONE', ( #3741 ), #1291, .F. ) ;
#1382 = ORIENTED_EDGE ( 'NONE', *, *, #5202, .F. ) ;
#1383 = CARTESIAN_POINT ( 'NONE',  ( -1.599999999999998535, -0.05000000000000000278, -1.400000000000000577 ) ) ;
#1384 = VECTOR ( 'NONE', #3177, 1000.000000000000000 ) ;
#1385 = CARTESIAN_POINT ( 'NONE',  ( -3.100000000000000089, -0.05000000000000000278, 2.600000000000000533 ) ) ;
#1386 = CARTESIAN_POINT ( 'NONE',  ( 0.4000000000000032419, -0.05000000000000000278, 2.600000000000000533 ) ) ;
#1387 = ORIENTED_EDGE ( 'NONE', *, *, #871, .F. ) ;
#1388 = VERTEX_POINT ( 'NONE', #2319 ) ;
#1389 = ORIENTED_EDGE ( 'NONE', *, *, #3964, .F. ) ;
#1390 = CARTESIAN_POINT ( 'NONE',  ( -5.100000000000000533, 0.000000000000000000, -2.000000000000000000 ) ) ;
#1391 = VECTOR ( 'NONE', #615, 1000.000000000000000 ) ;
#1392 = VERTEX_POINT ( 'NONE', #3360 ) ;
#1393 = ORIENTED_EDGE ( 'NONE', *, *, #339, .T. ) ;
#1394 = CARTESIAN_POINT ( 'NONE',  ( -4.000000000000000000, 2.000000000000000000, 0.6500000000000010214 ) ) ;
#1395 = ORIENTED_EDGE ( 'NONE', *, *, #591, .F. ) ;
#1396 = ORIENTED_EDGE ( 'NONE', *, *, #1514, .F. ) ;
#1397 = CARTESIAN_POINT ( 'NONE',  ( 2.100000000000004086, 0.2000000000000000111, -2.600000000000000533 ) ) ;
#1398 = DIRECTION ( 'NONE',  ( 0.000000000000000000, 0.000000000000000000, -1.000000000000000000 ) ) ;
#1399 = EDGE_CURVE ( 'NONE', #1458, #1850, #389, .T. ) ;
#1400 = VECTOR ( 'NONE', #2716, 1000.000000000000000 ) ;
#1401 = EDGE_CURVE ( 'NONE', #3842, #1243, #6612, .T. ) ;
#1402 = CARTESIAN_POINT ( 'NONE',  ( 0.4000000000000032419, -0.05000000000000000278, 1.400000000000000577 ) ) ;
#1403 = ORIENTED_EDGE ( 'NONE', *, *, #2261, .T. ) ;
#1404 = EDGE_LOOP ( 'NONE', ( #1724, #3785, #5047, #1145 ) ) ;
#1405 = DIRECTION ( 'NONE',  ( 0.000000000000000000, -0.000000000000000000, 1.000000000000000000 ) ) ;
#1406 = CARTESIAN_POINT ( 'NONE',  ( 3.400000000000005684, -0.05000000000000000278, -1.400000000000000577 ) ) ;
#1407 = PLANE ( 'NONE',  #1963 ) ;
#1408 = CARTESIAN_POINT ( 'NONE',  ( -5.100000000000000533, 0.000000000000000000, -2.000000000000000000 ) ) ;
#1409 = FACE_OUTER_BOUND ( 'NONE', #2003, .T. ) ;
#1410 = PLANE ( 'NONE',  #1998 ) ;
#1411 = ORIENTED_EDGE ( 'NONE', *, *, #5375, .F. ) ;
#1412 = ORIENTED_EDGE ( 'NONE', *, *, #2198, .T. ) ;
#1413 = EDGE_CURVE ( 'NONE', #628, #989, #1675, .T. ) ;
#1414 = PLANE ( 'NONE',  #5377 ) ;
#1415 = DIRECTION ( 'NONE',  ( 0.000000000000000000, -0.000000000000000000, -1.000000000000000000 ) ) ;
#1416 = FACE_OUTER_BOUND ( 'NONE', #1252, .T. ) ;
#1417 = ORIENTED_EDGE ( 'NONE', *, *, #4815, .T. ) ;
#1418 = ORIENTED_EDGE ( 'NONE', *, *, #4224, .F. ) ;
#1419 = ADVANCED_FACE ( 'NONE', ( #5651 ), #5423, .T. ) ;
#1420 = PLANE ( 'NONE',  #4293 ) ;
#1421 = VECTOR ( 'NONE', #4727, 1000.000000000000000 ) ;
#1422 = APPLICATION_CONTEXT ( 'automotive_design' ) ;
#1424 = EDGE_LOOP ( 'NONE', ( #4533, #1503, #1432, #4824 ) ) ;
#1423 = CARTESIAN_POINT ( 'NONE',  ( 2.400000000000004796, 0.2000000000000000111, -1.400000000000000577 ) ) ;
#1425 = VERTEX_POINT ( 'NONE', #2786 ) ;
#1426 = DIRECTION ( 'NONE',  ( 0.000000000000000000, 0.000000000000000000, -1.000000000000000000 ) ) ;
#1427 = DIRECTION ( 'NONE',  ( 0.000000000000000000, 0.000000000000000000, 1.000000000000000000 ) ) ;
#1428 = PLANE ( 'NONE',  #747 ) ;
#1429 = DIRECTION ( 'NONE',  ( 0.000000000000000000, -1.000000000000000000, 0.000000000000000000 ) ) ;
#1430 = ORIENTED_EDGE ( 'NONE', *, *, #832, .T. ) ;
#1431 = PLANE ( 'NONE',  #2305 ) ;
#1432 = ORIENTED_EDGE ( 'NONE', *, *, #6579, .F. ) ;
#1433 = ORIENTED_EDGE ( 'NONE', *, *, #5327, .F. ) ;
#1434 = DIRECTION ( 'NONE',  ( 4.336808689942017736E-16, 0.000000000000000000, 1.000000000000000000 ) ) ;
#1435 = CARTESIAN_POINT ( 'NONE',  ( 0.6000000000000033085, 0.000000000000000000, -2.000000000000000000 ) ) ;
#1436 = FACE_OUTER_BOUND ( 'NONE', #3935, .T. ) ;
#1437 = ORIENTED_EDGE ( 'NONE', *, *, #1551, .F. ) ;
#1438 = VECTOR ( 'NONE', #2406, 1000.000000000000000 ) ;
#1439 = ORIENTED_EDGE ( 'NONE', *, *, #3610, .F. ) ;
#1440 = DIRECTION ( 'NONE',  ( 0.000000000000000000, -1.000000000000000000, 0.000000000000000000 ) ) ;
#1441 = VECTOR ( 'NONE', #945, 1000.000000000000000 ) ;
#1442 = VECTOR ( 'NONE', #5461, 1000.000000000000000 ) ;
#1443 = CARTESIAN_POINT ( 'NONE',  ( 0.6000000000000028644, 0.2000000000000000111, 1.400000000000000577 ) ) ;
#1444 = DIRECTION ( 'NONE',  ( -0.000000000000000000, 0.000000000000000000, 1.000000000000000000 ) ) ;
#1445 = CARTESIAN_POINT ( 'NONE',  ( -4.000000000000000000, 3.899999999999999911, -1.249999999999999778 ) ) ;
#1446 = CARTESIAN_POINT ( 'NONE',  ( 1.900000000000004574, -0.05000000000000000278, 1.400000000000000577 ) ) ;
#1447 = LINE ( 'NONE', #3221, #2325 ) ;
#1448 = FACE_OUTER_BOUND ( 'NONE', #2046, .T. ) ;
#1449 = DIRECTION ( 'NONE',  ( 0.000000000000000000, -0.000000000000000000, -1.000000000000000000 ) ) ;
#1450 = EDGE_CURVE ( 'NONE', #4207, #3716, #6443, .T. ) ;
#1451 = EDGE_CURVE ( 'NONE', #956, #3871, #2385, .T. ) ;
#1452 = CARTESIAN_POINT ( 'NONE',  ( 1.600000000000003864, 0.2000000000000000111, 1.400000000000000577 ) ) ;
#1453 = CARTESIAN_POINT ( 'NONE',  ( -3.100000000000000977, 0.2000000000000000111, -2.600000000000000533 ) ) ;
#1454 = ADVANCED_FACE ( 'NONE', ( #5326 ), #5444, .F. ) ;
#1455 = CARTESIAN_POINT ( 'NONE',  ( 2.900000000000005240, -0.05000000000000000278, -2.600000000000000533 ) ) ;
#1456 = VECTOR ( 'NONE', #5839, 1000.000000000000000 ) ;
#1457 = EDGE_LOOP ( 'NONE', ( #2126, #4494, #5612, #1953 ) ) ;
#1458 = VERTEX_POINT ( 'NONE', #6340 ) ;
#1459 = LINE ( 'NONE', #570, #1296 ) ;
#1460 = CARTESIAN_POINT ( 'NONE',  ( -2.099999999999999201, -0.05000000000000000278, 2.600000000000000533 ) ) ;
#1461 = CARTESIAN_POINT ( 'NONE',  ( -0.8999999999999984679, 0.2000000000000000111, -2.000000000000000000 ) ) ;
#1462 = EDGE_CURVE ( 'NONE', #6032, #4521, #5814, .T. ) ;
#1463 = CARTESIAN_POINT ( 'NONE',  ( 0.4000000000000032419, -0.05000000000000000278, 1.400000000000000577 ) ) ;
#1464 = VECTOR ( 'NONE', #4435, 1000.000000000000000 ) ;
#1465 = VECTOR ( 'NONE', #5497, 1000.000000000000000 ) ;
#1466 = ORIENTED_EDGE ( 'NONE', *, *, #5167, .F. ) ;
#1467 = CARTESIAN_POINT ( 'NONE',  ( 0.9000000000000036859, -0.05000000000000000278, -1.400000000000000577 ) ) ;
#1468 = DIRECTION ( 'NONE',  ( 0.000000000000000000, -1.000000000000000000, 0.000000000000000000 ) ) ;
#1469 = EDGE_LOOP ( 'NONE', ( #776, #5067, #4088, #5805 ) ) ;
#1470 = CARTESIAN_POINT ( 'NONE',  ( -3.100000000000000977, -0.05000000000000000278, -2.600000000000000533 ) ) ;
#1471 = CARTESIAN_POINT ( 'NONE',  ( 1.600000000000003864, 0.000000000000000000, 1.400000000000000577 ) ) ;
#1472 = EDGE_CURVE ( 'NONE', #1349, #4349, #4919, .T. ) ;
#1473 = DIRECTION ( 'NONE',  ( 0.000000000000000000, 0.000000000000000000, -1.000000000000000000 ) ) ;
#1474 = FACE_OUTER_BOUND ( 'NONE', #271, .T. ) ;
#1475 = DIRECTION ( 'NONE',  ( 1.000000000000000000, 0.000000000000000000, 0.000000000000000000 ) ) ;
#1476 = ORIENTED_EDGE ( 'NONE', *, *, #6352, .T. ) ;
#1477 = ORIENTED_EDGE ( 'NONE', *, *, #3288, .F. ) ;
#1478 = CARTESIAN_POINT ( 'NONE',  ( -4.000000000000000000, 3.899999999999999911, -1.150000000000000355 ) ) ;
#1479 = VERTEX_POINT ( 'NONE', #1910 ) ;
#1480 = ADVANCED_FACE ( 'NONE', ( #1037 ), #443, .F. ) ;
#1481 = FACE_OUTER_BOUND ( 'NONE', #3951, .T. ) ;
#1482 = CARTESIAN_POINT ( 'NONE',  ( -5.100000000000000533, 0.000000000000000000, -2.000000000000000000 ) ) ;
#1483 = VERTEX_POINT ( 'NONE', #2915 ) ;
#1484 = VERTEX_POINT ( 'NONE', #4926 ) ;
#1485 = ADVANCED_FACE ( 'NONE', ( #81 ), #2478, .F. ) ;
#1486 = VECTOR ( 'NONE', #6448, 1000.000000000000000 ) ;
#1487 = CARTESIAN_POINT ( 'NONE',  ( 3.400000000000005684, -0.05000000000000000278, 1.400000000000000577 ) ) ;
#1488 = DIRECTION ( 'NONE',  ( 0.000000000000000000, -0.000000000000000000, -1.000000000000000000 ) ) ;
#1489 = ORIENTED_EDGE ( 'NONE', *, *, #250, .T. ) ;
#1490 = ORIENTED_EDGE ( 'NONE', *, *, #1682, .F. ) ;
#1491 = CARTESIAN_POINT ( 'NONE',  ( 1.600000000000003864, -0.05000000000000000278, -1.400000000000000577 ) ) ;
#1492 = EDGE_CURVE ( 'NONE', #6426, #1388, #4612, .T. ) ;
#1493 = DIRECTION ( 'NONE',  ( -0.000000000000000000, 1.000000000000000000, -0.000000000000000000 ) ) ;
#1494 = EDGE_CURVE ( 'NONE', #4863, #2466, #2230, .T. ) ;
#1495 = LINE ( 'NONE', #3864, #4115 ) ;
#1496 = ORIENTED_EDGE ( 'NONE', *, *, #2080, .F. ) ;
#1497 = DIRECTION ( 'NONE',  ( -1.000000000000000000, 0.000000000000000000, 0.000000000000000000 ) ) ;
#1498 = ORIENTED_EDGE ( 'NONE', *, *, #3749, .F. ) ;
#1499 = DIRECTION ( 'NONE',  ( 1.000000000000000000, 0.000000000000000000, 0.000000000000000000 ) ) ;
#1500 = VECTOR ( 'NONE', #4009, 1000.000000000000000 ) ;
#1501 = EDGE_CURVE ( 'NONE', #691, #6426, #1597, .T. ) ;
#1502 = ORIENTED_EDGE ( 'NONE', *, *, #2703, .T. ) ;
#1503 = ORIENTED_EDGE ( 'NONE', *, *, #1201, .T. ) ;
#1504 = DIRECTION ( 'NONE',  ( 4.336808689942017736E-16, 0.000000000000000000, 1.000000000000000000 ) ) ;
#1505 = DIRECTION ( 'NONE',  ( -0.000000000000000000, -0.000000000000000000, -1.000000000000000000 ) ) ;
#1506 = LINE ( 'NONE', #1212, #4361 ) ;
#1507 = ORIENTED_EDGE ( 'NONE', *, *, #3718, .F. ) ;
#1508 = ORIENTED_EDGE ( 'NONE', *, *, #4377, .T. ) ;
#1509 = CARTESIAN_POINT ( 'NONE',  ( 1.100000000000003419, 0.2000000000000000111, 1.400000000000000577 ) ) ;
#1510 = DIRECTION ( 'NONE',  ( -1.000000000000000000, 0.000000000000000000, 0.000000000000000000 ) ) ;
#1511 = ADVANCED_FACE ( 'NONE', ( #3582 ), #5957, .F. ) ;
#1512 = LINE ( 'NONE', #510, #4446 ) ;
#1513 = CARTESIAN_POINT ( 'NONE',  ( 2.900000000000005240, 0.000000000000000000, 1.400000000000000577 ) ) ;
#1514 = EDGE_CURVE ( 'NONE', #4641, #5820, #4768, .T. ) ;
#1515 = DIRECTION ( 'NONE',  ( -0.000000000000000000, -0.000000000000000000, -1.000000000000000000 ) ) ;
#1516 = ORIENTED_EDGE ( 'NONE', *, *, #6389, .F. ) ;
#1517 = LINE ( 'NONE', #3240, #5410 ) ;
#1518 = ORIENTED_EDGE ( 'NONE', *, *, #3373, .T. ) ;
#1519 = DIRECTION ( 'NONE',  ( -1.000000000000000000, 0.000000000000000000, -0.000000000000000000 ) ) ;
#1520 = DIRECTION ( 'NONE',  ( -0.000000000000000000, 0.000000000000000000, -1.000000000000000000 ) ) ;
#1521 = CARTESIAN_POINT ( 'NONE',  ( 2.600000000000004530, 0.000000000000000000, 0.000000000000000000 ) ) ;
#1522 = CARTESIAN_POINT ( 'NONE',  ( 2.600000000000004530, 0.2000000000000000111, -2.600000000000000533 ) ) ;
#1523 = ADVANCED_FACE ( 'NONE', ( #2470 ), #4947, .F. ) ;
#1524 = FACE_OUTER_BOUND ( 'NONE', #4360, .T. ) ;
#1525 = DIRECTION ( 'NONE',  ( -0.000000000000000000, 1.000000000000000000, -0.000000000000000000 ) ) ;
#1526 = VECTOR ( 'NONE', #5394, 1000.000000000000000 ) ;
#1527 = VECTOR ( 'NONE', #6216, 1000.000000000000000 ) ;
#1528 = LINE ( 'NONE', #1509, #6073 ) ;
#1529 = CARTESIAN_POINT ( 'NONE',  ( 1.100000000000003419, 0.2000000000000000111, 2.600000000000000533 ) ) ;
#1530 = EDGE_CURVE ( 'NONE', #3942, #3235, #6128, .T. ) ;
#1531 = AXIS2_PLACEMENT_3D ( 'NONE', #4400, #4977, #1405 ) ;
#1532 = CARTESIAN_POINT ( 'NONE',  ( -3.100000000000000089, 0.000000000000000000, 2.000000000000000000 ) ) ;
#1533 = LINE ( 'NONE', #4499, #5833 ) ;
#1534 = ORIENTED_EDGE ( 'NONE', *, *, #1927, .F. ) ;
#1535 = FACE_OUTER_BOUND ( 'NONE', #6107, .T. ) ;
#1536 = CARTESIAN_POINT ( 'NONE',  ( -1.099999999999998090, 0.2000000000000000111, 2.000000000000000000 ) ) ;
#1537 = DIRECTION ( 'NONE',  ( 0.000000000000000000, 0.000000000000000000, 1.000000000000000000 ) ) ;
#1538 = LINE ( 'NONE', #4785, #3912 ) ;
#1539 = CARTESIAN_POINT ( 'NONE',  ( 1.100000000000003419, -0.05000000000000000278, 1.400000000000000577 ) ) ;
#1540 = ORIENTED_EDGE ( 'NONE', *, *, #2237, .F. ) ;
#1541 = ORIENTED_EDGE ( 'NONE', *, *, #1624, .F. ) ;
#1542 = LINE ( 'NONE', #2073, #2419 ) ;
#1543 = CARTESIAN_POINT ( 'NONE',  ( 2.400000000000004796, -0.05000000000000000278, 1.400000000000000577 ) ) ;
#1544 = EDGE_CURVE ( 'NONE', #4641, #2227, #2860, .T. ) ;
#1545 = CARTESIAN_POINT ( 'NONE',  ( -0.8999999999999984679, 0.2000000000000000111, -1.400000000000000577 ) ) ;
#1546 = AXIS2_PLACEMENT_3D ( 'NONE', #6187, #6135, #1043 ) ;
#1547 = CARTESIAN_POINT ( 'NONE',  ( -2.099999999999999201, 2.000000000000000000, -2.000000000000000000 ) ) ;
#1548 = VECTOR ( 'NONE', #174, 1000.000000000000000 ) ;
#1549 = DIRECTION ( 'NONE',  ( -0.000000000000000000, -1.000000000000000000, -0.000000000000000000 ) ) ;
#1550 = ORIENTED_EDGE ( 'NONE', *, *, #3336, .T. ) ;
#1551 = EDGE_CURVE ( 'NONE', #6061, #6332, #232, .T. ) ;
#1552 = CARTESIAN_POINT ( 'NONE',  ( -1.399999999999998801, 2.000000000000000000, 2.000000000000000000 ) ) ;
#1553 = LINE ( 'NONE', #1612, #5287 ) ;
#1554 = ORIENTED_EDGE ( 'NONE', *, *, #3790, .T. ) ;
#1555 = VERTEX_POINT ( 'NONE', #4465 ) ;
#1556 = CARTESIAN_POINT ( 'NONE',  ( -0.5999999999999976463, 0.2000000000000000111, 1.400000000000000577 ) ) ;
#1557 = EDGE_LOOP ( 'NONE', ( #5718, #2440, #2281, #6418 ) ) ;
#1558 = LINE ( 'NONE', #1890, #5783 ) ;
#1559 = ORIENTED_EDGE ( 'NONE', *, *, #1530, .T. ) ;
#1560 = CARTESIAN_POINT ( 'NONE',  ( 0.4000000000000032419, -0.05000000000000000278, -2.600000000000000533 ) ) ;
#1561 = EDGE_LOOP ( 'NONE', ( #2337, #5875, #1087, #2951, #2957, #4408 ) ) ;
#1562 = VERTEX_POINT ( 'NONE', #2967 ) ;
#1563 = ORIENTED_EDGE ( 'NONE', *, *, #2145, .F. ) ;
#1564 = DIRECTION ( 'NONE',  ( 0.000000000000000000, 1.000000000000000000, 0.000000000000000000 ) ) ;
#1565 = EDGE_CURVE ( 'NONE', #2050, #1874, #3887, .T. ) ;
#1566 = DIRECTION ( 'NONE',  ( 0.000000000000000000, 0.000000000000000000, -1.000000000000000000 ) ) ;
#1567 = LINE ( 'NONE', #3317, #5228 ) ;
#1568 = PLANE ( 'NONE',  #4917 ) ;
#1569 = DIRECTION ( 'NONE',  ( 0.000000000000000000, 0.000000000000000000, -1.000000000000000000 ) ) ;
#1570 = ORIENTED_EDGE ( 'NONE', *, *, #2858, .F. ) ;
#1571 = ORIENTED_EDGE ( 'NONE', *, *, #2099, .F. ) ;
#1572 = DIRECTION ( 'NONE',  ( -1.000000000000000000, 0.000000000000000000, 0.000000000000000000 ) ) ;
#1573 = LINE ( 'NONE', #101, #214 ) ;
#1574 = EDGE_CURVE ( 'NONE', #4986, #82, #2560, .T. ) ;
#1575 = DIRECTION ( 'NONE',  ( -0.000000000000000000, 0.000000000000000000, 1.000000000000000000 ) ) ;
#1576 = ORIENTED_EDGE ( 'NONE', *, *, #774, .T. ) ;
#1577 = VERTEX_POINT ( 'NONE', #6078 ) ;
#1578 = DIRECTION ( 'NONE',  ( 0.000000000000000000, 0.000000000000000000, 1.000000000000000000 ) ) ;
#1579 = DIRECTION ( 'NONE',  ( 0.000000000000000000, 0.000000000000000000, -1.000000000000000000 ) ) ;
#1580 = LINE ( 'NONE', #187, #1978 ) ;
#1581 = ORIENTED_EDGE ( 'NONE', *, *, #5960, .F. ) ;
#1582 = VERTEX_POINT ( 'NONE', #6613 ) ;
#1583 = EDGE_CURVE ( 'NONE', #857, #1223, #855, .T. ) ;
#1584 = DIRECTION ( 'NONE',  ( 1.000000000000000000, 0.000000000000000000, 0.000000000000000000 ) ) ;
#1585 = EDGE_CURVE ( 'NONE', #5692, #6604, #2943, .T. ) ;
#1586 = DIRECTION ( 'NONE',  ( -0.000000000000000000, 0.000000000000000000, 1.000000000000000000 ) ) ;
#1587 = LINE ( 'NONE', #6181, #1816 ) ;
#1588 = CARTESIAN_POINT ( 'NONE',  ( 0.9000000000000036859, 0.000000000000000000, -1.400000000000000577 ) ) ;
#1589 = CARTESIAN_POINT ( 'NONE',  ( 2.600000000000004974, 0.2000000000000000944, 2.000000000000000000 ) ) ;
#1590 = DIRECTION ( 'NONE',  ( 0.000000000000000000, 0.000000000000000000, 1.000000000000000000 ) ) ;
#1591 = ADVANCED_FACE ( 'NONE', ( #3966 ), #5633, .F. ) ;
#1592 = ORIENTED_EDGE ( 'NONE', *, *, #5451, .F. ) ;
#1593 = ORIENTED_EDGE ( 'NONE', *, *, #2549, .F. ) ;
#1594 = DIRECTION ( 'NONE',  ( 1.000000000000000000, 0.000000000000000000, -0.000000000000000000 ) ) ;
#1595 = DIRECTION ( 'NONE',  ( -1.000000000000000000, -0.000000000000000000, -0.000000000000000000 ) ) ;
#1596 = EDGE_CURVE ( 'NONE', #1710, #2449, #2707, .T. ) ;
#1597 = LINE ( 'NONE', #1985, #6359 ) ;
#1598 = ORIENTED_EDGE ( 'NONE', *, *, #3049, .T. ) ;
#1599 = VERTEX_POINT ( 'NONE', #976 ) ;
#1600 = DIRECTION ( 'NONE',  ( 0.000000000000000000, 0.000000000000000000, -1.000000000000000000 ) ) ;
#1601 = ORIENTED_EDGE ( 'NONE', *, *, #3875, .T. ) ;
#1602 = CARTESIAN_POINT ( 'NONE',  ( 0.000000000000000000, 0.2000000000000000111, 0.000000000000000000 ) ) ;
#1603 = DIRECTION ( 'NONE',  ( -0.000000000000000000, 0.000000000000000000, 1.000000000000000000 ) ) ;
#1604 = VECTOR ( 'NONE', #3331, 1000.000000000000000 ) ;
#1605 = DIRECTION ( 'NONE',  ( 1.000000000000000000, 0.000000000000000000, 0.000000000000000000 ) ) ;
#1606 = ORIENTED_EDGE ( 'NONE', *, *, #3590, .F. ) ;
#1607 = CARTESIAN_POINT ( 'NONE',  ( -3.600000000000000533, -0.05000000000000000278, -1.400000000000000577 ) ) ;
#1608 = EDGE_CURVE ( 'NONE', #5538, #6100, #1512, .T. ) ;
#1609 = CARTESIAN_POINT ( 'NONE',  ( 3.600000000000005418, -0.05000000000000000278, 1.400000000000000577 ) ) ;
#1610 = FACE_OUTER_BOUND ( 'NONE', #5650, .T. ) ;
#1611 = FACE_OUTER_BOUND ( 'NONE', #230, .T. ) ;
#1612 = CARTESIAN_POINT ( 'NONE',  ( -2.099999999999999201, -0.05000000000000000278, 2.600000000000000533 ) ) ;
#1613 = DIRECTION ( 'NONE',  ( 0.000000000000000000, -0.000000000000000000, -1.000000000000000000 ) ) ;
#1614 = DIRECTION ( 'NONE',  ( -1.000000000000000000, -0.000000000000000000, -0.000000000000000000 ) ) ;
#1615 = LINE ( 'NONE', #1247, #6072 ) ;
#1616 = AXIS2_PLACEMENT_3D ( 'NONE', #2890, #2381, #3923 ) ;
#1617 = LINE ( 'NONE', #2436, #3066 ) ;
#1618 = CARTESIAN_POINT ( 'NONE',  ( -3.100000000000000089, -0.05000000000000000278, 1.400000000000000577 ) ) ;
#1619 = CARTESIAN_POINT ( 'NONE',  ( 0.6000000000000028644, -0.05000000000000000278, 2.600000000000000533 ) ) ;
#1620 = VECTOR ( 'NONE', #4723, 1000.000000000000000 ) ;
#1621 = ORIENTED_EDGE ( 'NONE', *, *, #800, .T. ) ;
#1622 = EDGE_LOOP ( 'NONE', ( #6207, #1957, #4774, #5990 ) ) ;
#1623 = LINE ( 'NONE', #6603, #5278 ) ;
#1624 = EDGE_CURVE ( 'NONE', #5219, #6288, #2783, .T. ) ;
#1625 = EDGE_CURVE ( 'NONE', #5503, #2700, #3266, .T. ) ;
#1626 = AXIS2_PLACEMENT_3D ( 'NONE', #1602, #6184, #3459 ) ;
#1627 = CARTESIAN_POINT ( 'NONE',  ( -0.5999999999999980904, 2.000000000000000000, -2.000000000000000000 ) ) ;
#1628 = FACE_OUTER_BOUND ( 'NONE', #1825, .T. ) ;
#1629 = VECTOR ( 'NONE', #1493, 1000.000000000000000 ) ;
#1630 = CARTESIAN_POINT ( 'NONE',  ( 2.100000000000004086, -0.05000000000000000278, 1.400000000000000577 ) ) ;
#1631 = VERTEX_POINT ( 'NONE', #2547 ) ;
#1632 = CARTESIAN_POINT ( 'NONE',  ( -0.8999999999999984679, -0.05000000000000000278, -1.400000000000000577 ) ) ;
#1633 = DIRECTION ( 'NONE',  ( -1.000000000000000000, -0.000000000000000000, -0.000000000000000000 ) ) ;
#1634 = EDGE_LOOP ( 'NONE', ( #3234, #4317, #2642, #4178 ) ) ;
#1635 = CARTESIAN_POINT ( 'NONE',  ( -2.599999999999999645, 0.000000000000000000, 0.000000000000000000 ) ) ;
#1636 = EDGE_CURVE ( 'NONE', #814, #6326, #1348, .T. ) ;
#1637 = FACE_OUTER_BOUND ( 'NONE', #3412, .T. ) ;
#1638 = AXIS2_PLACEMENT_3D ( 'NONE', #1385, #5482, #3437 ) ;
#1639 = CARTESIAN_POINT ( 'NONE',  ( -3.600000000000000533, 0.000000000000000000, 0.000000000000000000 ) ) ;
#1640 = ORIENTED_EDGE ( 'NONE', *, *, #1451, .F. ) ;
#1641 = DIRECTION ( 'NONE',  ( 0.000000000000000000, 0.000000000000000000, -1.000000000000000000 ) ) ;
#1642 = FACE_OUTER_BOUND ( 'NONE', #4960, .T. ) ;
#1643 = VERTEX_POINT ( 'NONE', #2569 ) ;
#1644 = DIRECTION ( 'NONE',  ( -0.000000000000000000, 1.000000000000000000, -0.000000000000000000 ) ) ;
#1645 = VERTEX_POINT ( 'NONE', #3019 ) ;
#1646 = ORIENTED_EDGE ( 'NONE', *, *, #2634, .F. ) ;
#1647 = VECTOR ( 'NONE', #486, 1000.000000000000000 ) ;
#1648 = DIRECTION ( 'NONE',  ( -1.000000000000000000, 0.000000000000000000, -0.000000000000000000 ) ) ;
#1649 = DIRECTION ( 'NONE',  ( -1.000000000000000000, -0.000000000000000000, -0.000000000000000000 ) ) ;
#1650 = ORIENTED_EDGE ( 'NONE', *, *, #1195, .F. ) ;
#1651 = ORIENTED_EDGE ( 'NONE', *, *, #1380, .T. ) ;
#1652 = CARTESIAN_POINT ( 'NONE',  ( -0.5999999999999976463, 0.2000000000000000111, 2.600000000000000533 ) ) ;
#1653 = FACE_OUTER_BOUND ( 'NONE', #5066, .T. ) ;
#1654 = ORIENTED_EDGE ( 'NONE', *, *, #2833, .T. ) ;
#1655 = AXIS2_PLACEMENT_3D ( 'NONE', #3390, #5028, #6242 ) ;
#1656 = ORIENTED_EDGE ( 'NONE', *, *, #695, .T. ) ;
#1657 = CARTESIAN_POINT ( 'NONE',  ( 0.000000000000000000, 0.2000000000000000111, 0.000000000000000000 ) ) ;
#1658 = CARTESIAN_POINT ( 'NONE',  ( 1.400000000000004130, -0.05000000000000000278, -1.400000000000000577 ) ) ;
#1659 = VECTOR ( 'NONE', #331, 1000.000000000000000 ) ;
#1660 = VERTEX_POINT ( 'NONE', #5044 ) ;
#1661 = ORIENTED_EDGE ( 'NONE', *, *, #5340, .T. ) ;
#1662 = DIRECTION ( 'NONE',  ( -0.000000000000000000, 1.000000000000000000, -0.000000000000000000 ) ) ;
#1663 = EDGE_CURVE ( 'NONE', #5329, #2192, #5000, .T. ) ;
#1664 = FACE_OUTER_BOUND ( 'NONE', #4813, .T. ) ;
#1665 = ORIENTED_EDGE ( 'NONE', *, *, #4339, .T. ) ;
#1666 = EDGE_LOOP ( 'NONE', ( #4241, #5941, #2089, #77 ) ) ;
#1667 = CARTESIAN_POINT ( 'NONE',  ( 3.600000000000005418, -0.05000000000000000278, 2.600000000000000533 ) ) ;
#1668 = LINE ( 'NONE', #1386, #3579 ) ;
#1669 = EDGE_CURVE ( 'NONE', #6531, #6473, #4127, .T. ) ;
#1670 = CARTESIAN_POINT ( 'NONE',  ( -1.399999999999998801, 0.2000000000000000111, -1.400000000000000577 ) ) ;
#1671 = VERTEX_POINT ( 'NONE', #1513 ) ;
#1672 = ORIENTED_EDGE ( 'NONE', *, *, #6010, .T. ) ;
#1673 = CARTESIAN_POINT ( 'NONE',  ( 2.400000000000004796, 0.000000000000000000, 0.000000000000000000 ) ) ;
#1674 = CARTESIAN_POINT ( 'NONE',  ( 2.600000000000004530, -0.05000000000000000278, 1.400000000000000577 ) ) ;
#1675 = LINE ( 'NONE', #5361, #5090 ) ;
#1676 = DIRECTION ( 'NONE',  ( 0.000000000000000000, -1.000000000000000000, 0.000000000000000000 ) ) ;
#1677 = VERTEX_POINT ( 'NONE', #4079 ) ;
#1678 = DIRECTION ( 'NONE',  ( -0.000000000000000000, -0.000000000000000000, 1.000000000000000000 ) ) ;
#1679 = LINE ( 'NONE', #1127, #1039 ) ;
#1680 = EDGE_LOOP ( 'NONE', ( #781, #5176, #6405, #3469 ) ) ;
#1681 = DIRECTION ( 'NONE',  ( 0.000000000000000000, 0.000000000000000000, 1.000000000000000000 ) ) ;
#1682 = EDGE_CURVE ( 'NONE', #4891, #777, #3811, .T. ) ;
#1683 = CARTESIAN_POINT ( 'NONE',  ( -0.3999999999999980238, -0.05000000000000000278, 2.600000000000000533 ) ) ;
#1684 = LINE ( 'NONE', #3538, #3680 ) ;
#1685 = ADVANCED_FACE ( 'NONE', ( #1746 ), #5226, .F. ) ;
#1686 = CARTESIAN_POINT ( 'NONE',  ( -1.099999999999998090, -0.05000000000000000278, 1.400000000000000577 ) ) ;
#1687 = DIRECTION ( 'NONE',  ( 0.000000000000000000, -1.000000000000000000, 0.000000000000000000 ) ) ;
#1688 = LINE ( 'NONE', #246, #4229 ) ;
#1689 = VECTOR ( 'NONE', #3062, 1000.000000000000000 ) ;
#1690 = CARTESIAN_POINT ( 'NONE',  ( 0.9000000000000036859, 0.2000000000000000111, 1.400000000000000577 ) ) ;
#1691 = VERTEX_POINT ( 'NONE', #1652 ) ;
#1692 = VECTOR ( 'NONE', #3945, 1000.000000000000000 ) ;
#1693 = CARTESIAN_POINT ( 'NONE',  ( 1.600000000000004086, 0.000000000000000000, -2.000000000000000000 ) ) ;
#1694 = CARTESIAN_POINT ( 'NONE',  ( -3.400000000000000799, 0.000000000000000000, 0.000000000000000000 ) ) ;
#1695 = CARTESIAN_POINT ( 'NONE',  ( -0.3999999999999975797, 2.000000000000000000, 2.000000000000000000 ) ) ;
#1696 = DIRECTION ( 'NONE',  ( -0.000000000000000000, 1.000000000000000000, -0.000000000000000000 ) ) ;
#1697 = EDGE_CURVE ( 'NONE', #4449, #4250, #3262, .T. ) ;
#1698 = LINE ( 'NONE', #3685, #6471 ) ;
#1699 = ORIENTED_EDGE ( 'NONE', *, *, #2180, .T. ) ;
#1700 = FACE_OUTER_BOUND ( 'NONE', #4052, .T. ) ;
#1701 = ORIENTED_EDGE ( 'NONE', *, *, #2495, .F. ) ;
#1702 = CARTESIAN_POINT ( 'NONE',  ( -2.599999999999999645, -0.05000000000000000278, 1.400000000000000577 ) ) ;
#1703 = VECTOR ( 'NONE', #5376, 1000.000000000000000 ) ;
#1704 = EDGE_CURVE ( 'NONE', #3263, #1458, #947, .T. ) ;
#1705 = DIRECTION ( 'NONE',  ( 1.000000000000000000, 0.000000000000000000, -2.168404344971009115E-16 ) ) ;
#1706 = EDGE_CURVE ( 'NONE', #6100, #5248, #153, .T. ) ;
#1707 = DIRECTION ( 'NONE',  ( 1.000000000000000000, 0.000000000000000000, 0.000000000000000000 ) ) ;
#1708 = ORIENTED_EDGE ( 'NONE', *, *, #745, .F. ) ;
#1709 = VECTOR ( 'NONE', #4497, 1000.000000000000000 ) ;
#1710 = VERTEX_POINT ( 'NONE', #4195 ) ;
#1711 = ORIENTED_EDGE ( 'NONE', *, *, #2623, .F. ) ;
#1712 = ORIENTED_EDGE ( 'NONE', *, *, #774, .F. ) ;
#1713 = DIRECTION ( 'NONE',  ( -0.000000000000000000, 0.000000000000000000, 1.000000000000000000 ) ) ;
#1714 = EDGE_CURVE ( 'NONE', #4095, #4651, #5955, .T. ) ;
#1715 = CARTESIAN_POINT ( 'NONE',  ( 3.400000000000005684, -0.05000000000000000278, -1.400000000000000577 ) ) ;
#1716 = DIRECTION ( 'NONE',  ( -0.000000000000000000, 0.000000000000000000, 1.000000000000000000 ) ) ;
#1717 = VECTOR ( 'NONE', #5199, 1000.000000000000000 ) ;
#1718 = CARTESIAN_POINT ( 'NONE',  ( -0.09999999999999722999, -0.05000000000000000278, 1.400000000000000577 ) ) ;
#1719 = EDGE_LOOP ( 'NONE', ( #3170, #4610, #2725, #5411, #3729, #5816 ) ) ;
#1720 = ORIENTED_EDGE ( 'NONE', *, *, #1940, .F. ) ;
#1721 = ORIENTED_EDGE ( 'NONE', *, *, #3006, .T. ) ;
#1722 = PLANE ( 'NONE',  #5584 ) ;
#1723 = VECTOR ( 'NONE', #1759, 1000.000000000000000 ) ;
#1724 = ORIENTED_EDGE ( 'NONE', *, *, #4339, .F. ) ;
#1725 = VERTEX_POINT ( 'NONE', #4281 ) ;
#1726 = EDGE_CURVE ( 'NONE', #4863, #2449, #2157, .T. ) ;
#1727 = DIRECTION ( 'NONE',  ( -0.000000000000000000, 0.000000000000000000, 1.000000000000000000 ) ) ;
#1728 = FACE_OUTER_BOUND ( 'NONE', #4253, .T. ) ;
#1729 = ORIENTED_EDGE ( 'NONE', *, *, #4312, .F. ) ;
#1730 = VERTEX_POINT ( 'NONE', #2468 ) ;
#1731 = PLANE ( 'NONE',  #592 ) ;
#1732 = VECTOR ( 'NONE', #3809, 1000.000000000000000 ) ;
#1733 = DIRECTION ( 'NONE',  ( 0.000000000000000000, 0.000000000000000000, 1.000000000000000000 ) ) ;
#1734 = CARTESIAN_POINT ( 'NONE',  ( 1.400000000000003686, 2.000000000000000000, -2.000000000000000000 ) ) ;
#1735 = PLANE ( 'NONE',  #191 ) ;
#1736 = ORIENTED_EDGE ( 'NONE', *, *, #5905, .T. ) ;
#1737 = CARTESIAN_POINT ( 'NONE',  ( 0.000000000000000000, 0.2000000000000000111, 0.000000000000000000 ) ) ;
#1738 = VECTOR ( 'NONE', #5781, 1000.000000000000000 ) ;
#1739 = ORIENTED_EDGE ( 'NONE', *, *, #6577, .T. ) ;
#1740 = CARTESIAN_POINT ( 'NONE',  ( 2.900000000000005240, -0.05000000000000000278, -1.400000000000000577 ) ) ;
#1741 = ORIENTED_EDGE ( 'NONE', *, *, #5499, .T. ) ;
#1742 = EDGE_CURVE ( 'NONE', #5236, #3294, #5742, .T. ) ;
#1743 = EDGE_CURVE ( 'NONE', #3985, #2754, #1895, .T. ) ;
#1744 = AXIS2_PLACEMENT_3D ( 'NONE', #1328, #388, #5397 ) ;
#1745 = CARTESIAN_POINT ( 'NONE',  ( 1.600000000000004086, 0.000000000000000000, 2.000000000000000000 ) ) ;
#1746 = FACE_OUTER_BOUND ( 'NONE', #1868, .T. ) ;
#1747 = ADVANCED_FACE ( 'NONE', ( #6285 ), #2257, .F. ) ;
#1748 = CARTESIAN_POINT ( 'NONE',  ( -0.8999999999999980238, 0.2000000000000000944, 2.000000000000000000 ) ) ;
#1749 = DIRECTION ( 'NONE',  ( 1.000000000000000000, 0.000000000000000000, 0.000000000000000000 ) ) ;
#1750 = ORIENTED_EDGE ( 'NONE', *, *, #1636, .F. ) ;
#1751 = VECTOR ( 'NONE', #1084, 1000.000000000000000 ) ;
#1752 = ORIENTED_EDGE ( 'NONE', *, *, #4312, .T. ) ;
#1753 = EDGE_CURVE ( 'NONE', #2163, #1167, #3417, .T. ) ;
#1754 = DIRECTION ( 'NONE',  ( -1.000000000000000000, 0.000000000000000000, -0.000000000000000000 ) ) ;
#1755 = ADVANCED_FACE ( 'NONE', ( #4439 ), #6464, .T. ) ;
#1756 = VECTOR ( 'NONE', #6593, 1000.000000000000000 ) ;
#1757 = ORIENTED_EDGE ( 'NONE', *, *, #4979, .T. ) ;
#1758 = CARTESIAN_POINT ( 'NONE',  ( 2.600000000000004974, 0.000000000000000000, 2.000000000000000000 ) ) ;
#1759 = DIRECTION ( 'NONE',  ( -0.000000000000000000, 1.000000000000000000, -0.000000000000000000 ) ) ;
#1760 = CARTESIAN_POINT ( 'NONE',  ( -2.599999999999999645, -0.05000000000000000278, -2.600000000000000533 ) ) ;
#1761 = VECTOR ( 'NONE', #3490, 1000.000000000000000 ) ;
#1762 = VECTOR ( 'NONE', #862, 1000.000000000000000 ) ;
#1763 = VECTOR ( 'NONE', #3001, 1000.000000000000000 ) ;
#1764 = DIRECTION ( 'NONE',  ( -1.000000000000000000, -0.000000000000000000, -0.000000000000000000 ) ) ;
#1765 = LINE ( 'NONE', #4603, #4864 ) ;
#1766 = CARTESIAN_POINT ( 'NONE',  ( 1.900000000000004574, -0.05000000000000000278, -2.600000000000000533 ) ) ;
#1767 = LINE ( 'NONE', #5233, #5682 ) ;
#1768 = ORIENTED_EDGE ( 'NONE', *, *, #2778, .F. ) ;
#1769 = AXIS2_PLACEMENT_3D ( 'NONE', #5603, #2514, #5582 ) ;
#1770 = LINE ( 'NONE', #5523, #261 ) ;
#1771 = CARTESIAN_POINT ( 'NONE',  ( -1.899999999999999245, -0.05000000000000000278, -1.400000000000000577 ) ) ;
#1772 = PLANE ( 'NONE',  #4729 ) ;
#1773 = PRESENTATION_STYLE_ASSIGNMENT (( #4943 ) ) ;
#1774 = CARTESIAN_POINT ( 'NONE',  ( 3.600000000000005862, 2.000000000000000000, 2.000000000000000000 ) ) ;
#1775 = ADVANCED_FACE ( 'NONE', ( #2936 ), #4279, .F. ) ;
#1776 = ORIENTED_EDGE ( 'NONE', *, *, #5919, .F. ) ;
#1777 = LINE ( 'NONE', #2993, #115 ) ;
#1778 = DIRECTION ( 'NONE',  ( 1.000000000000000000, -0.000000000000000000, 0.000000000000000000 ) ) ;
#1779 = EDGE_LOOP ( 'NONE', ( #2705, #3731, #1175, #5606 ) ) ;
#1780 = CARTESIAN_POINT ( 'NONE',  ( -5.100000000000000533, 0.2000000000000000944, -2.000000000000000000 ) ) ;
#1781 = EDGE_CURVE ( 'NONE', #2124, #2058, #4532, .T. ) ;
#1782 = AXIS2_PLACEMENT_3D ( 'NONE', #3601, #4151, #3193 ) ;
#1783 = VERTEX_POINT ( 'NONE', #6373 ) ;
#1784 = VECTOR ( 'NONE', #5311, 1000.000000000000000 ) ;
#1785 = VERTEX_POINT ( 'NONE', #258 ) ;
#1786 = DIRECTION ( 'NONE',  ( -0.000000000000000000, 1.000000000000000000, -0.000000000000000000 ) ) ;
#1787 = EDGE_LOOP ( 'NONE', ( #574, #5874, #3926, #1948 ) ) ;
#1788 = CARTESIAN_POINT ( 'NONE',  ( 2.400000000000004796, -0.05000000000000000278, 2.600000000000000533 ) ) ;
#1789 = EDGE_CURVE ( 'NONE', #4602, #2269, #2074, .T. ) ;
#1790 = LINE ( 'NONE', #5475, #6578 ) ;
#1791 = CARTESIAN_POINT ( 'NONE',  ( 0.6000000000000028644, 0.2000000000000000111, -2.600000000000000533 ) ) ;
#1792 = EDGE_CURVE ( 'NONE', #1874, #1660, #2379, .T. ) ;
#1793 = ORIENTED_EDGE ( 'NONE', *, *, #4174, .T. ) ;
#1794 = ORIENTED_EDGE ( 'NONE', *, *, #1068, .F. ) ;
#1795 = VERTEX_POINT ( 'NONE', #5350 ) ;
#1796 = DIRECTION ( 'NONE',  ( 1.000000000000000000, 0.000000000000000000, 0.000000000000000000 ) ) ;
#1797 = VECTOR ( 'NONE', #2987, 1000.000000000000000 ) ;
#1798 = ORIENTED_EDGE ( 'NONE', *, *, #1201, .F. ) ;
#1799 = VERTEX_POINT ( 'NONE', #4235 ) ;
#1800 = EDGE_CURVE ( 'NONE', #3024, #1315, #5648, .T. ) ;
#1801 = DIRECTION ( 'NONE',  ( 1.000000000000000000, 0.000000000000000000, 0.000000000000000000 ) ) ;
#1802 = DIRECTION ( 'NONE',  ( 1.000000000000000000, 0.000000000000000000, -0.000000000000000000 ) ) ;
#1803 = CARTESIAN_POINT ( 'NONE',  ( -5.099999999999998757, 0.000000000000000000, 2.000000000000000000 ) ) ;
#1804 = LINE ( 'NONE', #1840, #3014 ) ;
#1805 = ORIENTED_EDGE ( 'NONE', *, *, #2579, .F. ) ;
#1806 = ORIENTED_EDGE ( 'NONE', *, *, #5961, .F. ) ;
#1807 = CARTESIAN_POINT ( 'NONE',  ( 0.000000000000000000, 0.2000000000000000111, 0.000000000000000000 ) ) ;
#1808 = VECTOR ( 'NONE', #3326, 1000.000000000000000 ) ;
#1809 = ADVANCED_FACE ( 'NONE', ( #1343 ), #3267, .T. ) ;
#1810 = ADVANCED_FACE ( 'NONE', ( #773 ), #5784, .F. ) ;
#1811 = ORIENTED_EDGE ( 'NONE', *, *, #2182, .T. ) ;
#1812 = EDGE_CURVE ( 'NONE', #6604, #2398, #5245, .T. ) ;
#1813 = ORIENTED_EDGE ( 'NONE', *, *, #990, .T. ) ;
#1814 = CARTESIAN_POINT ( 'NONE',  ( 3.100000000000004974, 0.000000000000000000, 1.400000000000000577 ) ) ;
#1815 = PLANE ( 'NONE',  #5440 ) ;
#1816 = VECTOR ( 'NONE', #3122, 1000.000000000000000 ) ;
#1817 = CARTESIAN_POINT ( 'NONE',  ( 3.400000000000005684, 0.000000000000000000, 0.000000000000000000 ) ) ;
#1818 = ORIENTED_EDGE ( 'NONE', *, *, #1585, .T. ) ;
#1819 = ADVANCED_FACE ( 'NONE', ( #4692 ), #4325, .F. ) ;
#1820 = AXIS2_PLACEMENT_3D ( 'NONE', #6416, #796, #4363 ) ;
#1821 = CARTESIAN_POINT ( 'NONE',  ( -1.099999999999998090, -0.05000000000000000278, -2.600000000000000533 ) ) ;
#1822 = LINE ( 'NONE', #4770, #6122 ) ;
#1823 = PLANE ( 'NONE',  #56 ) ;
#1824 = ORIENTED_EDGE ( 'NONE', *, *, #1846, .F. ) ;
#1825 = EDGE_LOOP ( 'NONE', ( #3796, #117, #5338, #40 ) ) ;
#1826 = EDGE_CURVE ( 'NONE', #4409, #4686, #1506, .T. ) ;
#1827 = EDGE_LOOP ( 'NONE', ( #2197, #1972, #1736, #4417, #1260, #2127 ) ) ;
#1828 = EDGE_CURVE ( 'NONE', #3942, #2050, #3882, .T. ) ;
#1829 = DIRECTION ( 'NONE',  ( 0.000000000000000000, -1.000000000000000000, 0.000000000000000000 ) ) ;
#1830 = VECTOR ( 'NONE', #79, 1000.000000000000000 ) ;
#1831 = ORIENTED_EDGE ( 'NONE', *, *, #3875, .F. ) ;
#1832 = DIRECTION ( 'NONE',  ( 1.000000000000000000, 0.000000000000000000, -0.000000000000000000 ) ) ;
#1833 = PLANE ( 'NONE',  #1820 ) ;
#1834 = VECTOR ( 'NONE', #4342, 1000.000000000000000 ) ;
#1835 = LINE ( 'NONE', #1667, #4463 ) ;
#1836 = EDGE_CURVE ( 'NONE', #900, #3842, #1822, .T. ) ;
#1837 = CARTESIAN_POINT ( 'NONE',  ( 3.100000000000004974, -0.05000000000000000278, -2.600000000000000533 ) ) ;
#1838 = FACE_OUTER_BOUND ( 'NONE', #4316, .T. ) ;
#1839 = ORIENTED_EDGE ( 'NONE', *, *, #220, .F. ) ;
#1840 = CARTESIAN_POINT ( 'NONE',  ( 3.100000000000004974, -0.05000000000000000278, 1.400000000000000577 ) ) ;
#1841 = PLANE ( 'NONE',  #943 ) ;
#1842 = CARTESIAN_POINT ( 'NONE',  ( -1.599999999999998535, 0.000000000000000000, 1.400000000000000577 ) ) ;
#1843 = LINE ( 'NONE', #4380, #5030 ) ;
#1844 = ORIENTED_EDGE ( 'NONE', *, *, #5552, .T. ) ;
#1845 = LINE ( 'NONE', #6520, #3366 ) ;
#1846 = EDGE_CURVE ( 'NONE', #4521, #3985, #468, .T. ) ;
#1847 = DIRECTION ( 'NONE',  ( 0.000000000000000000, -1.000000000000000000, 0.000000000000000000 ) ) ;
#1848 = ADVANCED_FACE ( 'NONE', ( #5884 ), #1815, .F. ) ;
#1849 = LINE ( 'NONE', #2053, #3299 ) ;
#1850 = VERTEX_POINT ( 'NONE', #5971 ) ;
#1851 = VECTOR ( 'NONE', #6120, 1000.000000000000000 ) ;
#1852 = PLANE ( 'NONE',  #2109 ) ;
#1853 = CARTESIAN_POINT ( 'NONE',  ( 1.100000000000003419, 0.2000000000000000111, -2.600000000000000533 ) ) ;
#1854 = ORIENTED_EDGE ( 'NONE', *, *, #1078, .F. ) ;
#1855 = AXIS2_PLACEMENT_3D ( 'NONE', #4403, #2415, #5968 ) ;
#1856 = CARTESIAN_POINT ( 'NONE',  ( -0.3999999999999980238, 0.2000000000000000111, -2.600000000000000533 ) ) ;
#1857 = VECTOR ( 'NONE', #3855, 1000.000000000000000 ) ;
#1858 = ORIENTED_EDGE ( 'NONE', *, *, #1313, .T. ) ;
#1859 = CARTESIAN_POINT ( 'NONE',  ( 2.400000000000004796, -0.05000000000000000278, 1.400000000000000577 ) ) ;
#1860 = CARTESIAN_POINT ( 'NONE',  ( -1.099999999999998090, 0.2000000000000000111, 2.600000000000000533 ) ) ;
#1861 = CARTESIAN_POINT ( 'NONE',  ( -1.599999999999998535, -0.05000000000000000278, 2.600000000000000533 ) ) ;
#1862 = FACE_OUTER_BOUND ( 'NONE', #4502, .T. ) ;
#1863 = CARTESIAN_POINT ( 'NONE',  ( 0.000000000000000000, 0.000000000000000000, 1.400000000000000577 ) ) ;
#1864 = ORIENTED_EDGE ( 'NONE', *, *, #3380, .T. ) ;
#1865 = DIRECTION ( 'NONE',  ( 0.000000000000000000, -0.000000000000000000, -1.000000000000000000 ) ) ;
#1866 = EDGE_CURVE ( 'NONE', #1582, #6356, #1191, .T. ) ;
#1867 = ORIENTED_EDGE ( 'NONE', *, *, #4135, .F. ) ;
#1868 = EDGE_LOOP ( 'NONE', ( #5277, #3152, #2701, #2383 ) ) ;
#1869 = DIRECTION ( 'NONE',  ( -1.000000000000000000, -0.000000000000000000, -0.000000000000000000 ) ) ;
#1870 = LINE ( 'NONE', #1161, #6330 ) ;
#1871 = PLANE ( 'NONE',  #315 ) ;
#1872 = ORIENTED_EDGE ( 'NONE', *, *, #3654, .T. ) ;
#1873 = DIRECTION ( 'NONE',  ( 1.000000000000000000, 0.000000000000000000, 0.000000000000000000 ) ) ;
#1874 = VERTEX_POINT ( 'NONE', #294 ) ;
#1875 = ORIENTED_EDGE ( 'NONE', *, *, #5845, .T. ) ;
#1876 = EDGE_CURVE ( 'NONE', #1913, #236, #1668, .T. ) ;
#1877 = CARTESIAN_POINT ( 'NONE',  ( -2.099999999999999201, -0.05000000000000000278, -1.400000000000000577 ) ) ;
#1878 = AXIS2_PLACEMENT_3D ( 'NONE', #2098, #1648, #1603 ) ;
#1879 = FACE_OUTER_BOUND ( 'NONE', #5381, .T. ) ;
#1880 = ORIENTED_EDGE ( 'NONE', *, *, #3208, .F. ) ;
#1881 = ORIENTED_EDGE ( 'NONE', *, *, #811, .T. ) ;
#1882 = ADVANCED_FACE ( 'NONE', ( #627 ), #1833, .F. ) ;
#1883 = DIRECTION ( 'NONE',  ( -0.000000000000000000, 0.000000000000000000, 1.000000000000000000 ) ) ;
#1884 = EDGE_CURVE ( 'NONE', #3082, #5575, #3194, .T. ) ;
#1885 = DIRECTION ( 'NONE',  ( 0.000000000000000000, 1.000000000000000000, 0.000000000000000000 ) ) ;
#1886 = VERTEX_POINT ( 'NONE', #4936 ) ;
#1887 = VERTEX_POINT ( 'NONE', #6463 ) ;
#1888 = CARTESIAN_POINT ( 'NONE',  ( -0.5999999999999976463, 0.000000000000000000, 0.000000000000000000 ) ) ;
#1889 = VECTOR ( 'NONE', #1429, 1000.000000000000000 ) ;
#1890 = CARTESIAN_POINT ( 'NONE',  ( -1.899999999999999245, -0.05000000000000000278, 1.400000000000000577 ) ) ;
#1891 = VERTEX_POINT ( 'NONE', #4346 ) ;
#1892 = CARTESIAN_POINT ( 'NONE',  ( 1.900000000000004574, -0.05000000000000000278, 2.600000000000000533 ) ) ;
#1893 = ORIENTED_EDGE ( 'NONE', *, *, #1234, .T. ) ;
#1894 = DIRECTION ( 'NONE',  ( 0.000000000000000000, 0.000000000000000000, -1.000000000000000000 ) ) ;
#1895 = LINE ( 'NONE', #4682, #1738 ) ;
#1896 = EDGE_CURVE ( 'NONE', #5073, #667, #303, .T. ) ;
#1897 = CARTESIAN_POINT ( 'NONE',  ( 1.600000000000003864, -0.05000000000000000278, -1.400000000000000577 ) ) ;
#1898 = VERTEX_POINT ( 'NONE', #1853 ) ;
#1899 = ORIENTED_EDGE ( 'NONE', *, *, #6614, .T. ) ;
#1900 = DIRECTION ( 'NONE',  ( -1.000000000000000000, -0.000000000000000000, -0.000000000000000000 ) ) ;
#1901 = VECTOR ( 'NONE', #3883, 1000.000000000000000 ) ;
#1902 = ORIENTED_EDGE ( 'NONE', *, *, #3643, .F. ) ;
#1903 = ORIENTED_EDGE ( 'NONE', *, *, #5551, .F. ) ;
#1904 = VECTOR ( 'NONE', #1802, 1000.000000000000000 ) ;
#1905 = ORIENTED_EDGE ( 'NONE', *, *, #251, .F. ) ;
#1906 = EDGE_CURVE ( 'NONE', #2700, #988, #2704, .T. ) ;
#1907 = AXIS2_PLACEMENT_3D ( 'NONE', #432, #5512, #6489 ) ;
#1908 = CARTESIAN_POINT ( 'NONE',  ( 2.900000000000005240, 0.000000000000000000, 0.000000000000000000 ) ) ;
#1909 = CARTESIAN_POINT ( 'NONE',  ( -1.599999999999998535, -0.05000000000000000278, 1.400000000000000577 ) ) ;
#1910 = CARTESIAN_POINT ( 'NONE',  ( 0.1000000000000024342, -0.05000000000000000278, -1.400000000000000577 ) ) ;
#1911 = CARTESIAN_POINT ( 'NONE',  ( -0.5999999999999976463, -0.05000000000000000278, 2.600000000000000533 ) ) ;
#1912 = VECTOR ( 'NONE', #3575, 1000.000000000000000 ) ;
#1913 = VERTEX_POINT ( 'NONE', #2877 ) ;
#1914 = LINE ( 'NONE', #2887, #561 ) ;
#1915 = ORIENTED_EDGE ( 'NONE', *, *, #4906, .T. ) ;
#1916 = EDGE_CURVE ( 'NONE', #5149, #3924, #4045, .T. ) ;
#1917 = EDGE_CURVE ( 'NONE', #2449, #3925, #3734, .T. ) ;
#1918 = CARTESIAN_POINT ( 'NONE',  ( -1.899999999999999245, 2.000000000000000000, -2.000000000000000000 ) ) ;
#1919 = ADVANCED_FACE ( 'NONE', ( #1029, #6436, #5085 ), #5413, .T. ) ;
#1920 = LINE ( 'NONE', #39, #3822 ) ;
#1921 = CARTESIAN_POINT ( 'NONE',  ( 2.600000000000004530, 0.000000000000000000, 1.400000000000000577 ) ) ;
#1922 = VECTOR ( 'NONE', #2834, 1000.000000000000000 ) ;
#1923 = CARTESIAN_POINT ( 'NONE',  ( 0.000000000000000000, -0.05000000000000000278, 0.000000000000000000 ) ) ;
#1924 = CARTESIAN_POINT ( 'NONE',  ( -5.099999999999998757, 0.000000000000000000, 2.000000000000000000 ) ) ;
#1925 = VECTOR ( 'NONE', #961, 1000.000000000000000 ) ;
#1926 = LINE ( 'NONE', #4580, #2578 ) ;
#1927 = EDGE_CURVE ( 'NONE', #6490, #5862, #6280, .T. ) ;
#1928 = PLANE ( 'NONE',  #263 ) ;
#1929 = DIRECTION ( 'NONE',  ( -1.000000000000000000, 0.000000000000000000, 0.000000000000000000 ) ) ;
#1930 = VECTOR ( 'NONE', #1641, 1000.000000000000000 ) ;
#1931 =( NAMED_UNIT ( * ) PLANE_ANGLE_UNIT ( ) SI_UNIT ( $, .RADIAN. ) );
#1932 = LINE ( 'NONE', #6411, #336 ) ;
#1933 = ORIENTED_EDGE ( 'NONE', *, *, #2180, .F. ) ;
#1934 = LINE ( 'NONE', #2081, #186 ) ;
#1935 = DIRECTION ( 'NONE',  ( -0.000000000000000000, 0.000000000000000000, 1.000000000000000000 ) ) ;
#1936 = CARTESIAN_POINT ( 'NONE',  ( 4.000000000000000000, 3.899999999999999911, -0.6500000000000000222 ) ) ;
#1937 = CARTESIAN_POINT ( 'NONE',  ( -2.599999999999999645, -0.05000000000000000278, 1.400000000000000577 ) ) ;
#1938 = VECTOR ( 'NONE', #1440, 1000.000000000000000 ) ;
#1939 = CARTESIAN_POINT ( 'NONE',  ( -0.3999999999999980238, -0.05000000000000000278, -1.400000000000000577 ) ) ;
#1940 = EDGE_CURVE ( 'NONE', #757, #359, #3189, .T. ) ;
#1941 = VECTOR ( 'NONE', #6364, 1000.000000000000000 ) ;
#1942 = DIRECTION ( 'NONE',  ( 0.000000000000000000, -0.000000000000000000, 1.000000000000000000 ) ) ;
#1943 = CARTESIAN_POINT ( 'NONE',  ( -5.100000000000000533, 0.000000000000000000, -2.000000000000000000 ) ) ;
#1944 = ORIENTED_EDGE ( 'NONE', *, *, #55, .F. ) ;
#1945 = ORIENTED_EDGE ( 'NONE', *, *, #5760, .T. ) ;
#1946 = LINE ( 'NONE', #5572, #2517 ) ;
#1947 = CARTESIAN_POINT ( 'NONE',  ( 1.100000000000003642, 0.2000000000000000944, 2.000000000000000000 ) ) ;
#1948 = ORIENTED_EDGE ( 'NONE', *, *, #1013, .T. ) ;
#1949 = AXIS2_PLACEMENT_3D ( 'NONE', #1189, #2718, #4722 ) ;
#1950 = DIRECTION ( 'NONE',  ( 1.000000000000000000, 0.000000000000000000, 0.000000000000000000 ) ) ;
#1951 = VECTOR ( 'NONE', #2014, 1000.000000000000000 ) ;
#1952 = ADVANCED_FACE ( 'NONE', ( #3497 ), #6439, .T. ) ;
#1953 = ORIENTED_EDGE ( 'NONE', *, *, #2376, .T. ) ;
#1954 = PLANE ( 'NONE',  #5553 ) ;
#1955 = ORIENTED_EDGE ( 'NONE', *, *, #6058, .F. ) ;
#1956 = DIRECTION ( 'NONE',  ( -1.000000000000000000, 0.000000000000000000, 0.000000000000000000 ) ) ;
#1957 = ORIENTED_EDGE ( 'NONE', *, *, #233, .T. ) ;
#1958 = DIRECTION ( 'NONE',  ( 0.000000000000000000, 0.000000000000000000, 1.000000000000000000 ) ) ;
#1959 = EDGE_CURVE ( 'NONE', #857, #4495, #620, .T. ) ;
#1960 = CARTESIAN_POINT ( 'NONE',  ( 1.600000000000003864, 0.2000000000000000111, -2.600000000000000533 ) ) ;
#1961 = VECTOR ( 'NONE', #3989, 1000.000000000000000 ) ;
#1962 = EDGE_CURVE ( 'NONE', #1783, #4961, #1587, .T. ) ;
#1963 = AXIS2_PLACEMENT_3D ( 'NONE', #59, #3482, #4952 ) ;
#1964 = DIRECTION ( 'NONE',  ( 1.000000000000000000, 0.000000000000000000, -0.000000000000000000 ) ) ;
#1965 = ORIENTED_EDGE ( 'NONE', *, *, #4955, .F. ) ;
#1966 = ORIENTED_EDGE ( 'NONE', *, *, #2495, .T. ) ;
#1967 = CARTESIAN_POINT ( 'NONE',  ( -2.099999999999999201, 0.2000000000000000111, 2.000000000000000000 ) ) ;
#1968 = CARTESIAN_POINT ( 'NONE',  ( 3.600000000000005418, 0.000000000000000000, 0.000000000000000000 ) ) ;
#1969 = DIRECTION ( 'NONE',  ( 0.000000000000000000, -0.000000000000000000, -1.000000000000000000 ) ) ;
#1970 = VECTOR ( 'NONE', #643, 1000.000000000000000 ) ;
#1971 = DIRECTION ( 'NONE',  ( -0.000000000000000000, 1.000000000000000000, -0.000000000000000000 ) ) ;
#1972 = ORIENTED_EDGE ( 'NONE', *, *, #2893, .T. ) ;
#1973 = ORIENTED_EDGE ( 'NONE', *, *, #6614, .F. ) ;
#1974 = EDGE_CURVE ( 'NONE', #4915, #3304, #2299, .T. ) ;
#1975 = DIRECTION ( 'NONE',  ( 1.000000000000000000, 0.000000000000000000, -2.168404344971009115E-16 ) ) ;
#1976 = DIRECTION ( 'NONE',  ( 1.000000000000000000, 0.000000000000000000, 0.000000000000000000 ) ) ;
#1977 = MECHANICAL_DESIGN_GEOMETRIC_PRESENTATION_REPRESENTATION (  '', ( #5770 ), #5289 ) ;
#1978 = VECTOR ( 'NONE', #1271, 1000.000000000000000 ) ;
#1979 = CARTESIAN_POINT ( 'NONE',  ( -2.099999999999999201, -0.05000000000000000278, -1.400000000000000577 ) ) ;
#1980 = EDGE_LOOP ( 'NONE', ( #518, #5923, #2110, #4616 ) ) ;
#1981 = ORIENTED_EDGE ( 'NONE', *, *, #6590, .F. ) ;
#1982 = PLANE ( 'NONE',  #4966 ) ;
#1983 = VECTOR ( 'NONE', #5259, 1000.000000000000000 ) ;
#1984 = CARTESIAN_POINT ( 'NONE',  ( 2.600000000000004530, 0.2000000000000000111, 2.600000000000000533 ) ) ;
#1986 = ORIENTED_EDGE ( 'NONE', *, *, #5134, .F. ) ;
#1985 = CARTESIAN_POINT ( 'NONE',  ( 4.149999999999997691, 3.649999999999998579, -0.5000000000000025535 ) ) ;
#1987 = ORIENTED_EDGE ( 'NONE', *, *, #5023, .T. ) ;
#1988 = CARTESIAN_POINT ( 'NONE',  ( 3.100000000000004974, -0.05000000000000000278, 1.400000000000000577 ) ) ;
#1989 = VECTOR ( 'NONE', #361, 1000.000000000000000 ) ;
#1990 = CARTESIAN_POINT ( 'NONE',  ( 0.9000000000000036859, -0.05000000000000000278, 1.400000000000000577 ) ) ;
#1991 = PLANE ( 'NONE',  #205 ) ;
#1992 = ORIENTED_EDGE ( 'NONE', *, *, #1663, .F. ) ;
#1993 = DIRECTION ( 'NONE',  ( 1.000000000000000000, -0.000000000000000000, 0.000000000000000000 ) ) ;
#1994 = ADVANCED_FACE ( 'NONE', ( #4040 ), #3619, .F. ) ;
#1995 = ORIENTED_EDGE ( 'NONE', *, *, #5110, .F. ) ;
#1996 = ORIENTED_EDGE ( 'NONE', *, *, #3362, .T. ) ;
#1997 = DIRECTION ( 'NONE',  ( -1.000000000000000000, 0.000000000000000000, 0.000000000000000000 ) ) ;
#1998 = AXIS2_PLACEMENT_3D ( 'NONE', #6413, #4954, #5509 ) ;
#1999 = DIRECTION ( 'NONE',  ( 0.000000000000000000, -0.000000000000000000, -1.000000000000000000 ) ) ;
#2000 = ORIENTED_EDGE ( 'NONE', *, *, #1726, .F. ) ;
#2001 = ORIENTED_EDGE ( 'NONE', *, *, #2006, .T. ) ;
#2002 = FACE_OUTER_BOUND ( 'NONE', #1980, .T. ) ;
#2003 = EDGE_LOOP ( 'NONE', ( #6217, #1229, #5786, #2825, #2848, #1346 ) ) ;
#2004 = PLANE ( 'NONE',  #373 ) ;
#2005 = LINE ( 'NONE', #4505, #1761 ) ;
#2006 = EDGE_CURVE ( 'NONE', #985, #5301, #6206, .T. ) ;
#2007 = AXIS2_PLACEMENT_3D ( 'NONE', #1219, #702, #1713 ) ;
#2008 = LINE ( 'NONE', #3959, #3981 ) ;
#2009 = DIRECTION ( 'NONE',  ( 0.000000000000000000, -0.000000000000000000, -1.000000000000000000 ) ) ;
#2010 = PLANE ( 'NONE',  #4982 ) ;
#2011 = FACE_OUTER_BOUND ( 'NONE', #6311, .T. ) ;
#2012 = EDGE_LOOP ( 'NONE', ( #3247, #2418, #2757, #5984, #3585, #5379 ) ) ;
#2013 = VECTOR ( 'NONE', #1705, 1000.000000000000000 ) ;
#2014 = DIRECTION ( 'NONE',  ( 1.000000000000000000, -0.000000000000000000, 0.000000000000000000 ) ) ;
#2015 = SURFACE_SIDE_STYLE ('',( #2540 ) ) ;
#2016 = EDGE_CURVE ( 'NONE', #670, #4814, #1183, .T. ) ;
#2017 = CARTESIAN_POINT ( 'NONE',  ( 0.000000000000000000, 0.000000000000000000, 1.400000000000000577 ) ) ;
#2018 = DIRECTION ( 'NONE',  ( 0.000000000000000000, 1.000000000000000000, 0.000000000000000000 ) ) ;
#2019 = LINE ( 'NONE', #1609, #4868 ) ;
#2020 = ADVANCED_FACE ( 'NONE', ( #147 ), #4636, .F. ) ;
#2021 = LINE ( 'NONE', #3979, #6306 ) ;
#2022 = LINE ( 'NONE', #896, #1692 ) ;
#2023 = CARTESIAN_POINT ( 'NONE',  ( -5.100000000000000533, 0.2000000000000000944, -2.000000000000000000 ) ) ;
#2024 = CARTESIAN_POINT ( 'NONE',  ( -2.900000000000000355, -0.05000000000000000278, -1.400000000000000577 ) ) ;
#2025 = EDGE_CURVE ( 'NONE', #3393, #5907, #5481, .T. ) ;
#2026 = DIRECTION ( 'NONE',  ( 0.000000000000000000, -1.000000000000000000, 0.000000000000000000 ) ) ;
#2027 = LINE ( 'NONE', #4508, #3539 ) ;
#2028 = ORIENTED_EDGE ( 'NONE', *, *, #3798, .T. ) ;
#2029 = VECTOR ( 'NONE', #4467, 1000.000000000000000 ) ;
#2030 = ADVANCED_FACE ( 'NONE', ( #6043 ), #941, .F. ) ;
#2031 = DIRECTION ( 'NONE',  ( -0.000000000000000000, -0.000000000000000000, -1.000000000000000000 ) ) ;
#2032 = CARTESIAN_POINT ( 'NONE',  ( 1.600000000000003864, 0.000000000000000000, -1.400000000000000577 ) ) ;
#2033 = LINE ( 'NONE', #5436, #269 ) ;
#2034 = CARTESIAN_POINT ( 'NONE',  ( 2.100000000000004530, 2.000000000000000000, 2.000000000000000000 ) ) ;
#2035 = CARTESIAN_POINT ( 'NONE',  ( 0.000000000000000000, 0.000000000000000000, -1.400000000000000577 ) ) ;
#2036 = ORIENTED_EDGE ( 'NONE', *, *, #5453, .F. ) ;
#2037 = CARTESIAN_POINT ( 'NONE',  ( 0.1000000000000024342, 0.2000000000000000111, -1.400000000000000577 ) ) ;
#2038 = PLANE ( 'NONE',  #969 ) ;
#2039 = AXIS2_PLACEMENT_3D ( 'NONE', #4027, #1006, #6105 ) ;
#2040 = CARTESIAN_POINT ( 'NONE',  ( -1.099999999999998090, -0.05000000000000000278, -1.400000000000000577 ) ) ;
#2041 = VECTOR ( 'NONE', #6254, 1000.000000000000000 ) ;
#2042 = DIRECTION ( 'NONE',  ( 0.000000000000000000, -1.000000000000000000, 0.000000000000000000 ) ) ;
#2043 = ORIENTED_EDGE ( 'NONE', *, *, #2974, .T. ) ;
#2044 = ORIENTED_EDGE ( 'NONE', *, *, #6577, .F. ) ;
#2045 = CARTESIAN_POINT ( 'NONE',  ( -2.599999999999999645, 0.000000000000000000, -2.000000000000000000 ) ) ;
#2046 = EDGE_LOOP ( 'NONE', ( #3352, #3191, #5636, #5568 ) ) ;
#2047 = VECTOR ( 'NONE', #367, 1000.000000000000000 ) ;
#2048 = DIRECTION ( 'NONE',  ( 0.000000000000000000, 0.000000000000000000, -1.000000000000000000 ) ) ;
#2049 = EDGE_CURVE ( 'NONE', #3046, #824, #3807, .T. ) ;
#2050 = VERTEX_POINT ( 'NONE', #6538 ) ;
#2051 = STYLED_ITEM ( 'NONE', ( #3249 ), #2559 ) ;
#2052 = EDGE_LOOP ( 'NONE', ( #2310, #1210, #1156, #140, #4348, #1269 ) ) ;
#2053 = CARTESIAN_POINT ( 'NONE',  ( -4.000000000000000000, 2.000000000000000000, -1.249999999999999778 ) ) ;
#2054 = ORIENTED_EDGE ( 'NONE', *, *, #968, .T. ) ;
#2055 = FACE_OUTER_BOUND ( 'NONE', #2863, .T. ) ;
#2056 = PLANE ( 'NONE',  #3339 ) ;
#2057 = EDGE_LOOP ( 'NONE', ( #4203, #3677, #4519, #3622 ) ) ;
#2058 = VERTEX_POINT ( 'NONE', #4958 ) ;
#2059 = EDGE_CURVE ( 'NONE', #3767, #6407, #4200, .T. ) ;
#2060 = DIRECTION ( 'NONE',  ( -1.000000000000000000, -0.000000000000000000, -0.000000000000000000 ) ) ;
#2061 = EDGE_CURVE ( 'NONE', #5124, #3666, #5878, .T. ) ;
#2062 = PLANE ( 'NONE',  #5680 ) ;
#2063 = DIRECTION ( 'NONE',  ( -0.000000000000000000, 0.000000000000000000, -1.000000000000000000 ) ) ;
#2064 = ORIENTED_EDGE ( 'NONE', *, *, #1583, .T. ) ;
#2065 = EDGE_LOOP ( 'NONE', ( #4668, #3967, #853, #6605 ) ) ;
#2066 = CARTESIAN_POINT ( 'NONE',  ( 1.600000000000003864, -0.05000000000000000278, 1.400000000000000577 ) ) ;
#2067 = ADVANCED_FACE ( 'NONE', ( #227 ), #3438, .F. ) ;
#2068 = VECTOR ( 'NONE', #5574, 1000.000000000000000 ) ;
#2069 = EDGE_CURVE ( 'NONE', #4667, #4290, #5396, .T. ) ;
#2070 = ORIENTED_EDGE ( 'NONE', *, *, #2729, .F. ) ;
#2071 = VERTEX_POINT ( 'NONE', #1435 ) ;
#2072 = DIRECTION ( 'NONE',  ( 1.000000000000000000, 0.000000000000000000, 0.000000000000000000 ) ) ;
#2073 = CARTESIAN_POINT ( 'NONE',  ( 1.900000000000004574, -0.05000000000000000278, -2.600000000000000533 ) ) ;
#2074 = LINE ( 'NONE', #1766, #382 ) ;
#2075 = ORIENTED_EDGE ( 'NONE', *, *, #3683, .F. ) ;
#2076 = ORIENTED_EDGE ( 'NONE', *, *, #5808, .T. ) ;
#2077 = CARTESIAN_POINT ( 'NONE',  ( 2.900000000000005240, -0.05000000000000000278, -2.600000000000000533 ) ) ;
#2078 = CARTESIAN_POINT ( 'NONE',  ( -2.599999999999999645, 0.2000000000000000111, 2.600000000000000533 ) ) ;
#2079 = VECTOR ( 'NONE', #6033, 1000.000000000000000 ) ;
#2080 = EDGE_CURVE ( 'NONE', #4521, #4365, #462, .T. ) ;
#2081 = CARTESIAN_POINT ( 'NONE',  ( 0.9000000000000036859, -0.05000000000000000278, 1.400000000000000577 ) ) ;
#2082 = ORIENTED_EDGE ( 'NONE', *, *, #2263, .F. ) ;
#2083 = VECTOR ( 'NONE', #4676, 1000.000000000000000 ) ;
#2084 = ORIENTED_EDGE ( 'NONE', *, *, #4234, .T. ) ;
#2085 = DIRECTION ( 'NONE',  ( -1.000000000000000000, -0.000000000000000000, -0.000000000000000000 ) ) ;
#2086 = CARTESIAN_POINT ( 'NONE',  ( 0.000000000000000000, -0.05000000000000000278, 0.000000000000000000 ) ) ;
#2087 = LINE ( 'NONE', #1320, #2954 ) ;
#2089 = ORIENTED_EDGE ( 'NONE', *, *, #3090, .T. ) ;
#2088 = CARTESIAN_POINT ( 'NONE',  ( 2.900000000000004796, 0.000000000000000000, 2.000000000000000000 ) ) ;
#2090 = VECTOR ( 'NONE', #6300, 1000.000000000000000 ) ;
#2091 = DIRECTION ( 'NONE',  ( -0.000000000000000000, 1.000000000000000000, -0.000000000000000000 ) ) ;
#2092 = AXIS2_PLACEMENT_3D ( 'NONE', #5714, #2664, #6218 ) ;
#2093 = CARTESIAN_POINT ( 'NONE',  ( -2.599999999999999645, -0.05000000000000000278, 2.600000000000000533 ) ) ;
#2094 = LINE ( 'NONE', #231, #719 ) ;
#2095 = FACE_OUTER_BOUND ( 'NONE', #3230, .T. ) ;
#2096 = DIRECTION ( 'NONE',  ( 1.000000000000000000, 0.000000000000000000, 0.000000000000000000 ) ) ;
#2097 = EDGE_CURVE ( 'NONE', #5055, #5269, #4832, .T. ) ;
#2098 = CARTESIAN_POINT ( 'NONE',  ( -0.8999999999999984679, -0.05000000000000000278, -1.400000000000000577 ) ) ;
#2099 = EDGE_CURVE ( 'NONE', #3264, #5224, #3658, .T. ) ;
#2100 = AXIS2_PLACEMENT_3D ( 'NONE', #6074, #4033, #2541 ) ;
#2101 = ORIENTED_EDGE ( 'NONE', *, *, #5405, .T. ) ;
#2102 = VECTOR ( 'NONE', #4228, 1000.000000000000000 ) ;
#2103 = VECTOR ( 'NONE', #1894, 1000.000000000000000 ) ;
#2104 = ORIENTED_EDGE ( 'NONE', *, *, #5045, .F. ) ;
#2105 = LINE ( 'NONE', #70, #2981 ) ;
#2106 = DIRECTION ( 'NONE',  ( 0.000000000000000000, 0.000000000000000000, 1.000000000000000000 ) ) ;
#2107 = EDGE_CURVE ( 'NONE', #6189, #5088, #1336, .T. ) ;
#2108 = DIRECTION ( 'NONE',  ( -0.000000000000000000, 1.000000000000000000, -0.000000000000000000 ) ) ;
#2109 = AXIS2_PLACEMENT_3D ( 'NONE', #736, #3850, #817 ) ;
#2110 = ORIENTED_EDGE ( 'NONE', *, *, #982, .F. ) ;
#2111 = PLANE ( 'NONE',  #5367 ) ;
#2112 = LINE ( 'NONE', #1463, #264 ) ;
#2113 = CARTESIAN_POINT ( 'NONE',  ( 0.9000000000000036859, 0.000000000000000000, 1.400000000000000577 ) ) ;
#2114 = ORIENTED_EDGE ( 'NONE', *, *, #2994, .F. ) ;
#2115 = DIRECTION ( 'NONE',  ( 0.000000000000000000, -1.000000000000000000, 0.000000000000000000 ) ) ;
#2116 = ORIENTED_EDGE ( 'NONE', *, *, #4646, .F. ) ;
#2117 = VECTOR ( 'NONE', #5789, 1000.000000000000000 ) ;
#2118 = ORIENTED_EDGE ( 'NONE', *, *, #3630, .F. ) ;
#2119 = DIRECTION ( 'NONE',  ( 1.000000000000000000, 0.000000000000000000, 0.000000000000000000 ) ) ;
#2120 = ORIENTED_EDGE ( 'NONE', *, *, #3748, .T. ) ;
#2121 = CARTESIAN_POINT ( 'NONE',  ( -3.600000000000000533, -0.05000000000000000278, -2.600000000000000533 ) ) ;
#2122 = CARTESIAN_POINT ( 'NONE',  ( -2.900000000000000355, 0.2000000000000000111, 1.400000000000000577 ) ) ;
#2123 = LINE ( 'NONE', #6479, #1310 ) ;
#2124 = VERTEX_POINT ( 'NONE', #1132 ) ;
#2125 = CARTESIAN_POINT ( 'NONE',  ( -3.900000000000000799, 3.899999999999999911, 0.7500000000000004441 ) ) ;
#2126 = ORIENTED_EDGE ( 'NONE', *, *, #882, .T. ) ;
#2127 = ORIENTED_EDGE ( 'NONE', *, *, #25, .F. ) ;
#2128 = CARTESIAN_POINT ( 'NONE',  ( 0.000000000000000000, 0.2000000000000000111, 0.000000000000000000 ) ) ;
#2129 = EDGE_CURVE ( 'NONE', #4514, #4667, #6602, .T. ) ;
#2130 = DIRECTION ( 'NONE',  ( 0.000000000000000000, -0.000000000000000000, -1.000000000000000000 ) ) ;
#2131 = ADVANCED_FACE ( 'NONE', ( #1664 ), #3205, .F. ) ;
#2132 = VECTOR ( 'NONE', #3946, 1000.000000000000000 ) ;
#2133 = CARTESIAN_POINT ( 'NONE',  ( 2.900000000000005240, -0.05000000000000000278, 1.400000000000000577 ) ) ;
#2134 = DIRECTION ( 'NONE',  ( -0.000000000000000000, 1.000000000000000000, -0.000000000000000000 ) ) ;
#2135 = EDGE_LOOP ( 'NONE', ( #5235, #1261, #3847, #5459 ) ) ;
#2136 = ORIENTED_EDGE ( 'NONE', *, *, #4658, .T. ) ;
#2137 = PLANE ( 'NONE',  #2934 ) ;
#2138 = VECTOR ( 'NONE', #5097, 1000.000000000000000 ) ;
#2139 = AXIS2_PLACEMENT_3D ( 'NONE', #3212, #152, #3714 ) ;
#2140 = VERTEX_POINT ( 'NONE', #6223 ) ;
#2141 = EDGE_LOOP ( 'NONE', ( #4749, #1654, #6344, #5240 ) ) ;
#2142 = FACE_OUTER_BOUND ( 'NONE', #2410, .T. ) ;
#2143 = ORIENTED_EDGE ( 'NONE', *, *, #6481, .T. ) ;
#2144 = ORIENTED_EDGE ( 'NONE', *, *, #5349, .T. ) ;
#2145 = EDGE_CURVE ( 'NONE', #363, #4922, #5320, .T. ) ;
#2146 = DIRECTION ( 'NONE',  ( 0.000000000000000000, 0.000000000000000000, 1.000000000000000000 ) ) ;
#2147 = EDGE_CURVE ( 'NONE', #3649, #989, #4356, .T. ) ;
#2148 = AXIS2_PLACEMENT_3D ( 'NONE', #1377, #830, #6476 ) ;
#2149 = LINE ( 'NONE', #5759, #6431 ) ;
#2150 = CARTESIAN_POINT ( 'NONE',  ( 3.100000000000004974, -0.05000000000000000278, 1.400000000000000577 ) ) ;
#2151 = CARTESIAN_POINT ( 'NONE',  ( 0.000000000000000000, -0.05000000000000000278, 0.000000000000000000 ) ) ;
#2152 = ORIENTED_EDGE ( 'NONE', *, *, #130, .F. ) ;
#2153 = ORIENTED_EDGE ( 'NONE', *, *, #4772, .F. ) ;
#2154 = CARTESIAN_POINT ( 'NONE',  ( 0.4000000000000032419, -0.05000000000000000278, -2.600000000000000533 ) ) ;
#2155 = CARTESIAN_POINT ( 'NONE',  ( 4.000000000000000000, 3.899999999999999911, 0.6499999999999989120 ) ) ;
#2156 = EDGE_CURVE ( 'NONE', #5288, #6426, #2777, .T. ) ;
#2157 = LINE ( 'NONE', #3717, #6209 ) ;
#2158 = VERTEX_POINT ( 'NONE', #1193 ) ;
#2159 = ORIENTED_EDGE ( 'NONE', *, *, #5943, .F. ) ;
#2160 = CARTESIAN_POINT ( 'NONE',  ( 1.400000000000004130, -0.05000000000000000278, -1.400000000000000577 ) ) ;
#2161 = VERTEX_POINT ( 'NONE', #629 ) ;
#2162 = VERTEX_POINT ( 'NONE', #4188 ) ;
#2163 = VERTEX_POINT ( 'NONE', #5237 ) ;
#2164 = VECTOR ( 'NONE', #6282, 1000.000000000000000 ) ;
#2165 = DIRECTION ( 'NONE',  ( 0.000000000000000000, -1.000000000000000000, 0.000000000000000000 ) ) ;
#2166 = ORIENTED_EDGE ( 'NONE', *, *, #5703, .T. ) ;
#2167 = EDGE_CURVE ( 'NONE', #6183, #2612, #2546, .T. ) ;
#2168 = DIRECTION ( 'NONE',  ( -0.000000000000000000, -0.000000000000000000, 1.000000000000000000 ) ) ;
#2169 = VECTOR ( 'NONE', #5867, 1000.000000000000000 ) ;
#2170 = FACE_OUTER_BOUND ( 'NONE', #2052, .T. ) ;
#2171 = DIRECTION ( 'NONE',  ( 0.000000000000000000, -1.000000000000000000, 0.000000000000000000 ) ) ;
#2172 = DIRECTION ( 'NONE',  ( -0.000000000000000000, 0.000000000000000000, -1.000000000000000000 ) ) ;
#2173 = LINE ( 'NONE', #5315, #3213 ) ;
#2174 = AXIS2_PLACEMENT_3D ( 'NONE', #812, #4951, #4865 ) ;
#2175 = FACE_OUTER_BOUND ( 'NONE', #2279, .T. ) ;
#2176 = CARTESIAN_POINT ( 'NONE',  ( -0.5999999999999976463, -0.05000000000000000278, 2.600000000000000533 ) ) ;
#2177 = VECTOR ( 'NONE', #2432, 1000.000000000000000 ) ;
#2178 = EDGE_LOOP ( 'NONE', ( #3165, #4849, #93, #3166, #4075, #4506 ) ) ;
#2179 = VECTOR ( 'NONE', #4671, 1000.000000000000000 ) ;
#2180 = EDGE_CURVE ( 'NONE', #6087, #3200, #3730, .T. ) ;
#2181 = DIRECTION ( 'NONE',  ( 0.000000000000000000, -1.000000000000000000, 0.000000000000000000 ) ) ;
#2182 = EDGE_CURVE ( 'NONE', #4828, #3411, #72, .T. ) ;
#2183 = DIRECTION ( 'NONE',  ( 0.000000000000000000, 0.000000000000000000, -1.000000000000000000 ) ) ;
#2184 = FACE_OUTER_BOUND ( 'NONE', #435, .T. ) ;
#2185 = DIRECTION ( 'NONE',  ( 0.000000000000000000, 0.000000000000000000, -1.000000000000000000 ) ) ;
#2186 = VECTOR ( 'NONE', #5545, 1000.000000000000000 ) ;
#2187 = ORIENTED_EDGE ( 'NONE', *, *, #5365, .F. ) ;
#2188 = EDGE_CURVE ( 'NONE', #5154, #2227, #2149, .T. ) ;
#2189 = LINE ( 'NONE', #239, #6478 ) ;
#2190 = PLANE ( 'NONE',  #4066 ) ;
#2191 = CARTESIAN_POINT ( 'NONE',  ( 2.400000000000004796, 0.2000000000000000111, 2.000000000000000000 ) ) ;
#2192 = VERTEX_POINT ( 'NONE', #650 ) ;
#2193 = LINE ( 'NONE', #54, #1384 ) ;
#2194 = EDGE_LOOP ( 'NONE', ( #3574, #2787, #677, #2752 ) ) ;
#2195 = CARTESIAN_POINT ( 'NONE',  ( 2.400000000000004796, 0.2000000000000000111, -2.600000000000000533 ) ) ;
#2196 = ORIENTED_EDGE ( 'NONE', *, *, #4728, .T. ) ;
#2197 = ORIENTED_EDGE ( 'NONE', *, *, #3627, .T. ) ;
#2198 = EDGE_CURVE ( 'NONE', #608, #931, #5734, .T. ) ;
#2199 = LINE ( 'NONE', #4017, #6336 ) ;
#2200 = PLANE ( 'NONE',  #5641 ) ;
#2201 = DIRECTION ( 'NONE',  ( 0.000000000000000000, -0.000000000000000000, -1.000000000000000000 ) ) ;
#2202 = ORIENTED_EDGE ( 'NONE', *, *, #2933, .F. ) ;
#2203 = EDGE_LOOP ( 'NONE', ( #1337, #5479, #2207, #4717 ) ) ;
#2204 = EDGE_LOOP ( 'NONE', ( #2265, #798, #1002, #1496 ) ) ;
#2205 = CARTESIAN_POINT ( 'NONE',  ( 0.000000000000000000, 0.000000000000000000, 1.400000000000000577 ) ) ;
#2206 = LINE ( 'NONE', #725, #4267 ) ;
#2207 = ORIENTED_EDGE ( 'NONE', *, *, #2218, .F. ) ;
#2208 = PLANE ( 'NONE',  #4638 ) ;
#2209 = ORIENTED_EDGE ( 'NONE', *, *, #525, .F. ) ;
#2210 = DIRECTION ( 'NONE',  ( 0.000000000000000000, -1.000000000000000000, 0.000000000000000000 ) ) ;
#2211 = DIRECTION ( 'NONE',  ( -0.000000000000000000, 1.000000000000000000, -0.000000000000000000 ) ) ;
#2212 = CARTESIAN_POINT ( 'NONE',  ( 0.000000000000000000, 0.2000000000000000111, 0.000000000000000000 ) ) ;
#2213 = DIRECTION ( 'NONE',  ( -0.000000000000000000, 0.000000000000000000, -1.000000000000000000 ) ) ;
#2214 = LINE ( 'NONE', #3072, #837 ) ;
#2215 = ORIENTED_EDGE ( 'NONE', *, *, #6305, .T. ) ;
#2216 = ORIENTED_EDGE ( 'NONE', *, *, #4568, .F. ) ;
#2217 = CARTESIAN_POINT ( 'NONE',  ( -0.5999999999999976463, -0.05000000000000000278, 1.400000000000000577 ) ) ;
#2218 = EDGE_CURVE ( 'NONE', #988, #5645, #1259, .T. ) ;
#2219 = AXIS2_PLACEMENT_3D ( 'NONE', #4950, #4422, #4447 ) ;
#2220 = VECTOR ( 'NONE', #1976, 1000.000000000000000 ) ;
#2221 = ADVANCED_FACE ( 'NONE', ( #5165 ), #2137, .F. ) ;
#2222 = ORIENTED_EDGE ( 'NONE', *, *, #211, .T. ) ;
#2223 = ORIENTED_EDGE ( 'NONE', *, *, #5134, .T. ) ;
#2224 = CARTESIAN_POINT ( 'NONE',  ( 2.600000000000004530, -0.05000000000000000278, 1.400000000000000577 ) ) ;
#2225 = VECTOR ( 'NONE', #3873, 1000.000000000000000 ) ;
#2226 = EDGE_CURVE ( 'NONE', #3649, #6087, #3029, .T. ) ;
#2227 = VERTEX_POINT ( 'NONE', #2195 ) ;
#2228 = AXIS2_PLACEMENT_3D ( 'NONE', #1487, #6115, #3542 ) ;
#2229 = ORIENTED_EDGE ( 'NONE', *, *, #6024, .F. ) ;
#2230 = LINE ( 'NONE', #3428, #309 ) ;
#2231 = DIRECTION ( 'NONE',  ( 0.000000000000000000, -0.000000000000000000, -1.000000000000000000 ) ) ;
#2232 = ORIENTED_EDGE ( 'NONE', *, *, #213, .F. ) ;
#2233 = CARTESIAN_POINT ( 'NONE',  ( -2.900000000000000355, 2.000000000000000000, -2.000000000000000000 ) ) ;
#2234 = LINE ( 'NONE', #4741, #4614 ) ;
#2235 = VERTEX_POINT ( 'NONE', #1109 ) ;
#2236 = CARTESIAN_POINT ( 'NONE',  ( 4.000000000000000000, 3.899999999999999911, 1.249999999999998890 ) ) ;
#2237 = EDGE_CURVE ( 'NONE', #6283, #6083, #2929, .T. ) ;
#2238 = CARTESIAN_POINT ( 'NONE',  ( -2.399999999999999911, 2.000000000000000000, 2.000000000000000000 ) ) ;
#2239 = LINE ( 'NONE', #2852, #1044 ) ;
#2240 = VERTEX_POINT ( 'NONE', #1173 ) ;
#2241 = LINE ( 'NONE', #6381, #2641 ) ;
#2242 = CARTESIAN_POINT ( 'NONE',  ( -0.5999999999999980904, 0.000000000000000000, 2.000000000000000000 ) ) ;
#2243 = VECTOR ( 'NONE', #3617, 1000.000000000000000 ) ;
#2244 = FACE_OUTER_BOUND ( 'NONE', #846, .T. ) ;
#2245 = DIRECTION ( 'NONE',  ( 1.000000000000000000, 0.000000000000000000, 0.000000000000000000 ) ) ;
#2246 = VECTOR ( 'NONE', #1993, 1000.000000000000000 ) ;
#2247 = VERTEX_POINT ( 'NONE', #2301 ) ;
#2248 = VECTOR ( 'NONE', #488, 1000.000000000000000 ) ;
#2249 = ADVANCED_FACE ( 'NONE', ( #4989 ), #229, .F. ) ;
#2250 = CARTESIAN_POINT ( 'NONE',  ( 0.9000000000000036859, 0.2000000000000000111, -2.600000000000000533 ) ) ;
#2251 = AXIS2_PLACEMENT_3D ( 'NONE', #6267, #4166, #2669 ) ;
#2252 = VECTOR ( 'NONE', #934, 1000.000000000000000 ) ;
#2253 = EDGE_LOOP ( 'NONE', ( #1858, #3559, #3440, #1102, #1563, #2152 ) ) ;
#2254 = VECTOR ( 'NONE', #3454, 1000.000000000000000 ) ;
#2255 = ORIENTED_EDGE ( 'NONE', *, *, #3581, .F. ) ;
#2256 = DIRECTION ( 'NONE',  ( -0.5773502691896224004, -0.5773502691896323924, -0.5773502691896224004 ) ) ;
#2257 = PLANE ( 'NONE',  #1655 ) ;
#2258 = ADVANCED_FACE ( 'NONE', ( #5803 ), #3787, .F. ) ;
#2259 = CARTESIAN_POINT ( 'NONE',  ( -0.09999999999999722999, -0.05000000000000000278, 1.400000000000000577 ) ) ;
#2260 = FACE_OUTER_BOUND ( 'NONE', #454, .T. ) ;
#2261 = EDGE_CURVE ( 'NONE', #5055, #2289, #5559, .T. ) ;
#2262 = CARTESIAN_POINT ( 'NONE',  ( -0.09999999999999722999, -0.05000000000000000278, -1.400000000000000577 ) ) ;
#2263 = EDGE_CURVE ( 'NONE', #826, #3411, #456, .T. ) ;
#2264 = AXIS2_PLACEMENT_3D ( 'NONE', #4292, #3783, #2805 ) ;
#2265 = ORIENTED_EDGE ( 'NONE', *, *, #1846, .T. ) ;
#2266 = CARTESIAN_POINT ( 'NONE',  ( -3.600000000000000533, -0.05000000000000000278, -2.600000000000000533 ) ) ;
#2267 = VECTOR ( 'NONE', #6063, 1000.000000000000000 ) ;
#2268 = ORIENTED_EDGE ( 'NONE', *, *, #3006, .F. ) ;
#2269 = VERTEX_POINT ( 'NONE', #5801 ) ;
#2270 = CARTESIAN_POINT ( 'NONE',  ( -5.099999999999998757, 0.2000000000000000944, 2.000000000000000000 ) ) ;
#2271 = CARTESIAN_POINT ( 'NONE',  ( -0.3999999999999980238, -0.05000000000000000278, -1.400000000000000577 ) ) ;
#2272 = EDGE_CURVE ( 'NONE', #5557, #3653, #5644, .T. ) ;
#2273 = CARTESIAN_POINT ( 'NONE',  ( -0.5999999999999976463, 0.000000000000000000, 1.400000000000000577 ) ) ;
#2274 = DIRECTION ( 'NONE',  ( 1.000000000000000000, 0.000000000000000000, 0.000000000000000000 ) ) ;
#2275 = VECTOR ( 'NONE', #3888, 1000.000000000000000 ) ;
#2276 = ORIENTED_EDGE ( 'NONE', *, *, #3336, .F. ) ;
#2277 = PLANE ( 'NONE',  #2264 ) ;
#2278 = VERTEX_POINT ( 'NONE', #270 ) ;
#2279 = EDGE_LOOP ( 'NONE', ( #1915, #4777, #2104, #5948, #4049, #1741 ) ) ;
#2280 = FACE_OUTER_BOUND ( 'NONE', #2563, .T. ) ;
#2281 = ORIENTED_EDGE ( 'NONE', *, *, #4728, .F. ) ;
#2282 = DIRECTION ( 'NONE',  ( -0.000000000000000000, 0.000000000000000000, -1.000000000000000000 ) ) ;
#2283 = ORIENTED_EDGE ( 'NONE', *, *, #97, .F. ) ;
#2284 = EDGE_CURVE ( 'NONE', #1730, #2362, #1580, .T. ) ;
#2285 = DIRECTION ( 'NONE',  ( 0.000000000000000000, 1.000000000000000000, 0.000000000000000000 ) ) ;
#2286 = CARTESIAN_POINT ( 'NONE',  ( 0.000000000000000000, 3.899999999999999911, -0.7499999999999993339 ) ) ;
#2287 = LINE ( 'NONE', #4585, #2686 ) ;
#2289 = VERTEX_POINT ( 'NONE', #3825 ) ;
#2288 = DIRECTION ( 'NONE',  ( -0.000000000000000000, 1.000000000000000000, -0.000000000000000000 ) ) ;
#2290 = ORIENTED_EDGE ( 'NONE', *, *, #2387, .T. ) ;
#2291 = DIRECTION ( 'NONE',  ( 1.000000000000000000, 0.000000000000000000, 0.000000000000000000 ) ) ;
#2292 = ADVANCED_FACE ( 'NONE', ( #2142 ), #1297, .T. ) ;
#2293 = VECTOR ( 'NONE', #2897, 1000.000000000000000 ) ;
#2294 = CARTESIAN_POINT ( 'NONE',  ( -0.5999999999999976463, -0.05000000000000000278, -1.400000000000000577 ) ) ;
#2295 = CARTESIAN_POINT ( 'NONE',  ( -4.000000000000000000, 3.799999999999998490, 0.6500000000000010214 ) ) ;
#2296 = ORIENTED_EDGE ( 'NONE', *, *, #4448, .T. ) ;
#2297 = ORIENTED_EDGE ( 'NONE', *, *, #1706, .T. ) ;
#2298 = CARTESIAN_POINT ( 'NONE',  ( -5.100000000000000533, 2.000000000000000000, -2.000000000000000000 ) ) ;
#2299 = LINE ( 'NONE', #6516, #4121 ) ;
#2300 = ORIENTED_EDGE ( 'NONE', *, *, #4568, .T. ) ;
#2301 = CARTESIAN_POINT ( 'NONE',  ( -4.000000000000000000, 2.000000000000000000, -0.6500000000000000222 ) ) ;
#2302 = VERTEX_POINT ( 'NONE', #4275 ) ;
#2303 = EDGE_CURVE ( 'NONE', #3235, #1425, #5474, .T. ) ;
#2304 = EDGE_CURVE ( 'NONE', #3707, #931, #4826, .T. ) ;
#2305 = AXIS2_PLACEMENT_3D ( 'NONE', #401, #5506, #6555 ) ;
#2306 = DIRECTION ( 'NONE',  ( -1.000000000000000000, 0.000000000000000000, -0.000000000000000000 ) ) ;
#2307 = VECTOR ( 'NONE', #1139, 1000.000000000000000 ) ;
#2308 = ORIENTED_EDGE ( 'NONE', *, *, #1256, .F. ) ;
#2309 = ORIENTED_EDGE ( 'NONE', *, *, #882, .F. ) ;
#2310 = ORIENTED_EDGE ( 'NONE', *, *, #5778, .T. ) ;
#2311 = EDGE_CURVE ( 'NONE', #3077, #1799, #4194, .T. ) ;
#2312 = DIRECTION ( 'NONE',  ( 0.000000000000000000, 0.000000000000000000, -1.000000000000000000 ) ) ;
#2313 = FACE_OUTER_BOUND ( 'NONE', #2912, .T. ) ;
#2314 = ORIENTED_EDGE ( 'NONE', *, *, #2687, .F. ) ;
#2315 = VECTOR ( 'NONE', #1221, 1000.000000000000000 ) ;
#2316 = ORIENTED_EDGE ( 'NONE', *, *, #4887, .F. ) ;
#2317 = CARTESIAN_POINT ( 'NONE',  ( -3.900000000000000799, 3.899999999999999911, 1.150000000000001243 ) ) ;
#2318 = ADVANCED_FACE ( 'NONE', ( #5728 ), #711, .F. ) ;
#2319 = CARTESIAN_POINT ( 'NONE',  ( 3.900000000000000799, 3.899999999999999911, -1.150000000000000355 ) ) ;
#2320 = DIRECTION ( 'NONE',  ( 0.000000000000000000, 1.000000000000000000, 0.000000000000000000 ) ) ;
#2321 = VECTOR ( 'NONE', #498, 1000.000000000000000 ) ;
#2322 = LINE ( 'NONE', #3007, #565 ) ;
#2323 = CARTESIAN_POINT ( 'NONE',  ( -2.900000000000000355, 0.000000000000000000, 0.000000000000000000 ) ) ;
#2324 = ADVANCED_FACE ( 'NONE', ( #1105 ), #5280, .F. ) ;
#2325 = VECTOR ( 'NONE', #5253, 1000.000000000000000 ) ;
#2326 = VECTOR ( 'NONE', #1135, 1000.000000000000000 ) ;
#2327 = CARTESIAN_POINT ( 'NONE',  ( -3.100000000000000089, -0.05000000000000000278, 1.400000000000000577 ) ) ;
#2328 = CARTESIAN_POINT ( 'NONE',  ( -5.100000000000000533, 0.000000000000000000, -2.000000000000000000 ) ) ;
#2329 = LINE ( 'NONE', #1968, #5351 ) ;
#2330 = LINE ( 'NONE', #908, #6239 ) ;
#2331 = VERTEX_POINT ( 'NONE', #4254 ) ;
#2332 = VECTOR ( 'NONE', #1427, 1000.000000000000000 ) ;
#2333 = DIRECTION ( 'NONE',  ( 0.000000000000000000, 0.000000000000000000, -1.000000000000000000 ) ) ;
#2334 = DIRECTION ( 'NONE',  ( -0.000000000000000000, -0.000000000000000000, 1.000000000000000000 ) ) ;
#2335 = LINE ( 'NONE', #3013, #4724 ) ;
#2336 = FACE_OUTER_BOUND ( 'NONE', #3642, .T. ) ;
#2337 = ORIENTED_EDGE ( 'NONE', *, *, #6579, .T. ) ;
#2338 = DIRECTION ( 'NONE',  ( 0.000000000000000000, 0.000000000000000000, -1.000000000000000000 ) ) ;
#2339 = EDGE_CURVE ( 'NONE', #2058, #1886, #3409, .T. ) ;
#2340 = UNCERTAINTY_MEASURE_WITH_UNIT (LENGTH_MEASURE( 1.000000000000000082E-05 ), #6508, 'distance_accuracy_value', 'NONE');
#2341 = LINE ( 'NONE', #217, #5698 ) ;
#2342 = CARTESIAN_POINT ( 'NONE',  ( 1.900000000000004574, -0.05000000000000000278, -1.400000000000000577 ) ) ;
#2343 = ORIENTED_EDGE ( 'NONE', *, *, #6461, .T. ) ;
#2344 = PLANE ( 'NONE',  #5148 ) ;
#2345 = EDGE_CURVE ( 'NONE', #2971, #2785, #3652, .T. ) ;
#2346 = FACE_OUTER_BOUND ( 'NONE', #4745, .T. ) ;
#2347 = CARTESIAN_POINT ( 'NONE',  ( 0.000000000000000000, 0.000000000000000000, 1.400000000000000577 ) ) ;
#2348 = DIRECTION ( 'NONE',  ( -0.000000000000000000, 1.000000000000000000, -0.000000000000000000 ) ) ;
#2349 = ORIENTED_EDGE ( 'NONE', *, *, #1462, .F. ) ;
#2350 = EDGE_LOOP ( 'NONE', ( #3668, #4870, #3968, #2308 ) ) ;
#2351 = ORIENTED_EDGE ( 'NONE', *, *, #3866, .F. ) ;
#2352 = DIRECTION ( 'NONE',  ( -1.000000000000000000, -0.000000000000000000, -0.000000000000000000 ) ) ;
#2353 = VECTOR ( 'NONE', #2357, 1000.000000000000000 ) ;
#2354 = ADVANCED_FACE ( 'NONE', ( #1416 ), #1722, .F. ) ;
#2355 = CARTESIAN_POINT ( 'NONE',  ( -1.599999999999998535, 0.2000000000000000944, -2.000000000000000000 ) ) ;
#2356 = EDGE_LOOP ( 'NONE', ( #439, #5081, #1192, #4261, #2276, #3058 ) ) ;
#2357 = DIRECTION ( 'NONE',  ( -0.000000000000000000, 1.000000000000000000, -0.000000000000000000 ) ) ;
#2358 = EDGE_LOOP ( 'NONE', ( #1023, #5787, #3346, #612 ) ) ;
#2359 = EDGE_CURVE ( 'NONE', #4997, #1562, #2839, .T. ) ;
#2360 = ORIENTED_EDGE ( 'NONE', *, *, #2850, .T. ) ;
#2361 = LINE ( 'NONE', #4244, #5868 ) ;
#2362 = VERTEX_POINT ( 'NONE', #2365 ) ;
#2363 = ORIENTED_EDGE ( 'NONE', *, *, #5330, .F. ) ;
#2364 = PLANE ( 'NONE',  #2219 ) ;
#2365 = CARTESIAN_POINT ( 'NONE',  ( 0.1000000000000024342, 0.2000000000000000111, 2.600000000000000533 ) ) ;
#2366 = FACE_OUTER_BOUND ( 'NONE', #2689, .T. ) ;
#2367 = CARTESIAN_POINT ( 'NONE',  ( -3.400000000000000799, -0.05000000000000000278, 2.600000000000000533 ) ) ;
#2368 = EDGE_LOOP ( 'NONE', ( #377, #3003, #4269, #6588, #6518, #210 ) ) ;
#2369 = AXIS2_PLACEMENT_3D ( 'NONE', #2594, #1103, #4654 ) ;
#2370 = EDGE_LOOP ( 'NONE', ( #6182, #5384, #1327, #1986 ) ) ;
#2371 = CARTESIAN_POINT ( 'NONE',  ( 5.099999999999998757, 2.000000000000000000, -2.000000000000000000 ) ) ;
#2372 = VECTOR ( 'NONE', #6070, 1000.000000000000000 ) ;
#2373 = DIRECTION ( 'NONE',  ( 0.000000000000000000, 0.000000000000000000, -1.000000000000000000 ) ) ;
#2374 = ORIENTED_EDGE ( 'NONE', *, *, #293, .F. ) ;
#2375 = ORIENTED_EDGE ( 'NONE', *, *, #1704, .F. ) ;
#2376 = EDGE_CURVE ( 'NONE', #5015, #1730, #4756, .T. ) ;
#2377 = DIRECTION ( 'NONE',  ( -1.000000000000000000, 0.000000000000000000, -0.000000000000000000 ) ) ;
#2378 = ADVANCED_FACE ( 'NONE', ( #6117 ), #310, .F. ) ;
#2379 = LINE ( 'NONE', #4831, #4838 ) ;
#2380 = DIRECTION ( 'NONE',  ( -1.000000000000000000, 0.000000000000000000, -0.000000000000000000 ) ) ;
#2382 = ORIENTED_EDGE ( 'NONE', *, *, #5827, .T. ) ;
#2381 = DIRECTION ( 'NONE',  ( -0.000000000000000000, 0.000000000000000000, 1.000000000000000000 ) ) ;
#2383 = ORIENTED_EDGE ( 'NONE', *, *, #2948, .F. ) ;
#2384 = CARTESIAN_POINT ( 'NONE',  ( -3.400000000000000799, 0.000000000000000000, 0.000000000000000000 ) ) ;
#2385 = LINE ( 'NONE', #5341, #5963 ) ;
#2386 = DIRECTION ( 'NONE',  ( -1.000000000000000000, 0.000000000000000000, -0.000000000000000000 ) ) ;
#2387 = EDGE_CURVE ( 'NONE', #5007, #5352, #1495, .T. ) ;
#2388 = ORIENTED_EDGE ( 'NONE', *, *, #1177, .F. ) ;
#2389 = EDGE_CURVE ( 'NONE', #1373, #6003, #3106, .T. ) ;
#2390 = CARTESIAN_POINT ( 'NONE',  ( 1.900000000000004574, -0.05000000000000000278, -1.400000000000000577 ) ) ;
#2391 = ADVANCED_FACE ( 'NONE', ( #930 ), #5918, .T. ) ;
#2392 = VECTOR ( 'NONE', #5794, 1000.000000000000000 ) ;
#2393 = ORIENTED_EDGE ( 'NONE', *, *, #982, .T. ) ;
#2394 = CARTESIAN_POINT ( 'NONE',  ( 0.9000000000000036859, -0.05000000000000000278, 2.600000000000000533 ) ) ;
#2395 = CARTESIAN_POINT ( 'NONE',  ( 1.400000000000003686, 0.000000000000000000, -2.000000000000000000 ) ) ;
#2396 = DIRECTION ( 'NONE',  ( 1.000000000000000000, 0.000000000000000000, 0.000000000000000000 ) ) ;
#2397 = LINE ( 'NONE', #3187, #955 ) ;
#2398 = VERTEX_POINT ( 'NONE', #2921 ) ;
#2399 = LINE ( 'NONE', #3778, #4297 ) ;
#2400 = EDGE_CURVE ( 'NONE', #363, #5323, #616, .T. ) ;
#2401 = DIRECTION ( 'NONE',  ( 0.000000000000000000, -1.000000000000000000, 0.000000000000000000 ) ) ;
#2402 = PRODUCT_DEFINITION_FORMATION_WITH_SPECIFIED_SOURCE ( '任何', '', #5125, .NOT_KNOWN. ) ;
#2403 = VECTOR ( 'NONE', #4544, 1000.000000000000000 ) ;
#2404 = LINE ( 'NONE', #3650, #5595 ) ;
#2405 = CARTESIAN_POINT ( 'NONE',  ( -1.899999999999999245, 0.2000000000000000944, 2.000000000000000000 ) ) ;
#2406 = DIRECTION ( 'NONE',  ( -0.000000000000000000, -0.000000000000000000, -1.000000000000000000 ) ) ;
#2407 = CARTESIAN_POINT ( 'NONE',  ( -1.399999999999998801, -0.05000000000000000278, 1.400000000000000577 ) ) ;
#2408 = CARTESIAN_POINT ( 'NONE',  ( 3.400000000000005240, 2.000000000000000000, 2.000000000000000000 ) ) ;
#2409 = VECTOR ( 'NONE', #4888, 1000.000000000000000 ) ;
#2410 = EDGE_LOOP ( 'NONE', ( #5620, #5353, #5336, #958 ) ) ;
#2411 = VECTOR ( 'NONE', #136, 1000.000000000000000 ) ;
#2412 = CARTESIAN_POINT ( 'NONE',  ( 1.900000000000004574, -0.05000000000000000278, -1.400000000000000577 ) ) ;
#2413 = EDGE_CURVE ( 'NONE', #2785, #2140, #4433, .T. ) ;
#2414 = DIRECTION ( 'NONE',  ( 0.000000000000000000, 0.000000000000000000, 1.000000000000000000 ) ) ;
#2415 = DIRECTION ( 'NONE',  ( 0.000000000000000000, -1.000000000000000000, 0.000000000000000000 ) ) ;
#2416 = VECTOR ( 'NONE', #2134, 1000.000000000000000 ) ;
#2417 = ORIENTED_EDGE ( 'NONE', *, *, #4358, .F. ) ;
#2418 = ORIENTED_EDGE ( 'NONE', *, *, #2304, .T. ) ;
#2419 = VECTOR ( 'NONE', #5342, 1000.000000000000000 ) ;
#2420 = CARTESIAN_POINT ( 'NONE',  ( 0.9000000000000036859, -0.05000000000000000278, -2.600000000000000533 ) ) ;
#2421 = ORIENTED_EDGE ( 'NONE', *, *, #4522, .F. ) ;
#2422 = CARTESIAN_POINT ( 'NONE',  ( 1.900000000000004130, 0.000000000000000000, 2.000000000000000000 ) ) ;
#2423 = FACE_OUTER_BOUND ( 'NONE', #3344, .T. ) ;
#2424 = ADVANCED_FACE ( 'NONE', ( #219 ), #3349, .F. ) ;
#2425 = ORIENTED_EDGE ( 'NONE', *, *, #6111, .F. ) ;
#2426 = DIRECTION ( 'NONE',  ( -0.000000000000000000, 0.000000000000000000, 1.000000000000000000 ) ) ;
#2427 = DIRECTION ( 'NONE',  ( 1.000000000000000000, 0.000000000000000000, 0.000000000000000000 ) ) ;
#2428 =( NAMED_UNIT ( * ) SI_UNIT ( $, .STERADIAN. ) SOLID_ANGLE_UNIT ( ) );
#2429 = LINE ( 'NONE', #73, #4804 ) ;
#2430 = ORIENTED_EDGE ( 'NONE', *, *, #555, .F. ) ;
#2431 = EDGE_CURVE ( 'NONE', #78, #6552, #2771, .T. ) ;
#2432 = DIRECTION ( 'NONE',  ( 0.000000000000000000, 0.000000000000000000, -1.000000000000000000 ) ) ;
#2433 = EDGE_CURVE ( 'NONE', #4685, #6189, #1254, .T. ) ;
#2434 = ORIENTED_EDGE ( 'NONE', *, *, #2389, .T. ) ;
#2435 = ORIENTED_EDGE ( 'NONE', *, *, #5083, .F. ) ;
#2436 = CARTESIAN_POINT ( 'NONE',  ( 4.000000000000000000, 3.799999999999998490, -1.249999999999999778 ) ) ;
#2437 = PLANE ( 'NONE',  #1531 ) ;
#2438 = FACE_OUTER_BOUND ( 'NONE', #504, .T. ) ;
#2439 = DIRECTION ( 'NONE',  ( -1.000000000000000000, -0.000000000000000000, -0.000000000000000000 ) ) ;
#2440 = ORIENTED_EDGE ( 'NONE', *, *, #5412, .F. ) ;
#2441 = VERTEX_POINT ( 'NONE', #2342 ) ;
#2442 = ORIENTED_EDGE ( 'NONE', *, *, #1272, .T. ) ;
#2443 = ORIENTED_EDGE ( 'NONE', *, *, #3450, .F. ) ;
#2444 = EDGE_CURVE ( 'NONE', #3561, #3318, #67, .T. ) ;
#2445 = CARTESIAN_POINT ( 'NONE',  ( -3.600000000000000977, 0.2000000000000000944, 2.000000000000000000 ) ) ;
#2446 = DIRECTION ( 'NONE',  ( -1.000000000000000000, -0.000000000000000000, -0.000000000000000000 ) ) ;
#2447 = AXIS2_PLACEMENT_3D ( 'NONE', #3894, #6562, #1975 ) ;
#2448 = VECTOR ( 'NONE', #461, 1000.000000000000000 ) ;
#2449 = VERTEX_POINT ( 'NONE', #2829 ) ;
#2450 = EDGE_LOOP ( 'NONE', ( #343, #4098, #4072, #2455, #4673, #4218 ) ) ;
#2451 = DIRECTION ( 'NONE',  ( 0.000000000000000000, 0.000000000000000000, -1.000000000000000000 ) ) ;
#2452 = CARTESIAN_POINT ( 'NONE',  ( 2.900000000000005240, 0.000000000000000000, 0.000000000000000000 ) ) ;
#2453 = ADVANCED_FACE ( 'NONE', ( #5949 ), #5450, .F. ) ;
#2454 =( LENGTH_UNIT ( ) NAMED_UNIT ( * ) SI_UNIT ( .MILLI., .METRE. ) );
#2455 = ORIENTED_EDGE ( 'NONE', *, *, #1322, .F. ) ;
#2456 = ORIENTED_EDGE ( 'NONE', *, *, #6350, .T. ) ;
#2457 = DIRECTION ( 'NONE',  ( 0.000000000000000000, 0.000000000000000000, 1.000000000000000000 ) ) ;
#2458 = DIRECTION ( 'NONE',  ( 1.000000000000000000, 0.000000000000000000, -0.000000000000000000 ) ) ;
#2459 = LINE ( 'NONE', #6433, #4600 ) ;
#2460 = ORIENTED_EDGE ( 'NONE', *, *, #3298, .F. ) ;
#2461 = VERTEX_POINT ( 'NONE', #1406 ) ;
#2462 = CARTESIAN_POINT ( 'NONE',  ( 4.000000000000000000, 2.000000000000000000, 1.249999999999998890 ) ) ;
#2463 = ADVANCED_FACE ( 'NONE', ( #4678 ), #3367, .F. ) ;
#2464 = COLOUR_RGB ( '',1.000000000000000000, 1.000000000000000000, 1.000000000000000000 ) ;
#2465 = ORIENTED_EDGE ( 'NONE', *, *, #5991, .F. ) ;
#2466 = VERTEX_POINT ( 'NONE', #2871 ) ;
#2467 = CARTESIAN_POINT ( 'NONE',  ( -0.3999999999999975797, 0.2000000000000000944, 2.000000000000000000 ) ) ;
#2468 = CARTESIAN_POINT ( 'NONE',  ( 0.1000000000000024342, -0.05000000000000000278, 2.600000000000000533 ) ) ;
#2469 = PLANE ( 'NONE',  #4469 ) ;
#2470 = FACE_OUTER_BOUND ( 'NONE', #307, .T. ) ;
#2471 = ORIENTED_EDGE ( 'NONE', *, *, #44, .T. ) ;
#2472 = ORIENTED_EDGE ( 'NONE', *, *, #3964, .T. ) ;
#2473 = ORIENTED_EDGE ( 'NONE', *, *, #3848, .F. ) ;
#2474 = DIRECTION ( 'NONE',  ( 1.000000000000000000, 0.000000000000000000, 0.000000000000000000 ) ) ;
#2475 = AXIS2_PLACEMENT_3D ( 'NONE', #2086, #1077, #2130 ) ;
#2476 = CARTESIAN_POINT ( 'NONE',  ( -1.899999999999999245, 0.2000000000000000111, -1.400000000000000577 ) ) ;
#2477 = DIRECTION ( 'NONE',  ( 1.000000000000000000, 0.000000000000000000, 0.000000000000000000 ) ) ;
#2478 = PLANE ( 'NONE',  #35 ) ;
#2479 = LINE ( 'NONE', #4567, #1126 ) ;
#2480 = LINE ( 'NONE', #3300, #1045 ) ;
#2481 = ORIENTED_EDGE ( 'NONE', *, *, #1866, .F. ) ;
#2482 = CARTESIAN_POINT ( 'NONE',  ( -0.09999999999999722999, 0.2000000000000000111, 2.000000000000000000 ) ) ;
#2483 = CARTESIAN_POINT ( 'NONE',  ( 4.000000000000000000, 2.000000000000000000, 0.6499999999999989120 ) ) ;
#2484 = CARTESIAN_POINT ( 'NONE',  ( 3.400000000000005684, 0.2000000000000000111, 2.600000000000000533 ) ) ;
#2485 = EDGE_CURVE ( 'NONE', #3026, #746, #2459, .T. ) ;
#2486 = EDGE_CURVE ( 'NONE', #6050, #2857, #5160, .T. ) ;
#2487 = AXIS2_PLACEMENT_3D ( 'NONE', #3620, #1572, #2513 ) ;
#2488 = LINE ( 'NONE', #5391, #870 ) ;
#2489 = LINE ( 'NONE', #2795, #4546 ) ;
#2490 = DIRECTION ( 'NONE',  ( -0.000000000000000000, 0.000000000000000000, -1.000000000000000000 ) ) ;
#2491 = CARTESIAN_POINT ( 'NONE',  ( 0.9000000000000036859, -0.05000000000000000278, 2.600000000000000533 ) ) ;
#2492 = FACE_OUTER_BOUND ( 'NONE', #164, .T. ) ;
#2493 = ORIENTED_EDGE ( 'NONE', *, *, #712, .T. ) ;
#2494 = LINE ( 'NONE', #6309, #2013 ) ;
#2495 = EDGE_CURVE ( 'NONE', #4825, #4208, #3254, .T. ) ;
#2496 = ADVANCED_FACE ( 'NONE', ( #6035 ), #5596, .T. ) ;
#2497 = DIRECTION ( 'NONE',  ( -0.000000000000000000, 1.000000000000000000, -0.000000000000000000 ) ) ;
#2498 = LINE ( 'NONE', #4677, #1930 ) ;
#2499 = CARTESIAN_POINT ( 'NONE',  ( -0.3999999999999980238, -0.05000000000000000278, 1.400000000000000577 ) ) ;
#2500 = VECTOR ( 'NONE', #1475, 1000.000000000000000 ) ;
#2501 = VECTOR ( 'NONE', #3021, 1000.000000000000000 ) ;
#2502 = DIRECTION ( 'NONE',  ( -1.000000000000000000, 0.000000000000000000, 2.168404344971009115E-16 ) ) ;
#2503 = CARTESIAN_POINT ( 'NONE',  ( -0.09999999999999722999, -0.05000000000000000278, 1.400000000000000577 ) ) ;
#2504 = CARTESIAN_POINT ( 'NONE',  ( -0.09999999999999722999, -0.05000000000000000278, -1.400000000000000577 ) ) ;
#2505 = LINE ( 'NONE', #481, #6394 ) ;
#2506 = CARTESIAN_POINT ( 'NONE',  ( 2.600000000000004530, -0.05000000000000000278, -2.600000000000000533 ) ) ;
#2507 = EDGE_CURVE ( 'NONE', #4819, #3082, #540, .T. ) ;
#2508 = FACE_OUTER_BOUND ( 'NONE', #2828, .T. ) ;
#2509 = DIRECTION ( 'NONE',  ( -0.000000000000000000, 1.000000000000000000, -0.000000000000000000 ) ) ;
#2510 = VERTEX_POINT ( 'NONE', #470 ) ;
#2511 = CARTESIAN_POINT ( 'NONE',  ( 3.600000000000005418, -0.05000000000000000278, 1.400000000000000577 ) ) ;
#2512 = FACE_OUTER_BOUND ( 'NONE', #4232, .T. ) ;
#2513 = DIRECTION ( 'NONE',  ( 0.000000000000000000, 0.000000000000000000, 1.000000000000000000 ) ) ;
#2514 = DIRECTION ( 'NONE',  ( -1.000000000000000000, 0.000000000000000000, 0.000000000000000000 ) ) ;
#2515 = ORIENTED_EDGE ( 'NONE', *, *, #321, .F. ) ;
#2516 = DIRECTION ( 'NONE',  ( 0.000000000000000000, -1.000000000000000000, 0.000000000000000000 ) ) ;
#2517 = VECTOR ( 'NONE', #2617, 1000.000000000000000 ) ;
#2518 = ORIENTED_EDGE ( 'NONE', *, *, #5797, .F. ) ;
#2519 = ORIENTED_EDGE ( 'NONE', *, *, #3228, .F. ) ;
#2520 = DIRECTION ( 'NONE',  ( -0.000000000000000000, 1.000000000000000000, -0.000000000000000000 ) ) ;
#2521 = VERTEX_POINT ( 'NONE', #2532 ) ;
#2522 = ADVANCED_FACE ( 'NONE', ( #4896 ), #6530, .F. ) ;
#2523 = FILL_AREA_STYLE_COLOUR ( '', #2464 ) ;
#2524 = DIRECTION ( 'NONE',  ( 0.000000000000000000, 1.000000000000000000, 0.000000000000000000 ) ) ;
#2525 = EDGE_CURVE ( 'NONE', #783, #4495, #2693, .T. ) ;
#2526 = CARTESIAN_POINT ( 'NONE',  ( -3.900000000000000799, 3.899999999999999911, 0.000000000000000000 ) ) ;
#2527 = FACE_OUTER_BOUND ( 'NONE', #6338, .T. ) ;
#2528 = EDGE_CURVE ( 'NONE', #6031, #5196, #4108, .T. ) ;
#2529 = AXIS2_PLACEMENT_3D ( 'NONE', #2128, #5683, #642 ) ;
#2530 = DIRECTION ( 'NONE',  ( -0.000000000000000000, -0.000000000000000000, 1.000000000000000000 ) ) ;
#2531 = ORIENTED_EDGE ( 'NONE', *, *, #6560, .T. ) ;
#2532 = CARTESIAN_POINT ( 'NONE',  ( -3.600000000000000533, 0.000000000000000000, -2.000000000000000000 ) ) ;
#2533 = ADVANCED_FACE ( 'NONE', ( #1728 ), #5003, .F. ) ;
#2534 = LINE ( 'NONE', #661, #4509 ) ;
#2535 = CARTESIAN_POINT ( 'NONE',  ( -0.3999999999999980238, -0.05000000000000000278, -2.600000000000000533 ) ) ;
#2536 = ORIENTED_EDGE ( 'NONE', *, *, #4598, .T. ) ;
#2537 = ORIENTED_EDGE ( 'NONE', *, *, #436, .T. ) ;
#2538 = EDGE_CURVE ( 'NONE', #2278, #6221, #1012, .T. ) ;
#2539 = DIRECTION ( 'NONE',  ( -1.000000000000000000, 0.000000000000000000, 0.000000000000000000 ) ) ;
#2540 = SURFACE_STYLE_FILL_AREA ( #4498 ) ;
#2541 = DIRECTION ( 'NONE',  ( 0.000000000000000000, -0.000000000000000000, -1.000000000000000000 ) ) ;
#2542 = ORIENTED_EDGE ( 'NONE', *, *, #5112, .T. ) ;
#2543 = VERTEX_POINT ( 'NONE', #932 ) ;
#2544 = DIRECTION ( 'NONE',  ( -0.000000000000000000, -1.000000000000000000, -0.000000000000000000 ) ) ;
#2545 = CARTESIAN_POINT ( 'NONE',  ( -2.900000000000000355, -0.05000000000000000278, 2.600000000000000533 ) ) ;
#2546 = LINE ( 'NONE', #1619, #4526 ) ;
#2548 = VERTEX_POINT ( 'NONE', #4003 ) ;
#2547 = CARTESIAN_POINT ( 'NONE',  ( 2.400000000000004352, 0.000000000000000000, -2.000000000000000000 ) ) ;
#2549 = EDGE_CURVE ( 'NONE', #4443, #1799, #3570, .T. ) ;
#2550 = ORIENTED_EDGE ( 'NONE', *, *, #1625, .F. ) ;
#2551 = DIRECTION ( 'NONE',  ( -1.000000000000000000, -0.000000000000000000, -0.000000000000000000 ) ) ;
#2552 = CARTESIAN_POINT ( 'NONE',  ( 2.900000000000005240, -0.05000000000000000278, 1.400000000000000577 ) ) ;
#2553 = VECTOR ( 'NONE', #3334, 1000.000000000000000 ) ;
#2554 = CARTESIAN_POINT ( 'NONE',  ( -2.399999999999999911, -0.05000000000000000278, -1.400000000000000577 ) ) ;
#2555 = ORIENTED_EDGE ( 'NONE', *, *, #5690, .F. ) ;
#2556 = VERTEX_POINT ( 'NONE', #2975 ) ;
#2557 = DIRECTION ( 'NONE',  ( -0.000000000000000000, 0.000000000000000000, 1.000000000000000000 ) ) ;
#2558 = AXIS2_PLACEMENT_3D ( 'NONE', #6201, #4113, #102 ) ;
#2559 = MANIFOLD_SOLID_BREP ( '凸台-拉伸3', #3242 ) ;
#2560 = LINE ( 'NONE', #6475, #2633 ) ;
#2561 = ORIENTED_EDGE ( 'NONE', *, *, #4990, .F. ) ;
#2562 = LINE ( 'NONE', #606, #859 ) ;
#2563 = EDGE_LOOP ( 'NONE', ( #3065, #4534, #5684, #5855, #613, #22 ) ) ;
#2564 = ADVANCED_FACE ( 'NONE', ( #2366 ), #4520, .F. ) ;
#2565 = LINE ( 'NONE', #4890, #864 ) ;
#2566 = EDGE_CURVE ( 'NONE', #4298, #3399, #5796, .T. ) ;
#2567 = VECTOR ( 'NONE', #3821, 1000.000000000000000 ) ;
#2568 = CARTESIAN_POINT ( 'NONE',  ( -3.400000000000000799, -0.05000000000000000278, 1.400000000000000577 ) ) ;
#2569 = CARTESIAN_POINT ( 'NONE',  ( -3.100000000000000089, 0.2000000000000000944, 2.000000000000000000 ) ) ;
#2570 = CARTESIAN_POINT ( 'NONE',  ( -1.099999999999998090, -0.05000000000000000278, 2.600000000000000533 ) ) ;
#2571 = VECTOR ( 'NONE', #3659, 1000.000000000000000 ) ;
#2572 = LINE ( 'NONE', #89, #6303 ) ;
#2573 = DIRECTION ( 'NONE',  ( -0.000000000000000000, 1.000000000000000000, -0.000000000000000000 ) ) ;
#2574 = CARTESIAN_POINT ( 'NONE',  ( 1.400000000000004130, -0.05000000000000000278, -1.400000000000000577 ) ) ;
#2575 = EDGE_CURVE ( 'NONE', #3716, #814, #921, .T. ) ;
#2576 = CARTESIAN_POINT ( 'NONE',  ( 1.900000000000004574, -0.05000000000000000278, 2.600000000000000533 ) ) ;
#2577 = ORIENTED_EDGE ( 'NONE', *, *, #638, .F. ) ;
#2578 = VECTOR ( 'NONE', #1537, 1000.000000000000000 ) ;
#2579 = EDGE_CURVE ( 'NONE', #819, #4961, #756, .T. ) ;
#2580 = VECTOR ( 'NONE', #2213, 1000.000000000000000 ) ;
#2581 = VERTEX_POINT ( 'NONE', #3025 ) ;
#2582 = ORIENTED_EDGE ( 'NONE', *, *, #183, .F. ) ;
#2583 = LINE ( 'NONE', #2035, #3993 ) ;
#2584 = EDGE_LOOP ( 'NONE', ( #4726, #839, #4452, #360 ) ) ;
#2585 = CARTESIAN_POINT ( 'NONE',  ( -2.099999999999999201, 0.000000000000000000, 0.000000000000000000 ) ) ;
#2586 = DIRECTION ( 'NONE',  ( -0.000000000000000000, 1.000000000000000000, -0.000000000000000000 ) ) ;
#2587 = LINE ( 'NONE', #1390, #2670 ) ;
#2588 = CARTESIAN_POINT ( 'NONE',  ( 0.000000000000000000, 0.000000000000000000, -1.400000000000000577 ) ) ;
#2589 = DIRECTION ( 'NONE',  ( -0.000000000000000000, -0.000000000000000000, -1.000000000000000000 ) ) ;
#2590 = ORIENTED_EDGE ( 'NONE', *, *, #5021, .F. ) ;
#2591 = PLANE ( 'NONE',  #4525 ) ;
#2592 = CARTESIAN_POINT ( 'NONE',  ( -0.5999999999999976463, -0.05000000000000000278, 1.400000000000000577 ) ) ;
#2593 = FACE_OUTER_BOUND ( 'NONE', #1457, .T. ) ;
#2594 = CARTESIAN_POINT ( 'NONE',  ( 0.000000000000000000, -0.05000000000000000278, 0.000000000000000000 ) ) ;
#2595 = ADVANCED_FACE ( 'NONE', ( #1409 ), #1991, .F. ) ;
#2596 = ORIENTED_EDGE ( 'NONE', *, *, #2933, .T. ) ;
#2597 = ORIENTED_EDGE ( 'NONE', *, *, #1274, .T. ) ;
#2598 = PLANE ( 'NONE',  #4366 ) ;
#2599 = ORIENTED_EDGE ( 'NONE', *, *, #3672, .F. ) ;
#2600 = CARTESIAN_POINT ( 'NONE',  ( 0.9000000000000036859, 0.2000000000000000111, -1.400000000000000577 ) ) ;
#2601 = VECTOR ( 'NONE', #1869, 1000.000000000000000 ) ;
#2602 = ORIENTED_EDGE ( 'NONE', *, *, #2147, .T. ) ;
#2603 = EDGE_CURVE ( 'NONE', #1373, #6298, #63, .T. ) ;
#2604 = ORIENTED_EDGE ( 'NONE', *, *, #762, .T. ) ;
#2605 = AXIS2_PLACEMENT_3D ( 'NONE', #5994, #2115, #1999 ) ;
#2606 = ORIENTED_EDGE ( 'NONE', *, *, #3220, .F. ) ;
#2607 = DIRECTION ( 'NONE',  ( 0.000000000000000000, 0.000000000000000000, -1.000000000000000000 ) ) ;
#2608 = VERTEX_POINT ( 'NONE', #5118 ) ;
#2609 = LINE ( 'NONE', #3041, #3167 ) ;
#2610 = DIRECTION ( 'NONE',  ( 0.000000000000000000, -1.000000000000000000, 0.000000000000000000 ) ) ;
#2611 = CARTESIAN_POINT ( 'NONE',  ( 2.400000000000004796, 0.2000000000000000111, -2.600000000000000533 ) ) ;
#2612 = VERTEX_POINT ( 'NONE', #5637 ) ;
#2613 = EDGE_LOOP ( 'NONE', ( #5859, #4118, #4338, #4089, #3513, #3616, #1129, #3110, #1490, #5785, #1806, #3885, #3854, #1382, #1805, #4905, #433, #5004, #4283, #1418, #6534, #3092, #1339, #2599, #2116, #6581, #3580, #5653, #4190, #2375, #5229, #738, #5333, #6101, #1122, #913, #1033, #190, #5139, #2443, #4839, #6567, #6369, #3594, #5054, #3744, #1593, #4091, #1880, #3116, #223, #5697, #4396, #3764, #2216, #3516, #6179, #6015, #1768, #1571, #4041, #888, #4337, #2940, #124, #5415, #948, #5850, #5472, #5057, #2283, #6505, #3447, #1114, #460, #5220, #4421, #155, #6114, #2159, #1268, #820, #4327, #1357, #994, #3178, #2229, #2351, #1314, #464, #4953, #1798, #1437, #6589, #364, #1439, #3197, #4034, #4704, #4165, #2668, #3709, #4354, #2232, #1581, #6425, #4794, #386, #512, #6349, #4664, #6348, #2744, #2425, #6204, #1955, #6599, #4274, #2577, #6057, #3742, #3157, #523, #3017 ) ) ;
#2614 = EDGE_CURVE ( 'NONE', #4140, #2903, #6275, .T. ) ;
#2615 = EDGE_CURVE ( 'NONE', #3200, #6332, #4427, .T. ) ;
#2616 = DIRECTION ( 'NONE',  ( -0.000000000000000000, -0.000000000000000000, 1.000000000000000000 ) ) ;
#2617 = DIRECTION ( 'NONE',  ( 0.000000000000000000, -1.000000000000000000, 0.000000000000000000 ) ) ;
#2618 = ORIENTED_EDGE ( 'NONE', *, *, #1035, .T. ) ;
#2619 = DIRECTION ( 'NONE',  ( 0.000000000000000000, 0.000000000000000000, -1.000000000000000000 ) ) ;
#2620 = ORIENTED_EDGE ( 'NONE', *, *, #3757, .F. ) ;
#2621 = CARTESIAN_POINT ( 'NONE',  ( -2.900000000000000355, 0.2000000000000000111, -2.000000000000000000 ) ) ;
#2622 = VECTOR ( 'NONE', #5387, 1000.000000000000000 ) ;
#2623 = EDGE_CURVE ( 'NONE', #5456, #4828, #3645, .T. ) ;
#2624 = VERTEX_POINT ( 'NONE', #75 ) ;
#2625 = ORIENTED_EDGE ( 'NONE', *, *, #2188, .T. ) ;
#2626 = DIRECTION ( 'NONE',  ( 0.000000000000000000, -0.000000000000000000, 1.000000000000000000 ) ) ;
#2627 = CARTESIAN_POINT ( 'NONE',  ( -0.5999999999999980904, 0.2000000000000000944, -2.000000000000000000 ) ) ;
#2628 = VECTOR ( 'NONE', #5483, 1000.000000000000000 ) ;
#2629 = VERTEX_POINT ( 'NONE', #1589 ) ;
#2630 = ORIENTED_EDGE ( 'NONE', *, *, #2813, .T. ) ;
#2631 = PLANE ( 'NONE',  #1878 ) ;
#2632 = DIRECTION ( 'NONE',  ( -4.336808689942017736E-16, 0.000000000000000000, -1.000000000000000000 ) ) ;
#2633 = VECTOR ( 'NONE', #4516, 1000.000000000000000 ) ;
#2634 = EDGE_CURVE ( 'NONE', #4250, #5092, #4032, .T. ) ;
#2635 = CARTESIAN_POINT ( 'NONE',  ( -3.100000000000000089, -0.05000000000000000278, 1.400000000000000577 ) ) ;
#2636 = VERTEX_POINT ( 'NONE', #5142 ) ;
#2637 = ORIENTED_EDGE ( 'NONE', *, *, #5330, .T. ) ;
#2638 = ORIENTED_EDGE ( 'NONE', *, *, #1927, .T. ) ;
#2639 = VECTOR ( 'NONE', #5430, 1000.000000000000000 ) ;
#2640 = CARTESIAN_POINT ( 'NONE',  ( -2.599999999999999645, 0.000000000000000000, 2.000000000000000000 ) ) ;
#2641 = VECTOR ( 'NONE', #4859, 1000.000000000000000 ) ;
#2642 = ORIENTED_EDGE ( 'NONE', *, *, #4772, .T. ) ;
#2643 = DIRECTION ( 'NONE',  ( 0.000000000000000000, -0.000000000000000000, -1.000000000000000000 ) ) ;
#2644 = CARTESIAN_POINT ( 'NONE',  ( -0.3999999999999980238, 0.000000000000000000, 0.000000000000000000 ) ) ;
#2645 = CARTESIAN_POINT ( 'NONE',  ( -2.600000000000015632, 5.200000000000007283, 0.1499999999999847844 ) ) ;
#2646 = VECTOR ( 'NONE', #3667, 1000.000000000000000 ) ;
#2647 = VECTOR ( 'NONE', #3209, 1000.000000000000000 ) ;
#2648 = EDGE_CURVE ( 'NONE', #1255, #3053, #6421, .T. ) ;
#2649 = CARTESIAN_POINT ( 'NONE',  ( 3.600000000000005418, -0.05000000000000000278, 1.400000000000000577 ) ) ;
#2650 = EDGE_CURVE ( 'NONE', #1228, #2636, #2214, .T. ) ;
#2651 = CARTESIAN_POINT ( 'NONE',  ( 1.900000000000004574, -0.05000000000000000278, 2.600000000000000533 ) ) ;
#2652 = VECTOR ( 'NONE', #2108, 1000.000000000000000 ) ;
#2653 = VECTOR ( 'NONE', #2671, 1000.000000000000000 ) ;
#2654 = CARTESIAN_POINT ( 'NONE',  ( -3.100000000000000977, 0.000000000000000000, -1.400000000000000577 ) ) ;
#2655 = CARTESIAN_POINT ( 'NONE',  ( -0.09999999999999722999, -0.05000000000000000278, -2.600000000000000533 ) ) ;
#2656 = LINE ( 'NONE', #103, #2416 ) ;
#2657 = DIRECTION ( 'NONE',  ( -0.000000000000000000, 0.000000000000000000, 1.000000000000000000 ) ) ;
#2658 = ORIENTED_EDGE ( 'NONE', *, *, #3252, .F. ) ;
#2659 = ORIENTED_EDGE ( 'NONE', *, *, #1140, .F. ) ;
#2660 = LINE ( 'NONE', #6596, #497 ) ;
#2661 = CARTESIAN_POINT ( 'NONE',  ( -1.599999999999998535, 0.2000000000000000111, 2.600000000000000533 ) ) ;
#2662 = EDGE_CURVE ( 'NONE', #4889, #2441, #3101, .T. ) ;
#2663 = CARTESIAN_POINT ( 'NONE',  ( -5.099999999999998757, 0.2000000000000000944, 2.000000000000000000 ) ) ;
#2664 = DIRECTION ( 'NONE',  ( -0.000000000000000000, 0.000000000000000000, 1.000000000000000000 ) ) ;
#2665 = DIRECTION ( 'NONE',  ( 0.000000000000000000, 1.000000000000000000, 0.000000000000000000 ) ) ;
#2666 = VECTOR ( 'NONE', #4099, 1000.000000000000000 ) ;
#2667 = VECTOR ( 'NONE', #710, 1000.000000000000000 ) ;
#2668 = ORIENTED_EDGE ( 'NONE', *, *, #5002, .F. ) ;
#2669 = DIRECTION ( 'NONE',  ( -0.000000000000000000, 0.000000000000000000, 1.000000000000000000 ) ) ;
#2670 = VECTOR ( 'NONE', #1900, 1000.000000000000000 ) ;
#2671 = DIRECTION ( 'NONE',  ( -1.000000000000000000, -0.000000000000000000, -0.000000000000000000 ) ) ;
#2672 = CARTESIAN_POINT ( 'NONE',  ( 0.9000000000000036859, 0.2000000000000000111, 2.600000000000000533 ) ) ;
#2673 = ORIENTED_EDGE ( 'NONE', *, *, #4542, .F. ) ;
#2674 = VECTOR ( 'NONE', #6529, 1000.000000000000000 ) ;
#2675 = ORIENTED_EDGE ( 'NONE', *, *, #6569, .T. ) ;
#2676 = ORIENTED_EDGE ( 'NONE', *, *, #5629, .F. ) ;
#2677 = VERTEX_POINT ( 'NONE', #4134 ) ;
#2678 = PLANE ( 'NONE',  #1027 ) ;
#2679 = DIRECTION ( 'NONE',  ( 1.000000000000000000, 0.000000000000000000, 0.000000000000000000 ) ) ;
#2680 = DIRECTION ( 'NONE',  ( -0.000000000000000000, 1.000000000000000000, -0.000000000000000000 ) ) ;
#2681 = FACE_OUTER_BOUND ( 'NONE', #5161, .T. ) ;
#2682 = DIRECTION ( 'NONE',  ( -1.000000000000000000, -0.000000000000000000, -0.000000000000000000 ) ) ;
#2683 = VERTEX_POINT ( 'NONE', #576 ) ;
#2684 = VERTEX_POINT ( 'NONE', #5658 ) ;
#2685 = DIRECTION ( 'NONE',  ( -0.000000000000000000, 0.000000000000000000, 1.000000000000000000 ) ) ;
#2686 = VECTOR ( 'NONE', #5187, 1000.000000000000000 ) ;
#2687 = EDGE_CURVE ( 'NONE', #82, #3653, #3401, .T. ) ;
#2688 = ORIENTED_EDGE ( 'NONE', *, *, #352, .F. ) ;
#2689 = EDGE_LOOP ( 'NONE', ( #2456, #1875, #86, #2816, #617, #1411 ) ) ;
#2690 = ADVANCED_FACE ( 'NONE', ( #4594 ), #3612, .T. ) ;
#2691 = DIRECTION ( 'NONE',  ( -0.000000000000000000, 0.000000000000000000, 1.000000000000000000 ) ) ;
#2692 = PLANE ( 'NONE',  #2139 ) ;
#2693 = LINE ( 'NONE', #2484, #4823 ) ;
#2694 = ORIENTED_EDGE ( 'NONE', *, *, #6304, .T. ) ;
#2695 = ORIENTED_EDGE ( 'NONE', *, *, #1401, .T. ) ;
#2696 = EDGE_CURVE ( 'NONE', #6100, #2766, #5946, .T. ) ;
#2697 = AXIS2_PLACEMENT_3D ( 'NONE', #2702, #646, #2643 ) ;
#2698 = VECTOR ( 'NONE', #5558, 1000.000000000000000 ) ;
#2699 = CARTESIAN_POINT ( 'NONE',  ( -3.400000000000000799, 0.000000000000000000, -1.400000000000000577 ) ) ;
#2700 = VERTEX_POINT ( 'NONE', #6196 ) ;
#2701 = ORIENTED_EDGE ( 'NONE', *, *, #4434, .F. ) ;
#2702 = CARTESIAN_POINT ( 'NONE',  ( 0.000000000000000000, -0.05000000000000000278, 0.000000000000000000 ) ) ;
#2703 = EDGE_CURVE ( 'NONE', #5730, #4663, #365, .T. ) ;
#2704 = LINE ( 'NONE', #2928, #6607 ) ;
#2705 = ORIENTED_EDGE ( 'NONE', *, *, #2145, .T. ) ;
#2706 = ORIENTED_EDGE ( 'NONE', *, *, #1131, .T. ) ;
#2707 = LINE ( 'NONE', #2588, #1263 ) ;
#2708 = DIRECTION ( 'NONE',  ( 0.000000000000000000, -0.000000000000000000, -1.000000000000000000 ) ) ;
#2709 = EDGE_LOOP ( 'NONE', ( #821, #288, #4760, #2297 ) ) ;
#2710 = LINE ( 'NONE', #2154, #1830 ) ;
#2711 = ORIENTED_EDGE ( 'NONE', *, *, #5639, .F. ) ;
#2712 = CARTESIAN_POINT ( 'NONE',  ( -2.599999999999999645, -0.05000000000000000278, 1.400000000000000577 ) ) ;
#2713 = LINE ( 'NONE', #2535, #3593 ) ;
#2714 = ORIENTED_EDGE ( 'NONE', *, *, #1625, .T. ) ;
#2715 = LINE ( 'NONE', #6572, #5663 ) ;
#2716 = DIRECTION ( 'NONE',  ( -1.000000000000000000, -0.000000000000000000, -0.000000000000000000 ) ) ;
#2717 = CARTESIAN_POINT ( 'NONE',  ( -2.900000000000000355, -0.05000000000000000278, -2.600000000000000533 ) ) ;
#2718 = DIRECTION ( 'NONE',  ( 0.000000000000000000, -1.000000000000000000, 0.000000000000000000 ) ) ;
#2719 = CARTESIAN_POINT ( 'NONE',  ( -3.100000000000000089, 0.000000000000000000, 0.000000000000000000 ) ) ;
#2720 = LINE ( 'NONE', #1695, #171 ) ;
#2721 = EDGE_CURVE ( 'NONE', #6326, #1677, #3944, .T. ) ;
#2722 = ORIENTED_EDGE ( 'NONE', *, *, #714, .T. ) ;
#2723 = AXIS2_PLACEMENT_3D ( 'NONE', #564, #3511, #964 ) ;
#2724 = LINE ( 'NONE', #993, #1689 ) ;
#2725 = ORIENTED_EDGE ( 'NONE', *, *, #2958, .F. ) ;
#2726 = LINE ( 'NONE', #4737, #2179 ) ;
#2727 = EDGE_CURVE ( 'NONE', #5288, #4537, #1573, .T. ) ;
#2728 = DIRECTION ( 'NONE',  ( -0.000000000000000000, 0.000000000000000000, 1.000000000000000000 ) ) ;
#2729 = EDGE_CURVE ( 'NONE', #652, #2780, #5468, .T. ) ;
#2730 = AXIS2_PLACEMENT_3D ( 'NONE', #1737, #766, #5821 ) ;
#2731 = LINE ( 'NONE', #2763, #6158 ) ;
#2732 = ORIENTED_EDGE ( 'NONE', *, *, #25, .T. ) ;
#2733 = ORIENTED_EDGE ( 'NONE', *, *, #791, .T. ) ;
#2734 = LINE ( 'NONE', #2122, #6561 ) ;
#2735 = DIRECTION ( 'NONE',  ( 0.000000000000000000, -0.000000000000000000, -1.000000000000000000 ) ) ;
#2736 = CARTESIAN_POINT ( 'NONE',  ( -3.400000000000000799, 0.2000000000000000111, 1.400000000000000577 ) ) ;
#2737 = EDGE_CURVE ( 'NONE', #5196, #1107, #2287, .T. ) ;
#2738 = FACE_OUTER_BOUND ( 'NONE', #2751, .T. ) ;
#2739 = PLANE ( 'NONE',  #4609 ) ;
#2740 = DIRECTION ( 'NONE',  ( -0.000000000000000000, 1.000000000000000000, -0.000000000000000000 ) ) ;
#2741 = ORIENTED_EDGE ( 'NONE', *, *, #1669, .F. ) ;
#2742 = ORIENTED_EDGE ( 'NONE', *, *, #2899, .T. ) ;
#2743 = DIRECTION ( 'NONE',  ( 0.000000000000000000, -0.000000000000000000, -1.000000000000000000 ) ) ;
#2744 = ORIENTED_EDGE ( 'NONE', *, *, #4806, .F. ) ;
#2745 = ORIENTED_EDGE ( 'NONE', *, *, #5723, .T. ) ;
#2746 = ADVANCED_FACE ( 'NONE', ( #6027 ), #4779, .F. ) ;
#2747 = EDGE_CURVE ( 'NONE', #2289, #4915, #2534, .T. ) ;
#2748 = LINE ( 'NONE', #3129, #1391 ) ;
#2749 = DIRECTION ( 'NONE',  ( 1.000000000000000000, 0.000000000000000000, 0.000000000000000000 ) ) ;
#2750 = DIRECTION ( 'NONE',  ( 0.000000000000000000, -0.000000000000000000, -1.000000000000000000 ) ) ;
#2751 = EDGE_LOOP ( 'NONE', ( #1417, #14, #3655, #149, #4322, #3737 ) ) ;
#2752 = ORIENTED_EDGE ( 'NONE', *, *, #3327, .F. ) ;
#2753 = ORIENTED_EDGE ( 'NONE', *, *, #150, .T. ) ;
#2754 = VERTEX_POINT ( 'NONE', #2661 ) ;
#2755 = LINE ( 'NONE', #179, #5627 ) ;
#2756 = ADVANCED_FACE ( 'NONE', ( #4028 ), #2208, .F. ) ;
#2757 = ORIENTED_EDGE ( 'NONE', *, *, #2198, .F. ) ;
#2758 = AXIS2_PLACEMENT_3D ( 'NONE', #4971, #5495, #926 ) ;
#2759 = CARTESIAN_POINT ( 'NONE',  ( 0.000000000000000000, 3.899999999999999911, -1.150000000000000355 ) ) ;
#2760 = ORIENTED_EDGE ( 'NONE', *, *, #5560, .F. ) ;
#2761 = CARTESIAN_POINT ( 'NONE',  ( -2.399999999999999911, -0.05000000000000000278, 1.400000000000000577 ) ) ;
#2762 = CARTESIAN_POINT ( 'NONE',  ( 1.100000000000003419, -0.05000000000000000278, -1.400000000000000577 ) ) ;
#2763 = CARTESIAN_POINT ( 'NONE',  ( -0.09999999999999722999, 0.2000000000000000111, 2.600000000000000533 ) ) ;
#2764 = VECTOR ( 'NONE', #3952, 1000.000000000000000 ) ;
#2765 = VERTEX_POINT ( 'NONE', #6215 ) ;
#2766 = VERTEX_POINT ( 'NONE', #2699 ) ;
#2767 = CARTESIAN_POINT ( 'NONE',  ( 0.4000000000000032419, -0.05000000000000000278, 1.400000000000000577 ) ) ;
#2768 = EDGE_CURVE ( 'NONE', #5782, #691, #1325, .T. ) ;
#2769 = EDGE_CURVE ( 'NONE', #1010, #1645, #2835, .T. ) ;
#2770 = AXIS2_PLACEMENT_3D ( 'NONE', #1091, #5670, #3102 ) ;
#2771 = LINE ( 'NONE', #5478, #693 ) ;
#2772 = DIRECTION ( 'NONE',  ( -0.000000000000000000, 1.000000000000000000, -0.000000000000000000 ) ) ;
#2773 = VERTEX_POINT ( 'NONE', #4223 ) ;
#2774 = ORIENTED_EDGE ( 'NONE', *, *, #3556, .T. ) ;
#2775 = CARTESIAN_POINT ( 'NONE',  ( 0.000000000000000000, -0.05000000000000000278, 0.000000000000000000 ) ) ;
#2776 = DIRECTION ( 'NONE',  ( 1.000000000000000000, 0.000000000000000000, 0.000000000000000000 ) ) ;
#2777 = LINE ( 'NONE', #4231, #3874 ) ;
#2778 = EDGE_CURVE ( 'NONE', #5224, #2971, #1174, .T. ) ;
#2779 = CARTESIAN_POINT ( 'NONE',  ( -3.600000000000000533, -0.05000000000000000278, 2.600000000000000533 ) ) ;
#2780 = VERTEX_POINT ( 'NONE', #5735 ) ;
#2781 = EDGE_LOOP ( 'NONE', ( #2153, #2442, #4024, #2076 ) ) ;
#2782 = CARTESIAN_POINT ( 'NONE',  ( 0.000000000000000000, -0.05000000000000000278, 0.000000000000000000 ) ) ;
#2783 = LINE ( 'NONE', #1491, #551 ) ;
#2784 = DIRECTION ( 'NONE',  ( -1.000000000000000000, -0.000000000000000000, -0.000000000000000000 ) ) ;
#2785 = VERTEX_POINT ( 'NONE', #5293 ) ;
#2787 = ORIENTED_EDGE ( 'NONE', *, *, #2634, .T. ) ;
#2786 = CARTESIAN_POINT ( 'NONE',  ( -2.900000000000000355, 0.2000000000000000111, 2.600000000000000533 ) ) ;
#2788 = VERTEX_POINT ( 'NONE', #6241 ) ;
#2789 = DIRECTION ( 'NONE',  ( 0.7071067811865536790, 0.7071067811865414665, 0.000000000000000000 ) ) ;
#2790 = CARTESIAN_POINT ( 'NONE',  ( -3.400000000000000799, -0.05000000000000000278, -1.400000000000000577 ) ) ;
#2791 = LINE ( 'NONE', #2576, #4221 ) ;
#2792 = LINE ( 'NONE', #1372, #1438 ) ;
#2793 = ORIENTED_EDGE ( 'NONE', *, *, #5186, .F. ) ;
#2794 = CARTESIAN_POINT ( 'NONE',  ( -2.099999999999999201, 0.000000000000000000, -2.000000000000000000 ) ) ;
#2795 = CARTESIAN_POINT ( 'NONE',  ( 0.000000000000000000, 0.000000000000000000, -1.400000000000000577 ) ) ;
#2796 = DIRECTION ( 'NONE',  ( -0.000000000000000000, 0.000000000000000000, -1.000000000000000000 ) ) ;
#2797 = LINE ( 'NONE', #434, #4376 ) ;
#2798 = LINE ( 'NONE', #4503, #3681 ) ;
#2799 = EDGE_CURVE ( 'NONE', #2461, #1154, #6106, .T. ) ;
#2800 = CARTESIAN_POINT ( 'NONE',  ( -1.399999999999998801, 0.2000000000000000111, 2.600000000000000533 ) ) ;
#2801 = LINE ( 'NONE', #5616, #5594 ) ;
#2802 = LINE ( 'NONE', #4150, #1207 ) ;
#2803 = DIRECTION ( 'NONE',  ( 0.000000000000000000, -1.000000000000000000, 0.000000000000000000 ) ) ;
#2804 = DIRECTION ( 'NONE',  ( -0.000000000000000000, 0.000000000000000000, 1.000000000000000000 ) ) ;
#2805 = DIRECTION ( 'NONE',  ( 0.000000000000000000, -0.000000000000000000, -1.000000000000000000 ) ) ;
#2806 = VECTOR ( 'NONE', #1696, 1000.000000000000000 ) ;
#2807 = ORIENTED_EDGE ( 'NONE', *, *, #5250, .F. ) ;
#2808 = LINE ( 'NONE', #5570, #1216 ) ;
#2809 = FACE_OUTER_BOUND ( 'NONE', #2356, .T. ) ;
#2810 = ADVANCED_FACE ( 'NONE', ( #1653 ), #1185, .F. ) ;
#2811 = ORIENTED_EDGE ( 'NONE', *, *, #5214, .T. ) ;
#2812 = VECTOR ( 'NONE', #6428, 1000.000000000000000 ) ;
#2813 = EDGE_CURVE ( 'NONE', #3077, #956, #4419, .T. ) ;
#2814 = DIRECTION ( 'NONE',  ( 1.000000000000000000, 0.000000000000000000, 0.000000000000000000 ) ) ;
#2815 = EDGE_CURVE ( 'NONE', #2857, #3217, #4672, .T. ) ;
#2816 = ORIENTED_EDGE ( 'NONE', *, *, #5032, .T. ) ;
#2817 = CARTESIAN_POINT ( 'NONE',  ( -2.399999999999999911, -0.05000000000000000278, -1.400000000000000577 ) ) ;
#2818 = VECTOR ( 'NONE', #4392, 1000.000000000000000 ) ;
#2819 = ADVANCED_FACE ( 'NONE', ( #1879 ), #120, .F. ) ;
#2820 = VERTEX_POINT ( 'NONE', #3255 ) ;
#2821 = DIRECTION ( 'NONE',  ( -0.000000000000000000, 1.000000000000000000, -0.000000000000000000 ) ) ;
#2822 = EDGE_CURVE ( 'NONE', #1483, #2765, #3176, .T. ) ;
#2823 = VECTOR ( 'NONE', #3571, 1000.000000000000000 ) ;
#2824 = DIRECTION ( 'NONE',  ( 0.000000000000000000, 0.000000000000000000, 1.000000000000000000 ) ) ;
#2825 = ORIENTED_EDGE ( 'NONE', *, *, #3955, .T. ) ;
#2826 = CARTESIAN_POINT ( 'NONE',  ( 4.000000000000000000, 3.899999999999999911, -1.249999999999999778 ) ) ;
#2827 = EDGE_LOOP ( 'NONE', ( #834, #658, #4908, #3797 ) ) ;
#2828 = EDGE_LOOP ( 'NONE', ( #6099, #2910, #3248, #2673 ) ) ;
#2829 = CARTESIAN_POINT ( 'NONE',  ( -0.5999999999999976463, 0.000000000000000000, -1.400000000000000577 ) ) ;
#2830 = VECTOR ( 'NONE', #5089, 1000.000000000000000 ) ;
#2831 = ORIENTED_EDGE ( 'NONE', *, *, #1596, .T. ) ;
#2832 = CARTESIAN_POINT ( 'NONE',  ( 1.400000000000004130, 0.000000000000000000, 0.000000000000000000 ) ) ;
#2833 = EDGE_CURVE ( 'NONE', #3878, #2677, #5790, .T. ) ;
#2834 = DIRECTION ( 'NONE',  ( -0.000000000000000000, 1.000000000000000000, -0.000000000000000000 ) ) ;
#2835 = LINE ( 'NONE', #197, #611 ) ;
#2836 = ORIENTED_EDGE ( 'NONE', *, *, #4887, .T. ) ;
#2837 = ORIENTED_EDGE ( 'NONE', *, *, #467, .F. ) ;
#2838 = CARTESIAN_POINT ( 'NONE',  ( -3.600000000000000533, 0.2000000000000000111, -1.400000000000000577 ) ) ;
#2839 = LINE ( 'NONE', #353, #3022 ) ;
#2840 = AXIS2_PLACEMENT_3D ( 'NONE', #6009, #5550, #5027 ) ;
#2841 = DIRECTION ( 'NONE',  ( 0.000000000000000000, -0.000000000000000000, -1.000000000000000000 ) ) ;
#2842 = ORIENTED_EDGE ( 'NONE', *, *, #1940, .T. ) ;
#2843 = VERTEX_POINT ( 'NONE', #1674 ) ;
#2844 = DIRECTION ( 'NONE',  ( -0.000000000000000000, -0.000000000000000000, -1.000000000000000000 ) ) ;
#2845 = VECTOR ( 'NONE', #6396, 1000.000000000000000 ) ;
#2846 = ORIENTED_EDGE ( 'NONE', *, *, #6527, .F. ) ;
#2847 = CARTESIAN_POINT ( 'NONE',  ( 0.000000000000000000, -0.05000000000000000278, 0.000000000000000000 ) ) ;
#2848 = ORIENTED_EDGE ( 'NONE', *, *, #4647, .F. ) ;
#2849 = EDGE_CURVE ( 'NONE', #2192, #694, #2755, .T. ) ;
#2850 = EDGE_CURVE ( 'NONE', #3086, #3767, #3720, .T. ) ;
#2851 = ADVANCED_FACE ( 'NONE', ( #5063 ), #1289, .F. ) ;
#2852 = CARTESIAN_POINT ( 'NONE',  ( 1.400000000000004130, -0.05000000000000000278, -1.400000000000000577 ) ) ;
#2853 = VECTOR ( 'NONE', #2796, 1000.000000000000000 ) ;
#2854 = DIRECTION ( 'NONE',  ( -0.000000000000000000, -0.000000000000000000, 1.000000000000000000 ) ) ;
#2855 = CARTESIAN_POINT ( 'NONE',  ( -2.399999999999999911, 2.000000000000000000, -2.000000000000000000 ) ) ;
#2856 = EDGE_LOOP ( 'NONE', ( #5239, #2001, #4080, #3494 ) ) ;
#2857 = VERTEX_POINT ( 'NONE', #1693 ) ;
#2858 = EDGE_CURVE ( 'NONE', #5448, #6169, #1804, .T. ) ;
#2859 = DIRECTION ( 'NONE',  ( -1.000000000000000000, 0.000000000000000000, 0.000000000000000000 ) ) ;
#2860 = LINE ( 'NONE', #1423, #5251 ) ;
#2861 = EDGE_LOOP ( 'NONE', ( #4268, #3636, #5632, #598 ) ) ;
#2862 = LINE ( 'NONE', #5817, #5819 ) ;
#2863 = EDGE_LOOP ( 'NONE', ( #5952, #3155, #429, #5888 ) ) ;
#2864 = DIRECTION ( 'NONE',  ( 1.000000000000000000, 0.000000000000000000, 0.000000000000000000 ) ) ;
#2865 = CARTESIAN_POINT ( 'NONE',  ( -2.399999999999999911, 0.2000000000000000111, -2.000000000000000000 ) ) ;
#2866 = CARTESIAN_POINT ( 'NONE',  ( 0.1000000000000024342, -0.05000000000000000278, 1.400000000000000577 ) ) ;
#2867 = LINE ( 'NONE', #1478, #713 ) ;
#2868 = ORIENTED_EDGE ( 'NONE', *, *, #1800, .F. ) ;
#2869 = LINE ( 'NONE', #5926, #5184 ) ;
#2870 = EDGE_CURVE ( 'NONE', #1484, #1785, #2361, .T. ) ;
#2871 = CARTESIAN_POINT ( 'NONE',  ( -0.5999999999999976463, -0.05000000000000000278, -2.600000000000000533 ) ) ;
#2872 = LINE ( 'NONE', #560, #13 ) ;
#2874 = ORIENTED_EDGE ( 'NONE', *, *, #150, .F. ) ;
#2873 = DIRECTION ( 'NONE',  ( -0.000000000000000000, 0.000000000000000000, -1.000000000000000000 ) ) ;
#2875 = FACE_OUTER_BOUND ( 'NONE', #4752, .T. ) ;
#2876 = CARTESIAN_POINT ( 'NONE',  ( 2.400000000000004352, 2.000000000000000000, -2.000000000000000000 ) ) ;
#2877 = CARTESIAN_POINT ( 'NONE',  ( 0.4000000000000032419, -0.05000000000000000278, 2.600000000000000533 ) ) ;
#2878 = VECTOR ( 'NONE', #3483, 1000.000000000000000 ) ;
#2879 = ORIENTED_EDGE ( 'NONE', *, *, #4523, .F. ) ;
#2880 = AXIS2_PLACEMENT_3D ( 'NONE', #2093, #5369, #4827 ) ;
#2881 = LINE ( 'NONE', #2037, #6240 ) ;
#2882 = DIRECTION ( 'NONE',  ( 0.000000000000000000, 0.000000000000000000, -1.000000000000000000 ) ) ;
#2883 = ADVANCED_FACE ( 'NONE', ( #451 ), #3341, .T. ) ;
#2884 = DIRECTION ( 'NONE',  ( -1.000000000000000000, -0.000000000000000000, -0.000000000000000000 ) ) ;
#2885 = CARTESIAN_POINT ( 'NONE',  ( 0.000000000000000000, 0.000000000000000000, 1.400000000000000577 ) ) ;
#2886 = LINE ( 'NONE', #4143, #259 ) ;
#2887 = CARTESIAN_POINT ( 'NONE',  ( -1.399999999999998801, -0.05000000000000000278, 1.400000000000000577 ) ) ;
#2888 = EDGE_LOOP ( 'NONE', ( #4574, #2995, #5793, #2694, #5061, #3144 ) ) ;
#2889 = VECTOR ( 'NONE', #2969, 1000.000000000000000 ) ;
#2890 = CARTESIAN_POINT ( 'NONE',  ( -0.09999999999999722999, -0.05000000000000000278, -2.600000000000000533 ) ) ;
#2891 = VERTEX_POINT ( 'NONE', #5313 ) ;
#2892 = CARTESIAN_POINT ( 'NONE',  ( 0.6000000000000033085, 0.2000000000000000944, 2.000000000000000000 ) ) ;
#2893 = EDGE_CURVE ( 'NONE', #660, #3316, #2206, .T. ) ;
#2894 = VECTOR ( 'NONE', #4918, 1000.000000000000000 ) ;
#2895 = DIRECTION ( 'NONE',  ( -0.000000000000000000, 0.000000000000000000, 1.000000000000000000 ) ) ;
#2896 = ORIENTED_EDGE ( 'NONE', *, *, #3954, .T. ) ;
#2897 = DIRECTION ( 'NONE',  ( -0.000000000000000000, -0.000000000000000000, -1.000000000000000000 ) ) ;
#2898 = VERTEX_POINT ( 'NONE', #2317 ) ;
#2899 = EDGE_CURVE ( 'NONE', #985, #3767, #6592, .T. ) ;
#2900 = LINE ( 'NONE', #1076, #3550 ) ;
#2901 = CARTESIAN_POINT ( 'NONE',  ( 3.600000000000005418, -0.05000000000000000278, -1.400000000000000577 ) ) ;
#2902 = CARTESIAN_POINT ( 'NONE',  ( -0.5999999999999976463, 0.000000000000000000, 0.000000000000000000 ) ) ;
#2903 = VERTEX_POINT ( 'NONE', #5812 ) ;
#2904 = EDGE_LOOP ( 'NONE', ( #4964, #8, #6248, #895 ) ) ;
#2905 = ORIENTED_EDGE ( 'NONE', *, *, #2768, .T. ) ;
#2906 = CARTESIAN_POINT ( 'NONE',  ( -5.099999999999998757, 0.000000000000000000, 2.000000000000000000 ) ) ;
#2907 = FACE_OUTER_BOUND ( 'NONE', #3493, .T. ) ;
#2908 = ORIENTED_EDGE ( 'NONE', *, *, #55, .T. ) ;
#2909 = DIRECTION ( 'NONE',  ( 0.000000000000000000, 0.000000000000000000, -1.000000000000000000 ) ) ;
#2910 = ORIENTED_EDGE ( 'NONE', *, *, #1131, .F. ) ;
#2911 = PLANE ( 'NONE',  #1110 ) ;
#2912 = EDGE_LOOP ( 'NONE', ( #4413, #3032, #337, #2421 ) ) ;
#2913 = EDGE_CURVE ( 'NONE', #2820, #4891, #285, .T. ) ;
#2914 = EDGE_LOOP ( 'NONE', ( #2268, #3463, #4131, #2114 ) ) ;
#2915 = CARTESIAN_POINT ( 'NONE',  ( 3.600000000000005862, 0.2000000000000000944, 2.000000000000000000 ) ) ;
#2916 = CARTESIAN_POINT ( 'NONE',  ( 0.000000000000000000, 0.2000000000000000111, 0.000000000000000000 ) ) ;
#2917 = LINE ( 'NONE', #2271, #5463 ) ;
#2918 = ORIENTED_EDGE ( 'NONE', *, *, #4213, .F. ) ;
#2919 = EDGE_LOOP ( 'NONE', ( #4596, #530, #4025, #2711 ) ) ;
#2920 = PLANE ( 'NONE',  #3823 ) ;
#2921 = CARTESIAN_POINT ( 'NONE',  ( -1.599999999999998535, 0.000000000000000000, 2.000000000000000000 ) ) ;
#2922 = DIRECTION ( 'NONE',  ( 0.000000000000000000, 0.000000000000000000, -1.000000000000000000 ) ) ;
#2923 = ADVANCED_FACE ( 'NONE', ( #5720 ), #3801, .T. ) ;
#2924 = VECTOR ( 'NONE', #4630, 1000.000000000000000 ) ;
#2925 = ORIENTED_EDGE ( 'NONE', *, *, #4186, .T. ) ;
#2926 = ORIENTED_EDGE ( 'NONE', *, *, #173, .F. ) ;
#2927 = DIRECTION ( 'NONE',  ( -1.000000000000000000, -0.000000000000000000, -0.000000000000000000 ) ) ;
#2928 = CARTESIAN_POINT ( 'NONE',  ( -1.099999999999998090, -0.05000000000000000278, 1.400000000000000577 ) ) ;
#2929 = LINE ( 'NONE', #2645, #375 ) ;
#2930 = CARTESIAN_POINT ( 'NONE',  ( 1.400000000000004130, 0.2000000000000000111, -2.600000000000000533 ) ) ;
#2931 = ORIENTED_EDGE ( 'NONE', *, *, #6235, .T. ) ;
#2932 = ORIENTED_EDGE ( 'NONE', *, *, #132, .T. ) ;
#2933 = EDGE_CURVE ( 'NONE', #5491, #2269, #4747, .T. ) ;
#2934 = AXIS2_PLACEMENT_3D ( 'NONE', #3644, #2685, #6249 ) ;
#2935 = CARTESIAN_POINT ( 'NONE',  ( 2.600000000000004530, -0.05000000000000000278, -1.400000000000000577 ) ) ;
#2936 = FACE_OUTER_BOUND ( 'NONE', #2450, .T. ) ;
#2937 =( NAMED_UNIT ( * ) SI_UNIT ( $, .STERADIAN. ) SOLID_ANGLE_UNIT ( ) );
#2939 = ORIENTED_EDGE ( 'NONE', *, *, #1284, .F. ) ;
#2938 = DIRECTION ( 'NONE',  ( -0.000000000000000000, -0.000000000000000000, 1.000000000000000000 ) ) ;
#2940 = ORIENTED_EDGE ( 'NONE', *, *, #3049, .F. ) ;
#2941 = CARTESIAN_POINT ( 'NONE',  ( -2.599999999999999645, -0.05000000000000000278, 1.400000000000000577 ) ) ;
#2942 = DIRECTION ( 'NONE',  ( -0.000000000000000000, 1.000000000000000000, -0.000000000000000000 ) ) ;
#2943 = LINE ( 'NONE', #1072, #5407 ) ;
#2944 = DIRECTION ( 'NONE',  ( 0.000000000000000000, -0.000000000000000000, 1.000000000000000000 ) ) ;
#2945 = FILL_AREA_STYLE_COLOUR ( '', #6193 ) ;
#2946 = EDGE_CURVE ( 'NONE', #3243, #2677, #1567, .T. ) ;
#2947 = ORIENTED_EDGE ( 'NONE', *, *, #5677, .T. ) ;
#2948 = EDGE_CURVE ( 'NONE', #4095, #5538, #3097, .T. ) ;
#2949 = CARTESIAN_POINT ( 'NONE',  ( 1.100000000000003419, -0.05000000000000000278, 1.400000000000000577 ) ) ;
#2950 = ORIENTED_EDGE ( 'NONE', *, *, #514, .F. ) ;
#2951 = ORIENTED_EDGE ( 'NONE', *, *, #1413, .T. ) ;
#2952 = DIRECTION ( 'NONE',  ( 0.000000000000000000, 0.000000000000000000, 1.000000000000000000 ) ) ;
#2953 = CARTESIAN_POINT ( 'NONE',  ( 3.400000000000005684, 0.000000000000000000, 0.000000000000000000 ) ) ;
#2954 = VECTOR ( 'NONE', #2772, 1000.000000000000000 ) ;
#2955 = EDGE_LOOP ( 'NONE', ( #5891, #2842, #46, #5800 ) ) ;
#2956 = VECTOR ( 'NONE', #829, 1000.000000000000000 ) ;
#2957 = ORIENTED_EDGE ( 'NONE', *, *, #2147, .F. ) ;
#2958 = EDGE_CURVE ( 'NONE', #4142, #1710, #2917, .T. ) ;
#2959 = CARTESIAN_POINT ( 'NONE',  ( 0.000000000000000000, -0.05000000000000000278, 0.000000000000000000 ) ) ;
#2960 = PRODUCT_RELATED_PRODUCT_CATEGORY ( 'part', '', ( #5125 ) ) ;
#2961 = ADVANCED_FACE ( 'NONE', ( #4588 ), #3777, .F. ) ;
#2962 = CARTESIAN_POINT ( 'NONE',  ( 2.900000000000005240, -0.05000000000000000278, -1.400000000000000577 ) ) ;
#2963 = LINE ( 'NONE', #5082, #5343 ) ;
#2964 = LINE ( 'NONE', #6462, #1442 ) ;
#2965 = DIRECTION ( 'NONE',  ( -0.000000000000000000, 0.000000000000000000, -1.000000000000000000 ) ) ;
#2966 = APPLICATION_PROTOCOL_DEFINITION ( 'draft international standard', 'automotive_design', 1998, #1422 ) ;
#2967 = CARTESIAN_POINT ( 'NONE',  ( -1.399999999999998801, 0.000000000000000000, 1.400000000000000577 ) ) ;
#2968 = CARTESIAN_POINT ( 'NONE',  ( -2.399999999999999911, 0.000000000000000000, 2.000000000000000000 ) ) ;
#2969 = DIRECTION ( 'NONE',  ( -0.000000000000000000, -0.000000000000000000, -1.000000000000000000 ) ) ;
#2970 = VECTOR ( 'NONE', #1590, 1000.000000000000000 ) ;
#2971 = VERTEX_POINT ( 'NONE', #4836 ) ;
#2972 = FACE_OUTER_BOUND ( 'NONE', #4330, .T. ) ;
#2973 = DIRECTION ( 'NONE',  ( 1.000000000000000000, 0.000000000000000000, 0.000000000000000000 ) ) ;
#2974 = EDGE_CURVE ( 'NONE', #5303, #608, #5554, .T. ) ;
#2975 = CARTESIAN_POINT ( 'NONE',  ( -2.399999999999999911, 0.000000000000000000, -1.400000000000000577 ) ) ;
#2976 = DIRECTION ( 'NONE',  ( 0.000000000000000000, -1.000000000000000000, 0.000000000000000000 ) ) ;
#2977 = CARTESIAN_POINT ( 'NONE',  ( 2.600000000000004530, 0.2000000000000000111, 1.400000000000000577 ) ) ;
#2978 = PLANE ( 'NONE',  #4460 ) ;
#2979 = LINE ( 'NONE', #3140, #1620 ) ;
#2980 = ORIENTED_EDGE ( 'NONE', *, *, #5768, .T. ) ;
#2981 = VECTOR ( 'NONE', #2551, 1000.000000000000000 ) ;
#2982 = CARTESIAN_POINT ( 'NONE',  ( -3.900000000000000799, 3.899999999999999911, -1.150000000000000355 ) ) ;
#2983 = AXIS2_PLACEMENT_3D ( 'NONE', #3890, #4907, #1338 ) ;
#2984 = LINE ( 'NONE', #3919, #733 ) ;
#2985 = VECTOR ( 'NONE', #2844, 1000.000000000000000 ) ;
#2986 = ORIENTED_EDGE ( 'NONE', *, *, #3135, .T. ) ;
#2987 = DIRECTION ( 'NONE',  ( 0.000000000000000000, 0.000000000000000000, 1.000000000000000000 ) ) ;
#2988 = APPLICATION_PROTOCOL_DEFINITION ( 'draft international standard', 'automotive_design', 1998, #6030 ) ;
#2989 = ORIENTED_EDGE ( 'NONE', *, *, #3669, .F. ) ;
#2990 = LINE ( 'NONE', #3898, #2818 ) ;
#2991 = DIRECTION ( 'NONE',  ( 0.000000000000000000, -0.000000000000000000, -1.000000000000000000 ) ) ;
#2992 = EDGE_CURVE ( 'NONE', #4349, #2820, #3563, .T. ) ;
#2993 = CARTESIAN_POINT ( 'NONE',  ( -5.099999999999998757, 0.000000000000000000, 2.000000000000000000 ) ) ;
#2994 = EDGE_CURVE ( 'NONE', #2612, #236, #208, .T. ) ;
#2995 = ORIENTED_EDGE ( 'NONE', *, *, #1917, .T. ) ;
#2996 = CARTESIAN_POINT ( 'NONE',  ( -0.09999999999999722999, -0.05000000000000000278, -1.400000000000000577 ) ) ;
#2997 = CARTESIAN_POINT ( 'NONE',  ( -2.099999999999999201, -0.05000000000000000278, 1.400000000000000577 ) ) ;
#2998 = DIRECTION ( 'NONE',  ( 0.000000000000000000, 0.000000000000000000, -1.000000000000000000 ) ) ;
#2999 = FACE_OUTER_BOUND ( 'NONE', #1404, .T. ) ;
#3000 = CARTESIAN_POINT ( 'NONE',  ( 2.400000000000004796, -0.05000000000000000278, 2.600000000000000533 ) ) ;
#3001 = DIRECTION ( 'NONE',  ( -0.000000000000000000, 1.000000000000000000, -0.000000000000000000 ) ) ;
#3002 = ADVANCED_FACE ( 'NONE', ( #4189 ), #1772, .F. ) ;
#3003 = ORIENTED_EDGE ( 'NONE', *, *, #1792, .T. ) ;
#3004 = VERTEX_POINT ( 'NONE', #4876 ) ;
#3005 = EDGE_LOOP ( 'NONE', ( #1550, #3276, #129, #6095 ) ) ;
#3006 = EDGE_CURVE ( 'NONE', #4976, #2612, #362, .T. ) ;
#3007 = CARTESIAN_POINT ( 'NONE',  ( -0.8999999999999984679, 0.000000000000000000, 0.000000000000000000 ) ) ;
#3008 = PRODUCT_DEFINITION ( '未知', '', #2402, #6382 ) ;
#3009 = LINE ( 'NONE', #66, #131 ) ;
#3010 = PLANE ( 'NONE',  #3816 ) ;
#3011 = EDGE_LOOP ( 'NONE', ( #4608, #1393, #3774, #2550, #4214, #4084 ) ) ;
#3012 = VERTEX_POINT ( 'NONE', #1860 ) ;
#3013 = CARTESIAN_POINT ( 'NONE',  ( -5.099999999999998757, 0.2000000000000000944, 2.000000000000000000 ) ) ;
#3014 = VECTOR ( 'NONE', #5339, 1000.000000000000000 ) ;
#3015 = CARTESIAN_POINT ( 'NONE',  ( 3.400000000000005684, -0.05000000000000000278, -1.400000000000000577 ) ) ;
#3016 = DIRECTION ( 'NONE',  ( -0.000000000000000000, -0.000000000000000000, -1.000000000000000000 ) ) ;
#3017 = ORIENTED_EDGE ( 'NONE', *, *, #4710, .F. ) ;
#3018 = ORIENTED_EDGE ( 'NONE', *, *, #4037, .T. ) ;
#3019 = CARTESIAN_POINT ( 'NONE',  ( 3.400000000000005684, 0.2000000000000000111, -2.600000000000000533 ) ) ;
#3020 = CARTESIAN_POINT ( 'NONE',  ( -0.09999999999999722999, 0.000000000000000000, -1.400000000000000577 ) ) ;
#3021 = DIRECTION ( 'NONE',  ( 0.000000000000000000, 0.000000000000000000, -1.000000000000000000 ) ) ;
#3022 = VECTOR ( 'NONE', #3909, 1000.000000000000000 ) ;
#3023 = PLANE ( 'NONE',  #4511 ) ;
#3024 = VERTEX_POINT ( 'NONE', #1394 ) ;
#3025 = CARTESIAN_POINT ( 'NONE',  ( -4.000000000000000000, 3.799999999999998490, 0.6500000000000010214 ) ) ;
#3026 = VERTEX_POINT ( 'NONE', #2405 ) ;
#3027 = DIRECTION ( 'NONE',  ( 0.000000000000000000, 0.000000000000000000, 1.000000000000000000 ) ) ;
#3028 = ADVANCED_FACE ( 'NONE', ( #2055 ), #6521, .F. ) ;
#3029 = LINE ( 'NONE', #2176, #296 ) ;
#3030 = PLANE ( 'NONE',  #3632 ) ;
#3031 = ORIENTED_EDGE ( 'NONE', *, *, #1916, .T. ) ;
#3032 = ORIENTED_EDGE ( 'NONE', *, *, #4557, .T. ) ;
#3033 = PLANE ( 'NONE',  #2100 ) ;
#3034 = VECTOR ( 'NONE', #2396, 1000.000000000000000 ) ;
#3035 = ADVANCED_FACE ( 'NONE', ( #137 ), #2911, .F. ) ;
#3036 = VERTEX_POINT ( 'NONE', #6001 ) ;
#3037 = ORIENTED_EDGE ( 'NONE', *, *, #3505, .T. ) ;
#3038 = DIRECTION ( 'NONE',  ( -1.000000000000000000, -0.000000000000000000, -0.000000000000000000 ) ) ;
#3039 = EDGE_CURVE ( 'NONE', #3587, #1063, #3245, .T. ) ;
#3040 = AXIS2_PLACEMENT_3D ( 'NONE', #3063, #1468, #1488 ) ;
#3041 = CARTESIAN_POINT ( 'NONE',  ( 1.600000000000003864, -0.05000000000000000278, -2.600000000000000533 ) ) ;
#3042 = PLANE ( 'NONE',  #4736 ) ;
#3043 = VECTOR ( 'NONE', #1958, 1000.000000000000000 ) ;
#3044 = EDGE_LOOP ( 'NONE', ( #276, #4123, #1244, #3371 ) ) ;
#3045 = LINE ( 'NONE', #1639, #6294 ) ;
#3046 = VERTEX_POINT ( 'NONE', #6423 ) ;
#3047 = DIRECTION ( 'NONE',  ( -0.000000000000000000, 1.000000000000000000, -0.000000000000000000 ) ) ;
#3048 = CARTESIAN_POINT ( 'NONE',  ( 0.9000000000000036859, -0.05000000000000000278, -1.400000000000000577 ) ) ;
#3049 = EDGE_CURVE ( 'NONE', #1671, #6169, #3477, .T. ) ;
#3050 = DIRECTION ( 'NONE',  ( 0.5773502691896224004, -0.5773502691896323924, -0.5773502691896225114 ) ) ;
#3051 = VECTOR ( 'NONE', #6180, 1000.000000000000000 ) ;
#3053 = VERTEX_POINT ( 'NONE', #3881 ) ;
#3052 = CARTESIAN_POINT ( 'NONE',  ( -5.099999999999998757, 0.2000000000000000944, 2.000000000000000000 ) ) ;
#3054 = FACE_OUTER_BOUND ( 'NONE', #2350, .T. ) ;
#3055 = DIRECTION ( 'NONE',  ( 0.000000000000000000, -0.000000000000000000, -1.000000000000000000 ) ) ;
#3056 = CARTESIAN_POINT ( 'NONE',  ( -2.099999999999999201, 0.2000000000000000111, -2.600000000000000533 ) ) ;
#3057 = FACE_OUTER_BOUND ( 'NONE', #5938, .T. ) ;
#3058 = ORIENTED_EDGE ( 'NONE', *, *, #423, .F. ) ;
#3059 = VECTOR ( 'NONE', #4731, 1000.000000000000000 ) ;
#3060 = EDGE_CURVE ( 'NONE', #5958, #6061, #4740, .T. ) ;
#3061 = DIRECTION ( 'NONE',  ( -0.000000000000000000, 0.000000000000000000, -1.000000000000000000 ) ) ;
#3062 = DIRECTION ( 'NONE',  ( 0.000000000000000000, 0.000000000000000000, -1.000000000000000000 ) ) ;
#3063 = CARTESIAN_POINT ( 'NONE',  ( 0.000000000000000000, -0.05000000000000000278, 0.000000000000000000 ) ) ;
#3064 = VECTOR ( 'NONE', #3551, 1000.000000000000000 ) ;
#3065 = ORIENTED_EDGE ( 'NONE', *, *, #1451, .T. ) ;
#3066 = VECTOR ( 'NONE', #4132, 1000.000000000000000 ) ;
#3067 = FACE_OUTER_BOUND ( 'NONE', #3507, .T. ) ;
#3068 = LINE ( 'NONE', #5388, #2103 ) ;
#3069 = VERTEX_POINT ( 'NONE', #5400 ) ;
#3070 = AXIS2_PLACEMENT_3D ( 'NONE', #5119, #4586, #4631 ) ;
#3071 = VECTOR ( 'NONE', #4927, 1000.000000000000000 ) ;
#3072 = CARTESIAN_POINT ( 'NONE',  ( 1.600000000000003864, -0.05000000000000000278, 1.400000000000000577 ) ) ;
#3073 = CARTESIAN_POINT ( 'NONE',  ( -1.899999999999999245, -0.05000000000000000278, 2.600000000000000533 ) ) ;
#3074 = ADVANCED_FACE ( 'NONE', ( #2280 ), #325, .F. ) ;
#3075 = DIRECTION ( 'NONE',  ( 1.000000000000000000, 0.000000000000000000, 0.000000000000000000 ) ) ;
#3076 = FACE_OUTER_BOUND ( 'NONE', #3572, .T. ) ;
#3077 = VERTEX_POINT ( 'NONE', #2935 ) ;
#3078 = CARTESIAN_POINT ( 'NONE',  ( 0.1000000000000024342, 0.000000000000000000, 0.000000000000000000 ) ) ;
#3079 = ORIENTED_EDGE ( 'NONE', *, *, #4906, .F. ) ;
#3080 = AXIS2_PLACEMENT_3D ( 'NONE', #5072, #1005, #2998 ) ;
#3081 = CARTESIAN_POINT ( 'NONE',  ( 0.000000000000000000, 0.000000000000000000, 1.400000000000000577 ) ) ;
#3082 = VERTEX_POINT ( 'NONE', #3902 ) ;
#3083 = CARTESIAN_POINT ( 'NONE',  ( 3.100000000000004974, -0.05000000000000000278, -1.400000000000000577 ) ) ;
#3084 = EDGE_LOOP ( 'NONE', ( #3953, #4846, #2360, #6595, #2606, #527 ) ) ;
#3085 = CARTESIAN_POINT ( 'NONE',  ( -0.8999999999999984679, 0.2000000000000000111, -2.600000000000000533 ) ) ;
#3086 = VERTEX_POINT ( 'NONE', #3969 ) ;
#3087 = EDGE_CURVE ( 'NONE', #6119, #4656, #4182, .T. ) ;
#3088 = DIRECTION ( 'NONE',  ( -1.000000000000000000, 0.000000000000000000, 0.000000000000000000 ) ) ;
#3089 = LINE ( 'NONE', #3625, #1717 ) ;
#3090 = EDGE_CURVE ( 'NONE', #2581, #3024, #1242, .T. ) ;
#3091 = AXIS2_PLACEMENT_3D ( 'NONE', #5207, #4176, #1123 ) ;
#3092 = ORIENTED_EDGE ( 'NONE', *, *, #1596, .F. ) ;
#3093 = EDGE_LOOP ( 'NONE', ( #3974, #5266, #5542, #1933, #1793, #1334 ) ) ;
#3094 = EDGE_LOOP ( 'NONE', ( #3962, #1621, #5583, #6412 ) ) ;
#3095 = CARTESIAN_POINT ( 'NONE',  ( 1.900000000000004574, 0.2000000000000000111, -2.600000000000000533 ) ) ;
#3096 = PLANE ( 'NONE',  #3487 ) ;
#3097 = LINE ( 'NONE', #4311, #57 ) ;
#3098 = CARTESIAN_POINT ( 'NONE',  ( 3.400000000000005684, -0.05000000000000000278, 1.400000000000000577 ) ) ;
#3099 = ORIENTED_EDGE ( 'NONE', *, *, #3039, .F. ) ;
#3100 = EDGE_CURVE ( 'NONE', #4743, #1479, #5933, .T. ) ;
#3101 = LINE ( 'NONE', #4067, #689 ) ;
#3102 = DIRECTION ( 'NONE',  ( 0.000000000000000000, 0.000000000000000000, -1.000000000000000000 ) ) ;
#3103 = ORIENTED_EDGE ( 'NONE', *, *, #6598, .F. ) ;
#3104 = ORIENTED_EDGE ( 'NONE', *, *, #3865, .T. ) ;
#3105 = CARTESIAN_POINT ( 'NONE',  ( -0.8999999999999980238, 0.000000000000000000, 2.000000000000000000 ) ) ;
#3106 = LINE ( 'NONE', #6456, #760 ) ;
#3108 = ORIENTED_EDGE ( 'NONE', *, *, #6104, .F. ) ;
#3107 = DIRECTION ( 'NONE',  ( 0.000000000000000000, 1.000000000000000000, 0.000000000000000000 ) ) ;
#3109 = EDGE_CURVE ( 'NONE', #1677, #2788, #672, .T. ) ;
#3110 = ORIENTED_EDGE ( 'NONE', *, *, #3768, .F. ) ;
#3111 = CARTESIAN_POINT ( 'NONE',  ( 1.900000000000004574, -0.05000000000000000278, 1.400000000000000577 ) ) ;
#3112 = ADVANCED_FACE ( 'NONE', ( #2681 ), #1420, .F. ) ;
#3113 = CARTESIAN_POINT ( 'NONE',  ( 3.600000000000005418, -0.05000000000000000278, -1.400000000000000577 ) ) ;
#3114 = CARTESIAN_POINT ( 'NONE',  ( -0.09999999999999722999, 0.000000000000000000, 1.400000000000000577 ) ) ;
#3115 = ORIENTED_EDGE ( 'NONE', *, *, #2263, .T. ) ;
#3116 = ORIENTED_EDGE ( 'NONE', *, *, #2016, .F. ) ;
#3117 = CARTESIAN_POINT ( 'NONE',  ( 2.400000000000004796, 0.2000000000000000111, 2.600000000000000533 ) ) ;
#3118 = VECTOR ( 'NONE', #5566, 1000.000000000000000 ) ;
#3119 = ORIENTED_EDGE ( 'NONE', *, *, #3060, .T. ) ;
#3120 = VECTOR ( 'NONE', #5232, 1000.000000000000000 ) ;
#3121 = CARTESIAN_POINT ( 'NONE',  ( -2.599999999999999645, 0.2000000000000000111, -2.600000000000000533 ) ) ;
#3122 = DIRECTION ( 'NONE',  ( -0.000000000000000000, 1.000000000000000000, -0.000000000000000000 ) ) ;
#3123 = ORIENTED_EDGE ( 'NONE', *, *, #3654, .F. ) ;
#3124 = CARTESIAN_POINT ( 'NONE',  ( 3.100000000000005418, 0.000000000000000000, 2.000000000000000000 ) ) ;
#3125 = EDGE_CURVE ( 'NONE', #1243, #1671, #6021, .T. ) ;
#3126 = VECTOR ( 'NONE', #3075, 1000.000000000000000 ) ;
#3127 = EDGE_CURVE ( 'NONE', #6328, #3942, #5546, .T. ) ;
#3128 = FACE_OUTER_BOUND ( 'NONE', #2204, .T. ) ;
#3129 = CARTESIAN_POINT ( 'NONE',  ( -1.599999999999998535, 2.000000000000000000, 2.000000000000000000 ) ) ;
#3130 = ORIENTED_EDGE ( 'NONE', *, *, #3210, .F. ) ;
#3131 = LINE ( 'NONE', #4090, #1356 ) ;
#3132 = LINE ( 'NONE', #4301, #4854 ) ;
#3133 = DIRECTION ( 'NONE',  ( 1.000000000000000000, 0.000000000000000000, 0.000000000000000000 ) ) ;
#3134 = DIRECTION ( 'NONE',  ( -0.000000000000000000, -0.000000000000000000, 1.000000000000000000 ) ) ;
#3135 = EDGE_CURVE ( 'NONE', #1898, #3426, #915, .T. ) ;
#3136 = DIRECTION ( 'NONE',  ( 1.000000000000000000, 0.000000000000000000, -0.000000000000000000 ) ) ;
#3137 = ADVANCED_FACE ( 'NONE', ( #1317 ), #1982, .F. ) ;
#3138 = AXIS2_PLACEMENT_3D ( 'NONE', #5956, #6450, #785 ) ;
#3139 = CARTESIAN_POINT ( 'NONE',  ( 1.600000000000003864, -0.05000000000000000278, -1.400000000000000577 ) ) ;
#3140 = CARTESIAN_POINT ( 'NONE',  ( 3.600000000000005418, 0.2000000000000000111, 1.400000000000000577 ) ) ;
#3141 = FACE_OUTER_BOUND ( 'NONE', #633, .T. ) ;
#3142 = CARTESIAN_POINT ( 'NONE',  ( 0.1000000000000028644, 0.000000000000000000, -2.000000000000000000 ) ) ;
#3143 = DIRECTION ( 'NONE',  ( -0.000000000000000000, 1.000000000000000000, -0.000000000000000000 ) ) ;
#3144 = ORIENTED_EDGE ( 'NONE', *, *, #1494, .F. ) ;
#3145 = FACE_OUTER_BOUND ( 'NONE', #1827, .T. ) ;
#3146 = CARTESIAN_POINT ( 'NONE',  ( 2.100000000000004086, 0.2000000000000000111, -1.400000000000000577 ) ) ;
#3147 = CARTESIAN_POINT ( 'NONE',  ( -2.599999999999999645, 2.000000000000000000, -2.000000000000000000 ) ) ;
#3148 = FACE_OUTER_BOUND ( 'NONE', #3005, .T. ) ;
#3149 = ORIENTED_EDGE ( 'NONE', *, *, #1380, .F. ) ;
#3150 = LINE ( 'NONE', #1718, #3363 ) ;
#3151 = CARTESIAN_POINT ( 'NONE',  ( 0.6000000000000033085, 2.000000000000000000, 2.000000000000000000 ) ) ;
#3152 = ORIENTED_EDGE ( 'NONE', *, *, #1026, .T. ) ;
#3153 = DIRECTION ( 'NONE',  ( 1.000000000000000000, 0.000000000000000000, 0.000000000000000000 ) ) ;
#3154 = AXIS2_PLACEMENT_3D ( 'NONE', #76, #5712, #1032 ) ;
#3155 = ORIENTED_EDGE ( 'NONE', *, *, #6390, .T. ) ;
#3156 = LINE ( 'NONE', #3231, #5364 ) ;
#3157 = ORIENTED_EDGE ( 'NONE', *, *, #6437, .F. ) ;
#3158 = CARTESIAN_POINT ( 'NONE',  ( 3.400000000000005684, 0.000000000000000000, -1.400000000000000577 ) ) ;
#3159 = ORIENTED_EDGE ( 'NONE', *, *, #4858, .F. ) ;
#3160 = DIRECTION ( 'NONE',  ( 0.000000000000000000, 0.000000000000000000, 1.000000000000000000 ) ) ;
#3161 = VECTOR ( 'NONE', #2944, 1000.000000000000000 ) ;
#3162 = ORIENTED_EDGE ( 'NONE', *, *, #4980, .T. ) ;
#3163 = CARTESIAN_POINT ( 'NONE',  ( -3.100000000000000977, 0.2000000000000000944, -2.000000000000000000 ) ) ;
#3164 = EDGE_CURVE ( 'NONE', #2608, #3263, #6186, .T. ) ;
#3165 = ORIENTED_EDGE ( 'NONE', *, *, #293, .T. ) ;
#3166 = ORIENTED_EDGE ( 'NONE', *, *, #6233, .F. ) ;
#3167 = VECTOR ( 'NONE', #4599, 1000.000000000000000 ) ;
#3168 = CARTESIAN_POINT ( 'NONE',  ( 1.100000000000003642, 2.000000000000000000, 2.000000000000000000 ) ) ;
#3169 = DIRECTION ( 'NONE',  ( 0.000000000000000000, 1.000000000000000000, 0.000000000000000000 ) ) ;
#3170 = ORIENTED_EDGE ( 'NONE', *, *, #3581, .T. ) ;
#3171 = ORIENTED_EDGE ( 'NONE', *, *, #1884, .T. ) ;
#3172 = EDGE_CURVE ( 'NONE', #5219, #5092, #2609, .T. ) ;
#3173 = DIRECTION ( 'NONE',  ( 0.000000000000000000, -0.000000000000000000, -1.000000000000000000 ) ) ;
#3174 = EDGE_CURVE ( 'NONE', #4743, #6221, #3315, .T. ) ;
#3175 = AXIS2_PLACEMENT_3D ( 'NONE', #374, #3927, #877 ) ;
#3176 = LINE ( 'NONE', #3700, #3397 ) ;
#3177 = DIRECTION ( 'NONE',  ( -0.000000000000000000, -1.000000000000000000, -0.000000000000000000 ) ) ;
#3178 = ORIENTED_EDGE ( 'NONE', *, *, #6123, .F. ) ;
#3179 = CARTESIAN_POINT ( 'NONE',  ( 0.000000000000000000, 0.2000000000000000111, 0.000000000000000000 ) ) ;
#3180 = VERTEX_POINT ( 'NONE', #1532 ) ;
#3181 = CARTESIAN_POINT ( 'NONE',  ( 0.6000000000000033085, 2.000000000000000000, -2.000000000000000000 ) ) ;
#3182 = CARTESIAN_POINT ( 'NONE',  ( 3.400000000000005684, -0.05000000000000000278, 1.400000000000000577 ) ) ;
#3183 = LINE ( 'NONE', #5543, #6110 ) ;
#3184 = EDGE_CURVE ( 'NONE', #1691, #1137, #6410, .T. ) ;
#3185 = ORIENTED_EDGE ( 'NONE', *, *, #2389, .F. ) ;
#3186 = ORIENTED_EDGE ( 'NONE', *, *, #3246, .F. ) ;
#3187 = CARTESIAN_POINT ( 'NONE',  ( 0.1000000000000024342, -0.05000000000000000278, 1.400000000000000577 ) ) ;
#3188 = CARTESIAN_POINT ( 'NONE',  ( 0.000000000000000000, 0.000000000000000000, 1.400000000000000577 ) ) ;
#3189 = LINE ( 'NONE', #1302, #2845 ) ;
#3190 = EDGE_LOOP ( 'NONE', ( #6514, #390, #1592, #322, #5060, #3499 ) ) ;
#3191 = ORIENTED_EDGE ( 'NONE', *, *, #3643, .T. ) ;
#3192 = CARTESIAN_POINT ( 'NONE',  ( -1.599999999999998535, -0.05000000000000000278, 1.400000000000000577 ) ) ;
#3193 = DIRECTION ( 'NONE',  ( 0.000000000000000000, 0.000000000000000000, 1.000000000000000000 ) ) ;
#3194 = LINE ( 'NONE', #2420, #3034 ) ;
#3195 = EDGE_CURVE ( 'NONE', #4916, #3715, #5221, .T. ) ;
#3196 = DIRECTION ( 'NONE',  ( 0.000000000000000000, -1.000000000000000000, 0.000000000000000000 ) ) ;
#3197 = ORIENTED_EDGE ( 'NONE', *, *, #339, .F. ) ;
#3198 = VERTEX_POINT ( 'NONE', #5541 ) ;
#3199 = PLANE ( 'NONE',  #4753 ) ;
#3200 = VERTEX_POINT ( 'NONE', #5516 ) ;
#3201 = PLANE ( 'NONE',  #1059 ) ;
#3202 = LINE ( 'NONE', #4655, #1751 ) ;
#3203 = ORIENTED_EDGE ( 'NONE', *, *, #3174, .T. ) ;
#3204 = CARTESIAN_POINT ( 'NONE',  ( -0.09999999999999722999, 0.000000000000000000, 0.000000000000000000 ) ) ;
#3205 = PLANE ( 'NONE',  #2251 ) ;
#3206 = LINE ( 'NONE', #3078, #3980 ) ;
#3207 = VECTOR ( 'NONE', #4192, 1000.000000000000000 ) ;
#3208 = EDGE_CURVE ( 'NONE', #4814, #4986, #3712, .T. ) ;
#3209 = DIRECTION ( 'NONE',  ( 1.000000000000000000, -0.000000000000000000, 0.000000000000000000 ) ) ;
#3210 = EDGE_CURVE ( 'NONE', #2161, #547, #3789, .T. ) ;
#3211 = AXIS2_PLACEMENT_3D ( 'NONE', #1630, #3719, #2146 ) ;
#3212 = CARTESIAN_POINT ( 'NONE',  ( -0.5999999999999976463, -0.05000000000000000278, -1.400000000000000577 ) ) ;
#3213 = VECTOR ( 'NONE', #2274, 1000.000000000000000 ) ;
#3214 = VECTOR ( 'NONE', #3769, 1000.000000000000000 ) ;
#3215 = PLANE ( 'NONE',  #3211 ) ;
#3216 = CARTESIAN_POINT ( 'NONE',  ( -0.8999999999999984679, 0.000000000000000000, 1.400000000000000577 ) ) ;
#3217 = VERTEX_POINT ( 'NONE', #2032 ) ;
#3218 = VECTOR ( 'NONE', #2909, 1000.000000000000000 ) ;
#3219 = CARTESIAN_POINT ( 'NONE',  ( 3.600000000000005418, 0.000000000000000000, 0.000000000000000000 ) ) ;
#3220 = EDGE_CURVE ( 'NONE', #4892, #985, #4886, .T. ) ;
#3221 = CARTESIAN_POINT ( 'NONE',  ( -2.099999999999999201, -0.05000000000000000278, -1.400000000000000577 ) ) ;
#3222 = DIRECTION ( 'NONE',  ( 0.000000000000000000, 0.000000000000000000, 1.000000000000000000 ) ) ;
#3223 = DIRECTION ( 'NONE',  ( -0.000000000000000000, 0.000000000000000000, 1.000000000000000000 ) ) ;
#3224 = FACE_OUTER_BOUND ( 'NONE', #910, .T. ) ;
#3225 = ORIENTED_EDGE ( 'NONE', *, *, #1362, .F. ) ;
#3226 = CARTESIAN_POINT ( 'NONE',  ( -1.599999999999998535, 0.000000000000000000, 0.000000000000000000 ) ) ;
#3227 = FACE_OUTER_BOUND ( 'NONE', #2135, .T. ) ;
#3228 = EDGE_CURVE ( 'NONE', #1887, #3086, #6262, .T. ) ;
#3229 = DIRECTION ( 'NONE',  ( -0.000000000000000000, 1.000000000000000000, -0.000000000000000000 ) ) ;
#3230 = EDGE_LOOP ( 'NONE', ( #4331, #1844, #1606, #5947 ) ) ;
#3231 = CARTESIAN_POINT ( 'NONE',  ( 3.100000000000004974, 0.2000000000000000111, 1.400000000000000577 ) ) ;
#3232 = VECTOR ( 'NONE', #1633, 1000.000000000000000 ) ;
#3233 = VERTEX_POINT ( 'NONE', #3085 ) ;
#3234 = ORIENTED_EDGE ( 'NONE', *, *, #3090, .F. ) ;
#3235 = VERTEX_POINT ( 'NONE', #2545 ) ;
#3236 = CARTESIAN_POINT ( 'NONE',  ( 4.000000000000000000, 3.799999999999998490, -0.6500000000000000222 ) ) ;
#3237 = CARTESIAN_POINT ( 'NONE',  ( 0.000000000000000000, 0.000000000000000000, -1.400000000000000577 ) ) ;
#3238 = DIRECTION ( 'NONE',  ( 0.000000000000000000, 0.000000000000000000, -1.000000000000000000 ) ) ;
#3239 = LINE ( 'NONE', #4217, #5296 ) ;
#3240 = CARTESIAN_POINT ( 'NONE',  ( -3.100000000000000977, -0.05000000000000000278, -1.400000000000000577 ) ) ;
#3241 = ORIENTED_EDGE ( 'NONE', *, *, #295, .T. ) ;
#3242 = CLOSED_SHELL ( 'NONE', ( #17, #4788, #4488, #1919, #3112, #3320, #4941, #5042, #4285, #6089, #5598, #3295, #5078, #2424, #5892, #5922, #6227, #272, #252, #4248, #2923, #5086, #4847, #1809, #3461, #1485, #1775, #5291, #442, #4910, #1591, #6084, #1819, #1017, #6200, #280, #4899, #2533, #2249, #1342, #1685, #1755, #3818, #5455, #3485, #3839, #771, #984, #1480, #949, #5802, #3879, #3035, #5589, #4381, #5389, #312, #2067, #6566, #342, #5988, #3137, #1994, #380, #516, #2883, #6420, #1747, #3329, #4783, #5053, #4372, #868, #5120, #2522, #411, #1309, #3846, #2258, #3562, #5954, #3779, #4404, #2391, #6053, #3592, #5316, #1454, #2463, #5324, #2221, #4319, #508, #2851, #937, #4684, #6026, #2961, #3936, #3837, #5518, #218, #1253, #1248, #6065, #2453, #827, #88, #5529, #1218, #2595, #2030, #4039, #6321, #4618, #5865, #5883, #3943, #1882, #475, #5826, #3724, #2746, #3523, #6496, #6558, #1286, #2354, #3285, #5018, #3532, #2496, #2378, #3074, #3870, #734, #1381, #1419, #5490, #3555, #2131, #802, #1054, #2292, #3028, #4014, #1186, #1318, #5737, #4344, #302, #4411, #450, #3445, #5564, #1952, #6457, #1009, #3693, #2324, #5555, #6380, #5356, #1810, #4552, #909, #1511, #3265, #3002, #3424, #3495, #4374, #1848, #4181, #3911, #2564, #5911, #2756, #2819, #6347, #1523, #972, #2318, #4451, #5832, #2690, #4587, #4345, #4048, #2810, #4524, #6019, #2020, #4006, #5699, #5009, #482, #4837, #6391, #4149, #6600, #6533, #6327, #148 ) ) ;
#3243 = VERTEX_POINT ( 'NONE', #20 ) ;
#3244 = DIRECTION ( 'NONE',  ( 0.000000000000000000, -1.000000000000000000, 0.000000000000000000 ) ) ;
#3245 = LINE ( 'NONE', #5936, #2047 ) ;
#3246 = EDGE_CURVE ( 'NONE', #5471, #2898, #1093, .T. ) ;
#3247 = ORIENTED_EDGE ( 'NONE', *, *, #1361, .T. ) ;
#3248 = ORIENTED_EDGE ( 'NONE', *, *, #2727, .F. ) ;
#3249 = PRESENTATION_STYLE_ASSIGNMENT (( #960 ) ) ;
#3250 = ORIENTED_EDGE ( 'NONE', *, *, #3125, .T. ) ;
#3251 = ORIENTED_EDGE ( 'NONE', *, *, #754, .T. ) ;
#3252 = EDGE_CURVE ( 'NONE', #5318, #5398, #2199, .T. ) ;
#3253 = DIRECTION ( 'NONE',  ( -0.000000000000000000, 1.000000000000000000, -0.000000000000000000 ) ) ;
#3254 = LINE ( 'NONE', #835, #3330 ) ;
#3255 = CARTESIAN_POINT ( 'NONE',  ( -1.899999999999999245, 0.000000000000000000, -1.400000000000000577 ) ) ;
#3256 = DIRECTION ( 'NONE',  ( 0.000000000000000000, 0.000000000000000000, -1.000000000000000000 ) ) ;
#3257 = DIRECTION ( 'NONE',  ( 0.000000000000000000, 1.000000000000000000, 0.000000000000000000 ) ) ;
#3258 = ORIENTED_EDGE ( 'NONE', *, *, #6214, .F. ) ;
#3259 = VERTEX_POINT ( 'NONE', #4077 ) ;
#3260 = PLANE ( 'NONE',  #278 ) ;
#3261 = PLANE ( 'NONE',  #1236 ) ;
#3262 = LINE ( 'NONE', #5729, #699 ) ;
#3263 = VERTEX_POINT ( 'NONE', #4512 ) ;
#3264 = VERTEX_POINT ( 'NONE', #6052 ) ;
#3265 = ADVANCED_FACE ( 'NONE', ( #3640 ), #6094, .T. ) ;
#3266 = LINE ( 'NONE', #1021, #3118 ) ;
#3267 = PLANE ( 'NONE',  #1150 ) ;
#3268 = ORIENTED_EDGE ( 'NONE', *, *, #3866, .T. ) ;
#3269 = LINE ( 'NONE', #4289, #3120 ) ;
#3270 = EDGE_LOOP ( 'NONE', ( #4590, #446, #5928, #5618 ) ) ;
#3271 = EDGE_CURVE ( 'NONE', #4892, #5708, #4665, .T. ) ;
#3272 = PLANE ( 'NONE',  #676 ) ;
#3273 = LINE ( 'NONE', #1008, #1912 ) ;
#3274 = EDGE_LOOP ( 'NONE', ( #4122, #4968, #6212, #4675 ) ) ;
#3275 = FACE_OUTER_BOUND ( 'NONE', #3803, .T. ) ;
#3276 = ORIENTED_EDGE ( 'NONE', *, *, #563, .T. ) ;
#3277 = DIRECTION ( 'NONE',  ( -1.000000000000000000, 0.000000000000000000, -0.000000000000000000 ) ) ;
#3278 = VECTOR ( 'NONE', #1504, 1000.000000000000000 ) ;
#3279 = VECTOR ( 'NONE', #257, 1000.000000000000000 ) ;
#3280 = DIRECTION ( 'NONE',  ( -0.000000000000000000, 0.000000000000000000, 1.000000000000000000 ) ) ;
#3281 = LINE ( 'NONE', #3506, #3439 ) ;
#3283 = VERTEX_POINT ( 'NONE', #5041 ) ;
#3282 = DIRECTION ( 'NONE',  ( 0.000000000000000000, -0.000000000000000000, -1.000000000000000000 ) ) ;
#3284 = VECTOR ( 'NONE', #2884, 1000.000000000000000 ) ;
#3285 = ADVANCED_FACE ( 'NONE', ( #1481 ), #4554, .F. ) ;
#3286 = EDGE_CURVE ( 'NONE', #4922, #3947, #4504, .T. ) ;
#3287 = CARTESIAN_POINT ( 'NONE',  ( 1.600000000000003864, -0.05000000000000000278, 2.600000000000000533 ) ) ;
#3288 = EDGE_CURVE ( 'NONE', #6269, #6219, #4973, .T. ) ;
#3289 = AXIS2_PLACEMENT_3D ( 'NONE', #2826, #308, #6383 ) ;
#3290 = FACE_OUTER_BOUND ( 'NONE', #201, .T. ) ;
#3291 = ORIENTED_EDGE ( 'NONE', *, *, #4350, .T. ) ;
#3292 = ORIENTED_EDGE ( 'NONE', *, *, #213, .T. ) ;
#3293 = LINE ( 'NONE', #3656, #1146 ) ;
#3294 = VERTEX_POINT ( 'NONE', #5672 ) ;
#3295 = ADVANCED_FACE ( 'NONE', ( #5058 ), #6229, .F. ) ;
#3296 = PLANE ( 'NONE',  #334 ) ;
#3297 = CARTESIAN_POINT ( 'NONE',  ( 1.900000000000004574, -0.05000000000000000278, 1.400000000000000577 ) ) ;
#3298 = EDGE_CURVE ( 'NONE', #1599, #1243, #5713, .T. ) ;
#3299 = VECTOR ( 'NONE', #4148, 1000.000000000000000 ) ;
#3300 = CARTESIAN_POINT ( 'NONE',  ( -5.100000000000000533, 0.000000000000000000, -2.000000000000000000 ) ) ;
#3301 = LINE ( 'NONE', #2384, #981 ) ;
#3302 = ORIENTED_EDGE ( 'NONE', *, *, #3954, .F. ) ;
#3303 = DIRECTION ( 'NONE',  ( -0.000000000000000000, -0.000000000000000000, -1.000000000000000000 ) ) ;
#3304 = VERTEX_POINT ( 'NONE', #2078 ) ;
#3305 = LINE ( 'NONE', #448, #2267 ) ;
#3306 = DIRECTION ( 'NONE',  ( 1.000000000000000000, -0.000000000000000000, 0.000000000000000000 ) ) ;
#3307 = VERTEX_POINT ( 'NONE', #5701 ) ;
#3308 = EDGE_CURVE ( 'NONE', #3340, #6597, #3009, .T. ) ;
#3309 = LINE ( 'NONE', #29, #1951 ) ;
#3310 = CARTESIAN_POINT ( 'NONE',  ( -5.099999999999998757, 0.000000000000000000, 2.000000000000000000 ) ) ;
#3311 = ORIENTED_EDGE ( 'NONE', *, *, #5386, .T. ) ;
#3312 = ORIENTED_EDGE ( 'NONE', *, *, #1743, .F. ) ;
#3313 = ORIENTED_EDGE ( 'NONE', *, *, #5919, .T. ) ;
#3314 = CARTESIAN_POINT ( 'NONE',  ( 2.900000000000005240, -0.05000000000000000278, 2.600000000000000533 ) ) ;
#3315 = LINE ( 'NONE', #952, #823 ) ;
#3316 = VERTEX_POINT ( 'NONE', #92 ) ;
#3317 = CARTESIAN_POINT ( 'NONE',  ( 1.400000000000004130, -0.05000000000000000278, 2.600000000000000533 ) ) ;
#3318 = VERTEX_POINT ( 'NONE', #2651 ) ;
#3319 = DIRECTION ( 'NONE',  ( -0.000000000000000000, 1.000000000000000000, -0.000000000000000000 ) ) ;
#3320 = ADVANCED_FACE ( 'NONE', ( #2527 ), #593, .F. ) ;
#3321 = CARTESIAN_POINT ( 'NONE',  ( 0.4000000000000032419, 0.000000000000000000, 0.000000000000000000 ) ) ;
#3322 = PLANE ( 'NONE',  #2730 ) ;
#3323 = VECTOR ( 'NONE', #5271, 1000.000000000000000 ) ;
#3324 = ORIENTED_EDGE ( 'NONE', *, *, #3452, .F. ) ;
#3325 = EDGE_LOOP ( 'NONE', ( #4696, #6113, #1640, #748 ) ) ;
#3326 = DIRECTION ( 'NONE',  ( -0.000000000000000000, -0.000000000000000000, 1.000000000000000000 ) ) ;
#3327 = EDGE_CURVE ( 'NONE', #2780, #5219, #6097, .T. ) ;
#3328 = EDGE_CURVE ( 'NONE', #1092, #1725, #126, .T. ) ;
#3329 = ADVANCED_FACE ( 'NONE', ( #3557 ), #3676, .F. ) ;
#3330 = VECTOR ( 'NONE', #1360, 1000.000000000000000 ) ;
#3331 = DIRECTION ( 'NONE',  ( -1.000000000000000000, 0.000000000000000000, 0.000000000000000000 ) ) ;
#3332 = EDGE_LOOP ( 'NONE', ( #1893, #6444, #1752, #594 ) ) ;
#3333 = ORIENTED_EDGE ( 'NONE', *, *, #4851, .T. ) ;
#3334 = DIRECTION ( 'NONE',  ( -0.000000000000000000, 1.000000000000000000, -0.000000000000000000 ) ) ;
#3335 = VECTOR ( 'NONE', #2446, 1000.000000000000000 ) ;
#3336 = EDGE_CURVE ( 'NONE', #6270, #6473, #1870, .T. ) ;
#3337 = CARTESIAN_POINT ( 'NONE',  ( -2.599999999999999645, -0.05000000000000000278, 2.600000000000000533 ) ) ;
#3338 = ORIENTED_EDGE ( 'NONE', *, *, #4733, .T. ) ;
#3339 = AXIS2_PLACEMENT_3D ( 'NONE', #5040, #3519, #2474 ) ;
#3340 = VERTEX_POINT ( 'NONE', #4622 ) ;
#3341 = PLANE ( 'NONE',  #4844 ) ;
#3342 = VECTOR ( 'NONE', #3851, 1000.000000000000000 ) ;
#3343 = CARTESIAN_POINT ( 'NONE',  ( 0.000000000000000000, -0.05000000000000000278, 0.000000000000000000 ) ) ;
#3344 = EDGE_LOOP ( 'NONE', ( #5310, #1162, #4357, #5799, #3203, #151 ) ) ;
#3345 = EDGE_LOOP ( 'NONE', ( #1489, #3251, #5743, #1176 ) ) ;
#3346 = ORIENTED_EDGE ( 'NONE', *, *, #4530, .F. ) ;
#3347 = CARTESIAN_POINT ( 'NONE',  ( -5.099999999999998757, 0.2000000000000000944, 2.000000000000000000 ) ) ;
#3348 = EDGE_CURVE ( 'NONE', #5149, #3992, #5452, .T. ) ;
#3349 = PLANE ( 'NONE',  #2174 ) ;
#3350 = ORIENTED_EDGE ( 'NONE', *, *, #3517, .F. ) ;
#3351 = LINE ( 'NONE', #578, #6618 ) ;
#3352 = ORIENTED_EDGE ( 'NONE', *, *, #5745, .T. ) ;
#3353 = DIRECTION ( 'NONE',  ( -0.000000000000000000, 0.000000000000000000, 1.000000000000000000 ) ) ;
#3354 = VECTOR ( 'NONE', #2072, 1000.000000000000000 ) ;
#3355 = LINE ( 'NONE', #4811, #1526 ) ;
#3356 = AXIS2_PLACEMENT_3D ( 'NONE', #428, #1997, #3027 ) ;
#3357 = LINE ( 'NONE', #3181, #5513 ) ;
#3358 = LINE ( 'NONE', #1067, #3527 ) ;
#3359 = DIRECTION ( 'NONE',  ( 1.000000000000000000, 0.000000000000000000, 0.000000000000000000 ) ) ;
#3360 = CARTESIAN_POINT ( 'NONE',  ( -0.5999999999999976463, 0.2000000000000000111, -2.600000000000000533 ) ) ;
#3361 = CARTESIAN_POINT ( 'NONE',  ( -3.100000000000000977, 0.000000000000000000, 0.000000000000000000 ) ) ;
#3362 = EDGE_CURVE ( 'NONE', #1278, #2398, #2748, .T. ) ;
#3363 = VECTOR ( 'NONE', #3303, 1000.000000000000000 ) ;
#3364 = CARTESIAN_POINT ( 'NONE',  ( 1.900000000000004130, 0.000000000000000000, -2.000000000000000000 ) ) ;
#3365 = VECTOR ( 'NONE', #5921, 1000.000000000000000 ) ;
#3366 = VECTOR ( 'NONE', #4897, 1000.000000000000000 ) ;
#3367 = PLANE ( 'NONE',  #2983 ) ;
#3368 = CARTESIAN_POINT ( 'NONE',  ( -5.100000000000000533, 0.2000000000000000944, -2.000000000000000000 ) ) ;
#3369 = DIRECTION ( 'NONE',  ( -1.000000000000000000, 0.000000000000000000, -0.000000000000000000 ) ) ;
#3370 = VECTOR ( 'NONE', #6134, 1000.000000000000000 ) ;
#3371 = ORIENTED_EDGE ( 'NONE', *, *, #5745, .F. ) ;
#3372 = LINE ( 'NONE', #3361, #4002 ) ;
#3373 = EDGE_CURVE ( 'NONE', #746, #3666, #438, .T. ) ;
#3374 = DIRECTION ( 'NONE',  ( 0.000000000000000000, -1.000000000000000000, 0.000000000000000000 ) ) ;
#3375 = AXIS2_PLACEMENT_3D ( 'NONE', #2996, #6062, #4023 ) ;
#3376 = CARTESIAN_POINT ( 'NONE',  ( 1.100000000000003419, 0.000000000000000000, 0.000000000000000000 ) ) ;
#3377 = LINE ( 'NONE', #6467, #662 ) ;
#3378 = VERTEX_POINT ( 'NONE', #5131 ) ;
#3379 = CARTESIAN_POINT ( 'NONE',  ( -3.100000000000000977, -0.05000000000000000278, -1.400000000000000577 ) ) ;
#3380 = EDGE_CURVE ( 'NONE', #2227, #176, #4410, .T. ) ;
#3381 = DIRECTION ( 'NONE',  ( 0.000000000000000000, -0.000000000000000000, -1.000000000000000000 ) ) ;
#3382 = LINE ( 'NONE', #3637, #4573 ) ;
#3383 = DIRECTION ( 'NONE',  ( -0.000000000000000000, 0.000000000000000000, 1.000000000000000000 ) ) ;
#3384 = ORIENTED_EDGE ( 'NONE', *, *, #695, .F. ) ;
#3385 = CARTESIAN_POINT ( 'NONE',  ( -0.09999999999999722999, 0.000000000000000000, 0.000000000000000000 ) ) ;
#3386 = ORIENTED_EDGE ( 'NONE', *, *, #4658, .F. ) ;
#3387 = ORIENTED_EDGE ( 'NONE', *, *, #2913, .T. ) ;
#3388 = DIRECTION ( 'NONE',  ( -1.000000000000000000, 0.000000000000000000, 0.000000000000000000 ) ) ;
#3389 = VECTOR ( 'NONE', #1605, 1000.000000000000000 ) ;
#3390 = CARTESIAN_POINT ( 'NONE',  ( -0.5999999999999976463, -0.05000000000000000278, 1.400000000000000577 ) ) ;
#3391 = ORIENTED_EDGE ( 'NONE', *, *, #1514, .T. ) ;
#3392 = ORIENTED_EDGE ( 'NONE', *, *, #929, .T. ) ;
#3393 = VERTEX_POINT ( 'NONE', #5159 ) ;
#3394 = AXIS2_PLACEMENT_3D ( 'NONE', #4226, #2171, #4782 ) ;
#3395 = DIRECTION ( 'NONE',  ( -0.000000000000000000, -0.000000000000000000, 1.000000000000000000 ) ) ;
#3396 = CARTESIAN_POINT ( 'NONE',  ( -1.099999999999998535, 2.000000000000000000, -2.000000000000000000 ) ) ;
#3397 = VECTOR ( 'NONE', #4720, 1000.000000000000000 ) ;
#3398 = ORIENTED_EDGE ( 'NONE', *, *, #332, .F. ) ;
#3399 = VERTEX_POINT ( 'NONE', #2672 ) ;
#3400 = PLANE ( 'NONE',  #5501 ) ;
#3401 = LINE ( 'NONE', #6170, #4272 ) ;
#3402 = PLANE ( 'NONE',  #5332 ) ;
#3403 = MECHANICAL_DESIGN_GEOMETRIC_PRESENTATION_REPRESENTATION (  '', ( #2051 ), #4414 ) ;
#3404 = DIRECTION ( 'NONE',  ( 1.000000000000000000, 0.000000000000000000, 0.000000000000000000 ) ) ;
#3405 = CARTESIAN_POINT ( 'NONE',  ( -4.000000000000000000, 3.899999999999999911, 1.250000000000000666 ) ) ;
#3406 = EDGE_LOOP ( 'NONE', ( #1119, #4442, #3673, #1729 ) ) ;
#3407 = ORIENTED_EDGE ( 'NONE', *, *, #6055, .F. ) ;
#3408 = DIRECTION ( 'NONE',  ( 1.000000000000000000, 0.000000000000000000, -0.000000000000000000 ) ) ;
#3409 = LINE ( 'NONE', #6346, #5312 ) ;
#3410 = CARTESIAN_POINT ( 'NONE',  ( 2.600000000000004530, -0.05000000000000000278, -2.600000000000000533 ) ) ;
#3411 = VERTEX_POINT ( 'NONE', #1116 ) ;
#3412 = EDGE_LOOP ( 'NONE', ( #5039, #3162, #2166, #852, #2036, #1701 ) ) ;
#3413 = EDGE_CURVE ( 'NONE', #3814, #5015, #3089, .T. ) ;
#3414 = EDGE_CURVE ( 'NONE', #3925, #4437, #49, .T. ) ;
#3415 = AXIS2_PLACEMENT_3D ( 'NONE', #4558, #3451, #6550 ) ;
#3416 = DIRECTION ( 'NONE',  ( 0.000000000000000000, -1.000000000000000000, 0.000000000000000000 ) ) ;
#3417 = LINE ( 'NONE', #3509, #546 ) ;
#3418 = CARTESIAN_POINT ( 'NONE',  ( -1.399999999999998801, -0.05000000000000000278, 2.600000000000000533 ) ) ;
#3419 = EDGE_LOOP ( 'NONE', ( #1430, #751, #3840, #6609, #1498, #2070 ) ) ;
#3420 = ORIENTED_EDGE ( 'NONE', *, *, #2747, .T. ) ;
#3421 = EDGE_CURVE ( 'NONE', #2548, #2521, #5705, .T. ) ;
#3422 = VECTOR ( 'NONE', #6549, 1000.000000000000000 ) ;
#3423 = ORIENTED_EDGE ( 'NONE', *, *, #4606, .T. ) ;
#3424 = ADVANCED_FACE ( 'NONE', ( #4173 ), #2692, .F. ) ;
#3425 = FACE_OUTER_BOUND ( 'NONE', #4398, .T. ) ;
#3426 = VERTEX_POINT ( 'NONE', #4103 ) ;
#3427 = CARTESIAN_POINT ( 'NONE',  ( -2.099999999999999201, 0.2000000000000000944, -2.000000000000000000 ) ) ;
#3428 = CARTESIAN_POINT ( 'NONE',  ( -0.5999999999999976463, -0.05000000000000000278, -1.400000000000000577 ) ) ;
#3429 = CARTESIAN_POINT ( 'NONE',  ( 0.000000000000000000, 0.2000000000000000111, 0.000000000000000000 ) ) ;
#3430 = VECTOR ( 'NONE', #474, 1000.000000000000000 ) ;
#3431 = FACE_OUTER_BOUND ( 'NONE', #1424, .T. ) ;
#3432 = PLANE ( 'NONE',  #3175 ) ;
#3433 = EDGE_CURVE ( 'NONE', #3026, #3624, #3239, .T. ) ;
#3434 = VECTOR ( 'NONE', #3963, 1000.000000000000000 ) ;
#3435 = CARTESIAN_POINT ( 'NONE',  ( 0.000000000000000000, -0.05000000000000000278, 0.000000000000000000 ) ) ;
#3436 = VECTOR ( 'NONE', #1832, 1000.000000000000000 ) ;
#3437 = DIRECTION ( 'NONE',  ( -1.000000000000000000, 0.000000000000000000, -0.000000000000000000 ) ) ;
#3438 = PLANE ( 'NONE',  #323 ) ;
#3439 = VECTOR ( 'NONE', #4004, 1000.000000000000000 ) ;
#3440 = ORIENTED_EDGE ( 'NONE', *, *, #6527, .T. ) ;
#3441 = VECTOR ( 'NONE', #1707, 1000.000000000000000 ) ;
#3442 = PLANE ( 'NONE',  #1744 ) ;
#3443 = DIRECTION ( 'NONE',  ( -0.000000000000000000, 1.000000000000000000, -0.000000000000000000 ) ) ;
#3444 = FACE_OUTER_BOUND ( 'NONE', #2861, .T. ) ;
#3445 = ADVANCED_FACE ( 'NONE', ( #1474 ), #655, .F. ) ;
#3446 = DIRECTION ( 'NONE',  ( 0.000000000000000000, 0.000000000000000000, 1.000000000000000000 ) ) ;
#3447 = ORIENTED_EDGE ( 'NONE', *, *, #2614, .F. ) ;
#3448 = LINE ( 'NONE', #5634, #338 ) ;
#3449 = ORIENTED_EDGE ( 'NONE', *, *, #1331, .T. ) ;
#3450 = EDGE_CURVE ( 'NONE', #5352, #2857, #5537, .T. ) ;
#3451 = DIRECTION ( 'NONE',  ( -2.168404344971009115E-16, 0.000000000000000000, -1.000000000000000000 ) ) ;
#3452 = EDGE_CURVE ( 'NONE', #4409, #4336, #354, .T. ) ;
#3453 = AXIS2_PLACEMENT_3D ( 'NONE', #4617, #1575, #2096 ) ;
#3454 = DIRECTION ( 'NONE',  ( -0.000000000000000000, 1.000000000000000000, -0.000000000000000000 ) ) ;
#3455 = VECTOR ( 'NONE', #2091, 1000.000000000000000 ) ;
#3456 = PLANE ( 'NONE',  #4257 ) ;
#3457 = ORIENTED_EDGE ( 'NONE', *, *, #2311, .F. ) ;
#3458 =( NAMED_UNIT ( * ) PLANE_ANGLE_UNIT ( ) SI_UNIT ( $, .RADIAN. ) );
#3459 = DIRECTION ( 'NONE',  ( 0.000000000000000000, -0.000000000000000000, -1.000000000000000000 ) ) ;
#3460 = CARTESIAN_POINT ( 'NONE',  ( 2.100000000000004086, 0.000000000000000000, 0.000000000000000000 ) ) ;
#3461 = ADVANCED_FACE ( 'NONE', ( #2999 ), #2437, .T. ) ;
#3462 = ORIENTED_EDGE ( 'NONE', *, *, #591, .T. ) ;
#3463 = ORIENTED_EDGE ( 'NONE', *, *, #4358, .T. ) ;
#3464 = EDGE_CURVE ( 'NONE', #5362, #5130, #521, .T. ) ;
#3465 = LINE ( 'NONE', #5613, #3849 ) ;
#3466 = DIRECTION ( 'NONE',  ( -0.000000000000000000, 1.000000000000000000, -0.000000000000000000 ) ) ;
#3467 = AXIS2_PLACEMENT_3D ( 'NONE', #1264, #2804, #221 ) ;
#3468 = DIRECTION ( 'NONE',  ( -0.000000000000000000, -0.000000000000000000, 1.000000000000000000 ) ) ;
#3469 = ORIENTED_EDGE ( 'NONE', *, *, #2650, .T. ) ;
#3470 = DIRECTION ( 'NONE',  ( 1.000000000000000000, 0.000000000000000000, 0.000000000000000000 ) ) ;
#3471 = LINE ( 'NONE', #5504, #2674 ) ;
#3472 = ORIENTED_EDGE ( 'NONE', *, *, #166, .T. ) ;
#3473 = ORIENTED_EDGE ( 'NONE', *, *, #4637, .T. ) ;
#3474 = CARTESIAN_POINT ( 'NONE',  ( -3.100000000000000089, -0.05000000000000000278, 1.400000000000000577 ) ) ;
#3475 = ORIENTED_EDGE ( 'NONE', *, *, #262, .F. ) ;
#3476 = DIRECTION ( 'NONE',  ( -0.5773502691896224004, 0.5773502691896323924, -0.5773502691896224004 ) ) ;
#3477 = LINE ( 'NONE', #2885, #2132 ) ;
#3478 = ORIENTED_EDGE ( 'NONE', *, *, #2799, .F. ) ;
#3479 = ORIENTED_EDGE ( 'NONE', *, *, #1230, .T. ) ;
#3480 = DIRECTION ( 'NONE',  ( 0.000000000000000000, 1.000000000000000000, 0.000000000000000000 ) ) ;
#3481 = CARTESIAN_POINT ( 'NONE',  ( -5.099999999999998757, 0.2000000000000000944, 2.000000000000000000 ) ) ;
#3482 = DIRECTION ( 'NONE',  ( 0.000000000000000000, 0.000000000000000000, -1.000000000000000000 ) ) ;
#3483 = DIRECTION ( 'NONE',  ( -0.000000000000000000, -0.000000000000000000, 1.000000000000000000 ) ) ;
#3484 = CARTESIAN_POINT ( 'NONE',  ( 0.1000000000000024342, -0.05000000000000000278, -1.400000000000000577 ) ) ;
#3485 = ADVANCED_FACE ( 'NONE', ( #596 ), #5942, .F. ) ;
#3486 = ORIENTED_EDGE ( 'NONE', *, *, #6188, .F. ) ;
#3487 = AXIS2_PLACEMENT_3D ( 'NONE', #2151, #5168, #1613 ) ;
#3488 = ORIENTED_EDGE ( 'NONE', *, *, #6389, .T. ) ;
#3489 = DIRECTION ( 'NONE',  ( -0.000000000000000000, 1.000000000000000000, -0.000000000000000000 ) ) ;
#3490 = DIRECTION ( 'NONE',  ( -0.000000000000000000, -0.000000000000000000, -1.000000000000000000 ) ) ;
#3491 = VECTOR ( 'NONE', #5863, 1000.000000000000000 ) ;
#3492 = CARTESIAN_POINT ( 'NONE',  ( 1.400000000000004130, -0.05000000000000000278, 1.400000000000000577 ) ) ;
#3493 = EDGE_LOOP ( 'NONE', ( #5372, #3333, #951, #2793, #3462, #5299 ) ) ;
#3494 = ORIENTED_EDGE ( 'NONE', *, *, #5496, .T. ) ;
#3495 = ADVANCED_FACE ( 'NONE', ( #5858 ), #1428, .F. ) ;
#3496 = DIRECTION ( 'NONE',  ( 0.000000000000000000, 0.000000000000000000, -1.000000000000000000 ) ) ;
#3497 = FACE_OUTER_BOUND ( 'NONE', #3786, .T. ) ;
#3499 = ORIENTED_EDGE ( 'NONE', *, *, #487, .T. ) ;
#3498 = CARTESIAN_POINT ( 'NONE',  ( -1.899999999999999245, -0.05000000000000000278, -1.400000000000000577 ) ) ;
#3500 = ORIENTED_EDGE ( 'NONE', *, *, #4885, .F. ) ;
#3501 = DIRECTION ( 'NONE',  ( -0.000000000000000000, 1.000000000000000000, -0.000000000000000000 ) ) ;
#3502 = VECTOR ( 'NONE', #3646, 1000.000000000000000 ) ;
#3503 = EDGE_CURVE ( 'NONE', #2636, #3243, #3471, .T. ) ;
#3504 = ORIENTED_EDGE ( 'NONE', *, *, #4393, .F. ) ;
#3505 = EDGE_CURVE ( 'NONE', #1850, #737, #1790, .T. ) ;
#3506 = CARTESIAN_POINT ( 'NONE',  ( 2.600000000000004974, 2.000000000000000000, 2.000000000000000000 ) ) ;
#3507 = EDGE_LOOP ( 'NONE', ( #5121, #1016, #942, #2044 ) ) ;
#3508 = ORIENTED_EDGE ( 'NONE', *, *, #2486, .T. ) ;
#3509 = CARTESIAN_POINT ( 'NONE',  ( -4.000000000000000000, 3.799999999999998490, 1.250000000000000666 ) ) ;
#3510 = CARTESIAN_POINT ( 'NONE',  ( -1.099999999999998090, -0.05000000000000000278, 1.400000000000000577 ) ) ;
#3511 = DIRECTION ( 'NONE',  ( -1.000000000000000000, 0.000000000000000000, 0.000000000000000000 ) ) ;
#3512 = ORIENTED_EDGE ( 'NONE', *, *, #4093, .T. ) ;
#3513 = ORIENTED_EDGE ( 'NONE', *, *, #6092, .F. ) ;
#3514 = FACE_OUTER_BOUND ( 'NONE', #5871, .T. ) ;
#3515 = CARTESIAN_POINT ( 'NONE',  ( 0.6000000000000028644, -0.05000000000000000278, 1.400000000000000577 ) ) ;
#3516 = ORIENTED_EDGE ( 'NONE', *, *, #4171, .F. ) ;
#3517 = EDGE_CURVE ( 'NONE', #4142, #4863, #1086, .T. ) ;
#3518 = CARTESIAN_POINT ( 'NONE',  ( -3.100000000000000089, 2.000000000000000000, 2.000000000000000000 ) ) ;
#3519 = DIRECTION ( 'NONE',  ( -0.000000000000000000, 0.000000000000000000, 1.000000000000000000 ) ) ;
#3520 = LINE ( 'NONE', #6071, #1441 ) ;
#3521 = VECTOR ( 'NONE', #2814, 1000.000000000000000 ) ;
#3522 = DIRECTION ( 'NONE',  ( 1.000000000000000000, 0.000000000000000000, -0.000000000000000000 ) ) ;
#3523 = ADVANCED_FACE ( 'NONE', ( #4810 ), #2920, .F. ) ;
#3524 = DIRECTION ( 'NONE',  ( 0.000000000000000000, -1.000000000000000000, 0.000000000000000000 ) ) ;
#3525 = CARTESIAN_POINT ( 'NONE',  ( 3.400000000000005684, -0.05000000000000000278, 1.400000000000000577 ) ) ;
#3526 = LINE ( 'NONE', #5754, #4308 ) ;
#3527 = VECTOR ( 'NONE', #1578, 1000.000000000000000 ) ;
#3528 = CARTESIAN_POINT ( 'NONE',  ( -2.099999999999999201, 0.2000000000000000111, 2.600000000000000533 ) ) ;
#3529 = EDGE_CURVE ( 'NONE', #78, #5692, #1558, .T. ) ;
#3530 =( NAMED_UNIT ( * ) SI_UNIT ( $, .STERADIAN. ) SOLID_ANGLE_UNIT ( ) );
#3531 = CARTESIAN_POINT ( 'NONE',  ( 0.9000000000000032419, 2.000000000000000000, 2.000000000000000000 ) ) ;
#3532 = ADVANCED_FACE ( 'NONE', ( #6178 ), #2364, .F. ) ;
#3533 = LINE ( 'NONE', #5916, #2812 ) ;
#3534 = LINE ( 'NONE', #2554, #1763 ) ;
#3535 = ORIENTED_EDGE ( 'NONE', *, *, #2284, .T. ) ;
#3536 = VECTOR ( 'NONE', #6257, 1000.000000000000000 ) ;
#3537 = ADVANCED_BREP_SHAPE_REPRESENTATION ( 'lb230（公）', ( #2559, #6441 ), #3799 ) ;
#3538 = CARTESIAN_POINT ( 'NONE',  ( -5.100000000000000533, 0.2000000000000000944, -2.000000000000000000 ) ) ;
#3539 = VECTOR ( 'NONE', #1505, 1000.000000000000000 ) ;
#3540 = FACE_OUTER_BOUND ( 'NONE', #6559, .T. ) ;
#3541 = ORIENTED_EDGE ( 'NONE', *, *, #6461, .F. ) ;
#3542 = DIRECTION ( 'NONE',  ( -0.000000000000000000, 0.000000000000000000, -1.000000000000000000 ) ) ;
#3543 = VECTOR ( 'NONE', #2859, 1000.000000000000000 ) ;
#3544 = EDGE_CURVE ( 'NONE', #6169, #4409, #4013, .T. ) ;
#3545 = DIRECTION ( 'NONE',  ( -1.000000000000000000, 0.000000000000000000, -0.000000000000000000 ) ) ;
#3546 = EDGE_CURVE ( 'NONE', #378, #6252, #6495, .T. ) ;
#3547 = EDGE_LOOP ( 'NONE', ( #2054, #5460, #2223, #2732 ) ) ;
#3548 = CARTESIAN_POINT ( 'NONE',  ( 3.400000000000005684, 0.2000000000000000111, 1.400000000000000577 ) ) ;
#3549 = CARTESIAN_POINT ( 'NONE',  ( -0.3999999999999980238, -0.05000000000000000278, 2.600000000000000533 ) ) ;
#3550 = VECTOR ( 'NONE', #6194, 1000.000000000000000 ) ;
#3551 = DIRECTION ( 'NONE',  ( 0.000000000000000000, 0.000000000000000000, 1.000000000000000000 ) ) ;
#3552 = VERTEX_POINT ( 'NONE', #3410 ) ;
#3553 = VERTEX_POINT ( 'NONE', #1379 ) ;
#3554 = ORIENTED_EDGE ( 'NONE', *, *, #1714, .F. ) ;
#3555 = ADVANCED_FACE ( 'NONE', ( #1642 ), #3456, .F. ) ;
#3556 = EDGE_CURVE ( 'NONE', #2521, #6048, #2123, .T. ) ;
#3557 = FACE_OUTER_BOUND ( 'NONE', #1561, .T. ) ;
#3558 = CARTESIAN_POINT ( 'NONE',  ( -0.09999999999999722999, -0.05000000000000000278, -2.600000000000000533 ) ) ;
#3559 = ORIENTED_EDGE ( 'NONE', *, *, #2129, .T. ) ;
#3560 = VERTEX_POINT ( 'NONE', #4883 ) ;
#3561 = VERTEX_POINT ( 'NONE', #4541 ) ;
#3562 = ADVANCED_FACE ( 'NONE', ( #2438 ), #5449, .F. ) ;
#3563 = LINE ( 'NONE', #3858, #1723 ) ;
#3564 = DIRECTION ( 'NONE',  ( -0.000000000000000000, 1.000000000000000000, -0.000000000000000000 ) ) ;
#3565 = CARTESIAN_POINT ( 'NONE',  ( 0.6000000000000028644, -0.05000000000000000278, -1.400000000000000577 ) ) ;
#3566 = ORIENTED_EDGE ( 'NONE', *, *, #5844, .F. ) ;
#3567 = EDGE_LOOP ( 'NONE', ( #3508, #933, #1089, #1541, #4130, #6492 ) ) ;
#3568 = EDGE_CURVE ( 'NONE', #3553, #1599, #743, .T. ) ;
#3569 = CARTESIAN_POINT ( 'NONE',  ( 1.900000000000004574, -0.05000000000000000278, -1.400000000000000577 ) ) ;
#3570 = LINE ( 'NONE', #1521, #1329 ) ;
#3571 = DIRECTION ( 'NONE',  ( 1.000000000000000000, 0.000000000000000000, 0.000000000000000000 ) ) ;
#3572 = EDGE_LOOP ( 'NONE', ( #447, #3578, #4633, #860 ) ) ;
#3573 = DIRECTION ( 'NONE',  ( -0.000000000000000000, 1.000000000000000000, -0.000000000000000000 ) ) ;
#3574 = ORIENTED_EDGE ( 'NONE', *, *, #3749, .T. ) ;
#3575 = DIRECTION ( 'NONE',  ( -1.000000000000000000, -0.000000000000000000, -0.000000000000000000 ) ) ;
#3576 = VECTOR ( 'NONE', #3466, 1000.000000000000000 ) ;
#3577 = ORIENTED_EDGE ( 'NONE', *, *, #3380, .F. ) ;
#3578 = ORIENTED_EDGE ( 'NONE', *, *, #4780, .T. ) ;
#3579 = VECTOR ( 'NONE', #2348, 1000.000000000000000 ) ;
#3580 = ORIENTED_EDGE ( 'NONE', *, *, #671, .F. ) ;
#3581 = EDGE_CURVE ( 'NONE', #1257, #6414, #5370, .T. ) ;
#3582 = FACE_OUTER_BOUND ( 'NONE', #2919, .T. ) ;
#3583 = DIRECTION ( 'NONE',  ( -0.000000000000000000, -0.000000000000000000, -1.000000000000000000 ) ) ;
#3584 = CARTESIAN_POINT ( 'NONE',  ( 2.400000000000004796, -0.05000000000000000278, 2.600000000000000533 ) ) ;
#3585 = ORIENTED_EDGE ( 'NONE', *, *, #383, .T. ) ;
#3586 = LINE ( 'NONE', #5876, #1904 ) ;
#3587 = VERTEX_POINT ( 'NONE', #3950 ) ;
#3588 = DIRECTION ( 'NONE',  ( 1.000000000000000000, 0.000000000000000000, 0.000000000000000000 ) ) ;
#3589 = DIRECTION ( 'NONE',  ( 0.000000000000000000, -1.000000000000000000, 0.000000000000000000 ) ) ;
#3590 = EDGE_CURVE ( 'NONE', #1795, #706, #6011, .T. ) ;
#3591 = CARTESIAN_POINT ( 'NONE',  ( 0.000000000000000000, 0.000000000000000000, -1.400000000000000577 ) ) ;
#3592 = ADVANCED_FACE ( 'NONE', ( #2907 ), #2038, .F. ) ;
#3593 = VECTOR ( 'NONE', #1971, 1000.000000000000000 ) ;
#3594 = ORIENTED_EDGE ( 'NONE', *, *, #6313, .F. ) ;
#3595 = LINE ( 'NONE', #4334, #5180 ) ;
#3596 = CARTESIAN_POINT ( 'NONE',  ( 0.000000000000000000, -0.05000000000000000278, 0.000000000000000000 ) ) ;
#3597 = CARTESIAN_POINT ( 'NONE',  ( 4.000000000000000000, 3.799999999999998490, -0.6500000000000000222 ) ) ;
#3598 = LINE ( 'NONE', #5666, #5829 ) ;
#3599 = LINE ( 'NONE', #6228, #6232 ) ;
#3600 = CARTESIAN_POINT ( 'NONE',  ( 2.400000000000004352, 2.000000000000000000, 2.000000000000000000 ) ) ;
#3601 = CARTESIAN_POINT ( 'NONE',  ( -0.3999999999999980238, -0.05000000000000000278, 1.400000000000000577 ) ) ;
#3602 = ORIENTED_EDGE ( 'NONE', *, *, #5319, .T. ) ;
#3603 = VECTOR ( 'NONE', #6236, 1000.000000000000000 ) ;
#3604 = CARTESIAN_POINT ( 'NONE',  ( 1.100000000000003419, -0.05000000000000000278, -2.600000000000000533 ) ) ;
#3605 = CARTESIAN_POINT ( 'NONE',  ( 0.000000000000000000, 0.000000000000000000, 1.400000000000000577 ) ) ;
#3606 = VECTOR ( 'NONE', #2665, 1000.000000000000000 ) ;
#3607 = CARTESIAN_POINT ( 'NONE',  ( -2.599999999999999645, -0.05000000000000000278, 1.400000000000000577 ) ) ;
#3608 = LINE ( 'NONE', #1408, #6159 ) ;
#3609 = VERTEX_POINT ( 'NONE', #1030 ) ;
#3610 = EDGE_CURVE ( 'NONE', #3004, #5645, #3309, .T. ) ;
#3611 = FACE_OUTER_BOUND ( 'NONE', #5457, .T. ) ;
#3612 = PLANE ( 'NONE',  #2475 ) ;
#3613 = ORIENTED_EDGE ( 'NONE', *, *, #4468, .F. ) ;
#3614 = CARTESIAN_POINT ( 'NONE',  ( -1.599999999999998535, -0.05000000000000000278, -1.400000000000000577 ) ) ;
#3615 = LINE ( 'NONE', #1552, #3370 ) ;
#3616 = ORIENTED_EDGE ( 'NONE', *, *, #754, .F. ) ;
#3617 = DIRECTION ( 'NONE',  ( 1.000000000000000000, 0.000000000000000000, -0.000000000000000000 ) ) ;
#3618 = ORIENTED_EDGE ( 'NONE', *, *, #5920, .T. ) ;
#3619 = PLANE ( 'NONE',  #2723 ) ;
#3620 = CARTESIAN_POINT ( 'NONE',  ( 1.100000000000003419, -0.05000000000000000278, 1.400000000000000577 ) ) ;
#3621 = LINE ( 'NONE', #2270, #2041 ) ;
#3622 = ORIENTED_EDGE ( 'NONE', *, *, #2768, .F. ) ;
#3623 = CARTESIAN_POINT ( 'NONE',  ( 0.000000000000000000, 0.000000000000000000, 1.400000000000000577 ) ) ;
#3624 = VERTEX_POINT ( 'NONE', #1967 ) ;
#3625 = CARTESIAN_POINT ( 'NONE',  ( -0.09999999999999722999, -0.05000000000000000278, 1.400000000000000577 ) ) ;
#3626 = ORIENTED_EDGE ( 'NONE', *, *, #2431, .F. ) ;
#3627 = EDGE_CURVE ( 'NONE', #5476, #660, #3930, .T. ) ;
#3628 = DIRECTION ( 'NONE',  ( 1.000000000000000000, 0.000000000000000000, 0.000000000000000000 ) ) ;
#3629 = VECTOR ( 'NONE', #2183, 1000.000000000000000 ) ;
#3630 = EDGE_CURVE ( 'NONE', #2269, #6616, #273, .T. ) ;
#3631 = ORIENTED_EDGE ( 'NONE', *, *, #183, .T. ) ;
#3632 = AXIS2_PLACEMENT_3D ( 'NONE', #3596, #5578, #3055 ) ;
#3633 = DIRECTION ( 'NONE',  ( -1.000000000000000000, 0.000000000000000000, -0.000000000000000000 ) ) ;
#3634 = ORIENTED_EDGE ( 'NONE', *, *, #2156, .F. ) ;
#3635 = VERTEX_POINT ( 'NONE', #2483 ) ;
#3636 = ORIENTED_EDGE ( 'NONE', *, *, #2099, .T. ) ;
#3637 = CARTESIAN_POINT ( 'NONE',  ( -2.900000000000000355, 0.2000000000000000111, -1.400000000000000577 ) ) ;
#3638 = DIRECTION ( 'NONE',  ( -1.000000000000000000, -0.000000000000000000, -0.000000000000000000 ) ) ;
#3639 = CARTESIAN_POINT ( 'NONE',  ( 5.099999999999998757, 2.000000000000000000, 2.000000000000000000 ) ) ;
#3640 = FACE_OUTER_BOUND ( 'NONE', #1188, .T. ) ;
#3641 = ORIENTED_EDGE ( 'NONE', *, *, #2025, .F. ) ;
#3642 = EDGE_LOOP ( 'NONE', ( #1326, #584, #4097, #5757 ) ) ;
#3643 = EDGE_CURVE ( 'NONE', #709, #5471, #4258, .T. ) ;
#3644 = CARTESIAN_POINT ( 'NONE',  ( 1.400000000000004130, -0.05000000000000000278, 1.400000000000000577 ) ) ;
#3645 = LINE ( 'NONE', #4110, #143 ) ;
#3646 = DIRECTION ( 'NONE',  ( -0.000000000000000000, 1.000000000000000000, -0.000000000000000000 ) ) ;
#3647 = CARTESIAN_POINT ( 'NONE',  ( 0.4000000000000032419, -0.05000000000000000278, 2.600000000000000533 ) ) ;
#3648 = ORIENTED_EDGE ( 'NONE', *, *, #3087, .F. ) ;
#3649 = VERTEX_POINT ( 'NONE', #3549 ) ;
#3650 = CARTESIAN_POINT ( 'NONE',  ( -0.09999999999999722999, -0.05000000000000000278, -1.400000000000000577 ) ) ;
#3651 = CARTESIAN_POINT ( 'NONE',  ( -5.100000000000000533, 2.000000000000000000, -2.000000000000000000 ) ) ;
#3652 = LINE ( 'NONE', #5345, #3491 ) ;
#3653 = VERTEX_POINT ( 'NONE', #4085 ) ;
#3654 = EDGE_CURVE ( 'NONE', #3552, #176, #4493, .T. ) ;
#3655 = ORIENTED_EDGE ( 'NONE', *, *, #3328, .T. ) ;
#3656 = CARTESIAN_POINT ( 'NONE',  ( -0.5999999999999976463, 0.2000000000000000111, 2.600000000000000533 ) ) ;
#3657 = CARTESIAN_POINT ( 'NONE',  ( 0.000000000000000000, 3.899999999999999911, 0.000000000000000000 ) ) ;
#3658 = LINE ( 'NONE', #3188, #6354 ) ;
#3659 = DIRECTION ( 'NONE',  ( -1.000000000000000000, 0.000000000000000000, 0.000000000000000000 ) ) ;
#3660 = EDGE_LOOP ( 'NONE', ( #3721, #5530, #4882, #1235 ) ) ;
#3661 = CARTESIAN_POINT ( 'NONE',  ( -3.100000000000000089, -0.05000000000000000278, 2.600000000000000533 ) ) ;
#3662 = DIRECTION ( 'NONE',  ( 0.000000000000000000, 0.000000000000000000, -1.000000000000000000 ) ) ;
#3663 = AXIS2_PLACEMENT_3D ( 'NONE', #5527, #1497, #5505 ) ;
#3664 = VECTOR ( 'NONE', #2457, 1000.000000000000000 ) ;
#3665 = ORIENTED_EDGE ( 'NONE', *, *, #286, .T. ) ;
#3666 = VERTEX_POINT ( 'NONE', #3528 ) ;
#3667 = DIRECTION ( 'NONE',  ( 0.000000000000000000, -0.000000000000000000, 1.000000000000000000 ) ) ;
#3668 = ORIENTED_EDGE ( 'NONE', *, *, #2303, .T. ) ;
#3669 = EDGE_CURVE ( 'NONE', #577, #6045, #3305, .T. ) ;
#3670 = CARTESIAN_POINT ( 'NONE',  ( -4.000000000000000000, 2.000000000000000000, -1.249999999999999778 ) ) ;
#3671 = LINE ( 'NONE', #6435, #2639 ) ;
#3672 = EDGE_CURVE ( 'NONE', #562, #6414, #3465, .T. ) ;
#3673 = ORIENTED_EDGE ( 'NONE', *, *, #132, .F. ) ;
#3674 = AXIS2_PLACEMENT_3D ( 'NONE', #907, #884, #4981 ) ;
#3675 = FACE_OUTER_BOUND ( 'NONE', #5834, .T. ) ;
#3676 = PLANE ( 'NONE',  #1782 ) ;
#3677 = ORIENTED_EDGE ( 'NONE', *, *, #1492, .F. ) ;
#3678 = DIRECTION ( 'NONE',  ( 0.000000000000000000, 0.000000000000000000, -1.000000000000000000 ) ) ;
#3679 = CARTESIAN_POINT ( 'NONE',  ( -1.399999999999998801, 0.2000000000000000111, -2.600000000000000533 ) ) ;
#3680 = VECTOR ( 'NONE', #4484, 1000.000000000000000 ) ;
#3681 = VECTOR ( 'NONE', #842, 1000.000000000000000 ) ;
#3682 = PLANE ( 'NONE',  #5024 ) ;
#3683 = EDGE_CURVE ( 'NONE', #5124, #5771, #588, .T. ) ;
#3684 = DIRECTION ( 'NONE',  ( 1.000000000000000000, 0.000000000000000000, 0.000000000000000000 ) ) ;
#3685 = CARTESIAN_POINT ( 'NONE',  ( -2.599999999999999645, -0.05000000000000000278, -1.400000000000000577 ) ) ;
#3686 = VECTOR ( 'NONE', #222, 1000.000000000000000 ) ;
#3687 = VERTEX_POINT ( 'NONE', #4584 ) ;
#3688 = LINE ( 'NONE', #3168, #2326 ) ;
#3689 = VECTOR ( 'NONE', #3160, 1000.000000000000000 ) ;
#3690 = VECTOR ( 'NONE', #6041, 1000.000000000000000 ) ;
#3691 = VERTEX_POINT ( 'NONE', #5549 ) ;
#3692 = LINE ( 'NONE', #959, #2332 ) ;
#3693 = ADVANCED_FACE ( 'NONE', ( #346 ), #3023, .F. ) ;
#3694 = EDGE_CURVE ( 'NONE', #4073, #3553, #6324, .T. ) ;
#3695 = PLANE ( 'NONE',  #4137 ) ;
#3696 = LINE ( 'NONE', #3385, #1465 ) ;
#3697 = CARTESIAN_POINT ( 'NONE',  ( -2.099999999999999201, 0.2000000000000000111, 1.400000000000000577 ) ) ;
#3698 = ORIENTED_EDGE ( 'NONE', *, *, #4046, .F. ) ;
#3699 = PLANE ( 'NONE',  #3710 ) ;
#3700 = CARTESIAN_POINT ( 'NONE',  ( -5.099999999999998757, 0.2000000000000000944, 2.000000000000000000 ) ) ;
#3701 = LINE ( 'NONE', #2906, #810 ) ;
#3702 = DIRECTION ( 'NONE',  ( 0.000000000000000000, -0.000000000000000000, -1.000000000000000000 ) ) ;
#3703 = CARTESIAN_POINT ( 'NONE',  ( -0.09999999999999722999, -0.05000000000000000278, 2.600000000000000533 ) ) ;
#3704 = EDGE_LOOP ( 'NONE', ( #1881, #1165, #1899, #243, #4264, #207 ) ) ;
#3705 = PLANE ( 'NONE',  #2697 ) ;
#3706 = LINE ( 'NONE', #6124, #193 ) ;
#3707 = VERTEX_POINT ( 'NONE', #980 ) ;
#3708 = EDGE_CURVE ( 'NONE', #1137, #6061, #1946, .T. ) ;
#3709 = ORIENTED_EDGE ( 'NONE', *, *, #1812, .F. ) ;
#3710 = AXIS2_PLACEMENT_3D ( 'NONE', #4605, #3133, #6238 ) ;
#3711 = ORIENTED_EDGE ( 'NONE', *, *, #4300, .F. ) ;
#3712 = LINE ( 'NONE', #2452, #6503 ) ;
#3713 = CARTESIAN_POINT ( 'NONE',  ( -1.399999999999998801, -0.05000000000000000278, 1.400000000000000577 ) ) ;
#3714 = DIRECTION ( 'NONE',  ( 0.000000000000000000, 0.000000000000000000, -1.000000000000000000 ) ) ;
#3715 = VERTEX_POINT ( 'NONE', #1588 ) ;
#3716 = VERTEX_POINT ( 'NONE', #1471 ) ;
#3717 = CARTESIAN_POINT ( 'NONE',  ( -0.5999999999999976463, -0.05000000000000000278, -1.400000000000000577 ) ) ;
#3718 = EDGE_CURVE ( 'NONE', #6604, #3026, #5051, .T. ) ;
#3719 = DIRECTION ( 'NONE',  ( -1.000000000000000000, 0.000000000000000000, 0.000000000000000000 ) ) ;
#3720 = LINE ( 'NONE', #2736, #831 ) ;
#3721 = ORIENTED_EDGE ( 'NONE', *, *, #6493, .T. ) ;
#3722 = DIRECTION ( 'NONE',  ( 0.000000000000000000, -0.000000000000000000, 1.000000000000000000 ) ) ;
#3723 = ORIENTED_EDGE ( 'NONE', *, *, #5285, .F. ) ;
#3724 = ADVANCED_FACE ( 'NONE', ( #2346 ), #3699, .F. ) ;
#3725 = DIRECTION ( 'NONE',  ( 0.000000000000000000, 0.000000000000000000, -1.000000000000000000 ) ) ;
#3726 = CARTESIAN_POINT ( 'NONE',  ( 3.600000000000005418, -0.05000000000000000278, -1.400000000000000577 ) ) ;
#3727 = EDGE_CURVE ( 'NONE', #6552, #5124, #1553, .T. ) ;
#3728 = ORIENTED_EDGE ( 'NONE', *, *, #6409, .T. ) ;
#3729 = ORIENTED_EDGE ( 'NONE', *, *, #1078, .T. ) ;
#3730 = LINE ( 'NONE', #2217, #4995 ) ;
#3731 = ORIENTED_EDGE ( 'NONE', *, *, #3286, .T. ) ;
#3732 = EDGE_LOOP ( 'NONE', ( #2688, #1106, #1712, #5889 ) ) ;
#3733 = PLANE ( 'NONE',  #4816 ) ;
#3734 = LINE ( 'NONE', #2902, #2225 ) ;
#3735 = AXIS2_PLACEMENT_3D ( 'NONE', #2762, #1204, #1716 ) ;
#3736 = DIRECTION ( 'NONE',  ( 1.000000000000000000, 0.000000000000000000, -0.000000000000000000 ) ) ;
#3737 = ORIENTED_EDGE ( 'NONE', *, *, #927, .F. ) ;
#3738 = ORIENTED_EDGE ( 'NONE', *, *, #2507, .F. ) ;
#3739 = DIRECTION ( 'NONE',  ( -0.000000000000000000, 1.000000000000000000, -0.000000000000000000 ) ) ;
#3740 = DIRECTION ( 'NONE',  ( 0.000000000000000000, -1.000000000000000000, 0.000000000000000000 ) ) ;
#3741 = FACE_OUTER_BOUND ( 'NONE', #5744, .T. ) ;
#3742 = ORIENTED_EDGE ( 'NONE', *, *, #3421, .F. ) ;
#3743 = VECTOR ( 'NONE', #807, 1000.000000000000000 ) ;
#3744 = ORIENTED_EDGE ( 'NONE', *, *, #6198, .F. ) ;
#3745 = CARTESIAN_POINT ( 'NONE',  ( 2.600000000000004530, -0.05000000000000000278, -1.400000000000000577 ) ) ;
#3746 = LINE ( 'NONE', #1547, #4619 ) ;
#3747 = VECTOR ( 'NONE', #1290, 1000.000000000000000 ) ;
#3748 = EDGE_CURVE ( 'NONE', #5080, #3649, #4734, .T. ) ;
#3749 = EDGE_CURVE ( 'NONE', #2780, #4250, #5127, .T. ) ;
#3750 = AXIS2_PLACEMENT_3D ( 'NONE', #1560, #1586, #5114 ) ;
#3751 = LINE ( 'NONE', #198, #5190 ) ;
#3752 = FACE_OUTER_BOUND ( 'NONE', #1113, .T. ) ;
#3753 = PLANE ( 'NONE',  #3998 ) ;
#3754 = EDGE_LOOP ( 'NONE', ( #4237, #5438, #5492, #134 ) ) ;
#3755 = VECTOR ( 'NONE', #6279, 1000.000000000000000 ) ;
#3756 = CARTESIAN_POINT ( 'NONE',  ( 3.400000000000005684, -0.05000000000000000278, -1.400000000000000577 ) ) ;
#3757 = EDGE_CURVE ( 'NONE', #5771, #78, #816, .T. ) ;
#3758 = DIRECTION ( 'NONE',  ( 1.000000000000000000, 0.000000000000000000, 0.000000000000000000 ) ) ;
#3759 = CARTESIAN_POINT ( 'NONE',  ( -3.600000000000000533, -0.05000000000000000278, 1.400000000000000577 ) ) ;
#3760 = DIRECTION ( 'NONE',  ( -0.000000000000000000, 1.000000000000000000, -0.000000000000000000 ) ) ;
#3761 = LINE ( 'NONE', #1130, #6310 ) ;
#3762 = VECTOR ( 'NONE', #3932, 1000.000000000000000 ) ;
#3763 = ORIENTED_EDGE ( 'NONE', *, *, #4350, .F. ) ;
#3764 = ORIENTED_EDGE ( 'NONE', *, *, #849, .F. ) ;
#3765 = DIRECTION ( 'NONE',  ( -0.000000000000000000, 0.000000000000000000, 1.000000000000000000 ) ) ;
#3766 = LINE ( 'NONE', #4328, #188 ) ;
#3767 = VERTEX_POINT ( 'NONE', #5710 ) ;
#3768 = EDGE_CURVE ( 'NONE', #777, #5862, #991, .T. ) ;
#3769 = DIRECTION ( 'NONE',  ( -0.000000000000000000, 1.000000000000000000, -0.000000000000000000 ) ) ;
#3770 = DIRECTION ( 'NONE',  ( 0.000000000000000000, -1.000000000000000000, 0.000000000000000000 ) ) ;
#3771 = ORIENTED_EDGE ( 'NONE', *, *, #6133, .F. ) ;
#3772 = DIRECTION ( 'NONE',  ( -0.000000000000000000, 0.000000000000000000, 1.000000000000000000 ) ) ;
#3773 = VECTOR ( 'NONE', #6168, 1000.000000000000000 ) ;
#3774 = ORIENTED_EDGE ( 'NONE', *, *, #6271, .F. ) ;
#3775 = ORIENTED_EDGE ( 'NONE', *, *, #5887, .F. ) ;
#3776 = ORIENTED_EDGE ( 'NONE', *, *, #3718, .T. ) ;
#3777 = PLANE ( 'NONE',  #6570 ) ;
#3778 = CARTESIAN_POINT ( 'NONE',  ( 0.000000000000000000, 0.000000000000000000, -1.400000000000000577 ) ) ;
#3779 = ADVANCED_FACE ( 'NONE', ( #6255 ), #1144, .F. ) ;
#3780 = VECTOR ( 'NONE', #3589, 1000.000000000000000 ) ;
#3781 = DIRECTION ( 'NONE',  ( 0.000000000000000000, 0.000000000000000000, -1.000000000000000000 ) ) ;
#3782 = ORIENTED_EDGE ( 'NONE', *, *, #412, .F. ) ;
#3783 = DIRECTION ( 'NONE',  ( 0.000000000000000000, -1.000000000000000000, 0.000000000000000000 ) ) ;
#3784 = ORIENTED_EDGE ( 'NONE', *, *, #563, .F. ) ;
#3785 = ORIENTED_EDGE ( 'NONE', *, *, #3788, .F. ) ;
#3786 = EDGE_LOOP ( 'NONE', ( #5903, #3171, #950, #4277 ) ) ;
#3787 = PLANE ( 'NONE',  #5909 ) ;
#3788 = EDGE_CURVE ( 'NONE', #6407, #6269, #4878, .T. ) ;
#3789 = LINE ( 'NONE', #2476, #2830 ) ;
#3790 = EDGE_CURVE ( 'NONE', #5088, #2240, #6171, .T. ) ;
#3791 = AXIS2_PLACEMENT_3D ( 'NONE', #3647, #2607, #6157 ) ;
#3792 = VERTEX_POINT ( 'NONE', #3111 ) ;
#3793 = ORIENTED_EDGE ( 'NONE', *, *, #141, .T. ) ;
#3794 = CARTESIAN_POINT ( 'NONE',  ( -0.8999999999999980238, 0.000000000000000000, -2.000000000000000000 ) ) ;
#3795 = DIRECTION ( 'NONE',  ( 1.000000000000000000, 0.000000000000000000, 0.000000000000000000 ) ) ;
#3796 = ORIENTED_EDGE ( 'NONE', *, *, #370, .F. ) ;
#3797 = ORIENTED_EDGE ( 'NONE', *, *, #1234, .F. ) ;
#3798 = EDGE_CURVE ( 'NONE', #691, #4537, #2429, .T. ) ;
#3799 =( GEOMETRIC_REPRESENTATION_CONTEXT ( 3 ) GLOBAL_UNCERTAINTY_ASSIGNED_CONTEXT ( ( #4294 ) ) GLOBAL_UNIT_ASSIGNED_CONTEXT ( ( #2454, #1931, #2428 ) ) REPRESENTATION_CONTEXT ( 'NONE', 'WORKASPACE' ) );
#3800 = VECTOR ( 'NONE', #6287, 1000.000000000000000 ) ;
#3801 = PLANE ( 'NONE',  #506 ) ;
#3802 = CARTESIAN_POINT ( 'NONE',  ( -3.100000000000000977, -0.05000000000000000278, -1.400000000000000577 ) ) ;
#3803 = EDGE_LOOP ( 'NONE', ( #5766, #6316, #5447, #3488 ) ) ;
#3804 = ORIENTED_EDGE ( 'NONE', *, *, #791, .F. ) ;
#3805 = CARTESIAN_POINT ( 'NONE',  ( 3.600000000000005418, -0.05000000000000000278, -2.600000000000000533 ) ) ;
#3806 = DIRECTION ( 'NONE',  ( -0.000000000000000000, 0.000000000000000000, -1.000000000000000000 ) ) ;
#3807 = LINE ( 'NONE', #385, #5238 ) ;
#3808 = ORIENTED_EDGE ( 'NONE', *, *, #3100, .T. ) ;
#3809 = DIRECTION ( 'NONE',  ( 0.000000000000000000, 0.000000000000000000, 1.000000000000000000 ) ) ;
#3810 = VERTEX_POINT ( 'NONE', #5208 ) ;
#3811 = LINE ( 'NONE', #4060, #1117 ) ;
#3812 = DIRECTION ( 'NONE',  ( 0.000000000000000000, 0.7071067811865414665, 0.7071067811865536790 ) ) ;
#3813 = ORIENTED_EDGE ( 'NONE', *, *, #2025, .T. ) ;
#3814 = VERTEX_POINT ( 'NONE', #4698 ) ;
#3815 = ORIENTED_EDGE ( 'NONE', *, *, #4669, .F. ) ;
#3816 = AXIS2_PLACEMENT_3D ( 'NONE', #6022, #2048, #916 ) ;
#3817 = FACE_OUTER_BOUND ( 'NONE', #1094, .T. ) ;
#3818 = ADVANCED_FACE ( 'NONE', ( #4252 ), #2678, .F. ) ;
#3819 = LINE ( 'NONE', #2295, #4930 ) ;
#3820 = ORIENTED_EDGE ( 'NONE', *, *, #4578, .F. ) ;
#3821 = DIRECTION ( 'NONE',  ( 0.000000000000000000, 0.000000000000000000, -1.000000000000000000 ) ) ;
#3822 = VECTOR ( 'NONE', #1549, 1000.000000000000000 ) ;
#3823 = AXIS2_PLACEMENT_3D ( 'NONE', #903, #5427, #6008 ) ;
#3824 = LINE ( 'NONE', #2347, #788 ) ;
#3825 = CARTESIAN_POINT ( 'NONE',  ( -2.399999999999999911, 0.2000000000000000944, 2.000000000000000000 ) ) ;
#3826 = LINE ( 'NONE', #559, #2970 ) ;
#3827 = VECTOR ( 'NONE', #614, 1000.000000000000000 ) ;
#3828 = EDGE_CURVE ( 'NONE', #4660, #5007, #2900, .T. ) ;
#3829 = DIRECTION ( 'NONE',  ( 0.000000000000000000, 1.000000000000000000, 0.000000000000000000 ) ) ;
#3830 = EDGE_CURVE ( 'NONE', #5907, #6048, #2193, .T. ) ;
#3831 = AXIS2_PLACEMENT_3D ( 'NONE', #2503, #395, #3996 ) ;
#3832 = LINE ( 'NONE', #2236, #1456 ) ;
#3833 = ORIENTED_EDGE ( 'NONE', *, *, #5366, .T. ) ;
#3834 = LINE ( 'NONE', #1446, #2254 ) ;
#3835 = EDGE_CURVE ( 'NONE', #2773, #359, #3382, .T. ) ;
#3836 = LINE ( 'NONE', #379, #1151 ) ;
#3837 = ADVANCED_FACE ( 'NONE', ( #1079 ), #3682, .F. ) ;
#3838 = CARTESIAN_POINT ( 'NONE',  ( -5.100000000000000533, 0.2000000000000000944, -2.000000000000000000 ) ) ;
#3839 = ADVANCED_FACE ( 'NONE', ( #666 ), #3296, .F. ) ;
#3840 = ORIENTED_EDGE ( 'NONE', *, *, #6429, .T. ) ;
#3841 = VECTOR ( 'NONE', #1355, 1000.000000000000000 ) ;
#3842 = VERTEX_POINT ( 'NONE', #1758 ) ;
#3843 = DIRECTION ( 'NONE',  ( 0.000000000000000000, 0.000000000000000000, 1.000000000000000000 ) ) ;
#3844 = LINE ( 'NONE', #3337, #1857 ) ;
#3845 = CARTESIAN_POINT ( 'NONE',  ( 2.400000000000004796, -0.05000000000000000278, -1.400000000000000577 ) ) ;
#3846 = ADVANCED_FACE ( 'NONE', ( #2593 ), #1159, .T. ) ;
#3847 = ORIENTED_EDGE ( 'NONE', *, *, #5499, .F. ) ;
#3848 = EDGE_CURVE ( 'NONE', #5820, #4443, #3706, .T. ) ;
#3849 = VECTOR ( 'NONE', #6036, 1000.000000000000000 ) ;
#3850 = DIRECTION ( 'NONE',  ( 0.000000000000000000, 0.000000000000000000, -1.000000000000000000 ) ) ;
#3851 = DIRECTION ( 'NONE',  ( -0.000000000000000000, 1.000000000000000000, -0.000000000000000000 ) ) ;
#3852 = ORIENTED_EDGE ( 'NONE', *, *, #1574, .T. ) ;
#3853 = ORIENTED_EDGE ( 'NONE', *, *, #649, .F. ) ;
#3854 = ORIENTED_EDGE ( 'NONE', *, *, #2129, .F. ) ;
#3855 = DIRECTION ( 'NONE',  ( -0.000000000000000000, 1.000000000000000000, -0.000000000000000000 ) ) ;
#3856 = VECTOR ( 'NONE', #2427, 1000.000000000000000 ) ;
#3857 = ORIENTED_EDGE ( 'NONE', *, *, #2069, .T. ) ;
#3858 = CARTESIAN_POINT ( 'NONE',  ( -1.899999999999999245, -0.05000000000000000278, -1.400000000000000577 ) ) ;
#3859 = VERTEX_POINT ( 'NONE', #1821 ) ;
#3860 = DIRECTION ( 'NONE',  ( 0.000000000000000000, 0.000000000000000000, -1.000000000000000000 ) ) ;
#3861 = VECTOR ( 'NONE', #3722, 1000.000000000000000 ) ;
#3862 = ORIENTED_EDGE ( 'NONE', *, *, #5827, .F. ) ;
#3863 = ORIENTED_EDGE ( 'NONE', *, *, #3039, .T. ) ;
#3864 = CARTESIAN_POINT ( 'NONE',  ( 1.900000000000004574, 0.000000000000000000, 0.000000000000000000 ) ) ;
#3865 = EDGE_CURVE ( 'NONE', #2289, #6166, #3621, .T. ) ;
#3866 = EDGE_CURVE ( 'NONE', #357, #3609, #4956, .T. ) ;
#3867 = CARTESIAN_POINT ( 'NONE',  ( -1.899999999999999245, -0.05000000000000000278, 1.400000000000000577 ) ) ;
#3868 = VECTOR ( 'NONE', #5050, 1000.000000000000000 ) ;
#3869 = CARTESIAN_POINT ( 'NONE',  ( 2.400000000000004796, 0.000000000000000000, 0.000000000000000000 ) ) ;
#3870 = ADVANCED_FACE ( 'NONE', ( #899 ), #4172, .F. ) ;
#3871 = VERTEX_POINT ( 'NONE', #4266 ) ;
#3872 = ORIENTED_EDGE ( 'NONE', *, *, #6590, .T. ) ;
#3873 = DIRECTION ( 'NONE',  ( 0.000000000000000000, 0.000000000000000000, -1.000000000000000000 ) ) ;
#3874 = VECTOR ( 'NONE', #5193, 1000.000000000000000 ) ;
#3875 = EDGE_CURVE ( 'NONE', #3666, #3624, #6004, .T. ) ;
#3876 = PLANE ( 'NONE',  #1276 ) ;
#3877 = VERTEX_POINT ( 'NONE', #5732 ) ;
#3878 = VERTEX_POINT ( 'NONE', #619 ) ;
#3879 = ADVANCED_FACE ( 'NONE', ( #1862 ), #4755, .F. ) ;
#3880 = DIRECTION ( 'NONE',  ( -1.000000000000000000, 0.000000000000000000, -0.000000000000000000 ) ) ;
#3881 = CARTESIAN_POINT ( 'NONE',  ( -2.599999999999999645, 0.000000000000000000, 1.400000000000000577 ) ) ;
#3882 = LINE ( 'NONE', #5807, #3342 ) ;
#3884 = ORIENTED_EDGE ( 'NONE', *, *, #5433, .F. ) ;
#3883 = DIRECTION ( 'NONE',  ( 1.000000000000000000, 0.000000000000000000, 0.000000000000000000 ) ) ;
#3885 = ORIENTED_EDGE ( 'NONE', *, *, #2069, .F. ) ;
#3886 = CARTESIAN_POINT ( 'NONE',  ( 1.900000000000004574, 0.000000000000000000, -1.400000000000000577 ) ) ;
#3887 = LINE ( 'NONE', #5521, #2079 ) ;
#3888 = DIRECTION ( 'NONE',  ( -0.000000000000000000, 1.000000000000000000, -0.000000000000000000 ) ) ;
#3889 = EDGE_CURVE ( 'NONE', #3378, #2331, #42, .T. ) ;
#3890 = CARTESIAN_POINT ( 'NONE',  ( 0.9000000000000036859, -0.05000000000000000278, 2.600000000000000533 ) ) ;
#3891 = VERTEX_POINT ( 'NONE', #1163 ) ;
#3892 = LINE ( 'NONE', #182, #4053 ) ;
#3893 = ORIENTED_EDGE ( 'NONE', *, *, #3865, .F. ) ;
#3894 = CARTESIAN_POINT ( 'NONE',  ( 2.493664996716661677E-16, 3.899999999999999911, 1.150000000000000355 ) ) ;
#3895 = FACE_OUTER_BOUND ( 'NONE', #2141, .T. ) ;
#3896 = FACE_OUTER_BOUND ( 'NONE', #1622, .T. ) ;
#3897 = AXIS2_PLACEMENT_3D ( 'NONE', #1383, #1873, #1341 ) ;
#3898 = CARTESIAN_POINT ( 'NONE',  ( -2.599999999999999645, 0.2000000000000000111, -1.400000000000000577 ) ) ;
#3899 = VECTOR ( 'NONE', #4247, 1000.000000000000000 ) ;
#3900 = ORIENTED_EDGE ( 'NONE', *, *, #1215, .T. ) ;
#3901 = LINE ( 'NONE', #483, #1051 ) ;
#3902 = CARTESIAN_POINT ( 'NONE',  ( 0.9000000000000036859, -0.05000000000000000278, -2.600000000000000533 ) ) ;
#3903 = DIRECTION ( 'NONE',  ( -1.000000000000000000, 0.000000000000000000, -0.000000000000000000 ) ) ;
#3904 = DIRECTION ( 'NONE',  ( 0.000000000000000000, -1.000000000000000000, 0.000000000000000000 ) ) ;
#3905 = DIRECTION ( 'NONE',  ( -0.000000000000000000, 1.000000000000000000, -0.000000000000000000 ) ) ;
#3906 = EDGE_CURVE ( 'NONE', #5236, #5730, #4405, .T. ) ;
#3907 = AXIS2_PLACEMENT_3D ( 'NONE', #351, #3388, #5986 ) ;
#3908 = LINE ( 'NONE', #4242, #3441 ) ;
#3909 = DIRECTION ( 'NONE',  ( 1.000000000000000000, -0.000000000000000000, 0.000000000000000000 ) ) ;
#3910 = DIRECTION ( 'NONE',  ( -0.000000000000000000, 1.000000000000000000, -0.000000000000000000 ) ) ;
#3911 = ADVANCED_FACE ( 'NONE', ( #739 ), #3753, .F. ) ;
#3912 = VECTOR ( 'NONE', #5275, 1000.000000000000000 ) ;
#3913 = ORIENTED_EDGE ( 'NONE', *, *, #4934, .F. ) ;
#3914 = ORIENTED_EDGE ( 'NONE', *, *, #5960, .T. ) ;
#3915 = LINE ( 'NONE', #2023, #4946 ) ;
#3916 = EDGE_CURVE ( 'NONE', #3947, #3691, #5779, .T. ) ;
#3917 = CARTESIAN_POINT ( 'NONE',  ( 1.400000000000004130, -0.05000000000000000278, 1.400000000000000577 ) ) ;
#3918 = EDGE_LOOP ( 'NONE', ( #1319, #5231, #5525, #6231, #224, #237 ) ) ;
#3919 = CARTESIAN_POINT ( 'NONE',  ( -3.400000000000000799, 0.2000000000000000111, -1.400000000000000577 ) ) ;
#3920 = FACE_OUTER_BOUND ( 'NONE', #6322, .T. ) ;
#3921 = ORIENTED_EDGE ( 'NONE', *, *, #4020, .F. ) ;
#3922 = VECTOR ( 'NONE', #2168, 1000.000000000000000 ) ;
#3923 = DIRECTION ( 'NONE',  ( 1.000000000000000000, 0.000000000000000000, 0.000000000000000000 ) ) ;
#3924 = VERTEX_POINT ( 'NONE', #4670 ) ;
#3925 = VERTEX_POINT ( 'NONE', #5750 ) ;
#3926 = ORIENTED_EDGE ( 'NONE', *, *, #1492, .T. ) ;
#3927 = DIRECTION ( 'NONE',  ( 1.000000000000000000, 0.000000000000000000, -0.000000000000000000 ) ) ;
#3928 = CARTESIAN_POINT ( 'NONE',  ( -0.5999999999999976463, -0.05000000000000000278, -1.400000000000000577 ) ) ;
#3929 = DIRECTION ( 'NONE',  ( -1.000000000000000000, -0.000000000000000000, -0.000000000000000000 ) ) ;
#3930 = LINE ( 'NONE', #1539, #4659 ) ;
#3931 = CARTESIAN_POINT ( 'NONE',  ( 3.400000000000005684, -0.05000000000000000278, -1.400000000000000577 ) ) ;
#3932 = DIRECTION ( 'NONE',  ( 0.000000000000000000, 0.000000000000000000, 1.000000000000000000 ) ) ;
#3933 = ORIENTED_EDGE ( 'NONE', *, *, #466, .T. ) ;
#3934 = ORIENTED_EDGE ( 'NONE', *, *, #3308, .F. ) ;
#3935 = EDGE_LOOP ( 'NONE', ( #5393, #1200, #682, #3115, #5500, #1711 ) ) ;
#3936 = ADVANCED_FACE ( 'NONE', ( #2512 ), #3215, .F. ) ;
#3937 = VERTEX_POINT ( 'NONE', #2654 ) ;
#3938 = EDGE_CURVE ( 'NONE', #3399, #3976, #6086, .T. ) ;
#3939 = CARTESIAN_POINT ( 'NONE',  ( 0.000000000000000000, 0.2000000000000000111, 0.000000000000000000 ) ) ;
#3940 = VECTOR ( 'NONE', #6470, 1000.000000000000000 ) ;
#3941 = ORIENTED_EDGE ( 'NONE', *, *, #1120, .F. ) ;
#3942 = VERTEX_POINT ( 'NONE', #4693 ) ;
#3943 = ADVANCED_FACE ( 'NONE', ( #3227 ), #5203, .F. ) ;
#3944 = LINE ( 'NONE', #5687, #4751 ) ;
#3945 = DIRECTION ( 'NONE',  ( 0.000000000000000000, 1.000000000000000000, 0.000000000000000000 ) ) ;
#3946 = DIRECTION ( 'NONE',  ( 1.000000000000000000, -0.000000000000000000, 0.000000000000000000 ) ) ;
#3947 = VERTEX_POINT ( 'NONE', #3679 ) ;
#3948 = ORIENTED_EDGE ( 'NONE', *, *, #5340, .F. ) ;
#3949 = VECTOR ( 'NONE', #1786, 1000.000000000000000 ) ;
#3950 = CARTESIAN_POINT ( 'NONE',  ( 2.900000000000005240, -0.05000000000000000278, -1.400000000000000577 ) ) ;
#3951 = EDGE_LOOP ( 'NONE', ( #2143, #6465, #5321, #2430, #2084, #4796 ) ) ;
#3952 = DIRECTION ( 'NONE',  ( -1.000000000000000000, -0.000000000000000000, -0.000000000000000000 ) ) ;
#3953 = ORIENTED_EDGE ( 'NONE', *, *, #6358, .T. ) ;
#3954 = EDGE_CURVE ( 'NONE', #6356, #577, #1305, .T. ) ;
#3955 = EDGE_CURVE ( 'NONE', #4336, #2543, #3156, .T. ) ;
#3956 = DIRECTION ( 'NONE',  ( 0.000000000000000000, 0.000000000000000000, 1.000000000000000000 ) ) ;
#3957 = AXIS2_PLACEMENT_3D ( 'NONE', #1937, #4107, #1028 ) ;
#3958 = VECTOR ( 'NONE', #1644, 1000.000000000000000 ) ;
#3959 = CARTESIAN_POINT ( 'NONE',  ( -5.100000000000000533, 2.000000000000000000, -2.000000000000000000 ) ) ;
#3960 = DIRECTION ( 'NONE',  ( -1.000000000000000000, 0.000000000000000000, -0.000000000000000000 ) ) ;
#3961 = ORIENTED_EDGE ( 'NONE', *, *, #4669, .T. ) ;
#3962 = ORIENTED_EDGE ( 'NONE', *, *, #2849, .F. ) ;
#3963 = DIRECTION ( 'NONE',  ( -0.000000000000000000, 1.000000000000000000, -0.000000000000000000 ) ) ;
#3964 = EDGE_CURVE ( 'NONE', #5088, #3053, #4078, .T. ) ;
#3965 = DIRECTION ( 'NONE',  ( 1.000000000000000000, 0.000000000000000000, 0.000000000000000000 ) ) ;
#3966 = FACE_OUTER_BOUND ( 'NONE', #2584, .T. ) ;
#3967 = ORIENTED_EDGE ( 'NONE', *, *, #1157, .T. ) ;
#3968 = ORIENTED_EDGE ( 'NONE', *, *, #505, .F. ) ;
#3969 = CARTESIAN_POINT ( 'NONE',  ( -3.400000000000000355, 0.2000000000000000944, 2.000000000000000000 ) ) ;
#3970 = CARTESIAN_POINT ( 'NONE',  ( -2.900000000000000355, -0.05000000000000000278, -1.400000000000000577 ) ) ;
#3971 = CARTESIAN_POINT ( 'NONE',  ( -3.400000000000000799, -0.05000000000000000278, 1.400000000000000577 ) ) ;
#3972 = CARTESIAN_POINT ( 'NONE',  ( -2.599999999999999645, -0.05000000000000000278, -2.600000000000000533 ) ) ;
#3973 = VECTOR ( 'NONE', #6512, 1000.000000000000000 ) ;
#3974 = ORIENTED_EDGE ( 'NONE', *, *, #3708, .T. ) ;
#3975 = LINE ( 'NONE', #1774, #4059 ) ;
#3976 = VERTEX_POINT ( 'NONE', #5268 ) ;
#3977 = DIRECTION ( 'NONE',  ( -1.000000000000000000, -0.000000000000000000, -0.000000000000000000 ) ) ;
#3978 = EDGE_CURVE ( 'NONE', #3560, #683, #2189, .T. ) ;
#3979 = CARTESIAN_POINT ( 'NONE',  ( -0.5999999999999976463, -0.05000000000000000278, 1.400000000000000577 ) ) ;
#3980 = VECTOR ( 'NONE', #62, 1000.000000000000000 ) ;
#3981 = VECTOR ( 'NONE', #1434, 1000.000000000000000 ) ;
#3982 = DIRECTION ( 'NONE',  ( -0.000000000000000000, 0.000000000000000000, 1.000000000000000000 ) ) ;
#3983 = CARTESIAN_POINT ( 'NONE',  ( 0.000000000000000000, 0.000000000000000000, -1.400000000000000577 ) ) ;
#3984 = FACE_OUTER_BOUND ( 'NONE', #833, .T. ) ;
#3985 = VERTEX_POINT ( 'NONE', #2800 ) ;
#3986 = AXIS2_PLACEMENT_3D ( 'NONE', #170, #674, #5306 ) ;
#3987 = VECTOR ( 'NONE', #18, 1000.000000000000000 ) ;
#3988 = DIRECTION ( 'NONE',  ( -1.000000000000000000, 0.000000000000000000, 0.000000000000000000 ) ) ;
#3989 = DIRECTION ( 'NONE',  ( -0.000000000000000000, 1.000000000000000000, -0.000000000000000000 ) ) ;
#3990 = LINE ( 'NONE', #4802, #5276 ) ;
#3991 = CARTESIAN_POINT ( 'NONE',  ( -2.599999999999999645, 0.2000000000000000111, 1.400000000000000577 ) ) ;
#3992 = VERTEX_POINT ( 'NONE', #5890 ) ;
#3993 = VECTOR ( 'NONE', #3088, 1000.000000000000000 ) ;
#3994 = DIRECTION ( 'NONE',  ( 0.000000000000000000, 0.000000000000000000, 1.000000000000000000 ) ) ;
#3995 = EDGE_CURVE ( 'NONE', #5782, #1388, #4329, .T. ) ;
#3996 = DIRECTION ( 'NONE',  ( -0.000000000000000000, 0.000000000000000000, -1.000000000000000000 ) ) ;
#3997 = EDGE_CURVE ( 'NONE', #778, #267, #2341, .T. ) ;
#3998 = AXIS2_PLACEMENT_3D ( 'NONE', #192, #6296, #680 ) ;
#3999 = DIRECTION ( 'NONE',  ( 0.5773502691896224004, -0.5773502691896323924, 0.5773502691896222894 ) ) ;
#4000 = VECTOR ( 'NONE', #586, 1000.000000000000000 ) ;
#4001 = DIRECTION ( 'NONE',  ( -0.000000000000000000, 0.000000000000000000, 1.000000000000000000 ) ) ;
#4002 = VECTOR ( 'NONE', #3860, 1000.000000000000000 ) ;
#4003 = CARTESIAN_POINT ( 'NONE',  ( -3.600000000000000533, 0.000000000000000000, -1.400000000000000577 ) ) ;
#4004 = DIRECTION ( 'NONE',  ( 0.000000000000000000, 1.000000000000000000, 0.000000000000000000 ) ) ;
#4005 = ORIENTED_EDGE ( 'NONE', *, *, #5405, .F. ) ;
#4006 = ADVANCED_FACE ( 'NONE', ( #2738 ), #801, .F. ) ;
#4007 = EDGE_CURVE ( 'NONE', #4196, #4651, #509, .T. ) ;
#4008 = VECTOR ( 'NONE', #6376, 1000.000000000000000 ) ;
#4009 = DIRECTION ( 'NONE',  ( -1.000000000000000000, -0.000000000000000000, -0.000000000000000000 ) ) ;
#4010 = DIRECTION ( 'NONE',  ( 1.000000000000000000, 0.000000000000000000, 0.000000000000000000 ) ) ;
#4011 = ORIENTED_EDGE ( 'NONE', *, *, #4082, .T. ) ;
#4012 = DIRECTION ( 'NONE',  ( 1.000000000000000000, 0.000000000000000000, 0.000000000000000000 ) ) ;
#4013 = LINE ( 'NONE', #6455, #3161 ) ;
#4014 = ADVANCED_FACE ( 'NONE', ( #5123 ), #4307, .F. ) ;
#4015 = EDGE_LOOP ( 'NONE', ( #2082, #1651, #5930, #5292 ) ) ;
#4016 = VERTEX_POINT ( 'NONE', #779 ) ;
#4017 = CARTESIAN_POINT ( 'NONE',  ( -5.099999999999998757, 0.2000000000000000944, 2.000000000000000000 ) ) ;
#4018 = ORIENTED_EDGE ( 'NONE', *, *, #4434, .T. ) ;
#4019 = PRODUCT_CONTEXT ( 'NONE', #6030, 'mechanical' ) ;
#4020 = EDGE_CURVE ( 'NONE', #6189, #3304, #3844, .T. ) ;
#4021 = CARTESIAN_POINT ( 'NONE',  ( -1.099999999999998090, -0.05000000000000000278, -2.600000000000000533 ) ) ;
#4022 = VECTOR ( 'NONE', #4691, 1000.000000000000000 ) ;
#4023 = DIRECTION ( 'NONE',  ( -1.000000000000000000, 0.000000000000000000, -0.000000000000000000 ) ) ;
#4024 = ORIENTED_EDGE ( 'NONE', *, *, #4791, .T. ) ;
#4025 = ORIENTED_EDGE ( 'NONE', *, *, #3174, .F. ) ;
#4026 = CARTESIAN_POINT ( 'NONE',  ( 0.9000000000000036859, 0.2000000000000000111, 2.600000000000000533 ) ) ;
#4027 = CARTESIAN_POINT ( 'NONE',  ( -3.900000000000000799, 3.899999999999999911, 0.000000000000000000 ) ) ;
#4028 = FACE_OUTER_BOUND ( 'NONE', #1237, .T. ) ;
#4029 = EDGE_LOOP ( 'NONE', ( #4111, #524, #5649, #3384 ) ) ;
#4030 = AXIS2_PLACEMENT_3D ( 'NONE', #3435, #3770, #2750 ) ;
#4031 = EDGE_LOOP ( 'NONE', ( #700, #3391, #2561, #3577 ) ) ;
#4032 = LINE ( 'NONE', #4086, #1180 ) ;
#4033 = DIRECTION ( 'NONE',  ( 0.000000000000000000, -1.000000000000000000, 0.000000000000000000 ) ) ;
#4034 = ORIENTED_EDGE ( 'NONE', *, *, #4687, .F. ) ;
#4035 = ORIENTED_EDGE ( 'NONE', *, *, #4523, .T. ) ;
#4036 = DIRECTION ( 'NONE',  ( -1.000000000000000000, -0.000000000000000000, -0.000000000000000000 ) ) ;
#4037 = EDGE_CURVE ( 'NONE', #562, #292, #4399, .T. ) ;
#4038 = CARTESIAN_POINT ( 'NONE',  ( -3.600000000000000533, 2.000000000000000000, 2.000000000000000000 ) ) ;
#4039 = ADVANCED_FACE ( 'NONE', ( #3076 ), #1731, .F. ) ;
#4040 = FACE_OUTER_BOUND ( 'NONE', #4835, .T. ) ;
#4041 = ORIENTED_EDGE ( 'NONE', *, *, #6281, .F. ) ;
#4042 = ORIENTED_EDGE ( 'NONE', *, *, #3889, .F. ) ;
#4043 = DIRECTION ( 'NONE',  ( 0.000000000000000000, 0.000000000000000000, 1.000000000000000000 ) ) ;
#4044 = CARTESIAN_POINT ( 'NONE',  ( 1.900000000000004574, -0.05000000000000000278, 2.600000000000000533 ) ) ;
#4045 = LINE ( 'NONE', #2328, #5401 ) ;
#4046 = EDGE_CURVE ( 'NONE', #3378, #3687, #4245, .T. ) ;
#4047 = DIRECTION ( 'NONE',  ( 0.000000000000000000, -0.000000000000000000, -1.000000000000000000 ) ) ;
#4048 = ADVANCED_FACE ( 'NONE', ( #121 ), #3272, .F. ) ;
#4049 = ORIENTED_EDGE ( 'NONE', *, *, #1959, .T. ) ;
#4050 = ORIENTED_EDGE ( 'NONE', *, *, #5421, .T. ) ;
#4051 = LINE ( 'NONE', #3991, #6289 ) ;
#4052 = EDGE_LOOP ( 'NONE', ( #6499, #4341, #6498, #4353 ) ) ;
#4053 = VECTOR ( 'NONE', #5274, 1000.000000000000000 ) ;
#4054 = PLANE ( 'NONE',  #1769 ) ;
#4055 = VERTEX_POINT ( 'NONE', #279 ) ;
#4056 = EDGE_CURVE ( 'NONE', #6270, #1349, #341, .T. ) ;
#4057 = CARTESIAN_POINT ( 'NONE',  ( 4.000000000000000000, 2.000000000000000000, 1.249999999999998890 ) ) ;
#4058 = LINE ( 'NONE', #5077, #3430 ) ;
#4059 = VECTOR ( 'NONE', #265, 1000.000000000000000 ) ;
#4060 = CARTESIAN_POINT ( 'NONE',  ( -2.099999999999999201, 0.000000000000000000, 0.000000000000000000 ) ) ;
#4061 = CARTESIAN_POINT ( 'NONE',  ( 3.400000000000005240, 0.000000000000000000, -2.000000000000000000 ) ) ;
#4062 = DIRECTION ( 'NONE',  ( -0.000000000000000000, 0.000000000000000000, 1.000000000000000000 ) ) ;
#4063 = FACE_OUTER_BOUND ( 'NONE', #3732, .T. ) ;
#4064 = LINE ( 'NONE', #2585, #3827 ) ;
#4065 = CARTESIAN_POINT ( 'NONE',  ( 0.4000000000000032419, -0.05000000000000000278, 1.400000000000000577 ) ) ;
#4066 = AXIS2_PLACEMENT_3D ( 'NONE', #6301, #3238, #5211 ) ;
#4067 = CARTESIAN_POINT ( 'NONE',  ( 1.900000000000004574, -0.05000000000000000278, -1.400000000000000577 ) ) ;
#4068 = FACE_OUTER_BOUND ( 'NONE', #5811, .T. ) ;
#4069 = CARTESIAN_POINT ( 'NONE',  ( -1.399999999999998801, -0.05000000000000000278, -2.600000000000000533 ) ) ;
#4070 = CARTESIAN_POINT ( 'NONE',  ( -1.899999999999999245, 0.2000000000000000111, 2.600000000000000533 ) ) ;
#4071 = LINE ( 'NONE', #5755, #5194 ) ;
#4072 = ORIENTED_EDGE ( 'NONE', *, *, #1168, .T. ) ;
#4073 = VERTEX_POINT ( 'NONE', #3314 ) ;
#4074 = VECTOR ( 'NONE', #3501, 1000.000000000000000 ) ;
#4075 = ORIENTED_EDGE ( 'NONE', *, *, #871, .T. ) ;
#4076 = DIRECTION ( 'NONE',  ( 0.000000000000000000, 0.000000000000000000, 1.000000000000000000 ) ) ;
#4077 = CARTESIAN_POINT ( 'NONE',  ( -2.599999999999999645, -0.05000000000000000278, -1.400000000000000577 ) ) ;
#4078 = LINE ( 'NONE', #2712, #1548 ) ;
#4079 = CARTESIAN_POINT ( 'NONE',  ( 1.400000000000004130, 0.2000000000000000111, 2.000000000000000000 ) ) ;
#4080 = ORIENTED_EDGE ( 'NONE', *, *, #552, .T. ) ;
#4081 = EDGE_CURVE ( 'NONE', #2677, #1677, #430, .T. ) ;
#4082 = EDGE_CURVE ( 'NONE', #6125, #5519, #3766, .T. ) ;
#4083 = AXIS2_PLACEMENT_3D ( 'NONE', #2298, #5860, #1270 ) ;
#4084 = ORIENTED_EDGE ( 'NONE', *, *, #5610, .T. ) ;
#4085 = CARTESIAN_POINT ( 'NONE',  ( 3.100000000000004974, 0.2000000000000000111, -2.000000000000000000 ) ) ;
#4086 = CARTESIAN_POINT ( 'NONE',  ( 1.400000000000004130, 0.2000000000000000111, -2.600000000000000533 ) ) ;
#4087 = VECTOR ( 'NONE', #1052, 1000.000000000000000 ) ;
#4088 = ORIENTED_EDGE ( 'NONE', *, *, #4081, .F. ) ;
#4089 = ORIENTED_EDGE ( 'NONE', *, *, #5806, .F. ) ;
#4090 = CARTESIAN_POINT ( 'NONE',  ( 0.000000000000000000, 0.000000000000000000, 1.400000000000000577 ) ) ;
#4091 = ORIENTED_EDGE ( 'NONE', *, *, #6352, .F. ) ;
#4092 = CARTESIAN_POINT ( 'NONE',  ( -2.099999999999999201, -0.05000000000000000278, -1.400000000000000577 ) ) ;
#4093 = EDGE_CURVE ( 'NONE', #1154, #5149, #5437, .T. ) ;
#4094 = VECTOR ( 'NONE', #5223, 1000.000000000000000 ) ;
#4095 = VERTEX_POINT ( 'NONE', #2266 ) ;
#4096 = CARTESIAN_POINT ( 'NONE',  ( 0.6000000000000028644, 0.000000000000000000, 0.000000000000000000 ) ) ;
#4097 = ORIENTED_EDGE ( 'NONE', *, *, #1274, .F. ) ;
#4098 = ORIENTED_EDGE ( 'NONE', *, *, #3288, .T. ) ;
#4099 = DIRECTION ( 'NONE',  ( 0.000000000000000000, 0.000000000000000000, 1.000000000000000000 ) ) ;
#4100 = ORIENTED_EDGE ( 'NONE', *, *, #5639, .T. ) ;
#4101 = VECTOR ( 'NONE', #6402, 1000.000000000000000 ) ;
#4102 = PLANE ( 'NONE',  #1546 ) ;
#4103 = CARTESIAN_POINT ( 'NONE',  ( 1.100000000000003419, 0.2000000000000000111, -2.000000000000000000 ) ) ;
#4104 = ORIENTED_EDGE ( 'NONE', *, *, #6398, .T. ) ;
#4105 = ORIENTED_EDGE ( 'NONE', *, *, #1120, .T. ) ;
#4106 = EDGE_CURVE ( 'NONE', #6414, #1710, #1378, .T. ) ;
#4107 = DIRECTION ( 'NONE',  ( 1.000000000000000000, 0.000000000000000000, -0.000000000000000000 ) ) ;
#4108 = LINE ( 'NONE', #3481, #3868 ) ;
#4109 = ORIENTED_EDGE ( 'NONE', *, *, #3768, .T. ) ;
#4110 = CARTESIAN_POINT ( 'NONE',  ( 0.4000000000000032419, -0.05000000000000000278, -1.400000000000000577 ) ) ;
#4111 = ORIENTED_EDGE ( 'NONE', *, *, #6055, .T. ) ;
#4112 = DIRECTION ( 'NONE',  ( 1.000000000000000000, 0.000000000000000000, 0.000000000000000000 ) ) ;
#4113 = DIRECTION ( 'NONE',  ( 1.000000000000000000, 0.000000000000000000, -0.000000000000000000 ) ) ;
#4114 = CARTESIAN_POINT ( 'NONE',  ( 3.400000000000005684, 0.2000000000000000111, 2.600000000000000533 ) ) ;
#4115 = VECTOR ( 'NONE', #789, 1000.000000000000000 ) ;
#4116 = AXIS2_PLACEMENT_3D ( 'NONE', #4911, #912, #2873 ) ;
#4117 = ORIENTED_EDGE ( 'NONE', *, *, #5885, .T. ) ;
#4118 = ORIENTED_EDGE ( 'NONE', *, *, #5885, .F. ) ;
#4119 = CARTESIAN_POINT ( 'NONE',  ( 1.100000000000003642, 0.000000000000000000, -2.000000000000000000 ) ) ;
#4120 = DIRECTION ( 'NONE',  ( -1.000000000000000000, -0.000000000000000000, -0.000000000000000000 ) ) ;
#4121 = VECTOR ( 'NONE', #6020, 1000.000000000000000 ) ;
#4122 = ORIENTED_EDGE ( 'NONE', *, *, #1322, .T. ) ;
#4123 = ORIENTED_EDGE ( 'NONE', *, *, #1272, .F. ) ;
#4124 = EDGE_CURVE ( 'NONE', #2071, #3263, #4872, .T. ) ;
#4125 = EDGE_CURVE ( 'NONE', #2466, #2510, #4730, .T. ) ;
#4126 = CARTESIAN_POINT ( 'NONE',  ( 3.400000000000005240, 2.000000000000000000, -2.000000000000000000 ) ) ;
#4127 = LINE ( 'NONE', #24, #5173 ) ;
#4128 = DIRECTION ( 'NONE',  ( -0.000000000000000000, -0.000000000000000000, 1.000000000000000000 ) ) ;
#4129 = EDGE_LOOP ( 'NONE', ( #717, #4288, #5140, #3775 ) ) ;
#4130 = ORIENTED_EDGE ( 'NONE', *, *, #3172, .T. ) ;
#4131 = ORIENTED_EDGE ( 'NONE', *, *, #5366, .F. ) ;
#4132 = DIRECTION ( 'NONE',  ( 1.000000000000000000, 0.000000000000000000, 0.000000000000000000 ) ) ;
#4133 = CARTESIAN_POINT ( 'NONE',  ( -1.899999999999999245, 2.000000000000000000, 2.000000000000000000 ) ) ;
#4134 = CARTESIAN_POINT ( 'NONE',  ( 1.400000000000004130, 0.2000000000000000111, 2.600000000000000533 ) ) ;
#4135 = EDGE_CURVE ( 'NONE', #1725, #667, #2990, .T. ) ;
#4136 = CARTESIAN_POINT ( 'NONE',  ( 3.900000000000000799, 3.899999999999999911, 0.000000000000000000 ) ) ;
#4137 = AXIS2_PLACEMENT_3D ( 'NONE', #632, #5724, #5628 ) ;
#4138 = FACE_OUTER_BOUND ( 'NONE', #6293, .T. ) ;
#4140 = VERTEX_POINT ( 'NONE', #2422 ) ;
#4139 = DIRECTION ( 'NONE',  ( -1.000000000000000000, -0.000000000000000000, -0.000000000000000000 ) ) ;
#4141 = VECTOR ( 'NONE', #2927, 1000.000000000000000 ) ;
#4142 = VERTEX_POINT ( 'NONE', #5487 ) ;
#4143 = CARTESIAN_POINT ( 'NONE',  ( -4.000000000000000000, 2.000000000000000000, -0.6500000000000000222 ) ) ;
#4144 = CARTESIAN_POINT ( 'NONE',  ( 3.100000000000004974, 0.000000000000000000, -1.400000000000000577 ) ) ;
#4145 = DIRECTION ( 'NONE',  ( -0.000000000000000000, 1.000000000000000000, -0.000000000000000000 ) ) ;
#4146 = FACE_OUTER_BOUND ( 'NONE', #4031, .T. ) ;
#4147 = FACE_OUTER_BOUND ( 'NONE', #5392, .T. ) ;
#4148 = DIRECTION ( 'NONE',  ( 0.000000000000000000, 0.000000000000000000, 1.000000000000000000 ) ) ;
#4149 = ADVANCED_FACE ( 'NONE', ( #1637 ), #5932, .F. ) ;
#4150 = CARTESIAN_POINT ( 'NONE',  ( -4.000000000000000000, 2.000000000000000000, 1.250000000000000666 ) ) ;
#4151 = DIRECTION ( 'NONE',  ( -1.000000000000000000, 0.000000000000000000, 0.000000000000000000 ) ) ;
#4152 = LINE ( 'NONE', #1545, #1527 ) ;
#4153 = VECTOR ( 'NONE', #3564, 1000.000000000000000 ) ;
#4154 = CARTESIAN_POINT ( 'NONE',  ( 0.000000000000000000, 0.000000000000000000, -1.400000000000000577 ) ) ;
#4155 = LINE ( 'NONE', #1452, #3689 ) ;
#4156 = ORIENTED_EDGE ( 'NONE', *, *, #2870, .F. ) ;
#4157 = LINE ( 'NONE', #6034, #2501 ) ;
#4158 = DIRECTION ( 'NONE',  ( 0.000000000000000000, -1.000000000000000000, 0.000000000000000000 ) ) ;
#4159 = PLANE ( 'NONE',  #2092 ) ;
#4160 = DIRECTION ( 'NONE',  ( 1.000000000000000000, 0.000000000000000000, 0.000000000000000000 ) ) ;
#4161 = VECTOR ( 'NONE', #2976, 1000.000000000000000 ) ;
#4162 = VERTEX_POINT ( 'NONE', #1856 ) ;
#4163 = VECTOR ( 'NONE', #3905, 1000.000000000000000 ) ;
#4164 = CARTESIAN_POINT ( 'NONE',  ( 0.000000000000000000, 0.000000000000000000, -1.400000000000000577 ) ) ;
#4165 = ORIENTED_EDGE ( 'NONE', *, *, #2359, .F. ) ;
#4166 = DIRECTION ( 'NONE',  ( -1.000000000000000000, 0.000000000000000000, -0.000000000000000000 ) ) ;
#4167 = AXIS2_PLACEMENT_3D ( 'NONE', #4065, #3, #1520 ) ;
#4168 = LINE ( 'NONE', #340, #6400 ) ;
#4169 = DIRECTION ( 'NONE',  ( -1.000000000000000000, 0.000000000000000000, 0.000000000000000000 ) ) ;
#4170 = EDGE_LOOP ( 'NONE', ( #4801, #241, #350, #3108, #5284, #2986 ) ) ;
#4171 = EDGE_CURVE ( 'NONE', #2140, #1891, #2587, .T. ) ;
#4172 = PLANE ( 'NONE',  #6274 ) ;
#4173 = FACE_OUTER_BOUND ( 'NONE', #2888, .T. ) ;
#4174 = EDGE_CURVE ( 'NONE', #6087, #1691, #2033, .T. ) ;
#4175 = ORIENTED_EDGE ( 'NONE', *, *, #849, .T. ) ;
#4176 = DIRECTION ( 'NONE',  ( 0.000000000000000000, -1.000000000000000000, 0.000000000000000000 ) ) ;
#4177 = ORIENTED_EDGE ( 'NONE', *, *, #2958, .T. ) ;
#4178 = ORIENTED_EDGE ( 'NONE', *, *, #5788, .T. ) ;
#4179 = DIRECTION ( 'NONE',  ( 0.000000000000000000, -0.000000000000000000, -1.000000000000000000 ) ) ;
#4180 = DIRECTION ( 'NONE',  ( -0.000000000000000000, 0.000000000000000000, 1.000000000000000000 ) ) ;
#4181 = ADVANCED_FACE ( 'NONE', ( #3920 ), #3876, .T. ) ;
#4182 = LINE ( 'NONE', #393, #2353 ) ;
#4183 = CARTESIAN_POINT ( 'NONE',  ( 1.600000000000003864, -0.05000000000000000278, 1.400000000000000577 ) ) ;
#4184 = ORIENTED_EDGE ( 'NONE', *, *, #2061, .F. ) ;
#4185 = ORIENTED_EDGE ( 'NONE', *, *, #5813, .T. ) ;
#4186 = EDGE_CURVE ( 'NONE', #292, #2278, #4168, .T. ) ;
#4187 = DIRECTION ( 'NONE',  ( 0.000000000000000000, -1.000000000000000000, 0.000000000000000000 ) ) ;
#4188 = CARTESIAN_POINT ( 'NONE',  ( 2.100000000000004530, 0.000000000000000000, -2.000000000000000000 ) ) ;
#4189 = FACE_OUTER_BOUND ( 'NONE', #1239, .T. ) ;
#4190 = ORIENTED_EDGE ( 'NONE', *, *, #1399, .F. ) ;
#4191 = ORIENTED_EDGE ( 'NONE', *, *, #631, .T. ) ;
#4192 = DIRECTION ( 'NONE',  ( -0.000000000000000000, -0.000000000000000000, -1.000000000000000000 ) ) ;
#4193 = CARTESIAN_POINT ( 'NONE',  ( 1.400000000000004130, -0.05000000000000000278, -2.600000000000000533 ) ) ;
#4194 = LINE ( 'NONE', #3745, #3949 ) ;
#4196 = VERTEX_POINT ( 'NONE', #5951 ) ;
#4195 = CARTESIAN_POINT ( 'NONE',  ( -0.3999999999999980238, 0.000000000000000000, -1.400000000000000577 ) ) ;
#4197 = EDGE_CURVE ( 'NONE', #1577, #723, #3701, .T. ) ;
#4198 = ORIENTED_EDGE ( 'NONE', *, *, #1896, .T. ) ;
#4199 = CARTESIAN_POINT ( 'NONE',  ( 2.600000000000004530, -0.05000000000000000278, -1.400000000000000577 ) ) ;
#4200 = LINE ( 'NONE', #891, #1500 ) ;
#4201 = CARTESIAN_POINT ( 'NONE',  ( 0.000000000000000000, 0.2000000000000000111, 0.000000000000000000 ) ) ;
#4202 = CARTESIAN_POINT ( 'NONE',  ( 2.400000000000004796, -0.05000000000000000278, -1.400000000000000577 ) ) ;
#4203 = ORIENTED_EDGE ( 'NONE', *, *, #3995, .T. ) ;
#4204 = ORIENTED_EDGE ( 'NONE', *, *, #927, .T. ) ;
#4205 = DIRECTION ( 'NONE',  ( 1.000000000000000000, 0.000000000000000000, 0.000000000000000000 ) ) ;
#4206 = VECTOR ( 'NONE', #657, 1000.000000000000000 ) ;
#4207 = VERTEX_POINT ( 'NONE', #4461 ) ;
#4208 = VERTEX_POINT ( 'NONE', #4962 ) ;
#4209 = VECTOR ( 'NONE', #1778, 1000.000000000000000 ) ;
#4210 = EDGE_CURVE ( 'NONE', #1167, #2581, #987, .T. ) ;
#4211 = PLANE ( 'NONE',  #4483 ) ;
#4212 = ORIENTED_EDGE ( 'NONE', *, *, #1663, .T. ) ;
#4213 = EDGE_CURVE ( 'NONE', #1660, #1643, #6573, .T. ) ;
#4214 = ORIENTED_EDGE ( 'NONE', *, *, #4340, .T. ) ;
#4215 = AXIS2_PLACEMENT_3D ( 'NONE', #410, #3965, #2451 ) ;
#4216 = LINE ( 'NONE', #5642, #4453 ) ;
#4217 = CARTESIAN_POINT ( 'NONE',  ( -5.099999999999998757, 0.2000000000000000944, 2.000000000000000000 ) ) ;
#4218 = ORIENTED_EDGE ( 'NONE', *, *, #95, .T. ) ;
#4219 = CARTESIAN_POINT ( 'NONE',  ( -3.600000000000000533, -0.05000000000000000278, -2.600000000000000533 ) ) ;
#4220 = DIRECTION ( 'NONE',  ( -0.000000000000000000, -0.000000000000000000, -1.000000000000000000 ) ) ;
#4221 = VECTOR ( 'NONE', #1525, 1000.000000000000000 ) ;
#4222 = VECTOR ( 'NONE', #6415, 1000.000000000000000 ) ;
#4223 = CARTESIAN_POINT ( 'NONE',  ( -2.900000000000000355, 0.2000000000000000111, -2.600000000000000533 ) ) ;
#4224 = EDGE_CURVE ( 'NONE', #3925, #6045, #3377, .T. ) ;
#4225 = CARTESIAN_POINT ( 'NONE',  ( -1.099999999999998090, -0.05000000000000000278, -1.400000000000000577 ) ) ;
#4226 = CARTESIAN_POINT ( 'NONE',  ( 0.000000000000000000, 0.2000000000000000111, 0.000000000000000000 ) ) ;
#4227 = DIRECTION ( 'NONE',  ( 0.000000000000000000, -1.000000000000000000, 0.000000000000000000 ) ) ;
#4228 = DIRECTION ( 'NONE',  ( 1.000000000000000000, 0.000000000000000000, 0.000000000000000000 ) ) ;
#4229 = VECTOR ( 'NONE', #1265, 1000.000000000000000 ) ;
#4230 = LINE ( 'NONE', #4057, #4385 ) ;
#4231 = CARTESIAN_POINT ( 'NONE',  ( 4.000000000000000000, 3.899999999999999911, -0.7499999999999993339 ) ) ;
#4232 = EDGE_LOOP ( 'NONE', ( #194, #664, #4212, #5700, #599, #5425 ) ) ;
#4233 = VECTOR ( 'NONE', #3739, 1000.000000000000000 ) ;
#4234 = EDGE_CURVE ( 'NONE', #5432, #5557, #5917, .T. ) ;
#4235 = CARTESIAN_POINT ( 'NONE',  ( 2.600000000000004530, 0.000000000000000000, -1.400000000000000577 ) ) ;
#4236 = LINE ( 'NONE', #5172, #3606 ) ;
#4237 = ORIENTED_EDGE ( 'NONE', *, *, #5466, .T. ) ;
#4238 = ORIENTED_EDGE ( 'NONE', *, *, #4850, .F. ) ;
#4239 = VECTOR ( 'NONE', #26, 1000.000000000000000 ) ;
#4240 = DIRECTION ( 'NONE',  ( 0.000000000000000000, 0.000000000000000000, 1.000000000000000000 ) ) ;
#4241 = ORIENTED_EDGE ( 'NONE', *, *, #6537, .F. ) ;
#4242 = CARTESIAN_POINT ( 'NONE',  ( 3.400000000000005684, -0.05000000000000000278, 1.400000000000000577 ) ) ;
#4243 = AXIS2_PLACEMENT_3D ( 'NONE', #1788, #6370, #2306 ) ;
#4244 = CARTESIAN_POINT ( 'NONE',  ( 0.9000000000000032419, 2.000000000000000000, -2.000000000000000000 ) ) ;
#4245 = LINE ( 'NONE', #2817, #4008 ) ;
#4246 = DIRECTION ( 'NONE',  ( -0.000000000000000000, 1.000000000000000000, -0.000000000000000000 ) ) ;
#4247 = DIRECTION ( 'NONE',  ( -0.000000000000000000, 1.000000000000000000, -0.000000000000000000 ) ) ;
#4248 = ADVANCED_FACE ( 'NONE', ( #4867 ), #3442, .F. ) ;
#4249 = CARTESIAN_POINT ( 'NONE',  ( 2.900000000000005240, -0.05000000000000000278, -1.400000000000000577 ) ) ;
#4250 = VERTEX_POINT ( 'NONE', #2930 ) ;
#4251 = CARTESIAN_POINT ( 'NONE',  ( 2.900000000000005240, 0.000000000000000000, -1.400000000000000577 ) ) ;
#4252 = FACE_OUTER_BOUND ( 'NONE', #260, .T. ) ;
#4253 = EDGE_LOOP ( 'NONE', ( #2597, #6146, #5305, #6419, #3554, #2807 ) ) ;
#4254 = CARTESIAN_POINT ( 'NONE',  ( -2.399999999999999911, 0.2000000000000000111, -2.600000000000000533 ) ) ;
#4255 = EDGE_CURVE ( 'NONE', #3069, #3198, #2984, .T. ) ;
#4256 = EDGE_LOOP ( 'NONE', ( #6355, #6037, #4920, #3634 ) ) ;
#4257 = AXIS2_PLACEMENT_3D ( 'NONE', #2412, #2973, #400 ) ;
#4258 = LINE ( 'NONE', #5070, #1225 ) ;
#4259 = CARTESIAN_POINT ( 'NONE',  ( -4.000000000000000000, 3.799999999999998490, -1.249999999999999778 ) ) ;
#4260 = DIRECTION ( 'NONE',  ( 0.000000000000000000, 1.000000000000000000, 0.000000000000000000 ) ) ;
#4261 = ORIENTED_EDGE ( 'NONE', *, *, #1669, .T. ) ;
#4262 = ORIENTED_EDGE ( 'NONE', *, *, #3109, .F. ) ;
#4263 = ORIENTED_EDGE ( 'NONE', *, *, #3830, .F. ) ;
#4264 = ORIENTED_EDGE ( 'NONE', *, *, #2284, .F. ) ;
#4265 = EDGE_CURVE ( 'NONE', #701, #4916, #5037, .T. ) ;
#4266 = CARTESIAN_POINT ( 'NONE',  ( 2.400000000000004796, 0.000000000000000000, -1.400000000000000577 ) ) ;
#4267 = VECTOR ( 'NONE', #6357, 1000.000000000000000 ) ;
#4268 = ORIENTED_EDGE ( 'NONE', *, *, #5045, .T. ) ;
#4269 = ORIENTED_EDGE ( 'NONE', *, *, #5204, .T. ) ;
#4270 = CARTESIAN_POINT ( 'NONE',  ( -0.3999999999999975797, 0.000000000000000000, -2.000000000000000000 ) ) ;
#4271 = CARTESIAN_POINT ( 'NONE',  ( -3.600000000000000533, -0.05000000000000000278, -1.400000000000000577 ) ) ;
#4272 = VECTOR ( 'NONE', #6149, 1000.000000000000000 ) ;
#4273 = ORIENTED_EDGE ( 'NONE', *, *, #2769, .F. ) ;
#4274 = ORIENTED_EDGE ( 'NONE', *, *, #476, .F. ) ;
#4275 = CARTESIAN_POINT ( 'NONE',  ( 2.100000000000004086, -0.05000000000000000278, -2.600000000000000533 ) ) ;
#4276 = ORIENTED_EDGE ( 'NONE', *, *, #1026, .F. ) ;
#4277 = ORIENTED_EDGE ( 'NONE', *, *, #5844, .T. ) ;
#4278 = DIRECTION ( 'NONE',  ( -1.000000000000000000, 0.000000000000000000, 0.000000000000000000 ) ) ;
#4279 = PLANE ( 'NONE',  #3986 ) ;
#4280 = VECTOR ( 'NONE', #2288, 1000.000000000000000 ) ;
#4281 = CARTESIAN_POINT ( 'NONE',  ( -2.599999999999999645, 0.2000000000000000944, -2.000000000000000000 ) ) ;
#4282 = DIRECTION ( 'NONE',  ( 0.000000000000000000, 0.000000000000000000, 1.000000000000000000 ) ) ;
#4283 = ORIENTED_EDGE ( 'NONE', *, *, #6273, .F. ) ;
#4284 = ORIENTED_EDGE ( 'NONE', *, *, #4125, .T. ) ;
#4285 = ADVANCED_FACE ( 'NONE', ( #5691 ), #3400, .F. ) ;
#4286 = VECTOR ( 'NONE', #3408, 1000.000000000000000 ) ;
#4287 = CARTESIAN_POINT ( 'NONE',  ( -0.8999999999999984679, 0.2000000000000000111, 2.600000000000000533 ) ) ;
#4288 = ORIENTED_EDGE ( 'NONE', *, *, #675, .T. ) ;
#4290 = VERTEX_POINT ( 'NONE', #526 ) ;
#4289 = CARTESIAN_POINT ( 'NONE',  ( 2.100000000000004530, 2.000000000000000000, -2.000000000000000000 ) ) ;
#4291 = ORIENTED_EDGE ( 'NONE', *, *, #2528, .F. ) ;
#4292 = CARTESIAN_POINT ( 'NONE',  ( 0.000000000000000000, -0.05000000000000000278, 0.000000000000000000 ) ) ;
#4293 = AXIS2_PLACEMENT_3D ( 'NONE', #4967, #1929, #848 ) ;
#4294 = UNCERTAINTY_MEASURE_WITH_UNIT (LENGTH_MEASURE( 1.000000000000000082E-05 ), #2454, 'distance_accuracy_value', 'NONE');
#4295 = CARTESIAN_POINT ( 'NONE',  ( 0.000000000000000000, -0.05000000000000000278, 0.000000000000000000 ) ) ;
#4296 = LINE ( 'NONE', #2832, #240 ) ;
#4297 = VECTOR ( 'NONE', #4820, 1000.000000000000000 ) ;
#4298 = VERTEX_POINT ( 'NONE', #1529 ) ;
#4299 = DIRECTION ( 'NONE',  ( -0.000000000000000000, 1.000000000000000000, -0.000000000000000000 ) ) ;
#4300 = EDGE_CURVE ( 'NONE', #1643, #3180, #500, .T. ) ;
#4301 = CARTESIAN_POINT ( 'NONE',  ( -2.599999999999999645, 0.000000000000000000, 0.000000000000000000 ) ) ;
#4302 = DIRECTION ( 'NONE',  ( -0.000000000000000000, -0.000000000000000000, 1.000000000000000000 ) ) ;
#4303 = EDGE_CURVE ( 'NONE', #3243, #1022, #2027, .T. ) ;
#4304 = AXIS2_PLACEMENT_3D ( 'NONE', #4044, #4560, #1519 ) ;
#4305 = LINE ( 'NONE', #2644, #2646 ) ;
#4306 = LINE ( 'NONE', #3917, #6226 ) ;
#4307 = PLANE ( 'NONE',  #792 ) ;
#4308 = VECTOR ( 'NONE', #5273, 1000.000000000000000 ) ;
#4309 = VERTEX_POINT ( 'NONE', #437 ) ;
#4310 = VECTOR ( 'NONE', #5164, 1000.000000000000000 ) ;
#4311 = CARTESIAN_POINT ( 'NONE',  ( -3.600000000000000533, -0.05000000000000000278, -2.600000000000000533 ) ) ;
#4312 = EDGE_CURVE ( 'NONE', #3810, #3877, #2112, .T. ) ;
#4313 = DIRECTION ( 'NONE',  ( 0.000000000000000000, -1.000000000000000000, 0.000000000000000000 ) ) ;
#4314 = PLANE ( 'NONE',  #1100 ) ;
#4315 = VECTOR ( 'NONE', #3956, 1000.000000000000000 ) ;
#4316 = EDGE_LOOP ( 'NONE', ( #6211, #5674, #1038, #1011 ) ) ;
#4317 = ORIENTED_EDGE ( 'NONE', *, *, #6371, .T. ) ;
#4318 = FACE_OUTER_BOUND ( 'NONE', #3547, .T. ) ;
#4319 = ADVANCED_FACE ( 'NONE', ( #5524 ), #2004, .F. ) ;
#4320 = CARTESIAN_POINT ( 'NONE',  ( -1.399999999999998801, 0.000000000000000000, -2.000000000000000000 ) ) ;
#4321 = VECTOR ( 'NONE', #3143, 1000.000000000000000 ) ;
#4322 = ORIENTED_EDGE ( 'NONE', *, *, #1896, .F. ) ;
#4323 = EDGE_CURVE ( 'NONE', #2510, #4142, #6564, .T. ) ;
#4324 = LINE ( 'NONE', #3347, #3071 ) ;
#4325 = PLANE ( 'NONE',  #6264 ) ;
#4326 = EDGE_LOOP ( 'NONE', ( #5182, #61, #669, #4842, #1182, #1214 ) ) ;
#4327 = ORIENTED_EDGE ( 'NONE', *, *, #714, .F. ) ;
#4328 = CARTESIAN_POINT ( 'NONE',  ( -5.099999999999998757, 0.000000000000000000, 2.000000000000000000 ) ) ;
#4329 = LINE ( 'NONE', #759, #5774 ) ;
#4330 = EDGE_LOOP ( 'NONE', ( #6491, #5600, #2388, #4680 ) ) ;
#4331 = ORIENTED_EDGE ( 'NONE', *, *, #5451, .T. ) ;
#4332 = AXIS2_PLACEMENT_3D ( 'NONE', #3845, #5428, #856 ) ;
#4333 = CARTESIAN_POINT ( 'NONE',  ( -3.400000000000000799, -0.05000000000000000278, 2.600000000000000533 ) ) ;
#4334 = CARTESIAN_POINT ( 'NONE',  ( 5.099999999999998757, 2.000000000000000000, -2.000000000000000000 ) ) ;
#4335 = VECTOR ( 'NONE', #492, 1000.000000000000000 ) ;
#4336 = VERTEX_POINT ( 'NONE', #6591 ) ;
#4337 = ORIENTED_EDGE ( 'NONE', *, *, #3544, .F. ) ;
#4338 = ORIENTED_EDGE ( 'NONE', *, *, #2304, .F. ) ;
#4339 = EDGE_CURVE ( 'NONE', #6269, #3086, #2335, .T. ) ;
#4340 = EDGE_CURVE ( 'NONE', #5503, #3012, #5910, .T. ) ;
#4341 = ORIENTED_EDGE ( 'NONE', *, *, #2687, .T. ) ;
#4342 = DIRECTION ( 'NONE',  ( -0.000000000000000000, -0.000000000000000000, -1.000000000000000000 ) ) ;
#4343 = EDGE_LOOP ( 'NONE', ( #5721, #5179, #5317, #2733 ) ) ;
#4344 = ADVANCED_FACE ( 'NONE', ( #4561 ), #2469, .T. ) ;
#4345 = ADVANCED_FACE ( 'NONE', ( #2809 ), #5604, .F. ) ;
#4346 = CARTESIAN_POINT ( 'NONE',  ( 3.600000000000005862, 0.000000000000000000, -2.000000000000000000 ) ) ;
#4347 = VECTOR ( 'NONE', #5837, 1000.000000000000000 ) ;
#4348 = ORIENTED_EDGE ( 'NONE', *, *, #5243, .F. ) ;
#4349 = VERTEX_POINT ( 'NONE', #4531 ) ;
#4350 = EDGE_CURVE ( 'NONE', #3691, #819, #5200, .T. ) ;
#4351 = DIRECTION ( 'NONE',  ( 1.000000000000000000, 0.000000000000000000, 0.000000000000000000 ) ) ;
#4352 = CARTESIAN_POINT ( 'NONE',  ( -3.100000000000000089, 0.000000000000000000, 1.400000000000000577 ) ) ;
#4353 = ORIENTED_EDGE ( 'NONE', *, *, #675, .F. ) ;
#4354 = ORIENTED_EDGE ( 'NONE', *, *, #1585, .F. ) ;
#4355 = CARTESIAN_POINT ( 'NONE',  ( -3.400000000000000799, -0.05000000000000000278, 1.400000000000000577 ) ) ;
#4356 = LINE ( 'NONE', #1683, #938 ) ;
#4357 = ORIENTED_EDGE ( 'NONE', *, *, #990, .F. ) ;
#4358 = EDGE_CURVE ( 'NONE', #4976, #2158, #2505, .T. ) ;
#4359 = DIRECTION ( 'NONE',  ( -0.000000000000000000, 1.000000000000000000, -0.000000000000000000 ) ) ;
#4360 = EDGE_LOOP ( 'NONE', ( #1661, #3268, #5128, #5169 ) ) ;
#4361 = VECTOR ( 'NONE', #2776, 1000.000000000000000 ) ;
#4362 = CARTESIAN_POINT ( 'NONE',  ( 0.6000000000000033085, 0.000000000000000000, 2.000000000000000000 ) ) ;
#4363 = DIRECTION ( 'NONE',  ( -1.000000000000000000, 0.000000000000000000, -0.000000000000000000 ) ) ;
#4364 = ORIENTED_EDGE ( 'NONE', *, *, #2107, .T. ) ;
#4365 = VERTEX_POINT ( 'NONE', #6543 ) ;
#4366 = AXIS2_PLACEMENT_3D ( 'NONE', #3139, #4611, #123 ) ;
#4367 = DIRECTION ( 'NONE',  ( -0.000000000000000000, 1.000000000000000000, -0.000000000000000000 ) ) ;
#4368 = EDGE_LOOP ( 'NONE', ( #2382, #4649, #2222, #3631, #3934, #4005 ) ) ;
#4369 = EDGE_LOOP ( 'NONE', ( #1811, #5881, #1387, #427 ) ) ;
#4370 = FACE_OUTER_BOUND ( 'NONE', #4539, .T. ) ;
#4371 = VERTEX_POINT ( 'NONE', #5036 ) ;
#4372 = ADVANCED_FACE ( 'NONE', ( #2260 ), #6025, .T. ) ;
#4373 = CARTESIAN_POINT ( 'NONE',  ( -1.899999999999999245, -0.05000000000000000278, 2.600000000000000533 ) ) ;
#4374 = ADVANCED_FACE ( 'NONE', ( #3067 ), #3033, .F. ) ;
#4375 = PLANE ( 'NONE',  #2148 ) ;
#4376 = VECTOR ( 'NONE', #5035, 1000.000000000000000 ) ;
#4377 = EDGE_CURVE ( 'NONE', #4663, #900, #5359, .T. ) ;
#4378 = LINE ( 'NONE', #753, #4222 ) ;
#4379 = DIRECTION ( 'NONE',  ( 0.000000000000000000, -0.000000000000000000, -1.000000000000000000 ) ) ;
#4380 = CARTESIAN_POINT ( 'NONE',  ( -3.600000000000000533, -0.05000000000000000278, 2.600000000000000533 ) ) ;
#4381 = ADVANCED_FACE ( 'NONE', ( #656 ), #41, .F. ) ;
#4382 = VECTOR ( 'NONE', #6150, 1000.000000000000000 ) ;
#4384 = EDGE_LOOP ( 'NONE', ( #4765, #1099, #2753, #2630 ) ) ;
#4383 = PLANE ( 'NONE',  #4116 ) ;
#4385 = VECTOR ( 'NONE', #4553, 1000.000000000000000 ) ;
#4386 = EDGE_CURVE ( 'NONE', #6513, #2247, #1849, .T. ) ;
#4387 = CARTESIAN_POINT ( 'NONE',  ( 1.600000000000003864, 0.2000000000000000111, -1.400000000000000577 ) ) ;
#4388 = AXIS2_PLACEMENT_3D ( 'NONE', #1861, #345, #3903 ) ;
#4389 = LINE ( 'NONE', #1453, #2500 ) ;
#4390 = ORIENTED_EDGE ( 'NONE', *, *, #4687, .T. ) ;
#4391 = LINE ( 'NONE', #5733, #3603 ) ;
#4392 = DIRECTION ( 'NONE',  ( 0.000000000000000000, 0.000000000000000000, -1.000000000000000000 ) ) ;
#4393 = EDGE_CURVE ( 'NONE', #4819, #3715, #581, .T. ) ;
#4394 = FACE_OUTER_BOUND ( 'NONE', #2827, .T. ) ;
#4395 = PLANE ( 'NONE',  #4388 ) ;
#4396 = ORIENTED_EDGE ( 'NONE', *, *, #4093, .F. ) ;
#4397 = LINE ( 'NONE', #4444, #4163 ) ;
#4398 = EDGE_LOOP ( 'NONE', ( #3535, #5776, #3648, #2309 ) ) ;
#4399 = LINE ( 'NONE', #5809, #1155 ) ;
#4400 = CARTESIAN_POINT ( 'NONE',  ( 0.000000000000000000, 0.2000000000000000111, 0.000000000000000000 ) ) ;
#4401 = DIRECTION ( 'NONE',  ( 0.000000000000000000, 0.000000000000000000, -1.000000000000000000 ) ) ;
#4402 = ORIENTED_EDGE ( 'NONE', *, *, #6617, .T. ) ;
#4403 = CARTESIAN_POINT ( 'NONE',  ( 0.000000000000000000, 0.2000000000000000111, 0.000000000000000000 ) ) ;
#4404 = ADVANCED_FACE ( 'NONE', ( #4394 ), #1111, .F. ) ;
#4405 = LINE ( 'NONE', #1141, #5443 ) ;
#4406 = CARTESIAN_POINT ( 'NONE',  ( -2.099999999999999201, -0.05000000000000000278, -2.600000000000000533 ) ) ;
#4407 = ORIENTED_EDGE ( 'NONE', *, *, #3708, .F. ) ;
#4408 = ORIENTED_EDGE ( 'NONE', *, *, #3748, .F. ) ;
#4409 = VERTEX_POINT ( 'NONE', #3124 ) ;
#4410 = LINE ( 'NONE', #2611, #199 ) ;
#4411 = ADVANCED_FACE ( 'NONE', ( #2184 ), #5126, .F. ) ;
#4412 = DIRECTION ( 'NONE',  ( -0.000000000000000000, 1.000000000000000000, -0.000000000000000000 ) ) ;
#4413 = ORIENTED_EDGE ( 'NONE', *, *, #3308, .T. ) ;
#4414 =( GEOMETRIC_REPRESENTATION_CONTEXT ( 3 ) GLOBAL_UNCERTAINTY_ASSIGNED_CONTEXT ( ( #2340 ) ) GLOBAL_UNIT_ASSIGNED_CONTEXT ( ( #6508, #3458, #3530 ) ) REPRESENTATION_CONTEXT ( 'NONE', 'WORKASPACE' ) );
#4415 = CARTESIAN_POINT ( 'NONE',  ( -4.000000000000000000, 3.899999999999999911, 0.6500000000000010214 ) ) ;
#4416 = ORIENTED_EDGE ( 'NONE', *, *, #5703, .F. ) ;
#4417 = ORIENTED_EDGE ( 'NONE', *, *, #5870, .T. ) ;
#4418 = CARTESIAN_POINT ( 'NONE',  ( -2.399999999999999911, 0.2000000000000000111, 2.600000000000000533 ) ) ;
#4419 = LINE ( 'NONE', #4202, #1400 ) ;
#4420 = ORIENTED_EDGE ( 'NONE', *, *, #4448, .F. ) ;
#4421 = ORIENTED_EDGE ( 'NONE', *, *, #883, .F. ) ;
#4422 = DIRECTION ( 'NONE',  ( -0.000000000000000000, 0.000000000000000000, 1.000000000000000000 ) ) ;
#4423 = CARTESIAN_POINT ( 'NONE',  ( -1.599999999999998535, -0.05000000000000000278, -2.600000000000000533 ) ) ;
#4424 = EDGE_CURVE ( 'NONE', #1351, #679, #5847, .T. ) ;
#4425 = EDGE_CURVE ( 'NONE', #6031, #517, #804, .T. ) ;
#4426 = AXIS2_PLACEMENT_3D ( 'NONE', #3429, #5569, #977 ) ;
#4427 = LINE ( 'NONE', #2592, #2138 ) ;
#4428 = DIRECTION ( 'NONE',  ( -1.000000000000000000, -0.000000000000000000, -0.000000000000000000 ) ) ;
#4429 = ORIENTED_EDGE ( 'NONE', *, *, #2226, .T. ) ;
#4430 = ORIENTED_EDGE ( 'NONE', *, *, #6010, .F. ) ;
#4431 = DIRECTION ( 'NONE',  ( 0.000000000000000000, 0.000000000000000000, 1.000000000000000000 ) ) ;
#4432 = DIRECTION ( 'NONE',  ( 1.000000000000000000, 0.000000000000000000, 0.000000000000000000 ) ) ;
#4433 = LINE ( 'NONE', #1316, #2293 ) ;
#4434 = EDGE_CURVE ( 'NONE', #5538, #3069, #5996, .T. ) ;
#4435 = DIRECTION ( 'NONE',  ( 0.000000000000000000, 0.000000000000000000, 1.000000000000000000 ) ) ;
#4436 = ORIENTED_EDGE ( 'NONE', *, *, #3195, .T. ) ;
#4437 = VERTEX_POINT ( 'NONE', #2627 ) ;
#4438 = CARTESIAN_POINT ( 'NONE',  ( 1.400000000000003686, 2.000000000000000000, 2.000000000000000000 ) ) ;
#4439 = FACE_OUTER_BOUND ( 'NONE', #2709, .T. ) ;
#4440 = SURFACE_SIDE_STYLE ('',( #1098 ) ) ;
#4442 = ORIENTED_EDGE ( 'NONE', *, *, #2339, .T. ) ;
#4441 = CARTESIAN_POINT ( 'NONE',  ( 3.900000000000000799, 3.899999999999999911, -1.249999999999999778 ) ) ;
#4443 = VERTEX_POINT ( 'NONE', #5105 ) ;
#4444 = CARTESIAN_POINT ( 'NONE',  ( 1.600000000000003864, -0.05000000000000000278, -1.400000000000000577 ) ) ;
#4445 = CARTESIAN_POINT ( 'NONE',  ( 0.4000000000000032419, -0.05000000000000000278, -1.400000000000000577 ) ) ;
#4446 = VECTOR ( 'NONE', #6054, 1000.000000000000000 ) ;
#4447 = DIRECTION ( 'NONE',  ( 1.000000000000000000, 0.000000000000000000, 0.000000000000000000 ) ) ;
#4448 = EDGE_CURVE ( 'NONE', #3891, #6363, #3615, .T. ) ;
#4449 = VERTEX_POINT ( 'NONE', #4639 ) ;
#4450 = CARTESIAN_POINT ( 'NONE',  ( -4.000000000000000000, 3.799999999999998490, -0.6500000000000000222 ) ) ;
#4451 = ADVANCED_FACE ( 'NONE', ( #1628 ), #87, .F. ) ;
#4452 = ORIENTED_EDGE ( 'NONE', *, *, #5778, .F. ) ;
#4453 = VECTOR ( 'NONE', #5661, 1000.000000000000000 ) ;
#4454 = ORIENTED_EDGE ( 'NONE', *, *, #904, .F. ) ;
#4455 = DIRECTION ( 'NONE',  ( 0.000000000000000000, -1.000000000000000000, 0.000000000000000000 ) ) ;
#4456 = FACE_OUTER_BOUND ( 'NONE', #298, .T. ) ;
#4457 = ORIENTED_EDGE ( 'NONE', *, *, #2261, .F. ) ;
#4458 = FACE_OUTER_BOUND ( 'NONE', #6442, .T. ) ;
#4459 = ORIENTED_EDGE ( 'NONE', *, *, #4530, .T. ) ;
#4460 = AXIS2_PLACEMENT_3D ( 'NONE', #936, #2557, #519 ) ;
#4461 = CARTESIAN_POINT ( 'NONE',  ( 1.400000000000004130, 0.000000000000000000, 1.400000000000000577 ) ) ;
#4462 = LINE ( 'NONE', #543, #2243 ) ;
#4463 = VECTOR ( 'NONE', #1197, 1000.000000000000000 ) ;
#4464 = CARTESIAN_POINT ( 'NONE',  ( 1.100000000000003419, 0.2000000000000000111, -1.400000000000000577 ) ) ;
#4465 = CARTESIAN_POINT ( 'NONE',  ( 4.000000000000000000, 2.000000000000000000, -1.249999999999999778 ) ) ;
#4466 = EDGE_CURVE ( 'NONE', #3426, #701, #6164, .T. ) ;
#4467 = DIRECTION ( 'NONE',  ( -1.000000000000000000, -0.000000000000000000, -0.000000000000000000 ) ) ;
#4468 = EDGE_CURVE ( 'NONE', #2461, #1010, #4644, .T. ) ;
#4469 = AXIS2_PLACEMENT_3D ( 'NONE', #4485, #458, #5536 ) ;
#4470 = CARTESIAN_POINT ( 'NONE',  ( -1.399999999999998801, -0.05000000000000000278, -1.400000000000000577 ) ) ;
#4471 = VECTOR ( 'NONE', #1614, 1000.000000000000000 ) ;
#4472 = LINE ( 'NONE', #6422, #6378 ) ;
#4473 = CARTESIAN_POINT ( 'NONE',  ( 1.400000000000004130, 0.000000000000000000, 0.000000000000000000 ) ) ;
#4474 = CARTESIAN_POINT ( 'NONE',  ( 1.600000000000003864, 0.000000000000000000, 0.000000000000000000 ) ) ;
#4475 = CARTESIAN_POINT ( 'NONE',  ( -1.399999999999998801, -0.05000000000000000278, 2.600000000000000533 ) ) ;
#4476 = CARTESIAN_POINT ( 'NONE',  ( -1.599999999999998535, -0.05000000000000000278, 1.400000000000000577 ) ) ;
#4477 = CARTESIAN_POINT ( 'NONE',  ( -2.900000000000000355, 0.000000000000000000, -1.400000000000000577 ) ) ;
#4478 = LINE ( 'NONE', #5795, #5517 ) ;
#4479 = ORIENTED_EDGE ( 'NONE', *, *, #5808, .F. ) ;
#4480 = LINE ( 'NONE', #4540, #5031 ) ;
#4481 = EDGE_CURVE ( 'NONE', #2162, #4660, #3836, .T. ) ;
#4482 = DIRECTION ( 'NONE',  ( -1.000000000000000000, 0.000000000000000000, 0.000000000000000000 ) ) ;
#4483 = AXIS2_PLACEMENT_3D ( 'NONE', #2775, #2181, #2708 ) ;
#4484 = DIRECTION ( 'NONE',  ( 1.000000000000000000, 0.000000000000000000, -0.000000000000000000 ) ) ;
#4485 = CARTESIAN_POINT ( 'NONE',  ( 0.000000000000000000, -0.05000000000000000278, 0.000000000000000000 ) ) ;
#4486 = VECTOR ( 'NONE', #5153, 1000.000000000000000 ) ;
#4487 = LINE ( 'NONE', #4972, #1629 ) ;
#4488 = ADVANCED_FACE ( 'NONE', ( #3224 ), #1407, .F. ) ;
#4489 = ORIENTED_EDGE ( 'NONE', *, *, #4578, .T. ) ;
#4490 = DIRECTION ( 'NONE',  ( -1.000000000000000000, 0.000000000000000000, 0.000000000000000000 ) ) ;
#4491 = DIRECTION ( 'NONE',  ( -0.000000000000000000, 1.000000000000000000, -0.000000000000000000 ) ) ;
#4492 = ORIENTED_EDGE ( 'NONE', *, *, #1313, .F. ) ;
#4493 = LINE ( 'NONE', #2506, #1709 ) ;
#4494 = ORIENTED_EDGE ( 'NONE', *, *, #4885, .T. ) ;
#4495 = VERTEX_POINT ( 'NONE', #4114 ) ;
#4496 = CARTESIAN_POINT ( 'NONE',  ( 2.100000000000004086, -0.05000000000000000278, 2.600000000000000533 ) ) ;
#4497 = DIRECTION ( 'NONE',  ( -0.000000000000000000, 1.000000000000000000, -0.000000000000000000 ) ) ;
#4498 = FILL_AREA_STYLE ('',( #2945 ) ) ;
#4499 = CARTESIAN_POINT ( 'NONE',  ( -2.399999999999999911, -0.05000000000000000278, 2.600000000000000533 ) ) ;
#4500 = ORIENTED_EDGE ( 'NONE', *, *, #3298, .T. ) ;
#4501 = ORIENTED_EDGE ( 'NONE', *, *, #2992, .T. ) ;
#4502 = EDGE_LOOP ( 'NONE', ( #5861, #1333, #1831, #917 ) ) ;
#4503 = CARTESIAN_POINT ( 'NONE',  ( 0.6000000000000028644, -0.05000000000000000278, -1.400000000000000577 ) ) ;
#4504 = LINE ( 'NONE', #4643, #444 ) ;
#4505 = CARTESIAN_POINT ( 'NONE',  ( -3.600000000000000533, -0.05000000000000000278, 1.400000000000000577 ) ) ;
#4506 = ORIENTED_EDGE ( 'NONE', *, *, #1245, .T. ) ;
#4507 = ORIENTED_EDGE ( 'NONE', *, *, #5788, .F. ) ;
#4508 = CARTESIAN_POINT ( 'NONE',  ( 1.400000000000004130, -0.05000000000000000278, 1.400000000000000577 ) ) ;
#4509 = VECTOR ( 'NONE', #1733, 1000.000000000000000 ) ;
#4510 = CARTESIAN_POINT ( 'NONE',  ( 5.099999999999998757, 2.000000000000000000, 2.000000000000000000 ) ) ;
#4511 = AXIS2_PLACEMENT_3D ( 'NONE', #6554, #1003, #4001 ) ;
#4512 = CARTESIAN_POINT ( 'NONE',  ( 0.6000000000000028644, 0.000000000000000000, -1.400000000000000577 ) ) ;
#4513 = DIRECTION ( 'NONE',  ( 1.000000000000000000, 0.000000000000000000, 0.000000000000000000 ) ) ;
#4514 = VERTEX_POINT ( 'NONE', #5454 ) ;
#4515 = ORIENTED_EDGE ( 'NONE', *, *, #6165, .F. ) ;
#4516 = DIRECTION ( 'NONE',  ( 0.000000000000000000, 1.000000000000000000, 0.000000000000000000 ) ) ;
#4517 = PLANE ( 'NONE',  #3831 ) ;
#4518 = DIRECTION ( 'NONE',  ( -1.000000000000000000, 0.000000000000000000, 2.710505431213761578E-16 ) ) ;
#4519 = ORIENTED_EDGE ( 'NONE', *, *, #1501, .F. ) ;
#4520 = PLANE ( 'NONE',  #5798 ) ;
#4521 = VERTEX_POINT ( 'NONE', #4475 ) ;
#4522 = EDGE_CURVE ( 'NONE', #3340, #5236, #6080, .T. ) ;
#4523 = EDGE_CURVE ( 'NONE', #3992, #1645, #1299, .T. ) ;
#4524 = ADVANCED_FACE ( 'NONE', ( #3148 ), #1431, .F. ) ;
#4525 = AXIS2_PLACEMENT_3D ( 'NONE', #5138, #6167, #71 ) ;
#4526 = VECTOR ( 'NONE', #4746, 1000.000000000000000 ) ;
#4527 = CARTESIAN_POINT ( 'NONE',  ( -1.599999999999998535, -0.05000000000000000278, 2.600000000000000533 ) ) ;
#4528 = ORIENTED_EDGE ( 'NONE', *, *, #3433, .F. ) ;
#4529 = ORIENTED_EDGE ( 'NONE', *, *, #2049, .T. ) ;
#4530 = EDGE_CURVE ( 'NONE', #2302, #6616, #4798, .T. ) ;
#4531 = CARTESIAN_POINT ( 'NONE',  ( -1.899999999999999245, -0.05000000000000000278, -1.400000000000000577 ) ) ;
#4532 = LINE ( 'NONE', #5264, #2853 ) ;
#4533 = ORIENTED_EDGE ( 'NONE', *, *, #2615, .T. ) ;
#4534 = ORIENTED_EDGE ( 'NONE', *, *, #5573, .T. ) ;
#4535 = DIRECTION ( 'NONE',  ( 0.000000000000000000, 1.000000000000000000, 0.000000000000000000 ) ) ;
#4536 = EDGE_LOOP ( 'NONE', ( #1966, #5622, #2043, #1275 ) ) ;
#4537 = VERTEX_POINT ( 'NONE', #4450 ) ;
#4538 = FACE_OUTER_BOUND ( 'NONE', #1034, .T. ) ;
#4539 = EDGE_LOOP ( 'NONE', ( #6195, #4549, #4985, #4276 ) ) ;
#4540 = CARTESIAN_POINT ( 'NONE',  ( 0.4000000000000032419, 0.2000000000000000111, 1.400000000000000577 ) ) ;
#4541 = CARTESIAN_POINT ( 'NONE',  ( 2.100000000000004086, -0.05000000000000000278, 2.600000000000000533 ) ) ;
#4542 = EDGE_CURVE ( 'NONE', #6283, #5288, #419, .T. ) ;
#4543 = DIRECTION ( 'NONE',  ( 0.000000000000000000, 0.000000000000000000, 1.000000000000000000 ) ) ;
#4544 = DIRECTION ( 'NONE',  ( 0.000000000000000000, -1.000000000000000000, 0.000000000000000000 ) ) ;
#4545 = LINE ( 'NONE', #2491, #3434 ) ;
#4546 = VECTOR ( 'NONE', #6351, 1000.000000000000000 ) ;
#4547 = CARTESIAN_POINT ( 'NONE',  ( -2.599999999999999645, 2.000000000000000000, 2.000000000000000000 ) ) ;
#4548 = LINE ( 'NONE', #3531, #2403 ) ;
#4549 = ORIENTED_EDGE ( 'NONE', *, *, #262, .T. ) ;
#4550 = LINE ( 'NONE', #3287, #3214 ) ;
#4551 = DIRECTION ( 'NONE',  ( -0.000000000000000000, 1.000000000000000000, -0.000000000000000000 ) ) ;
#4552 = ADVANCED_FACE ( 'NONE', ( #2423 ), #6509, .F. ) ;
#4553 = DIRECTION ( 'NONE',  ( 0.000000000000000000, 0.000000000000000000, -1.000000000000000000 ) ) ;
#4554 = PLANE ( 'NONE',  #6430 ) ;
#4555 = EDGE_LOOP ( 'NONE', ( #6440, #4105, #5175, #1466 ) ) ;
#4556 = VECTOR ( 'NONE', #5977, 1000.000000000000000 ) ;
#4557 = EDGE_CURVE ( 'NONE', #6597, #3294, #572, .T. ) ;
#4558 = CARTESIAN_POINT ( 'NONE',  ( -4.000000000000000000, 3.899999999999999911, 1.250000000000000666 ) ) ;
#4559 = EDGE_CURVE ( 'NONE', #547, #4290, #1143, .T. ) ;
#4560 = DIRECTION ( 'NONE',  ( 0.000000000000000000, 0.000000000000000000, -1.000000000000000000 ) ) ;
#4561 = FACE_OUTER_BOUND ( 'NONE', #6018, .T. ) ;
#4562 = DIRECTION ( 'NONE',  ( 0.000000000000000000, -1.000000000000000000, 0.000000000000000000 ) ) ;
#4563 = ORIENTED_EDGE ( 'NONE', *, *, #5412, .T. ) ;
#4564 = DIRECTION ( 'NONE',  ( 1.000000000000000000, 0.000000000000000000, 0.000000000000000000 ) ) ;
#4565 = CARTESIAN_POINT ( 'NONE',  ( 0.000000000000000000, -0.05000000000000000278, 0.000000000000000000 ) ) ;
#4566 = ORIENTED_EDGE ( 'NONE', *, *, #4020, .T. ) ;
#4567 = CARTESIAN_POINT ( 'NONE',  ( 1.900000000000004574, -0.05000000000000000278, 1.400000000000000577 ) ) ;
#4568 = EDGE_CURVE ( 'NONE', #1891, #4371, #2329, .T. ) ;
#4569 = VECTOR ( 'NONE', #4367, 1000.000000000000000 ) ;
#4570 = DIRECTION ( 'NONE',  ( 0.000000000000000000, 0.000000000000000000, 1.000000000000000000 ) ) ;
#4571 = ORIENTED_EDGE ( 'NONE', *, *, #2097, .T. ) ;
#4572 = CARTESIAN_POINT ( 'NONE',  ( -0.3999999999999980238, -0.05000000000000000278, -1.400000000000000577 ) ) ;
#4573 = VECTOR ( 'NONE', #119, 1000.000000000000000 ) ;
#4574 = ORIENTED_EDGE ( 'NONE', *, *, #1726, .T. ) ;
#4575 = DIRECTION ( 'NONE',  ( -0.000000000000000000, 1.000000000000000000, -0.000000000000000000 ) ) ;
#4576 = ORIENTED_EDGE ( 'NONE', *, *, #333, .T. ) ;
#4577 = ORIENTED_EDGE ( 'NONE', *, *, #4559, .F. ) ;
#4578 = EDGE_CURVE ( 'NONE', #1785, #4695, #1293, .T. ) ;
#4579 = VECTOR ( 'NONE', #330, 1000.000000000000000 ) ;
#4580 = CARTESIAN_POINT ( 'NONE',  ( 2.100000000000004086, -0.05000000000000000278, 1.400000000000000577 ) ) ;
#4581 = ORIENTED_EDGE ( 'NONE', *, *, #95, .F. ) ;
#4582 = ORIENTED_EDGE ( 'NONE', *, *, #3348, .T. ) ;
#4583 = ORIENTED_EDGE ( 'NONE', *, *, #3906, .T. ) ;
#4584 = CARTESIAN_POINT ( 'NONE',  ( -2.399999999999999911, -0.05000000000000000278, -1.400000000000000577 ) ) ;
#4585 = CARTESIAN_POINT ( 'NONE',  ( -1.099999999999998535, 2.000000000000000000, 2.000000000000000000 ) ) ;
#4586 = DIRECTION ( 'NONE',  ( -1.000000000000000000, 0.000000000000000000, 0.000000000000000000 ) ) ;
#4587 = ADVANCED_FACE ( 'NONE', ( #6557 ), #5528, .F. ) ;
#4588 = FACE_OUTER_BOUND ( 'NONE', #3190, .T. ) ;
#4589 = DIRECTION ( 'NONE',  ( 1.000000000000000000, 0.000000000000000000, 0.000000000000000000 ) ) ;
#4590 = ORIENTED_EDGE ( 'NONE', *, *, #4791, .F. ) ;
#4591 = ORIENTED_EDGE ( 'NONE', *, *, #4171, .T. ) ;
#4592 = CARTESIAN_POINT ( 'NONE',  ( 2.100000000000004530, 0.000000000000000000, 2.000000000000000000 ) ) ;
#4593 = CARTESIAN_POINT ( 'NONE',  ( 2.900000000000005240, 0.2000000000000000111, -2.600000000000000533 ) ) ;
#4594 = FACE_OUTER_BOUND ( 'NONE', #5851, .T. ) ;
#4595 = ORIENTED_EDGE ( 'NONE', *, *, #5065, .T. ) ;
#4596 = ORIENTED_EDGE ( 'NONE', *, *, #639, .T. ) ;
#4597 = DIRECTION ( 'NONE',  ( 1.000000000000000000, 0.000000000000000000, 0.000000000000000000 ) ) ;
#4598 = EDGE_CURVE ( 'NONE', #1582, #819, #1371, .T. ) ;
#4599 = DIRECTION ( 'NONE',  ( -0.000000000000000000, 1.000000000000000000, -0.000000000000000000 ) ) ;
#4600 = VECTOR ( 'NONE', #5944, 1000.000000000000000 ) ;
#4601 = EDGE_LOOP ( 'NONE', ( #3291, #1194, #204, #6126, #4185, #283 ) ) ;
#4602 = VERTEX_POINT ( 'NONE', #5643 ) ;
#4603 = CARTESIAN_POINT ( 'NONE',  ( 1.900000000000004130, 2.000000000000000000, 2.000000000000000000 ) ) ;
#4604 = VECTOR ( 'NONE', #3829, 1000.000000000000000 ) ;
#4605 = CARTESIAN_POINT ( 'NONE',  ( 3.400000000000005684, -0.05000000000000000278, -1.400000000000000577 ) ) ;
#4606 = EDGE_CURVE ( 'NONE', #3687, #3259, #1698, .T. ) ;
#4607 = CARTESIAN_POINT ( 'NONE',  ( -0.8999999999999984679, -0.05000000000000000278, 2.600000000000000533 ) ) ;
#4608 = ORIENTED_EDGE ( 'NONE', *, *, #2737, .T. ) ;
#4609 = AXIS2_PLACEMENT_3D ( 'NONE', #3802, #3256, #742 ) ;
#4610 = ORIENTED_EDGE ( 'NONE', *, *, #4106, .T. ) ;
#4611 = DIRECTION ( 'NONE',  ( -1.000000000000000000, 0.000000000000000000, -0.000000000000000000 ) ) ;
#4612 = LINE ( 'NONE', #4441, #5488 ) ;
#4613 = ORIENTED_EDGE ( 'NONE', *, *, #2431, .T. ) ;
#4614 = VECTOR ( 'NONE', #142, 1000.000000000000000 ) ;
#4615 = CARTESIAN_POINT ( 'NONE',  ( -5.099999999999998757, 2.000000000000000000, 2.000000000000000000 ) ) ;
#4616 = ORIENTED_EDGE ( 'NONE', *, *, #5760, .F. ) ;
#4617 = CARTESIAN_POINT ( 'NONE',  ( -1.599999999999998535, -0.05000000000000000278, 1.400000000000000577 ) ) ;
#4618 = ADVANCED_FACE ( 'NONE', ( #3444 ), #2111, .F. ) ;
#4619 = VECTOR ( 'NONE', #2018, 1000.000000000000000 ) ;
#4620 = ORIENTED_EDGE ( 'NONE', *, *, #1284, .T. ) ;
#4621 = VECTOR ( 'NONE', #284, 1000.000000000000000 ) ;
#4622 = CARTESIAN_POINT ( 'NONE',  ( 2.600000000000004530, -0.05000000000000000278, 2.600000000000000533 ) ) ;
#4623 = ORIENTED_EDGE ( 'NONE', *, *, #6525, .F. ) ;
#4624 = DIRECTION ( 'NONE',  ( 0.000000000000000000, -0.000000000000000000, 1.000000000000000000 ) ) ;
#4625 = DIRECTION ( 'NONE',  ( -0.000000000000000000, 0.000000000000000000, 1.000000000000000000 ) ) ;
#4626 = VECTOR ( 'NONE', #6606, 1000.000000000000000 ) ;
#4627 = LINE ( 'NONE', #1877, #1762 ) ;
#4628 = DIRECTION ( 'NONE',  ( 0.000000000000000000, 0.000000000000000000, 1.000000000000000000 ) ) ;
#4629 = AXIS2_PLACEMENT_3D ( 'NONE', #885, #355, #5480 ) ;
#4630 = DIRECTION ( 'NONE',  ( -0.000000000000000000, 1.000000000000000000, -0.000000000000000000 ) ) ;
#4631 = DIRECTION ( 'NONE',  ( 0.000000000000000000, 0.000000000000000000, 1.000000000000000000 ) ) ;
#4632 = LINE ( 'NONE', #4476, #1925 ) ;
#4633 = ORIENTED_EDGE ( 'NONE', *, *, #3694, .F. ) ;
#4634 = LINE ( 'NONE', #2962, #3284 ) ;
#4635 = CARTESIAN_POINT ( 'NONE',  ( 3.900000000000000799, 3.899999999999999911, 0.7499999999999983347 ) ) ;
#4636 = PLANE ( 'NONE',  #1014 ) ;
#4637 = EDGE_CURVE ( 'NONE', #6326, #3878, #4155, .T. ) ;
#4638 = AXIS2_PLACEMENT_3D ( 'NONE', #159, #5753, #5209 ) ;
#4639 = CARTESIAN_POINT ( 'NONE',  ( 1.400000000000003686, 0.2000000000000000944, -2.000000000000000000 ) ) ;
#4640 = LINE ( 'NONE', #2250, #5840 ) ;
#4641 = VERTEX_POINT ( 'NONE', #6244 ) ;
#4642 = ORIENTED_EDGE ( 'NONE', *, *, #1331, .F. ) ;
#4643 = CARTESIAN_POINT ( 'NONE',  ( -1.599999999999998535, 0.2000000000000000111, -2.600000000000000533 ) ) ;
#4644 = LINE ( 'NONE', #3931, #112 ) ;
#4645 = VECTOR ( 'NONE', #1249, 1000.000000000000000 ) ;
#4646 = EDGE_CURVE ( 'NONE', #5130, #562, #5029, .T. ) ;
#4647 = EDGE_CURVE ( 'NONE', #4055, #2543, #2656, .T. ) ;
#4648 = AXIS2_PLACEMENT_3D ( 'NONE', #3569, #5681, #3633 ) ;
#4649 = ORIENTED_EDGE ( 'NONE', *, *, #1836, .T. ) ;
#4650 = CARTESIAN_POINT ( 'NONE',  ( -2.099999999999999201, -0.05000000000000000278, 1.400000000000000577 ) ) ;
#4651 = VERTEX_POINT ( 'NONE', #4705 ) ;
#4652 = DIRECTION ( 'NONE',  ( -0.000000000000000000, 0.000000000000000000, -1.000000000000000000 ) ) ;
#4653 = VECTOR ( 'NONE', #3253, 1000.000000000000000 ) ;
#4654 = DIRECTION ( 'NONE',  ( 0.000000000000000000, -0.000000000000000000, -1.000000000000000000 ) ) ;
#4655 = CARTESIAN_POINT ( 'NONE',  ( 1.900000000000004574, -0.05000000000000000278, -1.400000000000000577 ) ) ;
#4656 = VERTEX_POINT ( 'NONE', #5715 ) ;
#4657 = CARTESIAN_POINT ( 'NONE',  ( 0.9000000000000036859, 0.2000000000000000111, -2.600000000000000533 ) ) ;
#4658 = EDGE_CURVE ( 'NONE', #988, #281, #4071, .T. ) ;
#4659 = VECTOR ( 'NONE', #2573, 1000.000000000000000 ) ;
#4660 = VERTEX_POINT ( 'NONE', #5689 ) ;
#4661 = DIRECTION ( 'NONE',  ( -1.000000000000000000, -0.000000000000000000, -0.000000000000000000 ) ) ;
#4662 = DIRECTION ( 'NONE',  ( 0.000000000000000000, -1.000000000000000000, 0.000000000000000000 ) ) ;
#4663 = VERTEX_POINT ( 'NONE', #5741 ) ;
#4664 = ORIENTED_EDGE ( 'NONE', *, *, #1565, .F. ) ;
#4665 = LINE ( 'NONE', #6029, #1961 ) ;
#4666 = DIRECTION ( 'NONE',  ( 1.000000000000000000, 0.000000000000000000, -2.168404344971008868E-16 ) ) ;
#4667 = VERTEX_POINT ( 'NONE', #5665 ) ;
#4668 = ORIENTED_EDGE ( 'NONE', *, *, #721, .T. ) ;
#4669 = EDGE_CURVE ( 'NONE', #5352, #5491, #4236, .T. ) ;
#4670 = CARTESIAN_POINT ( 'NONE',  ( 3.100000000000005418, 0.000000000000000000, -2.000000000000000000 ) ) ;
#4671 = DIRECTION ( 'NONE',  ( 1.000000000000000000, 0.000000000000000000, 0.000000000000000000 ) ) ;
#4672 = LINE ( 'NONE', #5711, #1007 ) ;
#4673 = ORIENTED_EDGE ( 'NONE', *, *, #552, .F. ) ;
#4674 = DIRECTION ( 'NONE',  ( 0.000000000000000000, 0.000000000000000000, -1.000000000000000000 ) ) ;
#4675 = ORIENTED_EDGE ( 'NONE', *, *, #5496, .F. ) ;
#4676 = DIRECTION ( 'NONE',  ( -1.000000000000000000, -0.000000000000000000, -0.000000000000000000 ) ) ;
#4677 = CARTESIAN_POINT ( 'NONE',  ( 0.9000000000000036859, 0.000000000000000000, 0.000000000000000000 ) ) ;
#4678 = FACE_OUTER_BOUND ( 'NONE', #5652, .T. ) ;
#4679 = ORIENTED_EDGE ( 'NONE', *, *, #1177, .T. ) ;
#4680 = ORIENTED_EDGE ( 'NONE', *, *, #2662, .F. ) ;
#4681 = CARTESIAN_POINT ( 'NONE',  ( -1.599999999999998535, -0.05000000000000000278, -2.600000000000000533 ) ) ;
#4682 = CARTESIAN_POINT ( 'NONE',  ( -1.599999999999998535, 0.2000000000000000111, 2.600000000000000533 ) ) ;
#4683 = VECTOR ( 'NONE', #4707, 1000.000000000000000 ) ;
#4684 = ADVANCED_FACE ( 'NONE', ( #414 ), #3705, .T. ) ;
#4685 = VERTEX_POINT ( 'NONE', #6222 ) ;
#4686 = VERTEX_POINT ( 'NONE', #607 ) ;
#4687 = EDGE_CURVE ( 'NONE', #3891, #1107, #184, .T. ) ;
#4688 = PLANE ( 'NONE',  #4701 ) ;
#4689 = EDGE_CURVE ( 'NONE', #1483, #783, #2979, .T. ) ;
#4690 = AXIS2_PLACEMENT_3D ( 'NONE', #4092, #2922, #6483 ) ;
#4691 = DIRECTION ( 'NONE',  ( 0.000000000000000000, -1.000000000000000000, 0.000000000000000000 ) ) ;
#4692 = FACE_OUTER_BOUND ( 'NONE', #2065, .T. ) ;
#4693 = CARTESIAN_POINT ( 'NONE',  ( -2.900000000000000355, -0.05000000000000000278, 1.400000000000000577 ) ) ;
#4694 = ORIENTED_EDGE ( 'NONE', *, *, #631, .F. ) ;
#4695 = VERTEX_POINT ( 'NONE', #4657 ) ;
#4696 = ORIENTED_EDGE ( 'NONE', *, *, #2311, .T. ) ;
#4697 = DIRECTION ( 'NONE',  ( 0.000000000000000000, 1.000000000000000000, 0.000000000000000000 ) ) ;
#4698 = CARTESIAN_POINT ( 'NONE',  ( -0.09999999999999722999, -0.05000000000000000278, 1.400000000000000577 ) ) ;
#4699 = CARTESIAN_POINT ( 'NONE',  ( 1.400000000000004130, 0.2000000000000000111, 2.600000000000000533 ) ) ;
#4700 = EDGE_CURVE ( 'NONE', #3715, #1484, #2498, .T. ) ;
#4701 = AXIS2_PLACEMENT_3D ( 'NONE', #5198, #2610, #6163 ) ;
#4702 = ORIENTED_EDGE ( 'NONE', *, *, #6598, .T. ) ;
#4703 = VECTOR ( 'NONE', #4246, 1000.000000000000000 ) ;
#4704 = ORIENTED_EDGE ( 'NONE', *, *, #44, .F. ) ;
#4705 = CARTESIAN_POINT ( 'NONE',  ( -3.600000000000000533, 0.2000000000000000111, -2.600000000000000533 ) ) ;
#4706 = CARTESIAN_POINT ( 'NONE',  ( 1.100000000000003419, -0.05000000000000000278, -1.400000000000000577 ) ) ;
#4707 = DIRECTION ( 'NONE',  ( 0.000000000000000000, 0.000000000000000000, -1.000000000000000000 ) ) ;
#4708 = LINE ( 'NONE', #1040, #3354 ) ;
#4709 = VECTOR ( 'NONE', #4987, 1000.000000000000000 ) ;
#4710 = EDGE_CURVE ( 'NONE', #840, #4016, #728, .T. ) ;
#4711 = PLANE ( 'NONE',  #5170 ) ;
#4712 = DIRECTION ( 'NONE',  ( 1.000000000000000000, -0.000000000000000000, 0.000000000000000000 ) ) ;
#4713 = LINE ( 'NONE', #4721, #104 ) ;
#4714 = LINE ( 'NONE', #2077, #5514 ) ;
#4715 = DIRECTION ( 'NONE',  ( -0.000000000000000000, -0.000000000000000000, -1.000000000000000000 ) ) ;
#4716 = VECTOR ( 'NONE', #3628, 1000.000000000000000 ) ;
#4717 = ORIENTED_EDGE ( 'NONE', *, *, #1906, .F. ) ;
#4718 = AXIS2_PLACEMENT_3D ( 'NONE', #5981, #3904, #2991 ) ;
#4719 = VECTOR ( 'NONE', #1142, 1000.000000000000000 ) ;
#4720 = DIRECTION ( 'NONE',  ( -1.000000000000000000, 0.000000000000000000, 0.000000000000000000 ) ) ;
#4721 = CARTESIAN_POINT ( 'NONE',  ( -4.149999999999998579, 3.649999999999998135, 0.5000000000000032196 ) ) ;
#4722 = DIRECTION ( 'NONE',  ( 0.000000000000000000, -0.000000000000000000, -1.000000000000000000 ) ) ;
#4723 = DIRECTION ( 'NONE',  ( 0.000000000000000000, 0.000000000000000000, 1.000000000000000000 ) ) ;
#4724 = VECTOR ( 'NONE', #16, 1000.000000000000000 ) ;
#4725 = LINE ( 'NONE', #954, #2029 ) ;
#4726 = ORIENTED_EDGE ( 'NONE', *, *, #5204, .F. ) ;
#4727 = DIRECTION ( 'NONE',  ( -0.000000000000000000, -0.000000000000000000, -1.000000000000000000 ) ) ;
#4728 = EDGE_CURVE ( 'NONE', #2247, #5894, #2886, .T. ) ;
#4729 = AXIS2_PLACEMENT_3D ( 'NONE', #2294, #5358, #344 ) ;
#4730 = LINE ( 'NONE', #5467, #2894 ) ;
#4731 = DIRECTION ( 'NONE',  ( 0.000000000000000000, -0.000000000000000000, 1.000000000000000000 ) ) ;
#4732 = ORIENTED_EDGE ( 'NONE', *, *, #3848, .T. ) ;
#4733 = EDGE_CURVE ( 'NONE', #814, #4140, #3761, .T. ) ;
#4734 = LINE ( 'NONE', #138, #6404 ) ;
#4735 = ORIENTED_EDGE ( 'NONE', *, *, #2737, .F. ) ;
#4736 = AXIS2_PLACEMENT_3D ( 'NONE', #3970, #4970, #1444 ) ;
#4737 = CARTESIAN_POINT ( 'NONE',  ( 0.4000000000000032419, 0.2000000000000000111, -2.600000000000000533 ) ) ;
#4738 = EDGE_LOOP ( 'NONE', ( #2215, #368, #2515, #52 ) ) ;
#4739 = ORIENTED_EDGE ( 'NONE', *, *, #4689, .T. ) ;
#4740 = LINE ( 'NONE', #4898, #3856 ) ;
#4741 = CARTESIAN_POINT ( 'NONE',  ( -5.100000000000000533, 0.2000000000000000944, -2.000000000000000000 ) ) ;
#4742 = ORIENTED_EDGE ( 'NONE', *, *, #4081, .T. ) ;
#4743 = VERTEX_POINT ( 'NONE', #6176 ) ;
#4744 = EDGE_CURVE ( 'NONE', #3624, #5269, #1767, .T. ) ;
#4745 = EDGE_LOOP ( 'NONE', ( #992, #3512, #4582, #4035, #4273, #3613 ) ) ;
#4746 = DIRECTION ( 'NONE',  ( -0.000000000000000000, 1.000000000000000000, -0.000000000000000000 ) ) ;
#4747 = LINE ( 'NONE', #761, #681 ) ;
#4748 = ORIENTED_EDGE ( 'NONE', *, *, #4710, .T. ) ;
#4749 = ORIENTED_EDGE ( 'NONE', *, *, #6012, .T. ) ;
#4750 = CARTESIAN_POINT ( 'NONE',  ( -5.100000000000000533, 0.2000000000000000944, -2.000000000000000000 ) ) ;
#4751 = VECTOR ( 'NONE', #6103, 1000.000000000000000 ) ;
#4752 = EDGE_LOOP ( 'NONE', ( #902, #1818, #3776, #5695, #2926, #3626 ) ) ;
#4753 = AXIS2_PLACEMENT_3D ( 'NONE', #5775, #1676, #6261 ) ;
#4754 = ORIENTED_EDGE ( 'NONE', *, *, #6493, .F. ) ;
#4755 = PLANE ( 'NONE',  #5726 ) ;
#4756 = LINE ( 'NONE', #4766, #2622 ) ;
#4757 = DIRECTION ( 'NONE',  ( 0.000000000000000000, 0.000000000000000000, 1.000000000000000000 ) ) ;
#4758 = CARTESIAN_POINT ( 'NONE',  ( -3.100000000000000089, -0.05000000000000000278, 1.400000000000000577 ) ) ;
#4759 = CARTESIAN_POINT ( 'NONE',  ( 1.400000000000004130, 0.000000000000000000, -1.400000000000000577 ) ) ;
#4760 = ORIENTED_EDGE ( 'NONE', *, *, #1608, .T. ) ;
#4761 = EDGE_LOOP ( 'NONE', ( #5913, #3479, #5006, #4104 ) ) ;
#4762 = PLANE ( 'NONE',  #622 ) ;
#4763 = CARTESIAN_POINT ( 'NONE',  ( -3.100000000000000977, -0.05000000000000000278, -1.400000000000000577 ) ) ;
#4764 = VECTOR ( 'NONE', #4535, 1000.000000000000000 ) ;
#4765 = ORIENTED_EDGE ( 'NONE', *, *, #10, .T. ) ;
#4766 = CARTESIAN_POINT ( 'NONE',  ( 0.1000000000000024342, -0.05000000000000000278, 1.400000000000000577 ) ) ;
#4767 = ORIENTED_EDGE ( 'NONE', *, *, #2696, .F. ) ;
#4768 = LINE ( 'NONE', #417, #4286 ) ;
#4769 = EDGE_CURVE ( 'NONE', #6298, #4371, #4792, .T. ) ;
#4770 = CARTESIAN_POINT ( 'NONE',  ( 2.600000000000004530, 0.000000000000000000, 0.000000000000000000 ) ) ;
#4771 = EDGE_LOOP ( 'NONE', ( #415, #5368, #4818, #1902 ) ) ;
#4772 = EDGE_CURVE ( 'NONE', #6154, #3635, #28, .T. ) ;
#4773 = LINE ( 'NONE', #225, #391 ) ;
#4774 = ORIENTED_EDGE ( 'NONE', *, *, #383, .F. ) ;
#4775 = DIRECTION ( 'NONE',  ( 0.000000000000000000, 0.000000000000000000, -1.000000000000000000 ) ) ;
#4776 = VECTOR ( 'NONE', #4428, 1000.000000000000000 ) ;
#4777 = ORIENTED_EDGE ( 'NONE', *, *, #6281, .T. ) ;
#4778 = LINE ( 'NONE', #1694, #6454 ) ;
#4779 = PLANE ( 'NONE',  #2007 ) ;
#4780 = EDGE_CURVE ( 'NONE', #2543, #3553, #1538, .T. ) ;
#4781 = CARTESIAN_POINT ( 'NONE',  ( 0.4000000000000032419, -0.05000000000000000278, -1.400000000000000577 ) ) ;
#4782 = DIRECTION ( 'NONE',  ( 0.000000000000000000, -0.000000000000000000, -1.000000000000000000 ) ) ;
#4783 = ADVANCED_FACE ( 'NONE', ( #5989 ), #3322, .F. ) ;
#4784 = CARTESIAN_POINT ( 'NONE',  ( -1.599999999999998535, 0.2000000000000000111, 2.000000000000000000 ) ) ;
#4785 = CARTESIAN_POINT ( 'NONE',  ( 2.900000000000005240, 0.2000000000000000111, 2.600000000000000533 ) ) ;
#4786 = FACE_OUTER_BOUND ( 'NONE', #6006, .T. ) ;
#4787 = LINE ( 'NONE', #697, #3207 ) ;
#4788 = ADVANCED_FACE ( 'NONE', ( #5431 ), #247, .F. ) ;
#4789 = LINE ( 'NONE', #494, #495 ) ;
#4790 = LINE ( 'NONE', #5493, #724 ) ;
#4791 = EDGE_CURVE ( 'NONE', #2163, #139, #3832, .T. ) ;
#4792 = LINE ( 'NONE', #3726, #2806 ) ;
#4793 = VECTOR ( 'NONE', #3910, 1000.000000000000000 ) ;
#4794 = ORIENTED_EDGE ( 'NONE', *, *, #790, .F. ) ;
#4795 = VECTOR ( 'NONE', #2530, 1000.000000000000000 ) ;
#4796 = ORIENTED_EDGE ( 'NONE', *, *, #2272, .T. ) ;
#4797 = DIRECTION ( 'NONE',  ( 1.000000000000000000, 0.000000000000000000, -0.000000000000000000 ) ) ;
#4798 = LINE ( 'NONE', #5146, #3455 ) ;
#4799 = DIRECTION ( 'NONE',  ( 0.000000000000000000, -0.000000000000000000, -1.000000000000000000 ) ) ;
#4800 = CARTESIAN_POINT ( 'NONE',  ( -4.000000000000000000, 2.000000000000000000, 1.250000000000000666 ) ) ;
#4801 = ORIENTED_EDGE ( 'NONE', *, *, #4466, .T. ) ;
#4802 = CARTESIAN_POINT ( 'NONE',  ( -2.599999999999999645, -0.05000000000000000278, -1.400000000000000577 ) ) ;
#4803 = ORIENTED_EDGE ( 'NONE', *, *, #4255, .T. ) ;
#4804 = VECTOR ( 'NONE', #6148, 1000.000000000000000 ) ;
#4805 = DIRECTION ( 'NONE',  ( 0.000000000000000000, -1.000000000000000000, 0.000000000000000000 ) ) ;
#4806 = EDGE_CURVE ( 'NONE', #3180, #6497, #886, .T. ) ;
#4807 = EDGE_CURVE ( 'NONE', #2362, #4656, #2731, .T. ) ;
#4808 = VERTEX_POINT ( 'NONE', #1224 ) ;
#4809 = CARTESIAN_POINT ( 'NONE',  ( -0.09999999999999722999, -0.05000000000000000278, 2.600000000000000533 ) ) ;
#4810 = FACE_OUTER_BOUND ( 'NONE', #1000, .T. ) ;
#4811 = CARTESIAN_POINT ( 'NONE',  ( -5.099999999999998757, 0.000000000000000000, 2.000000000000000000 ) ) ;
#4812 = ORIENTED_EDGE ( 'NONE', *, *, #6143, .F. ) ;
#4813 = EDGE_LOOP ( 'NONE', ( #5765, #5626, #3159, #3258, #4459, #1238 ) ) ;
#4814 = VERTEX_POINT ( 'NONE', #4251 ) ;
#4815 = EDGE_CURVE ( 'NONE', #3259, #6276, #3990, .T. ) ;
#4816 = AXIS2_PLACEMENT_3D ( 'NONE', #5242, #2691, #212 ) ;
#4817 = VECTOR ( 'NONE', #2965, 1000.000000000000000 ) ;
#4818 = ORIENTED_EDGE ( 'NONE', *, *, #424, .T. ) ;
#4819 = VERTEX_POINT ( 'NONE', #5777 ) ;
#4820 = DIRECTION ( 'NONE',  ( -1.000000000000000000, 0.000000000000000000, 0.000000000000000000 ) ) ;
#4821 = DIRECTION ( 'NONE',  ( 1.000000000000000000, 0.000000000000000000, 0.000000000000000000 ) ) ;
#4822 = DIRECTION ( 'NONE',  ( 0.000000000000000000, -1.000000000000000000, 0.000000000000000000 ) ) ;
#4823 = VECTOR ( 'NONE', #905, 1000.000000000000000 ) ;
#4824 = ORIENTED_EDGE ( 'NONE', *, *, #141, .F. ) ;
#4825 = VERTEX_POINT ( 'NONE', #4763 ) ;
#4826 = LINE ( 'NONE', #2323, #1732 ) ;
#4827 = DIRECTION ( 'NONE',  ( -1.000000000000000000, 0.000000000000000000, -0.000000000000000000 ) ) ;
#4828 = VERTEX_POINT ( 'NONE', #5298 ) ;
#4829 = ORIENTED_EDGE ( 'NONE', *, *, #3327, .T. ) ;
#4830 = DIRECTION ( 'NONE',  ( -0.000000000000000000, -1.000000000000000000, -0.000000000000000000 ) ) ;
#4831 = CARTESIAN_POINT ( 'NONE',  ( -2.900000000000000355, 2.000000000000000000, 2.000000000000000000 ) ) ;
#4832 = LINE ( 'NONE', #1924, #2220 ) ;
#4833 = CARTESIAN_POINT ( 'NONE',  ( -0.3999999999999980238, 0.000000000000000000, 0.000000000000000000 ) ) ;
#4834 = ORIENTED_EDGE ( 'NONE', *, *, #968, .F. ) ;
#4835 = EDGE_LOOP ( 'NONE', ( #6453, #4975, #696, #30, #4754, #3386 ) ) ;
#4836 = CARTESIAN_POINT ( 'NONE',  ( 3.600000000000005862, 0.000000000000000000, 2.000000000000000000 ) ) ;
#4837 = ADVANCED_FACE ( 'NONE', ( #3290 ), #2277, .T. ) ;
#4838 = VECTOR ( 'NONE', #4260, 1000.000000000000000 ) ;
#4839 = ORIENTED_EDGE ( 'NONE', *, *, #2387, .F. ) ;
#4841 = VERTEX_POINT ( 'NONE', #6341 ) ;
#4840 = DIRECTION ( 'NONE',  ( 1.000000000000000000, 0.000000000000000000, 0.000000000000000000 ) ) ;
#4842 = ORIENTED_EDGE ( 'NONE', *, *, #1472, .F. ) ;
#4843 = DIRECTION ( 'NONE',  ( 1.000000000000000000, 0.000000000000000000, 0.000000000000000000 ) ) ;
#4844 = AXIS2_PLACEMENT_3D ( 'NONE', #2782, #1330, #2841 ) ;
#4845 = CARTESIAN_POINT ( 'NONE',  ( -2.900000000000000355, -0.05000000000000000278, 2.600000000000000533 ) ) ;
#4846 = ORIENTED_EDGE ( 'NONE', *, *, #3228, .T. ) ;
#4847 = ADVANCED_FACE ( 'NONE', ( #1213 ), #3261, .T. ) ;
#4848 = LINE ( 'NONE', #2761, #716 ) ;
#4849 = ORIENTED_EDGE ( 'NONE', *, *, #4124, .T. ) ;
#4850 = EDGE_CURVE ( 'NONE', #4695, #1898, #4640, .T. ) ;
#4851 = EDGE_CURVE ( 'NONE', #5519, #683, #4478, .T. ) ;
#4852 = AXIS2_PLACEMENT_3D ( 'NONE', #3657, #4697, #5707 ) ;
#4853 = LINE ( 'NONE', #3515, #1133 ) ;
#4854 = VECTOR ( 'NONE', #795, 1000.000000000000000 ) ;
#4855 = VECTOR ( 'NONE', #2211, 1000.000000000000000 ) ;
#4856 = LINE ( 'NONE', #3623, #5419 ) ;
#4857 = DIRECTION ( 'NONE',  ( 0.000000000000000000, 1.000000000000000000, 0.000000000000000000 ) ) ;
#4858 = EDGE_CURVE ( 'NONE', #4889, #4660, #806, .T. ) ;
#4859 = DIRECTION ( 'NONE',  ( -0.000000000000000000, 1.000000000000000000, -0.000000000000000000 ) ) ;
#4860 = DIRECTION ( 'NONE',  ( -0.000000000000000000, 1.000000000000000000, -0.000000000000000000 ) ) ;
#4861 = FACE_OUTER_BOUND ( 'NONE', #65, .T. ) ;
#4862 = LINE ( 'NONE', #5, #2878 ) ;
#4863 = VERTEX_POINT ( 'NONE', #202 ) ;
#4864 = VECTOR ( 'NONE', #6144, 1000.000000000000000 ) ;
#4865 = DIRECTION ( 'NONE',  ( 0.000000000000000000, 0.000000000000000000, 1.000000000000000000 ) ) ;
#4866 = CARTESIAN_POINT ( 'NONE',  ( 0.000000000000000000, -0.05000000000000000278, 0.000000000000000000 ) ) ;
#4867 = FACE_OUTER_BOUND ( 'NONE', #4771, .T. ) ;
#4868 = VECTOR ( 'NONE', #1025, 1000.000000000000000 ) ;
#4869 = DIRECTION ( 'NONE',  ( 1.000000000000000000, 0.000000000000000000, 0.000000000000000000 ) ) ;
#4870 = ORIENTED_EDGE ( 'NONE', *, *, #5227, .T. ) ;
#4871 = CARTESIAN_POINT ( 'NONE',  ( -5.099999999999998757, 0.2000000000000000944, 2.000000000000000000 ) ) ;
#4872 = LINE ( 'NONE', #1241, #5043 ) ;
#4873 = ORIENTED_EDGE ( 'NONE', *, *, #4303, .F. ) ;
#4874 = CARTESIAN_POINT ( 'NONE',  ( -0.5999999999999976463, -0.05000000000000000278, -2.600000000000000533 ) ) ;
#4875 = EDGE_CURVE ( 'NONE', #3924, #670, #971, .T. ) ;
#4876 = CARTESIAN_POINT ( 'NONE',  ( -1.099999999999998090, 0.000000000000000000, 1.400000000000000577 ) ) ;
#4877 = CARTESIAN_POINT ( 'NONE',  ( 3.400000000000005684, -0.05000000000000000278, -2.600000000000000533 ) ) ;
#4878 = LINE ( 'NONE', #6213, #4087 ) ;
#4879 = ORIENTED_EDGE ( 'NONE', *, *, #2549, .T. ) ;
#4880 = CARTESIAN_POINT ( 'NONE',  ( 2.900000000000004796, 0.000000000000000000, -2.000000000000000000 ) ) ;
#4881 = ORIENTED_EDGE ( 'NONE', *, *, #4046, .T. ) ;
#4882 = ORIENTED_EDGE ( 'NONE', *, *, #4340, .F. ) ;
#4883 = CARTESIAN_POINT ( 'NONE',  ( 0.9000000000000036859, -0.05000000000000000278, 1.400000000000000577 ) ) ;
#4884 = CARTESIAN_POINT ( 'NONE',  ( -2.599999999999999645, -0.05000000000000000278, 2.600000000000000533 ) ) ;
#4885 = EDGE_CURVE ( 'NONE', #6119, #3814, #3150, .T. ) ;
#4886 = LINE ( 'NONE', #2568, #2448 ) ;
#4887 = EDGE_CURVE ( 'NONE', #1785, #3426, #5038, .T. ) ;
#4888 = DIRECTION ( 'NONE',  ( 0.000000000000000000, -0.000000000000000000, 1.000000000000000000 ) ) ;
#4889 = VERTEX_POINT ( 'NONE', #5258 ) ;
#4890 = CARTESIAN_POINT ( 'NONE',  ( -2.399999999999999911, -0.05000000000000000278, 1.400000000000000577 ) ) ;
#4891 = VERTEX_POINT ( 'NONE', #5383 ) ;
#4892 = VERTEX_POINT ( 'NONE', #4355 ) ;
#4893 = VERTEX_POINT ( 'NONE', #268 ) ;
#4894 = VERTEX_POINT ( 'NONE', #809 ) ;
#4895 = EDGE_CURVE ( 'NONE', #4073, #6585, #5526, .T. ) ;
#4896 = FACE_OUTER_BOUND ( 'NONE', #3704, .T. ) ;
#4897 = DIRECTION ( 'NONE',  ( 0.5773502691896224004, 0.5773502691896323924, -0.5773502691896225114 ) ) ;
#4898 = CARTESIAN_POINT ( 'NONE',  ( -5.099999999999998757, 0.000000000000000000, 2.000000000000000000 ) ) ;
#4899 = ADVANCED_FACE ( 'NONE', ( #2336 ), #5446, .F. ) ;
#4900 = VERTEX_POINT ( 'NONE', #1803 ) ;
#4901 = ORIENTED_EDGE ( 'NONE', *, *, #1753, .F. ) ;
#4902 = DIRECTION ( 'NONE',  ( 0.000000000000000000, -1.000000000000000000, 0.000000000000000000 ) ) ;
#4903 = VECTOR ( 'NONE', #4120, 1000.000000000000000 ) ;
#4904 = CARTESIAN_POINT ( 'NONE',  ( -5.100000000000000533, 0.000000000000000000, -2.000000000000000000 ) ) ;
#4905 = ORIENTED_EDGE ( 'NONE', *, *, #4598, .F. ) ;
#4906 = EDGE_CURVE ( 'NONE', #2765, #4686, #6565, .T. ) ;
#4907 = DIRECTION ( 'NONE',  ( 0.000000000000000000, 0.000000000000000000, -1.000000000000000000 ) ) ;
#4908 = ORIENTED_EDGE ( 'NONE', *, *, #1876, .F. ) ;
#4909 = DIRECTION ( 'NONE',  ( 0.000000000000000000, -0.000000000000000000, 1.000000000000000000 ) ) ;
#4910 = ADVANCED_FACE ( 'NONE', ( #6082 ), #4375, .F. ) ;
#4911 = CARTESIAN_POINT ( 'NONE',  ( -2.099999999999999201, -0.05000000000000000278, 1.400000000000000577 ) ) ;
#4912 = SHAPE_DEFINITION_REPRESENTATION ( #5215, #3537 ) ;
#4913 = CARTESIAN_POINT ( 'NONE',  ( -2.399999999999999911, 0.000000000000000000, 0.000000000000000000 ) ) ;
#4914 = CARTESIAN_POINT ( 'NONE',  ( -0.5999999999999976463, -0.05000000000000000278, -2.600000000000000533 ) ) ;
#4915 = VERTEX_POINT ( 'NONE', #4418 ) ;
#4916 = VERTEX_POINT ( 'NONE', #5363 ) ;
#4917 = AXIS2_PLACEMENT_3D ( 'NONE', #2133, #1594, #5188 ) ;
#4918 = DIRECTION ( 'NONE',  ( 1.000000000000000000, 0.000000000000000000, 0.000000000000000000 ) ) ;
#4919 = LINE ( 'NONE', #3498, #703 ) ;
#4920 = ORIENTED_EDGE ( 'NONE', *, *, #1501, .T. ) ;
#4921 = LINE ( 'NONE', #4271, #5748 ) ;
#4922 = VERTEX_POINT ( 'NONE', #6406 ) ;
#4923 = CARTESIAN_POINT ( 'NONE',  ( 1.400000000000004130, -0.05000000000000000278, -2.600000000000000533 ) ) ;
#4924 = CARTESIAN_POINT ( 'NONE',  ( 2.400000000000004796, -0.05000000000000000278, -1.400000000000000577 ) ) ;
#4925 = DIRECTION ( 'NONE',  ( -0.000000000000000000, 0.000000000000000000, 1.000000000000000000 ) ) ;
#4926 = CARTESIAN_POINT ( 'NONE',  ( 0.9000000000000032419, 0.000000000000000000, -2.000000000000000000 ) ) ;
#4927 = DIRECTION ( 'NONE',  ( -1.000000000000000000, 0.000000000000000000, 0.000000000000000000 ) ) ;
#4928 = LINE ( 'NONE', #3484, #6539 ) ;
#4929 = EDGE_CURVE ( 'NONE', #6288, #3217, #4397, .T. ) ;
#4930 = VECTOR ( 'NONE', #5294, 1000.000000000000000 ) ;
#4931 = DIRECTION ( 'NONE',  ( 1.000000000000000000, 0.000000000000000000, 0.000000000000000000 ) ) ;
#4932 = LINE ( 'NONE', #3558, #2321 ) ;
#4933 = VECTOR ( 'NONE', #2544, 1000.000000000000000 ) ;
#4934 = EDGE_CURVE ( 'NONE', #2521, #4196, #6237, .T. ) ;
#4935 = DIRECTION ( 'NONE',  ( -0.000000000000000000, -0.000000000000000000, 1.000000000000000000 ) ) ;
#4936 = CARTESIAN_POINT ( 'NONE',  ( 0.6000000000000028644, 0.000000000000000000, 1.400000000000000577 ) ) ;
#4937 = FACE_OUTER_BOUND ( 'NONE', #4536, .T. ) ;
#4938 = ORIENTED_EDGE ( 'NONE', *, *, #5214, .F. ) ;
#4939 = VECTOR ( 'NONE', #6447, 1000.000000000000000 ) ;
#4940 = DIRECTION ( 'NONE',  ( 0.000000000000000000, 0.000000000000000000, 1.000000000000000000 ) ) ;
#4941 = ADVANCED_FACE ( 'NONE', ( #4861 ), #5877, .F. ) ;
#4942 = VECTOR ( 'NONE', #727, 1000.000000000000000 ) ;
#4943 = SURFACE_STYLE_USAGE ( .BOTH. , #4440 ) ;
#4944 = LINE ( 'NONE', #5900, #4793 ) ;
#4945 = ORIENTED_EDGE ( 'NONE', *, *, #3727, .F. ) ;
#4946 = VECTOR ( 'NONE', #1964, 1000.000000000000000 ) ;
#4947 = PLANE ( 'NONE',  #2758 ) ;
#4948 = ORIENTED_EDGE ( 'NONE', *, *, #6449, .F. ) ;
#4949 = DIRECTION ( 'NONE',  ( 1.000000000000000000, 0.000000000000000000, -0.000000000000000000 ) ) ;
#4950 = CARTESIAN_POINT ( 'NONE',  ( 2.900000000000005240, -0.05000000000000000278, -2.600000000000000533 ) ) ;
#4951 = DIRECTION ( 'NONE',  ( -1.000000000000000000, 0.000000000000000000, 0.000000000000000000 ) ) ;
#4952 = DIRECTION ( 'NONE',  ( -1.000000000000000000, 0.000000000000000000, -0.000000000000000000 ) ) ;
#4953 = ORIENTED_EDGE ( 'NONE', *, *, #752, .F. ) ;
#4954 = DIRECTION ( 'NONE',  ( 0.000000000000000000, -1.000000000000000000, 0.000000000000000000 ) ) ;
#4955 = EDGE_CURVE ( 'NONE', #6363, #1278, #4324, .T. ) ;
#4956 = LINE ( 'NONE', #2205, #2117 ) ;
#4957 = CARTESIAN_POINT ( 'NONE',  ( 2.100000000000004086, -0.05000000000000000278, -1.400000000000000577 ) ) ;
#4958 = CARTESIAN_POINT ( 'NONE',  ( 0.4000000000000032419, 0.000000000000000000, 1.400000000000000577 ) ) ;
#4959 = EDGE_LOOP ( 'NONE', ( #1996, #5915, #1981, #1839, #3602, #3313 ) ) ;
#4960 = EDGE_LOOP ( 'NONE', ( #4679, #2290, #3961, #2596, #542, #496 ) ) ;
#4961 = VERTEX_POINT ( 'NONE', #786 ) ;
#4962 = CARTESIAN_POINT ( 'NONE',  ( -3.100000000000000977, -0.05000000000000000278, -2.600000000000000533 ) ) ;
#4963 = VECTOR ( 'NONE', #3480, 1000.000000000000000 ) ;
#4964 = ORIENTED_EDGE ( 'NONE', *, *, #684, .F. ) ;
#4965 = ORIENTED_EDGE ( 'NONE', *, *, #45, .T. ) ;
#4966 = AXIS2_PLACEMENT_3D ( 'NONE', #970, #3522, #6547 ) ;
#4967 = CARTESIAN_POINT ( 'NONE',  ( 5.099999999999998757, 2.000000000000000000, -2.000000000000000000 ) ) ;
#4968 = ORIENTED_EDGE ( 'NONE', *, *, #6058, .T. ) ;
#4969 = ORIENTED_EDGE ( 'NONE', *, *, #1369, .F. ) ;
#4970 = DIRECTION ( 'NONE',  ( -1.000000000000000000, 0.000000000000000000, -0.000000000000000000 ) ) ;
#4971 = CARTESIAN_POINT ( 'NONE',  ( -1.599999999999998535, -0.05000000000000000278, -1.400000000000000577 ) ) ;
#4972 = CARTESIAN_POINT ( 'NONE',  ( 3.400000000000005684, -0.05000000000000000278, 1.400000000000000577 ) ) ;
#4973 = LINE ( 'NONE', #4038, #5864 ) ;
#4974 = CARTESIAN_POINT ( 'NONE',  ( 3.100000000000004974, -0.05000000000000000278, -2.600000000000000533 ) ) ;
#4975 = ORIENTED_EDGE ( 'NONE', *, *, #6290, .T. ) ;
#4976 = VERTEX_POINT ( 'NONE', #2892 ) ;
#4977 = DIRECTION ( 'NONE',  ( 0.000000000000000000, 1.000000000000000000, 0.000000000000000000 ) ) ;
#4978 = DIRECTION ( 'NONE',  ( 0.000000000000000000, 0.000000000000000000, 1.000000000000000000 ) ) ;
#4979 = EDGE_CURVE ( 'NONE', #4016, #2766, #3301, .T. ) ;
#4980 = EDGE_CURVE ( 'NONE', #3937, #840, #3372, .T. ) ;
#4981 = DIRECTION ( 'NONE',  ( -0.000000000000000000, 0.000000000000000000, 1.000000000000000000 ) ) ;
#4982 = AXIS2_PLACEMENT_3D ( 'NONE', #2526, #5046, #1426 ) ;
#4983 = VECTOR ( 'NONE', #601, 1000.000000000000000 ) ;
#4984 = DIRECTION ( 'NONE',  ( 0.000000000000000000, 0.000000000000000000, -1.000000000000000000 ) ) ;
#4985 = ORIENTED_EDGE ( 'NONE', *, *, #4255, .F. ) ;
#4986 = VERTEX_POINT ( 'NONE', #4880 ) ;
#4987 = DIRECTION ( 'NONE',  ( 0.000000000000000000, 0.000000000000000000, 1.000000000000000000 ) ) ;
#4988 = CARTESIAN_POINT ( 'NONE',  ( 3.100000000000004974, -0.05000000000000000278, -1.400000000000000577 ) ) ;
#4989 = FACE_OUTER_BOUND ( 'NONE', #6160, .T. ) ;
#4990 = EDGE_CURVE ( 'NONE', #176, #5820, #5848, .T. ) ;
#4991 = DIRECTION ( 'NONE',  ( 0.000000000000000000, 0.000000000000000000, -1.000000000000000000 ) ) ;
#4992 = ORIENTED_EDGE ( 'NONE', *, *, #2107, .F. ) ;
#4993 = EDGE_LOOP ( 'NONE', ( #4501, #3387, #6259, #3804 ) ) ;
#4994 = PLANE ( 'NONE',  #6353 ) ;
#4995 = VECTOR ( 'NONE', #5696, 1000.000000000000000 ) ;
#4996 = CARTESIAN_POINT ( 'NONE',  ( -1.899999999999999245, 0.000000000000000000, 2.000000000000000000 ) ) ;
#4997 = VERTEX_POINT ( 'NONE', #1842 ) ;
#4998 = ORIENTED_EDGE ( 'NONE', *, *, #1013, .F. ) ;
#4999 = CARTESIAN_POINT ( 'NONE',  ( -1.099999999999998090, 0.2000000000000000111, -1.400000000000000577 ) ) ;
#5000 = LINE ( 'NONE', #2034, #1196 ) ;
#5001 = DIRECTION ( 'NONE',  ( -1.000000000000000000, -0.000000000000000000, -0.000000000000000000 ) ) ;
#5002 = EDGE_CURVE ( 'NONE', #2398, #4997, #3533, .T. ) ;
#5003 = PLANE ( 'NONE',  #3080 ) ;
#5004 = ORIENTED_EDGE ( 'NONE', *, *, #2049, .F. ) ;
#5005 = CARTESIAN_POINT ( 'NONE',  ( -3.900000000000000799, 3.899999999999999911, -0.6500000000000000222 ) ) ;
#5006 = ORIENTED_EDGE ( 'NONE', *, *, #6233, .T. ) ;
#5007 = VERTEX_POINT ( 'NONE', #3886 ) ;
#5008 = CARTESIAN_POINT ( 'NONE',  ( 3.400000000000005684, -0.05000000000000000278, -2.600000000000000533 ) ) ;
#5009 = ADVANCED_FACE ( 'NONE', ( #5201 ), #327, .F. ) ;
#5010 = PLANE ( 'NONE',  #2447 ) ;
#5011 = CARTESIAN_POINT ( 'NONE',  ( -5.100000000000000533, 0.000000000000000000, -2.000000000000000000 ) ) ;
#5012 = LINE ( 'NONE', #3869, #6136 ) ;
#5013 = ORIENTED_EDGE ( 'NONE', *, *, #2650, .F. ) ;
#5014 = LINE ( 'NONE', #1715, #2090 ) ;
#5015 = VERTEX_POINT ( 'NONE', #2866 ) ;
#5016 = AXIS2_PLACEMENT_3D ( 'NONE', #881, #6388, #5964 ) ;
#5017 = CARTESIAN_POINT ( 'NONE',  ( 0.000000000000000000, -0.05000000000000000278, 0.000000000000000000 ) ) ;
#5018 = ADVANCED_FACE ( 'NONE', ( #1700 ), #854, .F. ) ;
#5019 = VECTOR ( 'NONE', #2539, 1000.000000000000000 ) ;
#5020 = LINE ( 'NONE', #2371, #485 ) ;
#5021 = EDGE_CURVE ( 'NONE', #691, #5894, #659, .T. ) ;
#5022 = PLANE ( 'NONE',  #755 ) ;
#5023 = EDGE_CURVE ( 'NONE', #723, #357, #3696, .T. ) ;
#5024 = AXIS2_PLACEMENT_3D ( 'NONE', #5166, #621, #4179 ) ;
#5025 = LINE ( 'NONE', #537, #408 ) ;
#5026 = VECTOR ( 'NONE', #4036, 1000.000000000000000 ) ;
#5027 = DIRECTION ( 'NONE',  ( 0.000000000000000000, -0.000000000000000000, -1.000000000000000000 ) ) ;
#5028 = DIRECTION ( 'NONE',  ( 1.000000000000000000, 0.000000000000000000, -0.000000000000000000 ) ) ;
#5029 = LINE ( 'NONE', #3204, #335 ) ;
#5030 = VECTOR ( 'NONE', #5429, 1000.000000000000000 ) ;
#5031 = VECTOR ( 'NONE', #5048, 1000.000000000000000 ) ;
#5032 = EDGE_CURVE ( 'NONE', #6356, #5810, #582, .T. ) ;
#5033 = CARTESIAN_POINT ( 'NONE',  ( 0.000000000000000000, -0.05000000000000000278, 0.000000000000000000 ) ) ;
#5034 = AXIS2_PLACEMENT_3D ( 'NONE', #2327, #316, #1280 ) ;
#5035 = DIRECTION ( 'NONE',  ( 0.000000000000000000, -1.000000000000000000, 0.000000000000000000 ) ) ;
#5036 = CARTESIAN_POINT ( 'NONE',  ( 3.600000000000005418, 0.000000000000000000, -1.400000000000000577 ) ) ;
#5037 = LINE ( 'NONE', #3376, #1464 ) ;
#5038 = LINE ( 'NONE', #1780, #1941 ) ;
#5039 = ORIENTED_EDGE ( 'NONE', *, *, #1369, .T. ) ;
#5040 = CARTESIAN_POINT ( 'NONE',  ( -1.599999999999998535, -0.05000000000000000278, -2.600000000000000533 ) ) ;
#5041 = CARTESIAN_POINT ( 'NONE',  ( 1.100000000000003419, -0.05000000000000000278, -1.400000000000000577 ) ) ;
#5042 = ADVANCED_FACE ( 'NONE', ( #6395 ), #5022, .F. ) ;
#5043 = VECTOR ( 'NONE', #4940, 1000.000000000000000 ) ;
#5044 = CARTESIAN_POINT ( 'NONE',  ( -2.900000000000000355, 0.2000000000000000944, 2.000000000000000000 ) ) ;
#5045 = EDGE_CURVE ( 'NONE', #1223, #3264, #4487, .T. ) ;
#5046 = DIRECTION ( 'NONE',  ( -0.7071067811865536790, 0.7071067811865414665, 0.000000000000000000 ) ) ;
#5047 = ORIENTED_EDGE ( 'NONE', *, *, #2059, .F. ) ;
#5048 = DIRECTION ( 'NONE',  ( -0.000000000000000000, -0.000000000000000000, -1.000000000000000000 ) ) ;
#5049 = CARTESIAN_POINT ( 'NONE',  ( -0.3999999999999975797, 2.000000000000000000, -2.000000000000000000 ) ) ;
#5050 = DIRECTION ( 'NONE',  ( -1.000000000000000000, 0.000000000000000000, 0.000000000000000000 ) ) ;
#5051 = LINE ( 'NONE', #4133, #6088 ) ;
#5052 = CARTESIAN_POINT ( 'NONE',  ( 0.000000000000000000, -0.05000000000000000278, 0.000000000000000000 ) ) ;
#5053 = ADVANCED_FACE ( 'NONE', ( #6076 ), #998, .F. ) ;
#5054 = ORIENTED_EDGE ( 'NONE', *, *, #5573, .F. ) ;
#5055 = VERTEX_POINT ( 'NONE', #2968 ) ;
#5056 = DIRECTION ( 'NONE',  ( 1.000000000000000000, 0.000000000000000000, 0.000000000000000000 ) ) ;
#5057 = ORIENTED_EDGE ( 'NONE', *, *, #762, .F. ) ;
#5058 = FACE_OUTER_BOUND ( 'NONE', #1666, .T. ) ;
#5059 = CARTESIAN_POINT ( 'NONE',  ( -1.899999999999999245, 0.2000000000000000111, -2.000000000000000000 ) ) ;
#5060 = ORIENTED_EDGE ( 'NONE', *, *, #1068, .T. ) ;
#5061 = ORIENTED_EDGE ( 'NONE', *, *, #5725, .F. ) ;
#5062 = DIRECTION ( 'NONE',  ( -0.000000000000000000, -0.000000000000000000, 1.000000000000000000 ) ) ;
#5063 = FACE_OUTER_BOUND ( 'NONE', #1469, .T. ) ;
#5064 = PLANE ( 'NONE',  #2228 ) ;
#5065 = EDGE_CURVE ( 'NONE', #5132, #3233, #421, .T. ) ;
#5066 = EDGE_LOOP ( 'NONE', ( #2741, #2637, #3130, #3784 ) ) ;
#5067 = ORIENTED_EDGE ( 'NONE', *, *, #2721, .T. ) ;
#5068 = CARTESIAN_POINT ( 'NONE',  ( -3.100000000000000977, -0.05000000000000000278, -2.600000000000000533 ) ) ;
#5069 = VECTOR ( 'NONE', #4652, 1000.000000000000000 ) ;
#5070 = CARTESIAN_POINT ( 'NONE',  ( 2.032879073410319335E-16, 3.899999999999999911, 0.7499999999999993339 ) ) ;
#5071 = ORIENTED_EDGE ( 'NONE', *, *, #4186, .F. ) ;
#5072 = CARTESIAN_POINT ( 'NONE',  ( -3.600000000000000533, -0.05000000000000000278, -1.400000000000000577 ) ) ;
#5073 = VERTEX_POINT ( 'NONE', #3972 ) ;
#5074 = EDGE_CURVE ( 'NONE', #1874, #1255, #1777, .T. ) ;
#5075 = CARTESIAN_POINT ( 'NONE',  ( 0.4000000000000032419, 0.2000000000000000111, 2.600000000000000533 ) ) ;
#5076 = AXIS2_PLACEMENT_3D ( 'NONE', #2224, #4278, #6291 ) ;
#5077 = CARTESIAN_POINT ( 'NONE',  ( -0.8999999999999980238, 2.000000000000000000, 2.000000000000000000 ) ) ;
#5078 = ADVANCED_FACE ( 'NONE', ( #5693 ), #6056, .F. ) ;
#5079 = VECTOR ( 'NONE', #4145, 1000.000000000000000 ) ;
#5080 = VERTEX_POINT ( 'NONE', #6574 ) ;
#5081 = ORIENTED_EDGE ( 'NONE', *, *, #1682, .T. ) ;
#5082 = CARTESIAN_POINT ( 'NONE',  ( -2.599999999999999645, 0.2000000000000000111, -2.600000000000000533 ) ) ;
#5083 = EDGE_CURVE ( 'NONE', #1479, #5362, #5914, .T. ) ;
#5084 = CARTESIAN_POINT ( 'NONE',  ( -1.399999999999998801, 2.000000000000000000, -2.000000000000000000 ) ) ;
#5085 = FACE_BOUND ( 'NONE', #167, .T. ) ;
#5086 = ADVANCED_FACE ( 'NONE', ( #2508 ), #2010, .T. ) ;
#5087 = ORIENTED_EDGE ( 'NONE', *, *, #3790, .F. ) ;
#5088 = VERTEX_POINT ( 'NONE', #2941 ) ;
#5089 = DIRECTION ( 'NONE',  ( -0.000000000000000000, -0.000000000000000000, 1.000000000000000000 ) ) ;
#5090 = VECTOR ( 'NONE', #2824, 1000.000000000000000 ) ;
#5091 = CARTESIAN_POINT ( 'NONE',  ( 1.600000000000003864, -0.05000000000000000278, -2.600000000000000533 ) ) ;
#5092 = VERTEX_POINT ( 'NONE', #1960 ) ;
#5093 = LINE ( 'NONE', #3661, #635 ) ;
#5094 = EDGE_LOOP ( 'NONE', ( #5257, #5761, #6023, #3473, #5141, #5013 ) ) ;
#5095 = CARTESIAN_POINT ( 'NONE',  ( -3.400000000000000799, -0.05000000000000000278, -2.600000000000000533 ) ) ;
#5096 = DIRECTION ( 'NONE',  ( -0.000000000000000000, -0.000000000000000000, -1.000000000000000000 ) ) ;
#5097 = DIRECTION ( 'NONE',  ( -0.000000000000000000, 1.000000000000000000, -0.000000000000000000 ) ) ;
#5098 = PLANE ( 'NONE',  #3154 ) ;
#5099 = FACE_OUTER_BOUND ( 'NONE', #2253, .T. ) ;
#5100 = DIRECTION ( 'NONE',  ( -1.000000000000000000, 0.000000000000000000, 0.000000000000000000 ) ) ;
#5101 = FACE_OUTER_BOUND ( 'NONE', #4761, .T. ) ;
#5102 = CARTESIAN_POINT ( 'NONE',  ( 2.400000000000004352, 0.000000000000000000, 2.000000000000000000 ) ) ;
#5103 = LINE ( 'NONE', #3591, #4382 ) ;
#5104 = LINE ( 'NONE', #4510, #4933 ) ;
#5105 = CARTESIAN_POINT ( 'NONE',  ( 2.600000000000004974, 0.000000000000000000, -2.000000000000000000 ) ) ;
#5106 = CARTESIAN_POINT ( 'NONE',  ( 2.900000000000004796, 2.000000000000000000, 2.000000000000000000 ) ) ;
#5107 = ORIENTED_EDGE ( 'NONE', *, *, #6305, .F. ) ;
#5108 = LINE ( 'NONE', #571, #4310 ) ;
#5109 = DIRECTION ( 'NONE',  ( -1.000000000000000000, 0.000000000000000000, 0.000000000000000000 ) ) ;
#5110 = EDGE_CURVE ( 'NONE', #3859, #5132, #5360, .T. ) ;
#5111 = CARTESIAN_POINT ( 'NONE',  ( 0.9000000000000036859, -0.05000000000000000278, 1.400000000000000577 ) ) ;
#5112 = EDGE_CURVE ( 'NONE', #1725, #6490, #6247, .T. ) ;
#5113 = AXIS2_PLACEMENT_3D ( 'NONE', #1911, #418, #3545 ) ;
#5114 = DIRECTION ( 'NONE',  ( 1.000000000000000000, 0.000000000000000000, 0.000000000000000000 ) ) ;
#5115 = VECTOR ( 'NONE', #579, 1000.000000000000000 ) ;
#5116 = ORIENTED_EDGE ( 'NONE', *, *, #2444, .T. ) ;
#5117 = VECTOR ( 'NONE', #445, 1000.000000000000000 ) ;
#5118 = CARTESIAN_POINT ( 'NONE',  ( 0.6000000000000028644, -0.05000000000000000278, -1.400000000000000577 ) ) ;
#5119 = CARTESIAN_POINT ( 'NONE',  ( -1.399999999999998801, -0.05000000000000000278, 1.400000000000000577 ) ) ;
#5120 = ADVANCED_FACE ( 'NONE', ( #3540 ), #4517, .F. ) ;
#5121 = ORIENTED_EDGE ( 'NONE', *, *, #6304, .F. ) ;
#5122 = EDGE_CURVE ( 'NONE', #694, #206, #4725, .T. ) ;
#5123 = FACE_OUTER_BOUND ( 'NONE', #3419, .T. ) ;
#5124 = VERTEX_POINT ( 'NONE', #901 ) ;
#5125 = PRODUCT ( 'lb230（公）', 'lb230（公）', '', ( #4019 ) ) ;
#5126 = PLANE ( 'NONE',  #2770 ) ;
#5127 = LINE ( 'NONE', #5185, #5615 ) ;
#5128 = ORIENTED_EDGE ( 'NONE', *, *, #811, .F. ) ;
#5129 = CARTESIAN_POINT ( 'NONE',  ( 4.000000000000000000, 2.000000000000000000, -0.6500000000000000222 ) ) ;
#5130 = VERTEX_POINT ( 'NONE', #3020 ) ;
#5131 = CARTESIAN_POINT ( 'NONE',  ( -2.399999999999999911, -0.05000000000000000278, -2.600000000000000533 ) ) ;
#5132 = VERTEX_POINT ( 'NONE', #6096 ) ;
#5133 = DIRECTION ( 'NONE',  ( 0.000000000000000000, -1.000000000000000000, 0.000000000000000000 ) ) ;
#5134 = EDGE_CURVE ( 'NONE', #3560, #5476, #503, .T. ) ;
#5135 = PLANE ( 'NONE',  #2487 ) ;
#5136 = VECTOR ( 'NONE', #5096, 1000.000000000000000 ) ;
#5137 = EDGE_LOOP ( 'NONE', ( #5155, #1187, #2659, #887, #4595, #3241 ) ) ;
#5138 = CARTESIAN_POINT ( 'NONE',  ( 0.9000000000000036859, -0.05000000000000000278, -2.600000000000000533 ) ) ;
#5139 = ORIENTED_EDGE ( 'NONE', *, *, #2815, .F. ) ;
#5140 = ORIENTED_EDGE ( 'NONE', *, *, #4234, .F. ) ;
#5141 = ORIENTED_EDGE ( 'NONE', *, *, #6012, .F. ) ;
#5142 = CARTESIAN_POINT ( 'NONE',  ( 1.600000000000003864, -0.05000000000000000278, 2.600000000000000533 ) ) ;
#5143 = CARTESIAN_POINT ( 'NONE',  ( -1.599999999999998535, -0.05000000000000000278, -2.600000000000000533 ) ) ;
#5144 = VECTOR ( 'NONE', #1956, 1000.000000000000000 ) ;
#5145 = CARTESIAN_POINT ( 'NONE',  ( -4.000000000000000000, 3.799999999999998490, -1.249999999999999778 ) ) ;
#5146 = CARTESIAN_POINT ( 'NONE',  ( 2.100000000000004086, -0.05000000000000000278, -2.600000000000000533 ) ) ;
#5147 = ORIENTED_EDGE ( 'NONE', *, *, #4769, .F. ) ;
#5148 = AXIS2_PLACEMENT_3D ( 'NONE', #290, #4187, #3282 ) ;
#5149 = VERTEX_POINT ( 'NONE', #4061 ) ;
#5150 = CARTESIAN_POINT ( 'NONE',  ( 3.400000000000005684, -0.05000000000000000278, 2.600000000000000533 ) ) ;
#5151 = CARTESIAN_POINT ( 'NONE',  ( 3.400000000000005684, -0.05000000000000000278, 2.600000000000000533 ) ) ;
#5152 = VECTOR ( 'NONE', #4543, 1000.000000000000000 ) ;
#5153 = DIRECTION ( 'NONE',  ( 0.000000000000000000, -1.000000000000000000, 0.000000000000000000 ) ) ;
#5154 = VERTEX_POINT ( 'NONE', #96 ) ;
#5155 = ORIENTED_EDGE ( 'NONE', *, *, #3669, .T. ) ;
#5156 = EDGE_CURVE ( 'NONE', #1015, #5995, #2019, .T. ) ;
#5157 = DIRECTION ( 'NONE',  ( 1.000000000000000000, -0.000000000000000000, 0.000000000000000000 ) ) ;
#5158 = EDGE_CURVE ( 'NONE', #4208, #5303, #5997, .T. ) ;
#5159 = CARTESIAN_POINT ( 'NONE',  ( 5.099999999999998757, 2.000000000000000000, -2.000000000000000000 ) ) ;
#5160 = LINE ( 'NONE', #493, #1889 ) ;
#5161 = EDGE_LOOP ( 'NONE', ( #541, #3771, #5373, #5485 ) ) ;
#5162 = ORIENTED_EDGE ( 'NONE', *, *, #1876, .T. ) ;
#5163 = CARTESIAN_POINT ( 'NONE',  ( -2.099999999999999201, 0.000000000000000000, 1.400000000000000577 ) ) ;
#5164 = DIRECTION ( 'NONE',  ( 1.000000000000000000, 0.000000000000000000, 0.000000000000000000 ) ) ;
#5165 = FACE_OUTER_BOUND ( 'NONE', #4738, .T. ) ;
#5166 = CARTESIAN_POINT ( 'NONE',  ( 0.000000000000000000, 0.2000000000000000111, 0.000000000000000000 ) ) ;
#5167 = EDGE_CURVE ( 'NONE', #989, #1691, #3293, .T. ) ;
#5168 = DIRECTION ( 'NONE',  ( 0.000000000000000000, -1.000000000000000000, 0.000000000000000000 ) ) ;
#5169 = ORIENTED_EDGE ( 'NONE', *, *, #3413, .F. ) ;
#5170 = AXIS2_PLACEMENT_3D ( 'NONE', #5222, #1727, #5828 ) ;
#5171 = ORIENTED_EDGE ( 'NONE', *, *, #2433, .F. ) ;
#5172 = CARTESIAN_POINT ( 'NONE',  ( 1.900000000000004130, 2.000000000000000000, -2.000000000000000000 ) ) ;
#5173 = VECTOR ( 'NONE', #532, 1000.000000000000000 ) ;
#5174 = ORIENTED_EDGE ( 'NONE', *, *, #589, .T. ) ;
#5175 = ORIENTED_EDGE ( 'NONE', *, *, #3184, .F. ) ;
#5176 = ORIENTED_EDGE ( 'NONE', *, *, #4303, .T. ) ;
#5177 = DIRECTION ( 'NONE',  ( 0.000000000000000000, 0.000000000000000000, 1.000000000000000000 ) ) ;
#5178 = FACE_OUTER_BOUND ( 'NONE', #2368, .T. ) ;
#5179 = ORIENTED_EDGE ( 'NONE', *, *, #4056, .T. ) ;
#5180 = VECTOR ( 'NONE', #5422, 1000.000000000000000 ) ;
#5181 = CARTESIAN_POINT ( 'NONE',  ( -3.600000000000000533, 0.000000000000000000, 0.000000000000000000 ) ) ;
#5182 = ORIENTED_EDGE ( 'NONE', *, *, #4559, .T. ) ;
#5183 = LINE ( 'NONE', #4593, #787 ) ;
#5184 = VECTOR ( 'NONE', #2854, 1000.000000000000000 ) ;
#5185 = CARTESIAN_POINT ( 'NONE',  ( 1.400000000000004130, -0.05000000000000000278, -2.600000000000000533 ) ) ;
#5186 = EDGE_CURVE ( 'NONE', #5489, #3560, #1934, .T. ) ;
#5187 = DIRECTION ( 'NONE',  ( 0.000000000000000000, -1.000000000000000000, 0.000000000000000000 ) ) ;
#5188 = DIRECTION ( 'NONE',  ( -0.000000000000000000, 0.000000000000000000, -1.000000000000000000 ) ) ;
#5189 = CARTESIAN_POINT ( 'NONE',  ( -5.100000000000000533, 0.000000000000000000, -2.000000000000000000 ) ) ;
#5190 = VECTOR ( 'NONE', #3758, 1000.000000000000000 ) ;
#5191 = LINE ( 'NONE', #1158, #1138 ) ;
#5192 = PLANE ( 'NONE',  #2880 ) ;
#5193 = DIRECTION ( 'NONE',  ( 1.000000000000000000, 0.000000000000000000, 0.000000000000000000 ) ) ;
#5194 = VECTOR ( 'NONE', #1681, 1000.000000000000000 ) ;
#5195 = VERTEX_POINT ( 'NONE', #5163 ) ;
#5196 = VERTEX_POINT ( 'NONE', #1536 ) ;
#5197 = VECTOR ( 'NONE', #477, 1000.000000000000000 ) ;
#5198 = CARTESIAN_POINT ( 'NONE',  ( 0.000000000000000000, 3.899999999999999911, 0.000000000000000000 ) ) ;
#5199 = DIRECTION ( 'NONE',  ( 1.000000000000000000, 0.000000000000000000, 0.000000000000000000 ) ) ;
#5200 = LINE ( 'NONE', #5084, #6246 ) ;
#5201 = FACE_OUTER_BOUND ( 'NONE', #6542, .T. ) ;
#5202 = EDGE_CURVE ( 'NONE', #4961, #4514, #2583, .T. ) ;
#5203 = PLANE ( 'NONE',  #6059 ) ;
#5204 = EDGE_CURVE ( 'NONE', #1660, #1425, #2734, .T. ) ;
#5205 = AXIS2_PLACEMENT_3D ( 'NONE', #5999, #3880, #2426 ) ;
#5206 = EDGE_LOOP ( 'NONE', ( #6108, #3813, #2931, #5973 ) ) ;
#5207 = CARTESIAN_POINT ( 'NONE',  ( 0.000000000000000000, -0.05000000000000000278, 0.000000000000000000 ) ) ;
#5208 = CARTESIAN_POINT ( 'NONE',  ( 0.4000000000000032419, -0.05000000000000000278, 1.400000000000000577 ) ) ;
#5209 = DIRECTION ( 'NONE',  ( 0.000000000000000000, -0.000000000000000000, -1.000000000000000000 ) ) ;
#5210 = VECTOR ( 'NONE', #5831, 1000.000000000000000 ) ;
#5211 = DIRECTION ( 'NONE',  ( -1.000000000000000000, 0.000000000000000000, -0.000000000000000000 ) ) ;
#5212 = DIRECTION ( 'NONE',  ( 1.000000000000000000, 0.000000000000000000, 0.000000000000000000 ) ) ;
#5213 = ORIENTED_EDGE ( 'NONE', *, *, #1024, .F. ) ;
#5214 = EDGE_CURVE ( 'NONE', #3198, #4016, #416, .T. ) ;
#5215 = PRODUCT_DEFINITION_SHAPE ( 'NONE', 'NONE',  #3008 ) ;
#5216 = VECTOR ( 'NONE', #1649, 1000.000000000000000 ) ;
#5217 = ORIENTED_EDGE ( 'NONE', *, *, #2747, .F. ) ;
#5218 = CARTESIAN_POINT ( 'NONE',  ( -2.900000000000000355, -0.05000000000000000278, -1.400000000000000577 ) ) ;
#5219 = VERTEX_POINT ( 'NONE', #5091 ) ;
#5220 = ORIENTED_EDGE ( 'NONE', *, *, #1450, .F. ) ;
#5221 = LINE ( 'NONE', #529, #5144 ) ;
#5222 = CARTESIAN_POINT ( 'NONE',  ( 0.9000000000000036859, -0.05000000000000000278, 1.400000000000000577 ) ) ;
#5223 = DIRECTION ( 'NONE',  ( 0.000000000000000000, 1.000000000000000000, 0.000000000000000000 ) ) ;
#5224 = VERTEX_POINT ( 'NONE', #5591 ) ;
#5225 = ORIENTED_EDGE ( 'NONE', *, *, #6560, .F. ) ;
#5226 = PLANE ( 'NONE',  #580 ) ;
#5227 = EDGE_CURVE ( 'NONE', #1425, #2235, #2105, .T. ) ;
#5228 = VECTOR ( 'NONE', #282, 1000.000000000000000 ) ;
#5229 = ORIENTED_EDGE ( 'NONE', *, *, #4124, .F. ) ;
#5230 = DIRECTION ( 'NONE',  ( 0.000000000000000000, 0.000000000000000000, 1.000000000000000000 ) ) ;
#5231 = ORIENTED_EDGE ( 'NONE', *, *, #939, .T. ) ;
#5232 = DIRECTION ( 'NONE',  ( 0.000000000000000000, -1.000000000000000000, 0.000000000000000000 ) ) ;
#5233 = CARTESIAN_POINT ( 'NONE',  ( -2.099999999999999201, 2.000000000000000000, 2.000000000000000000 ) ) ;
#5234 = AXIS2_PLACEMENT_3D ( 'NONE', #2262, #1749, #698 ) ;
#5235 = ORIENTED_EDGE ( 'NONE', *, *, #4689, .F. ) ;
#5236 = VERTEX_POINT ( 'NONE', #3584 ) ;
#5237 = CARTESIAN_POINT ( 'NONE',  ( 4.000000000000000000, 3.799999999999998490, 1.249999999999998890 ) ) ;
#5238 = VECTOR ( 'NONE', #4482, 1000.000000000000000 ) ;
#5239 = ORIENTED_EDGE ( 'NONE', *, *, #3220, .T. ) ;
#5240 = ORIENTED_EDGE ( 'NONE', *, *, #3503, .F. ) ;
#5241 = EDGE_CURVE ( 'NONE', #6003, #6575, #3448, .T. ) ;
#5242 = CARTESIAN_POINT ( 'NONE',  ( 1.900000000000004574, -0.05000000000000000278, 1.400000000000000577 ) ) ;
#5243 = EDGE_CURVE ( 'NONE', #1376, #6328, #889, .T. ) ;
#5244 = CARTESIAN_POINT ( 'NONE',  ( 0.000000000000000000, 0.2000000000000000111, 0.000000000000000000 ) ) ;
#5245 = LINE ( 'NONE', #235, #6047 ) ;
#5246 = DIRECTION ( 'NONE',  ( -0.000000000000000000, -0.000000000000000000, -1.000000000000000000 ) ) ;
#5247 = ORIENTED_EDGE ( 'NONE', *, *, #5887, .T. ) ;
#5248 = VERTEX_POINT ( 'NONE', #5678 ) ;
#5249 = DIRECTION ( 'NONE',  ( 0.000000000000000000, -0.000000000000000000, -1.000000000000000000 ) ) ;
#5250 = EDGE_CURVE ( 'NONE', #5248, #4095, #1459, .T. ) ;
#5251 = VECTOR ( 'NONE', #6451, 1000.000000000000000 ) ;
#5252 = DIRECTION ( 'NONE',  ( 0.000000000000000000, -0.000000000000000000, 1.000000000000000000 ) ) ;
#5253 = DIRECTION ( 'NONE',  ( 0.000000000000000000, 0.000000000000000000, -1.000000000000000000 ) ) ;
#5254 = ORIENTED_EDGE ( 'NONE', *, *, #5156, .F. ) ;
#5255 = DIRECTION ( 'NONE',  ( 0.000000000000000000, -0.000000000000000000, -1.000000000000000000 ) ) ;
#5256 = FACE_OUTER_BOUND ( 'NONE', #3918, .T. ) ;
#5257 = ORIENTED_EDGE ( 'NONE', *, *, #321, .T. ) ;
#5258 = CARTESIAN_POINT ( 'NONE',  ( 2.100000000000004086, -0.05000000000000000278, -1.400000000000000577 ) ) ;
#5259 = DIRECTION ( 'NONE',  ( -0.000000000000000000, 1.000000000000000000, -0.000000000000000000 ) ) ;
#5260 = LINE ( 'NONE', #2394, #4776 ) ;
#5261 = VECTOR ( 'NONE', #4491, 1000.000000000000000 ) ;
#5262 = EDGE_CURVE ( 'NONE', #6125, #4976, #5686, .T. ) ;
#5263 = PLANE ( 'NONE',  #5076 ) ;
#5264 = CARTESIAN_POINT ( 'NONE',  ( 0.4000000000000032419, 0.000000000000000000, 0.000000000000000000 ) ) ;
#5265 = FACE_OUTER_BOUND ( 'NONE', #459, .T. ) ;
#5266 = ORIENTED_EDGE ( 'NONE', *, *, #1551, .T. ) ;
#5267 = LINE ( 'NONE', #1467, #5026 ) ;
#5268 = CARTESIAN_POINT ( 'NONE',  ( 0.9000000000000036859, 0.2000000000000000111, 2.000000000000000000 ) ) ;
#5269 = VERTEX_POINT ( 'NONE', #1048 ) ;
#5270 = FACE_OUTER_BOUND ( 'NONE', #38, .T. ) ;
#5271 = DIRECTION ( 'NONE',  ( 0.000000000000000000, -0.000000000000000000, 1.000000000000000000 ) ) ;
#5272 = CARTESIAN_POINT ( 'NONE',  ( -1.399999999999998801, 0.2000000000000000944, 2.000000000000000000 ) ) ;
#5273 = DIRECTION ( 'NONE',  ( 0.000000000000000000, 0.000000000000000000, 1.000000000000000000 ) ) ;
#5274 = DIRECTION ( 'NONE',  ( -0.000000000000000000, -0.000000000000000000, 1.000000000000000000 ) ) ;
#5275 = DIRECTION ( 'NONE',  ( -1.000000000000000000, -0.000000000000000000, -0.000000000000000000 ) ) ;
#5276 = VECTOR ( 'NONE', #3760, 1000.000000000000000 ) ;
#5277 = ORIENTED_EDGE ( 'NONE', *, *, #1714, .T. ) ;
#5278 = VECTOR ( 'NONE', #1294, 1000.000000000000000 ) ;
#5279 = ORIENTED_EDGE ( 'NONE', *, *, #3529, .F. ) ;
#5280 = PLANE ( 'NONE',  #872 ) ;
#5281 = EDGE_CURVE ( 'NONE', #4894, #737, #575, .T. ) ;
#5282 = VECTOR ( 'NONE', #3736, 1000.000000000000000 ) ;
#5283 = DIRECTION ( 'NONE',  ( -0.000000000000000000, -0.000000000000000000, 1.000000000000000000 ) ) ;
#5284 = ORIENTED_EDGE ( 'NONE', *, *, #5285, .T. ) ;
#5285 = EDGE_CURVE ( 'NONE', #5575, #1898, #6161, .T. ) ;
#5286 = DIRECTION ( 'NONE',  ( -1.000000000000000000, 0.000000000000000000, -0.000000000000000000 ) ) ;
#5287 = VECTOR ( 'NONE', #2085, 1000.000000000000000 ) ;
#5288 = VERTEX_POINT ( 'NONE', #553 ) ;
#5289 =( GEOMETRIC_REPRESENTATION_CONTEXT ( 3 ) GLOBAL_UNCERTAINTY_ASSIGNED_CONTEXT ( ( #178 ) ) GLOBAL_UNIT_ASSIGNED_CONTEXT ( ( #6002, #5494, #2937 ) ) REPRESENTATION_CONTEXT ( 'NONE', 'WORKASPACE' ) );
#5290 = EDGE_LOOP ( 'NONE', ( #4416, #4748, #4938, #3475, #3913, #2774, #4263, #3641, #6386, #4591, #2209, #2950, #828, #3031, #5965, #2314, #6446, #1476, #2473, #1396, #4515, #50, #5953, #1226, #3815, #6266, #5702, #1708, #5975, #4965, #924, #2316, #4156, #2493, #2374, #3149, #2555, #3037, #5937, #2939, #6256, #944, #2255, #6337, #5331, #490, #2989, #3302, #2481, #2536, #3763, #6434, #2846, #3857, #4577, #2363, #6277, #4109, #1534, #5464, #216, #5562, #892, #1720 ) ) ;
#5291 = ADVANCED_FACE ( 'NONE', ( #5520 ), #511, .F. ) ;
#5292 = ORIENTED_EDGE ( 'NONE', *, *, #5590, .F. ) ;
#5293 = CARTESIAN_POINT ( 'NONE',  ( 5.099999999999998757, 0.000000000000000000, 2.000000000000000000 ) ) ;
#5294 = DIRECTION ( 'NONE',  ( 1.000000000000000000, 0.000000000000000000, -2.710505431213761578E-16 ) ) ;
#5295 = DIRECTION ( 'NONE',  ( 0.5773502691896224004, 0.5773502691896323924, 0.5773502691896222894 ) ) ;
#5296 = VECTOR ( 'NONE', #1179, 1000.000000000000000 ) ;
#5297 = ORIENTED_EDGE ( 'NONE', *, *, #5122, .T. ) ;
#5298 = CARTESIAN_POINT ( 'NONE',  ( 0.4000000000000032419, -0.05000000000000000278, -2.600000000000000533 ) ) ;
#5299 = ORIENTED_EDGE ( 'NONE', *, *, #3938, .T. ) ;
#5300 = ORIENTED_EDGE ( 'NONE', *, *, #1208, .T. ) ;
#5301 = VERTEX_POINT ( 'NONE', #2779 ) ;
#5302 = VECTOR ( 'NONE', #3016, 1000.000000000000000 ) ;
#5303 = VERTEX_POINT ( 'NONE', #5417 ) ;
#5304 = PLANE ( 'NONE',  #918 ) ;
#5305 = ORIENTED_EDGE ( 'NONE', *, *, #4934, .T. ) ;
#5306 = DIRECTION ( 'NONE',  ( -0.000000000000000000, 0.000000000000000000, -1.000000000000000000 ) ) ;
#5307 = VECTOR ( 'NONE', #3134, 1000.000000000000000 ) ;
#5308 = EDGE_LOOP ( 'NONE', ( #4198, #625, #4042, #3541 ) ) ;
#5309 = EDGE_CURVE ( 'NONE', #4602, #2302, #1542, .T. ) ;
#5310 = ORIENTED_EDGE ( 'NONE', *, *, #5281, .T. ) ;
#5311 = DIRECTION ( 'NONE',  ( 0.000000000000000000, 0.000000000000000000, -1.000000000000000000 ) ) ;
#5312 = VECTOR ( 'NONE', #3306, 1000.000000000000000 ) ;
#5313 = CARTESIAN_POINT ( 'NONE',  ( -3.100000000000000977, 0.2000000000000000111, -2.600000000000000533 ) ) ;
#5314 = DIRECTION ( 'NONE',  ( 0.000000000000000000, 1.000000000000000000, 0.000000000000000000 ) ) ;
#5315 = CARTESIAN_POINT ( 'NONE',  ( -5.099999999999998757, 0.000000000000000000, 2.000000000000000000 ) ) ;
#5316 = ADVANCED_FACE ( 'NONE', ( #3145 ), #5135, .F. ) ;
#5317 = ORIENTED_EDGE ( 'NONE', *, *, #1472, .T. ) ;
#5318 = VERTEX_POINT ( 'NONE', #11 ) ;
#5319 = EDGE_CURVE ( 'NONE', #4365, #2754, #5842, .T. ) ;
#5320 = LINE ( 'NONE', #4681, #1983 ) ;
#5321 = ORIENTED_EDGE ( 'NONE', *, *, #5852, .F. ) ;
#5322 = DIRECTION ( 'NONE',  ( -1.000000000000000000, 0.000000000000000000, -0.000000000000000000 ) ) ;
#5323 = VERTEX_POINT ( 'NONE', #4069 ) ;
#5324 = ADVANCED_FACE ( 'NONE', ( #4318 ), #3030, .T. ) ;
#5325 = CARTESIAN_POINT ( 'NONE',  ( 3.400000000000005684, -0.05000000000000000278, 2.600000000000000533 ) ) ;
#5326 = FACE_OUTER_BOUND ( 'NONE', #127, .T. ) ;
#5327 = EDGE_CURVE ( 'NONE', #5935, #6032, #1623, .T. ) ;
#5328 = DIRECTION ( 'NONE',  ( 1.000000000000000000, -0.000000000000000000, 0.000000000000000000 ) ) ;
#5329 = VERTEX_POINT ( 'NONE', #4592 ) ;
#5330 = EDGE_CURVE ( 'NONE', #6531, #547, #3915, .T. ) ;
#5331 = ORIENTED_EDGE ( 'NONE', *, *, #3414, .F. ) ;
#5332 = AXIS2_PLACEMENT_3D ( 'NONE', #4923, #1883, #2864 ) ;
#5333 = ORIENTED_EDGE ( 'NONE', *, *, #4700, .F. ) ;
#5334 = CARTESIAN_POINT ( 'NONE',  ( -2.099999999999999201, -0.05000000000000000278, -2.600000000000000533 ) ) ;
#5335 = LINE ( 'NONE', #4809, #317 ) ;
#5336 = ORIENTED_EDGE ( 'NONE', *, *, #6214, .T. ) ;
#5337 = VECTOR ( 'NONE', #5314, 1000.000000000000000 ) ;
#5338 = ORIENTED_EDGE ( 'NONE', *, *, #3916, .F. ) ;
#5339 = DIRECTION ( 'NONE',  ( -0.000000000000000000, 1.000000000000000000, -0.000000000000000000 ) ) ;
#5340 = EDGE_CURVE ( 'NONE', #3814, #357, #730, .T. ) ;
#5341 = CARTESIAN_POINT ( 'NONE',  ( 2.400000000000004796, -0.05000000000000000278, -1.400000000000000577 ) ) ;
#5342 = DIRECTION ( 'NONE',  ( 1.000000000000000000, 0.000000000000000000, 0.000000000000000000 ) ) ;
#5343 = VECTOR ( 'NONE', #4010, 1000.000000000000000 ) ;
#5344 = LINE ( 'NONE', #1345, #1922 ) ;
#5345 = CARTESIAN_POINT ( 'NONE',  ( -5.099999999999998757, 0.000000000000000000, 2.000000000000000000 ) ) ;
#5346 = LINE ( 'NONE', #1080, #254 ) ;
#5347 = CARTESIAN_POINT ( 'NONE',  ( 3.600000000000005418, 0.2000000000000000111, 2.600000000000000533 ) ) ;
#5348 = LINE ( 'NONE', #3670, #2653 ) ;
#5349 = EDGE_CURVE ( 'NONE', #215, #6540, #1770, .T. ) ;
#5350 = CARTESIAN_POINT ( 'NONE',  ( 2.100000000000004086, -0.05000000000000000278, 1.400000000000000577 ) ) ;
#5351 = VECTOR ( 'NONE', #539, 1000.000000000000000 ) ;
#5352 = VERTEX_POINT ( 'NONE', #3364 ) ;
#5353 = ORIENTED_EDGE ( 'NONE', *, *, #5309, .T. ) ;
#5354 = LINE ( 'NONE', #4496, #4074 ) ;
#5355 = DIRECTION ( 'NONE',  ( -0.5773502691896224004, 0.5773502691896323924, 0.5773502691896224004 ) ) ;
#5356 = ADVANCED_FACE ( 'NONE', ( #3611 ), #6477, .F. ) ;
#5357 = PRESENTATION_LAYER_ASSIGNMENT (  '', '', ( #2051 ) ) ;
#5358 = DIRECTION ( 'NONE',  ( 0.000000000000000000, 0.000000000000000000, -1.000000000000000000 ) ) ;
#5359 = LINE ( 'NONE', #3081, #5764 ) ;
#5360 = LINE ( 'NONE', #4021, #1152 ) ;
#5361 = CARTESIAN_POINT ( 'NONE',  ( -0.3999999999999980238, 0.2000000000000000111, 1.400000000000000577 ) ) ;
#5362 = VERTEX_POINT ( 'NONE', #2504 ) ;
#5363 = CARTESIAN_POINT ( 'NONE',  ( 1.100000000000003419, 0.000000000000000000, -1.400000000000000577 ) ) ;
#5364 = VECTOR ( 'NONE', #4240, 1000.000000000000000 ) ;
#5365 = EDGE_CURVE ( 'NONE', #472, #2163, #2808, .T. ) ;
#5366 = EDGE_CURVE ( 'NONE', #236, #2158, #4480, .T. ) ;
#5367 = AXIS2_PLACEMENT_3D ( 'NONE', #3182, #3223, #80 ) ;
#5368 = ORIENTED_EDGE ( 'NONE', *, *, #6371, .F. ) ;
#5369 = DIRECTION ( 'NONE',  ( 0.000000000000000000, 0.000000000000000000, -1.000000000000000000 ) ) ;
#5370 = LINE ( 'NONE', #5049, #3780 ) ;
#5371 = CARTESIAN_POINT ( 'NONE',  ( 3.100000000000004974, -0.05000000000000000278, 1.400000000000000577 ) ) ;
#5372 = ORIENTED_EDGE ( 'NONE', *, *, #251, .T. ) ;
#5373 = ORIENTED_EDGE ( 'NONE', *, *, #6482, .F. ) ;
#5374 = ORIENTED_EDGE ( 'NONE', *, *, #4174, .F. ) ;
#5375 = EDGE_CURVE ( 'NONE', #6540, #3859, #4157, .T. ) ;
#5376 = DIRECTION ( 'NONE',  ( 0.000000000000000000, 0.000000000000000000, -1.000000000000000000 ) ) ;
#5377 = AXIS2_PLACEMENT_3D ( 'NONE', #1923, #6515, #405 ) ;
#5378 = VECTOR ( 'NONE', #1046, 1000.000000000000000 ) ;
#5379 = ORIENTED_EDGE ( 'NONE', *, *, #3835, .T. ) ;
#5380 = DIRECTION ( 'NONE',  ( -0.000000000000000000, 0.000000000000000000, -1.000000000000000000 ) ) ;
#5381 = EDGE_LOOP ( 'NONE', ( #6334, #5535, #51, #1995 ) ) ;
#5382 = CARTESIAN_POINT ( 'NONE',  ( -2.599999999999999645, -0.05000000000000000278, -2.600000000000000533 ) ) ;
#5383 = CARTESIAN_POINT ( 'NONE',  ( -2.099999999999999201, 0.000000000000000000, -1.400000000000000577 ) ) ;
#5384 = ORIENTED_EDGE ( 'NONE', *, *, #5943, .T. ) ;
#5385 = ORIENTED_EDGE ( 'NONE', *, *, #6507, .T. ) ;
#5386 = EDGE_CURVE ( 'NONE', #5323, #1783, #975, .T. ) ;
#5387 = DIRECTION ( 'NONE',  ( 0.000000000000000000, 0.000000000000000000, 1.000000000000000000 ) ) ;
#5388 = CARTESIAN_POINT ( 'NONE',  ( 2.400000000000004796, -0.05000000000000000278, -1.400000000000000577 ) ) ;
#5389 = ADVANCED_FACE ( 'NONE', ( #110 ), #3432, .F. ) ;
#5390 = VECTOR ( 'NONE', #3573, 1000.000000000000000 ) ;
#5391 = CARTESIAN_POINT ( 'NONE',  ( -2.099999999999999201, -0.05000000000000000278, -1.400000000000000577 ) ) ;
#5392 = EDGE_LOOP ( 'NONE', ( #392, #4901, #2187, #2465 ) ) ;
#5393 = ORIENTED_EDGE ( 'NONE', *, *, #5629, .T. ) ;
#5394 = DIRECTION ( 'NONE',  ( 1.000000000000000000, 0.000000000000000000, 0.000000000000000000 ) ) ;
#5395 = CARTESIAN_POINT ( 'NONE',  ( 0.000000000000000000, 2.000000000000000000, 0.000000000000000000 ) ) ;
#5396 = LINE ( 'NONE', #5011, #2628 ) ;
#5397 = DIRECTION ( 'NONE',  ( -1.000000000000000000, 0.000000000000000000, 2.710505431213761578E-16 ) ) ;
#5398 = VERTEX_POINT ( 'NONE', #2482 ) ;
#5399 = ORIENTED_EDGE ( 'NONE', *, *, #2648, .T. ) ;
#5400 = CARTESIAN_POINT ( 'NONE',  ( -3.400000000000000799, 0.2000000000000000111, -2.600000000000000533 ) ) ;
#5401 = VECTOR ( 'NONE', #775, 1000.000000000000000 ) ;
#5402 = DIRECTION ( 'NONE',  ( 1.000000000000000000, 0.000000000000000000, 0.000000000000000000 ) ) ;
#5403 = ORIENTED_EDGE ( 'NONE', *, *, #2729, .T. ) ;
#5404 = ORIENTED_EDGE ( 'NONE', *, *, #1826, .T. ) ;
#5405 = EDGE_CURVE ( 'NONE', #2843, #3340, #3692, .T. ) ;
#5406 = AXIS2_PLACEMENT_3D ( 'NONE', #6379, #2803, #1262 ) ;
#5407 = VECTOR ( 'NONE', #4624, 1000.000000000000000 ) ;
#5408 = DIRECTION ( 'NONE',  ( -0.000000000000000000, 1.000000000000000000, -0.000000000000000000 ) ) ;
#5409 = ORIENTED_EDGE ( 'NONE', *, *, #476, .T. ) ;
#5410 = VECTOR ( 'NONE', #1205, 1000.000000000000000 ) ;
#5411 = ORIENTED_EDGE ( 'NONE', *, *, #4323, .F. ) ;
#5412 = EDGE_CURVE ( 'NONE', #5894, #1555, #1064, .T. ) ;
#5413 = PLANE ( 'NONE',  #457 ) ;
#5414 = VECTOR ( 'NONE', #6042, 1000.000000000000000 ) ;
#5415 = ORIENTED_EDGE ( 'NONE', *, *, #1401, .F. ) ;
#5416 = LINE ( 'NONE', #6272, #2647 ) ;
#5417 = CARTESIAN_POINT ( 'NONE',  ( -2.900000000000000355, -0.05000000000000000278, -2.600000000000000533 ) ) ;
#5418 = LINE ( 'NONE', #2066, #2652 ) ;
#5419 = VECTOR ( 'NONE', #5157, 1000.000000000000000 ) ;
#5420 = CARTESIAN_POINT ( 'NONE',  ( -2.099999999999999201, -0.05000000000000000278, 2.600000000000000533 ) ) ;
#5421 = EDGE_CURVE ( 'NONE', #3561, #694, #5354, .T. ) ;
#5422 = DIRECTION ( 'NONE',  ( -0.000000000000000000, -0.000000000000000000, -1.000000000000000000 ) ) ;
#5423 = PLANE ( 'NONE',  #1184 ) ;
#5424 = CARTESIAN_POINT ( 'NONE',  ( -3.600000000000000533, 2.000000000000000000, -2.000000000000000000 ) ) ;
#5425 = ORIENTED_EDGE ( 'NONE', *, *, #5511, .F. ) ;
#5426 = LINE ( 'NONE', #3605, #568 ) ;
#5427 = DIRECTION ( 'NONE',  ( 0.000000000000000000, -1.000000000000000000, 0.000000000000000000 ) ) ;
#5428 = DIRECTION ( 'NONE',  ( 0.000000000000000000, 0.000000000000000000, -1.000000000000000000 ) ) ;
#5429 = DIRECTION ( 'NONE',  ( -0.000000000000000000, 1.000000000000000000, -0.000000000000000000 ) ) ;
#5430 = DIRECTION ( 'NONE',  ( -0.000000000000000000, 1.000000000000000000, -0.000000000000000000 ) ) ;
#5431 = FACE_OUTER_BOUND ( 'NONE', #5290, .T. ) ;
#5432 = VERTEX_POINT ( 'NONE', #4974 ) ;
#5433 = EDGE_CURVE ( 'NONE', #3810, #2058, #6474, .T. ) ;
#5434 = VECTOR ( 'NONE', #2589, 1000.000000000000000 ) ;
#5435 = CARTESIAN_POINT ( 'NONE',  ( -0.8999999999999984679, 0.000000000000000000, 0.000000000000000000 ) ) ;
#5436 = CARTESIAN_POINT ( 'NONE',  ( -0.5999999999999976463, -0.05000000000000000278, 2.600000000000000533 ) ) ;
#5437 = LINE ( 'NONE', #1817, #1703 ) ;
#5438 = ORIENTED_EDGE ( 'NONE', *, *, #4895, .T. ) ;
#5439 = CARTESIAN_POINT ( 'NONE',  ( 3.900000000000000799, 3.899999999999999911, 0.000000000000000000 ) ) ;
#5440 = AXIS2_PLACEMENT_3D ( 'NONE', #4914, #863, #4432 ) ;
#5441 = DIRECTION ( 'NONE',  ( -0.000000000000000000, -0.000000000000000000, 1.000000000000000000 ) ) ;
#5442 = PLANE ( 'NONE',  #3138 ) ;
#5443 = VECTOR ( 'NONE', #4220, 1000.000000000000000 ) ;
#5444 = PLANE ( 'NONE',  #4718 ) ;
#5445 = ORIENTED_EDGE ( 'NONE', *, *, #4323, .T. ) ;
#5446 = PLANE ( 'NONE',  #6484 ) ;
#5447 = ORIENTED_EDGE ( 'NONE', *, *, #2603, .T. ) ;
#5448 = VERTEX_POINT ( 'NONE', #1988 ) ;
#5449 = PLANE ( 'NONE',  #4167 ) ;
#5450 = PLANE ( 'NONE',  #5016 ) ;
#5451 = EDGE_CURVE ( 'NONE', #3792, #2903, #3834, .T. ) ;
#5452 = LINE ( 'NONE', #4126, #906 ) ;
#5453 = EDGE_CURVE ( 'NONE', #4208, #2891, #5992, .T. ) ;
#5454 = CARTESIAN_POINT ( 'NONE',  ( -1.599999999999998535, 0.000000000000000000, -1.400000000000000577 ) ) ;
#5455 = ADVANCED_FACE ( 'NONE', ( #799 ), #399, .F. ) ;
#5456 = VERTEX_POINT ( 'NONE', #4445 ) ;
#5457 = EDGE_LOOP ( 'NONE', ( #1813, #4576, #299, #2435 ) ) ;
#5458 = CARTESIAN_POINT ( 'NONE',  ( 1.400000000000004130, -0.05000000000000000278, 2.600000000000000533 ) ) ;
#5459 = ORIENTED_EDGE ( 'NONE', *, *, #2525, .F. ) ;
#5460 = ORIENTED_EDGE ( 'NONE', *, *, #5186, .T. ) ;
#5461 = DIRECTION ( 'NONE',  ( 0.000000000000000000, 0.000000000000000000, -1.000000000000000000 ) ) ;
#5462 = CARTESIAN_POINT ( 'NONE',  ( -2.599999999999999645, -0.05000000000000000278, -2.600000000000000533 ) ) ;
#5463 = VECTOR ( 'NONE', #1307, 1000.000000000000000 ) ;
#5464 = ORIENTED_EDGE ( 'NONE', *, *, #5112, .F. ) ;
#5465 = ORIENTED_EDGE ( 'NONE', *, *, #1160, .T. ) ;
#5466 = EDGE_CURVE ( 'NONE', #4055, #4073, #2660, .T. ) ;
#5467 = CARTESIAN_POINT ( 'NONE',  ( -0.5999999999999976463, -0.05000000000000000278, -2.600000000000000533 ) ) ;
#5468 = LINE ( 'NONE', #2574, #6511 ) ;
#5469 = PLANE ( 'NONE',  #5205 ) ;
#5470 = DIRECTION ( 'NONE',  ( 0.000000000000000000, 0.000000000000000000, -1.000000000000000000 ) ) ;
#5471 = VERTEX_POINT ( 'NONE', #2125 ) ;
#5472 = ORIENTED_EDGE ( 'NONE', *, *, #939, .F. ) ;
#5473 = DIRECTION ( 'NONE',  ( 1.000000000000000000, 0.000000000000000000, 0.000000000000000000 ) ) ;
#5474 = LINE ( 'NONE', #4845, #3800 ) ;
#5475 = CARTESIAN_POINT ( 'NONE',  ( -5.100000000000000533, 0.000000000000000000, -2.000000000000000000 ) ) ;
#5476 = VERTEX_POINT ( 'NONE', #1097 ) ;
#5477 = EDGE_CURVE ( 'NONE', #6083, #5782, #1617, .T. ) ;
#5478 = CARTESIAN_POINT ( 'NONE',  ( -1.899999999999999245, -0.05000000000000000278, 1.400000000000000577 ) ) ;
#5479 = ORIENTED_EDGE ( 'NONE', *, *, #3610, .T. ) ;
#5480 = DIRECTION ( 'NONE',  ( 0.000000000000000000, -0.000000000000000000, 1.000000000000000000 ) ) ;
#5481 = LINE ( 'NONE', #5667, #3335 ) ;
#5482 = DIRECTION ( 'NONE',  ( 0.000000000000000000, 0.000000000000000000, -1.000000000000000000 ) ) ;
#5483 = DIRECTION ( 'NONE',  ( -1.000000000000000000, -0.000000000000000000, -0.000000000000000000 ) ) ;
#5484 = EDGE_LOOP ( 'NONE', ( #768, #4191, #1166, #6258 ) ) ;
#5485 = ORIENTED_EDGE ( 'NONE', *, *, #5797, .T. ) ;
#5486 = AXIS2_PLACEMENT_3D ( 'NONE', #6205, #583, #5694 ) ;
#5487 = CARTESIAN_POINT ( 'NONE',  ( -0.3999999999999980238, -0.05000000000000000278, -1.400000000000000577 ) ) ;
#5488 = VECTOR ( 'NONE', #953, 1000.000000000000000 ) ;
#5489 = VERTEX_POINT ( 'NONE', #1075 ) ;
#5490 = ADVANCED_FACE ( 'NONE', ( #2972 ), #558, .F. ) ;
#5491 = VERTEX_POINT ( 'NONE', #6098 ) ;
#5492 = ORIENTED_EDGE ( 'NONE', *, *, #1195, .T. ) ;
#5493 = CARTESIAN_POINT ( 'NONE',  ( 3.400000000000005684, 0.2000000000000000111, -2.600000000000000533 ) ) ;
#5494 =( NAMED_UNIT ( * ) PLANE_ANGLE_UNIT ( ) SI_UNIT ( $, .RADIAN. ) );
#5495 = DIRECTION ( 'NONE',  ( 0.000000000000000000, 0.000000000000000000, -1.000000000000000000 ) ) ;
#5496 = EDGE_CURVE ( 'NONE', #2683, #4892, #5108, .T. ) ;
#5497 = DIRECTION ( 'NONE',  ( -0.000000000000000000, 0.000000000000000000, -1.000000000000000000 ) ) ;
#5498 = VECTOR ( 'NONE', #6486, 1000.000000000000000 ) ;
#5499 = EDGE_CURVE ( 'NONE', #4495, #2765, #6077, .T. ) ;
#5500 = ORIENTED_EDGE ( 'NONE', *, *, #2182, .F. ) ;
#5501 = AXIS2_PLACEMENT_3D ( 'NONE', #844, #946, #4991 ) ;
#5502 = LINE ( 'NONE', #463, #1128 ) ;
#5503 = VERTEX_POINT ( 'NONE', #2570 ) ;
#5504 = CARTESIAN_POINT ( 'NONE',  ( 1.400000000000004130, -0.05000000000000000278, 2.600000000000000533 ) ) ;
#5505 = DIRECTION ( 'NONE',  ( 0.000000000000000000, 0.000000000000000000, 1.000000000000000000 ) ) ;
#5506 = DIRECTION ( 'NONE',  ( -0.000000000000000000, 0.000000000000000000, 1.000000000000000000 ) ) ;
#5507 = DIRECTION ( 'NONE',  ( 1.000000000000000000, 0.000000000000000000, 0.000000000000000000 ) ) ;
#5508 = VECTOR ( 'NONE', #2626, 1000.000000000000000 ) ;
#5509 = DIRECTION ( 'NONE',  ( 0.000000000000000000, -0.000000000000000000, -1.000000000000000000 ) ) ;
#5510 = VECTOR ( 'NONE', #890, 1000.000000000000000 ) ;
#5511 = EDGE_CURVE ( 'NONE', #1795, #3561, #1926, .T. ) ;
#5512 = DIRECTION ( 'NONE',  ( 0.000000000000000000, -1.000000000000000000, 0.000000000000000000 ) ) ;
#5513 = VECTOR ( 'NONE', #4158, 1000.000000000000000 ) ;
#5514 = VECTOR ( 'NONE', #4597, 1000.000000000000000 ) ;
#5515 = CARTESIAN_POINT ( 'NONE',  ( -1.399999999999998801, -0.05000000000000000278, -2.600000000000000533 ) ) ;
#5516 = CARTESIAN_POINT ( 'NONE',  ( -0.5999999999999976463, -0.05000000000000000278, 1.400000000000000577 ) ) ;
#5517 = VECTOR ( 'NONE', #3806, 1000.000000000000000 ) ;
#5518 = ADVANCED_FACE ( 'NONE', ( #256 ), #2, .F. ) ;
#5519 = VERTEX_POINT ( 'NONE', #5593 ) ;
#5520 = FACE_OUTER_BOUND ( 'NONE', #3274, .T. ) ;
#5521 = CARTESIAN_POINT ( 'NONE',  ( -2.900000000000000355, 0.000000000000000000, 0.000000000000000000 ) ) ;
#5522 = CARTESIAN_POINT ( 'NONE',  ( -5.100000000000000533, 0.2000000000000000944, -2.000000000000000000 ) ) ;
#5523 = CARTESIAN_POINT ( 'NONE',  ( -1.099999999999998090, -0.05000000000000000278, -1.400000000000000577 ) ) ;
#5524 = FACE_OUTER_BOUND ( 'NONE', #1001, .T. ) ;
#5525 = ORIENTED_EDGE ( 'NONE', *, *, #2703, .F. ) ;
#5526 = LINE ( 'NONE', #5897, #2985 ) ;
#5527 = CARTESIAN_POINT ( 'NONE',  ( 0.1000000000000024342, -0.05000000000000000278, 1.400000000000000577 ) ) ;
#5528 = PLANE ( 'NONE',  #4690 ) ;
#5529 = ADVANCED_FACE ( 'NONE', ( #3141 ), #2062, .F. ) ;
#5530 = ORIENTED_EDGE ( 'NONE', *, *, #1362, .T. ) ;
#5531 = CARTESIAN_POINT ( 'NONE',  ( 0.4000000000000032419, -0.05000000000000000278, -1.400000000000000577 ) ) ;
#5532 = EDGE_CURVE ( 'NONE', #6221, #4894, #2881, .T. ) ;
#5533 = CARTESIAN_POINT ( 'NONE',  ( -3.600000000000000533, 0.000000000000000000, 2.000000000000000000 ) ) ;
#5534 = DIRECTION ( 'NONE',  ( -1.000000000000000000, 0.000000000000000000, 0.000000000000000000 ) ) ;
#5535 = ORIENTED_EDGE ( 'NONE', *, *, #332, .T. ) ;
#5536 = DIRECTION ( 'NONE',  ( 0.000000000000000000, -0.000000000000000000, -1.000000000000000000 ) ) ;
#5537 = LINE ( 'NONE', #4904, #2601 ) ;
#5538 = VERTEX_POINT ( 'NONE', #5095 ) ;
#5539 = ORIENTED_EDGE ( 'NONE', *, *, #1066, .F. ) ;
#5540 = AXIS2_PLACEMENT_3D ( 'NONE', #6139, #4712, #1579 ) ;
#5541 = CARTESIAN_POINT ( 'NONE',  ( -3.400000000000000799, 0.2000000000000000111, -2.000000000000000000 ) ) ;
#5542 = ORIENTED_EDGE ( 'NONE', *, *, #2615, .F. ) ;
#5543 = CARTESIAN_POINT ( 'NONE',  ( 2.900000000000005240, 0.2000000000000000111, -1.400000000000000577 ) ) ;
#5544 = CARTESIAN_POINT ( 'NONE',  ( 0.000000000000000000, 0.2000000000000000111, 0.000000000000000000 ) ) ;
#5545 = DIRECTION ( 'NONE',  ( -0.000000000000000000, -1.000000000000000000, -0.000000000000000000 ) ) ;
#5546 = LINE ( 'NONE', #3474, #1169 ) ;
#5547 = ORIENTED_EDGE ( 'NONE', *, *, #1974, .T. ) ;
#5548 = ORIENTED_EDGE ( 'NONE', *, *, #2870, .T. ) ;
#5549 = CARTESIAN_POINT ( 'NONE',  ( -1.399999999999998801, 0.2000000000000000111, -2.000000000000000000 ) ) ;
#5550 = DIRECTION ( 'NONE',  ( 0.000000000000000000, -1.000000000000000000, 0.000000000000000000 ) ) ;
#5551 = EDGE_CURVE ( 'NONE', #387, #4140, #1765, .T. ) ;
#5552 = EDGE_CURVE ( 'NONE', #2903, #706, #5426, .T. ) ;
#5553 = AXIS2_PLACEMENT_3D ( 'NONE', #3015, #3496, #6028 ) ;
#5554 = LINE ( 'NONE', #244, #528 ) ;
#5555 = ADVANCED_FACE ( 'NONE', ( #177 ), #1049, .F. ) ;
#5556 = ORIENTED_EDGE ( 'NONE', *, *, #295, .F. ) ;
#5557 = VERTEX_POINT ( 'NONE', #533 ) ;
#5558 = DIRECTION ( 'NONE',  ( -1.000000000000000000, -0.000000000000000000, -0.000000000000000000 ) ) ;
#5559 = LINE ( 'NONE', #2238, #5872 ) ;
#5560 = EDGE_CURVE ( 'NONE', #5730, #2843, #1211, .T. ) ;
#5561 = DIRECTION ( 'NONE',  ( 0.000000000000000000, -0.000000000000000000, -1.000000000000000000 ) ) ;
#5562 = ORIENTED_EDGE ( 'NONE', *, *, #5806, .T. ) ;
#5563 = ORIENTED_EDGE ( 'NONE', *, *, #3694, .T. ) ;
#5564 = ADVANCED_FACE ( 'NONE', ( #1535 ), #2591, .F. ) ;
#5565 = DIRECTION ( 'NONE',  ( -0.000000000000000000, -0.000000000000000000, -1.000000000000000000 ) ) ;
#5567 = ORIENTED_EDGE ( 'NONE', *, *, #4557, .F. ) ;
#5566 = DIRECTION ( 'NONE',  ( -0.000000000000000000, -0.000000000000000000, -1.000000000000000000 ) ) ;
#5568 = ORIENTED_EDGE ( 'NONE', *, *, #5991, .T. ) ;
#5569 = DIRECTION ( 'NONE',  ( 0.000000000000000000, -1.000000000000000000, 0.000000000000000000 ) ) ;
#5570 = CARTESIAN_POINT ( 'NONE',  ( 2.600000000000016076, 5.200000000000006395, -0.1499999999999852007 ) ) ;
#5571 = VECTOR ( 'NONE', #4302, 1000.000000000000000 ) ;
#5572 = CARTESIAN_POINT ( 'NONE',  ( -0.5999999999999980904, 2.000000000000000000, 2.000000000000000000 ) ) ;
#5573 = EDGE_CURVE ( 'NONE', #3871, #1631, #409, .T. ) ;
#5574 = DIRECTION ( 'NONE',  ( 0.000000000000000000, 0.000000000000000000, -1.000000000000000000 ) ) ;
#5575 = VERTEX_POINT ( 'NONE', #157 ) ;
#5576 = ORIENTED_EDGE ( 'NONE', *, *, #1118, .T. ) ;
#5577 = CARTESIAN_POINT ( 'NONE',  ( -0.5999999999999976463, 0.2000000000000000111, 2.000000000000000000 ) ) ;
#5578 = DIRECTION ( 'NONE',  ( 0.000000000000000000, -1.000000000000000000, 0.000000000000000000 ) ) ;
#5579 = VECTOR ( 'NONE', #3583, 1000.000000000000000 ) ;
#5580 = ORIENTED_EDGE ( 'NONE', *, *, #6156, .T. ) ;
#5581 = LINE ( 'NONE', #1055, #2083 ) ;
#5582 = DIRECTION ( 'NONE',  ( 0.000000000000000000, 0.000000000000000000, 1.000000000000000000 ) ) ;
#5583 = ORIENTED_EDGE ( 'NONE', *, *, #487, .F. ) ;
#5584 = AXIS2_PLACEMENT_3D ( 'NONE', #1740, #4931, #4401 ) ;
#5585 = DIRECTION ( 'NONE',  ( 0.000000000000000000, 0.000000000000000000, 1.000000000000000000 ) ) ;
#5586 = LINE ( 'NONE', #3052, #5414 ) ;
#5587 = LINE ( 'NONE', #4387, #641 ) ;
#5588 = DIRECTION ( 'NONE',  ( 0.000000000000000000, 0.000000000000000000, -1.000000000000000000 ) ) ;
#5589 = ADVANCED_FACE ( 'NONE', ( #4068 ), #118, .T. ) ;
#5590 = EDGE_CURVE ( 'NONE', #3411, #6263, #2726, .T. ) ;
#5591 = CARTESIAN_POINT ( 'NONE',  ( 3.600000000000005418, 0.000000000000000000, 1.400000000000000577 ) ) ;
#5592 = EDGE_CURVE ( 'NONE', #5782, #1555, #4391, .T. ) ;
#5593 = CARTESIAN_POINT ( 'NONE',  ( 0.9000000000000032419, 0.000000000000000000, 2.000000000000000000 ) ) ;
#5594 = VECTOR ( 'NONE', #4112, 1000.000000000000000 ) ;
#5595 = VECTOR ( 'NONE', #111, 1000.000000000000000 ) ;
#5596 = PLANE ( 'NONE',  #2840 ) ;
#5597 = CARTESIAN_POINT ( 'NONE',  ( 1.900000000000004574, 0.2000000000000000111, 2.600000000000000533 ) ) ;
#5598 = ADVANCED_FACE ( 'NONE', ( #5675 ), #6192, .T. ) ;
#5599 = LINE ( 'NONE', #6532, #3690 ) ;
#5600 = ORIENTED_EDGE ( 'NONE', *, *, #3828, .T. ) ;
#5601 = LINE ( 'NONE', #4874, #1060 ) ;
#5602 = EDGE_CURVE ( 'NONE', #5132, #215, #6466, .T. ) ;
#5603 = CARTESIAN_POINT ( 'NONE',  ( 1.600000000000003864, -0.05000000000000000278, 1.400000000000000577 ) ) ;
#5604 = PLANE ( 'NONE',  #715 ) ;
#5605 = VECTOR ( 'NONE', #425, 1000.000000000000000 ) ;
#5606 = ORIENTED_EDGE ( 'NONE', *, *, #2400, .F. ) ;
#5607 = VECTOR ( 'NONE', #5611, 1000.000000000000000 ) ;
#5608 = CARTESIAN_POINT ( 'NONE',  ( 2.600000000000004530, 0.2000000000000000111, -2.000000000000000000 ) ) ;
#5609 = VECTOR ( 'NONE', #1796, 1000.000000000000000 ) ;
#5610 = EDGE_CURVE ( 'NONE', #3012, #5196, #23, .T. ) ;
#5611 = DIRECTION ( 'NONE',  ( 0.000000000000000000, -1.000000000000000000, 0.000000000000000000 ) ) ;
#5612 = ORIENTED_EDGE ( 'NONE', *, *, #3413, .T. ) ;
#5613 = CARTESIAN_POINT ( 'NONE',  ( -5.100000000000000533, 0.000000000000000000, -2.000000000000000000 ) ) ;
#5614 = DIRECTION ( 'NONE',  ( -1.000000000000000000, 0.000000000000000000, 0.000000000000000000 ) ) ;
#5615 = VECTOR ( 'NONE', #5656, 1000.000000000000000 ) ;
#5616 = CARTESIAN_POINT ( 'NONE',  ( -1.099999999999998090, 0.2000000000000000111, -2.600000000000000533 ) ) ;
#5617 = EDGE_LOOP ( 'NONE', ( #2602, #770, #5374, #531 ) ) ;
#5618 = ORIENTED_EDGE ( 'NONE', *, *, #5895, .T. ) ;
#5619 = CARTESIAN_POINT ( 'NONE',  ( -3.600000000000000533, 0.2000000000000000111, -2.600000000000000533 ) ) ;
#5620 = ORIENTED_EDGE ( 'NONE', *, *, #114, .T. ) ;
#5621 = VECTOR ( 'NONE', #3977, 1000.000000000000000 ) ;
#5622 = ORIENTED_EDGE ( 'NONE', *, *, #5158, .T. ) ;
#5623 = DIRECTION ( 'NONE',  ( -1.000000000000000000, -0.000000000000000000, -0.000000000000000000 ) ) ;
#5624 = ORIENTED_EDGE ( 'NONE', *, *, #3889, .T. ) ;
#5625 = ORIENTED_EDGE ( 'NONE', *, *, #5083, .T. ) ;
#5626 = ORIENTED_EDGE ( 'NONE', *, *, #4481, .T. ) ;
#5627 = VECTOR ( 'NONE', #4757, 1000.000000000000000 ) ;
#5628 = DIRECTION ( 'NONE',  ( 1.000000000000000000, 0.000000000000000000, -2.710505431213761578E-16 ) ) ;
#5629 = EDGE_CURVE ( 'NONE', #5456, #1458, #5836, .T. ) ;
#5630 = AXIS2_PLACEMENT_3D ( 'NONE', #1353, #5470, #874 ) ;
#5631 = DIRECTION ( 'NONE',  ( 1.000000000000000000, 0.000000000000000000, 0.000000000000000000 ) ) ;
#5632 = ORIENTED_EDGE ( 'NONE', *, *, #5723, .F. ) ;
#5633 = PLANE ( 'NONE',  #6177 ) ;
#5634 = CARTESIAN_POINT ( 'NONE',  ( 3.600000000000005418, 0.2000000000000000111, -1.400000000000000577 ) ) ;
#5635 = DIRECTION ( 'NONE',  ( 1.000000000000000000, 0.000000000000000000, 0.000000000000000000 ) ) ;
#5636 = ORIENTED_EDGE ( 'NONE', *, *, #3246, .T. ) ;
#5637 = CARTESIAN_POINT ( 'NONE',  ( 0.6000000000000028644, 0.2000000000000000111, 2.600000000000000533 ) ) ;
#5638 = EDGE_LOOP ( 'NONE', ( #2932, #2722, #64, #1721, #1171, #1347 ) ) ;
#5639 = EDGE_CURVE ( 'NONE', #473, #4743, #1368, .T. ) ;
#5640 = PLANE ( 'NONE',  #2369 ) ;
#5641 = AXIS2_PLACEMENT_3D ( 'NONE', #1686, #169, #2749 ) ;
#5642 = CARTESIAN_POINT ( 'NONE',  ( 0.6000000000000028644, 0.2000000000000000111, -1.400000000000000577 ) ) ;
#5643 = CARTESIAN_POINT ( 'NONE',  ( 1.900000000000004574, -0.05000000000000000278, -2.600000000000000533 ) ) ;
#5644 = LINE ( 'NONE', #6365, #1808 ) ;
#5645 = VERTEX_POINT ( 'NONE', #3216 ) ;
#5646 = DIRECTION ( 'NONE',  ( 0.000000000000000000, -1.000000000000000000, 0.000000000000000000 ) ) ;
#5647 = CARTESIAN_POINT ( 'NONE',  ( 0.9000000000000036859, -0.05000000000000000278, -1.400000000000000577 ) ) ;
#5648 = LINE ( 'NONE', #718, #5571 ) ;
#5649 = ORIENTED_EDGE ( 'NONE', *, *, #1959, .F. ) ;
#5650 = EDGE_LOOP ( 'NONE', ( #3472, #5547, #3921, #5171 ) ) ;
#5651 = FACE_OUTER_BOUND ( 'NONE', #4384, .T. ) ;
#5652 = EDGE_LOOP ( 'NONE', ( #5300, #162, #1395, #4834 ) ) ;
#5653 = ORIENTED_EDGE ( 'NONE', *, *, #3505, .F. ) ;
#5654 = ORIENTED_EDGE ( 'NONE', *, *, #800, .F. ) ;
#5655 = CARTESIAN_POINT ( 'NONE',  ( 2.400000000000004796, -0.05000000000000000278, 1.400000000000000577 ) ) ;
#5656 = DIRECTION ( 'NONE',  ( -0.000000000000000000, 1.000000000000000000, -0.000000000000000000 ) ) ;
#5657 = AXIS2_PLACEMENT_3D ( 'NONE', #5052, #2042, #1969 ) ;
#5658 = CARTESIAN_POINT ( 'NONE',  ( 0.6000000000000028644, -0.05000000000000000278, -2.600000000000000533 ) ) ;
#5659 = PLANE ( 'NONE',  #3070 ) ;
#5660 = LINE ( 'NONE', #6393, #1604 ) ;
#5662 = ORIENTED_EDGE ( 'NONE', *, *, #3727, .T. ) ;
#5661 = DIRECTION ( 'NONE',  ( -0.000000000000000000, -0.000000000000000000, 1.000000000000000000 ) ) ;
#5663 = VECTOR ( 'NONE', #3524, 1000.000000000000000 ) ;
#5664 = ORIENTED_EDGE ( 'NONE', *, *, #4425, .F. ) ;
#5665 = CARTESIAN_POINT ( 'NONE',  ( -1.599999999999998535, 0.000000000000000000, -2.000000000000000000 ) ) ;
#5666 = CARTESIAN_POINT ( 'NONE',  ( -5.100000000000000533, 0.000000000000000000, -2.000000000000000000 ) ) ;
#5667 = CARTESIAN_POINT ( 'NONE',  ( -5.100000000000000533, 2.000000000000000000, -2.000000000000000000 ) ) ;
#5668 = LINE ( 'NONE', #255, #2169 ) ;
#5669 = LINE ( 'NONE', #5435, #5899 ) ;
#5670 = DIRECTION ( 'NONE',  ( 1.000000000000000000, 0.000000000000000000, 0.000000000000000000 ) ) ;
#5671 = DIRECTION ( 'NONE',  ( -0.000000000000000000, -0.000000000000000000, -1.000000000000000000 ) ) ;
#5672 = CARTESIAN_POINT ( 'NONE',  ( 2.400000000000004796, 0.2000000000000000111, 2.600000000000000533 ) ) ;
#5673 = FACE_OUTER_BOUND ( 'NONE', #5308, .T. ) ;
#5674 = ORIENTED_EDGE ( 'NONE', *, *, #220, .T. ) ;
#5675 = FACE_OUTER_BOUND ( 'NONE', #1787, .T. ) ;
#5676 = DIRECTION ( 'NONE',  ( -0.000000000000000000, 0.000000000000000000, 1.000000000000000000 ) ) ;
#5677 = EDGE_CURVE ( 'NONE', #1223, #1015, #3908, .T. ) ;
#5678 = CARTESIAN_POINT ( 'NONE',  ( -3.600000000000000533, -0.05000000000000000278, -1.400000000000000577 ) ) ;
#5679 = EDGE_CURVE ( 'NONE', #1167, #2898, #1845, .T. ) ;
#5680 = AXIS2_PLACEMENT_3D ( 'NONE', #2552, #4062, #6121 ) ;
#5681 = DIRECTION ( 'NONE',  ( 0.000000000000000000, 0.000000000000000000, -1.000000000000000000 ) ) ;
#5682 = VECTOR ( 'NONE', #1190, 1000.000000000000000 ) ;
#5683 = DIRECTION ( 'NONE',  ( 0.000000000000000000, -1.000000000000000000, 0.000000000000000000 ) ) ;
#5684 = ORIENTED_EDGE ( 'NONE', *, *, #6165, .T. ) ;
#5685 = ORIENTED_EDGE ( 'NONE', *, *, #2538, .F. ) ;
#5686 = LINE ( 'NONE', #3151, #4239 ) ;
#5687 = CARTESIAN_POINT ( 'NONE',  ( -5.099999999999998757, 0.2000000000000000944, 2.000000000000000000 ) ) ;
#5688 = DIRECTION ( 'NONE',  ( -0.000000000000000000, 0.000000000000000000, -1.000000000000000000 ) ) ;
#5689 = CARTESIAN_POINT ( 'NONE',  ( 2.100000000000004086, 0.000000000000000000, -1.400000000000000577 ) ) ;
#5690 = EDGE_CURVE ( 'NONE', #1850, #826, #2022, .T. ) ;
#5691 = FACE_OUTER_BOUND ( 'NONE', #5841, .T. ) ;
#5692 = VERTEX_POINT ( 'NONE', #922 ) ;
#5693 = FACE_OUTER_BOUND ( 'NONE', #3270, .T. ) ;
#5694 = DIRECTION ( 'NONE',  ( 0.000000000000000000, -0.000000000000000000, -1.000000000000000000 ) ) ;
#5695 = ORIENTED_EDGE ( 'NONE', *, *, #2485, .T. ) ;
#5696 = DIRECTION ( 'NONE',  ( -0.000000000000000000, -0.000000000000000000, -1.000000000000000000 ) ) ;
#5697 = ORIENTED_EDGE ( 'NONE', *, *, #1916, .F. ) ;
#5698 = VECTOR ( 'NONE', #6335, 1000.000000000000000 ) ;
#5699 = ADVANCED_FACE ( 'NONE', ( #5270 ), #5469, .F. ) ;
#5700 = ORIENTED_EDGE ( 'NONE', *, *, #2849, .T. ) ;
#5701 = CARTESIAN_POINT ( 'NONE',  ( -1.599999999999998535, -0.05000000000000000278, -1.400000000000000577 ) ) ;
#5702 = ORIENTED_EDGE ( 'NONE', *, *, #2486, .F. ) ;
#5703 = EDGE_CURVE ( 'NONE', #840, #757, #5908, .T. ) ;
#5704 = CARTESIAN_POINT ( 'NONE',  ( 0.000000000000000000, 0.2000000000000000111, 0.000000000000000000 ) ) ;
#5705 = LINE ( 'NONE', #5181, #3629 ) ;
#5706 = EDGE_LOOP ( 'NONE', ( #665, #1739, #1854, #5780 ) ) ;
#5707 = DIRECTION ( 'NONE',  ( 0.000000000000000000, -0.000000000000000000, 1.000000000000000000 ) ) ;
#5708 = VERTEX_POINT ( 'NONE', #847 ) ;
#5709 = VERTEX_POINT ( 'NONE', #2355 ) ;
#5710 = CARTESIAN_POINT ( 'NONE',  ( -3.400000000000000799, 0.2000000000000000111, 2.600000000000000533 ) ) ;
#5711 = CARTESIAN_POINT ( 'NONE',  ( 1.600000000000003864, 0.000000000000000000, 0.000000000000000000 ) ) ;
#5712 = DIRECTION ( 'NONE',  ( 0.000000000000000000, 0.000000000000000000, -1.000000000000000000 ) ) ;
#5713 = LINE ( 'NONE', #5106, #4022 ) ;
#5714 = CARTESIAN_POINT ( 'NONE',  ( 2.400000000000004796, -0.05000000000000000278, 1.400000000000000577 ) ) ;
#5715 = CARTESIAN_POINT ( 'NONE',  ( -0.09999999999999722999, 0.2000000000000000111, 2.600000000000000533 ) ) ;
#5716 = ORIENTED_EDGE ( 'NONE', *, *, #3087, .T. ) ;
#5717 = AXIS2_PLACEMENT_3D ( 'NONE', #5822, #5322, #5843 ) ;
#5718 = ORIENTED_EDGE ( 'NONE', *, *, #5931, .F. ) ;
#5719 = DIRECTION ( 'NONE',  ( 1.000000000000000000, -0.000000000000000000, 0.000000000000000000 ) ) ;
#5720 = FACE_OUTER_BOUND ( 'NONE', #5747, .T. ) ;
#5721 = ORIENTED_EDGE ( 'NONE', *, *, #423, .T. ) ;
#5722 = ORIENTED_EDGE ( 'NONE', *, *, #2946, .T. ) ;
#5723 = EDGE_CURVE ( 'NONE', #1015, #5224, #329, .T. ) ;
#5724 = DIRECTION ( 'NONE',  ( 2.710505431213761578E-16, -0.000000000000000000, 1.000000000000000000 ) ) ;
#5725 = EDGE_CURVE ( 'NONE', #2466, #1392, #5601, .T. ) ;
#5726 = AXIS2_PLACEMENT_3D ( 'NONE', #6278, #3196, #2735 ) ;
#5727 = DIRECTION ( 'NONE',  ( 1.000000000000000000, 0.000000000000000000, -4.336808689942017736E-16 ) ) ;
#5728 = FACE_OUTER_BOUND ( 'NONE', #4601, .T. ) ;
#5730 = VERTEX_POINT ( 'NONE', #1859 ) ;
#5729 = CARTESIAN_POINT ( 'NONE',  ( 1.400000000000004130, 0.2000000000000000111, -1.400000000000000577 ) ) ;
#5731 = ORIENTED_EDGE ( 'NONE', *, *, #166, .F. ) ;
#5732 = CARTESIAN_POINT ( 'NONE',  ( 0.6000000000000028644, -0.05000000000000000278, 1.400000000000000577 ) ) ;
#5733 = CARTESIAN_POINT ( 'NONE',  ( 4.000000000000000000, 3.899999999999999911, -1.249999999999999778 ) ) ;
#5734 = LINE ( 'NONE', #5218, #767 ) ;
#5735 = CARTESIAN_POINT ( 'NONE',  ( 1.400000000000004130, -0.05000000000000000278, -2.600000000000000533 ) ) ;
#5736 = EDGE_CURVE ( 'NONE', #608, #4825, #5985, .T. ) ;
#5737 = ADVANCED_FACE ( 'NONE', ( #6155 ), #3402, .F. ) ;
#5738 = EDGE_LOOP ( 'NONE', ( #2582, #3665, #4623, #5567 ) ) ;
#5739 = ORIENTED_EDGE ( 'NONE', *, *, #6569, .F. ) ;
#5740 = DIRECTION ( 'NONE',  ( 1.000000000000000000, -0.000000000000000000, 0.000000000000000000 ) ) ;
#5741 = CARTESIAN_POINT ( 'NONE',  ( 2.400000000000004796, 0.000000000000000000, 1.400000000000000577 ) ) ;
#5742 = LINE ( 'NONE', #1240, #3502 ) ;
#5743 = ORIENTED_EDGE ( 'NONE', *, *, #4815, .F. ) ;
#5744 = EDGE_LOOP ( 'NONE', ( #2625, #1864, #3123, #4454 ) ) ;
#5745 = EDGE_CURVE ( 'NONE', #472, #709, #653, .T. ) ;
#5746 = CARTESIAN_POINT ( 'NONE',  ( -5.100000000000000533, 0.000000000000000000, -2.000000000000000000 ) ) ;
#5747 = EDGE_LOOP ( 'NONE', ( #690, #5749, #1540, #4998 ) ) ;
#5748 = VECTOR ( 'NONE', #6243, 1000.000000000000000 ) ;
#5749 = ORIENTED_EDGE ( 'NONE', *, *, #5477, .F. ) ;
#5750 = CARTESIAN_POINT ( 'NONE',  ( -0.5999999999999980904, 0.000000000000000000, -2.000000000000000000 ) ) ;
#5751 = LINE ( 'NONE', #4988, #1282 ) ;
#5752 = VECTOR ( 'NONE', #2490, 1000.000000000000000 ) ;
#5753 = DIRECTION ( 'NONE',  ( 0.000000000000000000, -1.000000000000000000, 0.000000000000000000 ) ) ;
#5754 = CARTESIAN_POINT ( 'NONE',  ( -1.399999999999998801, 0.2000000000000000111, 1.400000000000000577 ) ) ;
#5755 = CARTESIAN_POINT ( 'NONE',  ( -0.8999999999999984679, -0.05000000000000000278, 1.400000000000000577 ) ) ;
#5756 = FACE_OUTER_BOUND ( 'NONE', #3660, .T. ) ;
#5757 = ORIENTED_EDGE ( 'NONE', *, *, #1706, .F. ) ;
#5758 = FACE_OUTER_BOUND ( 'NONE', #4343, .T. ) ;
#5759 = CARTESIAN_POINT ( 'NONE',  ( 2.400000000000004796, -0.05000000000000000278, -2.600000000000000533 ) ) ;
#5760 = EDGE_CURVE ( 'NONE', #6286, #3587, #4634, .T. ) ;
#5761 = ORIENTED_EDGE ( 'NONE', *, *, #2575, .T. ) ;
#5762 = VECTOR ( 'NONE', #3588, 1000.000000000000000 ) ;
#5763 = DIRECTION ( 'NONE',  ( -0.000000000000000000, -1.000000000000000000, -0.000000000000000000 ) ) ;
#5764 = VECTOR ( 'NONE', #1061, 1000.000000000000000 ) ;
#5765 = ORIENTED_EDGE ( 'NONE', *, *, #1344, .T. ) ;
#5766 = ORIENTED_EDGE ( 'NONE', *, *, #4468, .T. ) ;
#5767 = VECTOR ( 'NONE', #371, 1000.000000000000000 ) ;
#5768 = EDGE_CURVE ( 'NONE', #1645, #6003, #4790, .T. ) ;
#5769 = DIRECTION ( 'NONE',  ( 0.000000000000000000, -1.000000000000000000, 0.000000000000000000 ) ) ;
#5770 = STYLED_ITEM ( 'NONE', ( #1773 ), #3537 ) ;
#5771 = VERTEX_POINT ( 'NONE', #366 ) ;
#5772 = CARTESIAN_POINT ( 'NONE',  ( -1.099999999999998090, 0.2000000000000000111, 1.400000000000000577 ) ) ;
#5773 = DIRECTION ( 'NONE',  ( -1.000000000000000000, -0.000000000000000000, -0.000000000000000000 ) ) ;
#5774 = VECTOR ( 'NONE', #5355, 1000.000000000000114 ) ;
#5775 = CARTESIAN_POINT ( 'NONE',  ( 0.000000000000000000, -0.05000000000000000278, 0.000000000000000000 ) ) ;
#5776 = ORIENTED_EDGE ( 'NONE', *, *, #4807, .T. ) ;
#5777 = CARTESIAN_POINT ( 'NONE',  ( 0.9000000000000036859, -0.05000000000000000278, -1.400000000000000577 ) ) ;
#5778 = EDGE_CURVE ( 'NONE', #2235, #1643, #4472, .T. ) ;
#5779 = LINE ( 'NONE', #1670, #3922 ) ;
#5780 = ORIENTED_EDGE ( 'NONE', *, *, #4125, .F. ) ;
#5782 = VERTEX_POINT ( 'NONE', #6051 ) ;
#5781 = DIRECTION ( 'NONE',  ( -1.000000000000000000, -0.000000000000000000, -0.000000000000000000 ) ) ;
#5783 = VECTOR ( 'NONE', #5408, 1000.000000000000000 ) ;
#5784 = PLANE ( 'NONE',  #5234 ) ;
#5785 = ORIENTED_EDGE ( 'NONE', *, *, #2913, .F. ) ;
#5786 = ORIENTED_EDGE ( 'NONE', *, *, #3452, .T. ) ;
#5787 = ORIENTED_EDGE ( 'NONE', *, *, #3630, .T. ) ;
#5788 = EDGE_CURVE ( 'NONE', #3635, #3024, #6308, .T. ) ;
#5789 = DIRECTION ( 'NONE',  ( 1.000000000000000000, -0.000000000000000000, 0.000000000000000000 ) ) ;
#5790 = LINE ( 'NONE', #4699, #6417 ) ;
#5791 = EDGE_LOOP ( 'NONE', ( #2531, #2471, #2296, #53, #1824, #2349 ) ) ;
#5792 = DIRECTION ( 'NONE',  ( 0.000000000000000000, 0.000000000000000000, 1.000000000000000000 ) ) ;
#5793 = ORIENTED_EDGE ( 'NONE', *, *, #3414, .T. ) ;
#5794 = DIRECTION ( 'NONE',  ( 0.000000000000000000, -1.000000000000000000, 0.000000000000000000 ) ) ;
#5795 = CARTESIAN_POINT ( 'NONE',  ( 0.9000000000000036859, 0.000000000000000000, 0.000000000000000000 ) ) ;
#5796 = LINE ( 'NONE', #4026, #2764 ) ;
#5797 = EDGE_CURVE ( 'NONE', #267, #2785, #5104, .T. ) ;
#5798 = AXIS2_PLACEMENT_3D ( 'NONE', #2040, #5987, #1473 ) ;
#5799 = ORIENTED_EDGE ( 'NONE', *, *, #3100, .F. ) ;
#5800 = ORIENTED_EDGE ( 'NONE', *, *, #233, .F. ) ;
#5801 = CARTESIAN_POINT ( 'NONE',  ( 1.900000000000004574, 0.2000000000000000111, -2.600000000000000533 ) ) ;
#5802 = ADVANCED_FACE ( 'NONE', ( #2875 ), #4994, .F. ) ;
#5803 = FACE_OUTER_BOUND ( 'NONE', #3406, .T. ) ;
#5804 = ORIENTED_EDGE ( 'NONE', *, *, #1697, .F. ) ;
#5805 = ORIENTED_EDGE ( 'NONE', *, *, #2833, .F. ) ;
#5806 = EDGE_CURVE ( 'NONE', #1092, #3707, #15, .T. ) ;
#5807 = CARTESIAN_POINT ( 'NONE',  ( -2.900000000000000355, -0.05000000000000000278, 1.400000000000000577 ) ) ;
#5808 = EDGE_CURVE ( 'NONE', #139, #3635, #4230, .T. ) ;
#5809 = CARTESIAN_POINT ( 'NONE',  ( -0.09999999999999766020, 2.000000000000000000, -2.000000000000000000 ) ) ;
#5810 = VERTEX_POINT ( 'NONE', #6544 ) ;
#5811 = EDGE_LOOP ( 'NONE', ( #5662, #554, #196, #4613 ) ) ;
#5812 = CARTESIAN_POINT ( 'NONE',  ( 1.900000000000004574, 0.000000000000000000, 1.400000000000000577 ) ) ;
#5813 = EDGE_CURVE ( 'NONE', #5323, #3947, #873, .T. ) ;
#5814 = LINE ( 'NONE', #2407, #3664 ) ;
#5815 = CARTESIAN_POINT ( 'NONE',  ( 3.900000000000000799, 3.899999999999999911, -0.7499999999999993339 ) ) ;
#5816 = ORIENTED_EDGE ( 'NONE', *, *, #1352, .T. ) ;
#5818 = ORIENTED_EDGE ( 'NONE', *, *, #5202, .T. ) ;
#5817 = CARTESIAN_POINT ( 'NONE',  ( 4.000000000000000000, 3.799999999999998490, 1.249999999999998890 ) ) ;
#5819 = VECTOR ( 'NONE', #3222, 1000.000000000000000 ) ;
#5820 = VERTEX_POINT ( 'NONE', #5608 ) ;
#5821 = DIRECTION ( 'NONE',  ( 0.000000000000000000, -0.000000000000000000, -1.000000000000000000 ) ) ;
#5822 = CARTESIAN_POINT ( 'NONE',  ( -1.399999999999998801, -0.05000000000000000278, -1.400000000000000577 ) ) ;
#5823 = LINE ( 'NONE', #452, #3126 ) ;
#5824 = LINE ( 'NONE', #5912, #4621 ) ;
#5825 = ORIENTED_EDGE ( 'NONE', *, *, #3830, .T. ) ;
#5826 = ADVANCED_FACE ( 'NONE', ( #2244 ), #1954, .F. ) ;
#5827 = EDGE_CURVE ( 'NONE', #2843, #900, #3901, .T. ) ;
#5828 = DIRECTION ( 'NONE',  ( 1.000000000000000000, 0.000000000000000000, 0.000000000000000000 ) ) ;
#5829 = VECTOR ( 'NONE', #5623, 1000.000000000000000 ) ;
#5830 = LINE ( 'NONE', #2953, #5752 ) ;
#5831 = DIRECTION ( 'NONE',  ( -0.000000000000000000, -0.000000000000000000, -1.000000000000000000 ) ) ;
#5832 = ADVANCED_FACE ( 'NONE', ( #794 ), #2056, .F. ) ;
#5833 = VECTOR ( 'NONE', #2509, 1000.000000000000000 ) ;
#5834 = EDGE_LOOP ( 'NONE', ( #925, #1312, #780, #2144 ) ) ;
#5835 = AXIS2_PLACEMENT_3D ( 'NONE', #5458, #4984, #3369 ) ;
#5836 = LINE ( 'NONE', #175, #4233 ) ;
#5837 = DIRECTION ( 'NONE',  ( -1.000000000000000000, 0.000000000000000000, 0.000000000000000000 ) ) ;
#5838 = CARTESIAN_POINT ( 'NONE',  ( 0.000000000000000000, -0.05000000000000000278, 0.000000000000000000 ) ) ;
#5839 = DIRECTION ( 'NONE',  ( -0.000000000000000000, -1.000000000000000000, -0.000000000000000000 ) ) ;
#5840 = VECTOR ( 'NONE', #4843, 1000.000000000000000 ) ;
#5841 = EDGE_LOOP ( 'NONE', ( #4430, #2706, #996, #5998 ) ) ;
#5842 = LINE ( 'NONE', #37, #5197 ) ;
#5843 = DIRECTION ( 'NONE',  ( -0.000000000000000000, 0.000000000000000000, 1.000000000000000000 ) ) ;
#5844 = EDGE_CURVE ( 'NONE', #3283, #4819, #5267, .T. ) ;
#5845 = EDGE_CURVE ( 'NONE', #824, #1582, #2724, .T. ) ;
#5846 = DIRECTION ( 'NONE',  ( 0.000000000000000000, -0.000000000000000000, 1.000000000000000000 ) ) ;
#5847 = LINE ( 'NONE', #3600, #4486 ) ;
#5848 = LINE ( 'NONE', #1335, #3841 ) ;
#5849 = DIRECTION ( 'NONE',  ( -1.000000000000000000, 0.000000000000000000, 0.000000000000000000 ) ) ;
#5850 = ORIENTED_EDGE ( 'NONE', *, *, #4377, .F. ) ;
#5851 = EDGE_LOOP ( 'NONE', ( #5959, #6190, #3311, #3900 ) ) ;
#5852 = EDGE_CURVE ( 'NONE', #6286, #670, #1364, .T. ) ;
#5853 = CARTESIAN_POINT ( 'NONE',  ( 1.400000000000004130, 0.2000000000000000111, 1.400000000000000577 ) ) ;
#5854 = VECTOR ( 'NONE', #3047, 1000.000000000000000 ) ;
#5855 = ORIENTED_EDGE ( 'NONE', *, *, #1544, .T. ) ;
#5856 = CARTESIAN_POINT ( 'NONE',  ( 0.4000000000000032419, 0.2000000000000000111, 2.600000000000000533 ) ) ;
#5857 = CARTESIAN_POINT ( 'NONE',  ( 0.000000000000000000, -0.05000000000000000278, 0.000000000000000000 ) ) ;
#5858 = FACE_OUTER_BOUND ( 'NONE', #1719, .T. ) ;
#5859 = ORIENTED_EDGE ( 'NONE', *, *, #4980, .F. ) ;
#5860 = DIRECTION ( 'NONE',  ( 0.000000000000000000, 0.000000000000000000, 1.000000000000000000 ) ) ;
#5861 = ORIENTED_EDGE ( 'NONE', *, *, #2485, .F. ) ;
#5862 = VERTEX_POINT ( 'NONE', #6568 ) ;
#5863 = DIRECTION ( 'NONE',  ( 1.000000000000000000, 0.000000000000000000, 0.000000000000000000 ) ) ;
#5864 = VECTOR ( 'NONE', #2165, 1000.000000000000000 ) ;
#5865 = ADVANCED_FACE ( 'NONE', ( #2175 ), #5064, .F. ) ;
#5866 = ORIENTED_EDGE ( 'NONE', *, *, #525, .T. ) ;
#5867 = DIRECTION ( 'NONE',  ( -1.000000000000000000, 0.000000000000000000, 0.000000000000000000 ) ) ;
#5868 = VECTOR ( 'NONE', #4857, 1000.000000000000000 ) ;
#5869 = ORIENTED_EDGE ( 'NONE', *, *, #2528, .T. ) ;
#5870 = EDGE_CURVE ( 'NONE', #6265, #4298, #1528, .T. ) ;
#5871 = EDGE_LOOP ( 'NONE', ( #744, #156, #2676, #1266 ) ) ;
#5872 = VECTOR ( 'NONE', #1227, 1000.000000000000000 ) ;
#5873 = CARTESIAN_POINT ( 'NONE',  ( -1.099999999999998090, -0.05000000000000000278, -1.400000000000000577 ) ) ;
#5874 = ORIENTED_EDGE ( 'NONE', *, *, #2156, .T. ) ;
#5875 = ORIENTED_EDGE ( 'NONE', *, *, #752, .T. ) ;
#5876 = CARTESIAN_POINT ( 'NONE',  ( -5.100000000000000533, 0.2000000000000000944, -2.000000000000000000 ) ) ;
#5877 = PLANE ( 'NONE',  #3289 ) ;
#5878 = LINE ( 'NONE', #1460, #3576 ) ;
#5879 = ORIENTED_EDGE ( 'NONE', *, *, #649, .T. ) ;
#5880 = DIRECTION ( 'NONE',  ( 0.000000000000000000, 0.000000000000000000, -1.000000000000000000 ) ) ;
#5881 = ORIENTED_EDGE ( 'NONE', *, *, #5590, .T. ) ;
#5882 = DIRECTION ( 'NONE',  ( -0.000000000000000000, 1.000000000000000000, -0.000000000000000000 ) ) ;
#5883 = ADVANCED_FACE ( 'NONE', ( #3752 ), #590, .F. ) ;
#5884 = FACE_OUTER_BOUND ( 'NONE', #5706, .T. ) ;
#5885 = EDGE_CURVE ( 'NONE', #931, #3937, #2572, .T. ) ;
#5886 = DIRECTION ( 'NONE',  ( 0.000000000000000000, 1.000000000000000000, 0.000000000000000000 ) ) ;
#5887 = EDGE_CURVE ( 'NONE', #1063, #5432, #4714, .T. ) ;
#5888 = ORIENTED_EDGE ( 'NONE', *, *, #1160, .F. ) ;
#5889 = ORIENTED_EDGE ( 'NONE', *, *, #4807, .F. ) ;
#5890 = CARTESIAN_POINT ( 'NONE',  ( 3.400000000000005240, 0.2000000000000000944, -2.000000000000000000 ) ) ;
#5891 = ORIENTED_EDGE ( 'NONE', *, *, #6469, .F. ) ;
#5892 = ADVANCED_FACE ( 'NONE', ( #324 ), #3695, .F. ) ;
#5893 = FACE_OUTER_BOUND ( 'NONE', #1306, .T. ) ;
#5894 = VERTEX_POINT ( 'NONE', #5129 ) ;
#5895 = EDGE_CURVE ( 'NONE', #1315, #139, #2802, .T. ) ;
#5896 = CARTESIAN_POINT ( 'NONE',  ( -1.599999999999998535, 2.000000000000000000, -2.000000000000000000 ) ) ;
#5897 = CARTESIAN_POINT ( 'NONE',  ( 2.900000000000005240, -0.05000000000000000278, 1.400000000000000577 ) ) ;
#5898 = LINE ( 'NONE', #4096, #5508 ) ;
#5899 = VECTOR ( 'NONE', #431, 1000.000000000000000 ) ;
#5900 = CARTESIAN_POINT ( 'NONE',  ( 2.900000000000005240, -0.05000000000000000278, 1.400000000000000577 ) ) ;
#5901 = VECTOR ( 'NONE', #686, 1000.000000000000000 ) ;
#5903 = ORIENTED_EDGE ( 'NONE', *, *, #2507, .T. ) ;
#5902 = CARTESIAN_POINT ( 'NONE',  ( -1.099999999999998090, 0.000000000000000000, -1.400000000000000577 ) ) ;
#5904 = VECTOR ( 'NONE', #5283, 1000.000000000000000 ) ;
#5905 = EDGE_CURVE ( 'NONE', #3316, #6265, #3688, .T. ) ;
#5906 = CARTESIAN_POINT ( 'NONE',  ( 4.000000000000000000, 3.799999999999998490, 0.6499999999999989120 ) ) ;
#5907 = VERTEX_POINT ( 'NONE', #566 ) ;
#5908 = LINE ( 'NONE', #5934, #4556 ) ;
#5909 = AXIS2_PLACEMENT_3D ( 'NONE', #2767, #3765, #692 ) ;
#5910 = LINE ( 'NONE', #920, #1071 ) ;
#5911 = ADVANCED_FACE ( 'NONE', ( #967 ), #2631, .F. ) ;
#5912 = CARTESIAN_POINT ( 'NONE',  ( 3.100000000000005418, 2.000000000000000000, -2.000000000000000000 ) ) ;
#5913 = ORIENTED_EDGE ( 'NONE', *, *, #2623, .T. ) ;
#5914 = LINE ( 'NONE', #6005, #266 ) ;
#5915 = ORIENTED_EDGE ( 'NONE', *, *, #5002, .T. ) ;
#5916 = CARTESIAN_POINT ( 'NONE',  ( -1.599999999999998535, 0.000000000000000000, 0.000000000000000000 ) ) ;
#5917 = LINE ( 'NONE', #1837, #4569 ) ;
#5918 = PLANE ( 'NONE',  #125 ) ;
#5919 = EDGE_CURVE ( 'NONE', #2754, #1278, #3599, .T. ) ;
#5920 = EDGE_CURVE ( 'NONE', #5362, #473, #2404, .T. ) ;
#5921 = DIRECTION ( 'NONE',  ( 1.000000000000000000, 0.000000000000000000, -0.000000000000000000 ) ) ;
#5922 = ADVANCED_FACE ( 'NONE', ( #1448 ), #4688, .F. ) ;
#5923 = ORIENTED_EDGE ( 'NONE', *, *, #2016, .T. ) ;
#5924 = CARTESIAN_POINT ( 'NONE',  ( -2.599999999999999645, -0.05000000000000000278, -1.400000000000000577 ) ) ;
#5925 = VECTOR ( 'NONE', #4715, 1000.000000000000000 ) ;
#5926 = CARTESIAN_POINT ( 'NONE',  ( 1.100000000000003419, -0.05000000000000000278, -1.400000000000000577 ) ) ;
#5927 = DIRECTION ( 'NONE',  ( 0.000000000000000000, -0.000000000000000000, 1.000000000000000000 ) ) ;
#5928 = ORIENTED_EDGE ( 'NONE', *, *, #6537, .T. ) ;
#5929 = ORIENTED_EDGE ( 'NONE', *, *, #4850, .T. ) ;
#5930 = ORIENTED_EDGE ( 'NONE', *, *, #1245, .F. ) ;
#5931 = EDGE_CURVE ( 'NONE', #1555, #6513, #5348, .T. ) ;
#5932 = PLANE ( 'NONE',  #4215 ) ;
#5933 = LINE ( 'NONE', #5980, #6586 ) ;
#5934 = CARTESIAN_POINT ( 'NONE',  ( -3.100000000000000977, 2.000000000000000000, -2.000000000000000000 ) ) ;
#5935 = VERTEX_POINT ( 'NONE', #3192 ) ;
#5936 = CARTESIAN_POINT ( 'NONE',  ( 2.900000000000005240, -0.05000000000000000278, -1.400000000000000577 ) ) ;
#5937 = ORIENTED_EDGE ( 'NONE', *, *, #5281, .F. ) ;
#5938 = EDGE_LOOP ( 'NONE', ( #1656, #2064, #2947, #1095 ) ) ;
#5939 = CARTESIAN_POINT ( 'NONE',  ( -3.600000000000000533, -0.05000000000000000278, -1.400000000000000577 ) ) ;
#5940 = ORIENTED_EDGE ( 'NONE', *, *, #1974, .F. ) ;
#5941 = ORIENTED_EDGE ( 'NONE', *, *, #4210, .T. ) ;
#5942 = PLANE ( 'NONE',  #3907 ) ;
#5943 = EDGE_CURVE ( 'NONE', #683, #660, #4856, .T. ) ;
#5944 = DIRECTION ( 'NONE',  ( 0.000000000000000000, 0.000000000000000000, 1.000000000000000000 ) ) ;
#5945 = DIRECTION ( 'NONE',  ( 0.000000000000000000, 0.000000000000000000, -1.000000000000000000 ) ) ;
#5946 = LINE ( 'NONE', #1101, #5390 ) ;
#5947 = ORIENTED_EDGE ( 'NONE', *, *, #1035, .F. ) ;
#5948 = ORIENTED_EDGE ( 'NONE', *, *, #1583, .F. ) ;
#5949 = FACE_OUTER_BOUND ( 'NONE', #5738, .T. ) ;
#5950 = AXIS2_PLACEMENT_3D ( 'NONE', #347, #1935, #6522 ) ;
#5951 = CARTESIAN_POINT ( 'NONE',  ( -3.600000000000000977, 0.2000000000000000944, -2.000000000000000000 ) ) ;
#5952 = ORIENTED_EDGE ( 'NONE', *, *, #4929, .T. ) ;
#5953 = ORIENTED_EDGE ( 'NONE', *, *, #1344, .F. ) ;
#5954 = ADVANCED_FACE ( 'NONE', ( #105 ), #4102, .F. ) ;
#5955 = LINE ( 'NONE', #4219, #4280 ) ;
#5956 = CARTESIAN_POINT ( 'NONE',  ( 0.000000000000000000, 0.2000000000000000111, 0.000000000000000000 ) ) ;
#5958 = VERTEX_POINT ( 'NONE', #3105 ) ;
#5957 = PLANE ( 'NONE',  #1616 ) ;
#5959 = ORIENTED_EDGE ( 'NONE', *, *, #130, .T. ) ;
#5960 = EDGE_CURVE ( 'NONE', #5269, #5195, #4064, .T. ) ;
#5961 = EDGE_CURVE ( 'NONE', #4290, #2820, #3358, .T. ) ;
#5962 = AXIS2_PLACEMENT_3D ( 'NONE', #4924, #3404, #825 ) ;
#5963 = VECTOR ( 'NONE', #4860, 1000.000000000000000 ) ;
#5964 = DIRECTION ( 'NONE',  ( 0.000000000000000000, -0.000000000000000000, -1.000000000000000000 ) ) ;
#5965 = ORIENTED_EDGE ( 'NONE', *, *, #6481, .F. ) ;
#5966 = FACE_OUTER_BOUND ( 'NONE', #3567, .T. ) ;
#5967 = VERTEX_POINT ( 'NONE', #549 ) ;
#5968 = DIRECTION ( 'NONE',  ( 0.000000000000000000, -0.000000000000000000, -1.000000000000000000 ) ) ;
#5969 = EDGE_CURVE ( 'NONE', #6616, #4309, #6553, .T. ) ;
#5970 = CARTESIAN_POINT ( 'NONE',  ( -5.100000000000000533, 0.000000000000000000, -2.000000000000000000 ) ) ;
#5971 = CARTESIAN_POINT ( 'NONE',  ( 0.4000000000000027978, 0.000000000000000000, -2.000000000000000000 ) ) ;
#5972 = VECTOR ( 'NONE', #5056, 1000.000000000000000 ) ;
#5973 = ORIENTED_EDGE ( 'NONE', *, *, #3997, .T. ) ;
#5974 = LINE ( 'NONE', #5896, #782 ) ;
#5975 = ORIENTED_EDGE ( 'NONE', *, *, #6429, .F. ) ;
#5976 = CARTESIAN_POINT ( 'NONE',  ( -4.000000000000000000, 3.799999999999998490, 1.250000000000000666 ) ) ;
#5977 = DIRECTION ( 'NONE',  ( 0.000000000000000000, 1.000000000000000000, 0.000000000000000000 ) ) ;
#5978 = LINE ( 'NONE', #4547, #98 ) ;
#5979 = LINE ( 'NONE', #2876, #249 ) ;
#5980 = CARTESIAN_POINT ( 'NONE',  ( 0.1000000000000024342, -0.05000000000000000278, -1.400000000000000577 ) ) ;
#5981 = CARTESIAN_POINT ( 'NONE',  ( 0.000000000000000000, 0.2000000000000000111, 0.000000000000000000 ) ) ;
#5982 = DIRECTION ( 'NONE',  ( -0.000000000000000000, 1.000000000000000000, -0.000000000000000000 ) ) ;
#5983 = FACE_OUTER_BOUND ( 'NONE', #758, .T. ) ;
#5984 = ORIENTED_EDGE ( 'NONE', *, *, #2974, .F. ) ;
#5985 = LINE ( 'NONE', #3379, #4939 ) ;
#5986 = DIRECTION ( 'NONE',  ( 0.000000000000000000, 0.000000000000000000, 1.000000000000000000 ) ) ;
#5987 = DIRECTION ( 'NONE',  ( 1.000000000000000000, 0.000000000000000000, 0.000000000000000000 ) ) ;
#5988 = ADVANCED_FACE ( 'NONE', ( #1288 ), #2200, .F. ) ;
#5989 = FACE_OUTER_BOUND ( 'NONE', #4555, .T. ) ;
#5990 = ORIENTED_EDGE ( 'NONE', *, *, #5158, .F. ) ;
#5991 = EDGE_CURVE ( 'NONE', #2898, #472, #2494, .T. ) ;
#5992 = LINE ( 'NONE', #1470, #6312 ) ;
#5993 = CARTESIAN_POINT ( 'NONE',  ( -2.599999999999999645, 0.000000000000000000, -1.400000000000000577 ) ) ;
#5994 = CARTESIAN_POINT ( 'NONE',  ( 0.000000000000000000, 0.2000000000000000111, 0.000000000000000000 ) ) ;
#5995 = VERTEX_POINT ( 'NONE', #673 ) ;
#5996 = LINE ( 'NONE', #545, #4321 ) ;
#5997 = LINE ( 'NONE', #5068, #1851 ) ;
#5998 = ORIENTED_EDGE ( 'NONE', *, *, #4386, .T. ) ;
#5999 = CARTESIAN_POINT ( 'NONE',  ( -2.399999999999999911, -0.05000000000000000278, -1.400000000000000577 ) ) ;
#6000 = AXIS2_PLACEMENT_3D ( 'NONE', #3651, #5727, #2632 ) ;
#6001 = CARTESIAN_POINT ( 'NONE',  ( -3.600000000000000533, 0.000000000000000000, 1.400000000000000577 ) ) ;
#6002 =( LENGTH_UNIT ( ) NAMED_UNIT ( * ) SI_UNIT ( .MILLI., .METRE. ) );
#6003 = VERTEX_POINT ( 'NONE', #6251 ) ;
#6004 = LINE ( 'NONE', #3697, #5925 ) ;
#6005 = CARTESIAN_POINT ( 'NONE',  ( -0.09999999999999722999, -0.05000000000000000278, -1.400000000000000577 ) ) ;
#6006 = EDGE_LOOP ( 'NONE', ( #2202, #5385, #634, #2118 ) ) ;
#6007 = DIRECTION ( 'NONE',  ( -0.000000000000000000, 1.000000000000000000, -0.000000000000000000 ) ) ;
#6008 = DIRECTION ( 'NONE',  ( 0.000000000000000000, -0.000000000000000000, -1.000000000000000000 ) ) ;
#6009 = CARTESIAN_POINT ( 'NONE',  ( 0.000000000000000000, -0.05000000000000000278, 0.000000000000000000 ) ) ;
#6010 = EDGE_CURVE ( 'NONE', #4537, #2247, #5191, .T. ) ;
#6011 = LINE ( 'NONE', #469, #4335 ) ;
#6012 = EDGE_CURVE ( 'NONE', #2636, #3878, #4550, .T. ) ;
#6013 = DIRECTION ( 'NONE',  ( 0.000000000000000000, -1.000000000000000000, 0.000000000000000000 ) ) ;
#6014 = DIRECTION ( 'NONE',  ( -0.000000000000000000, 1.000000000000000000, -0.000000000000000000 ) ) ;
#6015 = ORIENTED_EDGE ( 'NONE', *, *, #2345, .F. ) ;
#6016 = VERTEX_POINT ( 'NONE', #654 ) ;
#6017 = CARTESIAN_POINT ( 'NONE',  ( 0.4000000000000027978, 2.000000000000000000, 2.000000000000000000 ) ) ;
#6018 = EDGE_LOOP ( 'NONE', ( #5403, #4829, #966, #5465 ) ) ;
#6019 = ADVANCED_FACE ( 'NONE', ( #5758 ), #4211, .T. ) ;
#6020 = DIRECTION ( 'NONE',  ( -1.000000000000000000, -0.000000000000000000, -0.000000000000000000 ) ) ;
#6021 = LINE ( 'NONE', #1908, #4817 ) ;
#6022 = CARTESIAN_POINT ( 'NONE',  ( -1.099999999999998090, -0.05000000000000000278, 2.600000000000000533 ) ) ;
#6023 = ORIENTED_EDGE ( 'NONE', *, *, #1636, .T. ) ;
#6024 = EDGE_CURVE ( 'NONE', #3609, #4808, #491, .T. ) ;
#6025 = PLANE ( 'NONE',  #253 ) ;
#6026 = ADVANCED_FACE ( 'NONE', ( #2095 ), #3733, .F. ) ;
#6027 = FACE_OUTER_BOUND ( 'NONE', #740, .T. ) ;
#6028 = DIRECTION ( 'NONE',  ( -1.000000000000000000, 0.000000000000000000, -0.000000000000000000 ) ) ;
#6029 = CARTESIAN_POINT ( 'NONE',  ( -3.400000000000000799, -0.05000000000000000278, 1.400000000000000577 ) ) ;
#6030 = APPLICATION_CONTEXT ( 'automotive_design' ) ;
#6031 = VERTEX_POINT ( 'NONE', #1748 ) ;
#6032 = VERTEX_POINT ( 'NONE', #3713 ) ;
#6033 = DIRECTION ( 'NONE',  ( 0.000000000000000000, -0.000000000000000000, 1.000000000000000000 ) ) ;
#6034 = CARTESIAN_POINT ( 'NONE',  ( -1.099999999999998090, -0.05000000000000000278, -1.400000000000000577 ) ) ;
#6035 = FACE_OUTER_BOUND ( 'NONE', #911, .T. ) ;
#6036 = DIRECTION ( 'NONE',  ( -1.000000000000000000, -0.000000000000000000, -0.000000000000000000 ) ) ;
#6037 = ORIENTED_EDGE ( 'NONE', *, *, #3798, .F. ) ;
#6038 = EDGE_CURVE ( 'NONE', #1349, #2161, #648, .T. ) ;
#6039 = ORIENTED_EDGE ( 'NONE', *, *, #6235, .F. ) ;
#6040 = DIRECTION ( 'NONE',  ( 0.000000000000000000, 0.000000000000000000, 1.000000000000000000 ) ) ;
#6041 = DIRECTION ( 'NONE',  ( 0.000000000000000000, 0.000000000000000000, -1.000000000000000000 ) ) ;
#6042 = DIRECTION ( 'NONE',  ( -1.000000000000000000, 0.000000000000000000, 0.000000000000000000 ) ) ;
#6043 = FACE_OUTER_BOUND ( 'NONE', #5484, .T. ) ;
#6044 = ORIENTED_EDGE ( 'NONE', *, *, #1215, .F. ) ;
#6045 = VERTEX_POINT ( 'NONE', #3794 ) ;
#6046 = AXIS2_PLACEMENT_3D ( 'NONE', #2790, #731, #3280 ) ;
#6047 = VECTOR ( 'NONE', #3795, 1000.000000000000000 ) ;
#6048 = VERTEX_POINT ( 'NONE', #5746 ) ;
#6049 = EDGE_LOOP ( 'NONE', ( #209, #4529, #465, #6162 ) ) ;
#6050 = VERTEX_POINT ( 'NONE', #234 ) ;
#6051 = CARTESIAN_POINT ( 'NONE',  ( 4.000000000000000000, 3.799999999999998490, -1.249999999999999778 ) ) ;
#6052 = CARTESIAN_POINT ( 'NONE',  ( 3.400000000000005684, 0.000000000000000000, 1.400000000000000577 ) ) ;
#6053 = ADVANCED_FACE ( 'NONE', ( #1283 ), #4711, .F. ) ;
#6054 = DIRECTION ( 'NONE',  ( -0.000000000000000000, -0.000000000000000000, 1.000000000000000000 ) ) ;
#6055 = EDGE_CURVE ( 'NONE', #5995, #783, #1835, .T. ) ;
#6056 = PLANE ( 'NONE',  #3415 ) ;
#6057 = ORIENTED_EDGE ( 'NONE', *, *, #3556, .F. ) ;
#6058 = EDGE_CURVE ( 'NONE', #3036, #5708, #5416, .T. ) ;
#6059 = AXIS2_PLACEMENT_3D ( 'NONE', #5704, #5769, #3173 ) ;
#6060 = LINE ( 'NONE', #5382, #6541 ) ;
#6061 = VERTEX_POINT ( 'NONE', #2242 ) ;
#6062 = DIRECTION ( 'NONE',  ( 0.000000000000000000, 0.000000000000000000, -1.000000000000000000 ) ) ;
#6063 = DIRECTION ( 'NONE',  ( 0.000000000000000000, -1.000000000000000000, 0.000000000000000000 ) ) ;
#6064 = CARTESIAN_POINT ( 'NONE',  ( -1.399999999999998801, 0.000000000000000000, 0.000000000000000000 ) ) ;
#6065 = ADVANCED_FACE ( 'NONE', ( #6546 ), #5263, .F. ) ;
#6066 = LINE ( 'NONE', #3056, #4626 ) ;
#6067 = PLANE ( 'NONE',  #3356 ) ;
#6068 = LINE ( 'NONE', #4913, #4709 ) ;
#6069 = EDGE_CURVE ( 'NONE', #1913, #3810, #4787, .T. ) ;
#6070 = DIRECTION ( 'NONE',  ( -0.000000000000000000, 1.000000000000000000, -0.000000000000000000 ) ) ;
#6071 = CARTESIAN_POINT ( 'NONE',  ( -5.099999999999998757, 0.2000000000000000944, 2.000000000000000000 ) ) ;
#6072 = VECTOR ( 'NONE', #6339, 1000.000000000000000 ) ;
#6073 = VECTOR ( 'NONE', #5585, 1000.000000000000000 ) ;
#6074 = CARTESIAN_POINT ( 'NONE',  ( 0.000000000000000000, 0.2000000000000000111, 0.000000000000000000 ) ) ;
#6075 = CARTESIAN_POINT ( 'NONE',  ( -4.000000000000000000, 2.000000000000000000, 0.6500000000000010214 ) ) ;
#6076 = FACE_OUTER_BOUND ( 'NONE', #5617, .T. ) ;
#6077 = LINE ( 'NONE', #3548, #2248 ) ;
#6078 = CARTESIAN_POINT ( 'NONE',  ( -0.3999999999999975797, 0.000000000000000000, 2.000000000000000000 ) ) ;
#6079 = EDGE_CURVE ( 'NONE', #5709, #3691, #720, .T. ) ;
#6080 = LINE ( 'NONE', #3000, #6318 ) ;
#6081 = CARTESIAN_POINT ( 'NONE',  ( 2.900000000000005240, -0.05000000000000000278, 2.600000000000000533 ) ) ;
#6082 = FACE_OUTER_BOUND ( 'NONE', #2856, .T. ) ;
#6083 = VERTEX_POINT ( 'NONE', #4259 ) ;
#6084 = ADVANCED_FACE ( 'NONE', ( #2170 ), #6372, .F. ) ;
#6085 = AXIS2_PLACEMENT_3D ( 'NONE', #5531, #4589, #986 ) ;
#6086 = LINE ( 'NONE', #1690, #1220 ) ;
#6087 = VERTEX_POINT ( 'NONE', #189 ) ;
#6088 = VECTOR ( 'NONE', #1564, 1000.000000000000000 ) ;
#6089 = ADVANCED_FACE ( 'NONE', ( #1611 ), #1852, .F. ) ;
#6090 = ORIENTED_EDGE ( 'NONE', *, *, #6123, .T. ) ;
#6091 = CARTESIAN_POINT ( 'NONE',  ( -5.100000000000000533, 0.000000000000000000, -2.000000000000000000 ) ) ;
#6092 = EDGE_CURVE ( 'NONE', #6276, #1092, #3132, .T. ) ;
#6093 = ORIENTED_EDGE ( 'NONE', *, *, #466, .F. ) ;
#6094 = PLANE ( 'NONE',  #3040 ) ;
#6095 = ORIENTED_EDGE ( 'NONE', *, *, #4056, .F. ) ;
#6096 = CARTESIAN_POINT ( 'NONE',  ( -0.8999999999999984679, -0.05000000000000000278, -2.600000000000000533 ) ) ;
#6097 = LINE ( 'NONE', #4193, #3389 ) ;
#6098 = CARTESIAN_POINT ( 'NONE',  ( 1.900000000000004130, 0.2000000000000000944, -2.000000000000000000 ) ) ;
#6099 = ORIENTED_EDGE ( 'NONE', *, *, #2237, .T. ) ;
#6100 = VERTEX_POINT ( 'NONE', #274 ) ;
#6101 = ORIENTED_EDGE ( 'NONE', *, *, #3195, .F. ) ;
#6102 = CARTESIAN_POINT ( 'NONE',  ( 2.900000000000005240, 0.2000000000000000111, 1.400000000000000577 ) ) ;
#6103 = DIRECTION ( 'NONE',  ( -1.000000000000000000, 0.000000000000000000, 0.000000000000000000 ) ) ;
#6104 = EDGE_CURVE ( 'NONE', #5575, #3283, #2869, .T. ) ;
#6105 = DIRECTION ( 'NONE',  ( 0.000000000000000000, 0.000000000000000000, 1.000000000000000000 ) ) ;
#6106 = LINE ( 'NONE', #3756, #1970 ) ;
#6107 = EDGE_LOOP ( 'NONE', ( #275, #5929, #3723, #6137 ) ) ;
#6108 = ORIENTED_EDGE ( 'NONE', *, *, #6482, .T. ) ;
#6109 = CARTESIAN_POINT ( 'NONE',  ( -0.09999999999999766020, 0.000000000000000000, -2.000000000000000000 ) ) ;
#6110 = VECTOR ( 'NONE', #973, 1000.000000000000000 ) ;
#6111 = EDGE_CURVE ( 'NONE', #1887, #3180, #168, .T. ) ;
#6112 = DIRECTION ( 'NONE',  ( 0.000000000000000000, 0.000000000000000000, -1.000000000000000000 ) ) ;
#6113 = ORIENTED_EDGE ( 'NONE', *, *, #6198, .T. ) ;
#6114 = ORIENTED_EDGE ( 'NONE', *, *, #2893, .F. ) ;
#6115 = DIRECTION ( 'NONE',  ( 1.000000000000000000, 0.000000000000000000, -0.000000000000000000 ) ) ;
#6116 = DIRECTION ( 'NONE',  ( -0.000000000000000000, 0.000000000000000000, 1.000000000000000000 ) ) ;
#6117 = FACE_OUTER_BOUND ( 'NONE', #3325, .T. ) ;
#6118 = ORIENTED_EDGE ( 'NONE', *, *, #1256, .T. ) ;
#6119 = VERTEX_POINT ( 'NONE', #1258 ) ;
#6120 = DIRECTION ( 'NONE',  ( 1.000000000000000000, 0.000000000000000000, 0.000000000000000000 ) ) ;
#6121 = DIRECTION ( 'NONE',  ( 1.000000000000000000, 0.000000000000000000, 0.000000000000000000 ) ) ;
#6122 = VECTOR ( 'NONE', #5927, 1000.000000000000000 ) ;
#6123 = EDGE_CURVE ( 'NONE', #4808, #2124, #3355, .T. ) ;
#6124 = CARTESIAN_POINT ( 'NONE',  ( 2.600000000000004974, 2.000000000000000000, -2.000000000000000000 ) ) ;
#6125 = VERTEX_POINT ( 'NONE', #4362 ) ;
#6126 = ORIENTED_EDGE ( 'NONE', *, *, #5386, .F. ) ;
#6127 = DIRECTION ( 'NONE',  ( -0.000000000000000000, 1.000000000000000000, -0.000000000000000000 ) ) ;
#6128 = LINE ( 'NONE', #394, #3043 ) ;
#6129 = ORIENTED_EDGE ( 'NONE', *, *, #5768, .F. ) ;
#6130 = LINE ( 'NONE', #1222, #708 ) ;
#6131 = CARTESIAN_POINT ( 'NONE',  ( -0.09999999999999766020, 0.000000000000000000, 2.000000000000000000 ) ) ;
#6132 = EDGE_LOOP ( 'NONE', ( #33, #3186, #678, #1181 ) ) ;
#6133 = EDGE_CURVE ( 'NONE', #3393, #2140, #5020, .T. ) ;
#6134 = DIRECTION ( 'NONE',  ( 0.000000000000000000, 1.000000000000000000, 0.000000000000000000 ) ) ;
#6135 = DIRECTION ( 'NONE',  ( -1.000000000000000000, 0.000000000000000000, 0.000000000000000000 ) ) ;
#6136 = VECTOR ( 'NONE', #358, 1000.000000000000000 ) ;
#6137 = ORIENTED_EDGE ( 'NONE', *, *, #1884, .F. ) ;
#6138 = LINE ( 'NONE', #4225, #4703 ) ;
#6139 = CARTESIAN_POINT ( 'NONE',  ( -4.000000000000000000, 3.899999999999999911, 1.250000000000000666 ) ) ;
#6140 = CARTESIAN_POINT ( 'NONE',  ( 1.600000000000004086, 2.000000000000000000, 2.000000000000000000 ) ) ;
#6141 = EDGE_CURVE ( 'NONE', #3053, #109, #3824, .T. ) ;
#6142 = CARTESIAN_POINT ( 'NONE',  ( 0.1000000000000028644, 2.000000000000000000, -2.000000000000000000 ) ) ;
#6143 = EDGE_CURVE ( 'NONE', #5092, #6050, #5587, .T. ) ;
#6144 = DIRECTION ( 'NONE',  ( 0.000000000000000000, -1.000000000000000000, 0.000000000000000000 ) ) ;
#6145 = LINE ( 'NONE', #772, #1834 ) ;
#6146 = ORIENTED_EDGE ( 'NONE', *, *, #3421, .T. ) ;
#6147 = VECTOR ( 'NONE', #2497, 1000.000000000000000 ) ;
#6148 = DIRECTION ( 'NONE',  ( -1.000000000000000000, 0.000000000000000000, 0.000000000000000000 ) ) ;
#6149 = DIRECTION ( 'NONE',  ( 1.000000000000000000, 0.000000000000000000, -0.000000000000000000 ) ) ;
#6150 = DIRECTION ( 'NONE',  ( -1.000000000000000000, 0.000000000000000000, 0.000000000000000000 ) ) ;
#6151 = PLANE ( 'NONE',  #2558 ) ;
#6152 = DIRECTION ( 'NONE',  ( 0.000000000000000000, 0.000000000000000000, -1.000000000000000000 ) ) ;
#6153 = VECTOR ( 'NONE', #6014, 1000.000000000000000 ) ;
#6154 = VERTEX_POINT ( 'NONE', #5906 ) ;
#6155 = FACE_OUTER_BOUND ( 'NONE', #2194, .T. ) ;
#6156 = EDGE_CURVE ( 'NONE', #778, #4900, #4378, .T. ) ;
#6157 = DIRECTION ( 'NONE',  ( -1.000000000000000000, 0.000000000000000000, -0.000000000000000000 ) ) ;
#6158 = VECTOR ( 'NONE', #1292, 1000.000000000000000 ) ;
#6159 = VECTOR ( 'NONE', #813, 1000.000000000000000 ) ;
#6160 = EDGE_LOOP ( 'NONE', ( #2811, #1757, #4767, #398, #4018, #4803 ) ) ;
#6161 = LINE ( 'NONE', #3604, #31 ) ;
#6162 = ORIENTED_EDGE ( 'NONE', *, *, #5349, .F. ) ;
#6163 = DIRECTION ( 'NONE',  ( 0.000000000000000000, -0.000000000000000000, -1.000000000000000000 ) ) ;
#6164 = LINE ( 'NONE', #1056, #4161 ) ;
#6165 = EDGE_CURVE ( 'NONE', #1631, #4641, #5979, .T. ) ;
#6166 = VERTEX_POINT ( 'NONE', #1301 ) ;
#6167 = DIRECTION ( 'NONE',  ( -0.000000000000000000, 0.000000000000000000, 1.000000000000000000 ) ) ;
#6168 = DIRECTION ( 'NONE',  ( 1.000000000000000000, 0.000000000000000000, 0.000000000000000000 ) ) ;
#6169 = VERTEX_POINT ( 'NONE', #1814 ) ;
#6170 = CARTESIAN_POINT ( 'NONE',  ( -5.100000000000000533, 0.2000000000000000944, -2.000000000000000000 ) ) ;
#6171 = LINE ( 'NONE', #600, #3773 ) ;
#6172 = CARTESIAN_POINT ( 'NONE',  ( -1.599999999999998535, 0.2000000000000000111, -1.400000000000000577 ) ) ;
#6173 = ORIENTED_EDGE ( 'NONE', *, *, #173, .T. ) ;
#6174 = DIRECTION ( 'NONE',  ( 0.000000000000000000, 0.000000000000000000, -1.000000000000000000 ) ) ;
#6175 = ORIENTED_EDGE ( 'NONE', *, *, #883, .T. ) ;
#6176 = CARTESIAN_POINT ( 'NONE',  ( 0.1000000000000024342, -0.05000000000000000278, -2.600000000000000533 ) ) ;
#6177 = AXIS2_PLACEMENT_3D ( 'NONE', #5544, #5133, #2009 ) ;
#6178 = FACE_OUTER_BOUND ( 'NONE', #4129, .T. ) ;
#6179 = ORIENTED_EDGE ( 'NONE', *, *, #2413, .F. ) ;
#6180 = DIRECTION ( 'NONE',  ( -0.000000000000000000, 1.000000000000000000, -0.000000000000000000 ) ) ;
#6181 = CARTESIAN_POINT ( 'NONE',  ( -1.399999999999998801, -0.05000000000000000278, -1.400000000000000577 ) ) ;
#6182 = ORIENTED_EDGE ( 'NONE', *, *, #3978, .T. ) ;
#6183 = VERTEX_POINT ( 'NONE', #6438 ) ;
#6184 = DIRECTION ( 'NONE',  ( 0.000000000000000000, -1.000000000000000000, 0.000000000000000000 ) ) ;
#6185 = EDGE_CURVE ( 'NONE', #5448, #4055, #1134, .T. ) ;
#6186 = LINE ( 'NONE', #3565, #5378 ) ;
#6187 = CARTESIAN_POINT ( 'NONE',  ( 0.6000000000000028644, -0.05000000000000000278, 1.400000000000000577 ) ) ;
#6188 = EDGE_CURVE ( 'NONE', #3082, #4695, #5344, .T. ) ;
#6189 = VERTEX_POINT ( 'NONE', #1323 ) ;
#6190 = ORIENTED_EDGE ( 'NONE', *, *, #2400, .T. ) ;
#6191 = CARTESIAN_POINT ( 'NONE',  ( -3.400000000000000799, 2.000000000000000000, -2.000000000000000000 ) ) ;
#6192 = PLANE ( 'NONE',  #4852 ) ;
#6193 = COLOUR_RGB ( '',1.000000000000000000, 1.000000000000000000, 1.000000000000000000 ) ;
#6194 = DIRECTION ( 'NONE',  ( -1.000000000000000000, 0.000000000000000000, 0.000000000000000000 ) ) ;
#6195 = ORIENTED_EDGE ( 'NONE', *, *, #4007, .F. ) ;
#6196 = CARTESIAN_POINT ( 'NONE',  ( -1.099999999999998090, -0.05000000000000000278, 1.400000000000000577 ) ) ;
#6197 = ORIENTED_EDGE ( 'NONE', *, *, #3109, .T. ) ;
#6198 = EDGE_CURVE ( 'NONE', #1799, #3871, #2489, .T. ) ;
#6199 = CARTESIAN_POINT ( 'NONE',  ( -0.09999999999999766020, 0.2000000000000000944, -2.000000000000000000 ) ) ;
#6200 = ADVANCED_FACE ( 'NONE', ( #3054 ), #6488, .F. ) ;
#6201 = CARTESIAN_POINT ( 'NONE',  ( 2.400000000000004796, -0.05000000000000000278, 1.400000000000000577 ) ) ;
#6202 = VECTOR ( 'NONE', #6480, 1000.000000000000000 ) ;
#6203 = ORIENTED_EDGE ( 'NONE', *, *, #2566, .F. ) ;
#6204 = ORIENTED_EDGE ( 'NONE', *, *, #6358, .F. ) ;
#6205 = CARTESIAN_POINT ( 'NONE',  ( 0.000000000000000000, 0.2000000000000000111, 0.000000000000000000 ) ) ;
#6206 = LINE ( 'NONE', #406, #4903 ) ;
#6207 = ORIENTED_EDGE ( 'NONE', *, *, #5453, .T. ) ;
#6208 = EDGE_LOOP ( 'NONE', ( #5879, #5399, #1389, #4992, #4566, #4702 ) ) ;
#6209 = VECTOR ( 'NONE', #866, 1000.000000000000000 ) ;
#6210 = ORIENTED_EDGE ( 'NONE', *, *, #286, .F. ) ;
#6211 = ORIENTED_EDGE ( 'NONE', *, *, #2080, .T. ) ;
#6212 = ORIENTED_EDGE ( 'NONE', *, *, #3271, .F. ) ;
#6213 = CARTESIAN_POINT ( 'NONE',  ( -3.600000000000000533, 0.2000000000000000111, 1.400000000000000577 ) ) ;
#6214 = EDGE_CURVE ( 'NONE', #2302, #4889, #6375, .T. ) ;
#6215 = CARTESIAN_POINT ( 'NONE',  ( 3.400000000000005684, 0.2000000000000000111, 2.000000000000000000 ) ) ;
#6216 = DIRECTION ( 'NONE',  ( -0.000000000000000000, -0.000000000000000000, 1.000000000000000000 ) ) ;
#6217 = ORIENTED_EDGE ( 'NONE', *, *, #2858, .T. ) ;
#6219 = VERTEX_POINT ( 'NONE', #5533 ) ;
#6218 = DIRECTION ( 'NONE',  ( 1.000000000000000000, 0.000000000000000000, 0.000000000000000000 ) ) ;
#6220 = LINE ( 'NONE', #3405, #2956 ) ;
#6221 = VERTEX_POINT ( 'NONE', #914 ) ;
#6222 = CARTESIAN_POINT ( 'NONE',  ( -2.399999999999999911, -0.05000000000000000278, 2.600000000000000533 ) ) ;
#6223 = CARTESIAN_POINT ( 'NONE',  ( 5.099999999999998757, 0.000000000000000000, -2.000000000000000000 ) ) ;
#6224 = LINE ( 'NONE', #1618, #3051 ) ;
#6225 = AXIS2_PLACEMENT_3D ( 'NONE', #3179, #623, #5249 ) ;
#6226 = VECTOR ( 'NONE', #3489, 1000.000000000000000 ) ;
#6227 = ADVANCED_FACE ( 'NONE', ( #4147 ), #5010, .F. ) ;
#6228 = CARTESIAN_POINT ( 'NONE',  ( -1.599999999999998535, 0.2000000000000000111, 1.400000000000000577 ) ) ;
#6229 = PLANE ( 'NONE',  #5540 ) ;
#6230 = LINE ( 'NONE', #2717, #3899 ) ;
#6231 = ORIENTED_EDGE ( 'NONE', *, *, #3906, .F. ) ;
#6232 = VECTOR ( 'NONE', #5671, 1000.000000000000000 ) ;
#6233 = EDGE_CURVE ( 'NONE', #2684, #2608, #2798, .T. ) ;
#6234 = CARTESIAN_POINT ( 'NONE',  ( -5.100000000000000533, 0.2000000000000000944, -2.000000000000000000 ) ) ;
#6235 = EDGE_CURVE ( 'NONE', #5907, #778, #2008, .T. ) ;
#6236 = DIRECTION ( 'NONE',  ( -0.000000000000000000, -1.000000000000000000, -0.000000000000000000 ) ) ;
#6237 = LINE ( 'NONE', #5424, #1300 ) ;
#6238 = DIRECTION ( 'NONE',  ( 0.000000000000000000, 0.000000000000000000, -1.000000000000000000 ) ) ;
#6239 = VECTOR ( 'NONE', #6580, 1000.000000000000000 ) ;
#6240 = VECTOR ( 'NONE', #2616, 1000.000000000000000 ) ;
#6241 = CARTESIAN_POINT ( 'NONE',  ( 1.400000000000003686, 0.000000000000000000, 2.000000000000000000 ) ) ;
#6242 = DIRECTION ( 'NONE',  ( -0.000000000000000000, 0.000000000000000000, -1.000000000000000000 ) ) ;
#6243 = DIRECTION ( 'NONE',  ( -0.000000000000000000, 1.000000000000000000, -0.000000000000000000 ) ) ;
#6244 = CARTESIAN_POINT ( 'NONE',  ( 2.400000000000004352, 0.2000000000000000944, -2.000000000000000000 ) ) ;
#6245 = EDGE_CURVE ( 'NONE', #6016, #4891, #4627, .T. ) ;
#6246 = VECTOR ( 'NONE', #2026, 1000.000000000000000 ) ;
#6247 = LINE ( 'NONE', #5522, #735 ) ;
#6248 = ORIENTED_EDGE ( 'NONE', *, *, #5592, .T. ) ;
#6249 = DIRECTION ( 'NONE',  ( 1.000000000000000000, 0.000000000000000000, 0.000000000000000000 ) ) ;
#6250 = VECTOR ( 'NONE', #2882, 1000.000000000000000 ) ;
#6251 = CARTESIAN_POINT ( 'NONE',  ( 3.600000000000005418, 0.2000000000000000111, -2.600000000000000533 ) ) ;
#6252 = VERTEX_POINT ( 'NONE', #2395 ) ;
#6253 = EDGE_CURVE ( 'NONE', #5862, #2556, #6068, .T. ) ;
#6254 = DIRECTION ( 'NONE',  ( -1.000000000000000000, 0.000000000000000000, 0.000000000000000000 ) ) ;
#6255 = FACE_OUTER_BOUND ( 'NONE', #2914, .T. ) ;
#6256 = ORIENTED_EDGE ( 'NONE', *, *, #4037, .F. ) ;
#6257 = DIRECTION ( 'NONE',  ( 0.000000000000000000, 0.000000000000000000, -1.000000000000000000 ) ) ;
#6258 = ORIENTED_EDGE ( 'NONE', *, *, #4780, .F. ) ;
#6259 = ORIENTED_EDGE ( 'NONE', *, *, #6245, .F. ) ;
#6260 = CARTESIAN_POINT ( 'NONE',  ( -1.099999999999998090, -0.05000000000000000278, -2.600000000000000533 ) ) ;
#6261 = DIRECTION ( 'NONE',  ( 0.000000000000000000, -0.000000000000000000, -1.000000000000000000 ) ) ;
#6262 = LINE ( 'NONE', #1019, #1647 ) ;
#6263 = VERTEX_POINT ( 'NONE', #1791 ) ;
#6264 = AXIS2_PLACEMENT_3D ( 'NONE', #1281, #2728, #6292 ) ;
#6265 = VERTEX_POINT ( 'NONE', #1947 ) ;
#6266 = ORIENTED_EDGE ( 'NONE', *, *, #3450, .T. ) ;
#6267 = CARTESIAN_POINT ( 'NONE',  ( 2.100000000000004086, -0.05000000000000000278, -1.400000000000000577 ) ) ;
#6268 = VECTOR ( 'NONE', #2821, 1000.000000000000000 ) ;
#6269 = VERTEX_POINT ( 'NONE', #2445 ) ;
#6270 = VERTEX_POINT ( 'NONE', #4406 ) ;
#6271 = EDGE_CURVE ( 'NONE', #2700, #3004, #99, .T. ) ;
#6272 = CARTESIAN_POINT ( 'NONE',  ( 0.000000000000000000, 0.000000000000000000, 1.400000000000000577 ) ) ;
#6273 = EDGE_CURVE ( 'NONE', #6045, #3046, #2322, .T. ) ;
#6274 = AXIS2_PLACEMENT_3D ( 'NONE', #4199, #154, #116 ) ;
#6275 = LINE ( 'NONE', #32, #4983 ) ;
#6276 = VERTEX_POINT ( 'NONE', #5993 ) ;
#6277 = ORIENTED_EDGE ( 'NONE', *, *, #1047, .F. ) ;
#6278 = CARTESIAN_POINT ( 'NONE',  ( 0.000000000000000000, 0.2000000000000000111, 0.000000000000000000 ) ) ;
#6279 = DIRECTION ( 'NONE',  ( -0.000000000000000000, -0.000000000000000000, -1.000000000000000000 ) ) ;
#6280 = LINE ( 'NONE', #2855, #1112 ) ;
#6281 = EDGE_CURVE ( 'NONE', #4686, #3264, #5830, .T. ) ;
#6282 = DIRECTION ( 'NONE',  ( -1.000000000000000000, -0.000000000000000000, -0.000000000000000000 ) ) ;
#6283 = VERTEX_POINT ( 'NONE', #2982 ) ;
#6284 = CARTESIAN_POINT ( 'NONE',  ( 2.100000000000004086, -0.05000000000000000278, -1.400000000000000577 ) ) ;
#6285 = FACE_OUTER_BOUND ( 'NONE', #3093, .T. ) ;
#6286 = VERTEX_POINT ( 'NONE', #1365 ) ;
#6287 = DIRECTION ( 'NONE',  ( -0.000000000000000000, 1.000000000000000000, -0.000000000000000000 ) ) ;
#6288 = VERTEX_POINT ( 'NONE', #1897 ) ;
#6289 = VECTOR ( 'NONE', #5565, 1000.000000000000000 ) ;
#6290 = EDGE_CURVE ( 'NONE', #5645, #5958, #5669, .T. ) ;
#6291 = DIRECTION ( 'NONE',  ( 0.000000000000000000, 0.000000000000000000, 1.000000000000000000 ) ) ;
#6292 = DIRECTION ( 'NONE',  ( 1.000000000000000000, 0.000000000000000000, 0.000000000000000000 ) ) ;
#6293 = EDGE_LOOP ( 'NONE', ( #5071, #4620, #1198, #5685 ) ) ;
#6294 = VECTOR ( 'NONE', #2172, 1000.000000000000000 ) ;
#6295 = ORIENTED_EDGE ( 'NONE', *, *, #2603, .F. ) ;
#6296 = DIRECTION ( 'NONE',  ( 0.000000000000000000, 0.000000000000000000, -1.000000000000000000 ) ) ;
#6297 = VECTOR ( 'NONE', #5882, 1000.000000000000000 ) ;
#6298 = VERTEX_POINT ( 'NONE', #2901 ) ;
#6299 = FACE_OUTER_BOUND ( 'NONE', #2955, .T. ) ;
#6300 = DIRECTION ( 'NONE',  ( -1.000000000000000000, -0.000000000000000000, -0.000000000000000000 ) ) ;
#6301 = CARTESIAN_POINT ( 'NONE',  ( -3.600000000000000533, -0.05000000000000000278, 2.600000000000000533 ) ) ;
#6302 = LINE ( 'NONE', #1482, #3278 ) ;
#6303 = VECTOR ( 'NONE', #4169, 1000.000000000000000 ) ;
#6304 = EDGE_CURVE ( 'NONE', #4437, #1392, #2964, .T. ) ;
#6305 = EDGE_CURVE ( 'NONE', #1022, #4207, #4306, .T. ) ;
#6306 = VECTOR ( 'NONE', #5507, 1000.000000000000000 ) ;
#6307 = ORIENTED_EDGE ( 'NONE', *, *, #569, .F. ) ;
#6308 = LINE ( 'NONE', #6075, #3987 ) ;
#6309 = CARTESIAN_POINT ( 'NONE',  ( 2.493664996716661677E-16, 3.899999999999999911, 1.150000000000000355 ) ) ;
#6310 = VECTOR ( 'NONE', #4205, 1000.000000000000000 ) ;
#6311 = EDGE_LOOP ( 'NONE', ( #6118, #6360, #69, #1559 ) ) ;
#6312 = VECTOR ( 'NONE', #2942, 1000.000000000000000 ) ;
#6313 = EDGE_CURVE ( 'NONE', #1631, #2162, #963, .T. ) ;
#6314 = DIRECTION ( 'NONE',  ( 0.000000000000000000, 1.000000000000000000, 0.000000000000000000 ) ) ;
#6315 = AXIS2_PLACEMENT_3D ( 'NONE', #1246, #4313, #4799 ) ;
#6316 = ORIENTED_EDGE ( 'NONE', *, *, #1066, .T. ) ;
#6317 = DIRECTION ( 'NONE',  ( 0.000000000000000000, 0.7071067811865414665, -0.7071067811865536790 ) ) ;
#6318 = VECTOR ( 'NONE', #2439, 1000.000000000000000 ) ;
#6319 = PLANE ( 'NONE',  #6315 ) ;
#6320 = CARTESIAN_POINT ( 'NONE',  ( -0.09999999999999722999, -0.05000000000000000278, -2.600000000000000533 ) ) ;
#6321 = ADVANCED_FACE ( 'NONE', ( #404 ), #1414, .T. ) ;
#6322 = EDGE_LOOP ( 'NONE', ( #1065, #4284, #5445, #1081 ) ) ;
#6323 = CARTESIAN_POINT ( 'NONE',  ( 3.900000000000000799, 3.899999999999999911, 0.000000000000000000 ) ) ;
#6324 = LINE ( 'NONE', #6081, #5854 ) ;
#6325 = EDGE_LOOP ( 'NONE', ( #6362, #4583, #919, #2101 ) ) ;
#6326 = VERTEX_POINT ( 'NONE', #384 ) ;
#6327 = ADVANCED_FACE ( 'NONE', ( #3896 ), #1928, .F. ) ;
#6328 = VERTEX_POINT ( 'NONE', #4758 ) ;
#6329 = DIRECTION ( 'NONE',  ( 1.000000000000000000, 0.000000000000000000, 0.000000000000000000 ) ) ;
#6330 = VECTOR ( 'NONE', #1070, 1000.000000000000000 ) ;
#6331 = ORIENTED_EDGE ( 'NONE', *, *, #6253, .T. ) ;
#6332 = VERTEX_POINT ( 'NONE', #2273 ) ;
#6333 = ORIENTED_EDGE ( 'NONE', *, *, #3362, .F. ) ;
#6334 = ORIENTED_EDGE ( 'NONE', *, *, #372, .T. ) ;
#6335 = DIRECTION ( 'NONE',  ( 1.000000000000000000, 0.000000000000000000, 0.000000000000000000 ) ) ;
#6336 = VECTOR ( 'NONE', #1510, 1000.000000000000000 ) ;
#6337 = ORIENTED_EDGE ( 'NONE', *, *, #106, .F. ) ;
#6338 = EDGE_LOOP ( 'NONE', ( #145, #1172, #6039, #5825 ) ) ;
#6339 = DIRECTION ( 'NONE',  ( -0.000000000000000000, -0.000000000000000000, -1.000000000000000000 ) ) ;
#6340 = CARTESIAN_POINT ( 'NONE',  ( 0.4000000000000032419, 0.000000000000000000, -1.400000000000000577 ) ) ;
#6341 = CARTESIAN_POINT ( 'NONE',  ( 1.100000000000003419, -0.05000000000000000278, 2.600000000000000533 ) ) ;
#6342 = VECTOR ( 'NONE', #4564, 1000.000000000000000 ) ;
#6343 = AXIS2_PLACEMENT_3D ( 'NONE', #6260, #4180, #2679 ) ;
#6344 = ORIENTED_EDGE ( 'NONE', *, *, #2946, .F. ) ;
#6345 = ORIENTED_EDGE ( 'NONE', *, *, #6069, .F. ) ;
#6346 = CARTESIAN_POINT ( 'NONE',  ( 0.000000000000000000, 0.000000000000000000, 1.400000000000000577 ) ) ;
#6347 = ADVANCED_FACE ( 'NONE', ( #3675 ), #6319, .T. ) ;
#6348 = ORIENTED_EDGE ( 'NONE', *, *, #1157, .F. ) ;
#6349 = ORIENTED_EDGE ( 'NONE', *, *, #5074, .F. ) ;
#6350 = EDGE_CURVE ( 'NONE', #6540, #824, #6138, .T. ) ;
#6351 = DIRECTION ( 'NONE',  ( -1.000000000000000000, 0.000000000000000000, 0.000000000000000000 ) ) ;
#6352 = EDGE_CURVE ( 'NONE', #4986, #4443, #2480, .T. ) ;
#6353 = AXIS2_PLACEMENT_3D ( 'NONE', #1018, #4490, #4076 ) ;
#6354 = VECTOR ( 'NONE', #5719, 1000.000000000000000 ) ;
#6355 = ORIENTED_EDGE ( 'NONE', *, *, #2727, .T. ) ;
#6356 = VERTEX_POINT ( 'NONE', #245 ) ;
#6357 = DIRECTION ( 'NONE',  ( 0.000000000000000000, -0.000000000000000000, 1.000000000000000000 ) ) ;
#6358 = EDGE_CURVE ( 'NONE', #5708, #1887, #4778, .T. ) ;
#6359 = VECTOR ( 'NONE', #3476, 1000.000000000000114 ) ;
#6360 = ORIENTED_EDGE ( 'NONE', *, *, #5243, .T. ) ;
#6362 = ORIENTED_EDGE ( 'NONE', *, *, #4522, .T. ) ;
#6361 = CARTESIAN_POINT ( 'NONE',  ( -3.100000000000000089, -0.05000000000000000278, 2.600000000000000533 ) ) ;
#6363 = VERTEX_POINT ( 'NONE', #5272 ) ;
#6364 = DIRECTION ( 'NONE',  ( 1.000000000000000000, 0.000000000000000000, -0.000000000000000000 ) ) ;
#6365 = CARTESIAN_POINT ( 'NONE',  ( 3.100000000000004974, 0.2000000000000000111, -1.400000000000000577 ) ) ;
#6366 = LINE ( 'NONE', #5924, #5498 ) ;
#6367 = ORIENTED_EDGE ( 'NONE', *, *, #555, .T. ) ;
#6368 = LINE ( 'NONE', #2499, #1756 ) ;
#6369 = ORIENTED_EDGE ( 'NONE', *, *, #4481, .F. ) ;
#6370 = DIRECTION ( 'NONE',  ( 0.000000000000000000, 0.000000000000000000, -1.000000000000000000 ) ) ;
#6371 = EDGE_CURVE ( 'NONE', #2581, #6154, #3819, .T. ) ;
#6372 = PLANE ( 'NONE',  #5034 ) ;
#6373 = CARTESIAN_POINT ( 'NONE',  ( -1.399999999999998801, -0.05000000000000000278, -1.400000000000000577 ) ) ;
#6374 = VECTOR ( 'NONE', #12, 1000.000000000000000 ) ;
#6375 = LINE ( 'NONE', #4957, #319 ) ;
#6376 = DIRECTION ( 'NONE',  ( -0.000000000000000000, -0.000000000000000000, 1.000000000000000000 ) ) ;
#6377 = VECTOR ( 'NONE', #2680, 1000.000000000000000 ) ;
#6378 = VECTOR ( 'NONE', #2031, 1000.000000000000000 ) ;
#6379 = CARTESIAN_POINT ( 'NONE',  ( 0.000000000000000000, 0.2000000000000000111, 0.000000000000000000 ) ) ;
#6380 = ADVANCED_FACE ( 'NONE', ( #5101 ), #685, .T. ) ;
#6381 = CARTESIAN_POINT ( 'NONE',  ( -0.8999999999999984679, -0.05000000000000000278, 2.600000000000000533 ) ) ;
#6382 = PRODUCT_DEFINITION_CONTEXT ( 'detailed design', #1422, 'design' ) ;
#6383 = DIRECTION ( 'NONE',  ( 0.000000000000000000, 0.000000000000000000, 1.000000000000000000 ) ) ;
#6384 = VECTOR ( 'NONE', #1595, 1000.000000000000000 ) ;
#6385 = VECTOR ( 'NONE', #5945, 1000.000000000000000 ) ;
#6386 = ORIENTED_EDGE ( 'NONE', *, *, #6133, .T. ) ;
#6387 = VECTOR ( 'NONE', #6007, 1000.000000000000000 ) ;
#6388 = DIRECTION ( 'NONE',  ( 0.000000000000000000, -1.000000000000000000, 0.000000000000000000 ) ) ;
#6389 = EDGE_CURVE ( 'NONE', #6298, #2461, #5014, .T. ) ;
#6390 = EDGE_CURVE ( 'NONE', #3217, #378, #242, .T. ) ;
#6391 = ADVANCED_FACE ( 'NONE', ( #957 ), #2739, .F. ) ;
#6392 = AXIS2_PLACEMENT_3D ( 'NONE', #297, #2245, #2312 ) ;
#6393 = CARTESIAN_POINT ( 'NONE',  ( 0.000000000000000000, 0.000000000000000000, -1.400000000000000577 ) ) ;
#6394 = VECTOR ( 'NONE', #3988, 1000.000000000000000 ) ;
#6395 = FACE_OUTER_BOUND ( 'NONE', #2904, .T. ) ;
#6396 = DIRECTION ( 'NONE',  ( 1.000000000000000000, 0.000000000000000000, -0.000000000000000000 ) ) ;
#6397 = ORIENTED_EDGE ( 'NONE', *, *, #6449, .T. ) ;
#6398 = EDGE_CURVE ( 'NONE', #2608, #5456, #865, .T. ) ;
#6399 = DIRECTION ( 'NONE',  ( 1.000000000000000000, 0.000000000000000000, 0.000000000000000000 ) ) ;
#6400 = VECTOR ( 'NONE', #2373, 1000.000000000000000 ) ;
#6401 = ORIENTED_EDGE ( 'NONE', *, *, #5920, .F. ) ;
#6402 = DIRECTION ( 'NONE',  ( -1.000000000000000000, -0.000000000000000000, -0.000000000000000000 ) ) ;
#6403 = DIRECTION ( 'NONE',  ( 0.000000000000000000, 0.000000000000000000, -1.000000000000000000 ) ) ;
#6404 = VECTOR ( 'NONE', #4628, 1000.000000000000000 ) ;
#6405 = ORIENTED_EDGE ( 'NONE', *, *, #301, .T. ) ;
#6406 = CARTESIAN_POINT ( 'NONE',  ( -1.599999999999998535, 0.2000000000000000111, -2.600000000000000533 ) ) ;
#6407 = VERTEX_POINT ( 'NONE', #704 ) ;
#6408 = ORIENTED_EDGE ( 'NONE', *, *, #4744, .F. ) ;
#6409 = EDGE_CURVE ( 'NONE', #2240, #109, #4848, .T. ) ;
#6410 = LINE ( 'NONE', #1556, #5302 ) ;
#6411 = CARTESIAN_POINT ( 'NONE',  ( -1.399999999999998801, 0.000000000000000000, 0.000000000000000000 ) ) ;
#6412 = ORIENTED_EDGE ( 'NONE', *, *, #5122, .F. ) ;
#6413 = CARTESIAN_POINT ( 'NONE',  ( 0.000000000000000000, -0.05000000000000000278, 0.000000000000000000 ) ) ;
#6414 = VERTEX_POINT ( 'NONE', #4270 ) ;
#6415 = DIRECTION ( 'NONE',  ( -0.000000000000000000, -1.000000000000000000, -0.000000000000000000 ) ) ;
#6416 = CARTESIAN_POINT ( 'NONE',  ( 3.400000000000005684, -0.05000000000000000278, 2.600000000000000533 ) ) ;
#6417 = VECTOR ( 'NONE', #5773, 1000.000000000000000 ) ;
#6418 = ORIENTED_EDGE ( 'NONE', *, *, #4386, .F. ) ;
#6419 = ORIENTED_EDGE ( 'NONE', *, *, #4007, .T. ) ;
#6420 = ADVANCED_FACE ( 'NONE', ( #3431 ), #180, .F. ) ;
#6421 = LINE ( 'NONE', #1635, #5069 ) ;
#6422 = CARTESIAN_POINT ( 'NONE',  ( -3.100000000000000089, 0.2000000000000000111, 1.400000000000000577 ) ) ;
#6423 = CARTESIAN_POINT ( 'NONE',  ( -0.8999999999999984679, 0.000000000000000000, -1.400000000000000577 ) ) ;
#6424 = CARTESIAN_POINT ( 'NONE',  ( 3.600000000000005418, 0.2000000000000000111, -2.000000000000000000 ) ) ;
#6425 = ORIENTED_EDGE ( 'NONE', *, *, #2097, .F. ) ;
#6426 = VERTEX_POINT ( 'NONE', #5815 ) ;
#6427 = CARTESIAN_POINT ( 'NONE',  ( 2.400000000000004796, -0.05000000000000000278, -2.600000000000000533 ) ) ;
#6428 = DIRECTION ( 'NONE',  ( -0.000000000000000000, 0.000000000000000000, -1.000000000000000000 ) ) ;
#6429 = EDGE_CURVE ( 'NONE', #6252, #4449, #91, .T. ) ;
#6430 = AXIS2_PLACEMENT_3D ( 'NONE', #6611, #507, #6116 ) ;
#6431 = VECTOR ( 'NONE', #107, 1000.000000000000000 ) ;
#6432 = EDGE_LOOP ( 'NONE', ( #1412, #4117, #4969, #133 ) ) ;
#6433 = CARTESIAN_POINT ( 'NONE',  ( -1.899999999999999245, 0.2000000000000000111, 1.400000000000000577 ) ) ;
#6434 = ORIENTED_EDGE ( 'NONE', *, *, #6079, .F. ) ;
#6435 = CARTESIAN_POINT ( 'NONE',  ( 2.900000000000005240, -0.05000000000000000278, -1.400000000000000577 ) ) ;
#6436 = FACE_BOUND ( 'NONE', #1557, .T. ) ;
#6437 = EDGE_CURVE ( 'NONE', #2766, #2548, #2399, .T. ) ;
#6438 = CARTESIAN_POINT ( 'NONE',  ( 0.6000000000000028644, -0.05000000000000000278, 2.600000000000000533 ) ) ;
#6439 = PLANE ( 'NONE',  #1907 ) ;
#6440 = ORIENTED_EDGE ( 'NONE', *, *, #1413, .F. ) ;
#6441 = AXIS2_PLACEMENT_3D ( 'NONE', #6501, #3446, #2477 ) ;
#6442 = EDGE_LOOP ( 'NONE', ( #369, #2980, #3185, #5539 ) ) ;
#6443 = LINE ( 'NONE', #1863, #4209 ) ;
#6444 = ORIENTED_EDGE ( 'NONE', *, *, #6069, .T. ) ;
#6445 = LINE ( 'NONE', #3759, #313 ) ;
#6446 = ORIENTED_EDGE ( 'NONE', *, *, #1574, .F. ) ;
#6447 = DIRECTION ( 'NONE',  ( -1.000000000000000000, -0.000000000000000000, -0.000000000000000000 ) ) ;
#6448 = DIRECTION ( 'NONE',  ( 0.000000000000000000, 0.000000000000000000, 1.000000000000000000 ) ) ;
#6449 = EDGE_CURVE ( 'NONE', #2971, #1483, #3975, .T. ) ;
#6450 = DIRECTION ( 'NONE',  ( 0.000000000000000000, -1.000000000000000000, 0.000000000000000000 ) ) ;
#6451 = DIRECTION ( 'NONE',  ( 0.000000000000000000, 0.000000000000000000, -1.000000000000000000 ) ) ;
#6452 = FACE_OUTER_BOUND ( 'NONE', #2358, .T. ) ;
#6453 = ORIENTED_EDGE ( 'NONE', *, *, #2218, .T. ) ;
#6454 = VECTOR ( 'NONE', #5252, 1000.000000000000000 ) ;
#6455 = CARTESIAN_POINT ( 'NONE',  ( 3.100000000000004974, 0.000000000000000000, 0.000000000000000000 ) ) ;
#6456 = CARTESIAN_POINT ( 'NONE',  ( 3.600000000000005418, -0.05000000000000000278, -2.600000000000000533 ) ) ;
#6457 = ADVANCED_FACE ( 'NONE', ( #3514 ), #1823, .F. ) ;
#6458 = VECTOR ( 'NONE', #3684, 1000.000000000000000 ) ;
#6459 = PLANE ( 'NONE',  #3897 ) ;
#6460 = VECTOR ( 'NONE', #3038, 1000.000000000000000 ) ;
#6461 = EDGE_CURVE ( 'NONE', #5073, #3378, #6060, .T. ) ;
#6462 = CARTESIAN_POINT ( 'NONE',  ( -0.5999999999999976463, 0.2000000000000000111, -1.400000000000000577 ) ) ;
#6463 = CARTESIAN_POINT ( 'NONE',  ( -3.400000000000000799, 0.000000000000000000, 2.000000000000000000 ) ) ;
#6464 = PLANE ( 'NONE',  #4030 ) ;
#6465 = ORIENTED_EDGE ( 'NONE', *, *, #4875, .T. ) ;
#6466 = LINE ( 'NONE', #1632, #4719 ) ;
#6467 = CARTESIAN_POINT ( 'NONE',  ( -5.100000000000000533, 0.000000000000000000, -2.000000000000000000 ) ) ;
#6468 = DIRECTION ( 'NONE',  ( 1.000000000000000000, 0.000000000000000000, 0.000000000000000000 ) ) ;
#6469 = EDGE_CURVE ( 'NONE', #757, #2891, #397, .T. ) ;
#6470 = DIRECTION ( 'NONE',  ( -0.000000000000000000, -1.000000000000000000, -0.000000000000000000 ) ) ;
#6471 = VECTOR ( 'NONE', #1104, 1000.000000000000000 ) ;
#6472 = LINE ( 'NONE', #2949, #3762 ) ;
#6473 = VERTEX_POINT ( 'NONE', #851 ) ;
#6474 = LINE ( 'NONE', #1402, #5117 ) ;
#6475 = CARTESIAN_POINT ( 'NONE',  ( 2.900000000000004796, 2.000000000000000000, -2.000000000000000000 ) ) ;
#6476 = DIRECTION ( 'NONE',  ( 0.000000000000000000, -0.000000000000000000, 1.000000000000000000 ) ) ;
#6477 = PLANE ( 'NONE',  #3375 ) ;
#6478 = VECTOR ( 'NONE', #722, 1000.000000000000000 ) ;
#6479 = CARTESIAN_POINT ( 'NONE',  ( -5.100000000000000533, 0.000000000000000000, -2.000000000000000000 ) ) ;
#6480 = DIRECTION ( 'NONE',  ( -1.000000000000000000, -0.000000000000000000, -0.000000000000000000 ) ) ;
#6481 = EDGE_CURVE ( 'NONE', #3653, #3924, #5824, .T. ) ;
#6482 = EDGE_CURVE ( 'NONE', #267, #3393, #3595, .T. ) ;
#6483 = DIRECTION ( 'NONE',  ( -1.000000000000000000, 0.000000000000000000, -0.000000000000000000 ) ) ;
#6484 = AXIS2_PLACEMENT_3D ( 'NONE', #5939, #2338, #876 ) ;
#6485 = ORIENTED_EDGE ( 'NONE', *, *, #841, .T. ) ;
#6486 = DIRECTION ( 'NONE',  ( 0.000000000000000000, 0.000000000000000000, -1.000000000000000000 ) ) ;
#6487 = VECTOR ( 'NONE', #6576, 1000.000000000000000 ) ;
#6488 = PLANE ( 'NONE',  #1638 ) ;
#6489 = DIRECTION ( 'NONE',  ( 0.000000000000000000, -0.000000000000000000, -1.000000000000000000 ) ) ;
#6490 = VERTEX_POINT ( 'NONE', #2865 ) ;
#6491 = ORIENTED_EDGE ( 'NONE', *, *, #4858, .T. ) ;
#6492 = ORIENTED_EDGE ( 'NONE', *, *, #6143, .T. ) ;
#6493 = EDGE_CURVE ( 'NONE', #281, #517, #2241, .T. ) ;
#6494 = DIRECTION ( 'NONE',  ( -0.000000000000000000, 1.000000000000000000, -0.000000000000000000 ) ) ;
#6495 = LINE ( 'NONE', #4473, #4579 ) ;
#6496 = ADVANCED_FACE ( 'NONE', ( #4458 ), #763, .F. ) ;
#6497 = VERTEX_POINT ( 'NONE', #4352 ) ;
#6498 = ORIENTED_EDGE ( 'NONE', *, *, #2272, .F. ) ;
#6499 = ORIENTED_EDGE ( 'NONE', *, *, #6617, .F. ) ;
#6500 = ORIENTED_EDGE ( 'NONE', *, *, #5262, .F. ) ;
#6501 = CARTESIAN_POINT ( 'NONE',  ( 0.000000000000000000, 0.000000000000000000, 0.000000000000000000 ) ) ;
#6502 = DIRECTION ( 'NONE',  ( 1.000000000000000000, 0.000000000000000000, 0.000000000000000000 ) ) ;
#6503 = VECTOR ( 'NONE', #5588, 1000.000000000000000 ) ;
#6504 = CARTESIAN_POINT ( 'NONE',  ( 4.000000000000000000, 2.000000000000000000, -1.249999999999999778 ) ) ;
#6505 = ORIENTED_EDGE ( 'NONE', *, *, #5552, .F. ) ;
#6506 = ORIENTED_EDGE ( 'NONE', *, *, #5511, .T. ) ;
#6507 = EDGE_CURVE ( 'NONE', #5491, #4309, #1277, .T. ) ;
#6508 =( LENGTH_UNIT ( ) NAMED_UNIT ( * ) SI_UNIT ( .MILLI., .METRE. ) );
#6509 = PLANE ( 'NONE',  #3674 ) ;
#6510 = CARTESIAN_POINT ( 'NONE',  ( -2.399999999999999911, 0.000000000000000000, 1.400000000000000577 ) ) ;
#6511 = VECTOR ( 'NONE', #4674, 1000.000000000000000 ) ;
#6512 = DIRECTION ( 'NONE',  ( 1.000000000000000000, 0.000000000000000000, 0.000000000000000000 ) ) ;
#6513 = VERTEX_POINT ( 'NONE', #304 ) ;
#6514 = ORIENTED_EDGE ( 'NONE', *, *, #5551, .T. ) ;
#6515 = DIRECTION ( 'NONE',  ( 0.000000000000000000, -1.000000000000000000, 0.000000000000000000 ) ) ;
#6516 = CARTESIAN_POINT ( 'NONE',  ( -2.599999999999999645, 0.2000000000000000111, 2.600000000000000533 ) ) ;
#6517 = VECTOR ( 'NONE', #3929, 1000.000000000000000 ) ;
#6518 = ORIENTED_EDGE ( 'NONE', *, *, #1530, .F. ) ;
#6519 = ORIENTED_EDGE ( 'NONE', *, *, #2006, .F. ) ;
#6520 = CARTESIAN_POINT ( 'NONE',  ( -3.516666666666671492, 4.283333333333335879, 0.7666666666666720475 ) ) ;
#6521 = PLANE ( 'NONE',  #5630 ) ;
#6523 = EDGE_LOOP ( 'NONE', ( #5217, #3104, #3103, #5940 ) ) ;
#6522 = DIRECTION ( 'NONE',  ( 1.000000000000000000, 0.000000000000000000, 0.000000000000000000 ) ) ;
#6524 = ORIENTED_EDGE ( 'NONE', *, *, #514, .T. ) ;
#6525 = EDGE_CURVE ( 'NONE', #3294, #1351, #2792, .T. ) ;
#6526 = DIRECTION ( 'NONE',  ( -1.000000000000000000, -0.000000000000000000, -0.000000000000000000 ) ) ;
#6527 = EDGE_CURVE ( 'NONE', #4667, #5709, #5974, .T. ) ;
#6528 = VECTOR ( 'NONE', #3107, 1000.000000000000000 ) ;
#6529 = DIRECTION ( 'NONE',  ( -1.000000000000000000, -0.000000000000000000, -0.000000000000000000 ) ) ;
#6530 = PLANE ( 'NONE',  #3663 ) ;
#6531 = VERTEX_POINT ( 'NONE', #3427 ) ;
#6532 = CARTESIAN_POINT ( 'NONE',  ( -1.599999999999998535, -0.05000000000000000278, -1.400000000000000577 ) ) ;
#6533 = ADVANCED_FACE ( 'NONE', ( #6299 ), #5442, .F. ) ;
#6534 = ORIENTED_EDGE ( 'NONE', *, *, #1917, .F. ) ;
#6535 = ORIENTED_EDGE ( 'NONE', *, *, #5021, .T. ) ;
#6536 = PLANE ( 'NONE',  #6085 ) ;
#6537 = EDGE_CURVE ( 'NONE', #1167, #1315, #6220, .T. ) ;
#6538 = CARTESIAN_POINT ( 'NONE',  ( -2.900000000000000355, 0.000000000000000000, 1.400000000000000577 ) ) ;
#6539 = VECTOR ( 'NONE', #962, 1000.000000000000000 ) ;
#6540 = VERTEX_POINT ( 'NONE', #5873 ) ;
#6541 = VECTOR ( 'NONE', #5402, 1000.000000000000000 ) ;
#6542 = EDGE_LOOP ( 'NONE', ( #1867, #2542, #4642, #6307 ) ) ;
#6543 = CARTESIAN_POINT ( 'NONE',  ( -1.599999999999998535, -0.05000000000000000278, 2.600000000000000533 ) ) ;
#6544 = CARTESIAN_POINT ( 'NONE',  ( -1.099999999999998090, 0.2000000000000000111, -2.600000000000000533 ) ) ;
#6545 = LINE ( 'NONE', #6587, #5019 ) ;
#6546 = FACE_OUTER_BOUND ( 'NONE', #4368, .T. ) ;
#6547 = DIRECTION ( 'NONE',  ( -0.000000000000000000, 0.000000000000000000, -1.000000000000000000 ) ) ;
#6548 = FILL_AREA_STYLE ('',( #2523 ) ) ;
#6549 = DIRECTION ( 'NONE',  ( -0.000000000000000000, 0.000000000000000000, -1.000000000000000000 ) ) ;
#6550 = DIRECTION ( 'NONE',  ( -1.000000000000000000, 0.000000000000000000, 2.168404344971009115E-16 ) ) ;
#6551 = LINE ( 'NONE', #1053, #3686 ) ;
#6552 = VERTEX_POINT ( 'NONE', #4373 ) ;
#6553 = LINE ( 'NONE', #3146, #5904 ) ;
#6554 = CARTESIAN_POINT ( 'NONE',  ( 0.6000000000000028644, -0.05000000000000000278, -1.400000000000000577 ) ) ;
#6555 = DIRECTION ( 'NONE',  ( 1.000000000000000000, 0.000000000000000000, 0.000000000000000000 ) ) ;
#6556 = CARTESIAN_POINT ( 'NONE',  ( -0.3999999999999980238, 0.2000000000000000111, 2.600000000000000533 ) ) ;
#6557 = FACE_OUTER_BOUND ( 'NONE', #4993, .T. ) ;
#6558 = ADVANCED_FACE ( 'NONE', ( #3275 ), #1841, .T. ) ;
#6559 = EDGE_LOOP ( 'NONE', ( #2675, #1987, #3948, #3500, #5716, #1576 ) ) ;
#6560 = EDGE_CURVE ( 'NONE', #6032, #1562, #1914, .T. ) ;
#6561 = VECTOR ( 'NONE', #1096, 1000.000000000000000 ) ;
#6562 = DIRECTION ( 'NONE',  ( -1.533293416683387697E-16, -0.7071067811865414665, -0.7071067811865536790 ) ) ;
#6563 = CARTESIAN_POINT ( 'NONE',  ( -2.599999999999999645, -0.05000000000000000278, -1.400000000000000577 ) ) ;
#6564 = LINE ( 'NONE', #4572, #979 ) ;
#6565 = LINE ( 'NONE', #2408, #5767 ) ;
#6566 = ADVANCED_FACE ( 'NONE', ( #3128 ), #4395, .F. ) ;
#6567 = ORIENTED_EDGE ( 'NONE', *, *, #3828, .F. ) ;
#6568 = CARTESIAN_POINT ( 'NONE',  ( -2.399999999999999911, 0.000000000000000000, -2.000000000000000000 ) ) ;
#6569 = EDGE_CURVE ( 'NONE', #5398, #723, #2715, .T. ) ;
#6570 = AXIS2_PLACEMENT_3D ( 'NONE', #3297, #4797, #5380 ) ;
#6571 = DIRECTION ( 'NONE',  ( -0.000000000000000000, -0.000000000000000000, 1.000000000000000000 ) ) ;
#6572 = CARTESIAN_POINT ( 'NONE',  ( -0.09999999999999766020, 2.000000000000000000, 2.000000000000000000 ) ) ;
#6573 = LINE ( 'NONE', #4871, #3543 ) ;
#6574 = CARTESIAN_POINT ( 'NONE',  ( -0.3999999999999980238, -0.05000000000000000278, 1.400000000000000577 ) ) ;
#6575 = VERTEX_POINT ( 'NONE', #6424 ) ;
#6576 = DIRECTION ( 'NONE',  ( -0.000000000000000000, -0.000000000000000000, -1.000000000000000000 ) ) ;
#6577 = EDGE_CURVE ( 'NONE', #1392, #4162, #5502, .T. ) ;
#6578 = VECTOR ( 'NONE', #1359, 1000.000000000000000 ) ;
#6579 = EDGE_CURVE ( 'NONE', #5080, #2624, #6368, .T. ) ;
#6580 = DIRECTION ( 'NONE',  ( -0.000000000000000000, 1.000000000000000000, -0.000000000000000000 ) ) ;
#6581 = ORIENTED_EDGE ( 'NONE', *, *, #333, .F. ) ;
#6582 = AXIS2_PLACEMENT_3D ( 'NONE', #2916, #4902, #1865 ) ;
#6583 = EDGE_LOOP ( 'NONE', ( #3872, #1090, #5225, #1433 ) ) ;
#6584 = CARTESIAN_POINT ( 'NONE',  ( 1.400000000000004130, -0.05000000000000000278, 1.400000000000000577 ) ) ;
#6585 = VERTEX_POINT ( 'NONE', #923 ) ;
#6586 = VECTOR ( 'NONE', #5441, 1000.000000000000000 ) ;
#6587 = CARTESIAN_POINT ( 'NONE',  ( -5.099999999999998757, 0.2000000000000000944, 2.000000000000000000 ) ) ;
#6588 = ORIENTED_EDGE ( 'NONE', *, *, #2303, .F. ) ;
#6589 = ORIENTED_EDGE ( 'NONE', *, *, #3060, .F. ) ;
#6590 = EDGE_CURVE ( 'NONE', #5935, #4997, #9, .T. ) ;
#6591 = CARTESIAN_POINT ( 'NONE',  ( 3.100000000000005418, 0.2000000000000000944, 2.000000000000000000 ) ) ;
#6592 = LINE ( 'NONE', #4333, #6268 ) ;
#6593 = DIRECTION ( 'NONE',  ( -0.000000000000000000, 1.000000000000000000, -0.000000000000000000 ) ) ;
#6594 = ORIENTED_EDGE ( 'NONE', *, *, #745, .T. ) ;
#6595 = ORIENTED_EDGE ( 'NONE', *, *, #2899, .F. ) ;
#6596 = CARTESIAN_POINT ( 'NONE',  ( 2.900000000000005240, -0.05000000000000000278, 2.600000000000000533 ) ) ;
#6597 = VERTEX_POINT ( 'NONE', #1984 ) ;
#6598 = EDGE_CURVE ( 'NONE', #3304, #6166, #4051, .T. ) ;
#6599 = ORIENTED_EDGE ( 'NONE', *, *, #1168, .F. ) ;
#6600 = ADVANCED_FACE ( 'NONE', ( #1358 ), #3042, .F. ) ;
#6601 = CARTESIAN_POINT ( 'NONE',  ( -1.099999999999998535, 0.000000000000000000, 2.000000000000000000 ) ) ;
#6602 = LINE ( 'NONE', #3226, #4683 ) ;
#6603 = CARTESIAN_POINT ( 'NONE',  ( -1.599999999999998535, -0.05000000000000000278, 1.400000000000000577 ) ) ;
#6604 = VERTEX_POINT ( 'NONE', #4996 ) ;
#6605 = ORIENTED_EDGE ( 'NONE', *, *, #3127, .F. ) ;
#6606 = DIRECTION ( 'NONE',  ( 1.000000000000000000, 0.000000000000000000, 0.000000000000000000 ) ) ;
#6607 = VECTOR ( 'NONE', #4869, 1000.000000000000000 ) ;
#6608 = ORIENTED_EDGE ( 'NONE', *, *, #893, .F. ) ;
#6609 = ORIENTED_EDGE ( 'NONE', *, *, #1697, .T. ) ;
#6610 = CARTESIAN_POINT ( 'NONE',  ( -3.100000000000000977, -0.05000000000000000278, -2.600000000000000533 ) ) ;
#6611 = CARTESIAN_POINT ( 'NONE',  ( 3.100000000000004974, -0.05000000000000000278, -1.400000000000000577 ) ) ;
#6612 = LINE ( 'NONE', #1267, #1901 ) ;
#6613 = CARTESIAN_POINT ( 'NONE',  ( -1.099999999999998535, 0.000000000000000000, -2.000000000000000000 ) ) ;
#6614 = EDGE_CURVE ( 'NONE', #4808, #5318, #850, .T. ) ;
#6615 = DIRECTION ( 'NONE',  ( -0.000000000000000000, 1.000000000000000000, -0.000000000000000000 ) ) ;
#6616 = VERTEX_POINT ( 'NONE', #1397 ) ;
#6617 = EDGE_CURVE ( 'NONE', #82, #4893, #3183, .T. ) ;
#6618 = VECTOR ( 'NONE', #5740, 1000.000000000000000 ) ;
ENDSEC;
END-ISO-10303-21;
