ISO-10303-21;
HEADER;
FILE_DESCRIPTION (( 'STEP AP214' ),
    '1' );
FILE_NAME ('AF4A76FD-6D3F-4593-A404-A47863341BA7.STEP',
    '2024-12-11T03:48:47',
    ( '' ),
    ( '' ),
    'SwSTEP 2.0',
    'SolidWorks 2022',
    '' );
FILE_SCHEMA (( 'AUTOMOTIVE_DESIGN' ));
ENDSEC;

DATA;
#1 = FACE_OUTER_BOUND ( 'NONE', #2641, .T. ) ;
#2 = ORIENTED_EDGE ( 'NONE', *, *, #2587, .F. ) ;
#3 = CARTESIAN_POINT ( 'NONE',  ( 3.500000000000000000, 0.4999999999999997780, -0.5000000000000000000 ) ) ;
#4 = EDGE_CURVE ( 'NONE', #602, #1239, #1255, .T. ) ;
#5 = DIRECTION ( 'NONE',  ( -0.0000000000000000000, 0.0000000000000000000, 1.000000000000000000 ) ) ;
#6 = CARTESIAN_POINT ( 'NONE',  ( 0.5000000000000000000, 0.1000000000000000056, -1.500000000000000000 ) ) ;
#7 = CARTESIAN_POINT ( 'NONE',  ( 3.500000000000000000, 0.9999999999999997780, -0.5000000000000000000 ) ) ;
#8 = ORIENTED_EDGE ( 'NONE', *, *, #2608, .T. ) ;
#9 = VECTOR ( 'NONE', #3256, 1000.000000000000000 ) ;
#10 = ADVANCED_FACE ( 'NONE', ( #2099 ), #2042, .T. ) ;
#11 = SURFACE_SIDE_STYLE ('',( #314 ) ) ;
#12 = ORIENTED_EDGE ( 'NONE', *, *, #3198, .F. ) ;
#13 = VERTEX_POINT ( 'NONE', #2575 ) ;
#14 =( NAMED_UNIT ( * ) PLANE_ANGLE_UNIT ( ) SI_UNIT ( $, .RADIAN. ) );
#15 = DIRECTION ( 'NONE',  ( -0.0000000000000000000, 0.0000000000000000000, -1.000000000000000000 ) ) ;
#16 =( NAMED_UNIT ( * ) SI_UNIT ( $, .STERADIAN. ) SOLID_ANGLE_UNIT ( ) );
#17 = VECTOR ( 'NONE', #1957, 1000.000000000000000 ) ;
#18 = CARTESIAN_POINT ( 'NONE',  ( 1.600000000000000089, 2.350000000000000089, -0.9000000000000002442 ) ) ;
#19 = ORIENTED_EDGE ( 'NONE', *, *, #3578, .F. ) ;
#20 = CARTESIAN_POINT ( 'NONE',  ( 3.350000000000000089, 2.916106516836013185, -0.04999999999999969746 ) ) ;
#21 = CARTESIAN_POINT ( 'NONE',  ( 2.400000000000000355, 3.200000000000000178, -1.000000000000000000 ) ) ;
#22 = SURFACE_STYLE_USAGE ( .BOTH. , #241 ) ;
#23 = CARTESIAN_POINT ( 'NONE',  ( 0.0000000000000000000, 0.9999999999999997780, 0.0000000000000000000 ) ) ;
#24 = EDGE_CURVE ( 'NONE', #70, #13, #608, .T. ) ;
#25 = ORIENTED_EDGE ( 'NONE', *, *, #1913, .T. ) ;
#26 =( LENGTH_UNIT ( ) NAMED_UNIT ( * ) SI_UNIT ( .MILLI., .METRE. ) );
#27 = ORIENTED_EDGE ( 'NONE', *, *, #198, .F. ) ;
#28 = DIRECTION ( 'NONE',  ( -1.000000000000000000, 0.0000000000000000000, 0.0000000000000000000 ) ) ;
#29 = FILL_AREA_STYLE_COLOUR ( '', #3194 ) ;
#30 = ORIENTED_EDGE ( 'NONE', *, *, #176, .T. ) ;
#31 = LINE ( 'NONE', #1164, #3168 ) ;
#32 = CARTESIAN_POINT ( 'NONE',  ( 0.0000000000000000000, 1.700000000000000178, 0.0000000000000000000 ) ) ;
#33 = PLANE ( 'NONE',  #909 ) ;
#34 = EDGE_LOOP ( 'NONE', ( #248, #2682, #959, #3355 ) ) ;
#35 = CARTESIAN_POINT ( 'NONE',  ( 2.600000000000000089, 0.2576745081382136870, -4.331925126797040448 ) ) ;
#36 = LINE ( 'NONE', #7, #1465 ) ;
#37 = VECTOR ( 'NONE', #919, 1000.000000000000227 ) ;
#38 = VECTOR ( 'NONE', #3015, 999.9999999999998863 ) ;
#39 = EDGE_CURVE ( 'NONE', #1290, #234, #1236, .T. ) ;
#40 = CARTESIAN_POINT ( 'NONE',  ( 1.600000000000000089, 3.449999999999999734, -1.729999999999998872 ) ) ;
#41 = CARTESIAN_POINT ( 'NONE',  ( 4.000000000000000000, 2.700000000000000178, -3.250000000000000000 ) ) ;
#42 = VECTOR ( 'NONE', #206, 1000.000000000000000 ) ;
#43 = AXIS2_PLACEMENT_3D ( 'NONE', #2413, #441, #1594 ) ;
#44 = ADVANCED_FACE ( 'NONE', ( #1514 ), #2337, .T. ) ;
#45 = CARTESIAN_POINT ( 'NONE',  ( 0.2000000000000007605, 1.466106516836013451, 0.0000000000000000000 ) ) ;
#46 = VECTOR ( 'NONE', #1494, 1000.000000000000000 ) ;
#47 = VECTOR ( 'NONE', #1433, 1000.000000000000000 ) ;
#48 = PRESENTATION_STYLE_ASSIGNMENT (( #318 ) ) ;
#49 = ORIENTED_EDGE ( 'NONE', *, *, #1570, .F. ) ;
#50 = VECTOR ( 'NONE', #2881, 1000.000000000000000 ) ;
#51 = LINE ( 'NONE', #3112, #1531 ) ;
#52 = CARTESIAN_POINT ( 'NONE',  ( 3.700000000000000178, -0.07000000000000013156, -0.1938796242522536351 ) ) ;
#53 = VECTOR ( 'NONE', #2348, 1000.000000000000000 ) ;
#54 = ORIENTED_EDGE ( 'NONE', *, *, #1249, .F. ) ;
#55 = FACE_OUTER_BOUND ( 'NONE', #34, .T. ) ;
#56 = PRESENTATION_STYLE_ASSIGNMENT (( #2579 ) ) ;
#57 = SURFACE_STYLE_FILL_AREA ( #954 ) ;
#58 = FACE_OUTER_BOUND ( 'NONE', #3461, .T. ) ;
#59 = ORIENTED_EDGE ( 'NONE', *, *, #3074, .F. ) ;
#60 = DIRECTION ( 'NONE',  ( -0.0000000000000000000, -0.5735764363510440500, -0.8191520442889931308 ) ) ;
#61 = COLOUR_RGB ( '',0.8509803921568627194, 0.8509803921568627194, 0.8509803921568627194 ) ;
#62 = EDGE_CURVE ( 'NONE', #2352, #3507, #2910, .T. ) ;
#63 = ORIENTED_EDGE ( 'NONE', *, *, #832, .F. ) ;
#64 = AXIS2_PLACEMENT_3D ( 'NONE', #964, #2678, #2137 ) ;
#65 = STYLED_ITEM ( 'NONE', ( #187 ), #2051 ) ;
#66 = DIRECTION ( 'NONE',  ( 1.000000000000000000, 0.0000000000000000000, 0.0000000000000000000 ) ) ;
#67 = FACE_OUTER_BOUND ( 'NONE', #3462, .T. ) ;
#68 = VECTOR ( 'NONE', #1997, 1000.000000000000000 ) ;
#69 = ADVANCED_FACE ( 'NONE', ( #2322 ), #3479, .T. ) ;
#70 = VERTEX_POINT ( 'NONE', #195 ) ;
#71 = CARTESIAN_POINT ( 'NONE',  ( 3.700000000000000178, 0.7719398121261263901, -0.08291854158314547474 ) ) ;
#72 = LINE ( 'NONE', #2595, #2753 ) ;
#73 = FILL_AREA_STYLE_COLOUR ( '', #641 ) ;
#74 =( GEOMETRIC_REPRESENTATION_CONTEXT ( 3 ) GLOBAL_UNCERTAINTY_ASSIGNED_CONTEXT ( ( #3324 ) ) GLOBAL_UNIT_ASSIGNED_CONTEXT ( ( #2883, #2034, #2852 ) ) REPRESENTATION_CONTEXT ( 'NONE', 'WORKASPACE' ) );
#75 = CARTESIAN_POINT ( 'NONE',  ( 1.399999999999999911, 2.350000000000000089, -0.9000000000000002442 ) ) ;
#76 = CARTESIAN_POINT ( 'NONE',  ( 0.6500000000000001332, 1.516106516836013052, -2.700000000000000178 ) ) ;
#77 = FACE_OUTER_BOUND ( 'NONE', #3390, .T. ) ;
#78 = DIRECTION ( 'NONE',  ( -0.5773502691896307271, 0.5773502691896282846, 0.5773502691896184036 ) ) ;
#79 = ORIENTED_EDGE ( 'NONE', *, *, #3158, .F. ) ;
#80 = PRESENTATION_LAYER_ASSIGNMENT (  '', '', ( #3362 ) ) ;
#81 = ORIENTED_EDGE ( 'NONE', *, *, #736, .T. ) ;
#82 = PLANE ( 'NONE',  #906 ) ;
#83 = ORIENTED_EDGE ( 'NONE', *, *, #2982, .F. ) ;
#84 = DIRECTION ( 'NONE',  ( 0.0000000000000000000, -1.192877748288698639E-17, 1.000000000000000000 ) ) ;
#85 = EDGE_CURVE ( 'NONE', #3122, #3507, #2394, .T. ) ;
#86 = VERTEX_POINT ( 'NONE', #1839 ) ;
#87 = LINE ( 'NONE', #2275, #2190 ) ;
#88 = CARTESIAN_POINT ( 'NONE',  ( 3.750000000000000000, 1.516106516836013052, -2.700000000000000178 ) ) ;
#89 = ADVANCED_FACE ( 'NONE', ( #2979 ), #1294, .T. ) ;
#90 = PRESENTATION_STYLE_ASSIGNMENT (( #382 ) ) ;
#91 = DIRECTION ( 'NONE',  ( 0.0000000000000000000, 1.000000000000000000, 0.0000000000000000000 ) ) ;
#92 = VERTEX_POINT ( 'NONE', #1874 ) ;
#93 =( GEOMETRIC_REPRESENTATION_CONTEXT ( 3 ) GLOBAL_UNCERTAINTY_ASSIGNED_CONTEXT ( ( #609 ) ) GLOBAL_UNIT_ASSIGNED_CONTEXT ( ( #570, #1351, #16 ) ) REPRESENTATION_CONTEXT ( 'NONE', 'WORKASPACE' ) );
#94 = VERTEX_POINT ( 'NONE', #2735 ) ;
#95 = FACE_OUTER_BOUND ( 'NONE', #3001, .T. ) ;
#96 = FACE_OUTER_BOUND ( 'NONE', #2168, .T. ) ;
#97 = MECHANICAL_DESIGN_GEOMETRIC_PRESENTATION_REPRESENTATION (  '', ( #744 ), #1500 ) ;
#98 = DIRECTION ( 'NONE',  ( 0.0000000000000000000, -1.000000000000000000, 0.0000000000000000000 ) ) ;
#99 =( NAMED_UNIT ( * ) PLANE_ANGLE_UNIT ( ) SI_UNIT ( $, .RADIAN. ) );
#100 = VECTOR ( 'NONE', #130, 1000.000000000000000 ) ;
#101 = ORIENTED_EDGE ( 'NONE', *, *, #1343, .T. ) ;
#102 = ORIENTED_EDGE ( 'NONE', *, *, #2748, .T. ) ;
#103 = CARTESIAN_POINT ( 'NONE',  ( 0.6500000000000001332, 0.4661065168360134514, 0.0000000000000000000 ) ) ;
#104 = DIRECTION ( 'NONE',  ( 1.000000000000000000, 0.0000000000000000000, 0.0000000000000000000 ) ) ;
#105 = VECTOR ( 'NONE', #215, 1000.000000000000000 ) ;
#106 = LINE ( 'NONE', #2014, #166 ) ;
#107 =( NAMED_UNIT ( * ) PLANE_ANGLE_UNIT ( ) SI_UNIT ( $, .RADIAN. ) );
#108 = UNCERTAINTY_MEASURE_WITH_UNIT (LENGTH_MEASURE( 1.000000000000000082E-05 ), #1786, 'distance_accuracy_value', 'NONE');
#109 = EDGE_CURVE ( 'NONE', #2749, #3363, #2663, .T. ) ;
#110 = FACE_OUTER_BOUND ( 'NONE', #3123, .T. ) ;
#111 = DIRECTION ( 'NONE',  ( 1.000000000000000000, 0.0000000000000000000, -0.0000000000000000000 ) ) ;
#112 = CARTESIAN_POINT ( 'NONE',  ( 0.0000000000000000000, 0.5000000000000000000, -1.500000000000000000 ) ) ;
#113 = PRESENTATION_STYLE_ASSIGNMENT (( #1305 ) ) ;
#114 = ADVANCED_FACE ( 'NONE', ( #3271 ), #724, .F. ) ;
#115 = ORIENTED_EDGE ( 'NONE', *, *, #713, .F. ) ;
#116 = ORIENTED_EDGE ( 'NONE', *, *, #3468, .F. ) ;
#117 = DIRECTION ( 'NONE',  ( 0.0000000000000000000, 0.7071067811865462405, 0.7071067811865489050 ) ) ;
#118 = DIRECTION ( 'NONE',  ( 0.0000000000000000000, -0.7747502219576795079, 0.6322674225171864837 ) ) ;
#119 = CARTESIAN_POINT ( 'NONE',  ( 3.500000000000000000, 0.9999999999999997780, 0.0000000000000000000 ) ) ;
#120 = VECTOR ( 'NONE', #787, 1000.000000000000000 ) ;
#121 = ORIENTED_EDGE ( 'NONE', *, *, #3521, .F. ) ;
#122 = CARTESIAN_POINT ( 'NONE',  ( 0.9833333333333369453, 0.8494398501693513071, -0.3833333333333312498 ) ) ;
#123 = CARTESIAN_POINT ( 'NONE',  ( 3.349999999999999645, 1.516106516836013052, -0.04999999999999969746 ) ) ;
#124 = AXIS2_PLACEMENT_3D ( 'NONE', #3097, #1745, #899 ) ;
#125 = MECHANICAL_DESIGN_GEOMETRIC_PRESENTATION_REPRESENTATION (  '', ( #65 ), #1177 ) ;
#126 = DIRECTION ( 'NONE',  ( 0.0000000000000000000, 1.000000000000000000, 0.0000000000000000000 ) ) ;
#127 = CARTESIAN_POINT ( 'NONE',  ( 0.0000000000000000000, 0.1000000000000000056, -1.500000000000000000 ) ) ;
#128 = EDGE_LOOP ( 'NONE', ( #2711, #517, #1052, #2116 ) ) ;
#129 = DIRECTION ( 'NONE',  ( -1.000000000000000000, -0.0000000000000000000, -0.0000000000000000000 ) ) ;
#130 = DIRECTION ( 'NONE',  ( 4.818676322157797375E-16, 1.000000000000000000, -0.0000000000000000000 ) ) ;
#131 = ADVANCED_FACE ( 'NONE', ( #496 ), #1124, .F. ) ;
#132 = CARTESIAN_POINT ( 'NONE',  ( 3.399999999999999467, 0.5161065168360131628, 0.0000000000000000000 ) ) ;
#133 = ORIENTED_EDGE ( 'NONE', *, *, #3247, .F. ) ;
#134 = VERTEX_POINT ( 'NONE', #3037 ) ;
#135 = EDGE_CURVE ( 'NONE', #2207, #1603, #253, .T. ) ;
#136 = PRESENTATION_LAYER_ASSIGNMENT (  '', '', ( #1475 ) ) ;
#137 = ADVANCED_FACE ( 'NONE', ( #3600 ), #1421, .T. ) ;
#138 = VECTOR ( 'NONE', #3066, 1000.000000000000000 ) ;
#139 = ORIENTED_EDGE ( 'NONE', *, *, #2562, .T. ) ;
#140 = DIRECTION ( 'NONE',  ( 1.000000000000000000, 0.0000000000000000000, -0.0000000000000000000 ) ) ;
#141 = CARTESIAN_POINT ( 'NONE',  ( 3.500000000000000000, 0.0000000000000000000, 0.0000000000000000000 ) ) ;
#142 = ORIENTED_EDGE ( 'NONE', *, *, #2853, .F. ) ;
#143 = DIRECTION ( 'NONE',  ( 0.0000000000000000000, -1.000000000000000000, 0.0000000000000000000 ) ) ;
#144 = DIRECTION ( 'NONE',  ( 0.0000000000000000000, -0.0000000000000000000, 1.000000000000000000 ) ) ;
#145 = LINE ( 'NONE', #3516, #472 ) ;
#146 = PLANE ( 'NONE',  #1153 ) ;
#147 = DIRECTION ( 'NONE',  ( 1.000000000000000000, 0.0000000000000000000, 0.0000000000000000000 ) ) ;
#148 = DIRECTION ( 'NONE',  ( 0.0000000000000000000, 1.000000000000000000, 0.0000000000000000000 ) ) ;
#149 = ORIENTED_EDGE ( 'NONE', *, *, #1867, .F. ) ;
#150 = ORIENTED_EDGE ( 'NONE', *, *, #3430, .F. ) ;
#151 = FILL_AREA_STYLE ('',( #680 ) ) ;
#152 = PLANE ( 'NONE',  #2958 ) ;
#153 = MECHANICAL_DESIGN_GEOMETRIC_PRESENTATION_REPRESENTATION (  '', ( #2509 ), #2905 ) ;
#154 = EDGE_CURVE ( 'NONE', #3544, #316, #1914, .T. ) ;
#155 = FILL_AREA_STYLE ('',( #1553 ) ) ;
#156 = STYLED_ITEM ( 'NONE', ( #759 ), #622 ) ;
#157 = SURFACE_STYLE_FILL_AREA ( #2680 ) ;
#158 = VERTEX_POINT ( 'NONE', #2194 ) ;
#159 = MECHANICAL_DESIGN_GEOMETRIC_PRESENTATION_REPRESENTATION (  '', ( #3088 ), #2689 ) ;
#160 = ORIENTED_EDGE ( 'NONE', *, *, #1322, .T. ) ;
#161 = VECTOR ( 'NONE', #1182, 1000.000000000000000 ) ;
#162 = SURFACE_STYLE_USAGE ( .BOTH. , #2123 ) ;
#163 = SURFACE_STYLE_FILL_AREA ( #3255 ) ;
#164 = DIRECTION ( 'NONE',  ( 0.0000000000000000000, 0.6322674225171868168, 0.7747502219576791749 ) ) ;
#165 = ORIENTED_EDGE ( 'NONE', *, *, #3601, .F. ) ;
#166 = VECTOR ( 'NONE', #361, 1000.000000000000114 ) ;
#167 = CARTESIAN_POINT ( 'NONE',  ( 0.3000000000000000444, 0.4999999999999997780, -0.5000000000000000000 ) ) ;
#168 = DIRECTION ( 'NONE',  ( -1.000000000000000000, -0.0000000000000000000, -0.0000000000000000000 ) ) ;
#169 = LINE ( 'NONE', #1262, #1145 ) ;
#170 = ORIENTED_EDGE ( 'NONE', *, *, #895, .T. ) ;
#171 = ORIENTED_EDGE ( 'NONE', *, *, #2057, .F. ) ;
#172 = SURFACE_STYLE_USAGE ( .BOTH. , #2695 ) ;
#173 = ORIENTED_EDGE ( 'NONE', *, *, #3198, .T. ) ;
#174 = FACE_OUTER_BOUND ( 'NONE', #2609, .T. ) ;
#175 = SURFACE_STYLE_USAGE ( .BOTH. , #2156 ) ;
#176 = EDGE_CURVE ( 'NONE', #2400, #3179, #778, .T. ) ;
#177 = VECTOR ( 'NONE', #3119, 1000.000000000000000 ) ;
#178 = VERTEX_POINT ( 'NONE', #2775 ) ;
#179 = LINE ( 'NONE', #2957, #2536 ) ;
#180 = MECHANICAL_DESIGN_GEOMETRIC_PRESENTATION_REPRESENTATION (  '', ( #408 ), #2710 ) ;
#181 = EDGE_CURVE ( 'NONE', #1608, #589, #2235, .T. ) ;
#182 = EDGE_LOOP ( 'NONE', ( #524, #529, #348, #1629 ) ) ;
#183 = AXIS2_PLACEMENT_3D ( 'NONE', #3603, #1877, #818 ) ;
#184 = VECTOR ( 'NONE', #2617, 1000.000000000000000 ) ;
#185 = DIRECTION ( 'NONE',  ( 0.0000000000000000000, 1.000000000000000000, -1.084202172485504434E-15 ) ) ;
#186 = CARTESIAN_POINT ( 'NONE',  ( 0.0000000000000000000, 0.1000000000000000056, -1.500000000000000000 ) ) ;
#187 = PRESENTATION_STYLE_ASSIGNMENT (( #1648 ) ) ;
#188 = FACE_BOUND ( 'NONE', #3176, .T. ) ;
#189 = AXIS2_PLACEMENT_3D ( 'NONE', #3295, #729, #3022 ) ;
#190 = ORIENTED_EDGE ( 'NONE', *, *, #3000, .T. ) ;
#191 = PLANE ( 'NONE',  #1444 ) ;
#192 = VECTOR ( 'NONE', #1016, 1000.000000000000000 ) ;
#193 = CARTESIAN_POINT ( 'NONE',  ( 4.000000000000000000, 1.700000000000000178, -4.250000000000000000 ) ) ;
#194 =( NAMED_UNIT ( * ) SI_UNIT ( $, .STERADIAN. ) SOLID_ANGLE_UNIT ( ) );
#195 = CARTESIAN_POINT ( 'NONE',  ( 0.3000000000000000444, 0.5000000000000000000, -1.500000000000000000 ) ) ;
#196 = ORIENTED_EDGE ( 'NONE', *, *, #1044, .T. ) ;
#197 =( LENGTH_UNIT ( ) NAMED_UNIT ( * ) SI_UNIT ( .MILLI., .METRE. ) );
#198 = EDGE_CURVE ( 'NONE', #3109, #1726, #1729, .T. ) ;
#199 = LINE ( 'NONE', #2159, #1935 ) ;
#200 = CARTESIAN_POINT ( 'NONE',  ( 3.750000000000000444, 2.416106516836013185, -2.700000000000000178 ) ) ;
#201 = ORIENTED_EDGE ( 'NONE', *, *, #3005, .F. ) ;
#202 = EDGE_CURVE ( 'NONE', #2274, #653, #3423, .T. ) ;
#203 = LINE ( 'NONE', #3258, #256 ) ;
#204 = CARTESIAN_POINT ( 'NONE',  ( 4.000000000000000000, 0.0000000000000000000, 0.0000000000000000000 ) ) ;
#205 = ORIENTED_EDGE ( 'NONE', *, *, #1642, .F. ) ;
#206 = DIRECTION ( 'NONE',  ( 0.0000000000000000000, -1.000000000000000000, 0.0000000000000000000 ) ) ;
#207 = VERTEX_POINT ( 'NONE', #2846 ) ;
#208 = LINE ( 'NONE', #3269, #774 ) ;
#209 = DIRECTION ( 'NONE',  ( 0.0000000000000000000, -0.0000000000000000000, 1.000000000000000000 ) ) ;
#210 = DIRECTION ( 'NONE',  ( 0.0000000000000000000, 1.192877748288698639E-17, -1.000000000000000000 ) ) ;
#211 = SURFACE_STYLE_FILL_AREA ( #742 ) ;
#212 = AXIS2_PLACEMENT_3D ( 'NONE', #2251, #1382, #3349 ) ;
#213 = VERTEX_POINT ( 'NONE', #1779 ) ;
#214 = COLOUR_RGB ( '',0.8509803921568627194, 0.8509803921568627194, 0.8509803921568627194 ) ;
#215 = DIRECTION ( 'NONE',  ( -0.0000000000000000000, -0.7071067811865462405, -0.7071067811865489050 ) ) ;
#216 =( LENGTH_UNIT ( ) NAMED_UNIT ( * ) SI_UNIT ( .MILLI., .METRE. ) );
#217 = COLOUR_RGB ( '',0.8509803921568627194, 0.8509803921568627194, 0.8509803921568627194 ) ;
#218 = CARTESIAN_POINT ( 'NONE',  ( 0.2500000000000001665, 1.516106516836013052, -2.700000000000000178 ) ) ;
#219 = LINE ( 'NONE', #3315, #1545 ) ;
#220 = VECTOR ( 'NONE', #2347, 1000.000000000000000 ) ;
#221 = LINE ( 'NONE', #1846, #3261 ) ;
#222 =( GEOMETRIC_REPRESENTATION_CONTEXT ( 3 ) GLOBAL_UNCERTAINTY_ASSIGNED_CONTEXT ( ( #3450 ) ) GLOBAL_UNIT_ASSIGNED_CONTEXT ( ( #924, #651, #2607 ) ) REPRESENTATION_CONTEXT ( 'NONE', 'WORKASPACE' ) );
#223 = DIRECTION ( 'NONE',  ( -1.000000000000000000, -0.0000000000000000000, -0.0000000000000000000 ) ) ;
#224 = ADVANCED_FACE ( 'NONE', ( #95 ), #82, .T. ) ;
#225 = AXIS2_PLACEMENT_3D ( 'NONE', #1747, #3409, #890 ) ;
#226 = ORIENTED_EDGE ( 'NONE', *, *, #85, .F. ) ;
#227 = CARTESIAN_POINT ( 'NONE',  ( 0.3000000000000000444, 0.8299999999999997380, 0.0000000000000000000 ) ) ;
#228 = VECTOR ( 'NONE', #2213, 1000.000000000000000 ) ;
#229 = EDGE_CURVE ( 'NONE', #3192, #1212, #1470, .T. ) ;
#230 = ORIENTED_EDGE ( 'NONE', *, *, #2679, .F. ) ;
#231 = CARTESIAN_POINT ( 'NONE',  ( 0.3000000000000000444, 0.9999999999999997780, -0.5000000000000000000 ) ) ;
#232 = CARTESIAN_POINT ( 'NONE',  ( 3.700000000000000178, 0.0000000000000000000, 0.0000000000000000000 ) ) ;
#233 = CARTESIAN_POINT ( 'NONE',  ( 3.700000000000000178, 0.2938796242522527802, 4.618682850527476679E-20 ) ) ;
#234 = VERTEX_POINT ( 'NONE', #351 ) ;
#235 =( NAMED_UNIT ( * ) SI_UNIT ( $, .STERADIAN. ) SOLID_ANGLE_UNIT ( ) );
#236 = DIRECTION ( 'NONE',  ( 1.204669080539449344E-16, -1.000000000000000000, 0.0000000000000000000 ) ) ;
#237 =( NAMED_UNIT ( * ) PLANE_ANGLE_UNIT ( ) SI_UNIT ( $, .RADIAN. ) );
#238 = ORIENTED_EDGE ( 'NONE', *, *, #3074, .T. ) ;
#239 = CARTESIAN_POINT ( 'NONE',  ( 3.700000000000000178, 0.9999999999999997780, -0.5000000000000000000 ) ) ;
#240 = LINE ( 'NONE', #2260, #1071 ) ;
#241 = SURFACE_SIDE_STYLE ('',( #2764 ) ) ;
#242 = MECHANICAL_DESIGN_GEOMETRIC_PRESENTATION_REPRESENTATION (  '', ( #467 ), #2593 ) ;
#243 = ORIENTED_EDGE ( 'NONE', *, *, #1249, .T. ) ;
#244 = EDGE_CURVE ( 'NONE', #1915, #1597, #2285, .T. ) ;
#245 = CARTESIAN_POINT ( 'NONE',  ( 4.000000000000000000, 3.200000000000000178, 0.0000000000000000000 ) ) ;
#246 = MECHANICAL_DESIGN_GEOMETRIC_PRESENTATION_REPRESENTATION (  '', ( #2196 ), #1233 ) ;
#247 = UNCERTAINTY_MEASURE_WITH_UNIT (LENGTH_MEASURE( 1.000000000000000082E-05 ), #216, 'distance_accuracy_value', 'NONE');
#248 = ORIENTED_EDGE ( 'NONE', *, *, #3175, .T. ) ;
#249 = ADVANCED_FACE ( 'NONE', ( #1486 ), #1215, .T. ) ;
#250 = DIRECTION ( 'NONE',  ( 0.0000000000000000000, 1.000000000000000000, 0.0000000000000000000 ) ) ;
#251 = ADVANCED_FACE ( 'NONE', ( #2586 ), #3178, .T. ) ;
#252 = DIRECTION ( 'NONE',  ( -1.000000000000000000, -0.0000000000000000000, -0.0000000000000000000 ) ) ;
#253 = LINE ( 'NONE', #2517, #1804 ) ;
#254 = EDGE_LOOP ( 'NONE', ( #663, #2244, #2436, #1065 ) ) ;
#255 = FACE_OUTER_BOUND ( 'NONE', #1977, .T. ) ;
#256 = VECTOR ( 'NONE', #3484, 1000.000000000000000 ) ;
#257 = DIRECTION ( 'NONE',  ( -0.7071067811865414665, 0.0000000000000000000, 0.7071067811865536790 ) ) ;
#258 = FILL_AREA_STYLE_COLOUR ( '', #325 ) ;
#259 = ORIENTED_EDGE ( 'NONE', *, *, #202, .T. ) ;
#260 = VECTOR ( 'NONE', #2242, 1000.000000000000000 ) ;
#261 = CARTESIAN_POINT ( 'NONE',  ( 2.400000000000000355, 3.449999999999999734, -1.249999999999998890 ) ) ;
#262 = APPLICATION_PROTOCOL_DEFINITION ( 'draft international standard', 'automotive_design', 1998, #3428 ) ;
#263 =( LENGTH_UNIT ( ) NAMED_UNIT ( * ) SI_UNIT ( .MILLI., .METRE. ) );
#264 = ORIENTED_EDGE ( 'NONE', *, *, #2025, .F. ) ;
#265 = PLANE ( 'NONE',  #748 ) ;
#266 = ADVANCED_FACE ( 'NONE', ( #1509 ), #870, .T. ) ;
#267 = ORIENTED_EDGE ( 'NONE', *, *, #2245, .T. ) ;
#268 = PLANE ( 'NONE',  #2379 ) ;
#269 =( LENGTH_UNIT ( ) NAMED_UNIT ( * ) SI_UNIT ( .MILLI., .METRE. ) );
#270 = LINE ( 'NONE', #233, #1819 ) ;
#271 = EDGE_CURVE ( 'NONE', #2911, #1466, #961, .T. ) ;
#272 = ORIENTED_EDGE ( 'NONE', *, *, #2308, .T. ) ;
#273 = CARTESIAN_POINT ( 'NONE',  ( 1.600000000000000089, 0.0000000000000000000, 0.0000000000000000000 ) ) ;
#274 = ADVANCED_FACE ( 'NONE', ( #1835 ), #152, .F. ) ;
#275 = ORIENTED_EDGE ( 'NONE', *, *, #3392, .T. ) ;
#276 = PRESENTATION_LAYER_ASSIGNMENT (  '', '', ( #2509 ) ) ;
#277 =( NAMED_UNIT ( * ) SI_UNIT ( $, .STERADIAN. ) SOLID_ANGLE_UNIT ( ) );
#278 = CARTESIAN_POINT ( 'NONE',  ( 0.0000000000000000000, 0.4999999999999997780, -0.5000000000000000000 ) ) ;
#279 = STYLED_ITEM ( 'NONE', ( #2826 ), #687 ) ;
#280 = ORIENTED_EDGE ( 'NONE', *, *, #1206, .F. ) ;
#281 = AXIS2_PLACEMENT_3D ( 'NONE', #645, #1550, #117 ) ;
#282 = DIRECTION ( 'NONE',  ( 0.0000000000000000000, 0.0000000000000000000, 1.000000000000000000 ) ) ;
#283 = VECTOR ( 'NONE', #2314, 1000.000000000000000 ) ;
#284 = ORIENTED_EDGE ( 'NONE', *, *, #3118, .T. ) ;
#285 = VECTOR ( 'NONE', #1764, 1000.000000000000000 ) ;
#286 = CARTESIAN_POINT ( 'NONE',  ( 1.600000000000000089, 3.200000000000000178, -1.800000000000000044 ) ) ;
#287 = CARTESIAN_POINT ( 'NONE',  ( 4.000000000000000000, 0.1000000000000000056, -1.500000000000000000 ) ) ;
#288 = VECTOR ( 'NONE', #3547, 1000.000000000000000 ) ;
#289 =( NAMED_UNIT ( * ) PLANE_ANGLE_UNIT ( ) SI_UNIT ( $, .RADIAN. ) );
#290 = ADVANCED_FACE ( 'NONE', ( #2018 ), #2056, .F. ) ;
#291 =( NAMED_UNIT ( * ) SI_UNIT ( $, .STERADIAN. ) SOLID_ANGLE_UNIT ( ) );
#292 = ORIENTED_EDGE ( 'NONE', *, *, #2008, .F. ) ;
#293 = DIRECTION ( 'NONE',  ( 0.0000000000000000000, -0.7071067811865487940, -0.7071067811865463515 ) ) ;
#294 = CARTESIAN_POINT ( 'NONE',  ( 0.3000000000000000444, -0.07000000000000013156, -0.1938796242522536351 ) ) ;
#295 = CARTESIAN_POINT ( 'NONE',  ( 0.2500000000000000555, 2.416106516836013185, -0.04999999999999969746 ) ) ;
#296 = EDGE_CURVE ( 'NONE', #1569, #178, #315, .T. ) ;
#297 = CARTESIAN_POINT ( 'NONE',  ( 0.0000000000000000000, 0.1000000000000000056, -3.975601157859501189 ) ) ;
#298 = ORIENTED_EDGE ( 'NONE', *, *, #2447, .T. ) ;
#299 = VECTOR ( 'NONE', #2840, 1000.000000000000000 ) ;
#300 = LINE ( 'NONE', #41, #2449 ) ;
#301 = ORIENTED_EDGE ( 'NONE', *, *, #717, .F. ) ;
#302 = VECTOR ( 'NONE', #1472, 1000.000000000000000 ) ;
#303 = VECTOR ( 'NONE', #489, 1000.000000000000000 ) ;
#304 = DIRECTION ( 'NONE',  ( -1.000000000000000000, -0.0000000000000000000, -0.0000000000000000000 ) ) ;
#305 = AXIS2_PLACEMENT_3D ( 'NONE', #674, #1601, #1879 ) ;
#306 = FILL_AREA_STYLE ('',( #2831 ) ) ;
#307 = DIRECTION ( 'NONE',  ( -0.0000000000000000000, -0.0000000000000000000, 1.000000000000000000 ) ) ;
#308 = CARTESIAN_POINT ( 'NONE',  ( 2.600000000000000089, 1.950000000000000178, -0.9000000000000002442 ) ) ;
#309 = ORIENTED_EDGE ( 'NONE', *, *, #1755, .T. ) ;
#310 = EDGE_CURVE ( 'NONE', #725, #1015, #2349, .T. ) ;
#311 =( GEOMETRIC_REPRESENTATION_CONTEXT ( 3 ) GLOBAL_UNCERTAINTY_ASSIGNED_CONTEXT ( ( #791 ) ) GLOBAL_UNIT_ASSIGNED_CONTEXT ( ( #1871, #1592, #2733 ) ) REPRESENTATION_CONTEXT ( 'NONE', 'WORKASPACE' ) );
#312 = CARTESIAN_POINT ( 'NONE',  ( 1.400000000000000133, 0.1000000000000000056, -4.250000000000000000 ) ) ;
#313 = ADVANCED_FACE ( 'NONE', ( #58 ), #640, .F. ) ;
#314 = SURFACE_STYLE_FILL_AREA ( #1137 ) ;
#315 = LINE ( 'NONE', #600, #1383 ) ;
#316 = VERTEX_POINT ( 'NONE', #1482 ) ;
#317 = DIRECTION ( 'NONE',  ( 0.0000000000000000000, 0.0000000000000000000, -1.000000000000000000 ) ) ;
#318 = SURFACE_STYLE_USAGE ( .BOTH. , #2569 ) ;
#319 = CARTESIAN_POINT ( 'NONE',  ( 2.600000000000000089, -0.04232549186178630185, -4.150000000000000355 ) ) ;
#320 = LINE ( 'NONE', #2336, #1818 ) ;
#321 = DIRECTION ( 'NONE',  ( 0.0000000000000000000, 0.7071067811865463515, -0.7071067811865487940 ) ) ;
#322 = APPLICATION_PROTOCOL_DEFINITION ( 'draft international standard', 'automotive_design', 1998, #585 ) ;
#323 = LINE ( 'NONE', #1168, #508 ) ;
#324 = DIRECTION ( 'NONE',  ( 1.000000000000000000, 0.0000000000000000000, -0.0000000000000000000 ) ) ;
#325 = COLOUR_RGB ( '',0.9882352941176471006, 1.000000000000000000, 0.8431372549019607865 ) ;
#326 = CARTESIAN_POINT ( 'NONE',  ( 0.3000000000000000444, 0.1000000000000000056, -1.499999999999999556 ) ) ;
#327 = EDGE_CURVE ( 'NONE', #3276, #3544, #300, .T. ) ;
#328 = DIRECTION ( 'NONE',  ( -1.000000000000000000, -0.0000000000000000000, -0.0000000000000000000 ) ) ;
#329 = UNCERTAINTY_MEASURE_WITH_UNIT (LENGTH_MEASURE( 1.000000000000000082E-05 ), #1959, 'distance_accuracy_value', 'NONE');
#330 = STYLED_ITEM ( 'NONE', ( #3291 ), #131 ) ;
#331 = VERTEX_POINT ( 'NONE', #2618 ) ;
#332 = LINE ( 'NONE', #1178, #1325 ) ;
#333 = PRESENTATION_LAYER_ASSIGNMENT (  '', '', ( #2406 ) ) ;
#334 = EDGE_CURVE ( 'NONE', #399, #3145, #1448, .T. ) ;
#335 = CARTESIAN_POINT ( 'NONE',  ( 3.483333333333334281, 1.382773183502678194, 0.08333333333333382831 ) ) ;
#336 = MECHANICAL_DESIGN_GEOMETRIC_PRESENTATION_REPRESENTATION (  '', ( #2973 ), #983 ) ;
#337 = LINE ( 'NONE', #356, #302 ) ;
#338 = PLANE ( 'NONE',  #2917 ) ;
#339 = VECTOR ( 'NONE', #3217, 1000.000000000000000 ) ;
#340 = VERTEX_POINT ( 'NONE', #1139 ) ;
#341 = FACE_OUTER_BOUND ( 'NONE', #2627, .T. ) ;
#342 = CARTESIAN_POINT ( 'NONE',  ( 2.400000000000000355, 2.350000000000000089, -0.9000000000000002442 ) ) ;
#343 = LINE ( 'NONE', #127, #1590 ) ;
#344 = FACE_OUTER_BOUND ( 'NONE', #2023, .T. ) ;
#345 = LINE ( 'NONE', #3449, #100 ) ;
#346 = LINE ( 'NONE', #1463, #468 ) ;
#347 = ADVANCED_FACE ( 'NONE', ( #2548 ), #2281, .T. ) ;
#348 = ORIENTED_EDGE ( 'NONE', *, *, #2327, .T. ) ;
#349 = CARTESIAN_POINT ( 'NONE',  ( 1.600000000000000089, 3.200000000000000178, -1.000000000000000000 ) ) ;
#350 = VECTOR ( 'NONE', #2258, 1000.000000000000000 ) ;
#351 = CARTESIAN_POINT ( 'NONE',  ( 2.400000000000000355, 0.3245329449495911733, -4.250000000000000000 ) ) ;
#352 = EDGE_CURVE ( 'NONE', #2928, #1915, #2301, .T. ) ;
#353 = COLOUR_RGB ( '',0.8509803921568627194, 0.8509803921568627194, 0.8509803921568627194 ) ;
#354 = VECTOR ( 'NONE', #384, 1000.000000000000000 ) ;
#355 = EDGE_CURVE ( 'NONE', #1624, #2400, #3470, .T. ) ;
#356 = CARTESIAN_POINT ( 'NONE',  ( 1.599999999999999867, 0.0000000000000000000, -4.250000000000000000 ) ) ;
#357 = FILL_AREA_STYLE_COLOUR ( '', #692 ) ;
#358 = FILL_AREA_STYLE ('',( #3441 ) ) ;
#359 = VERTEX_POINT ( 'NONE', #1502 ) ;
#360 = ORIENTED_EDGE ( 'NONE', *, *, #876, .T. ) ;
#361 = DIRECTION ( 'NONE',  ( -0.5773502691896279515, 0.5773502691896296168, -0.5773502691896197359 ) ) ;
#362 = PRESENTATION_STYLE_ASSIGNMENT (( #3149 ) ) ;
#363 = MECHANICAL_DESIGN_GEOMETRIC_PRESENTATION_REPRESENTATION (  '', ( #3177 ), #423 ) ;
#364 = PLANE ( 'NONE',  #2491 ) ;
#365 = CARTESIAN_POINT ( 'NONE',  ( 0.5000000000000000000, 0.2938796242522527802, 0.0000000000000000000 ) ) ;
#366 =( NAMED_UNIT ( * ) SI_UNIT ( $, .STERADIAN. ) SOLID_ANGLE_UNIT ( ) );
#367 = ORIENTED_EDGE ( 'NONE', *, *, #2376, .F. ) ;
#368 = ORIENTED_EDGE ( 'NONE', *, *, #1138, .T. ) ;
#369 = CARTESIAN_POINT ( 'NONE',  ( 3.750000000000000444, 2.416106516836013185, -0.04999999999999969746 ) ) ;
#370 = SURFACE_STYLE_FILL_AREA ( #1195 ) ;
#371 = PRODUCT_RELATED_PRODUCT_CATEGORY ( 'part', '', ( #3422 ) ) ;
#372 = ORIENTED_EDGE ( 'NONE', *, *, #3468, .T. ) ;
#373 = LINE ( 'NONE', #1488, #659 ) ;
#374 = DIRECTION ( 'NONE',  ( 1.000000000000000000, 0.0000000000000000000, 0.0000000000000000000 ) ) ;
#375 = EDGE_CURVE ( 'NONE', #602, #1650, #169, .T. ) ;
#376 = VERTEX_POINT ( 'NONE', #419 ) ;
#377 = ORIENTED_EDGE ( 'NONE', *, *, #669, .T. ) ;
#378 = DIRECTION ( 'NONE',  ( 0.0000000000000000000, 0.7071067811865464625, -0.7071067811865486830 ) ) ;
#379 = CARTESIAN_POINT ( 'NONE',  ( 0.3000000000000000444, 0.8299999999999997380, 0.0000000000000000000 ) ) ;
#380 = PRESENTATION_STYLE_ASSIGNMENT (( #2631 ) ) ;
#381 = EDGE_CURVE ( 'NONE', #1608, #3018, #3523, .T. ) ;
#382 = SURFACE_STYLE_USAGE ( .BOTH. , #2899 ) ;
#383 =( LENGTH_UNIT ( ) NAMED_UNIT ( * ) SI_UNIT ( .MILLI., .METRE. ) );
#384 = DIRECTION ( 'NONE',  ( -1.000000000000000000, 0.0000000000000000000, 0.0000000000000000000 ) ) ;
#385 = VECTOR ( 'NONE', #2854, 1000.000000000000114 ) ;
#386 = EDGE_LOOP ( 'NONE', ( #1563, #996, #2824, #196 ) ) ;
#387 = VECTOR ( 'NONE', #28, 1000.000000000000000 ) ;
#388 = ORIENTED_EDGE ( 'NONE', *, *, #1527, .T. ) ;
#389 = VECTOR ( 'NONE', #3402, 1000.000000000000000 ) ;
#390 =( GEOMETRIC_REPRESENTATION_CONTEXT ( 3 ) GLOBAL_UNCERTAINTY_ASSIGNED_CONTEXT ( ( #1501 ) ) GLOBAL_UNIT_ASSIGNED_CONTEXT ( ( #2591, #99, #1800 ) ) REPRESENTATION_CONTEXT ( 'NONE', 'WORKASPACE' ) );
#391 = PRESENTATION_STYLE_ASSIGNMENT (( #3143 ) ) ;
#392 = VECTOR ( 'NONE', #2630, 1000.000000000000000 ) ;
#393 = EDGE_LOOP ( 'NONE', ( #3213, #280, #2380, #2770 ) ) ;
#394 = ORIENTED_EDGE ( 'NONE', *, *, #664, .F. ) ;
#395 = DIRECTION ( 'NONE',  ( -1.000000000000000000, 0.0000000000000000000, 0.0000000000000000000 ) ) ;
#396 = EDGE_CURVE ( 'NONE', #936, #1239, #1848, .T. ) ;
#397 = VECTOR ( 'NONE', #2998, 1000.000000000000000 ) ;
#398 = CARTESIAN_POINT ( 'NONE',  ( 3.500000000000000000, -0.07000000000000013156, -0.1938796242522536351 ) ) ;
#399 = VERTEX_POINT ( 'NONE', #2371 ) ;
#400 = EDGE_CURVE ( 'NONE', #631, #735, #3486, .T. ) ;
#401 =( GEOMETRIC_REPRESENTATION_CONTEXT ( 3 ) GLOBAL_UNCERTAINTY_ASSIGNED_CONTEXT ( ( #2614 ) ) GLOBAL_UNIT_ASSIGNED_CONTEXT ( ( #2534, #1693, #3016 ) ) REPRESENTATION_CONTEXT ( 'NONE', 'WORKASPACE' ) );
#402 = ADVANCED_FACE ( 'NONE', ( #188, #2405 ), #3506, .T. ) ;
#403 = DIRECTION ( 'NONE',  ( 0.0000000000000000000, 0.0000000000000000000, -1.000000000000000000 ) ) ;
#404 = CARTESIAN_POINT ( 'NONE',  ( 2.400000000000000355, 0.2576745081382136870, -4.950000000000000178 ) ) ;
#405 = DIRECTION ( 'NONE',  ( 0.0000000000000000000, -1.000000000000000000, 0.0000000000000000000 ) ) ;
#406 = ORIENTED_EDGE ( 'NONE', *, *, #1694, .T. ) ;
#407 = ORIENTED_EDGE ( 'NONE', *, *, #1549, .F. ) ;
#408 = STYLED_ITEM ( 'NONE', ( #2012 ), #2747 ) ;
#409 = DIRECTION ( 'NONE',  ( 2.168404344971009115E-16, -1.000000000000000000, 0.0000000000000000000 ) ) ;
#410 = AXIS2_PLACEMENT_3D ( 'NONE', #1695, #2535, #1127 ) ;
#411 = FILL_AREA_STYLE_COLOUR ( '', #1700 ) ;
#412 = COLOUR_RGB ( '',0.8509803921568627194, 0.8509803921568627194, 0.8509803921568627194 ) ;
#413 = CARTESIAN_POINT ( 'NONE',  ( 2.600000000000000089, -0.04232549186178630185, -4.950000000000000178 ) ) ;
#414 = ADVANCED_FACE ( 'NONE', ( #974 ), #1286, .T. ) ;
#415 = ORIENTED_EDGE ( 'NONE', *, *, #3510, .F. ) ;
#416 = LINE ( 'NONE', #3503, #2265 ) ;
#417 = CARTESIAN_POINT ( 'NONE',  ( 0.6500000000000001332, 0.5161065168360131628, -0.04999999999999969746 ) ) ;
#418 = LINE ( 'NONE', #1209, #53 ) ;
#419 = CARTESIAN_POINT ( 'NONE',  ( 0.6500000000000001332, 1.516106516836013052, -0.04999999999999969746 ) ) ;
#420 = EDGE_CURVE ( 'NONE', #1967, #2197, #1526, .T. ) ;
#421 = VERTEX_POINT ( 'NONE', #1863 ) ;
#422 = EDGE_LOOP ( 'NONE', ( #1062, #3011, #3617, #3487 ) ) ;
#423 =( GEOMETRIC_REPRESENTATION_CONTEXT ( 3 ) GLOBAL_UNCERTAINTY_ASSIGNED_CONTEXT ( ( #3615 ) ) GLOBAL_UNIT_ASSIGNED_CONTEXT ( ( #1269, #3477, #3509 ) ) REPRESENTATION_CONTEXT ( 'NONE', 'WORKASPACE' ) );
#424 = VECTOR ( 'NONE', #2203, 1000.000000000000000 ) ;
#425 = ORIENTED_EDGE ( 'NONE', *, *, #3285, .F. ) ;
#426 = PLANE ( 'NONE',  #64 ) ;
#427 = CARTESIAN_POINT ( 'NONE',  ( 2.600000000000000089, 0.1000000000000000056, -4.250000000000000000 ) ) ;
#428 = EDGE_LOOP ( 'NONE', ( #171, #2257, #3435, #2664 ) ) ;
#429 = DIRECTION ( 'NONE',  ( 0.0000000000000000000, -1.000000000000000000, 0.0000000000000000000 ) ) ;
#430 = DIRECTION ( 'NONE',  ( -0.5773502691896268413, 0.5773502691896301720, 0.5773502691896202910 ) ) ;
#431 = FILL_AREA_STYLE ('',( #1303 ) ) ;
#432 = DIRECTION ( 'NONE',  ( 0.0000000000000000000, 0.0000000000000000000, -1.000000000000000000 ) ) ;
#433 =( NAMED_UNIT ( * ) SI_UNIT ( $, .STERADIAN. ) SOLID_ANGLE_UNIT ( ) );
#434 = VERTEX_POINT ( 'NONE', #2656 ) ;
#435 = EDGE_CURVE ( 'NONE', #2274, #551, #2968, .T. ) ;
#436 = DIRECTION ( 'NONE',  ( 0.5773502691896290617, 0.5773502691896290617, 0.5773502691896190697 ) ) ;
#437 = ORIENTED_EDGE ( 'NONE', *, *, #1271, .T. ) ;
#438 = EDGE_CURVE ( 'NONE', #544, #3109, #3210, .T. ) ;
#439 = STYLED_ITEM ( 'NONE', ( #3079 ), #512 ) ;
#440 = PRESENTATION_STYLE_ASSIGNMENT (( #1891 ) ) ;
#441 = DIRECTION ( 'NONE',  ( -1.000000000000000000, 0.0000000000000000000, 0.0000000000000000000 ) ) ;
#442 = ORIENTED_EDGE ( 'NONE', *, *, #1451, .F. ) ;
#443 = VECTOR ( 'NONE', #719, 1000.000000000000000 ) ;
#444 = ORIENTED_EDGE ( 'NONE', *, *, #198, .T. ) ;
#445 = CARTESIAN_POINT ( 'NONE',  ( 3.500000000000000000, -0.07000000000000011768, -1.329999999999998961 ) ) ;
#446 =( NAMED_UNIT ( * ) SI_UNIT ( $, .STERADIAN. ) SOLID_ANGLE_UNIT ( ) );
#447 = PLANE ( 'NONE',  #189 ) ;
#448 = VECTOR ( 'NONE', #2744, 1000.000000000000000 ) ;
#449 = ORIENTED_EDGE ( 'NONE', *, *, #644, .F. ) ;
#450 = PRESENTATION_LAYER_ASSIGNMENT (  '', '', ( #1216 ) ) ;
#451 = DIRECTION ( 'NONE',  ( -0.0000000000000000000, -0.0000000000000000000, 1.000000000000000000 ) ) ;
#452 = CARTESIAN_POINT ( 'NONE',  ( 0.3000000000000000444, 0.1238796242522527818, 0.0000000000000000000 ) ) ;
#453 = CARTESIAN_POINT ( 'NONE',  ( 0.3000000000000000444, 0.8299999999999997380, 0.0000000000000000000 ) ) ;
#454 = DIRECTION ( 'NONE',  ( 0.0000000000000000000, -1.000000000000000000, 0.0000000000000000000 ) ) ;
#455 = AXIS2_PLACEMENT_3D ( 'NONE', #2808, #777, #3369 ) ;
#456 = ORIENTED_EDGE ( 'NONE', *, *, #3101, .F. ) ;
#457 = VERTEX_POINT ( 'NONE', #1830 ) ;
#458 = DIRECTION ( 'NONE',  ( -0.0000000000000000000, 0.0000000000000000000, 1.000000000000000000 ) ) ;
#459 = EDGE_CURVE ( 'NONE', #207, #653, #2936, .T. ) ;
#460 =( NAMED_UNIT ( * ) PLANE_ANGLE_UNIT ( ) SI_UNIT ( $, .RADIAN. ) );
#461 = EDGE_CURVE ( 'NONE', #466, #2071, #856, .T. ) ;
#462 = EDGE_LOOP ( 'NONE', ( #1295, #2825, #19, #2132 ) ) ;
#463 = AXIS2_PLACEMENT_3D ( 'NONE', #1005, #2468, #1899 ) ;
#464 = SURFACE_STYLE_USAGE ( .BOTH. , #2983 ) ;
#465 =( NAMED_UNIT ( * ) PLANE_ANGLE_UNIT ( ) SI_UNIT ( $, .RADIAN. ) );
#466 = VERTEX_POINT ( 'NONE', #1110 ) ;
#467 = STYLED_ITEM ( 'NONE', ( #1221 ), #2815 ) ;
#468 = VECTOR ( 'NONE', #2599, 999.9999999999998863 ) ;
#469 = CARTESIAN_POINT ( 'NONE',  ( 0.2500000000000000555, 2.416106516836013185, -0.04999999999999883010 ) ) ;
#470 = LINE ( 'NONE', #992, #2345 ) ;
#471 = CARTESIAN_POINT ( 'NONE',  ( 3.700000000000000178, 0.2938796242522527802, 4.618682850527476679E-20 ) ) ;
#472 = VECTOR ( 'NONE', #164, 1000.000000000000114 ) ;
#473 = ORIENTED_EDGE ( 'NONE', *, *, #907, .T. ) ;
#474 = LINE ( 'NONE', #2767, #2515 ) ;
#475 = VERTEX_POINT ( 'NONE', #2778 ) ;
#476 = VECTOR ( 'NONE', #636, 1000.000000000000000 ) ;
#477 = SURFACE_STYLE_USAGE ( .BOTH. , #1328 ) ;
#478 = CARTESIAN_POINT ( 'NONE',  ( 1.399999999999999911, 0.2576745081382136870, -4.950000000000000178 ) ) ;
#479 = VECTOR ( 'NONE', #1621, 1000.000000000000000 ) ;
#480 = ORIENTED_EDGE ( 'NONE', *, *, #2150, .T. ) ;
#481 = PLANE ( 'NONE',  #1772 ) ;
#482 = CARTESIAN_POINT ( 'NONE',  ( 0.3000000000000000444, 0.1238796242522527818, 0.0000000000000000000 ) ) ;
#483 = EDGE_CURVE ( 'NONE', #2483, #2247, #1370, .T. ) ;
#484 = EDGE_LOOP ( 'NONE', ( #1366, #1547, #1986, #1658 ) ) ;
#485 =( NAMED_UNIT ( * ) SI_UNIT ( $, .STERADIAN. ) SOLID_ANGLE_UNIT ( ) );
#486 = DIRECTION ( 'NONE',  ( 0.0000000000000000000, -0.7071067811865462405, -0.7071067811865489050 ) ) ;
#487 = DIRECTION ( 'NONE',  ( 0.0000000000000000000, -1.000000000000000000, 0.0000000000000000000 ) ) ;
#488 = EDGE_CURVE ( 'NONE', #1608, #3251, #2797, .T. ) ;
#489 = DIRECTION ( 'NONE',  ( 1.084202172485504434E-16, 0.0000000000000000000, -1.000000000000000000 ) ) ;
#490 = ORIENTED_EDGE ( 'NONE', *, *, #977, .F. ) ;
#491 = ORIENTED_EDGE ( 'NONE', *, *, #271, .T. ) ;
#492 = LINE ( 'NONE', #3301, #3494 ) ;
#493 = UNCERTAINTY_MEASURE_WITH_UNIT (LENGTH_MEASURE( 1.000000000000000082E-05 ), #2382, 'distance_accuracy_value', 'NONE');
#494 = ORIENTED_EDGE ( 'NONE', *, *, #181, .F. ) ;
#495 = DIRECTION ( 'NONE',  ( -1.000000000000000000, 0.0000000000000000000, -0.0000000000000000000 ) ) ;
#496 = FACE_OUTER_BOUND ( 'NONE', #128, .T. ) ;
#497 = AXIS2_PLACEMENT_3D ( 'NONE', #1773, #3384, #3452 ) ;
#498 = CARTESIAN_POINT ( 'NONE',  ( 3.350000000000000089, 2.416106516836013185, -2.700000000000000178 ) ) ;
#499 = AXIS2_PLACEMENT_3D ( 'NONE', #2149, #956, #3591 ) ;
#500 = CARTESIAN_POINT ( 'NONE',  ( 4.000000000000000000, 1.700000000000000178, -3.750000000000000000 ) ) ;
#501 = SURFACE_SIDE_STYLE ('',( #3373 ) ) ;
#502 = VECTOR ( 'NONE', #1907, 1000.000000000000000 ) ;
#503 = PRESENTATION_LAYER_ASSIGNMENT (  '', '', ( #1445 ) ) ;
#504 = VERTEX_POINT ( 'NONE', #1094 ) ;
#505 = EDGE_CURVE ( 'NONE', #2817, #577, #1685, .T. ) ;
#506 = PLANE ( 'NONE',  #2769 ) ;
#507 = DIRECTION ( 'NONE',  ( 0.0000000000000000000, 0.0000000000000000000, -1.000000000000000000 ) ) ;
#508 = VECTOR ( 'NONE', #3148, 1000.000000000000000 ) ;
#509 = CARTESIAN_POINT ( 'NONE',  ( 3.750000000000000000, 1.516106516836013052, -2.700000000000000178 ) ) ;
#510 = AXIS2_PLACEMENT_3D ( 'NONE', #3107, #583, #1155 ) ;
#511 = DIRECTION ( 'NONE',  ( 0.0000000000000000000, -0.0000000000000000000, -1.000000000000000000 ) ) ;
#512 = ADVANCED_FACE ( 'NONE', ( #1718 ), #3062, .T. ) ;
#513 = VECTOR ( 'NONE', #3571, 1000.000000000000000 ) ;
#514 = VERTEX_POINT ( 'NONE', #3334 ) ;
#515 = DIRECTION ( 'NONE',  ( -1.000000000000000000, 0.0000000000000000000, -0.0000000000000000000 ) ) ;
#516 = VECTOR ( 'NONE', #972, 1000.000000000000000 ) ;
#517 = ORIENTED_EDGE ( 'NONE', *, *, #1943, .T. ) ;
#518 = LINE ( 'NONE', #2268, #2466 ) ;
#519 = ORIENTED_EDGE ( 'NONE', *, *, #2145, .F. ) ;
#520 =( NAMED_UNIT ( * ) PLANE_ANGLE_UNIT ( ) SI_UNIT ( $, .RADIAN. ) );
#521 = LINE ( 'NONE', #800, #3391 ) ;
#522 = DIRECTION ( 'NONE',  ( 0.0000000000000000000, -0.6322674225171868168, -0.7747502219576791749 ) ) ;
#523 = CARTESIAN_POINT ( 'NONE',  ( 3.399999999999999467, 0.4661065168360134514, 0.0000000000000000000 ) ) ;
#524 = ORIENTED_EDGE ( 'NONE', *, *, #738, .F. ) ;
#525 = DIRECTION ( 'NONE',  ( -0.0000000000000000000, -0.0000000000000000000, 1.000000000000000000 ) ) ;
#526 = CARTESIAN_POINT ( 'NONE',  ( 1.399999999999999911, -0.04232549186178630185, -4.150000000000000355 ) ) ;
#527 = FILL_AREA_STYLE_COLOUR ( '', #2372 ) ;
#528 = ORIENTED_EDGE ( 'NONE', *, *, #2765, .T. ) ;
#529 = ORIENTED_EDGE ( 'NONE', *, *, #3365, .F. ) ;
#530 = DIRECTION ( 'NONE',  ( 1.000000000000000000, -0.0000000000000000000, -0.0000000000000000000 ) ) ;
#531 = STYLED_ITEM ( 'NONE', ( #3098 ), #2564 ) ;
#532 = EDGE_CURVE ( 'NONE', #94, #2389, #3396, .T. ) ;
#533 = ORIENTED_EDGE ( 'NONE', *, *, #1389, .F. ) ;
#534 = CARTESIAN_POINT ( 'NONE',  ( 0.5000000000000000000, 0.9999999999999997780, 0.0000000000000000000 ) ) ;
#535 = LINE ( 'NONE', #1678, #1628 ) ;
#536 = CARTESIAN_POINT ( 'NONE',  ( 3.700000000000000178, 0.3519398121261264056, -0.08291854158314553025 ) ) ;
#537 = ADVANCED_FACE ( 'NONE', ( #1 ), #33, .T. ) ;
#538 = DIRECTION ( 'NONE',  ( 0.0000000000000000000, 0.0000000000000000000, -1.000000000000000000 ) ) ;
#539 = UNCERTAINTY_MEASURE_WITH_UNIT (LENGTH_MEASURE( 1.000000000000000082E-05 ), #3413, 'distance_accuracy_value', 'NONE');
#540 = AXIS2_PLACEMENT_3D ( 'NONE', #1829, #2963, #751 ) ;
#541 = ORIENTED_EDGE ( 'NONE', *, *, #2263, .F. ) ;
#542 = DIRECTION ( 'NONE',  ( 0.0000000000000000000, -0.7747502219576791749, 0.6322674225171868168 ) ) ;
#543 = UNCERTAINTY_MEASURE_WITH_UNIT (LENGTH_MEASURE( 1.000000000000000082E-05 ), #3152, 'distance_accuracy_value', 'NONE');
#544 = VERTEX_POINT ( 'NONE', #3043 ) ;
#545 = AXIS2_PLACEMENT_3D ( 'NONE', #2743, #1646, #806 ) ;
#546 = DIRECTION ( 'NONE',  ( 0.0000000000000000000, 1.000000000000000000, 0.0000000000000000000 ) ) ;
#547 = CARTESIAN_POINT ( 'NONE',  ( 3.500000000000000000, 0.7719398121261263901, -0.08291854158314547474 ) ) ;
#548 = DIRECTION ( 'NONE',  ( 1.000000000000000000, -0.0000000000000000000, -0.0000000000000000000 ) ) ;
#549 = UNCERTAINTY_MEASURE_WITH_UNIT (LENGTH_MEASURE( 1.000000000000000082E-05 ), #269, 'distance_accuracy_value', 'NONE');
#550 = ORIENTED_EDGE ( 'NONE', *, *, #1578, .T. ) ;
#551 = VERTEX_POINT ( 'NONE', #523 ) ;
#552 = EDGE_CURVE ( 'NONE', #1833, #743, #1663, .T. ) ;
#553 = CARTESIAN_POINT ( 'NONE',  ( 3.500000000000000000, 0.5000000000000000000, -1.500000000000000000 ) ) ;
#554 = SURFACE_STYLE_USAGE ( .BOTH. , #2214 ) ;
#555 = FACE_OUTER_BOUND ( 'NONE', #1166, .T. ) ;
#556 = LINE ( 'NONE', #1093, #2542 ) ;
#557 = ORIENTED_EDGE ( 'NONE', *, *, #1432, .F. ) ;
#558 = VECTOR ( 'NONE', #1928, 1000.000000000000000 ) ;
#559 = LINE ( 'NONE', #2487, #938 ) ;
#560 = CARTESIAN_POINT ( 'NONE',  ( 0.6500000000000001332, 2.416106516836013185, -0.04999999999999883010 ) ) ;
#561 = CARTESIAN_POINT ( 'NONE',  ( 3.349999999999999645, 1.466106516836013451, 0.0000000000000000000 ) ) ;
#562 = ORIENTED_EDGE ( 'NONE', *, *, #1021, .F. ) ;
#563 = AXIS2_PLACEMENT_3D ( 'NONE', #3183, #3114, #3127 ) ;
#564 = DIRECTION ( 'NONE',  ( 0.0000000000000000000, 0.0000000000000000000, -1.000000000000000000 ) ) ;
#565 = DIRECTION ( 'NONE',  ( 1.000000000000000000, 0.0000000000000000000, -0.0000000000000000000 ) ) ;
#566 = VERTEX_POINT ( 'NONE', #3584 ) ;
#567 = ORIENTED_EDGE ( 'NONE', *, *, #1617, .T. ) ;
#568 = COLOUR_RGB ( '',0.8509803921568627194, 0.8509803921568627194, 0.8509803921568627194 ) ;
#569 = DIRECTION ( 'NONE',  ( 0.0000000000000000000, 0.8191520442889932418, -0.5735764363510440500 ) ) ;
#570 =( LENGTH_UNIT ( ) NAMED_UNIT ( * ) SI_UNIT ( .MILLI., .METRE. ) );
#571 = EDGE_CURVE ( 'NONE', #3363, #86, #2192, .T. ) ;
#572 = PRESENTATION_LAYER_ASSIGNMENT (  '', '', ( #2179 ) ) ;
#573 = FACE_OUTER_BOUND ( 'NONE', #3381, .T. ) ;
#574 = LINE ( 'NONE', #2777, #3619 ) ;
#575 = EDGE_CURVE ( 'NONE', #1529, #158, #3289, .T. ) ;
#576 = SURFACE_SIDE_STYLE ('',( #821 ) ) ;
#577 = VERTEX_POINT ( 'NONE', #3201 ) ;
#578 = CARTESIAN_POINT ( 'NONE',  ( 1.399999999999999911, 2.350000000000000089, -0.9000000000000002442 ) ) ;
#579 = LINE ( 'NONE', #2560, #1572 ) ;
#580 = SURFACE_SIDE_STYLE ('',( #2243 ) ) ;
#581 = PRESENTATION_LAYER_ASSIGNMENT (  '', '', ( #582 ) ) ;
#582 = STYLED_ITEM ( 'NONE', ( #1579 ), #2794 ) ;
#583 = DIRECTION ( 'NONE',  ( 0.0000000000000000000, 0.7071067811865414665, 0.7071067811865536790 ) ) ;
#584 = ORIENTED_EDGE ( 'NONE', *, *, #85, .T. ) ;
#585 = APPLICATION_CONTEXT ( 'automotive_design' ) ;
#586 = VECTOR ( 'NONE', #3141, 1000.000000000000000 ) ;
#587 = VECTOR ( 'NONE', #2490, 1000.000000000000000 ) ;
#588 = PRESENTATION_STYLE_ASSIGNMENT (( #625 ) ) ;
#589 = VERTEX_POINT ( 'NONE', #1911 ) ;
#590 = LINE ( 'NONE', #1731, #1172 ) ;
#591 = CARTESIAN_POINT ( 'NONE',  ( 3.349999999999999645, 0.5161065168360131628, -2.700000000000000178 ) ) ;
#592 = FILL_AREA_STYLE_COLOUR ( '', #2234 ) ;
#593 = ORIENTED_EDGE ( 'NONE', *, *, #202, .F. ) ;
#594 = CARTESIAN_POINT ( 'NONE',  ( 2.600000000000000089, 2.350000000000000089, -0.9000000000000002442 ) ) ;
#595 = EDGE_CURVE ( 'NONE', #1650, #376, #2977, .T. ) ;
#596 = FILL_AREA_STYLE ('',( #1806 ) ) ;
#597 = CARTESIAN_POINT ( 'NONE',  ( 0.7499999999999997780, 0.1000000000000000056, -4.814824860968089633E-32 ) ) ;
#598 = VECTOR ( 'NONE', #1963, 1000.000000000000000 ) ;
#599 = DIRECTION ( 'NONE',  ( 0.0000000000000000000, 1.000000000000000000, 0.0000000000000000000 ) ) ;
#600 = CARTESIAN_POINT ( 'NONE',  ( 0.4833333333333312831, 2.582773183502681480, 0.1166666666666664187 ) ) ;
#601 = ORIENTED_EDGE ( 'NONE', *, *, #2788, .T. ) ;
#602 = VERTEX_POINT ( 'NONE', #1656 ) ;
#603 = LINE ( 'NONE', #2020, #2452 ) ;
#604 = CARTESIAN_POINT ( 'NONE',  ( 2.600000000000000089, -0.04232549186178630185, -4.950000000000000178 ) ) ;
#605 = VERTEX_POINT ( 'NONE', #776 ) ;
#606 = CARTESIAN_POINT ( 'NONE',  ( 1.599999999999999867, 0.3245329449495911733, -4.250000000000000000 ) ) ;
#607 = DIRECTION ( 'NONE',  ( 1.000000000000000000, -0.0000000000000000000, -0.0000000000000000000 ) ) ;
#608 = LINE ( 'NONE', #2624, #161 ) ;
#609 = UNCERTAINTY_MEASURE_WITH_UNIT (LENGTH_MEASURE( 1.000000000000000082E-05 ), #570, 'distance_accuracy_value', 'NONE');
#610 = ORIENTED_EDGE ( 'NONE', *, *, #1158, .F. ) ;
#611 = CARTESIAN_POINT ( 'NONE',  ( 1.600000000000000089, 3.449999999999999734, -1.249999999999998890 ) ) ;
#612 = SHAPE_DEFINITION_REPRESENTATION ( #2299, #2096 ) ;
#613 = DIRECTION ( 'NONE',  ( 1.000000000000000000, -0.0000000000000000000, -0.0000000000000000000 ) ) ;
#614 = DIRECTION ( 'NONE',  ( 0.0000000000000000000, 1.000000000000000000, 0.0000000000000000000 ) ) ;
#615 = UNCERTAINTY_MEASURE_WITH_UNIT (LENGTH_MEASURE( 1.000000000000000082E-05 ), #1640, 'distance_accuracy_value', 'NONE');
#616 = EDGE_CURVE ( 'NONE', #2071, #421, #2495, .T. ) ;
#617 = PLANE ( 'NONE',  #3121 ) ;
#618 = VECTOR ( 'NONE', #2834, 1000.000000000000227 ) ;
#619 = CARTESIAN_POINT ( 'NONE',  ( 3.700000000000000178, 0.9999999999999997780, -0.5000000000000000000 ) ) ;
#620 = EDGE_CURVE ( 'NONE', #1376, #2928, #1593, .T. ) ;
#621 = CARTESIAN_POINT ( 'NONE',  ( 0.2500000000000000555, 2.416106516836013185, -2.700000000000000178 ) ) ;
#622 = ADVANCED_FACE ( 'NONE', ( #1364 ), #1631, .T. ) ;
#623 = ORIENTED_EDGE ( 'NONE', *, *, #2540, .T. ) ;
#624 =( GEOMETRIC_REPRESENTATION_CONTEXT ( 3 ) GLOBAL_UNCERTAINTY_ASSIGNED_CONTEXT ( ( #3335 ) ) GLOBAL_UNIT_ASSIGNED_CONTEXT ( ( #383, #931, #971 ) ) REPRESENTATION_CONTEXT ( 'NONE', 'WORKASPACE' ) );
#625 = SURFACE_STYLE_USAGE ( .BOTH. , #3110 ) ;
#626 = VECTOR ( 'NONE', #2384, 1000.000000000000000 ) ;
#627 = FACE_OUTER_BOUND ( 'NONE', #817, .T. ) ;
#628 =( NAMED_UNIT ( * ) SI_UNIT ( $, .STERADIAN. ) SOLID_ANGLE_UNIT ( ) );
#629 = SURFACE_STYLE_USAGE ( .BOTH. , #892 ) ;
#630 = PRESENTATION_LAYER_ASSIGNMENT (  '', '', ( #1278 ) ) ;
#631 = VERTEX_POINT ( 'NONE', #1031 ) ;
#632 = ORIENTED_EDGE ( 'NONE', *, *, #3515, .T. ) ;
#633 = DIRECTION ( 'NONE',  ( -0.0000000000000000000, 1.000000000000000000, 0.0000000000000000000 ) ) ;
#634 = LINE ( 'NONE', #948, #3147 ) ;
#635 = CARTESIAN_POINT ( 'NONE',  ( 3.700000000000000178, -0.07000000000000013156, -0.1938796242522536351 ) ) ;
#636 = DIRECTION ( 'NONE',  ( 0.0000000000000000000, -1.000000000000000000, 0.0000000000000000000 ) ) ;
#637 = ADVANCED_FACE ( 'NONE', ( #2717 ), #1890, .T. ) ;
#638 = PLANE ( 'NONE',  #2693 ) ;
#639 = SURFACE_STYLE_USAGE ( .BOTH. , #1714 ) ;
#640 = PLANE ( 'NONE',  #497 ) ;
#641 = COLOUR_RGB ( '',0.8509803921568627194, 0.8509803921568627194, 0.8509803921568627194 ) ;
#642 = VERTEX_POINT ( 'NONE', #2383 ) ;
#643 = ORIENTED_EDGE ( 'NONE', *, *, #4, .F. ) ;
#644 = EDGE_CURVE ( 'NONE', #2323, #1674, #2462, .T. ) ;
#645 = CARTESIAN_POINT ( 'NONE',  ( 3.700000000000000178, 0.1238796242522527818, 0.0000000000000000000 ) ) ;
#646 =( GEOMETRIC_REPRESENTATION_CONTEXT ( 3 ) GLOBAL_UNCERTAINTY_ASSIGNED_CONTEXT ( ( #950 ) ) GLOBAL_UNIT_ASSIGNED_CONTEXT ( ( #3061, #520, #1916 ) ) REPRESENTATION_CONTEXT ( 'NONE', 'WORKASPACE' ) );
#647 = AXIS2_PLACEMENT_3D ( 'NONE', #1586, #2967, #511 ) ;
#648 = DIRECTION ( 'NONE',  ( -0.0000000000000000000, -0.0000000000000000000, 1.000000000000000000 ) ) ;
#649 = EDGE_CURVE ( 'NONE', #743, #3091, #1518, .T. ) ;
#650 = DIRECTION ( 'NONE',  ( -0.0000000000000000000, 1.000000000000000000, 1.192877748288698639E-17 ) ) ;
#651 =( NAMED_UNIT ( * ) PLANE_ANGLE_UNIT ( ) SI_UNIT ( $, .RADIAN. ) );
#652 = MECHANICAL_DESIGN_GEOMETRIC_PRESENTATION_REPRESENTATION (  '', ( #763 ), #2187 ) ;
#653 = VERTEX_POINT ( 'NONE', #123 ) ;
#654 = VERTEX_POINT ( 'NONE', #3482 ) ;
#655 = SURFACE_SIDE_STYLE ('',( #3167 ) ) ;
#656 = PRODUCT_CONTEXT ( 'NONE', #3428, 'mechanical' ) ;
#657 = CARTESIAN_POINT ( 'NONE',  ( 1.600000000000000089, 0.2576745081382136870, -4.331925126797040448 ) ) ;
#658 = DIRECTION ( 'NONE',  ( 1.000000000000000000, 0.0000000000000000000, -0.0000000000000000000 ) ) ;
#659 = VECTOR ( 'NONE', #2621, 1000.000000000000114 ) ;
#660 = DIRECTION ( 'NONE',  ( 2.168404344971008868E-16, -1.000000000000000000, 0.0000000000000000000 ) ) ;
#661 = SURFACE_SIDE_STYLE ('',( #1119 ) ) ;
#662 = EDGE_LOOP ( 'NONE', ( #1558, #1896, #81, #2460, #3174, #701, #985, #2231, #765, #2990, #2118, #2779 ) ) ;
#663 = ORIENTED_EDGE ( 'NONE', *, *, #2215, .T. ) ;
#664 = EDGE_CURVE ( 'NONE', #2715, #3336, #2101, .T. ) ;
#665 = ORIENTED_EDGE ( 'NONE', *, *, #2697, .F. ) ;
#666 =( NAMED_UNIT ( * ) PLANE_ANGLE_UNIT ( ) SI_UNIT ( $, .RADIAN. ) );
#667 = CARTESIAN_POINT ( 'NONE',  ( 3.700000000000000178, -0.07000000000000011768, -1.329999999999998961 ) ) ;
#668 = DIRECTION ( 'NONE',  ( 0.0000000000000000000, 0.6322674225171868168, 0.7747502219576791749 ) ) ;
#669 = EDGE_CURVE ( 'NONE', #3031, #2396, #1713, .T. ) ;
#670 = ORIENTED_EDGE ( 'NONE', *, *, #3226, .T. ) ;
#671 = VERTEX_POINT ( 'NONE', #45 ) ;
#672 = LINE ( 'NONE', #445, #1956 ) ;
#673 = PLANE ( 'NONE',  #2864 ) ;
#674 = CARTESIAN_POINT ( 'NONE',  ( 3.500000000000000000, 0.5000000000000000000, -1.500000000000000000 ) ) ;
#675 = VERTEX_POINT ( 'NONE', #1743 ) ;
#676 = CARTESIAN_POINT ( 'NONE',  ( 3.350000000000000089, 2.916106516836013185, -2.700000000000000178 ) ) ;
#677 = ORIENTED_EDGE ( 'NONE', *, *, #2165, .F. ) ;
#678 = VECTOR ( 'NONE', #3312, 999.9999999999998863 ) ;
#679 = ORIENTED_EDGE ( 'NONE', *, *, #381, .F. ) ;
#680 = FILL_AREA_STYLE_COLOUR ( '', #217 ) ;
#681 = AXIS2_PLACEMENT_3D ( 'NONE', #1530, #2091, #3214 ) ;
#682 = UNCERTAINTY_MEASURE_WITH_UNIT (LENGTH_MEASURE( 1.000000000000000082E-05 ), #263, 'distance_accuracy_value', 'NONE');
#683 = ORIENTED_EDGE ( 'NONE', *, *, #1228, .T. ) ;
#684 = VECTOR ( 'NONE', #3169, 1000.000000000000000 ) ;
#685 = COLOUR_RGB ( '',0.8509803921568627194, 0.8509803921568627194, 0.8509803921568627194 ) ;
#686 = PLANE ( 'NONE',  #2412 ) ;
#687 = ADVANCED_FACE ( 'NONE', ( #2552 ), #1728, .T. ) ;
#688 = SURFACE_STYLE_USAGE ( .BOTH. , #1331 ) ;
#689 = STYLED_ITEM ( 'NONE', ( #3021 ), #1595 ) ;
#690 = ORIENTED_EDGE ( 'NONE', *, *, #1887, .F. ) ;
#691 = DIRECTION ( 'NONE',  ( 0.0000000000000000000, 1.192877748288698639E-17, -1.000000000000000000 ) ) ;
#692 = COLOUR_RGB ( '',0.8509803921568627194, 0.8509803921568627194, 0.8509803921568627194 ) ;
#693 = DIRECTION ( 'NONE',  ( 0.0000000000000000000, 0.7747502219576795079, -0.6322674225171864837 ) ) ;
#694 = EDGE_CURVE ( 'NONE', #1484, #2282, #2532, .T. ) ;
#695 = PLANE ( 'NONE',  #2837 ) ;
#696 = ORIENTED_EDGE ( 'NONE', *, *, #2832, .T. ) ;
#697 = DIRECTION ( 'NONE',  ( 0.0000000000000000000, 0.8191520442889926867, 0.5735764363510449382 ) ) ;
#698 =( NAMED_UNIT ( * ) SI_UNIT ( $, .STERADIAN. ) SOLID_ANGLE_UNIT ( ) );
#699 = DIRECTION ( 'NONE',  ( 0.0000000000000000000, 0.0000000000000000000, -1.000000000000000000 ) ) ;
#700 = ORIENTED_EDGE ( 'NONE', *, *, #296, .T. ) ;
#701 = ORIENTED_EDGE ( 'NONE', *, *, #1849, .T. ) ;
#702 = CARTESIAN_POINT ( 'NONE',  ( 3.250000000000000888, 0.1000000000000000056, -2.999999999999999556 ) ) ;
#703 = ORIENTED_EDGE ( 'NONE', *, *, #3392, .F. ) ;
#704 = DIRECTION ( 'NONE',  ( 0.0000000000000000000, 0.0000000000000000000, 1.000000000000000000 ) ) ;
#705 = CARTESIAN_POINT ( 'NONE',  ( 0.2500000000000000555, 2.416106516836013185, -2.700000000000000178 ) ) ;
#706 = ORIENTED_EDGE ( 'NONE', *, *, #1224, .F. ) ;
#707 = EDGE_LOOP ( 'NONE', ( #3343, #2210, #3115, #3412 ) ) ;
#708 = EDGE_CURVE ( 'NONE', #2928, #631, #2304, .T. ) ;
#709 = PLANE ( 'NONE',  #2833 ) ;
#710 = VECTOR ( 'NONE', #2089, 1000.000000000000000 ) ;
#711 = LINE ( 'NONE', #747, #3161 ) ;
#712 = VERTEX_POINT ( 'NONE', #886 ) ;
#713 = EDGE_CURVE ( 'NONE', #13, #2906, #603, .T. ) ;
#714 = CARTESIAN_POINT ( 'NONE',  ( 3.500000000000000000, 0.4999999999999997780, -0.5000000000000000000 ) ) ;
#715 = SURFACE_SIDE_STYLE ('',( #2403 ) ) ;
#716 = LINE ( 'NONE', #1847, #2993 ) ;
#717 = EDGE_CURVE ( 'NONE', #1212, #2702, #332, .T. ) ;
#718 = ORIENTED_EDGE ( 'NONE', *, *, #3005, .T. ) ;
#719 = DIRECTION ( 'NONE',  ( 1.000000000000000000, 0.0000000000000000000, -0.0000000000000000000 ) ) ;
#720 = VECTOR ( 'NONE', #599, 1000.000000000000000 ) ;
#721 = VECTOR ( 'NONE', #1704, 1000.000000000000000 ) ;
#722 = FACE_OUTER_BOUND ( 'NONE', #2293, .T. ) ;
#723 = DIRECTION ( 'NONE',  ( 0.0000000000000000000, 0.0000000000000000000, 1.000000000000000000 ) ) ;
#724 = PLANE ( 'NONE',  #3496 ) ;
#725 = VERTEX_POINT ( 'NONE', #286 ) ;
#726 = VERTEX_POINT ( 'NONE', #2316 ) ;
#727 = DIRECTION ( 'NONE',  ( 0.0000000000000000000, -0.0000000000000000000, -1.000000000000000000 ) ) ;
#728 = CARTESIAN_POINT ( 'NONE',  ( 0.6500000000000000222, 2.916106516836013185, -0.04999999999999883010 ) ) ;
#729 = DIRECTION ( 'NONE',  ( 0.0000000000000000000, -0.7071067811865414665, 0.7071067811865536790 ) ) ;
#730 = ORIENTED_EDGE ( 'NONE', *, *, #3587, .T. ) ;
#731 = FACE_OUTER_BOUND ( 'NONE', #828, .T. ) ;
#732 = EDGE_CURVE ( 'NONE', #822, #1833, #3347, .T. ) ;
#733 = CARTESIAN_POINT ( 'NONE',  ( 2.600000000000000089, 2.350000000000000089, -2.700000000000000178 ) ) ;
#734 = ORIENTED_EDGE ( 'NONE', *, *, #1343, .F. ) ;
#735 = VERTEX_POINT ( 'NONE', #1973 ) ;
#736 = EDGE_CURVE ( 'NONE', #1727, #822, #535, .T. ) ;
#737 = LINE ( 'NONE', #2972, #42 ) ;
#738 = EDGE_CURVE ( 'NONE', #1852, #2817, #2790, .T. ) ;
#739 = VECTOR ( 'NONE', #2391, 1000.000000000000000 ) ;
#740 = ORIENTED_EDGE ( 'NONE', *, *, #2025, .T. ) ;
#741 =( GEOMETRIC_REPRESENTATION_CONTEXT ( 3 ) GLOBAL_UNCERTAINTY_ASSIGNED_CONTEXT ( ( #329 ) ) GLOBAL_UNIT_ASSIGNED_CONTEXT ( ( #1959, #2273, #291 ) ) REPRESENTATION_CONTEXT ( 'NONE', 'WORKASPACE' ) );
#742 = FILL_AREA_STYLE ('',( #2431 ) ) ;
#743 = VERTEX_POINT ( 'NONE', #3368 ) ;
#744 = STYLED_ITEM ( 'NONE', ( #1708 ), #1008 ) ;
#745 = ORIENTED_EDGE ( 'NONE', *, *, #2283, .F. ) ;
#746 = PRESENTATION_LAYER_ASSIGNMENT (  '', '', ( #1034 ) ) ;
#747 = CARTESIAN_POINT ( 'NONE',  ( 2.400000000000000355, 0.0000000000000000000, -4.250000000000000000 ) ) ;
#748 = AXIS2_PLACEMENT_3D ( 'NONE', #2637, #111, #2367 ) ;
#749 = VERTEX_POINT ( 'NONE', #3620 ) ;
#750 = VECTOR ( 'NONE', #607, 1000.000000000000000 ) ;
#751 = DIRECTION ( 'NONE',  ( 0.0000000000000000000, 0.0000000000000000000, -1.000000000000000000 ) ) ;
#752 =( NAMED_UNIT ( * ) PLANE_ANGLE_UNIT ( ) SI_UNIT ( $, .RADIAN. ) );
#753 = ADVANCED_FACE ( 'NONE', ( #1402 ), #850, .F. ) ;
#754 = EDGE_LOOP ( 'NONE', ( #3420, #3322, #2980, #2944 ) ) ;
#755 = FACE_BOUND ( 'NONE', #2610, .T. ) ;
#756 = EDGE_LOOP ( 'NONE', ( #2239, #1780, #1043, #3059 ) ) ;
#757 = ADVANCED_FACE ( 'NONE', ( #1990 ), #3092, .F. ) ;
#758 = FACE_OUTER_BOUND ( 'NONE', #3579, .T. ) ;
#759 = PRESENTATION_STYLE_ASSIGNMENT (( #477 ) ) ;
#760 = DIRECTION ( 'NONE',  ( -0.0000000000000000000, -0.0000000000000000000, 1.000000000000000000 ) ) ;
#761 = DIRECTION ( 'NONE',  ( 1.000000000000000000, 0.0000000000000000000, -0.0000000000000000000 ) ) ;
#762 = ORIENTED_EDGE ( 'NONE', *, *, #3306, .F. ) ;
#763 = STYLED_ITEM ( 'NONE', ( #2126 ), #2453 ) ;
#764 =( LENGTH_UNIT ( ) NAMED_UNIT ( * ) SI_UNIT ( .MILLI., .METRE. ) );
#765 = ORIENTED_EDGE ( 'NONE', *, *, #1412, .T. ) ;
#766 = PRESENTATION_LAYER_ASSIGNMENT (  '', '', ( #467 ) ) ;
#767 = DIRECTION ( 'NONE',  ( 0.0000000000000000000, 1.000000000000000000, 0.0000000000000000000 ) ) ;
#768 = CARTESIAN_POINT ( 'NONE',  ( 1.600000000000000089, 1.950000000000000178, -0.9000000000000002442 ) ) ;
#769 = DIRECTION ( 'NONE',  ( -0.5773502691896267303, -0.5773502691896302830, 0.5773502691896204020 ) ) ;
#770 = MECHANICAL_DESIGN_GEOMETRIC_PRESENTATION_REPRESENTATION (  '', ( #1725 ), #2249 ) ;
#771 = VERTEX_POINT ( 'NONE', #1834 ) ;
#772 = DIRECTION ( 'NONE',  ( 1.000000000000000000, -0.0000000000000000000, -0.0000000000000000000 ) ) ;
#773 = ORIENTED_EDGE ( 'NONE', *, *, #2585, .F. ) ;
#774 = VECTOR ( 'NONE', #2789, 1000.000000000000000 ) ;
#775 = LINE ( 'NONE', #1769, #952 ) ;
#776 = CARTESIAN_POINT ( 'NONE',  ( 0.3000000000000000444, 0.2938796242522527802, 4.618682850527476679E-20 ) ) ;
#777 = DIRECTION ( 'NONE',  ( -1.000000000000000000, 0.0000000000000000000, 0.0000000000000000000 ) ) ;
#778 = LINE ( 'NONE', #3017, #1446 ) ;
#779 = ADVANCED_FACE ( 'NONE', ( #937 ), #1213, .T. ) ;
#780 = PRODUCT_DEFINITION_FORMATION_WITH_SPECIFIED_SOURCE ( 'ANY', '', #3422, .NOT_KNOWN. ) ;
#781 = ORIENTED_EDGE ( 'NONE', *, *, #1975, .T. ) ;
#782 = SURFACE_SIDE_STYLE ('',( #1954 ) ) ;
#783 = CARTESIAN_POINT ( 'NONE',  ( 0.2500000000000000555, 2.416106516836013185, -2.700000000000000178 ) ) ;
#784 = PLANE ( 'NONE',  #1409 ) ;
#785 = EDGE_CURVE ( 'NONE', #2374, #2658, #1778, .T. ) ;
#786 = ORIENTED_EDGE ( 'NONE', *, *, #894, .T. ) ;
#787 = DIRECTION ( 'NONE',  ( 0.0000000000000000000, 0.0000000000000000000, -1.000000000000000000 ) ) ;
#788 = PLANE ( 'NONE',  #1189 ) ;
#789 = DIRECTION ( 'NONE',  ( 1.000000000000000000, 0.0000000000000000000, 0.0000000000000000000 ) ) ;
#790 = VERTEX_POINT ( 'NONE', #369 ) ;
#791 = UNCERTAINTY_MEASURE_WITH_UNIT (LENGTH_MEASURE( 1.000000000000000082E-05 ), #1871, 'distance_accuracy_value', 'NONE');
#792 = EDGE_LOOP ( 'NONE', ( #2871, #2849, #2037, #1521, #1610, #2070, #1180 ) ) ;
#793 = CARTESIAN_POINT ( 'NONE',  ( 0.2500000000000001665, 1.516106516836013052, -0.04999999999999883010 ) ) ;
#794 = CARTESIAN_POINT ( 'NONE',  ( 3.500000000000000000, 0.3519398121261264056, -0.08291854158314553025 ) ) ;
#795 = CARTESIAN_POINT ( 'NONE',  ( 0.0000000000000000000, 1.700000000000000178, -3.750000000000000000 ) ) ;
#796 = VECTOR ( 'NONE', #1951, 1000.000000000000000 ) ;
#797 = ORIENTED_EDGE ( 'NONE', *, *, #1471, .T. ) ;
#798 = DIRECTION ( 'NONE',  ( 1.000000000000000000, 0.0000000000000000000, 0.0000000000000000000 ) ) ;
#799 = VECTOR ( 'NONE', #60, 1000.000000000000227 ) ;
#800 = CARTESIAN_POINT ( 'NONE',  ( 4.000000000000000000, 3.200000000000000178, 0.0000000000000000000 ) ) ;
#801 = DIRECTION ( 'NONE',  ( 0.0000000000000000000, 2.168404344971008868E-16, -1.000000000000000000 ) ) ;
#802 =( GEOMETRIC_REPRESENTATION_CONTEXT ( 3 ) GLOBAL_UNCERTAINTY_ASSIGNED_CONTEXT ( ( #2615 ) ) GLOBAL_UNIT_ASSIGNED_CONTEXT ( ( #2660, #2117, #1469 ) ) REPRESENTATION_CONTEXT ( 'NONE', 'WORKASPACE' ) );
#803 = MECHANICAL_DESIGN_GEOMETRIC_PRESENTATION_REPRESENTATION (  '', ( #330 ), #3314 ) ;
#804 = ORIENTED_EDGE ( 'NONE', *, *, #1948, .T. ) ;
#805 = ADVANCED_FACE ( 'NONE', ( #2677 ), #960, .T. ) ;
#806 = DIRECTION ( 'NONE',  ( 0.0000000000000000000, 0.0000000000000000000, -1.000000000000000000 ) ) ;
#807 = AXIS2_PLACEMENT_3D ( 'NONE', #1941, #1964, #1099 ) ;
#808 = LINE ( 'NONE', #2225, #3557 ) ;
#809 = FILL_AREA_STYLE ('',( #3318 ) ) ;
#810 =( GEOMETRIC_REPRESENTATION_CONTEXT ( 3 ) GLOBAL_UNCERTAINTY_ASSIGNED_CONTEXT ( ( #539 ) ) GLOBAL_UNIT_ASSIGNED_CONTEXT ( ( #3413, #987, #2124 ) ) REPRESENTATION_CONTEXT ( 'NONE', 'WORKASPACE' ) );
#811 = EDGE_LOOP ( 'NONE', ( #160, #2059, #2940, #2674 ) ) ;
#812 = FACE_OUTER_BOUND ( 'NONE', #1112, .T. ) ;
#813 = ORIENTED_EDGE ( 'NONE', *, *, #2433, .F. ) ;
#814 = CARTESIAN_POINT ( 'NONE',  ( 4.000000000000000000, 0.0000000000000000000, -3.250000000000000000 ) ) ;
#815 = CARTESIAN_POINT ( 'NONE',  ( 3.700000000000000178, 0.7719398121261263901, -0.08291854158314547474 ) ) ;
#816 = CARTESIAN_POINT ( 'NONE',  ( 0.0000000000000000000, 0.1000000000000000056, -3.975601157859501189 ) ) ;
#817 = EDGE_LOOP ( 'NONE', ( #1742, #59, #1401, #12 ) ) ;
#818 = DIRECTION ( 'NONE',  ( 0.0000000000000000000, -0.0000000000000000000, 1.000000000000000000 ) ) ;
#819 = DIRECTION ( 'NONE',  ( -1.000000000000000000, 0.0000000000000000000, 0.0000000000000000000 ) ) ;
#820 = LINE ( 'NONE', #1684, #17 ) ;
#821 = SURFACE_STYLE_FILL_AREA ( #840 ) ;
#822 = VERTEX_POINT ( 'NONE', #3193 ) ;
#823 = DIRECTION ( 'NONE',  ( 0.0000000000000000000, 0.0000000000000000000, 1.000000000000000000 ) ) ;
#824 =( NAMED_UNIT ( * ) PLANE_ANGLE_UNIT ( ) SI_UNIT ( $, .RADIAN. ) );
#825 = LINE ( 'NONE', #561, #1503 ) ;
#826 = COLOUR_RGB ( '',0.8509803921568627194, 0.8509803921568627194, 0.8509803921568627194 ) ;
#827 = VECTOR ( 'NONE', #1101, 1000.000000000000000 ) ;
#828 = EDGE_LOOP ( 'NONE', ( #2701, #3573, #1162, #264 ) ) ;
#829 = FILL_AREA_STYLE_COLOUR ( '', #1329 ) ;
#830 = VECTOR ( 'NONE', #3133, 1000.000000000000114 ) ;
#831 = UNCERTAINTY_MEASURE_WITH_UNIT (LENGTH_MEASURE( 1.000000000000000082E-05 ), #2897, 'distance_accuracy_value', 'NONE');
#832 = EDGE_CURVE ( 'NONE', #434, #2400, #2038, .T. ) ;
#833 = ORIENTED_EDGE ( 'NONE', *, *, #1451, .T. ) ;
#834 = DIRECTION ( 'NONE',  ( 0.0000000000000000000, -0.5735764363510440500, -0.8191520442889931308 ) ) ;
#835 = SURFACE_SIDE_STYLE ('',( #1404 ) ) ;
#836 = AXIS2_PLACEMENT_3D ( 'NONE', #942, #1083, #1676 ) ;
#837 = DIRECTION ( 'NONE',  ( -1.204669080539449344E-16, 1.000000000000000000, 0.0000000000000000000 ) ) ;
#838 = PLANE ( 'NONE',  #3099 ) ;
#839 = FACE_OUTER_BOUND ( 'NONE', #811, .T. ) ;
#840 = FILL_AREA_STYLE ('',( #258 ) ) ;
#841 = EDGE_LOOP ( 'NONE', ( #2835, #1785, #2141, #1352 ) ) ;
#842 = CARTESIAN_POINT ( 'NONE',  ( 0.3000000000000000444, 0.2938796242522527802, 4.618682850527476679E-20 ) ) ;
#843 = DIRECTION ( 'NONE',  ( 1.000000000000000000, 0.0000000000000000000, 0.0000000000000000000 ) ) ;
#844 = DIRECTION ( 'NONE',  ( -1.000000000000000000, -0.0000000000000000000, -0.0000000000000000000 ) ) ;
#845 = VERTEX_POINT ( 'NONE', #1760 ) ;
#846 = ADVANCED_FACE ( 'NONE', ( #2872 ), #3455, .T. ) ;
#847 = DIRECTION ( 'NONE',  ( 1.000000000000000000, 0.0000000000000000000, -0.0000000000000000000 ) ) ;
#848 = ORIENTED_EDGE ( 'NONE', *, *, #1004, .T. ) ;
#849 = ORIENTED_EDGE ( 'NONE', *, *, #1224, .T. ) ;
#850 = PLANE ( 'NONE',  #3030 ) ;
#851 = LINE ( 'NONE', #478, #2922 ) ;
#852 = LINE ( 'NONE', #18, #1416 ) ;
#853 = PRESENTATION_LAYER_ASSIGNMENT (  '', '', ( #3490 ) ) ;
#854 =( NAMED_UNIT ( * ) SI_UNIT ( $, .STERADIAN. ) SOLID_ANGLE_UNIT ( ) );
#855 = LINE ( 'NONE', #32, #68 ) ;
#856 = LINE ( 'NONE', #1698, #3029 ) ;
#857 = ORIENTED_EDGE ( 'NONE', *, *, #3492, .T. ) ;
#858 = SURFACE_STYLE_FILL_AREA ( #3130 ) ;
#859 = CARTESIAN_POINT ( 'NONE',  ( 1.600000000000000089, 3.449999999999999734, -1.729999999999998872 ) ) ;
#860 = CARTESIAN_POINT ( 'NONE',  ( 3.500000000000000000, 0.1238796242522527818, 0.0000000000000000000 ) ) ;
#861 = COLOUR_RGB ( '',0.9882352941176471006, 1.000000000000000000, 0.8431372549019607865 ) ;
#862 = EDGE_LOOP ( 'NONE', ( #915, #2499, #456, #1307 ) ) ;
#863 = MECHANICAL_DESIGN_GEOMETRIC_PRESENTATION_REPRESENTATION (  '', ( #2406 ), #2634 ) ;
#864 = VECTOR ( 'NONE', #3459, 1000.000000000000000 ) ;
#865 = CARTESIAN_POINT ( 'NONE',  ( 4.000000000000000000, 1.700000000000000178, 0.0000000000000000000 ) ) ;
#866 = FILL_AREA_STYLE_COLOUR ( '', #2041 ) ;
#867 = VECTOR ( 'NONE', #126, 1000.000000000000000 ) ;
#868 = ORIENTED_EDGE ( 'NONE', *, *, #2218, .F. ) ;
#869 = FILL_AREA_STYLE ('',( #1452 ) ) ;
#870 = PLANE ( 'NONE',  #1437 ) ;
#871 = ADVANCED_FACE ( 'NONE', ( #755, #1652, #2152 ), #1609, .F. ) ;
#872 = VERTEX_POINT ( 'NONE', #2186 ) ;
#873 = CARTESIAN_POINT ( 'NONE',  ( 1.599999999999999867, 0.1000000000000000056, -4.250000000000000000 ) ) ;
#874 = PRESENTATION_STYLE_ASSIGNMENT (( #2893 ) ) ;
#875 = UNCERTAINTY_MEASURE_WITH_UNIT (LENGTH_MEASURE( 1.000000000000000082E-05 ), #2246, 'distance_accuracy_value', 'NONE');
#876 = EDGE_CURVE ( 'NONE', #316, #1816, #737, .T. ) ;
#877 = ORIENTED_EDGE ( 'NONE', *, *, #2937, .F. ) ;
#878 = PLANE ( 'NONE',  #1115 ) ;
#879 = CARTESIAN_POINT ( 'NONE',  ( 3.500000000000000000, 0.1000000000000000056, -1.500000000000000000 ) ) ;
#880 = LINE ( 'NONE', #2015, #177 ) ;
#881 = FILL_AREA_STYLE_COLOUR ( '', #3294 ) ;
#882 = CARTESIAN_POINT ( 'NONE',  ( 4.000000000000000000, 0.1000000000000000056, -4.250000000000000000 ) ) ;
#883 = PRESENTATION_LAYER_ASSIGNMENT (  '', '', ( #2477 ) ) ;
#884 = ORIENTED_EDGE ( 'NONE', *, *, #2874, .T. ) ;
#885 = VECTOR ( 'NONE', #1813, 1000.000000000000000 ) ;
#886 = CARTESIAN_POINT ( 'NONE',  ( 0.6500000000000000222, 2.916106516836013185, -0.04999999999999969746 ) ) ;
#887 = DIRECTION ( 'NONE',  ( 1.734723475976806848E-16, 0.0000000000000000000, -1.000000000000000000 ) ) ;
#888 = ORIENTED_EDGE ( 'NONE', *, *, #244, .T. ) ;
#889 = CARTESIAN_POINT ( 'NONE',  ( 1.399999999999999911, 2.350000000000000089, -2.700000000000000178 ) ) ;
#890 = DIRECTION ( 'NONE',  ( 0.0000000000000000000, -0.0000000000000000000, 1.000000000000000000 ) ) ;
#891 = EDGE_CURVE ( 'NONE', #1466, #3031, #2440, .T. ) ;
#892 = SURFACE_SIDE_STYLE ('',( #3410 ) ) ;
#893 = FILL_AREA_STYLE ('',( #903 ) ) ;
#894 = EDGE_CURVE ( 'NONE', #1759, #359, #2208, .T. ) ;
#895 = EDGE_CURVE ( 'NONE', #2469, #1194, #1045, .T. ) ;
#896 = DIRECTION ( 'NONE',  ( 0.0000000000000000000, 1.000000000000000000, 0.0000000000000000000 ) ) ;
#897 = FILL_AREA_STYLE_COLOUR ( '', #3235 ) ;
#898 = ORIENTED_EDGE ( 'NONE', *, *, #1867, .T. ) ;
#899 = DIRECTION ( 'NONE',  ( -0.0000000000000000000, 0.0000000000000000000, -1.000000000000000000 ) ) ;
#900 = DIRECTION ( 'NONE',  ( 0.0000000000000000000, 0.0000000000000000000, -1.000000000000000000 ) ) ;
#901 = ORIENTED_EDGE ( 'NONE', *, *, #2150, .F. ) ;
#902 = EDGE_CURVE ( 'NONE', #935, #3375, #474, .T. ) ;
#903 = FILL_AREA_STYLE_COLOUR ( '', #61 ) ;
#904 = CARTESIAN_POINT ( 'NONE',  ( 3.700000000000000178, -0.07000000000000011768, -1.329999999999998961 ) ) ;
#905 = SURFACE_SIDE_STYLE ('',( #1169 ) ) ;
#906 = AXIS2_PLACEMENT_3D ( 'NONE', #3159, #1453, #2021 ) ;
#907 = EDGE_CURVE ( 'NONE', #3200, #3034, #2409, .T. ) ;
#908 = CARTESIAN_POINT ( 'NONE',  ( 0.2500000000000001665, 1.516106516836013052, -2.700000000000000178 ) ) ;
#909 = AXIS2_PLACEMENT_3D ( 'NONE', #1148, #2290, #1936 ) ;
#910 = DIRECTION ( 'NONE',  ( -0.0000000000000000000, -0.0000000000000000000, 1.000000000000000000 ) ) ;
#911 = SURFACE_STYLE_FILL_AREA ( #3432 ) ;
#912 = AXIS2_PLACEMENT_3D ( 'NONE', #2991, #515, #458 ) ;
#914 = ADVANCED_FACE ( 'NONE', ( #1063 ), #1324, .F. ) ;
#913 = MECHANICAL_DESIGN_GEOMETRIC_PRESENTATION_REPRESENTATION (  '', ( #1034 ), #390 ) ;
#915 = ORIENTED_EDGE ( 'NONE', *, *, #1716, .F. ) ;
#916 = ORIENTED_EDGE ( 'NONE', *, *, #1653, .F. ) ;
#917 = SURFACE_STYLE_USAGE ( .BOTH. , #1507 ) ;
#918 = VECTOR ( 'NONE', #3575, 1000.000000000000000 ) ;
#919 = DIRECTION ( 'NONE',  ( -0.5773502691896290617, 0.5773502691896290617, -0.5773502691896190697 ) ) ;
#920 = ORIENTED_EDGE ( 'NONE', *, *, #708, .T. ) ;
#921 = VECTOR ( 'NONE', #2648, 1000.000000000000000 ) ;
#922 = SURFACE_SIDE_STYLE ('',( #1820 ) ) ;
#923 = CARTESIAN_POINT ( 'NONE',  ( 0.5000000000000000000, -0.07000000000000011768, -1.329999999999998961 ) ) ;
#924 =( LENGTH_UNIT ( ) NAMED_UNIT ( * ) SI_UNIT ( .MILLI., .METRE. ) );
#925 = VECTOR ( 'NONE', #252, 1000.000000000000000 ) ;
#926 = ORIENTED_EDGE ( 'NONE', *, *, #1873, .T. ) ;
#927 = PLANE ( 'NONE',  #1291 ) ;
#928 =( NAMED_UNIT ( * ) SI_UNIT ( $, .STERADIAN. ) SOLID_ANGLE_UNIT ( ) );
#929 = PLANE ( 'NONE',  #2814 ) ;
#930 = SURFACE_SIDE_STYLE ('',( #1106 ) ) ;
#931 =( NAMED_UNIT ( * ) PLANE_ANGLE_UNIT ( ) SI_UNIT ( $, .RADIAN. ) );
#932 = PRESENTATION_STYLE_ASSIGNMENT (( #639 ) ) ;
#933 = ADVANCED_FACE ( 'NONE', ( #3013 ), #191, .T. ) ;
#934 = VECTOR ( 'NONE', #3275, 1000.000000000000000 ) ;
#935 = VERTEX_POINT ( 'NONE', #1868 ) ;
#936 = VERTEX_POINT ( 'NONE', #3246 ) ;
#937 = FACE_OUTER_BOUND ( 'NONE', #2279, .T. ) ;
#938 = VECTOR ( 'NONE', #2818, 1000.000000000000000 ) ;
#939 = EDGE_CURVE ( 'NONE', #2080, #2374, #492, .T. ) ;
#940 = DIRECTION ( 'NONE',  ( 1.000000000000000000, -0.0000000000000000000, 1.445602896647339163E-16 ) ) ;
#941 = AXIS2_PLACEMENT_3D ( 'NONE', #1357, #2163, #1923 ) ;
#942 = CARTESIAN_POINT ( 'NONE',  ( 3.350000000000000089, 2.916106516836013185, -0.04999999999999883010 ) ) ;
#943 = CARTESIAN_POINT ( 'NONE',  ( 0.3000000000000000444, 0.7719398121261263901, -0.08291854158314547474 ) ) ;
#944 = SURFACE_SIDE_STYLE ('',( #1491 ) ) ;
#945 = COLOUR_RGB ( '',0.8509803921568627194, 0.8509803921568627194, 0.8509803921568627194 ) ;
#946 = ORIENTED_EDGE ( 'NONE', *, *, #2459, .T. ) ;
#947 = CARTESIAN_POINT ( 'NONE',  ( 4.000000000000000000, 0.5000000000000000000, -1.500000000000000000 ) ) ;
#948 = CARTESIAN_POINT ( 'NONE',  ( 0.3000000000000000444, -0.07000000000000011768, -1.329999999999998961 ) ) ;
#949 = CARTESIAN_POINT ( 'NONE',  ( 2.400000000000000355, 2.350000000000000089, -2.700000000000000178 ) ) ;
#950 = UNCERTAINTY_MEASURE_WITH_UNIT (LENGTH_MEASURE( 1.000000000000000082E-05 ), #3061, 'distance_accuracy_value', 'NONE');
#951 = ORIENTED_EDGE ( 'NONE', *, *, #717, .T. ) ;
#952 = VECTOR ( 'NONE', #660, 1000.000000000000000 ) ;
#953 = LINE ( 'NONE', #2016, #2842 ) ;
#954 = FILL_AREA_STYLE ('',( #1208 ) ) ;
#955 = FILL_AREA_STYLE_COLOUR ( '', #1058 ) ;
#956 = DIRECTION ( 'NONE',  ( 0.0000000000000000000, 0.0000000000000000000, 1.000000000000000000 ) ) ;
#957 = ORIENTED_EDGE ( 'NONE', *, *, #2932, .T. ) ;
#958 = EDGE_CURVE ( 'NONE', #2197, #2886, #2712, .T. ) ;
#959 = ORIENTED_EDGE ( 'NONE', *, *, #2540, .F. ) ;
#960 = PLANE ( 'NONE',  #681 ) ;
#961 = LINE ( 'NONE', #1532, #739 ) ;
#962 = VERTEX_POINT ( 'NONE', #3232 ) ;
#963 = EDGE_CURVE ( 'NONE', #790, #654, #1345, .T. ) ;
#964 = CARTESIAN_POINT ( 'NONE',  ( 3.350000000000000089, 2.916106516836013185, -2.700000000000000178 ) ) ;
#965 = ORIENTED_EDGE ( 'NONE', *, *, #1716, .T. ) ;
#966 = EDGE_LOOP ( 'NONE', ( #3456, #2045, #442, #1265 ) ) ;
#967 = FILL_AREA_STYLE ('',( #2914 ) ) ;
#968 = DIRECTION ( 'NONE',  ( 0.0000000000000000000, 0.0000000000000000000, -1.000000000000000000 ) ) ;
#969 = ORIENTED_EDGE ( 'NONE', *, *, #229, .T. ) ;
#970 = FACE_OUTER_BOUND ( 'NONE', #2090, .T. ) ;
#971 =( NAMED_UNIT ( * ) SI_UNIT ( $, .STERADIAN. ) SOLID_ANGLE_UNIT ( ) );
#972 = DIRECTION ( 'NONE',  ( 0.0000000000000000000, 0.0000000000000000000, -1.000000000000000000 ) ) ;
#973 = VECTOR ( 'NONE', #1012, 1000.000000000000000 ) ;
#974 = FACE_OUTER_BOUND ( 'NONE', #1306, .T. ) ;
#975 = EDGE_LOOP ( 'NONE', ( #2140, #1344, #703, #562 ) ) ;
#976 = PRESENTATION_STYLE_ASSIGNMENT (( #1817 ) ) ;
#977 = EDGE_CURVE ( 'NONE', #654, #86, #3032, .T. ) ;
#978 =( GEOMETRIC_REPRESENTATION_CONTEXT ( 3 ) GLOBAL_UNCERTAINTY_ASSIGNED_CONTEXT ( ( #1670 ) ) GLOBAL_UNIT_ASSIGNED_CONTEXT ( ( #2095, #2926, #3218 ) ) REPRESENTATION_CONTEXT ( 'NONE', 'WORKASPACE' ) );
#979 = ORIENTED_EDGE ( 'NONE', *, *, #649, .T. ) ;
#980 = VECTOR ( 'NONE', #910, 1000.000000000000000 ) ;
#981 = VECTOR ( 'NONE', #2387, 1000.000000000000000 ) ;
#982 = ADVANCED_FACE ( 'NONE', ( #1566 ), #2474, .F. ) ;
#983 =( GEOMETRIC_REPRESENTATION_CONTEXT ( 3 ) GLOBAL_UNCERTAINTY_ASSIGNED_CONTEXT ( ( #1454 ) ) GLOBAL_UNIT_ASSIGNED_CONTEXT ( ( #764, #465, #446 ) ) REPRESENTATION_CONTEXT ( 'NONE', 'WORKASPACE' ) );
#984 = ORIENTED_EDGE ( 'NONE', *, *, #2125, .F. ) ;
#985 = ORIENTED_EDGE ( 'NONE', *, *, #1549, .T. ) ;
#986 = FACE_OUTER_BOUND ( 'NONE', #3245, .T. ) ;
#987 =( NAMED_UNIT ( * ) PLANE_ANGLE_UNIT ( ) SI_UNIT ( $, .RADIAN. ) );
#988 = CARTESIAN_POINT ( 'NONE',  ( 3.700000000000000178, -0.07000000000000011768, -1.329999999999998961 ) ) ;
#989 = EDGE_CURVE ( 'NONE', #589, #544, #3364, .T. ) ;
#990 = ORIENTED_EDGE ( 'NONE', *, *, #2263, .T. ) ;
#991 = LINE ( 'NONE', #1584, #3065 ) ;
#992 = CARTESIAN_POINT ( 'NONE',  ( 1.399999999999999911, 1.950000000000000178, -0.9000000000000002442 ) ) ;
#993 = LINE ( 'NONE', #453, #2657 ) ;
#994 = UNCERTAINTY_MEASURE_WITH_UNIT (LENGTH_MEASURE( 1.000000000000000082E-05 ), #2997, 'distance_accuracy_value', 'NONE');
#995 = ORIENTED_EDGE ( 'NONE', *, *, #595, .T. ) ;
#996 = ORIENTED_EDGE ( 'NONE', *, *, #1672, .F. ) ;
#997 = DIRECTION ( 'NONE',  ( 0.0000000000000000000, 0.7071067811865414665, 0.7071067811865536790 ) ) ;
#998 = VECTOR ( 'NONE', #1150, 1000.000000000000000 ) ;
#999 = DIRECTION ( 'NONE',  ( -1.000000000000000000, -2.168404344971009115E-16, 0.0000000000000000000 ) ) ;
#1000 = AXIS2_PLACEMENT_3D ( 'NONE', #1397, #2528, #1443 ) ;
#1001 = ORIENTED_EDGE ( 'NONE', *, *, #2165, .T. ) ;
#1002 = ORIENTED_EDGE ( 'NONE', *, *, #2635, .F. ) ;
#1003 = DIRECTION ( 'NONE',  ( 0.0000000000000000000, -1.000000000000000000, 0.0000000000000000000 ) ) ;
#1004 = EDGE_CURVE ( 'NONE', #92, #2715, #2510, .T. ) ;
#1005 = CARTESIAN_POINT ( 'NONE',  ( 3.500000000000000000, 0.0000000000000000000, 0.0000000000000000000 ) ) ;
#1006 = VERTEX_POINT ( 'NONE', #3323 ) ;
#1007 = ADVANCED_FACE ( 'NONE', ( #1739 ), #3383, .T. ) ;
#1008 = ADVANCED_FACE ( 'NONE', ( #812 ), #1431, .F. ) ;
#1009 =( LENGTH_UNIT ( ) NAMED_UNIT ( * ) SI_UNIT ( .MILLI., .METRE. ) );
#1010 = FACE_OUTER_BOUND ( 'NONE', #2986, .T. ) ;
#1011 = FACE_OUTER_BOUND ( 'NONE', #1410, .T. ) ;
#1012 = DIRECTION ( 'NONE',  ( 0.0000000000000000000, 0.0000000000000000000, -1.000000000000000000 ) ) ;
#1013 = ORIENTED_EDGE ( 'NONE', *, *, #902, .T. ) ;
#1014 = DIRECTION ( 'NONE',  ( -0.0000000000000000000, -0.7071067811865487940, 0.7071067811865463515 ) ) ;
#1015 = VERTEX_POINT ( 'NONE', #40 ) ;
#1016 = DIRECTION ( 'NONE',  ( 0.0000000000000000000, 0.0000000000000000000, 1.000000000000000000 ) ) ;
#1017 =( LENGTH_UNIT ( ) NAMED_UNIT ( * ) SI_UNIT ( .MILLI., .METRE. ) );
#1018 = FILL_AREA_STYLE ('',( #1253 ) ) ;
#1019 = EDGE_LOOP ( 'NONE', ( #3166, #2763, #3248, #926 ) ) ;
#1020 = CARTESIAN_POINT ( 'NONE',  ( 1.600000000000000089, 3.200000000000000178, -1.000000000000000000 ) ) ;
#1021 = EDGE_CURVE ( 'NONE', #675, #726, #1154, .T. ) ;
#1022 = CARTESIAN_POINT ( 'NONE',  ( 2.400000000000000355, 3.200000000000000178, -1.000000000000000000 ) ) ;
#1023 = DIRECTION ( 'NONE',  ( -4.818676322157797375E-16, -1.000000000000000000, 0.0000000000000000000 ) ) ;
#1024 = CARTESIAN_POINT ( 'NONE',  ( 3.500000000000000000, -0.07000000000000013156, -0.1938796242522536351 ) ) ;
#1025 = EDGE_CURVE ( 'NONE', #3018, #3200, #2784, .T. ) ;
#1026 = EDGE_LOOP ( 'NONE', ( #3050, #3212, #848, #1506 ) ) ;
#1027 = DIRECTION ( 'NONE',  ( -0.0000000000000000000, 0.0000000000000000000, 1.000000000000000000 ) ) ;
#1028 = PRESENTATION_LAYER_ASSIGNMENT (  '', '', ( #279 ) ) ;
#1029 = ORIENTED_EDGE ( 'NONE', *, *, #438, .F. ) ;
#1030 = PLANE ( 'NONE',  #1066 ) ;
#1031 = CARTESIAN_POINT ( 'NONE',  ( 2.400000000000000355, -0.04232549186178630185, -4.150000000000000355 ) ) ;
#1032 = LINE ( 'NONE', #705, #2354 ) ;
#1033 = ORIENTED_EDGE ( 'NONE', *, *, #2033, .T. ) ;
#1034 = STYLED_ITEM ( 'NONE', ( #391 ), #44 ) ;
#1035 = LINE ( 'NONE', #3019, #3282 ) ;
#1036 = CARTESIAN_POINT ( 'NONE',  ( 0.6500000000000001332, 0.5161065168360131628, -2.700000000000000178 ) ) ;
#1037 = CARTESIAN_POINT ( 'NONE',  ( 1.399999999999999911, 0.2576745081382136870, -4.331925126797040448 ) ) ;
#1038 = VECTOR ( 'NONE', #1374, 1000.000000000000000 ) ;
#1039 = LINE ( 'NONE', #1921, #3165 ) ;
#1040 = PLANE ( 'NONE',  #1395 ) ;
#1041 = LINE ( 'NONE', #2183, #3581 ) ;
#1042 = MECHANICAL_DESIGN_GEOMETRIC_PRESENTATION_REPRESENTATION (  '', ( #3038 ), #401 ) ;
#1043 = ORIENTED_EDGE ( 'NONE', *, *, #989, .T. ) ;
#1044 = EDGE_CURVE ( 'NONE', #605, #1988, #2229, .T. ) ;
#1045 = LINE ( 'NONE', #245, #502 ) ;
#1046 = ADVANCED_FACE ( 'NONE', ( #1673 ), #265, .F. ) ;
#1047 = FILL_AREA_STYLE ('',( #2755 ) ) ;
#1048 = EDGE_CURVE ( 'NONE', #1301, #675, #345, .T. ) ;
#1049 = CARTESIAN_POINT ( 'NONE',  ( 0.5000000000000000000, 0.1238796242522527818, 0.0000000000000000000 ) ) ;
#1050 = CARTESIAN_POINT ( 'NONE',  ( 0.3000000000000000444, 0.7719398121261263901, -0.08291854158314547474 ) ) ;
#1051 = FILL_AREA_STYLE ('',( #3330 ) ) ;
#1052 = ORIENTED_EDGE ( 'NONE', *, *, #1274, .F. ) ;
#1053 = VECTOR ( 'NONE', #3064, 1000.000000000000000 ) ;
#1054 = CARTESIAN_POINT ( 'NONE',  ( 0.7500000000000001110, 0.0000000000000000000, -3.000000000000000000 ) ) ;
#1055 = PRESENTATION_LAYER_ASSIGNMENT (  '', '', ( #3518 ) ) ;
#1056 = DIRECTION ( 'NONE',  ( 0.0000000000000000000, 1.000000000000000000, 0.0000000000000000000 ) ) ;
#1057 = VERTEX_POINT ( 'NONE', #3135 ) ;
#1058 = COLOUR_RGB ( '',0.8509803921568627194, 0.8509803921568627194, 0.8509803921568627194 ) ;
#1059 = LINE ( 'NONE', #526, #2785 ) ;
#1060 = CARTESIAN_POINT ( 'NONE',  ( 4.000000000000000000, 3.200000000000000178, -3.250000000000000000 ) ) ;
#1061 = LINE ( 'NONE', #2205, #587 ) ;
#1062 = ORIENTED_EDGE ( 'NONE', *, *, #669, .F. ) ;
#1063 = FACE_OUTER_BOUND ( 'NONE', #1802, .T. ) ;
#1064 = ADVANCED_FACE ( 'NONE', ( #3415 ), #2088, .T. ) ;
#1065 = ORIENTED_EDGE ( 'NONE', *, *, #3492, .F. ) ;
#1066 = AXIS2_PLACEMENT_3D ( 'NONE', #3566, #2191, #3288 ) ;
#1067 = PRESENTATION_STYLE_ASSIGNMENT (( #1655 ) ) ;
#1068 = DIRECTION ( 'NONE',  ( 0.0000000000000000000, -1.000000000000000000, 0.0000000000000000000 ) ) ;
#1069 = CARTESIAN_POINT ( 'NONE',  ( 0.6000000000000000888, 2.916106516836013185, 0.0000000000000000000 ) ) ;
#1070 =( NAMED_UNIT ( * ) SI_UNIT ( $, .STERADIAN. ) SOLID_ANGLE_UNIT ( ) );
#1071 = VECTOR ( 'NONE', #1983, 1000.000000000000000 ) ;
#1072 = EDGE_CURVE ( 'NONE', #2483, #70, #3171, .T. ) ;
#1073 = CARTESIAN_POINT ( 'NONE',  ( 0.0000000000000000000, 0.4999999999999997780, -0.5000000000000000000 ) ) ;
#1074 = LINE ( 'NONE', #308, #1886 ) ;
#1075 = CARTESIAN_POINT ( 'NONE',  ( 0.6500000000000001332, 0.5161065168360131628, -2.700000000000000178 ) ) ;
#1076 = VERTEX_POINT ( 'NONE', #1447 ) ;
#1077 = LINE ( 'NONE', #3082, #1953 ) ;
#1078 =( NAMED_UNIT ( * ) SI_UNIT ( $, .STERADIAN. ) SOLID_ANGLE_UNIT ( ) );
#1079 = FACE_OUTER_BOUND ( 'NONE', #3531, .T. ) ;
#1080 = DIRECTION ( 'NONE',  ( 1.000000000000000000, 0.0000000000000000000, -0.0000000000000000000 ) ) ;
#1081 = UNCERTAINTY_MEASURE_WITH_UNIT (LENGTH_MEASURE( 1.000000000000000082E-05 ), #2158, 'distance_accuracy_value', 'NONE');
#1082 = ORIENTED_EDGE ( 'NONE', *, *, #2768, .F. ) ;
#1083 = DIRECTION ( 'NONE',  ( 0.0000000000000000000, -0.7071067811865414665, 0.7071067811865536790 ) ) ;
#1084 = DIRECTION ( 'NONE',  ( -0.0000000000000000000, 0.0000000000000000000, -1.000000000000000000 ) ) ;
#1085 = SURFACE_STYLE_USAGE ( .BOTH. , #3621 ) ;
#1086 = EDGE_CURVE ( 'NONE', #1238, #178, #2582, .T. ) ;
#1087 = FILL_AREA_STYLE_COLOUR ( '', #2684 ) ;
#1088 = AXIS2_PLACEMENT_3D ( 'NONE', #2269, #3371, #1992 ) ;
#1089 = ORIENTED_EDGE ( 'NONE', *, *, #2545, .T. ) ;
#1090 =( GEOMETRIC_REPRESENTATION_CONTEXT ( 3 ) GLOBAL_UNCERTAINTY_ASSIGNED_CONTEXT ( ( #2843 ) ) GLOBAL_UNIT_ASSIGNED_CONTEXT ( ( #3190, #3229, #433 ) ) REPRESENTATION_CONTEXT ( 'NONE', 'WORKASPACE' ) );
#1091 = SURFACE_STYLE_USAGE ( .BOTH. , #2219 ) ;
#1092 = EDGE_CURVE ( 'NONE', #2640, #2352, #2035, .T. ) ;
#1093 = CARTESIAN_POINT ( 'NONE',  ( 0.0000000000000000000, 0.9999999999999997780, -0.5000000000000000000 ) ) ;
#1094 = CARTESIAN_POINT ( 'NONE',  ( 0.7499999999999997780, 0.0000000000000000000, -4.814824860968089633E-32 ) ) ;
#1095 = VERTEX_POINT ( 'NONE', #76 ) ;
#1096 = LINE ( 'NONE', #842, #2830 ) ;
#1097 = PLANE ( 'NONE',  #545 ) ;
#1098 = VECTOR ( 'NONE', #769, 1000.000000000000000 ) ;
#1099 = DIRECTION ( 'NONE',  ( -1.084202172485504434E-16, 0.0000000000000000000, 1.000000000000000000 ) ) ;
#1100 = EDGE_CURVE ( 'NONE', #566, #712, #1191, .T. ) ;
#1101 = DIRECTION ( 'NONE',  ( 1.000000000000000000, 0.0000000000000000000, 0.0000000000000000000 ) ) ;
#1102 = VECTOR ( 'NONE', #1825, 1000.000000000000000 ) ;
#1103 = ORIENTED_EDGE ( 'NONE', *, *, #2932, .F. ) ;
#1104 =( GEOMETRIC_REPRESENTATION_CONTEXT ( 3 ) GLOBAL_UNCERTAINTY_ASSIGNED_CONTEXT ( ( #2363 ) ) GLOBAL_UNIT_ASSIGNED_CONTEXT ( ( #1017, #2662, #2120 ) ) REPRESENTATION_CONTEXT ( 'NONE', 'WORKASPACE' ) );
#1105 = ORIENTED_EDGE ( 'NONE', *, *, #2838, .T. ) ;
#1106 = SURFACE_STYLE_FILL_AREA ( #3618 ) ;
#1107 = CARTESIAN_POINT ( 'NONE',  ( 0.6500000000000001332, 1.516106516836013052, -2.700000000000000178 ) ) ;
#1108 = FILL_AREA_STYLE_COLOUR ( '', #2426 ) ;
#1109 = CARTESIAN_POINT ( 'NONE',  ( 0.0000000000000000000, -0.0000000000000000000, -3.250000000000000000 ) ) ;
#1110 = CARTESIAN_POINT ( 'NONE',  ( 0.5000000000000000000, 0.1000000000000000056, -1.500000000000000000 ) ) ;
#1111 =( GEOMETRIC_REPRESENTATION_CONTEXT ( 3 ) GLOBAL_UNCERTAINTY_ASSIGNED_CONTEXT ( ( #3284 ) ) GLOBAL_UNIT_ASSIGNED_CONTEXT ( ( #1789, #107, #1460 ) ) REPRESENTATION_CONTEXT ( 'NONE', 'WORKASPACE' ) );
#1112 = EDGE_LOOP ( 'NONE', ( #1981, #877, #1118, #1287 ) ) ;
#1113 = ADVANCED_FACE ( 'NONE', ( #2054 ), #638, .T. ) ;
#1114 = LINE ( 'NONE', #2543, #260 ) ;
#1115 = AXIS2_PLACEMENT_3D ( 'NONE', #2294, #293, #321 ) ;
#1116 = DIRECTION ( 'NONE',  ( 0.0000000000000000000, 0.0000000000000000000, 1.000000000000000000 ) ) ;
#1117 = PLANE ( 'NONE',  #2427 ) ;
#1118 = ORIENTED_EDGE ( 'NONE', *, *, #334, .F. ) ;
#1119 = SURFACE_STYLE_FILL_AREA ( #1377 ) ;
#1120 = VECTOR ( 'NONE', #2272, 1000.000000000000000 ) ;
#1121 = ORIENTED_EDGE ( 'NONE', *, *, #3587, .F. ) ;
#1122 = DIRECTION ( 'NONE',  ( -0.0000000000000000000, 0.0000000000000000000, 1.000000000000000000 ) ) ;
#1123 = LINE ( 'NONE', #2496, #3331 ) ;
#1124 = PLANE ( 'NONE',  #212 ) ;
#1125 = AXIS2_PLACEMENT_3D ( 'NONE', #3196, #1853, #1534 ) ;
#1126 = ORIENTED_EDGE ( 'NONE', *, *, #3510, .T. ) ;
#1127 = DIRECTION ( 'NONE',  ( -1.000000000000000000, 0.0000000000000000000, 0.0000000000000000000 ) ) ;
#1128 = DIRECTION ( 'NONE',  ( 0.0000000000000000000, 0.0000000000000000000, 1.000000000000000000 ) ) ;
#1129 = FACE_OUTER_BOUND ( 'NONE', #3407, .T. ) ;
#1130 = ORIENTED_EDGE ( 'NONE', *, *, #1649, .F. ) ;
#1131 = FILL_AREA_STYLE_COLOUR ( '', #1231 ) ;
#1132 = LINE ( 'NONE', #547, #2550 ) ;
#1133 = FILL_AREA_STYLE_COLOUR ( '', #2113 ) ;
#1134 = LINE ( 'NONE', #297, #827 ) ;
#1135 = EDGE_CURVE ( 'NONE', #466, #2483, #1560, .T. ) ;
#1136 = ORIENTED_EDGE ( 'NONE', *, *, #1551, .T. ) ;
#1137 = FILL_AREA_STYLE ('',( #3106 ) ) ;
#1138 = EDGE_CURVE ( 'NONE', #13, #1994, #1860, .T. ) ;
#1139 = CARTESIAN_POINT ( 'NONE',  ( 1.399999999999999911, 1.950000000000000178, -0.9000000000000002442 ) ) ;
#1140 = EDGE_LOOP ( 'NONE', ( #3493, #1338, #643, #3160 ) ) ;
#1141 =( NAMED_UNIT ( * ) SI_UNIT ( $, .STERADIAN. ) SOLID_ANGLE_UNIT ( ) );
#1142 = ADVANCED_FACE ( 'NONE', ( #731 ), #1040, .T. ) ;
#1143 = FILL_AREA_STYLE ('',( #29 ) ) ;
#1144 = CARTESIAN_POINT ( 'NONE',  ( 3.700000000000000178, 0.1000000000000000056, -1.500000000000000000 ) ) ;
#1145 = VECTOR ( 'NONE', #148, 1000.000000000000000 ) ;
#1146 = PLANE ( 'NONE',  #2974 ) ;
#1147 = CARTESIAN_POINT ( 'NONE',  ( 3.349999999999999645, 1.516106516836013052, -2.700000000000000178 ) ) ;
#1148 = CARTESIAN_POINT ( 'NONE',  ( 4.000000000000000000, 0.0000000000000000000, -3.750000000000000000 ) ) ;
#1149 = ORIENTED_EDGE ( 'NONE', *, *, #3337, .T. ) ;
#1150 = DIRECTION ( 'NONE',  ( -0.0000000000000000000, -0.0000000000000000000, -1.000000000000000000 ) ) ;
#1151 = LINE ( 'NONE', #3359, #3093 ) ;
#1152 = PRESENTATION_LAYER_ASSIGNMENT (  '', '', ( #2343 ) ) ;
#1153 = AXIS2_PLACEMENT_3D ( 'NONE', #1984, #2261, #2820 ) ;
#1154 = LINE ( 'NONE', #3071, #389 ) ;
#1155 = DIRECTION ( 'NONE',  ( -1.000000000000000000, 0.0000000000000000000, 0.0000000000000000000 ) ) ;
#1156 = AXIS2_PLACEMENT_3D ( 'NONE', #2959, #3003, #144 ) ;
#1157 = ORIENTED_EDGE ( 'NONE', *, *, #2809, .T. ) ;
#1158 = EDGE_CURVE ( 'NONE', #1988, #3031, #1882, .T. ) ;
#1159 = ORIENTED_EDGE ( 'NONE', *, *, #62, .T. ) ;
#1160 = VECTOR ( 'NONE', #210, 1000.000000000000000 ) ;
#1161 = EDGE_CURVE ( 'NONE', #340, #399, #470, .T. ) ;
#1162 = ORIENTED_EDGE ( 'NONE', *, *, #1471, .F. ) ;
#1163 = EDGE_CURVE ( 'NONE', #3524, #1988, #2129, .T. ) ;
#1164 = CARTESIAN_POINT ( 'NONE',  ( 1.399999999999999911, 2.350000000000000089, -0.9000000000000002442 ) ) ;
#1165 = LINE ( 'NONE', #3182, #285 ) ;
#1166 = EDGE_LOOP ( 'NONE', ( #797, #2423, #593, #3051 ) ) ;
#1167 = PLANE ( 'NONE',  #3222 ) ;
#1168 = CARTESIAN_POINT ( 'NONE',  ( 2.400000000000000355, 1.950000000000000178, -0.9000000000000002442 ) ) ;
#1169 = SURFACE_STYLE_FILL_AREA ( #2085 ) ;
#1170 = VECTOR ( 'NONE', #767, 1000.000000000000000 ) ;
#1171 = CARTESIAN_POINT ( 'NONE',  ( 4.000000000000000000, 2.700000000000000178, -3.250000000000000000 ) ) ;
#1172 = VECTOR ( 'NONE', #2024, 1000.000000000000000 ) ;
#1173 = CARTESIAN_POINT ( 'NONE',  ( 2.600000000000000089, -0.04232549186178630185, -4.150000000000000355 ) ) ;
#1174 = UNCERTAINTY_MEASURE_WITH_UNIT (LENGTH_MEASURE( 1.000000000000000082E-05 ), #26, 'distance_accuracy_value', 'NONE');
#1175 = EDGE_LOOP ( 'NONE', ( #1193, #2887, #2424, #121 ) ) ;
#1176 = ORIENTED_EDGE ( 'NONE', *, *, #2218, .T. ) ;
#1177 =( GEOMETRIC_REPRESENTATION_CONTEXT ( 3 ) GLOBAL_UNCERTAINTY_ASSIGNED_CONTEXT ( ( #2171 ) ) GLOBAL_UNIT_ASSIGNED_CONTEXT ( ( #3010, #752, #1904 ) ) REPRESENTATION_CONTEXT ( 'NONE', 'WORKASPACE' ) );
#1178 = CARTESIAN_POINT ( 'NONE',  ( 2.600000000000000089, 2.350000000000000089, -0.9000000000000002442 ) ) ;
#1179 =( NAMED_UNIT ( * ) PLANE_ANGLE_UNIT ( ) SI_UNIT ( $, .RADIAN. ) );
#1180 = ORIENTED_EDGE ( 'NONE', *, *, #2033, .F. ) ;
#1181 = LINE ( 'NONE', #3408, #1464 ) ;
#1182 = DIRECTION ( 'NONE',  ( 0.0000000000000000000, -2.168404344971008868E-16, 1.000000000000000000 ) ) ;
#1183 = EDGE_CURVE ( 'NONE', #712, #1733, #1284, .T. ) ;
#1184 = ORIENTED_EDGE ( 'NONE', *, *, #2308, .F. ) ;
#1185 =( NAMED_UNIT ( * ) PLANE_ANGLE_UNIT ( ) SI_UNIT ( $, .RADIAN. ) );
#1186 = VECTOR ( 'NONE', #3035, 1000.000000000000000 ) ;
#1187 = CARTESIAN_POINT ( 'NONE',  ( 0.2500000000000000555, 2.416106516836013185, -0.04999999999999883010 ) ) ;
#1188 = PLANE ( 'NONE',  #305 ) ;
#1189 = AXIS2_PLACEMENT_3D ( 'NONE', #3377, #1667, #5 ) ;
#1190 = DIRECTION ( 'NONE',  ( 1.000000000000000000, 0.0000000000000000000, 0.0000000000000000000 ) ) ;
#1191 = LINE ( 'NONE', #3431, #980 ) ;
#1192 = PLANE ( 'NONE',  #941 ) ;
#1193 = ORIENTED_EDGE ( 'NONE', *, *, #1183, .T. ) ;
#1194 = VERTEX_POINT ( 'NONE', #1060 ) ;
#1195 = FILL_AREA_STYLE ('',( #2039 ) ) ;
#1196 = ORIENTED_EDGE ( 'NONE', *, *, #488, .T. ) ;
#1197 = DIRECTION ( 'NONE',  ( 0.0000000000000000000, 1.000000000000000000, 0.0000000000000000000 ) ) ;
#1198 = CARTESIAN_POINT ( 'NONE',  ( 1.600000000000000089, -0.04232549186178630185, -4.950000000000000178 ) ) ;
#1199 = ORIENTED_EDGE ( 'NONE', *, *, #1975, .F. ) ;
#1200 = DIRECTION ( 'NONE',  ( 1.000000000000000000, 0.0000000000000000000, 0.0000000000000000000 ) ) ;
#1201 = EDGE_CURVE ( 'NONE', #134, #671, #3278, .T. ) ;
#1202 = FILL_AREA_STYLE_COLOUR ( '', #1680 ) ;
#1203 = LINE ( 'NONE', #398, #50 ) ;
#1204 = DIRECTION ( 'NONE',  ( 1.000000000000000000, 0.0000000000000000000, 0.0000000000000000000 ) ) ;
#1205 = COLOUR_RGB ( '',0.8509803921568627194, 0.8509803921568627194, 0.8509803921568627194 ) ;
#1206 = EDGE_CURVE ( 'NONE', #376, #1239, #2420, .T. ) ;
#1207 = MECHANICAL_DESIGN_GEOMETRIC_PRESENTATION_REPRESENTATION (  '', ( #439 ), #741 ) ;
#1208 = FILL_AREA_STYLE_COLOUR ( '', #2811 ) ;
#1209 = CARTESIAN_POINT ( 'NONE',  ( 3.700000000000000178, 0.4999999999999997780, -0.5000000000000000000 ) ) ;
#1210 = CARTESIAN_POINT ( 'NONE',  ( 2.600000000000000089, -0.04232549186178630185, -4.950000000000000178 ) ) ;
#1211 = VECTOR ( 'NONE', #2175, 1000.000000000000227 ) ;
#1212 = VERTEX_POINT ( 'NONE', #2948 ) ;
#1213 = PLANE ( 'NONE',  #2049 ) ;
#1214 = VECTOR ( 'NONE', #3009, 1000.000000000000000 ) ;
#1215 = PLANE ( 'NONE',  #3500 ) ;
#1216 = STYLED_ITEM ( 'NONE', ( #3078 ), #1615 ) ;
#1217 = PLANE ( 'NONE',  #836 ) ;
#1218 = PLANE ( 'NONE',  #225 ) ;
#1219 = PRESENTATION_LAYER_ASSIGNMENT (  '', '', ( #1878 ) ) ;
#1220 = ORIENTED_EDGE ( 'NONE', *, *, #2589, .F. ) ;
#1221 = PRESENTATION_STYLE_ASSIGNMENT (( #162 ) ) ;
#1222 = LINE ( 'NONE', #342, #867 ) ;
#1223 = CARTESIAN_POINT ( 'NONE',  ( 0.3000000000000000444, 0.0000000000000000000, 0.0000000000000000000 ) ) ;
#1224 = EDGE_CURVE ( 'NONE', #749, #2486, #1622, .T. ) ;
#1225 = PRESENTATION_STYLE_ASSIGNMENT (( #2329 ) ) ;
#1226 = LINE ( 'NONE', #676, #354 ) ;
#1227 = DIRECTION ( 'NONE',  ( 0.0000000000000000000, -1.000000000000000000, 0.0000000000000000000 ) ) ;
#1228 = EDGE_CURVE ( 'NONE', #771, #935, #221, .T. ) ;
#1229 = ORIENTED_EDGE ( 'NONE', *, *, #3226, .F. ) ;
#1230 = ORIENTED_EDGE ( 'NONE', *, *, #1293, .F. ) ;
#1231 = COLOUR_RGB ( '',0.9882352941176471006, 1.000000000000000000, 0.8431372549019607865 ) ;
#1232 = VECTOR ( 'NONE', #395, 1000.000000000000000 ) ;
#1233 =( GEOMETRIC_REPRESENTATION_CONTEXT ( 3 ) GLOBAL_UNCERTAINTY_ASSIGNED_CONTEXT ( ( #1908 ) ) GLOBAL_UNIT_ASSIGNED_CONTEXT ( ( #3485, #2111, #698 ) ) REPRESENTATION_CONTEXT ( 'NONE', 'WORKASPACE' ) );
#1234 = PRESENTATION_STYLE_ASSIGNMENT (( #3181 ) ) ;
#1235 = CARTESIAN_POINT ( 'NONE',  ( 3.700000000000000178, 0.3519398121261264056, -0.08291854158314553025 ) ) ;
#1236 = LINE ( 'NONE', #1748, #2632 ) ;
#1237 = PRESENTATION_LAYER_ASSIGNMENT (  '', '', ( #1777 ) ) ;
#1238 = VERTEX_POINT ( 'NONE', #2935 ) ;
#1239 = VERTEX_POINT ( 'NONE', #417 ) ;
#1240 = LINE ( 'NONE', #3186, #46 ) ;
#1241 = SURFACE_SIDE_STYLE ('',( #1942 ) ) ;
#1242 = ORIENTED_EDGE ( 'NONE', *, *, #2568, .T. ) ;
#1243 = VECTOR ( 'NONE', #648, 1000.000000000000000 ) ;
#1244 = SURFACE_STYLE_USAGE ( .BOTH. , #661 ) ;
#1245 =( GEOMETRIC_REPRESENTATION_CONTEXT ( 3 ) GLOBAL_UNCERTAINTY_ASSIGNED_CONTEXT ( ( #831 ) ) GLOBAL_UNIT_ASSIGNED_CONTEXT ( ( #2897, #2839, #928 ) ) REPRESENTATION_CONTEXT ( 'NONE', 'WORKASPACE' ) );
#1246 = SURFACE_STYLE_FILL_AREA ( #2709 ) ;
#1247 = ORIENTED_EDGE ( 'NONE', *, *, #135, .T. ) ;
#1248 = ORIENTED_EDGE ( 'NONE', *, *, #1672, .T. ) ;
#1249 = EDGE_CURVE ( 'NONE', #1733, #3363, #1259, .T. ) ;
#1250 = VERTEX_POINT ( 'NONE', #2671 ) ;
#1251 = ADVANCED_FACE ( 'NONE', ( #1010 ), #146, .T. ) ;
#1252 = FACE_OUTER_BOUND ( 'NONE', #1510, .T. ) ;
#1253 = FILL_AREA_STYLE_COLOUR ( '', #685 ) ;
#1254 = EDGE_LOOP ( 'NONE', ( #2475, #1841, #3613, #2896 ) ) ;
#1255 = LINE ( 'NONE', #122, #3559 ) ;
#1256 = SURFACE_SIDE_STYLE ('',( #163 ) ) ;
#1257 = ORIENTED_EDGE ( 'NONE', *, *, #3601, .T. ) ;
#1258 = DIRECTION ( 'NONE',  ( -0.0000000000000000000, -0.0000000000000000000, -1.000000000000000000 ) ) ;
#1259 = LINE ( 'NONE', #1542, #3442 ) ;
#1260 = CARTESIAN_POINT ( 'NONE',  ( 4.000000000000000000, 2.700000000000000178, 0.0000000000000000000 ) ) ;
#1261 = STYLED_ITEM ( 'NONE', ( #588 ), #266 ) ;
#1262 = CARTESIAN_POINT ( 'NONE',  ( 0.6000000000000007550, 1.516106516836013052, 0.0000000000000000000 ) ) ;
#1263 = ORIENTED_EDGE ( 'NONE', *, *, #3453, .F. ) ;
#1264 = PRESENTATION_LAYER_ASSIGNMENT (  '', '', ( #1865 ) ) ;
#1265 = ORIENTED_EDGE ( 'NONE', *, *, #3604, .F. ) ;
#1266 = DIRECTION ( 'NONE',  ( 0.0000000000000000000, 0.2696299255199748335, -0.9629640197141806635 ) ) ;
#1267 = STYLED_ITEM ( 'NONE', ( #1288 ), #982 ) ;
#1268 = EDGE_CURVE ( 'NONE', #1727, #94, #579, .T. ) ;
#1269 =( LENGTH_UNIT ( ) NAMED_UNIT ( * ) SI_UNIT ( .MILLI., .METRE. ) );
#1270 = COLOUR_RGB ( '',0.8509803921568627194, 0.8509803921568627194, 0.8509803921568627194 ) ;
#1271 = EDGE_CURVE ( 'NONE', #2906, #475, #2544, .T. ) ;
#1272 =( NAMED_UNIT ( * ) SI_UNIT ( $, .STERADIAN. ) SOLID_ANGLE_UNIT ( ) );
#1273 = MECHANICAL_DESIGN_GEOMETRIC_PRESENTATION_REPRESENTATION (  '', ( #3265 ), #810 ) ;
#1274 = EDGE_CURVE ( 'NONE', #845, #1290, #3316, .T. ) ;
#1275 = VERTEX_POINT ( 'NONE', #1668 ) ;
#1276 = ORIENTED_EDGE ( 'NONE', *, *, #1163, .T. ) ;
#1277 = CARTESIAN_POINT ( 'NONE',  ( 0.5000000000000000000, 0.9999999999999997780, -0.5000000000000000000 ) ) ;
#1278 = STYLED_ITEM ( 'NONE', ( #2093 ), #1807 ) ;
#1279 = DIRECTION ( 'NONE',  ( 0.0000000000000000000, -0.0000000000000000000, -1.000000000000000000 ) ) ;
#1280 = FILL_AREA_STYLE ('',( #1919 ) ) ;
#1281 = ADVANCED_FACE ( 'NONE', ( #3399 ), #1922, .T. ) ;
#1282 = ORIENTED_EDGE ( 'NONE', *, *, #1161, .T. ) ;
#1283 = LINE ( 'NONE', #1902, #1424 ) ;
#1284 = LINE ( 'NONE', #2182, #3616 ) ;
#1285 = CARTESIAN_POINT ( 'NONE',  ( 3.750000000000000000, 1.516106516836013052, -2.700000000000000178 ) ) ;
#1286 = PLANE ( 'NONE',  #2167 ) ;
#1287 = ORIENTED_EDGE ( 'NONE', *, *, #3389, .T. ) ;
#1288 = PRESENTATION_STYLE_ASSIGNMENT (( #172 ) ) ;
#1289 =( NAMED_UNIT ( * ) SI_UNIT ( $, .STERADIAN. ) SOLID_ANGLE_UNIT ( ) );
#1290 = VERTEX_POINT ( 'NONE', #3084 ) ;
#1291 = AXIS2_PLACEMENT_3D ( 'NONE', #611, #633, #2341 ) ;
#1292 =( LENGTH_UNIT ( ) NAMED_UNIT ( * ) SI_UNIT ( .MILLI., .METRE. ) );
#1293 = EDGE_CURVE ( 'NONE', #3195, #134, #1151, .T. ) ;
#1294 = PLANE ( 'NONE',  #43 ) ;
#1295 = ORIENTED_EDGE ( 'NONE', *, *, #24, .T. ) ;
#1296 = VERTEX_POINT ( 'NONE', #295 ) ;
#1297 = DIRECTION ( 'NONE',  ( -0.0000000000000000000, 1.000000000000000000, -0.0000000000000000000 ) ) ;
#1298 = VECTOR ( 'NONE', #823, 1000.000000000000000 ) ;
#1299 = EDGE_CURVE ( 'NONE', #1776, #2274, #825, .T. ) ;
#1300 =( NAMED_UNIT ( * ) PLANE_ANGLE_UNIT ( ) SI_UNIT ( $, .RADIAN. ) );
#1301 = VERTEX_POINT ( 'NONE', #509 ) ;
#1302 = CARTESIAN_POINT ( 'NONE',  ( 4.000000000000000000, 3.200000000000000178, -3.250000000000000000 ) ) ;
#1303 = FILL_AREA_STYLE_COLOUR ( '', #1270 ) ;
#1304 = EDGE_CURVE ( 'NONE', #936, #1493, #808, .T. ) ;
#1305 = SURFACE_STYLE_USAGE ( .BOTH. , #2422 ) ;
#1306 = EDGE_LOOP ( 'NONE', ( #2694, #2000, #2730, #3594 ) ) ;
#1307 = ORIENTED_EDGE ( 'NONE', *, *, #310, .F. ) ;
#1308 = CARTESIAN_POINT ( 'NONE',  ( 3.516666666666668828, 2.582773183502681924, 0.1166666666666668767 ) ) ;
#1309 = ORIENTED_EDGE ( 'NONE', *, *, #2723, .F. ) ;
#1310 = LINE ( 'NONE', #3303, #3416 ) ;
#1311 = DIRECTION ( 'NONE',  ( -1.000000000000000000, -0.0000000000000000000, -0.0000000000000000000 ) ) ;
#1312 = CARTESIAN_POINT ( 'NONE',  ( 0.6500000000000000222, 2.916106516836013185, -2.700000000000000178 ) ) ;
#1313 =( NAMED_UNIT ( * ) PLANE_ANGLE_UNIT ( ) SI_UNIT ( $, .RADIAN. ) );
#1314 = DIRECTION ( 'NONE',  ( -0.0000000000000000000, -1.000000000000000000, -0.0000000000000000000 ) ) ;
#1315 = SURFACE_STYLE_USAGE ( .BOTH. , #1582 ) ;
#1316 = ORIENTED_EDGE ( 'NONE', *, *, #1944, .F. ) ;
#1317 = ADVANCED_FACE ( 'NONE', ( #3378 ), #1396, .T. ) ;
#1318 = DIRECTION ( 'NONE',  ( 1.000000000000000000, 0.0000000000000000000, 0.0000000000000000000 ) ) ;
#1319 = PLANE ( 'NONE',  #1972 ) ;
#1320 = DIRECTION ( 'NONE',  ( 1.000000000000000000, 0.0000000000000000000, 0.0000000000000000000 ) ) ;
#1321 = DIRECTION ( 'NONE',  ( -0.0000000000000000000, -0.5735764363510440500, -0.8191520442889931308 ) ) ;
#1322 = EDGE_CURVE ( 'NONE', #2373, #1636, #2611, .T. ) ;
#1323 = ORIENTED_EDGE ( 'NONE', *, *, #3473, .F. ) ;
#1324 = PLANE ( 'NONE',  #912 ) ;
#1325 = VECTOR ( 'NONE', #2806, 1000.000000000000000 ) ;
#1326 = ORIENTED_EDGE ( 'NONE', *, *, #732, .F. ) ;
#1327 = SURFACE_STYLE_FILL_AREA ( #1047 ) ;
#1328 = SURFACE_SIDE_STYLE ('',( #3036 ) ) ;
#1329 = COLOUR_RGB ( '',0.8509803921568627194, 0.8509803921568627194, 0.8509803921568627194 ) ;
#1330 = LINE ( 'NONE', #1050, #3211 ) ;
#1331 = SURFACE_SIDE_STYLE ('',( #211 ) ) ;
#1332 = ORIENTED_EDGE ( 'NONE', *, *, #2651, .T. ) ;
#1333 = PRESENTATION_LAYER_ASSIGNMENT (  '', '', ( #1999 ) ) ;
#1334 = MECHANICAL_DESIGN_GEOMETRIC_PRESENTATION_REPRESENTATION (  '', ( #2050 ), #2690 ) ;
#1335 = SURFACE_STYLE_FILL_AREA ( #3624 ) ;
#1336 = CARTESIAN_POINT ( 'NONE',  ( 2.400000000000000355, 3.200000000000000178, -1.800000000000000044 ) ) ;
#1337 = CARTESIAN_POINT ( 'NONE',  ( 3.700000000000000178, 0.9999999999999997780, 0.0000000000000000000 ) ) ;
#1338 = ORIENTED_EDGE ( 'NONE', *, *, #1828, .F. ) ;
#1339 = DIRECTION ( 'NONE',  ( -0.0000000000000000000, -1.000000000000000000, -2.716872265016162554E-19 ) ) ;
#1340 = DIRECTION ( 'NONE',  ( 4.818676322157797375E-16, 1.000000000000000000, 0.0000000000000000000 ) ) ;
#1341 = DIRECTION ( 'NONE',  ( 1.000000000000000000, -0.0000000000000000000, -0.0000000000000000000 ) ) ;
#1342 = PLANE ( 'NONE',  #2312 ) ;
#1343 = EDGE_CURVE ( 'NONE', #2494, #1967, #72, .T. ) ;
#1344 = ORIENTED_EDGE ( 'NONE', *, *, #963, .T. ) ;
#1345 = LINE ( 'NONE', #1850, #2807 ) ;
#1346 = EDGE_CURVE ( 'NONE', #3251, #1726, #1459, .T. ) ;
#1347 = UNCERTAINTY_MEASURE_WITH_UNIT (LENGTH_MEASURE( 1.000000000000000082E-05 ), #3340, 'distance_accuracy_value', 'NONE');
#1348 = CARTESIAN_POINT ( 'NONE',  ( 4.000000000000000000, 0.0000000000000000000, -4.250000000000000000 ) ) ;
#1349 = CARTESIAN_POINT ( 'NONE',  ( 0.6500000000000001332, 1.516106516836013052, -0.04999999999999883010 ) ) ;
#1350 = CARTESIAN_POINT ( 'NONE',  ( 4.000000000000000000, 2.700000000000000178, -3.750000000000000000 ) ) ;
#1351 =( NAMED_UNIT ( * ) PLANE_ANGLE_UNIT ( ) SI_UNIT ( $, .RADIAN. ) );
#1352 = ORIENTED_EDGE ( 'NONE', *, *, #483, .F. ) ;
#1353 = ORIENTED_EDGE ( 'NONE', *, *, #3263, .T. ) ;
#1354 = CARTESIAN_POINT ( 'NONE',  ( 3.500000000000000000, 0.1000000000000000056, -0.02387962425225286997 ) ) ;
#1355 = VECTOR ( 'NONE', #1415, 1000.000000000000000 ) ;
#1356 = DIRECTION ( 'NONE',  ( -1.000000000000000000, 0.0000000000000000000, 0.0000000000000000000 ) ) ;
#1357 = CARTESIAN_POINT ( 'NONE',  ( 3.700000000000000178, 0.7719398121261263901, -0.08291854158314547474 ) ) ;
#1358 = VERTEX_POINT ( 'NONE', #657 ) ;
#1359 = CARTESIAN_POINT ( 'NONE',  ( 0.5000000000000000000, 0.0000000000000000000, 0.0000000000000000000 ) ) ;
#1360 = UNCERTAINTY_MEASURE_WITH_UNIT (LENGTH_MEASURE( 1.000000000000000082E-05 ), #1744, 'distance_accuracy_value', 'NONE');
#1361 = ORIENTED_EDGE ( 'NONE', *, *, #1649, .T. ) ;
#1362 = EDGE_CURVE ( 'NONE', #2702, #2197, #1240, .T. ) ;
#1363 =( GEOMETRIC_REPRESENTATION_CONTEXT ( 3 ) GLOBAL_UNCERTAINTY_ASSIGNED_CONTEXT ( ( #1947 ) ) GLOBAL_UNIT_ASSIGNED_CONTEXT ( ( #1009, #2107, #2385 ) ) REPRESENTATION_CONTEXT ( 'NONE', 'WORKASPACE' ) );
#1364 = FACE_OUTER_BOUND ( 'NONE', #662, .T. ) ;
#1365 = CARTESIAN_POINT ( 'NONE',  ( 3.350000000000000089, 2.916106516836013185, -0.04999999999999883010 ) ) ;
#1366 = ORIENTED_EDGE ( 'NONE', *, *, #39, .T. ) ;
#1367 = EDGE_CURVE ( 'NONE', #331, #2886, #323, .T. ) ;
#1368 = DIRECTION ( 'NONE',  ( 0.0000000000000000000, -0.0000000000000000000, 1.000000000000000000 ) ) ;
#1369 = CARTESIAN_POINT ( 'NONE',  ( 0.3000000000000000444, 0.1000000000000000056, -1.500000000000000000 ) ) ;
#1370 = LINE ( 'NONE', #2256, #2044 ) ;
#1371 = ORIENTED_EDGE ( 'NONE', *, *, #1158, .T. ) ;
#1372 = CARTESIAN_POINT ( 'NONE',  ( 1.399999999999999911, 1.950000000000000178, -0.9000000000000002442 ) ) ;
#1373 = FACE_OUTER_BOUND ( 'NONE', #862, .T. ) ;
#1374 = DIRECTION ( 'NONE',  ( 0.0000000000000000000, 1.000000000000000000, 0.0000000000000000000 ) ) ;
#1375 = CARTESIAN_POINT ( 'NONE',  ( 2.600000000000000089, 1.950000000000000178, -2.700000000000000178 ) ) ;
#1376 = VERTEX_POINT ( 'NONE', #2865 ) ;
#1377 = FILL_AREA_STYLE ('',( #829 ) ) ;
#1378 = EDGE_LOOP ( 'NONE', ( #541, #2588, #1515 ) ) ;
#1379 = DIRECTION ( 'NONE',  ( 0.0000000000000000000, -1.000000000000000000, 0.0000000000000000000 ) ) ;
#1380 = SURFACE_SIDE_STYLE ('',( #3075 ) ) ;
#1381 = LINE ( 'NONE', #1350, #925 ) ;
#1382 = DIRECTION ( 'NONE',  ( 0.0000000000000000000, -1.000000000000000000, 0.0000000000000000000 ) ) ;
#1383 = VECTOR ( 'NONE', #78, 1000.000000000000114 ) ;
#1384 = ORIENTED_EDGE ( 'NONE', *, *, #435, .T. ) ;
#1385 = COLOUR_RGB ( '',0.8509803921568627194, 0.8509803921568627194, 0.8509803921568627194 ) ;
#1386 = EDGE_CURVE ( 'NONE', #331, #3192, #1222, .T. ) ;
#1387 = LINE ( 'NONE', #500, #2350 ) ;
#1388 = DIRECTION ( 'NONE',  ( 0.0000000000000000000, 0.0000000000000000000, 1.000000000000000000 ) ) ;
#1389 = EDGE_CURVE ( 'NONE', #2512, #1301, #2084, .T. ) ;
#1390 = CARTESIAN_POINT ( 'NONE',  ( 0.5000000000000000000, 0.5000000000000000000, -1.500000000000000000 ) ) ;
#1391 = PRESENTATION_LAYER_ASSIGNMENT (  '', '', ( #2754 ) ) ;
#1392 = ORIENTED_EDGE ( 'NONE', *, *, #1072, .F. ) ;
#1393 = CARTESIAN_POINT ( 'NONE',  ( 3.750000000000000000, 1.516106516836013052, -0.04999999999999969746 ) ) ;
#1394 = LINE ( 'NONE', #560, #721 ) ;
#1395 = AXIS2_PLACEMENT_3D ( 'NONE', #2727, #1585, #1023 ) ;
#1396 = PLANE ( 'NONE',  #2291 ) ;
#1397 = CARTESIAN_POINT ( 'NONE',  ( 2.400000000000000355, 0.0000000000000000000, 0.0000000000000000000 ) ) ;
#1398 = MECHANICAL_DESIGN_GEOMETRIC_PRESENTATION_REPRESENTATION (  '', ( #1216 ), #2002 ) ;
#1399 = VERTEX_POINT ( 'NONE', #2915 ) ;
#1400 = ORIENTED_EDGE ( 'NONE', *, *, #1418, .T. ) ;
#1401 = ORIENTED_EDGE ( 'NONE', *, *, #1201, .F. ) ;
#1402 = FACE_OUTER_BOUND ( 'NONE', #254, .T. ) ;
#1403 = PLANE ( 'NONE',  #1580 ) ;
#1404 = SURFACE_STYLE_FILL_AREA ( #3622 ) ;
#1405 = LINE ( 'NONE', #2270, #586 ) ;
#1406 = EDGE_CURVE ( 'NONE', #1569, #1296, #2326, .T. ) ;
#1407 =( NAMED_UNIT ( * ) SI_UNIT ( $, .STERADIAN. ) SOLID_ANGLE_UNIT ( ) );
#1408 = PLANE ( 'NONE',  #3277 ) ;
#1409 = AXIS2_PLACEMENT_3D ( 'NONE', #1425, #542, #522 ) ;
#1410 = EDGE_LOOP ( 'NONE', ( #1001, #2133, #367, #2333 ) ) ;
#1411 = DIRECTION ( 'NONE',  ( -1.000000000000000000, -0.0000000000000000000, -0.0000000000000000000 ) ) ;
#1412 = EDGE_CURVE ( 'NONE', #1674, #2971, #2362, .T. ) ;
#1413 = LINE ( 'NONE', #21, #3237 ) ;
#1414 = DIRECTION ( 'NONE',  ( 1.000000000000000000, 0.0000000000000000000, -0.0000000000000000000 ) ) ;
#1415 = DIRECTION ( 'NONE',  ( 1.000000000000000000, 0.0000000000000000000, -0.0000000000000000000 ) ) ;
#1416 = VECTOR ( 'NONE', #1763, 1000.000000000000000 ) ;
#1417 = VERTEX_POINT ( 'NONE', #2048 ) ;
#1418 = EDGE_CURVE ( 'NONE', #1250, #1681, #634, .T. ) ;
#1419 = CARTESIAN_POINT ( 'NONE',  ( 1.600000000000000089, 2.350000000000000089, -0.9000000000000002442 ) ) ;
#1420 = VERTEX_POINT ( 'NONE', #1788 ) ;
#1421 = PLANE ( 'NONE',  #1088 ) ;
#1422 = SURFACE_STYLE_FILL_AREA ( #306 ) ;
#1423 = DIRECTION ( 'NONE',  ( 0.0000000000000000000, 1.000000000000000000, 0.0000000000000000000 ) ) ;
#1424 = VECTOR ( 'NONE', #3519, 1000.000000000000000 ) ;
#1425 = CARTESIAN_POINT ( 'NONE',  ( 2.600000000000000089, 0.2576745081382136870, -4.331925126797040448 ) ) ;
#1426 = CARTESIAN_POINT ( 'NONE',  ( 3.349999999999999645, 1.516106516836013052, -0.04999999999999883010 ) ) ;
#1427 = LINE ( 'NONE', #594, #998 ) ;
#1428 = SURFACE_STYLE_FILL_AREA ( #2325 ) ;
#1429 = CARTESIAN_POINT ( 'NONE',  ( 1.600000000000000089, 3.200000000000000178, -1.000000000000000000 ) ) ;
#1430 = ADVANCED_FACE ( 'NONE', ( #2898 ), #673, .F. ) ;
#1431 = PLANE ( 'NONE',  #1996 ) ;
#1432 = EDGE_CURVE ( 'NONE', #2071, #1484, #1479, .T. ) ;
#1433 = DIRECTION ( 'NONE',  ( -0.0000000000000000000, 1.000000000000000000, -0.0000000000000000000 ) ) ;
#1434 = ORIENTED_EDGE ( 'NONE', *, *, #963, .F. ) ;
#1435 = DIRECTION ( 'NONE',  ( -1.000000000000000000, 0.0000000000000000000, -0.0000000000000000000 ) ) ;
#1436 = DIRECTION ( 'NONE',  ( 0.0000000000000000000, 1.000000000000000000, 0.0000000000000000000 ) ) ;
#1437 = AXIS2_PLACEMENT_3D ( 'NONE', #3266, #118, #3475 ) ;
#1438 = LINE ( 'NONE', #2574, #750 ) ;
#1439 = ORIENTED_EDGE ( 'NONE', *, *, #2929, .F. ) ;
#1440 = VECTOR ( 'NONE', #3100, 1000.000000000000000 ) ;
#1441 = CARTESIAN_POINT ( 'NONE',  ( 4.000000000000000000, 1.700000000000000178, -4.250000000000000000 ) ) ;
#1442 = SURFACE_SIDE_STYLE ('',( #1735 ) ) ;
#1443 = DIRECTION ( 'NONE',  ( 0.0000000000000000000, 0.0000000000000000000, 1.000000000000000000 ) ) ;
#1444 = AXIS2_PLACEMENT_3D ( 'NONE', #3508, #997, #2456 ) ;
#1445 = STYLED_ITEM ( 'NONE', ( #2464 ), #114 ) ;
#1446 = VECTOR ( 'NONE', #2481, 1000.000000000000000 ) ;
#1447 = CARTESIAN_POINT ( 'NONE',  ( 0.0000000000000000000, 3.200000000000000178, -3.250000000000000000 ) ) ;
#1448 = LINE ( 'NONE', #1419, #47 ) ;
#1449 = AXIS2_PLACEMENT_3D ( 'NONE', #3202, #693, #2722 ) ;
#1450 = ORIENTED_EDGE ( 'NONE', *, *, #3582, .F. ) ;
#1451 = EDGE_CURVE ( 'NONE', #2098, #1399, #1203, .T. ) ;
#1452 = FILL_AREA_STYLE_COLOUR ( '', #2858 ) ;
#1453 = DIRECTION ( 'NONE',  ( 0.0000000000000000000, -1.000000000000000000, -1.192877748288698639E-17 ) ) ;
#1454 = UNCERTAINTY_MEASURE_WITH_UNIT (LENGTH_MEASURE( 1.000000000000000082E-05 ), #764, 'distance_accuracy_value', 'NONE');
#1455 = LINE ( 'NONE', #2606, #2255 ) ;
#1456 = FACE_OUTER_BOUND ( 'NONE', #1607, .T. ) ;
#1457 = ORIENTED_EDGE ( 'NONE', *, *, #3370, .F. ) ;
#1458 = FACE_OUTER_BOUND ( 'NONE', #2546, .T. ) ;
#1459 = LINE ( 'NONE', #3464, #1637 ) ;
#1460 =( NAMED_UNIT ( * ) SI_UNIT ( $, .STERADIAN. ) SOLID_ANGLE_UNIT ( ) );
#1461 = SURFACE_SIDE_STYLE ('',( #57 ) ) ;
#1462 = UNCERTAINTY_MEASURE_WITH_UNIT (LENGTH_MEASURE( 1.000000000000000082E-05 ), #2761, 'distance_accuracy_value', 'NONE');
#1463 = CARTESIAN_POINT ( 'NONE',  ( 2.400000000000000355, 0.3162452190879569414, -3.710624621793976452 ) ) ;
#1464 = VECTOR ( 'NONE', #2319, 1000.000000000000000 ) ;
#1465 = VECTOR ( 'NONE', #548, 1000.000000000000000 ) ;
#1466 = VERTEX_POINT ( 'NONE', #379 ) ;
#1467 = ORIENTED_EDGE ( 'NONE', *, *, #532, .F. ) ;
#1468 = MECHANICAL_DESIGN_GEOMETRIC_PRESENTATION_REPRESENTATION (  '', ( #531 ), #2429 ) ;
#1469 =( NAMED_UNIT ( * ) SI_UNIT ( $, .STERADIAN. ) SOLID_ANGLE_UNIT ( ) );
#1470 = LINE ( 'NONE', #2889, #3254 ) ;
#1471 = EDGE_CURVE ( 'NONE', #1776, #2675, #106, .T. ) ;
#1472 = DIRECTION ( 'NONE',  ( 0.0000000000000000000, -1.000000000000000000, 0.0000000000000000000 ) ) ;
#1473 = CARTESIAN_POINT ( 'NONE',  ( 1.600000000000000089, 0.2576745081382136870, -4.950000000000000178 ) ) ;
#1474 = PRESENTATION_STYLE_ASSIGNMENT (( #629 ) ) ;
#1475 = STYLED_ITEM ( 'NONE', ( #1067 ), #3221 ) ;
#1476 = EDGE_LOOP ( 'NONE', ( #2652, #3184, #1836, #406 ) ) ;
#1477 = ORIENTED_EDGE ( 'NONE', *, *, #2741, .F. ) ;
#1478 = DIRECTION ( 'NONE',  ( -1.000000000000000000, -0.0000000000000000000, -0.0000000000000000000 ) ) ;
#1479 = LINE ( 'NONE', #1519, #392 ) ;
#1480 = PRESENTATION_STYLE_ASSIGNMENT (( #1244 ) ) ;
#1481 = LINE ( 'NONE', #3451, #885 ) ;
#1482 = CARTESIAN_POINT ( 'NONE',  ( 0.0000000000000000000, 2.700000000000000178, -3.750000000000000000 ) ) ;
#1483 = ORIENTED_EDGE ( 'NONE', *, *, #2950, .F. ) ;
#1484 = VERTEX_POINT ( 'NONE', #2342 ) ;
#1485 = SURFACE_STYLE_FILL_AREA ( #151 ) ;
#1486 = FACE_OUTER_BOUND ( 'NONE', #1960, .T. ) ;
#1487 = ORIENTED_EDGE ( 'NONE', *, *, #420, .T. ) ;
#1488 = CARTESIAN_POINT ( 'NONE',  ( 1.399999999999999911, 0.2576745081382136870, -4.331925126797040448 ) ) ;
#1489 =( LENGTH_UNIT ( ) NAMED_UNIT ( * ) SI_UNIT ( .MILLI., .METRE. ) );
#1490 = ADVANCED_FACE ( 'NONE', ( #3446 ), #929, .T. ) ;
#1491 = SURFACE_STYLE_FILL_AREA ( #3164 ) ;
#1492 = ORIENTED_EDGE ( 'NONE', *, *, #2097, .F. ) ;
#1493 = VERTEX_POINT ( 'NONE', #2667 ) ;
#1494 = DIRECTION ( 'NONE',  ( -0.0000000000000000000, -0.0000000000000000000, -1.000000000000000000 ) ) ;
#1495 = ADVANCED_FACE ( 'NONE', ( #2984 ), #3274, .T. ) ;
#1496 =( NAMED_UNIT ( * ) SI_UNIT ( $, .STERADIAN. ) SOLID_ANGLE_UNIT ( ) );
#1497 = UNCERTAINTY_MEASURE_WITH_UNIT (LENGTH_MEASURE( 1.000000000000000082E-05 ), #2930, 'distance_accuracy_value', 'NONE');
#1498 =( GEOMETRIC_REPRESENTATION_CONTEXT ( 3 ) GLOBAL_UNCERTAINTY_ASSIGNED_CONTEXT ( ( #549 ) ) GLOBAL_UNIT_ASSIGNED_CONTEXT ( ( #269, #14, #1141 ) ) REPRESENTATION_CONTEXT ( 'NONE', 'WORKASPACE' ) );
#1499 = DIRECTION ( 'NONE',  ( 0.0000000000000000000, 0.0000000000000000000, 1.000000000000000000 ) ) ;
#1500 =( GEOMETRIC_REPRESENTATION_CONTEXT ( 3 ) GLOBAL_UNCERTAINTY_ASSIGNED_CONTEXT ( ( #875 ) ) GLOBAL_UNIT_ASSIGNED_CONTEXT ( ( #2246, #2017, #1724 ) ) REPRESENTATION_CONTEXT ( 'NONE', 'WORKASPACE' ) );
#1501 = UNCERTAINTY_MEASURE_WITH_UNIT (LENGTH_MEASURE( 1.000000000000000082E-05 ), #2591, 'distance_accuracy_value', 'NONE');
#1502 = CARTESIAN_POINT ( 'NONE',  ( 4.000000000000000000, 0.1000000000000000056, -4.250000000000000000 ) ) ;
#1503 = VECTOR ( 'NONE', #1356, 1000.000000000000000 ) ;
#1504 = PRESENTATION_LAYER_ASSIGNMENT (  '', '', ( #2050 ) ) ;
#1505 = EDGE_LOOP ( 'NONE', ( #1467, #309, #3608, #165 ) ) ;
#1506 = ORIENTED_EDGE ( 'NONE', *, *, #664, .T. ) ;
#1507 = SURFACE_SIDE_STYLE ('',( #3421 ) ) ;
#1508 = VECTOR ( 'NONE', #3067, 1000.000000000000000 ) ;
#1509 = FACE_OUTER_BOUND ( 'NONE', #756, .T. ) ;
#1510 = EDGE_LOOP ( 'NONE', ( #2665, #1880, #2994, #1229 ) ) ;
#1511 = MECHANICAL_DESIGN_GEOMETRIC_PRESENTATION_REPRESENTATION (  '', ( #689 ), #2696 ) ;
#1512 = PLANE ( 'NONE',  #1125 ) ;
#1513 = PLANE ( 'NONE',  #455 ) ;
#1514 = FACE_OUTER_BOUND ( 'NONE', #1671, .T. ) ;
#1515 = ORIENTED_EDGE ( 'NONE', *, *, #785, .T. ) ;
#1516 = VERTEX_POINT ( 'NONE', #3533 ) ;
#1517 = FACE_OUTER_BOUND ( 'NONE', #2810, .T. ) ;
#1518 = LINE ( 'NONE', #794, #558 ) ;
#1519 = CARTESIAN_POINT ( 'NONE',  ( 0.5000000000000000000, 0.1000000000000000056, 0.0000000000000000000 ) ) ;
#1520 = DIRECTION ( 'NONE',  ( -1.000000000000000000, 0.0000000000000000000, 0.0000000000000000000 ) ) ;
#1521 = ORIENTED_EDGE ( 'NONE', *, *, #1943, .F. ) ;
#1522 = EDGE_CURVE ( 'NONE', #749, #3146, #2434, .T. ) ;
#1523 = DIRECTION ( 'NONE',  ( 0.0000000000000000000, -1.000000000000000000, 0.0000000000000000000 ) ) ;
#1524 =( NAMED_UNIT ( * ) PLANE_ANGLE_UNIT ( ) SI_UNIT ( $, .RADIAN. ) );
#1525 = CARTESIAN_POINT ( 'NONE',  ( 3.799999999999999378, 1.516106516836013052, 0.0000000000000000000 ) ) ;
#1526 = LINE ( 'NONE', #733, #3140 ) ;
#1527 = EDGE_CURVE ( 'NONE', #1548, #3179, #199, .T. ) ;
#1528 = ORIENTED_EDGE ( 'NONE', *, *, #327, .T. ) ;
#1529 = VERTEX_POINT ( 'NONE', #1336 ) ;
#1530 = CARTESIAN_POINT ( 'NONE',  ( 1.399999999999999911, 0.0000000000000000000, 0.0000000000000000000 ) ) ;
#1531 = VECTOR ( 'NONE', #1197, 1000.000000000000000 ) ;
#1532 = CARTESIAN_POINT ( 'NONE',  ( 0.3000000000000000444, 0.9999999999999997780, 0.0000000000000000000 ) ) ;
#1533 = PRESENTATION_LAYER_ASSIGNMENT (  '', '', ( #65 ) ) ;
#1534 = DIRECTION ( 'NONE',  ( 0.0000000000000000000, -0.0000000000000000000, 1.000000000000000000 ) ) ;
#1535 = FACE_OUTER_BOUND ( 'NONE', #1476, .T. ) ;
#1536 = CARTESIAN_POINT ( 'NONE',  ( 0.5000000000000000000, 0.4999999999999997780, -0.5000000000000000000 ) ) ;
#1537 = ORIENTED_EDGE ( 'NONE', *, *, #1895, .F. ) ;
#1538 = FACE_OUTER_BOUND ( 'NONE', #754, .T. ) ;
#1539 = SURFACE_STYLE_FILL_AREA ( #1280 ) ;
#1540 = EDGE_LOOP ( 'NONE', ( #990, #3517, #1483, #407, #284 ) ) ;
#1541 = VECTOR ( 'NONE', #3448, 1000.000000000000000 ) ;
#1542 = CARTESIAN_POINT ( 'NONE',  ( 3.350000000000000089, 2.966106516836013007, 0.0000000000000000000 ) ) ;
#1543 = CARTESIAN_POINT ( 'NONE',  ( 2.600000000000000089, 2.350000000000000089, -2.700000000000000178 ) ) ;
#1544 = ADVANCED_FACE ( 'NONE', ( #1581 ), #2102, .F. ) ;
#1545 = VECTOR ( 'NONE', #1340, 1000.000000000000000 ) ;
#1546 = CARTESIAN_POINT ( 'NONE',  ( 0.7500000000000001110, 0.0000000000000000000, -3.000000000000000000 ) ) ;
#1547 = ORIENTED_EDGE ( 'NONE', *, *, #3453, .T. ) ;
#1548 = VERTEX_POINT ( 'NONE', #3514 ) ;
#1549 = EDGE_CURVE ( 'NONE', #1275, #2323, #1842, .T. ) ;
#1550 = DIRECTION ( 'NONE',  ( 0.0000000000000000000, 0.7071067811865489050, -0.7071067811865462405 ) ) ;
#1551 = EDGE_CURVE ( 'NONE', #1915, #735, #2142, .T. ) ;
#1552 = EDGE_LOOP ( 'NONE', ( #1711, #3592, #3054, #1392, #745, #1492, #2227, #2, #2432, #2472, #1766, #1875 ) ) ;
#1553 = FILL_AREA_STYLE_COLOUR ( '', #2135 ) ;
#1554 = CARTESIAN_POINT ( 'NONE',  ( 4.000000000000000000, 0.1000000000000000056, -4.250000000000000000 ) ) ;
#1555 = DIRECTION ( 'NONE',  ( 0.0000000000000000000, 0.0000000000000000000, 1.000000000000000000 ) ) ;
#1556 = DIRECTION ( 'NONE',  ( -1.000000000000000000, 0.0000000000000000000, 0.0000000000000000000 ) ) ;
#1557 = DIRECTION ( 'NONE',  ( -0.0000000000000000000, -0.0000000000000000000, 1.000000000000000000 ) ) ;
#1558 = ORIENTED_EDGE ( 'NONE', *, *, #1092, .T. ) ;
#1559 = DIRECTION ( 'NONE',  ( -1.000000000000000000, 0.0000000000000000000, -0.0000000000000000000 ) ) ;
#1560 = LINE ( 'NONE', #186, #1214 ) ;
#1561 = CARTESIAN_POINT ( 'NONE',  ( 3.500000000000000000, 0.1238796242522528096, 6.776263578034402713E-18 ) ) ;
#1562 = DIRECTION ( 'NONE',  ( -0.0000000000000000000, -0.0000000000000000000, 1.000000000000000000 ) ) ;
#1563 = ORIENTED_EDGE ( 'NONE', *, *, #1163, .F. ) ;
#1564 = ADVANCED_FACE ( 'NONE', ( #1538 ), #2945, .F. ) ;
#1565 = ORIENTED_EDGE ( 'NONE', *, *, #62, .F. ) ;
#1566 = FACE_OUTER_BOUND ( 'NONE', #3466, .T. ) ;
#1567 = AXIS2_PLACEMENT_3D ( 'NONE', #1589, #1885, #3281 ) ;
#1568 = AXIS2_PLACEMENT_3D ( 'NONE', #2358, #1782, #1765 ) ;
#1569 = VERTEX_POINT ( 'NONE', #3238 ) ;
#1570 = EDGE_CURVE ( 'NONE', #2749, #712, #2180, .T. ) ;
#1571 = SURFACE_STYLE_USAGE ( .BOTH. , #922 ) ;
#1572 = VECTOR ( 'NONE', #844, 1000.000000000000000 ) ;
#1573 = CARTESIAN_POINT ( 'NONE',  ( 3.799999999999999378, 1.466106516836013451, 0.0000000000000000000 ) ) ;
#1574 = DIRECTION ( 'NONE',  ( 0.0000000000000000000, -0.7071067811865463515, 0.7071067811865487940 ) ) ;
#1575 = VECTOR ( 'NONE', #1556, 1000.000000000000000 ) ;
#1576 = ORIENTED_EDGE ( 'NONE', *, *, #2388, .F. ) ;
#1577 = ORIENTED_EDGE ( 'NONE', *, *, #381, .T. ) ;
#1578 = EDGE_CURVE ( 'NONE', #2736, #1569, #574, .T. ) ;
#1579 = PRESENTATION_STYLE_ASSIGNMENT (( #2361 ) ) ;
#1580 = AXIS2_PLACEMENT_3D ( 'NONE', #2757, #3599, #15 ) ;
#1581 = FACE_OUTER_BOUND ( 'NONE', #2970, .T. ) ;
#1582 = SURFACE_SIDE_STYLE ('',( #1539 ) ) ;
#1583 = EDGE_LOOP ( 'NONE', ( #3307, #2938, #3267, #1689 ) ) ;
#1584 = CARTESIAN_POINT ( 'NONE',  ( 3.350000000000000089, 2.416106516836013185, -2.700000000000000178 ) ) ;
#1585 = DIRECTION ( 'NONE',  ( -0.7071067811865423547, 3.407318703740806273E-16, 0.7071067811865526798 ) ) ;
#1586 = CARTESIAN_POINT ( 'NONE',  ( 0.0000000000000000000, 0.1000000000000000056, 0.0000000000000000000 ) ) ;
#1587 = CARTESIAN_POINT ( 'NONE',  ( 1.399999999999999911, -0.04232549186178630185, -4.150000000000000355 ) ) ;
#1588 = ORIENTED_EDGE ( 'NONE', *, *, #459, .T. ) ;
#1589 = CARTESIAN_POINT ( 'NONE',  ( 0.0000000000000000000, 0.0000000000000000000, -2.700000000000000178 ) ) ;
#1590 = VECTOR ( 'NONE', #1204, 1000.000000000000000 ) ;
#1591 = VECTOR ( 'NONE', #1318, 1000.000000000000000 ) ;
#1592 =( NAMED_UNIT ( * ) PLANE_ANGLE_UNIT ( ) SI_UNIT ( $, .RADIAN. ) );
#1593 = LINE ( 'NONE', #3598, #38 ) ;
#1594 = DIRECTION ( 'NONE',  ( 0.0000000000000000000, 0.0000000000000000000, 1.000000000000000000 ) ) ;
#1595 = ADVANCED_FACE ( 'NONE', ( #255 ), #838, .T. ) ;
#1596 = MECHANICAL_DESIGN_GEOMETRIC_PRESENTATION_REPRESENTATION (  '', ( #2771 ), #646 ) ;
#1597 = VERTEX_POINT ( 'NONE', #3352 ) ;
#1598 = ORIENTED_EDGE ( 'NONE', *, *, #1522, .T. ) ;
#1599 = PRESENTATION_STYLE_ASSIGNMENT (( #464 ) ) ;
#1600 = VECTOR ( 'NONE', #614, 1000.000000000000000 ) ;
#1601 = DIRECTION ( 'NONE',  ( 0.0000000000000000000, 1.000000000000000000, 2.168404344971008868E-16 ) ) ;
#1602 = EDGE_CURVE ( 'NONE', #92, #1816, #1387, .T. ) ;
#1603 = VERTEX_POINT ( 'NONE', #2254 ) ;
#1604 = LINE ( 'NONE', #2451, #2321 ) ;
#1605 = SURFACE_SIDE_STYLE ('',( #911 ) ) ;
#1606 = VECTOR ( 'NONE', #2976, 1000.000000000000000 ) ;
#1607 = EDGE_LOOP ( 'NONE', ( #833, #2844, #449, #2954 ) ) ;
#1608 = VERTEX_POINT ( 'NONE', #1955 ) ;
#1609 = PLANE ( 'NONE',  #1567 ) ;
#1610 = ORIENTED_EDGE ( 'NONE', *, *, #2788, .F. ) ;
#1611 = LINE ( 'NONE', #231, #192 ) ;
#1612 = CARTESIAN_POINT ( 'NONE',  ( 4.000000000000000000, 1.700000000000000178, 0.0000000000000000000 ) ) ;
#1613 = CARTESIAN_POINT ( 'NONE',  ( 2.600000000000000089, -0.04232549186178630185, -4.950000000000000178 ) ) ;
#1614 = ORIENTED_EDGE ( 'NONE', *, *, #1969, .T. ) ;
#1615 = MANIFOLD_SOLID_BREP ( '?????????? ?????????2', #2966 ) ;
#1616 = DIRECTION ( 'NONE',  ( -1.000000000000000000, 0.0000000000000000000, 0.0000000000000000000 ) ) ;
#1617 = EDGE_CURVE ( 'NONE', #1994, #475, #3309, .T. ) ;
#1618 = LINE ( 'NONE', #200, #2707 ) ;
#1619 = ORIENTED_EDGE ( 'NONE', *, *, #2894, .T. ) ;
#1620 = CARTESIAN_POINT ( 'NONE',  ( 1.600000000000000089, 0.2576745081382136870, -4.950000000000000178 ) ) ;
#1621 = DIRECTION ( 'NONE',  ( -0.0000000000000000000, -0.0000000000000000000, -1.000000000000000000 ) ) ;
#1622 = LINE ( 'NONE', #452, #2969 ) ;
#1623 = CARTESIAN_POINT ( 'NONE',  ( 0.7499999999999997780, 0.0000000000000000000, -4.814824860968089633E-32 ) ) ;
#1624 = VERTEX_POINT ( 'NONE', #1054 ) ;
#1625 = ORIENTED_EDGE ( 'NONE', *, *, #3430, .T. ) ;
#1626 = VECTOR ( 'NONE', #1562, 1000.000000000000000 ) ;
#1627 = CARTESIAN_POINT ( 'NONE',  ( 4.000000000000000000, 0.1000000000000000056, -4.250000000000000000 ) ) ;
#1628 = VECTOR ( 'NONE', #834, 1000.000000000000227 ) ;
#1629 = ORIENTED_EDGE ( 'NONE', *, *, #1887, .T. ) ;
#1630 = FACE_OUTER_BOUND ( 'NONE', #3418, .T. ) ;
#1631 = PLANE ( 'NONE',  #2230 ) ;
#1632 = VECTOR ( 'NONE', #2643, 1000.000000000000000 ) ;
#1633 = DIRECTION ( 'NONE',  ( -2.168404344971009115E-16, 1.000000000000000000, 0.0000000000000000000 ) ) ;
#1634 =( GEOMETRIC_REPRESENTATION_CONTEXT ( 3 ) GLOBAL_UNCERTAINTY_ASSIGNED_CONTEXT ( ( #3048 ) ) GLOBAL_UNIT_ASSIGNED_CONTEXT ( ( #1855, #3530, #1272 ) ) REPRESENTATION_CONTEXT ( 'NONE', 'WORKASPACE' ) );
#1635 =( NAMED_UNIT ( * ) PLANE_ANGLE_UNIT ( ) SI_UNIT ( $, .RADIAN. ) );
#1636 = VERTEX_POINT ( 'NONE', #2813 ) ;
#1637 = VECTOR ( 'NONE', #3429, 1000.000000000000000 ) ;
#1638 = AXIS2_PLACEMENT_3D ( 'NONE', #621, #1710, #2600 ) ;
#1639 = PRESENTATION_STYLE_ASSIGNMENT (( #2446 ) ) ;
#1640 =( LENGTH_UNIT ( ) NAMED_UNIT ( * ) SI_UNIT ( .MILLI., .METRE. ) );
#1641 = COLOUR_RGB ( '',0.8509803921568627194, 0.8509803921568627194, 0.8509803921568627194 ) ;
#1642 = EDGE_CURVE ( 'NONE', #457, #3195, #2199, .T. ) ;
#1643 = ORIENTED_EDGE ( 'NONE', *, *, #2982, .T. ) ;
#1644 = DIRECTION ( 'NONE',  ( 1.084202172485504434E-16, 0.0000000000000000000, -1.000000000000000000 ) ) ;
#1645 = VECTOR ( 'NONE', #2068, 1000.000000000000000 ) ;
#1646 = DIRECTION ( 'NONE',  ( 1.000000000000000000, -0.0000000000000000000, 0.0000000000000000000 ) ) ;
#1647 = DIRECTION ( 'NONE',  ( 1.000000000000000000, 0.0000000000000000000, 0.0000000000000000000 ) ) ;
#1648 = SURFACE_STYLE_USAGE ( .BOTH. , #1605 ) ;
#1649 = EDGE_CURVE ( 'NONE', #2469, #1603, #521, .T. ) ;
#1650 = VERTEX_POINT ( 'NONE', #3041 ) ;
#1651 = EDGE_LOOP ( 'NONE', ( #2058, #2924, #3244, #2340, #1537, #1220, #1029 ) ) ;
#1652 = FACE_OUTER_BOUND ( 'NONE', #3569, .T. ) ;
#1653 = EDGE_CURVE ( 'NONE', #725, #1529, #2306, .T. ) ;
#1654 = ORIENTED_EDGE ( 'NONE', *, *, #438, .T. ) ;
#1655 = SURFACE_STYLE_USAGE ( .BOTH. , #3583 ) ;
#1656 = CARTESIAN_POINT ( 'NONE',  ( 0.6000000000000007550, 0.4661065168360134514, 0.0000000000000000000 ) ) ;
#1657 = PRESENTATION_STYLE_ASSIGNMENT (( #1085 ) ) ;
#1658 = ORIENTED_EDGE ( 'NONE', *, *, #1274, .T. ) ;
#1659 = VECTOR ( 'NONE', #1297, 1000.000000000000000 ) ;
#1660 = PLANE ( 'NONE',  #1893 ) ;
#1661 = VECTOR ( 'NONE', #1798, 1000.000000000000000 ) ;
#1662 = CARTESIAN_POINT ( 'NONE',  ( 3.350000000000000089, 2.916106516836013185, -0.04999999999999883010 ) ) ;
#1663 = LINE ( 'NONE', #3270, #2164 ) ;
#1664 = VERTEX_POINT ( 'NONE', #943 ) ;
#1665 = DIRECTION ( 'NONE',  ( 0.0000000000000000000, 1.000000000000000000, 0.0000000000000000000 ) ) ;
#1666 = MECHANICAL_DESIGN_GEOMETRIC_PRESENTATION_REPRESENTATION (  '', ( #3411 ), #2594 ) ;
#1667 = DIRECTION ( 'NONE',  ( -1.000000000000000000, 0.0000000000000000000, -0.0000000000000000000 ) ) ;
#1668 = CARTESIAN_POINT ( 'NONE',  ( 3.700000000000000178, 0.1238796242522527818, 0.0000000000000000000 ) ) ;
#1669 = LINE ( 'NONE', #860, #299 ) ;
#1670 = UNCERTAINTY_MEASURE_WITH_UNIT (LENGTH_MEASURE( 1.000000000000000082E-05 ), #2095, 'distance_accuracy_value', 'NONE');
#1671 = EDGE_LOOP ( 'NONE', ( #1149, #1282, #2720, #2681 ) ) ;
#1672 = EDGE_CURVE ( 'NONE', #1420, #3524, #1438, .T. ) ;
#1673 = FACE_OUTER_BOUND ( 'NONE', #3102, .T. ) ;
#1674 = VERTEX_POINT ( 'NONE', #667 ) ;
#1675 = EDGE_CURVE ( 'NONE', #70, #1971, #1165, .T. ) ;
#1676 = DIRECTION ( 'NONE',  ( 1.000000000000000000, 0.0000000000000000000, 0.0000000000000000000 ) ) ;
#1677 = ADVANCED_FACE ( 'NONE', ( #2078 ), #1218, .F. ) ;
#1678 = CARTESIAN_POINT ( 'NONE',  ( 3.700000000000000178, 0.8299999999999997380, 0.0000000000000000000 ) ) ;
#1679 = CARTESIAN_POINT ( 'NONE',  ( 3.700000000000000178, 0.5000000000000000000, -1.500000000000000000 ) ) ;
#1680 = COLOUR_RGB ( '',1.000000000000000000, 0.9960784313725490335, 0.8431372549019607865 ) ;
#1681 = VERTEX_POINT ( 'NONE', #3425 ) ;
#1682 = FACE_OUTER_BOUND ( 'NONE', #975, .T. ) ;
#1683 = FILL_AREA_STYLE_COLOUR ( '', #1757 ) ;
#1684 = CARTESIAN_POINT ( 'NONE',  ( 0.0000000000000000000, 3.200000000000000178, 0.0000000000000000000 ) ) ;
#1685 = LINE ( 'NONE', #2816, #1440 ) ;
#1686 = VERTEX_POINT ( 'NONE', #1473 ) ;
#1687 = CARTESIAN_POINT ( 'NONE',  ( 3.750000000000000444, 2.466106516836013007, 0.0000000000000000000 ) ) ;
#1688 = CARTESIAN_POINT ( 'NONE',  ( 0.6500000000000001332, 1.516106516836013052, -2.700000000000000178 ) ) ;
#1689 = ORIENTED_EDGE ( 'NONE', *, *, #1268, .T. ) ;
#1690 =( NAMED_UNIT ( * ) SI_UNIT ( $, .STERADIAN. ) SOLID_ANGLE_UNIT ( ) );
#1691 = ORIENTED_EDGE ( 'NONE', *, *, #2072, .F. ) ;
#1692 = DIRECTION ( 'NONE',  ( -1.000000000000000000, 0.0000000000000000000, -0.0000000000000000000 ) ) ;
#1693 =( NAMED_UNIT ( * ) PLANE_ANGLE_UNIT ( ) SI_UNIT ( $, .RADIAN. ) );
#1694 = EDGE_CURVE ( 'NONE', #1681, #466, #2623, .T. ) ;
#1695 = CARTESIAN_POINT ( 'NONE',  ( 3.750000000000000000, 1.516106516836013052, -0.04999999999999883010 ) ) ;
#1696 = FILL_AREA_STYLE_COLOUR ( '', #568 ) ;
#1697 = LINE ( 'NONE', #1109, #2136 ) ;
#1698 = CARTESIAN_POINT ( 'NONE',  ( 0.5000000000000000000, 0.1000000000000000056, 0.0000000000000000000 ) ) ;
#1699 = PRESENTATION_LAYER_ASSIGNMENT (  '', '', ( #744 ) ) ;
#1701 = ADVANCED_FACE ( 'NONE', ( #1799 ), #338, .T. ) ;
#1700 = COLOUR_RGB ( '',0.8509803921568627194, 0.8509803921568627194, 0.8509803921568627194 ) ;
#1702 = ORIENTED_EDGE ( 'NONE', *, *, #3206, .F. ) ;
#1703 = PLANE ( 'NONE',  #3170 ) ;
#1704 = DIRECTION ( 'NONE',  ( 2.168404344971009115E-16, -1.000000000000000000, 0.0000000000000000000 ) ) ;
#1705 = PRESENTATION_STYLE_ASSIGNMENT (( #2782 ) ) ;
#1706 = PRESENTATION_LAYER_ASSIGNMENT (  '', '', ( #3265 ) ) ;
#1707 = EDGE_LOOP ( 'NONE', ( #2625, #2201, #30, #480 ) ) ;
#1708 = PRESENTATION_STYLE_ASSIGNMENT (( #2492 ) ) ;
#1709 = AXIS2_PLACEMENT_3D ( 'NONE', #1312, #999, #409 ) ;
#1710 = DIRECTION ( 'NONE',  ( -1.000000000000000000, -1.204669080539449344E-16, 0.0000000000000000000 ) ) ;
#1711 = ORIENTED_EDGE ( 'NONE', *, *, #3175, .F. ) ;
#1712 = ORIENTED_EDGE ( 'NONE', *, *, #2077, .T. ) ;
#1713 = LINE ( 'NONE', #2284, #799 ) ;
#1714 = SURFACE_SIDE_STYLE ('',( #2655 ) ) ;
#1715 = PLANE ( 'NONE',  #3225 ) ;
#1716 = EDGE_CURVE ( 'NONE', #2266, #725, #320, .T. ) ;
#1717 = SURFACE_STYLE_USAGE ( .BOTH. , #501 ) ;
#1718 = FACE_OUTER_BOUND ( 'NONE', #462, .T. ) ;
#1719 = ORIENTED_EDGE ( 'NONE', *, *, #1271, .F. ) ;
#1720 = ADVANCED_FACE ( 'NONE', ( #67 ), #2357, .T. ) ;
#1721 = ADVANCED_FACE ( 'NONE', ( #1456 ), #1146, .F. ) ;
#1722 =( NAMED_UNIT ( * ) PLANE_ANGLE_UNIT ( ) SI_UNIT ( $, .RADIAN. ) );
#1723 = COLOUR_RGB ( '',0.8509803921568627194, 0.8509803921568627194, 0.8509803921568627194 ) ;
#1724 =( NAMED_UNIT ( * ) SI_UNIT ( $, .STERADIAN. ) SOLID_ANGLE_UNIT ( ) );
#1725 = STYLED_ITEM ( 'NONE', ( #380 ), #2302 ) ;
#1726 = VERTEX_POINT ( 'NONE', #1198 ) ;
#1727 = VERTEX_POINT ( 'NONE', #2288 ) ;
#1728 = PLANE ( 'NONE',  #3550 ) ;
#1729 = LINE ( 'NONE', #2604, #1746 ) ;
#1730 = PRESENTATION_LAYER_ASSIGNMENT (  '', '', ( #1970 ) ) ;
#1731 = CARTESIAN_POINT ( 'NONE',  ( 1.399999999999999911, 2.350000000000000089, -2.700000000000000178 ) ) ;
#1732 = DIRECTION ( 'NONE',  ( -0.0000000000000000000, -0.0000000000000000000, 1.000000000000000000 ) ) ;
#1733 = VERTEX_POINT ( 'NONE', #3394 ) ;
#1734 = EDGE_CURVE ( 'NONE', #1493, #207, #2010, .T. ) ;
#1735 = SURFACE_STYLE_FILL_AREA ( #596 ) ;
#1736 = CARTESIAN_POINT ( 'NONE',  ( 0.3000000000000000444, -0.07000000000000011768, -1.329999999999998961 ) ) ;
#1737 = ADVANCED_FACE ( 'NONE', ( #2848 ), #2444, .F. ) ;
#1738 = CARTESIAN_POINT ( 'NONE',  ( 0.6500000000000001332, 2.416106516836013185, -2.700000000000000178 ) ) ;
#1739 = FACE_OUTER_BOUND ( 'NONE', #1926, .T. ) ;
#1740 =( NAMED_UNIT ( * ) PLANE_ANGLE_UNIT ( ) SI_UNIT ( $, .RADIAN. ) );
#1741 = UNCERTAINTY_MEASURE_WITH_UNIT (LENGTH_MEASURE( 1.000000000000000082E-05 ), #3124, 'distance_accuracy_value', 'NONE');
#1742 = ORIENTED_EDGE ( 'NONE', *, *, #3491, .T. ) ;
#1743 = CARTESIAN_POINT ( 'NONE',  ( 3.750000000000000444, 2.416106516836013185, -2.700000000000000178 ) ) ;
#1744 =( LENGTH_UNIT ( ) NAMED_UNIT ( * ) SI_UNIT ( .MILLI., .METRE. ) );
#1745 = DIRECTION ( 'NONE',  ( 1.000000000000000000, 0.0000000000000000000, -0.0000000000000000000 ) ) ;
#1746 = VECTOR ( 'NONE', #1762, 1000.000000000000000 ) ;
#1747 = CARTESIAN_POINT ( 'NONE',  ( 3.350000000000000089, 2.916106516836013185, -2.700000000000000178 ) ) ;
#1748 = CARTESIAN_POINT ( 'NONE',  ( 2.400000000000000355, 0.2576745081382136870, -4.331925126797040448 ) ) ;
#1749 = AXIS2_PLACEMENT_3D ( 'NONE', #1612, #3328, #209 ) ;
#1750 = CARTESIAN_POINT ( 'NONE',  ( 0.6500000000000001332, 2.416106516836013185, -2.700000000000000178 ) ) ;
#1751 = CARTESIAN_POINT ( 'NONE',  ( 1.399999999999999911, 1.950000000000000178, -2.700000000000000178 ) ) ;
#1752 = MECHANICAL_DESIGN_GEOMETRIC_PRESENTATION_REPRESENTATION (  '', ( #1267 ), #2402 ) ;
#1753 = DIRECTION ( 'NONE',  ( 0.0000000000000000000, -0.0000000000000000000, -1.000000000000000000 ) ) ;
#1754 = DIRECTION ( 'NONE',  ( 0.0000000000000000000, 0.0000000000000000000, 1.000000000000000000 ) ) ;
#1755 = EDGE_CURVE ( 'NONE', #94, #3091, #2942, .T. ) ;
#1756 = CARTESIAN_POINT ( 'NONE',  ( 1.600000000000000089, 3.449999999999999734, -1.729999999999998872 ) ) ;
#1757 = COLOUR_RGB ( '',1.000000000000000000, 0.9960784313725490335, 0.8431372549019607865 ) ;
#1758 = ORIENTED_EDGE ( 'NONE', *, *, #708, .F. ) ;
#1759 = VERTEX_POINT ( 'NONE', #427 ) ;
#1760 = CARTESIAN_POINT ( 'NONE',  ( 2.600000000000000089, 0.2576745081382136870, -4.331925126797040448 ) ) ;
#1761 = EDGE_CURVE ( 'NONE', #3480, #2216, #2718, .T. ) ;
#1762 = DIRECTION ( 'NONE',  ( 1.000000000000000000, 0.0000000000000000000, 0.0000000000000000000 ) ) ;
#1763 = DIRECTION ( 'NONE',  ( -0.0000000000000000000, -0.0000000000000000000, -1.000000000000000000 ) ) ;
#1764 = DIRECTION ( 'NONE',  ( -1.000000000000000000, -0.0000000000000000000, -0.0000000000000000000 ) ) ;
#1765 = DIRECTION ( 'NONE',  ( 1.000000000000000000, 0.0000000000000000000, 0.0000000000000000000 ) ) ;
#1766 = ORIENTED_EDGE ( 'NONE', *, *, #2094, .F. ) ;
#1767 = FACE_OUTER_BOUND ( 'NONE', #3081, .T. ) ;
#1768 = DIRECTION ( 'NONE',  ( 1.000000000000000000, -0.0000000000000000000, -0.0000000000000000000 ) ) ;
#1769 = CARTESIAN_POINT ( 'NONE',  ( 0.6500000000000000222, 2.916106516836013185, -2.700000000000000178 ) ) ;
#1770 = CARTESIAN_POINT ( 'NONE',  ( 0.6500000000000000222, 2.916106516836013185, -0.04999999999999883010 ) ) ;
#1771 = FACE_OUTER_BOUND ( 'NONE', #2633, .T. ) ;
#1772 = AXIS2_PLACEMENT_3D ( 'NONE', #273, #1616, #2198 ) ;
#1773 = CARTESIAN_POINT ( 'NONE',  ( 3.500000000000000000, 0.9999999999999997780, -0.5000000000000000000 ) ) ;
#1774 = ORIENTED_EDGE ( 'NONE', *, *, #1086, .F. ) ;
#1775 = EDGE_CURVE ( 'NONE', #457, #1296, #1032, .T. ) ;
#1776 = VERTEX_POINT ( 'NONE', #1573 ) ;
#1777 = STYLED_ITEM ( 'NONE', ( #362 ), #2305 ) ;
#1778 = LINE ( 'NONE', #2620, #1632 ) ;
#1779 = CARTESIAN_POINT ( 'NONE',  ( 1.399999999999999911, 0.2576745081382136870, -4.331925126797040448 ) ) ;
#1780 = ORIENTED_EDGE ( 'NONE', *, *, #181, .T. ) ;
#1781 = SURFACE_SIDE_STYLE ('',( #2590 ) ) ;
#1782 = DIRECTION ( 'NONE',  ( -0.0000000000000000000, 0.0000000000000000000, 1.000000000000000000 ) ) ;
#1783 = VECTOR ( 'NONE', #3120, 1000.000000000000000 ) ;
#1784 = ORIENTED_EDGE ( 'NONE', *, *, #2952, .F. ) ;
#1785 = ORIENTED_EDGE ( 'NONE', *, *, #1675, .T. ) ;
#1786 =( LENGTH_UNIT ( ) NAMED_UNIT ( * ) SI_UNIT ( .MILLI., .METRE. ) );
#1787 = SURFACE_STYLE_USAGE ( .BOTH. , #2047 ) ;
#1788 = CARTESIAN_POINT ( 'NONE',  ( 0.3000000000000000444, 0.3519398121261264056, -0.08291854158314553025 ) ) ;
#1789 =( LENGTH_UNIT ( ) NAMED_UNIT ( * ) SI_UNIT ( .MILLI., .METRE. ) );
#1790 = CARTESIAN_POINT ( 'NONE',  ( 0.5000000000000000000, 0.0000000000000000000, 0.0000000000000000000 ) ) ;
#1791 = FILL_AREA_STYLE ('',( #955 ) ) ;
#1792 = ORIENTED_EDGE ( 'NONE', *, *, #3536, .F. ) ;
#1793 = ORIENTED_EDGE ( 'NONE', *, *, #2433, .T. ) ;
#1794 =( LENGTH_UNIT ( ) NAMED_UNIT ( * ) SI_UNIT ( .MILLI., .METRE. ) );
#1795 = DIRECTION ( 'NONE',  ( 1.000000000000000000, -0.0000000000000000000, -0.0000000000000000000 ) ) ;
#1796 = ADVANCED_FACE ( 'NONE', ( #3197 ), #686, .F. ) ;
#1797 = ORIENTED_EDGE ( 'NONE', *, *, #229, .F. ) ;
#1798 = DIRECTION ( 'NONE',  ( -1.204669080539449344E-16, 1.000000000000000000, 0.0000000000000000000 ) ) ;
#1799 = FACE_OUTER_BOUND ( 'NONE', #393, .T. ) ;
#1800 =( NAMED_UNIT ( * ) SI_UNIT ( $, .STERADIAN. ) SOLID_ANGLE_UNIT ( ) );
#1801 = ADVANCED_FACE ( 'NONE', ( #1252 ), #2377, .F. ) ;
#1802 = EDGE_LOOP ( 'NONE', ( #2916, #2036, #1900, #1013 ) ) ;
#1803 = VERTEX_POINT ( 'NONE', #1821 ) ;
#1804 = VECTOR ( 'NONE', #2829, 1000.000000000000000 ) ;
#1805 = FILL_AREA_STYLE ('',( #2756 ) ) ;
#1806 = FILL_AREA_STYLE_COLOUR ( '', #1641 ) ;
#1807 = ADVANCED_FACE ( 'NONE', ( #1535 ), #1513, .F. ) ;
#1808 = UNCERTAINTY_MEASURE_WITH_UNIT (LENGTH_MEASURE( 1.000000000000000082E-05 ), #2762, 'distance_accuracy_value', 'NONE');
#1809 = AXIS2_PLACEMENT_3D ( 'NONE', #1390, #2523, #801 ) ;
#1810 = ORIENTED_EDGE ( 'NONE', *, *, #3473, .T. ) ;
#1811 = CARTESIAN_POINT ( 'NONE',  ( 1.600000000000000089, -0.04232549186178630185, -4.150000000000000355 ) ) ;
#1812 = PRESENTATION_LAYER_ASSIGNMENT (  '', '', ( #3385 ) ) ;
#1813 = DIRECTION ( 'NONE',  ( 0.0000000000000000000, -1.000000000000000000, 0.0000000000000000000 ) ) ;
#1814 =( GEOMETRIC_REPRESENTATION_CONTEXT ( 3 ) GLOBAL_UNCERTAINTY_ASSIGNED_CONTEXT ( ( #682 ) ) GLOBAL_UNIT_ASSIGNED_CONTEXT ( ( #263, #2506, #3104 ) ) REPRESENTATION_CONTEXT ( 'NONE', 'WORKASPACE' ) );
#1815 = ORIENTED_EDGE ( 'NONE', *, *, #2676, .T. ) ;
#1816 = VERTEX_POINT ( 'NONE', #795 ) ;
#1817 = SURFACE_STYLE_USAGE ( .BOTH. , #2903 ) ;
#1818 = VECTOR ( 'NONE', #900, 1000.000000000000000 ) ;
#1819 = VECTOR ( 'NONE', #2250, 1000.000000000000000 ) ;
#1820 = SURFACE_STYLE_FILL_AREA ( #155 ) ;
#1821 = CARTESIAN_POINT ( 'NONE',  ( 3.500000000000000000, 0.1000000000000000056, -1.500000000000000000 ) ) ;
#1822 =( NAMED_UNIT ( * ) PLANE_ANGLE_UNIT ( ) SI_UNIT ( $, .RADIAN. ) );
#1823 = ADVANCED_FACE ( 'NONE', ( #3329 ), #1403, .F. ) ;
#1824 =( NAMED_UNIT ( * ) PLANE_ANGLE_UNIT ( ) SI_UNIT ( $, .RADIAN. ) );
#1825 = DIRECTION ( 'NONE',  ( 0.0000000000000000000, -0.7071067811865462405, -0.7071067811865489050 ) ) ;
#1826 = EDGE_LOOP ( 'NONE', ( #150, #1576, #813, #3586 ) ) ;
#1827 = EDGE_CURVE ( 'NONE', #178, #1733, #2480, .T. ) ;
#1828 = EDGE_CURVE ( 'NONE', #1239, #207, #518, .T. ) ;
#1829 = CARTESIAN_POINT ( 'NONE',  ( 3.750000000000000000, 1.516106516836013052, -2.700000000000000178 ) ) ;
#1830 = CARTESIAN_POINT ( 'NONE',  ( 0.2500000000000000555, 2.416106516836013185, -2.700000000000000178 ) ) ;
#1831 =( GEOMETRIC_REPRESENTATION_CONTEXT ( 3 ) GLOBAL_UNCERTAINTY_ASSIGNED_CONTEXT ( ( #493 ) ) GLOBAL_UNIT_ASSIGNED_CONTEXT ( ( #2382, #1822, #2703 ) ) REPRESENTATION_CONTEXT ( 'NONE', 'WORKASPACE' ) );
#1832 = ORIENTED_EDGE ( 'NONE', *, *, #1086, .T. ) ;
#1833 = VERTEX_POINT ( 'NONE', #536 ) ;
#1834 = CARTESIAN_POINT ( 'NONE',  ( 1.600000000000000089, 3.449999999999999734, -1.249999999999998890 ) ) ;
#1835 = FACE_OUTER_BOUND ( 'NONE', #2726, .T. ) ;
#1836 = ORIENTED_EDGE ( 'NONE', *, *, #1918, .T. ) ;
#1837 =( NAMED_UNIT ( * ) SI_UNIT ( $, .STERADIAN. ) SOLID_ANGLE_UNIT ( ) );
#1838 = FILL_AREA_STYLE ('',( #2393 ) ) ;
#1839 = CARTESIAN_POINT ( 'NONE',  ( 3.399999999999999911, 2.466106516836013007, 0.0000000000000000000 ) ) ;
#1840 = ORIENTED_EDGE ( 'NONE', *, *, #352, .T. ) ;
#1841 = ORIENTED_EDGE ( 'NONE', *, *, #3000, .F. ) ;
#1842 = LINE ( 'NONE', #3551, #1102 ) ;
#1843 = ORIENTED_EDGE ( 'NONE', *, *, #902, .F. ) ;
#1844 = VECTOR ( 'NONE', #2669, 1000.000000000000000 ) ;
#1845 = LINE ( 'NONE', #469, #2083 ) ;
#1846 = CARTESIAN_POINT ( 'NONE',  ( 1.600000000000000089, 3.449999999999999734, -1.249999999999998890 ) ) ;
#1847 = CARTESIAN_POINT ( 'NONE',  ( 3.500000000000000000, 0.1000000000000000056, 0.0000000000000000000 ) ) ;
#1848 = LINE ( 'NONE', #1075, #1626 ) ;
#1849 = EDGE_CURVE ( 'NONE', #962, #1275, #270, .T. ) ;
#1850 = CARTESIAN_POINT ( 'NONE',  ( 3.350000000000000089, 2.416106516836013185, -0.04999999999999883010 ) ) ;
#1851 = EDGE_CURVE ( 'NONE', #1417, #434, #1123, .T. ) ;
#1852 = VERTEX_POINT ( 'NONE', #1679 ) ;
#1853 = DIRECTION ( 'NONE',  ( 0.0000000000000000000, 1.000000000000000000, 0.0000000000000000000 ) ) ;
#1854 = SURFACE_SIDE_STYLE ('',( #157 ) ) ;
#1855 =( LENGTH_UNIT ( ) NAMED_UNIT ( * ) SI_UNIT ( .MILLI., .METRE. ) );
#1856 = ORIENTED_EDGE ( 'NONE', *, *, #461, .F. ) ;
#1857 = ORIENTED_EDGE ( 'NONE', *, *, #552, .F. ) ;
#1858 = SURFACE_STYLE_USAGE ( .BOTH. , #1256 ) ;
#1859 = FACE_OUTER_BOUND ( 'NONE', #1378, .T. ) ;
#1860 = LINE ( 'NONE', #167, #3499 ) ;
#1861 = DIRECTION ( 'NONE',  ( -0.0000000000000000000, -1.000000000000000000, -1.290716872006553027E-16 ) ) ;
#1862 = STYLED_ITEM ( 'NONE', ( #1976 ), #137 ) ;
#1863 = CARTESIAN_POINT ( 'NONE',  ( 0.5000000000000000000, -0.07000000000000013156, -0.1938796242522536351 ) ) ;
#1864 = EDGE_LOOP ( 'NONE', ( #781, #2870, #3367, #2407 ) ) ;
#1865 = STYLED_ITEM ( 'NONE', ( #113 ), #414 ) ;
#1866 = ORIENTED_EDGE ( 'NONE', *, *, #891, .T. ) ;
#1867 = EDGE_CURVE ( 'NONE', #654, #2749, #1912, .T. ) ;
#1868 = CARTESIAN_POINT ( 'NONE',  ( 2.400000000000000355, 3.449999999999999734, -1.249999999999998890 ) ) ;
#1869 = VECTOR ( 'NONE', #2300, 1000.000000000000000 ) ;
#1870 = MECHANICAL_DESIGN_GEOMETRIC_PRESENTATION_REPRESENTATION (  '', ( #2754 ), #1634 ) ;
#1871 =( LENGTH_UNIT ( ) NAMED_UNIT ( * ) SI_UNIT ( .MILLI., .METRE. ) );
#1872 =( GEOMETRIC_REPRESENTATION_CONTEXT ( 3 ) GLOBAL_UNCERTAINTY_ASSIGNED_CONTEXT ( ( #543 ) ) GLOBAL_UNIT_ASSIGNED_CONTEXT ( ( #3152, #1524, #2386 ) ) REPRESENTATION_CONTEXT ( 'NONE', 'WORKASPACE' ) );
#1873 = EDGE_CURVE ( 'NONE', #2895, #316, #1381, .T. ) ;
#1874 = CARTESIAN_POINT ( 'NONE',  ( 4.000000000000000000, 1.700000000000000178, -3.750000000000000000 ) ) ;
#1875 = ORIENTED_EDGE ( 'NONE', *, *, #271, .F. ) ;
#1876 = EDGE_LOOP ( 'NONE', ( #2956, #2855, #437, #623, #1247, #1089, #139, #3472, #360, #2739, #1184, #2565 ) ) ;
#1877 = DIRECTION ( 'NONE',  ( -0.0000000000000000000, 1.000000000000000000, 0.0000000000000000000 ) ) ;
#1878 = STYLED_ITEM ( 'NONE', ( #440 ), #1796 ) ;
#1879 = DIRECTION ( 'NONE',  ( 0.0000000000000000000, -2.168404344971008868E-16, 1.000000000000000000 ) ) ;
#1880 = ORIENTED_EDGE ( 'NONE', *, *, #3521, .T. ) ;
#1881 = CARTESIAN_POINT ( 'NONE',  ( 4.000000000000000000, 0.3245329449495911178, -4.250000000000000000 ) ) ;
#1882 = LINE ( 'NONE', #2988, #448 ) ;
#1883 = FACE_OUTER_BOUND ( 'NONE', #2188, .T. ) ;
#1884 = ORIENTED_EDGE ( 'NONE', *, *, #2324, .T. ) ;
#1885 = DIRECTION ( 'NONE',  ( -0.0000000000000000000, 0.0000000000000000000, -1.000000000000000000 ) ) ;
#1886 = VECTOR ( 'NONE', #1980, 1000.000000000000000 ) ;
#1887 = EDGE_CURVE ( 'NONE', #3386, #2817, #3348, .T. ) ;
#1888 = VECTOR ( 'NONE', #1411, 1000.000000000000000 ) ;
#1889 = LINE ( 'NONE', #2211, #2022 ) ;
#1890 = PLANE ( 'NONE',  #1749 ) ;
#1891 = SURFACE_STYLE_USAGE ( .BOTH. , #1854 ) ;
#1892 = CARTESIAN_POINT ( 'NONE',  ( 3.700000000000000178, -0.07000000000000011768, -1.329999999999998961 ) ) ;
#1893 = AXIS2_PLACEMENT_3D ( 'NONE', #498, #3588, #1368 ) ;
#1894 = VECTOR ( 'NONE', #223, 1000.000000000000000 ) ;
#1895 = EDGE_CURVE ( 'NONE', #2645, #213, #851, .T. ) ;
#1896 = ORIENTED_EDGE ( 'NONE', *, *, #2072, .T. ) ;
#1897 = CARTESIAN_POINT ( 'NONE',  ( 0.3000000000000000444, 0.9999999999999997780, 0.0000000000000000000 ) ) ;
#1898 = COLOUR_RGB ( '',0.8509803921568627194, 0.8509803921568627194, 0.8509803921568627194 ) ;
#1899 = DIRECTION ( 'NONE',  ( 0.0000000000000000000, 0.0000000000000000000, 1.000000000000000000 ) ) ;
#1900 = ORIENTED_EDGE ( 'NONE', *, *, #2605, .T. ) ;
#1901 = CARTESIAN_POINT ( 'NONE',  ( 4.000000000000000000, 0.0000000000000000000, 0.0000000000000000000 ) ) ;
#1902 = CARTESIAN_POINT ( 'NONE',  ( 0.5000000000000000000, 0.1238796242522527818, 0.0000000000000000000 ) ) ;
#1903 = DIRECTION ( 'NONE',  ( -0.5773502691896307271, 0.5773502691896282846, 0.5773502691896184036 ) ) ;
#1904 =( NAMED_UNIT ( * ) SI_UNIT ( $, .STERADIAN. ) SOLID_ANGLE_UNIT ( ) );
#1905 = COLOUR_RGB ( '',0.8509803921568627194, 0.8509803921568627194, 0.8509803921568627194 ) ;
#1906 = ORIENTED_EDGE ( 'NONE', *, *, #1851, .F. ) ;
#1907 = DIRECTION ( 'NONE',  ( 0.0000000000000000000, 0.0000000000000000000, -1.000000000000000000 ) ) ;
#1908 = UNCERTAINTY_MEASURE_WITH_UNIT (LENGTH_MEASURE( 1.000000000000000082E-05 ), #3485, 'distance_accuracy_value', 'NONE');
#1909 = ORIENTED_EDGE ( 'NONE', *, *, #3565, .F. ) ;
#1910 = DIRECTION ( 'NONE',  ( 0.0000000000000000000, -2.168404344971008868E-16, 1.000000000000000000 ) ) ;
#1911 = CARTESIAN_POINT ( 'NONE',  ( 1.399999999999999911, 0.1000000000000000056, -3.975601157859501189 ) ) ;
#1912 = LINE ( 'NONE', #1365, #397 ) ;
#1913 = EDGE_CURVE ( 'NONE', #2247, #3480, #1930, .T. ) ;
#1914 = LINE ( 'NONE', #2553, #2335 ) ;
#1915 = VERTEX_POINT ( 'NONE', #1613 ) ;
#1916 =( NAMED_UNIT ( * ) SI_UNIT ( $, .STERADIAN. ) SOLID_ANGLE_UNIT ( ) );
#1917 = SURFACE_STYLE_FILL_AREA ( #2796 ) ;
#1918 = EDGE_CURVE ( 'NONE', #421, #1681, #3305, .T. ) ;
#1919 = FILL_AREA_STYLE_COLOUR ( '', #945 ) ;
#1920 = ORIENTED_EDGE ( 'NONE', *, *, #1827, .T. ) ;
#1921 = CARTESIAN_POINT ( 'NONE',  ( 0.7499999999999997780, 0.1000000000000000056, -4.814824860968089633E-32 ) ) ;
#1922 = PLANE ( 'NONE',  #807 ) ;
#1923 = DIRECTION ( 'NONE',  ( 0.0000000000000000000, 1.000000000000000000, 1.290716872006553027E-16 ) ) ;
#1924 = EDGE_LOOP ( 'NONE', ( #965, #3302, #1450, #133 ) ) ;
#1925 = MECHANICAL_DESIGN_GEOMETRIC_PRESENTATION_REPRESENTATION (  '', ( #3490 ), #2114 ) ;
#1926 = EDGE_LOOP ( 'NONE', ( #226, #665, #2530, #690, #3540, #2360, #2557, #292, #2222, #3012, #2106, #3044 ) ) ;
#1927 = CARTESIAN_POINT ( 'NONE',  ( 3.250000000000000444, 0.1000000000000000056, 3.061616997868382155E-16 ) ) ;
#1928 = DIRECTION ( 'NONE',  ( 0.0000000000000000000, -0.5735764363510449382, 0.8191520442889926867 ) ) ;
#1929 = VECTOR ( 'NONE', #3564, 1000.000000000000000 ) ;
#1930 = LINE ( 'NONE', #3585, #228 ) ;
#1931 = COLOUR_RGB ( '',0.8509803921568627194, 0.8509803921568627194, 0.8509803921568627194 ) ;
#1932 = VECTOR ( 'NONE', #487, 1000.000000000000000 ) ;
#1933 = FACE_OUTER_BOUND ( 'NONE', #3433, .T. ) ;
#1934 = DIRECTION ( 'NONE',  ( -1.000000000000000000, -0.0000000000000000000, -0.0000000000000000000 ) ) ;
#1935 = VECTOR ( 'NONE', #1314, 1000.000000000000000 ) ;
#1936 = DIRECTION ( 'NONE',  ( -1.000000000000000000, 0.0000000000000000000, -0.0000000000000000000 ) ) ;
#1937 = ORIENTED_EDGE ( 'NONE', *, *, #2723, .T. ) ;
#1938 = EDGE_CURVE ( 'NONE', #1664, #1420, #1330, .T. ) ;
#1939 = CARTESIAN_POINT ( 'NONE',  ( 1.399999999999999911, 0.1000000000000000056, 0.0000000000000000000 ) ) ;
#1940 = VECTOR ( 'NONE', #1732, 1000.000000000000000 ) ;
#1941 = CARTESIAN_POINT ( 'NONE',  ( 0.7499999999999997780, 0.1000000000000000056, -4.814824860968089633E-32 ) ) ;
#1942 = SURFACE_STYLE_FILL_AREA ( #809 ) ;
#1943 = EDGE_CURVE ( 'NONE', #3535, #1290, #2774, .T. ) ;
#1944 = EDGE_CURVE ( 'NONE', #1516, #2640, #418, .T. ) ;
#1945 = ORIENTED_EDGE ( 'NONE', *, *, #2388, .T. ) ;
#1946 = ORIENTED_EDGE ( 'NONE', *, *, #3136, .F. ) ;
#1947 = UNCERTAINTY_MEASURE_WITH_UNIT (LENGTH_MEASURE( 1.000000000000000082E-05 ), #1009, 'distance_accuracy_value', 'NONE');
#1948 = EDGE_CURVE ( 'NONE', #1726, #1686, #2055, .T. ) ;
#1949 = CARTESIAN_POINT ( 'NONE',  ( 1.600000000000000089, 2.350000000000000089, -0.9000000000000002442 ) ) ;
#1950 = DIRECTION ( 'NONE',  ( 0.0000000000000000000, -1.000000000000000000, -1.290716872006553027E-16 ) ) ;
#1951 = DIRECTION ( 'NONE',  ( -1.000000000000000000, 0.0000000000000000000, 0.0000000000000000000 ) ) ;
#1952 = ORIENTED_EDGE ( 'NONE', *, *, #483, .T. ) ;
#1953 = VECTOR ( 'NONE', #2504, 1000.000000000000000 ) ;
#1954 = SURFACE_STYLE_FILL_AREA ( #3495 ) ;
#1955 = CARTESIAN_POINT ( 'NONE',  ( 1.600000000000000089, 0.09999999999999996392, -3.975601157859501189 ) ) ;
#1956 = VECTOR ( 'NONE', #378, 1000.000000000000000 ) ;
#1957 = DIRECTION ( 'NONE',  ( 0.0000000000000000000, 0.0000000000000000000, -1.000000000000000000 ) ) ;
#1958 = VECTOR ( 'NONE', #2421, 1000.000000000000000 ) ;
#1959 =( LENGTH_UNIT ( ) NAMED_UNIT ( * ) SI_UNIT ( .MILLI., .METRE. ) );
#1960 = EDGE_LOOP ( 'NONE', ( #2181, #63, #2063, #388 ) ) ;
#1961 = LINE ( 'NONE', #1939, #120 ) ;
#1962 = PRESENTATION_LAYER_ASSIGNMENT (  '', '', ( #1725 ) ) ;
#1963 = DIRECTION ( 'NONE',  ( 1.000000000000000000, 0.0000000000000000000, 0.0000000000000000000 ) ) ;
#1964 = DIRECTION ( 'NONE',  ( -1.000000000000000000, 0.0000000000000000000, -1.084202172485504434E-16 ) ) ;
#1965 = PLANE ( 'NONE',  #1000 ) ;
#1966 = EDGE_CURVE ( 'NONE', #3276, #2895, #3505, .T. ) ;
#1967 = VERTEX_POINT ( 'NONE', #1543 ) ;
#1968 =( NAMED_UNIT ( * ) PLANE_ANGLE_UNIT ( ) SI_UNIT ( $, .RADIAN. ) );
#1969 = EDGE_CURVE ( 'NONE', #1006, #566, #1226, .T. ) ;
#1970 = STYLED_ITEM ( 'NONE', ( #3401 ), #3342 ) ;
#1971 = VERTEX_POINT ( 'NONE', #112 ) ;
#1972 = AXIS2_PLACEMENT_3D ( 'NONE', #714, #403, #1559 ) ;
#1973 = CARTESIAN_POINT ( 'NONE',  ( 2.400000000000000355, -0.04232549186178630185, -4.950000000000000178 ) ) ;
#1974 = DIRECTION ( 'NONE',  ( 0.0000000000000000000, 1.000000000000000000, 0.0000000000000000000 ) ) ;
#1975 = EDGE_CURVE ( 'NONE', #1006, #2749, #1991, .T. ) ;
#1976 = PRESENTATION_STYLE_ASSIGNMENT (( #2758 ) ) ;
#1977 = EDGE_LOOP ( 'NONE', ( #301, #1797, #3313, #2508 ) ) ;
#1978 = CARTESIAN_POINT ( 'NONE',  ( 0.5000000000000000000, 0.8299999999999997380, 0.0000000000000000000 ) ) ;
#1979 = CARTESIAN_POINT ( 'NONE',  ( 4.000000000000000000, 0.0000000000000000000, -0.9000000000000002442 ) ) ;
#1980 = DIRECTION ( 'NONE',  ( -1.000000000000000000, 0.0000000000000000000, 0.0000000000000000000 ) ) ;
#1981 = ORIENTED_EDGE ( 'NONE', *, *, #2280, .T. ) ;
#1982 = CARTESIAN_POINT ( 'NONE',  ( 1.399999999999999911, -0.04232549186178630185, -4.950000000000000178 ) ) ;
#1983 = DIRECTION ( 'NONE',  ( -0.0000000000000000000, -1.000000000000000000, -0.0000000000000000000 ) ) ;
#1984 = CARTESIAN_POINT ( 'NONE',  ( 1.399999999999999911, -0.04232549186178630185, -4.150000000000000355 ) ) ;
#1985 =( NAMED_UNIT ( * ) SI_UNIT ( $, .STERADIAN. ) SOLID_ANGLE_UNIT ( ) );
#1986 = ORIENTED_EDGE ( 'NONE', *, *, #2832, .F. ) ;
#1987 = DIRECTION ( 'NONE',  ( 1.000000000000000000, -0.0000000000000000000, 0.0000000000000000000 ) ) ;
#1988 = VERTEX_POINT ( 'NONE', #365 ) ;
#1989 = ADVANCED_FACE ( 'NONE', ( #1771 ), #2672, .T. ) ;
#1990 = FACE_OUTER_BOUND ( 'NONE', #1540, .T. ) ;
#1991 = LINE ( 'NONE', #2368, #710 ) ;
#1992 = DIRECTION ( 'NONE',  ( 0.0000000000000000000, 0.6322674225171868168, 0.7747502219576791749 ) ) ;
#1993 = VECTOR ( 'NONE', #2567, 1000.000000000000000 ) ;
#1994 = VERTEX_POINT ( 'NONE', #3469 ) ;
#1995 = LINE ( 'NONE', #2040, #2195 ) ;
#1996 = AXIS2_PLACEMENT_3D ( 'NONE', #2563, #3344, #3595 ) ;
#1997 = DIRECTION ( 'NONE',  ( 0.0000000000000000000, 0.0000000000000000000, -1.000000000000000000 ) ) ;
#1998 = DIRECTION ( 'NONE',  ( -0.0000000000000000000, 0.0000000000000000000, 1.000000000000000000 ) ) ;
#1999 = STYLED_ITEM ( 'NONE', ( #2277 ), #1317 ) ;
#2000 = ORIENTED_EDGE ( 'NONE', *, *, #1362, .F. ) ;
#2001 = SURFACE_SIDE_STYLE ('',( #858 ) ) ;
#2002 =( GEOMETRIC_REPRESENTATION_CONTEXT ( 3 ) GLOBAL_UNCERTAINTY_ASSIGNED_CONTEXT ( ( #1808 ) ) GLOBAL_UNIT_ASSIGNED_CONTEXT ( ( #2762, #289, #854 ) ) REPRESENTATION_CONTEXT ( 'NONE', 'WORKASPACE' ) );
#2003 = DIRECTION ( 'NONE',  ( 1.000000000000000000, -4.818676322157797375E-16, 0.0000000000000000000 ) ) ;
#2004 = AXIS2_PLACEMENT_3D ( 'NONE', #1036, #429, #1279 ) ;
#2005 = PRESENTATION_STYLE_ASSIGNMENT (( #3403 ) ) ;
#2006 = ORIENTED_EDGE ( 'NONE', *, *, #109, .F. ) ;
#2007 = SURFACE_STYLE_FILL_AREA ( #1143 ) ;
#2008 = EDGE_CURVE ( 'NONE', #2895, #92, #1481, .T. ) ;
#2009 = EDGE_LOOP ( 'NONE', ( #528, #2760, #27, #3137 ) ) ;
#2010 = LINE ( 'NONE', #591, #1940 ) ;
#2011 = EDGE_LOOP ( 'NONE', ( #2584, #2802, #490, #1434 ) ) ;
#2012 = PRESENTATION_STYLE_ASSIGNMENT (( #3398 ) ) ;
#2013 = AXIS2_PLACEMENT_3D ( 'NONE', #2334, #2812, #837 ) ;
#2014 = CARTESIAN_POINT ( 'NONE',  ( 3.750000000000000000, 1.516106516836013052, -0.04999999999999883010 ) ) ;
#2015 = CARTESIAN_POINT ( 'NONE',  ( 1.600000000000000089, 2.350000000000000089, -2.700000000000000178 ) ) ;
#2016 = CARTESIAN_POINT ( 'NONE',  ( 1.600000000000000089, 3.200000000000000178, -1.000000000000000000 ) ) ;
#2017 =( NAMED_UNIT ( * ) PLANE_ANGLE_UNIT ( ) SI_UNIT ( $, .RADIAN. ) );
#2018 = FACE_OUTER_BOUND ( 'NONE', #2448, .T. ) ;
#2019 = ORIENTED_EDGE ( 'NONE', *, *, #2414, .F. ) ;
#2020 = CARTESIAN_POINT ( 'NONE',  ( 0.5000000000000000000, 0.4999999999999997780, -0.5000000000000000000 ) ) ;
#2021 = DIRECTION ( 'NONE',  ( 0.0000000000000000000, 1.192877748288698639E-17, -1.000000000000000000 ) ) ;
#2022 = VECTOR ( 'NONE', #3056, 1000.000000000000000 ) ;
#2023 = EDGE_LOOP ( 'NONE', ( #734, #1121, #969, #1937 ) ) ;
#2024 = DIRECTION ( 'NONE',  ( 0.0000000000000000000, -1.000000000000000000, 0.0000000000000000000 ) ) ;
#2025 = EDGE_CURVE ( 'NONE', #1057, #1776, #3153, .T. ) ;
#2026 =( NAMED_UNIT ( * ) PLANE_ANGLE_UNIT ( ) SI_UNIT ( $, .RADIAN. ) );
#2027 = UNCERTAINTY_MEASURE_WITH_UNIT (LENGTH_MEASURE( 1.000000000000000082E-05 ), #2497, 'distance_accuracy_value', 'NONE');
#2028 = LINE ( 'NONE', #578, #1888 ) ;
#2029 = ADVANCED_FACE ( 'NONE', ( #2920 ), #3094, .F. ) ;
#2030 = CARTESIAN_POINT ( 'NONE',  ( 0.0000000000000000000, 0.0000000000000000000, 0.0000000000000000000 ) ) ;
#2031 = DIRECTION ( 'NONE',  ( 0.0000000000000000000, 0.0000000000000000000, -1.000000000000000000 ) ) ;
#2032 = CARTESIAN_POINT ( 'NONE',  ( 3.750000000000000444, 2.416106516836013185, -0.04999999999999883010 ) ) ;
#2033 = EDGE_CURVE ( 'NONE', #3034, #631, #346, .T. ) ;
#2034 =( NAMED_UNIT ( * ) PLANE_ANGLE_UNIT ( ) SI_UNIT ( $, .RADIAN. ) );
#2035 = LINE ( 'NONE', #619, #2173 ) ;
#2036 = ORIENTED_EDGE ( 'NONE', *, *, #575, .T. ) ;
#2037 = ORIENTED_EDGE ( 'NONE', *, *, #39, .F. ) ;
#2038 = LINE ( 'NONE', #702, #2750 ) ;
#2039 = FILL_AREA_STYLE_COLOUR ( '', #1205 ) ;
#2040 = CARTESIAN_POINT ( 'NONE',  ( 2.600000000000000089, 0.0000000000000000000, -4.250000000000000000 ) ) ;
#2041 = COLOUR_RGB ( '',0.8509803921568627194, 0.8509803921568627194, 0.8509803921568627194 ) ;
#2042 = PLANE ( 'NONE',  #563 ) ;
#2043 = ORIENTED_EDGE ( 'NONE', *, *, #2184, .F. ) ;
#2044 = VECTOR ( 'NONE', #2221, 1000.000000000000000 ) ;
#2045 = ORIENTED_EDGE ( 'NONE', *, *, #2838, .F. ) ;
#2046 = DIRECTION ( 'NONE',  ( 0.0000000000000000000, -0.0000000000000000000, 1.000000000000000000 ) ) ;
#2047 = SURFACE_SIDE_STYLE ('',( #1428 ) ) ;
#2048 = CARTESIAN_POINT ( 'NONE',  ( 0.7500000000000001110, 0.1000000000000000056, -3.000000000000000000 ) ) ;
#2049 = AXIS2_PLACEMENT_3D ( 'NONE', #3489, #1266, #3436 ) ;
#2050 = STYLED_ITEM ( 'NONE', ( #2177 ), #10 ) ;
#2051 = ADVANCED_FACE ( 'NONE', ( #77 ), #1192, .F. ) ;
#2052 = PRESENTATION_LAYER_ASSIGNMENT (  '', '', ( #3204 ) ) ;
#2053 = FACE_OUTER_BOUND ( 'NONE', #386, .T. ) ;
#2054 = FACE_OUTER_BOUND ( 'NONE', #1175, .T. ) ;
#2055 = LINE ( 'NONE', #3172, #2119 ) ;
#2056 = PLANE ( 'NONE',  #1638 ) ;
#2057 = EDGE_CURVE ( 'NONE', #504, #1624, #3243, .T. ) ;
#2058 = ORIENTED_EDGE ( 'NONE', *, *, #989, .F. ) ;
#2059 = ORIENTED_EDGE ( 'NONE', *, *, #3389, .F. ) ;
#2060 = MECHANICAL_DESIGN_GEOMETRIC_PRESENTATION_REPRESENTATION (  '', ( #1278 ), #2867 ) ;
#2061 =( NAMED_UNIT ( * ) SI_UNIT ( $, .STERADIAN. ) SOLID_ANGLE_UNIT ( ) );
#2062 = DIRECTION ( 'NONE',  ( -0.7071067811865414665, 0.0000000000000000000, 0.7071067811865536790 ) ) ;
#2063 = ORIENTED_EDGE ( 'NONE', *, *, #3154, .T. ) ;
#2064 = CARTESIAN_POINT ( 'NONE',  ( 2.449999999999989519, 1.416106516836023177, -0.9499999999999934053 ) ) ;
#2065 = DIRECTION ( 'NONE',  ( 0.0000000000000000000, 0.0000000000000000000, 1.000000000000000000 ) ) ;
#2066 = LINE ( 'NONE', #1738, #1541 ) ;
#2067 = ADVANCED_FACE ( 'NONE', ( #3299 ), #1342, .F. ) ;
#2068 = DIRECTION ( 'NONE',  ( 0.0000000000000000000, 0.0000000000000000000, 1.000000000000000000 ) ) ;
#2069 = VECTOR ( 'NONE', #3424, 1000.000000000000000 ) ;
#2070 = ORIENTED_EDGE ( 'NONE', *, *, #400, .F. ) ;
#2071 = VERTEX_POINT ( 'NONE', #3560 ) ;
#2072 = EDGE_CURVE ( 'NONE', #2352, #1727, #1061, .T. ) ;
#2073 = FILL_AREA_STYLE ('',( #2390 ) ) ;
#2074 = DIRECTION ( 'NONE',  ( 1.445602896647339163E-16, 0.0000000000000000000, -1.000000000000000000 ) ) ;
#2075 = EDGE_LOOP ( 'NONE', ( #2455, #1843, #3366, #298 ) ) ;
#2076 = LINE ( 'NONE', #2941, #1661 ) ;
#2077 = EDGE_CURVE ( 'NONE', #2396, #3524, #3028, .T. ) ;
#2078 = FACE_OUTER_BOUND ( 'NONE', #1864, .T. ) ;
#2079 = VECTOR ( 'NONE', #250, 1000.000000000000000 ) ;
#2080 = VERTEX_POINT ( 'NONE', #1561 ) ;
#2081 = ORIENTED_EDGE ( 'NONE', *, *, #3049, .T. ) ;
#2082 =( NAMED_UNIT ( * ) SI_UNIT ( $, .STERADIAN. ) SOLID_ANGLE_UNIT ( ) );
#2083 = VECTOR ( 'NONE', #430, 999.9999999999998863 ) ;
#2084 = LINE ( 'NONE', #88, #3502 ) ;
#2085 = FILL_AREA_STYLE ('',( #73 ) ) ;
#2086 = VERTEX_POINT ( 'NONE', #2745 ) ;
#2087 = CARTESIAN_POINT ( 'NONE',  ( 1.400000000000000133, 0.0000000000000000000, -4.250000000000000000 ) ) ;
#2088 = PLANE ( 'NONE',  #2519 ) ;
#2089 = DIRECTION ( 'NONE',  ( -0.0000000000000000000, -0.0000000000000000000, 1.000000000000000000 ) ) ;
#2090 = EDGE_LOOP ( 'NONE', ( #957, #1619, #677, #533 ) ) ;
#2091 = DIRECTION ( 'NONE',  ( -1.000000000000000000, 0.0000000000000000000, 0.0000000000000000000 ) ) ;
#2092 = ADVANCED_FACE ( 'NONE', ( #1883 ), #3228, .T. ) ;
#2093 = PRESENTATION_STYLE_ASSIGNMENT (( #2644 ) ) ;
#2094 = EDGE_CURVE ( 'NONE', #1466, #1664, #993, .T. ) ;
#2095 =( LENGTH_UNIT ( ) NAMED_UNIT ( * ) SI_UNIT ( .MILLI., .METRE. ) );
#2096 = ADVANCED_BREP_SHAPE_REPRESENTATION ( 'AF4A76FD-6D3F-4593-A404-A47863341BA7', ( #1615, #3419 ), #3476 ) ;
#2097 = EDGE_CURVE ( 'NONE', #3146, #1250, #1041, .T. ) ;
#2098 = VERTEX_POINT ( 'NONE', #1024 ) ;
#2099 = FACE_OUTER_BOUND ( 'NONE', #3039, .T. ) ;
#2100 = VECTOR ( 'NONE', #3406, 1000.000000000000000 ) ;
#2101 = LINE ( 'NONE', #193, #2622 ) ;
#2102 = PLANE ( 'NONE',  #1449 ) ;
#2103 = LINE ( 'NONE', #2650, #3287 ) ;
#2104 = UNCERTAINTY_MEASURE_WITH_UNIT (LENGTH_MEASURE( 1.000000000000000082E-05 ), #1292, 'distance_accuracy_value', 'NONE');
#2105 = VECTOR ( 'NONE', #691, 1000.000000000000000 ) ;
#2106 = ORIENTED_EDGE ( 'NONE', *, *, #895, .F. ) ;
#2107 =( NAMED_UNIT ( * ) PLANE_ANGLE_UNIT ( ) SI_UNIT ( $, .RADIAN. ) );
#2108 = VECTOR ( 'NONE', #772, 1000.000000000000000 ) ;
#2109 = DIRECTION ( 'NONE',  ( 0.0000000000000000000, -1.290716872006553027E-16, 1.000000000000000000 ) ) ;
#2110 = COLOUR_RGB ( '',0.8509803921568627194, 0.8509803921568627194, 0.8509803921568627194 ) ;
#2111 =( NAMED_UNIT ( * ) PLANE_ANGLE_UNIT ( ) SI_UNIT ( $, .RADIAN. ) );
#2112 = DIRECTION ( 'NONE',  ( 0.0000000000000000000, -0.0000000000000000000, -1.000000000000000000 ) ) ;
#2113 = COLOUR_RGB ( '',0.9882352941176471006, 1.000000000000000000, 0.8431372549019607865 ) ;
#2114 =( GEOMETRIC_REPRESENTATION_CONTEXT ( 3 ) GLOBAL_UNCERTAINTY_ASSIGNED_CONTEXT ( ( #1174 ) ) GLOBAL_UNIT_ASSIGNED_CONTEXT ( ( #26, #1740, #366 ) ) REPRESENTATION_CONTEXT ( 'NONE', 'WORKASPACE' ) );
#2115 = ORIENTED_EDGE ( 'NONE', *, *, #375, .T. ) ;
#2116 = ORIENTED_EDGE ( 'NONE', *, *, #2874, .F. ) ;
#2117 =( NAMED_UNIT ( * ) PLANE_ANGLE_UNIT ( ) SI_UNIT ( $, .RADIAN. ) );
#2118 = ORIENTED_EDGE ( 'NONE', *, *, #3180, .T. ) ;
#2119 = VECTOR ( 'NONE', #91, 1000.000000000000000 ) ;
#2120 =( NAMED_UNIT ( * ) SI_UNIT ( $, .STERADIAN. ) SOLID_ANGLE_UNIT ( ) );
#2121 = ORIENTED_EDGE ( 'NONE', *, *, #694, .T. ) ;
#2122 = ORIENTED_EDGE ( 'NONE', *, *, #1938, .T. ) ;
#2123 = SURFACE_SIDE_STYLE ('',( #2683 ) ) ;
#2124 =( NAMED_UNIT ( * ) SI_UNIT ( $, .STERADIAN. ) SOLID_ANGLE_UNIT ( ) );
#2125 = EDGE_CURVE ( 'NONE', #2658, #1803, #716, .T. ) ;
#2126 = PRESENTATION_STYLE_ASSIGNMENT (( #1315 ) ) ;
#2127 = ORIENTED_EDGE ( 'NONE', *, *, #2459, .F. ) ;
#2128 = LINE ( 'NONE', #2706, #2435 ) ;
#2129 = LINE ( 'NONE', #3558, #918 ) ;
#2130 = DIRECTION ( 'NONE',  ( 0.0000000000000000000, 1.192877748288698639E-17, -1.000000000000000000 ) ) ;
#2131 = CARTESIAN_POINT ( 'NONE',  ( 1.600000000000000089, 0.1000000000000000056, 0.0000000000000000000 ) ) ;
#2132 = ORIENTED_EDGE ( 'NONE', *, *, #1675, .F. ) ;
#2133 = ORIENTED_EDGE ( 'NONE', *, *, #3625, .T. ) ;
#2134 = CARTESIAN_POINT ( 'NONE',  ( 2.600000000000000089, 1.950000000000000178, -2.700000000000000178 ) ) ;
#2135 = COLOUR_RGB ( '',0.8509803921568627194, 0.8509803921568627194, 0.8509803921568627194 ) ;
#2136 = VECTOR ( 'NONE', #3353, 1000.000000000000000 ) ;
#2137 = DIRECTION ( 'NONE',  ( 0.0000000000000000000, 0.0000000000000000000, -1.000000000000000000 ) ) ;
#2138 = DIRECTION ( 'NONE',  ( 0.0000000000000000000, -0.8191520442889926867, -0.5735764363510449382 ) ) ;
#2139 = CARTESIAN_POINT ( 'NONE',  ( 3.350000000000000089, 2.916106516836013185, -0.04999999999999883010 ) ) ;
#2140 = ORIENTED_EDGE ( 'NONE', *, *, #2376, .T. ) ;
#2141 = ORIENTED_EDGE ( 'NONE', *, *, #3020, .F. ) ;
#2142 = LINE ( 'NONE', #413, #1575 ) ;
#2143 = DIRECTION ( 'NONE',  ( -0.0000000000000000000, -0.0000000000000000000, -1.000000000000000000 ) ) ;
#2144 = VERTEX_POINT ( 'NONE', #2691 ) ;
#2145 = EDGE_CURVE ( 'NONE', #962, #3091, #3279, .T. ) ;
#2146 = CARTESIAN_POINT ( 'NONE',  ( 3.399999999999999911, 2.966106516836013007, 0.0000000000000000000 ) ) ;
#2147 = PLANE ( 'NONE',  #2482 ) ;
#2148 = MECHANICAL_DESIGN_GEOMETRIC_PRESENTATION_REPRESENTATION (  '', ( #3362 ), #1245 ) ;
#2149 = CARTESIAN_POINT ( 'NONE',  ( 4.000000000000000000, 0.0000000000000000000, 0.0000000000000000000 ) ) ;
#2150 = EDGE_CURVE ( 'NONE', #3179, #504, #2728, .T. ) ;
#2151 = ORIENTED_EDGE ( 'NONE', *, *, #1406, .T. ) ;
#2152 = FACE_BOUND ( 'NONE', #1254, .T. ) ;
#2153 = ORIENTED_EDGE ( 'NONE', *, *, #3101, .T. ) ;
#2154 = LINE ( 'NONE', #793, #1186 ) ;
#2155 = DIRECTION ( 'NONE',  ( 0.0000000000000000000, 0.5735764363510449382, -0.8191520442889926867 ) ) ;
#2156 = SURFACE_SIDE_STYLE ('',( #3548 ) ) ;
#2157 = ORIENTED_EDGE ( 'NONE', *, *, #2411, .F. ) ;
#2158 =( LENGTH_UNIT ( ) NAMED_UNIT ( * ) SI_UNIT ( .MILLI., .METRE. ) );
#2159 = CARTESIAN_POINT ( 'NONE',  ( 3.250000000000000444, 0.1000000000000000056, 3.061616997868382155E-16 ) ) ;
#2160 = CARTESIAN_POINT ( 'NONE',  ( 3.500000000000000000, 0.7719398121261263901, -0.08291854158314547474 ) ) ;
#2161 = ORIENTED_EDGE ( 'NONE', *, *, #3565, .T. ) ;
#2162 = CARTESIAN_POINT ( 'NONE',  ( 4.000000000000000000, 0.1000000000000000056, -1.500000000000000000 ) ) ;
#2163 = DIRECTION ( 'NONE',  ( 0.0000000000000000000, 1.290716872006553027E-16, -1.000000000000000000 ) ) ;
#2164 = VECTOR ( 'NONE', #3567, 1000.000000000000000 ) ;
#2165 = EDGE_CURVE ( 'NONE', #1301, #2675, #2949, .T. ) ;
#2166 = ORIENTED_EDGE ( 'NONE', *, *, #3285, .T. ) ;
#2167 = AXIS2_PLACEMENT_3D ( 'NONE', #2900, #405, #2112 ) ;
#2168 = EDGE_LOOP ( 'NONE', ( #3397, #54, #2441, #49 ) ) ;
#2169 = FILL_AREA_STYLE_COLOUR ( '', #861 ) ;
#2170 = ADVANCED_FACE ( 'NONE', ( #1011 ), #2147, .F. ) ;
#2171 = UNCERTAINTY_MEASURE_WITH_UNIT (LENGTH_MEASURE( 1.000000000000000082E-05 ), #3010, 'distance_accuracy_value', 'NONE');
#2172 = DIRECTION ( 'NONE',  ( 0.0000000000000000000, 0.0000000000000000000, -1.000000000000000000 ) ) ;
#2173 = VECTOR ( 'NONE', #1754, 1000.000000000000000 ) ;
#2174 = FILL_AREA_STYLE_COLOUR ( '', #3268 ) ;
#2175 = DIRECTION ( 'NONE',  ( 0.5773502691896290617, 0.5773502691896290617, 0.5773502691896190697 ) ) ;
#2176 = ORIENTED_EDGE ( 'NONE', *, *, #1346, .T. ) ;
#2177 = PRESENTATION_STYLE_ASSIGNMENT (( #3060 ) ) ;
#2178 = CARTESIAN_POINT ( 'NONE',  ( 2.400000000000000355, 1.950000000000000178, -2.700000000000000178 ) ) ;
#2179 = STYLED_ITEM ( 'NONE', ( #874 ), #1721 ) ;
#2180 = LINE ( 'NONE', #728, #3327 ) ;
#2181 = ORIENTED_EDGE ( 'NONE', *, *, #176, .F. ) ;
#2182 = CARTESIAN_POINT ( 'NONE',  ( 1.550000000000015810, 2.016106516836001727, -0.9499999999999948486 ) ) ;
#2183 = CARTESIAN_POINT ( 'NONE',  ( 0.3000000000000000444, -0.07000000000000013156, -0.1938796242522536351 ) ) ;
#2184 = EDGE_CURVE ( 'NONE', #134, #376, #3047, .T. ) ;
#2185 = EDGE_LOOP ( 'NONE', ( #1946, #491, #1866, #610, #2408, #2902, #849, #425, #2121, #632, #901, #2551, #2798, #3454, #2962, #2445, #3215, #2923, #3332, #1691, #1159, #8, #1361, #2732 ) ) ;
#2186 = CARTESIAN_POINT ( 'NONE',  ( 1.600000000000000089, 2.350000000000000089, -2.700000000000000178 ) ) ;
#2187 =( GEOMETRIC_REPRESENTATION_CONTEXT ( 3 ) GLOBAL_UNCERTAINTY_ASSIGNED_CONTEXT ( ( #247 ) ) GLOBAL_UNIT_ASSIGNED_CONTEXT ( ( #216, #1300, #2946 ) ) REPRESENTATION_CONTEXT ( 'NONE', 'WORKASPACE' ) );
#2188 = EDGE_LOOP ( 'NONE', ( #79, #786, #2913, #2721, #83, #984, #2531, #1002, #2315, #1906, #3443, #3240, #557, #1856, #2418, #1952, #25, #2415, #773, #494, #1577, #2395, #473, #267 ) ) ;
#2189 = ADVANCED_FACE ( 'NONE', ( #2561 ), #1965, .F. ) ;
#2190 = VECTOR ( 'NONE', #1200, 1000.000000000000000 ) ;
#2191 = DIRECTION ( 'NONE',  ( 0.0000000000000000000, -0.7071067811865489050, 0.7071067811865462405 ) ) ;
#2192 = LINE ( 'NONE', #2773, #2961 ) ;
#2193 = DIRECTION ( 'NONE',  ( -0.0000000000000000000, -1.000000000000000000, -1.290716872006553027E-16 ) ) ;
#2194 = CARTESIAN_POINT ( 'NONE',  ( 2.400000000000000355, 3.449999999999999734, -1.729999999999998872 ) ) ;
#2195 = VECTOR ( 'NONE', #1436, 1000.000000000000000 ) ;
#2196 = STYLED_ITEM ( 'NONE', ( #932 ), #2029 ) ;
#2197 = VERTEX_POINT ( 'NONE', #1375 ) ;
#2198 = DIRECTION ( 'NONE',  ( 0.0000000000000000000, 0.0000000000000000000, 1.000000000000000000 ) ) ;
#2199 = LINE ( 'NONE', #783, #2578 ) ;
#2200 = FACE_OUTER_BOUND ( 'NONE', #2011, .T. ) ;
#2201 = ORIENTED_EDGE ( 'NONE', *, *, #355, .T. ) ;
#2202 = CARTESIAN_POINT ( 'NONE',  ( 0.6500000000000001332, 2.416106516836013185, -2.700000000000000178 ) ) ;
#2203 = DIRECTION ( 'NONE',  ( 0.0000000000000000000, -2.168404344971008868E-16, 1.000000000000000000 ) ) ;
#2204 = CARTESIAN_POINT ( 'NONE',  ( 0.2500000000000001665, 1.516106516836013052, -0.04999999999999883010 ) ) ;
#2205 = CARTESIAN_POINT ( 'NONE',  ( 3.700000000000000178, 0.9999999999999997780, 0.0000000000000000000 ) ) ;
#2206 = VECTOR ( 'NONE', #2346, 1000.000000000000000 ) ;
#2207 = VERTEX_POINT ( 'NONE', #23 ) ;
#2208 = LINE ( 'NONE', #1627, #443 ) ;
#2209 = UNCERTAINTY_MEASURE_WITH_UNIT (LENGTH_MEASURE( 1.000000000000000082E-05 ), #197, 'distance_accuracy_value', 'NONE');
#2210 = ORIENTED_EDGE ( 'NONE', *, *, #3361, .F. ) ;
#2211 = CARTESIAN_POINT ( 'NONE',  ( 2.600000000000000089, 0.1000000000000000056, 0.0000000000000000000 ) ) ;
#2212 = DIRECTION ( 'NONE',  ( -0.0000000000000000000, -0.7071067811865462405, -0.7071067811865489050 ) ) ;
#2213 = DIRECTION ( 'NONE',  ( 0.0000000000000000000, 0.0000000000000000000, -1.000000000000000000 ) ) ;
#2214 = SURFACE_SIDE_STYLE ('',( #2792 ) ) ;
#2215 = EDGE_CURVE ( 'NONE', #1095, #376, #2800, .T. ) ;
#2216 = VERTEX_POINT ( 'NONE', #312 ) ;
#2217 = LINE ( 'NONE', #2520, #2370 ) ;
#2218 = EDGE_CURVE ( 'NONE', #2640, #3122, #36, .T. ) ;
#2219 = SURFACE_SIDE_STYLE ('',( #3605 ) ) ;
#2220 = CARTESIAN_POINT ( 'NONE',  ( 4.000000000000000000, 0.1000000000000000056, 0.0000000000000000000 ) ) ;
#2221 = DIRECTION ( 'NONE',  ( -1.000000000000000000, 0.0000000000000000000, 0.0000000000000000000 ) ) ;
#2222 = ORIENTED_EDGE ( 'NONE', *, *, #1966, .F. ) ;
#2223 = LINE ( 'NONE', #3, #350 ) ;
#2224 = CARTESIAN_POINT ( 'NONE',  ( 0.0000000000000000000, 2.700000000000000178, -3.250000000000000000 ) ) ;
#2225 = CARTESIAN_POINT ( 'NONE',  ( 0.6500000000000001332, 0.5161065168360131628, -2.700000000000000178 ) ) ;
#2226 = PLANE ( 'NONE',  #3467 ) ;
#2227 = ORIENTED_EDGE ( 'NONE', *, *, #1522, .F. ) ;
#2228 = ORIENTED_EDGE ( 'NONE', *, *, #2097, .T. ) ;
#2229 = LINE ( 'NONE', #3052, #2912 ) ;
#2230 = AXIS2_PLACEMENT_3D ( 'NONE', #232, #2479, #1084 ) ;
#2231 = ORIENTED_EDGE ( 'NONE', *, *, #644, .T. ) ;
#2232 = MECHANICAL_DESIGN_GEOMETRIC_PRESENTATION_REPRESENTATION (  '', ( #2343 ), #802 ) ;
#2233 = DIRECTION ( 'NONE',  ( 1.000000000000000000, 0.0000000000000000000, 1.734723475976806848E-16 ) ) ;
#2234 = COLOUR_RGB ( '',0.8509803921568627194, 0.8509803921568627194, 0.8509803921568627194 ) ;
#2235 = LINE ( 'NONE', #816, #796 ) ;
#2236 = DIRECTION ( 'NONE',  ( 0.0000000000000000000, 0.0000000000000000000, 1.000000000000000000 ) ) ;
#2237 = FILL_AREA_STYLE ('',( #1683 ) ) ;
#2238 = LINE ( 'NONE', #2220, #1120 ) ;
#2239 = ORIENTED_EDGE ( 'NONE', *, *, #488, .F. ) ;
#2240 = DIRECTION ( 'NONE',  ( 0.0000000000000000000, -0.0000000000000000000, 1.000000000000000000 ) ) ;
#2241 = ADVANCED_FACE ( 'NONE', ( #2821 ), #1117, .F. ) ;
#2242 = DIRECTION ( 'NONE',  ( -1.000000000000000000, 0.0000000000000000000, 0.0000000000000000000 ) ) ;
#2243 = SURFACE_STYLE_FILL_AREA ( #3360 ) ;
#2244 = ORIENTED_EDGE ( 'NONE', *, *, #1206, .T. ) ;
#2245 = EDGE_CURVE ( 'NONE', #3034, #1376, #1134, .T. ) ;
#2246 =( LENGTH_UNIT ( ) NAMED_UNIT ( * ) SI_UNIT ( .MILLI., .METRE. ) );
#2247 = VERTEX_POINT ( 'NONE', #2278 ) ;
#2248 = SURFACE_STYLE_USAGE ( .BOTH. , #930 ) ;
#2249 =( GEOMETRIC_REPRESENTATION_CONTEXT ( 3 ) GLOBAL_UNCERTAINTY_ASSIGNED_CONTEXT ( ( #1497 ) ) GLOBAL_UNIT_ASSIGNED_CONTEXT ( ( #2930, #3203, #1496 ) ) REPRESENTATION_CONTEXT ( 'NONE', 'WORKASPACE' ) );
#2250 = DIRECTION ( 'NONE',  ( 0.0000000000000000000, -1.000000000000000000, -2.716872265016162554E-19 ) ) ;
#2251 = CARTESIAN_POINT ( 'NONE',  ( 2.600000000000000089, 0.2576745081382136870, -4.950000000000000178 ) ) ;
#2252 = VECTOR ( 'NONE', #525, 1000.000000000000000 ) ;
#2253 = DIRECTION ( 'NONE',  ( 0.0000000000000000000, -0.5735764363510449382, 0.8191520442889926867 ) ) ;
#2254 = CARTESIAN_POINT ( 'NONE',  ( 0.0000000000000000000, 3.200000000000000178, 0.0000000000000000000 ) ) ;
#2255 = VECTOR ( 'NONE', #66, 1000.000000000000000 ) ;
#2256 = CARTESIAN_POINT ( 'NONE',  ( 0.0000000000000000000, 0.1000000000000000056, -1.500000000000000000 ) ) ;
#2257 = ORIENTED_EDGE ( 'NONE', *, *, #3515, .F. ) ;
#2258 = DIRECTION ( 'NONE',  ( 1.000000000000000000, -0.0000000000000000000, -0.0000000000000000000 ) ) ;
#2259 = VECTOR ( 'NONE', #3534, 1000.000000000000000 ) ;
#2260 = CARTESIAN_POINT ( 'NONE',  ( 0.7499999999999997780, 0.1000000000000000056, -4.814824860968089633E-32 ) ) ;
#2261 = DIRECTION ( 'NONE',  ( 0.0000000000000000000, -1.000000000000000000, 0.0000000000000000000 ) ) ;
#2262 = CARTESIAN_POINT ( 'NONE',  ( 4.000000000000000000, 0.0000000000000000000, -4.250000000000000000 ) ) ;
#2263 = EDGE_CURVE ( 'NONE', #2080, #2658, #1669, .T. ) ;
#2264 = ORIENTED_EDGE ( 'NONE', *, *, #2562, .F. ) ;
#2265 = VECTOR ( 'NONE', #185, 1000.000000000000000 ) ;
#2266 = VERTEX_POINT ( 'NONE', #1429 ) ;
#2267 = SURFACE_STYLE_USAGE ( .BOTH. , #1380 ) ;
#2268 = CARTESIAN_POINT ( 'NONE',  ( 3.349999999999999645, 0.5161065168360131628, -0.04999999999999883010 ) ) ;
#2269 = CARTESIAN_POINT ( 'NONE',  ( 1.399999999999999911, 0.2576745081382136870, -4.331925126797040448 ) ) ;
#2270 = CARTESIAN_POINT ( 'NONE',  ( 3.349999999999999645, 1.516106516836013052, -2.700000000000000178 ) ) ;
#2271 = SURFACE_STYLE_USAGE ( .BOTH. , #2521 ) ;
#2272 = DIRECTION ( 'NONE',  ( 0.0000000000000000000, 0.0000000000000000000, -1.000000000000000000 ) ) ;
#2273 =( NAMED_UNIT ( * ) PLANE_ANGLE_UNIT ( ) SI_UNIT ( $, .RADIAN. ) );
#2274 = VERTEX_POINT ( 'NONE', #3400 ) ;
#2275 = CARTESIAN_POINT ( 'NONE',  ( 1.399999999999999911, 0.2576745081382136870, -4.950000000000000178 ) ) ;
#2276 = DIRECTION ( 'NONE',  ( 0.0000000000000000000, -1.000000000000000000, -1.290716872006553027E-16 ) ) ;
#2277 = PRESENTATION_STYLE_ASSIGNMENT (( #22 ) ) ;
#2278 = CARTESIAN_POINT ( 'NONE',  ( 0.0000000000000000000, 0.1000000000000000056, -1.500000000000000000 ) ) ;
#2279 = EDGE_LOOP ( 'NONE', ( #3602, #2766, #916, #3006 ) ) ;
#2280 = EDGE_CURVE ( 'NONE', #1636, #872, #880, .T. ) ;
#2281 = PLANE ( 'NONE',  #510 ) ;
#2282 = VERTEX_POINT ( 'NONE', #597 ) ;
#2283 = EDGE_CURVE ( 'NONE', #1250, #2483, #2507, .T. ) ;
#2284 = CARTESIAN_POINT ( 'NONE',  ( 0.5000000000000000000, 0.8299999999999997380, 0.0000000000000000000 ) ) ;
#2285 = LINE ( 'NONE', #604, #2100 ) ;
#2286 =( GEOMETRIC_REPRESENTATION_CONTEXT ( 3 ) GLOBAL_UNCERTAINTY_ASSIGNED_CONTEXT ( ( #994 ) ) GLOBAL_UNIT_ASSIGNED_CONTEXT ( ( #2997, #1824, #2647 ) ) REPRESENTATION_CONTEXT ( 'NONE', 'WORKASPACE' ) );
#2287 = CARTESIAN_POINT ( 'NONE',  ( 0.3000000000000000444, 0.3519398121261264056, -0.08291854158314553025 ) ) ;
#2288 = CARTESIAN_POINT ( 'NONE',  ( 3.700000000000000178, 0.8299999999999997380, 0.0000000000000000000 ) ) ;
#2289 = CARTESIAN_POINT ( 'NONE',  ( 2.400000000000000355, 2.350000000000000089, -2.700000000000000178 ) ) ;
#2290 = DIRECTION ( 'NONE',  ( 0.0000000000000000000, 0.0000000000000000000, -1.000000000000000000 ) ) ;
#2291 = AXIS2_PLACEMENT_3D ( 'NONE', #6, #1116, #1414 ) ;
#2292 = AXIS2_PLACEMENT_3D ( 'NONE', #1536, #2999, #761 ) ;
#2293 = EDGE_LOOP ( 'NONE', ( #920, #3155, #2751, #3512 ) ) ;
#2294 = CARTESIAN_POINT ( 'NONE',  ( 0.3000000000000000444, -0.07000000000000011768, -1.329999999999998961 ) ) ;
#2295 = AXIS2_PLACEMENT_3D ( 'NONE', #3440, #2062, #98 ) ;
#2296 =( LENGTH_UNIT ( ) NAMED_UNIT ( * ) SI_UNIT ( .MILLI., .METRE. ) );
#2297 = CARTESIAN_POINT ( 'NONE',  ( 0.6500000000000001332, 1.516106516836013052, -0.04999999999999883010 ) ) ;
#2298 = MECHANICAL_DESIGN_GEOMETRIC_PRESENTATION_REPRESENTATION (  '', ( #2179 ), #3447 ) ;
#2299 = PRODUCT_DEFINITION_SHAPE ( 'NONE', 'NONE',  #3129 ) ;
#2300 = DIRECTION ( 'NONE',  ( 0.0000000000000000000, 0.0000000000000000000, -1.000000000000000000 ) ) ;
#2301 = LINE ( 'NONE', #1173, #2566 ) ;
#2302 = ADVANCED_FACE ( 'NONE', ( #1079 ), #2226, .F. ) ;
#2303 = ORIENTED_EDGE ( 'NONE', *, *, #2697, .T. ) ;
#2304 = LINE ( 'NONE', #3405, #387 ) ;
#2305 = ADVANCED_FACE ( 'NONE', ( #2580 ), #695, .T. ) ;
#2306 = LINE ( 'NONE', #3163, #3445 ) ;
#2307 = VECTOR ( 'NONE', #546, 1000.000000000000000 ) ;
#2308 = EDGE_CURVE ( 'NONE', #3480, #3336, #2103, .T. ) ;
#2309 = ORIENTED_EDGE ( 'NONE', *, *, #2679, .T. ) ;
#2310 = CARTESIAN_POINT ( 'NONE',  ( 2.600000000000000089, 1.950000000000000178, -0.9000000000000002442 ) ) ;
#2311 =( GEOMETRIC_REPRESENTATION_CONTEXT ( 3 ) GLOBAL_UNCERTAINTY_ASSIGNED_CONTEXT ( ( #2104 ) ) GLOBAL_UNIT_ASSIGNED_CONTEXT ( ( #1292, #666, #1837 ) ) REPRESENTATION_CONTEXT ( 'NONE', 'WORKASPACE' ) );
#2312 = AXIS2_PLACEMENT_3D ( 'NONE', #3522, #3576, #432 ) ;
#2313 = SURFACE_STYLE_FILL_AREA ( #3151 ) ;
#2314 = DIRECTION ( 'NONE',  ( 1.000000000000000000, 0.0000000000000000000, 0.0000000000000000000 ) ) ;
#2315 = ORIENTED_EDGE ( 'NONE', *, *, #3154, .F. ) ;
#2316 = CARTESIAN_POINT ( 'NONE',  ( 3.350000000000000089, 2.416106516836013185, -2.700000000000000178 ) ) ;
#2317 = MECHANICAL_DESIGN_GEOMETRIC_PRESENTATION_REPRESENTATION (  '', ( #1475 ), #311 ) ;
#2318 = ORIENTED_EDGE ( 'NONE', *, *, #2809, .F. ) ;
#2319 = DIRECTION ( 'NONE',  ( -1.000000000000000000, -0.0000000000000000000, -0.0000000000000000000 ) ) ;
#2320 = EDGE_CURVE ( 'NONE', #1057, #790, #3465, .T. ) ;
#2321 = VECTOR ( 'NONE', #1523, 1000.000000000000000 ) ;
#2322 = FACE_OUTER_BOUND ( 'NONE', #2524, .T. ) ;
#2323 = VERTEX_POINT ( 'NONE', #635 ) ;
#2324 = EDGE_CURVE ( 'NONE', #2886, #2494, #2882, .T. ) ;
#2325 = FILL_AREA_STYLE ('',( #1202 ) ) ;
#2326 = LINE ( 'NONE', #1187, #626 ) ;
#2327 = EDGE_CURVE ( 'NONE', #2971, #3386, #343, .T. ) ;
#2328 = DIRECTION ( 'NONE',  ( 0.0000000000000000000, 1.000000000000000000, -0.0000000000000000000 ) ) ;
#2329 = SURFACE_STYLE_USAGE ( .BOTH. , #1461 ) ;
#2330 = FILL_AREA_STYLE_COLOUR ( '', #412 ) ;
#2331 = ORIENTED_EDGE ( 'NONE', *, *, #3306, .T. ) ;
#2332 =( NAMED_UNIT ( * ) PLANE_ANGLE_UNIT ( ) SI_UNIT ( $, .RADIAN. ) );
#2333 = ORIENTED_EDGE ( 'NONE', *, *, #1048, .F. ) ;
#2334 = CARTESIAN_POINT ( 'NONE',  ( 0.2500000000000000555, 2.416106516836013185, -0.04999999999999883010 ) ) ;
#2335 = VECTOR ( 'NONE', #538, 1000.000000000000000 ) ;
#2336 = CARTESIAN_POINT ( 'NONE',  ( 1.600000000000000089, 3.200000000000000178, -1.000000000000000000 ) ) ;
#2337 = PLANE ( 'NONE',  #1568 ) ;
#2338 = ORIENTED_EDGE ( 'NONE', *, *, #3341, .T. ) ;
#2339 = VECTOR ( 'NONE', #2556, 1000.000000000000000 ) ;
#2340 = ORIENTED_EDGE ( 'NONE', *, *, #3113, .F. ) ;
#2341 = DIRECTION ( 'NONE',  ( 0.0000000000000000000, -0.0000000000000000000, 1.000000000000000000 ) ) ;
#2342 = CARTESIAN_POINT ( 'NONE',  ( 0.5000000000000000000, 0.1000000000000000056, 3.061627057630270272E-16 ) ) ;
#2343 = STYLED_ITEM ( 'NONE', ( #976 ), #805 ) ;
#2344 = MECHANICAL_DESIGN_GEOMETRIC_PRESENTATION_REPRESENTATION (  '', ( #1445 ), #978 ) ;
#2345 = VECTOR ( 'NONE', #1320, 1000.000000000000000 ) ;
#2346 = DIRECTION ( 'NONE',  ( 0.0000000000000000000, -1.000000000000000000, 0.0000000000000000000 ) ) ;
#2347 = DIRECTION ( 'NONE',  ( 0.0000000000000000000, 1.000000000000000000, -1.084202172485504434E-15 ) ) ;
#2348 = DIRECTION ( 'NONE',  ( 0.0000000000000000000, 1.000000000000000000, 0.0000000000000000000 ) ) ;
#2349 = LINE ( 'NONE', #1756, #385 ) ;
#2350 = VECTOR ( 'NONE', #3626, 1000.000000000000000 ) ;
#2351 = ADVANCED_FACE ( 'NONE', ( #2596 ), #1188, .F. ) ;
#2352 = VERTEX_POINT ( 'NONE', #1337 ) ;
#2353 = EDGE_LOOP ( 'NONE', ( #3549, #2646, #2571, #730 ) ) ;
#2354 = VECTOR ( 'NONE', #760, 1000.000000000000000 ) ;
#2355 = CARTESIAN_POINT ( 'NONE',  ( 3.250000000000000444, 0.1000000000000000056, 3.061616997868382155E-16 ) ) ;
#2356 = ORIENTED_EDGE ( 'NONE', *, *, #1895, .T. ) ;
#2357 = PLANE ( 'NONE',  #2295 ) ;
#2358 = CARTESIAN_POINT ( 'NONE',  ( 0.0000000000000000000, 0.0000000000000000000, -0.9000000000000002442 ) ) ;
#2359 = ORIENTED_EDGE ( 'NONE', *, *, #620, .F. ) ;
#2360 = ORIENTED_EDGE ( 'NONE', *, *, #3206, .T. ) ;
#2361 = SURFACE_STYLE_USAGE ( .BOTH. , #2001 ) ;
#2362 = LINE ( 'NONE', #904, #921 ) ;
#2363 = UNCERTAINTY_MEASURE_WITH_UNIT (LENGTH_MEASURE( 1.000000000000000082E-05 ), #1017, 'distance_accuracy_value', 'NONE');
#2364 = ORIENTED_EDGE ( 'NONE', *, *, #505, .T. ) ;
#2365 = VECTOR ( 'NONE', #2577, 1000.000000000000000 ) ;
#2366 = PLANE ( 'NONE',  #3474 ) ;
#2367 = DIRECTION ( 'NONE',  ( -0.0000000000000000000, 0.0000000000000000000, -1.000000000000000000 ) ) ;
#2368 = CARTESIAN_POINT ( 'NONE',  ( 3.350000000000000089, 2.916106516836013185, -2.700000000000000178 ) ) ;
#2369 = EDGE_CURVE ( 'NONE', #1674, #1399, #2725, .T. ) ;
#2370 = VECTOR ( 'NONE', #2253, 1000.000000000000000 ) ;
#2371 = CARTESIAN_POINT ( 'NONE',  ( 1.600000000000000089, 1.950000000000000178, -0.9000000000000002442 ) ) ;
#2372 = COLOUR_RGB ( '',0.8509803921568627194, 0.8509803921568627194, 0.8509803921568627194 ) ;
#2373 = VERTEX_POINT ( 'NONE', #3552 ) ;
#2374 = VERTEX_POINT ( 'NONE', #2417 ) ;
#2375 = ADVANCED_FACE ( 'NONE', ( #2200 ), #447, .T. ) ;
#2376 = EDGE_CURVE ( 'NONE', #675, #790, #1618, .T. ) ;
#2377 = PLANE ( 'NONE',  #1709 ) ;
#2378 =( NAMED_UNIT ( * ) PLANE_ANGLE_UNIT ( ) SI_UNIT ( $, .RADIAN. ) );
#2379 = AXIS2_PLACEMENT_3D ( 'NONE', #814, #2172, #495 ) ;
#2380 = ORIENTED_EDGE ( 'NONE', *, *, #595, .F. ) ;
#2381 = DIRECTION ( 'NONE',  ( 0.5773502691896273964, 0.5773502691896299499, -0.5773502691896199579 ) ) ;
#2382 =( LENGTH_UNIT ( ) NAMED_UNIT ( * ) SI_UNIT ( .MILLI., .METRE. ) );
#2383 = CARTESIAN_POINT ( 'NONE',  ( 1.400000000000000133, 0.3245329449495911178, -4.250000000000000000 ) ) ;
#2384 = DIRECTION ( 'NONE',  ( -1.000000000000000000, 0.0000000000000000000, 0.0000000000000000000 ) ) ;
#2385 =( NAMED_UNIT ( * ) SI_UNIT ( $, .STERADIAN. ) SOLID_ANGLE_UNIT ( ) );
#2386 =( NAMED_UNIT ( * ) SI_UNIT ( $, .STERADIAN. ) SOLID_ANGLE_UNIT ( ) );
#2387 = DIRECTION ( 'NONE',  ( 1.000000000000000000, 0.0000000000000000000, 1.734723475976806848E-16 ) ) ;
#2388 = EDGE_CURVE ( 'NONE', #1358, #3069, #145, .T. ) ;
#2389 = VERTEX_POINT ( 'NONE', #2160 ) ;
#2390 = FILL_AREA_STYLE_COLOUR ( '', #3321 ) ;
#2391 = DIRECTION ( 'NONE',  ( 0.0000000000000000000, -1.000000000000000000, 0.0000000000000000000 ) ) ;
#2392 = ADVANCED_FACE ( 'NONE', ( #1859 ), #2686, .F. ) ;
#2393 = FILL_AREA_STYLE_COLOUR ( '', #3395 ) ;
#2394 = LINE ( 'NONE', #2719, #2516 ) ;
#2395 = ORIENTED_EDGE ( 'NONE', *, *, #1025, .T. ) ;
#2396 = VERTEX_POINT ( 'NONE', #3223 ) ;
#2397 = PRESENTATION_STYLE_ASSIGNMENT (( #1858 ) ) ;
#2398 = CARTESIAN_POINT ( 'NONE',  ( 1.399999999999999911, 1.950000000000000178, -0.9000000000000002442 ) ) ;
#2399 = VECTOR ( 'NONE', #2734, 1000.000000000000114 ) ;
#2400 = VERTEX_POINT ( 'NONE', #3498 ) ;
#2401 = CARTESIAN_POINT ( 'NONE',  ( 0.7500000000000001110, 0.1000000000000000056, -3.000000000000000000 ) ) ;
#2402 =( GEOMETRIC_REPRESENTATION_CONTEXT ( 3 ) GLOBAL_UNCERTAINTY_ASSIGNED_CONTEXT ( ( #2801 ) ) GLOBAL_UNIT_ASSIGNED_CONTEXT ( ( #3525, #1968, #1690 ) ) REPRESENTATION_CONTEXT ( 'NONE', 'WORKASPACE' ) );
#2403 = SURFACE_STYLE_FILL_AREA ( #431 ) ;
#2404 = PRESENTATION_LAYER_ASSIGNMENT (  '', '', ( #330 ) ) ;
#2405 = FACE_OUTER_BOUND ( 'NONE', #2185, .T. ) ;
#2406 = STYLED_ITEM ( 'NONE', ( #3538 ), #1251 ) ;
#2407 = ORIENTED_EDGE ( 'NONE', *, *, #1969, .F. ) ;
#2408 = ORIENTED_EDGE ( 'NONE', *, *, #1044, .F. ) ;
#2409 = LINE ( 'NONE', #3542, #2573 ) ;
#2410 = COLOUR_RGB ( '',0.8509803921568627194, 0.8509803921568627194, 0.8509803921568627194 ) ;
#2411 = EDGE_CURVE ( 'NONE', #3200, #234, #711, .T. ) ;
#2412 = AXIS2_PLACEMENT_3D ( 'NONE', #1235, #2138, #2155 ) ;
#2413 = CARTESIAN_POINT ( 'NONE',  ( 2.400000000000000355, 2.350000000000000089, -0.9000000000000002442 ) ) ;
#2414 = EDGE_CURVE ( 'NONE', #340, #2373, #2960, .T. ) ;
#2415 = ORIENTED_EDGE ( 'NONE', *, *, #1761, .T. ) ;
#2416 = DIRECTION ( 'NONE',  ( 0.0000000000000000000, -0.8191520442889932418, 0.5735764363510440500 ) ) ;
#2417 = CARTESIAN_POINT ( 'NONE',  ( 3.500000000000000000, 0.1000000000000000056, 0.0000000000000000000 ) ) ;
#2418 = ORIENTED_EDGE ( 'NONE', *, *, #1135, .T. ) ;
#2419 = LINE ( 'NONE', #1302, #3357 ) ;
#2420 = LINE ( 'NONE', #3298, #1932 ) ;
#2421 = DIRECTION ( 'NONE',  ( -0.0000000000000000000, -0.0000000000000000000, 1.000000000000000000 ) ) ;
#2422 = SURFACE_SIDE_STYLE ('',( #1246 ) ) ;
#2423 = ORIENTED_EDGE ( 'NONE', *, *, #2894, .F. ) ;
#2424 = ORIENTED_EDGE ( 'NONE', *, *, #296, .F. ) ;
#2425 = DIRECTION ( 'NONE',  ( 0.0000000000000000000, -1.000000000000000000, 0.0000000000000000000 ) ) ;
#2426 = COLOUR_RGB ( '',0.8509803921568627194, 0.8509803921568627194, 0.8509803921568627194 ) ;
#2427 = AXIS2_PLACEMENT_3D ( 'NONE', #2262, #3593, #324 ) ;
#2428 = ORIENTED_EDGE ( 'NONE', *, *, #1362, .T. ) ;
#2429 =( GEOMETRIC_REPRESENTATION_CONTEXT ( 3 ) GLOBAL_UNCERTAINTY_ASSIGNED_CONTEXT ( ( #615 ) ) GLOBAL_UNIT_ASSIGNED_CONTEXT ( ( #1640, #237, #485 ) ) REPRESENTATION_CONTEXT ( 'NONE', 'WORKASPACE' ) );
#2430 = LINE ( 'NONE', #534, #1606 ) ;
#2431 = FILL_AREA_STYLE_COLOUR ( '', #2110 ) ;
#2432 = ORIENTED_EDGE ( 'NONE', *, *, #2975, .F. ) ;
#2433 = EDGE_CURVE ( 'NONE', #213, #1358, #3239, .T. ) ;
#2434 = LINE ( 'NONE', #482, #105 ) ;
#2435 = VECTOR ( 'NONE', #3556, 1000.000000000000000 ) ;
#2436 = ORIENTED_EDGE ( 'NONE', *, *, #396, .F. ) ;
#2437 = FACE_OUTER_BOUND ( 'NONE', #3014, .T. ) ;
#2438 = CARTESIAN_POINT ( 'NONE',  ( 0.5000000000000000000, 0.7719398121261263901, -0.08291854158314547474 ) ) ;
#2439 = ORIENTED_EDGE ( 'NONE', *, *, #620, .T. ) ;
#2440 = LINE ( 'NONE', #227, #2108 ) ;
#2441 = ORIENTED_EDGE ( 'NONE', *, *, #1183, .F. ) ;
#2442 = CARTESIAN_POINT ( 'NONE',  ( 0.2500000000000001665, 1.516106516836013052, -2.700000000000000178 ) ) ;
#2443 = DIRECTION ( 'NONE',  ( 0.5773502691896273964, 0.5773502691896299499, -0.5773502691896199579 ) ) ;
#2444 = PLANE ( 'NONE',  #2759 ) ;
#2445 = ORIENTED_EDGE ( 'NONE', *, *, #1849, .F. ) ;
#2446 = SURFACE_STYLE_USAGE ( .BOTH. , #3570 ) ;
#2447 = EDGE_CURVE ( 'NONE', #771, #2266, #3572, .T. ) ;
#2448 = EDGE_LOOP ( 'NONE', ( #2939, #173, #1230, #205 ) ) ;
#2449 = VECTOR ( 'NONE', #328, 1000.000000000000000 ) ;
#2450 = LINE ( 'NONE', #3555, #1170 ) ;
#2451 = CARTESIAN_POINT ( 'NONE',  ( 0.6500000000000001332, 1.516106516836013052, -2.700000000000000178 ) ) ;
#2452 = VECTOR ( 'NONE', #304, 1000.000000000000000 ) ;
#2453 = ADVANCED_FACE ( 'NONE', ( #2985 ), #784, .F. ) ;
#2454 = VECTOR ( 'NONE', #1080, 1000.000000000000000 ) ;
#2455 = ORIENTED_EDGE ( 'NONE', *, *, #3247, .T. ) ;
#2456 = DIRECTION ( 'NONE',  ( -1.000000000000000000, 0.0000000000000000000, 0.0000000000000000000 ) ) ;
#2457 = MECHANICAL_DESIGN_GEOMETRIC_PRESENTATION_REPRESENTATION (  '', ( #1999 ), #1814 ) ;
#2459 = EDGE_CURVE ( 'NONE', #726, #1006, #3311, .T. ) ;
#2458 = PRESENTATION_LAYER_ASSIGNMENT (  '', '', ( #3388 ) ) ;
#2460 = ORIENTED_EDGE ( 'NONE', *, *, #732, .T. ) ;
#2461 = VECTOR ( 'NONE', #2875, 1000.000000000000000 ) ;
#2462 = LINE ( 'NONE', #3304, #2105 ) ;
#2463 = FILL_AREA_STYLE ('',( #3058 ) ) ;
#2464 = PRESENTATION_STYLE_ASSIGNMENT (( #688 ) ) ;
#2465 = VECTOR ( 'NONE', #1974, 1000.000000000000000 ) ;
#2466 = VECTOR ( 'NONE', #2791, 1000.000000000000000 ) ;
#2467 = CARTESIAN_POINT ( 'NONE',  ( 0.5000000000000000000, 0.9999999999999997780, -0.5000000000000000000 ) ) ;
#2468 = DIRECTION ( 'NONE',  ( -1.000000000000000000, 0.0000000000000000000, 0.0000000000000000000 ) ) ;
#2469 = VERTEX_POINT ( 'NONE', #2522 ) ;
#2470 = CARTESIAN_POINT ( 'NONE',  ( 2.400000000000000355, 0.2576745081382136870, -4.950000000000000178 ) ) ;
#2471 = EDGE_LOOP ( 'NONE', ( #3236, #718, #1263, #2157, #3471, #1784, #1625, #1353, #3272, #272, #394, #1702 ) ) ;
#2472 = ORIENTED_EDGE ( 'NONE', *, *, #1938, .F. ) ;
#2473 = ADVANCED_FACE ( 'NONE', ( #1129 ), #1408, .T. ) ;
#2474 = PLANE ( 'NONE',  #3438 ) ;
#2475 = ORIENTED_EDGE ( 'NONE', *, *, #3049, .F. ) ;
#2476 = EDGE_CURVE ( 'NONE', #1816, #3336, #855, .T. ) ;
#2477 = STYLED_ITEM ( 'NONE', ( #1234 ), #3070 ) ;
#2478 = CARTESIAN_POINT ( 'NONE',  ( 2.400000000000000355, 2.350000000000000089, -0.9000000000000002442 ) ) ;
#2479 = DIRECTION ( 'NONE',  ( 1.000000000000000000, 0.0000000000000000000, -0.0000000000000000000 ) ) ;
#2480 = LINE ( 'NONE', #1069, #2526 ) ;
#2481 = DIRECTION ( 'NONE',  ( -1.445602896647339163E-16, -0.0000000000000000000, 1.000000000000000000 ) ) ;
#2482 = AXIS2_PLACEMENT_3D ( 'NONE', #2708, #2003, #3105 ) ;
#2483 = VERTEX_POINT ( 'NONE', #1369 ) ;
#2484 = DIRECTION ( 'NONE',  ( -1.000000000000000000, 0.0000000000000000000, 0.0000000000000000000 ) ) ;
#2485 = CARTESIAN_POINT ( 'NONE',  ( 3.350000000000000089, 2.916106516836013185, -2.700000000000000178 ) ) ;
#2486 = VERTEX_POINT ( 'NONE', #3606 ) ;
#2487 = CARTESIAN_POINT ( 'NONE',  ( 2.600000000000000089, 0.2576745081382136870, -4.950000000000000178 ) ) ;
#2488 = LINE ( 'NONE', #3611, #479 ) ;
#2489 = FILL_AREA_STYLE ('',( #1133 ) ) ;
#2490 = DIRECTION ( 'NONE',  ( 0.0000000000000000000, -1.000000000000000000, 0.0000000000000000000 ) ) ;
#2491 = AXIS2_PLACEMENT_3D ( 'NONE', #908, #1379, #1753 ) ;
#2492 = SURFACE_STYLE_USAGE ( .BOTH. , #11 ) ;
#2493 = VECTOR ( 'NONE', #486, 1000.000000000000000 ) ;
#2494 = VERTEX_POINT ( 'NONE', #2289 ) ;
#2495 = LINE ( 'NONE', #1049, #2687 ) ;
#2496 = CARTESIAN_POINT ( 'NONE',  ( 0.7500000000000001110, 0.1000000000000000056, -3.000000000000000000 ) ) ;
#2497 =( LENGTH_UNIT ( ) NAMED_UNIT ( * ) SI_UNIT ( .MILLI., .METRE. ) );
#2498 = EDGE_CURVE ( 'NONE', #2702, #331, #1074, .T. ) ;
#2499 = ORIENTED_EDGE ( 'NONE', *, *, #2447, .F. ) ;
#2500 = LINE ( 'NONE', #3351, #2713 ) ;
#2501 = SURFACE_STYLE_USAGE ( .BOTH. , #576 ) ;
#2502 = EDGE_CURVE ( 'NONE', #3386, #359, #2238, .T. ) ;
#2503 = ORIENTED_EDGE ( 'NONE', *, *, #1406, .F. ) ;
#2504 = DIRECTION ( 'NONE',  ( 1.000000000000000000, 0.0000000000000000000, -0.0000000000000000000 ) ) ;
#2505 = FACE_OUTER_BOUND ( 'NONE', #1876, .T. ) ;
#2506 =( NAMED_UNIT ( * ) PLANE_ANGLE_UNIT ( ) SI_UNIT ( $, .RADIAN. ) );
#2507 = LINE ( 'NONE', #1736, #2995 ) ;
#2508 = ORIENTED_EDGE ( 'NONE', *, *, #2498, .F. ) ;
#2509 = STYLED_ITEM ( 'NONE', ( #48 ), #224 ) ;
#2510 = LINE ( 'NONE', #865, #1869 ) ;
#2511 = PRESENTATION_LAYER_ASSIGNMENT (  '', '', ( #439 ) ) ;
#2512 = VERTEX_POINT ( 'NONE', #1147 ) ;
#2513 = CARTESIAN_POINT ( 'NONE',  ( 4.000000000000000000, 0.0000000000000000000, -3.250000000000000000 ) ) ;
#2514 = DIRECTION ( 'NONE',  ( 1.000000000000000000, -0.0000000000000000000, -0.0000000000000000000 ) ) ;
#2515 = VECTOR ( 'NONE', #1014, 1000.000000000000000 ) ;
#2516 = VECTOR ( 'NONE', #1555, 1000.000000000000000 ) ;
#2517 = CARTESIAN_POINT ( 'NONE',  ( 0.0000000000000000000, 0.0000000000000000000, 0.0000000000000000000 ) ) ;
#2518 = EDGE_LOOP ( 'NONE', ( #3526, #1457, #2122, #1248 ) ) ;
#2519 = AXIS2_PLACEMENT_3D ( 'NONE', #2654, #2109, #3189 ) ;
#2520 = CARTESIAN_POINT ( 'NONE',  ( 3.700000000000000178, 0.3519398121261264056, -0.08291854158314553025 ) ) ;
#2521 = SURFACE_SIDE_STYLE ('',( #1917 ) ) ;
#2522 = CARTESIAN_POINT ( 'NONE',  ( 4.000000000000000000, 3.200000000000000178, 0.0000000000000000000 ) ) ;
#2523 = DIRECTION ( 'NONE',  ( 0.0000000000000000000, -1.000000000000000000, -2.168404344971008868E-16 ) ) ;
#2524 = EDGE_LOOP ( 'NONE', ( #368, #567, #1719, #115 ) ) ;
#2525 = DIRECTION ( 'NONE',  ( 1.000000000000000000, 0.0000000000000000000, 0.0000000000000000000 ) ) ;
#2526 = VECTOR ( 'NONE', #1633, 1000.000000000000000 ) ;
#2527 = LINE ( 'NONE', #3008, #2493 ) ;
#2528 = DIRECTION ( 'NONE',  ( 1.000000000000000000, 0.0000000000000000000, -0.0000000000000000000 ) ) ;
#2529 = CARTESIAN_POINT ( 'NONE',  ( 4.000000000000000000, 0.0000000000000000000, 0.0000000000000000000 ) ) ;
#2530 = ORIENTED_EDGE ( 'NONE', *, *, #505, .F. ) ;
#2531 = ORIENTED_EDGE ( 'NONE', *, *, #785, .F. ) ;
#2532 = LINE ( 'NONE', #2857, #1993 ) ;
#2533 = VECTOR ( 'NONE', #2143, 1000.000000000000000 ) ;
#2534 =( LENGTH_UNIT ( ) NAMED_UNIT ( * ) SI_UNIT ( .MILLI., .METRE. ) );
#2535 = DIRECTION ( 'NONE',  ( 0.0000000000000000000, 0.7071067811865414665, 0.7071067811865536790 ) ) ;
#2536 = VECTOR ( 'NONE', #3253, 1000.000000000000114 ) ;
#2537 = FILL_AREA_STYLE_COLOUR ( '', #1898 ) ;
#2538 = VECTOR ( 'NONE', #1861, 1000.000000000000000 ) ;
#2539 = ORIENTED_EDGE ( 'NONE', *, *, #1048, .T. ) ;
#2540 = EDGE_CURVE ( 'NONE', #475, #2207, #556, .T. ) ;
#2541 = LINE ( 'NONE', #2064, #3460 ) ;
#2542 = VECTOR ( 'NONE', #1388, 1000.000000000000000 ) ;
#2543 = CARTESIAN_POINT ( 'NONE',  ( 0.2500000000000001665, 1.466106516836013451, 0.0000000000000000000 ) ) ;
#2544 = LINE ( 'NONE', #278, #1038 ) ;
#2545 = EDGE_CURVE ( 'NONE', #1603, #1076, #820, .T. ) ;
#2546 = EDGE_LOOP ( 'NONE', ( #3128, #2783, #2878, #2793 ) ) ;
#2547 = MECHANICAL_DESIGN_GEOMETRIC_PRESENTATION_REPRESENTATION (  '', ( #1970 ), #1363 ) ;
#2548 = FACE_OUTER_BOUND ( 'NONE', #1140, .T. ) ;
#2549 = EDGE_LOOP ( 'NONE', ( #3219, #415, #995, #2043 ) ) ;
#2550 = VECTOR ( 'NONE', #2276, 1000.000000000000000 ) ;
#2551 = ORIENTED_EDGE ( 'NONE', *, *, #1527, .F. ) ;
#2552 = FACE_OUTER_BOUND ( 'NONE', #2009, .T. ) ;
#2553 = CARTESIAN_POINT ( 'NONE',  ( 0.0000000000000000000, 2.700000000000000178, 0.0000000000000000000 ) ) ;
#2554 = SURFACE_SIDE_STYLE ('',( #1422 ) ) ;
#2555 = DIRECTION ( 'NONE',  ( -0.0000000000000000000, 1.000000000000000000, -0.0000000000000000000 ) ) ;
#2556 = DIRECTION ( 'NONE',  ( 0.0000000000000000000, 1.000000000000000000, 0.0000000000000000000 ) ) ;
#2557 = ORIENTED_EDGE ( 'NONE', *, *, #1004, .F. ) ;
#2558 = DIRECTION ( 'NONE',  ( -0.5773502691896290617, 0.5773502691896290617, -0.5773502691896190697 ) ) ;
#2559 = PRESENTATION_STYLE_ASSIGNMENT (( #1787 ) ) ;
#2560 = CARTESIAN_POINT ( 'NONE',  ( 3.700000000000000178, 0.8299999999999997380, 0.0000000000000000000 ) ) ;
#2561 = FACE_OUTER_BOUND ( 'NONE', #792, .T. ) ;
#2562 = EDGE_CURVE ( 'NONE', #1076, #3544, #1697, .T. ) ;
#2563 = CARTESIAN_POINT ( 'NONE',  ( 1.600000000000000089, 2.350000000000000089, -0.9000000000000002442 ) ) ;
#2564 = ADVANCED_FACE ( 'NONE', ( #839 ), #1703, .F. ) ;
#2565 = ORIENTED_EDGE ( 'NONE', *, *, #1913, .F. ) ;
#2566 = VECTOR ( 'NONE', #2921, 1000.000000000000000 ) ;
#2567 = DIRECTION ( 'NONE',  ( 1.000000000000000000, 0.0000000000000000000, -0.0000000000000000000 ) ) ;
#2568 = EDGE_CURVE ( 'NONE', #1686, #1358, #3356, .T. ) ;
#2569 = SURFACE_SIDE_STYLE ('',( #370 ) ) ;
#2570 = MECHANICAL_DESIGN_GEOMETRIC_PRESENTATION_REPRESENTATION (  '', ( #1865 ), #1090 ) ;
#2571 = ORIENTED_EDGE ( 'NONE', *, *, #1386, .T. ) ;
#2572 = DIRECTION ( 'NONE',  ( 0.0000000000000000000, -0.5735764363510449382, 0.8191520442889926867 ) ) ;
#2573 = VECTOR ( 'NONE', #1027, 1000.000000000000000 ) ;
#2574 = CARTESIAN_POINT ( 'NONE',  ( 0.3000000000000000444, 0.3519398121261264056, -0.08291854158314553025 ) ) ;
#2575 = CARTESIAN_POINT ( 'NONE',  ( 0.3000000000000000444, 0.4999999999999997780, -0.5000000000000000000 ) ) ;
#2576 = EDGE_LOOP ( 'NONE', ( #979, #519, #142, #3085 ) ) ;
#2577 = DIRECTION ( 'NONE',  ( 0.0000000000000000000, 1.000000000000000000, 0.0000000000000000000 ) ) ;
#2578 = VECTOR ( 'NONE', #236, 1000.000000000000000 ) ;
#2579 = SURFACE_STYLE_USAGE ( .BOTH. , #1442 ) ;
#2580 = FACE_OUTER_BOUND ( 'NONE', #1552, .T. ) ;
#2581 = LINE ( 'NONE', #75, #476 ) ;
#2582 = LINE ( 'NONE', #2868, #283 ) ;
#2583 = FILL_AREA_STYLE ('',( #866 ) ) ;
#2584 = ORIENTED_EDGE ( 'NONE', *, *, #2320, .F. ) ;
#2585 = EDGE_CURVE ( 'NONE', #589, #2216, #1961, .T. ) ;
#2586 = FACE_OUTER_BOUND ( 'NONE', #707, .T. ) ;
#2587 = EDGE_CURVE ( 'NONE', #605, #749, #1096, .T. ) ;
#2588 = ORIENTED_EDGE ( 'NONE', *, *, #939, .T. ) ;
#2589 = EDGE_CURVE ( 'NONE', #3109, #2645, #3045, .T. ) ;
#2590 = SURFACE_STYLE_FILL_AREA ( #3458 ) ;
#2591 =( LENGTH_UNIT ( ) NAMED_UNIT ( * ) SI_UNIT ( .MILLI., .METRE. ) );
#2592 = LINE ( 'NONE', #71, #3280 ) ;
#2593 =( GEOMETRIC_REPRESENTATION_CONTEXT ( 3 ) GLOBAL_UNCERTAINTY_ASSIGNED_CONTEXT ( ( #1081 ) ) GLOBAL_UNIT_ASSIGNED_CONTEXT ( ( #2158, #3532, #2082 ) ) REPRESENTATION_CONTEXT ( 'NONE', 'WORKASPACE' ) );
#2594 =( GEOMETRIC_REPRESENTATION_CONTEXT ( 3 ) GLOBAL_UNCERTAINTY_ASSIGNED_CONTEXT ( ( #1347 ) ) GLOBAL_UNIT_ASSIGNED_CONTEXT ( ( #3340, #1722, #1985 ) ) REPRESENTATION_CONTEXT ( 'NONE', 'WORKASPACE' ) );
#2595 = CARTESIAN_POINT ( 'NONE',  ( 2.600000000000000089, 2.350000000000000089, -2.700000000000000178 ) ) ;
#2596 = FACE_OUTER_BOUND ( 'NONE', #3296, .T. ) ;
#2597 = PRESENTATION_LAYER_ASSIGNMENT (  '', '', ( #531 ) ) ;
#2598 = CARTESIAN_POINT ( 'NONE',  ( 0.0000000000000000000, 1.700000000000000178, -4.250000000000000000 ) ) ;
#2599 = DIRECTION ( 'NONE',  ( -0.0000000000000000000, -0.6322674225171864837, -0.7747502219576795079 ) ) ;
#2600 = DIRECTION ( 'NONE',  ( 1.204669080539449344E-16, -1.000000000000000000, 0.0000000000000000000 ) ) ;
#2601 = ORIENTED_EDGE ( 'NONE', *, *, #1602, .T. ) ;
#2602 =( NAMED_UNIT ( * ) SI_UNIT ( $, .STERADIAN. ) SOLID_ANGLE_UNIT ( ) );
#2603 = VECTOR ( 'NONE', #1258, 1000.000000000000000 ) ;
#2604 = CARTESIAN_POINT ( 'NONE',  ( 1.399999999999999911, -0.04232549186178630185, -4.950000000000000178 ) ) ;
#2605 = EDGE_CURVE ( 'NONE', #158, #935, #3007, .T. ) ;
#2606 = CARTESIAN_POINT ( 'NONE',  ( 0.0000000000000000000, 0.1000000000000000056, -1.500000000000000000 ) ) ;
#2607 =( NAMED_UNIT ( * ) SI_UNIT ( $, .STERADIAN. ) SOLID_ANGLE_UNIT ( ) );
#2608 = EDGE_CURVE ( 'NONE', #3507, #2469, #3025, .T. ) ;
#2609 = EDGE_LOOP ( 'NONE', ( #275, #898, #1199, #2127 ) ) ;
#2610 = EDGE_LOOP ( 'NONE', ( #101, #1487, #3224, #1884 ) ) ;
#2611 = LINE ( 'NONE', #1751, #684 ) ;
#2612 = CARTESIAN_POINT ( 'NONE',  ( 0.5000000000000000000, 0.0000000000000000000, 0.0000000000000000000 ) ) ;
#2613 = ADVANCED_FACE ( 'NONE', ( #3610 ), #506, .F. ) ;
#2614 = UNCERTAINTY_MEASURE_WITH_UNIT (LENGTH_MEASURE( 1.000000000000000082E-05 ), #2534, 'distance_accuracy_value', 'NONE');
#2615 = UNCERTAINTY_MEASURE_WITH_UNIT (LENGTH_MEASURE( 1.000000000000000082E-05 ), #2660, 'distance_accuracy_value', 'NONE');
#2616 = LINE ( 'NONE', #1790, #720 ) ;
#2617 = DIRECTION ( 'NONE',  ( -4.818676322157797375E-16, -1.000000000000000000, 0.0000000000000000000 ) ) ;
#2618 = CARTESIAN_POINT ( 'NONE',  ( 2.400000000000000355, 1.950000000000000178, -0.9000000000000002442 ) ) ;
#2619 = ORIENTED_EDGE ( 'NONE', *, *, #1918, .F. ) ;
#2620 = CARTESIAN_POINT ( 'NONE',  ( 3.500000000000000000, 0.1000000000000000056, 0.0000000000000000000 ) ) ;
#2621 = DIRECTION ( 'NONE',  ( 0.0000000000000000000, 0.6322674225171868168, 0.7747502219576791749 ) ) ;
#2622 = VECTOR ( 'NONE', #1311, 1000.000000000000000 ) ;
#2623 = LINE ( 'NONE', #923, #2461 ) ;
#2624 = CARTESIAN_POINT ( 'NONE',  ( 0.3000000000000000444, 0.5000000000000000000, -1.500000000000000000 ) ) ;
#2625 = ORIENTED_EDGE ( 'NONE', *, *, #2057, .T. ) ;
#2626 = VECTOR ( 'NONE', #3087, 999.9999999999998863 ) ;
#2627 = EDGE_LOOP ( 'NONE', ( #683, #3257, #3563, #2153 ) ) ;
#2628 = LINE ( 'NONE', #103, #1232 ) ;
#2629 = EDGE_CURVE ( 'NONE', #2282, #1417, #1039, .T. ) ;
#2630 = DIRECTION ( 'NONE',  ( -0.0000000000000000000, 0.0000000000000000000, 1.000000000000000000 ) ) ;
#2631 = SURFACE_STYLE_USAGE ( .BOTH. , #1241 ) ;
#2632 = VECTOR ( 'NONE', #668, 1000.000000000000114 ) ;
#2633 = EDGE_LOOP ( 'NONE', ( #700, #1774, #2776, #2503 ) ) ;
#2634 =( GEOMETRIC_REPRESENTATION_CONTEXT ( 3 ) GLOBAL_UNCERTAINTY_ASSIGNED_CONTEXT ( ( #3080 ) ) GLOBAL_UNIT_ASSIGNED_CONTEXT ( ( #2296, #3046, #1078 ) ) REPRESENTATION_CONTEXT ( 'NONE', 'WORKASPACE' ) );
#2635 = EDGE_CURVE ( 'NONE', #1548, #2374, #1077, .T. ) ;
#2636 = LINE ( 'NONE', #2513, #2206 ) ;
#2637 = CARTESIAN_POINT ( 'NONE',  ( 1.399999999999999911, 2.350000000000000089, -0.9000000000000002442 ) ) ;
#2638 = DIRECTION ( 'NONE',  ( 0.0000000000000000000, -0.7071067811865414665, 0.7071067811865536790 ) ) ;
#2639 = PRESENTATION_LAYER_ASSIGNMENT (  '', '', ( #689 ) ) ;
#2640 = VERTEX_POINT ( 'NONE', #239 ) ;
#2641 = EDGE_LOOP ( 'NONE', ( #3286, #2705, #3252, #2601 ) ) ;
#2642 = COLOUR_RGB ( '',0.8509803921568627194, 0.8509803921568627194, 0.8509803921568627194 ) ;
#2643 = DIRECTION ( 'NONE',  ( 0.0000000000000000000, 0.0000000000000000000, -1.000000000000000000 ) ) ;
#2644 = SURFACE_STYLE_USAGE ( .BOTH. , #2698 ) ;
#2645 = VERTEX_POINT ( 'NONE', #3338 ) ;
#2646 = ORIENTED_EDGE ( 'NONE', *, *, #1367, .F. ) ;
#2647 =( NAMED_UNIT ( * ) SI_UNIT ( $, .STERADIAN. ) SOLID_ANGLE_UNIT ( ) );
#2648 = DIRECTION ( 'NONE',  ( 0.0000000000000000000, 0.7071067811865464625, -0.7071067811865486830 ) ) ;
#2649 = MECHANICAL_DESIGN_GEOMETRIC_PRESENTATION_REPRESENTATION (  '', ( #582 ), #1831 ) ;
#2650 = CARTESIAN_POINT ( 'NONE',  ( 0.0000000000000000000, 0.0000000000000000000, -4.250000000000000000 ) ) ;
#2651 = EDGE_CURVE ( 'NONE', #86, #1057, #2742, .T. ) ;
#2652 = ORIENTED_EDGE ( 'NONE', *, *, #461, .T. ) ;
#2653 = LINE ( 'NONE', #2401, #1844 ) ;
#2654 = CARTESIAN_POINT ( 'NONE',  ( 0.3000000000000000444, 0.7719398121261263901, -0.08291854158314547474 ) ) ;
#2655 = SURFACE_STYLE_FILL_AREA ( #1791 ) ;
#2656 = CARTESIAN_POINT ( 'NONE',  ( 3.250000000000000888, 0.1000000000000000056, -2.999999999999999556 ) ) ;
#2657 = VECTOR ( 'NONE', #1321, 1000.000000000000227 ) ;
#2658 = VERTEX_POINT ( 'NONE', #1354 ) ;
#2659 = EDGE_LOOP ( 'NONE', ( #1105, #1643, #2901, #3156 ) ) ;
#2660 =( LENGTH_UNIT ( ) NAMED_UNIT ( * ) SI_UNIT ( .MILLI., .METRE. ) );
#2661 = LINE ( 'NONE', #3162, #1243 ) ;
#2662 =( NAMED_UNIT ( * ) PLANE_ANGLE_UNIT ( ) SI_UNIT ( $, .RADIAN. ) );
#2663 = LINE ( 'NONE', #2139, #1211 ) ;
#2664 = ORIENTED_EDGE ( 'NONE', *, *, #3361, .T. ) ;
#2665 = ORIENTED_EDGE ( 'NONE', *, *, #1100, .T. ) ;
#2666 = DIRECTION ( 'NONE',  ( 0.0000000000000000000, -0.0000000000000000000, -1.000000000000000000 ) ) ;
#2667 = CARTESIAN_POINT ( 'NONE',  ( 3.349999999999999645, 0.5161065168360131628, -2.700000000000000178 ) ) ;
#2668 = ORIENTED_EDGE ( 'NONE', *, *, #2545, .F. ) ;
#2669 = DIRECTION ( 'NONE',  ( -0.0000000000000000000, -1.000000000000000000, -0.0000000000000000000 ) ) ;
#2670 = EDGE_CURVE ( 'NONE', #1597, #3535, #559, .T. ) ;
#2671 = CARTESIAN_POINT ( 'NONE',  ( 0.3000000000000000444, -0.07000000000000011768, -1.329999999999998961 ) ) ;
#2672 = PLANE ( 'NONE',  #3463 ) ;
#2673 = CARTESIAN_POINT ( 'NONE',  ( 2.400000000000000355, -0.04232549186178630185, -4.150000000000000355 ) ) ;
#2674 = ORIENTED_EDGE ( 'NONE', *, *, #2414, .T. ) ;
#2675 = VERTEX_POINT ( 'NONE', #1393 ) ;
#2676 = EDGE_CURVE ( 'NONE', #3195, #1095, #2799, .T. ) ;
#2677 = FACE_OUTER_BOUND ( 'NONE', #1651, .T. ) ;
#2678 = DIRECTION ( 'NONE',  ( 1.000000000000000000, 0.0000000000000000000, 0.0000000000000000000 ) ) ;
#2679 = EDGE_CURVE ( 'NONE', #1516, #577, #2223, .T. ) ;
#2680 = FILL_AREA_STYLE ('',( #2174 ) ) ;
#2681 = ORIENTED_EDGE ( 'NONE', *, *, #2768, .T. ) ;
#2682 = ORIENTED_EDGE ( 'NONE', *, *, #3136, .T. ) ;
#2683 = SURFACE_STYLE_FILL_AREA ( #967 ) ;
#2684 = COLOUR_RGB ( '',0.8509803921568627194, 0.8509803921568627194, 0.8509803921568627194 ) ;
#2685 = CARTESIAN_POINT ( 'NONE',  ( 0.3000000000000000444, 0.8299999999999997380, 0.0000000000000000000 ) ) ;
#2686 = PLANE ( 'NONE',  #463 ) ;
#2687 = VECTOR ( 'NONE', #2212, 1000.000000000000000 ) ;
#2688 = CARTESIAN_POINT ( 'NONE',  ( 4.000000000000000000, 0.9999999999999997780, 0.0000000000000000000 ) ) ;
#2689 =( GEOMETRIC_REPRESENTATION_CONTEXT ( 3 ) GLOBAL_UNCERTAINTY_ASSIGNED_CONTEXT ( ( #3380 ) ) GLOBAL_UNIT_ASSIGNED_CONTEXT ( ( #1794, #3157, #2602 ) ) REPRESENTATION_CONTEXT ( 'NONE', 'WORKASPACE' ) );
#2690 =( GEOMETRIC_REPRESENTATION_CONTEXT ( 3 ) GLOBAL_UNCERTAINTY_ASSIGNED_CONTEXT ( ( #1462 ) ) GLOBAL_UNIT_ASSIGNED_CONTEXT ( ( #2761, #2378, #2876 ) ) REPRESENTATION_CONTEXT ( 'NONE', 'WORKASPACE' ) );
#2691 = CARTESIAN_POINT ( 'NONE',  ( 1.399999999999999911, 2.350000000000000089, -0.9000000000000002442 ) ) ;
#2692 = FILL_AREA_STYLE_COLOUR ( '', #214 ) ;
#2693 = AXIS2_PLACEMENT_3D ( 'NONE', #1770, #2884, #3504 ) ;
#2694 = ORIENTED_EDGE ( 'NONE', *, *, #958, .F. ) ;
#2695 = SURFACE_SIDE_STYLE ('',( #3264 ) ) ;
#2696 =( GEOMETRIC_REPRESENTATION_CONTEXT ( 3 ) GLOBAL_UNCERTAINTY_ASSIGNED_CONTEXT ( ( #3543 ) ) GLOBAL_UNIT_ASSIGNED_CONTEXT ( ( #3372, #3293, #1407 ) ) REPRESENTATION_CONTEXT ( 'NONE', 'WORKASPACE' ) );
#2697 = EDGE_CURVE ( 'NONE', #577, #3122, #2450, .T. ) ;
#2698 = SURFACE_SIDE_STYLE ('',( #3234 ) ) ;
#2699 = ADVANCED_FACE ( 'NONE', ( #341 ), #927, .T. ) ;
#2700 = ADVANCED_FACE ( 'NONE', ( #2863, #1767 ), #3103, .T. ) ;
#2701 = ORIENTED_EDGE ( 'NONE', *, *, #2320, .T. ) ;
#2702 = VERTEX_POINT ( 'NONE', #2310 ) ;
#2703 =( NAMED_UNIT ( * ) SI_UNIT ( $, .STERADIAN. ) SOLID_ANGLE_UNIT ( ) );
#2704 = FILL_AREA_STYLE_COLOUR ( '', #2410 ) ;
#2705 = ORIENTED_EDGE ( 'NONE', *, *, #1873, .F. ) ;
#2706 = CARTESIAN_POINT ( 'NONE',  ( 4.000000000000000000, 0.3245329449495911178, -4.250000000000000000 ) ) ;
#2707 = VECTOR ( 'NONE', #1557, 1000.000000000000000 ) ;
#2708 = CARTESIAN_POINT ( 'NONE',  ( 3.750000000000000444, 2.416106516836013185, -2.700000000000000178 ) ) ;
#2709 = FILL_AREA_STYLE ('',( #2692 ) ) ;
#2710 =( GEOMETRIC_REPRESENTATION_CONTEXT ( 3 ) GLOBAL_UNCERTAINTY_ASSIGNED_CONTEXT ( ( #108 ) ) GLOBAL_UNIT_ASSIGNED_CONTEXT ( ( #1786, #1185, #2880 ) ) REPRESENTATION_CONTEXT ( 'NONE', 'WORKASPACE' ) );
#2711 = ORIENTED_EDGE ( 'NONE', *, *, #2670, .T. ) ;
#2712 = LINE ( 'NONE', #2134, #1929 ) ;
#2713 = VECTOR ( 'NONE', #798, 1000.000000000000000 ) ;
#2714 = VECTOR ( 'NONE', #168, 1000.000000000000000 ) ;
#2715 = VERTEX_POINT ( 'NONE', #1441 ) ;
#2716 = COLOUR_RGB ( '',0.9882352941176471006, 1.000000000000000000, 0.8431372549019607865 ) ;
#2717 = FACE_OUTER_BOUND ( 'NONE', #1026, .T. ) ;
#2718 = LINE ( 'NONE', #1554, #288 ) ;
#2719 = CARTESIAN_POINT ( 'NONE',  ( 4.000000000000000000, 0.9999999999999997780, -0.5000000000000000000 ) ) ;
#2720 = ORIENTED_EDGE ( 'NONE', *, *, #334, .T. ) ;
#2721 = ORIENTED_EDGE ( 'NONE', *, *, #2327, .F. ) ;
#2722 = DIRECTION ( 'NONE',  ( 0.0000000000000000000, 0.6322674225171864837, 0.7747502219576795079 ) ) ;
#2723 = EDGE_CURVE ( 'NONE', #1212, #1967, #1427, .T. ) ;
#2724 = VECTOR ( 'NONE', #2996, 1000.000000000000000 ) ;
#2725 = LINE ( 'NONE', #988, #9 ) ;
#2726 = EDGE_LOOP ( 'NONE', ( #1136, #601, #2805, #2891 ) ) ;
#2727 = CARTESIAN_POINT ( 'NONE',  ( 3.750000000000000444, 2.416106516836013185, -0.04999999999999883010 ) ) ;
#2728 = LINE ( 'NONE', #204, #2714 ) ;
#2729 = EDGE_LOOP ( 'NONE', ( #2822, #1588, #1103, #2318 ) ) ;
#2730 = ORIENTED_EDGE ( 'NONE', *, *, #2498, .T. ) ;
#2731 = DIRECTION ( 'NONE',  ( -0.0000000000000000000, 0.7071067811865462405, 0.7071067811865489050 ) ) ;
#2732 = ORIENTED_EDGE ( 'NONE', *, *, #135, .F. ) ;
#2733 =( NAMED_UNIT ( * ) SI_UNIT ( $, .STERADIAN. ) SOLID_ANGLE_UNIT ( ) );
#2734 = DIRECTION ( 'NONE',  ( -0.0000000000000000000, 0.9629640197141806635, 0.2696299255199748890 ) ) ;
#2735 = CARTESIAN_POINT ( 'NONE',  ( 3.500000000000000000, 0.8299999999999997380, 0.0000000000000000000 ) ) ;
#2736 = VERTEX_POINT ( 'NONE', #1750 ) ;
#2737 = FILL_AREA_STYLE ('',( #3040 ) ) ;
#2738 = DIRECTION ( 'NONE',  ( 0.0000000000000000000, -0.5735764363510440500, -0.8191520442889932418 ) ) ;
#2739 = ORIENTED_EDGE ( 'NONE', *, *, #2476, .T. ) ;
#2740 = MECHANICAL_DESIGN_GEOMETRIC_PRESENTATION_REPRESENTATION (  '', ( #1261 ), #3609 ) ;
#2741 = EDGE_CURVE ( 'NONE', #551, #207, #2541, .T. ) ;
#2742 = LINE ( 'NONE', #1687, #1591 ) ;
#2743 = CARTESIAN_POINT ( 'NONE',  ( 0.0000000000000000000, 0.0000000000000000000, 0.0000000000000000000 ) ) ;
#2744 = DIRECTION ( 'NONE',  ( 0.0000000000000000000, 1.000000000000000000, 0.0000000000000000000 ) ) ;
#2745 = CARTESIAN_POINT ( 'NONE',  ( 2.600000000000000089, 0.3245329449495911178, -4.250000000000000000 ) ) ;
#2746 = VECTOR ( 'NONE', #2443, 1000.000000000000114 ) ;
#2747 = ADVANCED_FACE ( 'NONE', ( #1458 ), #878, .T. ) ;
#2748 = EDGE_CURVE ( 'NONE', #822, #2389, #2592, .T. ) ;
#2749 = VERTEX_POINT ( 'NONE', #20 ) ;
#2750 = VECTOR ( 'NONE', #3138, 1000.000000000000000 ) ;
#2751 = ORIENTED_EDGE ( 'NONE', *, *, #1551, .F. ) ;
#2752 = DIRECTION ( 'NONE',  ( 0.0000000000000000000, -0.7071067811865489050, 0.7071067811865462405 ) ) ;
#2753 = VECTOR ( 'NONE', #3132, 1000.000000000000000 ) ;
#2754 = STYLED_ITEM ( 'NONE', ( #3511 ), #89 ) ;
#2755 = FILL_AREA_STYLE_COLOUR ( '', #1905 ) ;
#2756 = FILL_AREA_STYLE_COLOUR ( '', #1385 ) ;
#2757 = CARTESIAN_POINT ( 'NONE',  ( 3.500000000000000000, 0.0000000000000000000, 0.0000000000000000000 ) ) ;
#2758 = SURFACE_STYLE_USAGE ( .BOTH. , #835 ) ;
#2759 = AXIS2_PLACEMENT_3D ( 'NONE', #3250, #3529, #723 ) ;
#2760 = ORIENTED_EDGE ( 'NONE', *, *, #1948, .F. ) ;
#2761 =( LENGTH_UNIT ( ) NAMED_UNIT ( * ) SI_UNIT ( .MILLI., .METRE. ) );
#2762 =( LENGTH_UNIT ( ) NAMED_UNIT ( * ) SI_UNIT ( .MILLI., .METRE. ) );
#2763 = ORIENTED_EDGE ( 'NONE', *, *, #327, .F. ) ;
#2764 = SURFACE_STYLE_FILL_AREA ( #2489 ) ;
#2765 = EDGE_CURVE ( 'NONE', #2645, #1686, #87, .T. ) ;
#2766 = ORIENTED_EDGE ( 'NONE', *, *, #575, .F. ) ;
#2767 = CARTESIAN_POINT ( 'NONE',  ( 2.400000000000000355, 3.200000000000000178, -1.000000000000000000 ) ) ;
#2768 = EDGE_CURVE ( 'NONE', #3145, #2144, #2028, .T. ) ;
#2769 = AXIS2_PLACEMENT_3D ( 'NONE', #2202, #2780, #3297 ) ;
#2770 = ORIENTED_EDGE ( 'NONE', *, *, #375, .F. ) ;
#2771 = STYLED_ITEM ( 'NONE', ( #1639 ), #2851 ) ;
#2772 = LINE ( 'NONE', #1348, #2079 ) ;
#2773 = CARTESIAN_POINT ( 'NONE',  ( 3.399999999999999911, 2.416106516836013185, 0.0000000000000000000 ) ) ;
#2774 = LINE ( 'NONE', #404, #1645 ) ;
#2775 = CARTESIAN_POINT ( 'NONE',  ( 0.6000000000000001998, 2.466106516836013007, 0.0000000000000000000 ) ) ;
#2776 = ORIENTED_EDGE ( 'NONE', *, *, #3491, .F. ) ;
#2777 = CARTESIAN_POINT ( 'NONE',  ( 0.6500000000000001332, 2.416106516836013185, -2.700000000000000178 ) ) ;
#2778 = CARTESIAN_POINT ( 'NONE',  ( 0.0000000000000000000, 0.9999999999999997780, -0.5000000000000000000 ) ) ;
#2779 = ORIENTED_EDGE ( 'NONE', *, *, #1944, .T. ) ;
#2780 = DIRECTION ( 'NONE',  ( 0.0000000000000000000, 1.000000000000000000, 0.0000000000000000000 ) ) ;
#2781 = CARTESIAN_POINT ( 'NONE',  ( 0.0000000000000000000, 0.5000000000000000000, -1.500000000000000000 ) ) ;
#2782 = SURFACE_STYLE_USAGE ( .BOTH. , #580 ) ;
#2783 = ORIENTED_EDGE ( 'NONE', *, *, #1418, .F. ) ;
#2784 = LINE ( 'NONE', #882, #2454 ) ;
#2785 = VECTOR ( 'NONE', #843, 1000.000000000000000 ) ;
#2786 = UNCERTAINTY_MEASURE_WITH_UNIT (LENGTH_MEASURE( 1.000000000000000082E-05 ), #3339, 'distance_accuracy_value', 'NONE');
#2787 = ORIENTED_EDGE ( 'NONE', *, *, #2568, .F. ) ;
#2788 = EDGE_CURVE ( 'NONE', #735, #3535, #3376, .T. ) ;
#2789 = DIRECTION ( 'NONE',  ( -1.000000000000000000, -0.0000000000000000000, -0.0000000000000000000 ) ) ;
#2790 = LINE ( 'NONE', #553, #3614 ) ;
#2791 = DIRECTION ( 'NONE',  ( 1.000000000000000000, 0.0000000000000000000, -0.0000000000000000000 ) ) ;
#2792 = SURFACE_STYLE_FILL_AREA ( #1051 ) ;
#2793 = ORIENTED_EDGE ( 'NONE', *, *, #1135, .F. ) ;
#2794 = ADVANCED_FACE ( 'NONE', ( #55 ), #1167, .T. ) ;
#2795 = SURFACE_STYLE_FILL_AREA ( #2737 ) ;
#2796 = FILL_AREA_STYLE ('',( #1696 ) ) ;
#2797 = LINE ( 'NONE', #3354, #678 ) ;
#2798 = ORIENTED_EDGE ( 'NONE', *, *, #2635, .T. ) ;
#2799 = LINE ( 'NONE', #218, #2989 ) ;
#2800 = LINE ( 'NONE', #1688, #3057 ) ;
#2801 = UNCERTAINTY_MEASURE_WITH_UNIT (LENGTH_MEASURE( 1.000000000000000082E-05 ), #3525, 'distance_accuracy_value', 'NONE');
#2802 = ORIENTED_EDGE ( 'NONE', *, *, #2651, .F. ) ;
#2803 = CARTESIAN_POINT ( 'NONE',  ( 1.399999999999999911, 0.3162452190879569414, -3.710624621793976452 ) ) ;
#2804 = MECHANICAL_DESIGN_GEOMETRIC_PRESENTATION_REPRESENTATION (  '', ( #156 ), #2286 ) ;
#2805 = ORIENTED_EDGE ( 'NONE', *, *, #2670, .F. ) ;
#2806 = DIRECTION ( 'NONE',  ( 0.0000000000000000000, -1.000000000000000000, 0.0000000000000000000 ) ) ;
#2807 = VECTOR ( 'NONE', #2953, 1000.000000000000000 ) ;
#2808 = CARTESIAN_POINT ( 'NONE',  ( 0.5000000000000000000, 0.0000000000000000000, 0.0000000000000000000 ) ) ;
#2809 = EDGE_CURVE ( 'NONE', #1493, #2512, #3481, .T. ) ;
#2810 = EDGE_LOOP ( 'NONE', ( #679, #1196, #2176, #804, #1242, #1945, #3185 ) ) ;
#2811 = COLOUR_RGB ( '',0.8509803921568627194, 0.8509803921568627194, 0.8509803921568627194 ) ;
#2812 = DIRECTION ( 'NONE',  ( 0.7071067811865435759, 8.518296759352030474E-17, 0.7071067811865515695 ) ) ;
#2813 = CARTESIAN_POINT ( 'NONE',  ( 1.600000000000000089, 1.950000000000000178, -2.700000000000000178 ) ) ;
#2814 = AXIS2_PLACEMENT_3D ( 'NONE', #2685, #2416, #2738 ) ;
#2815 = ADVANCED_FACE ( 'NONE', ( #986 ), #709, .F. ) ;
#2816 = CARTESIAN_POINT ( 'NONE',  ( 4.000000000000000000, 0.5000000000000000000, -1.500000000000000000 ) ) ;
#2817 = VERTEX_POINT ( 'NONE', #947 ) ;
#2818 = DIRECTION ( 'NONE',  ( -1.000000000000000000, 0.0000000000000000000, 0.0000000000000000000 ) ) ;
#2819 = LINE ( 'NONE', #294, #138 ) ;
#2820 = DIRECTION ( 'NONE',  ( 0.0000000000000000000, -0.0000000000000000000, -1.000000000000000000 ) ) ;
#2821 = FACE_OUTER_BOUND ( 'NONE', #2471, .T. ) ;
#2822 = ORIENTED_EDGE ( 'NONE', *, *, #1734, .T. ) ;
#2823 = DIRECTION ( 'NONE',  ( 0.0000000000000000000, -0.0000000000000000000, 1.000000000000000000 ) ) ;
#2824 = ORIENTED_EDGE ( 'NONE', *, *, #2975, .T. ) ;
#2825 = ORIENTED_EDGE ( 'NONE', *, *, #713, .T. ) ;
#2826 = PRESENTATION_STYLE_ASSIGNMENT (( #2267 ) ) ;
#2827 = PRESENTATION_LAYER_ASSIGNMENT (  '', '', ( #763 ) ) ;
#2828 = DIRECTION ( 'NONE',  ( 0.0000000000000000000, 0.5735764363510440500, 0.8191520442889932418 ) ) ;
#2829 = DIRECTION ( 'NONE',  ( 0.0000000000000000000, 1.000000000000000000, 0.0000000000000000000 ) ) ;
#2830 = VECTOR ( 'NONE', #1339, 1000.000000000000000 ) ;
#2831 = FILL_AREA_STYLE_COLOUR ( '', #353 ) ;
#2832 = EDGE_CURVE ( 'NONE', #845, #2086, #179, .T. ) ;
#2833 = AXIS2_PLACEMENT_3D ( 'NONE', #3513, #1003, #727 ) ;
#2834 = DIRECTION ( 'NONE',  ( 0.0000000000000000000, -0.5735764363510440500, -0.8191520442889931308 ) ) ;
#2835 = ORIENTED_EDGE ( 'NONE', *, *, #1072, .T. ) ;
#2836 = CARTESIAN_POINT ( 'NONE',  ( 2.400000000000000355, -0.04232549186178630185, -4.950000000000000178 ) ) ;
#2837 = AXIS2_PLACEMENT_3D ( 'NONE', #1223, #1520, #968 ) ;
#2838 = EDGE_CURVE ( 'NONE', #1399, #1803, #672, .T. ) ;
#2839 =( NAMED_UNIT ( * ) PLANE_ANGLE_UNIT ( ) SI_UNIT ( $, .RADIAN. ) );
#2840 = DIRECTION ( 'NONE',  ( 0.0000000000000000000, -0.7071067811865462405, -0.7071067811865489050 ) ) ;
#2841 = EDGE_CURVE ( 'NONE', #551, #602, #2628, .T. ) ;
#2842 = VECTOR ( 'NONE', #1190, 1000.000000000000000 ) ;
#2843 = UNCERTAINTY_MEASURE_WITH_UNIT (LENGTH_MEASURE( 1.000000000000000082E-05 ), #3190, 'distance_accuracy_value', 'NONE');
#2844 = ORIENTED_EDGE ( 'NONE', *, *, #2369, .F. ) ;
#2845 = CARTESIAN_POINT ( 'NONE',  ( 1.399999999999999911, -0.04232549186178630185, -4.950000000000000178 ) ) ;
#2846 = CARTESIAN_POINT ( 'NONE',  ( 3.349999999999999645, 0.5161065168360131628, -0.04999999999999969746 ) ) ;
#2847 = LINE ( 'NONE', #2287, #3111 ) ;
#2848 = FACE_OUTER_BOUND ( 'NONE', #1505, .T. ) ;
#2849 = ORIENTED_EDGE ( 'NONE', *, *, #2411, .T. ) ;
#2850 = DIRECTION ( 'NONE',  ( 0.0000000000000000000, 0.7071067811865464625, -0.7071067811865486830 ) ) ;
#2851 = ADVANCED_FACE ( 'NONE', ( #1517 ), #481, .F. ) ;
#2852 =( NAMED_UNIT ( * ) SI_UNIT ( $, .STERADIAN. ) SOLID_ANGLE_UNIT ( ) );
#2853 = EDGE_CURVE ( 'NONE', #1833, #962, #2217, .T. ) ;
#2854 = DIRECTION ( 'NONE',  ( -0.0000000000000000000, 0.9629640197141806635, 0.2696299255199748890 ) ) ;
#2855 = ORIENTED_EDGE ( 'NONE', *, *, #3578, .T. ) ;
#2856 = AXIS2_PLACEMENT_3D ( 'NONE', #3139, #887, #2904 ) ;
#2857 = CARTESIAN_POINT ( 'NONE',  ( 4.000000000000000000, 0.1000000000000000056, 0.0000000000000000000 ) ) ;
#2858 = COLOUR_RGB ( '',0.8509803921568627194, 0.8509803921568627194, 0.8509803921568627194 ) ;
#2859 = DIRECTION ( 'NONE',  ( -0.0000000000000000000, -0.0000000000000000000, -1.000000000000000000 ) ) ;
#2860 = AXIS2_PLACEMENT_3D ( 'NONE', #2529, #1987, #564 ) ;
#2861 = DIRECTION ( 'NONE',  ( 0.7071067811865430208, -0.0000000000000000000, 0.7071067811865521247 ) ) ;
#2862 = ORIENTED_EDGE ( 'NONE', *, *, #1304, .T. ) ;
#2863 = FACE_BOUND ( 'NONE', #1924, .T. ) ;
#2864 = AXIS2_PLACEMENT_3D ( 'NONE', #879, #2031, #3117 ) ;
#2865 = CARTESIAN_POINT ( 'NONE',  ( 2.600000000000000089, 0.1000000000000000056, -3.975601157859501189 ) ) ;
#2866 = UNCERTAINTY_MEASURE_WITH_UNIT (LENGTH_MEASURE( 1.000000000000000082E-05 ), #1489, 'distance_accuracy_value', 'NONE');
#2867 =( GEOMETRIC_REPRESENTATION_CONTEXT ( 3 ) GLOBAL_UNCERTAINTY_ASSIGNED_CONTEXT ( ( #3414 ) ) GLOBAL_UNIT_ASSIGNED_CONTEXT ( ( #2978, #460, #194 ) ) REPRESENTATION_CONTEXT ( 'NONE', 'WORKASPACE' ) );
#2868 = CARTESIAN_POINT ( 'NONE',  ( 0.6500000000000000222, 2.466106516836013007, 0.0000000000000000000 ) ) ;
#2869 = SURFACE_SIDE_STYLE ('',( #3417 ) ) ;
#2870 = ORIENTED_EDGE ( 'NONE', *, *, #1570, .T. ) ;
#2871 = ORIENTED_EDGE ( 'NONE', *, *, #907, .F. ) ;
#2872 = FACE_OUTER_BOUND ( 'NONE', #2075, .T. ) ;
#2873 = PLANE ( 'NONE',  #2013 ) ;
#2874 = EDGE_CURVE ( 'NONE', #1597, #845, #1035, .T. ) ;
#2875 = DIRECTION ( 'NONE',  ( 0.0000000000000000000, 0.7071067811865464625, -0.7071067811865486830 ) ) ;
#2876 =( NAMED_UNIT ( * ) SI_UNIT ( $, .STERADIAN. ) SOLID_ANGLE_UNIT ( ) );
#2877 = PRESENTATION_LAYER_ASSIGNMENT (  '', '', ( #408 ) ) ;
#2878 = ORIENTED_EDGE ( 'NONE', *, *, #2283, .T. ) ;
#2879 = ORIENTED_EDGE ( 'NONE', *, *, #2937, .T. ) ;
#2880 =( NAMED_UNIT ( * ) SI_UNIT ( $, .STERADIAN. ) SOLID_ANGLE_UNIT ( ) );
#2881 = DIRECTION ( 'NONE',  ( 0.0000000000000000000, 1.192877748288698639E-17, -1.000000000000000000 ) ) ;
#2882 = LINE ( 'NONE', #949, #1600 ) ;
#2883 =( LENGTH_UNIT ( ) NAMED_UNIT ( * ) SI_UNIT ( .MILLI., .METRE. ) );
#2884 = DIRECTION ( 'NONE',  ( 0.7071067811865399122, 1.533293416683357868E-16, 0.7071067811865551223 ) ) ;
#2885 = CARTESIAN_POINT ( 'NONE',  ( 0.6500000000000001332, 2.416106516836013185, -0.04999999999999883010 ) ) ;
#2886 = VERTEX_POINT ( 'NONE', #2178 ) ;
#2887 = ORIENTED_EDGE ( 'NONE', *, *, #1827, .F. ) ;
#2888 = VECTOR ( 'NONE', #2987, 1000.000000000000000 ) ;
#2889 = CARTESIAN_POINT ( 'NONE',  ( 2.600000000000000089, 2.350000000000000089, -0.9000000000000002442 ) ) ;
#2890 = ADVANCED_FACE ( 'NONE', ( #1682 ), #1660, .F. ) ;
#2891 = ORIENTED_EDGE ( 'NONE', *, *, #244, .F. ) ;
#2892 = CARTESIAN_POINT ( 'NONE',  ( 1.399999999999999911, -0.04232549186178630185, -4.950000000000000178 ) ) ;
#2893 = SURFACE_STYLE_USAGE ( .BOTH. , #1781 ) ;
#2894 = EDGE_CURVE ( 'NONE', #653, #2675, #2500, .T. ) ;
#2895 = VERTEX_POINT ( 'NONE', #3308 ) ;
#2896 = ORIENTED_EDGE ( 'NONE', *, *, #1322, .F. ) ;
#2897 =( LENGTH_UNIT ( ) NAMED_UNIT ( * ) SI_UNIT ( .MILLI., .METRE. ) );
#2898 = FACE_OUTER_BOUND ( 'NONE', #182, .T. ) ;
#2899 = SURFACE_SIDE_STYLE ('',( #2313 ) ) ;
#2900 = CARTESIAN_POINT ( 'NONE',  ( 2.600000000000000089, 1.950000000000000178, -0.9000000000000002442 ) ) ;
#2901 = ORIENTED_EDGE ( 'NONE', *, *, #1412, .F. ) ;
#2902 = ORIENTED_EDGE ( 'NONE', *, *, #2587, .T. ) ;
#2903 = SURFACE_SIDE_STYLE ('',( #1485 ) ) ;
#2904 = DIRECTION ( 'NONE',  ( -1.000000000000000000, 0.0000000000000000000, -1.734723475976806848E-16 ) ) ;
#2905 =( GEOMETRIC_REPRESENTATION_CONTEXT ( 3 ) GLOBAL_UNCERTAINTY_ASSIGNED_CONTEXT ( ( #1741 ) ) GLOBAL_UNIT_ASSIGNED_CONTEXT ( ( #3124, #2332, #2061 ) ) REPRESENTATION_CONTEXT ( 'NONE', 'WORKASPACE' ) );
#2906 = VERTEX_POINT ( 'NONE', #1073 ) ;
#2907 = PRESENTATION_STYLE_ASSIGNMENT (( #1571 ) ) ;
#2908 = CARTESIAN_POINT ( 'NONE',  ( 0.6500000000000001332, 1.516106516836013052, -0.04999999999999883010 ) ) ;
#2909 = ADVANCED_FACE ( 'NONE', ( #3333 ), #3273, .F. ) ;
#2910 = LINE ( 'NONE', #119, #864 ) ;
#2911 = VERTEX_POINT ( 'NONE', #1897 ) ;
#2912 = VECTOR ( 'NONE', #530, 1000.000000000000000 ) ;
#2913 = ORIENTED_EDGE ( 'NONE', *, *, #2502, .F. ) ;
#2914 = FILL_AREA_STYLE_COLOUR ( '', #826 ) ;
#2915 = CARTESIAN_POINT ( 'NONE',  ( 3.500000000000000000, -0.07000000000000011768, -1.329999999999998961 ) ) ;
#2916 = ORIENTED_EDGE ( 'NONE', *, *, #3582, .T. ) ;
#2917 = AXIS2_PLACEMENT_3D ( 'NONE', #2908, #2861, #1423 ) ;
#2918 = LINE ( 'NONE', #2087, #1783 ) ;
#2919 = ADVANCED_FACE ( 'NONE', ( #1933 ), #3002, .T. ) ;
#2920 = FACE_OUTER_BOUND ( 'NONE', #1583, .T. ) ;
#2921 = DIRECTION ( 'NONE',  ( 0.0000000000000000000, 0.0000000000000000000, -1.000000000000000000 ) ) ;
#2922 = VECTOR ( 'NONE', #3568, 1000.000000000000000 ) ;
#2923 = ORIENTED_EDGE ( 'NONE', *, *, #1755, .F. ) ;
#2924 = ORIENTED_EDGE ( 'NONE', *, *, #2585, .T. ) ;
#2925 = PRESENTATION_STYLE_ASSIGNMENT (( #917 ) ) ;
#2926 =( NAMED_UNIT ( * ) PLANE_ANGLE_UNIT ( ) SI_UNIT ( $, .RADIAN. ) );
#2927 = ORIENTED_EDGE ( 'NONE', *, *, #3158, .T. ) ;
#2928 = VERTEX_POINT ( 'NONE', #319 ) ;
#2929 = EDGE_CURVE ( 'NONE', #2144, #514, #31, .T. ) ;
#2930 =( LENGTH_UNIT ( ) NAMED_UNIT ( * ) SI_UNIT ( .MILLI., .METRE. ) );
#2931 = ORIENTED_EDGE ( 'NONE', *, *, #1299, .T. ) ;
#2932 = EDGE_CURVE ( 'NONE', #2512, #653, #1405, .T. ) ;
#2933 = MECHANICAL_DESIGN_GEOMETRIC_PRESENTATION_REPRESENTATION (  '', ( #2477 ), #2311 ) ;
#2934 = LINE ( 'NONE', #768, #2603 ) ;
#2935 = CARTESIAN_POINT ( 'NONE',  ( 0.2000000000000006495, 2.466106516836013007, 0.0000000000000000000 ) ) ;
#2936 = LINE ( 'NONE', #1426, #2339 ) ;
#2937 = EDGE_CURVE ( 'NONE', #3145, #872, #852, .T. ) ;
#2938 = ORIENTED_EDGE ( 'NONE', *, *, #2748, .F. ) ;
#2939 = ORIENTED_EDGE ( 'NONE', *, *, #1775, .T. ) ;
#2940 = ORIENTED_EDGE ( 'NONE', *, *, #1161, .F. ) ;
#2941 = CARTESIAN_POINT ( 'NONE',  ( 0.2000000000000006495, 2.416106516836013185, 0.0000000000000000000 ) ) ;
#2942 = LINE ( 'NONE', #141, #339 ) ;
#2943 = STYLED_ITEM ( 'NONE', ( #90 ), #3310 ) ;
#2944 = ORIENTED_EDGE ( 'NONE', *, *, #1304, .F. ) ;
#2945 = PLANE ( 'NONE',  #2004 ) ;
#2946 =( NAMED_UNIT ( * ) SI_UNIT ( $, .STERADIAN. ) SOLID_ANGLE_UNIT ( ) );
#2947 = CARTESIAN_POINT ( 'NONE',  ( 0.3000000000000000444, 0.3519398121261264056, -0.08291854158314553025 ) ) ;
#2948 = CARTESIAN_POINT ( 'NONE',  ( 2.600000000000000089, 2.350000000000000089, -0.9000000000000002442 ) ) ;
#2949 = LINE ( 'NONE', #1285, #1958 ) ;
#2950 = EDGE_CURVE ( 'NONE', #2323, #2098, #1181, .T. ) ;
#2951 = ORIENTED_EDGE ( 'NONE', *, *, #1432, .T. ) ;
#2952 = EDGE_CURVE ( 'NONE', #3069, #3018, #337, .T. ) ;
#2953 = DIRECTION ( 'NONE',  ( -1.000000000000000000, 0.0000000000000000000, 0.0000000000000000000 ) ) ;
#2954 = ORIENTED_EDGE ( 'NONE', *, *, #2950, .T. ) ;
#2955 = DIRECTION ( 'NONE',  ( -0.0000000000000000000, 0.7071067811865487940, 0.7071067811865463515 ) ) ;
#2956 = ORIENTED_EDGE ( 'NONE', *, *, #3020, .T. ) ;
#2957 = CARTESIAN_POINT ( 'NONE',  ( 2.600000000000000089, 0.2576745081382136870, -4.331925126797040448 ) ) ;
#2958 = AXIS2_PLACEMENT_3D ( 'NONE', #1210, #2823, #565 ) ;
#2959 = CARTESIAN_POINT ( 'NONE',  ( 4.000000000000000000, 2.700000000000000178, 0.0000000000000000000 ) ) ;
#2960 = LINE ( 'NONE', #2398, #2533 ) ;
#2961 = VECTOR ( 'NONE', #1068, 1000.000000000000000 ) ;
#2962 = ORIENTED_EDGE ( 'NONE', *, *, #3118, .F. ) ;
#2963 = DIRECTION ( 'NONE',  ( 0.0000000000000000000, -1.000000000000000000, -0.0000000000000000000 ) ) ;
#2964 = VECTOR ( 'NONE', #436, 1000.000000000000227 ) ;
#2965 = SURFACE_STYLE_USAGE ( .BOTH. , #715 ) ;
#2966 = CLOSED_SHELL ( 'NONE', ( #871, #982, #402, #3607, #2092, #1737, #2392, #2909, #2241, #1007, #637, #537, #1495, #3134, #2700, #846, #2699, #779, #3539, #914, #1281, #249, #251, #313, #3478, #2351, #1430, #2029, #2051, #1796, #757, #1721, #114, #622, #1823, #1317, #512, #69, #2794, #2302, #2747, #224, #3221, #3342, #1064, #1490, #2305, #1807, #1801, #1677, #3089, #2890, #2170, #3387, #2067, #1564, #753, #3317, #290, #2613, #2375, #2473, #1142, #3116, #3053, #1113, #1720, #1989, #347, #3026, #1701, #933, #1046, #2564, #1008, #2815, #44, #137, #10, #687, #1251, #266, #805, #2851, #2919, #3310, #89, #414, #1595, #2453, #1544, #3095, #274, #131, #3070, #2189 ) ) ;
#2967 = DIRECTION ( 'NONE',  ( 0.0000000000000000000, -1.000000000000000000, 0.0000000000000000000 ) ) ;
#2968 = LINE ( 'NONE', #132, #3612 ) ;
#2969 = VECTOR ( 'NONE', #1341, 1000.000000000000000 ) ;
#2970 = EDGE_LOOP ( 'NONE', ( #3426, #1033, #1758, #2359 ) ) ;
#2971 = VERTEX_POINT ( 'NONE', #1144 ) ;
#2972 = CARTESIAN_POINT ( 'NONE',  ( 0.0000000000000000000, -0.0000000000000000000, -3.750000000000000000 ) ) ;
#2973 = STYLED_ITEM ( 'NONE', ( #2397 ), #1544 ) ;
#2974 = AXIS2_PLACEMENT_3D ( 'NONE', #52, #650, #84 ) ;
#2975 = EDGE_CURVE ( 'NONE', #1420, #605, #2847, .T. ) ;
#2976 = DIRECTION ( 'NONE',  ( -1.000000000000000000, -0.0000000000000000000, -0.0000000000000000000 ) ) ;
#2977 = LINE ( 'NONE', #1349, #2746 ) ;
#2978 =( LENGTH_UNIT ( ) NAMED_UNIT ( * ) SI_UNIT ( .MILLI., .METRE. ) );
#2979 = FACE_OUTER_BOUND ( 'NONE', #2353, .T. ) ;
#2980 = ORIENTED_EDGE ( 'NONE', *, *, #1734, .F. ) ;
#2981 = ORIENTED_EDGE ( 'NONE', *, *, #2929, .T. ) ;
#2982 = EDGE_CURVE ( 'NONE', #1803, #2971, #1455, .T. ) ;
#2983 = SURFACE_SIDE_STYLE ('',( #2795 ) ) ;
#2984 = FACE_OUTER_BOUND ( 'NONE', #1019, .T. ) ;
#2985 = FACE_OUTER_BOUND ( 'NONE', #484, .T. ) ;
#2986 = EDGE_LOOP ( 'NONE', ( #444, #3541, #1792, #1654 ) ) ;
#2987 = DIRECTION ( 'NONE',  ( 1.000000000000000000, 0.0000000000000000000, -0.0000000000000000000 ) ) ;
#2988 = CARTESIAN_POINT ( 'NONE',  ( 0.5000000000000000000, 0.0000000000000000000, 0.0000000000000000000 ) ) ;
#2989 = VECTOR ( 'NONE', #2525, 1000.000000000000000 ) ;
#2990 = ORIENTED_EDGE ( 'NONE', *, *, #3365, .T. ) ;
#2991 = CARTESIAN_POINT ( 'NONE',  ( 2.400000000000000355, 0.0000000000000000000, 0.0000000000000000000 ) ) ;
#2992 = PRESENTATION_LAYER_ASSIGNMENT (  '', '', ( #2771 ) ) ;
#2993 = VECTOR ( 'NONE', #3260, 1000.000000000000000 ) ;
#2994 = ORIENTED_EDGE ( 'NONE', *, *, #1578, .F. ) ;
#2995 = VECTOR ( 'NONE', #2850, 1000.000000000000000 ) ;
#2996 = DIRECTION ( 'NONE',  ( -1.445602896647339163E-16, -0.0000000000000000000, 1.000000000000000000 ) ) ;
#2997 =( LENGTH_UNIT ( ) NAMED_UNIT ( * ) SI_UNIT ( .MILLI., .METRE. ) );
#2998 = DIRECTION ( 'NONE',  ( 0.0000000000000000000, 1.000000000000000000, 0.0000000000000000000 ) ) ;
#2999 = DIRECTION ( 'NONE',  ( 0.0000000000000000000, 0.0000000000000000000, 1.000000000000000000 ) ) ;
#3000 = EDGE_CURVE ( 'NONE', #872, #514, #3393, .T. ) ;
#3001 = EDGE_LOOP ( 'NONE', ( #2619, #1909, #2228, #1400 ) ) ;
#3002 = PLANE ( 'NONE',  #124 ) ;
#3003 = DIRECTION ( 'NONE',  ( -0.0000000000000000000, 1.000000000000000000, 0.0000000000000000000 ) ) ;
#3004 = PRESENTATION_LAYER_ASSIGNMENT (  '', '', ( #2943 ) ) ;
#3005 = EDGE_CURVE ( 'NONE', #1759, #2086, #1995, .T. ) ;
#3006 = ORIENTED_EDGE ( 'NONE', *, *, #310, .T. ) ;
#3007 = LINE ( 'NONE', #261, #2252 ) ;
#3008 = CARTESIAN_POINT ( 'NONE',  ( 3.500000000000000000, 0.1238796242522527818, 0.0000000000000000000 ) ) ;
#3009 = DIRECTION ( 'NONE',  ( -1.000000000000000000, 0.0000000000000000000, 0.0000000000000000000 ) ) ;
#3010 =( LENGTH_UNIT ( ) NAMED_UNIT ( * ) SI_UNIT ( .MILLI., .METRE. ) );
#3011 = ORIENTED_EDGE ( 'NONE', *, *, #891, .F. ) ;
#3012 = ORIENTED_EDGE ( 'NONE', *, *, #3341, .F. ) ;
#3013 = FACE_OUTER_BOUND ( 'NONE', #2549, .T. ) ;
#3014 = EDGE_LOOP ( 'NONE', ( #868, #1316, #2309, #2303 ) ) ;
#3015 = DIRECTION ( 'NONE',  ( -0.0000000000000000000, -0.6322674225171864837, -0.7747502219576795079 ) ) ;
#3016 =( NAMED_UNIT ( * ) SI_UNIT ( $, .STERADIAN. ) SOLID_ANGLE_UNIT ( ) );
#3017 = CARTESIAN_POINT ( 'NONE',  ( 3.250000000000000444, 0.0000000000000000000, 3.061616997868382155E-16 ) ) ;
#3018 = VERTEX_POINT ( 'NONE', #873 ) ;
#3019 = CARTESIAN_POINT ( 'NONE',  ( 2.600000000000000089, 0.2576745081382136870, -4.950000000000000178 ) ) ;
#3020 = EDGE_CURVE ( 'NONE', #2247, #1971, #51, .T. ) ;
#3021 = PRESENTATION_STYLE_ASSIGNMENT (( #2271 ) ) ;
#3022 = DIRECTION ( 'NONE',  ( 1.000000000000000000, 0.0000000000000000000, -0.0000000000000000000 ) ) ;
#3023 = ORIENTED_EDGE ( 'NONE', *, *, #977, .T. ) ;
#3024 = VECTOR ( 'NONE', #3173, 1000.000000000000000 ) ;
#3025 = LINE ( 'NONE', #1901, #2307 ) ;
#3026 = ADVANCED_FACE ( 'NONE', ( #627 ), #2873, .T. ) ;
#3027 = DIRECTION ( 'NONE',  ( -0.0000000000000000000, -0.0000000000000000000, 1.000000000000000000 ) ) ;
#3028 = LINE ( 'NONE', #2438, #2538 ) ;
#3029 = VECTOR ( 'NONE', #1998, 1000.000000000000000 ) ;
#3030 = AXIS2_PLACEMENT_3D ( 'NONE', #1107, #1692, #1122 ) ;
#3031 = VERTEX_POINT ( 'NONE', #1978 ) ;
#3032 = LINE ( 'NONE', #1308, #2964 ) ;
#3033 = PRESENTATION_LAYER_ASSIGNMENT (  '', '', ( #1862 ) ) ;
#3034 = VERTEX_POINT ( 'NONE', #3077 ) ;
#3035 = DIRECTION ( 'NONE',  ( 1.204669080539449344E-16, -1.000000000000000000, 0.0000000000000000000 ) ) ;
#3036 = SURFACE_STYLE_FILL_AREA ( #1805 ) ;
#3037 = CARTESIAN_POINT ( 'NONE',  ( 0.2500000000000001665, 1.516106516836013052, -0.04999999999999969746 ) ) ;
#3038 = STYLED_ITEM ( 'NONE', ( #1657 ), #1823 ) ;
#3039 = EDGE_LOOP ( 'NONE', ( #1793, #2787, #3501, #2356 ) ) ;
#3040 = FILL_AREA_STYLE_COLOUR ( '', #1723 ) ;
#3041 = CARTESIAN_POINT ( 'NONE',  ( 0.6000000000000007550, 1.466106516836013451, 0.0000000000000000000 ) ) ;
#3042 = FILL_AREA_STYLE ('',( #2537 ) ) ;
#3043 = CARTESIAN_POINT ( 'NONE',  ( 1.399999999999999911, -0.04232549186178630185, -4.150000000000000355 ) ) ;
#3044 = ORIENTED_EDGE ( 'NONE', *, *, #2608, .F. ) ;
#3045 = LINE ( 'NONE', #1982, #1053 ) ;
#3046 =( NAMED_UNIT ( * ) PLANE_ANGLE_UNIT ( ) SI_UNIT ( $, .RADIAN. ) );
#3047 = LINE ( 'NONE', #2297, #1355 ) ;
#3048 = UNCERTAINTY_MEASURE_WITH_UNIT (LENGTH_MEASURE( 1.000000000000000082E-05 ), #1855, 'distance_accuracy_value', 'NONE');
#3049 = EDGE_CURVE ( 'NONE', #514, #2373, #590, .T. ) ;
#3050 = ORIENTED_EDGE ( 'NONE', *, *, #2476, .F. ) ;
#3051 = ORIENTED_EDGE ( 'NONE', *, *, #1299, .F. ) ;
#3052 = CARTESIAN_POINT ( 'NONE',  ( 0.3000000000000000444, 0.2938796242522527802, 4.618682850527476679E-20 ) ) ;
#3053 = ADVANCED_FACE ( 'NONE', ( #555 ), #3126, .T. ) ;
#3054 = ORIENTED_EDGE ( 'NONE', *, *, #24, .F. ) ;
#3055 =( GEOMETRIC_REPRESENTATION_CONTEXT ( 3 ) GLOBAL_UNCERTAINTY_ASSIGNED_CONTEXT ( ( #2209 ) ) GLOBAL_UNIT_ASSIGNED_CONTEXT ( ( #197, #1313, #235 ) ) REPRESENTATION_CONTEXT ( 'NONE', 'WORKASPACE' ) );
#3056 = DIRECTION ( 'NONE',  ( -0.0000000000000000000, 0.0000000000000000000, 1.000000000000000000 ) ) ;
#3057 = VECTOR ( 'NONE', #3068, 1000.000000000000000 ) ;
#3058 = FILL_AREA_STYLE_COLOUR ( '', #2642 ) ;
#3059 = ORIENTED_EDGE ( 'NONE', *, *, #3536, .T. ) ;
#3060 = SURFACE_STYLE_USAGE ( .BOTH. , #782 ) ;
#3061 =( LENGTH_UNIT ( ) NAMED_UNIT ( * ) SI_UNIT ( .MILLI., .METRE. ) );
#3062 = PLANE ( 'NONE',  #1809 ) ;
#3063 = ORIENTED_EDGE ( 'NONE', *, *, #616, .F. ) ;
#3064 = DIRECTION ( 'NONE',  ( 0.0000000000000000000, 1.000000000000000000, 0.0000000000000000000 ) ) ;
#3065 = VECTOR ( 'NONE', #451, 1000.000000000000000 ) ;
#3066 = DIRECTION ( 'NONE',  ( 1.000000000000000000, -0.0000000000000000000, -0.0000000000000000000 ) ) ;
#3067 = DIRECTION ( 'NONE',  ( -1.000000000000000000, 0.0000000000000000000, 0.0000000000000000000 ) ) ;
#3068 = DIRECTION ( 'NONE',  ( -0.0000000000000000000, -0.0000000000000000000, 1.000000000000000000 ) ) ;
#3069 = VERTEX_POINT ( 'NONE', #606 ) ;
#3070 = ADVANCED_FACE ( 'NONE', ( #573 ), #1715, .T. ) ;
#3071 = CARTESIAN_POINT ( 'NONE',  ( 3.350000000000000089, 2.416106516836013185, -2.700000000000000178 ) ) ;
#3072 = PRODUCT_DEFINITION_CONTEXT ( 'detailed design', #585, 'design' ) ;
#3073 = EDGE_LOOP ( 'NONE', ( #550, #2151, #3404, #762 ) ) ;
#3074 = EDGE_CURVE ( 'NONE', #671, #1238, #2076, .T. ) ;
#3075 = SURFACE_STYLE_FILL_AREA ( #869 ) ;
#3076 = CARTESIAN_POINT ( 'NONE',  ( 0.5000000000000000000, -0.07000000000000013156, -0.1938796242522536351 ) ) ;
#3077 = CARTESIAN_POINT ( 'NONE',  ( 2.400000000000000355, 0.09999999999999996392, -3.975601157859501189 ) ) ;
#3078 = PRESENTATION_STYLE_ASSIGNMENT (( #1091 ) ) ;
#3079 = PRESENTATION_STYLE_ASSIGNMENT (( #2501 ) ) ;
#3080 = UNCERTAINTY_MEASURE_WITH_UNIT (LENGTH_MEASURE( 1.000000000000000082E-05 ), #2296, 'distance_accuracy_value', 'NONE');
#3081 = EDGE_LOOP ( 'NONE', ( #2668, #1130, #170, #372 ) ) ;
#3082 = CARTESIAN_POINT ( 'NONE',  ( 4.000000000000000000, 0.1000000000000000056, 0.0000000000000000000 ) ) ;
#3083 = LINE ( 'NONE', #859, #598 ) ;
#3084 = CARTESIAN_POINT ( 'NONE',  ( 2.400000000000000355, 0.2576745081382136870, -4.331925126797040448 ) ) ;
#3085 = ORIENTED_EDGE ( 'NONE', *, *, #552, .T. ) ;
#3086 = MECHANICAL_DESIGN_GEOMETRIC_PRESENTATION_REPRESENTATION (  '', ( #279 ), #1498 ) ;
#3087 = DIRECTION ( 'NONE',  ( 0.0000000000000000000, -0.6322674225171864837, -0.7747502219576795079 ) ) ;
#3088 = STYLED_ITEM ( 'NONE', ( #2925 ), #757 ) ;
#3089 = ADVANCED_FACE ( 'NONE', ( #174 ), #426, .F. ) ;
#3090 = ORIENTED_EDGE ( 'NONE', *, *, #571, .T. ) ;
#3091 = VERTEX_POINT ( 'NONE', #3233 ) ;
#3092 = PLANE ( 'NONE',  #281 ) ;
#3093 = VECTOR ( 'NONE', #3027, 1000.000000000000000 ) ;
#3094 = PLANE ( 'NONE',  #3283 ) ;
#3095 = ADVANCED_FACE ( 'NONE', ( #722 ), #1512, .F. ) ;
#3096 = MECHANICAL_DESIGN_GEOMETRIC_PRESENTATION_REPRESENTATION (  '', ( #3204 ), #1872 ) ;
#3097 = CARTESIAN_POINT ( 'NONE',  ( 2.600000000000000089, 2.350000000000000089, -0.9000000000000002442 ) ) ;
#3098 = PRESENTATION_STYLE_ASSIGNMENT (( #1717 ) ) ;
#3099 = AXIS2_PLACEMENT_3D ( 'NONE', #1979, #1128, #819 ) ;
#3100 = DIRECTION ( 'NONE',  ( 0.0000000000000000000, -2.168404344971008868E-16, 1.000000000000000000 ) ) ;
#3101 = EDGE_CURVE ( 'NONE', #1015, #771, #2661, .T. ) ;
#3102 = EDGE_LOOP ( 'NONE', ( #2081, #2019, #3220, #2981 ) ) ;
#3103 = PLANE ( 'NONE',  #3345 ) ;
#3104 =( NAMED_UNIT ( * ) SI_UNIT ( $, .STERADIAN. ) SOLID_ANGLE_UNIT ( ) );
#3105 = DIRECTION ( 'NONE',  ( 4.818676322157797375E-16, 1.000000000000000000, 0.0000000000000000000 ) ) ;
#3106 = FILL_AREA_STYLE_COLOUR ( '', #3553 ) ;
#3107 = CARTESIAN_POINT ( 'NONE',  ( 0.6500000000000001332, 0.5161065168360131628, -0.04999999999999883010 ) ) ;
#3108 = ORIENTED_EDGE ( 'NONE', *, *, #1021, .T. ) ;
#3109 = VERTEX_POINT ( 'NONE', #2892 ) ;
#3110 = SURFACE_SIDE_STYLE ('',( #2007 ) ) ;
#3111 = VECTOR ( 'NONE', #2572, 1000.000000000000000 ) ;
#3112 = CARTESIAN_POINT ( 'NONE',  ( 0.0000000000000000000, 0.1000000000000000056, -1.500000000000000000 ) ) ;
#3113 = EDGE_CURVE ( 'NONE', #213, #642, #373, .T. ) ;
#3114 = DIRECTION ( 'NONE',  ( 0.0000000000000000000, 1.000000000000000000, 0.0000000000000000000 ) ) ;
#3115 = ORIENTED_EDGE ( 'NONE', *, *, #1851, .T. ) ;
#3116 = ADVANCED_FACE ( 'NONE', ( #96 ), #1217, .T. ) ;
#3117 = DIRECTION ( 'NONE',  ( -1.000000000000000000, 0.0000000000000000000, -0.0000000000000000000 ) ) ;
#3118 = EDGE_CURVE ( 'NONE', #1275, #2080, #208, .T. ) ;
#3119 = DIRECTION ( 'NONE',  ( -0.0000000000000000000, 1.000000000000000000, -0.0000000000000000000 ) ) ;
#3120 = DIRECTION ( 'NONE',  ( 0.0000000000000000000, -1.000000000000000000, 0.0000000000000000000 ) ) ;
#3121 = AXIS2_PLACEMENT_3D ( 'NONE', #3188, #2328, #1499 ) ;
#3122 = VERTEX_POINT ( 'NONE', #3326 ) ;
#3123 = EDGE_LOOP ( 'NONE', ( #3483, #3187, #3325, #3292 ) ) ;
#3124 =( LENGTH_UNIT ( ) NAMED_UNIT ( * ) SI_UNIT ( .MILLI., .METRE. ) );
#3125 = ORIENTED_EDGE ( 'NONE', *, *, #571, .F. ) ;
#3126 = PLANE ( 'NONE',  #410 ) ;
#3127 = DIRECTION ( 'NONE',  ( 0.0000000000000000000, -0.0000000000000000000, 1.000000000000000000 ) ) ;
#3128 = ORIENTED_EDGE ( 'NONE', *, *, #1694, .F. ) ;
#3129 = PRODUCT_DEFINITION ( 'UNKNOWN', '', #780, #3072 ) ;
#3130 = FILL_AREA_STYLE ('',( #1131 ) ) ;
#3131 = DIRECTION ( 'NONE',  ( 0.0000000000000000000, 0.0000000000000000000, 1.000000000000000000 ) ) ;
#3132 = DIRECTION ( 'NONE',  ( 1.000000000000000000, -0.0000000000000000000, -0.0000000000000000000 ) ) ;
#3133 = DIRECTION ( 'NONE',  ( -0.5773502691896282846, -0.5773502691896295058, -0.5773502691896195138 ) ) ;
#3134 = ADVANCED_FACE ( 'NONE', ( #758 ), #268, .T. ) ;
#3135 = CARTESIAN_POINT ( 'NONE',  ( 3.799999999999999822, 2.466106516836013007, 0.0000000000000000000 ) ) ;
#3136 = EDGE_CURVE ( 'NONE', #2911, #2207, #2430, .T. ) ;
#3137 = ORIENTED_EDGE ( 'NONE', *, *, #2589, .T. ) ;
#3138 = DIRECTION ( 'NONE',  ( -0.0000000000000000000, -1.000000000000000000, -0.0000000000000000000 ) ) ;
#3139 = CARTESIAN_POINT ( 'NONE',  ( 0.7500000000000001110, 0.1000000000000000056, -3.000000000000000000 ) ) ;
#3140 = VECTOR ( 'NONE', #1227, 1000.000000000000000 ) ;
#3141 = DIRECTION ( 'NONE',  ( -0.0000000000000000000, -0.0000000000000000000, 1.000000000000000000 ) ) ;
#3142 = AXIS2_PLACEMENT_3D ( 'NONE', #349, #2731, #2752 ) ;
#3143 = SURFACE_STYLE_USAGE ( .BOTH. , #944 ) ;
#3144 = MECHANICAL_DESIGN_GEOMETRIC_PRESENTATION_REPRESENTATION (  '', ( #3385 ), #624 ) ;
#3145 = VERTEX_POINT ( 'NONE', #1949 ) ;
#3146 = VERTEX_POINT ( 'NONE', #3528 ) ;
#3147 = VECTOR ( 'NONE', #1768, 1000.000000000000000 ) ;
#3148 = DIRECTION ( 'NONE',  ( -0.0000000000000000000, -0.0000000000000000000, -1.000000000000000000 ) ) ;
#3149 = SURFACE_STYLE_USAGE ( .BOTH. , #905 ) ;
#3150 = PRESENTATION_LAYER_ASSIGNMENT (  '', '', ( #3038 ) ) ;
#3151 = FILL_AREA_STYLE ('',( #897 ) ) ;
#3152 =( LENGTH_UNIT ( ) NAMED_UNIT ( * ) SI_UNIT ( .MILLI., .METRE. ) );
#3153 = LINE ( 'NONE', #1525, #184 ) ;
#3154 = EDGE_CURVE ( 'NONE', #434, #1548, #3545, .T. ) ;
#3155 = ORIENTED_EDGE ( 'NONE', *, *, #400, .T. ) ;
#3156 = ORIENTED_EDGE ( 'NONE', *, *, #2369, .T. ) ;
#3157 =( NAMED_UNIT ( * ) PLANE_ANGLE_UNIT ( ) SI_UNIT ( $, .RADIAN. ) );
#3158 = EDGE_CURVE ( 'NONE', #1759, #1376, #1889, .T. ) ;
#3159 = CARTESIAN_POINT ( 'NONE',  ( 0.3000000000000000444, -0.07000000000000013156, -0.1938796242522536351 ) ) ;
#3160 = ORIENTED_EDGE ( 'NONE', *, *, #2841, .F. ) ;
#3161 = VECTOR ( 'NONE', #1056, 1000.000000000000000 ) ;
#3162 = CARTESIAN_POINT ( 'NONE',  ( 1.600000000000000089, 3.449999999999999734, -1.249999999999998890 ) ) ;
#3163 = CARTESIAN_POINT ( 'NONE',  ( 1.600000000000000089, 3.200000000000000178, -1.800000000000000044 ) ) ;
#3164 = FILL_AREA_STYLE ('',( #592 ) ) ;
#3165 = VECTOR ( 'NONE', #1644, 1000.000000000000000 ) ;
#3166 = ORIENTED_EDGE ( 'NONE', *, *, #154, .F. ) ;
#3167 = SURFACE_STYLE_FILL_AREA ( #893 ) ;
#3168 = VECTOR ( 'NONE', #2859, 1000.000000000000000 ) ;
#3169 = DIRECTION ( 'NONE',  ( 1.000000000000000000, 0.0000000000000000000, 0.0000000000000000000 ) ) ;
#3170 = AXIS2_PLACEMENT_3D ( 'NONE', #1372, #1665, #2240 ) ;
#3171 = LINE ( 'NONE', #326, #220 ) ;
#3172 = CARTESIAN_POINT ( 'NONE',  ( 1.600000000000000089, -0.04232549186178630185, -4.950000000000000178 ) ) ;
#3173 = DIRECTION ( 'NONE',  ( 0.0000000000000000000, 0.0000000000000000000, -1.000000000000000000 ) ) ;
#3174 = ORIENTED_EDGE ( 'NONE', *, *, #2853, .T. ) ;
#3175 = EDGE_CURVE ( 'NONE', #1994, #2911, #1611, .T. ) ;
#3176 = EDGE_LOOP ( 'NONE', ( #2115, #1126, #238, #1832, #1920, #243, #3090, #1332, #740, #2931, #1384, #3300 ) ) ;
#3177 = STYLED_ITEM ( 'NONE', ( #2907 ), #3095 ) ;
#3178 = PLANE ( 'NONE',  #2856 ) ;
#3179 = VERTEX_POINT ( 'NONE', #3597 ) ;
#3180 = EDGE_CURVE ( 'NONE', #1852, #1516, #1310, .T. ) ;
#3181 = SURFACE_STYLE_USAGE ( .BOTH. , #2554 ) ;
#3182 = CARTESIAN_POINT ( 'NONE',  ( 0.5000000000000000000, 0.5000000000000000000, -1.500000000000000000 ) ) ;
#3183 = CARTESIAN_POINT ( 'NONE',  ( 1.399999999999999911, 0.2576745081382136870, -4.950000000000000178 ) ) ;
#3184 = ORIENTED_EDGE ( 'NONE', *, *, #616, .T. ) ;
#3185 = ORIENTED_EDGE ( 'NONE', *, *, #2952, .T. ) ;
#3186 = CARTESIAN_POINT ( 'NONE',  ( 2.600000000000000089, 1.950000000000000178, -0.9000000000000002442 ) ) ;
#3187 = ORIENTED_EDGE ( 'NONE', *, *, #2184, .T. ) ;
#3188 = CARTESIAN_POINT ( 'NONE',  ( 2.600000000000000089, 2.350000000000000089, -0.9000000000000002442 ) ) ;
#3189 = DIRECTION ( 'NONE',  ( 0.0000000000000000000, -1.000000000000000000, -1.290716872006553027E-16 ) ) ;
#3190 =( LENGTH_UNIT ( ) NAMED_UNIT ( * ) SI_UNIT ( .MILLI., .METRE. ) );
#3191 = ORIENTED_EDGE ( 'NONE', *, *, #420, .F. ) ;
#3192 = VERTEX_POINT ( 'NONE', #2478 ) ;
#3193 = CARTESIAN_POINT ( 'NONE',  ( 3.700000000000000178, 0.7719398121261263901, -0.08291854158314547474 ) ) ;
#3194 = COLOUR_RGB ( '',0.8509803921568627194, 0.8509803921568627194, 0.8509803921568627194 ) ;
#3195 = VERTEX_POINT ( 'NONE', #2442 ) ;
#3196 = CARTESIAN_POINT ( 'NONE',  ( 2.600000000000000089, -0.04232549186178630185, -4.150000000000000355 ) ) ;
#3197 = FACE_OUTER_BOUND ( 'NONE', #2576, .T. ) ;
#3198 = EDGE_CURVE ( 'NONE', #1296, #134, #2154, .T. ) ;
#3199 = PRESENTATION_LAYER_ASSIGNMENT (  '', '', ( #3088 ) ) ;
#3200 = VERTEX_POINT ( 'NONE', #3249 ) ;
#3201 = CARTESIAN_POINT ( 'NONE',  ( 4.000000000000000000, 0.4999999999999997780, -0.5000000000000000000 ) ) ;
#3202 = CARTESIAN_POINT ( 'NONE',  ( 2.600000000000000089, 0.3162452190879569414, -3.710624621793976452 ) ) ;
#3203 =( NAMED_UNIT ( * ) PLANE_ANGLE_UNIT ( ) SI_UNIT ( $, .RADIAN. ) );
#3204 = STYLED_ITEM ( 'NONE', ( #1225 ), #1064 ) ;
#3206 = EDGE_CURVE ( 'NONE', #359, #2715, #2772, .T. ) ;
#3205 = MECHANICAL_DESIGN_GEOMETRIC_PRESENTATION_REPRESENTATION (  '', ( #3388 ), #222 ) ;
#3207 = ORIENTED_EDGE ( 'NONE', *, *, #459, .F. ) ;
#3208 = PLANE ( 'NONE',  #540 ) ;
#3209 = CARTESIAN_POINT ( 'NONE',  ( 3.700000000000000178, 0.8299999999999997380, 0.0000000000000000000 ) ) ;
#3210 = LINE ( 'NONE', #1587, #3319 ) ;
#3211 = VECTOR ( 'NONE', #2193, 1000.000000000000000 ) ;
#3212 = ORIENTED_EDGE ( 'NONE', *, *, #1602, .F. ) ;
#3213 = ORIENTED_EDGE ( 'NONE', *, *, #4, .T. ) ;
#3214 = DIRECTION ( 'NONE',  ( 0.0000000000000000000, 0.0000000000000000000, 1.000000000000000000 ) ) ;
#3215 = ORIENTED_EDGE ( 'NONE', *, *, #2145, .T. ) ;
#3216 = CARTESIAN_POINT ( 'NONE',  ( 2.600000000000000089, 0.0000000000000000000, 0.0000000000000000000 ) ) ;
#3217 = DIRECTION ( 'NONE',  ( 0.0000000000000000000, -1.000000000000000000, 0.0000000000000000000 ) ) ;
#3218 =( NAMED_UNIT ( * ) SI_UNIT ( $, .STERADIAN. ) SOLID_ANGLE_UNIT ( ) );
#3219 = ORIENTED_EDGE ( 'NONE', *, *, #1201, .T. ) ;
#3220 = ORIENTED_EDGE ( 'NONE', *, *, #3337, .F. ) ;
#3221 = ADVANCED_FACE ( 'NONE', ( #1630 ), #1030, .T. ) ;
#3222 = AXIS2_PLACEMENT_3D ( 'NONE', #1277, #143, #2666 ) ;
#3223 = CARTESIAN_POINT ( 'NONE',  ( 0.5000000000000000000, 0.7719398121261263901, -0.08291854158314543310 ) ) ;
#3224 = ORIENTED_EDGE ( 'NONE', *, *, #958, .T. ) ;
#3225 = AXIS2_PLACEMENT_3D ( 'NONE', #3216, #140, #704 ) ;
#3226 = EDGE_CURVE ( 'NONE', #566, #2736, #775, .T. ) ;
#3227 = LINE ( 'NONE', #1881, #2888 ) ;
#3228 = PLANE ( 'NONE',  #647 ) ;
#3229 =( NAMED_UNIT ( * ) PLANE_ANGLE_UNIT ( ) SI_UNIT ( $, .RADIAN. ) );
#3230 = PRESENTATION_LAYER_ASSIGNMENT (  '', '', ( #3411 ) ) ;
#3231 = ORIENTED_EDGE ( 'NONE', *, *, #1642, .T. ) ;
#3232 = CARTESIAN_POINT ( 'NONE',  ( 3.700000000000000178, 0.2938796242522527802, 4.618682850527476679E-20 ) ) ;
#3233 = CARTESIAN_POINT ( 'NONE',  ( 3.500000000000000000, 0.2938796242522527802, 0.0000000000000000000 ) ) ;
#3234 = SURFACE_STYLE_FILL_AREA ( #1838 ) ;
#3235 = COLOUR_RGB ( '',0.8509803921568627194, 0.8509803921568627194, 0.8509803921568627194 ) ;
#3236 = ORIENTED_EDGE ( 'NONE', *, *, #894, .F. ) ;
#3237 = VECTOR ( 'NONE', #507, 1000.000000000000000 ) ;
#3238 = CARTESIAN_POINT ( 'NONE',  ( 0.6500000000000001332, 2.416106516836013185, -0.04999999999999969746 ) ) ;
#3239 = LINE ( 'NONE', #1037, #2259 ) ;
#3240 = ORIENTED_EDGE ( 'NONE', *, *, #694, .F. ) ;
#3241 = DIRECTION ( 'NONE',  ( 0.0000000000000000000, -0.5735764363510449382, 0.8191520442889926867 ) ) ;
#3242 = DIRECTION ( 'NONE',  ( 0.0000000000000000000, 1.000000000000000000, 0.0000000000000000000 ) ) ;
#3243 = LINE ( 'NONE', #1623, #303 ) ;
#3244 = ORIENTED_EDGE ( 'NONE', *, *, #3263, .F. ) ;
#3245 = EDGE_LOOP ( 'NONE', ( #190, #1439, #1082, #2879 ) ) ;
#3246 = CARTESIAN_POINT ( 'NONE',  ( 0.6500000000000001332, 0.5161065168360131628, -2.700000000000000178 ) ) ;
#3247 = EDGE_CURVE ( 'NONE', #2266, #3375, #953, .T. ) ;
#3248 = ORIENTED_EDGE ( 'NONE', *, *, #1966, .T. ) ;
#3249 = CARTESIAN_POINT ( 'NONE',  ( 2.400000000000000355, 0.1000000000000000056, -4.250000000000000000 ) ) ;
#3250 = CARTESIAN_POINT ( 'NONE',  ( 3.500000000000000000, 0.0000000000000000000, 0.0000000000000000000 ) ) ;
#3251 = VERTEX_POINT ( 'NONE', #1811 ) ;
#3252 = ORIENTED_EDGE ( 'NONE', *, *, #2008, .T. ) ;
#3253 = DIRECTION ( 'NONE',  ( 0.0000000000000000000, 0.6322674225171868168, 0.7747502219576791749 ) ) ;
#3254 = VECTOR ( 'NONE', #1795, 1000.000000000000000 ) ;
#3255 = FILL_AREA_STYLE ('',( #2704 ) ) ;
#3256 = DIRECTION ( 'NONE',  ( -1.000000000000000000, -0.0000000000000000000, -0.0000000000000000000 ) ) ;
#3257 = ORIENTED_EDGE ( 'NONE', *, *, #2605, .F. ) ;
#3258 = CARTESIAN_POINT ( 'NONE',  ( 0.3000000000000000444, 0.7719398121261263901, -0.08291854158314547474 ) ) ;
#3259 = PRESENTATION_LAYER_ASSIGNMENT (  '', '', ( #1267 ) ) ;
#3260 = DIRECTION ( 'NONE',  ( 0.0000000000000000000, 0.0000000000000000000, -1.000000000000000000 ) ) ;
#3261 = VECTOR ( 'NONE', #789, 1000.000000000000000 ) ;
#3262 = ORIENTED_EDGE ( 'NONE', *, *, #1389, .T. ) ;
#3263 = EDGE_CURVE ( 'NONE', #642, #2216, #2918, .T. ) ;
#3264 = SURFACE_STYLE_FILL_AREA ( #3580 ) ;
#3265 = STYLED_ITEM ( 'NONE', ( #56 ), #1490 ) ;
#3266 = CARTESIAN_POINT ( 'NONE',  ( 1.399999999999999911, 0.3162452190879569414, -3.710624621793976452 ) ) ;
#3267 = ORIENTED_EDGE ( 'NONE', *, *, #736, .F. ) ;
#3268 = COLOUR_RGB ( '',0.8509803921568627194, 0.8509803921568627194, 0.8509803921568627194 ) ;
#3269 = CARTESIAN_POINT ( 'NONE',  ( 3.700000000000000178, 0.1238796242522527818, 0.0000000000000000000 ) ) ;
#3270 = CARTESIAN_POINT ( 'NONE',  ( 3.700000000000000178, 0.3519398121261264056, -0.08291854158314553025 ) ) ;
#3271 = FACE_OUTER_BOUND ( 'NONE', #2659, .T. ) ;
#3272 = ORIENTED_EDGE ( 'NONE', *, *, #1761, .F. ) ;
#3273 = PLANE ( 'NONE',  #183 ) ;
#3274 = PLANE ( 'NONE',  #1156 ) ;
#3275 = DIRECTION ( 'NONE',  ( -0.0000000000000000000, -0.7071067811865487940, 0.7071067811865463515 ) ) ;
#3276 = VERTEX_POINT ( 'NONE', #1171 ) ;
#3277 = AXIS2_PLACEMENT_3D ( 'NONE', #1662, #257, #3590 ) ;
#3278 = LINE ( 'NONE', #2204, #1098 ) ;
#3279 = LINE ( 'NONE', #471, #1894 ) ;
#3280 = VECTOR ( 'NONE', #1478, 1000.000000000000000 ) ;
#3281 = DIRECTION ( 'NONE',  ( -1.000000000000000000, 0.0000000000000000000, 0.0000000000000000000 ) ) ;
#3282 = VECTOR ( 'NONE', #2236, 1000.000000000000000 ) ;
#3283 = AXIS2_PLACEMENT_3D ( 'NONE', #3209, #569, #2828 ) ;
#3284 = UNCERTAINTY_MEASURE_WITH_UNIT (LENGTH_MEASURE( 1.000000000000000082E-05 ), #1789, 'distance_accuracy_value', 'NONE');
#3285 = EDGE_CURVE ( 'NONE', #1484, #2486, #2616, .T. ) ;
#3286 = ORIENTED_EDGE ( 'NONE', *, *, #876, .F. ) ;
#3287 = VECTOR ( 'NONE', #896, 1000.000000000000000 ) ;
#3288 = DIRECTION ( 'NONE',  ( 0.0000000000000000000, -0.7071067811865462405, -0.7071067811865489050 ) ) ;
#3289 = LINE ( 'NONE', #3546, #2399 ) ;
#3290 = SURFACE_STYLE_FILL_AREA ( #2463 ) ;
#3291 = PRESENTATION_STYLE_ASSIGNMENT (( #554 ) ) ;
#3292 = ORIENTED_EDGE ( 'NONE', *, *, #2676, .F. ) ;
#3293 =( NAMED_UNIT ( * ) PLANE_ANGLE_UNIT ( ) SI_UNIT ( $, .RADIAN. ) );
#3294 = COLOUR_RGB ( '',0.8509803921568627194, 0.8509803921568627194, 0.8509803921568627194 ) ;
#3295 = CARTESIAN_POINT ( 'NONE',  ( 3.350000000000000089, 2.416106516836013185, -0.04999999999999883010 ) ) ;
#3296 = EDGE_LOOP ( 'NONE', ( #230, #3596, #3320, #2364 ) ) ;
#3297 = DIRECTION ( 'NONE',  ( 0.0000000000000000000, -0.0000000000000000000, 1.000000000000000000 ) ) ;
#3298 = CARTESIAN_POINT ( 'NONE',  ( 0.6500000000000001332, 0.5161065168360131628, -0.04999999999999883010 ) ) ;
#3299 = FACE_OUTER_BOUND ( 'NONE', #2729, .T. ) ;
#3300 = ORIENTED_EDGE ( 'NONE', *, *, #2841, .T. ) ;
#3301 = CARTESIAN_POINT ( 'NONE',  ( 3.500000000000000000, 0.0000000000000000000, 0.0000000000000000000 ) ) ;
#3302 = ORIENTED_EDGE ( 'NONE', *, *, #1653, .T. ) ;
#3303 = CARTESIAN_POINT ( 'NONE',  ( 3.700000000000000178, 0.5000000000000000000, -1.500000000000000000 ) ) ;
#3304 = CARTESIAN_POINT ( 'NONE',  ( 3.700000000000000178, -0.07000000000000013156, -0.1938796242522536351 ) ) ;
#3305 = LINE ( 'NONE', #3076, #1160 ) ;
#3306 = EDGE_CURVE ( 'NONE', #2736, #457, #2066, .T. ) ;
#3307 = ORIENTED_EDGE ( 'NONE', *, *, #532, .T. ) ;
#3308 = CARTESIAN_POINT ( 'NONE',  ( 4.000000000000000000, 2.700000000000000178, -3.750000000000000000 ) ) ;
#3309 = LINE ( 'NONE', #2467, #513 ) ;
#3310 = ADVANCED_FACE ( 'NONE', ( #344 ), #617, .T. ) ;
#3311 = LINE ( 'NONE', #2485, #3457 ) ;
#3312 = DIRECTION ( 'NONE',  ( 0.0000000000000000000, -0.6322674225171864837, -0.7747502219576795079 ) ) ;
#3313 = ORIENTED_EDGE ( 'NONE', *, *, #1386, .F. ) ;
#3314 =( GEOMETRIC_REPRESENTATION_CONTEXT ( 3 ) GLOBAL_UNCERTAINTY_ASSIGNED_CONTEXT ( ( #2027 ) ) GLOBAL_UNIT_ASSIGNED_CONTEXT ( ( #2497, #1635, #1070 ) ) REPRESENTATION_CONTEXT ( 'NONE', 'WORKASPACE' ) );
#3315 = CARTESIAN_POINT ( 'NONE',  ( 3.750000000000000444, 2.416106516836013185, -0.04999999999999883010 ) ) ;
#3316 = LINE ( 'NONE', #35, #1508 ) ;
#3317 = ADVANCED_FACE ( 'NONE', ( #110 ), #364, .F. ) ;
#3318 = FILL_AREA_STYLE_COLOUR ( '', #2716 ) ;
#3319 = VECTOR ( 'NONE', #699, 1000.000000000000000 ) ;
#3320 = ORIENTED_EDGE ( 'NONE', *, *, #738, .T. ) ;
#3321 = COLOUR_RGB ( '',0.8509803921568627194, 0.8509803921568627194, 0.8509803921568627194 ) ;
#3322 = ORIENTED_EDGE ( 'NONE', *, *, #1828, .T. ) ;
#3323 = CARTESIAN_POINT ( 'NONE',  ( 3.350000000000000089, 2.916106516836013185, -2.700000000000000178 ) ) ;
#3324 = UNCERTAINTY_MEASURE_WITH_UNIT (LENGTH_MEASURE( 1.000000000000000082E-05 ), #2883, 'distance_accuracy_value', 'NONE');
#3325 = ORIENTED_EDGE ( 'NONE', *, *, #2215, .F. ) ;
#3326 = CARTESIAN_POINT ( 'NONE',  ( 4.000000000000000000, 0.9999999999999997780, -0.5000000000000000000 ) ) ;
#3327 = VECTOR ( 'NONE', #2484, 1000.000000000000000 ) ;
#3328 = DIRECTION ( 'NONE',  ( -0.0000000000000000000, 1.000000000000000000, 0.0000000000000000000 ) ) ;
#3329 = FACE_OUTER_BOUND ( 'NONE', #966, .T. ) ;
#3330 = FILL_AREA_STYLE_COLOUR ( '', #1931 ) ;
#3331 = VECTOR ( 'NONE', #2233, 1000.000000000000000 ) ;
#3332 = ORIENTED_EDGE ( 'NONE', *, *, #1268, .F. ) ;
#3333 = FACE_OUTER_BOUND ( 'NONE', #1707, .T. ) ;
#3334 = CARTESIAN_POINT ( 'NONE',  ( 1.399999999999999911, 2.350000000000000089, -2.700000000000000178 ) ) ;
#3335 = UNCERTAINTY_MEASURE_WITH_UNIT (LENGTH_MEASURE( 1.000000000000000082E-05 ), #383, 'distance_accuracy_value', 'NONE');
#3336 = VERTEX_POINT ( 'NONE', #2598 ) ;
#3337 = EDGE_CURVE ( 'NONE', #2144, #340, #2581, .T. ) ;
#3338 = CARTESIAN_POINT ( 'NONE',  ( 1.399999999999999911, 0.2576745081382136870, -4.950000000000000178 ) ) ;
#3339 =( LENGTH_UNIT ( ) NAMED_UNIT ( * ) SI_UNIT ( .MILLI., .METRE. ) );
#3340 =( LENGTH_UNIT ( ) NAMED_UNIT ( * ) SI_UNIT ( .MILLI., .METRE. ) );
#3341 = EDGE_CURVE ( 'NONE', #1194, #3276, #2636, .T. ) ;
#3342 = ADVANCED_FACE ( 'NONE', ( #2053 ), #2366, .T. ) ;
#3343 = ORIENTED_EDGE ( 'NONE', *, *, #355, .F. ) ;
#3344 = DIRECTION ( 'NONE',  ( -1.000000000000000000, 0.0000000000000000000, 0.0000000000000000000 ) ) ;
#3345 = AXIS2_PLACEMENT_3D ( 'NONE', #3427, #3444, #2046 ) ;
#3346 = PRESENTATION_LAYER_ASSIGNMENT (  '', '', ( #2196 ) ) ;
#3347 = LINE ( 'NONE', #815, #3382 ) ;
#3348 = LINE ( 'NONE', #287, #2465 ) ;
#3349 = DIRECTION ( 'NONE',  ( 0.0000000000000000000, -0.0000000000000000000, -1.000000000000000000 ) ) ;
#3350 = MECHANICAL_DESIGN_GEOMETRIC_PRESENTATION_REPRESENTATION (  '', ( #1777 ), #1111 ) ;
#3351 = CARTESIAN_POINT ( 'NONE',  ( 3.750000000000000000, 1.516106516836013052, -0.04999999999999883010 ) ) ;
#3352 = CARTESIAN_POINT ( 'NONE',  ( 2.600000000000000089, 0.2576745081382136870, -4.950000000000000178 ) ) ;
#3353 = DIRECTION ( 'NONE',  ( 0.0000000000000000000, -1.000000000000000000, 0.0000000000000000000 ) ) ;
#3354 = CARTESIAN_POINT ( 'NONE',  ( 1.600000000000000089, 0.3162452190879569414, -3.710624621793976452 ) ) ;
#3355 = ORIENTED_EDGE ( 'NONE', *, *, #1617, .F. ) ;
#3356 = LINE ( 'NONE', #1620, #1298 ) ;
#3357 = VECTOR ( 'NONE', #129, 1000.000000000000000 ) ;
#3358 = CARTESIAN_POINT ( 'NONE',  ( 0.5000000000000000000, 0.3519398121261264056, -0.08291854158314553025 ) ) ;
#3359 = CARTESIAN_POINT ( 'NONE',  ( 0.2500000000000001665, 1.516106516836013052, -2.700000000000000178 ) ) ;
#3360 = FILL_AREA_STYLE ('',( #527 ) ) ;
#3361 = EDGE_CURVE ( 'NONE', #1417, #1624, #2653, .T. ) ;
#3362 = STYLED_ITEM ( 'NONE', ( #2559 ), #2096 ) ;
#3363 = VERTEX_POINT ( 'NONE', #2146 ) ;
#3364 = LINE ( 'NONE', #2803, #2626 ) ;
#3365 = EDGE_CURVE ( 'NONE', #2971, #1852, #416, .T. ) ;
#3366 = ORIENTED_EDGE ( 'NONE', *, *, #1228, .F. ) ;
#3367 = ORIENTED_EDGE ( 'NONE', *, *, #1100, .F. ) ;
#3368 = CARTESIAN_POINT ( 'NONE',  ( 3.500000000000000000, 0.3519398121261263501, -0.08291854158314548862 ) ) ;
#3369 = DIRECTION ( 'NONE',  ( 0.0000000000000000000, 0.0000000000000000000, -1.000000000000000000 ) ) ;
#3370 = EDGE_CURVE ( 'NONE', #1664, #2396, #203, .T. ) ;
#3371 = DIRECTION ( 'NONE',  ( 0.0000000000000000000, 0.7747502219576791749, -0.6322674225171868168 ) ) ;
#3372 =( LENGTH_UNIT ( ) NAMED_UNIT ( * ) SI_UNIT ( .MILLI., .METRE. ) );
#3373 = SURFACE_STYLE_FILL_AREA ( #3042 ) ;
#3374 = CARTESIAN_POINT ( 'NONE',  ( 3.500000000000000000, 0.8299999999999997380, 0.0000000000000000000 ) ) ;
#3375 = VERTEX_POINT ( 'NONE', #1022 ) ;
#3376 = LINE ( 'NONE', #2836, #2365 ) ;
#3377 = CARTESIAN_POINT ( 'NONE',  ( 1.600000000000000089, 0.0000000000000000000, 0.0000000000000000000 ) ) ;
#3378 = FACE_OUTER_BOUND ( 'NONE', #841, .T. ) ;
#3379 = PRESENTATION_LAYER_ASSIGNMENT (  '', '', ( #1261 ) ) ;
#3380 = UNCERTAINTY_MEASURE_WITH_UNIT (LENGTH_MEASURE( 1.000000000000000082E-05 ), #1794, 'distance_accuracy_value', 'NONE');
#3381 = EDGE_LOOP ( 'NONE', ( #201, #2927, #2439, #1840, #888, #884, #696 ) ) ;
#3382 = VECTOR ( 'NONE', #1950, 1000.000000000000000 ) ;
#3383 = PLANE ( 'NONE',  #2860 ) ;
#3384 = DIRECTION ( 'NONE',  ( 0.0000000000000000000, 1.000000000000000000, -0.0000000000000000000 ) ) ;
#3385 = STYLED_ITEM ( 'NONE', ( #1480 ), #1046 ) ;
#3386 = VERTEX_POINT ( 'NONE', #2162 ) ;
#3387 = ADVANCED_FACE ( 'NONE', ( #970 ), #3208, .F. ) ;
#3388 = STYLED_ITEM ( 'NONE', ( #1474 ), #69 ) ;
#3389 = EDGE_CURVE ( 'NONE', #399, #1636, #2934, .T. ) ;
#3390 = EDGE_LOOP ( 'NONE', ( #1257, #1857, #1326, #102 ) ) ;
#3391 = VECTOR ( 'NONE', #1934, 1000.000000000000000 ) ;
#3392 = EDGE_CURVE ( 'NONE', #726, #654, #991, .T. ) ;
#3393 = LINE ( 'NONE', #889, #2069 ) ;
#3394 = CARTESIAN_POINT ( 'NONE',  ( 0.6000000000000000888, 2.966106516836013007, 0.0000000000000000000 ) ) ;
#3395 = COLOUR_RGB ( '',0.8509803921568627194, 0.8509803921568627194, 0.8509803921568627194 ) ;
#3396 = LINE ( 'NONE', #3374, #618 ) ;
#3397 = ORIENTED_EDGE ( 'NONE', *, *, #109, .T. ) ;
#3398 = SURFACE_STYLE_USAGE ( .BOTH. , #655 ) ;
#3399 = FACE_OUTER_BOUND ( 'NONE', #428, .T. ) ;
#3400 = CARTESIAN_POINT ( 'NONE',  ( 3.399999999999999467, 1.466106516836013451, 0.0000000000000000000 ) ) ;
#3401 = PRESENTATION_STYLE_ASSIGNMENT (( #2248 ) ) ;
#3402 = DIRECTION ( 'NONE',  ( -1.000000000000000000, -0.0000000000000000000, -0.0000000000000000000 ) ) ;
#3403 = SURFACE_STYLE_USAGE ( .BOTH. , #2869 ) ;
#3404 = ORIENTED_EDGE ( 'NONE', *, *, #1775, .F. ) ;
#3405 = CARTESIAN_POINT ( 'NONE',  ( 2.600000000000000089, -0.04232549186178630185, -4.150000000000000355 ) ) ;
#3406 = DIRECTION ( 'NONE',  ( 0.0000000000000000000, 1.000000000000000000, 0.0000000000000000000 ) ) ;
#3407 = EDGE_LOOP ( 'NONE', ( #3023, #3125, #2006, #149 ) ) ;
#3408 = CARTESIAN_POINT ( 'NONE',  ( 3.700000000000000178, -0.07000000000000013156, -0.1938796242522536351 ) ) ;
#3409 = DIRECTION ( 'NONE',  ( 0.0000000000000000000, 1.000000000000000000, 0.0000000000000000000 ) ) ;
#3410 = SURFACE_STYLE_FILL_AREA ( #358 ) ;
#3411 = STYLED_ITEM ( 'NONE', ( #1705 ), #2189 ) ;
#3412 = ORIENTED_EDGE ( 'NONE', *, *, #832, .T. ) ;
#3413 =( LENGTH_UNIT ( ) NAMED_UNIT ( * ) SI_UNIT ( .MILLI., .METRE. ) );
#3414 = UNCERTAINTY_MEASURE_WITH_UNIT (LENGTH_MEASURE( 1.000000000000000082E-05 ), #2978, 'distance_accuracy_value', 'NONE');
#3415 = FACE_OUTER_BOUND ( 'NONE', #2518, .T. ) ;
#3416 = VECTOR ( 'NONE', #1910, 1000.000000000000000 ) ;
#3417 = SURFACE_STYLE_FILL_AREA ( #2583 ) ;
#3418 = EDGE_LOOP ( 'NONE', ( #1323, #706, #1598, #2161, #3063 ) ) ;
#3419 = AXIS2_PLACEMENT_3D ( 'NONE', #2030, #3131, #104 ) ;
#3420 = ORIENTED_EDGE ( 'NONE', *, *, #396, .T. ) ;
#3421 = SURFACE_STYLE_FILL_AREA ( #2073 ) ;
#3422 = PRODUCT ( 'AF4A76FD-6D3F-4593-A404-A47863341BA7', 'AF4A76FD-6D3F-4593-A404-A47863341BA7', '', ( #656 ) ) ;
#3423 = LINE ( 'NONE', #335, #37 ) ;
#3424 = DIRECTION ( 'NONE',  ( -1.000000000000000000, -0.0000000000000000000, -0.0000000000000000000 ) ) ;
#3425 = CARTESIAN_POINT ( 'NONE',  ( 0.5000000000000000000, -0.07000000000000011768, -1.329999999999998961 ) ) ;
#3426 = ORIENTED_EDGE ( 'NONE', *, *, #2245, .F. ) ;
#3427 = CARTESIAN_POINT ( 'NONE',  ( 4.000000000000000000, 3.200000000000000178, 0.0000000000000000000 ) ) ;
#3428 = APPLICATION_CONTEXT ( 'automotive_design' ) ;
#3429 = DIRECTION ( 'NONE',  ( 0.0000000000000000000, 0.0000000000000000000, -1.000000000000000000 ) ) ;
#3430 = EDGE_CURVE ( 'NONE', #3069, #642, #2128, .T. ) ;
#3431 = CARTESIAN_POINT ( 'NONE',  ( 0.6500000000000000222, 2.916106516836013185, -2.700000000000000178 ) ) ;
#3432 = FILL_AREA_STYLE ('',( #2330 ) ) ;
#3433 = EDGE_LOOP ( 'NONE', ( #3191, #1309, #951, #2428 ) ) ;
#3434 = MECHANICAL_DESIGN_GEOMETRIC_PRESENTATION_REPRESENTATION (  '', ( #1862 ), #93 ) ;
#3435 = ORIENTED_EDGE ( 'NONE', *, *, #2629, .T. ) ;
#3436 = DIRECTION ( 'NONE',  ( 0.0000000000000000000, 0.9629640197141806635, 0.2696299255199748335 ) ) ;
#3437 = PRESENTATION_LAYER_ASSIGNMENT (  '', '', ( #156 ) ) ;
#3438 = AXIS2_PLACEMENT_3D ( 'NONE', #1359, #847, #282 ) ;
#3439 = COLOUR_RGB ( '',0.9882352941176471006, 1.000000000000000000, 0.8431372549019607865 ) ;
#3440 = CARTESIAN_POINT ( 'NONE',  ( 3.349999999999999645, 1.516106516836013052, -0.04999999999999883010 ) ) ;
#3441 = FILL_AREA_STYLE_COLOUR ( '', #3439 ) ;
#3442 = VECTOR ( 'NONE', #3520, 1000.000000000000000 ) ;
#3443 = ORIENTED_EDGE ( 'NONE', *, *, #2629, .F. ) ;
#3444 = DIRECTION ( 'NONE',  ( -0.0000000000000000000, 1.000000000000000000, 0.0000000000000000000 ) ) ;
#3445 = VECTOR ( 'NONE', #374, 1000.000000000000000 ) ;
#3446 = FACE_OUTER_BOUND ( 'NONE', #422, .T. ) ;
#3447 =( GEOMETRIC_REPRESENTATION_CONTEXT ( 3 ) GLOBAL_UNCERTAINTY_ASSIGNED_CONTEXT ( ( #2866 ) ) GLOBAL_UNIT_ASSIGNED_CONTEXT ( ( #1489, #2026, #628 ) ) REPRESENTATION_CONTEXT ( 'NONE', 'WORKASPACE' ) );
#3448 = DIRECTION ( 'NONE',  ( -1.000000000000000000, 0.0000000000000000000, 0.0000000000000000000 ) ) ;
#3449 = CARTESIAN_POINT ( 'NONE',  ( 3.750000000000000444, 2.416106516836013185, -2.700000000000000178 ) ) ;
#3450 = UNCERTAINTY_MEASURE_WITH_UNIT (LENGTH_MEASURE( 1.000000000000000082E-05 ), #924, 'distance_accuracy_value', 'NONE');
#3451 = CARTESIAN_POINT ( 'NONE',  ( 4.000000000000000000, 0.0000000000000000000, -3.750000000000000000 ) ) ;
#3452 = DIRECTION ( 'NONE',  ( 0.0000000000000000000, 0.0000000000000000000, 1.000000000000000000 ) ) ;
#3453 = EDGE_CURVE ( 'NONE', #234, #2086, #3227, .T. ) ;
#3454 = ORIENTED_EDGE ( 'NONE', *, *, #939, .F. ) ;
#3455 = PLANE ( 'NONE',  #3142 ) ;
#3456 = ORIENTED_EDGE ( 'NONE', *, *, #2125, .T. ) ;
#3457 = VECTOR ( 'NONE', #2555, 1000.000000000000000 ) ;
#3458 = FILL_AREA_STYLE ('',( #357 ) ) ;
#3459 = DIRECTION ( 'NONE',  ( 1.000000000000000000, -0.0000000000000000000, -0.0000000000000000000 ) ) ;
#3460 = VECTOR ( 'NONE', #2558, 1000.000000000000227 ) ;
#3461 = EDGE_LOOP ( 'NONE', ( #1565, #3488, #1176, #584 ) ) ;
#3462 = EDGE_LOOP ( 'NONE', ( #259, #3207, #1477, #3554 ) ) ;
#3463 = AXIS2_PLACEMENT_3D ( 'NONE', #2885, #2638, #147 ) ;
#3464 = CARTESIAN_POINT ( 'NONE',  ( 1.600000000000000089, -0.04232549186178630185, -4.150000000000000355 ) ) ;
#3465 = LINE ( 'NONE', #2032, #830 ) ;
#3466 = EDGE_LOOP ( 'NONE', ( #2166, #1810, #2951 ) ) ;
#3467 = AXIS2_PLACEMENT_3D ( 'NONE', #2612, #658, #2065 ) ;
#3468 = EDGE_CURVE ( 'NONE', #1194, #1076, #2419, .T. ) ;
#3469 = CARTESIAN_POINT ( 'NONE',  ( 0.3000000000000000444, 0.9999999999999997780, -0.5000000000000000000 ) ) ;
#3470 = LINE ( 'NONE', #1546, #981 ) ;
#3471 = ORIENTED_EDGE ( 'NONE', *, *, #1025, .F. ) ;
#3472 = ORIENTED_EDGE ( 'NONE', *, *, #154, .T. ) ;
#3473 = EDGE_CURVE ( 'NONE', #2486, #2071, #1283, .T. ) ;
#3474 = AXIS2_PLACEMENT_3D ( 'NONE', #2947, #697, #3241 ) ;
#3475 = DIRECTION ( 'NONE',  ( 0.0000000000000000000, -0.6322674225171864837, -0.7747502219576795079 ) ) ;
#3476 =( GEOMETRIC_REPRESENTATION_CONTEXT ( 3 ) GLOBAL_UNCERTAINTY_ASSIGNED_CONTEXT ( ( #2786 ) ) GLOBAL_UNIT_ASSIGNED_CONTEXT ( ( #3339, #824, #277 ) ) REPRESENTATION_CONTEXT ( 'NONE', 'WORKASPACE' ) );
#3477 =( NAMED_UNIT ( * ) PLANE_ANGLE_UNIT ( ) SI_UNIT ( $, .RADIAN. ) );
#3478 = ADVANCED_FACE ( 'NONE', ( #2437 ), #1319, .F. ) ;
#3479 = PLANE ( 'NONE',  #2292 ) ;
#3480 = VERTEX_POINT ( 'NONE', #3537 ) ;
#3481 = LINE ( 'NONE', #3497, #1659 ) ;
#3482 = CARTESIAN_POINT ( 'NONE',  ( 3.350000000000000089, 2.416106516836013185, -0.04999999999999969746 ) ) ;
#3483 = ORIENTED_EDGE ( 'NONE', *, *, #1293, .T. ) ;
#3484 = DIRECTION ( 'NONE',  ( 1.000000000000000000, -0.0000000000000000000, -0.0000000000000000000 ) ) ;
#3485 =( LENGTH_UNIT ( ) NAMED_UNIT ( * ) SI_UNIT ( .MILLI., .METRE. ) );
#3486 = LINE ( 'NONE', #2673, #3024 ) ;
#3487 = ORIENTED_EDGE ( 'NONE', *, *, #3370, .T. ) ;
#3488 = ORIENTED_EDGE ( 'NONE', *, *, #1092, .F. ) ;
#3489 = CARTESIAN_POINT ( 'NONE',  ( 1.600000000000000089, 3.449999999999999734, -1.729999999999998872 ) ) ;
#3490 = STYLED_ITEM ( 'NONE', ( #2005 ), #274 ) ;
#3491 = EDGE_CURVE ( 'NONE', #1296, #1238, #1845, .T. ) ;
#3492 = EDGE_CURVE ( 'NONE', #1095, #936, #1604, .T. ) ;
#3493 = ORIENTED_EDGE ( 'NONE', *, *, #2741, .T. ) ;
#3494 = VECTOR ( 'NONE', #2425, 1000.000000000000000 ) ;
#3495 = FILL_AREA_STYLE ('',( #411 ) ) ;
#3496 = AXIS2_PLACEMENT_3D ( 'NONE', #1892, #2955, #1574 ) ;
#3497 = CARTESIAN_POINT ( 'NONE',  ( 3.349999999999999645, 1.516106516836013052, -2.700000000000000178 ) ) ;
#3498 = CARTESIAN_POINT ( 'NONE',  ( 3.250000000000000888, 0.0000000000000000000, -2.999999999999999556 ) ) ;
#3499 = VECTOR ( 'NONE', #3242, 1000.000000000000000 ) ;
#3500 = AXIS2_PLACEMENT_3D ( 'NONE', #2355, #940, #2074 ) ;
#3501 = ORIENTED_EDGE ( 'NONE', *, *, #2765, .F. ) ;
#3502 = VECTOR ( 'NONE', #613, 1000.000000000000000 ) ;
#3503 = CARTESIAN_POINT ( 'NONE',  ( 3.700000000000000178, 0.1000000000000000056, -1.499999999999999556 ) ) ;
#3504 = DIRECTION ( 'NONE',  ( -2.168404344971009115E-16, 1.000000000000000000, 0.0000000000000000000 ) ) ;
#3505 = LINE ( 'NONE', #1260, #516 ) ;
#3506 = PLANE ( 'NONE',  #499 ) ;
#3507 = VERTEX_POINT ( 'NONE', #2688 ) ;
#3508 = CARTESIAN_POINT ( 'NONE',  ( 0.2500000000000001665, 1.516106516836013052, -0.04999999999999883010 ) ) ;
#3509 =( NAMED_UNIT ( * ) SI_UNIT ( $, .STERADIAN. ) SOLID_ANGLE_UNIT ( ) );
#3510 = EDGE_CURVE ( 'NONE', #1650, #671, #1114, .T. ) ;
#3511 = PRESENTATION_STYLE_ASSIGNMENT (( #175 ) ) ;
#3512 = ORIENTED_EDGE ( 'NONE', *, *, #352, .F. ) ;
#3513 = CARTESIAN_POINT ( 'NONE',  ( 1.399999999999999911, 2.350000000000000089, -0.9000000000000002442 ) ) ;
#3514 = CARTESIAN_POINT ( 'NONE',  ( 3.250000000000000444, 0.1000000000000000056, 3.061616997868382155E-16 ) ) ;
#3515 = EDGE_CURVE ( 'NONE', #2282, #504, #240, .T. ) ;
#3516 = CARTESIAN_POINT ( 'NONE',  ( 1.600000000000000089, 0.2576745081382136870, -4.331925126797040448 ) ) ;
#3517 = ORIENTED_EDGE ( 'NONE', *, *, #3604, .T. ) ;
#3518 = STYLED_ITEM ( 'NONE', ( #1599 ), #2919 ) ;
#3519 = DIRECTION ( 'NONE',  ( -0.0000000000000000000, -0.7071067811865462405, -0.7071067811865489050 ) ) ;
#3520 = DIRECTION ( 'NONE',  ( 1.000000000000000000, 0.0000000000000000000, 0.0000000000000000000 ) ) ;
#3521 = EDGE_CURVE ( 'NONE', #712, #1569, #1394, .T. ) ;
#3522 = CARTESIAN_POINT ( 'NONE',  ( 3.349999999999999645, 1.516106516836013052, -2.700000000000000178 ) ) ;
#3523 = LINE ( 'NONE', #2131, #973 ) ;
#3524 = VERTEX_POINT ( 'NONE', #3358 ) ;
#3525 =( LENGTH_UNIT ( ) NAMED_UNIT ( * ) SI_UNIT ( .MILLI., .METRE. ) );
#3526 = ORIENTED_EDGE ( 'NONE', *, *, #2077, .F. ) ;
#3527 = PRESENTATION_LAYER_ASSIGNMENT (  '', '', ( #3177 ) ) ;
#3528 = CARTESIAN_POINT ( 'NONE',  ( 0.3000000000000000444, -0.07000000000000013156, -0.1938796242522536351 ) ) ;
#3529 = DIRECTION ( 'NONE',  ( -1.000000000000000000, 0.0000000000000000000, 0.0000000000000000000 ) ) ;
#3530 =( NAMED_UNIT ( * ) PLANE_ANGLE_UNIT ( ) SI_UNIT ( $, .RADIAN. ) );
#3531 = EDGE_LOOP ( 'NONE', ( #1712, #1276, #1371, #377 ) ) ;
#3532 =( NAMED_UNIT ( * ) PLANE_ANGLE_UNIT ( ) SI_UNIT ( $, .RADIAN. ) );
#3533 = CARTESIAN_POINT ( 'NONE',  ( 3.700000000000000178, 0.4999999999999997780, -0.5000000000000000000 ) ) ;
#3534 = DIRECTION ( 'NONE',  ( 1.000000000000000000, 0.0000000000000000000, 0.0000000000000000000 ) ) ;
#3535 = VERTEX_POINT ( 'NONE', #2470 ) ;
#3536 = EDGE_CURVE ( 'NONE', #544, #3251, #1059, .T. ) ;
#3537 = CARTESIAN_POINT ( 'NONE',  ( 0.0000000000000000000, 0.1000000000000000056, -4.250000000000000000 ) ) ;
#3538 = PRESENTATION_STYLE_ASSIGNMENT (( #2965 ) ) ;
#3539 = ADVANCED_FACE ( 'NONE', ( #1373 ), #788, .T. ) ;
#3540 = ORIENTED_EDGE ( 'NONE', *, *, #2502, .T. ) ;
#3541 = ORIENTED_EDGE ( 'NONE', *, *, #1346, .F. ) ;
#3542 = CARTESIAN_POINT ( 'NONE',  ( 2.400000000000000355, 0.1000000000000000056, 0.0000000000000000000 ) ) ;
#3543 = UNCERTAINTY_MEASURE_WITH_UNIT (LENGTH_MEASURE( 1.000000000000000082E-05 ), #3372, 'distance_accuracy_value', 'NONE');
#3544 = VERTEX_POINT ( 'NONE', #2224 ) ;
#3545 = LINE ( 'NONE', #1927, #2724 ) ;
#3546 = CARTESIAN_POINT ( 'NONE',  ( 2.400000000000000355, 3.449999999999999734, -1.729999999999998872 ) ) ;
#3547 = DIRECTION ( 'NONE',  ( 1.000000000000000000, 0.0000000000000000000, -0.0000000000000000000 ) ) ;
#3548 = SURFACE_STYLE_FILL_AREA ( #1018 ) ;
#3549 = ORIENTED_EDGE ( 'NONE', *, *, #2324, .F. ) ;
#3550 = AXIS2_PLACEMENT_3D ( 'NONE', #2845, #317, #1435 ) ;
#3551 = CARTESIAN_POINT ( 'NONE',  ( 3.700000000000000178, 0.1238796242522527818, 0.0000000000000000000 ) ) ;
#3552 = CARTESIAN_POINT ( 'NONE',  ( 1.399999999999999911, 1.950000000000000178, -2.700000000000000178 ) ) ;
#3553 = COLOUR_RGB ( '',0.8509803921568627194, 0.8509803921568627194, 0.8509803921568627194 ) ;
#3554 = ORIENTED_EDGE ( 'NONE', *, *, #435, .F. ) ;
#3555 = CARTESIAN_POINT ( 'NONE',  ( 4.000000000000000000, 0.4999999999999997780, -0.5000000000000000000 ) ) ;
#3556 = DIRECTION ( 'NONE',  ( -1.000000000000000000, 0.0000000000000000000, 0.0000000000000000000 ) ) ;
#3557 = VECTOR ( 'NONE', #1647, 1000.000000000000000 ) ;
#3558 = CARTESIAN_POINT ( 'NONE',  ( 0.5000000000000000000, 0.3519398121261264056, -0.08291854158314553025 ) ) ;
#3559 = VECTOR ( 'NONE', #2381, 1000.000000000000114 ) ;
#3560 = CARTESIAN_POINT ( 'NONE',  ( 0.5000000000000000000, 0.1000000000000000056, -0.02387962425225286303 ) ) ;
#3561 = EDGE_CURVE ( 'NONE', #1015, #158, #3083, .T. ) ;
#3562 = PRESENTATION_LAYER_ASSIGNMENT (  '', '', ( #2973 ) ) ;
#3563 = ORIENTED_EDGE ( 'NONE', *, *, #3561, .F. ) ;
#3564 = DIRECTION ( 'NONE',  ( -1.000000000000000000, 0.0000000000000000000, 0.0000000000000000000 ) ) ;
#3565 = EDGE_CURVE ( 'NONE', #3146, #421, #2819, .T. ) ;
#3566 = CARTESIAN_POINT ( 'NONE',  ( 0.3000000000000000444, 0.1238796242522527818, 0.0000000000000000000 ) ) ;
#3567 = DIRECTION ( 'NONE',  ( -1.000000000000000000, -0.0000000000000000000, -0.0000000000000000000 ) ) ;
#3568 = DIRECTION ( 'NONE',  ( 0.0000000000000000000, 0.0000000000000000000, 1.000000000000000000 ) ) ;
#3569 = EDGE_LOOP ( 'NONE', ( #670, #2331, #3231, #1815, #857, #2862, #1157, #3262, #2539, #3108, #946, #1614 ) ) ;
#3570 = SURFACE_SIDE_STYLE ('',( #1335 ) ) ;
#3571 = DIRECTION ( 'NONE',  ( -1.000000000000000000, -0.0000000000000000000, -0.0000000000000000000 ) ) ;
#3572 = LINE ( 'NONE', #1020, #934 ) ;
#3573 = ORIENTED_EDGE ( 'NONE', *, *, #3625, .F. ) ;
#3574 = LINE ( 'NONE', #2781, #424 ) ;
#3575 = DIRECTION ( 'NONE',  ( 0.0000000000000000000, -0.5735764363510449382, 0.8191520442889926867 ) ) ;
#3576 = DIRECTION ( 'NONE',  ( 1.000000000000000000, 0.0000000000000000000, 0.0000000000000000000 ) ) ;
#3577 = MECHANICAL_DESIGN_GEOMETRIC_PRESENTATION_REPRESENTATION (  '', ( #3518 ), #3055 ) ;
#3578 = EDGE_CURVE ( 'NONE', #1971, #2906, #3574, .T. ) ;
#3579 = EDGE_LOOP ( 'NONE', ( #2264, #116, #2338, #1528 ) ) ;
#3580 = FILL_AREA_STYLE ('',( #2169 ) ) ;
#3581 = VECTOR ( 'NONE', #2130, 1000.000000000000000 ) ;
#3582 = EDGE_CURVE ( 'NONE', #3375, #1529, #1413, .T. ) ;
#3583 = SURFACE_SIDE_STYLE ('',( #1327 ) ) ;
#3584 = CARTESIAN_POINT ( 'NONE',  ( 0.6500000000000000222, 2.916106516836013185, -2.700000000000000178 ) ) ;
#3585 = CARTESIAN_POINT ( 'NONE',  ( 0.0000000000000000000, 0.1000000000000000056, 0.0000000000000000000 ) ) ;
#3586 = ORIENTED_EDGE ( 'NONE', *, *, #3113, .T. ) ;
#3587 = EDGE_CURVE ( 'NONE', #3192, #2494, #2488, .T. ) ;
#3588 = DIRECTION ( 'NONE',  ( -0.0000000000000000000, 1.000000000000000000, 0.0000000000000000000 ) ) ;
#3589 = MECHANICAL_DESIGN_GEOMETRIC_PRESENTATION_REPRESENTATION (  '', ( #2943 ), #74 ) ;
#3590 = DIRECTION ( 'NONE',  ( 0.0000000000000000000, -1.000000000000000000, 0.0000000000000000000 ) ) ;
#3591 = DIRECTION ( 'NONE',  ( 1.000000000000000000, 0.0000000000000000000, -0.0000000000000000000 ) ) ;
#3592 = ORIENTED_EDGE ( 'NONE', *, *, #1138, .F. ) ;
#3593 = DIRECTION ( 'NONE',  ( 0.0000000000000000000, 0.0000000000000000000, 1.000000000000000000 ) ) ;
#3594 = ORIENTED_EDGE ( 'NONE', *, *, #1367, .T. ) ;
#3595 = DIRECTION ( 'NONE',  ( 0.0000000000000000000, 0.0000000000000000000, 1.000000000000000000 ) ) ;
#3596 = ORIENTED_EDGE ( 'NONE', *, *, #3180, .F. ) ;
#3597 = CARTESIAN_POINT ( 'NONE',  ( 3.250000000000000444, 0.0000000000000000000, 3.061616997868382155E-16 ) ) ;
#3598 = CARTESIAN_POINT ( 'NONE',  ( 2.600000000000000089, 0.3162452190879569414, -3.710624621793976452 ) ) ;
#3599 = DIRECTION ( 'NONE',  ( 1.000000000000000000, 0.0000000000000000000, -0.0000000000000000000 ) ) ;
#3600 = FACE_OUTER_BOUND ( 'NONE', #1826, .T. ) ;
#3601 = EDGE_CURVE ( 'NONE', #2389, #743, #1132, .T. ) ;
#3602 = ORIENTED_EDGE ( 'NONE', *, *, #3561, .T. ) ;
#3603 = CARTESIAN_POINT ( 'NONE',  ( 4.000000000000000000, 0.0000000000000000000, 0.0000000000000000000 ) ) ;
#3604 = EDGE_CURVE ( 'NONE', #2658, #2098, #2527, .T. ) ;
#3605 = SURFACE_STYLE_FILL_AREA ( #2237 ) ;
#3606 = CARTESIAN_POINT ( 'NONE',  ( 0.5000000000000000000, 0.1238796242522527818, 0.0000000000000000000 ) ) ;
#3607 = ADVANCED_FACE ( 'NONE', ( #2505 ), #1097, .F. ) ;
#3608 = ORIENTED_EDGE ( 'NONE', *, *, #649, .F. ) ;
#3609 =( GEOMETRIC_REPRESENTATION_CONTEXT ( 3 ) GLOBAL_UNCERTAINTY_ASSIGNED_CONTEXT ( ( #1360 ) ) GLOBAL_UNIT_ASSIGNED_CONTEXT ( ( #1744, #1179, #1289 ) ) REPRESENTATION_CONTEXT ( 'NONE', 'WORKASPACE' ) );
#3610 = FACE_OUTER_BOUND ( 'NONE', #3073, .T. ) ;
#3611 = CARTESIAN_POINT ( 'NONE',  ( 2.400000000000000355, 2.350000000000000089, -0.9000000000000002442 ) ) ;
#3612 = VECTOR ( 'NONE', #454, 1000.000000000000000 ) ;
#3613 = ORIENTED_EDGE ( 'NONE', *, *, #2280, .F. ) ;
#3614 = VECTOR ( 'NONE', #2514, 1000.000000000000000 ) ;
#3615 = UNCERTAINTY_MEASURE_WITH_UNIT (LENGTH_MEASURE( 1.000000000000000082E-05 ), #1269, 'distance_accuracy_value', 'NONE');
#3616 = VECTOR ( 'NONE', #1903, 1000.000000000000114 ) ;
#3617 = ORIENTED_EDGE ( 'NONE', *, *, #2094, .T. ) ;
#3618 = FILL_AREA_STYLE ('',( #881 ) ) ;
#3619 = VECTOR ( 'NONE', #307, 1000.000000000000000 ) ;
#3620 = CARTESIAN_POINT ( 'NONE',  ( 0.3000000000000000444, 0.1238796242522527818, 0.0000000000000000000 ) ) ;
#3621 = SURFACE_SIDE_STYLE ('',( #3290 ) ) ;
#3622 = FILL_AREA_STYLE ('',( #1087 ) ) ;
#3623 = MECHANICAL_DESIGN_GEOMETRIC_PRESENTATION_REPRESENTATION (  '', ( #1878 ), #1104 ) ;
#3624 = FILL_AREA_STYLE ('',( #1108 ) ) ;
#3625 = EDGE_CURVE ( 'NONE', #2675, #790, #219, .T. ) ;
#3626 = DIRECTION ( 'NONE',  ( -1.000000000000000000, -0.0000000000000000000, -0.0000000000000000000 ) ) ;
ENDSEC;
END-ISO-10303-21;
