ISO-10303-21;
HEADER;
FILE_DESCRIPTION (( 'STEP AP214' ),
    '1' );
FILE_NAME ('59177ABF-A268-4E6E-A2A2-4DE5928D15FA.STEP',
    '2024-12-26T06:10:45',
    ( '' ),
    ( '' ),
    'SwSTEP 2.0',
    'SolidWorks 2022',
    '' );
FILE_SCHEMA (( 'AUTOMOTIVE_DESIGN' ));
ENDSEC;

DATA;
#1 = PRESENTATION_LAYER_ASSIGNMENT (  '', '', ( #3681 ) ) ;
#2 = VECTOR ( 'NONE', #731, 1000.000000000000114 ) ;
#3 = EDGE_CURVE ( 'NONE', #53, #478, #464, .T. ) ;
#4 = VERTEX_POINT ( 'NONE', #1592 ) ;
#5 =( NAMED_UNIT ( * ) SI_UNIT ( $, .STERADIAN. ) SOLID_ANGLE_UNIT ( ) );
#6 = PLANE ( 'NONE',  #1601 ) ;
#7 = DIRECTION ( 'NONE',  ( -1.000000000000000000, 0.0000000000000000000, -0.0000000000000000000 ) ) ;
#8 = STYLED_ITEM ( 'NONE', ( #1566 ), #3060 ) ;
#9 =( LENGTH_UNIT ( ) NAMED_UNIT ( * ) SI_UNIT ( .MILLI., .METRE. ) );
#10 = ORIENTED_EDGE ( 'NONE', *, *, #1148, .F. ) ;
#11 = COLOUR_RGB ( '',0.1176470588235294101, 0.1176470588235294101, 0.1176470588235294101 ) ;
#12 = ORIENTED_EDGE ( 'NONE', *, *, #1436, .T. ) ;
#13 = UNCERTAINTY_MEASURE_WITH_UNIT (LENGTH_MEASURE( 1.000000000000000082E-05 ), #1413, 'distance_accuracy_value', 'NONE');
#14 = DIRECTION ( 'NONE',  ( 0.0000000000000000000, -0.9917777374966650905, 0.1279723384407590869 ) ) ;
#15 = CARTESIAN_POINT ( 'NONE',  ( -0.1250000000000000000, 0.9258514289220316495, 0.1999999999999997891 ) ) ;
#16 = DIRECTION ( 'NONE',  ( 0.0000000000000000000, 1.000000000000000000, 0.0000000000000000000 ) ) ;
#17 = VECTOR ( 'NONE', #371, 1000.000000000000000 ) ;
#18 = PRESENTATION_STYLE_ASSIGNMENT (( #88 ) ) ;
#19 = ORIENTED_EDGE ( 'NONE', *, *, #1287, .F. ) ;
#20 = SURFACE_STYLE_FILL_AREA ( #2683 ) ;
#21 = VECTOR ( 'NONE', #3086, 1000.000000000000000 ) ;
#22 = FILL_AREA_STYLE_COLOUR ( '', #3412 ) ;
#23 = ORIENTED_EDGE ( 'NONE', *, *, #3225, .F. ) ;
#24 = DIRECTION ( 'NONE',  ( 1.000000000000000000, 0.0000000000000000000, 0.0000000000000000000 ) ) ;
#25 = CARTESIAN_POINT ( 'NONE',  ( -0.7750000000000000222, 0.8269727198848726424, 0.5755944676881500355 ) ) ;
#26 = EDGE_CURVE ( 'NONE', #1723, #2326, #764, .T. ) ;
#27 = ORIENTED_EDGE ( 'NONE', *, *, #1491, .T. ) ;
#28 = EDGE_LOOP ( 'NONE', ( #150, #1698, #2943, #3517 ) ) ;
#29 = EDGE_CURVE ( 'NONE', #2333, #1852, #2094, .T. ) ;
#30 =( LENGTH_UNIT ( ) NAMED_UNIT ( * ) SI_UNIT ( .MILLI., .METRE. ) );
#31 = CARTESIAN_POINT ( 'NONE',  ( 0.7750000000000000222, 0.6286171723855382698, 0.7499999999999995559 ) ) ;
#32 = STYLED_ITEM ( 'NONE', ( #3197 ), #1838 ) ;
#33 = AXIS2_PLACEMENT_3D ( 'NONE', #3058, #1872, #2790 ) ;
#34 = DIRECTION ( 'NONE',  ( 1.000000000000000000, 0.0000000000000000000, 0.0000000000000000000 ) ) ;
#35 = FILL_AREA_STYLE ('',( #2416 ) ) ;
#36 = ORIENTED_EDGE ( 'NONE', *, *, #2080, .F. ) ;
#37 = DIRECTION ( 'NONE',  ( 1.000000000000000000, 0.0000000000000000000, 0.0000000000000000000 ) ) ;
#38 = CARTESIAN_POINT ( 'NONE',  ( 0.8767730985660117105, -0.4910254037844383745, 0.09999999999999995004 ) ) ;
#39 =( NAMED_UNIT ( * ) SI_UNIT ( $, .STERADIAN. ) SOLID_ANGLE_UNIT ( ) );
#40 =( LENGTH_UNIT ( ) NAMED_UNIT ( * ) SI_UNIT ( .MILLI., .METRE. ) );
#41 = VERTEX_POINT ( 'NONE', #1911 ) ;
#42 = ORIENTED_EDGE ( 'NONE', *, *, #2831, .F. ) ;
#43 = EDGE_CURVE ( 'NONE', #2183, #1681, #400, .T. ) ;
#44 = CIRCLE ( 'NONE', #254, 0.04999999999999991257 ) ;
#45 = ADVANCED_FACE ( 'NONE', ( #1313 ), #3417, .T. ) ;
#46 = CARTESIAN_POINT ( 'NONE',  ( 0.7750000000000000222, 0.5500000000000000444, 0.7499999999999994449 ) ) ;
#47 = CIRCLE ( 'NONE', #2492, 0.2000000000000000389 ) ;
#48 = CARTESIAN_POINT ( 'NONE',  ( -1.050000000000000044, 0.5284074173710930911, 0.5999999999999999778 ) ) ;
#49 = DIRECTION ( 'NONE',  ( -1.000000000000000000, 0.0000000000000000000, -0.0000000000000000000 ) ) ;
#50 = CARTESIAN_POINT ( 'NONE',  ( -0.7750000000000000222, 0.6286171723855393800, 0.5499999999999994893 ) ) ;
#51 = CARTESIAN_POINT ( 'NONE',  ( 1.050000000000000044, 0.5284074173710932021, 0.5999999999999999778 ) ) ;
#52 = AXIS2_PLACEMENT_3D ( 'NONE', #2368, #3297, #3553 ) ;
#53 = VERTEX_POINT ( 'NONE', #1419 ) ;
#54 = SURFACE_STYLE_FILL_AREA ( #1880 ) ;
#55 = CARTESIAN_POINT ( 'NONE',  ( 0.5250000000000000222, -0.9258514289220317606, 0.1999999999999999833 ) ) ;
#56 = CARTESIAN_POINT ( 'NONE',  ( -1.050000000000000044, 0.5848076211353316900, 0.7499999999999994449 ) ) ;
#57 = STYLED_ITEM ( 'NONE', ( #3598 ), #1459 ) ;
#58 = CARTESIAN_POINT ( 'NONE',  ( -0.7750000000000000222, -1.149999999999999911, -1.648112749638469543 ) ) ;
#60 = ORIENTED_EDGE ( 'NONE', *, *, #2061, .T. ) ;
#59 = COLOUR_RGB ( '',0.7529411764705882248, 0.7529411764705882248, 0.7529411764705882248 ) ;
#61 = VERTEX_POINT ( 'NONE', #3150 ) ;
#62 = STYLED_ITEM ( 'NONE', ( #3722 ), #1773 ) ;
#63 = FACE_OUTER_BOUND ( 'NONE', #2024, .T. ) ;
#64 = VECTOR ( 'NONE', #387, 1000.000000000000000 ) ;
#65 = STYLED_ITEM ( 'NONE', ( #3769 ), #70 ) ;
#66 = PRESENTATION_STYLE_ASSIGNMENT (( #2443 ) ) ;
#67 = PRESENTATION_LAYER_ASSIGNMENT (  '', '', ( #3126 ) ) ;
#68 = SURFACE_SIDE_STYLE ('',( #3375 ) ) ;
#69 = VECTOR ( 'NONE', #354, 1000.000000000000000 ) ;
#70 = ADVANCED_FACE ( 'NONE', ( #3510 ), #3487, .T. ) ;
#71 = AXIS2_PLACEMENT_3D ( 'NONE', #255, #1737, #3869 ) ;
#72 = CARTESIAN_POINT ( 'NONE',  ( 0.5250000000000000222, 0.9258514289220328708, -1.897353801849632760E-16 ) ) ;
#73 = EDGE_CURVE ( 'NONE', #851, #413, #3378, .T. ) ;
#74 = DIRECTION ( 'NONE',  ( 0.0000000000000000000, -0.1279723384407591147, -0.9917777374966649795 ) ) ;
#75 = ORIENTED_EDGE ( 'NONE', *, *, #1465, .T. ) ;
#76 = SURFACE_SIDE_STYLE ('',( #54 ) ) ;
#77 = CIRCLE ( 'NONE', #3698, 0.04999999999999994033 ) ;
#78 =( LENGTH_UNIT ( ) NAMED_UNIT ( * ) SI_UNIT ( .MILLI., .METRE. ) );
#79 = MECHANICAL_DESIGN_GEOMETRIC_PRESENTATION_REPRESENTATION (  '', ( #2959 ), #3583 ) ;
#80 = LINE ( 'NONE', #418, #2386 ) ;
#81 = ORIENTED_EDGE ( 'NONE', *, *, #2493, .F. ) ;
#82 = CARTESIAN_POINT ( 'NONE',  ( 1.050000000000000044, 0.6250000000000000000, 0.5999999999999999778 ) ) ;
#83 = LINE ( 'NONE', #3418, #1834 ) ;
#84 = LINE ( 'NONE', #2749, #545 ) ;
#85 = ORIENTED_EDGE ( 'NONE', *, *, #1575, .F. ) ;
#86 = CARTESIAN_POINT ( 'NONE',  ( -0.5250000000000000222, -0.9468959722737064766, -1.525931652754945356 ) ) ;
#87 = PRESENTATION_LAYER_ASSIGNMENT (  '', '', ( #2719 ) ) ;
#88 = SURFACE_STYLE_USAGE ( .BOTH. , #3321 ) ;
#89 = DIRECTION ( 'NONE',  ( 1.000000000000000000, 0.0000000000000000000, 0.0000000000000000000 ) ) ;
#90 = SURFACE_STYLE_USAGE ( .BOTH. , #2780 ) ;
#91 = EDGE_CURVE ( 'NONE', #3584, #1423, #2601, .T. ) ;
#92 = AXIS2_PLACEMENT_3D ( 'NONE', #2351, #1765, #3863 ) ;
#93 =( NAMED_UNIT ( * ) PLANE_ANGLE_UNIT ( ) SI_UNIT ( $, .RADIAN. ) );
#94 =( GEOMETRIC_REPRESENTATION_CONTEXT ( 3 ) GLOBAL_UNCERTAINTY_ASSIGNED_CONTEXT ( ( #3697 ) ) GLOBAL_UNIT_ASSIGNED_CONTEXT ( ( #3163, #996, #3634 ) ) REPRESENTATION_CONTEXT ( 'NONE', 'WORKASPACE' ) );
#95 = SURFACE_STYLE_USAGE ( .BOTH. , #1288 ) ;
#96 = ORIENTED_EDGE ( 'NONE', *, *, #2894, .T. ) ;
#97 = SURFACE_STYLE_FILL_AREA ( #3123 ) ;
#98 = LINE ( 'NONE', #2488, #3204 ) ;
#99 = SURFACE_STYLE_USAGE ( .BOTH. , #3426 ) ;
#100 = ADVANCED_FACE ( 'NONE', ( #830 ), #1455, .T. ) ;
#101 = DIRECTION ( 'NONE',  ( 1.000000000000000000, -0.0000000000000000000, 0.0000000000000000000 ) ) ;
#102 = UNCERTAINTY_MEASURE_WITH_UNIT (LENGTH_MEASURE( 1.000000000000000082E-05 ), #1535, 'distance_accuracy_value', 'NONE');
#103 = FILL_AREA_STYLE_COLOUR ( '', #2499 ) ;
#104 = ORIENTED_EDGE ( 'NONE', *, *, #151, .F. ) ;
#105 = ORIENTED_EDGE ( 'NONE', *, *, #3427, .F. ) ;
#106 = DIRECTION ( 'NONE',  ( -0.0000000000000000000, -0.2588190451025213501, -0.9659258262890680902 ) ) ;
#107 = VERTEX_POINT ( 'NONE', #1196 ) ;
#108 = DIRECTION ( 'NONE',  ( 0.0000000000000000000, -0.1279723384407590592, -0.9917777374966649795 ) ) ;
#109 = CARTESIAN_POINT ( 'NONE',  ( -0.5250000000000000222, 1.149999999999999911, 0.1499999999999997724 ) ) ;
#110 = CARTESIAN_POINT ( 'NONE',  ( -0.7750000000000000222, 0.9258514289220316495, 0.1999999999999997891 ) ) ;
#111 =( LENGTH_UNIT ( ) NAMED_UNIT ( * ) SI_UNIT ( .MILLI., .METRE. ) );
#112 = DIRECTION ( 'NONE',  ( 0.0000000000000000000, 0.0000000000000000000, 1.000000000000000000 ) ) ;
#113 = PRESENTATION_STYLE_ASSIGNMENT (( #1861 ) ) ;
#114 =( GEOMETRIC_REPRESENTATION_CONTEXT ( 3 ) GLOBAL_UNCERTAINTY_ASSIGNED_CONTEXT ( ( #3504 ) ) GLOBAL_UNIT_ASSIGNED_CONTEXT ( ( #3650, #2176, #1292 ) ) REPRESENTATION_CONTEXT ( 'NONE', 'WORKASPACE' ) );
#115 = FACE_OUTER_BOUND ( 'NONE', #1167, .T. ) ;
#116 = ORIENTED_EDGE ( 'NONE', *, *, #1384, .F. ) ;
#117 = CARTESIAN_POINT ( 'NONE',  ( -0.1250000000000000000, 0.6286171723855382698, 0.7499999999999995559 ) ) ;
#118 =( NAMED_UNIT ( * ) PLANE_ANGLE_UNIT ( ) SI_UNIT ( $, .RADIAN. ) );
#119 = EDGE_CURVE ( 'NONE', #3075, #41, #2980, .T. ) ;
#120 = SURFACE_STYLE_FILL_AREA ( #972 ) ;
#121 = ORIENTED_EDGE ( 'NONE', *, *, #3213, .T. ) ;
#122 =( NAMED_UNIT ( * ) PLANE_ANGLE_UNIT ( ) SI_UNIT ( $, .RADIAN. ) );
#123 = DIRECTION ( 'NONE',  ( 0.0000000000000000000, -0.9917777374966650905, 0.1279723384407591147 ) ) ;
#124 = LINE ( 'NONE', #3394, #3063 ) ;
#125 =( BOUNDED_CURVE ( )  B_SPLINE_CURVE ( 3, ( #3661, #697, #38, #1865 ),
 .UNSPECIFIED., .F., .T. ) 
 B_SPLINE_CURVE_WITH_KNOTS ( ( 4, 4 ),
 ( 5.531305892884601505, 7.035064721474570959 ),
 .UNSPECIFIED. ) 
 CURVE ( )  GEOMETRIC_REPRESENTATION_ITEM ( )  RATIONAL_B_SPLINE_CURVE ( ( 1.000000000000000000, 0.8202709971758377350, 0.8202709971758377350, 1.000000000000000000 ) ) 
 REPRESENTATION_ITEM ( '' )  );
#126 = AXIS2_PLACEMENT_3D ( 'NONE', #1012, #1550, #2461 ) ;
#127 = PRESENTATION_LAYER_ASSIGNMENT (  '', '', ( #1830 ) ) ;
#128 = EDGE_CURVE ( 'NONE', #1842, #2506, #2696, .T. ) ;
#129 = LINE ( 'NONE', #1714, #1060 ) ;
#130 = ORIENTED_EDGE ( 'NONE', *, *, #3542, .F. ) ;
#131 = AXIS2_PLACEMENT_3D ( 'NONE', #1236, #2676, #875 ) ;
#132 = CIRCLE ( 'NONE', #2638, 0.04999999999999991257 ) ;
#133 = SURFACE_STYLE_USAGE ( .BOTH. , #2541 ) ;
#134 = AXIS2_PLACEMENT_3D ( 'NONE', #617, #1988, #3760 ) ;
#135 = UNCERTAINTY_MEASURE_WITH_UNIT (LENGTH_MEASURE( 1.000000000000000082E-05 ), #285, 'distance_accuracy_value', 'NONE');
#136 = MECHANICAL_DESIGN_GEOMETRIC_PRESENTATION_REPRESENTATION (  '', ( #1659 ), #1021 ) ;
#137 = PRESENTATION_LAYER_ASSIGNMENT (  '', '', ( #1090 ) ) ;
#138 = FILL_AREA_STYLE ('',( #154 ) ) ;
#139 =( NAMED_UNIT ( * ) PLANE_ANGLE_UNIT ( ) SI_UNIT ( $, .RADIAN. ) );
#140 = COLOUR_RGB ( '',0.7529411764705882248, 0.7529411764705882248, 0.7529411764705882248 ) ;
#141 = PRESENTATION_STYLE_ASSIGNMENT (( #2450 ) ) ;
#142 = CARTESIAN_POINT ( 'NONE',  ( 0.7750000000000000222, -1.095662632898206423, -1.506735801988831724 ) ) ;
#143 = VECTOR ( 'NONE', #1321, 1000.000000000000000 ) ;
#144 = VERTEX_POINT ( 'NONE', #887 ) ;
#145 = FILL_AREA_STYLE_COLOUR ( '', #1097 ) ;
#146 = CARTESIAN_POINT ( 'NONE',  ( -0.7750000000000000222, 1.149999999999999911, -1.084202172485504434E-16 ) ) ;
#147 = PRESENTATION_LAYER_ASSIGNMENT (  '', '', ( #1039 ) ) ;
#148 = UNCERTAINTY_MEASURE_WITH_UNIT (LENGTH_MEASURE( 1.000000000000000082E-05 ), #2918, 'distance_accuracy_value', 'NONE');
#149 = ORIENTED_EDGE ( 'NONE', *, *, #3811, .F. ) ;
#150 = ORIENTED_EDGE ( 'NONE', *, *, #296, .T. ) ;
#151 = EDGE_CURVE ( 'NONE', #317, #3589, #1866, .T. ) ;
#152 = STYLED_ITEM ( 'NONE', ( #2779 ), #1240 ) ;
#153 = EDGE_CURVE ( 'NONE', #2933, #2621, #3290, .T. ) ;
#154 = FILL_AREA_STYLE_COLOUR ( '', #3514 ) ;
#155 = FILL_AREA_STYLE ('',( #1094 ) ) ;
#156 = CARTESIAN_POINT ( 'NONE',  ( -0.7750000000000000222, -0.6286171723855381588, 0.7499999999999998890 ) ) ;
#157 = SURFACE_SIDE_STYLE ('',( #2867 ) ) ;
#158 = AXIS2_PLACEMENT_3D ( 'NONE', #1117, #2871, #454 ) ;
#159 = ORIENTED_EDGE ( 'NONE', *, *, #790, .F. ) ;
#160 = PLANE ( 'NONE',  #2591 ) ;
#161 = LINE ( 'NONE', #3737, #2825 ) ;
#162 = PRESENTATION_LAYER_ASSIGNMENT (  '', '', ( #32 ) ) ;
#163 = FILL_AREA_STYLE ('',( #2533 ) ) ;
#164 = ORIENTED_EDGE ( 'NONE', *, *, #153, .F. ) ;
#165 =( NAMED_UNIT ( * ) PLANE_ANGLE_UNIT ( ) SI_UNIT ( $, .RADIAN. ) );
#166 = CARTESIAN_POINT ( 'NONE',  ( -0.7750000000000000222, 0.6286171723855382698, 0.7499999999999995559 ) ) ;
#167 = EDGE_CURVE ( 'NONE', #2298, #1781, #1791, .T. ) ;
#168 = ORIENTED_EDGE ( 'NONE', *, *, #1921, .T. ) ;
#169 = FACE_OUTER_BOUND ( 'NONE', #1019, .T. ) ;
#170 = EDGE_CURVE ( 'NONE', #484, #3589, #2401, .T. ) ;
#171 = STYLED_ITEM ( 'NONE', ( #335 ), #2592 ) ;
#172 = LINE ( 'NONE', #2569, #805 ) ;
#173 = ORIENTED_EDGE ( 'NONE', *, *, #2988, .F. ) ;
#174 = AXIS2_PLACEMENT_3D ( 'NONE', #2828, #179, #1085 ) ;
#175 = LINE ( 'NONE', #219, #267 ) ;
#176 = FACE_OUTER_BOUND ( 'NONE', #3013, .T. ) ;
#177 = EDGE_LOOP ( 'NONE', ( #3301, #721, #302, #1214 ) ) ;
#178 = LINE ( 'NONE', #3509, #1416 ) ;
#179 = DIRECTION ( 'NONE',  ( 0.0000000000000000000, 0.9659258262890680902, 0.2588190451025213501 ) ) ;
#180 = CARTESIAN_POINT ( 'NONE',  ( -0.5250000000000000222, 0.8269727198848726424, 0.5755944676881500355 ) ) ;
#181 = SURFACE_STYLE_USAGE ( .BOTH. , #1376 ) ;
#182 = ORIENTED_EDGE ( 'NONE', *, *, #790, .T. ) ;
#183 = EDGE_LOOP ( 'NONE', ( #3049, #1757, #3476, #1391 ) ) ;
#184 = COLOUR_RGB ( '',0.7529411764705882248, 0.7529411764705882248, 0.7529411764705882248 ) ;
#185 = FILL_AREA_STYLE ('',( #1071 ) ) ;
#186 = DIRECTION ( 'NONE',  ( 0.2505628070857321421, -0.2505628070857321421, -0.9351131265310290708 ) ) ;
#187 = CARTESIAN_POINT ( 'NONE',  ( -0.7750000000000000222, 0.6286171723855393800, 0.5499999999999994893 ) ) ;
#188 =( LENGTH_UNIT ( ) NAMED_UNIT ( * ) SI_UNIT ( .MILLI., .METRE. ) );
#189 = DIRECTION ( 'NONE',  ( 0.0000000000000000000, 0.2588190451025213501, -0.9659258262890680902 ) ) ;
#190 = EDGE_CURVE ( 'NONE', #2862, #376, #2996, .T. ) ;
#191 = VECTOR ( 'NONE', #570, 1000.000000000000000 ) ;
#192 = AXIS2_PLACEMENT_3D ( 'NONE', #3841, #911, #600 ) ;
#193 = DIRECTION ( 'NONE',  ( 1.000000000000000000, 0.0000000000000000000, 0.0000000000000000000 ) ) ;
#194 = ORIENTED_EDGE ( 'NONE', *, *, #706, .T. ) ;
#195 = CARTESIAN_POINT ( 'NONE',  ( -0.5250000000000000222, -0.8762625420471984450, 0.1936013830779625133 ) ) ;
#196 =( NAMED_UNIT ( * ) PLANE_ANGLE_UNIT ( ) SI_UNIT ( $, .RADIAN. ) );
#197 = DIRECTION ( 'NONE',  ( -0.9659258262890680902, 0.0000000000000000000, -0.2588190451025213501 ) ) ;
#198 = AXIS2_PLACEMENT_3D ( 'NONE', #2283, #1956, #1380 ) ;
#199 = ADVANCED_FACE ( 'NONE', ( #3271 ), #1497, .T. ) ;
#200 = CIRCLE ( 'NONE', #1275, 0.04999999999999991257 ) ;
#201 = COLOUR_RGB ( '',0.7529411764705882248, 0.7529411764705882248, 0.7529411764705882248 ) ;
#202 = LINE ( 'NONE', #3486, #2952 ) ;
#203 = FILL_AREA_STYLE ('',( #2295 ) ) ;
#204 = ORIENTED_EDGE ( 'NONE', *, *, #2944, .T. ) ;
#205 = ORIENTED_EDGE ( 'NONE', *, *, #3674, .F. ) ;
#206 = CIRCLE ( 'NONE', #1728, 0.04999999999999999584 ) ;
#207 = FACE_OUTER_BOUND ( 'NONE', #528, .T. ) ;
#208 = UNCERTAINTY_MEASURE_WITH_UNIT (LENGTH_MEASURE( 1.000000000000000082E-05 ), #3604, 'distance_accuracy_value', 'NONE');
#209 = COLOUR_RGB ( '',0.7529411764705882248, 0.7529411764705882248, 0.7529411764705882248 ) ;
#210 = DIRECTION ( 'NONE',  ( 0.0000000000000000000, 1.000000000000000000, 0.0000000000000000000 ) ) ;
#211 = DIRECTION ( 'NONE',  ( 0.2505628070857320866, 0.2505628070857321421, -0.9351131265310290708 ) ) ;
#212 =( NAMED_UNIT ( * ) PLANE_ANGLE_UNIT ( ) SI_UNIT ( $, .RADIAN. ) );
#213 = SURFACE_STYLE_USAGE ( .BOTH. , #780 ) ;
#214 = PLANE ( 'NONE',  #1811 ) ;
#215 = EDGE_CURVE ( 'NONE', #107, #3845, #579, .T. ) ;
#216 =( NAMED_UNIT ( * ) SI_UNIT ( $, .STERADIAN. ) SOLID_ANGLE_UNIT ( ) );
#217 = ORIENTED_EDGE ( 'NONE', *, *, #167, .F. ) ;
#218 =( NAMED_UNIT ( * ) SI_UNIT ( $, .STERADIAN. ) SOLID_ANGLE_UNIT ( ) );
#219 = CARTESIAN_POINT ( 'NONE',  ( 0.5250000000000000222, -0.9468959722737065876, -1.525931652754945356 ) ) ;
#220 = UNCERTAINTY_MEASURE_WITH_UNIT (LENGTH_MEASURE( 1.000000000000000082E-05 ), #1243, 'distance_accuracy_value', 'NONE');
#221 =( GEOMETRIC_REPRESENTATION_CONTEXT ( 3 ) GLOBAL_UNCERTAINTY_ASSIGNED_CONTEXT ( ( #569 ) ) GLOBAL_UNIT_ASSIGNED_CONTEXT ( ( #2344, #3837, #924 ) ) REPRESENTATION_CONTEXT ( 'NONE', 'WORKASPACE' ) );
#222 = EDGE_CURVE ( 'NONE', #951, #1237, #3624, .T. ) ;
#223 =( LENGTH_UNIT ( ) NAMED_UNIT ( * ) SI_UNIT ( .MILLI., .METRE. ) );
#224 = ORIENTED_EDGE ( 'NONE', *, *, #313, .F. ) ;
#225 = STYLED_ITEM ( 'NONE', ( #1761 ), #2446 ) ;
#226 = FILL_AREA_STYLE_COLOUR ( '', #1279 ) ;
#227 = CARTESIAN_POINT ( 'NONE',  ( -0.7750000000000000222, 0.7274958814226984982, 0.1744055323118491874 ) ) ;
#228 = DIRECTION ( 'NONE',  ( 0.0000000000000000000, -1.000000000000000000, 0.0000000000000000000 ) ) ;
#229 = AXIS2_PLACEMENT_3D ( 'NONE', #543, #2660, #1749 ) ;
#230 =( LENGTH_UNIT ( ) NAMED_UNIT ( * ) SI_UNIT ( .MILLI., .METRE. ) );
#231 = EDGE_LOOP ( 'NONE', ( #1735, #574, #1110, #242, #2364, #1993, #2142, #2528, #3143, #3106, #2984, #3283 ) ) ;
#232 = VERTEX_POINT ( 'NONE', #3052 ) ;
#233 = SURFACE_SIDE_STYLE ('',( #3203 ) ) ;
#234 = CARTESIAN_POINT ( 'NONE',  ( -0.9534074173710932465, -0.6250000000000000000, 0.5999999999999999778 ) ) ;
#235 = CARTESIAN_POINT ( 'NONE',  ( 0.5250000000000000222, 0.6286171723855393800, 0.5499999999999994893 ) ) ;
#236 =( NAMED_UNIT ( * ) SI_UNIT ( $, .STERADIAN. ) SOLID_ANGLE_UNIT ( ) );
#237 =( NAMED_UNIT ( * ) SI_UNIT ( $, .STERADIAN. ) SOLID_ANGLE_UNIT ( ) );
#238 = ORIENTED_EDGE ( 'NONE', *, *, #2776, .T. ) ;
#239 = PLANE ( 'NONE',  #1799 ) ;
#240 = LINE ( 'NONE', #2613, #3635 ) ;
#241 = PRESENTATION_LAYER_ASSIGNMENT (  '', '', ( #3242 ) ) ;
#242 = ORIENTED_EDGE ( 'NONE', *, *, #3334, .T. ) ;
#243 = SURFACE_STYLE_FILL_AREA ( #852 ) ;
#244 =( NAMED_UNIT ( * ) PLANE_ANGLE_UNIT ( ) SI_UNIT ( $, .RADIAN. ) );
#245 = FILL_AREA_STYLE ('',( #542 ) ) ;
#246 = LINE ( 'NONE', #2051, #2975 ) ;
#247 = EDGE_CURVE ( 'NONE', #1274, #144, #3033, .T. ) ;
#248 = PRESENTATION_STYLE_ASSIGNMENT (( #798 ) ) ;
#249 = VERTEX_POINT ( 'NONE', #435 ) ;
#250 = VERTEX_POINT ( 'NONE', #2800 ) ;
#251 = DIRECTION ( 'NONE',  ( 1.000000000000000000, 0.0000000000000000000, 0.0000000000000000000 ) ) ;
#252 = UNCERTAINTY_MEASURE_WITH_UNIT (LENGTH_MEASURE( 1.000000000000000082E-05 ), #1229, 'distance_accuracy_value', 'NONE');
#253 = EDGE_CURVE ( 'NONE', #2669, #1355, #2457, .T. ) ;
#254 = AXIS2_PLACEMENT_3D ( 'NONE', #1502, #940, #278 ) ;
#255 = CARTESIAN_POINT ( 'NONE',  ( 0.5250000000000000222, 1.149999999999999911, -1.084202172485504434E-16 ) ) ;
#256 = DIRECTION ( 'NONE',  ( 0.0000000000000000000, -0.0000000000000000000, -1.000000000000000000 ) ) ;
#257 = VECTOR ( 'NONE', #3352, 1000.000000000000000 ) ;
#258 = MECHANICAL_DESIGN_GEOMETRIC_PRESENTATION_REPRESENTATION (  '', ( #1389 ), #893 ) ;
#259 = DIRECTION ( 'NONE',  ( 0.0000000000000000000, -0.9917777374966650905, -0.1279723384407591424 ) ) ;
#260 = ORIENTED_EDGE ( 'NONE', *, *, #2894, .F. ) ;
#261 = FILL_AREA_STYLE ('',( #2629 ) ) ;
#262 = VECTOR ( 'NONE', #1953, 1000.000000000000227 ) ;
#263 = LINE ( 'NONE', #2397, #984 ) ;
#264 = DIRECTION ( 'NONE',  ( 0.0000000000000000000, 0.0000000000000000000, -1.000000000000000000 ) ) ;
#265 = ORIENTED_EDGE ( 'NONE', *, *, #1174, .T. ) ;
#266 = DIRECTION ( 'NONE',  ( -0.0000000000000000000, -1.000000000000000000, -0.0000000000000000000 ) ) ;
#267 = VECTOR ( 'NONE', #2550, 1000.000000000000114 ) ;
#268 = CARTESIAN_POINT ( 'NONE',  ( -0.7750000000000000222, 0.6286171723855393800, 0.5499999999999994893 ) ) ;
#269 = VECTOR ( 'NONE', #1623, 1000.000000000000000 ) ;
#270 = AXIS2_PLACEMENT_3D ( 'NONE', #1095, #2261, #2565 ) ;
#271 = ORIENTED_EDGE ( 'NONE', *, *, #2733, .F. ) ;
#272 = VECTOR ( 'NONE', #74, 1000.000000000000114 ) ;
#273 = VERTEX_POINT ( 'NONE', #3366 ) ;
#274 = EDGE_CURVE ( 'NONE', #380, #2933, #3649, .T. ) ;
#275 = DIRECTION ( 'NONE',  ( 0.0000000000000000000, 0.0000000000000000000, -1.000000000000000000 ) ) ;
#276 = AXIS2_PLACEMENT_3D ( 'NONE', #2327, #2634, #3790 ) ;
#277 = ADVANCED_FACE ( 'NONE', ( #1630 ), #1291, .T. ) ;
#278 = DIRECTION ( 'NONE',  ( 0.0000000000000000000, 0.0000000000000000000, -1.000000000000000000 ) ) ;
#279 = AXIS2_PLACEMENT_3D ( 'NONE', #50, #3642, #112 ) ;
#280 = FACE_OUTER_BOUND ( 'NONE', #1812, .T. ) ;
#281 = ORIENTED_EDGE ( 'NONE', *, *, #1244, .T. ) ;
#282 = SURFACE_STYLE_FILL_AREA ( #1475 ) ;
#283 = CARTESIAN_POINT ( 'NONE',  ( -0.7750000000000001332, 0.6250000000000000000, 0.5999999999999999778 ) ) ;
#284 = ORIENTED_EDGE ( 'NONE', *, *, #1504, .T. ) ;
#285 =( LENGTH_UNIT ( ) NAMED_UNIT ( * ) SI_UNIT ( .MILLI., .METRE. ) );
#286 = DIRECTION ( 'NONE',  ( 1.000000000000000000, 0.0000000000000000000, 0.0000000000000000000 ) ) ;
#287 = DIRECTION ( 'NONE',  ( 1.000000000000000000, 0.0000000000000000000, 0.0000000000000000000 ) ) ;
#288 = CARTESIAN_POINT ( 'NONE',  ( 0.7750000000000000222, 0.8269727198848726424, 0.5755944676881500355 ) ) ;
#289 = ORIENTED_EDGE ( 'NONE', *, *, #1144, .F. ) ;
#290 = VERTEX_POINT ( 'NONE', #3102 ) ;
#291 = UNCERTAINTY_MEASURE_WITH_UNIT (LENGTH_MEASURE( 1.000000000000000082E-05 ), #1963, 'distance_accuracy_value', 'NONE');
#292 = EDGE_CURVE ( 'NONE', #2102, #843, #2194, .T. ) ;
#293 = VECTOR ( 'NONE', #872, 1000.000000000000227 ) ;
#294 = FACE_OUTER_BOUND ( 'NONE', #1514, .T. ) ;
#295 = LINE ( 'NONE', #2987, #955 ) ;
#296 = EDGE_CURVE ( 'NONE', #413, #2896, #2823, .T. ) ;
#297 = CARTESIAN_POINT ( 'NONE',  ( 0.7750000000000001332, -0.6250000000000000000, 0.5999999999999999778 ) ) ;
#298 = ORIENTED_EDGE ( 'NONE', *, *, #2468, .T. ) ;
#299 = CARTESIAN_POINT ( 'NONE',  ( 0.1250000000000000000, 1.149999999999999911, 0.1499999999999997724 ) ) ;
#300 = SURFACE_STYLE_FILL_AREA ( #35 ) ;
#301 = CARTESIAN_POINT ( 'NONE',  ( -0.1250000000000000000, 0.7274958814226984982, 0.1744055323118491874 ) ) ;
#302 = ORIENTED_EDGE ( 'NONE', *, *, #2685, .F. ) ;
#303 = FILL_AREA_STYLE_COLOUR ( '', #59 ) ;
#304 = CARTESIAN_POINT ( 'NONE',  ( -0.1250000000000000000, 1.149999999999999911, 0.1499999999999997724 ) ) ;
#305 = SURFACE_SIDE_STYLE ('',( #3272 ) ) ;
#306 = ORIENTED_EDGE ( 'NONE', *, *, #378, .F. ) ;
#307 = ORIENTED_EDGE ( 'NONE', *, *, #359, .T. ) ;
#308 = PRESENTATION_STYLE_ASSIGNMENT (( #3003 ) ) ;
#309 = DIRECTION ( 'NONE',  ( 0.0000000000000000000, -1.000000000000000000, 0.0000000000000000000 ) ) ;
#310 = ORIENTED_EDGE ( 'NONE', *, *, #537, .F. ) ;
#311 = PRESENTATION_STYLE_ASSIGNMENT (( #3618 ) ) ;
#312 = DIRECTION ( 'NONE',  ( 0.0000000000000000000, -1.000000000000000000, 1.379090775700468400E-15 ) ) ;
#313 = EDGE_CURVE ( 'NONE', #2127, #1515, #3387, .T. ) ;
#314 = AXIS2_PLACEMENT_3D ( 'NONE', #1422, #2884, #3809 ) ;
#315 = COLOUR_RGB ( '',0.7529411764705882248, 0.7529411764705882248, 0.7529411764705882248 ) ;
#316 = DIRECTION ( 'NONE',  ( 0.0000000000000000000, 1.000000000000000000, 1.379090775700468400E-15 ) ) ;
#317 = VERTEX_POINT ( 'NONE', #146 ) ;
#318 = LINE ( 'NONE', #988, #2339 ) ;
#319 = CARTESIAN_POINT ( 'NONE',  ( -0.1250000000000000000, 1.149999999999999911, 0.1499999999999997724 ) ) ;
#320 = FILL_AREA_STYLE ('',( #2724 ) ) ;
#321 = EDGE_CURVE ( 'NONE', #793, #1180, #1612, .T. ) ;
#322 = VECTOR ( 'NONE', #2211, 1000.000000000000114 ) ;
#323 = VECTOR ( 'NONE', #2626, 1000.000000000000000 ) ;
#324 = ORIENTED_EDGE ( 'NONE', *, *, #119, .F. ) ;
#325 = EDGE_LOOP ( 'NONE', ( #2728, #784, #2926, #1324 ) ) ;
#326 = DIRECTION ( 'NONE',  ( -0.0000000000000000000, 0.0000000000000000000, 1.000000000000000000 ) ) ;
#327 = COLOUR_RGB ( '',0.7529411764705882248, 0.7529411764705882248, 0.7529411764705882248 ) ;
#328 = CARTESIAN_POINT ( 'NONE',  ( -0.1250000000000000000, 0.9258514289220316495, 0.1999999999999997891 ) ) ;
#329 =( GEOMETRIC_REPRESENTATION_CONTEXT ( 3 ) GLOBAL_UNCERTAINTY_ASSIGNED_CONTEXT ( ( #1281 ) ) GLOBAL_UNIT_ASSIGNED_CONTEXT ( ( #2616, #829, #479 ) ) REPRESENTATION_CONTEXT ( 'NONE', 'WORKASPACE' ) );
#330 = CARTESIAN_POINT ( 'NONE',  ( -0.9160254037844381969, -0.3944328211555319097, 0.09999999999999993616 ) ) ;
#331 = LINE ( 'NONE', #1302, #2947 ) ;
#332 = DIRECTION ( 'NONE',  ( 0.0000000000000000000, 1.000000000000000000, 0.0000000000000000000 ) ) ;
#333 = FILL_AREA_STYLE ('',( #1875 ) ) ;
#334 = AXIS2_PLACEMENT_3D ( 'NONE', #2449, #1837, #3324 ) ;
#335 = PRESENTATION_STYLE_ASSIGNMENT (( #3012 ) ) ;
#336 = ORIENTED_EDGE ( 'NONE', *, *, #2538, .F. ) ;
#337 = CARTESIAN_POINT ( 'NONE',  ( -0.5250000000000000222, -0.9258514289220319826, 0.1500000000000000500 ) ) ;
#338 = CARTESIAN_POINT ( 'NONE',  ( 0.5249999999999999112, -0.6250000000000000000, 0.5999999999999999778 ) ) ;
#339 = LINE ( 'NONE', #3335, #3739 ) ;
#340 = EDGE_CURVE ( 'NONE', #1781, #2706, #1352, .T. ) ;
#341 = EDGE_LOOP ( 'NONE', ( #1128, #2643, #3465, #182 ) ) ;
#342 = FILL_AREA_STYLE_COLOUR ( '', #1089 ) ;
#343 =( NAMED_UNIT ( * ) SI_UNIT ( $, .STERADIAN. ) SOLID_ANGLE_UNIT ( ) );
#344 = COLOUR_RGB ( '',0.1176470588235294101, 0.1176470588235294101, 0.1176470588235294101 ) ;
#345 = CARTESIAN_POINT ( 'NONE',  ( 0.7750000000000000222, 0.7274958814226984982, 0.1744055323118491874 ) ) ;
#346 = CIRCLE ( 'NONE', #33, 0.04999999999999994033 ) ;
#347 =( LENGTH_UNIT ( ) NAMED_UNIT ( * ) SI_UNIT ( .MILLI., .METRE. ) );
#348 = CARTESIAN_POINT ( 'NONE',  ( -0.1249999999999998890, 0.5848076211353316900, 0.7499999999999994449 ) ) ;
#349 = CARTESIAN_POINT ( 'NONE',  ( 0.7750000000000000222, 0.6286171723855393800, 0.5499999999999994893 ) ) ;
#350 = LINE ( 'NONE', #3360, #1058 ) ;
#351 = SURFACE_STYLE_FILL_AREA ( #986 ) ;
#352 = ORIENTED_EDGE ( 'NONE', *, *, #3708, .T. ) ;
#353 =( NAMED_UNIT ( * ) PLANE_ANGLE_UNIT ( ) SI_UNIT ( $, .RADIAN. ) );
#354 = DIRECTION ( 'NONE',  ( -0.0000000000000000000, 0.2588190451025213501, -0.9659258262890680902 ) ) ;
#355 = LINE ( 'NONE', #1569, #3671 ) ;
#356 =( NAMED_UNIT ( * ) PLANE_ANGLE_UNIT ( ) SI_UNIT ( $, .RADIAN. ) );
#357 = ORIENTED_EDGE ( 'NONE', *, *, #1328, .F. ) ;
#358 = ORIENTED_EDGE ( 'NONE', *, *, #1683, .F. ) ;
#359 = EDGE_CURVE ( 'NONE', #2298, #733, #3673, .T. ) ;
#360 = AXIS2_PLACEMENT_3D ( 'NONE', #1385, #2593, #473 ) ;
#361 = SURFACE_STYLE_FILL_AREA ( #2165 ) ;
#362 = VECTOR ( 'NONE', #1226, 1000.000000000000114 ) ;
#363 = DIRECTION ( 'NONE',  ( 0.0000000000000000000, -0.1279723384407591147, -0.9917777374966649795 ) ) ;
#364 = ADVANCED_FACE ( 'NONE', ( #1931 ), #3087, .T. ) ;
#365 = AXIS2_PLACEMENT_3D ( 'NONE', #3311, #3625, #930 ) ;
#366 = FILL_AREA_STYLE ('',( #1602 ) ) ;
#367 = SURFACE_SIDE_STYLE ('',( #20 ) ) ;
#368 = CARTESIAN_POINT ( 'NONE',  ( 0.1250000000000000000, 0.6286171723855390470, 0.5999999999999994227 ) ) ;
#369 = STYLED_ITEM ( 'NONE', ( #308 ), #3636 ) ;
#370 = ORIENTED_EDGE ( 'NONE', *, *, #1011, .T. ) ;
#371 = DIRECTION ( 'NONE',  ( 1.000000000000000000, 0.0000000000000000000, 0.0000000000000000000 ) ) ;
#372 = CARTESIAN_POINT ( 'NONE',  ( 0.7750000000000000222, -1.149999999999999911, -1.648112749638469543 ) ) ;
#373 = UNCERTAINTY_MEASURE_WITH_UNIT (LENGTH_MEASURE( 1.000000000000000082E-05 ), #1179, 'distance_accuracy_value', 'NONE');
#374 = AXIS2_PLACEMENT_3D ( 'NONE', #3042, #2482, #404 ) ;
#375 = LINE ( 'NONE', #58, #257 ) ;
#376 = VERTEX_POINT ( 'NONE', #2007 ) ;
#377 = VECTOR ( 'NONE', #3139, 1000.000000000000000 ) ;
#378 = EDGE_CURVE ( 'NONE', #2462, #2729, #2915, .T. ) ;
#379 = CARTESIAN_POINT ( 'NONE',  ( -0.7750000000000000222, 0.6286171723855390470, 0.5999999999999994227 ) ) ;
#380 = VERTEX_POINT ( 'NONE', #1388 ) ;
#381 = SURFACE_STYLE_FILL_AREA ( #2774 ) ;
#382 = CARTESIAN_POINT ( 'NONE',  ( 0.5250000000000000222, 0.9258514289220328708, -1.897353801849632760E-16 ) ) ;
#383 = VECTOR ( 'NONE', #1905, 1000.000000000000000 ) ;
#384 = EDGE_CURVE ( 'NONE', #144, #1368, #200, .T. ) ;
#385 = VECTOR ( 'NONE', #3028, 1000.000000000000000 ) ;
#386 = FACE_OUTER_BOUND ( 'NONE', #341, .T. ) ;
#387 = DIRECTION ( 'NONE',  ( 1.000000000000000000, 0.0000000000000000000, 0.0000000000000000000 ) ) ;
#388 = PLANE ( 'NONE',  #1108 ) ;
#389 = FILL_AREA_STYLE_COLOUR ( '', #3320 ) ;
#390 = STYLED_ITEM ( 'NONE', ( #1181 ), #797 ) ;
#391 = DIRECTION ( 'NONE',  ( 1.000000000000000000, 0.0000000000000000000, 0.0000000000000000000 ) ) ;
#392 = ORIENTED_EDGE ( 'NONE', *, *, #3213, .F. ) ;
#393 = CARTESIAN_POINT ( 'NONE',  ( -0.1250000000000000000, 0.9258514289220328708, -1.897353801849632760E-16 ) ) ;
#394 = DIRECTION ( 'NONE',  ( 0.0000000000000000000, 0.0000000000000000000, 1.000000000000000000 ) ) ;
#395 = CARTESIAN_POINT ( 'NONE',  ( 0.7750000000000000222, 1.149999999999999911, 0.1499999999999997724 ) ) ;
#396 = CARTESIAN_POINT ( 'NONE',  ( -0.7750000000000000222, 0.5500000000000000444, 0.7499999999999994449 ) ) ;
#397 = VECTOR ( 'NONE', #3161, 1000.000000000000000 ) ;
#398 = SURFACE_STYLE_FILL_AREA ( #702 ) ;
#399 = ORIENTED_EDGE ( 'NONE', *, *, #756, .F. ) ;
#400 = LINE ( 'NONE', #2180, #3571 ) ;
#401 = CARTESIAN_POINT ( 'NONE',  ( 0.7750000000000000222, 0.9258514289220328708, -1.897353801849632760E-16 ) ) ;
#402 = DIRECTION ( 'NONE',  ( -1.000000000000000000, 0.0000000000000000000, -0.0000000000000000000 ) ) ;
#403 = CARTESIAN_POINT ( 'NONE',  ( -0.7750000000000000222, 0.6250000000000000000, 0.5999999999999999778 ) ) ;
#404 = DIRECTION ( 'NONE',  ( 0.0000000000000000000, 1.000000000000000000, 1.379090775700468400E-15 ) ) ;
#405 = VECTOR ( 'NONE', #3142, 1000.000000000000000 ) ;
#406 = CARTESIAN_POINT ( 'NONE',  ( -0.5250000000000000222, 0.6286171723855390470, 0.5999999999999994227 ) ) ;
#407 = FACE_OUTER_BOUND ( 'NONE', #3456, .T. ) ;
#408 = FACE_OUTER_BOUND ( 'NONE', #1885, .T. ) ;
#409 = PLANE ( 'NONE',  #849 ) ;
#410 = COLOUR_RGB ( '',0.1176470588235294101, 0.1176470588235294101, 0.1176470588235294101 ) ;
#411 = DIRECTION ( 'NONE',  ( 0.2588190451025213501, 0.0000000000000000000, 0.9659258262890680902 ) ) ;
#412 = EDGE_CURVE ( 'NONE', #2127, #2102, #240, .T. ) ;
#413 = VERTEX_POINT ( 'NONE', #3446 ) ;
#414 = FILL_AREA_STYLE ('',( #2456 ) ) ;
#415 = FILL_AREA_STYLE_COLOUR ( '', #140 ) ;
#416 = EDGE_CURVE ( 'NONE', #1565, #1802, #1708, .T. ) ;
#417 = UNCERTAINTY_MEASURE_WITH_UNIT (LENGTH_MEASURE( 1.000000000000000082E-05 ), #3579, 'distance_accuracy_value', 'NONE');
#418 = CARTESIAN_POINT ( 'NONE',  ( 0.5250000000000000222, -1.149999999999999911, -1.648112749638469543 ) ) ;
#419 = ORIENTED_EDGE ( 'NONE', *, *, #2343, .F. ) ;
#420 = LINE ( 'NONE', #3151, #1642 ) ;
#421 = CARTESIAN_POINT ( 'NONE',  ( 0.7750000000000001332, -0.6250000000000000000, 0.5999999999999999778 ) ) ;
#422 = CARTESIAN_POINT ( 'NONE',  ( -1.050000000000000044, 0.6250000000000000000, 0.5999999999999999778 ) ) ;
#423 = VERTEX_POINT ( 'NONE', #1675 ) ;
#424 =( BOUNDED_CURVE ( )  B_SPLINE_CURVE ( 3, ( #2985, #1554, #2407, #953 ),
 .UNSPECIFIED., .F., .T. ) 
 B_SPLINE_CURVE_WITH_KNOTS ( ( 4, 4 ),
 ( 5.531305892884596176, 7.035064721474576288 ),
 .UNSPECIFIED. ) 
 CURVE ( )  GEOMETRIC_REPRESENTATION_ITEM ( )  RATIONAL_B_SPLINE_CURVE ( ( 1.000000000000000000, 0.8202709971758352925, 0.8202709971758352925, 1.000000000000000000 ) ) 
 REPRESENTATION_ITEM ( '' )  );
#425 =( LENGTH_UNIT ( ) NAMED_UNIT ( * ) SI_UNIT ( .MILLI., .METRE. ) );
#426 = LINE ( 'NONE', #754, #377 ) ;
#427 = SURFACE_STYLE_FILL_AREA ( #155 ) ;
#428 = DIRECTION ( 'NONE',  ( 1.000000000000000000, 0.0000000000000000000, 0.0000000000000000000 ) ) ;
#429 = DIRECTION ( 'NONE',  ( -0.9659258262890680902, 0.0000000000000000000, 0.2588190451025213501 ) ) ;
#430 = ADVANCED_FACE ( 'NONE', ( #1101 ), #1691, .T. ) ;
#431 = CARTESIAN_POINT ( 'NONE',  ( 0.8276300532574102364, 0.4026300532574104141, 1.043525608804101390 ) ) ;
#432 = ORIENTED_EDGE ( 'NONE', *, *, #1032, .F. ) ;
#433 = CYLINDRICAL_SURFACE ( 'NONE', #2877, 0.2000000000000000944 ) ;
#434 = FILL_AREA_STYLE ('',( #1947 ) ) ;
#435 = CARTESIAN_POINT ( 'NONE',  ( -0.7750000000000000222, -0.6782060592603725846, 0.5563986169220377365 ) ) ;
#436 = EDGE_CURVE ( 'NONE', #3215, #1289, #175, .T. ) ;
#437 = ORIENTED_EDGE ( 'NONE', *, *, #1798, .T. ) ;
#438 = DIRECTION ( 'NONE',  ( 1.000000000000000000, -0.0000000000000000000, 0.0000000000000000000 ) ) ;
#439 =( NAMED_UNIT ( * ) PLANE_ANGLE_UNIT ( ) SI_UNIT ( $, .RADIAN. ) );
#440 = COLOUR_RGB ( '',0.7529411764705882248, 0.7529411764705882248, 0.7529411764705882248 ) ;
#441 = COLOUR_RGB ( '',0.7529411764705882248, 0.7529411764705882248, 0.7529411764705882248 ) ;
#442 = AXIS2_PLACEMENT_3D ( 'NONE', #684, #1886, #3056 ) ;
#443 = CIRCLE ( 'NONE', #3633, 0.1999999999999999833 ) ;
#444 = UNCERTAINTY_MEASURE_WITH_UNIT (LENGTH_MEASURE( 1.000000000000000082E-05 ), #78, 'distance_accuracy_value', 'NONE');
#445 = PRESENTATION_LAYER_ASSIGNMENT (  '', '', ( #3315 ) ) ;
#446 = STYLED_ITEM ( 'NONE', ( #311 ), #3344 ) ;
#447 = FACE_OUTER_BOUND ( 'NONE', #325, .T. ) ;
#448 = PLANE ( 'NONE',  #2451 ) ;
#449 = SURFACE_STYLE_FILL_AREA ( #739 ) ;
#450 = DIRECTION ( 'NONE',  ( 0.0000000000000000000, -0.9917777374966650905, 0.1279723384407591147 ) ) ;
#451 = PRESENTATION_STYLE_ASSIGNMENT (( #1059 ) ) ;
#452 =( GEOMETRIC_REPRESENTATION_CONTEXT ( 3 ) GLOBAL_UNCERTAINTY_ASSIGNED_CONTEXT ( ( #252 ) ) GLOBAL_UNIT_ASSIGNED_CONTEXT ( ( #1229, #2734, #942 ) ) REPRESENTATION_CONTEXT ( 'NONE', 'WORKASPACE' ) );
#453 = MECHANICAL_DESIGN_GEOMETRIC_PRESENTATION_REPRESENTATION (  '', ( #3198 ), #2340 ) ;
#454 = DIRECTION ( 'NONE',  ( 0.0000000000000000000, 0.0000000000000000000, -1.000000000000000000 ) ) ;
#455 = ORIENTED_EDGE ( 'NONE', *, *, #541, .F. ) ;
#456 = CARTESIAN_POINT ( 'NONE',  ( -0.1250000000000000000, 1.149999999999999911, 0.1499999999999997724 ) ) ;
#457 = DIRECTION ( 'NONE',  ( -1.000000000000000000, 0.0000000000000000000, -0.0000000000000000000 ) ) ;
#458 = MECHANICAL_DESIGN_GEOMETRIC_PRESENTATION_REPRESENTATION (  '', ( #3328 ), #3696 ) ;
#459 = UNCERTAINTY_MEASURE_WITH_UNIT (LENGTH_MEASURE( 1.000000000000000082E-05 ), #2590, 'distance_accuracy_value', 'NONE');
#460 = EDGE_CURVE ( 'NONE', #2116, #3515, #161, .T. ) ;
#461 = PRESENTATION_LAYER_ASSIGNMENT (  '', '', ( #855 ) ) ;
#462 = SURFACE_STYLE_USAGE ( .BOTH. , #3127 ) ;
#463 = ORIENTED_EDGE ( 'NONE', *, *, #3450, .F. ) ;
#464 = LINE ( 'NONE', #82, #1778 ) ;
#465 = PRESENTATION_STYLE_ASSIGNMENT (( #2881 ) ) ;
#466 = CIRCLE ( 'NONE', #1925, 0.04999999999999991257 ) ;
#467 = ADVANCED_FACE ( 'NONE', ( #2267 ), #3247, .F. ) ;
#468 = VERTEX_POINT ( 'NONE', #1581 ) ;
#469 = LINE ( 'NONE', #1682, #2324 ) ;
#470 = CARTESIAN_POINT ( 'NONE',  ( -0.7750000000000000222, 1.149999999999999911, 0.1499999999999997724 ) ) ;
#471 = SURFACE_SIDE_STYLE ('',( #3266 ) ) ;
#472 = CARTESIAN_POINT ( 'NONE',  ( 0.5250000000000000222, 0.6286171723855393800, 0.5499999999999994893 ) ) ;
#473 = DIRECTION ( 'NONE',  ( 0.0000000000000000000, 0.0000000000000000000, 1.000000000000000000 ) ) ;
#474 = ORIENTED_EDGE ( 'NONE', *, *, #3326, .T. ) ;
#475 = CARTESIAN_POINT ( 'NONE',  ( 0.5250000000000000222, 0.9258514289220316495, 0.1999999999999997891 ) ) ;
#476 = VECTOR ( 'NONE', #502, 1000.000000000000000 ) ;
#477 =( NAMED_UNIT ( * ) SI_UNIT ( $, .STERADIAN. ) SOLID_ANGLE_UNIT ( ) );
#478 = VERTEX_POINT ( 'NONE', #51 ) ;
#479 =( NAMED_UNIT ( * ) SI_UNIT ( $, .STERADIAN. ) SOLID_ANGLE_UNIT ( ) );
#480 =( NAMED_UNIT ( * ) PLANE_ANGLE_UNIT ( ) SI_UNIT ( $, .RADIAN. ) );
#481 = DIRECTION ( 'NONE',  ( -1.000000000000000000, -0.0000000000000000000, 0.0000000000000000000 ) ) ;
#482 = CARTESIAN_POINT ( 'NONE',  ( 0.5250000000000000222, 0.8269727198848726424, 0.5755944676881500355 ) ) ;
#483 = ORIENTED_EDGE ( 'NONE', *, *, #3158, .F. ) ;
#484 = VERTEX_POINT ( 'NONE', #3619 ) ;
#485 = EDGE_CURVE ( 'NONE', #3200, #1909, #3403, .T. ) ;
#486 =( NAMED_UNIT ( * ) PLANE_ANGLE_UNIT ( ) SI_UNIT ( $, .RADIAN. ) );
#487 = EDGE_CURVE ( 'NONE', #3789, #3544, #1595, .T. ) ;
#488 = LINE ( 'NONE', #2866, #3763 ) ;
#489 = LINE ( 'NONE', #2073, #1906 ) ;
#490 =( NAMED_UNIT ( * ) SI_UNIT ( $, .STERADIAN. ) SOLID_ANGLE_UNIT ( ) );
#491 = LINE ( 'NONE', #2018, #2160 ) ;
#492 = CIRCLE ( 'NONE', #360, 0.1999999999999999556 ) ;
#493 =( NAMED_UNIT ( * ) PLANE_ANGLE_UNIT ( ) SI_UNIT ( $, .RADIAN. ) );
#494 = ORIENTED_EDGE ( 'NONE', *, *, #378, .T. ) ;
#495 = FACE_OUTER_BOUND ( 'NONE', #993, .T. ) ;
#496 = SURFACE_STYLE_USAGE ( .BOTH. , #3803 ) ;
#497 = CARTESIAN_POINT ( 'NONE',  ( 0.7750000000000000222, 0.6286171723855393800, 0.5499999999999994893 ) ) ;
#498 = SURFACE_STYLE_FILL_AREA ( #3484 ) ;
#499 = ORIENTED_EDGE ( 'NONE', *, *, #1004, .T. ) ;
#500 = SURFACE_STYLE_FILL_AREA ( #2582 ) ;
#501 =( LENGTH_UNIT ( ) NAMED_UNIT ( * ) SI_UNIT ( .MILLI., .METRE. ) );
#502 = DIRECTION ( 'NONE',  ( 1.000000000000000000, 0.0000000000000000000, 0.0000000000000000000 ) ) ;
#503 = FILL_AREA_STYLE ('',( #1069 ) ) ;
#504 = ORIENTED_EDGE ( 'NONE', *, *, #1442, .T. ) ;
#505 = ORIENTED_EDGE ( 'NONE', *, *, #1817, .T. ) ;
#506 =( GEOMETRIC_REPRESENTATION_CONTEXT ( 3 ) GLOBAL_UNCERTAINTY_ASSIGNED_CONTEXT ( ( #746 ) ) GLOBAL_UNIT_ASSIGNED_CONTEXT ( ( #3628, #1330, #477 ) ) REPRESENTATION_CONTEXT ( 'NONE', 'WORKASPACE' ) );
#507 = AXIS2_PLACEMENT_3D ( 'NONE', #2356, #3538, #2369 ) ;
#508 =( LENGTH_UNIT ( ) NAMED_UNIT ( * ) SI_UNIT ( .MILLI., .METRE. ) );
#509 = EDGE_CURVE ( 'NONE', #1337, #3692, #2040, .T. ) ;
#510 = VECTOR ( 'NONE', #2842, 1000.000000000000000 ) ;
#511 = DIRECTION ( 'NONE',  ( 0.0000000000000000000, 2.168404344971009184E-14, -1.000000000000000000 ) ) ;
#512 = COLOUR_RGB ( '',0.7529411764705882248, 0.7529411764705882248, 0.7529411764705882248 ) ;
#513 = CARTESIAN_POINT ( 'NONE',  ( -0.5250000000000000222, 0.9258514289220320936, 0.1499999999999997724 ) ) ;
#514 =( NAMED_UNIT ( * ) PLANE_ANGLE_UNIT ( ) SI_UNIT ( $, .RADIAN. ) );
#515 = EDGE_CURVE ( 'NONE', #1237, #2306, #3325, .T. ) ;
#516 = MECHANICAL_DESIGN_GEOMETRIC_PRESENTATION_REPRESENTATION (  '', ( #3255 ), #1402 ) ;
#517 = VERTEX_POINT ( 'NONE', #368 ) ;
#518 = DIRECTION ( 'NONE',  ( -1.000000000000000000, -0.0000000000000000000, -0.0000000000000000000 ) ) ;
#519 = SURFACE_SIDE_STYLE ('',( #1451 ) ) ;
#520 = VECTOR ( 'NONE', #2317, 1000.000000000000114 ) ;
#521 = MECHANICAL_DESIGN_GEOMETRIC_PRESENTATION_REPRESENTATION (  '', ( #2767 ), #2100 ) ;
#522 = CARTESIAN_POINT ( 'NONE',  ( -0.1250000000000000000, 0.6286171723855382698, 0.7499999999999995559 ) ) ;
#523 = ORIENTED_EDGE ( 'NONE', *, *, #1192, .T. ) ;
#524 = VECTOR ( 'NONE', #1557, 1000.000000000000000 ) ;
#525 = FILL_AREA_STYLE ('',( #2203 ) ) ;
#526 = DIRECTION ( 'NONE',  ( 0.0000000000000000000, 0.0000000000000000000, -1.000000000000000000 ) ) ;
#527 = SURFACE_STYLE_FILL_AREA ( #2279 ) ;
#528 = EDGE_LOOP ( 'NONE', ( #587, #3855, #2641, #2878, #3273, #2559, #357, #987, #2686, #3356, #159, #925 ) ) ;
#529 = ORIENTED_EDGE ( 'NONE', *, *, #3708, .F. ) ;
#530 = DIRECTION ( 'NONE',  ( 0.0000000000000000000, 0.0000000000000000000, -1.000000000000000000 ) ) ;
#531 = CIRCLE ( 'NONE', #3651, 0.1999999999999999556 ) ;
#532 = CARTESIAN_POINT ( 'NONE',  ( -0.8194328211555312880, -0.4910254037844383745, 0.09999999999999993616 ) ) ;
#533 = FILL_AREA_STYLE ('',( #553 ) ) ;
#534 = VERTEX_POINT ( 'NONE', #2738 ) ;
#535 = SURFACE_STYLE_FILL_AREA ( #261 ) ;
#536 = CARTESIAN_POINT ( 'NONE',  ( 0.5250000000000000222, 0.7274958814226984982, 0.1744055323118491874 ) ) ;
#537 = EDGE_CURVE ( 'NONE', #4, #2487, #2467, .T. ) ;
#538 = AXIS2_PLACEMENT_3D ( 'NONE', #2132, #655, #2717 ) ;
#539 = ORIENTED_EDGE ( 'NONE', *, *, #3299, .F. ) ;
#540 = STYLED_ITEM ( 'NONE', ( #1806 ), #2474 ) ;
#541 = EDGE_CURVE ( 'NONE', #2621, #2306, #1002, .T. ) ;
#542 = FILL_AREA_STYLE_COLOUR ( '', #3424 ) ;
#543 = CARTESIAN_POINT ( 'NONE',  ( 0.7750000000000000222, -0.9258514289220316495, 0.2000000000000000111 ) ) ;
#544 = AXIS2_PLACEMENT_3D ( 'NONE', #3099, #429, #411 ) ;
#545 = VECTOR ( 'NONE', #2201, 1000.000000000000000 ) ;
#546 = CARTESIAN_POINT ( 'NONE',  ( 0.5250000000000000222, -0.8762625420471985560, 0.1936013830779624301 ) ) ;
#547 = ORIENTED_EDGE ( 'NONE', *, *, #2993, .T. ) ;
#548 = ORIENTED_EDGE ( 'NONE', *, *, #2664, .F. ) ;
#549 = CARTESIAN_POINT ( 'NONE',  ( -0.5249999999999999112, 0.6250000000000001110, 0.5999999999999994227 ) ) ;
#550 = PLANE ( 'NONE',  #581 ) ;
#551 = SURFACE_STYLE_FILL_AREA ( #3205 ) ;
#552 = CARTESIAN_POINT ( 'NONE',  ( -0.7750000000000000222, -1.149999999999999911, -1.648112749638469543 ) ) ;
#553 = FILL_AREA_STYLE_COLOUR ( '', #2782 ) ;
#554 = ORIENTED_EDGE ( 'NONE', *, *, #3055, .T. ) ;
#555 = PLANE ( 'NONE',  #1206 ) ;
#556 =( BOUNDED_CURVE ( )  B_SPLINE_CURVE ( 3, ( #48, #2447, #2483, #3639 ),
 .UNSPECIFIED., .F., .T. ) 
 B_SPLINE_CURVE_WITH_KNOTS ( ( 4, 4 ),
 ( 5.531305892884600617, 7.035064721474570959 ),
 .UNSPECIFIED. ) 
 CURVE ( )  GEOMETRIC_REPRESENTATION_ITEM ( )  RATIONAL_B_SPLINE_CURVE ( ( 1.000000000000000000, 0.8202709971758374019, 0.8202709971758374019, 1.000000000000000000 ) ) 
 REPRESENTATION_ITEM ( '' )  );
#557 =( GEOMETRIC_REPRESENTATION_CONTEXT ( 3 ) GLOBAL_UNCERTAINTY_ASSIGNED_CONTEXT ( ( #1932 ) ) GLOBAL_UNIT_ASSIGNED_CONTEXT ( ( #1079, #1704, #216 ) ) REPRESENTATION_CONTEXT ( 'NONE', 'WORKASPACE' ) );
#558 = ADVANCED_FACE ( 'NONE', ( #981 ), #2188, .F. ) ;
#559 = VECTOR ( 'NONE', #3393, 1000.000000000000000 ) ;
#560 = DIRECTION ( 'NONE',  ( 0.0000000000000000000, 1.000000000000000000, 1.379090775700468400E-15 ) ) ;
#561 = ORIENTED_EDGE ( 'NONE', *, *, #1887, .F. ) ;
#562 = DIRECTION ( 'NONE',  ( -0.0000000000000000000, 0.0000000000000000000, 1.000000000000000000 ) ) ;
#563 = FILL_AREA_STYLE_COLOUR ( '', #1403 ) ;
#564 =( LENGTH_UNIT ( ) NAMED_UNIT ( * ) SI_UNIT ( .MILLI., .METRE. ) );
#565 = CARTESIAN_POINT ( 'NONE',  ( 1.010747694781573669, 0.6250000000000000000, 0.5999999999999995337 ) ) ;
#566 = CIRCLE ( 'NONE', #2079, 0.2000000000000000944 ) ;
#567 = ADVANCED_FACE ( 'NONE', ( #1895 ), #409, .F. ) ;
#568 = ORIENTED_EDGE ( 'NONE', *, *, #515, .T. ) ;
#569 = UNCERTAINTY_MEASURE_WITH_UNIT (LENGTH_MEASURE( 1.000000000000000082E-05 ), #2344, 'distance_accuracy_value', 'NONE');
#570 = DIRECTION ( 'NONE',  ( 1.000000000000000000, 0.0000000000000000000, 0.0000000000000000000 ) ) ;
#571 = PRESENTATION_LAYER_ASSIGNMENT (  '', '', ( #1147 ) ) ;
#572 = MECHANICAL_DESIGN_GEOMETRIC_PRESENTATION_REPRESENTATION (  '', ( #8 ), #1027 ) ;
#573 = PRESENTATION_STYLE_ASSIGNMENT (( #1175 ) ) ;
#574 = ORIENTED_EDGE ( 'NONE', *, *, #3794, .T. ) ;
#575 = CARTESIAN_POINT ( 'NONE',  ( -1.050000000000000266, -0.5857476947815739576, 0.5999999999999995337 ) ) ;
#576 = DIRECTION ( 'NONE',  ( 1.000000000000000000, 0.0000000000000000000, 0.0000000000000000000 ) ) ;
#577 =( GEOMETRIC_REPRESENTATION_CONTEXT ( 3 ) GLOBAL_UNCERTAINTY_ASSIGNED_CONTEXT ( ( #2408 ) ) GLOBAL_UNIT_ASSIGNED_CONTEXT ( ( #347, #613, #944 ) ) REPRESENTATION_CONTEXT ( 'NONE', 'WORKASPACE' ) );
#578 = AXIS2_PLACEMENT_3D ( 'NONE', #2805, #438, #1296 ) ;
#579 =( BOUNDED_CURVE ( )  B_SPLINE_CURVE ( 3, ( #3333, #3016, #636, #1845 ),
 .UNSPECIFIED., .F., .T. ) 
 B_SPLINE_CURVE_WITH_KNOTS ( ( 4, 4 ),
 ( 5.531305892884601505, 7.035064721474576288 ),
 .UNSPECIFIED. ) 
 CURVE ( )  GEOMETRIC_REPRESENTATION_ITEM ( )  RATIONAL_B_SPLINE_CURVE ( ( 1.000000000000000000, 0.8202709971758365137, 0.8202709971758365137, 1.000000000000000000 ) ) 
 REPRESENTATION_ITEM ( '' )  );
#580 = ORIENTED_EDGE ( 'NONE', *, *, #3207, .T. ) ;
#581 = AXIS2_PLACEMENT_3D ( 'NONE', #1488, #2665, #2367 ) ;
#582 = DIRECTION ( 'NONE',  ( -1.000000000000000000, -0.0000000000000000000, -0.0000000000000000000 ) ) ;
#583 =( NAMED_UNIT ( * ) SI_UNIT ( $, .STERADIAN. ) SOLID_ANGLE_UNIT ( ) );
#584 = CARTESIAN_POINT ( 'NONE',  ( -0.7750000000000000222, 2.773217721561970766E-16, 8.948970312578765779E-17 ) ) ;
#585 = EDGE_CURVE ( 'NONE', #3200, #1423, #3201, .T. ) ;
#586 = VECTOR ( 'NONE', #3101, 1000.000000000000000 ) ;
#587 = ORIENTED_EDGE ( 'NONE', *, *, #1967, .F. ) ;
#588 = ORIENTED_EDGE ( 'NONE', *, *, #1258, .T. ) ;
#589 = EDGE_CURVE ( 'NONE', #2713, #1681, #491, .T. ) ;
#590 =( GEOMETRIC_REPRESENTATION_CONTEXT ( 3 ) GLOBAL_UNCERTAINTY_ASSIGNED_CONTEXT ( ( #1130 ) ) GLOBAL_UNIT_ASSIGNED_CONTEXT ( ( #2574, #196, #2307 ) ) REPRESENTATION_CONTEXT ( 'NONE', 'WORKASPACE' ) );
#591 = CARTESIAN_POINT ( 'NONE',  ( 0.5250000000000000222, 0.6286171723855382698, 0.7499999999999995559 ) ) ;
#592 =( LENGTH_UNIT ( ) NAMED_UNIT ( * ) SI_UNIT ( .MILLI., .METRE. ) );
#593 = SURFACE_STYLE_USAGE ( .BOTH. , #3854 ) ;
#594 = EDGE_LOOP ( 'NONE', ( #1677, #2771, #3828, #1520 ) ) ;
#595 = DIRECTION ( 'NONE',  ( -0.0000000000000000000, 1.379090775700468400E-15, 1.000000000000000000 ) ) ;
#596 = SURFACE_SIDE_STYLE ('',( #2375 ) ) ;
#597 = ORIENTED_EDGE ( 'NONE', *, *, #867, .T. ) ;
#598 = CARTESIAN_POINT ( 'NONE',  ( -0.7750000000000000222, -0.6286171723855392690, 0.5500000000000000444 ) ) ;
#599 =( LENGTH_UNIT ( ) NAMED_UNIT ( * ) SI_UNIT ( .MILLI., .METRE. ) );
#600 = DIRECTION ( 'NONE',  ( 0.0000000000000000000, 0.1279723384407591424, -0.9917777374966649795 ) ) ;
#601 = PLANE ( 'NONE',  #1134 ) ;
#602 = VECTOR ( 'NONE', #193, 1000.000000000000000 ) ;
#603 = ORIENTED_EDGE ( 'NONE', *, *, #2243, .T. ) ;
#604 = VERTEX_POINT ( 'NONE', #3462 ) ;
#605 = VECTOR ( 'NONE', #1669, 1000.000000000000000 ) ;
#606 = CARTESIAN_POINT ( 'NONE',  ( 0.1250000000000000000, 1.149999999999999911, -1.084202172485504434E-16 ) ) ;
#607 = UNCERTAINTY_MEASURE_WITH_UNIT (LENGTH_MEASURE( 1.000000000000000082E-05 ), #734, 'distance_accuracy_value', 'NONE');
#608 = EDGE_CURVE ( 'NONE', #1270, #2506, #3497, .T. ) ;
#609 = DIRECTION ( 'NONE',  ( 0.0000000000000000000, 0.0000000000000000000, -1.000000000000000000 ) ) ;
#610 = ADVANCED_FACE ( 'NONE', ( #1077 ), #2887, .F. ) ;
#611 = CARTESIAN_POINT ( 'NONE',  ( 0.5250000000000000222, 0.8269727198848726424, 0.5755944676881500355 ) ) ;
#612 = ORIENTED_EDGE ( 'NONE', *, *, #3400, .T. ) ;
#613 =( NAMED_UNIT ( * ) PLANE_ANGLE_UNIT ( ) SI_UNIT ( $, .RADIAN. ) );
#614 = DIRECTION ( 'NONE',  ( 0.0000000000000000000, 0.0000000000000000000, 1.000000000000000000 ) ) ;
#615 = SURFACE_STYLE_USAGE ( .BOTH. , #596 ) ;
#616 = ORIENTED_EDGE ( 'NONE', *, *, #883, .T. ) ;
#617 = CARTESIAN_POINT ( 'NONE',  ( -0.7750000000000000222, -0.6286171723855393800, 0.5500000000000000444 ) ) ;
#618 = DIRECTION ( 'NONE',  ( 1.000000000000000000, -0.0000000000000000000, -0.0000000000000000000 ) ) ;
#619 = DIRECTION ( 'NONE',  ( -0.0000000000000000000, -0.2588190451025213501, -0.9659258262890680902 ) ) ;
#620 = EDGE_LOOP ( 'NONE', ( #1879, #3000, #2013, #870 ) ) ;
#621 = ORIENTED_EDGE ( 'NONE', *, *, #170, .T. ) ;
#622 = SURFACE_STYLE_USAGE ( .BOTH. , #3338 ) ;
#623 = FILL_AREA_STYLE_COLOUR ( '', #2161 ) ;
#624 = DIRECTION ( 'NONE',  ( 0.0000000000000000000, -1.000000000000000000, 0.0000000000000000000 ) ) ;
#625 =( NAMED_UNIT ( * ) SI_UNIT ( $, .STERADIAN. ) SOLID_ANGLE_UNIT ( ) );
#626 = ADVANCED_FACE ( 'NONE', ( #2041 ), #3780, .T. ) ;
#627 = ORIENTED_EDGE ( 'NONE', *, *, #3039, .F. ) ;
#628 = LINE ( 'NONE', #1836, #2154 ) ;
#629 = LINE ( 'NONE', #1859, #2347 ) ;
#630 = VECTOR ( 'NONE', #16, 1000.000000000000000 ) ;
#631 = ADVANCED_FACE ( 'NONE', ( #897 ), #3668, .T. ) ;
#632 = MECHANICAL_DESIGN_GEOMETRIC_PRESENTATION_REPRESENTATION (  '', ( #3681 ), #1833 ) ;
#633 = MECHANICAL_DESIGN_GEOMETRIC_PRESENTATION_REPRESENTATION (  '', ( #62 ), #1652 ) ;
#634 = EDGE_LOOP ( 'NONE', ( #1127, #2126, #2954, #2678 ) ) ;
#635 = DIRECTION ( 'NONE',  ( 0.0000000000000000000, 1.000000000000000000, 0.0000000000000000000 ) ) ;
#636 = CARTESIAN_POINT ( 'NONE',  ( 0.9035680178091239911, 0.5178203230275509883, 1.000000000000000000 ) ) ;
#637 = LINE ( 'NONE', #56, #1509 ) ;
#638 = AXIS2_PLACEMENT_3D ( 'NONE', #475, #1672, #722 ) ;
#639 = VECTOR ( 'NONE', #664, 1000.000000000000000 ) ;
#640 = STYLED_ITEM ( 'NONE', ( #1700 ), #3494 ) ;
#641 = FILL_AREA_STYLE_COLOUR ( '', #1966 ) ;
#642 = VERTEX_POINT ( 'NONE', #1225 ) ;
#643 = VECTOR ( 'NONE', #826, 1000.000000000000000 ) ;
#644 = ORIENTED_EDGE ( 'NONE', *, *, #2067, .T. ) ;
#645 = SURFACE_SIDE_STYLE ('',( #937 ) ) ;
#646 = CIRCLE ( 'NONE', #2826, 0.04999999999999991257 ) ;
#647 = MECHANICAL_DESIGN_GEOMETRIC_PRESENTATION_REPRESENTATION (  '', ( #914 ), #1411 ) ;
#648 =( GEOMETRIC_REPRESENTATION_CONTEXT ( 3 ) GLOBAL_UNCERTAINTY_ASSIGNED_CONTEXT ( ( #148 ) ) GLOBAL_UNIT_ASSIGNED_CONTEXT ( ( #2918, #2398, #3646 ) ) REPRESENTATION_CONTEXT ( 'NONE', 'WORKASPACE' ) );
#649 = DIRECTION ( 'NONE',  ( 0.0000000000000000000, 0.0000000000000000000, -1.000000000000000000 ) ) ;
#650 = FILL_AREA_STYLE ('',( #3262 ) ) ;
#651 = COLOUR_RGB ( '',0.7529411764705882248, 0.7529411764705882248, 0.7529411764705882248 ) ;
#652 = SURFACE_STYLE_USAGE ( .BOTH. , #68 ) ;
#653 = UNCERTAINTY_MEASURE_WITH_UNIT (LENGTH_MEASURE( 1.000000000000000082E-05 ), #1542, 'distance_accuracy_value', 'NONE');
#654 = VECTOR ( 'NONE', #2377, 1000.000000000000000 ) ;
#655 = DIRECTION ( 'NONE',  ( 1.000000000000000000, 0.0000000000000000000, 0.0000000000000000000 ) ) ;
#656 = CARTESIAN_POINT ( 'NONE',  ( 0.8276300532574104585, 0.4992226358863172675, 0.1305924866856464361 ) ) ;
#657 = CYLINDRICAL_SURFACE ( 'NONE', #334, 0.04999999999999994033 ) ;
#658 = SURFACE_SIDE_STYLE ('',( #1266 ) ) ;
#659 = VECTOR ( 'NONE', #1017, 1000.000000000000000 ) ;
#660 = EDGE_CURVE ( 'NONE', #758, #1417, #3772, .T. ) ;
#661 = ORIENTED_EDGE ( 'NONE', *, *, #1767, .F. ) ;
#662 = DIRECTION ( 'NONE',  ( 0.0000000000000000000, 0.0000000000000000000, -1.000000000000000000 ) ) ;
#663 = CARTESIAN_POINT ( 'NONE',  ( -0.1250000000000000000, 0.9258514289220316495, 0.1999999999999997891 ) ) ;
#664 = DIRECTION ( 'NONE',  ( 0.0000000000000000000, 0.0000000000000000000, -1.000000000000000000 ) ) ;
#665 = DIRECTION ( 'NONE',  ( 0.0000000000000000000, 0.1279723384407591424, -0.9917777374966649795 ) ) ;
#666 = EDGE_CURVE ( 'NONE', #1730, #2857, #2113, .T. ) ;
#667 = LINE ( 'NONE', #2727, #1395 ) ;
#668 = ORIENTED_EDGE ( 'NONE', *, *, #2748, .F. ) ;
#669 = AXIS2_PLACEMENT_3D ( 'NONE', #611, #259, #2668 ) ;
#670 = SURFACE_STYLE_USAGE ( .BOTH. , #2240 ) ;
#671 = DIRECTION ( 'NONE',  ( 0.0000000000000000000, -0.1279723384407590592, -0.9917777374966649795 ) ) ;
#672 = PRESENTATION_LAYER_ASSIGNMENT (  '', '', ( #2358 ) ) ;
#673 = DIRECTION ( 'NONE',  ( 0.0000000000000000000, 0.0000000000000000000, -1.000000000000000000 ) ) ;
#674 = CARTESIAN_POINT ( 'NONE',  ( -0.7750000000000000222, -0.6286171723855381588, 0.7499999999999998890 ) ) ;
#675 =( NAMED_UNIT ( * ) SI_UNIT ( $, .STERADIAN. ) SOLID_ANGLE_UNIT ( ) );
#676 =( NAMED_UNIT ( * ) SI_UNIT ( $, .STERADIAN. ) SOLID_ANGLE_UNIT ( ) );
#677 = ORIENTED_EDGE ( 'NONE', *, *, #819, .F. ) ;
#678 = CARTESIAN_POINT ( 'NONE',  ( -0.5250000000000000222, 0.6286171723855393800, 0.5499999999999994893 ) ) ;
#679 = DIRECTION ( 'NONE',  ( -1.000000000000000000, -0.0000000000000000000, 0.0000000000000000000 ) ) ;
#680 =( NAMED_UNIT ( * ) SI_UNIT ( $, .STERADIAN. ) SOLID_ANGLE_UNIT ( ) );
#681 = EDGE_CURVE ( 'NONE', #1842, #3202, #2410, .T. ) ;
#682 = SURFACE_SIDE_STYLE ('',( #120 ) ) ;
#683 = ORIENTED_EDGE ( 'NONE', *, *, #2802, .T. ) ;
#684 = CARTESIAN_POINT ( 'NONE',  ( 0.5250000000000000222, 1.878320690304093942E-16, 0.0000000000000000000 ) ) ;
#685 = ADVANCED_FACE ( 'NONE', ( #3614 ), #1299, .F. ) ;
#686 = AXIS2_PLACEMENT_3D ( 'NONE', #431, #1367, #1061 ) ;
#687 =( LENGTH_UNIT ( ) NAMED_UNIT ( * ) SI_UNIT ( .MILLI., .METRE. ) );
#688 = EDGE_LOOP ( 'NONE', ( #3220, #1634, #1741, #751 ) ) ;
#689 = CARTESIAN_POINT ( 'NONE',  ( -0.5250000000000000222, 0.8269727198848726424, 0.5755944676881500355 ) ) ;
#690 =( NAMED_UNIT ( * ) PLANE_ANGLE_UNIT ( ) SI_UNIT ( $, .RADIAN. ) );
#691 = CARTESIAN_POINT ( 'NONE',  ( -1.050000000000000044, 0.6250000000000000000, 0.5999999999999999778 ) ) ;
#692 = DIRECTION ( 'NONE',  ( 0.0000000000000000000, 0.0000000000000000000, -1.000000000000000000 ) ) ;
#693 = CARTESIAN_POINT ( 'NONE',  ( -0.5250000000000000222, 1.149999999999999911, -1.084202172485504434E-16 ) ) ;
#694 = ORIENTED_EDGE ( 'NONE', *, *, #2733, .T. ) ;
#695 = FACE_OUTER_BOUND ( 'NONE', #880, .T. ) ;
#696 = AXIS2_PLACEMENT_3D ( 'NONE', #1401, #2300, #3419 ) ;
#697 = CARTESIAN_POINT ( 'NONE',  ( 0.9160254037844383079, -0.4517730985660119991, 0.09999999999999995004 ) ) ;
#698 = CARTESIAN_POINT ( 'NONE',  ( 0.8276300532574102364, -0.4026300532574104141, 0.1564743911958985656 ) ) ;
#699 = DIRECTION ( 'NONE',  ( 0.0000000000000000000, 1.000000000000000000, 0.0000000000000000000 ) ) ;
#700 = AXIS2_PLACEMENT_3D ( 'NONE', #3475, #2332, #3154 ) ;
#701 = VECTOR ( 'NONE', #2886, 1000.000000000000114 ) ;
#702 = FILL_AREA_STYLE ('',( #727 ) ) ;
#704 = ORIENTED_EDGE ( 'NONE', *, *, #2409, .T. ) ;
#703 =( GEOMETRIC_REPRESENTATION_CONTEXT ( 3 ) GLOBAL_UNCERTAINTY_ASSIGNED_CONTEXT ( ( #13 ) ) GLOBAL_UNIT_ASSIGNED_CONTEXT ( ( #1413, #3802, #844 ) ) REPRESENTATION_CONTEXT ( 'NONE', 'WORKASPACE' ) );
#705 = FILL_AREA_STYLE_COLOUR ( '', #3819 ) ;
#706 = EDGE_CURVE ( 'NONE', #3774, #2454, #1856, .T. ) ;
#707 =( LENGTH_UNIT ( ) NAMED_UNIT ( * ) SI_UNIT ( .MILLI., .METRE. ) );
#708 = AXIS2_PLACEMENT_3D ( 'NONE', #1893, #2812, #3065 ) ;
#709 = STYLED_ITEM ( 'NONE', ( #2631 ), #430 ) ;
#710 = LINE ( 'NONE', #379, #1435 ) ;
#711 = ORIENTED_EDGE ( 'NONE', *, *, #2296, .T. ) ;
#712 = EDGE_CURVE ( 'NONE', #793, #3544, #2986, .T. ) ;
#713 = FACE_OUTER_BOUND ( 'NONE', #3805, .T. ) ;
#714 = DIRECTION ( 'NONE',  ( 0.0000000000000000000, -0.9917777374966650905, 0.1279723384407590869 ) ) ;
#715 = CARTESIAN_POINT ( 'NONE',  ( 0.5250000000000000222, 0.9258514289220320936, 0.1499999999999997724 ) ) ;
#716 = LINE ( 'NONE', #980, #2522 ) ;
#717 = FILL_AREA_STYLE_COLOUR ( '', #3826 ) ;
#718 = CARTESIAN_POINT ( 'NONE',  ( -0.7750000000000000222, 2.773217721561970766E-16, 0.7499999999999998890 ) ) ;
#719 = VECTOR ( 'NONE', #3023, 1000.000000000000000 ) ;
#720 = LINE ( 'NONE', #1927, #2556 ) ;
#721 = ORIENTED_EDGE ( 'NONE', *, *, #3599, .T. ) ;
#722 = DIRECTION ( 'NONE',  ( 0.0000000000000000000, 0.0000000000000000000, -1.000000000000000000 ) ) ;
#723 = LINE ( 'NONE', #1930, #21 ) ;
#724 = DIRECTION ( 'NONE',  ( 1.000000000000000000, -0.0000000000000000000, -0.0000000000000000000 ) ) ;
#725 = FILL_AREA_STYLE ('',( #3447 ) ) ;
#726 = PRESENTATION_LAYER_ASSIGNMENT (  '', '', ( #2166 ) ) ;
#727 = FILL_AREA_STYLE_COLOUR ( '', #2088 ) ;
#728 = VERTEX_POINT ( 'NONE', #1576 ) ;
#729 = PRESENTATION_STYLE_ASSIGNMENT (( #3392 ) ) ;
#730 = FILL_AREA_STYLE ('',( #2294 ) ) ;
#731 = DIRECTION ( 'NONE',  ( 0.2505628070857320866, -0.2505628070857321421, 0.9351131265310290708 ) ) ;
#732 = LINE ( 'NONE', #1937, #2726 ) ;
#733 = VERTEX_POINT ( 'NONE', #998 ) ;
#734 =( LENGTH_UNIT ( ) NAMED_UNIT ( * ) SI_UNIT ( .MILLI., .METRE. ) );
#735 = UNCERTAINTY_MEASURE_WITH_UNIT (LENGTH_MEASURE( 1.000000000000000082E-05 ), #1531, 'distance_accuracy_value', 'NONE');
#736 =( GEOMETRIC_REPRESENTATION_CONTEXT ( 3 ) GLOBAL_UNCERTAINTY_ASSIGNED_CONTEXT ( ( #417 ) ) GLOBAL_UNIT_ASSIGNED_CONTEXT ( ( #3579, #2610, #3379 ) ) REPRESENTATION_CONTEXT ( 'NONE', 'WORKASPACE' ) );
#737 = EDGE_CURVE ( 'NONE', #2966, #376, #1478, .T. ) ;
#738 = LINE ( 'NONE', #3114, #1339 ) ;
#739 = FILL_AREA_STYLE ('',( #3116 ) ) ;
#740 = ADVANCED_FACE ( 'NONE', ( #2273 ), #1015, .F. ) ;
#741 = STYLED_ITEM ( 'NONE', ( #1662 ), #2131 ) ;
#742 = ORIENTED_EDGE ( 'NONE', *, *, #2973, .T. ) ;
#743 = CARTESIAN_POINT ( 'NONE',  ( -0.5250000000000000222, -1.149999999999999911, -1.648112749638469543 ) ) ;
#744 = SURFACE_STYLE_USAGE ( .BOTH. , #3386 ) ;
#745 = FILL_AREA_STYLE ('',( #415 ) ) ;
#746 = UNCERTAINTY_MEASURE_WITH_UNIT (LENGTH_MEASURE( 1.000000000000000082E-05 ), #3628, 'distance_accuracy_value', 'NONE');
#747 = VERTEX_POINT ( 'NONE', #1693 ) ;
#748 = CARTESIAN_POINT ( 'NONE',  ( 0.5250000000000000222, 1.149999999999999911, 0.1499999999999997724 ) ) ;
#749 = SURFACE_STYLE_FILL_AREA ( #2237 ) ;
#750 =( NAMED_UNIT ( * ) PLANE_ANGLE_UNIT ( ) SI_UNIT ( $, .RADIAN. ) );
#751 = ORIENTED_EDGE ( 'NONE', *, *, #1846, .F. ) ;
#752 = CARTESIAN_POINT ( 'NONE',  ( 0.5250000000000000222, -0.9258514289220317606, 0.1999999999999999833 ) ) ;
#753 =( GEOMETRIC_REPRESENTATION_CONTEXT ( 3 ) GLOBAL_UNCERTAINTY_ASSIGNED_CONTEXT ( ( #1135 ) ) GLOBAL_UNIT_ASSIGNED_CONTEXT ( ( #3807, #1139, #2328 ) ) REPRESENTATION_CONTEXT ( 'NONE', 'WORKASPACE' ) );
#754 = CARTESIAN_POINT ( 'NONE',  ( 0.5250000000000000222, 1.149999999999999911, -1.084202172485504434E-16 ) ) ;
#755 = CARTESIAN_POINT ( 'NONE',  ( 0.7750000000000000222, -1.149999999999999911, 0.0000000000000000000 ) ) ;
#756 = EDGE_CURVE ( 'NONE', #1852, #2058, #178, .T. ) ;
#757 = DIRECTION ( 'NONE',  ( 0.0000000000000000000, 1.084202172485504434E-15, -1.000000000000000000 ) ) ;
#758 = VERTEX_POINT ( 'NONE', #1123 ) ;
#759 = SURFACE_STYLE_FILL_AREA ( #2175 ) ;
#760 = APPLICATION_CONTEXT ( 'automotive_design' ) ;
#761 = ADVANCED_FACE ( 'NONE', ( #713 ), #2920, .F. ) ;
#762 = VECTOR ( 'NONE', #1994, 1000.000000000000000 ) ;
#763 = EDGE_LOOP ( 'NONE', ( #164, #1034, #1483, #1492, #2191, #1162, #2292, #455 ) ) ;
#764 = LINE ( 'NONE', #2199, #3119 ) ;
#765 =( NAMED_UNIT ( * ) SI_UNIT ( $, .STERADIAN. ) SOLID_ANGLE_UNIT ( ) );
#766 = SURFACE_SIDE_STYLE ('',( #749 ) ) ;
#767 = MECHANICAL_DESIGN_GEOMETRIC_PRESENTATION_REPRESENTATION (  '', ( #57 ), #1647 ) ;
#768 = AXIS2_PLACEMENT_3D ( 'NONE', #3660, #2436, #662 ) ;
#769 = CARTESIAN_POINT ( 'NONE',  ( -0.7750000000000000222, -1.149999999999999911, 8.948970312578765779E-17 ) ) ;
#770 = VERTEX_POINT ( 'NONE', #403 ) ;
#771 = VECTOR ( 'NONE', #3678, 1000.000000000000000 ) ;
#772 = CYLINDRICAL_SURFACE ( 'NONE', #3815, 0.04999999999999999584 ) ;
#773 = UNCERTAINTY_MEASURE_WITH_UNIT (LENGTH_MEASURE( 1.000000000000000082E-05 ), #1648, 'distance_accuracy_value', 'NONE');
#774 =( GEOMETRIC_REPRESENTATION_CONTEXT ( 3 ) GLOBAL_UNCERTAINTY_ASSIGNED_CONTEXT ( ( #2793 ) ) GLOBAL_UNIT_ASSIGNED_CONTEXT ( ( #2066, #244, #2293 ) ) REPRESENTATION_CONTEXT ( 'NONE', 'WORKASPACE' ) );
#775 = VECTOR ( 'NONE', #3709, 1000.000000000000000 ) ;
#776 = DIRECTION ( 'NONE',  ( -1.000000000000000000, 0.0000000000000000000, -0.0000000000000000000 ) ) ;
#777 = SURFACE_STYLE_USAGE ( .BOTH. , #471 ) ;
#778 =( GEOMETRIC_REPRESENTATION_CONTEXT ( 3 ) GLOBAL_UNCERTAINTY_ASSIGNED_CONTEXT ( ( #208 ) ) GLOBAL_UNIT_ASSIGNED_CONTEXT ( ( #3604, #3009, #1248 ) ) REPRESENTATION_CONTEXT ( 'NONE', 'WORKASPACE' ) );
#779 = SURFACE_STYLE_USAGE ( .BOTH. , #3437 ) ;
#780 = SURFACE_SIDE_STYLE ('',( #3438 ) ) ;
#781 = DIRECTION ( 'NONE',  ( 0.0000000000000000000, -0.9659258262890680902, -0.2588190451025213501 ) ) ;
#782 = STYLED_ITEM ( 'NONE', ( #1754 ), #2970 ) ;
#783 = AXIS2_PLACEMENT_3D ( 'NONE', #2721, #964, #2470 ) ;
#784 = ORIENTED_EDGE ( 'NONE', *, *, #1082, .T. ) ;
#785 = CARTESIAN_POINT ( 'NONE',  ( -2.350000000000000089, 0.6250000000000000000, 0.5999999999999999778 ) ) ;
#786 = SURFACE_STYLE_FILL_AREA ( #1707 ) ;
#787 = DIRECTION ( 'NONE',  ( 1.000000000000000000, 0.0000000000000000000, 0.0000000000000000000 ) ) ;
#788 = AXIS2_PLACEMENT_3D ( 'NONE', #2880, #1620, #3374 ) ;
#789 = UNCERTAINTY_MEASURE_WITH_UNIT (LENGTH_MEASURE( 1.000000000000000082E-05 ), #859, 'distance_accuracy_value', 'NONE');
#790 = EDGE_CURVE ( 'NONE', #3766, #3846, #202, .T. ) ;
#791 = PRESENTATION_LAYER_ASSIGNMENT (  '', '', ( #2404 ) ) ;
#792 = SURFACE_SIDE_STYLE ('',( #3105 ) ) ;
#793 = VERTEX_POINT ( 'NONE', #2025 ) ;
#794 = CARTESIAN_POINT ( 'NONE',  ( -0.5250000000000000222, 0.5500000000000000444, 0.7499999999999994449 ) ) ;
#795 = CARTESIAN_POINT ( 'NONE',  ( 0.5249999999999999112, -0.6250000000000001110, 0.5999999999999998668 ) ) ;
#796 = CIRCLE ( 'NONE', #2709, 0.1999999999999999556 ) ;
#797 = ADVANCED_FACE ( 'NONE', ( #2897 ), #3193, .T. ) ;
#798 = SURFACE_STYLE_USAGE ( .BOTH. , #1997 ) ;
#799 = ORIENTED_EDGE ( 'NONE', *, *, #3466, .F. ) ;
#800 = ORIENTED_EDGE ( 'NONE', *, *, #73, .F. ) ;
#801 = PRESENTATION_STYLE_ASSIGNMENT (( #3458 ) ) ;
#802 = DIRECTION ( 'NONE',  ( 1.000000000000000000, 0.0000000000000000000, 0.0000000000000000000 ) ) ;
#803 = FACE_OUTER_BOUND ( 'NONE', #3672, .T. ) ;
#804 = PRESENTATION_STYLE_ASSIGNMENT (( #2245 ) ) ;
#805 = VECTOR ( 'NONE', #2286, 1000.000000000000000 ) ;
#806 = CARTESIAN_POINT ( 'NONE',  ( 0.5250000000000000222, -1.149999999999999911, 0.1500000000000001887 ) ) ;
#807 = ORIENTED_EDGE ( 'NONE', *, *, #2849, .T. ) ;
#808 = DIRECTION ( 'NONE',  ( 1.000000000000000000, 0.0000000000000000000, 0.0000000000000000000 ) ) ;
#809 = FACE_OUTER_BOUND ( 'NONE', #2620, .T. ) ;
#810 = MECHANICAL_DESIGN_GEOMETRIC_PRESENTATION_REPRESENTATION (  '', ( #3472 ), #2844 ) ;
#811 = ORIENTED_EDGE ( 'NONE', *, *, #2849, .F. ) ;
#812 =( NAMED_UNIT ( * ) PLANE_ANGLE_UNIT ( ) SI_UNIT ( $, .RADIAN. ) );
#813 = DIRECTION ( 'NONE',  ( -1.000000000000000000, 0.0000000000000000000, -0.0000000000000000000 ) ) ;
#814 =( NAMED_UNIT ( * ) PLANE_ANGLE_UNIT ( ) SI_UNIT ( $, .RADIAN. ) );
#815 = EDGE_CURVE ( 'NONE', #1180, #2070, #1763, .T. ) ;
#816 = FILL_AREA_STYLE_COLOUR ( '', #3721 ) ;
#817 = EDGE_LOOP ( 'NONE', ( #1590, #2580, #2210, #3313 ) ) ;
#818 = SURFACE_STYLE_FILL_AREA ( #3157 ) ;
#819 = EDGE_CURVE ( 'NONE', #1496, #1474, #3270, .T. ) ;
#820 = UNCERTAINTY_MEASURE_WITH_UNIT (LENGTH_MEASURE( 1.000000000000000082E-05 ), #188, 'distance_accuracy_value', 'NONE');
#821 = FACE_OUTER_BOUND ( 'NONE', #2087, .T. ) ;
#822 = CARTESIAN_POINT ( 'NONE',  ( -0.7750000000000000222, -0.6782060592603725846, 0.5563986169220377365 ) ) ;
#823 = EDGE_LOOP ( 'NONE', ( #149, #1187, #799, #1354, #1769, #1807, #3507, #933, #2942, #3149, #2021, #3829 ) ) ;
#824 = DIRECTION ( 'NONE',  ( 0.0000000000000000000, 0.0000000000000000000, -1.000000000000000000 ) ) ;
#825 = COLOUR_RGB ( '',0.7960784313725489669, 0.8235294117647058432, 0.9372549019607843146 ) ;
#826 = DIRECTION ( 'NONE',  ( 1.000000000000000000, 0.0000000000000000000, 0.0000000000000000000 ) ) ;
#827 = SURFACE_STYLE_USAGE ( .BOTH. , #1437 ) ;
#828 = ORIENTED_EDGE ( 'NONE', *, *, #1801, .T. ) ;
#829 =( NAMED_UNIT ( * ) PLANE_ANGLE_UNIT ( ) SI_UNIT ( $, .RADIAN. ) );
#830 = FACE_OUTER_BOUND ( 'NONE', #1462, .T. ) ;
#831 = LINE ( 'NONE', #227, #2624 ) ;
#832 = DIRECTION ( 'NONE',  ( -0.9659258262890682012, 0.0000000000000000000, -0.2588190451025211836 ) ) ;
#833 = ORIENTED_EDGE ( 'NONE', *, *, #2667, .T. ) ;
#834 = ORIENTED_EDGE ( 'NONE', *, *, #3351, .F. ) ;
#835 = STYLED_ITEM ( 'NONE', ( #1570 ), #2338 ) ;
#836 = PRESENTATION_LAYER_ASSIGNMENT (  '', '', ( #1025 ) ) ;
#837 = EDGE_CURVE ( 'NONE', #1176, #1238, #2657, .T. ) ;
#838 = AXIS2_PLACEMENT_3D ( 'NONE', #598, #1586, #2192 ) ;
#839 = MECHANICAL_DESIGN_GEOMETRIC_PRESENTATION_REPRESENTATION (  '', ( #3505 ), #1907 ) ;
#840 = PRESENTATION_LAYER_ASSIGNMENT (  '', '', ( #1659 ) ) ;
#841 = EDGE_CURVE ( 'NONE', #1106, #2586, #929, .T. ) ;
#842 =( GEOMETRIC_REPRESENTATION_CONTEXT ( 3 ) GLOBAL_UNCERTAINTY_ASSIGNED_CONTEXT ( ( #3726 ) ) GLOBAL_UNIT_ASSIGNED_CONTEXT ( ( #2744, #1568, #680 ) ) REPRESENTATION_CONTEXT ( 'NONE', 'WORKASPACE' ) );
#843 = VERTEX_POINT ( 'NONE', #3607 ) ;
#844 =( NAMED_UNIT ( * ) SI_UNIT ( $, .STERADIAN. ) SOLID_ANGLE_UNIT ( ) );
#845 = PLANE ( 'NONE',  #3208 ) ;
#846 = PRESENTATION_STYLE_ASSIGNMENT (( #2531 ) ) ;
#847 =( BOUNDED_CURVE ( )  B_SPLINE_CURVE ( 3, ( #1255, #2476, #992, #2770 ),
 .UNSPECIFIED., .F., .T. ) 
 B_SPLINE_CURVE_WITH_KNOTS ( ( 4, 4 ),
 ( 5.531305892884600617, 7.035064721474574512 ),
 .UNSPECIFIED. ) 
 CURVE ( )  GEOMETRIC_REPRESENTATION_ITEM ( )  RATIONAL_B_SPLINE_CURVE ( ( 1.000000000000000000, 0.8202709971758366247, 0.8202709971758366247, 1.000000000000000000 ) ) 
 REPRESENTATION_ITEM ( '' )  );
#848 =( GEOMETRIC_REPRESENTATION_CONTEXT ( 3 ) GLOBAL_UNCERTAINTY_ASSIGNED_CONTEXT ( ( #3738 ) ) GLOBAL_UNIT_ASSIGNED_CONTEXT ( ( #2607, #2649, #1172 ) ) REPRESENTATION_CONTEXT ( 'NONE', 'WORKASPACE' ) );
#849 = AXIS2_PLACEMENT_3D ( 'NONE', #3754, #450, #2546 ) ;
#850 = COLOUR_RGB ( '',0.7529411764705882248, 0.7529411764705882248, 0.7529411764705882248 ) ;
#851 = VERTEX_POINT ( 'NONE', #2687 ) ;
#852 = FILL_AREA_STYLE ('',( #3806 ) ) ;
#853 = SURFACE_STYLE_FILL_AREA ( #3565 ) ;
#854 = CARTESIAN_POINT ( 'NONE',  ( 0.1250000000000000000, 0.6782060592603726956, 0.5563986169220370703 ) ) ;
#855 = STYLED_ITEM ( 'NONE', ( #2937 ), #863 ) ;
#856 = ORIENTED_EDGE ( 'NONE', *, *, #3153, .F. ) ;
#857 = ORIENTED_EDGE ( 'NONE', *, *, #1817, .F. ) ;
#858 = VECTOR ( 'NONE', #1450, 1000.000000000000000 ) ;
#859 =( LENGTH_UNIT ( ) NAMED_UNIT ( * ) SI_UNIT ( .MILLI., .METRE. ) );
#860 = UNCERTAINTY_MEASURE_WITH_UNIT (LENGTH_MEASURE( 1.000000000000000082E-05 ), #2972, 'distance_accuracy_value', 'NONE');
#861 = LINE ( 'NONE', #3177, #520 ) ;
#862 = FACE_OUTER_BOUND ( 'NONE', #2585, .T. ) ;
#863 = ADVANCED_FACE ( 'NONE', ( #3821 ), #6, .T. ) ;
#864 = DIRECTION ( 'NONE',  ( -0.9659258262890682012, 0.0000000000000000000, 0.2588190451025214611 ) ) ;
#865 = ORIENTED_EDGE ( 'NONE', *, *, #3400, .F. ) ;
#866 =( NAMED_UNIT ( * ) SI_UNIT ( $, .STERADIAN. ) SOLID_ANGLE_UNIT ( ) );
#867 = EDGE_CURVE ( 'NONE', #1142, #843, #77, .T. ) ;
#868 = PRESENTATION_LAYER_ASSIGNMENT (  '', '', ( #3413 ) ) ;
#869 = CARTESIAN_POINT ( 'NONE',  ( -0.7750000000000000222, 0.6286171723855393800, 0.5499999999999994893 ) ) ;
#870 = ORIENTED_EDGE ( 'NONE', *, *, #247, .T. ) ;
#871 = CARTESIAN_POINT ( 'NONE',  ( -1.050000000000000044, -0.5178203230275506552, 1.000000000000000000 ) ) ;
#872 = DIRECTION ( 'NONE',  ( 0.0000000000000000000, 0.1279723384407591424, -0.9917777374966649795 ) ) ;
#873 = VECTOR ( 'NONE', #1877, 1000.000000000000000 ) ;
#874 = PRESENTATION_LAYER_ASSIGNMENT (  '', '', ( #2542 ) ) ;
#875 = DIRECTION ( 'NONE',  ( 0.0000000000000000000, 0.0000000000000000000, 1.000000000000000000 ) ) ;
#876 = VERTEX_POINT ( 'NONE', #337 ) ;
#877 = ORIENTED_EDGE ( 'NONE', *, *, #1011, .F. ) ;
#878 =( NAMED_UNIT ( * ) PLANE_ANGLE_UNIT ( ) SI_UNIT ( $, .RADIAN. ) );
#879 = FILL_AREA_STYLE_COLOUR ( '', #3183 ) ;
#880 = EDGE_LOOP ( 'NONE', ( #704, #668, #561, #2663 ) ) ;
#881 = PRESENTATION_STYLE_ASSIGNMENT (( #2612 ) ) ;
#882 = PRESENTATION_LAYER_ASSIGNMENT (  '', '', ( #171 ) ) ;
#883 = EDGE_CURVE ( 'NONE', #380, #2857, #3289, .T. ) ;
#884 =( NAMED_UNIT ( * ) PLANE_ANGLE_UNIT ( ) SI_UNIT ( $, .RADIAN. ) );
#885 = ORIENTED_EDGE ( 'NONE', *, *, #991, .F. ) ;
#886 = FILL_AREA_STYLE_COLOUR ( '', #1794 ) ;
#887 = CARTESIAN_POINT ( 'NONE',  ( 0.7750000000000000222, 0.6286171723855390470, 0.5999999999999994227 ) ) ;
#888 = FACE_OUTER_BOUND ( 'NONE', #3094, .T. ) ;
#889 = ORIENTED_EDGE ( 'NONE', *, *, #3351, .T. ) ;
#890 = ORIENTED_EDGE ( 'NONE', *, *, #3207, .F. ) ;
#891 = UNCERTAINTY_MEASURE_WITH_UNIT (LENGTH_MEASURE( 1.000000000000000082E-05 ), #2059, 'distance_accuracy_value', 'NONE');
#892 = STYLED_ITEM ( 'NONE', ( #2011 ), #3644 ) ;
#893 =( GEOMETRIC_REPRESENTATION_CONTEXT ( 3 ) GLOBAL_UNCERTAINTY_ASSIGNED_CONTEXT ( ( #860 ) ) GLOBAL_UNIT_ASSIGNED_CONTEXT ( ( #2972, #3871, #1518 ) ) REPRESENTATION_CONTEXT ( 'NONE', 'WORKASPACE' ) );
#894 = CARTESIAN_POINT ( 'NONE',  ( 1.050000000000000044, 0.4910254037844382635, 0.09999999999999993616 ) ) ;
#895 = DIRECTION ( 'NONE',  ( 0.2505628070857321421, -0.2505628070857321421, -0.9351131265310290708 ) ) ;
#896 = PRESENTATION_STYLE_ASSIGNMENT (( #1816 ) ) ;
#897 = FACE_OUTER_BOUND ( 'NONE', #1312, .T. ) ;
#898 =( GEOMETRIC_REPRESENTATION_CONTEXT ( 3 ) GLOBAL_UNCERTAINTY_ASSIGNED_CONTEXT ( ( #607 ) ) GLOBAL_UNIT_ASSIGNED_CONTEXT ( ( #734, #486, #3399 ) ) REPRESENTATION_CONTEXT ( 'NONE', 'WORKASPACE' ) );
#899 = MECHANICAL_DESIGN_GEOMETRIC_PRESENTATION_REPRESENTATION (  '', ( #2091 ), #703 ) ;
#900 = FILL_AREA_STYLE ('',( #3555 ) ) ;
#901 = EDGE_LOOP ( 'NONE', ( #1499, #1770, #1386, #1736, #1619, #917, #2427, #916 ) ) ;
#902 = CARTESIAN_POINT ( 'NONE',  ( -0.7750000000000000222, 0.6286171723855390470, 0.5999999999999994227 ) ) ;
#903 =( GEOMETRIC_REPRESENTATION_CONTEXT ( 3 ) GLOBAL_UNCERTAINTY_ASSIGNED_CONTEXT ( ( #102 ) ) GLOBAL_UNIT_ASSIGNED_CONTEXT ( ( #1535, #3038, #1573 ) ) REPRESENTATION_CONTEXT ( 'NONE', 'WORKASPACE' ) );
#904 =( NAMED_UNIT ( * ) PLANE_ANGLE_UNIT ( ) SI_UNIT ( $, .RADIAN. ) );
#905 = VECTOR ( 'NONE', #2718, 1000.000000000000114 ) ;
#906 = PRESENTATION_LAYER_ASSIGNMENT (  '', '', ( #3505 ) ) ;
#907 = PLANE ( 'NONE',  #1361 ) ;
#908 = ORIENTED_EDGE ( 'NONE', *, *, #321, .T. ) ;
#909 = COLOUR_RGB ( '',0.7529411764705882248, 0.7529411764705882248, 0.7529411764705882248 ) ;
#910 = SURFACE_SIDE_STYLE ('',( #1790 ) ) ;
#911 = DIRECTION ( 'NONE',  ( 0.0000000000000000000, -0.9917777374966650905, -0.1279723384407591702 ) ) ;
#912 = CARTESIAN_POINT ( 'NONE',  ( 0.7750000000000000222, 0.6782060592603726956, 0.5563986169220370703 ) ) ;
#913 = EDGE_CURVE ( 'NONE', #144, #1180, #1823, .T. ) ;
#914 = STYLED_ITEM ( 'NONE', ( #3670 ), #567 ) ;
#915 = SURFACE_STYLE_FILL_AREA ( #2941 ) ;
#916 = ORIENTED_EDGE ( 'NONE', *, *, #918, .T. ) ;
#917 = ORIENTED_EDGE ( 'NONE', *, *, #2343, .T. ) ;
#918 = EDGE_CURVE ( 'NONE', #2519, #1909, #125, .T. ) ;
#919 = MECHANICAL_DESIGN_GEOMETRIC_PRESENTATION_REPRESENTATION (  '', ( #855 ), #2832 ) ;
#920 = PLANE ( 'NONE',  #71 ) ;
#921 = SURFACE_SIDE_STYLE ('',( #1204 ) ) ;
#922 = DIRECTION ( 'NONE',  ( 0.0000000000000000000, -1.000000000000000000, 0.0000000000000000000 ) ) ;
#923 = STYLED_ITEM ( 'NONE', ( #3710 ), #1334 ) ;
#924 =( NAMED_UNIT ( * ) SI_UNIT ( $, .STERADIAN. ) SOLID_ANGLE_UNIT ( ) );
#925 = ORIENTED_EDGE ( 'NONE', *, *, #2664, .T. ) ;
#926 = CARTESIAN_POINT ( 'NONE',  ( 0.5250000000000000222, -1.149999999999999911, 0.0000000000000000000 ) ) ;
#927 = ORIENTED_EDGE ( 'NONE', *, *, #3674, .T. ) ;
#928 = LINE ( 'NONE', #3308, #1159 ) ;
#929 = LINE ( 'NONE', #1512, #2520 ) ;
#930 = DIRECTION ( 'NONE',  ( 0.0000000000000000000, 0.0000000000000000000, -1.000000000000000000 ) ) ;
#931 = AXIS2_PLACEMENT_3D ( 'NONE', #3499, #2115, #864 ) ;
#932 = SURFACE_STYLE_USAGE ( .BOTH. , #2640 ) ;
#933 = ORIENTED_EDGE ( 'NONE', *, *, #2357, .F. ) ;
#934 = ORIENTED_EDGE ( 'NONE', *, *, #3762, .T. ) ;
#935 = EDGE_CURVE ( 'NONE', #2229, #534, #206, .T. ) ;
#936 = VECTOR ( 'NONE', #3117, 1000.000000000000000 ) ;
#937 = SURFACE_STYLE_FILL_AREA ( #1827 ) ;
#938 = UNCERTAINTY_MEASURE_WITH_UNIT (LENGTH_MEASURE( 1.000000000000000082E-05 ), #1303, 'distance_accuracy_value', 'NONE');
#939 = EDGE_CURVE ( 'NONE', #3128, #2462, #3136, .T. ) ;
#940 = DIRECTION ( 'NONE',  ( 1.000000000000000000, -0.0000000000000000000, 0.0000000000000000000 ) ) ;
#941 = CYLINDRICAL_SURFACE ( 'NONE', #696, 0.09999999999999993616 ) ;
#942 =( NAMED_UNIT ( * ) SI_UNIT ( $, .STERADIAN. ) SOLID_ANGLE_UNIT ( ) );
#943 = ORIENTED_EDGE ( 'NONE', *, *, #1949, .T. ) ;
#944 =( NAMED_UNIT ( * ) SI_UNIT ( $, .STERADIAN. ) SOLID_ANGLE_UNIT ( ) );
#945 = PRESENTATION_STYLE_ASSIGNMENT (( #1507 ) ) ;
#946 = CARTESIAN_POINT ( 'NONE',  ( -2.350000000000000089, 0.5848076211353316900, 0.7499999999999994449 ) ) ;
#947 = ORIENTED_EDGE ( 'NONE', *, *, #2171, .F. ) ;
#948 = FACE_OUTER_BOUND ( 'NONE', #3540, .T. ) ;
#949 = CARTESIAN_POINT ( 'NONE',  ( -0.7750000000000000222, 1.149999999999999911, 0.1499999999999997724 ) ) ;
#950 = DIRECTION ( 'NONE',  ( 0.0000000000000000000, 1.000000000000000000, 0.0000000000000000000 ) ) ;
#951 = VERTEX_POINT ( 'NONE', #3032 ) ;
#952 = ORIENTED_EDGE ( 'NONE', *, *, #3612, .F. ) ;
#953 = CARTESIAN_POINT ( 'NONE',  ( -0.8194328211555310659, 0.4910254037844382635, 0.09999999999999993616 ) ) ;
#954 =( NAMED_UNIT ( * ) PLANE_ANGLE_UNIT ( ) SI_UNIT ( $, .RADIAN. ) );
#955 = VECTOR ( 'NONE', #624, 1000.000000000000000 ) ;
#956 = EDGE_CURVE ( 'NONE', #2413, #747, #1271, .T. ) ;
#957 = CARTESIAN_POINT ( 'NONE',  ( -0.1250000000000000000, 0.8269727198848726424, 0.5755944676881500355 ) ) ;
#958 = LINE ( 'NONE', #299, #1211 ) ;
#959 = CARTESIAN_POINT ( 'NONE',  ( 1.050000000000000044, -0.4910254037844383745, 0.09999999999999993616 ) ) ;
#960 = ADVANCED_FACE ( 'NONE', ( #1881 ), #2174, .F. ) ;
#961 = VECTOR ( 'NONE', #3693, 1000.000000000000114 ) ;
#962 =( GEOMETRIC_REPRESENTATION_CONTEXT ( 3 ) GLOBAL_UNCERTAINTY_ASSIGNED_CONTEXT ( ( #1828 ) ) GLOBAL_UNIT_ASSIGNED_CONTEXT ( ( #230, #2031, #3795 ) ) REPRESENTATION_CONTEXT ( 'NONE', 'WORKASPACE' ) );
#963 = PRESENTATION_LAYER_ASSIGNMENT (  '', '', ( #3373 ) ) ;
#964 = DIRECTION ( 'NONE',  ( 0.0000000000000000000, -0.9917777374966650905, -0.1279723384407591702 ) ) ;
#965 = ORIENTED_EDGE ( 'NONE', *, *, #43, .T. ) ;
#966 = SURFACE_STYLE_USAGE ( .BOTH. , #76 ) ;
#967 = CARTESIAN_POINT ( 'NONE',  ( 0.8462277403986435687, -0.5178203230275506552, 1.000000000000000000 ) ) ;
#968 =( NAMED_UNIT ( * ) PLANE_ANGLE_UNIT ( ) SI_UNIT ( $, .RADIAN. ) );
#969 = LINE ( 'NONE', #2124, #2740 ) ;
#970 = CIRCLE ( 'NONE', #1150, 0.1999999999999999833 ) ;
#971 = MECHANICAL_DESIGN_GEOMETRIC_PRESENTATION_REPRESENTATION (  '', ( #446 ), #577 ) ;
#972 = FILL_AREA_STYLE ('',( #103 ) ) ;
#973 = ORIENTED_EDGE ( 'NONE', *, *, #2802, .F. ) ;
#974 = PRESENTATION_LAYER_ASSIGNMENT (  '', '', ( #1910 ) ) ;
#975 = PRESENTATION_STYLE_ASSIGNMENT (( #1853 ) ) ;
#976 = AXIS2_PLACEMENT_3D ( 'NONE', #1858, #714, #2777 ) ;
#977 = VECTOR ( 'NONE', #3070, 1000.000000000000000 ) ;
#978 = LINE ( 'NONE', #422, #3602 ) ;
#979 = FACE_OUTER_BOUND ( 'NONE', #3231, .T. ) ;
#980 = CARTESIAN_POINT ( 'NONE',  ( -0.1250000000000001110, 0.6250000000000000000, 0.5999999999999999778 ) ) ;
#981 = FACE_OUTER_BOUND ( 'NONE', #3430, .T. ) ;
#982 = EDGE_CURVE ( 'NONE', #2857, #3556, #1890, .T. ) ;
#983 = FACE_OUTER_BOUND ( 'NONE', #1822, .T. ) ;
#984 = VECTOR ( 'NONE', #1783, 1000.000000000000000 ) ;
#985 = UNCERTAINTY_MEASURE_WITH_UNIT (LENGTH_MEASURE( 1.000000000000000082E-05 ), #2876, 'distance_accuracy_value', 'NONE');
#986 = FILL_AREA_STYLE ('',( #1018 ) ) ;
#987 = ORIENTED_EDGE ( 'NONE', *, *, #2316, .F. ) ;
#988 = CARTESIAN_POINT ( 'NONE',  ( -0.7750000000000000222, 0.6286171723855390470, 0.5999999999999994227 ) ) ;
#989 = LINE ( 'NONE', #2193, #3395 ) ;
#990 = CARTESIAN_POINT ( 'NONE',  ( 0.5250000000000000222, 1.149999999999999911, 0.1499999999999997724 ) ) ;
#991 = EDGE_CURVE ( 'NONE', #317, #2116, #989, .T. ) ;
#992 = CARTESIAN_POINT ( 'NONE',  ( 0.9160254037844386410, 0.4517730985660119436, 0.09999999999999993616 ) ) ;
#993 = EDGE_LOOP ( 'NONE', ( #2827, #3363, #3865, #2747, #1788, #2365, #1080, #568, #281, #217, #307, #3165 ) ) ;
#994 =( LENGTH_UNIT ( ) NAMED_UNIT ( * ) SI_UNIT ( .MILLI., .METRE. ) );
#995 = PLANE ( 'NONE',  #442 ) ;
#996 =( NAMED_UNIT ( * ) PLANE_ANGLE_UNIT ( ) SI_UNIT ( $, .RADIAN. ) );
#997 = EDGE_LOOP ( 'NONE', ( #1750, #1637, #3107, #2471 ) ) ;
#998 = CARTESIAN_POINT ( 'NONE',  ( 0.7750000000000001332, -0.5848076211353315790, 0.7499999999999997780 ) ) ;
#999 = CARTESIAN_POINT ( 'NONE',  ( -0.9594716658762422190, 0.5344716658762421746, 0.5514860119588083087 ) ) ;
#1000 = FILL_AREA_STYLE_COLOUR ( '', #1839 ) ;
#1001 = CARTESIAN_POINT ( 'NONE',  ( -1.050000000000000044, -0.6250000000000000000, 0.5999999999999999778 ) ) ;
#1002 = LINE ( 'NONE', #1876, #1218 ) ;
#1003 = FILL_AREA_STYLE ('',( #3404 ) ) ;
#1004 = EDGE_CURVE ( 'NONE', #3075, #2713, #1310, .T. ) ;
#1005 = LINE ( 'NONE', #1269, #3516 ) ;
#1006 = ORIENTED_EDGE ( 'NONE', *, *, #2870, .T. ) ;
#1007 = DIRECTION ( 'NONE',  ( -1.000000000000000000, -0.0000000000000000000, 0.0000000000000000000 ) ) ;
#1008 = CARTESIAN_POINT ( 'NONE',  ( 0.9428203230275508107, -0.4212277403986439128, 1.000000000000000000 ) ) ;
#1009 = PRESENTATION_STYLE_ASSIGNMENT (( #99 ) ) ;
#1010 = DIRECTION ( 'NONE',  ( 1.000000000000000000, -0.0000000000000000000, -0.0000000000000000000 ) ) ;
#1011 = EDGE_CURVE ( 'NONE', #2229, #1337, #98, .T. ) ;
#1012 = CARTESIAN_POINT ( 'NONE',  ( -1.050000000000000044, 0.6250000000000000000, 0.5999999999999999778 ) ) ;
#1013 = ORIENTED_EDGE ( 'NONE', *, *, #2899, .T. ) ;
#1014 = LINE ( 'NONE', #2730, #2694 ) ;
#1015 = PLANE ( 'NONE',  #276 ) ;
#1016 = CYLINDRICAL_SURFACE ( 'NONE', #3057, 0.09999999999999993616 ) ;
#1017 = DIRECTION ( 'NONE',  ( 0.0000000000000000000, -1.000000000000000000, 0.0000000000000000000 ) ) ;
#1018 = FILL_AREA_STYLE_COLOUR ( '', #850 ) ;
#1019 = EDGE_LOOP ( 'NONE', ( #3605, #1961, #310, #2053 ) ) ;
#1020 = STYLED_ITEM ( 'NONE', ( #2439 ), #2371 ) ;
#1021 =( GEOMETRIC_REPRESENTATION_CONTEXT ( 3 ) GLOBAL_UNCERTAINTY_ASSIGNED_CONTEXT ( ( #3388 ) ) GLOBAL_UNIT_ASSIGNED_CONTEXT ( ( #3241, #1503, #236 ) ) REPRESENTATION_CONTEXT ( 'NONE', 'WORKASPACE' ) );
#1022 = DIRECTION ( 'NONE',  ( 1.000000000000000000, 0.0000000000000000000, 0.0000000000000000000 ) ) ;
#1023 = DIRECTION ( 'NONE',  ( 1.000000000000000000, -0.0000000000000000000, -0.0000000000000000000 ) ) ;
#1024 = UNCERTAINTY_MEASURE_WITH_UNIT (LENGTH_MEASURE( 1.000000000000000082E-05 ), #2835, 'distance_accuracy_value', 'NONE');
#1025 = STYLED_ITEM ( 'NONE', ( #248 ), #2221 ) ;
#1026 = COLOUR_RGB ( '',0.7529411764705882248, 0.7529411764705882248, 0.7529411764705882248 ) ;
#1028 = EDGE_LOOP ( 'NONE', ( #2480, #2156, #1825, #1295 ) ) ;
#1027 =( GEOMETRIC_REPRESENTATION_CONTEXT ( 3 ) GLOBAL_UNCERTAINTY_ASSIGNED_CONTEXT ( ( #3848 ) ) GLOBAL_UNIT_ASSIGNED_CONTEXT ( ( #1290, #353, #5 ) ) REPRESENTATION_CONTEXT ( 'NONE', 'WORKASPACE' ) );
#1029 = ORIENTED_EDGE ( 'NONE', *, *, #222, .F. ) ;
#1030 = VECTOR ( 'NONE', #2962, 1000.000000000000000 ) ;
#1031 = CARTESIAN_POINT ( 'NONE',  ( -1.050000000000000044, 0.6250000000000000000, 0.5999999999999999778 ) ) ;
#1032 = EDGE_CURVE ( 'NONE', #3091, #468, #723, .T. ) ;
#1033 = COLOUR_RGB ( '',0.7529411764705882248, 0.7529411764705882248, 0.7529411764705882248 ) ;
#1034 = ORIENTED_EDGE ( 'NONE', *, *, #2403, .T. ) ;
#1035 = ORIENTED_EDGE ( 'NONE', *, *, #2944, .F. ) ;
#1036 = VECTOR ( 'NONE', #1112, 1000.000000000000227 ) ;
#1037 = ADVANCED_FACE ( 'NONE', ( #2231 ), #3409, .F. ) ;
#1038 = AXIS2_PLACEMENT_3D ( 'NONE', #3689, #3045, #1625 ) ;
#1039 = STYLED_ITEM ( 'NONE', ( #2129 ), #685 ) ;
#1040 = CARTESIAN_POINT ( 'NONE',  ( 0.7750000000000000222, -0.6782060592603726956, 0.5563986169220376254 ) ) ;
#1041 = DIRECTION ( 'NONE',  ( 1.000000000000000000, 0.0000000000000000000, 0.0000000000000000000 ) ) ;
#1042 = DIRECTION ( 'NONE',  ( 1.000000000000000000, 0.0000000000000000000, 0.0000000000000000000 ) ) ;
#1043 = CARTESIAN_POINT ( 'NONE',  ( 1.050000000000000044, -0.5857476947815738466, 0.6000000000000009770 ) ) ;
#1044 = ORIENTED_EDGE ( 'NONE', *, *, #589, .F. ) ;
#1045 = LINE ( 'NONE', #2572, #2753 ) ;
#1046 = CARTESIAN_POINT ( 'NONE',  ( -0.1250000000000000000, 1.149999999999999911, 0.1499999999999997724 ) ) ;
#1047 = CARTESIAN_POINT ( 'NONE',  ( -1.050000000000000044, -0.5848076211353315790, 0.7499999999999997780 ) ) ;
#1048 =( LENGTH_UNIT ( ) NAMED_UNIT ( * ) SI_UNIT ( .MILLI., .METRE. ) );
#1049 = EDGE_LOOP ( 'NONE', ( #3659, #2902, #2673, #2137 ) ) ;
#1050 = CARTESIAN_POINT ( 'NONE',  ( 0.5250000000000000222, 0.9258514289220320936, 0.1499999999999997724 ) ) ;
#1051 = UNCERTAINTY_MEASURE_WITH_UNIT (LENGTH_MEASURE( 1.000000000000000082E-05 ), #3167, 'distance_accuracy_value', 'NONE');
#1052 = MECHANICAL_DESIGN_GEOMETRIC_PRESENTATION_REPRESENTATION (  '', ( #2236 ), #452 ) ;
#1053 = MECHANICAL_DESIGN_GEOMETRIC_PRESENTATION_REPRESENTATION (  '', ( #2719 ), #1360 ) ;
#1054 = ADVANCED_FACE ( 'NONE', ( #809 ), #160, .F. ) ;
#1055 = MECHANICAL_DESIGN_GEOMETRIC_PRESENTATION_REPRESENTATION (  '', ( #2418 ), #3716 ) ;
#1056 = FACE_OUTER_BOUND ( 'NONE', #231, .T. ) ;
#1057 =( NAMED_UNIT ( * ) SI_UNIT ( $, .STERADIAN. ) SOLID_ANGLE_UNIT ( ) );
#1058 = VECTOR ( 'NONE', #2189, 1000.000000000000114 ) ;
#1059 = SURFACE_STYLE_USAGE ( .BOTH. , #3711 ) ;
#1060 = VECTOR ( 'NONE', #2925, 1000.000000000000000 ) ;
#1061 = DIRECTION ( 'NONE',  ( -0.9659258262890683122, 0.0000000000000000000, -0.2588190451025201289 ) ) ;
#1062 = ORIENTED_EDGE ( 'NONE', *, *, #3275, .F. ) ;
#1063 = FILL_AREA_STYLE_COLOUR ( '', #512 ) ;
#1064 = SURFACE_STYLE_USAGE ( .BOTH. , #2530 ) ;
#1065 = UNCERTAINTY_MEASURE_WITH_UNIT (LENGTH_MEASURE( 1.000000000000000082E-05 ), #1048, 'distance_accuracy_value', 'NONE');
#1066 = FILL_AREA_STYLE ('',( #3717 ) ) ;
#1067 = ORIENTED_EDGE ( 'NONE', *, *, #384, .F. ) ;
#1068 = ORIENTED_EDGE ( 'NONE', *, *, #2576, .T. ) ;
#1069 = FILL_AREA_STYLE_COLOUR ( '', #2502 ) ;
#1070 = ORIENTED_EDGE ( 'NONE', *, *, #2147, .T. ) ;
#1071 = FILL_AREA_STYLE_COLOUR ( '', #184 ) ;
#1072 = MECHANICAL_DESIGN_GEOMETRIC_PRESENTATION_REPRESENTATION (  '', ( #171 ), #2075 ) ;
#1073 = COLOUR_RGB ( '',0.7529411764705882248, 0.7529411764705882248, 0.7529411764705882248 ) ;
#1074 = CARTESIAN_POINT ( 'NONE',  ( -1.050000000000000044, 0.5178203230275506552, 1.000000000000000000 ) ) ;
#1075 = SURFACE_STYLE_FILL_AREA ( #3729 ) ;
#1076 = FACE_OUTER_BOUND ( 'NONE', #634, .T. ) ;
#1077 = FACE_OUTER_BOUND ( 'NONE', #3548, .T. ) ;
#1078 = ADVANCED_FACE ( 'NONE', ( #3714 ), #845, .T. ) ;
#1079 =( LENGTH_UNIT ( ) NAMED_UNIT ( * ) SI_UNIT ( .MILLI., .METRE. ) );
#1080 = ORIENTED_EDGE ( 'NONE', *, *, #222, .T. ) ;
#1081 = DIRECTION ( 'NONE',  ( 0.0000000000000000000, -1.000000000000000000, 0.0000000000000000000 ) ) ;
#1082 = EDGE_CURVE ( 'NONE', #3515, #2348, #796, .T. ) ;
#1083 = AXIS2_PLACEMENT_3D ( 'NONE', #3744, #123, #3432 ) ;
#1084 = ORIENTED_EDGE ( 'NONE', *, *, #2316, .T. ) ;
#1085 = DIRECTION ( 'NONE',  ( 0.0000000000000000000, -0.2588190451025213501, 0.9659258262890680902 ) ) ;
#1086 = PRESENTATION_LAYER_ASSIGNMENT (  '', '', ( #1709 ) ) ;
#1087 =( GEOMETRIC_REPRESENTATION_CONTEXT ( 3 ) GLOBAL_UNCERTAINTY_ASSIGNED_CONTEXT ( ( #291 ) ) GLOBAL_UNIT_ASSIGNED_CONTEXT ( ( #1963, #2549, #866 ) ) REPRESENTATION_CONTEXT ( 'NONE', 'WORKASPACE' ) );
#1088 = ORIENTED_EDGE ( 'NONE', *, *, #1575, .T. ) ;
#1089 = COLOUR_RGB ( '',0.1176470588235294101, 0.1176470588235294101, 0.1176470588235294101 ) ;
#1090 = STYLED_ITEM ( 'NONE', ( #2795 ), #3421 ) ;
#1091 =( GEOMETRIC_REPRESENTATION_CONTEXT ( 3 ) GLOBAL_UNCERTAINTY_ASSIGNED_CONTEXT ( ( #2366 ) ) GLOBAL_UNIT_ASSIGNED_CONTEXT ( ( #1892, #2523, #2833 ) ) REPRESENTATION_CONTEXT ( 'NONE', 'WORKASPACE' ) );
#1092 =( NAMED_UNIT ( * ) SI_UNIT ( $, .STERADIAN. ) SOLID_ANGLE_UNIT ( ) );
#1093 = AXIS2_PLACEMENT_3D ( 'NONE', #2855, #197, #2838 ) ;
#1094 = FILL_AREA_STYLE_COLOUR ( '', #2596 ) ;
#1095 = CARTESIAN_POINT ( 'NONE',  ( 0.5250000000000000222, -0.6286171723855393800, 0.5499999999999999334 ) ) ;
#1096 = CARTESIAN_POINT ( 'NONE',  ( -0.5250000000000000222, -0.7274958814226983872, 0.1744055323118497147 ) ) ;
#1097 = COLOUR_RGB ( '',0.7529411764705882248, 0.7529411764705882248, 0.7529411764705882248 ) ;
#1098 = EDGE_CURVE ( 'NONE', #2086, #1136, #3246, .T. ) ;
#1099 = VERTEX_POINT ( 'NONE', #1178 ) ;
#1100 =( NAMED_UNIT ( * ) SI_UNIT ( $, .STERADIAN. ) SOLID_ANGLE_UNIT ( ) );
#1101 = FACE_OUTER_BOUND ( 'NONE', #2271, .T. ) ;
#1102 = APPLICATION_PROTOCOL_DEFINITION ( 'draft international standard', 'automotive_design', 1998, #3268 ) ;
#1103 = VECTOR ( 'NONE', #635, 1000.000000000000000 ) ;
#1104 = EDGE_CURVE ( 'NONE', #1692, #2853, #3839, .T. ) ;
#1105 = DIRECTION ( 'NONE',  ( 1.000000000000000000, 0.0000000000000000000, 0.0000000000000000000 ) ) ;
#1106 = VERTEX_POINT ( 'NONE', #2630 ) ;
#1107 =( NAMED_UNIT ( * ) PLANE_ANGLE_UNIT ( ) SI_UNIT ( $, .RADIAN. ) );
#1108 = AXIS2_PLACEMENT_3D ( 'NONE', #1701, #3753, #1942 ) ;
#1109 = LINE ( 'NONE', #1734, #1556 ) ;
#1110 = ORIENTED_EDGE ( 'NONE', *, *, #1960, .F. ) ;
#1111 = ORIENTED_EDGE ( 'NONE', *, *, #3259, .F. ) ;
#1112 = DIRECTION ( 'NONE',  ( 0.0000000000000000000, 0.1279723384407591424, -0.9917777374966649795 ) ) ;
#1113 = DIRECTION ( 'NONE',  ( -1.000000000000000000, -0.0000000000000000000, 0.0000000000000000000 ) ) ;
#1114 = SURFACE_SIDE_STYLE ('',( #427 ) ) ;
#1115 = FILL_AREA_STYLE_COLOUR ( '', #344 ) ;
#1116 = STYLED_ITEM ( 'NONE', ( #1740 ), #2705 ) ;
#1117 = CARTESIAN_POINT ( 'NONE',  ( 0.5250000000000000222, 1.878320690304093942E-16, -1.648112749638469543 ) ) ;
#1118 = ORIENTED_EDGE ( 'NONE', *, *, #3334, .F. ) ;
#1119 = CIRCLE ( 'NONE', #1617, 0.2000000000000000944 ) ;
#1120 =( NAMED_UNIT ( * ) PLANE_ANGLE_UNIT ( ) SI_UNIT ( $, .RADIAN. ) );
#1121 = COLOUR_RGB ( '',0.7529411764705882248, 0.7529411764705882248, 0.7529411764705882248 ) ;
#1122 = ORIENTED_EDGE ( 'NONE', *, *, #2111, .T. ) ;
#1123 = CARTESIAN_POINT ( 'NONE',  ( -0.5250000000000000222, -0.6286171723855389359, 0.5999999999999999778 ) ) ;
#1124 = LINE ( 'NONE', #794, #762 ) ;
#1125 = LINE ( 'NONE', #2900, #2004 ) ;
#1126 = EDGE_CURVE ( 'NONE', #517, #232, #263, .T. ) ;
#1127 = ORIENTED_EDGE ( 'NONE', *, *, #3371, .T. ) ;
#1128 = ORIENTED_EDGE ( 'NONE', *, *, #2517, .T. ) ;
#1129 = DIRECTION ( 'NONE',  ( 1.000000000000000000, -0.0000000000000000000, 0.0000000000000000000 ) ) ;
#1130 = UNCERTAINTY_MEASURE_WITH_UNIT (LENGTH_MEASURE( 1.000000000000000082E-05 ), #2574, 'distance_accuracy_value', 'NONE');
#1131 = CARTESIAN_POINT ( 'NONE',  ( -0.7750000000000000222, 0.8762625420471984450, 0.1936013830779621525 ) ) ;
#1132 = EDGE_LOOP ( 'NONE', ( #2009, #1191, #2611, #2540 ) ) ;
#1133 = CARTESIAN_POINT ( 'NONE',  ( -0.9534074173710932465, -0.6250000000000000000, 0.5999999999999999778 ) ) ;
#1134 = AXIS2_PLACEMENT_3D ( 'NONE', #3250, #3862, #1810 ) ;
#1135 = UNCERTAINTY_MEASURE_WITH_UNIT (LENGTH_MEASURE( 1.000000000000000082E-05 ), #3807, 'distance_accuracy_value', 'NONE');
#1136 = VERTEX_POINT ( 'NONE', #1231 ) ;
#1137 = PRESENTATION_STYLE_ASSIGNMENT (( #2791 ) ) ;
#1138 = SURFACE_SIDE_STYLE ('',( #2898 ) ) ;
#1139 =( NAMED_UNIT ( * ) PLANE_ANGLE_UNIT ( ) SI_UNIT ( $, .RADIAN. ) );
#1140 = CARTESIAN_POINT ( 'NONE',  ( -0.5250000000000000222, -0.8269727198848725314, 0.5755944676881509237 ) ) ;
#1141 = COLOUR_RGB ( '',0.7529411764705882248, 0.7529411764705882248, 0.7529411764705882248 ) ;
#1142 = VERTEX_POINT ( 'NONE', #2098 ) ;
#1143 = ORIENTED_EDGE ( 'NONE', *, *, #1307, .T. ) ;
#1144 = EDGE_CURVE ( 'NONE', #1671, #1571, #3603, .T. ) ;
#1145 = PRESENTATION_LAYER_ASSIGNMENT (  '', '', ( #3626 ) ) ;
#1146 = STYLED_ITEM ( 'NONE', ( #2000 ), #1532 ) ;
#1147 = STYLED_ITEM ( 'NONE', ( #2982 ), #2290 ) ;
#1148 = EDGE_CURVE ( 'NONE', #1723, #3215, #466, .T. ) ;
#1149 =( NAMED_UNIT ( * ) SI_UNIT ( $, .STERADIAN. ) SOLID_ANGLE_UNIT ( ) );
#1150 = AXIS2_PLACEMENT_3D ( 'NONE', #3044, #49, #1803 ) ;
#1151 = CARTESIAN_POINT ( 'NONE',  ( -0.5250000000000000222, 0.9258514289220328708, -1.897353801849632760E-16 ) ) ;
#1152 = VECTOR ( 'NONE', #286, 1000.000000000000000 ) ;
#1153 = STYLED_ITEM ( 'NONE', ( #3596 ), #3523 ) ;
#1154 = COLOUR_RGB ( '',0.7529411764705882248, 0.7529411764705882248, 0.7529411764705882248 ) ;
#1155 = SURFACE_STYLE_FILL_AREA ( #533 ) ;
#1156 = ORIENTED_EDGE ( 'NONE', *, *, #3665, .T. ) ;
#1157 = SURFACE_STYLE_FILL_AREA ( #3541 ) ;
#1158 = DIRECTION ( 'NONE',  ( 1.000000000000000000, 0.0000000000000000000, 0.0000000000000000000 ) ) ;
#1159 = VECTOR ( 'NONE', #1234, 1000.000000000000114 ) ;
#1160 = PRESENTATION_LAYER_ASSIGNMENT (  '', '', ( #540 ) ) ;
#1161 = CARTESIAN_POINT ( 'NONE',  ( 0.5250000000000000222, -2.912519486730621530E-15, 0.6000000000000007550 ) ) ;
#1162 = ORIENTED_EDGE ( 'NONE', *, *, #340, .F. ) ;
#1163 = STYLED_ITEM ( 'NONE', ( #1137 ), #740 ) ;
#1164 =( NAMED_UNIT ( * ) PLANE_ANGLE_UNIT ( ) SI_UNIT ( $, .RADIAN. ) );
#1165 = SURFACE_SIDE_STYLE ('',( #3488 ) ) ;
#1166 = CARTESIAN_POINT ( 'NONE',  ( 0.9594716658762422190, 0.5344716658762421746, 0.6485139880411915358 ) ) ;
#1167 = EDGE_LOOP ( 'NONE', ( #2395, #3191, #2406, #3307 ) ) ;
#1168 = VERTEX_POINT ( 'NONE', #3817 ) ;
#1169 = COLOUR_RGB ( '',0.7529411764705882248, 0.7529411764705882248, 0.7529411764705882248 ) ;
#1170 = UNCERTAINTY_MEASURE_WITH_UNIT (LENGTH_MEASURE( 1.000000000000000082E-05 ), #3317, 'distance_accuracy_value', 'NONE');
#1171 = ADVANCED_FACE ( 'NONE', ( #2415 ), #239, .F. ) ;
#1172 =( NAMED_UNIT ( * ) SI_UNIT ( $, .STERADIAN. ) SOLID_ANGLE_UNIT ( ) );
#1173 = DIRECTION ( 'NONE',  ( -0.2505628070857321421, 0.2505628070857321421, -0.9351131265310290708 ) ) ;
#1174 = EDGE_CURVE ( 'NONE', #2864, #2772, #1804, .T. ) ;
#1175 = SURFACE_STYLE_USAGE ( .BOTH. , #2651 ) ;
#1176 = VERTEX_POINT ( 'NONE', #926 ) ;
#1177 = CARTESIAN_POINT ( 'NONE',  ( -1.050000000000000044, -0.5284074173710933131, 0.5999999999999999778 ) ) ;
#1178 = CARTESIAN_POINT ( 'NONE',  ( 0.1250000000000000000, 0.8269727198848726424, 0.5755944676881500355 ) ) ;
#1179 =( LENGTH_UNIT ( ) NAMED_UNIT ( * ) SI_UNIT ( .MILLI., .METRE. ) );
#1180 = VERTEX_POINT ( 'NONE', #1523 ) ;
#1181 = PRESENTATION_STYLE_ASSIGNMENT (( #3232 ) ) ;
#1182 = DIRECTION ( 'NONE',  ( 0.0000000000000000000, 0.0000000000000000000, -1.000000000000000000 ) ) ;
#1183 = SURFACE_STYLE_FILL_AREA ( #203 ) ;
#1184 = MECHANICAL_DESIGN_GEOMETRIC_PRESENTATION_REPRESENTATION (  '', ( #2358 ), #1301 ) ;
#1185 =( LENGTH_UNIT ( ) NAMED_UNIT ( * ) SI_UNIT ( .MILLI., .METRE. ) );
#1186 = ORIENTED_EDGE ( 'NONE', *, *, #1032, .T. ) ;
#1187 = ORIENTED_EDGE ( 'NONE', *, *, #167, .T. ) ;
#1188 = SURFACE_STYLE_FILL_AREA ( #3533 ) ;
#1189 = FILL_AREA_STYLE ('',( #3536 ) ) ;
#1190 = LINE ( 'NONE', #1489, #1261 ) ;
#1191 = ORIENTED_EDGE ( 'NONE', *, *, #1436, .F. ) ;
#1192 = EDGE_CURVE ( 'NONE', #273, #758, #2684, .T. ) ;
#1193 = MECHANICAL_DESIGN_GEOMETRIC_PRESENTATION_REPRESENTATION (  '', ( #2370 ), #557 ) ;
#1194 = PRESENTATION_LAYER_ASSIGNMENT (  '', '', ( #1458 ) ) ;
#1195 = EDGE_LOOP ( 'NONE', ( #3054, #2360, #834, #3256 ) ) ;
#1196 = CARTESIAN_POINT ( 'NONE',  ( 0.9428203230275508107, 0.4212277403986439128, 1.000000000000000000 ) ) ;
#1197 = EDGE_CURVE ( 'NONE', #1802, #2772, #531, .T. ) ;
#1198 = ORIENTED_EDGE ( 'NONE', *, *, #712, .T. ) ;
#1199 = VERTEX_POINT ( 'NONE', #348 ) ;
#1200 = UNCERTAINTY_MEASURE_WITH_UNIT (LENGTH_MEASURE( 1.000000000000000082E-05 ), #2043, 'distance_accuracy_value', 'NONE');
#1201 = AXIS2_PLACEMENT_3D ( 'NONE', #2552, #3506, #1390 ) ;
#1202 = COLOUR_RGB ( '',0.1176470588235294101, 0.1176470588235294101, 0.1176470588235294101 ) ;
#1203 = CARTESIAN_POINT ( 'NONE',  ( -0.5250000000000000222, -0.9258514289220316495, 0.2000000000000000666 ) ) ;
#1204 = SURFACE_STYLE_FILL_AREA ( #650 ) ;
#1205 = STYLED_ITEM ( 'NONE', ( #1486 ), #1600 ) ;
#1206 = AXIS2_PLACEMENT_3D ( 'NONE', #2045, #3211, #3856 ) ;
#1207 = CYLINDRICAL_SURFACE ( 'NONE', #538, 0.04999999999999991257 ) ;
#1208 = EDGE_LOOP ( 'NONE', ( #3210, #2173, #1377, #224 ) ) ;
#1209 = CARTESIAN_POINT ( 'NONE',  ( 0.1250000000000000000, 0.9258514289220328708, -1.897353801849632760E-16 ) ) ;
#1210 = CARTESIAN_POINT ( 'NONE',  ( 0.5250000000000000222, 0.6286171723855390470, 0.5999999999999994227 ) ) ;
#1211 = VECTOR ( 'NONE', #673, 1000.000000000000000 ) ;
#1212 = VECTOR ( 'NONE', #1587, 1000.000000000000000 ) ;
#1213 = EDGE_CURVE ( 'NONE', #3312, #290, #1537, .T. ) ;
#1214 = ORIENTED_EDGE ( 'NONE', *, *, #3592, .F. ) ;
#1215 = VECTOR ( 'NONE', #3478, 1000.000000000000000 ) ;
#1216 = DIRECTION ( 'NONE',  ( 1.000000000000000000, 0.0000000000000000000, 0.0000000000000000000 ) ) ;
#1217 = DIRECTION ( 'NONE',  ( 1.000000000000000000, 0.0000000000000000000, 0.0000000000000000000 ) ) ;
#1218 = VECTOR ( 'NONE', #428, 1000.000000000000000 ) ;
#1219 = EDGE_CURVE ( 'NONE', #1199, #2722, #716, .T. ) ;
#1220 = PRESENTATION_LAYER_ASSIGNMENT (  '', '', ( #2767 ) ) ;
#1221 = ORIENTED_EDGE ( 'NONE', *, *, #29, .T. ) ;
#1222 = ORIENTED_EDGE ( 'NONE', *, *, #3427, .T. ) ;
#1223 = AXIS2_PLACEMENT_3D ( 'NONE', #328, #1814, #649 ) ;
#1224 = AXIS2_PLACEMENT_3D ( 'NONE', #663, #2743, #394 ) ;
#1225 = CARTESIAN_POINT ( 'NONE',  ( -1.050000000000000044, -0.5284074173710933131, 0.5999999999999999778 ) ) ;
#1226 = DIRECTION ( 'NONE',  ( 0.2505628070857321421, 0.2505628070857321421, 0.9351131265310290708 ) ) ;
#1227 = DIRECTION ( 'NONE',  ( 0.0000000000000000000, 1.000000000000000000, 1.379090775700468400E-15 ) ) ;
#1228 = VECTOR ( 'NONE', #1760, 1000.000000000000000 ) ;
#1229 =( LENGTH_UNIT ( ) NAMED_UNIT ( * ) SI_UNIT ( .MILLI., .METRE. ) );
#1230 = VERTEX_POINT ( 'NONE', #3008 ) ;
#1231 = CARTESIAN_POINT ( 'NONE',  ( 0.7750000000000000222, -0.8269727198848726424, 0.5755944676881508126 ) ) ;
#1232 =( LENGTH_UNIT ( ) NAMED_UNIT ( * ) SI_UNIT ( .MILLI., .METRE. ) );
#1233 = EDGE_LOOP ( 'NONE', ( #1006, #2633, #2788, #1870 ) ) ;
#1234 = DIRECTION ( 'NONE',  ( 0.0000000000000000000, 0.1279723384407591147, -0.9917777374966649795 ) ) ;
#1235 = CARTESIAN_POINT ( 'NONE',  ( 0.5250000000000000222, 1.878320690304093942E-16, 0.7499999999999997780 ) ) ;
#1236 = CARTESIAN_POINT ( 'NONE',  ( 0.5250000000000000222, 0.6286171723855393800, 0.5499999999999994893 ) ) ;
#1237 = VERTEX_POINT ( 'NONE', #2760 ) ;
#1238 = VERTEX_POINT ( 'NONE', #1304 ) ;
#1239 = CARTESIAN_POINT ( 'NONE',  ( -0.8194328211555310659, 0.4910254037844382635, 0.09999999999999993616 ) ) ;
#1240 = ADVANCED_FACE ( 'NONE', ( #408 ), #657, .F. ) ;
#1241 = MECHANICAL_DESIGN_GEOMETRIC_PRESENTATION_REPRESENTATION (  '', ( #741 ), #2242 ) ;
#1242 = SURFACE_STYLE_FILL_AREA ( #2184 ) ;
#1243 =( LENGTH_UNIT ( ) NAMED_UNIT ( * ) SI_UNIT ( .MILLI., .METRE. ) );
#1244 = EDGE_CURVE ( 'NONE', #2306, #1781, #3341, .T. ) ;
#1245 = PLANE ( 'NONE',  #976 ) ;
#1246 = PLANE ( 'NONE',  #708 ) ;
#1247 =( NAMED_UNIT ( * ) PLANE_ANGLE_UNIT ( ) SI_UNIT ( $, .RADIAN. ) );
#1248 =( NAMED_UNIT ( * ) SI_UNIT ( $, .STERADIAN. ) SOLID_ANGLE_UNIT ( ) );
#1249 = DIRECTION ( 'NONE',  ( 1.000000000000000000, 0.0000000000000000000, 0.0000000000000000000 ) ) ;
#1250 = ORIENTED_EDGE ( 'NONE', *, *, #3836, .T. ) ;
#1251 = CYLINDRICAL_SURFACE ( 'NONE', #838, 0.04999999999999991257 ) ;
#1252 = DIRECTION ( 'NONE',  ( -1.000000000000000000, 0.0000000000000000000, -0.0000000000000000000 ) ) ;
#1253 = CARTESIAN_POINT ( 'NONE',  ( -0.5250000000000000222, -0.6286171723855393800, 0.5500000000000000444 ) ) ;
#1254 = VECTOR ( 'NONE', #1456, 1000.000000000000000 ) ;
#1255 = CARTESIAN_POINT ( 'NONE',  ( 0.8194328211555315100, 0.4910254037844382635, 0.09999999999999993616 ) ) ;
#1256 = ORIENTED_EDGE ( 'NONE', *, *, #3831, .T. ) ;
#1257 = FILL_AREA_STYLE ('',( #1297 ) ) ;
#1258 = EDGE_CURVE ( 'NONE', #2594, #2669, #629, .T. ) ;
#1259 = DIRECTION ( 'NONE',  ( 1.000000000000000000, -0.0000000000000000000, 0.0000000000000000000 ) ) ;
#1260 = FACE_OUTER_BOUND ( 'NONE', #688, .T. ) ;
#1261 = VECTOR ( 'NONE', #895, 1000.000000000000114 ) ;
#1262 = EDGE_CURVE ( 'NONE', #2820, #642, #2187, .T. ) ;
#1263 = LINE ( 'NONE', #656, #2639 ) ;
#1264 = SURFACE_STYLE_FILL_AREA ( #2737 ) ;
#1265 = SURFACE_SIDE_STYLE ('',( #2814 ) ) ;
#1266 = SURFACE_STYLE_FILL_AREA ( #2207 ) ;
#1267 = PRESENTATION_LAYER_ASSIGNMENT (  '', '', ( #2445 ) ) ;
#1268 =( GEOMETRIC_REPRESENTATION_CONTEXT ( 3 ) GLOBAL_UNCERTAINTY_ASSIGNED_CONTEXT ( ( #3147 ) ) GLOBAL_UNIT_ASSIGNED_CONTEXT ( ( #2695, #2479, #3632 ) ) REPRESENTATION_CONTEXT ( 'NONE', 'WORKASPACE' ) );
#1269 = CARTESIAN_POINT ( 'NONE',  ( -0.7750000000000000222, -0.8762625420471984450, 0.1936013830779625133 ) ) ;
#1270 = VERTEX_POINT ( 'NONE', #674 ) ;
#1271 = LINE ( 'NONE', #2159, #17 ) ;
#1272 = DIRECTION ( 'NONE',  ( 1.000000000000000000, -0.0000000000000000000, -0.0000000000000000000 ) ) ;
#1273 = CARTESIAN_POINT ( 'NONE',  ( 0.7750000000000000222, -0.6286171723855390470, 0.5999999999999998668 ) ) ;
#1274 = VERTEX_POINT ( 'NONE', #3066 ) ;
#1275 = AXIS2_PLACEMENT_3D ( 'NONE', #497, #3818, #3146 ) ;
#1276 = ORIENTED_EDGE ( 'NONE', *, *, #1767, .T. ) ;
#1277 = PRESENTATION_LAYER_ASSIGNMENT (  '', '', ( #3638 ) ) ;
#1278 = DIRECTION ( 'NONE',  ( 0.0000000000000000000, 0.0000000000000000000, -1.000000000000000000 ) ) ;
#1279 = COLOUR_RGB ( '',0.7529411764705882248, 0.7529411764705882248, 0.7529411764705882248 ) ;
#1280 =( NAMED_UNIT ( * ) PLANE_ANGLE_UNIT ( ) SI_UNIT ( $, .RADIAN. ) );
#1281 = UNCERTAINTY_MEASURE_WITH_UNIT (LENGTH_MEASURE( 1.000000000000000082E-05 ), #2616, 'distance_accuracy_value', 'NONE');
#1282 = ADVANCED_FACE ( 'NONE', ( #3027 ), #388, .T. ) ;
#1283 =( GEOMETRIC_REPRESENTATION_CONTEXT ( 3 ) GLOBAL_UNCERTAINTY_ASSIGNED_CONTEXT ( ( #135 ) ) GLOBAL_UNIT_ASSIGNED_CONTEXT ( ( #285, #1164, #2361 ) ) REPRESENTATION_CONTEXT ( 'NONE', 'WORKASPACE' ) );
#1284 = SURFACE_STYLE_FILL_AREA ( #3340 ) ;
#1285 = SURFACE_SIDE_STYLE ('',( #2206 ) ) ;
#1286 = PRESENTATION_LAYER_ASSIGNMENT (  '', '', ( #2959 ) ) ;
#1287 = EDGE_CURVE ( 'NONE', #2102, #1565, #1957, .T. ) ;
#1288 = SURFACE_SIDE_STYLE ('',( #351 ) ) ;
#1289 = VERTEX_POINT ( 'NONE', #3730 ) ;
#1290 =( LENGTH_UNIT ( ) NAMED_UNIT ( * ) SI_UNIT ( .MILLI., .METRE. ) );
#1291 = CYLINDRICAL_SURFACE ( 'NONE', #3260, 0.1000000000000000472 ) ;
#1292 =( NAMED_UNIT ( * ) SI_UNIT ( $, .STERADIAN. ) SOLID_ANGLE_UNIT ( ) );
#1293 = UNCERTAINTY_MEASURE_WITH_UNIT (LENGTH_MEASURE( 1.000000000000000082E-05 ), #3461, 'distance_accuracy_value', 'NONE');
#1294 = PLANE ( 'NONE',  #126 ) ;
#1295 = ORIENTED_EDGE ( 'NONE', *, *, #1328, .T. ) ;
#1296 = DIRECTION ( 'NONE',  ( 0.0000000000000000000, 0.0000000000000000000, -1.000000000000000000 ) ) ;
#1297 = FILL_AREA_STYLE_COLOUR ( '', #3562 ) ;
#1298 = CARTESIAN_POINT ( 'NONE',  ( -0.7750000000000000222, 0.9258514289220328708, -1.897353801849632760E-16 ) ) ;
#1299 = CYLINDRICAL_SURFACE ( 'NONE', #1223, 0.04999999999999994033 ) ;
#1300 = FILL_AREA_STYLE_COLOUR ( '', #2997 ) ;
#1301 =( GEOMETRIC_REPRESENTATION_CONTEXT ( 3 ) GLOBAL_UNCERTAINTY_ASSIGNED_CONTEXT ( ( #459 ) ) GLOBAL_UNIT_ASSIGNED_CONTEXT ( ( #2590, #514, #2285 ) ) REPRESENTATION_CONTEXT ( 'NONE', 'WORKASPACE' ) );
#1302 = CARTESIAN_POINT ( 'NONE',  ( 0.5250000000000000222, -0.6782060592603726956, 0.5563986169220376254 ) ) ;
#1303 =( LENGTH_UNIT ( ) NAMED_UNIT ( * ) SI_UNIT ( .MILLI., .METRE. ) );
#1304 = CARTESIAN_POINT ( 'NONE',  ( 0.5250000000000000222, -0.9258514289220328708, 0.0000000000000000000 ) ) ;
#1305 = FILL_AREA_STYLE ('',( #717 ) ) ;
#1306 = CARTESIAN_POINT ( 'NONE',  ( -0.8809945155078899859, -0.4559945155078903301, 0.3556332756332790113 ) ) ;
#1307 = EDGE_CURVE ( 'NONE', #2326, #2706, #3140, .T. ) ;
#1308 = CARTESIAN_POINT ( 'NONE',  ( -0.5250000000000000222, -0.6286171723855381588, 0.7499999999999998890 ) ) ;
#1309 = EDGE_LOOP ( 'NONE', ( #419, #1062, #1449, #3155 ) ) ;
#1310 = LINE ( 'NONE', #1046, #2164 ) ;
#1311 = CARTESIAN_POINT ( 'NONE',  ( -1.050000000000000044, -0.6250000000000000000, 0.5999999999999999778 ) ) ;
#1312 = EDGE_LOOP ( 'NONE', ( #370, #1373, #3748, #1796 ) ) ;
#1313 = FACE_OUTER_BOUND ( 'NONE', #2385, .T. ) ;
#1314 = CARTESIAN_POINT ( 'NONE',  ( -0.9160254037844381969, 0.3944328211555309660, 0.09999999999999993616 ) ) ;
#1315 = CARTESIAN_POINT ( 'NONE',  ( 0.5250000000000000222, -0.6286171723855390470, 0.5999999999999998668 ) ) ;
#1316 = ORIENTED_EDGE ( 'NONE', *, *, #1631, .T. ) ;
#1317 = FILL_AREA_STYLE ('',( #226 ) ) ;
#1318 = FILL_AREA_STYLE_COLOUR ( '', #440 ) ;
#1319 = CARTESIAN_POINT ( 'NONE',  ( 0.1250000000000000000, 0.6782060592603726956, 0.5563986169220370703 ) ) ;
#1320 = SURFACE_SIDE_STYLE ('',( #1264 ) ) ;
#1321 = DIRECTION ( 'NONE',  ( 1.000000000000000000, 0.0000000000000000000, 0.0000000000000000000 ) ) ;
#1322 = LINE ( 'NONE', #718, #873 ) ;
#1323 = CYLINDRICAL_SURFACE ( 'NONE', #686, 0.1000000000000000333 ) ;
#1324 = ORIENTED_EDGE ( 'NONE', *, *, #3546, .F. ) ;
#1325 =( LENGTH_UNIT ( ) NAMED_UNIT ( * ) SI_UNIT ( .MILLI., .METRE. ) );
#1326 = DIRECTION ( 'NONE',  ( 0.0000000000000000000, 0.0000000000000000000, 1.000000000000000000 ) ) ;
#1327 = UNCERTAINTY_MEASURE_WITH_UNIT (LENGTH_MEASURE( 1.000000000000000082E-05 ), #2034, 'distance_accuracy_value', 'NONE');
#1328 = EDGE_CURVE ( 'NONE', #2235, #2333, #1344, .T. ) ;
#1329 = MECHANICAL_DESIGN_GEOMETRIC_PRESENTATION_REPRESENTATION (  '', ( #3439 ), #903 ) ;
#1330 =( NAMED_UNIT ( * ) PLANE_ANGLE_UNIT ( ) SI_UNIT ( $, .RADIAN. ) );
#1331 = ORIENTED_EDGE ( 'NONE', *, *, #1746, .T. ) ;
#1332 =( GEOMETRIC_REPRESENTATION_CONTEXT ( 3 ) GLOBAL_UNCERTAINTY_ASSIGNED_CONTEXT ( ( #1446 ) ) GLOBAL_UNIT_ASSIGNED_CONTEXT ( ( #994, #122, #2514 ) ) REPRESENTATION_CONTEXT ( 'NONE', 'WORKASPACE' ) );
#1333 =( NAMED_UNIT ( * ) SI_UNIT ( $, .STERADIAN. ) SOLID_ANGLE_UNIT ( ) );
#1334 = ADVANCED_FACE ( 'NONE', ( #3402 ), #3179, .T. ) ;
#1335 = AXIS2_PLACEMENT_3D ( 'NONE', #235, #2625, #3813 ) ;
#1336 = CARTESIAN_POINT ( 'NONE',  ( 0.5250000000000000222, -0.8269727198848726424, 0.5755944676881508126 ) ) ;
#1337 = VERTEX_POINT ( 'NONE', #2226 ) ;
#1338 = ORIENTED_EDGE ( 'NONE', *, *, #2128, .T. ) ;
#1339 = VECTOR ( 'NONE', #2244, 1000.000000000000000 ) ;
#1340 = PRESENTATION_LAYER_ASSIGNMENT (  '', '', ( #3198 ) ) ;
#1341 = MECHANICAL_DESIGN_GEOMETRIC_PRESENTATION_REPRESENTATION (  '', ( #540 ), #648 ) ;
#1342 = MECHANICAL_DESIGN_GEOMETRIC_PRESENTATION_REPRESENTATION (  '', ( #3454 ), #2460 ) ;
#1343 = DIRECTION ( 'NONE',  ( 0.0000000000000000000, 0.0000000000000000000, -1.000000000000000000 ) ) ;
#1344 = LINE ( 'NONE', #1364, #397 ) ;
#1345 =( LENGTH_UNIT ( ) NAMED_UNIT ( * ) SI_UNIT ( .MILLI., .METRE. ) );
#1346 = FILL_AREA_STYLE ('',( #3756 ) ) ;
#1347 = AXIS2_PLACEMENT_3D ( 'NONE', #2508, #679, #1904 ) ;
#1348 = SURFACE_SIDE_STYLE ('',( #2248 ) ) ;
#1349 = EDGE_LOOP ( 'NONE', ( #588, #1250, #42, #3572 ) ) ;
#1350 = FILL_AREA_STYLE ('',( #145 ) ) ;
#1351 = DIRECTION ( 'NONE',  ( 0.0000000000000000000, -0.0000000000000000000, -1.000000000000000000 ) ) ;
#1352 = LINE ( 'NONE', #1311, #2394 ) ;
#1353 = FACE_OUTER_BOUND ( 'NONE', #2071, .T. ) ;
#1354 = ORIENTED_EDGE ( 'NONE', *, *, #1148, .T. ) ;
#1355 = VERTEX_POINT ( 'NONE', #755 ) ;
#1356 = FACE_OUTER_BOUND ( 'NONE', #2872, .T. ) ;
#1357 = DIRECTION ( 'NONE',  ( 0.0000000000000000000, 0.1279723384407591147, -0.9917777374966649795 ) ) ;
#1358 = ADVANCED_FACE ( 'NONE', ( #1076 ), #1381, .T. ) ;
#1359 = FILL_AREA_STYLE_COLOUR ( '', #1202 ) ;
#1360 =( GEOMETRIC_REPRESENTATION_CONTEXT ( 3 ) GLOBAL_UNCERTAINTY_ASSIGNED_CONTEXT ( ( #1200 ) ) GLOBAL_UNIT_ASSIGNED_CONTEXT ( ( #2043, #3264, #237 ) ) REPRESENTATION_CONTEXT ( 'NONE', 'WORKASPACE' ) );
#1361 = AXIS2_PLACEMENT_3D ( 'NONE', #1161, #2081, #560 ) ;
#1362 = EDGE_CURVE ( 'NONE', #3021, #1609, #2341, .T. ) ;
#1363 = DIRECTION ( 'NONE',  ( 1.000000000000000000, 0.0000000000000000000, 0.0000000000000000000 ) ) ;
#1364 = CARTESIAN_POINT ( 'NONE',  ( -0.7750000000000000222, 2.773217721561970766E-16, 8.948970312578765779E-17 ) ) ;
#1365 =( NAMED_UNIT ( * ) SI_UNIT ( $, .STERADIAN. ) SOLID_ANGLE_UNIT ( ) );
#1366 = MECHANICAL_DESIGN_GEOMETRIC_PRESENTATION_REPRESENTATION (  '', ( #32 ), #3223 ) ;
#1367 = DIRECTION ( 'NONE',  ( 0.2505628070857320866, 0.2505628070857320866, -0.9351131265310290708 ) ) ;
#1368 = VERTEX_POINT ( 'NONE', #3851 ) ;
#1369 = FILL_AREA_STYLE ('',( #3445 ) ) ;
#1370 = CARTESIAN_POINT ( 'NONE',  ( -0.1250000000000000000, 0.7274958814226984982, 0.1744055323118491874 ) ) ;
#1371 = UNCERTAINTY_MEASURE_WITH_UNIT (LENGTH_MEASURE( 1.000000000000000082E-05 ), #2948, 'distance_accuracy_value', 'NONE');
#1372 =( NAMED_UNIT ( * ) SI_UNIT ( $, .STERADIAN. ) SOLID_ANGLE_UNIT ( ) );
#1373 = ORIENTED_EDGE ( 'NONE', *, *, #2042, .F. ) ;
#1374 = DIRECTION ( 'NONE',  ( -0.0000000000000000000, 0.0000000000000000000, 1.000000000000000000 ) ) ;
#1375 = CARTESIAN_POINT ( 'NONE',  ( 0.5250000000000000222, 0.6286171723855393800, 0.5499999999999994893 ) ) ;
#1376 = SURFACE_SIDE_STYLE ('',( #527 ) ) ;
#1377 = ORIENTED_EDGE ( 'NONE', *, *, #2623, .F. ) ;
#1378 = FILL_AREA_STYLE ('',( #1318 ) ) ;
#1379 = ADVANCED_FACE ( 'NONE', ( #2318 ), #1755, .F. ) ;
#1380 = DIRECTION ( 'NONE',  ( 0.0000000000000000000, 0.1279723384407591424, -0.9917777374966649795 ) ) ;
#1381 = PLANE ( 'NONE',  #3120 ) ;
#1382 = DIRECTION ( 'NONE',  ( 0.0000000000000000000, -0.1279723384407590592, -0.9917777374966649795 ) ) ;
#1383 =( GEOMETRIC_REPRESENTATION_CONTEXT ( 3 ) GLOBAL_UNCERTAINTY_ASSIGNED_CONTEXT ( ( #985 ) ) GLOBAL_UNIT_ASSIGNED_CONTEXT ( ( #2876, #2214, #2551 ) ) REPRESENTATION_CONTEXT ( 'NONE', 'WORKASPACE' ) );
#1384 = EDGE_CURVE ( 'NONE', #2454, #2058, #3751, .T. ) ;
#1385 = CARTESIAN_POINT ( 'NONE',  ( 0.5250000000000000222, 0.9258514289220316495, 0.1999999999999997891 ) ) ;
#1386 = ORIENTED_EDGE ( 'NONE', *, *, #91, .F. ) ;
#1387 = PRESENTATION_STYLE_ASSIGNMENT (( #3364 ) ) ;
#1388 = CARTESIAN_POINT ( 'NONE',  ( -0.8462277403986440127, -0.5178203230275506552, 1.000000000000000000 ) ) ;
#1389 = STYLED_ITEM ( 'NONE', ( #896 ), #1409 ) ;
#1390 = DIRECTION ( 'NONE',  ( 0.0000000000000000000, 0.1279723384407591147, -0.9917777374966649795 ) ) ;
#1391 = ORIENTED_EDGE ( 'NONE', *, *, #3125, .T. ) ;
#1392 = DIRECTION ( 'NONE',  ( 1.000000000000000000, 0.0000000000000000000, 0.0000000000000000000 ) ) ;
#1393 = CARTESIAN_POINT ( 'NONE',  ( -0.7750000000000000222, 2.773217721561970766E-16, 0.7499999999999998890 ) ) ;
#1394 = SURFACE_STYLE_FILL_AREA ( #3131 ) ;
#1395 = VECTOR ( 'NONE', #2803, 1000.000000000000000 ) ;
#1396 = VECTOR ( 'NONE', #2455, 1000.000000000000000 ) ;
#1397 = PRESENTATION_STYLE_ASSIGNMENT (( #181 ) ) ;
#1398 = ORIENTED_EDGE ( 'NONE', *, *, #313, .T. ) ;
#1399 = PRESENTATION_LAYER_ASSIGNMENT (  '', '', ( #3001 ) ) ;
#1400 = ORIENTED_EDGE ( 'NONE', *, *, #247, .F. ) ;
#1401 = CARTESIAN_POINT ( 'NONE',  ( -0.9594716658762422190, 0.5344716658762421746, 0.6485139880411915358 ) ) ;
#1402 =( GEOMETRIC_REPRESENTATION_CONTEXT ( 3 ) GLOBAL_UNCERTAINTY_ASSIGNED_CONTEXT ( ( #1293 ) ) GLOBAL_UNIT_ASSIGNED_CONTEXT ( ( #3461, #3178, #1092 ) ) REPRESENTATION_CONTEXT ( 'NONE', 'WORKASPACE' ) );
#1403 = COLOUR_RGB ( '',0.7529411764705882248, 0.7529411764705882248, 0.7529411764705882248 ) ;
#1404 = VECTOR ( 'NONE', #776, 1000.000000000000000 ) ;
#1405 = LINE ( 'NONE', #2303, #1215 ) ;
#1406 = SURFACE_STYLE_FILL_AREA ( #3160 ) ;
#1407 = VECTOR ( 'NONE', #3073, 1000.000000000000000 ) ;
#1408 = DIRECTION ( 'NONE',  ( 1.000000000000000000, 0.0000000000000000000, 0.0000000000000000000 ) ) ;
#1409 = ADVANCED_FACE ( 'NONE', ( #1777 ), #3263, .T. ) ;
#1410 = LINE ( 'NONE', #3463, #936 ) ;
#1411 =( GEOMETRIC_REPRESENTATION_CONTEXT ( 3 ) GLOBAL_UNCERTAINTY_ASSIGNED_CONTEXT ( ( #2906 ) ) GLOBAL_UNIT_ASSIGNED_CONTEXT ( ( #3381, #2796, #1365 ) ) REPRESENTATION_CONTEXT ( 'NONE', 'WORKASPACE' ) );
#1412 = ORIENTED_EDGE ( 'NONE', *, *, #2748, .T. ) ;
#1413 =( LENGTH_UNIT ( ) NAMED_UNIT ( * ) SI_UNIT ( .MILLI., .METRE. ) );
#1414 = FILL_AREA_STYLE ('',( #1990 ) ) ;
#1415 = EDGE_CURVE ( 'NONE', #1417, #2058, #1832, .T. ) ;
#1416 = VECTOR ( 'NONE', #1392, 1000.000000000000000 ) ;
#1417 = VERTEX_POINT ( 'NONE', #1577 ) ;
#1418 = CARTESIAN_POINT ( 'NONE',  ( -0.7750000000000000222, 0.9258514289220316495, 0.1999999999999997891 ) ) ;
#1419 = CARTESIAN_POINT ( 'NONE',  ( 1.050000000000000044, -0.5284074173710933131, 0.5999999999999999778 ) ) ;
#1420 = LINE ( 'NONE', #2602, #2539 ) ;
#1421 = PRESENTATION_LAYER_ASSIGNMENT (  '', '', ( #923 ) ) ;
#1422 = CARTESIAN_POINT ( 'NONE',  ( -0.7750000000000000222, 0.8269727198848726424, 0.5755944676881500355 ) ) ;
#1423 = VERTEX_POINT ( 'NONE', #330 ) ;
#1424 = EDGE_LOOP ( 'NONE', ( #1951, #3477, #2162, #885 ) ) ;
#1425 = PLANE ( 'NONE',  #3682 ) ;
#1426 = SURFACE_STYLE_USAGE ( .BOTH. , #1114 ) ;
#1427 = CARTESIAN_POINT ( 'NONE',  ( -0.8767730985660118215, -0.4910254037844389297, 0.09999999999999993616 ) ) ;
#1428 = PLANE ( 'NONE',  #3092 ) ;
#1429 = VECTOR ( 'NONE', #1495, 1000.000000000000000 ) ;
#1430 = COLOUR_RGB ( '',0.1176470588235294101, 0.1176470588235294101, 0.1176470588235294101 ) ;
#1431 = CARTESIAN_POINT ( 'NONE',  ( -0.7750000000000001332, -0.6250000000000000000, 0.5999999999999999778 ) ) ;
#1432 = ORIENTED_EDGE ( 'NONE', *, *, #3133, .T. ) ;
#1433 = LINE ( 'NONE', #2955, #3251 ) ;
#1434 =( NAMED_UNIT ( * ) SI_UNIT ( $, .STERADIAN. ) SOLID_ANGLE_UNIT ( ) );
#1435 = VECTOR ( 'NONE', #3704, 1000.000000000000000 ) ;
#1436 = EDGE_CURVE ( 'NONE', #758, #2306, #2431, .T. ) ;
#1437 = SURFACE_SIDE_STYLE ('',( #498 ) ) ;
#1438 = ORIENTED_EDGE ( 'NONE', *, *, #416, .T. ) ;
#1439 = SURFACE_STYLE_FILL_AREA ( #1317 ) ;
#1440 = SURFACE_STYLE_USAGE ( .BOTH. , #3743 ) ;
#1441 =( NAMED_UNIT ( * ) PLANE_ANGLE_UNIT ( ) SI_UNIT ( $, .RADIAN. ) );
#1442 = EDGE_CURVE ( 'NONE', #468, #1681, #2810, .T. ) ;
#1443 = ORIENTED_EDGE ( 'NONE', *, *, #3299, .T. ) ;
#1444 = ORIENTED_EDGE ( 'NONE', *, *, #1219, .F. ) ;
#1445 = DIRECTION ( 'NONE',  ( 1.000000000000000000, 0.0000000000000000000, 0.0000000000000000000 ) ) ;
#1446 = UNCERTAINTY_MEASURE_WITH_UNIT (LENGTH_MEASURE( 1.000000000000000082E-05 ), #994, 'distance_accuracy_value', 'NONE');
#1447 = LINE ( 'NONE', #3479, #1776 ) ;
#1448 = MECHANICAL_DESIGN_GEOMETRIC_PRESENTATION_REPRESENTATION (  '', ( #1458 ), #2807 ) ;
#1449 = ORIENTED_EDGE ( 'NONE', *, *, #1862, .T. ) ;
#1450 = DIRECTION ( 'NONE',  ( 1.000000000000000000, 0.0000000000000000000, 0.0000000000000000000 ) ) ;
#1451 = SURFACE_STYLE_FILL_AREA ( #1414 ) ;
#1452 = SURFACE_STYLE_FILL_AREA ( #3230 ) ;
#1453 = ORIENTED_EDGE ( 'NONE', *, *, #2568, .F. ) ;
#1454 = DIRECTION ( 'NONE',  ( 1.000000000000000000, 0.0000000000000000000, 0.0000000000000000000 ) ) ;
#1455 = PLANE ( 'NONE',  #192 ) ;
#1456 = DIRECTION ( 'NONE',  ( 1.000000000000000000, 0.0000000000000000000, 0.0000000000000000000 ) ) ;
#1457 = DIRECTION ( 'NONE',  ( 0.0000000000000000000, 1.000000000000000000, 0.0000000000000000000 ) ) ;
#1458 = STYLED_ITEM ( 'NONE', ( #465 ), #3658 ) ;
#1459 = ADVANCED_FACE ( 'NONE', ( #1260 ), #1016, .T. ) ;
#1460 = FILL_AREA_STYLE ('',( #2107 ) ) ;
#1461 = ORIENTED_EDGE ( 'NONE', *, *, #2061, .F. ) ;
#1462 = EDGE_LOOP ( 'NONE', ( #934, #3610, #2784, #2885 ) ) ;
#1463 =( GEOMETRIC_REPRESENTATION_CONTEXT ( 3 ) GLOBAL_UNCERTAINTY_ASSIGNED_CONTEXT ( ( #2233 ) ) GLOBAL_UNIT_ASSIGNED_CONTEXT ( ( #9, #1513, #3020 ) ) REPRESENTATION_CONTEXT ( 'NONE', 'WORKASPACE' ) );
#1464 = PRESENTATION_LAYER_ASSIGNMENT (  '', '', ( #3113 ) ) ;
#1465 = EDGE_CURVE ( 'NONE', #1274, #2070, #2130, .T. ) ;
#1466 = STYLED_ITEM ( 'NONE', ( #1387 ), #3176 ) ;
#1467 = AXIS2_PLACEMENT_3D ( 'NONE', #3173, #3490, #832 ) ;
#1468 =( GEOMETRIC_REPRESENTATION_CONTEXT ( 3 ) GLOBAL_UNCERTAINTY_ASSIGNED_CONTEXT ( ( #891 ) ) GLOBAL_UNIT_ASSIGNED_CONTEXT ( ( #2059, #3525, #1758 ) ) REPRESENTATION_CONTEXT ( 'NONE', 'WORKASPACE' ) );
#1469 = LINE ( 'NONE', #1738, #2699 ) ;
#1470 = DIRECTION ( 'NONE',  ( 0.9659258262890680902, 0.0000000000000000000, -0.2588190451025213501 ) ) ;
#1471 =( NAMED_UNIT ( * ) SI_UNIT ( $, .STERADIAN. ) SOLID_ANGLE_UNIT ( ) );
#1472 = MECHANICAL_DESIGN_GEOMETRIC_PRESENTATION_REPRESENTATION (  '', ( #1910 ), #3196 ) ;
#1473 = SURFACE_STYLE_FILL_AREA ( #2077 ) ;
#1474 = VERTEX_POINT ( 'NONE', #689 ) ;
#1475 = FILL_AREA_STYLE ('',( #3582 ) ) ;
#1476 = MECHANICAL_DESIGN_GEOMETRIC_PRESENTATION_REPRESENTATION (  '', ( #3126 ), #1091 ) ;
#1477 = ORIENTED_EDGE ( 'NONE', *, *, #2493, .T. ) ;
#1478 = CIRCLE ( 'NONE', #1980, 0.04999999999999994033 ) ;
#1479 = DIRECTION ( 'NONE',  ( 1.000000000000000000, 0.0000000000000000000, 0.0000000000000000000 ) ) ;
#1480 = DIRECTION ( 'NONE',  ( -1.000000000000000000, 0.0000000000000000000, -0.0000000000000000000 ) ) ;
#1481 = MECHANICAL_DESIGN_GEOMETRIC_PRESENTATION_REPRESENTATION (  '', ( #1536 ), #2106 ) ;
#1482 = CARTESIAN_POINT ( 'NONE',  ( -0.5250000000000000222, 0.9258514289220316495, 0.1999999999999997891 ) ) ;
#1483 = ORIENTED_EDGE ( 'NONE', *, *, #485, .T. ) ;
#1484 = ORIENTED_EDGE ( 'NONE', *, *, #2988, .T. ) ;
#1485 = VECTOR ( 'NONE', #1158, 1000.000000000000000 ) ;
#1486 = PRESENTATION_STYLE_ASSIGNMENT (( #3239 ) ) ;
#1487 = EDGE_CURVE ( 'NONE', #2413, #423, #1539, .T. ) ;
#1488 = CARTESIAN_POINT ( 'NONE',  ( -0.7750000000000000222, 1.149999999999999911, -1.084202172485504434E-16 ) ) ;
#1489 = CARTESIAN_POINT ( 'NONE',  ( 0.9775870981367968948, -0.4559945155078905521, 0.8702486288769731848 ) ) ;
#1490 = CARTESIAN_POINT ( 'NONE',  ( 1.050000000000000044, 0.6250000000000000000, 0.5999999999999999778 ) ) ;
#1491 = EDGE_CURVE ( 'NONE', #2006, #1802, #3062, .T. ) ;
#1492 = ORIENTED_EDGE ( 'NONE', *, *, #1548, .T. ) ;
#1493 = CARTESIAN_POINT ( 'NONE',  ( -0.8194328211555312880, -0.4910254037844383745, 0.09999999999999993616 ) ) ;
#1494 = CARTESIAN_POINT ( 'NONE',  ( -0.7750000000000000222, 0.6286171723855382698, 0.7499999999999995559 ) ) ;
#1495 = DIRECTION ( 'NONE',  ( -0.0000000000000000000, 0.2588190451025213501, -0.9659258262890680902 ) ) ;
#1496 = VERTEX_POINT ( 'NONE', #2775 ) ;
#1497 = PLANE ( 'NONE',  #1780 ) ;
#1498 =( LENGTH_UNIT ( ) NAMED_UNIT ( * ) SI_UNIT ( .MILLI., .METRE. ) );
#1499 = ORIENTED_EDGE ( 'NONE', *, *, #485, .F. ) ;
#1500 = ORIENTED_EDGE ( 'NONE', *, *, #935, .T. ) ;
#1501 = SURFACE_SIDE_STYLE ('',( #3520 ) ) ;
#1502 = CARTESIAN_POINT ( 'NONE',  ( -0.7750000000000000222, -0.6286171723855392690, 0.5500000000000000444 ) ) ;
#1503 =( NAMED_UNIT ( * ) PLANE_ANGLE_UNIT ( ) SI_UNIT ( $, .RADIAN. ) );
#1504 = EDGE_CURVE ( 'NONE', #1199, #3076, #2204, .T. ) ;
#1505 = EDGE_LOOP ( 'NONE', ( #943, #483, #3527, #1084 ) ) ;
#1506 = FILL_AREA_STYLE_COLOUR ( '', #3064 ) ;
#1507 = SURFACE_STYLE_USAGE ( .BOTH. , #3857 ) ;
#1508 = ADVANCED_FACE ( 'NONE', ( #2412 ), #941, .T. ) ;
#1509 = VECTOR ( 'NONE', #1010, 1000.000000000000000 ) ;
#1510 = ORIENTED_EDGE ( 'NONE', *, *, #2756, .F. ) ;
#1511 = SURFACE_SIDE_STYLE ('',( #2765 ) ) ;
#1512 = CARTESIAN_POINT ( 'NONE',  ( -0.9428203230275508107, 0.6250000000000000000, 1.000000000000000000 ) ) ;
#1513 =( NAMED_UNIT ( * ) PLANE_ANGLE_UNIT ( ) SI_UNIT ( $, .RADIAN. ) );
#1514 = EDGE_LOOP ( 'NONE', ( #2121, #1438, #1999, #1552 ) ) ;
#1515 = VERTEX_POINT ( 'NONE', #3707 ) ;
#1516 = FACE_OUTER_BOUND ( 'NONE', #901, .T. ) ;
#1517 = UNCERTAINTY_MEASURE_WITH_UNIT (LENGTH_MEASURE( 1.000000000000000082E-05 ), #3081, 'distance_accuracy_value', 'NONE');
#1518 =( NAMED_UNIT ( * ) SI_UNIT ( $, .STERADIAN. ) SOLID_ANGLE_UNIT ( ) );
#1519 = CARTESIAN_POINT ( 'NONE',  ( -0.1250000000000000000, 0.6250000000000000000, 0.5999999999999999778 ) ) ;
#1520 = ORIENTED_EDGE ( 'NONE', *, *, #2409, .F. ) ;
#1521 = DIRECTION ( 'NONE',  ( 0.0000000000000000000, 1.084202172485504434E-15, -1.000000000000000000 ) ) ;
#1522 = VECTOR ( 'NONE', #2362, 1000.000000000000000 ) ;
#1523 = CARTESIAN_POINT ( 'NONE',  ( 0.7750000000000001332, 0.6250000000000001110, 0.5999999999999994227 ) ) ;
#1524 =( GEOMETRIC_REPRESENTATION_CONTEXT ( 3 ) GLOBAL_UNCERTAINTY_ASSIGNED_CONTEXT ( ( #938 ) ) GLOBAL_UNIT_ASSIGNED_CONTEXT ( ( #1303, #690, #1686 ) ) REPRESENTATION_CONTEXT ( 'NONE', 'WORKASPACE' ) );
#1525 = EDGE_CURVE ( 'NONE', #484, #3483, #2865, .T. ) ;
#1526 = PRESENTATION_STYLE_ASSIGNMENT (( #462 ) ) ;
#1527 = ORIENTED_EDGE ( 'NONE', *, *, #2200, .F. ) ;
#1528 = PRESENTATION_LAYER_ASSIGNMENT (  '', '', ( #3382 ) ) ;
#1529 =( NAMED_UNIT ( * ) PLANE_ANGLE_UNIT ( ) SI_UNIT ( $, .RADIAN. ) );
#1530 =( NAMED_UNIT ( * ) PLANE_ANGLE_UNIT ( ) SI_UNIT ( $, .RADIAN. ) );
#1531 =( LENGTH_UNIT ( ) NAMED_UNIT ( * ) SI_UNIT ( .MILLI., .METRE. ) );
#1532 = ADVANCED_FACE ( 'NONE', ( #3749 ), #772, .F. ) ;
#1533 = ORIENTED_EDGE ( 'NONE', *, *, #1914, .F. ) ;
#1534 = EDGE_LOOP ( 'NONE', ( #1716, #2198, #973, #547, #3491, #2280, #3647, #2615, #3347, #1902, #2841, #2202 ) ) ;
#1535 =( LENGTH_UNIT ( ) NAMED_UNIT ( * ) SI_UNIT ( .MILLI., .METRE. ) );
#1536 = STYLED_ITEM ( 'NONE', ( #3785 ), #1054 ) ;
#1537 = CIRCLE ( 'NONE', #279, 0.04999999999999991257 ) ;
#1538 = SURFACE_SIDE_STYLE ('',( #1242 ) ) ;
#1539 = LINE ( 'NONE', #2715, #2751 ) ;
#1540 = DIRECTION ( 'NONE',  ( 1.000000000000000000, 0.0000000000000000000, 0.0000000000000000000 ) ) ;
#1541 = DIRECTION ( 'NONE',  ( 0.0000000000000000000, 1.000000000000000000, 0.0000000000000000000 ) ) ;
#1542 =( LENGTH_UNIT ( ) NAMED_UNIT ( * ) SI_UNIT ( .MILLI., .METRE. ) );
#1543 =( LENGTH_UNIT ( ) NAMED_UNIT ( * ) SI_UNIT ( .MILLI., .METRE. ) );
#1544 = ORIENTED_EDGE ( 'NONE', *, *, #1992, .F. ) ;
#1545 = CARTESIAN_POINT ( 'NONE',  ( -1.050000000000000044, 0.6250000000000000000, 0.5999999999999999778 ) ) ;
#1546 = CARTESIAN_POINT ( 'NONE',  ( -0.5250000000000000222, 1.149999999999999911, 0.1499999999999997724 ) ) ;
#1547 = FACE_OUTER_BOUND ( 'NONE', #3683, .T. ) ;
#1548 = EDGE_CURVE ( 'NONE', #1909, #1730, #469, .T. ) ;
#1549 = COLOUR_RGB ( '',0.7529411764705882248, 0.7529411764705882248, 0.7529411764705882248 ) ;
#1550 = DIRECTION ( 'NONE',  ( 0.0000000000000000000, 0.9659258262890680902, -0.2588190451025213501 ) ) ;
#1551 = ORIENTED_EDGE ( 'NONE', *, *, #1868, .T. ) ;
#1552 = ORIENTED_EDGE ( 'NONE', *, *, #3396, .F. ) ;
#1553 = AXIS2_PLACEMENT_3D ( 'NONE', #584, #526, #1480 ) ;
#1554 = CARTESIAN_POINT ( 'NONE',  ( -0.9160254037844386410, 0.4517730985660119991, 0.09999999999999992228 ) ) ;
#1555 = ADVANCED_FACE ( 'NONE', ( #169 ), #2281, .T. ) ;
#1556 = VECTOR ( 'NONE', #2901, 1000.000000000000000 ) ;
#1557 = DIRECTION ( 'NONE',  ( 0.0000000000000000000, 1.000000000000000000, 0.0000000000000000000 ) ) ;
#1558 = CARTESIAN_POINT ( 'NONE',  ( -0.7750000000000001332, -0.6249999999999998890, 0.6000000000000000888 ) ) ;
#1559 = DIRECTION ( 'NONE',  ( -0.9659258262890682012, 0.0000000000000000000, 0.2588190451025214611 ) ) ;
#1560 = PLANE ( 'NONE',  #198 ) ;
#1561 = DIRECTION ( 'NONE',  ( 1.000000000000000000, 0.0000000000000000000, 0.0000000000000000000 ) ) ;
#1562 = CARTESIAN_POINT ( 'NONE',  ( -0.5249999999999999112, -0.6249999999999998890, 0.6000000000000000888 ) ) ;
#1563 = FILL_AREA_STYLE_COLOUR ( '', #410 ) ;
#1564 = UNCERTAINTY_MEASURE_WITH_UNIT (LENGTH_MEASURE( 1.000000000000000082E-05 ), #564, 'distance_accuracy_value', 'NONE');
#1565 = VERTEX_POINT ( 'NONE', #3868 ) ;
#1566 = PRESENTATION_STYLE_ASSIGNMENT (( #1864 ) ) ;
#1567 = DIRECTION ( 'NONE',  ( 0.0000000000000000000, 2.168404344971009184E-14, -1.000000000000000000 ) ) ;
#1568 =( NAMED_UNIT ( * ) PLANE_ANGLE_UNIT ( ) SI_UNIT ( $, .RADIAN. ) );
#1569 = CARTESIAN_POINT ( 'NONE',  ( -1.700000000000000178, 0.5848076211353316900, 0.7499999999999994449 ) ) ;
#1570 = PRESENTATION_STYLE_ASSIGNMENT (( #3699 ) ) ;
#1571 = VERTEX_POINT ( 'NONE', #549 ) ;
#1572 = ADVANCED_FACE ( 'NONE', ( #2622 ), #2645, .F. ) ;
#1573 =( NAMED_UNIT ( * ) SI_UNIT ( $, .STERADIAN. ) SOLID_ANGLE_UNIT ( ) );
#1574 = DIRECTION ( 'NONE',  ( -1.000000000000000000, -0.0000000000000000000, -0.0000000000000000000 ) ) ;
#1575 = EDGE_CURVE ( 'NONE', #1644, #3244, #2110, .T. ) ;
#1576 = CARTESIAN_POINT ( 'NONE',  ( 0.7750000000000000222, -0.7274958814226984982, 0.1744055323118496315 ) ) ;
#1577 = CARTESIAN_POINT ( 'NONE',  ( -0.5250000000000000222, -0.6782060592603725846, 0.5563986169220377365 ) ) ;
#1578 =( GEOMETRIC_REPRESENTATION_CONTEXT ( 3 ) GLOBAL_UNCERTAINTY_ASSIGNED_CONTEXT ( ( #2578 ) ) GLOBAL_UNIT_ASSIGNED_CONTEXT ( ( #592, #2698, #2680 ) ) REPRESENTATION_CONTEXT ( 'NONE', 'WORKASPACE' ) );
#1579 = DIRECTION ( 'NONE',  ( 1.000000000000000000, 0.0000000000000000000, 0.0000000000000000000 ) ) ;
#1580 = CARTESIAN_POINT ( 'NONE',  ( -1.050000000000000044, -0.6250000000000000000, 0.5999999999999999778 ) ) ;
#1581 = CARTESIAN_POINT ( 'NONE',  ( 0.1250000000000000000, 0.8762625420471984450, 0.1936013830779621525 ) ) ;
#1582 = PRESENTATION_LAYER_ASSIGNMENT (  '', '', ( #1020 ) ) ;
#1583 = CYLINDRICAL_SURFACE ( 'NONE', #2302, 0.1000000000000000472 ) ;
#1584 = MECHANICAL_DESIGN_GEOMETRIC_PRESENTATION_REPRESENTATION (  '', ( #3001 ), #1268 ) ;
#1585 = ORIENTED_EDGE ( 'NONE', *, *, #2576, .F. ) ;
#1586 = DIRECTION ( 'NONE',  ( 1.000000000000000000, 0.0000000000000000000, 0.0000000000000000000 ) ) ;
#1587 = DIRECTION ( 'NONE',  ( 1.000000000000000000, 0.0000000000000000000, 0.0000000000000000000 ) ) ;
#1588 = AXIS2_PLACEMENT_3D ( 'NONE', #748, #1656, #2254 ) ;
#1589 = STYLED_ITEM ( 'NONE', ( #2422 ), #3019 ) ;
#1590 = ORIENTED_EDGE ( 'NONE', *, *, #340, .T. ) ;
#1591 = VECTOR ( 'NONE', #3662, 1000.000000000000114 ) ;
#1592 = CARTESIAN_POINT ( 'NONE',  ( 0.5250000000000000222, -0.6286171723855382698, 0.7499999999999997780 ) ) ;
#1593 = CARTESIAN_POINT ( 'NONE',  ( -0.5250000000000000222, 0.5848076211353315790, 0.7499999999999995559 ) ) ;
#1594 = PRESENTATION_LAYER_ASSIGNMENT (  '', '', ( #1466 ) ) ;
#1595 = CIRCLE ( 'NONE', #1978, 0.2000000000000000944 ) ;
#1596 = CARTESIAN_POINT ( 'NONE',  ( -0.1250000000000000000, 0.6286171723855390470, 0.5999999999999994227 ) ) ;
#1597 = ORIENTED_EDGE ( 'NONE', *, *, #3853, .T. ) ;
#1598 =( NAMED_UNIT ( * ) PLANE_ANGLE_UNIT ( ) SI_UNIT ( $, .RADIAN. ) );
#1599 = DIRECTION ( 'NONE',  ( 1.000000000000000000, 0.0000000000000000000, 0.0000000000000000000 ) ) ;
#1600 = ADVANCED_FACE ( 'NONE', ( #207 ), #1425, .F. ) ;
#1601 = AXIS2_PLACEMENT_3D ( 'NONE', #949, #3309, #1216 ) ;
#1602 = FILL_AREA_STYLE_COLOUR ( '', #3787 ) ;
#1603 = SURFACE_STYLE_FILL_AREA ( #333 ) ;
#1604 = SURFACE_STYLE_FILL_AREA ( #3067 ) ;
#1605 = DIRECTION ( 'NONE',  ( 1.000000000000000000, 0.0000000000000000000, 0.0000000000000000000 ) ) ;
#1606 = VECTOR ( 'NONE', #2304, 1000.000000000000000 ) ;
#1607 = EDGE_CURVE ( 'NONE', #3584, #1644, #424, .T. ) ;
#1608 = FACE_OUTER_BOUND ( 'NONE', #3667, .T. ) ;
#1609 = VERTEX_POINT ( 'NONE', #3591 ) ;
#1610 = CARTESIAN_POINT ( 'NONE',  ( -0.1250000000000000000, 0.8762625420471984450, 0.1936013830779621525 ) ) ;
#1611 = DIRECTION ( 'NONE',  ( 1.000000000000000000, 0.0000000000000000000, 0.0000000000000000000 ) ) ;
#1612 = LINE ( 'NONE', #2786, #69 ) ;
#1613 = SURFACE_SIDE_STYLE ('',( #2140 ) ) ;
#1614 = SURFACE_SIDE_STYLE ('',( #398 ) ) ;
#1615 = VERTEX_POINT ( 'NONE', #606 ) ;
#1616 = CARTESIAN_POINT ( 'NONE',  ( -0.9428203230275508107, -0.4212277403986434687, 1.000000000000000000 ) ) ;
#1617 = AXIS2_PLACEMENT_3D ( 'NONE', #472, #1688, #2888 ) ;
#1618 = DIRECTION ( 'NONE',  ( -0.0000000000000000000, 1.379090775700468400E-15, 1.000000000000000000 ) ) ;
#1619 = ORIENTED_EDGE ( 'NONE', *, *, #2973, .F. ) ;
#1620 = DIRECTION ( 'NONE',  ( 0.0000000000000000000, -1.000000000000000000, 0.0000000000000000000 ) ) ;
#1621 = DIRECTION ( 'NONE',  ( 0.0000000000000000000, 1.000000000000000000, 0.0000000000000000000 ) ) ;
#1622 = PRESENTATION_LAYER_ASSIGNMENT (  '', '', ( #3284 ) ) ;
#1623 = DIRECTION ( 'NONE',  ( 0.0000000000000000000, -1.000000000000000000, 1.379090775700468400E-15 ) ) ;
#1624 = FILL_AREA_STYLE ('',( #1000 ) ) ;
#1625 = DIRECTION ( 'NONE',  ( 0.0000000000000000000, 2.168404344971009184E-14, -1.000000000000000000 ) ) ;
#1626 = LINE ( 'NONE', #1702, #2720 ) ;
#1627 = ORIENTED_EDGE ( 'NONE', *, *, #3755, .F. ) ;
#1628 = CARTESIAN_POINT ( 'NONE',  ( 0.7750000000000000222, -0.9468959722737065876, -1.525931652754945356 ) ) ;
#1629 = PRESENTATION_STYLE_ASSIGNMENT (( #744 ) ) ;
#1630 = FACE_OUTER_BOUND ( 'NONE', #3249, .T. ) ;
#1631 = EDGE_CURVE ( 'NONE', #3556, #107, #1014, .T. ) ;
#1632 = CARTESIAN_POINT ( 'NONE',  ( 0.0000000000000000000, 0.0000000000000000000, 0.0000000000000000000 ) ) ;
#1633 = LINE ( 'NONE', #3367, #1645 ) ;
#1634 = ORIENTED_EDGE ( 'NONE', *, *, #1726, .F. ) ;
#1635 = DIRECTION ( 'NONE',  ( 0.0000000000000000000, -1.000000000000000000, 1.379090775700468400E-15 ) ) ;
#1636 = LINE ( 'NONE', #421, #3631 ) ;
#1637 = ORIENTED_EDGE ( 'NONE', *, *, #3811, .T. ) ;
#1638 =( NAMED_UNIT ( * ) PLANE_ANGLE_UNIT ( ) SI_UNIT ( $, .RADIAN. ) );
#1639 = UNCERTAINTY_MEASURE_WITH_UNIT (LENGTH_MEASURE( 1.000000000000000082E-05 ), #30, 'distance_accuracy_value', 'NONE');
#1640 =( LENGTH_UNIT ( ) NAMED_UNIT ( * ) SI_UNIT ( .MILLI., .METRE. ) );
#1641 = DIRECTION ( 'NONE',  ( 1.000000000000000000, 0.0000000000000000000, 0.0000000000000000000 ) ) ;
#1642 = VECTOR ( 'NONE', #1635, 1000.000000000000000 ) ;
#1643 = DIRECTION ( 'NONE',  ( 0.0000000000000000000, 0.0000000000000000000, -1.000000000000000000 ) ) ;
#1644 = VERTEX_POINT ( 'NONE', #1239 ) ;
#1645 = VECTOR ( 'NONE', #3390, 1000.000000000000000 ) ;
#1646 = CARTESIAN_POINT ( 'NONE',  ( 0.1250000000000000000, 0.6286171723855393800, 0.5499999999999994893 ) ) ;
#1647 =( GEOMETRIC_REPRESENTATION_CONTEXT ( 3 ) GLOBAL_UNCERTAINTY_ASSIGNED_CONTEXT ( ( #1170 ) ) GLOBAL_UNIT_ASSIGNED_CONTEXT ( ( #3317, #1280, #625 ) ) REPRESENTATION_CONTEXT ( 'NONE', 'WORKASPACE' ) );
#1648 =( LENGTH_UNIT ( ) NAMED_UNIT ( * ) SI_UNIT ( .MILLI., .METRE. ) );
#1649 = DIRECTION ( 'NONE',  ( 0.0000000000000000000, -1.000000000000000000, 0.0000000000000000000 ) ) ;
#1650 = SURFACE_STYLE_USAGE ( .BOTH. , #2856 ) ;
#1651 = UNCERTAINTY_MEASURE_WITH_UNIT (LENGTH_MEASURE( 1.000000000000000082E-05 ), #2608, 'distance_accuracy_value', 'NONE');
#1652 =( GEOMETRIC_REPRESENTATION_CONTEXT ( 3 ) GLOBAL_UNCERTAINTY_ASSIGNED_CONTEXT ( ( #2491 ) ) GLOBAL_UNIT_ASSIGNED_CONTEXT ( ( #707, #439, #1333 ) ) REPRESENTATION_CONTEXT ( 'NONE', 'WORKASPACE' ) );
#1653 = ADVANCED_FACE ( 'NONE', ( #1516 ), #2773, .F. ) ;
#1654 = CARTESIAN_POINT ( 'NONE',  ( -0.7750000000000000222, -1.149999999999999911, 0.1500000000000002442 ) ) ;
#1655 = ORIENTED_EDGE ( 'NONE', *, *, #2870, .F. ) ;
#1656 = DIRECTION ( 'NONE',  ( -0.0000000000000000000, 0.0000000000000000000, 1.000000000000000000 ) ) ;
#1657 = SURFACE_STYLE_FILL_AREA ( #730 ) ;
#1658 = AXIS2_PLACEMENT_3D ( 'NONE', #3170, #1712, #2555 ) ;
#1659 = STYLED_ITEM ( 'NONE', ( #1739 ), #1379 ) ;
#1660 = ADVANCED_FACE ( 'NONE', ( #63 ), #995, .T. ) ;
#1661 = MECHANICAL_DESIGN_GEOMETRIC_PRESENTATION_REPRESENTATION (  '', ( #3318 ), #778 ) ;
#1662 = PRESENTATION_STYLE_ASSIGNMENT (( #670 ) ) ;
#1663 = COLOUR_RGB ( '',0.7529411764705882248, 0.7529411764705882248, 0.7529411764705882248 ) ;
#1664 = VECTOR ( 'NONE', #3731, 1000.000000000000000 ) ;
#1665 = SURFACE_STYLE_FILL_AREA ( #138 ) ;
#1666 = FILL_AREA_STYLE_COLOUR ( '', #3448 ) ;
#1667 = DIRECTION ( 'NONE',  ( 0.0000000000000000000, 0.0000000000000000000, -1.000000000000000000 ) ) ;
#1668 = CARTESIAN_POINT ( 'NONE',  ( -0.9160254037844384190, -0.4517730985660124987, 0.09999999999999993616 ) ) ;
#1669 = DIRECTION ( 'NONE',  ( 1.000000000000000000, 0.0000000000000000000, 0.0000000000000000000 ) ) ;
#1670 = CARTESIAN_POINT ( 'NONE',  ( 1.010747694781573669, -0.6250000000000000000, 0.6000000000000009770 ) ) ;
#1671 = VERTEX_POINT ( 'NONE', #1593 ) ;
#1672 = DIRECTION ( 'NONE',  ( 1.000000000000000000, 0.0000000000000000000, 0.0000000000000000000 ) ) ;
#1673 = MECHANICAL_DESIGN_GEOMETRIC_PRESENTATION_REPRESENTATION (  '', ( #3018 ), #3336 ) ;
#1674 = CARTESIAN_POINT ( 'NONE',  ( -0.5250000000000000222, 2.773217721561970766E-16, -1.648112749638469543 ) ) ;
#1675 = CARTESIAN_POINT ( 'NONE',  ( -0.7750000000000000222, -0.9258514289220319826, 0.1500000000000000500 ) ) ;
#1676 = LINE ( 'NONE', #522, #2381 ) ;
#1677 = ORIENTED_EDGE ( 'NONE', *, *, #1504, .F. ) ;
#1678 = SURFACE_SIDE_STYLE ('',( #2463 ) ) ;
#1679 = CARTESIAN_POINT ( 'NONE',  ( -0.1250000000000000000, 0.5500000000000000444, 0.7499999999999994449 ) ) ;
#1680 = EDGE_CURVE ( 'NONE', #2722, #1571, #83, .T. ) ;
#1681 = VERTEX_POINT ( 'NONE', #2516 ) ;
#1682 = CARTESIAN_POINT ( 'NONE',  ( 0.8276300532574104585, -0.4992226358863172675, 0.1305924866856464361 ) ) ;
#1683 = EDGE_CURVE ( 'NONE', #733, #2706, #1636, .T. ) ;
#1684 = UNCERTAINTY_MEASURE_WITH_UNIT (LENGTH_MEASURE( 1.000000000000000082E-05 ), #599, 'distance_accuracy_value', 'NONE');
#1685 = CARTESIAN_POINT ( 'NONE',  ( 0.5250000000000000222, 0.7274958814226984982, 0.1744055323118491874 ) ) ;
#1686 =( NAMED_UNIT ( * ) SI_UNIT ( $, .STERADIAN. ) SOLID_ANGLE_UNIT ( ) );
#1687 = MECHANICAL_DESIGN_GEOMETRIC_PRESENTATION_REPRESENTATION (  '', ( #1742 ), #2419 ) ;
#1688 = DIRECTION ( 'NONE',  ( 1.000000000000000000, 0.0000000000000000000, 0.0000000000000000000 ) ) ;
#1689 = LINE ( 'NONE', #822, #3594 ) ;
#1690 = ORIENTED_EDGE ( 'NONE', *, *, #841, .F. ) ;
#1691 = PLANE ( 'NONE',  #1093 ) ;
#1692 = VERTEX_POINT ( 'NONE', #166 ) ;
#1693 = CARTESIAN_POINT ( 'NONE',  ( -0.5250000000000000222, -1.149999999999999911, 0.1500000000000002442 ) ) ;
#1694 = FILL_AREA_STYLE_COLOUR ( '', #1026 ) ;
#1695 = EDGE_CURVE ( 'NONE', #3021, #232, #124, .T. ) ;
#1696 =( NAMED_UNIT ( * ) PLANE_ANGLE_UNIT ( ) SI_UNIT ( $, .RADIAN. ) );
#1697 = ORIENTED_EDGE ( 'NONE', *, *, #3225, .T. ) ;
#1698 = ORIENTED_EDGE ( 'NONE', *, *, #3133, .F. ) ;
#1699 = EDGE_CURVE ( 'NONE', #413, #2462, #3702, .T. ) ;
#1700 = PRESENTATION_STYLE_ASSIGNMENT (( #3833 ) ) ;
#1701 = CARTESIAN_POINT ( 'NONE',  ( 0.5250000000000000222, -1.149999999999999911, -1.648112749638469543 ) ) ;
#1702 = CARTESIAN_POINT ( 'NONE',  ( -0.5250000000000000222, 2.773217721561970766E-16, 0.1500000000000000500 ) ) ;
#1703 = MECHANICAL_DESIGN_GEOMETRIC_PRESENTATION_REPRESENTATION (  '', ( #3867 ), #3172 ) ;
#1704 =( NAMED_UNIT ( * ) PLANE_ANGLE_UNIT ( ) SI_UNIT ( $, .RADIAN. ) );
#1705 = ORIENTED_EDGE ( 'NONE', *, *, #1104, .T. ) ;
#1706 = SURFACE_SIDE_STYLE ('',( #535 ) ) ;
#1707 = FILL_AREA_STYLE ('',( #3425 ) ) ;
#1708 = LINE ( 'NONE', #2875, #2216 ) ;
#1709 = STYLED_ITEM ( 'NONE', ( #1710 ), #2417 ) ;
#1710 = PRESENTATION_STYLE_ASSIGNMENT (( #827 ) ) ;
#1711 = ORIENTED_EDGE ( 'NONE', *, *, #1801, .F. ) ;
#1712 = DIRECTION ( 'NONE',  ( -1.000000000000000000, -0.0000000000000000000, 0.0000000000000000000 ) ) ;
#1713 = STYLED_ITEM ( 'NONE', ( #2913 ), #3254 ) ;
#1714 = CARTESIAN_POINT ( 'NONE',  ( -1.050000000000000044, 0.6250000000000000000, 0.5999999999999999778 ) ) ;
#1715 = ORIENTED_EDGE ( 'NONE', *, *, #1262, .F. ) ;
#1716 = ORIENTED_EDGE ( 'NONE', *, *, #3665, .F. ) ;
#1717 =( NAMED_UNIT ( * ) PLANE_ANGLE_UNIT ( ) SI_UNIT ( $, .RADIAN. ) );
#1718 = VECTOR ( 'NONE', #724, 1000.000000000000000 ) ;
#1719 = SURFACE_STYLE_USAGE ( .BOTH. , #3575 ) ;
#1720 = PRESENTATION_STYLE_ASSIGNMENT (( #779 ) ) ;
#1721 = EDGE_CURVE ( 'NONE', #1274, #3368, #132, .T. ) ;
#1722 =( NAMED_UNIT ( * ) SI_UNIT ( $, .STERADIAN. ) SOLID_ANGLE_UNIT ( ) );
#1723 = VERTEX_POINT ( 'NONE', #1315 ) ;
#1724 = CARTESIAN_POINT ( 'NONE',  ( 0.5250000000000000222, -0.6782060592603726956, 0.5563986169220376254 ) ) ;
#1725 = DIRECTION ( 'NONE',  ( 0.0000000000000000000, 0.0000000000000000000, -1.000000000000000000 ) ) ;
#1726 = EDGE_CURVE ( 'NONE', #3244, #2903, #2584, .T. ) ;
#1727 = UNCERTAINTY_MEASURE_WITH_UNIT (LENGTH_MEASURE( 1.000000000000000082E-05 ), #501, 'distance_accuracy_value', 'NONE');
#1728 = AXIS2_PLACEMENT_3D ( 'NONE', #55, #1252, #1567 ) ;
#1729 =( LENGTH_UNIT ( ) NAMED_UNIT ( * ) SI_UNIT ( .MILLI., .METRE. ) );
#1730 = VERTEX_POINT ( 'NONE', #3370 ) ;
#1731 =( NAMED_UNIT ( * ) SI_UNIT ( $, .STERADIAN. ) SOLID_ANGLE_UNIT ( ) );
#1732 = FACE_OUTER_BOUND ( 'NONE', #183, .T. ) ;
#1733 = CARTESIAN_POINT ( 'NONE',  ( 0.9534074173710932465, 0.6250000000000000000, 0.5999999999999999778 ) ) ;
#1734 = CARTESIAN_POINT ( 'NONE',  ( 0.5250000000000000222, -0.9258514289220328708, 0.0000000000000000000 ) ) ;
#1735 = ORIENTED_EDGE ( 'NONE', *, *, #2468, .F. ) ;
#1736 = ORIENTED_EDGE ( 'NONE', *, *, #1607, .T. ) ;
#1737 = DIRECTION ( 'NONE',  ( -0.0000000000000000000, 0.0000000000000000000, 1.000000000000000000 ) ) ;
#1738 = CARTESIAN_POINT ( 'NONE',  ( 0.8276300532574104585, 0.4992226358863172675, 1.069407513314353242 ) ) ;
#1739 = PRESENTATION_STYLE_ASSIGNMENT (( #3496 ) ) ;
#1740 = PRESENTATION_STYLE_ASSIGNMENT (( #593 ) ) ;
#1741 = ORIENTED_EDGE ( 'NONE', *, *, #2776, .F. ) ;
#1742 = STYLED_ITEM ( 'NONE', ( #2380 ), #1996 ) ;
#1743 = SURFACE_STYLE_USAGE ( .BOTH. , #1706 ) ;
#1744 = CARTESIAN_POINT ( 'NONE',  ( -0.1250000000000000000, 0.6286171723855393800, 0.5499999999999994893 ) ) ;
#1745 = AXIS2_PLACEMENT_3D ( 'NONE', #3077, #3355, #402 ) ;
#1746 = EDGE_CURVE ( 'NONE', #423, #876, #2830, .T. ) ;
#1747 = FILL_AREA_STYLE ('',( #3859 ) ) ;
#1748 = SURFACE_SIDE_STYLE ('',( #853 ) ) ;
#1749 = DIRECTION ( 'NONE',  ( 0.0000000000000000000, 0.0000000000000000000, -1.000000000000000000 ) ) ;
#1750 = ORIENTED_EDGE ( 'NONE', *, *, #359, .F. ) ;
#1751 = ORIENTED_EDGE ( 'NONE', *, *, #1548, .F. ) ;
#1752 =( NAMED_UNIT ( * ) SI_UNIT ( $, .STERADIAN. ) SOLID_ANGLE_UNIT ( ) );
#1753 = UNCERTAINTY_MEASURE_WITH_UNIT (LENGTH_MEASURE( 1.000000000000000082E-05 ), #1232, 'distance_accuracy_value', 'NONE');
#1754 = PRESENTATION_STYLE_ASSIGNMENT (( #1719 ) ) ;
#1755 = PLANE ( 'NONE',  #2442 ) ;
#1756 = PRESENTATION_LAYER_ASSIGNMENT (  '', '', ( #1884 ) ) ;
#1757 = ORIENTED_EDGE ( 'NONE', *, *, #3616, .T. ) ;
#1758 =( NAMED_UNIT ( * ) SI_UNIT ( $, .STERADIAN. ) SOLID_ANGLE_UNIT ( ) );
#1759 = COLOUR_RGB ( '',0.7529411764705882248, 0.7529411764705882248, 0.7529411764705882248 ) ;
#1760 = DIRECTION ( 'NONE',  ( -0.0000000000000000000, 0.2588190451025213501, -0.9659258262890680902 ) ) ;
#1761 = PRESENTATION_STYLE_ASSIGNMENT (( #3543 ) ) ;
#1762 = VERTEX_POINT ( 'NONE', #1050 ) ;
#1763 = LINE ( 'NONE', #1545, #3648 ) ;
#1764 = FILL_AREA_STYLE_COLOUR ( '', #1141 ) ;
#1765 = DIRECTION ( 'NONE',  ( -1.000000000000000000, -0.0000000000000000000, 0.0000000000000000000 ) ) ;
#1766 = AXIS2_PLACEMENT_3D ( 'NONE', #15, #3850, #609 ) ;
#1767 = EDGE_CURVE ( 'NONE', #2070, #232, #3771, .T. ) ;
#1768 = LINE ( 'NONE', #288, #2330 ) ;
#1769 = ORIENTED_EDGE ( 'NONE', *, *, #436, .T. ) ;
#1770 = ORIENTED_EDGE ( 'NONE', *, *, #585, .T. ) ;
#1771 = VECTOR ( 'NONE', #1227, 1000.000000000000000 ) ;
#1772 =( NAMED_UNIT ( * ) SI_UNIT ( $, .STERADIAN. ) SOLID_ANGLE_UNIT ( ) );
#1773 = ADVANCED_FACE ( 'NONE', ( #2557 ), #2860, .T. ) ;
#1774 = CIRCLE ( 'NONE', #768, 0.2000000000000000944 ) ;
#1775 = CARTESIAN_POINT ( 'NONE',  ( 0.9428203230275508107, -0.4212277403986439128, 1.000000000000000000 ) ) ;
#1776 = VECTOR ( 'NONE', #3779, 1000.000000000000000 ) ;
#1777 = FACE_OUTER_BOUND ( 'NONE', #1132, .T. ) ;
#1778 = VECTOR ( 'NONE', #1971, 1000.000000000000000 ) ;
#1779 = MECHANICAL_DESIGN_GEOMETRIC_PRESENTATION_REPRESENTATION (  '', ( #1090 ), #2879 ) ;
#1780 = AXIS2_PLACEMENT_3D ( 'NONE', #1235, #2423, #3608 ) ;
#1781 = VERTEX_POINT ( 'NONE', #795 ) ;
#1782 = CARTESIAN_POINT ( 'NONE',  ( -0.1250000000000000000, 0.6286171723855393800, 0.5499999999999994893 ) ) ;
#1783 = DIRECTION ( 'NONE',  ( 0.0000000000000000000, -1.000000000000000000, 1.379090775700468400E-15 ) ) ;
#1784 = SURFACE_SIDE_STYLE ('',( #300 ) ) ;
#1785 = CIRCLE ( 'NONE', #1976, 0.2000000000000000944 ) ;
#1786 = MECHANICAL_DESIGN_GEOMETRIC_PRESENTATION_REPRESENTATION (  '', ( #3638 ), #3767 ) ;
#1787 = CARTESIAN_POINT ( 'NONE',  ( -0.7750000000000000222, -2.823029783604833700E-15, 0.6000000000000008660 ) ) ;
#1788 = ORIENTED_EDGE ( 'NONE', *, *, #153, .T. ) ;
#1789 = PRESENTATION_LAYER_ASSIGNMENT (  '', '', ( #390 ) ) ;
#1790 = SURFACE_STYLE_FILL_AREA ( #2065 ) ;
#1791 = LINE ( 'NONE', #338, #3189 ) ;
#1792 = CARTESIAN_POINT ( 'NONE',  ( 0.7750000000000000222, -0.9258514289220320936, 0.1499999999999999667 ) ) ;
#1793 = SURFACE_STYLE_USAGE ( .BOTH. , #3471 ) ;
#1794 = COLOUR_RGB ( '',0.7529411764705882248, 0.7529411764705882248, 0.7529411764705882248 ) ;
#1795 = CARTESIAN_POINT ( 'NONE',  ( -0.8462277403986437907, 0.5178203230275506552, 1.000000000000000000 ) ) ;
#1796 = ORIENTED_EDGE ( 'NONE', *, *, #2262, .T. ) ;
#1797 = ORIENTED_EDGE ( 'NONE', *, *, #3727, .T. ) ;
#1798 = EDGE_CURVE ( 'NONE', #1474, #2014, #2276, .T. ) ;
#1799 = AXIS2_PLACEMENT_3D ( 'NONE', #1210, #595, #312 ) ;
#1800 = UNCERTAINTY_MEASURE_WITH_UNIT (LENGTH_MEASURE( 1.000000000000000082E-05 ), #1185, 'distance_accuracy_value', 'NONE');
#1801 = EDGE_CURVE ( 'NONE', #2586, #380, #1926, .T. ) ;
#1802 = VERTEX_POINT ( 'NONE', #401 ) ;
#1803 = DIRECTION ( 'NONE',  ( 0.0000000000000000000, 1.084202172485504434E-15, -1.000000000000000000 ) ) ;
#1804 = LINE ( 'NONE', #536, #858 ) ;
#1805 = VECTOR ( 'NONE', #1382, 1000.000000000000114 ) ;
#1806 = PRESENTATION_STYLE_ASSIGNMENT (( #615 ) ) ;
#1807 = ORIENTED_EDGE ( 'NONE', *, *, #3858, .F. ) ;
#1808 = CARTESIAN_POINT ( 'NONE',  ( -0.7750000000000000222, 0.9258514289220320936, 0.1499999999999997724 ) ) ;
#1809 = SURFACE_SIDE_STYLE ('',( #2083 ) ) ;
#1810 = DIRECTION ( 'NONE',  ( 0.2588190451025213501, 0.0000000000000000000, -0.9659258262890680902 ) ) ;
#1811 = AXIS2_PLACEMENT_3D ( 'NONE', #3481, #781, #189 ) ;
#1812 = EDGE_LOOP ( 'NONE', ( #554, #603, #3237, #1544 ) ) ;
#1813 = ORIENTED_EDGE ( 'NONE', *, *, #819, .T. ) ;
#1814 = DIRECTION ( 'NONE',  ( 1.000000000000000000, 0.0000000000000000000, 0.0000000000000000000 ) ) ;
#1815 = SURFACE_SIDE_STYLE ('',( #2391 ) ) ;
#1816 = SURFACE_STYLE_USAGE ( .BOTH. , #2909 ) ;
#1817 = EDGE_CURVE ( 'NONE', #3294, #2729, #3414, .T. ) ;
#1818 = FILL_AREA_STYLE_COLOUR ( '', #2603 ) ;
#1819 = ORIENTED_EDGE ( 'NONE', *, *, #1415, .F. ) ;
#1820 = DIRECTION ( 'NONE',  ( 0.0000000000000000000, -0.9659258262890680902, 0.2588190451025213501 ) ) ;
#1821 = VECTOR ( 'NONE', #699, 1000.000000000000000 ) ;
#1822 = EDGE_LOOP ( 'NONE', ( #1690, #3718, #3801, #3444 ) ) ;
#1823 = LINE ( 'NONE', #2995, #1920 ) ;
#1824 = DIRECTION ( 'NONE',  ( 0.0000000000000000000, -1.000000000000000000, 0.0000000000000000000 ) ) ;
#1825 = ORIENTED_EDGE ( 'NONE', *, *, #1949, .F. ) ;
#1826 = ORIENTED_EDGE ( 'NONE', *, *, #3858, .T. ) ;
#1827 = FILL_AREA_STYLE ('',( #342 ) ) ;
#1828 = UNCERTAINTY_MEASURE_WITH_UNIT (LENGTH_MEASURE( 1.000000000000000082E-05 ), #230, 'distance_accuracy_value', 'NONE');
#1829 = PRESENTATION_LAYER_ASSIGNMENT (  '', '', ( #835 ) ) ;
#1830 = STYLED_ITEM ( 'NONE', ( #3095 ), #1508 ) ;
#1831 = FACE_OUTER_BOUND ( 'NONE', #594, .T. ) ;
#1832 = LINE ( 'NONE', #86, #3679 ) ;
#1833 =( GEOMETRIC_REPRESENTATION_CONTEXT ( 3 ) GLOBAL_UNCERTAINTY_ASSIGNED_CONTEXT ( ( #1800 ) ) GLOBAL_UNIT_ASSIGNED_CONTEXT ( ( #1185, #2069, #2141 ) ) REPRESENTATION_CONTEXT ( 'NONE', 'WORKASPACE' ) );
#1834 = VECTOR ( 'NONE', #3093, 1000.000000000000000 ) ;
#1835 =( GEOMETRIC_REPRESENTATION_CONTEXT ( 3 ) GLOBAL_UNCERTAINTY_ASSIGNED_CONTEXT ( ( #2270 ) ) GLOBAL_UNIT_ASSIGNED_CONTEXT ( ( #3606, #1529, #3014 ) ) REPRESENTATION_CONTEXT ( 'NONE', 'WORKASPACE' ) );
#1836 = CARTESIAN_POINT ( 'NONE',  ( -0.7750000000000000222, 1.149999999999999911, 0.1499999999999997724 ) ) ;
#1837 = DIRECTION ( 'NONE',  ( 1.000000000000000000, 0.0000000000000000000, 0.0000000000000000000 ) ) ;
#1838 = ADVANCED_FACE ( 'NONE', ( #2882 ), #3252, .T. ) ;
#1839 = COLOUR_RGB ( '',0.7529411764705882248, 0.7529411764705882248, 0.7529411764705882248 ) ;
#1840 = MECHANICAL_DESIGN_GEOMETRIC_PRESENTATION_REPRESENTATION (  '', ( #3687 ), #842 ) ;
#1841 = SURFACE_STYLE_FILL_AREA ( #3306 ) ;
#1842 = VERTEX_POINT ( 'NONE', #1140 ) ;
#1843 = MECHANICAL_DESIGN_GEOMETRIC_PRESENTATION_REPRESENTATION (  '', ( #3825 ), #3637 ) ;
#1844 = DIRECTION ( 'NONE',  ( -1.000000000000000000, 0.0000000000000000000, 0.0000000000000000000 ) ) ;
#1845 = CARTESIAN_POINT ( 'NONE',  ( 0.8462277403986431246, 0.5178203230275506552, 1.000000000000000000 ) ) ;
#1846 = EDGE_CURVE ( 'NONE', #1106, #2820, #1420, .T. ) ;
#1847 = FILL_AREA_STYLE ('',( #3291 ) ) ;
#1848 = AXIS2_PLACEMENT_3D ( 'NONE', #3359, #1641, #692 ) ;
#1849 = VECTOR ( 'NONE', #3654, 1000.000000000000114 ) ;
#1850 = CARTESIAN_POINT ( 'NONE',  ( -0.9035680178091243242, 0.5178203230275507662, 1.000000000000000000 ) ) ;
#1851 = VERTEX_POINT ( 'NONE', #3824 ) ;
#1852 = VERTEX_POINT ( 'NONE', #3171 ) ;
#1853 = SURFACE_STYLE_USAGE ( .BOTH. , #645 ) ;
#1854 = PRESENTATION_LAYER_ASSIGNMENT (  '', '', ( #1536 ) ) ;
#1855 = MECHANICAL_DESIGN_GEOMETRIC_PRESENTATION_REPRESENTATION (  '', ( #152 ), #2048 ) ;
#1856 = LINE ( 'NONE', #3279, #719 ) ;
#1857 = DIRECTION ( 'NONE',  ( 0.0000000000000000000, -1.000000000000000000, 0.0000000000000000000 ) ) ;
#1858 = CARTESIAN_POINT ( 'NONE',  ( -0.7750000000000000222, -1.095662632898206423, -1.506735801988831724 ) ) ;
#1859 = CARTESIAN_POINT ( 'NONE',  ( 0.5250000000000000222, -1.149999999999999911, 0.1500000000000001887 ) ) ;
#1860 =( NAMED_UNIT ( * ) PLANE_ANGLE_UNIT ( ) SI_UNIT ( $, .RADIAN. ) );
#1861 = SURFACE_STYLE_USAGE ( .BOTH. , #3620 ) ;
#1862 = EDGE_CURVE ( 'NONE', #1168, #478, #3346, .T. ) ;
#1863 = ORIENTED_EDGE ( 'NONE', *, *, #841, .T. ) ;
#1864 = SURFACE_STYLE_USAGE ( .BOTH. , #1511 ) ;
#1865 = CARTESIAN_POINT ( 'NONE',  ( 0.8194328211555312880, -0.4910254037844383745, 0.09999999999999993616 ) ) ;
#1866 = LINE ( 'NONE', #2658, #1152 ) ;
#1867 = AXIS2_PLACEMENT_3D ( 'NONE', #3799, #1408, #2525 ) ;
#1868 = EDGE_CURVE ( 'NONE', #3766, #1842, #3489, .T. ) ;
#1869 = CARTESIAN_POINT ( 'NONE',  ( -0.7750000000000000222, -0.9258514289220327598, 8.948970312578765779E-17 ) ) ;
#1870 = ORIENTED_EDGE ( 'NONE', *, *, #2357, .T. ) ;
#1871 = PRESENTATION_LAYER_ASSIGNMENT (  '', '', ( #1742 ) ) ;
#1872 = DIRECTION ( 'NONE',  ( 1.000000000000000000, 0.0000000000000000000, 0.0000000000000000000 ) ) ;
#1873 = DIRECTION ( 'NONE',  ( 0.0000000000000000000, 0.0000000000000000000, -1.000000000000000000 ) ) ;
#1874 = LINE ( 'NONE', #2976, #2149 ) ;
#1875 = FILL_AREA_STYLE_COLOUR ( '', #1169 ) ;
#1876 = CARTESIAN_POINT ( 'NONE',  ( -2.350000000000000089, -0.6249999999999998890, 0.6000000000000000888 ) ) ;
#1877 = DIRECTION ( 'NONE',  ( 0.0000000000000000000, -1.000000000000000000, 0.0000000000000000000 ) ) ;
#1878 = DIRECTION ( 'NONE',  ( 1.000000000000000000, 0.0000000000000000000, 0.0000000000000000000 ) ) ;
#1879 = ORIENTED_EDGE ( 'NONE', *, *, #913, .T. ) ;
#1880 = FILL_AREA_STYLE ('',( #2122 ) ) ;
#1881 = FACE_OUTER_BOUND ( 'NONE', #2179, .T. ) ;
#1882 = CARTESIAN_POINT ( 'NONE',  ( -0.1250000000000000000, 0.6782060592603726956, 0.5563986169220370703 ) ) ;
#1883 = COLOUR_RGB ( '',0.7529411764705882248, 0.7529411764705882248, 0.7529411764705882248 ) ;
#1884 = STYLED_ITEM ( 'NONE', ( #3528 ), #3733 ) ;
#1885 = EDGE_LOOP ( 'NONE', ( #3759, #711, #2836, #3175 ) ) ;
#1886 = DIRECTION ( 'NONE',  ( 0.0000000000000000000, 0.0000000000000000000, -1.000000000000000000 ) ) ;
#1887 = EDGE_CURVE ( 'NONE', #250, #1099, #2028, .T. ) ;
#1888 = CARTESIAN_POINT ( 'NONE',  ( -0.5250000000000000222, -0.6286171723855392690, 0.5500000000000000444 ) ) ;
#1889 = EDGE_CURVE ( 'NONE', #733, #2487, #1125, .T. ) ;
#1890 =( BOUNDED_CURVE ( )  B_SPLINE_CURVE ( 3, ( #967, #2472, #3348, #1008 ),
 .UNSPECIFIED., .F., .T. ) 
 B_SPLINE_CURVE_WITH_KNOTS ( ( 4, 4 ),
 ( 5.531305892884597952, 7.035064721474574512 ),
 .UNSPECIFIED. ) 
 CURVE ( )  GEOMETRIC_REPRESENTATION_ITEM ( )  RATIONAL_B_SPLINE_CURVE ( ( 1.000000000000000000, 0.8202709971758360696, 0.8202709971758360696, 1.000000000000000000 ) ) 
 REPRESENTATION_ITEM ( '' )  );
#1891 = VECTOR ( 'NONE', #2792, 1000.000000000000000 ) ;
#1892 =( LENGTH_UNIT ( ) NAMED_UNIT ( * ) SI_UNIT ( .MILLI., .METRE. ) );
#1893 = CARTESIAN_POINT ( 'NONE',  ( 1.050000000000000044, -0.6250000000000000000, 1.000000000000000000 ) ) ;
#1894 =( NAMED_UNIT ( * ) SI_UNIT ( $, .STERADIAN. ) SOLID_ANGLE_UNIT ( ) );
#1895 = FACE_OUTER_BOUND ( 'NONE', #3797, .T. ) ;
#1896 = COLOUR_RGB ( '',0.7529411764705882248, 0.7529411764705882248, 0.7529411764705882248 ) ;
#1897 = SURFACE_STYLE_FILL_AREA ( #1003 ) ;
#1898 = AXIS2_PLACEMENT_3D ( 'NONE', #3798, #251, #275 ) ;
#1899 =( GEOMETRIC_REPRESENTATION_CONTEXT ( 3 ) GLOBAL_UNCERTAINTY_ASSIGNED_CONTEXT ( ( #2768 ) ) GLOBAL_UNIT_ASSIGNED_CONTEXT ( ( #1325, #2250, #1100 ) ) REPRESENTATION_CONTEXT ( 'NONE', 'WORKASPACE' ) );
#1900 = AXIS2_PLACEMENT_3D ( 'NONE', #1393, #1374, #3470 ) ;
#1901 = DIRECTION ( 'NONE',  ( 0.0000000000000000000, -1.000000000000000000, 0.0000000000000000000 ) ) ;
#1902 = ORIENTED_EDGE ( 'NONE', *, *, #2296, .F. ) ;
#1903 = LINE ( 'NONE', #3713, #322 ) ;
#1904 = DIRECTION ( 'NONE',  ( 0.0000000000000000000, 0.0000000000000000000, 1.000000000000000000 ) ) ;
#1905 = DIRECTION ( 'NONE',  ( 1.000000000000000000, 0.0000000000000000000, 0.0000000000000000000 ) ) ;
#1906 = VECTOR ( 'NONE', #1173, 1000.000000000000114 ) ;
#1907 =( GEOMETRIC_REPRESENTATION_CONTEXT ( 3 ) GLOBAL_UNCERTAINTY_ASSIGNED_CONTEXT ( ( #3684 ) ) GLOBAL_UNIT_ASSIGNED_CONTEXT ( ( #2635, #968, #583 ) ) REPRESENTATION_CONTEXT ( 'NONE', 'WORKASPACE' ) );
#1908 = COLOUR_RGB ( '',0.7529411764705882248, 0.7529411764705882248, 0.7529411764705882248 ) ;
#1909 = VERTEX_POINT ( 'NONE', #3808 ) ;
#1910 = STYLED_ITEM ( 'NONE', ( #846 ), #364 ) ;
#1911 = CARTESIAN_POINT ( 'NONE',  ( -0.1250000000000000000, 1.149999999999999911, -1.084202172485504434E-16 ) ) ;
#1912 = SURFACE_STYLE_USAGE ( .BOTH. , #766 ) ;
#1913 = AXIS2_PLACEMENT_3D ( 'NONE', #552, #309, #3852 ) ;
#1914 = EDGE_CURVE ( 'NONE', #2896, #2729, #2329, .T. ) ;
#1915 = FILL_AREA_STYLE_COLOUR ( '', #2425 ) ;
#1916 = ORIENTED_EDGE ( 'NONE', *, *, #2171, .T. ) ;
#1917 = PRESENTATION_STYLE_ASSIGNMENT (( #3768 ) ) ;
#1918 = PRESENTATION_LAYER_ASSIGNMENT (  '', '', ( #3328 ) ) ;
#1919 = CARTESIAN_POINT ( 'NONE',  ( -0.1250000000000000000, 0.5500000000000000444, 0.7499999999999994449 ) ) ;
#1920 = VECTOR ( 'NONE', #3365, 1000.000000000000000 ) ;
#1921 = EDGE_CURVE ( 'NONE', #1355, #61, #246, .T. ) ;
#1922 = SURFACE_STYLE_FILL_AREA ( #366 ) ;
#1923 = SURFACE_SIDE_STYLE ('',( #1603 ) ) ;
#1924 = DIRECTION ( 'NONE',  ( -0.2505628070857320866, -0.2505628070857320866, 0.9351131265310290708 ) ) ;
#1925 = AXIS2_PLACEMENT_3D ( 'NONE', #2671, #2935, #2956 ) ;
#1926 =( BOUNDED_CURVE ( )  B_SPLINE_CURVE ( 3, ( #1616, #3453, #1972, #3132 ),
 .UNSPECIFIED., .F., .T. ) 
 B_SPLINE_CURVE_WITH_KNOTS ( ( 4, 4 ),
 ( 5.531305892884597952, 7.035064721474570071 ),
 .UNSPECIFIED. ) 
 CURVE ( )  GEOMETRIC_REPRESENTATION_ITEM ( )  RATIONAL_B_SPLINE_CURVE ( ( 1.000000000000000000, 0.8202709971758370688, 0.8202709971758370688, 1.000000000000000000 ) ) 
 REPRESENTATION_ITEM ( '' )  );
#1927 = CARTESIAN_POINT ( 'NONE',  ( -0.9775870981367968948, -0.4559945155078905521, 0.3297513711230267708 ) ) ;
#1928 = EDGE_LOOP ( 'NONE', ( #539, #1256, #1198, #529 ) ) ;
#1929 = CYLINDRICAL_SURFACE ( 'NONE', #638, 0.1999999999999999833 ) ;
#1930 = CARTESIAN_POINT ( 'NONE',  ( -0.1250000000000000000, 0.8762625420471984450, 0.1936013830779621525 ) ) ;
#1931 = FACE_OUTER_BOUND ( 'NONE', #2052, .T. ) ;
#1932 = UNCERTAINTY_MEASURE_WITH_UNIT (LENGTH_MEASURE( 1.000000000000000082E-05 ), #1079, 'distance_accuracy_value', 'NONE');
#1933 = ORIENTED_EDGE ( 'NONE', *, *, #2178, .F. ) ;
#1934 = PRESENTATION_LAYER_ASSIGNMENT (  '', '', ( #3405 ) ) ;
#1935 = SURFACE_SIDE_STYLE ('',( #1657 ) ) ;
#1936 = DIRECTION ( 'NONE',  ( 0.0000000000000000000, 0.0000000000000000000, -1.000000000000000000 ) ) ;
#1937 = CARTESIAN_POINT ( 'NONE',  ( -0.7750000000000000222, 1.149999999999999911, 0.1499999999999997724 ) ) ;
#1938 = ORIENTED_EDGE ( 'NONE', *, *, #1680, .T. ) ;
#1939 = PRODUCT_DEFINITION ( 'UNKNOWN', '', #3361, #2916 ) ;
#1940 =( NAMED_UNIT ( * ) PLANE_ANGLE_UNIT ( ) SI_UNIT ( $, .RADIAN. ) );
#1941 = LINE ( 'NONE', #3097, #775 ) ;
#1942 = DIRECTION ( 'NONE',  ( 0.0000000000000000000, -0.0000000000000000000, -1.000000000000000000 ) ) ;
#1943 = CARTESIAN_POINT ( 'NONE',  ( 0.5250000000000000222, 0.5500000000000000444, 0.7499999999999994449 ) ) ;
#1944 = EDGE_CURVE ( 'NONE', #61, #728, #3089, .T. ) ;
#1945 = ORIENTED_EDGE ( 'NONE', *, *, #2517, .F. ) ;
#1946 = DIRECTION ( 'NONE',  ( 0.0000000000000000000, 0.0000000000000000000, 1.000000000000000000 ) ) ;
#1947 = FILL_AREA_STYLE_COLOUR ( '', #2653 ) ;
#1948 = DIRECTION ( 'NONE',  ( 0.9659258262890682012, 0.0000000000000000000, -0.2588190451025211836 ) ) ;
#1949 = EDGE_CURVE ( 'NONE', #2235, #3774, #3529, .T. ) ;
#1950 = PLANE ( 'NONE',  #2868 ) ;
#1951 = ORIENTED_EDGE ( 'NONE', *, *, #151, .T. ) ;
#1952 = DIRECTION ( 'NONE',  ( 0.0000000000000000000, 0.0000000000000000000, -1.000000000000000000 ) ) ;
#1953 = DIRECTION ( 'NONE',  ( 0.0000000000000000000, 0.1279723384407591424, -0.9917777374966649795 ) ) ;
#1954 = ORIENTED_EDGE ( 'NONE', *, *, #681, .T. ) ;
#1955 = SURFACE_STYLE_FILL_AREA ( #185 ) ;
#1956 = DIRECTION ( 'NONE',  ( 0.0000000000000000000, -0.9917777374966650905, -0.1279723384407591702 ) ) ;
#1957 = LINE ( 'NONE', #2589, #3267 ) ;
#1958 = COLOUR_RGB ( '',0.1176470588235294101, 0.1176470588235294101, 0.1176470588235294101 ) ;
#1959 = FACE_OUTER_BOUND ( 'NONE', #763, .T. ) ;
#1960 = EDGE_CURVE ( 'NONE', #1496, #1692, #3600, .T. ) ;
#1961 = ORIENTED_EDGE ( 'NONE', *, *, #3259, .T. ) ;
#1962 = VECTOR ( 'NONE', #3765, 1000.000000000000114 ) ;
#1963 =( LENGTH_UNIT ( ) NAMED_UNIT ( * ) SI_UNIT ( .MILLI., .METRE. ) );
#1964 =( NAMED_UNIT ( * ) PLANE_ANGLE_UNIT ( ) SI_UNIT ( $, .RADIAN. ) );
#1965 = UNCERTAINTY_MEASURE_WITH_UNIT (LENGTH_MEASURE( 1.000000000000000082E-05 ), #3327, 'distance_accuracy_value', 'NONE');
#1966 = COLOUR_RGB ( '',0.7529411764705882248, 0.7529411764705882248, 0.7529411764705882248 ) ;
#1967 = EDGE_CURVE ( 'NONE', #951, #1270, #1322, .T. ) ;
#1968 = CARTESIAN_POINT ( 'NONE',  ( -0.9594716658762422190, -0.6310642485051489725, 0.6226320835309394619 ) ) ;
#1970 = EDGE_LOOP ( 'NONE', ( #1551, #2999, #2735, #548 ) ) ;
#1969 = AXIS2_PLACEMENT_3D ( 'NONE', #1580, #1820, #3581 ) ;
#1971 = DIRECTION ( 'NONE',  ( -0.0000000000000000000, 1.000000000000000000, -0.0000000000000000000 ) ) ;
#1972 = CARTESIAN_POINT ( 'NONE',  ( -0.9035680178091247683, -0.5178203230275506552, 1.000000000000000000 ) ) ;
#1973 = PRODUCT_DEFINITION_SHAPE ( 'NONE', 'NONE',  #1939 ) ;
#1974 = PRESENTATION_LAYER_ASSIGNMENT (  '', '', ( #3318 ) ) ;
#1975 = ORIENTED_EDGE ( 'NONE', *, *, #1213, .T. ) ;
#1976 = AXIS2_PLACEMENT_3D ( 'NONE', #2432, #1540, #2758 ) ;
#1977 = DIRECTION ( 'NONE',  ( 1.000000000000000000, 0.0000000000000000000, 0.0000000000000000000 ) ) ;
#1978 = AXIS2_PLACEMENT_3D ( 'NONE', #349, #1042, #2152 ) ;
#1979 =( GEOMETRIC_REPRESENTATION_CONTEXT ( 3 ) GLOBAL_UNCERTAINTY_ASSIGNED_CONTEXT ( ( #2112 ) ) GLOBAL_UNIT_ASSIGNED_CONTEXT ( ( #1543, #3329, #2741 ) ) REPRESENTATION_CONTEXT ( 'NONE', 'WORKASPACE' ) );
#1980 = AXIS2_PLACEMENT_3D ( 'NONE', #1418, #1454, #3742 ) ;
#1981 = CARTESIAN_POINT ( 'NONE',  ( 0.8462277403986435687, -0.5178203230275506552, 1.000000000000000000 ) ) ;
#1982 = CARTESIAN_POINT ( 'NONE',  ( -0.5250000000000000222, 0.6286171723855390470, 0.5999999999999994227 ) ) ;
#1983 =( NAMED_UNIT ( * ) PLANE_ANGLE_UNIT ( ) SI_UNIT ( $, .RADIAN. ) );
#1984 = LINE ( 'NONE', #142, #1805 ) ;
#1985 = ADVANCED_BREP_SHAPE_REPRESENTATION ( '59177ABF-A268-4E6E-A2A2-4DE5928D15FA', ( #2417, #3551 ), #114 ) ;
#1986 = PLANE ( 'NONE',  #158 ) ;
#1987 = ORIENTED_EDGE ( 'NONE', *, *, #487, .T. ) ;
#1988 = DIRECTION ( 'NONE',  ( 1.000000000000000000, 0.0000000000000000000, 0.0000000000000000000 ) ) ;
#1989 = PRESENTATION_LAYER_ASSIGNMENT (  '', '', ( #152 ) ) ;
#1990 = FILL_AREA_STYLE_COLOUR ( '', #11 ) ;
#1991 = PRESENTATION_STYLE_ASSIGNMENT (( #1650 ) ) ;
#1992 = EDGE_CURVE ( 'NONE', #2217, #3675, #350, .T. ) ;
#1993 = ORIENTED_EDGE ( 'NONE', *, *, #190, .F. ) ;
#1994 = DIRECTION ( 'NONE',  ( 0.0000000000000000000, 1.000000000000000000, 0.0000000000000000000 ) ) ;
#1995 = CARTESIAN_POINT ( 'NONE',  ( -0.9594716658762422190, 0.6310642485051489725, 0.5773679164690603827 ) ) ;
#1996 = ADVANCED_FACE ( 'NONE', ( #3029 ), #1583, .T. ) ;
#1997 = SURFACE_SIDE_STYLE ('',( #3434 ) ) ;
#1998 = ORIENTED_EDGE ( 'NONE', *, *, #3831, .F. ) ;
#1999 = ORIENTED_EDGE ( 'NONE', *, *, #1491, .F. ) ;
#2000 = PRESENTATION_STYLE_ASSIGNMENT (( #3725 ) ) ;
#2001 = UNCERTAINTY_MEASURE_WITH_UNIT (LENGTH_MEASURE( 1.000000000000000082E-05 ), #2914, 'distance_accuracy_value', 'NONE');
#2002 = SURFACE_STYLE_USAGE ( .BOTH. , #2587 ) ;
#2003 = FILL_AREA_STYLE_COLOUR ( '', #1033 ) ;
#2004 = VECTOR ( 'NONE', #228, 1000.000000000000000 ) ;
#2005 = LINE ( 'NONE', #3164, #602 ) ;
#2006 = VERTEX_POINT ( 'NONE', #72 ) ;
#2007 = CARTESIAN_POINT ( 'NONE',  ( -0.7750000000000000222, 0.9258514289220320936, 0.1499999999999997724 ) ) ;
#2008 = SURFACE_STYLE_USAGE ( .BOTH. , #792 ) ;
#2009 = ORIENTED_EDGE ( 'NONE', *, *, #541, .T. ) ;
#2010 = SURFACE_STYLE_FILL_AREA ( #525 ) ;
#2011 = PRESENTATION_STYLE_ASSIGNMENT (( #3720 ) ) ;
#2012 =( NAMED_UNIT ( * ) SI_UNIT ( $, .STERADIAN. ) SOLID_ANGLE_UNIT ( ) );
#2013 = ORIENTED_EDGE ( 'NONE', *, *, #1465, .F. ) ;
#2014 = VERTEX_POINT ( 'NONE', #3046 ) ;
#2015 = ADVANCED_FACE ( 'NONE', ( #983 ), #3643, .T. ) ;
#2016 = EDGE_CURVE ( 'NONE', #747, #876, #1626, .T. ) ;
#2017 =( NAMED_UNIT ( * ) SI_UNIT ( $, .STERADIAN. ) SOLID_ANGLE_UNIT ( ) );
#2018 = CARTESIAN_POINT ( 'NONE',  ( 0.1250000000000000000, 1.149999999999999911, 0.1499999999999997724 ) ) ;
#2019 = LINE ( 'NONE', #2567, #605 ) ;
#2020 = DIRECTION ( 'NONE',  ( 1.000000000000000000, 0.0000000000000000000, 0.0000000000000000000 ) ) ;
#2021 = ORIENTED_EDGE ( 'NONE', *, *, #2262, .F. ) ;
#2022 = CARTESIAN_POINT ( 'NONE',  ( -1.010747694781573891, -0.6250000000000004441, 0.5999999999999995337 ) ) ;
#2023 = DIRECTION ( 'NONE',  ( -1.000000000000000000, -0.0000000000000000000, 0.0000000000000000000 ) ) ;
#2024 = EDGE_LOOP ( 'NONE', ( #2994, #2320, #1655, #3059 ) ) ;
#2025 = CARTESIAN_POINT ( 'NONE',  ( 0.7750000000000001332, 0.5848076211353315790, 0.7499999999999995559 ) ) ;
#2026 = FILL_AREA_STYLE_COLOUR ( '', #2759 ) ;
#2027 = DIRECTION ( 'NONE',  ( 0.0000000000000000000, 0.0000000000000000000, -1.000000000000000000 ) ) ;
#2028 = LINE ( 'NONE', #3513, #476 ) ;
#2029 = MECHANICAL_DESIGN_GEOMETRIC_PRESENTATION_REPRESENTATION (  '', ( #1205 ), #3501 ) ;
#2030 = VECTOR ( 'NONE', #37, 1000.000000000000000 ) ;
#2031 =( NAMED_UNIT ( * ) PLANE_ANGLE_UNIT ( ) SI_UNIT ( $, .RADIAN. ) );
#2032 = ORIENTED_EDGE ( 'NONE', *, *, #1362, .F. ) ;
#2033 = MECHANICAL_DESIGN_GEOMETRIC_PRESENTATION_REPRESENTATION (  '', ( #65 ), #774 ) ;
#2034 =( LENGTH_UNIT ( ) NAMED_UNIT ( * ) SI_UNIT ( .MILLI., .METRE. ) );
#2035 = AXIS2_PLACEMENT_3D ( 'NONE', #1744, #3761, #3786 ) ;
#2036 = ADVANCED_FACE ( 'NONE', ( #1959 ), #214, .T. ) ;
#2037 =( GEOMETRIC_REPRESENTATION_CONTEXT ( 3 ) GLOBAL_UNCERTAINTY_ASSIGNED_CONTEXT ( ( #1371 ) ) GLOBAL_UNIT_ASSIGNED_CONTEXT ( ( #2948, #2907, #1149 ) ) REPRESENTATION_CONTEXT ( 'NONE', 'WORKASPACE' ) );
#2038 = SURFACE_STYLE_FILL_AREA ( #2390 ) ;
#2039 = CYLINDRICAL_SURFACE ( 'NONE', #1335, 0.04999999999999991257 ) ;
#2040 = CIRCLE ( 'NONE', #1038, 0.04999999999999999584 ) ;
#2041 = FACE_OUTER_BOUND ( 'NONE', #1505, .T. ) ;
#2042 = EDGE_CURVE ( 'NONE', #1136, #1337, #1984, .T. ) ;
#2043 =( LENGTH_UNIT ( ) NAMED_UNIT ( * ) SI_UNIT ( .MILLI., .METRE. ) );
#2044 = VERTEX_POINT ( 'NONE', #3141 ) ;
#2045 = CARTESIAN_POINT ( 'NONE',  ( 0.5250000000000000222, 1.878320690304093942E-16, 0.1499999999999999667 ) ) ;
#2046 = PRESENTATION_STYLE_ASSIGNMENT (( #496 ) ) ;
#2047 = MECHANICAL_DESIGN_GEOMETRIC_PRESENTATION_REPRESENTATION (  '', ( #3457 ), #590 ) ;
#2048 =( GEOMETRIC_REPRESENTATION_CONTEXT ( 3 ) GLOBAL_UNCERTAINTY_ASSIGNED_CONTEXT ( ( #2146 ) ) GLOBAL_UNIT_ASSIGNED_CONTEXT ( ( #3688, #3303, #1894 ) ) REPRESENTATION_CONTEXT ( 'NONE', 'WORKASPACE' ) );
#2049 =( NAMED_UNIT ( * ) SI_UNIT ( $, .STERADIAN. ) SOLID_ANGLE_UNIT ( ) );
#2050 = ORIENTED_EDGE ( 'NONE', *, *, #3011, .T. ) ;
#2051 = CARTESIAN_POINT ( 'NONE',  ( 0.7750000000000000222, 1.878320690304093942E-16, 0.0000000000000000000 ) ) ;
#2052 = EDGE_LOOP ( 'NONE', ( #1444, #284, #627, #3860, #2840, #856, #3810, #2891, #3485, #2143, #800, #927 ) ) ;
#2053 = ORIENTED_EDGE ( 'NONE', *, *, #3304, .F. ) ;
#2054 =( NAMED_UNIT ( * ) PLANE_ANGLE_UNIT ( ) SI_UNIT ( $, .RADIAN. ) );
#2055 = SURFACE_STYLE_USAGE ( .BOTH. , #1501 ) ;
#2056 = CYLINDRICAL_SURFACE ( 'NONE', #1766, 0.1999999999999999833 ) ;
#2057 = MECHANICAL_DESIGN_GEOMETRIC_PRESENTATION_REPRESENTATION (  '', ( #225 ), #2239 ) ;
#2058 = VERTEX_POINT ( 'NONE', #1096 ) ;
#2059 =( LENGTH_UNIT ( ) NAMED_UNIT ( * ) SI_UNIT ( .MILLI., .METRE. ) );
#2060 = DIRECTION ( 'NONE',  ( -1.000000000000000000, -0.0000000000000000000, 0.0000000000000000000 ) ) ;
#2061 = EDGE_CURVE ( 'NONE', #1289, #728, #2019, .T. ) ;
#2062 = MECHANICAL_DESIGN_GEOMETRIC_PRESENTATION_REPRESENTATION (  '', ( #3284 ), #94 ) ;
#2063 = DIRECTION ( 'NONE',  ( 1.000000000000000000, 0.0000000000000000000, 0.0000000000000000000 ) ) ;
#2064 = ORIENTED_EDGE ( 'NONE', *, *, #1967, .T. ) ;
#2065 = FILL_AREA_STYLE ('',( #886 ) ) ;
#2066 =( LENGTH_UNIT ( ) NAMED_UNIT ( * ) SI_UNIT ( .MILLI., .METRE. ) );
#2067 = EDGE_CURVE ( 'NONE', #851, #517, #1410, .T. ) ;
#2068 = SURFACE_STYLE_USAGE ( .BOTH. , #1748 ) ;
#2069 =( NAMED_UNIT ( * ) PLANE_ANGLE_UNIT ( ) SI_UNIT ( $, .RADIAN. ) );
#2070 = VERTEX_POINT ( 'NONE', #3181 ) ;
#2071 = EDGE_LOOP ( 'NONE', ( #1122, #3630, #173, #1975 ) ) ;
#2072 = UNCERTAINTY_MEASURE_WITH_UNIT (LENGTH_MEASURE( 1.000000000000000082E-05 ), #223, 'distance_accuracy_value', 'NONE');
#2073 = CARTESIAN_POINT ( 'NONE',  ( 0.9775870981367968948, -0.4559945155078901080, 0.3297513711230268818 ) ) ;
#2074 = SURFACE_SIDE_STYLE ('',( #551 ) ) ;
#2075 =( GEOMETRIC_REPRESENTATION_CONTEXT ( 3 ) GLOBAL_UNCERTAINTY_ASSIGNED_CONTEXT ( ( #1024 ) ) GLOBAL_UNIT_ASSIGNED_CONTEXT ( ( #2835, #493, #1722 ) ) REPRESENTATION_CONTEXT ( 'NONE', 'WORKASPACE' ) );
#2076 = VECTOR ( 'NONE', #1857, 1000.000000000000000 ) ;
#2077 = FILL_AREA_STYLE ('',( #1818 ) ) ;
#2078 = ORIENTED_EDGE ( 'NONE', *, *, #1384, .T. ) ;
#2079 = AXIS2_PLACEMENT_3D ( 'NONE', #2981, #1217, #2027 ) ;
#2080 = EDGE_CURVE ( 'NONE', #2217, #2919, #1119, .T. ) ;
#2081 = DIRECTION ( 'NONE',  ( 0.0000000000000000000, 1.379090775700468400E-15, -1.000000000000000000 ) ) ;
#2082 = EDGE_LOOP ( 'NONE', ( #27, #2693, #3236, #2570 ) ) ;
#2083 = SURFACE_STYLE_FILL_AREA ( #320 ) ;
#2084 = ADVANCED_FACE ( 'NONE', ( #821 ), #1428, .F. ) ;
#2085 = DIRECTION ( 'NONE',  ( 0.0000000000000000000, 0.1279723384407591147, -0.9917777374966649795 ) ) ;
#2086 = VERTEX_POINT ( 'NONE', #1336 ) ;
#2087 = EDGE_LOOP ( 'NONE', ( #3580, #580, #205, #644 ) ) ;
#2088 = COLOUR_RGB ( '',0.7529411764705882248, 0.7529411764705882248, 0.7529411764705882248 ) ;
#2089 = MECHANICAL_DESIGN_GEOMETRIC_PRESENTATION_REPRESENTATION (  '', ( #1830 ), #898 ) ;
#2090 =( NAMED_UNIT ( * ) SI_UNIT ( $, .STERADIAN. ) SOLID_ANGLE_UNIT ( ) );
#2091 = STYLED_ITEM ( 'NONE', ( #881 ), #3229 ) ;
#2092 = MECHANICAL_DESIGN_GEOMETRIC_PRESENTATION_REPRESENTATION (  '', ( #3373 ), #2874 ) ;
#2093 = CARTESIAN_POINT ( 'NONE',  ( 0.1250000000000000000, 0.5500000000000000444, 0.7499999999999994449 ) ) ;
#2094 = CIRCLE ( 'NONE', #578, 0.2000000000000000389 ) ;
#2095 = VECTOR ( 'NONE', #1649, 1000.000000000000000 ) ;
#2096 = ORIENTED_EDGE ( 'NONE', *, *, #2403, .F. ) ;
#2097 = FILL_AREA_STYLE ('',( #2433 ) ) ;
#2098 = CARTESIAN_POINT ( 'NONE',  ( 0.7750000000000000222, 0.8762625420471984450, 0.1936013830779621525 ) ) ;
#2099 = AXIS2_PLACEMENT_3D ( 'NONE', #2670, #2892, #824 ) ;
#2100 =( GEOMETRIC_REPRESENTATION_CONTEXT ( 3 ) GLOBAL_UNCERTAINTY_ASSIGNED_CONTEXT ( ( #820 ) ) GLOBAL_UNIT_ASSIGNED_CONTEXT ( ( #188, #1983, #1057 ) ) REPRESENTATION_CONTEXT ( 'NONE', 'WORKASPACE' ) );
#2101 = CARTESIAN_POINT ( 'NONE',  ( -0.5250000000000000222, -0.9258514289220327598, 8.948970312578765779E-17 ) ) ;
#2102 = VERTEX_POINT ( 'NONE', #2518 ) ;
#2103 =( GEOMETRIC_REPRESENTATION_CONTEXT ( 3 ) GLOBAL_UNCERTAINTY_ASSIGNED_CONTEXT ( ( #1639 ) ) GLOBAL_UNIT_ASSIGNED_CONTEXT ( ( #30, #954, #343 ) ) REPRESENTATION_CONTEXT ( 'NONE', 'WORKASPACE' ) );
#2104 = CARTESIAN_POINT ( 'NONE',  ( -0.7750000000000000222, 1.149999999999999911, 0.1499999999999997724 ) ) ;
#2105 = EDGE_CURVE ( 'NONE', #3312, #770, #710, .T. ) ;
#2106 =( GEOMETRIC_REPRESENTATION_CONTEXT ( 3 ) GLOBAL_UNCERTAINTY_ASSIGNED_CONTEXT ( ( #3024 ) ) GLOBAL_UNIT_ASSIGNED_CONTEXT ( ( #3502, #3736, #218 ) ) REPRESENTATION_CONTEXT ( 'NONE', 'WORKASPACE' ) );
#2107 = FILL_AREA_STYLE_COLOUR ( '', #2873 ) ;
#2108 = ORIENTED_EDGE ( 'NONE', *, *, #3599, .F. ) ;
#2109 = VERTEX_POINT ( 'NONE', #3397 ) ;
#2110 = LINE ( 'NONE', #3276, #701 ) ;
#2111 = EDGE_CURVE ( 'NONE', #290, #1230, #84, .T. ) ;
#2112 = UNCERTAINTY_MEASURE_WITH_UNIT (LENGTH_MEASURE( 1.000000000000000082E-05 ), #1543, 'distance_accuracy_value', 'NONE');
#2113 = LINE ( 'NONE', #3061, #1849 ) ;
#2114 = LINE ( 'NONE', #2430, #2076 ) ;
#2115 = DIRECTION ( 'NONE',  ( -0.2505628070857320866, -0.2505628070857320866, -0.9351131265310290708 ) ) ;
#2116 = VERTEX_POINT ( 'NONE', #1298 ) ;
#2117 = CARTESIAN_POINT ( 'NONE',  ( -0.7750000000000000222, 0.8269727198848726424, 0.5755944676881500355 ) ) ;
#2118 = DIRECTION ( 'NONE',  ( 0.0000000000000000000, 0.0000000000000000000, -1.000000000000000000 ) ) ;
#2119 = AXIS2_PLACEMENT_3D ( 'NONE', #268, #1605, #1643 ) ;
#2120 = PLANE ( 'NONE',  #783 ) ;
#2121 = ORIENTED_EDGE ( 'NONE', *, *, #2623, .T. ) ;
#2122 = FILL_AREA_STYLE_COLOUR ( '', #1663 ) ;
#2123 = SURFACE_SIDE_STYLE ('',( #1439 ) ) ;
#2124 = CARTESIAN_POINT ( 'NONE',  ( 0.5250000000000000222, 1.878320690304093942E-16, 0.7499999999999997780 ) ) ;
#2125 = LINE ( 'NONE', #2661, #2815 ) ;
#2126 = ORIENTED_EDGE ( 'NONE', *, *, #3567, .T. ) ;
#2127 = VERTEX_POINT ( 'NONE', #3653 ) ;
#2128 = EDGE_CURVE ( 'NONE', #1168, #1180, #978, .T. ) ;
#2129 = PRESENTATION_STYLE_ASSIGNMENT (( #3041 ) ) ;
#2130 = LINE ( 'NONE', #2185, #3560 ) ;
#2131 = ADVANCED_FACE ( 'NONE', ( #2498 ), #3372, .F. ) ;
#2132 = CARTESIAN_POINT ( 'NONE',  ( -0.1250000000000000000, 0.6286171723855393800, 0.5499999999999994893 ) ) ;
#2133 = EDGE_LOOP ( 'NONE', ( #3353, #260, #238, #85 ) ) ;
#2134 = FACE_OUTER_BOUND ( 'NONE', #177, .T. ) ;
#2135 = CARTESIAN_POINT ( 'NONE',  ( 0.7750000000000000222, 0.9258514289220316495, 0.1999999999999997891 ) ) ;
#2136 = DIRECTION ( 'NONE',  ( 0.0000000000000000000, 0.0000000000000000000, -1.000000000000000000 ) ) ;
#2137 = ORIENTED_EDGE ( 'NONE', *, *, #3616, .F. ) ;
#2138 = LINE ( 'NONE', #1808, #2030 ) ;
#2139 =( NAMED_UNIT ( * ) PLANE_ANGLE_UNIT ( ) SI_UNIT ( $, .RADIAN. ) );
#2140 = SURFACE_STYLE_FILL_AREA ( #1847 ) ;
#2141 =( NAMED_UNIT ( * ) SI_UNIT ( $, .STERADIAN. ) SOLID_ANGLE_UNIT ( ) );
#2142 = ORIENTED_EDGE ( 'NONE', *, *, #2153, .T. ) ;
#2143 = ORIENTED_EDGE ( 'NONE', *, *, #1699, .F. ) ;
#2144 = MECHANICAL_DESIGN_GEOMETRIC_PRESENTATION_REPRESENTATION (  '', ( #3626 ), #3112 ) ;
#2145 = CARTESIAN_POINT ( 'NONE',  ( 0.1250000000000000000, 0.9258514289220316495, 0.1999999999999997891 ) ) ;
#2146 = UNCERTAINTY_MEASURE_WITH_UNIT (LENGTH_MEASURE( 1.000000000000000082E-05 ), #3688, 'distance_accuracy_value', 'NONE');
#2147 = EDGE_CURVE ( 'NONE', #3675, #1762, #346, .T. ) ;
#2148 =( GEOMETRIC_REPRESENTATION_CONTEXT ( 3 ) GLOBAL_UNCERTAINTY_ASSIGNED_CONTEXT ( ( #3104 ) ) GLOBAL_UNIT_ASSIGNED_CONTEXT ( ( #2845, #1696, #2297 ) ) REPRESENTATION_CONTEXT ( 'NONE', 'WORKASPACE' ) );
#2149 = VECTOR ( 'NONE', #2150, 1000.000000000000000 ) ;
#2150 = DIRECTION ( 'NONE',  ( 1.000000000000000000, 0.0000000000000000000, 0.0000000000000000000 ) ) ;
#2151 = VECTOR ( 'NONE', #1182, 1000.000000000000000 ) ;
#2152 = DIRECTION ( 'NONE',  ( 0.0000000000000000000, 0.0000000000000000000, -1.000000000000000000 ) ) ;
#2153 = EDGE_CURVE ( 'NONE', #2862, #317, #732, .T. ) ;
#2154 = VECTOR ( 'NONE', #34, 1000.000000000000000 ) ;
#2155 = CARTESIAN_POINT ( 'NONE',  ( 0.7750000000000000222, -0.6286171723855382698, 0.7499999999999997780 ) ) ;
#2156 = ORIENTED_EDGE ( 'NONE', *, *, #706, .F. ) ;
#2157 = MECHANICAL_DESIGN_GEOMETRIC_PRESENTATION_REPRESENTATION (  '', ( #3382 ), #2037 ) ;
#2158 = CARTESIAN_POINT ( 'NONE',  ( 0.5250000000000000222, 0.8269727198848726424, 0.5755944676881500355 ) ) ;
#2159 = CARTESIAN_POINT ( 'NONE',  ( -0.7750000000000000222, -1.149999999999999911, 0.1500000000000002442 ) ) ;
#2160 = VECTOR ( 'NONE', #3206, 1000.000000000000000 ) ;
#2161 = COLOUR_RGB ( '',0.7529411764705882248, 0.7529411764705882248, 0.7529411764705882248 ) ;
#2162 = ORIENTED_EDGE ( 'NONE', *, *, #460, .F. ) ;
#2163 = PRESENTATION_STYLE_ASSIGNMENT (( #622 ) ) ;
#2164 = VECTOR ( 'NONE', #1611, 1000.000000000000000 ) ;
#2165 = FILL_AREA_STYLE ('',( #1915 ) ) ;
#2166 = STYLED_ITEM ( 'NONE', ( #2046 ), #1078 ) ;
#2167 = CARTESIAN_POINT ( 'NONE',  ( 0.5250000000000000222, -1.095662632898206423, -1.506735801988831724 ) ) ;
#2168 = FILL_AREA_STYLE_COLOUR ( '', #1908 ) ;
#2169 = DIRECTION ( 'NONE',  ( -1.000000000000000000, 0.0000000000000000000, -0.0000000000000000000 ) ) ;
#2170 = SURFACE_STYLE_USAGE ( .BOTH. , #658 ) ;
#2171 = EDGE_CURVE ( 'NONE', #770, #3244, #129, .T. ) ;
#2172 = PRESENTATION_STYLE_ASSIGNMENT (( #95 ) ) ;
#2173 = ORIENTED_EDGE ( 'NONE', *, *, #1287, .T. ) ;
#2174 = PLANE ( 'NONE',  #1347 ) ;
#2175 = FILL_AREA_STYLE ('',( #2213 ) ) ;
#2176 =( NAMED_UNIT ( * ) PLANE_ANGLE_UNIT ( ) SI_UNIT ( $, .RADIAN. ) );
#2177 = MECHANICAL_DESIGN_GEOMETRIC_PRESENTATION_REPRESENTATION (  '', ( #3413 ), #2819 ) ;
#2178 = EDGE_CURVE ( 'NONE', #1238, #61, #1109, .T. ) ;
#2179 = EDGE_LOOP ( 'NONE', ( #2032, #2477, #2763, #1432, #2692, #857, #2108, #2218, #3130, #3219, #3531, #1412 ) ) ;
#2180 = CARTESIAN_POINT ( 'NONE',  ( -0.1250000000000000000, 0.9258514289220320936, 0.1499999999999997724 ) ) ;
#2181 = AXIS2_PLACEMENT_3D ( 'NONE', #2536, #3745, #1936 ) ;
#2182 = DIRECTION ( 'NONE',  ( 0.0000000000000000000, -1.000000000000000000, 1.379090775700468400E-15 ) ) ;
#2183 = VERTEX_POINT ( 'NONE', #3747 ) ;
#2184 = FILL_AREA_STYLE ('',( #3835 ) ) ;
#2185 = CARTESIAN_POINT ( 'NONE',  ( 0.5250000000000000222, 0.6286171723855390470, 0.5999999999999994227 ) ) ;
#2186 = LINE ( 'NONE', #715, #64 ) ;
#2187 = LINE ( 'NONE', #691, #659 ) ;
#2188 = CYLINDRICAL_SURFACE ( 'NONE', #1848, 0.04999999999999994033 ) ;
#2189 = DIRECTION ( 'NONE',  ( 0.0000000000000000000, 0.1279723384407591147, -0.9917777374966649795 ) ) ;
#2190 = CARTESIAN_POINT ( 'NONE',  ( 0.9160254037844385300, -0.3944328211555315766, 0.09999999999999993616 ) ) ;
#2191 = ORIENTED_EDGE ( 'NONE', *, *, #3278, .F. ) ;
#2192 = DIRECTION ( 'NONE',  ( 0.0000000000000000000, 0.0000000000000000000, -1.000000000000000000 ) ) ;
#2193 = CARTESIAN_POINT ( 'NONE',  ( -0.7750000000000000222, 1.149999999999999911, -1.084202172485504434E-16 ) ) ;
#2194 = LINE ( 'NONE', #395, #2095 ) ;
#2195 = ADVANCED_FACE ( 'NONE', ( #3134 ), #3773, .F. ) ;
#2196 = VECTOR ( 'NONE', #950, 1000.000000000000000 ) ;
#2197 = DIRECTION ( 'NONE',  ( 0.0000000000000000000, 0.0000000000000000000, -1.000000000000000000 ) ) ;
#2198 = ORIENTED_EDGE ( 'NONE', *, *, #1144, .T. ) ;
#2199 = CARTESIAN_POINT ( 'NONE',  ( 0.5250000000000000222, -0.6286171723855390470, 0.5999999999999998668 ) ) ;
#2200 = EDGE_CURVE ( 'NONE', #3091, #2183, #3185, .T. ) ;
#2201 = DIRECTION ( 'NONE',  ( 1.000000000000000000, 0.0000000000000000000, 0.0000000000000000000 ) ) ;
#2202 = ORIENTED_EDGE ( 'NONE', *, *, #3755, .T. ) ;
#2203 = FILL_AREA_STYLE_COLOUR ( '', #2704 ) ;
#2204 = LINE ( 'NONE', #1919, #630 ) ;
#2205 = MECHANICAL_DESIGN_GEOMETRIC_PRESENTATION_REPRESENTATION (  '', ( #835 ), #2750 ) ;
#2206 = SURFACE_STYLE_FILL_AREA ( #1624 ) ;
#2207 = FILL_AREA_STYLE ('',( #1563 ) ) ;
#2208 = PRESENTATION_LAYER_ASSIGNMENT (  '', '', ( #1713 ) ) ;
#2209 = CARTESIAN_POINT ( 'NONE',  ( -0.7750000000000000222, 0.8762625420471984450, 0.1936013830779621525 ) ) ;
#2210 = ORIENTED_EDGE ( 'NONE', *, *, #26, .F. ) ;
#2211 = DIRECTION ( 'NONE',  ( -0.2505628070857321421, -0.2505628070857321421, 0.9351131265310290708 ) ) ;
#2212 =( NAMED_UNIT ( * ) SI_UNIT ( $, .STERADIAN. ) SOLID_ANGLE_UNIT ( ) );
#2213 = FILL_AREA_STYLE_COLOUR ( '', #3764 ) ;
#2214 =( NAMED_UNIT ( * ) PLANE_ANGLE_UNIT ( ) SI_UNIT ( $, .RADIAN. ) );
#2215 = AXIS2_PLACEMENT_3D ( 'NONE', #2524, #2225, #1343 ) ;
#2216 = VECTOR ( 'NONE', #3503, 1000.000000000000000 ) ;
#2217 = VERTEX_POINT ( 'NONE', #482 ) ;
#2218 = ORIENTED_EDGE ( 'NONE', *, *, #3326, .F. ) ;
#2219 = LINE ( 'NONE', #2971, #559 ) ;
#2220 = EDGE_LOOP ( 'NONE', ( #499, #474, #2846, #324 ) ) ;
#2221 = ADVANCED_FACE ( 'NONE', ( #3455 ), #3723, .T. ) ;
#2222 = PRESENTATION_LAYER_ASSIGNMENT (  '', '', ( #3457 ) ) ;
#2223 = EDGE_CURVE ( 'NONE', #1230, #2348, #3218, .T. ) ;
#2224 = CARTESIAN_POINT ( 'NONE',  ( -0.8462277403986437907, 0.5178203230275506552, 1.000000000000000000 ) ) ;
#2225 = DIRECTION ( 'NONE',  ( 1.000000000000000000, 0.0000000000000000000, 0.0000000000000000000 ) ) ;
#2226 = CARTESIAN_POINT ( 'NONE',  ( 0.7750000000000000222, -0.8762625420471985560, 0.1936013830779624301 ) ) ;
#2227 = CARTESIAN_POINT ( 'NONE',  ( 0.5250000000000000222, -0.6286171723855382698, 0.7499999999999997780 ) ) ;
#2228 = CARTESIAN_POINT ( 'NONE',  ( -0.7750000000000000222, -0.6286171723855393800, 0.5500000000000000444 ) ) ;
#2229 = VERTEX_POINT ( 'NONE', #546 ) ;
#2230 = CARTESIAN_POINT ( 'NONE',  ( 0.9160254037844385300, 0.3944328211555311881, 0.09999999999999993616 ) ) ;
#2231 = FACE_OUTER_BOUND ( 'NONE', #1208, .T. ) ;
#2232 = SURFACE_STYLE_FILL_AREA ( #745 ) ;
#2233 = UNCERTAINTY_MEASURE_WITH_UNIT (LENGTH_MEASURE( 1.000000000000000082E-05 ), #9, 'distance_accuracy_value', 'NONE');
#2234 = FACE_OUTER_BOUND ( 'NONE', #1534, .T. ) ;
#2235 = VERTEX_POINT ( 'NONE', #769 ) ;
#2236 = STYLED_ITEM ( 'NONE', ( #18 ), #2731 ) ;
#2237 = FILL_AREA_STYLE ('',( #1694 ) ) ;
#2238 = AXIS2_PLACEMENT_3D ( 'NONE', #2228, #3406, #757 ) ;
#2239 =( GEOMETRIC_REPRESENTATION_CONTEXT ( 3 ) GLOBAL_UNCERTAINTY_ASSIGNED_CONTEXT ( ( #1753 ) ) GLOBAL_UNIT_ASSIGNED_CONTEXT ( ( #1232, #884, #2049 ) ) REPRESENTATION_CONTEXT ( 'NONE', 'WORKASPACE' ) );
#2240 = SURFACE_SIDE_STYLE ('',( #361 ) ) ;
#2241 = EDGE_LOOP ( 'NONE', ( #2605, #908, #3090, #2495, #1797, #3492, #2677, #19, #3227, #3435, #2553, #1987 ) ) ;
#2242 =( GEOMETRIC_REPRESENTATION_CONTEXT ( 3 ) GLOBAL_UNCERTAINTY_ASSIGNED_CONTEXT ( ( #3074 ) ) GLOBAL_UNIT_ASSIGNED_CONTEXT ( ( #687, #750, #3040 ) ) REPRESENTATION_CONTEXT ( 'NONE', 'WORKASPACE' ) );
#2243 = EDGE_CURVE ( 'NONE', #3789, #1142, #1768, .T. ) ;
#2244 = DIRECTION ( 'NONE',  ( 1.000000000000000000, 0.0000000000000000000, 0.0000000000000000000 ) ) ;
#2245 = SURFACE_STYLE_USAGE ( .BOTH. , #3800 ) ;
#2246 = PRESENTATION_STYLE_ASSIGNMENT (( #3732 ) ) ;
#2247 = ADVANCED_FACE ( 'NONE', ( #888 ), #3827, .T. ) ;
#2248 = SURFACE_STYLE_FILL_AREA ( #3443 ) ;
#2249 = ORIENTED_EDGE ( 'NONE', *, *, #215, .T. ) ;
#2250 =( NAMED_UNIT ( * ) PLANE_ANGLE_UNIT ( ) SI_UNIT ( $, .RADIAN. ) );
#2251 = DIRECTION ( 'NONE',  ( 0.2505628070857320866, -0.2505628070857320866, 0.9351131265310290708 ) ) ;
#2252 = APPLICATION_PROTOCOL_DEFINITION ( 'draft international standard', 'automotive_design', 1998, #760 ) ;
#2253 = EDGE_LOOP ( 'NONE', ( #1186, #504, #3820, #1527 ) ) ;
#2254 = DIRECTION ( 'NONE',  ( 1.000000000000000000, 0.0000000000000000000, 0.0000000000000000000 ) ) ;
#2255 = DIRECTION ( 'NONE',  ( -0.0000000000000000000, 0.2588190451025213501, -0.9659258262890680902 ) ) ;
#2256 = MECHANICAL_DESIGN_GEOMETRIC_PRESENTATION_REPRESENTATION (  '', ( #1884 ), #2627 ) ;
#2257 = CARTESIAN_POINT ( 'NONE',  ( -0.5250000000000000222, 0.6782060592603726956, 0.5563986169220370703 ) ) ;
#2258 = UNCERTAINTY_MEASURE_WITH_UNIT (LENGTH_MEASURE( 1.000000000000000082E-05 ), #1345, 'distance_accuracy_value', 'NONE');
#2259 = LINE ( 'NONE', #3752, #1036 ) ;
#2260 = SURFACE_SIDE_STYLE ('',( #1075 ) ) ;
#2261 = DIRECTION ( 'NONE',  ( 1.000000000000000000, 0.0000000000000000000, 0.0000000000000000000 ) ) ;
#2262 = EDGE_CURVE ( 'NONE', #2086, #2229, #2125, .T. ) ;
#2263 = ORIENTED_EDGE ( 'NONE', *, *, #1746, .F. ) ;
#2264 = FACE_OUTER_BOUND ( 'NONE', #2082, .T. ) ;
#2265 = AXIS2_PLACEMENT_3D ( 'NONE', #2145, #2444, #1873 ) ;
#2266 = CARTESIAN_POINT ( 'NONE',  ( -0.7750000000000000222, 2.773217721561970766E-16, 0.1500000000000000500 ) ) ;
#2267 = FACE_OUTER_BOUND ( 'NONE', #1928, .T. ) ;
#2268 = EDGE_CURVE ( 'NONE', #2903, #1106, #2289, .T. ) ;
#2269 = CIRCLE ( 'NONE', #2817, 0.04999999999999991257 ) ;
#2270 = UNCERTAINTY_MEASURE_WITH_UNIT (LENGTH_MEASURE( 1.000000000000000082E-05 ), #3606, 'distance_accuracy_value', 'NONE');
#2271 = EDGE_LOOP ( 'NONE', ( #2789, #1068, #1715, #96 ) ) ;
#2272 = VECTOR ( 'NONE', #1541, 1000.000000000000000 ) ;
#2273 = FACE_OUTER_BOUND ( 'NONE', #3174, .T. ) ;
#2274 = FILL_AREA_STYLE_COLOUR ( '', #1073 ) ;
#2275 = VECTOR ( 'NONE', #3791, 1000.000000000000000 ) ;
#2276 = LINE ( 'NONE', #180, #3657 ) ;
#2277 = MECHANICAL_DESIGN_GEOMETRIC_PRESENTATION_REPRESENTATION (  '', ( #782 ), #848 ) ;
#2278 =( GEOMETRIC_REPRESENTATION_CONTEXT ( 3 ) GLOBAL_UNCERTAINTY_ASSIGNED_CONTEXT ( ( #2754 ) ) GLOBAL_UNIT_ASSIGNED_CONTEXT ( ( #2308, #1964, #2322 ) ) REPRESENTATION_CONTEXT ( 'NONE', 'WORKASPACE' ) );
#2279 = FILL_AREA_STYLE ('',( #816 ) ) ;
#2280 = ORIENTED_EDGE ( 'NONE', *, *, #1082, .F. ) ;
#2281 = CYLINDRICAL_SURFACE ( 'NONE', #3566, 0.1999999999999999833 ) ;
#2282 = MECHANICAL_DESIGN_GEOMETRIC_PRESENTATION_REPRESENTATION (  '', ( #390 ), #1283 ) ;
#2283 = CARTESIAN_POINT ( 'NONE',  ( -0.1250000000000000000, 0.6782060592603726956, 0.5563986169220370703 ) ) ;
#2284 = FILL_AREA_STYLE ('',( #2526 ) ) ;
#2285 =( NAMED_UNIT ( * ) SI_UNIT ( $, .STERADIAN. ) SOLID_ANGLE_UNIT ( ) );
#2286 = DIRECTION ( 'NONE',  ( 0.0000000000000000000, -1.000000000000000000, 0.0000000000000000000 ) ) ;
#2287 = ORIENTED_EDGE ( 'NONE', *, *, #296, .F. ) ;
#2288 = SURFACE_SIDE_STYLE ('',( #1157 ) ) ;
#2289 =( BOUNDED_CURVE ( )  B_SPLINE_CURVE ( 3, ( #1795, #1850, #3292, #3864 ),
 .UNSPECIFIED., .F., .T. ) 
 B_SPLINE_CURVE_WITH_KNOTS ( ( 4, 4 ),
 ( 5.531305892884600617, 7.035064721474570959 ),
 .UNSPECIFIED. ) 
 CURVE ( )  GEOMETRIC_REPRESENTATION_ITEM ( )  RATIONAL_B_SPLINE_CURVE ( ( 1.000000000000000000, 0.8202709971758374019, 0.8202709971758374019, 1.000000000000000000 ) ) 
 REPRESENTATION_ITEM ( '' )  );
#2290 = ADVANCED_FACE ( 'NONE', ( #2965 ), #2998, .T. ) ;
#2291 = CYLINDRICAL_SURFACE ( 'NONE', #2537, 0.04999999999999991257 ) ;
#2292 = ORIENTED_EDGE ( 'NONE', *, *, #1244, .F. ) ;
#2293 =( NAMED_UNIT ( * ) SI_UNIT ( $, .STERADIAN. ) SOLID_ANGLE_UNIT ( ) );
#2294 = FILL_AREA_STYLE_COLOUR ( '', #1958 ) ;
#2295 = FILL_AREA_STYLE_COLOUR ( '', #3793 ) ;
#2296 = EDGE_CURVE ( 'NONE', #2014, #3483, #3877, .T. ) ;
#2297 =( NAMED_UNIT ( * ) SI_UNIT ( $, .STERADIAN. ) SOLID_ANGLE_UNIT ( ) );
#2298 = VERTEX_POINT ( 'NONE', #3235 ) ;
#2299 = ORIENTED_EDGE ( 'NONE', *, *, #2016, .F. ) ;
#2300 = DIRECTION ( 'NONE',  ( -0.2505628070857320866, 0.2505628070857320866, 0.9351131265310290708 ) ) ;
#2301 = UNCERTAINTY_MEASURE_WITH_UNIT (LENGTH_MEASURE( 1.000000000000000082E-05 ), #3469, 'distance_accuracy_value', 'NONE');
#2302 = AXIS2_PLACEMENT_3D ( 'NONE', #1306, #1924, #2816 ) ;
#2303 = CARTESIAN_POINT ( 'NONE',  ( 0.5249999999999999112, 0.6250000000000000000, 0.5999999999999999778 ) ) ;
#2304 = DIRECTION ( 'NONE',  ( 0.0000000000000000000, 1.000000000000000000, 1.379090775700468400E-15 ) ) ;
#2305 = FILL_AREA_STYLE ('',( #1115 ) ) ;
#2306 = VERTEX_POINT ( 'NONE', #3844 ) ;
#2307 =( NAMED_UNIT ( * ) SI_UNIT ( $, .STERADIAN. ) SOLID_ANGLE_UNIT ( ) );
#2308 =( LENGTH_UNIT ( ) NAMED_UNIT ( * ) SI_UNIT ( .MILLI., .METRE. ) );
#2309 = UNCERTAINTY_MEASURE_WITH_UNIT (LENGTH_MEASURE( 1.000000000000000082E-05 ), #40, 'distance_accuracy_value', 'NONE');
#2310 = EDGE_LOOP ( 'NONE', ( #2662, #833, #3700, #1954, #204, #2299, #2600, #194, #2078, #1819, #3100, #12 ) ) ;
#2311 =( LENGTH_UNIT ( ) NAMED_UNIT ( * ) SI_UNIT ( .MILLI., .METRE. ) );
#2312 = EDGE_CURVE ( 'NONE', #2333, #2454, #667, .T. ) ;
#2313 =( BOUNDED_CURVE ( )  B_SPLINE_CURVE ( 3, ( #3121, #1043, #1670, #2852 ),
 .UNSPECIFIED., .F., .T. ) 
 B_SPLINE_CURVE_WITH_KNOTS ( ( 4, 4 ),
 ( 5.531305892884601505, 7.035064721474570071 ),
 .UNSPECIFIED. ) 
 CURVE ( )  GEOMETRIC_REPRESENTATION_ITEM ( )  RATIONAL_B_SPLINE_CURVE ( ( 1.000000000000000000, 0.8202709971758378460, 0.8202709971758378460, 1.000000000000000000 ) ) 
 REPRESENTATION_ITEM ( '' )  );
#2314 = ORIENTED_EDGE ( 'NONE', *, *, #815, .F. ) ;
#2315 = ORIENTED_EDGE ( 'NONE', *, *, #2667, .F. ) ;
#2316 = EDGE_CURVE ( 'NONE', #2413, #2235, #375, .T. ) ;
#2317 = DIRECTION ( 'NONE',  ( 0.2505628070857321421, 0.2505628070857321421, 0.9351131265310290708 ) ) ;
#2318 = FACE_OUTER_BOUND ( 'NONE', #2220, .T. ) ;
#2319 = SURFACE_STYLE_FILL_AREA ( #900 ) ;
#2320 = ORIENTED_EDGE ( 'NONE', *, *, #1921, .F. ) ;
#2321 =( NAMED_UNIT ( * ) SI_UNIT ( $, .STERADIAN. ) SOLID_ANGLE_UNIT ( ) );
#2322 =( NAMED_UNIT ( * ) SI_UNIT ( $, .STERADIAN. ) SOLID_ANGLE_UNIT ( ) );
#2323 = MECHANICAL_DESIGN_GEOMETRIC_PRESENTATION_REPRESENTATION (  '', ( #1020 ), #506 ) ;
#2324 = VECTOR ( 'NONE', #2848, 1000.000000000000114 ) ;
#2325 = DIRECTION ( 'NONE',  ( 0.0000000000000000000, 0.0000000000000000000, 1.000000000000000000 ) ) ;
#2326 = VERTEX_POINT ( 'NONE', #1273 ) ;
#2327 = CARTESIAN_POINT ( 'NONE',  ( -0.7750000000000000222, 0.6286171723855390470, 0.5999999999999994227 ) ) ;
#2328 =( NAMED_UNIT ( * ) SI_UNIT ( $, .STERADIAN. ) SOLID_ANGLE_UNIT ( ) );
#2329 = LINE ( 'NONE', #854, #293 ) ;
#2330 = VECTOR ( 'NONE', #2085, 1000.000000000000114 ) ;
#2331 = COLOUR_RGB ( '',0.7529411764705882248, 0.7529411764705882248, 0.7529411764705882248 ) ;
#2332 = DIRECTION ( 'NONE',  ( 1.000000000000000000, 0.0000000000000000000, 0.0000000000000000000 ) ) ;
#2333 = VERTEX_POINT ( 'NONE', #1869 ) ;
#2334 = ORIENTED_EDGE ( 'NONE', *, *, #1219, .T. ) ;
#2335 = FILL_AREA_STYLE_COLOUR ( '', #2331 ) ;
#2336 = PRESENTATION_LAYER_ASSIGNMENT (  '', '', ( #1153 ) ) ;
#2337 = VECTOR ( 'NONE', #3695, 1000.000000000000000 ) ;
#2338 = ADVANCED_FACE ( 'NONE', ( #3415 ), #1294, .T. ) ;
#2339 = VECTOR ( 'NONE', #24, 1000.000000000000000 ) ;
#2340 =( GEOMETRIC_REPRESENTATION_CONTEXT ( 3 ) GLOBAL_UNCERTAINTY_ASSIGNED_CONTEXT ( ( #2258 ) ) GLOBAL_UNIT_ASSIGNED_CONTEXT ( ( #1345, #1860, #675 ) ) REPRESENTATION_CONTEXT ( 'NONE', 'WORKASPACE' ) );
#2341 = LINE ( 'NONE', #2093, #323 ) ;
#2342 = PRESENTATION_LAYER_ASSIGNMENT (  '', '', ( #1163 ) ) ;
#2343 = EDGE_CURVE ( 'NONE', #1851, #3156, #847, .T. ) ;
#2344 =( LENGTH_UNIT ( ) NAMED_UNIT ( * ) SI_UNIT ( .MILLI., .METRE. ) );
#2345 = ORIENTED_EDGE ( 'NONE', *, *, #3153, .T. ) ;
#2346 = AXIS2_PLACEMENT_3D ( 'NONE', #319, #562, #1479 ) ;
#2347 = VECTOR ( 'NONE', #89, 1000.000000000000000 ) ;
#2348 = VERTEX_POINT ( 'NONE', #3666 ) ;
#2349 = SURFACE_STYLE_USAGE ( .BOTH. , #910 ) ;
#2350 = SURFACE_STYLE_USAGE ( .BOTH. , #1165 ) ;
#2351 = CARTESIAN_POINT ( 'NONE',  ( 0.1250000000000000000, 0.9258514289220316495, 0.1999999999999997891 ) ) ;
#2352 = DIRECTION ( 'NONE',  ( 1.000000000000000000, 0.0000000000000000000, 0.0000000000000000000 ) ) ;
#2353 = ORIENTED_EDGE ( 'NONE', *, *, #2359, .T. ) ;
#2354 = EDGE_LOOP ( 'NONE', ( #1711, #3564, #23, #2440 ) ) ;
#2355 = CARTESIAN_POINT ( 'NONE',  ( -0.1250000000000000000, 1.149999999999999911, -1.084202172485504434E-16 ) ) ;
#2356 = CARTESIAN_POINT ( 'NONE',  ( -0.5250000000000000222, -0.9258514289220315385, 0.2000000000000000944 ) ) ;
#2357 = EDGE_CURVE ( 'NONE', #2594, #1176, #80, .T. ) ;
#2358 = STYLED_ITEM ( 'NONE', ( #2246 ), #2036 ) ;
#2359 = EDGE_CURVE ( 'NONE', #3675, #1142, #1633, .T. ) ;
#2360 = ORIENTED_EDGE ( 'NONE', *, *, #1525, .F. ) ;
#2361 =( NAMED_UNIT ( * ) SI_UNIT ( $, .STERADIAN. ) SOLID_ANGLE_UNIT ( ) );
#2362 = DIRECTION ( 'NONE',  ( 0.0000000000000000000, -1.000000000000000000, 0.0000000000000000000 ) ) ;
#2363 = PLANE ( 'NONE',  #2928 ) ;
#2364 = ORIENTED_EDGE ( 'NONE', *, *, #737, .T. ) ;
#2365 = ORIENTED_EDGE ( 'NONE', *, *, #3561, .F. ) ;
#2366 = UNCERTAINTY_MEASURE_WITH_UNIT (LENGTH_MEASURE( 1.000000000000000082E-05 ), #1892, 'distance_accuracy_value', 'NONE');
#2367 = DIRECTION ( 'NONE',  ( 1.000000000000000000, 0.0000000000000000000, 0.0000000000000000000 ) ) ;
#2368 = CARTESIAN_POINT ( 'NONE',  ( -0.7750000000000000222, 0.9258514289220316495, 0.1999999999999997891 ) ) ;
#2369 = DIRECTION ( 'NONE',  ( 0.0000000000000000000, 0.0000000000000000000, -1.000000000000000000 ) ) ;
#2370 = STYLED_ITEM ( 'NONE', ( #3734 ), #2619 ) ;
#2371 = ADVANCED_FACE ( 'NONE', ( #2234 ), #1950, .F. ) ;
#2372 = ORIENTED_EDGE ( 'NONE', *, *, #3473, .T. ) ;
#2373 = CARTESIAN_POINT ( 'NONE',  ( 0.5250000000000000222, 0.6782060592603726956, 0.5563986169220370703 ) ) ;
#2374 = ADVANCED_FACE ( 'NONE', ( #176 ), #3148, .F. ) ;
#2375 = SURFACE_STYLE_FILL_AREA ( #1747 ) ;
#2376 = ORIENTED_EDGE ( 'NONE', *, *, #2042, .T. ) ;
#2377 = DIRECTION ( 'NONE',  ( 1.000000000000000000, 0.0000000000000000000, 0.0000000000000000000 ) ) ;
#2378 = PRESENTATION_STYLE_ASSIGNMENT (( #3586 ) ) ;
#2379 = DIRECTION ( 'NONE',  ( 0.0000000000000000000, 2.168404344971009184E-14, -1.000000000000000000 ) ) ;
#2380 = PRESENTATION_STYLE_ASSIGNMENT (( #2170 ) ) ;
#2381 = VECTOR ( 'NONE', #1105, 1000.000000000000000 ) ;
#2382 = PRESENTATION_LAYER_ASSIGNMENT (  '', '', ( #1146 ) ) ;
#2383 = PRESENTATION_STYLE_ASSIGNMENT (( #932 ) ) ;
#2384 = ORIENTED_EDGE ( 'NONE', *, *, #3794, .F. ) ;
#2385 = EDGE_LOOP ( 'NONE', ( #612, #3840, #3676, #3866 ) ) ;
#2386 = VECTOR ( 'NONE', #2197, 1000.000000000000000 ) ;
#2387 = FILL_AREA_STYLE_COLOUR ( '', #315 ) ;
#2388 = MECHANICAL_DESIGN_GEOMETRIC_PRESENTATION_REPRESENTATION (  '', ( #2445 ), #1899 ) ;
#2389 = MECHANICAL_DESIGN_GEOMETRIC_PRESENTATION_REPRESENTATION (  '', ( #2448 ), #1332 ) ;
#2390 = FILL_AREA_STYLE ('',( #3849 ) ) ;
#2391 = SURFACE_STYLE_FILL_AREA ( #3280 ) ;
#2392 = PRESENTATION_LAYER_ASSIGNMENT (  '', '', ( #640 ) ) ;
#2393 = PRESENTATION_LAYER_ASSIGNMENT (  '', '', ( #3825 ) ) ;
#2394 = VECTOR ( 'NONE', #2489, 1000.000000000000000 ) ;
#2395 = ORIENTED_EDGE ( 'NONE', *, *, #215, .F. ) ;
#2396 = CARTESIAN_POINT ( 'NONE',  ( 0.5250000000000000222, 0.5500000000000000444, 0.7499999999999994449 ) ) ;
#2397 = CARTESIAN_POINT ( 'NONE',  ( 0.1250000000000000000, 0.6286171723855390470, 0.5999999999999994227 ) ) ;
#2398 =( NAMED_UNIT ( * ) PLANE_ANGLE_UNIT ( ) SI_UNIT ( $, .RADIAN. ) );
#2399 = ORIENTED_EDGE ( 'NONE', *, *, #3103, .T. ) ;
#2400 = CARTESIAN_POINT ( 'NONE',  ( 0.7750000000000000222, 0.9258514289220316495, 0.1999999999999997891 ) ) ;
#2401 = LINE ( 'NONE', #1546, #2151 ) ;
#2402 = LINE ( 'NONE', #396, #2196 ) ;
#2403 = EDGE_CURVE ( 'NONE', #2933, #3200, #3740, .T. ) ;
#2404 = STYLED_ITEM ( 'NONE', ( #1629 ), #960 ) ;
#2405 = ORIENTED_EDGE ( 'NONE', *, *, #1721, .T. ) ;
#2406 = ORIENTED_EDGE ( 'NONE', *, *, #1862, .F. ) ;
#2407 = CARTESIAN_POINT ( 'NONE',  ( -0.8767730985660119325, 0.4910254037844387076, 0.09999999999999992228 ) ) ;
#2408 = UNCERTAINTY_MEASURE_WITH_UNIT (LENGTH_MEASURE( 1.000000000000000082E-05 ), #347, 'distance_accuracy_value', 'NONE');
#2409 = EDGE_CURVE ( 'NONE', #3076, #1609, #1676, .T. ) ;
#2410 = LINE ( 'NONE', #3339, #2769 ) ;
#2411 = LINE ( 'NONE', #1558, #3746 ) ;
#2412 = FACE_OUTER_BOUND ( 'NONE', #2133, .T. ) ;
#2413 = VERTEX_POINT ( 'NONE', #1654 ) ;
#2414 = DIRECTION ( 'NONE',  ( -0.0000000000000000000, 0.0000000000000000000, 1.000000000000000000 ) ) ;
#2415 = FACE_OUTER_BOUND ( 'NONE', #620, .T. ) ;
#2416 = FILL_AREA_STYLE_COLOUR ( '', #1154 ) ;
#2417 = MANIFOLD_SOLID_BREP ( '??????????3', #3441 ) ;
#2418 = STYLED_ITEM ( 'NONE', ( #1526 ), #2429 ) ;
#2419 =( GEOMETRIC_REPRESENTATION_CONTEXT ( 3 ) GLOBAL_UNCERTAINTY_ASSIGNED_CONTEXT ( ( #1965 ) ) GLOBAL_UNIT_ASSIGNED_CONTEXT ( ( #3327, #3343, #676 ) ) REPRESENTATION_CONTEXT ( 'NONE', 'WORKASPACE' ) );
#2420 =( NAMED_UNIT ( * ) SI_UNIT ( $, .STERADIAN. ) SOLID_ANGLE_UNIT ( ) );
#2421 = ORIENTED_EDGE ( 'NONE', *, *, #1487, .F. ) ;
#2422 = PRESENTATION_STYLE_ASSIGNMENT (( #966 ) ) ;
#2423 = DIRECTION ( 'NONE',  ( -0.0000000000000000000, 0.0000000000000000000, 1.000000000000000000 ) ) ;
#2424 = LINE ( 'NONE', #2787, #1821 ) ;
#2425 = COLOUR_RGB ( '',0.7529411764705882248, 0.7529411764705882248, 0.7529411764705882248 ) ;
#2426 = SURFACE_STYLE_USAGE ( .BOTH. , #305 ) ;
#2427 = ORIENTED_EDGE ( 'NONE', *, *, #3371, .F. ) ;
#2428 = ORIENTED_EDGE ( 'NONE', *, *, #1721, .F. ) ;
#2429 = ADVANCED_FACE ( 'NONE', ( #1353 ), #2291, .F. ) ;
#2430 = CARTESIAN_POINT ( 'NONE',  ( 0.5250000000000000222, 1.149999999999999911, 0.1499999999999997724 ) ) ;
#2431 = LINE ( 'NONE', #2752, #1771 ) ;
#2432 = CARTESIAN_POINT ( 'NONE',  ( 0.1250000000000000000, 0.6286171723855393800, 0.5499999999999994893 ) ) ;
#2433 = FILL_AREA_STYLE_COLOUR ( '', #2945 ) ;
#2434 = SURFACE_SIDE_STYLE ('',( #1841 ) ) ;
#2435 = ORIENTED_EDGE ( 'NONE', *, *, #2147, .F. ) ;
#2436 = DIRECTION ( 'NONE',  ( 1.000000000000000000, 0.0000000000000000000, 0.0000000000000000000 ) ) ;
#2437 = SURFACE_STYLE_FILL_AREA ( #434 ) ;
#2438 = CARTESIAN_POINT ( 'NONE',  ( 0.7750000000000000222, 0.8269727198848726424, 0.5755944676881500355 ) ) ;
#2439 = PRESENTATION_STYLE_ASSIGNMENT (( #2494 ) ) ;
#2440 = ORIENTED_EDGE ( 'NONE', *, *, #274, .F. ) ;
#2441 = SURFACE_STYLE_FILL_AREA ( #1257 ) ;
#2442 = AXIS2_PLACEMENT_3D ( 'NONE', #3577, #922, #256 ) ;
#2443 = SURFACE_STYLE_USAGE ( .BOTH. , #1538 ) ;
#2444 = DIRECTION ( 'NONE',  ( 1.000000000000000000, 0.0000000000000000000, 0.0000000000000000000 ) ) ;
#2445 = STYLED_ITEM ( 'NONE', ( #2854 ), #3079 ) ;
#2446 = ADVANCED_FACE ( 'NONE', ( #2655 ), #907, .T. ) ;
#2447 = CARTESIAN_POINT ( 'NONE',  ( -1.050000000000000044, 0.5857476947815736246, 0.5999999999999998668 ) ) ;
#2448 = STYLED_ITEM ( 'NONE', ( #729 ), #45 ) ;
#2449 = CARTESIAN_POINT ( 'NONE',  ( -0.7750000000000000222, 0.9258514289220316495, 0.1999999999999997891 ) ) ;
#2450 = SURFACE_STYLE_USAGE ( .BOTH. , #1265 ) ;
#2451 = AXIS2_PLACEMENT_3D ( 'NONE', #187, #1113, #2931 ) ;
#2452 = UNCERTAINTY_MEASURE_WITH_UNIT (LENGTH_MEASURE( 1.000000000000000082E-05 ), #2311, 'distance_accuracy_value', 'NONE');
#2453 = EDGE_CURVE ( 'NONE', #273, #2621, #3214, .T. ) ;
#2454 = VERTEX_POINT ( 'NONE', #2101 ) ;
#2455 = DIRECTION ( 'NONE',  ( 1.000000000000000000, 0.0000000000000000000, 0.0000000000000000000 ) ) ;
#2456 = FILL_AREA_STYLE_COLOUR ( '', #3832 ) ;
#2457 = LINE ( 'NONE', #372, #2337 ) ;
#2458 = PRESENTATION_LAYER_ASSIGNMENT (  '', '', ( #914 ) ) ;
#2459 = VECTOR ( 'NONE', #1901, 1000.000000000000000 ) ;
#2460 =( GEOMETRIC_REPRESENTATION_CONTEXT ( 3 ) GLOBAL_UNCERTAINTY_ASSIGNED_CONTEXT ( ( #2301 ) ) GLOBAL_UNIT_ASSIGNED_CONTEXT ( ( #3469, #812, #1731 ) ) REPRESENTATION_CONTEXT ( 'NONE', 'WORKASPACE' ) );
#2461 = DIRECTION ( 'NONE',  ( 0.0000000000000000000, 0.2588190451025213501, 0.9659258262890680902 ) ) ;
#2462 = VERTEX_POINT ( 'NONE', #301 ) ;
#2463 = SURFACE_STYLE_FILL_AREA ( #3431 ) ;
#2464 =( GEOMETRIC_REPRESENTATION_CONTEXT ( 3 ) GLOBAL_UNCERTAINTY_ASSIGNED_CONTEXT ( ( #773 ) ) GLOBAL_UNIT_ASSIGNED_CONTEXT ( ( #1648, #1120, #2321 ) ) REPRESENTATION_CONTEXT ( 'NONE', 'WORKASPACE' ) );
#2465 = SURFACE_STYLE_USAGE ( .BOTH. , #3669 ) ;
#2466 = SURFACE_STYLE_USAGE ( .BOTH. , #1320 ) ;
#2467 = LINE ( 'NONE', #2227, #143 ) ;
#2468 = EDGE_CURVE ( 'NONE', #604, #770, #2960, .T. ) ;
#2469 = CIRCLE ( 'NONE', #2238, 0.1999999999999999833 ) ;
#2470 = DIRECTION ( 'NONE',  ( 0.0000000000000000000, 0.1279723384407591424, -0.9917777374966649795 ) ) ;
#2471 = ORIENTED_EDGE ( 'NONE', *, *, #1889, .F. ) ;
#2472 = CARTESIAN_POINT ( 'NONE',  ( 0.9035680178091245462, -0.5178203230275513214, 1.000000000000000000 ) ) ;
#2473 = CARTESIAN_POINT ( 'NONE',  ( -0.9594716658762422190, -0.6310642485051489725, 0.5773679164690603827 ) ) ;
#2474 = ADVANCED_FACE ( 'NONE', ( #2672 ), #2120, .T. ) ;
#2475 = CARTESIAN_POINT ( 'NONE',  ( -0.7750000000000000222, -0.8762625420471984450, 0.1936013830779625133 ) ) ;
#2476 = CARTESIAN_POINT ( 'NONE',  ( 0.8767730985660120435, 0.4910254037844384856, 0.09999999999999993616 ) ) ;
#2477 = ORIENTED_EDGE ( 'NONE', *, *, #1695, .T. ) ;
#2478 = PRESENTATION_LAYER_ASSIGNMENT (  '', '', ( #3472 ) ) ;
#2479 =( NAMED_UNIT ( * ) PLANE_ANGLE_UNIT ( ) SI_UNIT ( $, .RADIAN. ) );
#2480 = ORIENTED_EDGE ( 'NONE', *, *, #2312, .T. ) ;
#2481 = DIRECTION ( 'NONE',  ( 0.0000000000000000000, -0.1279723384407590592, -0.9917777374966649795 ) ) ;
#2482 = DIRECTION ( 'NONE',  ( 0.0000000000000000000, 1.379090775700468400E-15, -1.000000000000000000 ) ) ;
#2483 = CARTESIAN_POINT ( 'NONE',  ( -1.010747694781573891, 0.6250000000000000000, 0.5999999999999998668 ) ) ;
#2484 = SURFACE_STYLE_USAGE ( .BOTH. , #1285 ) ;
#2485 = SURFACE_STYLE_USAGE ( .BOTH. , #1923 ) ;
#2486 = LINE ( 'NONE', #2762, #272 ) ;
#2487 = VERTEX_POINT ( 'NONE', #2155 ) ;
#2488 = CARTESIAN_POINT ( 'NONE',  ( 0.5250000000000000222, -0.8762625420471985560, 0.1936013830779624301 ) ) ;
#2489 = DIRECTION ( 'NONE',  ( 1.000000000000000000, 0.0000000000000000000, 0.0000000000000000000 ) ) ;
#2490 = PRODUCT_CONTEXT ( 'NONE', #3268, 'mechanical' ) ;
#2491 = UNCERTAINTY_MEASURE_WITH_UNIT (LENGTH_MEASURE( 1.000000000000000082E-05 ), #707, 'distance_accuracy_value', 'NONE');
#2492 = AXIS2_PLACEMENT_3D ( 'NONE', #2766, #101, #3034 ) ;
#2493 = EDGE_CURVE ( 'NONE', #604, #1671, #3383, .T. ) ;
#2494 = SURFACE_STYLE_USAGE ( .BOTH. , #1614 ) ;
#2495 = ORIENTED_EDGE ( 'NONE', *, *, #384, .T. ) ;
#2496 = SURFACE_STYLE_USAGE ( .BOTH. , #921 ) ;
#2497 = CARTESIAN_POINT ( 'NONE',  ( -0.1250000000000000000, 0.6782060592603726956, 0.5563986169220370703 ) ) ;
#2498 = FACE_OUTER_BOUND ( 'NONE', #3337, .T. ) ;
#2499 = COLOUR_RGB ( '',0.1176470588235294101, 0.1176470588235294101, 0.1176470588235294101 ) ;
#2500 = CYLINDRICAL_SURFACE ( 'NONE', #2215, 0.2000000000000000389 ) ;
#2501 = DIRECTION ( 'NONE',  ( 0.0000000000000000000, 0.0000000000000000000, -1.000000000000000000 ) ) ;
#2502 = COLOUR_RGB ( '',0.1176470588235294101, 0.1176470588235294101, 0.1176470588235294101 ) ;
#2503 =( GEOMETRIC_REPRESENTATION_CONTEXT ( 3 ) GLOBAL_UNCERTAINTY_ASSIGNED_CONTEXT ( ( #2532 ) ) GLOBAL_UNIT_ASSIGNED_CONTEXT ( ( #508, #2968, #2090 ) ) REPRESENTATION_CONTEXT ( 'NONE', 'WORKASPACE' ) );
#2504 = COLOUR_RGB ( '',0.7529411764705882248, 0.7529411764705882248, 0.7529411764705882248 ) ;
#2505 = FILL_AREA_STYLE_COLOUR ( '', #3234 ) ;
#2506 = VERTEX_POINT ( 'NONE', #1308 ) ;
#2507 = SURFACE_STYLE_USAGE ( .BOTH. , #3144 ) ;
#2508 = CARTESIAN_POINT ( 'NONE',  ( 0.1250000000000000000, 0.6286171723855393800, 0.5499999999999994893 ) ) ;
#2509 = SURFACE_STYLE_FILL_AREA ( #725 ) ;
#2510 =( GEOMETRIC_REPRESENTATION_CONTEXT ( 3 ) GLOBAL_UNCERTAINTY_ASSIGNED_CONTEXT ( ( #3664 ) ) GLOBAL_UNIT_ASSIGNED_CONTEXT ( ( #2588, #878, #2017 ) ) REPRESENTATION_CONTEXT ( 'NONE', 'WORKASPACE' ) );
#2511 = PRESENTATION_LAYER_ASSIGNMENT (  '', '', ( #3687 ) ) ;
#2512 = PRESENTATION_LAYER_ASSIGNMENT (  '', '', ( #782 ) ) ;
#2513 = ORIENTED_EDGE ( 'NONE', *, *, #2599, .T. ) ;
#2514 =( NAMED_UNIT ( * ) SI_UNIT ( $, .STERADIAN. ) SOLID_ANGLE_UNIT ( ) );
#2515 = CARTESIAN_POINT ( 'NONE',  ( -0.7750000000000000222, -0.9258514289220316495, 0.2000000000000000666 ) ) ;
#2516 = CARTESIAN_POINT ( 'NONE',  ( 0.1250000000000000000, 0.9258514289220320936, 0.1499999999999997724 ) ) ;
#2517 = EDGE_CURVE ( 'NONE', #3846, #3202, #1005, .T. ) ;
#2518 = CARTESIAN_POINT ( 'NONE',  ( 0.7750000000000000222, 1.149999999999999911, 0.1499999999999997724 ) ) ;
#2519 = VERTEX_POINT ( 'NONE', #2190 ) ;
#2520 = VECTOR ( 'NONE', #266, 1000.000000000000000 ) ;
#2521 = ADVANCED_FACE ( 'NONE', ( #1608 ), #3030, .T. ) ;
#2522 = VECTOR ( 'NONE', #3358, 1000.000000000000000 ) ;
#2523 =( NAMED_UNIT ( * ) PLANE_ANGLE_UNIT ( ) SI_UNIT ( $, .RADIAN. ) );
#2524 = CARTESIAN_POINT ( 'NONE',  ( 0.5250000000000000222, -0.9258514289220316495, 0.2000000000000000111 ) ) ;
#2525 = DIRECTION ( 'NONE',  ( 0.0000000000000000000, 0.0000000000000000000, -1.000000000000000000 ) ) ;
#2526 = FILL_AREA_STYLE_COLOUR ( '', #3576 ) ;
#2527 = SURFACE_STYLE_FILL_AREA ( #1346 ) ;
#2528 = ORIENTED_EDGE ( 'NONE', *, *, #991, .T. ) ;
#2529 = SURFACE_STYLE_FILL_AREA ( #1350 ) ;
#2530 = SURFACE_SIDE_STYLE ('',( #786 ) ) ;
#2531 = SURFACE_STYLE_USAGE ( .BOTH. , #3410 ) ;
#2532 = UNCERTAINTY_MEASURE_WITH_UNIT (LENGTH_MEASURE( 1.000000000000000082E-05 ), #508, 'distance_accuracy_value', 'NONE');
#2533 = FILL_AREA_STYLE_COLOUR ( '', #1896 ) ;
#2534 = ORIENTED_EDGE ( 'NONE', *, *, #3853, .F. ) ;
#2535 =( NAMED_UNIT ( * ) SI_UNIT ( $, .STERADIAN. ) SOLID_ANGLE_UNIT ( ) );
#2536 = CARTESIAN_POINT ( 'NONE',  ( 0.7750000000000000222, 1.878320690304093942E-16, -1.648112749638469543 ) ) ;
#2537 = AXIS2_PLACEMENT_3D ( 'NONE', #869, #2063, #264 ) ;
#2538 = EDGE_CURVE ( 'NONE', #249, #1852, #2486, .T. ) ;
#2539 = VECTOR ( 'NONE', #2618, 1000.000000000000114 ) ;
#2540 = ORIENTED_EDGE ( 'NONE', *, *, #2453, .T. ) ;
#2541 = SURFACE_SIDE_STYLE ('',( #818 ) ) ;
#2542 = STYLED_ITEM ( 'NONE', ( #1397 ), #2195 ) ;
#2543 = EDGE_CURVE ( 'NONE', #3589, #3515, #3048, .T. ) ;
#2544 = DIRECTION ( 'NONE',  ( 0.0000000000000000000, 0.0000000000000000000, -1.000000000000000000 ) ) ;
#2545 =( LENGTH_UNIT ( ) NAMED_UNIT ( * ) SI_UNIT ( .MILLI., .METRE. ) );
#2546 = DIRECTION ( 'NONE',  ( 0.0000000000000000000, -0.1279723384407590869, -0.9917777374966649795 ) ) ;
#2547 = SURFACE_STYLE_USAGE ( .BOTH. , #1348 ) ;
#2548 = ORIENTED_EDGE ( 'NONE', *, *, #982, .T. ) ;
#2549 =( NAMED_UNIT ( * ) PLANE_ANGLE_UNIT ( ) SI_UNIT ( $, .RADIAN. ) );
#2550 = DIRECTION ( 'NONE',  ( 0.0000000000000000000, -0.1279723384407591147, -0.9917777374966649795 ) ) ;
#2551 =( NAMED_UNIT ( * ) SI_UNIT ( $, .STERADIAN. ) SOLID_ANGLE_UNIT ( ) );
#2552 = CARTESIAN_POINT ( 'NONE',  ( -0.1250000000000000000, 0.8269727198848726424, 0.5755944676881500355 ) ) ;
#2553 = ORIENTED_EDGE ( 'NONE', *, *, #2243, .F. ) ;
#2554 = SURFACE_SIDE_STYLE ('',( #2010 ) ) ;
#2555 = DIRECTION ( 'NONE',  ( 0.0000000000000000000, 0.0000000000000000000, 1.000000000000000000 ) ) ;
#2556 = VECTOR ( 'NONE', #3083, 1000.000000000000114 ) ;
#2557 = FACE_OUTER_BOUND ( 'NONE', #2804, .T. ) ;
#2558 = PRESENTATION_LAYER_ASSIGNMENT (  '', '', ( #892 ) ) ;
#2559 = ORIENTED_EDGE ( 'NONE', *, *, #29, .F. ) ;
#2560 = PRESENTATION_LAYER_ASSIGNMENT (  '', '', ( #2863 ) ) ;
#2561 = SURFACE_STYLE_FILL_AREA ( #1378 ) ;
#2562 = CYLINDRICAL_SURFACE ( 'NONE', #3319, 0.1999999999999999833 ) ;
#2563 = PRESENTATION_STYLE_ASSIGNMENT (( #3436 ) ) ;
#2564 =( NAMED_UNIT ( * ) SI_UNIT ( $, .STERADIAN. ) SOLID_ANGLE_UNIT ( ) );
#2565 = DIRECTION ( 'NONE',  ( 0.0000000000000000000, 0.0000000000000000000, -1.000000000000000000 ) ) ;
#2566 =( GEOMETRIC_REPRESENTATION_CONTEXT ( 3 ) GLOBAL_UNCERTAINTY_ASSIGNED_CONTEXT ( ( #220 ) ) GLOBAL_UNIT_ASSIGNED_CONTEXT ( ( #1243, #1107, #2535 ) ) REPRESENTATION_CONTEXT ( 'NONE', 'WORKASPACE' ) );
#2567 = CARTESIAN_POINT ( 'NONE',  ( 0.5250000000000000222, -0.7274958814226984982, 0.1744055323118496315 ) ) ;
#2568 = EDGE_CURVE ( 'NONE', #2966, #2014, #2783, .T. ) ;
#2569 = CARTESIAN_POINT ( 'NONE',  ( -0.5250000000000000222, 2.773217721561970766E-16, 0.7499999999999998890 ) ) ;
#2570 = ORIENTED_EDGE ( 'NONE', *, *, #2599, .F. ) ;
#2571 = COLOUR_RGB ( '',0.7960784313725489669, 0.8235294117647058432, 0.9372549019607843146 ) ;
#2572 = CARTESIAN_POINT ( 'NONE',  ( -0.1250000000000000000, 1.149999999999999911, 0.1499999999999997724 ) ) ;
#2573 = PRESENTATION_LAYER_ASSIGNMENT (  '', '', ( #57 ) ) ;
#2574 =( LENGTH_UNIT ( ) NAMED_UNIT ( * ) SI_UNIT ( .MILLI., .METRE. ) );
#2575 = DIRECTION ( 'NONE',  ( 1.000000000000000000, 0.0000000000000000000, 0.0000000000000000000 ) ) ;
#2576 = EDGE_CURVE ( 'NONE', #1423, #642, #720, .T. ) ;
#2577 = PRESENTATION_LAYER_ASSIGNMENT (  '', '', ( #2091 ) ) ;
#2578 = UNCERTAINTY_MEASURE_WITH_UNIT (LENGTH_MEASURE( 1.000000000000000082E-05 ), #592, 'distance_accuracy_value', 'NONE');
#2579 =( NAMED_UNIT ( * ) SI_UNIT ( $, .STERADIAN. ) SOLID_ANGLE_UNIT ( ) );
#2580 = ORIENTED_EDGE ( 'NONE', *, *, #1307, .F. ) ;
#2581 = SURFACE_SIDE_STYLE ('',( #243 ) ) ;
#2582 = FILL_AREA_STYLE ('',( #563 ) ) ;
#2583 = PRESENTATION_LAYER_ASSIGNMENT (  '', '', ( #2448 ) ) ;
#2584 = LINE ( 'NONE', #1995, #2 ) ;
#2585 = EDGE_LOOP ( 'NONE', ( #2742, #505, #306, #3451 ) ) ;
#2586 = VERTEX_POINT ( 'NONE', #2798 ) ;
#2587 = SURFACE_SIDE_STYLE ('',( #1665 ) ) ;
#2588 =( LENGTH_UNIT ( ) NAMED_UNIT ( * ) SI_UNIT ( .MILLI., .METRE. ) );
#2589 = CARTESIAN_POINT ( 'NONE',  ( 0.7750000000000000222, 1.149999999999999911, 0.1499999999999997724 ) ) ;
#2590 =( LENGTH_UNIT ( ) NAMED_UNIT ( * ) SI_UNIT ( .MILLI., .METRE. ) );
#2591 = AXIS2_PLACEMENT_3D ( 'NONE', #2266, #1725, #457 ) ;
#2592 = ADVANCED_FACE ( 'NONE', ( #115 ), #1323, .T. ) ;
#2593 = DIRECTION ( 'NONE',  ( -1.000000000000000000, -0.0000000000000000000, 0.0000000000000000000 ) ) ;
#2594 = VERTEX_POINT ( 'NONE', #806 ) ;
#2595 = PLANE ( 'NONE',  #1969 ) ;
#2596 = COLOUR_RGB ( '',0.7529411764705882248, 0.7529411764705882248, 0.7529411764705882248 ) ;
#2597 = PRESENTATION_STYLE_ASSIGNMENT (( #3332 ) ) ;
#2598 = SURFACE_STYLE_USAGE ( .BOTH. , #519 ) ;
#2599 = EDGE_CURVE ( 'NONE', #2006, #2864, #492, .T. ) ;
#2600 = ORIENTED_EDGE ( 'NONE', *, *, #3158, .T. ) ;
#2601 = LINE ( 'NONE', #2921, #2275 ) ;
#2602 = CARTESIAN_POINT ( 'NONE',  ( -1.056064248505149239, 0.5344716658762421746, 0.5773679164690603827 ) ) ;
#2603 = COLOUR_RGB ( '',0.7529411764705882248, 0.7529411764705882248, 0.7529411764705882248 ) ;
#2604 = ORIENTED_EDGE ( 'NONE', *, *, #321, .F. ) ;
#2605 = ORIENTED_EDGE ( 'NONE', *, *, #712, .F. ) ;
#2606 = UNCERTAINTY_MEASURE_WITH_UNIT (LENGTH_MEASURE( 1.000000000000000082E-05 ), #3162, 'distance_accuracy_value', 'NONE');
#2607 =( LENGTH_UNIT ( ) NAMED_UNIT ( * ) SI_UNIT ( .MILLI., .METRE. ) );
#2608 =( LENGTH_UNIT ( ) NAMED_UNIT ( * ) SI_UNIT ( .MILLI., .METRE. ) );
#2609 = SURFACE_STYLE_FILL_AREA ( #2284 ) ;
#2610 =( NAMED_UNIT ( * ) PLANE_ANGLE_UNIT ( ) SI_UNIT ( $, .RADIAN. ) );
#2611 = ORIENTED_EDGE ( 'NONE', *, *, #1192, .F. ) ;
#2612 = SURFACE_STYLE_USAGE ( .BOTH. , #2288 ) ;
#2613 = CARTESIAN_POINT ( 'NONE',  ( 0.5250000000000000222, 1.149999999999999911, 0.1499999999999997724 ) ) ;
#2614 =( NAMED_UNIT ( * ) PLANE_ANGLE_UNIT ( ) SI_UNIT ( $, .RADIAN. ) );
#2615 = ORIENTED_EDGE ( 'NONE', *, *, #170, .F. ) ;
#2616 =( LENGTH_UNIT ( ) NAMED_UNIT ( * ) SI_UNIT ( .MILLI., .METRE. ) );
#2617 = SURFACE_STYLE_USAGE ( .BOTH. , #1138 ) ;
#2618 = DIRECTION ( 'NONE',  ( -0.2505628070857321421, 0.2505628070857321421, -0.9351131265310290708 ) ) ;
#2619 = ADVANCED_FACE ( 'NONE', ( #3783 ), #1986, .F. ) ;
#2620 = EDGE_LOOP ( 'NONE', ( #2983, #2936, #2263, #2421 ) ) ;
#2621 = VERTEX_POINT ( 'NONE', #1431 ) ;
#2622 = FACE_OUTER_BOUND ( 'NONE', #3524, .T. ) ;
#2623 = EDGE_CURVE ( 'NONE', #1515, #1565, #3482, .T. ) ;
#2624 = VECTOR ( 'NONE', #3053, 1000.000000000000000 ) ;
#2625 = DIRECTION ( 'NONE',  ( 1.000000000000000000, 0.0000000000000000000, 0.0000000000000000000 ) ) ;
#2626 = DIRECTION ( 'NONE',  ( 0.0000000000000000000, 1.000000000000000000, 0.0000000000000000000 ) ) ;
#2627 =( GEOMETRIC_REPRESENTATION_CONTEXT ( 3 ) GLOBAL_UNCERTAINTY_ASSIGNED_CONTEXT ( ( #1564 ) ) GLOBAL_UNIT_ASSIGNED_CONTEXT ( ( #564, #1441, #2659 ) ) REPRESENTATION_CONTEXT ( 'NONE', 'WORKASPACE' ) );
#2628 = ORIENTED_EDGE ( 'NONE', *, *, #1004, .F. ) ;
#2629 = FILL_AREA_STYLE_COLOUR ( '', #3377 ) ;
#2630 = CARTESIAN_POINT ( 'NONE',  ( -0.9428203230275508107, 0.4212277403986439128, 1.000000000000000000 ) ) ;
#2631 = PRESENTATION_STYLE_ASSIGNMENT (( #2598 ) ) ;
#2632 = VECTOR ( 'NONE', #1599, 1000.000000000000000 ) ;
#2633 = ORIENTED_EDGE ( 'NONE', *, *, #253, .F. ) ;
#2634 = DIRECTION ( 'NONE',  ( -0.0000000000000000000, 1.379090775700468400E-15, 1.000000000000000000 ) ) ;
#2635 =( LENGTH_UNIT ( ) NAMED_UNIT ( * ) SI_UNIT ( .MILLI., .METRE. ) );
#2636 = CIRCLE ( 'NONE', #2099, 0.04999999999999991257 ) ;
#2637 = MECHANICAL_DESIGN_GEOMETRIC_PRESENTATION_REPRESENTATION (  '', ( #1025 ), #962 ) ;
#2638 = AXIS2_PLACEMENT_3D ( 'NONE', #1375, #481, #3108 ) ;
#2639 = VECTOR ( 'NONE', #2991, 1000.000000000000114 ) ;
#2640 = SURFACE_SIDE_STYLE ('',( #915 ) ) ;
#2641 = ORIENTED_EDGE ( 'NONE', *, *, #2453, .F. ) ;
#2642 = MECHANICAL_DESIGN_GEOMETRIC_PRESENTATION_REPRESENTATION (  '', ( #3315 ), #3069 ) ;
#2643 = ORIENTED_EDGE ( 'NONE', *, *, #681, .F. ) ;
#2644 = EDGE_CURVE ( 'NONE', #249, #1417, #1689, .T. ) ;
#2645 = CYLINDRICAL_SURFACE ( 'NONE', #1898, 0.04999999999999999584 ) ;
#2646 = MECHANICAL_DESIGN_GEOMETRIC_PRESENTATION_REPRESENTATION (  '', ( #709 ), #2278 ) ;
#2647 = PRESENTATION_LAYER_ASSIGNMENT (  '', '', ( #1589 ) ) ;
#2648 = EDGE_CURVE ( 'NONE', #53, #1730, #2313, .T. ) ;
#2649 =( NAMED_UNIT ( * ) PLANE_ANGLE_UNIT ( ) SI_UNIT ( $, .RADIAN. ) );
#2650 = AXIS2_PLACEMENT_3D ( 'NONE', #3362, #1878, #2136 ) ;
#2651 = SURFACE_SIDE_STYLE ('',( #1473 ) ) ;
#2652 = ORIENTED_EDGE ( 'NONE', *, *, #2899, .F. ) ;
#2653 = COLOUR_RGB ( '',0.7529411764705882248, 0.7529411764705882248, 0.7529411764705882248 ) ;
#2654 = VECTOR ( 'NONE', #576, 1000.000000000000000 ) ;
#2655 = FACE_OUTER_BOUND ( 'NONE', #817, .T. ) ;
#2656 = ORIENTED_EDGE ( 'NONE', *, *, #1104, .F. ) ;
#2657 = LINE ( 'NONE', #2674, #1103 ) ;
#2658 = CARTESIAN_POINT ( 'NONE',  ( -0.7750000000000000222, 1.149999999999999911, -1.084202172485504434E-16 ) ) ;
#2659 =( NAMED_UNIT ( * ) SI_UNIT ( $, .STERADIAN. ) SOLID_ANGLE_UNIT ( ) );
#2660 = DIRECTION ( 'NONE',  ( 1.000000000000000000, -0.0000000000000000000, 0.0000000000000000000 ) ) ;
#2661 = CARTESIAN_POINT ( 'NONE',  ( 0.5250000000000000222, -1.095662632898206423, -1.506735801988831724 ) ) ;
#2662 = ORIENTED_EDGE ( 'NONE', *, *, #515, .F. ) ;
#2663 = ORIENTED_EDGE ( 'NONE', *, *, #3039, .T. ) ;
#2664 = EDGE_CURVE ( 'NONE', #3766, #1270, #2469, .T. ) ;
#2665 = DIRECTION ( 'NONE',  ( -0.0000000000000000000, 0.0000000000000000000, 1.000000000000000000 ) ) ;
#2666 = PLANE ( 'NONE',  #2861 ) ;
#2667 = EDGE_CURVE ( 'NONE', #1237, #2506, #172, .T. ) ;
#2668 = DIRECTION ( 'NONE',  ( 0.0000000000000000000, 0.1279723384407591147, -0.9917777374966649795 ) ) ;
#2669 = VERTEX_POINT ( 'NONE', #3464 ) ;
#2670 = CARTESIAN_POINT ( 'NONE',  ( 0.7750000000000000222, -0.6286171723855393800, 0.5499999999999999334 ) ) ;
#2671 = CARTESIAN_POINT ( 'NONE',  ( 0.5250000000000000222, -0.6286171723855393800, 0.5499999999999999334 ) ) ;
#2672 = FACE_OUTER_BOUND ( 'NONE', #3735, .T. ) ;
#2673 = ORIENTED_EDGE ( 'NONE', *, *, #2648, .F. ) ;
#2674 = CARTESIAN_POINT ( 'NONE',  ( 0.5250000000000000222, 1.878320690304093942E-16, 0.0000000000000000000 ) ) ;
#2675 = PRESENTATION_STYLE_ASSIGNMENT (( #2068 ) ) ;
#2676 = DIRECTION ( 'NONE',  ( -1.000000000000000000, -0.0000000000000000000, 0.0000000000000000000 ) ) ;
#2677 = ORIENTED_EDGE ( 'NONE', *, *, #416, .F. ) ;
#2678 = ORIENTED_EDGE ( 'NONE', *, *, #3450, .T. ) ;
#2679 = CARTESIAN_POINT ( 'NONE',  ( 0.5250000000000000222, -0.6286171723855394911, 0.5499999999999999334 ) ) ;
#2680 =( NAMED_UNIT ( * ) SI_UNIT ( $, .STERADIAN. ) SOLID_ANGLE_UNIT ( ) );
#2681 =( NAMED_UNIT ( * ) PLANE_ANGLE_UNIT ( ) SI_UNIT ( $, .RADIAN. ) );
#2682 = ORIENTED_EDGE ( 'NONE', *, *, #26, .T. ) ;
#2683 = FILL_AREA_STYLE ('',( #1506 ) ) ;
#2684 = LINE ( 'NONE', #3285, #1485 ) ;
#2685 = EDGE_CURVE ( 'NONE', #3128, #3294, #2005, .T. ) ;
#2686 = ORIENTED_EDGE ( 'NONE', *, *, #1487, .T. ) ;
#2687 = CARTESIAN_POINT ( 'NONE',  ( -0.1250000000000000000, 0.6286171723855390470, 0.5999999999999994227 ) ) ;
#2688 = DIRECTION ( 'NONE',  ( 0.0000000000000000000, 1.084202172485504434E-15, -1.000000000000000000 ) ) ;
#2689 = ADVANCED_FACE ( 'NONE', ( #280 ), #3209, .F. ) ;
#2690 = DIRECTION ( 'NONE',  ( -1.000000000000000000, -0.0000000000000000000, 0.0000000000000000000 ) ) ;
#2691 = PRESENTATION_LAYER_ASSIGNMENT (  '', '', ( #1389 ) ) ;
#2692 = ORIENTED_EDGE ( 'NONE', *, *, #1914, .T. ) ;
#2693 = ORIENTED_EDGE ( 'NONE', *, *, #1197, .T. ) ;
#2694 = VECTOR ( 'NONE', #3002, 1000.000000000000000 ) ;
#2695 =( LENGTH_UNIT ( ) NAMED_UNIT ( * ) SI_UNIT ( .MILLI., .METRE. ) );
#2696 = CIRCLE ( 'NONE', #2818, 0.1999999999999999833 ) ;
#2697 =( NAMED_UNIT ( * ) SI_UNIT ( $, .STERADIAN. ) SOLID_ANGLE_UNIT ( ) );
#2698 =( NAMED_UNIT ( * ) PLANE_ANGLE_UNIT ( ) SI_UNIT ( $, .RADIAN. ) );
#2699 = VECTOR ( 'NONE', #211, 1000.000000000000114 ) ;
#2700 =( BOUNDED_CURVE ( )  B_SPLINE_CURVE ( 3, ( #1133, #2022, #575, #1177 ),
 .UNSPECIFIED., .F., .T. ) 
 B_SPLINE_CURVE_WITH_KNOTS ( ( 4, 4 ),
 ( 5.531305892884600617, 7.035064721474571847 ),
 .UNSPECIFIED. ) 
 CURVE ( )  GEOMETRIC_REPRESENTATION_ITEM ( )  RATIONAL_B_SPLINE_CURVE ( ( 1.000000000000000000, 0.8202709971758372909, 0.8202709971758372909, 1.000000000000000000 ) ) 
 REPRESENTATION_ITEM ( '' )  );
#2701 = CIRCLE ( 'NONE', #3257, 0.04999999999999999584 ) ;
#2702 = ORIENTED_EDGE ( 'NONE', *, *, #253, .T. ) ;
#2703 = DIRECTION ( 'NONE',  ( -1.000000000000000000, -0.0000000000000000000, 0.0000000000000000000 ) ) ;
#2704 = COLOUR_RGB ( '',0.7529411764705882248, 0.7529411764705882248, 0.7529411764705882248 ) ;
#2705 = ADVANCED_FACE ( 'NONE', ( #2953 ), #3282, .T. ) ;
#2706 = VERTEX_POINT ( 'NONE', #297 ) ;
#2707 = DIRECTION ( 'NONE',  ( 1.000000000000000000, 0.0000000000000000000, 0.0000000000000000000 ) ) ;
#2708 = CARTESIAN_POINT ( 'NONE',  ( -0.5250000000000000222, -1.149999999999999911, 8.948970312578765779E-17 ) ) ;
#2709 = AXIS2_PLACEMENT_3D ( 'NONE', #3876, #2060, #614 ) ;
#2710 = ADVANCED_FACE ( 'NONE', ( #3873 ), #1207, .F. ) ;
#2711 = DIRECTION ( 'NONE',  ( 0.9659258262890682012, 0.0000000000000000000, -0.2588190451025214611 ) ) ;
#2712 = ORIENTED_EDGE ( 'NONE', *, *, #1887, .T. ) ;
#2713 = VERTEX_POINT ( 'NONE', #3300 ) ;
#2714 =( LENGTH_UNIT ( ) NAMED_UNIT ( * ) SI_UNIT ( .MILLI., .METRE. ) );
#2715 = CARTESIAN_POINT ( 'NONE',  ( -0.7750000000000000222, 2.773217721561970766E-16, 0.1500000000000000500 ) ) ;
#2716 = PRESENTATION_LAYER_ASSIGNMENT (  '', '', ( #2236 ) ) ;
#2717 = DIRECTION ( 'NONE',  ( 0.0000000000000000000, 0.0000000000000000000, -1.000000000000000000 ) ) ;
#2718 = DIRECTION ( 'NONE',  ( 0.0000000000000000000, 0.1279723384407591147, -0.9917777374966649795 ) ) ;
#2719 = STYLED_ITEM ( 'NONE', ( #3243 ), #2689 ) ;
#2720 = VECTOR ( 'NONE', #3781, 1000.000000000000000 ) ;
#2721 = CARTESIAN_POINT ( 'NONE',  ( 0.5250000000000000222, 0.6782060592603726956, 0.5563986169220370703 ) ) ;
#2722 = VERTEX_POINT ( 'NONE', #1519 ) ;
#2723 = CARTESIAN_POINT ( 'NONE',  ( 0.1250000000000001110, 0.5848076211353315790, 0.7499999999999995559 ) ) ;
#2724 = FILL_AREA_STYLE_COLOUR ( '', #3685 ) ;
#2725 = PRESENTATION_STYLE_ASSIGNMENT (( #3609 ) ) ;
#2726 = VECTOR ( 'NONE', #2808, 1000.000000000000000 ) ;
#2727 = CARTESIAN_POINT ( 'NONE',  ( -0.7750000000000000222, -0.9258514289220327598, 8.948970312578765779E-17 ) ) ;
#2728 = ORIENTED_EDGE ( 'NONE', *, *, #460, .T. ) ;
#2729 = VERTEX_POINT ( 'NONE', #3043 ) ;
#2730 = CARTESIAN_POINT ( 'NONE',  ( 0.9428203230275508107, 0.6250000000000000000, 1.000000000000000000 ) ) ;
#2731 = ADVANCED_FACE ( 'NONE', ( #386 ), #1245, .T. ) ;
#2732 = DIRECTION ( 'NONE',  ( -0.0000000000000000000, -0.2588190451025213501, -0.9659258262890680902 ) ) ;
#2733 = EDGE_CURVE ( 'NONE', #3215, #3398, #331, .T. ) ;
#2734 =( NAMED_UNIT ( * ) PLANE_ANGLE_UNIT ( ) SI_UNIT ( $, .RADIAN. ) );
#2735 = ORIENTED_EDGE ( 'NONE', *, *, #608, .F. ) ;
#2736 = CARTESIAN_POINT ( 'NONE',  ( 0.9160254037844385300, -0.6250000000000000000, 0.09999999999999993616 ) ) ;
#2737 = FILL_AREA_STYLE ('',( #3380 ) ) ;
#2738 = CARTESIAN_POINT ( 'NONE',  ( 0.5250000000000000222, -0.9258514289220320936, 0.1499999999999999667 ) ) ;
#2739 =( GEOMETRIC_REPRESENTATION_CONTEXT ( 3 ) GLOBAL_UNCERTAINTY_ASSIGNED_CONTEXT ( ( #2452 ) ) GLOBAL_UNIT_ASSIGNED_CONTEXT ( ( #2311, #480, #765 ) ) REPRESENTATION_CONTEXT ( 'NONE', 'WORKASPACE' ) );
#2740 = VECTOR ( 'NONE', #1824, 1000.000000000000000 ) ;
#2741 =( NAMED_UNIT ( * ) SI_UNIT ( $, .STERADIAN. ) SOLID_ANGLE_UNIT ( ) );
#2742 = ORIENTED_EDGE ( 'NONE', *, *, #2685, .T. ) ;
#2743 = DIRECTION ( 'NONE',  ( -1.000000000000000000, -0.0000000000000000000, 0.0000000000000000000 ) ) ;
#2744 =( LENGTH_UNIT ( ) NAMED_UNIT ( * ) SI_UNIT ( .MILLI., .METRE. ) );
#2745 =( NAMED_UNIT ( * ) PLANE_ANGLE_UNIT ( ) SI_UNIT ( $, .RADIAN. ) );
#2746 =( NAMED_UNIT ( * ) SI_UNIT ( $, .STERADIAN. ) SOLID_ANGLE_UNIT ( ) );
#2747 = ORIENTED_EDGE ( 'NONE', *, *, #274, .T. ) ;
#2748 = EDGE_CURVE ( 'NONE', #1099, #1609, #1785, .T. ) ;
#2749 = CARTESIAN_POINT ( 'NONE',  ( -0.7750000000000000222, 0.6782060592603726956, 0.5563986169220370703 ) ) ;
#2750 =( GEOMETRIC_REPRESENTATION_CONTEXT ( 3 ) GLOBAL_UNCERTAINTY_ASSIGNED_CONTEXT ( ( #1065 ) ) GLOBAL_UNIT_ASSIGNED_CONTEXT ( ( #1048, #356, #2746 ) ) REPRESENTATION_CONTEXT ( 'NONE', 'WORKASPACE' ) );
#2751 = VECTOR ( 'NONE', #1621, 1000.000000000000000 ) ;
#2752 = CARTESIAN_POINT ( 'NONE',  ( -0.5250000000000000222, -2.823029783604833700E-15, 0.6000000000000008660 ) ) ;
#2753 = VECTOR ( 'NONE', #2785, 1000.000000000000000 ) ;
#2754 = UNCERTAINTY_MEASURE_WITH_UNIT (LENGTH_MEASURE( 1.000000000000000082E-05 ), #2308, 'distance_accuracy_value', 'NONE');
#2755 = AXIS2_PLACEMENT_3D ( 'NONE', #3354, #326, #3295 ) ;
#2756 = EDGE_CURVE ( 'NONE', #250, #3091, #3617, .T. ) ;
#2757 = STYLED_ITEM ( 'NONE', ( #2778 ), #3376 ) ;
#2758 = DIRECTION ( 'NONE',  ( 0.0000000000000000000, 0.0000000000000000000, -1.000000000000000000 ) ) ;
#2759 = COLOUR_RGB ( '',0.7529411764705882248, 0.7529411764705882248, 0.7529411764705882248 ) ;
#2760 = CARTESIAN_POINT ( 'NONE',  ( -0.5250000000000000222, -0.5848076211353314680, 0.7500000000000000000 ) ) ;
#2761 = VECTOR ( 'NONE', #210, 1000.000000000000000 ) ;
#2762 = CARTESIAN_POINT ( 'NONE',  ( -0.7750000000000000222, -0.9468959722737064766, -1.525931652754945356 ) ) ;
#2763 = ORIENTED_EDGE ( 'NONE', *, *, #1126, .F. ) ;
#2764 = MECHANICAL_DESIGN_GEOMETRIC_PRESENTATION_REPRESENTATION (  '', ( #1589 ), #1835 ) ;
#2765 = SURFACE_STYLE_FILL_AREA ( #3331 ) ;
#2766 = CARTESIAN_POINT ( 'NONE',  ( 0.5250000000000000222, -0.9258514289220316495, 0.2000000000000000111 ) ) ;
#2767 = STYLED_ITEM ( 'NONE', ( #2851 ), #610 ) ;
#2768 = UNCERTAINTY_MEASURE_WITH_UNIT (LENGTH_MEASURE( 1.000000000000000082E-05 ), #1325, 'distance_accuracy_value', 'NONE');
#2769 = VECTOR ( 'NONE', #671, 1000.000000000000114 ) ;
#2770 = CARTESIAN_POINT ( 'NONE',  ( 0.9160254037844385300, 0.3944328211555311881, 0.09999999999999993616 ) ) ;
#2771 = ORIENTED_EDGE ( 'NONE', *, *, #3872, .T. ) ;
#2772 = VERTEX_POINT ( 'NONE', #345 ) ;
#2773 = PLANE ( 'NONE',  #2755 ) ;
#2774 = FILL_AREA_STYLE ('',( #623 ) ) ;
#2775 = CARTESIAN_POINT ( 'NONE',  ( -0.7750000000000000222, 0.8269727198848726424, 0.5755944676881500355 ) ) ;
#2776 = EDGE_CURVE ( 'NONE', #2820, #3244, #556, .T. ) ;
#2777 = DIRECTION ( 'NONE',  ( 0.0000000000000000000, -0.1279723384407590592, -0.9917777374966649795 ) ) ;
#2778 = PRESENTATION_STYLE_ASSIGNMENT (( #777 ) ) ;
#2779 = PRESENTATION_STYLE_ASSIGNMENT (( #2466 ) ) ;
#2780 = SURFACE_SIDE_STYLE ('',( #1604 ) ) ;
#2781 = ADVANCED_FACE ( 'NONE', ( #979 ), #1560, .T. ) ;
#2782 = COLOUR_RGB ( '',0.1176470588235294101, 0.1176470588235294101, 0.1176470588235294101 ) ;
#2783 = LINE ( 'NONE', #2209, #2951 ) ;
#2784 = ORIENTED_EDGE ( 'NONE', *, *, #2111, .F. ) ;
#2785 = DIRECTION ( 'NONE',  ( 0.0000000000000000000, -1.000000000000000000, 0.0000000000000000000 ) ) ;
#2786 = CARTESIAN_POINT ( 'NONE',  ( 0.7750000000000001332, 0.6250000000000000000, 0.5999999999999999778 ) ) ;
#2787 = CARTESIAN_POINT ( 'NONE',  ( 0.7750000000000000222, 1.878320690304093942E-16, 0.1499999999999999667 ) ) ;
#2788 = ORIENTED_EDGE ( 'NONE', *, *, #1258, .F. ) ;
#2789 = ORIENTED_EDGE ( 'NONE', *, *, #91, .T. ) ;
#2790 = DIRECTION ( 'NONE',  ( 0.0000000000000000000, 0.0000000000000000000, -1.000000000000000000 ) ) ;
#2791 = SURFACE_STYLE_USAGE ( .BOTH. , #2554 ) ;
#2792 = DIRECTION ( 'NONE',  ( 0.0000000000000000000, -1.000000000000000000, 0.0000000000000000000 ) ) ;
#2793 = UNCERTAINTY_MEASURE_WITH_UNIT (LENGTH_MEASURE( 1.000000000000000082E-05 ), #2066, 'distance_accuracy_value', 'NONE');
#2794 = CARTESIAN_POINT ( 'NONE',  ( -1.050000000000000044, 0.5284074173710930911, 0.5999999999999999778 ) ) ;
#2795 = PRESENTATION_STYLE_ASSIGNMENT (( #2484 ) ) ;
#2796 =( NAMED_UNIT ( * ) PLANE_ANGLE_UNIT ( ) SI_UNIT ( $, .RADIAN. ) );
#2797 = EDGE_CURVE ( 'NONE', #290, #2109, #2259, .T. ) ;
#2798 = CARTESIAN_POINT ( 'NONE',  ( -0.9428203230275508107, -0.4212277403986434687, 1.000000000000000000 ) ) ;
#2799 = EDGE_LOOP ( 'NONE', ( #3874, #2096, #1697, #1585 ) ) ;
#2800 = CARTESIAN_POINT ( 'NONE',  ( -0.1250000000000000000, 0.8269727198848726424, 0.5755944676881500355 ) ) ;
#2801 = UNCERTAINTY_MEASURE_WITH_UNIT (LENGTH_MEASURE( 1.000000000000000082E-05 ), #1640, 'distance_accuracy_value', 'NONE');
#2802 = EDGE_CURVE ( 'NONE', #3384, #1571, #3138, .T. ) ;
#2803 = DIRECTION ( 'NONE',  ( 1.000000000000000000, 0.0000000000000000000, 0.0000000000000000000 ) ) ;
#2804 = EDGE_LOOP ( 'NONE', ( #358, #3547, #1111, #2376, #3416, #3570, #2702, #168, #3184, #3037, #392, #1143 ) ) ;
#2805 = CARTESIAN_POINT ( 'NONE',  ( -0.7750000000000000222, -0.9258514289220315385, 0.2000000000000000944 ) ) ;
#2806 = PLANE ( 'NONE',  #1083 ) ;
#2807 =( GEOMETRIC_REPRESENTATION_CONTEXT ( 3 ) GLOBAL_UNCERTAINTY_ASSIGNED_CONTEXT ( ( #1727 ) ) GLOBAL_UNIT_ASSIGNED_CONTEXT ( ( #501, #165, #3792 ) ) REPRESENTATION_CONTEXT ( 'NONE', 'WORKASPACE' ) );
#2808 = DIRECTION ( 'NONE',  ( 0.0000000000000000000, 0.0000000000000000000, -1.000000000000000000 ) ) ;
#2809 =( NAMED_UNIT ( * ) SI_UNIT ( $, .STERADIAN. ) SOLID_ANGLE_UNIT ( ) );
#2810 = CIRCLE ( 'NONE', #2265, 0.04999999999999994033 ) ;
#2811 =( NAMED_UNIT ( * ) SI_UNIT ( $, .STERADIAN. ) SOLID_ANGLE_UNIT ( ) );
#2812 = DIRECTION ( 'NONE',  ( -0.0000000000000000000, 0.0000000000000000000, 1.000000000000000000 ) ) ;
#2813 =( NAMED_UNIT ( * ) SI_UNIT ( $, .STERADIAN. ) SOLID_ANGLE_UNIT ( ) );
#2814 = SURFACE_STYLE_FILL_AREA ( #1305 ) ;
#2815 = VECTOR ( 'NONE', #3569, 1000.000000000000114 ) ;
#2816 = DIRECTION ( 'NONE',  ( 0.9659258262890682012, 0.0000000000000000000, 0.2588190451025211836 ) ) ;
#2817 = AXIS2_PLACEMENT_3D ( 'NONE', #1646, #3085, #1946 ) ;
#2818 = AXIS2_PLACEMENT_3D ( 'NONE', #1253, #7, #2688 ) ;
#2819 =( GEOMETRIC_REPRESENTATION_CONTEXT ( 3 ) GLOBAL_UNCERTAINTY_ASSIGNED_CONTEXT ( ( #1651 ) ) GLOBAL_UNIT_ASSIGNED_CONTEXT ( ( #2608, #212, #2813 ) ) REPRESENTATION_CONTEXT ( 'NONE', 'WORKASPACE' ) );
#2820 = VERTEX_POINT ( 'NONE', #2794 ) ;
#2821 = DIRECTION ( 'NONE',  ( -1.000000000000000000, -0.0000000000000000000, -0.0000000000000000000 ) ) ;
#2822 = DIRECTION ( 'NONE',  ( 1.000000000000000000, -0.0000000000000000000, 0.0000000000000000000 ) ) ;
#2823 = LINE ( 'NONE', #1882, #383 ) ;
#2824 = PRESENTATION_LAYER_ASSIGNMENT (  '', '', ( #3255 ) ) ;
#2825 = VECTOR ( 'NONE', #3804, 1000.000000000000000 ) ;
#2826 = AXIS2_PLACEMENT_3D ( 'NONE', #678, #1007, #3050 ) ;
#2827 = ORIENTED_EDGE ( 'NONE', *, *, #3278, .T. ) ;
#2828 = CARTESIAN_POINT ( 'NONE',  ( -1.050000000000000044, 0.6250000000000000000, 0.5999999999999999778 ) ) ;
#2829 = STYLED_ITEM ( 'NONE', ( #2172 ), #2521 ) ;
#2830 = LINE ( 'NONE', #3152, #771 ) ;
#2831 = EDGE_CURVE ( 'NONE', #534, #3692, #738, .T. ) ;
#2832 =( GEOMETRIC_REPRESENTATION_CONTEXT ( 3 ) GLOBAL_UNCERTAINTY_ASSIGNED_CONTEXT ( ( #1684 ) ) GLOBAL_UNIT_ASSIGNED_CONTEXT ( ( #599, #1530, #3861 ) ) REPRESENTATION_CONTEXT ( 'NONE', 'WORKASPACE' ) );
#2833 =( NAMED_UNIT ( * ) SI_UNIT ( $, .STERADIAN. ) SOLID_ANGLE_UNIT ( ) );
#2834 = CARTESIAN_POINT ( 'NONE',  ( 0.7750000000000000222, -2.912519486730621530E-15, 0.6000000000000007550 ) ) ;
#2835 =( LENGTH_UNIT ( ) NAMED_UNIT ( * ) SI_UNIT ( .MILLI., .METRE. ) );
#2836 = ORIENTED_EDGE ( 'NONE', *, *, #3036, .F. ) ;
#2837 = CARTESIAN_POINT ( 'NONE',  ( 0.5250000000000000222, 1.149999999999999911, 0.1499999999999997724 ) ) ;
#2838 = DIRECTION ( 'NONE',  ( -0.2588190451025213501, 0.0000000000000000000, 0.9659258262890680902 ) ) ;
#2839 = UNCERTAINTY_MEASURE_WITH_UNIT (LENGTH_MEASURE( 1.000000000000000082E-05 ), #2545, 'distance_accuracy_value', 'NONE');
#2840 = ORIENTED_EDGE ( 'NONE', *, *, #2200, .T. ) ;
#2841 = ORIENTED_EDGE ( 'NONE', *, *, #1798, .F. ) ;
#2842 = DIRECTION ( 'NONE',  ( -1.000000000000000000, -0.0000000000000000000, -0.0000000000000000000 ) ) ;
#2843 = PRESENTATION_LAYER_ASSIGNMENT (  '', '', ( #1116 ) ) ;
#2844 =( GEOMETRIC_REPRESENTATION_CONTEXT ( 3 ) GLOBAL_UNCERTAINTY_ASSIGNED_CONTEXT ( ( #1517 ) ) GLOBAL_UNIT_ASSIGNED_CONTEXT ( ( #3081, #93, #3068 ) ) REPRESENTATION_CONTEXT ( 'NONE', 'WORKASPACE' ) );
#2845 =( LENGTH_UNIT ( ) NAMED_UNIT ( * ) SI_UNIT ( .MILLI., .METRE. ) );
#2846 = ORIENTED_EDGE ( 'NONE', *, *, #3493, .F. ) ;
#2847 = ADVANCED_FACE ( 'NONE', ( #447 ), #2562, .T. ) ;
#2848 = DIRECTION ( 'NONE',  ( 0.2505628070857320866, -0.2505628070857321421, 0.9351131265310290708 ) ) ;
#2849 = EDGE_CURVE ( 'NONE', #3845, #2903, #3728, .T. ) ;
#2850 = LINE ( 'NONE', #3460, #3449 ) ;
#2851 = PRESENTATION_STYLE_ASSIGNMENT (( #213 ) ) ;
#2852 = CARTESIAN_POINT ( 'NONE',  ( 0.9534074173710932465, -0.6250000000000000000, 0.5999999999999999778 ) ) ;
#2853 = VERTEX_POINT ( 'NONE', #3686 ) ;
#2854 = PRESENTATION_STYLE_ASSIGNMENT (( #2507 ) ) ;
#2855 = CARTESIAN_POINT ( 'NONE',  ( -1.050000000000000044, 0.6250000000000000000, 0.5999999999999999778 ) ) ;
#2856 = SURFACE_SIDE_STYLE ('',( #2509 ) ) ;
#2857 = VERTEX_POINT ( 'NONE', #1981 ) ;
#2858 = PRESENTATION_LAYER_ASSIGNMENT (  '', '', ( #2370 ) ) ;
#2859 = PLANE ( 'NONE',  #174 ) ;
#2860 = PLANE ( 'NONE',  #2181 ) ;
#2861 = AXIS2_PLACEMENT_3D ( 'NONE', #1679, #1952, #813 ) ;
#2862 = VERTEX_POINT ( 'NONE', #470 ) ;
#2863 = STYLED_ITEM ( 'NONE', ( #1991 ), #1985 ) ;
#2864 = VERTEX_POINT ( 'NONE', #1685 ) ;
#2865 = LINE ( 'NONE', #109, #1891 ) ;
#2866 = CARTESIAN_POINT ( 'NONE',  ( -1.056064248505149239, 0.5344716658762421746, 0.6226320835309394619 ) ) ;
#2867 = SURFACE_STYLE_FILL_AREA ( #2305 ) ;
#2868 = AXIS2_PLACEMENT_3D ( 'NONE', #3467, #2023, #2325 ) ;
#2869 = MECHANICAL_DESIGN_GEOMETRIC_PRESENTATION_REPRESENTATION (  '', ( #1146 ), #3878 ) ;
#2870 = EDGE_CURVE ( 'NONE', #1176, #1355, #2850, .T. ) ;
#2871 = DIRECTION ( 'NONE',  ( 1.000000000000000000, -0.0000000000000000000, 0.0000000000000000000 ) ) ;
#2872 = EDGE_LOOP ( 'NONE', ( #3796, #3422, #399, #336 ) ) ;
#2873 = COLOUR_RGB ( '',0.1176470588235294101, 0.1176470588235294101, 0.1176470588235294101 ) ;
#2874 =( GEOMETRIC_REPRESENTATION_CONTEXT ( 3 ) GLOBAL_UNCERTAINTY_ASSIGNED_CONTEXT ( ( #1327 ) ) GLOBAL_UNIT_ASSIGNED_CONTEXT ( ( #2034, #1717, #1752 ) ) REPRESENTATION_CONTEXT ( 'NONE', 'WORKASPACE' ) );
#2875 = CARTESIAN_POINT ( 'NONE',  ( 0.7750000000000000222, 1.149999999999999911, -1.084202172485504434E-16 ) ) ;
#2876 =( LENGTH_UNIT ( ) NAMED_UNIT ( * ) SI_UNIT ( .MILLI., .METRE. ) );
#2877 = AXIS2_PLACEMENT_3D ( 'NONE', #1782, #808, #3166 ) ;
#2878 = ORIENTED_EDGE ( 'NONE', *, *, #3612, .T. ) ;
#2879 =( GEOMETRIC_REPRESENTATION_CONTEXT ( 3 ) GLOBAL_UNCERTAINTY_ASSIGNED_CONTEXT ( ( #3296 ) ) GLOBAL_UNIT_ASSIGNED_CONTEXT ( ( #111, #139, #3656 ) ) REPRESENTATION_CONTEXT ( 'NONE', 'WORKASPACE' ) );
#2880 = CARTESIAN_POINT ( 'NONE',  ( -0.7750000000000000222, 1.149999999999999911, 0.1499999999999997724 ) ) ;
#2881 = SURFACE_STYLE_USAGE ( .BOTH. , #3452 ) ;
#2882 = FACE_OUTER_BOUND ( 'NONE', #1028, .T. ) ;
#2883 = VECTOR ( 'NONE', #3098, 1000.000000000000000 ) ;
#2884 = DIRECTION ( 'NONE',  ( 0.0000000000000000000, -0.9917777374966650905, -0.1279723384407591424 ) ) ;
#2885 = ORIENTED_EDGE ( 'NONE', *, *, #2797, .T. ) ;
#2886 = DIRECTION ( 'NONE',  ( -0.2505628070857320866, 0.2505628070857321421, 0.9351131265310290708 ) ) ;
#2887 = CYLINDRICAL_SURFACE ( 'NONE', #270, 0.04999999999999991257 ) ;
#2888 = DIRECTION ( 'NONE',  ( 0.0000000000000000000, 0.0000000000000000000, -1.000000000000000000 ) ) ;
#2889 = VECTOR ( 'NONE', #618, 1000.000000000000000 ) ;
#2890 = FILL_AREA_STYLE_COLOUR ( '', #1883 ) ;
#2891 = ORIENTED_EDGE ( 'NONE', *, *, #3592, .T. ) ;
#2892 = DIRECTION ( 'NONE',  ( 1.000000000000000000, -0.0000000000000000000, 0.0000000000000000000 ) ) ;
#2893 = PRESENTATION_LAYER_ASSIGNMENT (  '', '', ( #3018 ) ) ;
#2894 = EDGE_CURVE ( 'NONE', #2820, #3584, #488, .T. ) ;
#2895 = PRESENTATION_STYLE_ASSIGNMENT (( #2008 ) ) ;
#2896 = VERTEX_POINT ( 'NONE', #1319 ) ;
#2897 = FACE_OUTER_BOUND ( 'NONE', #3330, .T. ) ;
#2898 = SURFACE_STYLE_FILL_AREA ( #3194 ) ;
#2899 = EDGE_CURVE ( 'NONE', #2044, #2070, #1405, .T. ) ;
#2900 = CARTESIAN_POINT ( 'NONE',  ( 0.7750000000000000222, 1.878320690304093942E-16, 0.7499999999999997780 ) ) ;
#2901 = DIRECTION ( 'NONE',  ( 1.000000000000000000, 0.0000000000000000000, 0.0000000000000000000 ) ) ;
#2902 = ORIENTED_EDGE ( 'NONE', *, *, #666, .F. ) ;
#2903 = VERTEX_POINT ( 'NONE', #2224 ) ;
#2904 = SURFACE_SIDE_STYLE ('',( #1188 ) ) ;
#2905 = PRESENTATION_LAYER_ASSIGNMENT (  '', '', ( #2418 ) ) ;
#2906 = UNCERTAINTY_MEASURE_WITH_UNIT (LENGTH_MEASURE( 1.000000000000000082E-05 ), #3381, 'distance_accuracy_value', 'NONE');
#2907 =( NAMED_UNIT ( * ) PLANE_ANGLE_UNIT ( ) SI_UNIT ( $, .RADIAN. ) );
#2908 = LINE ( 'NONE', #2355, #191 ) ;
#2909 = SURFACE_SIDE_STYLE ('',( #3554 ) ) ;
#2910 = CARTESIAN_POINT ( 'NONE',  ( -0.9160254037844381969, -0.3944328211555319097, 0.09999999999999993616 ) ) ;
#2911 = PRESENTATION_LAYER_ASSIGNMENT (  '', '', ( #741 ) ) ;
#2912 = EDGE_LOOP ( 'NONE', ( #1813, #437, #1453, #1118 ) ) ;
#2913 = PRESENTATION_STYLE_ASSIGNMENT (( #1743 ) ) ;
#2914 =( LENGTH_UNIT ( ) NAMED_UNIT ( * ) SI_UNIT ( .MILLI., .METRE. ) );
#2915 = LINE ( 'NONE', #1370, #643 ) ;
#2916 = PRODUCT_DEFINITION_CONTEXT ( 'detailed design', #760, 'design' ) ;
#2917 = EDGE_CURVE ( 'NONE', #2594, #534, #3401, .T. ) ;
#2918 =( LENGTH_UNIT ( ) NAMED_UNIT ( * ) SI_UNIT ( .MILLI., .METRE. ) );
#2919 = VERTEX_POINT ( 'NONE', #591 ) ;
#2920 = PLANE ( 'NONE',  #788 ) ;
#2921 = CARTESIAN_POINT ( 'NONE',  ( -0.9160254037844381969, -0.6250000000000000000, 0.09999999999999993616 ) ) ;
#2922 = LINE ( 'NONE', #3511, #1254 ) ;
#2923 = CARTESIAN_POINT ( 'NONE',  ( 1.050000000000000044, 0.5284074173710932021, 0.5999999999999999778 ) ) ;
#2924 = ADVANCED_FACE ( 'NONE', ( #294 ), #920, .F. ) ;
#2925 = DIRECTION ( 'NONE',  ( -1.000000000000000000, -0.0000000000000000000, -0.0000000000000000000 ) ) ;
#2926 = ORIENTED_EDGE ( 'NONE', *, *, #3762, .F. ) ;
#2927 = ORIENTED_EDGE ( 'NONE', *, *, #1944, .F. ) ;
#2928 = AXIS2_PLACEMENT_3D ( 'NONE', #3195, #2690, #2938 ) ;
#2929 = SURFACE_STYLE_USAGE ( .BOTH. , #2904 ) ;
#2930 = PRESENTATION_STYLE_ASSIGNMENT (( #2055 ) ) ;
#2931 = DIRECTION ( 'NONE',  ( 0.0000000000000000000, 0.0000000000000000000, 1.000000000000000000 ) ) ;
#2932 = CIRCLE ( 'NONE', #52, 0.1999999999999999556 ) ;
#2933 = VERTEX_POINT ( 'NONE', #234 ) ;
#2934 = FACE_OUTER_BOUND ( 'NONE', #1349, .T. ) ;
#2935 = DIRECTION ( 'NONE',  ( 1.000000000000000000, -0.0000000000000000000, 0.0000000000000000000 ) ) ;
#2936 = ORIENTED_EDGE ( 'NONE', *, *, #2016, .T. ) ;
#2937 = PRESENTATION_STYLE_ASSIGNMENT (( #2349 ) ) ;
#2938 = DIRECTION ( 'NONE',  ( 0.0000000000000000000, 0.0000000000000000000, 1.000000000000000000 ) ) ;
#2939 = DIRECTION ( 'NONE',  ( 1.000000000000000000, 0.0000000000000000000, 0.0000000000000000000 ) ) ;
#2940 = EDGE_CURVE ( 'NONE', #642, #2586, #861, .T. ) ;
#2941 = FILL_AREA_STYLE ('',( #641 ) ) ;
#2942 = ORIENTED_EDGE ( 'NONE', *, *, #2917, .T. ) ;
#2943 = ORIENTED_EDGE ( 'NONE', *, *, #2067, .F. ) ;
#2944 = EDGE_CURVE ( 'NONE', #3202, #876, #2701, .T. ) ;
#2945 = COLOUR_RGB ( '',0.1176470588235294101, 0.1176470588235294101, 0.1176470588235294101 ) ;
#2946 = AXIS2_PLACEMENT_3D ( 'NONE', #1943, #2501, #3342 ) ;
#2947 = VECTOR ( 'NONE', #1579, 1000.000000000000000 ) ;
#2948 =( LENGTH_UNIT ( ) NAMED_UNIT ( * ) SI_UNIT ( .MILLI., .METRE. ) );
#2949 = CARTESIAN_POINT ( 'NONE',  ( 1.056064248505149239, 0.5344716658762421746, 0.6226320835309394619 ) ) ;
#2950 = FILL_AREA_STYLE ('',( #879 ) ) ;
#2951 = VECTOR ( 'NONE', #1249, 1000.000000000000000 ) ;
#2952 = VECTOR ( 'NONE', #108, 1000.000000000000114 ) ;
#2953 = FACE_OUTER_BOUND ( 'NONE', #2354, .T. ) ;
#2954 = ORIENTED_EDGE ( 'NONE', *, *, #3, .F. ) ;
#2955 = CARTESIAN_POINT ( 'NONE',  ( -1.700000000000000178, 0.6250000000000000000, 0.5999999999999999778 ) ) ;
#2956 = DIRECTION ( 'NONE',  ( 0.0000000000000000000, 0.0000000000000000000, -1.000000000000000000 ) ) ;
#2957 = SURFACE_STYLE_USAGE ( .BOTH. , #1784 ) ;
#2958 = MECHANICAL_DESIGN_GEOMETRIC_PRESENTATION_REPRESENTATION (  '', ( #2404 ), #3015 ) ;
#2959 = STYLED_ITEM ( 'NONE', ( #3080 ), #1282 ) ;
#2960 = LINE ( 'NONE', #283, #1429 ) ;
#2961 = ORIENTED_EDGE ( 'NONE', *, *, #1695, .F. ) ;
#2962 = DIRECTION ( 'NONE',  ( 1.000000000000000000, 0.0000000000000000000, 0.0000000000000000000 ) ) ;
#2963 = FACE_OUTER_BOUND ( 'NONE', #2241, .T. ) ;
#2964 = CARTESIAN_POINT ( 'NONE',  ( -0.7750000000000000222, -0.8269727198848725314, 0.5755944676881509237 ) ) ;
#2965 = FACE_OUTER_BOUND ( 'NONE', #1309, .T. ) ;
#2966 = VERTEX_POINT ( 'NONE', #1131 ) ;
#2967 = EDGE_LOOP ( 'NONE', ( #742, #1088, #947, #3274, #3652, #890, #661, #2314, #3532, #3391 ) ) ;
#2968 =( NAMED_UNIT ( * ) PLANE_ANGLE_UNIT ( ) SI_UNIT ( $, .RADIAN. ) );
#2969 = COLOUR_RGB ( '',0.7529411764705882248, 0.7529411764705882248, 0.7529411764705882248 ) ;
#2970 = ADVANCED_FACE ( 'NONE', ( #3224 ), #550, .F. ) ;
#2971 = CARTESIAN_POINT ( 'NONE',  ( -0.1250000000000000000, 1.149999999999999911, -1.084202172485504434E-16 ) ) ;
#2972 =( LENGTH_UNIT ( ) NAMED_UNIT ( * ) SI_UNIT ( .MILLI., .METRE. ) );
#2973 = EDGE_CURVE ( 'NONE', #1851, #1644, #3552, .T. ) ;
#2974 = EDGE_LOOP ( 'NONE', ( #811, #2372, #1338, #2604, #1998, #1013, #1276, #2961, #3468, #2334, #1938, #289, #81, #298, #1916, #3287 ) ) ;
#2975 = VECTOR ( 'NONE', #1457, 1000.000000000000000 ) ;
#2976 = CARTESIAN_POINT ( 'NONE',  ( -1.050000000000000044, -0.6250000000000000000, 0.5999999999999999778 ) ) ;
#2977 = CARTESIAN_POINT ( 'NONE',  ( 0.5250000000000000222, -0.8269727198848726424, 0.5755944676881508126 ) ) ;
#2978 = ORIENTED_EDGE ( 'NONE', *, *, #1960, .T. ) ;
#2979 = FACE_OUTER_BOUND ( 'NONE', #1970, .T. ) ;
#2980 = LINE ( 'NONE', #304, #639 ) ;
#2981 = CARTESIAN_POINT ( 'NONE',  ( -0.5250000000000000222, 0.6286171723855393800, 0.5499999999999994893 ) ) ;
#2982 = PRESENTATION_STYLE_ASSIGNMENT (( #2426 ) ) ;
#2983 = ORIENTED_EDGE ( 'NONE', *, *, #956, .T. ) ;
#2984 = ORIENTED_EDGE ( 'NONE', *, *, #1213, .F. ) ;
#2985 = CARTESIAN_POINT ( 'NONE',  ( -0.9160254037844381969, 0.3944328211555309660, 0.09999999999999993616 ) ) ;
#2986 = LINE ( 'NONE', #46, #524 ) ;
#2987 = CARTESIAN_POINT ( 'NONE',  ( 0.1250000000000000000, 1.149999999999999911, -1.084202172485504434E-16 ) ) ;
#2988 = EDGE_CURVE ( 'NONE', #3312, #3384, #318, .T. ) ;
#2989 = MECHANICAL_DESIGN_GEOMETRIC_PRESENTATION_REPRESENTATION (  '', ( #2863 ), #1383 ) ;
#2990 = ORIENTED_EDGE ( 'NONE', *, *, #2153, .F. ) ;
#2991 = DIRECTION ( 'NONE',  ( -0.2505628070857320866, -0.2505628070857321421, -0.9351131265310290708 ) ) ;
#2992 = CARTESIAN_POINT ( 'NONE',  ( -0.5249999999999999112, 0.6250000000000000000, 0.5999999999999999778 ) ) ;
#2993 = EDGE_CURVE ( 'NONE', #3384, #1230, #646, .T. ) ;
#2994 = ORIENTED_EDGE ( 'NONE', *, *, #2178, .T. ) ;
#2995 = CARTESIAN_POINT ( 'NONE',  ( 0.7750000000000000222, 0.6286171723855390470, 0.5999999999999994227 ) ) ;
#2996 = LINE ( 'NONE', #2104, #1522 ) ;
#2997 = COLOUR_RGB ( '',0.1176470588235294101, 0.1176470588235294101, 0.1176470588235294101 ) ;
#2998 = CYLINDRICAL_SURFACE ( 'NONE', #3750, 0.09999999999999993616 ) ;
#2999 = ORIENTED_EDGE ( 'NONE', *, *, #128, .T. ) ;
#3000 = ORIENTED_EDGE ( 'NONE', *, *, #815, .T. ) ;
#3001 = STYLED_ITEM ( 'NONE', ( #975 ), #1653 ) ;
#3002 = DIRECTION ( 'NONE',  ( -0.0000000000000000000, 1.000000000000000000, -0.0000000000000000000 ) ) ;
#3003 = SURFACE_STYLE_USAGE ( .BOTH. , #1815 ) ;
#3004 = COLOUR_RGB ( '',0.7529411764705882248, 0.7529411764705882248, 0.7529411764705882248 ) ;
#3005 = DIRECTION ( 'NONE',  ( 0.0000000000000000000, -1.000000000000000000, 1.379090775700468400E-15 ) ) ;
#3006 = VECTOR ( 'NONE', #1844, 1000.000000000000000 ) ;
#3007 = LINE ( 'NONE', #2736, #2272 ) ;
#3008 = CARTESIAN_POINT ( 'NONE',  ( -0.5250000000000000222, 0.6782060592603726956, 0.5563986169220370703 ) ) ;
#3009 =( NAMED_UNIT ( * ) PLANE_ANGLE_UNIT ( ) SI_UNIT ( $, .RADIAN. ) );
#3010 = PRESENTATION_LAYER_ASSIGNMENT (  '', '', ( #3454 ) ) ;
#3011 = EDGE_CURVE ( 'NONE', #1099, #468, #928, .T. ) ;
#3012 = SURFACE_STYLE_USAGE ( .BOTH. , #2434 ) ;
#3013 = EDGE_LOOP ( 'NONE', ( #2712, #2050, #432, #1510 ) ) ;
#3014 =( NAMED_UNIT ( * ) SI_UNIT ( $, .STERADIAN. ) SOLID_ANGLE_UNIT ( ) );
#3015 =( GEOMETRIC_REPRESENTATION_CONTEXT ( 3 ) GLOBAL_UNCERTAINTY_ASSIGNED_CONTEXT ( ( #444 ) ) GLOBAL_UNIT_ASSIGNED_CONTEXT ( ( #78, #118, #2212 ) ) REPRESENTATION_CONTEXT ( 'NONE', 'WORKASPACE' ) );
#3016 = CARTESIAN_POINT ( 'NONE',  ( 0.9428203230275504776, 0.4785680178091245018, 1.000000000000000000 ) ) ;
#3017 = CARTESIAN_POINT ( 'NONE',  ( 0.8462277403986431246, 0.5178203230275506552, 1.000000000000000000 ) ) ;
#3018 = STYLED_ITEM ( 'NONE', ( #945 ), #1171 ) ;
#3019 = ADVANCED_FACE ( 'NONE', ( #948 ), #1251, .F. ) ;
#3020 =( NAMED_UNIT ( * ) SI_UNIT ( $, .STERADIAN. ) SOLID_ANGLE_UNIT ( ) );
#3021 = VERTEX_POINT ( 'NONE', #2723 ) ;
#3022 = ORIENTED_EDGE ( 'NONE', *, *, #1699, .T. ) ;
#3023 = DIRECTION ( 'NONE',  ( 0.0000000000000000000, 1.000000000000000000, 0.0000000000000000000 ) ) ;
#3024 = UNCERTAINTY_MEASURE_WITH_UNIT (LENGTH_MEASURE( 1.000000000000000082E-05 ), #3502, 'distance_accuracy_value', 'NONE');
#3025 = DIRECTION ( 'NONE',  ( 0.0000000000000000000, 0.1279723384407591147, -0.9917777374966649795 ) ) ;
#3026 = CARTESIAN_POINT ( 'NONE',  ( -0.1250000000000000000, 1.149999999999999911, -1.084202172485504434E-16 ) ) ;
#3027 = FACE_OUTER_BOUND ( 'NONE', #1233, .T. ) ;
#3028 = DIRECTION ( 'NONE',  ( 1.000000000000000000, 0.0000000000000000000, 0.0000000000000000000 ) ) ;
#3029 = FACE_OUTER_BOUND ( 'NONE', #2799, .T. ) ;
#3030 = CYLINDRICAL_SURFACE ( 'NONE', #2650, 0.2000000000000000389 ) ;
#3031 = ORIENTED_EDGE ( 'NONE', *, *, #3396, .T. ) ;
#3032 = CARTESIAN_POINT ( 'NONE',  ( -0.7750000000000001332, -0.5848076211353315790, 0.7499999999999998890 ) ) ;
#3033 = LINE ( 'NONE', #3715, #1212 ) ;
#3034 = DIRECTION ( 'NONE',  ( 0.0000000000000000000, 0.0000000000000000000, -1.000000000000000000 ) ) ;
#3035 = MECHANICAL_DESIGN_GEOMETRIC_PRESENTATION_REPRESENTATION (  '', ( #2542 ), #2148 ) ;
#3036 = EDGE_CURVE ( 'NONE', #376, #3483, #2138, .T. ) ;
#3037 = ORIENTED_EDGE ( 'NONE', *, *, #3082, .F. ) ;
#3038 =( NAMED_UNIT ( * ) PLANE_ANGLE_UNIT ( ) SI_UNIT ( $, .RADIAN. ) );
#3039 = EDGE_CURVE ( 'NONE', #250, #3076, #1774, .T. ) ;
#3040 =( NAMED_UNIT ( * ) SI_UNIT ( $, .STERADIAN. ) SOLID_ANGLE_UNIT ( ) );
#3041 = SURFACE_STYLE_USAGE ( .BOTH. , #3595 ) ;
#3042 = CARTESIAN_POINT ( 'NONE',  ( -0.7750000000000000222, -2.823029783604833700E-15, 0.6000000000000008660 ) ) ;
#3043 = CARTESIAN_POINT ( 'NONE',  ( 0.1250000000000000000, 0.7274958814226984982, 0.1744055323118491874 ) ) ;
#3044 = CARTESIAN_POINT ( 'NONE',  ( 0.5250000000000000222, -0.6286171723855394911, 0.5499999999999999334 ) ) ;
#3045 = DIRECTION ( 'NONE',  ( -1.000000000000000000, 0.0000000000000000000, -0.0000000000000000000 ) ) ;
#3046 = CARTESIAN_POINT ( 'NONE',  ( -0.5250000000000000222, 0.8762625420471984450, 0.1936013830779621525 ) ) ;
#3047 = CIRCLE ( 'NONE', #3613, 0.04999999999999999584 ) ;
#3048 = LINE ( 'NONE', #693, #2459 ) ;
#3049 = ORIENTED_EDGE ( 'NONE', *, *, #1631, .F. ) ;
#3050 = DIRECTION ( 'NONE',  ( 0.0000000000000000000, 0.0000000000000000000, 1.000000000000000000 ) ) ;
#3051 = SURFACE_STYLE_FILL_AREA ( #414 ) ;
#3052 = CARTESIAN_POINT ( 'NONE',  ( 0.1250000000000001110, 0.6250000000000001110, 0.5999999999999994227 ) ) ;
#3053 = DIRECTION ( 'NONE',  ( 1.000000000000000000, 0.0000000000000000000, 0.0000000000000000000 ) ) ;
#3054 = ORIENTED_EDGE ( 'NONE', *, *, #3036, .T. ) ;
#3055 = EDGE_CURVE ( 'NONE', #2217, #3789, #3622, .T. ) ;
#3056 = DIRECTION ( 'NONE',  ( -1.000000000000000000, 0.0000000000000000000, -0.0000000000000000000 ) ) ;
#3057 = AXIS2_PLACEMENT_3D ( 'NONE', #999, #3298, #1559 ) ;
#3058 = CARTESIAN_POINT ( 'NONE',  ( 0.5250000000000000222, 0.9258514289220316495, 0.1999999999999997891 ) ) ;
#3059 = ORIENTED_EDGE ( 'NONE', *, *, #837, .T. ) ;
#3060 = ADVANCED_FACE ( 'NONE', ( #2979 ), #3288, .T. ) ;
#3061 = CARTESIAN_POINT ( 'NONE',  ( 0.8276300532574104585, -0.4992226358863172675, 1.069407513314353242 ) ) ;
#3062 = LINE ( 'NONE', #382, #2632 ) ;
#3063 = VECTOR ( 'NONE', #2255, 1000.000000000000000 ) ;
#3064 = COLOUR_RGB ( '',0.7529411764705882248, 0.7529411764705882248, 0.7529411764705882248 ) ;
#3065 = DIRECTION ( 'NONE',  ( 1.000000000000000000, 0.0000000000000000000, 0.0000000000000000000 ) ) ;
#3066 = CARTESIAN_POINT ( 'NONE',  ( 0.5250000000000000222, 0.6286171723855390470, 0.5999999999999994227 ) ) ;
#3067 = FILL_AREA_STYLE ('',( #389 ) ) ;
#3068 =( NAMED_UNIT ( * ) SI_UNIT ( $, .STERADIAN. ) SOLID_ANGLE_UNIT ( ) );
#3069 =( GEOMETRIC_REPRESENTATION_CONTEXT ( 3 ) GLOBAL_UNCERTAINTY_ASSIGNED_CONTEXT ( ( #735 ) ) GLOBAL_UNIT_ASSIGNED_CONTEXT ( ( #1531, #2139, #39 ) ) REPRESENTATION_CONTEXT ( 'NONE', 'WORKASPACE' ) );
#3070 = DIRECTION ( 'NONE',  ( 1.000000000000000000, -0.0000000000000000000, -0.0000000000000000000 ) ) ;
#3071 = ORIENTED_EDGE ( 'NONE', *, *, #2268, .T. ) ;
#3072 = LINE ( 'NONE', #785, #3115 ) ;
#3073 = DIRECTION ( 'NONE',  ( 0.0000000000000000000, 0.0000000000000000000, -1.000000000000000000 ) ) ;
#3074 = UNCERTAINTY_MEASURE_WITH_UNIT (LENGTH_MEASURE( 1.000000000000000082E-05 ), #687, 'distance_accuracy_value', 'NONE');
#3075 = VERTEX_POINT ( 'NONE', #456 ) ;
#3076 = VERTEX_POINT ( 'NONE', #117 ) ;
#3077 = CARTESIAN_POINT ( 'NONE',  ( -0.7750000000000000222, 0.5500000000000000444, 0.7499999999999994449 ) ) ;
#3078 = COLOUR_RGB ( '',0.7529411764705882248, 0.7529411764705882248, 0.7529411764705882248 ) ;
#3079 = ADVANCED_FACE ( 'NONE', ( #2264 ), #1929, .T. ) ;
#3080 = PRESENTATION_STYLE_ASSIGNMENT (( #2485 ) ) ;
#3081 =( LENGTH_UNIT ( ) NAMED_UNIT ( * ) SI_UNIT ( .MILLI., .METRE. ) );
#3082 = EDGE_CURVE ( 'NONE', #3398, #728, #3385, .T. ) ;
#3083 = DIRECTION ( 'NONE',  ( -0.2505628070857321421, -0.2505628070857321421, 0.9351131265310290708 ) ) ;
#3084 = ORIENTED_EDGE ( 'NONE', *, *, #487, .F. ) ;
#3085 = DIRECTION ( 'NONE',  ( -1.000000000000000000, -0.0000000000000000000, 0.0000000000000000000 ) ) ;
#3086 = DIRECTION ( 'NONE',  ( 1.000000000000000000, 0.0000000000000000000, 0.0000000000000000000 ) ) ;
#3087 = PLANE ( 'NONE',  #2035 ) ;
#3088 = VECTOR ( 'NONE', #316, 1000.000000000000000 ) ;
#3089 = CIRCLE ( 'NONE', #229, 0.2000000000000000389 ) ;
#3090 = ORIENTED_EDGE ( 'NONE', *, *, #913, .F. ) ;
#3091 = VERTEX_POINT ( 'NONE', #1610 ) ;
#3092 = AXIS2_PLACEMENT_3D ( 'NONE', #1596, #1618, #2182 ) ;
#3093 = DIRECTION ( 'NONE',  ( -1.000000000000000000, -0.0000000000000000000, -0.0000000000000000000 ) ) ;
#3094 = EDGE_LOOP ( 'NONE', ( #2652, #1443, #36, #3169, #1070, #130, #1398, #3031, #2513, #2534, #2428, #75 ) ) ;
#3095 = PRESENTATION_STYLE_ASSIGNMENT (( #133 ) ) ;
#3096 = UNCERTAINTY_MEASURE_WITH_UNIT (LENGTH_MEASURE( 1.000000000000000082E-05 ), #2714, 'distance_accuracy_value', 'NONE');
#3097 = CARTESIAN_POINT ( 'NONE',  ( 0.5250000000000000222, 0.6782060592603726956, 0.5563986169220370703 ) ) ;
#3098 = DIRECTION ( 'NONE',  ( -0.0000000000000000000, -0.2588190451025213501, -0.9659258262890680902 ) ) ;
#3099 = CARTESIAN_POINT ( 'NONE',  ( -1.050000000000000044, 0.6250000000000000000, 0.5999999999999999778 ) ) ;
#3100 = ORIENTED_EDGE ( 'NONE', *, *, #660, .F. ) ;
#3101 = DIRECTION ( 'NONE',  ( 0.0000000000000000000, 0.0000000000000000000, -1.000000000000000000 ) ) ;
#3102 = CARTESIAN_POINT ( 'NONE',  ( -0.7750000000000000222, 0.6782060592603726956, 0.5563986169220370703 ) ) ;
#3103 = EDGE_CURVE ( 'NONE', #1571, #770, #3072, .T. ) ;
#3104 = UNCERTAINTY_MEASURE_WITH_UNIT (LENGTH_MEASURE( 1.000000000000000082E-05 ), #2845, 'distance_accuracy_value', 'NONE');
#3105 = SURFACE_STYLE_FILL_AREA ( #163 ) ;
#3106 = ORIENTED_EDGE ( 'NONE', *, *, #2797, .F. ) ;
#3107 = ORIENTED_EDGE ( 'NONE', *, *, #537, .T. ) ;
#3108 = DIRECTION ( 'NONE',  ( 0.0000000000000000000, 0.0000000000000000000, 1.000000000000000000 ) ) ;
#3109 = COLOUR_RGB ( '',0.7529411764705882248, 0.7529411764705882248, 0.7529411764705882248 ) ;
#3110 = ORIENTED_EDGE ( 'NONE', *, *, #2648, .T. ) ;
#3111 = SURFACE_SIDE_STYLE ('',( #1955 ) ) ;
#3112 =( GEOMETRIC_REPRESENTATION_CONTEXT ( 3 ) GLOBAL_UNCERTAINTY_ASSIGNED_CONTEXT ( ( #2072 ) ) GLOBAL_UNIT_ASSIGNED_CONTEXT ( ( #223, #3190, #2579 ) ) REPRESENTATION_CONTEXT ( 'NONE', 'WORKASPACE' ) );
#3113 = STYLED_ITEM ( 'NONE', ( #801 ), #1555 ) ;
#3114 = CARTESIAN_POINT ( 'NONE',  ( 0.5250000000000000222, -0.9258514289220320936, 0.1499999999999999667 ) ) ;
#3115 = VECTOR ( 'NONE', #2821, 1000.000000000000000 ) ;
#3116 = FILL_AREA_STYLE_COLOUR ( '', #1430 ) ;
#3117 = DIRECTION ( 'NONE',  ( 1.000000000000000000, 0.0000000000000000000, 0.0000000000000000000 ) ) ;
#3118 = VECTOR ( 'NONE', #332, 1000.000000000000000 ) ;
#3119 = VECTOR ( 'NONE', #3719, 1000.000000000000000 ) ;
#3120 = AXIS2_PLACEMENT_3D ( 'NONE', #1490, #1470, #3834 ) ;
#3121 = CARTESIAN_POINT ( 'NONE',  ( 1.050000000000000044, -0.5284074173710933131, 0.5999999999999999778 ) ) ;
#3122 = ORIENTED_EDGE ( 'NONE', *, *, #2080, .T. ) ;
#3123 = FILL_AREA_STYLE ('',( #1063 ) ) ;
#3124 = PRESENTATION_LAYER_ASSIGNMENT (  '', '', ( #2757 ) ) ;
#3125 = EDGE_CURVE ( 'NONE', #478, #107, #1903, .T. ) ;
#3126 = STYLED_ITEM ( 'NONE', ( #3655 ), #2781 ) ;
#3127 = SURFACE_SIDE_STYLE ('',( #3429 ) ) ;
#3128 = VERTEX_POINT ( 'NONE', #393 ) ;
#3129 = COLOUR_RGB ( '',0.7529411764705882248, 0.7529411764705882248, 0.7529411764705882248 ) ;
#3130 = ORIENTED_EDGE ( 'NONE', *, *, #589, .T. ) ;
#3131 = FILL_AREA_STYLE ('',( #2274 ) ) ;
#3132 = CARTESIAN_POINT ( 'NONE',  ( -0.8462277403986440127, -0.5178203230275506552, 1.000000000000000000 ) ) ;
#3133 = EDGE_CURVE ( 'NONE', #517, #2896, #2269, .T. ) ;
#3134 = FACE_OUTER_BOUND ( 'NONE', #2912, .T. ) ;
#3135 = EDGE_LOOP ( 'NONE', ( #616, #2548, #1316, #2249, #807, #3071, #1863, #828 ) ) ;
#3136 = CIRCLE ( 'NONE', #1224, 0.1999999999999999556 ) ;
#3137 = DIRECTION ( 'NONE',  ( 0.0000000000000000000, 0.0000000000000000000, -1.000000000000000000 ) ) ;
#3138 = LINE ( 'NONE', #406, #269 ) ;
#3139 = DIRECTION ( 'NONE',  ( 0.0000000000000000000, -1.000000000000000000, 0.0000000000000000000 ) ) ;
#3140 = LINE ( 'NONE', #2834, #1606 ) ;
#3141 = CARTESIAN_POINT ( 'NONE',  ( 0.5250000000000000222, 0.5848076211353316900, 0.7499999999999994449 ) ) ;
#3142 = DIRECTION ( 'NONE',  ( 1.000000000000000000, 0.0000000000000000000, 0.0000000000000000000 ) ) ;
#3143 = ORIENTED_EDGE ( 'NONE', *, *, #3546, .T. ) ;
#3144 = SURFACE_SIDE_STYLE ('',( #97 ) ) ;
#3145 = SURFACE_STYLE_FILL_AREA ( #1369 ) ;
#3146 = DIRECTION ( 'NONE',  ( 0.0000000000000000000, 0.0000000000000000000, 1.000000000000000000 ) ) ;
#3147 = UNCERTAINTY_MEASURE_WITH_UNIT (LENGTH_MEASURE( 1.000000000000000082E-05 ), #2695, 'distance_accuracy_value', 'NONE');
#3148 = PLANE ( 'NONE',  #1201 ) ;
#3149 = ORIENTED_EDGE ( 'NONE', *, *, #935, .F. ) ;
#3150 = CARTESIAN_POINT ( 'NONE',  ( 0.7750000000000000222, -0.9258514289220328708, 0.0000000000000000000 ) ) ;
#3151 = CARTESIAN_POINT ( 'NONE',  ( -0.1250000000000000000, 0.6286171723855390470, 0.5999999999999994227 ) ) ;
#3152 = CARTESIAN_POINT ( 'NONE',  ( -0.7750000000000000222, -0.9258514289220319826, 0.1500000000000000500 ) ) ;
#3153 = EDGE_CURVE ( 'NONE', #3075, #2183, #1045, .T. ) ;
#3154 = DIRECTION ( 'NONE',  ( 0.0000000000000000000, 0.0000000000000000000, -1.000000000000000000 ) ) ;
#3155 = ORIENTED_EDGE ( 'NONE', *, *, #3567, .F. ) ;
#3156 = VERTEX_POINT ( 'NONE', #2230 ) ;
#3157 = FILL_AREA_STYLE ('',( #1359 ) ) ;
#3158 = EDGE_CURVE ( 'NONE', #747, #3774, #3408, .T. ) ;
#3159 = PRESENTATION_STYLE_ASSIGNMENT (( #2002 ) ) ;
#3160 = FILL_AREA_STYLE ('',( #2003 ) ) ;
#3161 = DIRECTION ( 'NONE',  ( 0.0000000000000000000, 1.000000000000000000, 0.0000000000000000000 ) ) ;
#3162 =( LENGTH_UNIT ( ) NAMED_UNIT ( * ) SI_UNIT ( .MILLI., .METRE. ) );
#3163 =( LENGTH_UNIT ( ) NAMED_UNIT ( * ) SI_UNIT ( .MILLI., .METRE. ) );
#3164 = CARTESIAN_POINT ( 'NONE',  ( -0.1250000000000000000, 0.9258514289220328708, -1.897353801849632760E-16 ) ) ;
#3165 = ORIENTED_EDGE ( 'NONE', *, *, #1683, .T. ) ;
#3166 = DIRECTION ( 'NONE',  ( 0.0000000000000000000, 0.0000000000000000000, -1.000000000000000000 ) ) ;
#3167 =( LENGTH_UNIT ( ) NAMED_UNIT ( * ) SI_UNIT ( .MILLI., .METRE. ) );
#3168 = FILL_AREA_STYLE_COLOUR ( '', #2571 ) ;
#3169 = ORIENTED_EDGE ( 'NONE', *, *, #1992, .T. ) ;
#3170 = CARTESIAN_POINT ( 'NONE',  ( -0.1250000000000000000, 0.6286171723855393800, 0.5499999999999994893 ) ) ;
#3171 = CARTESIAN_POINT ( 'NONE',  ( -0.7750000000000000222, -0.7274958814226983872, 0.1744055323118497147 ) ) ;
#3172 =( GEOMETRIC_REPRESENTATION_CONTEXT ( 3 ) GLOBAL_UNCERTAINTY_ASSIGNED_CONTEXT ( ( #2309 ) ) GLOBAL_UNIT_ASSIGNED_CONTEXT ( ( #40, #2745, #3587 ) ) REPRESENTATION_CONTEXT ( 'NONE', 'WORKASPACE' ) );
#3173 = CARTESIAN_POINT ( 'NONE',  ( 0.8809945155078899859, -0.4559945155078903301, 0.8443667243667208888 ) ) ;
#3174 = EDGE_LOOP ( 'NONE', ( #683, #2399, #3775, #1484 ) ) ;
#3175 = ORIENTED_EDGE ( 'NONE', *, *, #737, .F. ) ;
#3176 = ADVANCED_FACE ( 'NONE', ( #695 ), #433, .T. ) ;
#3177 = CARTESIAN_POINT ( 'NONE',  ( -0.9775870981367968948, -0.4559945155078901080, 0.8702486288769729628 ) ) ;
#3178 =( NAMED_UNIT ( * ) PLANE_ANGLE_UNIT ( ) SI_UNIT ( $, .RADIAN. ) );
#3179 = CYLINDRICAL_SURFACE ( 'NONE', #1867, 0.2000000000000000944 ) ;
#3180 = FILL_AREA_STYLE ('',( #3420 ) ) ;
#3181 = CARTESIAN_POINT ( 'NONE',  ( 0.5249999999999999112, 0.6250000000000000000, 0.5999999999999999778 ) ) ;
#3182 = MECHANICAL_DESIGN_GEOMETRIC_PRESENTATION_REPRESENTATION (  '', ( #1709 ), #3248 ) ;
#3183 = COLOUR_RGB ( '',0.7529411764705882248, 0.7529411764705882248, 0.7529411764705882248 ) ;
#3184 = ORIENTED_EDGE ( 'NONE', *, *, #1944, .T. ) ;
#3185 = CIRCLE ( 'NONE', #700, 0.04999999999999994033 ) ;
#3186 = FILL_AREA_STYLE_COLOUR ( '', #441 ) ;
#3187 = PRESENTATION_LAYER_ASSIGNMENT (  '', '', ( #62 ) ) ;
#3188 = MECHANICAL_DESIGN_GEOMETRIC_PRESENTATION_REPRESENTATION (  '', ( #1713 ), #1468 ) ;
#3189 = VECTOR ( 'NONE', #619, 1000.000000000000000 ) ;
#3190 =( NAMED_UNIT ( * ) PLANE_ANGLE_UNIT ( ) SI_UNIT ( $, .RADIAN. ) );
#3191 = ORIENTED_EDGE ( 'NONE', *, *, #3125, .F. ) ;
#3192 = MECHANICAL_DESIGN_GEOMETRIC_PRESENTATION_REPRESENTATION (  '', ( #640 ), #2510 ) ;
#3193 = PLANE ( 'NONE',  #2346 ) ;
#3194 = FILL_AREA_STYLE ('',( #2026 ) ) ;
#3195 = CARTESIAN_POINT ( 'NONE',  ( 0.7750000000000000222, 0.6286171723855393800, 0.5499999999999994893 ) ) ;
#3196 =( GEOMETRIC_REPRESENTATION_CONTEXT ( 3 ) GLOBAL_UNCERTAINTY_ASSIGNED_CONTEXT ( ( #1051 ) ) GLOBAL_UNIT_ASSIGNED_CONTEXT ( ( #3167, #3212, #1434 ) ) REPRESENTATION_CONTEXT ( 'NONE', 'WORKASPACE' ) );
#3197 = PRESENTATION_STYLE_ASSIGNMENT (( #1793 ) ) ;
#3198 = STYLED_ITEM ( 'NONE', ( #141 ), #558 ) ;
#3199 = DIRECTION ( 'NONE',  ( 0.0000000000000000000, 0.1279723384407591424, -0.9917777374966649795 ) ) ;
#3200 = VERTEX_POINT ( 'NONE', #1493 ) ;
#3201 =( BOUNDED_CURVE ( )  B_SPLINE_CURVE ( 3, ( #532, #1427, #1668, #2910 ),
 .UNSPECIFIED., .F., .T. ) 
 B_SPLINE_CURVE_WITH_KNOTS ( ( 4, 4 ),
 ( 5.531305892884598840, 7.035064721474570959 ),
 .UNSPECIFIED. ) 
 CURVE ( )  GEOMETRIC_REPRESENTATION_ITEM ( )  RATIONAL_B_SPLINE_CURVE ( ( 1.000000000000000000, 0.8202709971758370688, 0.8202709971758370688, 1.000000000000000000 ) ) 
 REPRESENTATION_ITEM ( '' )  );
#3202 = VERTEX_POINT ( 'NONE', #195 ) ;
#3203 = SURFACE_STYLE_FILL_AREA ( #3518 ) ;
#3204 = VECTOR ( 'NONE', #1022, 1000.000000000000000 ) ;
#3205 = FILL_AREA_STYLE ('',( #3521 ) ) ;
#3206 = DIRECTION ( 'NONE',  ( 0.0000000000000000000, -1.000000000000000000, 0.0000000000000000000 ) ) ;
#3207 = EDGE_CURVE ( 'NONE', #232, #2722, #1433, .T. ) ;
#3208 = AXIS2_PLACEMENT_3D ( 'NONE', #1674, #2822, #2118 ) ;
#3209 = PLANE ( 'NONE',  #669 ) ;
#3210 = ORIENTED_EDGE ( 'NONE', *, *, #412, .T. ) ;
#3211 = DIRECTION ( 'NONE',  ( 0.0000000000000000000, 0.0000000000000000000, -1.000000000000000000 ) ) ;
#3212 =( NAMED_UNIT ( * ) PLANE_ANGLE_UNIT ( ) SI_UNIT ( $, .RADIAN. ) );
#3213 = EDGE_CURVE ( 'NONE', #2326, #3398, #2636, .T. ) ;
#3214 = LINE ( 'NONE', #1787, #3088 ) ;
#3215 = VERTEX_POINT ( 'NONE', #1724 ) ;
#3216 = LINE ( 'NONE', #912, #3812 ) ;
#3217 = CARTESIAN_POINT ( 'NONE',  ( 1.050000000000000044, 0.5857476947815737356, 0.5999999999999995337 ) ) ;
#3218 = LINE ( 'NONE', #2257, #3314 ) ;
#3219 = ORIENTED_EDGE ( 'NONE', *, *, #1442, .F. ) ;
#3220 = ORIENTED_EDGE ( 'NONE', *, *, #2268, .F. ) ;
#3221 = PRESENTATION_LAYER_ASSIGNMENT (  '', '', ( #225 ) ) ;
#3222 = UNCERTAINTY_MEASURE_WITH_UNIT (LENGTH_MEASURE( 1.000000000000000082E-05 ), #1729, 'distance_accuracy_value', 'NONE');
#3223 =( GEOMETRIC_REPRESENTATION_CONTEXT ( 3 ) GLOBAL_UNCERTAINTY_ASSIGNED_CONTEXT ( ( #3534 ) ) GLOBAL_UNIT_ASSIGNED_CONTEXT ( ( #1498, #814, #2012 ) ) REPRESENTATION_CONTEXT ( 'NONE', 'WORKASPACE' ) );
#3224 = FACE_OUTER_BOUND ( 'NONE', #1424, .T. ) ;
#3225 = EDGE_CURVE ( 'NONE', #2933, #642, #2700, .T. ) ;
#3226 = SURFACE_STYLE_USAGE ( .BOTH. , #3539 ) ;
#3227 = ORIENTED_EDGE ( 'NONE', *, *, #292, .T. ) ;
#3228 = DIRECTION ( 'NONE',  ( 1.000000000000000000, 0.0000000000000000000, 0.0000000000000000000 ) ) ;
#3229 = ADVANCED_FACE ( 'NONE', ( #2934 ), #555, .F. ) ;
#3230 = FILL_AREA_STYLE ('',( #22 ) ) ;
#3231 = EDGE_LOOP ( 'NONE', ( #494, #1533, #2287, #3022 ) ) ;
#3232 = SURFACE_STYLE_USAGE ( .BOTH. , #2123 ) ;
#3233 = CARTESIAN_POINT ( 'NONE',  ( -0.7750000000000000222, -1.149999999999999911, 8.948970312578765779E-17 ) ) ;
#3234 = COLOUR_RGB ( '',0.1176470588235294101, 0.1176470588235294101, 0.1176470588235294101 ) ;
#3235 = CARTESIAN_POINT ( 'NONE',  ( 0.5249999999999999112, -0.5848076211353315790, 0.7499999999999997780 ) ) ;
#3236 = ORIENTED_EDGE ( 'NONE', *, *, #1174, .F. ) ;
#3237 = ORIENTED_EDGE ( 'NONE', *, *, #2359, .F. ) ;
#3238 = MECHANICAL_DESIGN_GEOMETRIC_PRESENTATION_REPRESENTATION (  '', ( #892 ), #2739 ) ;
#3239 = SURFACE_STYLE_USAGE ( .BOTH. , #233 ) ;
#3240 = CARTESIAN_POINT ( 'NONE',  ( 0.5250000000000000222, 1.878320690304093942E-16, 0.1499999999999999667 ) ) ;
#3241 =( LENGTH_UNIT ( ) NAMED_UNIT ( * ) SI_UNIT ( .MILLI., .METRE. ) );
#3242 = STYLED_ITEM ( 'NONE', ( #2675 ), #3706 ) ;
#3243 = PRESENTATION_STYLE_ASSIGNMENT (( #3226 ) ) ;
#3244 = VERTEX_POINT ( 'NONE', #3245 ) ;
#3245 = CARTESIAN_POINT ( 'NONE',  ( -0.9534074173710932465, 0.6250000000000000000, 0.5999999999999999778 ) ) ;
#3246 = LINE ( 'NONE', #2977, #2654 ) ;
#3247 = PLANE ( 'NONE',  #2946 ) ;
#3248 =( GEOMETRIC_REPRESENTATION_CONTEXT ( 3 ) GLOBAL_UNCERTAINTY_ASSIGNED_CONTEXT ( ( #3222 ) ) GLOBAL_UNIT_ASSIGNED_CONTEXT ( ( #1729, #2614, #1372 ) ) REPRESENTATION_CONTEXT ( 'NONE', 'WORKASPACE' ) );
#3249 = EDGE_LOOP ( 'NONE', ( #3838, #463, #3110, #1751 ) ) ;
#3250 = CARTESIAN_POINT ( 'NONE',  ( 1.050000000000000044, 0.6250000000000000000, 0.5999999999999999778 ) ) ;
#3251 = VECTOR ( 'NONE', #518, 1000.000000000000000 ) ;
#3252 = PLANE ( 'NONE',  #1553 ) ;
#3253 = PRESENTATION_LAYER_ASSIGNMENT (  '', '', ( #1205 ) ) ;
#3254 = ADVANCED_FACE ( 'NONE', ( #495 ), #2595, .T. ) ;
#3255 = STYLED_ITEM ( 'NONE', ( #2563 ), #3442 ) ;
#3256 = ORIENTED_EDGE ( 'NONE', *, *, #190, .T. ) ;
#3257 = AXIS2_PLACEMENT_3D ( 'NONE', #1203, #3495, #511 ) ;
#3258 = UNCERTAINTY_MEASURE_WITH_UNIT (LENGTH_MEASURE( 1.000000000000000082E-05 ), #425, 'distance_accuracy_value', 'NONE');
#3259 = EDGE_CURVE ( 'NONE', #1136, #2487, #443, .T. ) ;
#3260 = AXIS2_PLACEMENT_3D ( 'NONE', #698, #2251, #1948 ) ;
#3261 = PRESENTATION_LAYER_ASSIGNMENT (  '', '', ( #8 ) ) ;
#3262 = FILL_AREA_STYLE_COLOUR ( '', #3004 ) ;
#3263 = PLANE ( 'NONE',  #374 ) ;
#3264 =( NAMED_UNIT ( * ) PLANE_ANGLE_UNIT ( ) SI_UNIT ( $, .RADIAN. ) );
#3265 = ORIENTED_EDGE ( 'NONE', *, *, #608, .T. ) ;
#3266 = SURFACE_STYLE_FILL_AREA ( #2097 ) ;
#3267 = VECTOR ( 'NONE', #1667, 1000.000000000000000 ) ;
#3268 = APPLICATION_CONTEXT ( 'automotive_design' ) ;
#3269 = ORIENTED_EDGE ( 'NONE', *, *, #2644, .F. ) ;
#3270 = LINE ( 'NONE', #25, #654 ) ;
#3271 = FACE_OUTER_BOUND ( 'NONE', #997, .T. ) ;
#3272 = SURFACE_STYLE_FILL_AREA ( #1460 ) ;
#3273 = ORIENTED_EDGE ( 'NONE', *, *, #2538, .T. ) ;
#3274 = ORIENTED_EDGE ( 'NONE', *, *, #3103, .F. ) ;
#3275 = EDGE_CURVE ( 'NONE', #1168, #1851, #1263, .T. ) ;
#3276 = CARTESIAN_POINT ( 'NONE',  ( -0.9594716658762422190, 0.6310642485051489725, 0.6226320835309394619 ) ) ;
#3277 = MECHANICAL_DESIGN_GEOMETRIC_PRESENTATION_REPRESENTATION (  '', ( #1116 ), #221 ) ;
#3278 = EDGE_CURVE ( 'NONE', #2706, #1730, #1874, .T. ) ;
#3279 = CARTESIAN_POINT ( 'NONE',  ( -0.5250000000000000222, 2.773217721561970766E-16, 8.948970312578765779E-17 ) ) ;
#3280 = FILL_AREA_STYLE ('',( #3615 ) ) ;
#3281 =( GEOMETRIC_REPRESENTATION_CONTEXT ( 3 ) GLOBAL_UNCERTAINTY_ASSIGNED_CONTEXT ( ( #2839 ) ) GLOBAL_UNIT_ASSIGNED_CONTEXT ( ( #2545, #3480, #490 ) ) REPRESENTATION_CONTEXT ( 'NONE', 'WORKASPACE' ) );
#3282 = CYLINDRICAL_SURFACE ( 'NONE', #931, 0.09999999999999993616 ) ;
#3283 = ORIENTED_EDGE ( 'NONE', *, *, #2105, .T. ) ;
#3284 = STYLED_ITEM ( 'NONE', ( #451 ), #2084 ) ;
#3285 = CARTESIAN_POINT ( 'NONE',  ( -0.7750000000000000222, -0.6286171723855389359, 0.5999999999999999778 ) ) ;
#3286 = SURFACE_SIDE_STYLE ('',( #1452 ) ) ;
#3287 = ORIENTED_EDGE ( 'NONE', *, *, #1726, .T. ) ;
#3288 = CYLINDRICAL_SURFACE ( 'NONE', #134, 0.1999999999999999833 ) ;
#3289 = LINE ( 'NONE', #871, #2889 ) ;
#3290 = LINE ( 'NONE', #3545, #1030 ) ;
#3291 = FILL_AREA_STYLE_COLOUR ( '', #1759 ) ;
#3292 = CARTESIAN_POINT ( 'NONE',  ( -0.9428203230275506996, 0.4785680178091243908, 1.000000000000000000 ) ) ;
#3293 = ORIENTED_EDGE ( 'NONE', *, *, #2831, .T. ) ;
#3294 = VERTEX_POINT ( 'NONE', #1209 ) ;
#3295 = DIRECTION ( 'NONE',  ( 1.000000000000000000, 0.0000000000000000000, 0.0000000000000000000 ) ) ;
#3296 = UNCERTAINTY_MEASURE_WITH_UNIT (LENGTH_MEASURE( 1.000000000000000082E-05 ), #111, 'distance_accuracy_value', 'NONE');
#3297 = DIRECTION ( 'NONE',  ( -1.000000000000000000, -0.0000000000000000000, 0.0000000000000000000 ) ) ;
#3298 = DIRECTION ( 'NONE',  ( -0.2505628070857320866, 0.2505628070857320866, -0.9351131265310290708 ) ) ;
#3299 = EDGE_CURVE ( 'NONE', #2044, #2919, #3322, .T. ) ;
#3300 = CARTESIAN_POINT ( 'NONE',  ( 0.1250000000000000000, 1.149999999999999911, 0.1499999999999997724 ) ) ;
#3301 = ORIENTED_EDGE ( 'NONE', *, *, #3493, .T. ) ;
#3302 = PLANE ( 'NONE',  #3568 ) ;
#3303 =( NAMED_UNIT ( * ) PLANE_ANGLE_UNIT ( ) SI_UNIT ( $, .RADIAN. ) );
#3304 = EDGE_CURVE ( 'NONE', #2086, #4, #970, .T. ) ;
#3305 = MECHANICAL_DESIGN_GEOMETRIC_PRESENTATION_REPRESENTATION (  '', ( #3242 ), #753 ) ;
#3306 = FILL_AREA_STYLE ('',( #2505 ) ) ;
#3307 = ORIENTED_EDGE ( 'NONE', *, *, #3473, .F. ) ;
#3308 = CARTESIAN_POINT ( 'NONE',  ( 0.1250000000000000000, 0.8269727198848726424, 0.5755944676881500355 ) ) ;
#3309 = DIRECTION ( 'NONE',  ( -0.0000000000000000000, 0.0000000000000000000, 1.000000000000000000 ) ) ;
#3310 = CARTESIAN_POINT ( 'NONE',  ( -2.350000000000000089, -0.5848076211353314680, 0.7499999999999998890 ) ) ;
#3311 = CARTESIAN_POINT ( 'NONE',  ( -0.7750000000000000222, 0.6286171723855393800, 0.5499999999999994893 ) ) ;
#3312 = VERTEX_POINT ( 'NONE', #902 ) ;
#3313 = ORIENTED_EDGE ( 'NONE', *, *, #3466, .T. ) ;
#3314 = VECTOR ( 'NONE', #3199, 1000.000000000000227 ) ;
#3315 = STYLED_ITEM ( 'NONE', ( #2378 ), #199 ) ;
#3316 = MECHANICAL_DESIGN_GEOMETRIC_PRESENTATION_REPRESENTATION (  '', ( #1153 ), #1578 ) ;
#3317 =( LENGTH_UNIT ( ) NAMED_UNIT ( * ) SI_UNIT ( .MILLI., .METRE. ) );
#3318 = STYLED_ITEM ( 'NONE', ( #3559 ), #467 ) ;
#3319 = AXIS2_PLACEMENT_3D ( 'NONE', #110, #1363, #2544 ) ;
#3320 = COLOUR_RGB ( '',0.7529411764705882248, 0.7529411764705882248, 0.7529411764705882248 ) ;
#3321 = SURFACE_SIDE_STYLE ('',( #1922 ) ) ;
#3322 = LINE ( 'NONE', #2396, #3118 ) ;
#3323 = MECHANICAL_DESIGN_GEOMETRIC_PRESENTATION_REPRESENTATION (  '', ( #2829 ), #1979 ) ;
#3324 = DIRECTION ( 'NONE',  ( 0.0000000000000000000, 0.0000000000000000000, -1.000000000000000000 ) ) ;
#3325 = LINE ( 'NONE', #1562, #2883 ) ;
#3326 = EDGE_CURVE ( 'NONE', #2713, #1615, #958, .T. ) ;
#3327 =( LENGTH_UNIT ( ) NAMED_UNIT ( * ) SI_UNIT ( .MILLI., .METRE. ) );
#3328 = STYLED_ITEM ( 'NONE', ( #66 ), #631 ) ;
#3329 =( NAMED_UNIT ( * ) PLANE_ANGLE_UNIT ( ) SI_UNIT ( $, .RADIAN. ) );
#3330 = EDGE_LOOP ( 'NONE', ( #965, #1044, #2628, #2345 ) ) ;
#3331 = FILL_AREA_STYLE ('',( #303 ) ) ;
#3332 = SURFACE_STYLE_USAGE ( .BOTH. , #3623 ) ;
#3333 = CARTESIAN_POINT ( 'NONE',  ( 0.9428203230275508107, 0.4212277403986439128, 1.000000000000000000 ) ) ;
#3334 = EDGE_CURVE ( 'NONE', #1496, #2966, #3640, .T. ) ;
#3335 = CARTESIAN_POINT ( 'NONE',  ( 0.5250000000000000222, 0.6782060592603726956, 0.5563986169220370703 ) ) ;
#3336 =( GEOMETRIC_REPRESENTATION_CONTEXT ( 3 ) GLOBAL_UNCERTAINTY_ASSIGNED_CONTEXT ( ( #2001 ) ) GLOBAL_UNIT_ASSIGNED_CONTEXT ( ( #2914, #904, #3558 ) ) REPRESENTATION_CONTEXT ( 'NONE', 'WORKASPACE' ) );
#3337 = EDGE_LOOP ( 'NONE', ( #2384, #1477, #1156, #2656 ) ) ;
#3338 = SURFACE_SIDE_STYLE ('',( #2441 ) ) ;
#3339 = CARTESIAN_POINT ( 'NONE',  ( -0.5250000000000000222, -1.095662632898206423, -1.506735801988831724 ) ) ;
#3340 = FILL_AREA_STYLE ('',( #2168 ) ) ;
#3341 = LINE ( 'NONE', #1001, #3522 ) ;
#3342 = DIRECTION ( 'NONE',  ( -1.000000000000000000, 0.0000000000000000000, -0.0000000000000000000 ) ) ;
#3343 =( NAMED_UNIT ( * ) PLANE_ANGLE_UNIT ( ) SI_UNIT ( $, .RADIAN. ) );
#3344 = ADVANCED_FACE ( 'NONE', ( #2134 ), #3302, .F. ) ;
#3345 = VECTOR ( 'NONE', #287, 1000.000000000000000 ) ;
#3346 =( BOUNDED_CURVE ( )  B_SPLINE_CURVE ( 3, ( #1733, #565, #3217, #2923 ),
 .UNSPECIFIED., .F., .T. ) 
 B_SPLINE_CURVE_WITH_KNOTS ( ( 4, 4 ),
 ( 5.531305892884602393, 7.035064721474570959 ),
 .UNSPECIFIED. ) 
 CURVE ( )  GEOMETRIC_REPRESENTATION_ITEM ( )  RATIONAL_B_SPLINE_CURVE ( ( 1.000000000000000000, 0.8202709971758378460, 0.8202709971758378460, 1.000000000000000000 ) ) 
 REPRESENTATION_ITEM ( '' )  );
#3347 = ORIENTED_EDGE ( 'NONE', *, *, #1525, .T. ) ;
#3348 = CARTESIAN_POINT ( 'NONE',  ( 0.9428203230275511437, -0.4785680178091247794, 1.000000000000000000 ) ) ;
#3349 = PRODUCT ( '59177ABF-A268-4E6E-A2A2-4DE5928D15FA', '59177ABF-A268-4E6E-A2A2-4DE5928D15FA', '', ( #2490 ) ) ;
#3350 = CYLINDRICAL_SURFACE ( 'NONE', #365, 0.2000000000000000944 ) ;
#3351 = EDGE_CURVE ( 'NONE', #2862, #484, #628, .T. ) ;
#3352 = DIRECTION ( 'NONE',  ( 0.0000000000000000000, 0.0000000000000000000, -1.000000000000000000 ) ) ;
#3353 = ORIENTED_EDGE ( 'NONE', *, *, #1607, .F. ) ;
#3354 = CARTESIAN_POINT ( 'NONE',  ( 1.050000000000000044, -0.6250000000000000000, 0.09999999999999993616 ) ) ;
#3355 = DIRECTION ( 'NONE',  ( 0.0000000000000000000, 0.0000000000000000000, -1.000000000000000000 ) ) ;
#3356 = ORIENTED_EDGE ( 'NONE', *, *, #3680, .F. ) ;
#3357 = FILL_AREA_STYLE ('',( #1300 ) ) ;
#3358 = DIRECTION ( 'NONE',  ( -0.0000000000000000000, 0.2588190451025213501, -0.9659258262890680902 ) ) ;
#3359 = CARTESIAN_POINT ( 'NONE',  ( 0.5250000000000000222, 0.9258514289220316495, 0.1999999999999997891 ) ) ;
#3360 = CARTESIAN_POINT ( 'NONE',  ( 0.5250000000000000222, 0.8269727198848726424, 0.5755944676881500355 ) ) ;
#3361 = PRODUCT_DEFINITION_FORMATION_WITH_SPECIFIED_SOURCE ( 'ANY', '', #3349, .NOT_KNOWN. ) ;
#3362 = CARTESIAN_POINT ( 'NONE',  ( -0.7750000000000000222, -0.9258514289220315385, 0.2000000000000000944 ) ) ;
#3363 = ORIENTED_EDGE ( 'NONE', *, *, #666, .T. ) ;
#3364 = SURFACE_STYLE_USAGE ( .BOTH. , #3423 ) ;
#3365 = DIRECTION ( 'NONE',  ( 0.0000000000000000000, -1.000000000000000000, 1.379090775700468400E-15 ) ) ;
#3366 = CARTESIAN_POINT ( 'NONE',  ( -0.7750000000000000222, -0.6286171723855389359, 0.5999999999999999778 ) ) ;
#3367 = CARTESIAN_POINT ( 'NONE',  ( 0.5250000000000000222, 0.8762625420471984450, 0.1936013830779621525 ) ) ;
#3368 = VERTEX_POINT ( 'NONE', #2373 ) ;
#3369 = DIRECTION ( 'NONE',  ( 1.000000000000000000, 0.0000000000000000000, 0.0000000000000000000 ) ) ;
#3370 = CARTESIAN_POINT ( 'NONE',  ( 0.9534074173710932465, -0.6250000000000000000, 0.5999999999999999778 ) ) ;
#3371 = EDGE_CURVE ( 'NONE', #2519, #3156, #3007, .T. ) ;
#3372 = PLANE ( 'NONE',  #1745 ) ;
#3373 = STYLED_ITEM ( 'NONE', ( #3573 ), #1572 ) ;
#3374 = DIRECTION ( 'NONE',  ( 0.0000000000000000000, -0.0000000000000000000, -1.000000000000000000 ) ) ;
#3375 = SURFACE_STYLE_FILL_AREA ( #3357 ) ;
#3376 = ADVANCED_FACE ( 'NONE', ( #3557 ), #1246, .T. ) ;
#3377 = COLOUR_RGB ( '',0.1176470588235294101, 0.1176470588235294101, 0.1176470588235294101 ) ;
#3378 = CIRCLE ( 'NONE', #1658, 0.04999999999999991257 ) ;
#3379 =( NAMED_UNIT ( * ) SI_UNIT ( $, .STERADIAN. ) SOLID_ANGLE_UNIT ( ) );
#3380 = FILL_AREA_STYLE_COLOUR ( '', #3078 ) ;
#3381 =( LENGTH_UNIT ( ) NAMED_UNIT ( * ) SI_UNIT ( .MILLI., .METRE. ) );
#3382 = STYLED_ITEM ( 'NONE', ( #2930 ), #2924 ) ;
#3383 = LINE ( 'NONE', #946, #977 ) ;
#3384 = VERTEX_POINT ( 'NONE', #1982 ) ;
#3385 = LINE ( 'NONE', #1628, #961 ) ;
#3386 = SURFACE_SIDE_STYLE ('',( #3051 ) ) ;
#3387 = LINE ( 'NONE', #990, #1407 ) ;
#3388 = UNCERTAINTY_MEASURE_WITH_UNIT (LENGTH_MEASURE( 1.000000000000000082E-05 ), #3241, 'distance_accuracy_value', 'NONE');
#3389 = MECHANICAL_DESIGN_GEOMETRIC_PRESENTATION_REPRESENTATION (  '', ( #1163 ), #329 ) ;
#3390 = DIRECTION ( 'NONE',  ( 1.000000000000000000, 0.0000000000000000000, 0.0000000000000000000 ) ) ;
#3391 = ORIENTED_EDGE ( 'NONE', *, *, #3275, .T. ) ;
#3392 = SURFACE_STYLE_USAGE ( .BOTH. , #1678 ) ;
#3393 = DIRECTION ( 'NONE',  ( 0.0000000000000000000, -1.000000000000000000, 0.0000000000000000000 ) ) ;
#3394 = CARTESIAN_POINT ( 'NONE',  ( 0.1250000000000001110, 0.6250000000000000000, 0.5999999999999999778 ) ) ;
#3395 = VECTOR ( 'NONE', #3694, 1000.000000000000000 ) ;
#3396 = EDGE_CURVE ( 'NONE', #1515, #2006, #426, .T. ) ;
#3397 = CARTESIAN_POINT ( 'NONE',  ( -0.7750000000000000222, 0.7274958814226984982, 0.1744055323118491874 ) ) ;
#3398 = VERTEX_POINT ( 'NONE', #1040 ) ;
#3399 =( NAMED_UNIT ( * ) SI_UNIT ( $, .STERADIAN. ) SOLID_ANGLE_UNIT ( ) );
#3400 = EDGE_CURVE ( 'NONE', #1762, #843, #2186, .T. ) ;
#3401 = LINE ( 'NONE', #3240, #2761 ) ;
#3402 = FACE_OUTER_BOUND ( 'NONE', #3712, .T. ) ;
#3403 = LINE ( 'NONE', #959, #385 ) ;
#3404 = FILL_AREA_STYLE_COLOUR ( '', #3474 ) ;
#3405 = STYLED_ITEM ( 'NONE', ( #573 ), #2710 ) ;
#3406 = DIRECTION ( 'NONE',  ( -1.000000000000000000, 0.0000000000000000000, -0.0000000000000000000 ) ) ;
#3407 = ORIENTED_EDGE ( 'NONE', *, *, #3055, .F. ) ;
#3408 = LINE ( 'NONE', #743, #586 ) ;
#3409 = PLANE ( 'NONE',  #3776 ) ;
#3410 = SURFACE_SIDE_STYLE ('',( #2232 ) ) ;
#3411 = SHAPE_DEFINITION_REPRESENTATION ( #1973, #1985 ) ;
#3412 = COLOUR_RGB ( '',0.7529411764705882248, 0.7529411764705882248, 0.7529411764705882248 ) ;
#3413 = STYLED_ITEM ( 'NONE', ( #1720 ), #1358 ) ;
#3414 = CIRCLE ( 'NONE', #92, 0.1999999999999999556 ) ;
#3415 = FACE_OUTER_BOUND ( 'NONE', #2967, .T. ) ;
#3416 = ORIENTED_EDGE ( 'NONE', *, *, #509, .T. ) ;
#3417 = PLANE ( 'NONE',  #1588 ) ;
#3418 = CARTESIAN_POINT ( 'NONE',  ( -1.050000000000000044, 0.6250000000000000000, 0.5999999999999999778 ) ) ;
#3419 = DIRECTION ( 'NONE',  ( 0.9659258262890682012, 0.0000000000000000000, 0.2588190451025214611 ) ) ;
#3420 = FILL_AREA_STYLE_COLOUR ( '', #3129 ) ;
#3421 = ADVANCED_FACE ( 'NONE', ( #407 ), #2500, .T. ) ;
#3422 = ORIENTED_EDGE ( 'NONE', *, *, #1415, .T. ) ;
#3423 = SURFACE_SIDE_STYLE ('',( #2529 ) ) ;
#3424 = COLOUR_RGB ( '',0.1176470588235294101, 0.1176470588235294101, 0.1176470588235294101 ) ;
#3425 = FILL_AREA_STYLE_COLOUR ( '', #3519 ) ;
#3426 = SURFACE_SIDE_STYLE ('',( #759 ) ) ;
#3427 = EDGE_CURVE ( 'NONE', #3368, #1368, #1941, .T. ) ;
#3428 = PRESENTATION_LAYER_ASSIGNMENT (  '', '', ( #3867 ) ) ;
#3429 = SURFACE_STYLE_FILL_AREA ( #1066 ) ;
#3430 = EDGE_LOOP ( 'NONE', ( #2353, #597, #865, #2435 ) ) ;
#3431 = FILL_AREA_STYLE ('',( #705 ) ) ;
#3432 = DIRECTION ( 'NONE',  ( 0.0000000000000000000, -0.1279723384407590869, -0.9917777374966649795 ) ) ;
#3433 = MECHANICAL_DESIGN_GEOMETRIC_PRESENTATION_REPRESENTATION (  '', ( #369 ), #2566 ) ;
#3434 = SURFACE_STYLE_FILL_AREA ( #503 ) ;
#3435 = ORIENTED_EDGE ( 'NONE', *, *, #867, .F. ) ;
#3436 = SURFACE_STYLE_USAGE ( .BOTH. , #2260 ) ;
#3437 = SURFACE_SIDE_STYLE ('',( #449 ) ) ;
#3438 = SURFACE_STYLE_FILL_AREA ( #3180 ) ;
#3439 = STYLED_ITEM ( 'NONE', ( #2163 ), #1660 ) ;
#3440 = PRESENTATION_LAYER_ASSIGNMENT (  '', '', ( #446 ) ) ;
#3441 = CLOSED_SHELL ( 'NONE', ( #3254, #1358, #2036, #430, #2338, #1653, #3733, #3644, #2015, #3376, #1171, #467, #2247, #3706, #3494, #1334, #2689, #558, #45, #1037, #2924, #3079, #2474, #199, #2446, #2619, #1773, #610, #567, #3421, #1660, #1282, #3229, #1532, #631, #1555, #3060, #2731, #1572, #1054, #626, #1838, #2521, #3658, #3019, #1078, #1409, #1600, #70, #2781, #3523, #3344, #1379, #797, #685, #2374, #3176, #960, #2710, #364, #3636, #2084, #100, #2847, #2970, #761, #863, #1240, #2195, #3788, #2371, #2429, #3442, #2131, #740, #2705, #1996, #1459, #1508, #2592, #2290, #2221, #277 ) ) ;
#3442 = ADVANCED_FACE ( 'NONE', ( #1056 ), #448, .T. ) ;
#3443 = FILL_AREA_STYLE ('',( #2890 ) ) ;
#3444 = ORIENTED_EDGE ( 'NONE', *, *, #2940, .T. ) ;
#3445 = FILL_AREA_STYLE_COLOUR ( '', #3459 ) ;
#3446 = CARTESIAN_POINT ( 'NONE',  ( -0.1250000000000000000, 0.6782060592603726956, 0.5563986169220370703 ) ) ;
#3447 = FILL_AREA_STYLE_COLOUR ( '', #825 ) ;
#3448 = COLOUR_RGB ( '',0.7529411764705882248, 0.7529411764705882248, 0.7529411764705882248 ) ;
#3449 = VECTOR ( 'NONE', #802, 1000.000000000000000 ) ;
#3450 = EDGE_CURVE ( 'NONE', #53, #2519, #489, .T. ) ;
#3451 = ORIENTED_EDGE ( 'NONE', *, *, #939, .F. ) ;
#3452 = SURFACE_SIDE_STYLE ('',( #1394 ) ) ;
#3453 = CARTESIAN_POINT ( 'NONE',  ( -0.9428203230275509217, -0.4785680178091240577, 1.000000000000000000 ) ) ;
#3454 = STYLED_ITEM ( 'NONE', ( #1917 ), #761 ) ;
#3455 = FACE_OUTER_BOUND ( 'NONE', #1049, .T. ) ;
#3456 = EDGE_LOOP ( 'NONE', ( #60, #2927, #1933, #1826 ) ) ;
#3457 = STYLED_ITEM ( 'NONE', ( #2597 ), #1037 ) ;
#3458 = SURFACE_STYLE_USAGE ( .BOTH. , #3777 ) ;
#3459 = COLOUR_RGB ( '',0.7529411764705882248, 0.7529411764705882248, 0.7529411764705882248 ) ;
#3460 = CARTESIAN_POINT ( 'NONE',  ( 0.5250000000000000222, -1.149999999999999911, 0.0000000000000000000 ) ) ;
#3461 =( LENGTH_UNIT ( ) NAMED_UNIT ( * ) SI_UNIT ( .MILLI., .METRE. ) );
#3462 = CARTESIAN_POINT ( 'NONE',  ( -0.7750000000000001332, 0.5848076211353316900, 0.7499999999999994449 ) ) ;
#3463 = CARTESIAN_POINT ( 'NONE',  ( -0.1250000000000000000, 0.6286171723855390470, 0.5999999999999994227 ) ) ;
#3464 = CARTESIAN_POINT ( 'NONE',  ( 0.7750000000000000222, -1.149999999999999911, 0.1500000000000001887 ) ) ;
#3465 = ORIENTED_EDGE ( 'NONE', *, *, #1868, .F. ) ;
#3466 = EDGE_CURVE ( 'NONE', #1723, #1781, #1447, .T. ) ;
#3467 = CARTESIAN_POINT ( 'NONE',  ( -0.5250000000000000222, 0.6286171723855393800, 0.5499999999999994893 ) ) ;
#3468 = ORIENTED_EDGE ( 'NONE', *, *, #3872, .F. ) ;
#3469 =( LENGTH_UNIT ( ) NAMED_UNIT ( * ) SI_UNIT ( .MILLI., .METRE. ) );
#3470 = DIRECTION ( 'NONE',  ( 1.000000000000000000, 0.0000000000000000000, 0.0000000000000000000 ) ) ;
#3471 = SURFACE_SIDE_STYLE ('',( #1183 ) ) ;
#3472 = STYLED_ITEM ( 'NONE', ( #113 ), #2015 ) ;
#3473 = EDGE_CURVE ( 'NONE', #3845, #1168, #1469, .T. ) ;
#3474 = COLOUR_RGB ( '',0.1176470588235294101, 0.1176470588235294101, 0.1176470588235294101 ) ;
#3475 = CARTESIAN_POINT ( 'NONE',  ( -0.1250000000000000000, 0.9258514289220316495, 0.1999999999999997891 ) ) ;
#3476 = ORIENTED_EDGE ( 'NONE', *, *, #3, .T. ) ;
#3477 = ORIENTED_EDGE ( 'NONE', *, *, #2543, .T. ) ;
#3478 = DIRECTION ( 'NONE',  ( -0.0000000000000000000, 0.2588190451025213501, -0.9659258262890680902 ) ) ;
#3479 = CARTESIAN_POINT ( 'NONE',  ( 0.5250000000000000222, -2.912519486730621530E-15, 0.6000000000000007550 ) ) ;
#3480 =( NAMED_UNIT ( * ) PLANE_ANGLE_UNIT ( ) SI_UNIT ( $, .RADIAN. ) );
#3481 = CARTESIAN_POINT ( 'NONE',  ( -1.050000000000000044, -0.6250000000000000000, 0.5999999999999999778 ) ) ;
#3482 = LINE ( 'NONE', #3691, #405 ) ;
#3483 = VERTEX_POINT ( 'NONE', #513 ) ;
#3484 = FILL_AREA_STYLE ('',( #3168 ) ) ;
#3485 = ORIENTED_EDGE ( 'NONE', *, *, #939, .T. ) ;
#3486 = CARTESIAN_POINT ( 'NONE',  ( -0.7750000000000000222, -1.095662632898206423, -1.506735801988831724 ) ) ;
#3487 = PLANE ( 'NONE',  #1900 ) ;
#3488 = SURFACE_STYLE_FILL_AREA ( #245 ) ;
#3489 = LINE ( 'NONE', #2964, #3345 ) ;
#3490 = DIRECTION ( 'NONE',  ( 0.2505628070857320866, -0.2505628070857320866, -0.9351131265310290708 ) ) ;
#3491 = ORIENTED_EDGE ( 'NONE', *, *, #2223, .T. ) ;
#3492 = ORIENTED_EDGE ( 'NONE', *, *, #1197, .F. ) ;
#3493 = EDGE_CURVE ( 'NONE', #41, #1615, #2908, .T. ) ;
#3494 = ADVANCED_FACE ( 'NONE', ( #803 ), #2039, .F. ) ;
#3495 = DIRECTION ( 'NONE',  ( -1.000000000000000000, 0.0000000000000000000, -0.0000000000000000000 ) ) ;
#3496 = SURFACE_STYLE_USAGE ( .BOTH. , #2074 ) ;
#3497 = LINE ( 'NONE', #156, #1664 ) ;
#3498 = AXIS2_PLACEMENT_3D ( 'NONE', #1482, #2352, #3530 ) ;
#3499 = CARTESIAN_POINT ( 'NONE',  ( -0.9594716658762422190, -0.5344716658762421746, 0.5514860119588083087 ) ) ;
#3500 = EDGE_LOOP ( 'NONE', ( #3293, #3621, #877, #1500 ) ) ;
#3501 =( GEOMETRIC_REPRESENTATION_CONTEXT ( 3 ) GLOBAL_UNCERTAINTY_ASSIGNED_CONTEXT ( ( #789 ) ) GLOBAL_UNIT_ASSIGNED_CONTEXT ( ( #859, #2054, #1772 ) ) REPRESENTATION_CONTEXT ( 'NONE', 'WORKASPACE' ) );
#3502 =( LENGTH_UNIT ( ) NAMED_UNIT ( * ) SI_UNIT ( .MILLI., .METRE. ) );
#3503 = DIRECTION ( 'NONE',  ( 0.0000000000000000000, -1.000000000000000000, 0.0000000000000000000 ) ) ;
#3504 = UNCERTAINTY_MEASURE_WITH_UNIT (LENGTH_MEASURE( 1.000000000000000082E-05 ), #3650, 'distance_accuracy_value', 'NONE');
#3505 = STYLED_ITEM ( 'NONE', ( #3822 ), #100 ) ;
#3506 = DIRECTION ( 'NONE',  ( 0.0000000000000000000, -0.9917777374966650905, -0.1279723384407591424 ) ) ;
#3507 = ORIENTED_EDGE ( 'NONE', *, *, #837, .F. ) ;
#3508 = MECHANICAL_DESIGN_GEOMETRIC_PRESENTATION_REPRESENTATION (  '', ( #2757 ), #1524 ) ;
#3509 = CARTESIAN_POINT ( 'NONE',  ( -0.7750000000000000222, -0.7274958814226983872, 0.1744055323118497147 ) ) ;
#3510 = FACE_OUTER_BOUND ( 'NONE', #3611, .T. ) ;
#3511 = CARTESIAN_POINT ( 'NONE',  ( 0.5250000000000000222, 0.6286171723855382698, 0.7499999999999995559 ) ) ;
#3512 = PRESENTATION_LAYER_ASSIGNMENT (  '', '', ( #709 ) ) ;
#3513 = CARTESIAN_POINT ( 'NONE',  ( -0.1250000000000000000, 0.8269727198848726424, 0.5755944676881500355 ) ) ;
#3514 = COLOUR_RGB ( '',0.7529411764705882248, 0.7529411764705882248, 0.7529411764705882248 ) ;
#3515 = VERTEX_POINT ( 'NONE', #1151 ) ;
#3516 = VECTOR ( 'NONE', #391, 1000.000000000000000 ) ;
#3517 = ORIENTED_EDGE ( 'NONE', *, *, #73, .T. ) ;
#3518 = FILL_AREA_STYLE ('',( #2335 ) ) ;
#3519 = COLOUR_RGB ( '',0.7529411764705882248, 0.7529411764705882248, 0.7529411764705882248 ) ;
#3520 = SURFACE_STYLE_FILL_AREA ( #1189 ) ;
#3521 = FILL_AREA_STYLE_COLOUR ( '', #2504 ) ;
#3522 = VECTOR ( 'NONE', #1041, 1000.000000000000000 ) ;
#3523 = ADVANCED_FACE ( 'NONE', ( #862 ), #2056, .T. ) ;
#3524 = EDGE_LOOP ( 'NONE', ( #1331, #1035, #1945, #3590 ) ) ;
#3525 =( NAMED_UNIT ( * ) PLANE_ANGLE_UNIT ( ) SI_UNIT ( $, .RADIAN. ) );
#3526 = DIRECTION ( 'NONE',  ( 0.0000000000000000000, 0.0000000000000000000, 1.000000000000000000 ) ) ;
#3527 = ORIENTED_EDGE ( 'NONE', *, *, #956, .F. ) ;
#3528 = PRESENTATION_STYLE_ASSIGNMENT (( #2350 ) ) ;
#3529 = LINE ( 'NONE', #3233, #3535 ) ;
#3530 = DIRECTION ( 'NONE',  ( 0.0000000000000000000, 0.0000000000000000000, -1.000000000000000000 ) ) ;
#3531 = ORIENTED_EDGE ( 'NONE', *, *, #3011, .F. ) ;
#3532 = ORIENTED_EDGE ( 'NONE', *, *, #2128, .F. ) ;
#3533 = FILL_AREA_STYLE ('',( #2387 ) ) ;
#3534 = UNCERTAINTY_MEASURE_WITH_UNIT (LENGTH_MEASURE( 1.000000000000000082E-05 ), #1498, 'distance_accuracy_value', 'NONE');
#3535 = VECTOR ( 'NONE', #2939, 1000.000000000000000 ) ;
#3536 = FILL_AREA_STYLE_COLOUR ( '', #909 ) ;
#3537 = SURFACE_SIDE_STYLE ('',( #1406 ) ) ;
#3538 = DIRECTION ( 'NONE',  ( 1.000000000000000000, -0.0000000000000000000, 0.0000000000000000000 ) ) ;
#3539 = SURFACE_SIDE_STYLE ('',( #2319 ) ) ;
#3540 = EDGE_LOOP ( 'NONE', ( #523, #3601, #3269, #952 ) ) ;
#3541 = FILL_AREA_STYLE ('',( #3186 ) ) ;
#3542 = EDGE_CURVE ( 'NONE', #2127, #1762, #2114, .T. ) ;
#3543 = SURFACE_STYLE_USAGE ( .BOTH. , #3286 ) ;
#3544 = VERTEX_POINT ( 'NONE', #31 ) ;
#3545 = CARTESIAN_POINT ( 'NONE',  ( -1.050000000000000044, -0.6250000000000000000, 0.5999999999999999778 ) ) ;
#3546 = EDGE_CURVE ( 'NONE', #2116, #2109, #2932, .T. ) ;
#3547 = ORIENTED_EDGE ( 'NONE', *, *, #1889, .T. ) ;
#3548 = EDGE_LOOP ( 'NONE', ( #2682, #121, #271, #10 ) ) ;
#3549 = PRESENTATION_LAYER_ASSIGNMENT (  '', '', ( #369 ) ) ;
#3550 = DIRECTION ( 'NONE',  ( 0.0000000000000000000, 0.0000000000000000000, -1.000000000000000000 ) ) ;
#3551 = AXIS2_PLACEMENT_3D ( 'NONE', #1632, #1326, #787 ) ;
#3552 = LINE ( 'NONE', #894, #3006 ) ;
#3553 = DIRECTION ( 'NONE',  ( 0.0000000000000000000, 0.0000000000000000000, 1.000000000000000000 ) ) ;
#3554 = SURFACE_STYLE_FILL_AREA ( #2950 ) ;
#3555 = FILL_AREA_STYLE_COLOUR ( '', #2969 ) ;
#3556 = VERTEX_POINT ( 'NONE', #1775 ) ;
#3557 = FACE_OUTER_BOUND ( 'NONE', #3135, .T. ) ;
#3558 =( NAMED_UNIT ( * ) SI_UNIT ( $, .STERADIAN. ) SOLID_ANGLE_UNIT ( ) );
#3559 = PRESENTATION_STYLE_ASSIGNMENT (( #2957 ) ) ;
#3560 = VECTOR ( 'NONE', #3005, 1000.000000000000000 ) ;
#3561 = EDGE_CURVE ( 'NONE', #951, #2621, #2411, .T. ) ;
#3562 = COLOUR_RGB ( '',0.7529411764705882248, 0.7529411764705882248, 0.7529411764705882248 ) ;
#3563 =( NAMED_UNIT ( * ) PLANE_ANGLE_UNIT ( ) SI_UNIT ( $, .RADIAN. ) );
#3564 = ORIENTED_EDGE ( 'NONE', *, *, #2940, .F. ) ;
#3565 = FILL_AREA_STYLE ('',( #1764 ) ) ;
#3566 = AXIS2_PLACEMENT_3D ( 'NONE', #2679, #1445, #530 ) ;
#3567 = EDGE_CURVE ( 'NONE', #3156, #478, #3870, .T. ) ;
#3568 = AXIS2_PLACEMENT_3D ( 'NONE', #3026, #2414, #1561 ) ;
#3569 = DIRECTION ( 'NONE',  ( 0.0000000000000000000, -0.1279723384407590592, -0.9917777374966649795 ) ) ;
#3570 = ORIENTED_EDGE ( 'NONE', *, *, #3836, .F. ) ;
#3571 = VECTOR ( 'NONE', #3369, 1000.000000000000000 ) ;
#3572 = ORIENTED_EDGE ( 'NONE', *, *, #2917, .F. ) ;
#3573 = PRESENTATION_STYLE_ASSIGNMENT (( #2929 ) ) ;
#3574 = VECTOR ( 'NONE', #1023, 1000.000000000000000 ) ;
#3575 = SURFACE_SIDE_STYLE ('',( #2038 ) ) ;
#3576 = COLOUR_RGB ( '',0.7529411764705882248, 0.7529411764705882248, 0.7529411764705882248 ) ;
#3577 = CARTESIAN_POINT ( 'NONE',  ( -0.1250000000000000000, 1.149999999999999911, 0.1499999999999997724 ) ) ;
#3578 = MECHANICAL_DESIGN_GEOMETRIC_PRESENTATION_REPRESENTATION (  '', ( #1039 ), #2103 ) ;
#3579 =( LENGTH_UNIT ( ) NAMED_UNIT ( * ) SI_UNIT ( .MILLI., .METRE. ) );
#3580 = ORIENTED_EDGE ( 'NONE', *, *, #1126, .T. ) ;
#3581 = DIRECTION ( 'NONE',  ( 0.0000000000000000000, -0.2588190451025213501, -0.9659258262890680902 ) ) ;
#3582 = FILL_AREA_STYLE_COLOUR ( '', #209 ) ;
#3583 =( GEOMETRIC_REPRESENTATION_CONTEXT ( 3 ) GLOBAL_UNCERTAINTY_ASSIGNED_CONTEXT ( ( #653 ) ) GLOBAL_UNIT_ASSIGNED_CONTEXT ( ( #1542, #1247, #2564 ) ) REPRESENTATION_CONTEXT ( 'NONE', 'WORKASPACE' ) );
#3584 = VERTEX_POINT ( 'NONE', #1314 ) ;
#3585 = DIRECTION ( 'NONE',  ( 0.0000000000000000000, 0.0000000000000000000, -1.000000000000000000 ) ) ;
#3586 = SURFACE_STYLE_USAGE ( .BOTH. , #1809 ) ;
#3587 =( NAMED_UNIT ( * ) SI_UNIT ( $, .STERADIAN. ) SOLID_ANGLE_UNIT ( ) );
#3588 = DIRECTION ( 'NONE',  ( 0.2505628070857320866, 0.2505628070857320866, 0.9351131265310290708 ) ) ;
#3589 = VERTEX_POINT ( 'NONE', #3677 ) ;
#3590 = ORIENTED_EDGE ( 'NONE', *, *, #3680, .T. ) ;
#3591 = CARTESIAN_POINT ( 'NONE',  ( 0.1250000000000000000, 0.6286171723855382698, 0.7499999999999995559 ) ) ;
#3592 = EDGE_CURVE ( 'NONE', #41, #3128, #2219, .T. ) ;
#3593 = MECHANICAL_DESIGN_GEOMETRIC_PRESENTATION_REPRESENTATION (  '', ( #3405 ), #736 ) ;
#3594 = VECTOR ( 'NONE', #2020, 1000.000000000000000 ) ;
#3595 = SURFACE_SIDE_STYLE ('',( #381 ) ) ;
#3596 = PRESENTATION_STYLE_ASSIGNMENT (( #2496 ) ) ;
#3597 = COLOUR_RGB ( '',0.7529411764705882248, 0.7529411764705882248, 0.7529411764705882248 ) ;
#3598 = PRESENTATION_STYLE_ASSIGNMENT (( #652 ) ) ;
#3599 = EDGE_CURVE ( 'NONE', #1615, #3294, #295, .T. ) ;
#3600 = CIRCLE ( 'NONE', #2119, 0.2000000000000000944 ) ;
#3601 = ORIENTED_EDGE ( 'NONE', *, *, #660, .T. ) ;
#3602 = VECTOR ( 'NONE', #1574, 1000.000000000000000 ) ;
#3603 = LINE ( 'NONE', #2992, #1228 ) ;
#3604 =( LENGTH_UNIT ( ) NAMED_UNIT ( * ) SI_UNIT ( .MILLI., .METRE. ) );
#3605 = ORIENTED_EDGE ( 'NONE', *, *, #1098, .T. ) ;
#3606 =( LENGTH_UNIT ( ) NAMED_UNIT ( * ) SI_UNIT ( .MILLI., .METRE. ) );
#3607 = CARTESIAN_POINT ( 'NONE',  ( 0.7750000000000000222, 0.9258514289220320936, 0.1499999999999997724 ) ) ;
#3608 = DIRECTION ( 'NONE',  ( 1.000000000000000000, 0.0000000000000000000, 0.0000000000000000000 ) ) ;
#3609 = SURFACE_STYLE_USAGE ( .BOTH. , #1613 ) ;
#3610 = ORIENTED_EDGE ( 'NONE', *, *, #2223, .F. ) ;
#3611 = EDGE_LOOP ( 'NONE', ( #1029, #2064, #3265, #2315 ) ) ;
#3612 = EDGE_CURVE ( 'NONE', #273, #249, #44, .T. ) ;
#3613 = AXIS2_PLACEMENT_3D ( 'NONE', #2515, #3842, #2379 ) ;
#3614 = FACE_OUTER_BOUND ( 'NONE', #2253, .T. ) ;
#3615 = FILL_AREA_STYLE_COLOUR ( '', #3109 ) ;
#3616 = EDGE_CURVE ( 'NONE', #3556, #53, #1190, .T. ) ;
#3617 = LINE ( 'NONE', #957, #3690 ) ;
#3618 = SURFACE_STYLE_USAGE ( .BOTH. , #367 ) ;
#3619 = CARTESIAN_POINT ( 'NONE',  ( -0.5250000000000000222, 1.149999999999999911, 0.1499999999999997724 ) ) ;
#3620 = SURFACE_SIDE_STYLE ('',( #1897 ) ) ;
#3621 = ORIENTED_EDGE ( 'NONE', *, *, #509, .F. ) ;
#3622 = LINE ( 'NONE', #2158, #1396 ) ;
#3623 = SURFACE_SIDE_STYLE ('',( #2437 ) ) ;
#3624 = LINE ( 'NONE', #3310, #3574 ) ;
#3625 = DIRECTION ( 'NONE',  ( 1.000000000000000000, 0.0000000000000000000, 0.0000000000000000000 ) ) ;
#3626 = STYLED_ITEM ( 'NONE', ( #2895 ), #2374 ) ;
#3627 = MECHANICAL_DESIGN_GEOMETRIC_PRESENTATION_REPRESENTATION (  '', ( #3113 ), #2503 ) ;
#3628 =( LENGTH_UNIT ( ) NAMED_UNIT ( * ) SI_UNIT ( .MILLI., .METRE. ) );
#3630 = ORIENTED_EDGE ( 'NONE', *, *, #2993, .F. ) ;
#3629 = MECHANICAL_DESIGN_GEOMETRIC_PRESENTATION_REPRESENTATION (  '', ( #1466 ), #1087 ) ;
#3631 = VECTOR ( 'NONE', #106, 1000.000000000000000 ) ;
#3632 =( NAMED_UNIT ( * ) SI_UNIT ( $, .STERADIAN. ) SOLID_ANGLE_UNIT ( ) );
#3633 = AXIS2_PLACEMENT_3D ( 'NONE', #3875, #2169, #1521 ) ;
#3634 =( NAMED_UNIT ( * ) SI_UNIT ( $, .STERADIAN. ) SOLID_ANGLE_UNIT ( ) );
#3635 = VECTOR ( 'NONE', #2575, 1000.000000000000000 ) ;
#3636 = ADVANCED_FACE ( 'NONE', ( #1831 ), #2666, .F. ) ;
#3637 =( GEOMETRIC_REPRESENTATION_CONTEXT ( 3 ) GLOBAL_UNCERTAINTY_ASSIGNED_CONTEXT ( ( #2801 ) ) GLOBAL_UNIT_ASSIGNED_CONTEXT ( ( #1640, #1940, #2811 ) ) REPRESENTATION_CONTEXT ( 'NONE', 'WORKASPACE' ) );
#3638 = STYLED_ITEM ( 'NONE', ( #804 ), #626 ) ;
#3639 = CARTESIAN_POINT ( 'NONE',  ( -0.9534074173710932465, 0.6250000000000000000, 0.5999999999999999778 ) ) ;
#3640 = LINE ( 'NONE', #2117, #905 ) ;
#3641 = PRESENTATION_LAYER_ASSIGNMENT (  '', '', ( #2829 ) ) ;
#3642 = DIRECTION ( 'NONE',  ( -1.000000000000000000, -0.0000000000000000000, 0.0000000000000000000 ) ) ;
#3643 = PLANE ( 'NONE',  #544 ) ;
#3644 = ADVANCED_FACE ( 'NONE', ( #3701 ), #2859, .T. ) ;
#3645 = AXIS2_PLACEMENT_3D ( 'NONE', #1888, #1259, #1278 ) ;
#3646 =( NAMED_UNIT ( * ) SI_UNIT ( $, .STERADIAN. ) SOLID_ANGLE_UNIT ( ) );
#3647 = ORIENTED_EDGE ( 'NONE', *, *, #2543, .F. ) ;
#3648 = VECTOR ( 'NONE', #582, 1000.000000000000000 ) ;
#3649 = LINE ( 'NONE', #2473, #1591 ) ;
#3650 =( LENGTH_UNIT ( ) NAMED_UNIT ( * ) SI_UNIT ( .MILLI., .METRE. ) );
#3651 = AXIS2_PLACEMENT_3D ( 'NONE', #2135, #2703, #3526 ) ;
#3652 = ORIENTED_EDGE ( 'NONE', *, *, #1680, .F. ) ;
#3653 = CARTESIAN_POINT ( 'NONE',  ( 0.5250000000000000222, 1.149999999999999911, 0.1499999999999997724 ) ) ;
#3654 = DIRECTION ( 'NONE',  ( -0.2505628070857320866, 0.2505628070857321421, 0.9351131265310290708 ) ) ;
#3655 = PRESENTATION_STYLE_ASSIGNMENT (( #2465 ) ) ;
#3656 =( NAMED_UNIT ( * ) SI_UNIT ( $, .STERADIAN. ) SOLID_ANGLE_UNIT ( ) );
#3657 = VECTOR ( 'NONE', #1357, 1000.000000000000114 ) ;
#3658 = ADVANCED_FACE ( 'NONE', ( #1356 ), #2806, .F. ) ;
#3659 = ORIENTED_EDGE ( 'NONE', *, *, #982, .F. ) ;
#3660 = CARTESIAN_POINT ( 'NONE',  ( -0.1250000000000000000, 0.6286171723855393800, 0.5499999999999994893 ) ) ;
#3661 = CARTESIAN_POINT ( 'NONE',  ( 0.9160254037844385300, -0.3944328211555315766, 0.09999999999999993616 ) ) ;
#3662 = DIRECTION ( 'NONE',  ( -0.2505628070857320866, -0.2505628070857321421, -0.9351131265310290708 ) ) ;
#3663 = CARTESIAN_POINT ( 'NONE',  ( -0.7750000000000000222, -0.8269727198848725314, 0.5755944676881509237 ) ) ;
#3664 = UNCERTAINTY_MEASURE_WITH_UNIT (LENGTH_MEASURE( 1.000000000000000082E-05 ), #2588, 'distance_accuracy_value', 'NONE');
#3665 = EDGE_CURVE ( 'NONE', #1671, #2853, #1124, .T. ) ;
#3666 = CARTESIAN_POINT ( 'NONE',  ( -0.5250000000000000222, 0.7274958814226984982, 0.1744055323118491874 ) ) ;
#3667 = EDGE_LOOP ( 'NONE', ( #3705, #116, #3741, #1221 ) ) ;
#3668 = PLANE ( 'NONE',  #3830 ) ;
#3669 = SURFACE_SIDE_STYLE ('',( #1284 ) ) ;
#3670 = PRESENTATION_STYLE_ASSIGNMENT (( #90 ) ) ;
#3671 = VECTOR ( 'NONE', #1272, 1000.000000000000000 ) ;
#3672 = EDGE_LOOP ( 'NONE', ( #1222, #1067, #1400, #2405 ) ) ;
#3673 = LINE ( 'NONE', #1047, #1718 ) ;
#3674 = EDGE_CURVE ( 'NONE', #851, #2722, #420, .T. ) ;
#3675 = VERTEX_POINT ( 'NONE', #3770 ) ;
#3676 = ORIENTED_EDGE ( 'NONE', *, *, #412, .F. ) ;
#3677 = CARTESIAN_POINT ( 'NONE',  ( -0.5250000000000000222, 1.149999999999999911, -1.084202172485504434E-16 ) ) ;
#3678 = DIRECTION ( 'NONE',  ( 1.000000000000000000, 0.0000000000000000000, 0.0000000000000000000 ) ) ;
#3679 = VECTOR ( 'NONE', #363, 1000.000000000000114 ) ;
#3680 = EDGE_CURVE ( 'NONE', #3846, #423, #3047, .T. ) ;
#3681 = STYLED_ITEM ( 'NONE', ( #2383 ), #2247 ) ;
#3682 = AXIS2_PLACEMENT_3D ( 'NONE', #3847, #1129, #3550 ) ;
#3683 = EDGE_LOOP ( 'NONE', ( #1705, #1627, #677, #2978 ) ) ;
#3684 = UNCERTAINTY_MEASURE_WITH_UNIT (LENGTH_MEASURE( 1.000000000000000082E-05 ), #2635, 'distance_accuracy_value', 'NONE');
#3685 = COLOUR_RGB ( '',0.7529411764705882248, 0.7529411764705882248, 0.7529411764705882248 ) ;
#3686 = CARTESIAN_POINT ( 'NONE',  ( -0.5250000000000000222, 0.6286171723855382698, 0.7499999999999995559 ) ) ;
#3687 = STYLED_ITEM ( 'NONE', ( #1009 ), #277 ) ;
#3688 =( LENGTH_UNIT ( ) NAMED_UNIT ( * ) SI_UNIT ( .MILLI., .METRE. ) );
#3689 = CARTESIAN_POINT ( 'NONE',  ( 0.7750000000000000222, -0.9258514289220317606, 0.1999999999999999833 ) ) ;
#3690 = VECTOR ( 'NONE', #3025, 1000.000000000000114 ) ;
#3691 = CARTESIAN_POINT ( 'NONE',  ( 0.5250000000000000222, 1.149999999999999911, -1.084202172485504434E-16 ) ) ;
#3692 = VERTEX_POINT ( 'NONE', #1792 ) ;
#3693 = DIRECTION ( 'NONE',  ( 0.0000000000000000000, -0.1279723384407591147, -0.9917777374966649795 ) ) ;
#3694 = DIRECTION ( 'NONE',  ( 0.0000000000000000000, -1.000000000000000000, 0.0000000000000000000 ) ) ;
#3695 = DIRECTION ( 'NONE',  ( 0.0000000000000000000, 0.0000000000000000000, -1.000000000000000000 ) ) ;
#3696 =( GEOMETRIC_REPRESENTATION_CONTEXT ( 3 ) GLOBAL_UNCERTAINTY_ASSIGNED_CONTEXT ( ( #3096 ) ) GLOBAL_UNIT_ASSIGNED_CONTEXT ( ( #2714, #1598, #2697 ) ) REPRESENTATION_CONTEXT ( 'NONE', 'WORKASPACE' ) );
#3697 = UNCERTAINTY_MEASURE_WITH_UNIT (LENGTH_MEASURE( 1.000000000000000082E-05 ), #3163, 'distance_accuracy_value', 'NONE');
#3698 = AXIS2_PLACEMENT_3D ( 'NONE', #2400, #2707, #3585 ) ;
#3699 = SURFACE_STYLE_USAGE ( .BOTH. , #682 ) ;
#3700 = ORIENTED_EDGE ( 'NONE', *, *, #128, .F. ) ;
#3701 = FACE_OUTER_BOUND ( 'NONE', #2974, .T. ) ;
#3702 = LINE ( 'NONE', #2497, #262 ) ;
#3703 = VECTOR ( 'NONE', #3228, 1000.000000000000000 ) ;
#3704 = DIRECTION ( 'NONE',  ( 0.0000000000000000000, -1.000000000000000000, 1.379090775700468400E-15 ) ) ;
#3705 = ORIENTED_EDGE ( 'NONE', *, *, #756, .T. ) ;
#3706 = ADVANCED_FACE ( 'NONE', ( #2963 ), #2363, .F. ) ;
#3707 = CARTESIAN_POINT ( 'NONE',  ( 0.5250000000000000222, 1.149999999999999911, -1.084202172485504434E-16 ) ) ;
#3708 = EDGE_CURVE ( 'NONE', #2919, #3544, #2922, .T. ) ;
#3709 = DIRECTION ( 'NONE',  ( 1.000000000000000000, 0.0000000000000000000, 0.0000000000000000000 ) ) ;
#3710 = PRESENTATION_STYLE_ASSIGNMENT (( #1426 ) ) ;
#3711 = SURFACE_SIDE_STYLE ('',( #2527 ) ) ;
#3712 = EDGE_LOOP ( 'NONE', ( #352, #3084, #3407, #3122 ) ) ;
#3713 = CARTESIAN_POINT ( 'NONE',  ( 1.056064248505149239, 0.5344716658762421746, 0.5773679164690603827 ) ) ;
#3714 = FACE_OUTER_BOUND ( 'NONE', #2310, .T. ) ;
#3715 = CARTESIAN_POINT ( 'NONE',  ( 0.5250000000000000222, 0.6286171723855390470, 0.5999999999999994227 ) ) ;
#3716 =( GEOMETRIC_REPRESENTATION_CONTEXT ( 3 ) GLOBAL_UNCERTAINTY_ASSIGNED_CONTEXT ( ( #373 ) ) GLOBAL_UNIT_ASSIGNED_CONTEXT ( ( #1179, #3563, #2420 ) ) REPRESENTATION_CONTEXT ( 'NONE', 'WORKASPACE' ) );
#3717 = FILL_AREA_STYLE_COLOUR ( '', #1549 ) ;
#3718 = ORIENTED_EDGE ( 'NONE', *, *, #1846, .T. ) ;
#3719 = DIRECTION ( 'NONE',  ( 1.000000000000000000, 0.0000000000000000000, 0.0000000000000000000 ) ) ;
#3720 = SURFACE_STYLE_USAGE ( .BOTH. , #1935 ) ;
#3721 = COLOUR_RGB ( '',0.7529411764705882248, 0.7529411764705882248, 0.7529411764705882248 ) ;
#3722 = PRESENTATION_STYLE_ASSIGNMENT (( #1912 ) ) ;
#3723 = CYLINDRICAL_SURFACE ( 'NONE', #1467, 0.1000000000000000472 ) ;
#3724 = ORIENTED_EDGE ( 'NONE', *, *, #3082, .T. ) ;
#3725 = SURFACE_STYLE_USAGE ( .BOTH. , #3111 ) ;
#3726 = UNCERTAINTY_MEASURE_WITH_UNIT (LENGTH_MEASURE( 1.000000000000000082E-05 ), #2744, 'distance_accuracy_value', 'NONE');
#3727 = EDGE_CURVE ( 'NONE', #1368, #2772, #3216, .T. ) ;
#3728 = LINE ( 'NONE', #1074, #1404 ) ;
#3729 = FILL_AREA_STYLE ('',( #1666 ) ) ;
#3730 = CARTESIAN_POINT ( 'NONE',  ( 0.5250000000000000222, -0.7274958814226984982, 0.1744055323118496315 ) ) ;
#3731 = DIRECTION ( 'NONE',  ( 1.000000000000000000, 0.0000000000000000000, 0.0000000000000000000 ) ) ;
#3732 = SURFACE_STYLE_USAGE ( .BOTH. , #157 ) ;
#3733 = ADVANCED_FACE ( 'NONE', ( #1732 ), #601, .T. ) ;
#3734 = PRESENTATION_STYLE_ASSIGNMENT (( #2547 ) ) ;
#3735 = EDGE_LOOP ( 'NONE', ( #265, #3816, #105, #1597 ) ) ;
#3736 =( NAMED_UNIT ( * ) PLANE_ANGLE_UNIT ( ) SI_UNIT ( $, .RADIAN. ) );
#3737 = CARTESIAN_POINT ( 'NONE',  ( -0.7750000000000000222, 0.9258514289220328708, -1.897353801849632760E-16 ) ) ;
#3738 = UNCERTAINTY_MEASURE_WITH_UNIT (LENGTH_MEASURE( 1.000000000000000082E-05 ), #2607, 'distance_accuracy_value', 'NONE');
#3739 = VECTOR ( 'NONE', #665, 1000.000000000000227 ) ;
#3740 = LINE ( 'NONE', #1968, #1962 ) ;
#3741 = ORIENTED_EDGE ( 'NONE', *, *, #2312, .F. ) ;
#3742 = DIRECTION ( 'NONE',  ( 0.0000000000000000000, 0.0000000000000000000, -1.000000000000000000 ) ) ;
#3743 = SURFACE_SIDE_STYLE ('',( #500 ) ) ;
#3744 = CARTESIAN_POINT ( 'NONE',  ( -0.7750000000000000222, -0.9468959722737064766, -1.525931652754945356 ) ) ;
#3745 = DIRECTION ( 'NONE',  ( 1.000000000000000000, -0.0000000000000000000, 0.0000000000000000000 ) ) ;
#3746 = VECTOR ( 'NONE', #2732, 1000.000000000000000 ) ;
#3747 = CARTESIAN_POINT ( 'NONE',  ( -0.1250000000000000000, 0.9258514289220320936, 0.1499999999999997724 ) ) ;
#3748 = ORIENTED_EDGE ( 'NONE', *, *, #1098, .F. ) ;
#3749 = FACE_OUTER_BOUND ( 'NONE', #3500, .T. ) ;
#3750 = AXIS2_PLACEMENT_3D ( 'NONE', #1166, #3588, #2711 ) ;
#3751 = CIRCLE ( 'NONE', #507, 0.2000000000000000389 ) ;
#3752 = CARTESIAN_POINT ( 'NONE',  ( -0.7750000000000000222, 0.6782060592603726956, 0.5563986169220370703 ) ) ;
#3753 = DIRECTION ( 'NONE',  ( 0.0000000000000000000, -1.000000000000000000, 0.0000000000000000000 ) ) ;
#3754 = CARTESIAN_POINT ( 'NONE',  ( 0.5250000000000000222, -0.9468959722737065876, -1.525931652754945356 ) ) ;
#3755 = EDGE_CURVE ( 'NONE', #1474, #2853, #566, .T. ) ;
#3756 = FILL_AREA_STYLE_COLOUR ( '', #1121 ) ;
#3757 = PRESENTATION_LAYER_ASSIGNMENT (  '', '', ( #3439 ) ) ;
#3758 = PRESENTATION_LAYER_ASSIGNMENT (  '', '', ( #65 ) ) ;
#3759 = ORIENTED_EDGE ( 'NONE', *, *, #2568, .T. ) ;
#3760 = DIRECTION ( 'NONE',  ( 0.0000000000000000000, 0.0000000000000000000, -1.000000000000000000 ) ) ;
#3761 = DIRECTION ( 'NONE',  ( -1.000000000000000000, -0.0000000000000000000, 0.0000000000000000000 ) ) ;
#3762 = EDGE_CURVE ( 'NONE', #2109, #2348, #831, .T. ) ;
#3763 = VECTOR ( 'NONE', #186, 1000.000000000000114 ) ;
#3764 = COLOUR_RGB ( '',0.1176470588235294101, 0.1176470588235294101, 0.1176470588235294101 ) ;
#3765 = DIRECTION ( 'NONE',  ( 0.2505628070857320866, 0.2505628070857321421, -0.9351131265310290708 ) ) ;
#3766 = VERTEX_POINT ( 'NONE', #3663 ) ;
#3767 =( GEOMETRIC_REPRESENTATION_CONTEXT ( 3 ) GLOBAL_UNCERTAINTY_ASSIGNED_CONTEXT ( ( #2606 ) ) GLOBAL_UNIT_ASSIGNED_CONTEXT ( ( #3162, #2681, #1471 ) ) REPRESENTATION_CONTEXT ( 'NONE', 'WORKASPACE' ) );
#3768 = SURFACE_STYLE_USAGE ( .BOTH. , #2581 ) ;
#3769 = PRESENTATION_STYLE_ASSIGNMENT (( #1440 ) ) ;
#3770 = CARTESIAN_POINT ( 'NONE',  ( 0.5250000000000000222, 0.8762625420471984450, 0.1936013830779621525 ) ) ;
#3771 = LINE ( 'NONE', #1031, #510 ) ;
#3772 = CIRCLE ( 'NONE', #3645, 0.04999999999999991257 ) ;
#3773 = PLANE ( 'NONE',  #314 ) ;
#3774 = VERTEX_POINT ( 'NONE', #2708 ) ;
#3775 = ORIENTED_EDGE ( 'NONE', *, *, #2105, .F. ) ;
#3776 = AXIS2_PLACEMENT_3D ( 'NONE', #2837, #1081, #1351 ) ;
#3777 = SURFACE_SIDE_STYLE ('',( #2561 ) ) ;
#3778 = MECHANICAL_DESIGN_GEOMETRIC_PRESENTATION_REPRESENTATION (  '', ( #2166 ), #2464 ) ;
#3779 = DIRECTION ( 'NONE',  ( 0.0000000000000000000, 1.000000000000000000, 1.379090775700468400E-15 ) ) ;
#3780 = PLANE ( 'NONE',  #1913 ) ;
#3781 = DIRECTION ( 'NONE',  ( 0.0000000000000000000, 1.000000000000000000, 0.0000000000000000000 ) ) ;
#3782 = PRODUCT_RELATED_PRODUCT_CATEGORY ( 'part', '', ( #3349 ) ) ;
#3783 = FACE_OUTER_BOUND ( 'NONE', #823, .T. ) ;
#3784 = ORIENTED_EDGE ( 'NONE', *, *, #436, .F. ) ;
#3785 = PRESENTATION_STYLE_ASSIGNMENT (( #1064 ) ) ;
#3786 = DIRECTION ( 'NONE',  ( 0.0000000000000000000, 0.0000000000000000000, 1.000000000000000000 ) ) ;
#3787 = COLOUR_RGB ( '',0.7529411764705882248, 0.7529411764705882248, 0.7529411764705882248 ) ;
#3788 = ADVANCED_FACE ( 'NONE', ( #1547 ), #3350, .T. ) ;
#3789 = VERTEX_POINT ( 'NONE', #2438 ) ;
#3790 = DIRECTION ( 'NONE',  ( 0.0000000000000000000, -1.000000000000000000, 1.379090775700468400E-15 ) ) ;
#3791 = DIRECTION ( 'NONE',  ( 0.0000000000000000000, -1.000000000000000000, 0.0000000000000000000 ) ) ;
#3792 =( NAMED_UNIT ( * ) SI_UNIT ( $, .STERADIAN. ) SOLID_ANGLE_UNIT ( ) );
#3793 = COLOUR_RGB ( '',0.7529411764705882248, 0.7529411764705882248, 0.7529411764705882248 ) ;
#3794 = EDGE_CURVE ( 'NONE', #604, #1692, #2402, .T. ) ;
#3795 =( NAMED_UNIT ( * ) SI_UNIT ( $, .STERADIAN. ) SOLID_ANGLE_UNIT ( ) );
#3796 = ORIENTED_EDGE ( 'NONE', *, *, #2644, .T. ) ;
#3797 = EDGE_LOOP ( 'NONE', ( #694, #3724, #1461, #3784 ) ) ;
#3798 = CARTESIAN_POINT ( 'NONE',  ( -0.7750000000000000222, -0.9258514289220316495, 0.2000000000000000666 ) ) ;
#3799 = CARTESIAN_POINT ( 'NONE',  ( 0.5250000000000000222, 0.6286171723855393800, 0.5499999999999994893 ) ) ;
#3800 = SURFACE_SIDE_STYLE ('',( #2609 ) ) ;
#3801 = ORIENTED_EDGE ( 'NONE', *, *, #1262, .T. ) ;
#3802 =( NAMED_UNIT ( * ) PLANE_ANGLE_UNIT ( ) SI_UNIT ( $, .RADIAN. ) );
#3803 = SURFACE_SIDE_STYLE ('',( #3145 ) ) ;
#3804 = DIRECTION ( 'NONE',  ( 1.000000000000000000, 0.0000000000000000000, 0.0000000000000000000 ) ) ;
#3805 = EDGE_LOOP ( 'NONE', ( #889, #621, #104, #2990 ) ) ;
#3806 = FILL_AREA_STYLE_COLOUR ( '', #651 ) ;
#3807 =( LENGTH_UNIT ( ) NAMED_UNIT ( * ) SI_UNIT ( .MILLI., .METRE. ) );
#3808 = CARTESIAN_POINT ( 'NONE',  ( 0.8194328211555312880, -0.4910254037844383745, 0.09999999999999993616 ) ) ;
#3809 = DIRECTION ( 'NONE',  ( 0.0000000000000000000, 0.1279723384407591147, -0.9917777374966649795 ) ) ;
#3810 = ORIENTED_EDGE ( 'NONE', *, *, #119, .T. ) ;
#3811 = EDGE_CURVE ( 'NONE', #2298, #4, #969, .T. ) ;
#3812 = VECTOR ( 'NONE', #3823, 1000.000000000000227 ) ;
#3813 = DIRECTION ( 'NONE',  ( 0.0000000000000000000, 0.0000000000000000000, -1.000000000000000000 ) ) ;
#3814 = MECHANICAL_DESIGN_GEOMETRIC_PRESENTATION_REPRESENTATION (  '', ( #1147 ), #1463 ) ;
#3815 = AXIS2_PLACEMENT_3D ( 'NONE', #752, #1977, #3137 ) ;
#3816 = ORIENTED_EDGE ( 'NONE', *, *, #3727, .F. ) ;
#3817 = CARTESIAN_POINT ( 'NONE',  ( 0.9534074173710932465, 0.6250000000000000000, 0.5999999999999999778 ) ) ;
#3818 = DIRECTION ( 'NONE',  ( -1.000000000000000000, -0.0000000000000000000, 0.0000000000000000000 ) ) ;
#3819 = COLOUR_RGB ( '',0.7529411764705882248, 0.7529411764705882248, 0.7529411764705882248 ) ;
#3820 = ORIENTED_EDGE ( 'NONE', *, *, #43, .F. ) ;
#3821 = FACE_OUTER_BOUND ( 'NONE', #1195, .T. ) ;
#3822 = PRESENTATION_STYLE_ASSIGNMENT (( #2617 ) ) ;
#3823 = DIRECTION ( 'NONE',  ( 0.0000000000000000000, 0.1279723384407591424, -0.9917777374966649795 ) ) ;
#3824 = CARTESIAN_POINT ( 'NONE',  ( 0.8194328211555315100, 0.4910254037844382635, 0.09999999999999993616 ) ) ;
#3825 = STYLED_ITEM ( 'NONE', ( #3159 ), #2847 ) ;
#3826 = COLOUR_RGB ( '',0.7529411764705882248, 0.7529411764705882248, 0.7529411764705882248 ) ;
#3827 = PLANE ( 'NONE',  #131 ) ;
#3828 = ORIENTED_EDGE ( 'NONE', *, *, #1362, .T. ) ;
#3829 = ORIENTED_EDGE ( 'NONE', *, *, #3304, .T. ) ;
#3830 = AXIS2_PLACEMENT_3D ( 'NONE', #2167, #14, #2481 ) ;
#3831 = EDGE_CURVE ( 'NONE', #2044, #793, #637, .T. ) ;
#3832 = COLOUR_RGB ( '',0.7529411764705882248, 0.7529411764705882248, 0.7529411764705882248 ) ;
#3833 = SURFACE_STYLE_USAGE ( .BOTH. , #3537 ) ;
#3834 = DIRECTION ( 'NONE',  ( -0.2588190451025213501, 0.0000000000000000000, -0.9659258262890680902 ) ) ;
#3835 = FILL_AREA_STYLE_COLOUR ( '', #201 ) ;
#3836 = EDGE_CURVE ( 'NONE', #2669, #3692, #2424, .T. ) ;
#3837 =( NAMED_UNIT ( * ) PLANE_ANGLE_UNIT ( ) SI_UNIT ( $, .RADIAN. ) );
#3838 = ORIENTED_EDGE ( 'NONE', *, *, #918, .F. ) ;
#3839 = LINE ( 'NONE', #1494, #3703 ) ;
#3840 = ORIENTED_EDGE ( 'NONE', *, *, #292, .F. ) ;
#3841 = CARTESIAN_POINT ( 'NONE',  ( -0.7750000000000000222, 0.6782060592603726956, 0.5563986169220370703 ) ) ;
#3842 = DIRECTION ( 'NONE',  ( -1.000000000000000000, 0.0000000000000000000, -0.0000000000000000000 ) ) ;
#3843 = MECHANICAL_DESIGN_GEOMETRIC_PRESENTATION_REPRESENTATION (  '', ( #923 ), #3281 ) ;
#3844 = CARTESIAN_POINT ( 'NONE',  ( -0.5249999999999999112, -0.6249999999999998890, 0.6000000000000000888 ) ) ;
#3845 = VERTEX_POINT ( 'NONE', #3017 ) ;
#3846 = VERTEX_POINT ( 'NONE', #2475 ) ;
#3847 = CARTESIAN_POINT ( 'NONE',  ( -0.7750000000000000222, 2.773217721561970766E-16, -1.648112749638469543 ) ) ;
#3848 = UNCERTAINTY_MEASURE_WITH_UNIT (LENGTH_MEASURE( 1.000000000000000082E-05 ), #1290, 'distance_accuracy_value', 'NONE');
#3849 = FILL_AREA_STYLE_COLOUR ( '', #327 ) ;
#3850 = DIRECTION ( 'NONE',  ( 1.000000000000000000, 0.0000000000000000000, 0.0000000000000000000 ) ) ;
#3851 = CARTESIAN_POINT ( 'NONE',  ( 0.7750000000000000222, 0.6782060592603726956, 0.5563986169220370703 ) ) ;
#3852 = DIRECTION ( 'NONE',  ( 0.0000000000000000000, -0.0000000000000000000, -1.000000000000000000 ) ) ;
#3853 = EDGE_CURVE ( 'NONE', #3368, #2864, #339, .T. ) ;
#3854 = SURFACE_SIDE_STYLE ('',( #1155 ) ) ;
#3855 = ORIENTED_EDGE ( 'NONE', *, *, #3561, .T. ) ;
#3856 = DIRECTION ( 'NONE',  ( -1.000000000000000000, 0.0000000000000000000, -0.0000000000000000000 ) ) ;
#3857 = SURFACE_SIDE_STYLE ('',( #282 ) ) ;
#3858 = EDGE_CURVE ( 'NONE', #1238, #1289, #47, .T. ) ;
#3859 = FILL_AREA_STYLE_COLOUR ( '', #3597 ) ;
#3860 = ORIENTED_EDGE ( 'NONE', *, *, #2756, .T. ) ;
#3861 =( NAMED_UNIT ( * ) SI_UNIT ( $, .STERADIAN. ) SOLID_ANGLE_UNIT ( ) );
#3862 = DIRECTION ( 'NONE',  ( 0.9659258262890680902, 0.0000000000000000000, 0.2588190451025213501 ) ) ;
#3863 = DIRECTION ( 'NONE',  ( 0.0000000000000000000, 0.0000000000000000000, 1.000000000000000000 ) ) ;
#3864 = CARTESIAN_POINT ( 'NONE',  ( -0.9428203230275508107, 0.4212277403986439128, 1.000000000000000000 ) ) ;
#3865 = ORIENTED_EDGE ( 'NONE', *, *, #883, .F. ) ;
#3866 = ORIENTED_EDGE ( 'NONE', *, *, #3542, .T. ) ;
#3867 = STYLED_ITEM ( 'NONE', ( #2725 ), #3788 ) ;
#3868 = CARTESIAN_POINT ( 'NONE',  ( 0.7750000000000000222, 1.149999999999999911, -1.084202172485504434E-16 ) ) ;
#3869 = DIRECTION ( 'NONE',  ( 1.000000000000000000, 0.0000000000000000000, 0.0000000000000000000 ) ) ;
#3870 = LINE ( 'NONE', #2949, #362 ) ;
#3871 =( NAMED_UNIT ( * ) PLANE_ANGLE_UNIT ( ) SI_UNIT ( $, .RADIAN. ) );
#3872 = EDGE_CURVE ( 'NONE', #1199, #3021, #355, .T. ) ;
#3873 = FACE_OUTER_BOUND ( 'NONE', #28, .T. ) ;
#3874 = ORIENTED_EDGE ( 'NONE', *, *, #585, .F. ) ;
#3875 = CARTESIAN_POINT ( 'NONE',  ( 0.7750000000000000222, -0.6286171723855394911, 0.5499999999999999334 ) ) ;
#3876 = CARTESIAN_POINT ( 'NONE',  ( -0.5250000000000000222, 0.9258514289220316495, 0.1999999999999997891 ) ) ;
#3877 = CIRCLE ( 'NONE', #3498, 0.04999999999999994033 ) ;
#3878 =( GEOMETRIC_REPRESENTATION_CONTEXT ( 3 ) GLOBAL_UNCERTAINTY_ASSIGNED_CONTEXT ( ( #3258 ) ) GLOBAL_UNIT_ASSIGNED_CONTEXT ( ( #425, #1638, #2809 ) ) REPRESENTATION_CONTEXT ( 'NONE', 'WORKASPACE' ) );
ENDSEC;
END-ISO-10303-21;
