ISO-10303-21;
HEADER;
FILE_DESCRIPTION (( 'STEP AP214' ),
    '1' );
FILE_NAME ('sd¿¨²Û.STEP',
    '2022-06-16T04:00:56',
    ( '' ),
    ( '' ),
    'SwSTEP 2.0',
    'SolidWorks 2018',
    '' );
FILE_SCHEMA (( 'AUTOMOTIVE_DESIGN' ));
ENDSEC;

DATA;
#1 = VECTOR ( 'NONE', #279, 1000.000000000000000 ) ;
#2 = VECTOR ( 'NONE', #292, 1000.000000000000000 ) ;
#3 = ORIENTED_EDGE ( 'NONE', *, *, #409, .T. ) ;
#4 = ADVANCED_FACE ( 'NONE', ( #1588 ), #3114, .T. ) ;
#5 = CARTESIAN_POINT ( 'NONE',  ( 13.48000000000000043, -1.024999999999999911, -0.2999999999999981570 ) ) ;
#6 = VECTOR ( 'NONE', #526, 1000.000000000000000 ) ;
#7 = EDGE_CURVE ( 'NONE', #1589, #2206, #1006, .T. ) ;
#8 = ORIENTED_EDGE ( 'NONE', *, *, #1635, .F. ) ;
#9 = CARTESIAN_POINT ( 'NONE',  ( 1.997449745205955196, 0.8749999999999998890, 5.092149606563560305 ) ) ;
#10 = LINE ( 'NONE', #2055, #800 ) ;
#11 = VERTEX_POINT ( 'NONE', #912 ) ;
#12 = AXIS2_PLACEMENT_3D ( 'NONE', #2178, #1469, #2948 ) ;
#13 = LINE ( 'NONE', #1958, #2982 ) ;
#14 = DIRECTION ( 'NONE',  ( 0.000000000000000000, -1.000000000000000000, 0.000000000000000000 ) ) ;
#15 = VECTOR ( 'NONE', #1628, 1000.000000000000000 ) ;
#16 = AXIS2_PLACEMENT_3D ( 'NONE', #393, #1884, #2118 ) ;
#17 = LINE ( 'NONE', #2211, #968 ) ;
#18 = DIRECTION ( 'NONE',  ( 1.000000000000000000, 0.000000000000000000, 0.000000000000000000 ) ) ;
#19 = ORIENTED_EDGE ( 'NONE', *, *, #824, .T. ) ;
#20 = ADVANCED_FACE ( 'NONE', ( #1543 ), #2097, .F. ) ;
#21 = EDGE_CURVE ( 'NONE', #1096, #784, #1953, .T. ) ;
#22 = ORIENTED_EDGE ( 'NONE', *, *, #1038, .F. ) ;
#23 = VERTEX_POINT ( 'NONE', #3070 ) ;
#24 = EDGE_LOOP ( 'NONE', ( #973, #2170, #2854, #359 ) ) ;
#25 = EDGE_CURVE ( 'NONE', #2815, #1257, #2947, .T. ) ;
#26 = DIRECTION ( 'NONE',  ( -0.000000000000000000, -1.000000000000000000, -0.000000000000000000 ) ) ;
#27 = ORIENTED_EDGE ( 'NONE', *, *, #2262, .F. ) ;
#28 = CARTESIAN_POINT ( 'NONE',  ( 1.865075964201309056, 1.024999999999999911, 8.308860014671326510 ) ) ;
#29 = ORIENTED_EDGE ( 'NONE', *, *, #2120, .F. ) ;
#30 = CARTESIAN_POINT ( 'NONE',  ( 12.88000000000000078, -1.024999999999999911, -0.2999999999999981570 ) ) ;
#31 = ORIENTED_EDGE ( 'NONE', *, *, #166, .T. ) ;
#32 = DIRECTION ( 'NONE',  ( 0.000000000000000000, 0.000000000000000000, -1.000000000000000000 ) ) ;
#33 = AXIS2_PLACEMENT_3D ( 'NONE', #3090, #649, #2372 ) ;
#34 = ORIENTED_EDGE ( 'NONE', *, *, #2848, .F. ) ;
#35 = ADVANCED_FACE ( 'NONE', ( #1310 ), #2117, .T. ) ;
#36 = ORIENTED_EDGE ( 'NONE', *, *, #2458, .T. ) ;
#37 = CARTESIAN_POINT ( 'NONE',  ( 14.48000000000000043, -0.8749999999999998890, 9.099999999999999645 ) ) ;
#38 = EDGE_CURVE ( 'NONE', #2357, #3143, #1191, .T. ) ;
#39 = VECTOR ( 'NONE', #225, 1000.000000000000000 ) ;
#40 = CIRCLE ( 'NONE', #3051, 0.1500000000000008271 ) ;
#41 = PLANE ( 'NONE',  #415 ) ;
#42 = ORIENTED_EDGE ( 'NONE', *, *, #2153, .F. ) ;
#43 = DIRECTION ( 'NONE',  ( -0.000000000000000000, -1.000000000000000000, -0.000000000000000000 ) ) ;
#44 = LINE ( 'NONE', #1520, #1213 ) ;
#45 = LINE ( 'NONE', #1869, #1484 ) ;
#46 = ORIENTED_EDGE ( 'NONE', *, *, #1579, .T. ) ;
#47 = CARTESIAN_POINT ( 'NONE',  ( 5.850000000000002309, -0.8749999999999998890, -0.2999999999999981570 ) ) ;
#48 = VECTOR ( 'NONE', #2475, 1000.000000000000000 ) ;
#49 = ORIENTED_EDGE ( 'NONE', *, *, #2057, .T. ) ;
#50 = DIRECTION ( 'NONE',  ( 0.000000000000000000, 0.000000000000000000, -1.000000000000000000 ) ) ;
#51 = DIRECTION ( 'NONE',  ( 1.084202172485504631E-15, -0.000000000000000000, -1.000000000000000000 ) ) ;
#52 = VECTOR ( 'NONE', #2939, 1000.000000000000000 ) ;
#53 = LINE ( 'NONE', #1234, #2031 ) ;
#54 = LINE ( 'NONE', #745, #2603 ) ;
#55 = VECTOR ( 'NONE', #178, 1000.000000000000000 ) ;
#56 = EDGE_LOOP ( 'NONE', ( #3074, #2001, #1394, #151, #2087, #2561 ) ) ;
#57 = CARTESIAN_POINT ( 'NONE',  ( 6.490000000000000213, -0.8749999999999998890, 6.950000000000000178 ) ) ;
#58 = EDGE_LOOP ( 'NONE', ( #3188, #1199, #465, #3020 ) ) ;
#59 =( NAMED_UNIT ( * ) PLANE_ANGLE_UNIT ( ) SI_UNIT ( $, .RADIAN. ) );
#60 = CARTESIAN_POINT ( 'NONE',  ( 7.350000000000001421, 1.024999999999999911, -0.2999999999999981570 ) ) ;
#61 = DIRECTION ( 'NONE',  ( 0.000000000000000000, -1.000000000000000000, 0.000000000000000000 ) ) ;
#62 = VERTEX_POINT ( 'NONE', #1138 ) ;
#63 = CARTESIAN_POINT ( 'NONE',  ( 12.88000000000000078, 1.024999999999999911, -0.2999999999999981570 ) ) ;
#64 = ORIENTED_EDGE ( 'NONE', *, *, #1830, .F. ) ;
#65 = DIRECTION ( 'NONE',  ( 0.000000000000000000, 0.000000000000000000, 1.000000000000000000 ) ) ;
#66 = EDGE_CURVE ( 'NONE', #77, #1167, #1729, .T. ) ;
#67 = EDGE_LOOP ( 'NONE', ( #669, #2593, #1807, #2493, #2653, #2082, #2645, #100 ) ) ;
#68 = CARTESIAN_POINT ( 'NONE',  ( 1.690000000000000613, 0.8749999999999998890, 5.350000000000001421 ) ) ;
#69 = ORIENTED_EDGE ( 'NONE', *, *, #3025, .F. ) ;
#70 = CARTESIAN_POINT ( 'NONE',  ( 12.88000000000000078, -0.8749999999999998890, 0.7000000000000018430 ) ) ;
#71 = DIRECTION ( 'NONE',  ( 1.000000000000000000, 0.000000000000000000, -1.084202172485504631E-15 ) ) ;
#72 = DIRECTION ( 'NONE',  ( 0.000000000000000000, 0.000000000000000000, 1.000000000000000000 ) ) ;
#73 = VERTEX_POINT ( 'NONE', #2339 ) ;
#74 = AXIS2_PLACEMENT_3D ( 'NONE', #269, #760, #2250 ) ;
#75 = ORIENTED_EDGE ( 'NONE', *, *, #2495, .F. ) ;
#76 = SHAPE_DEFINITION_REPRESENTATION ( #1553, #1129 ) ;
#77 = VERTEX_POINT ( 'NONE', #129 ) ;
#78 = CARTESIAN_POINT ( 'NONE',  ( 1.850000000000001865, -0.8749999999999998890, -0.2999999999999981570 ) ) ;
#79 = VECTOR ( 'NONE', #588, 1000.000000000000000 ) ;
#80 = DIRECTION ( 'NONE',  ( 0.000000000000000000, 0.000000000000000000, -1.000000000000000000 ) ) ;
#81 = VECTOR ( 'NONE', #325, 1000.000000000000000 ) ;
#82 = EDGE_LOOP ( 'NONE', ( #391, #2817, #1967, #1211, #534, #64, #1816, #1359, #1158 ) ) ;
#83 = EDGE_CURVE ( 'NONE', #307, #213, #3184, .T. ) ;
#84 = CARTESIAN_POINT ( 'NONE',  ( 8.132344685007232954, 0.8749999999999998890, 4.950000000000001066 ) ) ;
#85 = LINE ( 'NONE', #694, #2457 ) ;
#86 = VERTEX_POINT ( 'NONE', #406 ) ;
#87 = LINE ( 'NONE', #1808, #3056 ) ;
#88 = EDGE_CURVE ( 'NONE', #1133, #1290, #2386, .T. ) ;
#89 = DIRECTION ( 'NONE',  ( -1.000000000000000000, -0.000000000000000000, -0.000000000000000000 ) ) ;
#90 = ORIENTED_EDGE ( 'NONE', *, *, #1401, .F. ) ;
#91 = LINE ( 'NONE', #68, #966 ) ;
#92 = VECTOR ( 'NONE', #986, 1000.000000000000000 ) ;
#93 = CARTESIAN_POINT ( 'NONE',  ( 13.88000000000000256, 0.8249999999999998446, 14.20000000000000284 ) ) ;
#94 = CARTESIAN_POINT ( 'NONE',  ( 13.88000000000000078, -0.8749999999999998890, 10.69999999999999929 ) ) ;
#95 = LINE ( 'NONE', #2694, #371 ) ;
#96 = CARTESIAN_POINT ( 'NONE',  ( 9.015360208698490752, 1.024999999999999911, 8.450000000000001066 ) ) ;
#97 = ORIENTED_EDGE ( 'NONE', *, *, #2966, .T. ) ;
#98 = CARTESIAN_POINT ( 'NONE',  ( 5.850000000000002309, -0.8749999999999998890, 0.2000000000000022593 ) ) ;
#99 = VERTEX_POINT ( 'NONE', #418 ) ;
#100 = ORIENTED_EDGE ( 'NONE', *, *, #341, .T. ) ;
#101 = ADVANCED_FACE ( 'NONE', ( #1046 ), #901, .F. ) ;
#102 = EDGE_CURVE ( 'NONE', #104, #662, #1769, .T. ) ;
#103 = DIRECTION ( 'NONE',  ( 1.000000000000000000, 0.000000000000000000, 1.445602896647339706E-15 ) ) ;
#104 = VERTEX_POINT ( 'NONE', #1613 ) ;
#105 = CARTESIAN_POINT ( 'NONE',  ( 8.050000000000000711, -0.8749999999999998890, -0.7999999999999977129 ) ) ;
#106 = CARTESIAN_POINT ( 'NONE',  ( 6.250000000000000888, -1.024999999999999911, -0.7999999999999977129 ) ) ;
#107 = CARTESIAN_POINT ( 'NONE',  ( 8.990000000000001990, 0.8749999999999998890, 4.950000000000001066 ) ) ;
#108 = VERTEX_POINT ( 'NONE', #1434 ) ;
#109 = PLANE ( 'NONE',  #1814 ) ;
#110 = ORIENTED_EDGE ( 'NONE', *, *, #1894, .T. ) ;
#111 = CARTESIAN_POINT ( 'NONE',  ( 1.997449745205955196, 0.8749999999999998890, 5.092149606563560305 ) ) ;
#112 = CARTESIAN_POINT ( 'NONE',  ( 8.689999999999999503, 1.024999999999999911, 5.350000000000001421 ) ) ;
#113 = AXIS2_PLACEMENT_3D ( 'NONE', #1726, #2901, #2438 ) ;
#114 = ORIENTED_EDGE ( 'NONE', *, *, #1002, .F. ) ;
#115 = CARTESIAN_POINT ( 'NONE',  ( -0.8999999999999989120, -0.8749999999999998890, -0.2999999999999981570 ) ) ;
#116 = DIRECTION ( 'NONE',  ( -0.000000000000000000, -1.000000000000000000, -0.000000000000000000 ) ) ;
#117 = LINE ( 'NONE', #2430, #39 ) ;
#118 = LINE ( 'NONE', #1112, #2523 ) ;
#119 = ORIENTED_EDGE ( 'NONE', *, *, #1321, .F. ) ;
#120 = DIRECTION ( 'NONE',  ( -0.000000000000000000, -1.000000000000000000, -0.000000000000000000 ) ) ;
#121 = LINE ( 'NONE', #1319, #79 ) ;
#122 = LINE ( 'NONE', #2125, #2857 ) ;
#123 = CARTESIAN_POINT ( 'NONE',  ( 2.950000000000001066, 1.024999999999999911, -0.2999999999999981570 ) ) ;
#124 = DIRECTION ( 'NONE',  ( -0.000000000000000000, 1.000000000000000000, 0.000000000000000000 ) ) ;
#125 = VECTOR ( 'NONE', #2567, 1000.000000000000000 ) ;
#126 = EDGE_LOOP ( 'NONE', ( #1803, #46, #871, #2997, #1606, #310, #3135, #1163, #1508, #277 ) ) ;
#127 = EDGE_CURVE ( 'NONE', #1231, #858, #2426, .T. ) ;
#128 = DIRECTION ( 'NONE',  ( -0.000000000000000000, -0.000000000000000000, 1.000000000000000000 ) ) ;
#129 = CARTESIAN_POINT ( 'NONE',  ( -0.8999999999999989120, -1.024999999999999911, 13.50000000000000355 ) ) ;
#130 = VECTOR ( 'NONE', #2399, 1000.000000000000000 ) ;
#131 = LINE ( 'NONE', #2738, #3028 ) ;
#132 = EDGE_CURVE ( 'NONE', #1194, #2257, #2268, .T. ) ;
#133 = DIRECTION ( 'NONE',  ( -0.000000000000000000, -1.000000000000000000, -0.000000000000000000 ) ) ;
#134 = CYLINDRICAL_SURFACE ( 'NONE', #1756, 0.1500000000000008271 ) ;
#135 = LINE ( 'NONE', #2270, #609 ) ;
#136 = CARTESIAN_POINT ( 'NONE',  ( 5.150000000000002132, -0.8749999999999998890, 0.2000000000000022593 ) ) ;
#137 = FACE_OUTER_BOUND ( 'NONE', #1668, .T. ) ;
#138 = DIRECTION ( 'NONE',  ( 0.000000000000000000, -1.000000000000000000, 0.000000000000000000 ) ) ;
#139 = ADVANCED_FACE ( 'NONE', ( #886 ), #1156, .F. ) ;
#140 = ORIENTED_EDGE ( 'NONE', *, *, #3064, .F. ) ;
#141 = ORIENTED_EDGE ( 'NONE', *, *, #2579, .F. ) ;
#142 = CARTESIAN_POINT ( 'NONE',  ( -0.6999999999999975131, 1.024999999999999911, 13.50000000000000355 ) ) ;
#143 = DIRECTION ( 'NONE',  ( 0.000000000000000000, 0.000000000000000000, -1.000000000000000000 ) ) ;
#144 = AXIS2_PLACEMENT_3D ( 'NONE', #2488, #568, #2979 ) ;
#145 = VERTEX_POINT ( 'NONE', #2176 ) ;
#146 = ORIENTED_EDGE ( 'NONE', *, *, #1019, .T. ) ;
#147 = CARTESIAN_POINT ( 'NONE',  ( -0.05999999999999929001, 0.8749999999999998890, 13.50000000000000533 ) ) ;
#148 = EDGE_CURVE ( 'NONE', #2186, #1887, #2907, .T. ) ;
#149 = DIRECTION ( 'NONE',  ( -1.000000000000000000, 0.000000000000000000, -0.000000000000000000 ) ) ;
#150 = CARTESIAN_POINT ( 'NONE',  ( 6.490000000000000213, 0.000000000000000000, 0.4500000000000007327 ) ) ;
#151 = ORIENTED_EDGE ( 'NONE', *, *, #2000, .F. ) ;
#152 = CARTESIAN_POINT ( 'NONE',  ( 6.250000000000000888, -0.8749999999999998890, -0.7999999999999977129 ) ) ;
#153 = ORIENTED_EDGE ( 'NONE', *, *, #2132, .F. ) ;
#154 = DIRECTION ( 'NONE',  ( 0.000000000000000000, 0.000000000000000000, -1.000000000000000000 ) ) ;
#155 = AXIS2_PLACEMENT_3D ( 'NONE', #1943, #1681, #473 ) ;
#156 = DIRECTION ( 'NONE',  ( 1.000000000000000000, 0.000000000000000000, 0.000000000000000000 ) ) ;
#157 = CIRCLE ( 'NONE', #943, 0.1500000000000008271 ) ;
#158 = CARTESIAN_POINT ( 'NONE',  ( -0.8999999999999980238, -0.8749999999999998890, 9.099999999999999645 ) ) ;
#159 = VERTEX_POINT ( 'NONE', #2405 ) ;
#160 = AXIS2_PLACEMENT_3D ( 'NONE', #1403, #3112, #657 ) ;
#161 = VECTOR ( 'NONE', #3054, 1000.000000000000000 ) ;
#162 = LINE ( 'NONE', #2204, #1865 ) ;
#163 = CARTESIAN_POINT ( 'NONE',  ( 13.88000000000000078, -0.8749999999999998890, 9.099999999999997868 ) ) ;
#164 = VECTOR ( 'NONE', #3029, 1000.000000000000000 ) ;
#165 = CARTESIAN_POINT ( 'NONE',  ( -0.05999999999999929001, 0.8749999999999998890, 15.65000000000000391 ) ) ;
#166 = EDGE_CURVE ( 'NONE', #1441, #3159, #1690, .T. ) ;
#167 = VECTOR ( 'NONE', #1490, 1000.000000000000000 ) ;
#168 = ORIENTED_EDGE ( 'NONE', *, *, #530, .T. ) ;
#169 = PLANE ( 'NONE',  #2841 ) ;
#170 = ADVANCED_FACE ( 'NONE', ( #1083 ), #1179, .T. ) ;
#171 = EDGE_CURVE ( 'NONE', #73, #2350, #1585, .T. ) ;
#172 = LINE ( 'NONE', #2390, #1651 ) ;
#173 = CARTESIAN_POINT ( 'NONE',  ( 11.53999999999999915, -0.02500000000000006384, 15.65000000000000391 ) ) ;
#174 = EDGE_CURVE ( 'NONE', #159, #307, #926, .T. ) ;
#175 = ORIENTED_EDGE ( 'NONE', *, *, #1305, .T. ) ;
#176 = VERTEX_POINT ( 'NONE', #2649 ) ;
#177 = ORIENTED_EDGE ( 'NONE', *, *, #851, .T. ) ;
#178 = DIRECTION ( 'NONE',  ( 1.000000000000000000, 0.000000000000000000, 0.000000000000000000 ) ) ;
#179 =( GEOMETRIC_REPRESENTATION_CONTEXT ( 3 ) GLOBAL_UNCERTAINTY_ASSIGNED_CONTEXT ( ( #2320 ) ) GLOBAL_UNIT_ASSIGNED_CONTEXT ( ( #1795, #59, #312 ) ) REPRESENTATION_CONTEXT ( 'NONE', 'WORKASPACE' ) );
#180 = DIRECTION ( 'NONE',  ( -0.000000000000000000, -0.000000000000000000, 1.000000000000000000 ) ) ;
#181 = VERTEX_POINT ( 'NONE', #3145 ) ;
#182 = EDGE_CURVE ( 'NONE', #2109, #1659, #1879, .T. ) ;
#183 = VERTEX_POINT ( 'NONE', #1919 ) ;
#184 = CARTESIAN_POINT ( 'NONE',  ( 13.88000000000000256, -1.024999999999999911, 9.099999999999996092 ) ) ;
#185 = CARTESIAN_POINT ( 'NONE',  ( 5.150000000000002132, -0.8749999999999998890, -0.7999999999999977129 ) ) ;
#186 = CARTESIAN_POINT ( 'NONE',  ( 8.689999999999999503, 0.8749999999999998890, 5.350000000000001421 ) ) ;
#187 = EDGE_CURVE ( 'NONE', #1353, #145, #332, .T. ) ;
#188 = DIRECTION ( 'NONE',  ( -0.05233595624294039989, 0.000000000000000000, 0.9986295347545741663 ) ) ;
#189 = EDGE_LOOP ( 'NONE', ( #1737, #1938, #1451, #1774 ) ) ;
#190 = PLANE ( 'NONE',  #1623 ) ;
#191 = LINE ( 'NONE', #1597, #2367 ) ;
#192 = SURFACE_STYLE_FILL_AREA ( #2034 ) ;
#193 = ORIENTED_EDGE ( 'NONE', *, *, #267, .F. ) ;
#194 = CARTESIAN_POINT ( 'NONE',  ( -0.05999999999999929001, -0.02500000000000006384, 0.4500000000000007327 ) ) ;
#195 = LINE ( 'NONE', #874, #2666 ) ;
#196 = EDGE_LOOP ( 'NONE', ( #822, #1664, #2849, #1647 ) ) ;
#197 = AXIS2_PLACEMENT_3D ( 'NONE', #2075, #2822, #3055 ) ;
#198 = DIRECTION ( 'NONE',  ( -0.000000000000000000, 1.000000000000000000, -0.000000000000000000 ) ) ;
#199 = CARTESIAN_POINT ( 'NONE',  ( 9.015360208698490752, 0.8749999999999998890, 8.300000000000002487 ) ) ;
#200 = LINE ( 'NONE', #510, #2755 ) ;
#201 = CARTESIAN_POINT ( 'NONE',  ( 7.965185930628285504, 0.8749999999999998890, 8.450000000000001066 ) ) ;
#202 = CARTESIAN_POINT ( 'NONE',  ( 13.88000000000000078, -1.024999999999999911, 10.69999999999999929 ) ) ;
#203 = VERTEX_POINT ( 'NONE', #958 ) ;
#204 = PLANE ( 'NONE',  #2005 ) ;
#205 = LINE ( 'NONE', #2628, #407 ) ;
#206 = VECTOR ( 'NONE', #1822, 1000.000000000000000 ) ;
#207 = EDGE_CURVE ( 'NONE', #2648, #1096, #1620, .T. ) ;
#208 = LINE ( 'NONE', #301, #647 ) ;
#209 = VECTOR ( 'NONE', #1652, 1000.000000000000000 ) ;
#210 = DIRECTION ( 'NONE',  ( 0.000000000000000000, 0.000000000000000000, -1.000000000000000000 ) ) ;
#211 = CARTESIAN_POINT ( 'NONE',  ( -0.05999999999999929001, 0.8749999999999998890, 15.65000000000000391 ) ) ;
#212 = VERTEX_POINT ( 'NONE', #1909 ) ;
#213 = VERTEX_POINT ( 'NONE', #703 ) ;
#214 = ADVANCED_FACE ( 'NONE', ( #1802 ), #2038, .F. ) ;
#215 = ORIENTED_EDGE ( 'NONE', *, *, #869, .F. ) ;
#216 = ORIENTED_EDGE ( 'NONE', *, *, #2490, .T. ) ;
#217 = CARTESIAN_POINT ( 'NONE',  ( 14.48000000000000043, -0.8749999999999998890, 9.099999999999999645 ) ) ;
#218 = AXIS2_PLACEMENT_3D ( 'NONE', #1572, #2293, #601 ) ;
#219 = ORIENTED_EDGE ( 'NONE', *, *, #1142, .F. ) ;
#220 = ORIENTED_EDGE ( 'NONE', *, *, #509, .F. ) ;
#221 = CARTESIAN_POINT ( 'NONE',  ( 5.850000000000002309, 1.024999999999999911, -0.2999999999999981570 ) ) ;
#222 = CARTESIAN_POINT ( 'NONE',  ( 12.88000000000000078, 1.024999999999999911, -0.2999999999999981570 ) ) ;
#223 = ORIENTED_EDGE ( 'NONE', *, *, #2779, .T. ) ;
#224 = DIRECTION ( 'NONE',  ( -0.05233595624294064275, -0.000000000000000000, -0.9986295347545740553 ) ) ;
#225 = DIRECTION ( 'NONE',  ( 0.000000000000000000, -1.000000000000000000, 0.000000000000000000 ) ) ;
#226 = ORIENTED_EDGE ( 'NONE', *, *, #610, .T. ) ;
#227 = EDGE_CURVE ( 'NONE', #181, #2890, #810, .T. ) ;
#228 = DIRECTION ( 'NONE',  ( 0.05906676447550263803, 0.000000000000000000, 0.9982540344693806578 ) ) ;
#229 = ADVANCED_FACE ( 'NONE', ( #137 ), #2637, .T. ) ;
#230 = SURFACE_STYLE_FILL_AREA ( #2175 ) ;
#231 = CARTESIAN_POINT ( 'NONE',  ( 6.490000000000000213, -0.8749999999999998890, 6.950000000000000178 ) ) ;
#232 = ORIENTED_EDGE ( 'NONE', *, *, #1302, .T. ) ;
#233 = DIRECTION ( 'NONE',  ( -1.000000000000000000, 0.000000000000000000, 0.000000000000000000 ) ) ;
#234 = EDGE_CURVE ( 'NONE', #1231, #1465, #1654, .T. ) ;
#235 = VECTOR ( 'NONE', #2605, 1000.000000000000000 ) ;
#236 = LINE ( 'NONE', #2456, #3091 ) ;
#237 = VERTEX_POINT ( 'NONE', #440 ) ;
#238 = AXIS2_PLACEMENT_3D ( 'NONE', #2795, #1332, #1587 ) ;
#239 = ORIENTED_EDGE ( 'NONE', *, *, #1196, .T. ) ;
#240 = DIRECTION ( 'NONE',  ( 0.000000000000000000, -1.000000000000000000, 0.000000000000000000 ) ) ;
#241 = VECTOR ( 'NONE', #294, 999.9999999999998863 ) ;
#242 = AXIS2_PLACEMENT_3D ( 'NONE', #2437, #1910, #2638 ) ;
#243 = CARTESIAN_POINT ( 'NONE',  ( 8.290000000000002700, 1.024999999999999911, 5.350000000000001421 ) ) ;
#244 = DIRECTION ( 'NONE',  ( 0.000000000000000000, 0.000000000000000000, -1.000000000000000000 ) ) ;
#245 = VECTOR ( 'NONE', #1091, 1000.000000000000000 ) ;
#246 = VECTOR ( 'NONE', #413, 1000.000000000000000 ) ;
#247 = ADVANCED_FACE ( 'NONE', ( #2220 ), #2395, .F. ) ;
#248 = DIRECTION ( 'NONE',  ( -0.000000000000000000, 1.000000000000000000, -0.000000000000000000 ) ) ;
#249 = EDGE_CURVE ( 'NONE', #1627, #732, #651, .T. ) ;
#250 = LINE ( 'NONE', #243, #2800 ) ;
#251 = DIRECTION ( 'NONE',  ( 0.000000000000000000, -1.000000000000000000, 0.000000000000000000 ) ) ;
#252 = ORIENTED_EDGE ( 'NONE', *, *, #3058, .F. ) ;
#253 = ORIENTED_EDGE ( 'NONE', *, *, #362, .T. ) ;
#254 = EDGE_CURVE ( 'NONE', #2540, #955, #2468, .T. ) ;
#255 = ORIENTED_EDGE ( 'NONE', *, *, #1532, .F. ) ;
#256 = CARTESIAN_POINT ( 'NONE',  ( 1.290000000000001146, 0.8749999999999998890, 5.350000000000001421 ) ) ;
#257 = ORIENTED_EDGE ( 'NONE', *, *, #1118, .F. ) ;
#258 = CARTESIAN_POINT ( 'NONE',  ( 1.450000000000001732, -0.8749999999999998890, 0.2000000000000022593 ) ) ;
#259 = VERTEX_POINT ( 'NONE', #1714 ) ;
#260 = DIRECTION ( 'NONE',  ( -0.000000000000000000, -0.000000000000000000, 1.000000000000000000 ) ) ;
#261 = ORIENTED_EDGE ( 'NONE', *, *, #2835, .F. ) ;
#262 = ADVANCED_FACE ( 'NONE', ( #1225 ), #2144, .F. ) ;
#263 = ORIENTED_EDGE ( 'NONE', *, *, #1084, .T. ) ;
#264 = CARTESIAN_POINT ( 'NONE',  ( 8.132344685007232954, 0.8749999999999998890, 4.950000000000001066 ) ) ;
#265 = DIRECTION ( 'NONE',  ( 1.000000000000000000, 0.000000000000000000, -0.000000000000000000 ) ) ;
#266 = CARTESIAN_POINT ( 'NONE',  ( 14.48000000000000043, -0.8749999999999998890, 9.099999999999999645 ) ) ;
#267 = EDGE_CURVE ( 'NONE', #2987, #2890, #250, .T. ) ;
#268 = ORIENTED_EDGE ( 'NONE', *, *, #1971, .F. ) ;
#269 = CARTESIAN_POINT ( 'NONE',  ( 0.3500000000000013656, -0.8749999999999998890, 0.2000000000000022593 ) ) ;
#270 = CARTESIAN_POINT ( 'NONE',  ( 8.865075964201309944, 0.8749999999999998890, 8.308860014671326510 ) ) ;
#271 = PLANE ( 'NONE',  #1393 ) ;
#272 = VERTEX_POINT ( 'NONE', #1022 ) ;
#273 = EDGE_CURVE ( 'NONE', #1549, #2608, #95, .T. ) ;
#274 = DIRECTION ( 'NONE',  ( -0.000000000000000000, 0.000000000000000000, 1.000000000000000000 ) ) ;
#275 = VECTOR ( 'NONE', #2455, 1000.000000000000000 ) ;
#276 = LINE ( 'NONE', #221, #867 ) ;
#277 = ORIENTED_EDGE ( 'NONE', *, *, #1595, .T. ) ;
#278 = LINE ( 'NONE', #2010, #6 ) ;
#279 = DIRECTION ( 'NONE',  ( 0.000000000000000000, -1.000000000000000000, 0.000000000000000000 ) ) ;
#280 = ORIENTED_EDGE ( 'NONE', *, *, #249, .F. ) ;
#281 = PLANE ( 'NONE',  #74 ) ;
#282 = FACE_OUTER_BOUND ( 'NONE', #1174, .T. ) ;
#283 = CARTESIAN_POINT ( 'NONE',  ( 6.250000000000000888, -0.8749999999999998890, -0.7999999999999977129 ) ) ;
#284 = ADVANCED_FACE ( 'NONE', ( #2903 ), #484, .F. ) ;
#285 = VERTEX_POINT ( 'NONE', #264 ) ;
#286 = AXIS2_PLACEMENT_3D ( 'NONE', #211, #507, #2224 ) ;
#287 = FACE_OUTER_BOUND ( 'NONE', #2546, .T. ) ;
#288 = CIRCLE ( 'NONE', #2315, 0.2000000000000005107 ) ;
#289 = FACE_OUTER_BOUND ( 'NONE', #3045, .T. ) ;
#290 = VECTOR ( 'NONE', #1988, 1000.000000000000000 ) ;
#291 = DIRECTION ( 'NONE',  ( -1.000000000000000000, 0.000000000000000000, -1.084202172485504631E-15 ) ) ;
#292 = DIRECTION ( 'NONE',  ( 0.000000000000000000, 1.000000000000000000, -0.000000000000000000 ) ) ;
#293 = VECTOR ( 'NONE', #1704, 1000.000000000000114 ) ;
#294 = DIRECTION ( 'NONE',  ( -0.05233595624294039989, 0.000000000000000000, 0.9986295347545741663 ) ) ;
#295 = EDGE_CURVE ( 'NONE', #2309, #2251, #1951, .T. ) ;
#296 = ORIENTED_EDGE ( 'NONE', *, *, #1649, .F. ) ;
#297 = ORIENTED_EDGE ( 'NONE', *, *, #3207, .F. ) ;
#298 = CARTESIAN_POINT ( 'NONE',  ( 0.9646397913015118952, 0.8749999999999998890, 8.300000000000002487 ) ) ;
#299 = VERTEX_POINT ( 'NONE', #1500 ) ;
#300 = EDGE_CURVE ( 'NONE', #1201, #936, #1618, .T. ) ;
#301 = CARTESIAN_POINT ( 'NONE',  ( 1.990000000000001323, 1.024999999999999911, 4.950000000000001066 ) ) ;
#302 = VERTEX_POINT ( 'NONE', #5 ) ;
#303 = DIRECTION ( 'NONE',  ( 0.000000000000000000, 1.000000000000000000, 0.000000000000000000 ) ) ;
#304 = ORIENTED_EDGE ( 'NONE', *, *, #2641, .T. ) ;
#305 = PLANE ( 'NONE',  #2337 ) ;
#306 = CARTESIAN_POINT ( 'NONE',  ( 5.150000000000002132, -1.024999999999999911, 0.2000000000000022593 ) ) ;
#307 = VERTEX_POINT ( 'NONE', #256 ) ;
#308 = DIRECTION ( 'NONE',  ( 0.000000000000000000, -1.000000000000000000, 0.000000000000000000 ) ) ;
#309 = VERTEX_POINT ( 'NONE', #1742 ) ;
#310 = ORIENTED_EDGE ( 'NONE', *, *, #88, .T. ) ;
#311 = CARTESIAN_POINT ( 'NONE',  ( 5.850000000000002309, -0.8749999999999998890, -0.7999999999999977129 ) ) ;
#312 =( NAMED_UNIT ( * ) SI_UNIT ( $, .STERADIAN. ) SOLID_ANGLE_UNIT ( ) );
#313 = CARTESIAN_POINT ( 'NONE',  ( 2.950000000000001066, -0.8749999999999998890, 0.2000000000000022593 ) ) ;
#314 = EDGE_CURVE ( 'NONE', #2894, #735, #2266, .T. ) ;
#315 = CIRCLE ( 'NONE', #1565, 0.1500000000000008271 ) ;
#316 = CARTESIAN_POINT ( 'NONE',  ( 1.850000000000001865, -0.8749999999999998890, -0.7999999999999977129 ) ) ;
#317 = ORIENTED_EDGE ( 'NONE', *, *, #869, .T. ) ;
#318 = FACE_OUTER_BOUND ( 'NONE', #972, .T. ) ;
#319 = VECTOR ( 'NONE', #1107, 1000.000000000000000 ) ;
#320 = LINE ( 'NONE', #1045, #1679 ) ;
#321 = ORIENTED_EDGE ( 'NONE', *, *, #1768, .T. ) ;
#322 = CARTESIAN_POINT ( 'NONE',  ( 0.9646397913015118952, 1.024999999999999911, 8.300000000000002487 ) ) ;
#323 = PRODUCT_CONTEXT ( 'NONE', #2532, 'mechanical' ) ;
#324 = EDGE_CURVE ( 'NONE', #1430, #1997, #1385, .T. ) ;
#325 = DIRECTION ( 'NONE',  ( 0.000000000000000000, -1.000000000000000000, 0.000000000000000000 ) ) ;
#326 = FACE_BOUND ( 'NONE', #460, .T. ) ;
#327 = DIRECTION ( 'NONE',  ( 0.000000000000000000, 0.000000000000000000, -1.000000000000000000 ) ) ;
#328 = DIRECTION ( 'NONE',  ( -0.05233595624294064275, -0.000000000000000000, -0.9986295347545740553 ) ) ;
#329 = LINE ( 'NONE', #2702, #2300 ) ;
#330 = CARTESIAN_POINT ( 'NONE',  ( 1.450000000000000844, -0.8749999999999998890, -0.2999999999999981570 ) ) ;
#331 = FACE_OUTER_BOUND ( 'NONE', #933, .T. ) ;
#332 = LINE ( 'NONE', #1415, #2107 ) ;
#333 = ORIENTED_EDGE ( 'NONE', *, *, #3076, .T. ) ;
#334 = EDGE_CURVE ( 'NONE', #2244, #1896, #2104, .T. ) ;
#335 = ORIENTED_EDGE ( 'NONE', *, *, #2014, .T. ) ;
#336 = PLANE ( 'NONE',  #2783 ) ;
#337 = ORIENTED_EDGE ( 'NONE', *, *, #1390, .F. ) ;
#338 = ORIENTED_EDGE ( 'NONE', *, *, #2197, .F. ) ;
#339 = EDGE_CURVE ( 'NONE', #559, #1441, #1119, .T. ) ;
#340 = EDGE_LOOP ( 'NONE', ( #2803, #2888, #2506, #1917 ) ) ;
#341 = EDGE_CURVE ( 'NONE', #829, #176, #54, .T. ) ;
#342 = ORIENTED_EDGE ( 'NONE', *, *, #339, .F. ) ;
#343 = DIRECTION ( 'NONE',  ( 1.445602896647339508E-15, 0.000000000000000000, 1.000000000000000000 ) ) ;
#344 = CARTESIAN_POINT ( 'NONE',  ( -0.3499999999999987566, -1.024999999999999911, 0.2000000000000022593 ) ) ;
#345 = ORIENTED_EDGE ( 'NONE', *, *, #2687, .T. ) ;
#346 = AXIS2_PLACEMENT_3D ( 'NONE', #2542, #1805, #80 ) ;
#347 = CARTESIAN_POINT ( 'NONE',  ( 2.015360208698490752, 0.8749999999999998890, 8.300000000000002487 ) ) ;
#348 = DIRECTION ( 'NONE',  ( -1.000000000000000000, -0.000000000000000000, -0.000000000000000000 ) ) ;
#349 = CARTESIAN_POINT ( 'NONE',  ( 9.099999999999999645, 1.024999999999999911, 13.50000000000000355 ) ) ;
#350 = DIRECTION ( 'NONE',  ( 0.000000000000000000, 0.000000000000000000, -1.000000000000000000 ) ) ;
#351 = ORIENTED_EDGE ( 'NONE', *, *, #132, .F. ) ;
#352 = DIRECTION ( 'NONE',  ( 0.000000000000000000, -1.000000000000000000, 0.000000000000000000 ) ) ;
#353 = ORIENTED_EDGE ( 'NONE', *, *, #1208, .F. ) ;
#354 = CARTESIAN_POINT ( 'NONE',  ( 1.690000000000000613, 0.8749999999999998890, 5.350000000000001421 ) ) ;
#355 = FACE_OUTER_BOUND ( 'NONE', #2360, .T. ) ;
#356 = FACE_OUTER_BOUND ( 'NONE', #2737, .T. ) ;
#357 = ORIENTED_EDGE ( 'NONE', *, *, #445, .F. ) ;
#358 = LINE ( 'NONE', #3125, #1181 ) ;
#359 = ORIENTED_EDGE ( 'NONE', *, *, #445, .T. ) ;
#360 = DIRECTION ( 'NONE',  ( -1.000000000000000000, 0.000000000000000000, -0.000000000000000000 ) ) ;
#361 = LINE ( 'NONE', #1788, #125 ) ;
#362 = EDGE_CURVE ( 'NONE', #2920, #77, #1836, .T. ) ;
#363 = DIRECTION ( 'NONE',  ( 0.9986295347545741663, 0.000000000000000000, -0.05233595624294063581 ) ) ;
#364 = EDGE_LOOP ( 'NONE', ( #252, #2427, #3157, #1326 ) ) ;
#365 = LINE ( 'NONE', #3127, #2564 ) ;
#366 = CIRCLE ( 'NONE', #368, 0.2000000000000005107 ) ;
#367 = DIRECTION ( 'NONE',  ( 0.000000000000000000, -0.000000000000000000, -1.000000000000000000 ) ) ;
#368 = AXIS2_PLACEMENT_3D ( 'NONE', #1473, #2459, #2919 ) ;
#369 = DIRECTION ( 'NONE',  ( -0.000000000000000000, 1.000000000000000000, -0.000000000000000000 ) ) ;
#370 = VECTOR ( 'NONE', #821, 1000.000000000000000 ) ;
#371 = VECTOR ( 'NONE', #2235, 1000.000000000000000 ) ;
#372 = CARTESIAN_POINT ( 'NONE',  ( 1.990000000000001323, 0.8749999999999998890, 4.950000000000001066 ) ) ;
#373 = AXIS2_PLACEMENT_3D ( 'NONE', #1552, #1992, #2240 ) ;
#374 = ORIENTED_EDGE ( 'NONE', *, *, #956, .F. ) ;
#375 = ORIENTED_EDGE ( 'NONE', *, *, #3194, .T. ) ;
#376 = EDGE_CURVE ( 'NONE', #899, #1257, #17, .T. ) ;
#377 = DIRECTION ( 'NONE',  ( 0.000000000000000000, 0.000000000000000000, 1.000000000000000000 ) ) ;
#378 = ORIENTED_EDGE ( 'NONE', *, *, #1688, .T. ) ;
#379 = FILL_AREA_STYLE_COLOUR ( '', #1936 ) ;
#380 = ORIENTED_EDGE ( 'NONE', *, *, #1527, .F. ) ;
#381 = DIRECTION ( 'NONE',  ( 1.000000000000000000, -0.000000000000000000, -1.445602896647339706E-15 ) ) ;
#382 = EDGE_CURVE ( 'NONE', #948, #2045, #2836, .T. ) ;
#383 = ORIENTED_EDGE ( 'NONE', *, *, #295, .F. ) ;
#384 = ADVANCED_FACE ( 'NONE', ( #2180 ), #1510, .F. ) ;
#385 = ORIENTED_EDGE ( 'NONE', *, *, #324, .T. ) ;
#386 = AXIS2_PLACEMENT_3D ( 'NONE', #1670, #2717, #1236 ) ;
#387 = ORIENTED_EDGE ( 'NONE', *, *, #166, .F. ) ;
#388 = CARTESIAN_POINT ( 'NONE',  ( 2.015360208698490752, 1.024999999999999911, 8.450000000000001066 ) ) ;
#389 = PLANE ( 'NONE',  #1763 ) ;
#390 = AXIS2_PLACEMENT_3D ( 'NONE', #1146, #1400, #2582 ) ;
#391 = ORIENTED_EDGE ( 'NONE', *, *, #1479, .T. ) ;
#392 = DIRECTION ( 'NONE',  ( -1.196361017915039486E-16, -0.000000000000000000, -1.000000000000000000 ) ) ;
#393 = CARTESIAN_POINT ( 'NONE',  ( -1.499999999999998668, -0.8749999999999998890, -0.2999999999999981570 ) ) ;
#394 = VECTOR ( 'NONE', #428, 1000.000000000000000 ) ;
#395 = ORIENTED_EDGE ( 'NONE', *, *, #3183, .T. ) ;
#396 = DIRECTION ( 'NONE',  ( 0.000000000000000000, -1.000000000000000000, 0.000000000000000000 ) ) ;
#397 = VECTOR ( 'NONE', #1933, 1000.000000000000000 ) ;
#398 = LINE ( 'NONE', #1343, #799 ) ;
#399 = CARTESIAN_POINT ( 'NONE',  ( 1.850000000000001865, -0.8749999999999998890, -0.7999999999999977129 ) ) ;
#400 = DIRECTION ( 'NONE',  ( -0.000000000000000000, 0.000000000000000000, 1.000000000000000000 ) ) ;
#401 = CARTESIAN_POINT ( 'NONE',  ( -0.8999999999999989120, 1.024999999999999911, -0.2999999999999981570 ) ) ;
#402 = VECTOR ( 'NONE', #442, 1000.000000000000000 ) ;
#403 = VERTEX_POINT ( 'NONE', #37 ) ;
#404 = ADVANCED_FACE ( 'NONE', ( #2639 ), #2704, .T. ) ;
#405 = EDGE_CURVE ( 'NONE', #1598, #1887, #454, .T. ) ;
#406 = CARTESIAN_POINT ( 'NONE',  ( 0.7500000000000015543, -1.024999999999999911, -0.2999999999999981570 ) ) ;
#407 = VECTOR ( 'NONE', #224, 1000.000000000000114 ) ;
#408 = CARTESIAN_POINT ( 'NONE',  ( 3.650000000000001243, 1.024999999999999911, -0.2999999999999981570 ) ) ;
#409 = EDGE_CURVE ( 'NONE', #2073, #735, #884, .T. ) ;
#410 = CARTESIAN_POINT ( 'NONE',  ( 0.7500000000000015543, -0.8749999999999998890, -0.7999999999999977129 ) ) ;
#411 = LINE ( 'NONE', #2071, #2679 ) ;
#412 = LINE ( 'NONE', #709, #2219 ) ;
#413 = DIRECTION ( 'NONE',  ( -1.000000000000000000, 0.000000000000000000, 0.000000000000000000 ) ) ;
#414 = VECTOR ( 'NONE', #1929, 1000.000000000000000 ) ;
#415 = AXIS2_PLACEMENT_3D ( 'NONE', #1033, #786, #1744 ) ;
#416 = ORIENTED_EDGE ( 'NONE', *, *, #2999, .F. ) ;
#417 = EDGE_LOOP ( 'NONE', ( #2740, #2225, #2474, #1011, #3075, #3011, #257, #2233, #193, #2503, #1665, #2882, #1366, #576 ) ) ;
#418 = CARTESIAN_POINT ( 'NONE',  ( 6.950000000000001066, -0.8749999999999998890, -0.7999999999999977129 ) ) ;
#419 = CARTESIAN_POINT ( 'NONE',  ( 8.050000000000000711, -1.024999999999999911, -0.7999999999999977129 ) ) ;
#420 = STYLED_ITEM ( 'NONE', ( #1944 ), #1129 ) ;
#421 = ORIENTED_EDGE ( 'NONE', *, *, #207, .F. ) ;
#422 = ORIENTED_EDGE ( 'NONE', *, *, #2999, .T. ) ;
#423 = DIRECTION ( 'NONE',  ( -0.000000000000000000, -0.000000000000000000, 1.000000000000000000 ) ) ;
#424 = VERTEX_POINT ( 'NONE', #1778 ) ;
#425 = EDGE_CURVE ( 'NONE', #1449, #868, #689, .T. ) ;
#426 = CARTESIAN_POINT ( 'NONE',  ( 4.750000000000001776, -0.8749999999999998890, 0.2000000000000022593 ) ) ;
#427 = ORIENTED_EDGE ( 'NONE', *, *, #827, .F. ) ;
#428 = DIRECTION ( 'NONE',  ( 0.000000000000000000, 1.000000000000000000, 0.000000000000000000 ) ) ;
#429 = EDGE_CURVE ( 'NONE', #1896, #2336, #208, .T. ) ;
#430 = CARTESIAN_POINT ( 'NONE',  ( 13.48000000000000043, -0.8749999999999998890, -0.2999999999999981570 ) ) ;
#431 = ORIENTED_EDGE ( 'NONE', *, *, #811, .F. ) ;
#432 = DIRECTION ( 'NONE',  ( 0.000000000000000000, -1.000000000000000000, 0.000000000000000000 ) ) ;
#433 = EDGE_LOOP ( 'NONE', ( #698, #1024, #944, #792 ) ) ;
#434 = CARTESIAN_POINT ( 'NONE',  ( 1.114924035798692703, 1.024999999999999911, 8.308860014671328287 ) ) ;
#435 = ORIENTED_EDGE ( 'NONE', *, *, #1468, .F. ) ;
#436 = VECTOR ( 'NONE', #1098, 1000.000000000000000 ) ;
#437 = SURFACE_STYLE_USAGE ( .BOTH. , #922 ) ;
#438 = CIRCLE ( 'NONE', #3032, 0.1999999999999999833 ) ;
#439 = VERTEX_POINT ( 'NONE', #70 ) ;
#440 = CARTESIAN_POINT ( 'NONE',  ( 7.982550254794047007, 0.8749999999999998890, 5.092149606563560305 ) ) ;
#441 = CARTESIAN_POINT ( 'NONE',  ( -0.05999999999999929001, -0.02500000000000006384, 0.4500000000000007327 ) ) ;
#442 = DIRECTION ( 'NONE',  ( 0.000000000000000000, 1.000000000000000000, 0.000000000000000000 ) ) ;
#443 = LINE ( 'NONE', #408, #402 ) ;
#444 = EDGE_LOOP ( 'NONE', ( #34, #3151, #2632, #1008 ) ) ;
#445 = EDGE_CURVE ( 'NONE', #662, #812, #2033, .T. ) ;
#446 = VECTOR ( 'NONE', #1707, 1000.000000000000000 ) ;
#447 = VERTEX_POINT ( 'NONE', #2988 ) ;
#448 = CARTESIAN_POINT ( 'NONE',  ( 8.050000000000000711, -0.8749999999999998890, -0.2999999999999981570 ) ) ;
#449 = LINE ( 'NONE', #1229, #3095 ) ;
#450 = EDGE_CURVE ( 'NONE', #3037, #1659, #808, .T. ) ;
#451 = LINE ( 'NONE', #629, #15 ) ;
#452 = DIRECTION ( 'NONE',  ( 0.000000000000000000, -1.000000000000000000, 0.000000000000000000 ) ) ;
#453 = CARTESIAN_POINT ( 'NONE',  ( 8.050000000000000711, -0.8749999999999998890, -0.7999999999999977129 ) ) ;
#454 = LINE ( 'NONE', #3001, #2536 ) ;
#455 = AXIS2_PLACEMENT_3D ( 'NONE', #354, #1093, #1591 ) ;
#456 = CARTESIAN_POINT ( 'NONE',  ( 6.490000000000000213, -0.8749999999999998890, 6.950000000000000178 ) ) ;
#457 = VECTOR ( 'NONE', #1375, 1000.000000000000000 ) ;
#458 = DIRECTION ( 'NONE',  ( -1.000000000000000000, 0.000000000000000000, 0.000000000000000000 ) ) ;
#459 = VERTEX_POINT ( 'NONE', #1279 ) ;
#460 = EDGE_LOOP ( 'NONE', ( #620, #2313, #1611, #317, #2807, #1603, #512, #2847, #1743, #733, #2017, #498, #1783, #852 ) ) ;
#461 = ORIENTED_EDGE ( 'NONE', *, *, #1848, .T. ) ;
#462 = CARTESIAN_POINT ( 'NONE',  ( 0.9900000000000004352, 1.024999999999999911, 4.950000000000001066 ) ) ;
#463 = DIRECTION ( 'NONE',  ( -0.000000000000000000, 1.000000000000000000, -0.000000000000000000 ) ) ;
#464 = DIRECTION ( 'NONE',  ( -1.000000000000000000, -0.000000000000000000, -0.000000000000000000 ) ) ;
#465 = ORIENTED_EDGE ( 'NONE', *, *, #314, .F. ) ;
#466 = CARTESIAN_POINT ( 'NONE',  ( 4.050000000000001599, -0.8749999999999998890, -0.7999999999999977129 ) ) ;
#467 = ORIENTED_EDGE ( 'NONE', *, *, #2719, .F. ) ;
#468 = EDGE_CURVE ( 'NONE', #2081, #1741, #2680, .T. ) ;
#469 = ORIENTED_EDGE ( 'NONE', *, *, #1581, .F. ) ;
#470 = CARTESIAN_POINT ( 'NONE',  ( 6.950000000000000178, 1.024999999999999911, -0.2999999999999981570 ) ) ;
#471 = ADVANCED_FACE ( 'NONE', ( #2726 ), #2749, .T. ) ;
#472 = ORIENTED_EDGE ( 'NONE', *, *, #1890, .F. ) ;
#473 = DIRECTION ( 'NONE',  ( 0.000000000000000000, 0.000000000000000000, -1.000000000000000000 ) ) ;
#474 = EDGE_CURVE ( 'NONE', #108, #11, #135, .T. ) ;
#475 = ORIENTED_EDGE ( 'NONE', *, *, #2779, .F. ) ;
#476 = DIRECTION ( 'NONE',  ( 0.000000000000000000, -0.000000000000000000, -1.000000000000000000 ) ) ;
#477 = CARTESIAN_POINT ( 'NONE',  ( 8.114924035798692259, 0.8749999999999998890, 8.308860014671328287 ) ) ;
#478 = LINE ( 'NONE', #258, #518 ) ;
#479 = ORIENTED_EDGE ( 'NONE', *, *, #590, .F. ) ;
#480 = CARTESIAN_POINT ( 'NONE',  ( 3.650000000000001243, -1.024999999999999911, -0.7999999999999977129 ) ) ;
#481 = VECTOR ( 'NONE', #2916, 1000.000000000000000 ) ;
#482 = VECTOR ( 'NONE', #798, 1000.000000000000000 ) ;
#483 = ORIENTED_EDGE ( 'NONE', *, *, #1447, .T. ) ;
#484 = PLANE ( 'NONE',  #1619 ) ;
#485 = LINE ( 'NONE', #1435, #561 ) ;
#486 = CARTESIAN_POINT ( 'NONE',  ( -0.8999999999999989120, -1.024999999999999911, -0.2999999999999981570 ) ) ;
#487 = ORIENTED_EDGE ( 'NONE', *, *, #827, .T. ) ;
#488 = FACE_BOUND ( 'NONE', #2530, .T. ) ;
#489 = ADVANCED_FACE ( 'NONE', ( #531 ), #2566, .F. ) ;
#490 = EDGE_CURVE ( 'NONE', #108, #2731, #1307, .T. ) ;
#491 = VECTOR ( 'NONE', #3022, 1000.000000000000000 ) ;
#492 = VECTOR ( 'NONE', #3140, 1000.000000000000000 ) ;
#493 = EDGE_CURVE ( 'NONE', #183, #2073, #1801, .T. ) ;
#494 = VECTOR ( 'NONE', #233, 1000.000000000000000 ) ;
#495 = CARTESIAN_POINT ( 'NONE',  ( 1.850000000000001865, -1.024999999999999911, -0.7999999999999977129 ) ) ;
#496 =( LENGTH_UNIT ( ) NAMED_UNIT ( * ) SI_UNIT ( .MILLI., .METRE. ) );
#497 = DIRECTION ( 'NONE',  ( 0.000000000000000000, 0.000000000000000000, -1.000000000000000000 ) ) ;
#498 = ORIENTED_EDGE ( 'NONE', *, *, #2799, .T. ) ;
#499 = ORIENTED_EDGE ( 'NONE', *, *, #930, .F. ) ;
#500 = CARTESIAN_POINT ( 'NONE',  ( 8.997449745205955196, 1.024999999999999911, 5.092149606563560305 ) ) ;
#501 = ORIENTED_EDGE ( 'NONE', *, *, #2517, .F. ) ;
#502 = ORIENTED_EDGE ( 'NONE', *, *, #2794, .T. ) ;
#503 = DIRECTION ( 'NONE',  ( -0.000000000000000000, 0.000000000000000000, 1.000000000000000000 ) ) ;
#504 = AXIS2_PLACEMENT_3D ( 'NONE', #511, #2228, #762 ) ;
#505 = ORIENTED_EDGE ( 'NONE', *, *, #1196, .F. ) ;
#506 = ADVANCED_FACE ( 'NONE', ( #3066 ), #2531, .F. ) ;
#507 = DIRECTION ( 'NONE',  ( 1.000000000000000000, 0.000000000000000000, 0.000000000000000000 ) ) ;
#508 = ORIENTED_EDGE ( 'NONE', *, *, #1175, .F. ) ;
#509 = EDGE_CURVE ( 'NONE', #2987, #1102, #1224, .T. ) ;
#510 = CARTESIAN_POINT ( 'NONE',  ( 1.450000000000001732, -1.024999999999999911, 0.2000000000000022593 ) ) ;
#511 = CARTESIAN_POINT ( 'NONE',  ( 5.850000000000002309, -0.8749999999999998890, 0.2000000000000022593 ) ) ;
#512 = ORIENTED_EDGE ( 'NONE', *, *, #300, .T. ) ;
#513 = EDGE_CURVE ( 'NONE', #1465, #2186, #1877, .T. ) ;
#514 = DIRECTION ( 'NONE',  ( -0.000000000000000000, 1.000000000000000000, -0.000000000000000000 ) ) ;
#515 = CARTESIAN_POINT ( 'NONE',  ( 1.847655314992769027, 1.024999999999999911, 4.950000000000001066 ) ) ;
#516 = EDGE_CURVE ( 'NONE', #302, #1818, #1765, .T. ) ;
#517 = LINE ( 'NONE', #270, #866 ) ;
#518 = VECTOR ( 'NONE', #737, 1000.000000000000000 ) ;
#519 = CARTESIAN_POINT ( 'NONE',  ( 8.290000000000002700, 0.8749999999999998890, 5.350000000000001421 ) ) ;
#520 = CARTESIAN_POINT ( 'NONE',  ( 9.150000000000002132, -0.8749999999999998890, 0.2000000000000022593 ) ) ;
#521 = ADVANCED_FACE ( 'NONE', ( #2344 ), #2572, .T. ) ;
#522 = AXIS2_PLACEMENT_3D ( 'NONE', #2112, #897, #2380 ) ;
#523 = FACE_OUTER_BOUND ( 'NONE', #2148, .T. ) ;
#524 = FACE_OUTER_BOUND ( 'NONE', #2086, .T. ) ;
#525 = ORIENTED_EDGE ( 'NONE', *, *, #2541, .F. ) ;
#526 = DIRECTION ( 'NONE',  ( 0.000000000000000000, -1.000000000000000000, 0.000000000000000000 ) ) ;
#527 = LINE ( 'NONE', #697, #1796 ) ;
#528 = CYLINDRICAL_SURFACE ( 'NONE', #1311, 0.1500000000000008271 ) ;
#529 = CARTESIAN_POINT ( 'NONE',  ( 7.964639791301513227, 1.024999999999999911, 8.450000000000001066 ) ) ;
#530 = EDGE_CURVE ( 'NONE', #3159, #773, #1350, .T. ) ;
#531 = FACE_OUTER_BOUND ( 'NONE', #1087, .T. ) ;
#532 = ADVANCED_FACE ( 'NONE', ( #2464 ), #2555, .T. ) ;
#533 = EDGE_CURVE ( 'NONE', #812, #1781, #2498, .T. ) ;
#534 = ORIENTED_EDGE ( 'NONE', *, *, #1512, .T. ) ;
#535 = ORIENTED_EDGE ( 'NONE', *, *, #1911, .T. ) ;
#536 = DIRECTION ( 'NONE',  ( -1.000000000000000000, 0.000000000000000000, 0.000000000000000000 ) ) ;
#537 = AXIS2_PLACEMENT_3D ( 'NONE', #426, #156, #1155 ) ;
#538 = CARTESIAN_POINT ( 'NONE',  ( -0.8999999999999971356, -0.02500000000000006384, 14.20000000000000284 ) ) ;
#539 = CARTESIAN_POINT ( 'NONE',  ( 9.015360208698490752, 0.8749999999999998890, 8.450000000000001066 ) ) ;
#540 = ORIENTED_EDGE ( 'NONE', *, *, #3119, .T. ) ;
#541 = VERTEX_POINT ( 'NONE', #1602 ) ;
#542 = DIRECTION ( 'NONE',  ( 0.000000000000000000, -0.000000000000000000, -1.000000000000000000 ) ) ;
#543 = ORIENTED_EDGE ( 'NONE', *, *, #2305, .T. ) ;
#544 = DIRECTION ( 'NONE',  ( 0.000000000000000000, -1.000000000000000000, 0.000000000000000000 ) ) ;
#545 = DIRECTION ( 'NONE',  ( -1.000000000000000000, -0.000000000000000000, -0.000000000000000000 ) ) ;
#546 = EDGE_CURVE ( 'NONE', #829, #1657, #2072, .T. ) ;
#547 = ORIENTED_EDGE ( 'NONE', *, *, #2687, .F. ) ;
#548 = CARTESIAN_POINT ( 'NONE',  ( 9.099999999999999645, -1.024999999999999911, 13.50000000000000355 ) ) ;
#549 = DIRECTION ( 'NONE',  ( -0.000000000000000000, -0.000000000000000000, 1.000000000000000000 ) ) ;
#550 = PLANE ( 'NONE',  #2862 ) ;
#551 = ORIENTED_EDGE ( 'NONE', *, *, #1579, .F. ) ;
#552 = CARTESIAN_POINT ( 'NONE',  ( 2.950000000000001066, -1.024999999999999911, -0.7999999999999977129 ) ) ;
#553 = VECTOR ( 'NONE', #128, 1000.000000000000000 ) ;
#554 = LINE ( 'NONE', #1376, #2662 ) ;
#555 = VERTEX_POINT ( 'NONE', #111 ) ;
#556 = DIRECTION ( 'NONE',  ( 0.000000000000000000, 0.000000000000000000, -1.000000000000000000 ) ) ;
#557 = LINE ( 'NONE', #2035, #1483 ) ;
#558 = VECTOR ( 'NONE', #1461, 1000.000000000000000 ) ;
#559 = VERTEX_POINT ( 'NONE', #78 ) ;
#560 = DIRECTION ( 'NONE',  ( -0.000000000000000000, -1.000000000000000000, 0.000000000000000000 ) ) ;
#561 = VECTOR ( 'NONE', #2876, 1000.000000000000000 ) ;
#562 = ORIENTED_EDGE ( 'NONE', *, *, #578, .F. ) ;
#563 = DIRECTION ( 'NONE',  ( 0.000000000000000000, -1.000000000000000000, 0.000000000000000000 ) ) ;
#564 = LINE ( 'NONE', #410, #2340 ) ;
#565 = VECTOR ( 'NONE', #1811, 1000.000000000000000 ) ;
#566 = VECTOR ( 'NONE', #1103, 1000.000000000000000 ) ;
#567 = DIRECTION ( 'NONE',  ( 0.000000000000000000, 1.000000000000000000, 0.000000000000000000 ) ) ;
#568 = DIRECTION ( 'NONE',  ( 0.000000000000000000, 0.000000000000000000, 1.000000000000000000 ) ) ;
#569 = DIRECTION ( 'NONE',  ( 1.000000000000000000, -0.000000000000000000, -7.228014483236698528E-16 ) ) ;
#570 = VECTOR ( 'NONE', #1007, 1000.000000000000000 ) ;
#571 = CARTESIAN_POINT ( 'NONE',  ( 3.650000000000001243, -0.8749999999999998890, 0.2000000000000022593 ) ) ;
#572 = EDGE_CURVE ( 'NONE', #104, #2116, #848, .T. ) ;
#573 = EDGE_LOOP ( 'NONE', ( #1243, #2752, #1987, #1945 ) ) ;
#574 = EDGE_LOOP ( 'NONE', ( #2501, #1355, #1960, #421 ) ) ;
#575 = CARTESIAN_POINT ( 'NONE',  ( 9.173427227490634550, 0.8749999999999998890, 8.450000000000001066 ) ) ;
#576 = ORIENTED_EDGE ( 'NONE', *, *, #2835, .T. ) ;
#577 = ORIENTED_EDGE ( 'NONE', *, *, #1994, .T. ) ;
#578 = EDGE_CURVE ( 'NONE', #2114, #2716, #2301, .T. ) ;
#579 = DIRECTION ( 'NONE',  ( -1.084202172485504631E-15, 0.000000000000000000, -1.000000000000000000 ) ) ;
#580 = PLANE ( 'NONE',  #238 ) ;
#581 = CARTESIAN_POINT ( 'NONE',  ( 8.050000000000000711, -0.8749999999999998890, 0.2000000000000022593 ) ) ;
#582 = ADVANCED_FACE ( 'NONE', ( #844 ), #1833, .F. ) ;
#583 = CARTESIAN_POINT ( 'NONE',  ( 0.9646397913015118952, 1.024999999999999911, 8.450000000000001066 ) ) ;
#584 = ORIENTED_EDGE ( 'NONE', *, *, #909, .F. ) ;
#585 = PRODUCT_DEFINITION ( 'Î´Öª', '', #1840, #776 ) ;
#586 = ORIENTED_EDGE ( 'NONE', *, *, #2046, .T. ) ;
#587 = CARTESIAN_POINT ( 'NONE',  ( 2.950000000000001066, -0.8749999999999998890, 0.2000000000000022593 ) ) ;
#588 = DIRECTION ( 'NONE',  ( 0.000000000000000000, -1.000000000000000000, 0.000000000000000000 ) ) ;
#589 = DIRECTION ( 'NONE',  ( -1.000000000000000000, 0.000000000000000000, 0.000000000000000000 ) ) ;
#590 = EDGE_CURVE ( 'NONE', #2473, #1444, #1583, .T. ) ;
#591 = CARTESIAN_POINT ( 'NONE',  ( 1.450000000000001732, 1.024999999999999911, -0.2999999999999981570 ) ) ;
#592 = ORIENTED_EDGE ( 'NONE', *, *, #530, .F. ) ;
#593 = PLANE ( 'NONE',  #2746 ) ;
#594 = LINE ( 'NONE', #887, #3129 ) ;
#595 = LINE ( 'NONE', #3027, #81 ) ;
#596 = EDGE_CURVE ( 'NONE', #701, #3057, #2423, .T. ) ;
#597 = VECTOR ( 'NONE', #1162, 1000.000000000000000 ) ;
#598 = ADVANCED_FACE ( 'NONE', ( #2342 ), #3077, .F. ) ;
#599 = ORIENTED_EDGE ( 'NONE', *, *, #1302, .F. ) ;
#600 = DIRECTION ( 'NONE',  ( 1.196361017915039732E-16, -0.000000000000000000, 1.000000000000000000 ) ) ;
#601 = DIRECTION ( 'NONE',  ( 1.000000000000000000, 0.000000000000000000, 0.000000000000000000 ) ) ;
#602 = LINE ( 'NONE', #2275, #721 ) ;
#603 = ORIENTED_EDGE ( 'NONE', *, *, #1056, .T. ) ;
#604 = DIRECTION ( 'NONE',  ( 0.000000000000000000, 1.000000000000000000, 0.000000000000000000 ) ) ;
#605 = DIRECTION ( 'NONE',  ( 0.000000000000000000, 1.000000000000000000, 0.000000000000000000 ) ) ;
#606 = FACE_OUTER_BOUND ( 'NONE', #24, .T. ) ;
#607 = VECTOR ( 'NONE', #931, 1000.000000000000000 ) ;
#608 = CARTESIAN_POINT ( 'NONE',  ( 8.450000000000002842, -0.8749999999999998890, -0.7999999999999977129 ) ) ;
#609 = VECTOR ( 'NONE', #2247, 1000.000000000000000 ) ;
#610 = EDGE_CURVE ( 'NONE', #1896, #868, #1455, .T. ) ;
#611 = DIRECTION ( 'NONE',  ( 0.000000000000000000, 0.000000000000000000, 1.000000000000000000 ) ) ;
#612 = PLANE ( 'NONE',  #2655 ) ;
#613 = ORIENTED_EDGE ( 'NONE', *, *, #273, .T. ) ;
#614 = EDGE_LOOP ( 'NONE', ( #1923, #1809, #3000, #2923 ) ) ;
#615 = CARTESIAN_POINT ( 'NONE',  ( 9.099999999999999645, -1.024999999999999911, 13.50000000000000355 ) ) ;
#616 = EDGE_CURVE ( 'NONE', #1887, #2154, #2497, .T. ) ;
#617 = ORIENTED_EDGE ( 'NONE', *, *, #182, .F. ) ;
#618 = DIRECTION ( 'NONE',  ( 0.000000000000000000, 0.000000000000000000, -1.000000000000000000 ) ) ;
#619 = VERTEX_POINT ( 'NONE', #2547 ) ;
#620 = ORIENTED_EDGE ( 'NONE', *, *, #2554, .T. ) ;
#621 = DIRECTION ( 'NONE',  ( -1.000000000000000000, -0.000000000000000000, -0.000000000000000000 ) ) ;
#622 = ORIENTED_EDGE ( 'NONE', *, *, #1305, .F. ) ;
#623 = AXIS2_PLACEMENT_3D ( 'NONE', #150, #400, #2391 ) ;
#624 = DIRECTION ( 'NONE',  ( 0.000000000000000000, -0.000000000000000000, 1.000000000000000000 ) ) ;
#625 = DIRECTION ( 'NONE',  ( 0.000000000000000000, 0.000000000000000000, 1.000000000000000000 ) ) ;
#626 = ORIENTED_EDGE ( 'NONE', *, *, #450, .F. ) ;
#627 = DIRECTION ( 'NONE',  ( -0.000000000000000000, -0.000000000000000000, 1.000000000000000000 ) ) ;
#628 = ORIENTED_EDGE ( 'NONE', *, *, #2719, .T. ) ;
#629 = CARTESIAN_POINT ( 'NONE',  ( 9.014814069371716698, 1.024999999999999911, 8.450000000000001066 ) ) ;
#630 = VECTOR ( 'NONE', #3079, 1000.000000000000000 ) ;
#631 = CARTESIAN_POINT ( 'NONE',  ( 1.114924035798692703, 1.024999999999999911, 8.308860014671328287 ) ) ;
#632 = VECTOR ( 'NONE', #3115, 1000.000000000000000 ) ;
#633 = CARTESIAN_POINT ( 'NONE',  ( -0.05999999999999929001, -0.02500000000000006384, 15.65000000000000391 ) ) ;
#634 = VERTEX_POINT ( 'NONE', #2302 ) ;
#635 = EDGE_CURVE ( 'NONE', #1494, #3173, #1260, .T. ) ;
#636 = FACE_OUTER_BOUND ( 'NONE', #1546, .T. ) ;
#637 = VECTOR ( 'NONE', #2304, 1000.000000000000000 ) ;
#638 = ORIENTED_EDGE ( 'NONE', *, *, #685, .F. ) ;
#639 = CARTESIAN_POINT ( 'NONE',  ( 13.88000000000000078, 1.024999999999999911, 0.9000000000000014655 ) ) ;
#640 = FACE_OUTER_BOUND ( 'NONE', #2160, .T. ) ;
#641 = EDGE_CURVE ( 'NONE', #1465, #1598, #1832, .T. ) ;
#642 = DIRECTION ( 'NONE',  ( 1.000000000000000000, 0.000000000000000000, -0.000000000000000000 ) ) ;
#643 = ORIENTED_EDGE ( 'NONE', *, *, #635, .T. ) ;
#644 = FACE_OUTER_BOUND ( 'NONE', #1185, .T. ) ;
#645 = CARTESIAN_POINT ( 'NONE',  ( 0.3500000000000013656, -0.8749999999999998890, -0.2999999999999981570 ) ) ;
#646 = VECTOR ( 'NONE', #1071, 1000.000000000000000 ) ;
#647 = VECTOR ( 'NONE', #1318, 1000.000000000000000 ) ;
#648 = UNCERTAINTY_MEASURE_WITH_UNIT (LENGTH_MEASURE( 1.000000000000000082E-05 ), #2404, 'distance_accuracy_value', 'NONE');
#649 = DIRECTION ( 'NONE',  ( 0.000000000000000000, -1.000000000000000000, 0.000000000000000000 ) ) ;
#650 = CARTESIAN_POINT ( 'NONE',  ( 1.132344685007232732, 0.8749999999999998890, 4.950000000000001066 ) ) ;
#651 = LINE ( 'NONE', #2958, #2346 ) ;
#652 = CARTESIAN_POINT ( 'NONE',  ( 11.54000000000000092, 1.024999999999987921, 14.20000000000000284 ) ) ;
#653 = ADVANCED_FACE ( 'NONE', ( #766 ), #1888, .T. ) ;
#654 = ORIENTED_EDGE ( 'NONE', *, *, #768, .F. ) ;
#655 = CARTESIAN_POINT ( 'NONE',  ( 13.88000000000000078, -0.8749999999999998890, 9.099999999999997868 ) ) ;
#656 = VERTEX_POINT ( 'NONE', #2102 ) ;
#657 = DIRECTION ( 'NONE',  ( 0.000000000000000000, 0.000000000000000000, -1.000000000000000000 ) ) ;
#658 = ORIENTED_EDGE ( 'NONE', *, *, #2739, .T. ) ;
#659 = CARTESIAN_POINT ( 'NONE',  ( 7.350000000000001421, -0.8749999999999998890, -0.7999999999999977129 ) ) ;
#660 = DIRECTION ( 'NONE',  ( -0.000000000000000000, -1.000000000000000000, -0.000000000000000000 ) ) ;
#661 = CARTESIAN_POINT ( 'NONE',  ( 5.150000000000002132, -1.024999999999999911, -0.7999999999999977129 ) ) ;
#662 = VERTEX_POINT ( 'NONE', #2869 ) ;
#663 = AXIS2_PLACEMENT_3D ( 'NONE', #372, #1120, #1624 ) ;
#664 = ORIENTED_EDGE ( 'NONE', *, *, #1971, .T. ) ;
#665 = PLANE ( 'NONE',  #2615 ) ;
#666 = PLANE ( 'NONE',  #623 ) ;
#667 = ADVANCED_FACE ( 'NONE', ( #2634 ), #2124, .T. ) ;
#668 = PRESENTATION_LAYER_ASSIGNMENT (  '', '', ( #1817 ) ) ;
#669 = ORIENTED_EDGE ( 'NONE', *, *, #1438, .F. ) ;
#670 = DIRECTION ( 'NONE',  ( -0.000000000000000000, 1.000000000000000000, -0.000000000000000000 ) ) ;
#671 = CARTESIAN_POINT ( 'NONE',  ( -0.8999999999999989120, -1.024999999999999911, -0.2999999999999981570 ) ) ;
#672 = CARTESIAN_POINT ( 'NONE',  ( 6.250000000000000888, 1.024999999999999911, -0.2999999999999981570 ) ) ;
#673 = EDGE_CURVE ( 'NONE', #2608, #3041, #172, .T. ) ;
#674 = LINE ( 'NONE', #783, #3089 ) ;
#675 = CIRCLE ( 'NONE', #373, 0.1500000000000008271 ) ;
#676 = ORIENTED_EDGE ( 'NONE', *, *, #3160, .T. ) ;
#677 = DIRECTION ( 'NONE',  ( 0.000000000000000000, 0.000000000000000000, -1.000000000000000000 ) ) ;
#678 = LINE ( 'NONE', #924, #597 ) ;
#679 = VERTEX_POINT ( 'NONE', #2850 ) ;
#680 = EDGE_CURVE ( 'NONE', #62, #1972, #2382, .T. ) ;
#681 = VECTOR ( 'NONE', #1798, 1000.000000000000000 ) ;
#682 = DIRECTION ( 'NONE',  ( -0.000000000000000000, -1.000000000000000000, 0.000000000000000000 ) ) ;
#683 = DIRECTION ( 'NONE',  ( 0.000000000000000000, 0.000000000000000000, -1.000000000000000000 ) ) ;
#684 = ORIENTED_EDGE ( 'NONE', *, *, #1806, .T. ) ;
#685 = EDGE_CURVE ( 'NONE', #424, #2350, #2101, .T. ) ;
#686 = CARTESIAN_POINT ( 'NONE',  ( 7.350000000000001421, -1.024999999999999911, -0.2999999999999981570 ) ) ;
#687 = LINE ( 'NONE', #2789, #2463 ) ;
#688 = ADVANCED_FACE ( 'NONE', ( #1990 ), #169, .T. ) ;
#689 = LINE ( 'NONE', #2978, #1459 ) ;
#690 = AXIS2_PLACEMENT_3D ( 'NONE', #2359, #1369, #2133 ) ;
#691 = ORIENTED_EDGE ( 'NONE', *, *, #3044, .F. ) ;
#692 = CARTESIAN_POINT ( 'NONE',  ( 7.350000000000001421, -0.8749999999999998890, 0.2000000000000022593 ) ) ;
#693 = PLANE ( 'NONE',  #242 ) ;
#694 = CARTESIAN_POINT ( 'NONE',  ( -0.8999999999999989120, -0.8749999999999998890, -0.2999999999999981570 ) ) ;
#695 = ORIENTED_EDGE ( 'NONE', *, *, #2810, .T. ) ;
#696 = ORIENTED_EDGE ( 'NONE', *, *, #3103, .T. ) ;
#697 = CARTESIAN_POINT ( 'NONE',  ( 3.650000000000001243, -0.8749999999999998890, -0.7999999999999977129 ) ) ;
#698 = ORIENTED_EDGE ( 'NONE', *, *, #2611, .T. ) ;
#699 = EDGE_CURVE ( 'NONE', #2244, #3113, #1153, .T. ) ;
#700 = PLANE ( 'NONE',  #1959 ) ;
#701 = VERTEX_POINT ( 'NONE', #2858 ) ;
#702 = ORIENTED_EDGE ( 'NONE', *, *, #1351, .F. ) ;
#703 = CARTESIAN_POINT ( 'NONE',  ( 1.690000000000000613, 0.8749999999999998890, 5.350000000000001421 ) ) ;
#704 = EDGE_CURVE ( 'NONE', #936, #159, #2722, .T. ) ;
#705 = CARTESIAN_POINT ( 'NONE',  ( 8.847655314992769249, 0.8749999999999998890, 4.950000000000001066 ) ) ;
#706 = EDGE_LOOP ( 'NONE', ( #1178, #2432, #2768, #1709, #110, #3206, #2989, #2771, #3190, #19, #2477, #2157, #3200, #1710, #2042, #2539, #49, #2242, #2846, #2570, #664, #1592, #1676, #1059, #1555, #1124, #2099, #1337, #2809, #1846, #2654, #2956, #1141, #3, #1203, #2415, #1127, #3104, #613, #69, #1266, #1164, #2278, #1029, #1842 ) ) ;
#707 = DIRECTION ( 'NONE',  ( 1.000000000000000000, 0.000000000000000000, 0.000000000000000000 ) ) ;
#708 = ORIENTED_EDGE ( 'NONE', *, *, #21, .F. ) ;
#709 = CARTESIAN_POINT ( 'NONE',  ( 0.9900000000000004352, 0.8749999999999998890, 4.950000000000001066 ) ) ;
#710 = ORIENTED_EDGE ( 'NONE', *, *, #3035, .T. ) ;
#711 = AXIS2_PLACEMENT_3D ( 'NONE', #879, #116, #625 ) ;
#712 = FACE_OUTER_BOUND ( 'NONE', #2435, .T. ) ;
#713 = FACE_OUTER_BOUND ( 'NONE', #2006, .T. ) ;
#714 = ORIENTED_EDGE ( 'NONE', *, *, #2585, .F. ) ;
#715 = DIRECTION ( 'NONE',  ( 1.000000000000000000, 0.000000000000000000, 0.000000000000000000 ) ) ;
#716 = LINE ( 'NONE', #2709, #910 ) ;
#717 = CIRCLE ( 'NONE', #1723, 0.1499999999999999667 ) ;
#718 = DIRECTION ( 'NONE',  ( 1.000000000000000000, 0.000000000000000000, 0.000000000000000000 ) ) ;
#719 = ADVANCED_FACE ( 'NONE', ( #3138 ), #665, .T. ) ;
#720 = EDGE_CURVE ( 'NONE', #447, #2735, #451, .T. ) ;
#721 = VECTOR ( 'NONE', #2524, 1000.000000000000000 ) ;
#722 = ORIENTED_EDGE ( 'NONE', *, *, #533, .T. ) ;
#723 = CARTESIAN_POINT ( 'NONE',  ( -0.8999999999999989120, 0.8749999999999998890, 13.50000000000000355 ) ) ;
#724 = VECTOR ( 'NONE', #1396, 1000.000000000000000 ) ;
#725 = VECTOR ( 'NONE', #1497, 1000.000000000000000 ) ;
#726 = CARTESIAN_POINT ( 'NONE',  ( 0.7500000000000015543, -0.8749999999999998890, -0.7999999999999977129 ) ) ;
#727 = LINE ( 'NONE', #98, #2943 ) ;
#728 = VECTOR ( 'NONE', #1052, 1000.000000000000000 ) ;
#729 = AXIS2_PLACEMENT_3D ( 'NONE', #199, #971, #3167 ) ;
#730 = DIRECTION ( 'NONE',  ( 1.000000000000000000, 0.000000000000000000, 0.000000000000000000 ) ) ;
#731 = VECTOR ( 'NONE', #3156, 1000.000000000000000 ) ;
#732 = VERTEX_POINT ( 'NONE', #388 ) ;
#733 = ORIENTED_EDGE ( 'NONE', *, *, #83, .T. ) ;
#734 = ADVANCED_FACE ( 'NONE', ( #2142 ), #528, .F. ) ;
#735 = VERTEX_POINT ( 'NONE', #645 ) ;
#736 = EDGE_LOOP ( 'NONE', ( #479, #3078, #638, #714 ) ) ;
#737 = DIRECTION ( 'NONE',  ( -0.000000000000000000, -0.000000000000000000, 1.000000000000000000 ) ) ;
#738 = DIRECTION ( 'NONE',  ( 0.000000000000000000, 0.000000000000000000, -1.000000000000000000 ) ) ;
#739 = CARTESIAN_POINT ( 'NONE',  ( -1.499999999999998668, -0.8749999999999998890, -0.2999999999999981570 ) ) ;
#740 = DIRECTION ( 'NONE',  ( -1.196361017915039732E-16, 0.000000000000000000, -1.000000000000000000 ) ) ;
#741 = EDGE_CURVE ( 'NONE', #3069, #1932, #1498, .T. ) ;
#742 = ORIENTED_EDGE ( 'NONE', *, *, #546, .F. ) ;
#743 = PLANE ( 'NONE',  #940 ) ;
#744 = ORIENTED_EDGE ( 'NONE', *, *, #982, .T. ) ;
#745 = CARTESIAN_POINT ( 'NONE',  ( 13.88000000000000078, -1.024999999999999911, -0.2999999999999981570 ) ) ;
#746 = DIRECTION ( 'NONE',  ( 1.000000000000000000, 0.000000000000000000, -0.000000000000000000 ) ) ;
#747 = VERTEX_POINT ( 'NONE', #194 ) ;
#748 = CARTESIAN_POINT ( 'NONE',  ( -0.8999999999999989120, -0.8749999999999998890, -0.2999999999999981570 ) ) ;
#749 = ADVANCED_FACE ( 'NONE', ( #1348 ), #1950, .F. ) ;
#750 = AXIS2_PLACEMENT_3D ( 'NONE', #2699, #1240, #2660 ) ;
#751 = ORIENTED_EDGE ( 'NONE', *, *, #1080, .T. ) ;
#752 = DIRECTION ( 'NONE',  ( 0.000000000000000000, -0.000000000000000000, -1.000000000000000000 ) ) ;
#753 = FACE_OUTER_BOUND ( 'NONE', #3166, .T. ) ;
#754 = LINE ( 'NONE', #1547, #637 ) ;
#755 = ORIENTED_EDGE ( 'NONE', *, *, #425, .F. ) ;
#756 = DIRECTION ( 'NONE',  ( 0.000000000000000000, 0.000000000000000000, -1.000000000000000000 ) ) ;
#757 = LINE ( 'NONE', #163, #3018 ) ;
#758 = DIRECTION ( 'NONE',  ( -0.000000000000000000, 1.000000000000000000, -0.000000000000000000 ) ) ;
#759 = ORIENTED_EDGE ( 'NONE', *, *, #1015, .F. ) ;
#760 = DIRECTION ( 'NONE',  ( 1.000000000000000000, 0.000000000000000000, 0.000000000000000000 ) ) ;
#761 = LINE ( 'NONE', #1109, #2895 ) ;
#762 = DIRECTION ( 'NONE',  ( 0.000000000000000000, 0.000000000000000000, -1.000000000000000000 ) ) ;
#763 = EDGE_LOOP ( 'NONE', ( #2596, #2673, #1722, #1529 ) ) ;
#764 = LINE ( 'NONE', #1082, #245 ) ;
#765 = DIRECTION ( 'NONE',  ( 1.000000000000000000, 0.000000000000000000, 0.000000000000000000 ) ) ;
#766 = FACE_OUTER_BOUND ( 'NONE', #962, .T. ) ;
#767 = ADVANCED_FACE ( 'NONE', ( #1421 ), #1186, .T. ) ;
#768 = EDGE_CURVE ( 'NONE', #1248, #854, #1762, .T. ) ;
#769 = VECTOR ( 'NONE', #103, 1000.000000000000000 ) ;
#770 = CARTESIAN_POINT ( 'NONE',  ( 8.689999999999999503, 0.8749999999999998890, 5.350000000000001421 ) ) ;
#771 = DIRECTION ( 'NONE',  ( 1.000000000000000000, 0.000000000000000000, -0.000000000000000000 ) ) ;
#772 = CARTESIAN_POINT ( 'NONE',  ( -0.8999999999999989120, -1.024999999999999911, -0.2999999999999981570 ) ) ;
#773 = VERTEX_POINT ( 'NONE', #3096 ) ;
#774 = AXIS2_PLACEMENT_3D ( 'NONE', #1440, #1202, #1939 ) ;
#775 = DIRECTION ( 'NONE',  ( 0.05906676447550236048, 0.000000000000000000, -0.9982540344693806578 ) ) ;
#776 = PRODUCT_DEFINITION_CONTEXT ( 'detailed design', #1074, 'design' ) ;
#777 = ORIENTED_EDGE ( 'NONE', *, *, #635, .F. ) ;
#778 = ORIENTED_EDGE ( 'NONE', *, *, #21, .T. ) ;
#779 = CARTESIAN_POINT ( 'NONE',  ( 4.050000000000001599, -0.8749999999999998890, 0.2000000000000022593 ) ) ;
#780 = AXIS2_PLACEMENT_3D ( 'NONE', #3003, #2036, #1561 ) ;
#781 = ORIENTED_EDGE ( 'NONE', *, *, #493, .T. ) ;
#782 = PLANE ( 'NONE',  #2032 ) ;
#783 = CARTESIAN_POINT ( 'NONE',  ( 13.68000000000000149, 1.024999999999999911, 0.9000000000000014655 ) ) ;
#784 = VERTEX_POINT ( 'NONE', #480 ) ;
#785 = EDGE_CURVE ( 'NONE', #2198, #701, #366, .T. ) ;
#786 = DIRECTION ( 'NONE',  ( 0.9982540344693807688, 0.000000000000000000, 0.05906676447550236742 ) ) ;
#787 = ADVANCED_FACE ( 'NONE', ( #1728 ), #700, .F. ) ;
#788 = ORIENTED_EDGE ( 'NONE', *, *, #1717, .F. ) ;
#789 = EDGE_CURVE ( 'NONE', #272, #2387, #1117, .T. ) ;
#790 = DIRECTION ( 'NONE',  ( -1.000000000000000000, 0.000000000000000000, -0.000000000000000000 ) ) ;
#791 = ORIENTED_EDGE ( 'NONE', *, *, #1512, .F. ) ;
#792 = ORIENTED_EDGE ( 'NONE', *, *, #2713, .T. ) ;
#793 = AXIS2_PLACEMENT_3D ( 'NONE', #2333, #862, #367 ) ;
#794 = CARTESIAN_POINT ( 'NONE',  ( -1.500000000000000444, -0.8749999999999998890, 10.70000000000000107 ) ) ;
#795 = LINE ( 'NONE', #3062, #2410 ) ;
#796 = DIRECTION ( 'NONE',  ( -0.000000000000000000, -0.000000000000000000, 1.000000000000000000 ) ) ;
#797 = ORIENTED_EDGE ( 'NONE', *, *, #2930, .F. ) ;
#798 = DIRECTION ( 'NONE',  ( 0.000000000000000000, 0.000000000000000000, -1.000000000000000000 ) ) ;
#799 = VECTOR ( 'NONE', #1835, 1000.000000000000000 ) ;
#800 = VECTOR ( 'NONE', #2549, 1000.000000000000000 ) ;
#801 = ADVANCED_FACE ( 'NONE', ( #2899 ), #3063, .F. ) ;
#802 = ORIENTED_EDGE ( 'NONE', *, *, #1237, .T. ) ;
#803 = FACE_OUTER_BOUND ( 'NONE', #1067, .T. ) ;
#804 = LINE ( 'NONE', #1973, #570 ) ;
#805 = DIRECTION ( 'NONE',  ( 0.000000000000000000, -1.000000000000000000, -0.000000000000000000 ) ) ;
#806 = LINE ( 'NONE', #2955, #1003 ) ;
#807 = EDGE_CURVE ( 'NONE', #1972, #1353, #965, .T. ) ;
#808 = CIRCLE ( 'NONE', #2818, 0.1500000000000008271 ) ;
#809 = CARTESIAN_POINT ( 'NONE',  ( 6.490000000000000213, -0.8749999999999998890, 6.950000000000000178 ) ) ;
#810 = LINE ( 'NONE', #937, #2538 ) ;
#811 = EDGE_CURVE ( 'NONE', #3057, #2580, #288, .T. ) ;
#812 = VERTEX_POINT ( 'NONE', #1677 ) ;
#813 = DIRECTION ( 'NONE',  ( 0.000000000000000000, 0.000000000000000000, -1.000000000000000000 ) ) ;
#814 = VERTEX_POINT ( 'NONE', #953 ) ;
#815 = SURFACE_STYLE_USAGE ( .BOTH. , #2021 ) ;
#816 = DIRECTION ( 'NONE',  ( -1.196361017915039732E-16, 0.000000000000000000, -1.000000000000000000 ) ) ;
#817 = ORIENTED_EDGE ( 'NONE', *, *, #2868, .F. ) ;
#818 = ORIENTED_EDGE ( 'NONE', *, *, #1708, .T. ) ;
#819 = DIRECTION ( 'NONE',  ( -1.000000000000000000, 0.000000000000000000, -0.000000000000000000 ) ) ;
#820 = ORIENTED_EDGE ( 'NONE', *, *, #102, .F. ) ;
#821 = DIRECTION ( 'NONE',  ( 0.000000000000000000, 1.000000000000000000, 0.000000000000000000 ) ) ;
#822 = ORIENTED_EDGE ( 'NONE', *, *, #405, .F. ) ;
#823 = CARTESIAN_POINT ( 'NONE',  ( 8.132344685007232954, 1.024999999999999911, 5.100000000000001421 ) ) ;
#824 = EDGE_CURVE ( 'NONE', #1389, #1275, #921, .T. ) ;
#825 = ORIENTED_EDGE ( 'NONE', *, *, #1826, .F. ) ;
#826 = CARTESIAN_POINT ( 'NONE',  ( 2.014814069371715810, 1.024999999999999911, 8.300000000000002487 ) ) ;
#827 = EDGE_CURVE ( 'NONE', #403, #309, #1536, .T. ) ;
#828 = LINE ( 'NONE', #1594, #319 ) ;
#829 = VERTEX_POINT ( 'NONE', #184 ) ;
#830 = VECTOR ( 'NONE', #1330, 1000.000000000000000 ) ;
#831 = AXIS2_PLACEMENT_3D ( 'NONE', #2763, #1794, #1558 ) ;
#832 = PLANE ( 'NONE',  #218 ) ;
#833 = CIRCLE ( 'NONE', #197, 0.1500000000000008271 ) ;
#834 = CARTESIAN_POINT ( 'NONE',  ( 2.014814069371715810, 0.8749999999999998890, 8.450000000000001066 ) ) ;
#835 = EDGE_LOOP ( 'NONE', ( #1089, #1227, #3015, #27 ) ) ;
#836 = DIRECTION ( 'NONE',  ( 0.05906676447550263803, 0.000000000000000000, 0.9982540344693806578 ) ) ;
#837 = VECTOR ( 'NONE', #2922, 1000.000000000000000 ) ;
#838 = ORIENTED_EDGE ( 'NONE', *, *, #2241, .F. ) ;
#839 =( GEOMETRIC_REPRESENTATION_CONTEXT ( 3 ) GLOBAL_UNCERTAINTY_ASSIGNED_CONTEXT ( ( #648 ) ) GLOBAL_UNIT_ASSIGNED_CONTEXT ( ( #2404, #935, #2874 ) ) REPRESENTATION_CONTEXT ( 'NONE', 'WORKASPACE' ) );
#840 = VECTOR ( 'NONE', #1770, 1000.000000000000000 ) ;
#841 = CARTESIAN_POINT ( 'NONE',  ( 1.290000000000001146, 0.8749999999999998890, 5.350000000000001421 ) ) ;
#842 = ORIENTED_EDGE ( 'NONE', *, *, #1730, .F. ) ;
#843 = LINE ( 'NONE', #2769, #1078 ) ;
#844 = FACE_OUTER_BOUND ( 'NONE', #1012, .T. ) ;
#845 = EDGE_CURVE ( 'NONE', #3008, #86, #2261, .T. ) ;
#846 = CARTESIAN_POINT ( 'NONE',  ( 8.997449745205955196, 0.8749999999999998890, 5.092149606563560305 ) ) ;
#847 = CARTESIAN_POINT ( 'NONE',  ( 8.450000000000002842, -1.024999999999999911, -0.2999999999999981570 ) ) ;
#848 = LINE ( 'NONE', #2811, #2070 ) ;
#849 = PLANE ( 'NONE',  #1453 ) ;
#850 = DIRECTION ( 'NONE',  ( 1.000000000000000000, 0.000000000000000000, 0.000000000000000000 ) ) ;
#851 = EDGE_CURVE ( 'NONE', #159, #2254, #2945, .T. ) ;
#852 = ORIENTED_EDGE ( 'NONE', *, *, #2672, .T. ) ;
#853 = CARTESIAN_POINT ( 'NONE',  ( 1.865075964201309056, 0.8749999999999998890, 8.308860014671326510 ) ) ;
#854 = VERTEX_POINT ( 'NONE', #1223 ) ;
#855 = ORIENTED_EDGE ( 'NONE', *, *, #885, .T. ) ;
#856 = DIRECTION ( 'NONE',  ( 0.000000000000000000, 0.000000000000000000, -1.000000000000000000 ) ) ;
#857 = DIRECTION ( 'NONE',  ( 0.000000000000000000, -1.000000000000000000, 0.000000000000000000 ) ) ;
#858 = VERTEX_POINT ( 'NONE', #448 ) ;
#859 = CARTESIAN_POINT ( 'NONE',  ( 1.132344685007232732, 0.8749999999999998890, 4.950000000000001066 ) ) ;
#860 = ORIENTED_EDGE ( 'NONE', *, *, #1125, .F. ) ;
#861 = VERTEX_POINT ( 'NONE', #2413 ) ;
#862 = DIRECTION ( 'NONE',  ( 0.000000000000000000, -1.000000000000000000, 0.000000000000000000 ) ) ;
#863 = EDGE_CURVE ( 'NONE', #1804, #2515, #412, .T. ) ;
#864 = ORIENTED_EDGE ( 'NONE', *, *, #1154, .T. ) ;
#865 = DIRECTION ( 'NONE',  ( 0.000000000000000000, 0.000000000000000000, -1.000000000000000000 ) ) ;
#866 = VECTOR ( 'NONE', #43, 1000.000000000000000 ) ;
#867 = VECTOR ( 'NONE', #3191, 1000.000000000000000 ) ;
#868 = VERTEX_POINT ( 'NONE', #2182 ) ;
#869 = EDGE_CURVE ( 'NONE', #3113, #1804, #2832, .T. ) ;
#870 = LINE ( 'NONE', #2842, #235 ) ;
#871 = ORIENTED_EDGE ( 'NONE', *, *, #3025, .T. ) ;
#872 = CARTESIAN_POINT ( 'NONE',  ( 13.88000000000000078, -1.024999999999999911, 9.099999999999997868 ) ) ;
#873 = AXIS2_PLACEMENT_3D ( 'NONE', #2484, #514, #1245 ) ;
#874 = CARTESIAN_POINT ( 'NONE',  ( 11.18000000000000327, -1.024999999999999911, 14.20000000000000284 ) ) ;
#875 = LINE ( 'NONE', #1685, #918 ) ;
#876 = ORIENTED_EDGE ( 'NONE', *, *, #680, .T. ) ;
#877 = CARTESIAN_POINT ( 'NONE',  ( 1.290000000000001146, 0.8749999999999998890, 5.350000000000001421 ) ) ;
#878 = LINE ( 'NONE', #672, #1535 ) ;
#879 = CARTESIAN_POINT ( 'NONE',  ( 9.014814069371716698, 1.024999999999999911, 8.300000000000002487 ) ) ;
#880 = VECTOR ( 'NONE', #2152, 1000.000000000000000 ) ;
#881 = AXIS2_PLACEMENT_3D ( 'NONE', #2744, #1540, #2766 ) ;
#882 = DIRECTION ( 'NONE',  ( 0.000000000000000000, -0.000000000000000000, -1.000000000000000000 ) ) ;
#883 = LINE ( 'NONE', #853, #3181 ) ;
#884 = LINE ( 'NONE', #1258, #2425 ) ;
#885 = EDGE_CURVE ( 'NONE', #1255, #2840, #53, .T. ) ;
#886 = FACE_OUTER_BOUND ( 'NONE', #1410, .T. ) ;
#887 = CARTESIAN_POINT ( 'NONE',  ( 8.990000000000001990, 1.024999999999999911, 4.950000000000001066 ) ) ;
#888 = ORIENTED_EDGE ( 'NONE', *, *, #2177, .T. ) ;
#889 = ORIENTED_EDGE ( 'NONE', *, *, #2664, .T. ) ;
#890 = DIRECTION ( 'NONE',  ( 1.000000000000000000, -0.000000000000000000, -7.228014483236698528E-16 ) ) ;
#891 = EDGE_LOOP ( 'NONE', ( #2688, #1962, #3083, #540 ) ) ;
#892 = ORIENTED_EDGE ( 'NONE', *, *, #1878, .F. ) ;
#893 = CARTESIAN_POINT ( 'NONE',  ( 6.490000000000000213, -0.8749999999999998890, 6.950000000000000178 ) ) ;
#894 = ORIENTED_EDGE ( 'NONE', *, *, #2150, .F. ) ;
#895 = EDGE_CURVE ( 'NONE', #2840, #259, #2678, .T. ) ;
#896 = ORIENTED_EDGE ( 'NONE', *, *, #254, .F. ) ;
#897 = DIRECTION ( 'NONE',  ( -0.000000000000000000, 1.000000000000000000, -0.000000000000000000 ) ) ;
#898 = ADVANCED_FACE ( 'NONE', ( #1381 ), #1040, .T. ) ;
#899 = VERTEX_POINT ( 'NONE', #1027 ) ;
#900 = AXIS2_PLACEMENT_3D ( 'NONE', #1035, #1503, #1524 ) ;
#901 = PLANE ( 'NONE',  #663 ) ;
#902 = EDGE_LOOP ( 'NONE', ( #1752, #501, #626, #2576 ) ) ;
#903 = CARTESIAN_POINT ( 'NONE',  ( 6.250000000000000888, -0.8749999999999998890, -0.2999999999999981570 ) ) ;
#904 = ORIENTED_EDGE ( 'NONE', *, *, #572, .T. ) ;
#905 = LINE ( 'NONE', #1799, #1442 ) ;
#906 = DIRECTION ( 'NONE',  ( 1.000000000000000000, 0.000000000000000000, 0.000000000000000000 ) ) ;
#907 = CARTESIAN_POINT ( 'NONE',  ( 2.950000000000001066, -0.8749999999999998890, -0.7999999999999977129 ) ) ;
#908 = ORIENTED_EDGE ( 'NONE', *, *, #885, .F. ) ;
#909 = EDGE_CURVE ( 'NONE', #3041, #1133, #131, .T. ) ;
#910 = VECTOR ( 'NONE', #1241, 1000.000000000000000 ) ;
#911 = FACE_OUTER_BOUND ( 'NONE', #1092, .T. ) ;
#912 = CARTESIAN_POINT ( 'NONE',  ( 1.450000000000000844, -1.024999999999999911, -0.2999999999999981570 ) ) ;
#913 = CARTESIAN_POINT ( 'NONE',  ( 14.48000000000000043, -0.8749999999999998890, 10.69999999999999929 ) ) ;
#914 = DIRECTION ( 'NONE',  ( 0.000000000000000000, 0.000000000000000000, -1.000000000000000000 ) ) ;
#915 = LINE ( 'NONE', #2751, #2932 ) ;
#916 = EDGE_CURVE ( 'NONE', #2400, #2840, #1689, .T. ) ;
#917 = ORIENTED_EDGE ( 'NONE', *, *, #334, .F. ) ;
#918 = VECTOR ( 'NONE', #2227, 1000.000000000000000 ) ;
#919 = DIRECTION ( 'NONE',  ( 0.000000000000000000, -1.000000000000000000, -0.000000000000000000 ) ) ;
#920 = VECTOR ( 'NONE', #3009, 1000.000000000000000 ) ;
#921 = LINE ( 'NONE', #470, #2174 ) ;
#922 = SURFACE_SIDE_STYLE ('',( #230 ) ) ;
#923 = DIRECTION ( 'NONE',  ( 1.000000000000000000, 0.000000000000000000, -0.000000000000000000 ) ) ;
#924 = CARTESIAN_POINT ( 'NONE',  ( -0.8999999999999989120, -0.02500000000000006384, 13.50000000000000355 ) ) ;
#925 = AXIS2_PLACEMENT_3D ( 'NONE', #2875, #2480, #2695 ) ;
#926 = LINE ( 'NONE', #3123, #293 ) ;
#927 = DIRECTION ( 'NONE',  ( 0.000000000000000000, -1.000000000000000000, 0.000000000000000000 ) ) ;
#928 = EDGE_LOOP ( 'NONE', ( #2884, #1220, #1696, #2954 ) ) ;
#929 = ORIENTED_EDGE ( 'NONE', *, *, #1608, .T. ) ;
#930 = EDGE_CURVE ( 'NONE', #3148, #656, #804, .T. ) ;
#931 = DIRECTION ( 'NONE',  ( -0.000000000000000000, -0.000000000000000000, 1.000000000000000000 ) ) ;
#932 = ORIENTED_EDGE ( 'NONE', *, *, #845, .F. ) ;
#933 = EDGE_LOOP ( 'NONE', ( #1733, #2123, #220, #1010 ) ) ;
#934 = ADVANCED_FACE ( 'NONE', ( #331 ), #1222, .F. ) ;
#935 =( NAMED_UNIT ( * ) PLANE_ANGLE_UNIT ( ) SI_UNIT ( $, .RADIAN. ) );
#936 = VERTEX_POINT ( 'NONE', #1749 ) ;
#937 = CARTESIAN_POINT ( 'NONE',  ( 8.290000000000002700, 0.8749999999999998890, 5.350000000000001421 ) ) ;
#938 = EDGE_CURVE ( 'NONE', #86, #2045, #329, .T. ) ;
#939 = VERTEX_POINT ( 'NONE', #999 ) ;
#940 = AXIS2_PLACEMENT_3D ( 'NONE', #1482, #1731, #752 ) ;
#941 = EDGE_LOOP ( 'NONE', ( #232, #889, #435, #2575 ) ) ;
#942 = CARTESIAN_POINT ( 'NONE',  ( 0.9651859306282857265, 0.8749999999999998890, 8.300000000000002487 ) ) ;
#943 = AXIS2_PLACEMENT_3D ( 'NONE', #1495, #248, #2230 ) ;
#944 = ORIENTED_EDGE ( 'NONE', *, *, #300, .F. ) ;
#945 = DIRECTION ( 'NONE',  ( 1.000000000000000000, 0.000000000000000000, -7.228014483236698528E-16 ) ) ;
#946 = CARTESIAN_POINT ( 'NONE',  ( 2.015360208698490752, 0.8749999999999998890, 8.450000000000001066 ) ) ;
#947 = CARTESIAN_POINT ( 'NONE',  ( 2.550000000000000266, -1.024999999999999911, -0.2999999999999981570 ) ) ;
#948 = VERTEX_POINT ( 'NONE', #2714 ) ;
#949 = CARTESIAN_POINT ( 'NONE',  ( 9.150000000000002132, -0.8749999999999998890, -0.2999999999999981570 ) ) ;
#950 = EDGE_CURVE ( 'NONE', #2027, #1928, #806, .T. ) ;
#951 = VECTOR ( 'NONE', #2959, 1000.000000000000000 ) ;
#952 = ORIENTED_EDGE ( 'NONE', *, *, #3081, .F. ) ;
#953 = CARTESIAN_POINT ( 'NONE',  ( -1.499999999999998668, -1.024999999999999911, 9.099999999999999645 ) ) ;
#954 = LINE ( 'NONE', #772, #2061 ) ;
#955 = VERTEX_POINT ( 'NONE', #3208 ) ;
#956 = EDGE_CURVE ( 'NONE', #2254, #2607, #2866, .T. ) ;
#957 = CARTESIAN_POINT ( 'NONE',  ( 13.48000000000000043, -0.8749999999999998890, 0.7000000000000018430 ) ) ;
#958 = CARTESIAN_POINT ( 'NONE',  ( -1.499999999999998668, -0.8749999999999998890, 9.099999999999999645 ) ) ;
#959 = LINE ( 'NONE', #84, #2828 ) ;
#960 = CARTESIAN_POINT ( 'NONE',  ( -0.8999999999999971356, -0.8749999999999998890, 10.70000000000000107 ) ) ;
#961 = DIRECTION ( 'NONE',  ( 0.000000000000000000, -1.000000000000000000, 0.000000000000000000 ) ) ;
#962 = EDGE_LOOP ( 'NONE', ( #1502, #1780, #904, #1406 ) ) ;
#963 = CARTESIAN_POINT ( 'NONE',  ( 6.250000000000000888, -0.8749999999999998890, 0.2000000000000022593 ) ) ;
#964 = LINE ( 'NONE', #3136, #1873 ) ;
#965 = LINE ( 'NONE', #723, #492 ) ;
#966 = VECTOR ( 'NONE', #2998, 1000.000000000000000 ) ;
#967 = CARTESIAN_POINT ( 'NONE',  ( 9.099999999999999645, 1.024999999999999911, 13.50000000000000355 ) ) ;
#968 = VECTOR ( 'NONE', #2461, 1000.000000000000000 ) ;
#969 = ADVANCED_FACE ( 'NONE', ( #1875 ), #2745, .T. ) ;
#970 = VECTOR ( 'NONE', #1386, 1000.000000000000000 ) ;
#971 = DIRECTION ( 'NONE',  ( 0.000000000000000000, -1.000000000000000000, 0.000000000000000000 ) ) ;
#972 = EDGE_LOOP ( 'NONE', ( #1402, #3187, #1660, #1427 ) ) ;
#973 = ORIENTED_EDGE ( 'NONE', *, *, #1382, .F. ) ;
#974 = DIRECTION ( 'NONE',  ( -0.000000000000000000, 0.000000000000000000, 1.000000000000000000 ) ) ;
#975 = CARTESIAN_POINT ( 'NONE',  ( 8.865075964201309944, 1.024999999999999911, 8.308860014671326510 ) ) ;
#976 = ORIENTED_EDGE ( 'NONE', *, *, #1924, .F. ) ;
#977 = EDGE_CURVE ( 'NONE', #555, #2244, #1582, .T. ) ;
#978 = ORIENTED_EDGE ( 'NONE', *, *, #1548, .F. ) ;
#979 = EDGE_LOOP ( 'NONE', ( #383, #1026, #2839, #119 ) ) ;
#980 = DIRECTION ( 'NONE',  ( 0.000000000000000000, -1.000000000000000000, 0.000000000000000000 ) ) ;
#981 = CARTESIAN_POINT ( 'NONE',  ( 8.847655314992769249, 1.024999999999999911, 4.950000000000001066 ) ) ;
#982 = EDGE_CURVE ( 'NONE', #1516, #2140, #2179, .T. ) ;
#983 = VERTEX_POINT ( 'NONE', #3198 ) ;
#984 = ADVANCED_FACE ( 'NONE', ( #2902 ), #743, .F. ) ;
#985 = EDGE_LOOP ( 'NONE', ( #1755, #461, #2066, #820 ) ) ;
#986 = DIRECTION ( 'NONE',  ( -1.000000000000000000, -0.000000000000000000, -0.000000000000000000 ) ) ;
#987 = VERTEX_POINT ( 'NONE', #2470 ) ;
#988 = LINE ( 'NONE', #3007, #2446 ) ;
#989 = EDGE_LOOP ( 'NONE', ( #2823, #2389, #31, #2145 ) ) ;
#990 = CARTESIAN_POINT ( 'NONE',  ( 8.450000000000002842, 1.024999999999999911, -0.2999999999999981570 ) ) ;
#991 = LINE ( 'NONE', #748, #1716 ) ;
#992 = FACE_BOUND ( 'NONE', #1789, .T. ) ;
#993 = CARTESIAN_POINT ( 'NONE',  ( -1.499999999999998668, -0.8749999999999998890, 9.099999999999999645 ) ) ;
#994 = DIRECTION ( 'NONE',  ( 1.000000000000000000, 0.000000000000000000, -0.000000000000000000 ) ) ;
#995 = DIRECTION ( 'NONE',  ( -1.000000000000000000, 0.000000000000000000, 0.000000000000000000 ) ) ;
#996 = EDGE_CURVE ( 'NONE', #2894, #183, #1617, .T. ) ;
#997 = VECTOR ( 'NONE', #2696, 1000.000000000000000 ) ;
#998 = VERTEX_POINT ( 'NONE', #47 ) ;
#999 = CARTESIAN_POINT ( 'NONE',  ( 14.48000000000000043, -1.024999999999999911, 10.69999999999999929 ) ) ;
#1000 = VECTOR ( 'NONE', #1360, 1000.000000000000000 ) ;
#1001 = ADVANCED_FACE ( 'NONE', ( #1496 ), #3042, .F. ) ;
#1002 = EDGE_CURVE ( 'NONE', #1891, #1589, #1384, .T. ) ;
#1003 = VECTOR ( 'NONE', #251, 1000.000000000000000 ) ;
#1004 = VECTOR ( 'NONE', #2897, 1000.000000000000000 ) ;
#1005 = AXIS2_PLACEMENT_3D ( 'NONE', #1545, #1044, #1766 ) ;
#1006 = LINE ( 'NONE', #2599, #2870 ) ;
#1007 = DIRECTION ( 'NONE',  ( 0.000000000000000000, -1.000000000000000000, 0.000000000000000000 ) ) ;
#1008 = ORIENTED_EDGE ( 'NONE', *, *, #2810, .F. ) ;
#1009 = AXIS2_PLACEMENT_3D ( 'NONE', #3164, #452, #2647 ) ;
#1010 = ORIENTED_EDGE ( 'NONE', *, *, #3142, .F. ) ;
#1011 = ORIENTED_EDGE ( 'NONE', *, *, #468, .T. ) ;
#1012 = EDGE_LOOP ( 'NONE', ( #744, #864, #788, #1073 ) ) ;
#1013 = CARTESIAN_POINT ( 'NONE',  ( -0.8999999999999989120, -0.8749999999999998890, 10.70000000000000107 ) ) ;
#1014 = PLANE ( 'NONE',  #1517 ) ;
#1015 = EDGE_CURVE ( 'NONE', #1353, #854, #2381, .T. ) ;
#1016 = ORIENTED_EDGE ( 'NONE', *, *, #1649, .T. ) ;
#1017 = CARTESIAN_POINT ( 'NONE',  ( 4.750000000000001776, -1.024999999999999911, 0.2000000000000022593 ) ) ;
#1018 = ADVANCED_FACE ( 'NONE', ( #1800 ), #1776, .F. ) ;
#1019 = EDGE_CURVE ( 'NONE', #854, #747, #687, .T. ) ;
#1020 = ORIENTED_EDGE ( 'NONE', *, *, #1447, .F. ) ;
#1021 = VERTEX_POINT ( 'NONE', #2311 ) ;
#1022 = CARTESIAN_POINT ( 'NONE',  ( 11.18000000000000327, 1.024999999999999911, 14.20000000000000284 ) ) ;
#1023 = AXIS2_PLACEMENT_3D ( 'NONE', #1519, #291, #1291 ) ;
#1024 = ORIENTED_EDGE ( 'NONE', *, *, #2912, .T. ) ;
#1025 = AXIS2_PLACEMENT_3D ( 'NONE', #3038, #2085, #1834 ) ;
#1026 = ORIENTED_EDGE ( 'NONE', *, *, #2398, .T. ) ;
#1027 = CARTESIAN_POINT ( 'NONE',  ( 3.650000000000001243, -0.8749999999999998890, -0.7999999999999977129 ) ) ;
#1028 = VECTOR ( 'NONE', #682, 1000.000000000000000 ) ;
#1029 = ORIENTED_EDGE ( 'NONE', *, *, #741, .T. ) ;
#1030 = ADVANCED_FACE ( 'NONE', ( #2265 ), #134, .F. ) ;
#1031 = LINE ( 'NONE', #222, #1607 ) ;
#1032 = DIRECTION ( 'NONE',  ( -1.000000000000000000, 0.000000000000000000, 0.000000000000000000 ) ) ;
#1033 = CARTESIAN_POINT ( 'NONE',  ( 1.290000000000001146, 0.8749999999999998890, 5.350000000000001421 ) ) ;
#1034 = VECTOR ( 'NONE', #3006, 1000.000000000000000 ) ;
#1035 = CARTESIAN_POINT ( 'NONE',  ( 13.88000000000000078, 1.024999999999999911, -0.2999999999999981570 ) ) ;
#1036 = ORIENTED_EDGE ( 'NONE', *, *, #2620, .T. ) ;
#1037 = PLANE ( 'NONE',  #881 ) ;
#1038 = EDGE_CURVE ( 'NONE', #3057, #1589, #764, .T. ) ;
#1039 = LINE ( 'NONE', #661, #724 ) ;
#1040 = PLANE ( 'NONE',  #3005 ) ;
#1041 = VECTOR ( 'NONE', #919, 1000.000000000000000 ) ;
#1042 = EDGE_CURVE ( 'NONE', #559, #108, #843, .T. ) ;
#1043 = VECTOR ( 'NONE', #240, 1000.000000000000000 ) ;
#1044 = DIRECTION ( 'NONE',  ( -0.000000000000000000, -1.000000000000000000, -0.000000000000000000 ) ) ;
#1045 = CARTESIAN_POINT ( 'NONE',  ( 12.88000000000000078, -0.8749999999999998890, -0.2999999999999981570 ) ) ;
#1046 = FACE_OUTER_BOUND ( 'NONE', #2804, .T. ) ;
#1047 = ADVANCED_FACE ( 'NONE', ( #1152 ), #2015, .F. ) ;
#1048 = ORIENTED_EDGE ( 'NONE', *, *, #405, .T. ) ;
#1049 = EDGE_LOOP ( 'NONE', ( #1566, #1131, #2316, #2201 ) ) ;
#1050 = CARTESIAN_POINT ( 'NONE',  ( -0.8999999999999971356, -1.024999999999999911, 14.20000000000000284 ) ) ;
#1051 = ORIENTED_EDGE ( 'NONE', *, *, #1806, .F. ) ;
#1052 = DIRECTION ( 'NONE',  ( -0.000000000000000000, -0.000000000000000000, 1.000000000000000000 ) ) ;
#1053 = ORIENTED_EDGE ( 'NONE', *, *, #2348, .T. ) ;
#1054 = CARTESIAN_POINT ( 'NONE',  ( 5.150000000000002132, -1.024999999999999911, -0.7999999999999977129 ) ) ;
#1055 = ORIENTED_EDGE ( 'NONE', *, *, #88, .F. ) ;
#1056 = EDGE_CURVE ( 'NONE', #439, #1239, #2068, .T. ) ;
#1057 = CARTESIAN_POINT ( 'NONE',  ( 7.350000000000001421, -1.024999999999999911, -0.7999999999999977129 ) ) ;
#1058 = ORIENTED_EDGE ( 'NONE', *, *, #7, .F. ) ;
#1059 = ORIENTED_EDGE ( 'NONE', *, *, #2378, .T. ) ;
#1060 = ORIENTED_EDGE ( 'NONE', *, *, #38, .F. ) ;
#1061 = CARTESIAN_POINT ( 'NONE',  ( 0.9900000000000004352, 0.8749999999999998890, 4.950000000000001066 ) ) ;
#1062 = AXIS2_PLACEMENT_3D ( 'NONE', #639, #624, #1633 ) ;
#1063 = CARTESIAN_POINT ( 'NONE',  ( 8.990000000000001990, 1.024999999999999911, 4.950000000000001066 ) ) ;
#1064 = VECTOR ( 'NONE', #1150, 1000.000000000000000 ) ;
#1065 = LINE ( 'NONE', #981, #394 ) ;
#1066 = CARTESIAN_POINT ( 'NONE',  ( 2.550000000000001155, -0.8749999999999998890, -0.7999999999999977129 ) ) ;
#1067 = EDGE_LOOP ( 'NONE', ( #932, #1957, #1418, #2326 ) ) ;
#1068 = AXIS2_PLACEMENT_3D ( 'NONE', #520, #1261, #1515 ) ;
#1069 = LINE ( 'NONE', #739, #397 ) ;
#1070 = VECTOR ( 'NONE', #1526, 1000.000000000000000 ) ;
#1071 = DIRECTION ( 'NONE',  ( 0.05906676447550263803, 0.000000000000000000, 0.9982540344693806578 ) ) ;
#1072 = FACE_OUTER_BOUND ( 'NONE', #2119, .T. ) ;
#1073 = ORIENTED_EDGE ( 'NONE', *, *, #1095, .T. ) ;
#1074 = APPLICATION_CONTEXT ( 'automotive_design' ) ;
#1075 = CARTESIAN_POINT ( 'NONE',  ( 1.847655314992769027, 0.8749999999999998890, 4.950000000000001066 ) ) ;
#1076 = LINE ( 'NONE', #652, #130 ) ;
#1077 = CARTESIAN_POINT ( 'NONE',  ( 0.9825502547940465625, 0.8749999999999998890, 5.092149606563560305 ) ) ;
#1078 = VECTOR ( 'NONE', #1325, 1000.000000000000000 ) ;
#1079 = CARTESIAN_POINT ( 'NONE',  ( -0.8999999999999989120, -0.8749999999999998890, 0.7000000000000018430 ) ) ;
#1080 = EDGE_CURVE ( 'NONE', #1271, #2400, #1420, .T. ) ;
#1081 = VECTOR ( 'NONE', #1915, 1000.000000000000000 ) ;
#1082 = CARTESIAN_POINT ( 'NONE',  ( 13.88000000000000256, 1.024999999999999911, 14.20000000000000284 ) ) ;
#1083 = FACE_OUTER_BOUND ( 'NONE', #2963, .T. ) ;
#1084 = EDGE_CURVE ( 'NONE', #541, #1847, #2721, .T. ) ;
#1085 = ORIENTED_EDGE ( 'NONE', *, *, #2966, .F. ) ;
#1086 = CARTESIAN_POINT ( 'NONE',  ( 8.050000000000000711, -1.024999999999999911, 0.2000000000000022593 ) ) ;
#1087 = EDGE_LOOP ( 'NONE', ( #547, #777, #691, #1324 ) ) ;
#1088 = DIRECTION ( 'NONE',  ( 0.000000000000000000, -1.000000000000000000, 0.000000000000000000 ) ) ;
#1089 = ORIENTED_EDGE ( 'NONE', *, *, #2672, .F. ) ;
#1090 = ORIENTED_EDGE ( 'NONE', *, *, #2534, .F. ) ;
#1091 = DIRECTION ( 'NONE',  ( -0.000000000000000000, -1.000000000000000000, -0.000000000000000000 ) ) ;
#1092 = EDGE_LOOP ( 'NONE', ( #1232, #1544, #1699, #351 ) ) ;
#1093 = DIRECTION ( 'NONE',  ( -0.9982540344693806578, 0.000000000000000000, 0.05906676447550263803 ) ) ;
#1094 = PLANE ( 'NONE',  #346 ) ;
#1095 = EDGE_CURVE ( 'NONE', #213, #1516, #91, .T. ) ;
#1096 = VERTEX_POINT ( 'NONE', #552 ) ;
#1097 = CARTESIAN_POINT ( 'NONE',  ( 13.88000000000000078, -0.8749999999999998890, 9.099999999999997868 ) ) ;
#1098 = DIRECTION ( 'NONE',  ( -0.000000000000000000, -1.000000000000000000, -0.000000000000000000 ) ) ;
#1099 = ORIENTED_EDGE ( 'NONE', *, *, #741, .F. ) ;
#1100 = EDGE_CURVE ( 'NONE', #2154, #858, #1347, .T. ) ;
#1101 = CARTESIAN_POINT ( 'NONE',  ( -0.8999999999999989120, -1.024999999999999911, -0.2999999999999981570 ) ) ;
#1102 = VERTEX_POINT ( 'NONE', #2537 ) ;
#1103 = DIRECTION ( 'NONE',  ( 1.000000000000000000, 0.000000000000000000, 0.000000000000000000 ) ) ;
#1104 = FACE_OUTER_BOUND ( 'NONE', #433, .T. ) ;
#1105 = AXIS2_PLACEMENT_3D ( 'NONE', #2279, #2052, #2759 ) ;
#1106 = FACE_OUTER_BOUND ( 'NONE', #2950, .T. ) ;
#1107 = DIRECTION ( 'NONE',  ( -1.000000000000000000, 0.000000000000000000, 0.000000000000000000 ) ) ;
#1108 = ORIENTED_EDGE ( 'NONE', *, *, #1422, .T. ) ;
#1109 = CARTESIAN_POINT ( 'NONE',  ( 1.690000000000000613, 0.8749999999999998890, 5.350000000000001421 ) ) ;
#1110 = LINE ( 'NONE', #486, #2936 ) ;
#1111 = ORIENTED_EDGE ( 'NONE', *, *, #2076, .F. ) ;
#1112 = CARTESIAN_POINT ( 'NONE',  ( 0.7500000000000015543, -0.8749999999999998890, 0.2000000000000022593 ) ) ;
#1113 = FACE_OUTER_BOUND ( 'NONE', #1893, .T. ) ;
#1114 = CARTESIAN_POINT ( 'NONE',  ( 7.814845361088326392, 1.024999999999999911, 8.292149606563560482 ) ) ;
#1115 = ORIENTED_EDGE ( 'NONE', *, *, #2906, .T. ) ;
#1116 = CYLINDRICAL_SURFACE ( 'NONE', #1678, 0.1500000000000008271 ) ;
#1117 = LINE ( 'NONE', #967, #2565 ) ;
#1118 = EDGE_CURVE ( 'NONE', #2365, #2910, #1306, .T. ) ;
#1119 = LINE ( 'NONE', #2221, #3182 ) ;
#1120 = DIRECTION ( 'NONE',  ( -0.000000000000000000, 0.000000000000000000, -1.000000000000000000 ) ) ;
#1121 = EDGE_CURVE ( 'NONE', #447, #2878, #1989, .T. ) ;
#1122 = CARTESIAN_POINT ( 'NONE',  ( 7.350000000000001421, -0.8749999999999998890, -0.2999999999999981570 ) ) ;
#1123 = ORIENTED_EDGE ( 'NONE', *, *, #1274, .T. ) ;
#1124 = ORIENTED_EDGE ( 'NONE', *, *, #2534, .T. ) ;
#1125 = EDGE_CURVE ( 'NONE', #2473, #2114, #2633, .T. ) ;
#1126 = DIRECTION ( 'NONE',  ( 0.000000000000000000, -1.000000000000000000, 0.000000000000000000 ) ) ;
#1127 = ORIENTED_EDGE ( 'NONE', *, *, #2514, .T. ) ;
#1128 = CARTESIAN_POINT ( 'NONE',  ( 4.750000000000001776, -0.8749999999999998890, -0.2999999999999981570 ) ) ;
#1129 = ADVANCED_BREP_SHAPE_REPRESENTATION ( 'sd¿¨²Û', ( #2646, #144 ), #2362 ) ;
#1130 = ORIENTED_EDGE ( 'NONE', *, *, #2090, .F. ) ;
#1131 = ORIENTED_EDGE ( 'NONE', *, *, #2434, .T. ) ;
#1132 = CARTESIAN_POINT ( 'NONE',  ( 12.88000000000000078, -1.024999999999999911, 0.7000000000000018430 ) ) ;
#1133 = VERTEX_POINT ( 'NONE', #3073 ) ;
#1134 = ORIENTED_EDGE ( 'NONE', *, *, #1438, .T. ) ;
#1135 = CARTESIAN_POINT ( 'NONE',  ( 9.099999999999999645, 0.8750000000000001110, 13.50000000000000355 ) ) ;
#1136 = CARTESIAN_POINT ( 'NONE',  ( 8.450000000000002842, -0.8749999999999998890, -0.2999999999999981570 ) ) ;
#1137 = ORIENTED_EDGE ( 'NONE', *, *, #2891, .F. ) ;
#1138 = CARTESIAN_POINT ( 'NONE',  ( 11.18000000000000327, 0.8750000000000001110, 14.20000000000000284 ) ) ;
#1139 = LINE ( 'NONE', #2039, #1521 ) ;
#1140 = VECTOR ( 'NONE', #463, 1000.000000000000000 ) ;
#1141 = ORIENTED_EDGE ( 'NONE', *, *, #1192, .T. ) ;
#1142 = EDGE_CURVE ( 'NONE', #2336, #3113, #2834, .T. ) ;
#1143 = CARTESIAN_POINT ( 'NONE',  ( 11.54000000000000092, 0.8749999999999998890, 0.4500000000000007327 ) ) ;
#1144 = VECTOR ( 'NONE', #1551, 1000.000000000000000 ) ;
#1145 = LINE ( 'NONE', #1283, #2 ) ;
#1146 = CARTESIAN_POINT ( 'NONE',  ( 9.173427227490634550, 0.8749999999999998890, 8.450000000000001066 ) ) ;
#1147 = DIRECTION ( 'NONE',  ( 0.000000000000000000, -1.000000000000000000, 0.000000000000000000 ) ) ;
#1148 = VECTOR ( 'NONE', #914, 1000.000000000000000 ) ;
#1149 = EDGE_LOOP ( 'NONE', ( #2578, #2965, #1600, #1470 ) ) ;
#1150 = DIRECTION ( 'NONE',  ( 1.000000000000000000, 0.000000000000000000, 0.000000000000000000 ) ) ;
#1151 = VECTOR ( 'NONE', #1349, 1000.000000000000000 ) ;
#1152 = FACE_OUTER_BOUND ( 'NONE', #1273, .T. ) ;
#1153 = LINE ( 'NONE', #3085, #246 ) ;
#1154 = EDGE_CURVE ( 'NONE', #2140, #1505, #883, .T. ) ;
#1155 = DIRECTION ( 'NONE',  ( 0.000000000000000000, 0.000000000000000000, -1.000000000000000000 ) ) ;
#1156 = CYLINDRICAL_SURFACE ( 'NONE', #729, 0.1500000000000008271 ) ;
#1157 = CARTESIAN_POINT ( 'NONE',  ( -0.8999999999999989120, -1.024999999999999911, -0.2999999999999981570 ) ) ;
#1158 = ORIENTED_EDGE ( 'NONE', *, *, #2018, .T. ) ;
#1159 = ORIENTED_EDGE ( 'NONE', *, *, #1002, .T. ) ;
#1160 = DIRECTION ( 'NONE',  ( 1.000000000000000000, 0.000000000000000000, 0.000000000000000000 ) ) ;
#1161 = EDGE_CURVE ( 'NONE', #662, #998, #727, .T. ) ;
#1162 = DIRECTION ( 'NONE',  ( 1.000000000000000000, 0.000000000000000000, 0.000000000000000000 ) ) ;
#1163 = ORIENTED_EDGE ( 'NONE', *, *, #38, .T. ) ;
#1164 = ORIENTED_EDGE ( 'NONE', *, *, #3076, .F. ) ;
#1165 = ORIENTED_EDGE ( 'NONE', *, *, #1121, .F. ) ;
#1166 = AXIS2_PLACEMENT_3D ( 'NONE', #1457, #1445, #1195 ) ;
#1167 = VERTEX_POINT ( 'NONE', #2808 ) ;
#1168 = MECHANICAL_DESIGN_GEOMETRIC_PRESENTATION_REPRESENTATION (  '', ( #1817 ), #839 ) ;
#1169 = DIRECTION ( 'NONE',  ( 0.000000000000000000, 0.000000000000000000, -1.000000000000000000 ) ) ;
#1170 = ORIENTED_EDGE ( 'NONE', *, *, #2739, .F. ) ;
#1171 = ADVANCED_FACE ( 'NONE', ( #289 ), #1863, .T. ) ;
#1172 = EDGE_CURVE ( 'NONE', #2168, #62, #2761, .T. ) ;
#1173 = DIRECTION ( 'NONE',  ( -1.000000000000000000, 0.000000000000000000, -0.000000000000000000 ) ) ;
#1174 = EDGE_LOOP ( 'NONE', ( #2231, #1916, #702, #2573 ) ) ;
#1175 = EDGE_CURVE ( 'NONE', #1444, #2716, #411, .T. ) ;
#1176 = CIRCLE ( 'NONE', #2051, 0.1500000000000008271 ) ;
#1177 = CIRCLE ( 'NONE', #3199, 0.1499999999999999667 ) ;
#1178 = ORIENTED_EDGE ( 'NONE', *, *, #516, .T. ) ;
#1179 = PLANE ( 'NONE',  #1166 ) ;
#1180 = DIRECTION ( 'NONE',  ( -0.000000000000000000, -0.000000000000000000, 1.000000000000000000 ) ) ;
#1181 = VECTOR ( 'NONE', #188, 999.9999999999998863 ) ;
#1182 = CARTESIAN_POINT ( 'NONE',  ( 9.150000000000002132, -0.8749999999999998890, -0.7999999999999977129 ) ) ;
#1183 = VERTEX_POINT ( 'NONE', #1114 ) ;
#1184 = LINE ( 'NONE', #591, #2098 ) ;
#1185 = EDGE_LOOP ( 'NONE', ( #1060, #2844, #1020, #1205 ) ) ;
#1186 = PLANE ( 'NONE',  #774 ) ;
#1187 = VECTOR ( 'NONE', #3065, 1000.000000000000000 ) ;
#1188 = VECTOR ( 'NONE', #2643, 1000.000000000000000 ) ;
#1189 = VECTOR ( 'NONE', #980, 1000.000000000000000 ) ;
#1190 = CARTESIAN_POINT ( 'NONE',  ( 8.450000000000002842, -1.024999999999999911, 0.2000000000000022593 ) ) ;
#1191 = LINE ( 'NONE', #1872, #2681 ) ;
#1192 = EDGE_CURVE ( 'NONE', #86, #2073, #2898, .T. ) ;
#1193 = ORIENTED_EDGE ( 'NONE', *, *, #2327, .T. ) ;
#1194 = VERTEX_POINT ( 'NONE', #608 ) ;
#1195 = DIRECTION ( 'NONE',  ( -0.000000000000000000, 0.000000000000000000, 1.000000000000000000 ) ) ;
#1196 = EDGE_CURVE ( 'NONE', #983, #2077, #2379, .T. ) ;
#1197 = ORIENTED_EDGE ( 'NONE', *, *, #2794, .F. ) ;
#1198 = CARTESIAN_POINT ( 'NONE',  ( 1.850000000000001865, -0.8749999999999998890, -0.7999999999999977129 ) ) ;
#1199 = ORIENTED_EDGE ( 'NONE', *, *, #2412, .T. ) ;
#1200 = AXIS2_PLACEMENT_3D ( 'NONE', #1995, #2243, #2944 ) ;
#1201 = VERTEX_POINT ( 'NONE', #2838 ) ;
#1202 = DIRECTION ( 'NONE',  ( 1.000000000000000000, 0.000000000000000000, -0.000000000000000000 ) ) ;
#1203 = ORIENTED_EDGE ( 'NONE', *, *, #2412, .F. ) ;
#1204 = DIRECTION ( 'NONE',  ( -0.000000000000000000, -1.000000000000000000, -0.000000000000000000 ) ) ;
#1205 = ORIENTED_EDGE ( 'NONE', *, *, #2037, .F. ) ;
#1206 = CARTESIAN_POINT ( 'NONE',  ( -0.8999999999999989120, 1.024999999999999911, 13.50000000000000355 ) ) ;
#1207 = DIRECTION ( 'NONE',  ( 0.000000000000000000, 0.000000000000000000, -1.000000000000000000 ) ) ;
#1208 = EDGE_CURVE ( 'NONE', #1339, #1389, #3061, .T. ) ;
#1209 = LINE ( 'NONE', #2080, #2248 ) ;
#1210 = VECTOR ( 'NONE', #2049, 1000.000000000000000 ) ;
#1211 = ORIENTED_EDGE ( 'NONE', *, *, #362, .F. ) ;
#1212 = DIRECTION ( 'NONE',  ( 0.000000000000000000, 0.000000000000000000, 1.000000000000000000 ) ) ;
#1213 = VECTOR ( 'NONE', #2281, 1000.000000000000000 ) ;
#1214 = FACE_OUTER_BOUND ( 'NONE', #2394, .T. ) ;
#1215 = ORIENTED_EDGE ( 'NONE', *, *, #2514, .F. ) ;
#1216 = ADVANCED_FACE ( 'NONE', ( #644 ), #2318, .F. ) ;
#1217 = CARTESIAN_POINT ( 'NONE',  ( -1.499999999999998668, -1.024999999999999911, -0.2999999999999981570 ) ) ;
#1218 = LINE ( 'NONE', #173, #1148 ) ;
#1219 = DIRECTION ( 'NONE',  ( -1.000000000000000000, 0.000000000000000000, -0.000000000000000000 ) ) ;
#1220 = ORIENTED_EDGE ( 'NONE', *, *, #2912, .F. ) ;
#1221 = FACE_OUTER_BOUND ( 'NONE', #2050, .T. ) ;
#1222 = CYLINDRICAL_SURFACE ( 'NONE', #2482, 0.1500000000000008271 ) ;
#1223 = CARTESIAN_POINT ( 'NONE',  ( -0.05999999999999929001, 0.8749999999999998890, 0.4500000000000007327 ) ) ;
#1224 = CIRCLE ( 'NONE', #1329, 0.1500000000000008271 ) ;
#1225 = FACE_OUTER_BOUND ( 'NONE', #2583, .T. ) ;
#1226 = DIRECTION ( 'NONE',  ( 0.000000000000000000, -1.000000000000000000, 0.000000000000000000 ) ) ;
#1227 = ORIENTED_EDGE ( 'NONE', *, *, #3124, .F. ) ;
#1228 = ORIENTED_EDGE ( 'NONE', *, *, #1949, .F. ) ;
#1229 = CARTESIAN_POINT ( 'NONE',  ( 13.88000000000000078, 1.024999999999999911, 0.9000000000000014655 ) ) ;
#1230 = ADVANCED_FACE ( 'NONE', ( #1831 ), #109, .F. ) ;
#1231 = VERTEX_POINT ( 'NONE', #1122 ) ;
#1232 = ORIENTED_EDGE ( 'NONE', *, *, #2398, .F. ) ;
#1233 = EDGE_CURVE ( 'NONE', #2785, #1627, #1686, .T. ) ;
#1234 = CARTESIAN_POINT ( 'NONE',  ( 6.250000000000000888, -1.024999999999999911, 0.2000000000000022593 ) ) ;
#1235 = ORIENTED_EDGE ( 'NONE', *, *, #341, .F. ) ;
#1236 = DIRECTION ( 'NONE',  ( -1.000000000000000000, 0.000000000000000000, -0.000000000000000000 ) ) ;
#1237 = EDGE_CURVE ( 'NONE', #559, #773, #2422, .T. ) ;
#1238 = CARTESIAN_POINT ( 'NONE',  ( 8.450000000000002842, -0.8749999999999998890, -0.7999999999999977129 ) ) ;
#1239 = VERTEX_POINT ( 'NONE', #1132 ) ;
#1240 = DIRECTION ( 'NONE',  ( -0.000000000000000000, -1.000000000000000000, -0.000000000000000000 ) ) ;
#1241 = DIRECTION ( 'NONE',  ( 0.000000000000000000, 0.000000000000000000, -1.000000000000000000 ) ) ;
#1242 = CARTESIAN_POINT ( 'NONE',  ( 0.9651859306282857265, 0.8749999999999998890, 8.450000000000001066 ) ) ;
#1243 = ORIENTED_EDGE ( 'NONE', *, *, #1253, .F. ) ;
#1244 = AXIS2_PLACEMENT_3D ( 'NONE', #63, #3047, #2048 ) ;
#1245 = DIRECTION ( 'NONE',  ( 0.000000000000000000, 0.000000000000000000, -1.000000000000000000 ) ) ;
#1246 = EDGE_LOOP ( 'NONE', ( #2801, #2879, #1851, #1436 ) ) ;
#1247 = ADVANCED_FACE ( 'NONE', ( #606 ), #1388, .T. ) ;
#1248 = VERTEX_POINT ( 'NONE', #1143 ) ;
#1249 = CARTESIAN_POINT ( 'NONE',  ( 0.8065727725093683187, 0.8749999999999998890, 8.450000000000001066 ) ) ;
#1250 = DIRECTION ( 'NONE',  ( 0.000000000000000000, 0.000000000000000000, 1.000000000000000000 ) ) ;
#1251 = LINE ( 'NONE', #1157, #2485 ) ;
#1252 = FACE_OUTER_BOUND ( 'NONE', #2271, .T. ) ;
#1253 = EDGE_CURVE ( 'NONE', #2403, #181, #3177, .T. ) ;
#1254 = VECTOR ( 'NONE', #2259, 1000.000000000000000 ) ;
#1255 = VERTEX_POINT ( 'NONE', #1673 ) ;
#1256 = VECTOR ( 'NONE', #796, 1000.000000000000000 ) ;
#1257 = VERTEX_POINT ( 'NONE', #1428 ) ;
#1258 = CARTESIAN_POINT ( 'NONE',  ( 0.3500000000000013656, 1.024999999999999911, -0.2999999999999981570 ) ) ;
#1259 = VECTOR ( 'NONE', #642, 1000.000000000000000 ) ;
#1260 = LINE ( 'NONE', #846, #1041 ) ;
#1261 = DIRECTION ( 'NONE',  ( 1.000000000000000000, 0.000000000000000000, 0.000000000000000000 ) ) ;
#1262 = ADVANCED_FACE ( 'NONE', ( #803 ), #1646, .T. ) ;
#1263 = VECTOR ( 'NONE', #621, 1000.000000000000000 ) ;
#1264 = DIRECTION ( 'NONE',  ( 0.000000000000000000, -1.000000000000000000, 0.000000000000000000 ) ) ;
#1265 = AXIS2_PLACEMENT_3D ( 'NONE', #1272, #1759, #2513 ) ;
#1266 = ORIENTED_EDGE ( 'NONE', *, *, #3040, .T. ) ;
#1267 = CARTESIAN_POINT ( 'NONE',  ( 0.3500000000000013656, -1.024999999999999911, 0.2000000000000022593 ) ) ;
#1268 = ORIENTED_EDGE ( 'NONE', *, *, #1775, .F. ) ;
#1269 = CARTESIAN_POINT ( 'NONE',  ( -0.8999999999999989120, -0.8749999999999998890, -0.2999999999999981570 ) ) ;
#1270 = EDGE_CURVE ( 'NONE', #2257, #1368, #964, .T. ) ;
#1271 = VERTEX_POINT ( 'NONE', #903 ) ;
#1272 = CARTESIAN_POINT ( 'NONE',  ( 0.8065727725093683187, 0.8749999999999998890, 8.450000000000001066 ) ) ;
#1273 = EDGE_LOOP ( 'NONE', ( #1829, #2622, #525, #2685 ) ) ;
#1274 = EDGE_CURVE ( 'NONE', #899, #784, #527, .T. ) ;
#1275 = VERTEX_POINT ( 'NONE', #1419 ) ;
#1276 = CARTESIAN_POINT ( 'NONE',  ( 1.290000000000001146, 1.024999999999999911, 5.350000000000001421 ) ) ;
#1277 = ADVANCED_FACE ( 'NONE', ( #326, #488, #3021 ), #3117, .T. ) ;
#1278 = ORIENTED_EDGE ( 'NONE', *, *, #938, .T. ) ;
#1279 = CARTESIAN_POINT ( 'NONE',  ( -0.3499999999999987566, -1.024999999999999911, -0.2999999999999981570 ) ) ;
#1280 =( NAMED_UNIT ( * ) SI_UNIT ( $, .STERADIAN. ) SOLID_ANGLE_UNIT ( ) );
#1281 = EDGE_CURVE ( 'NONE', #948, #3148, #564, .T. ) ;
#1282 = DIRECTION ( 'NONE',  ( -1.000000000000000000, -0.000000000000000000, -0.000000000000000000 ) ) ;
#1283 = CARTESIAN_POINT ( 'NONE',  ( 0.9646397913015118952, 1.024999999999999911, 8.450000000000001066 ) ) ;
#1284 = ORIENTED_EDGE ( 'NONE', *, *, #610, .F. ) ;
#1285 = PLANE ( 'NONE',  #900 ) ;
#1286 = AXIS2_PLACEMENT_3D ( 'NONE', #2408, #1874, #2855 ) ;
#1287 = ORIENTED_EDGE ( 'NONE', *, *, #2014, .F. ) ;
#1288 = CIRCLE ( 'NONE', #2232, 0.1500000000000008271 ) ;
#1289 = VECTOR ( 'NONE', #890, 1000.000000000000000 ) ;
#1290 = VERTEX_POINT ( 'NONE', #2149 ) ;
#1291 = DIRECTION ( 'NONE',  ( -1.084202172485504631E-15, 0.000000000000000000, 1.000000000000000000 ) ) ;
#1292 = VECTOR ( 'NONE', #1854, 1000.000000000000000 ) ;
#1293 = FILL_AREA_STYLE_COLOUR ( '', #2889 ) ;
#1294 = CARTESIAN_POINT ( 'NONE',  ( 4.050000000000001599, -1.024999999999999911, -0.2999999999999981570 ) ) ;
#1295 = FACE_BOUND ( 'NONE', #417, .T. ) ;
#1296 = PLANE ( 'NONE',  #780 ) ;
#1297 = DIRECTION ( 'NONE',  ( -0.000000000000000000, -1.000000000000000000, -0.000000000000000000 ) ) ;
#1298 = LINE ( 'NONE', #3172, #446 ) ;
#1299 = ADVANCED_FACE ( 'NONE', ( #1221 ), #2652, .T. ) ;
#1300 = ORIENTED_EDGE ( 'NONE', *, *, #2957, .T. ) ;
#1301 = CARTESIAN_POINT ( 'NONE',  ( 13.68000000000000149, 0.8249999999999998446, 6.949999999999999289 ) ) ;
#1302 = EDGE_CURVE ( 'NONE', #2353, #2168, #1076, .T. ) ;
#1303 = LINE ( 'NONE', #1946, #52 ) ;
#1304 = CARTESIAN_POINT ( 'NONE',  ( -0.05999999999999929001, 0.8749999999999998890, 15.65000000000000391 ) ) ;
#1305 = EDGE_CURVE ( 'NONE', #237, #619, #365, .T. ) ;
#1306 = LINE ( 'NONE', #2267, #646 ) ;
#1307 = LINE ( 'NONE', #2499, #1993 ) ;
#1308 = DIRECTION ( 'NONE',  ( -0.05233595624294039295, 0.000000000000000000, 0.9986295347545740553 ) ) ;
#1309 = CARTESIAN_POINT ( 'NONE',  ( 13.68000000000000149, 1.024999999999999911, 0.9000000000000014655 ) ) ;
#1310 = FACE_OUTER_BOUND ( 'NONE', #196, .T. ) ;
#1311 = AXIS2_PLACEMENT_3D ( 'NONE', #2880, #1423, #2110 ) ;
#1312 = CARTESIAN_POINT ( 'NONE',  ( 5.850000000000000533, -1.024999999999999911, -0.2999999999999981570 ) ) ;
#1313 = ORIENTED_EDGE ( 'NONE', *, *, #2551, .T. ) ;
#1314 = EDGE_LOOP ( 'NONE', ( #2428, #2165, #1974, #1016 ) ) ;
#1315 = CARTESIAN_POINT ( 'NONE',  ( 12.88000000000000078, -0.8749999999999998890, 0.7000000000000018430 ) ) ;
#1316 = ORIENTED_EDGE ( 'NONE', *, *, #1056, .F. ) ;
#1317 = ORIENTED_EDGE ( 'NONE', *, *, #2585, .T. ) ;
#1318 = DIRECTION ( 'NONE',  ( -1.000000000000000000, 0.000000000000000000, 0.000000000000000000 ) ) ;
#1319 = CARTESIAN_POINT ( 'NONE',  ( 8.450000000000002842, -0.8749999999999998890, -0.7999999999999977129 ) ) ;
#1320 = CARTESIAN_POINT ( 'NONE',  ( 9.173427227490634550, 1.024999999999999911, 8.450000000000001066 ) ) ;
#1321 = EDGE_CURVE ( 'NONE', #2251, #2183, #1947, .T. ) ;
#1322 = DIRECTION ( 'NONE',  ( 0.000000000000000000, -1.000000000000000000, 0.000000000000000000 ) ) ;
#1323 = CARTESIAN_POINT ( 'NONE',  ( -0.6999999999999992895, 0.8249999999999998446, -0.2999999999999981570 ) ) ;
#1324 = ORIENTED_EDGE ( 'NONE', *, *, #3149, .F. ) ;
#1325 = DIRECTION ( 'NONE',  ( 0.000000000000000000, -1.000000000000000000, 0.000000000000000000 ) ) ;
#1326 = ORIENTED_EDGE ( 'NONE', *, *, #3124, .T. ) ;
#1327 = EDGE_LOOP ( 'NONE', ( #1735, #1433, #825, #3031 ) ) ;
#1328 = CARTESIAN_POINT ( 'NONE',  ( 1.847655314992769027, 1.024999999999999911, 5.100000000000001421 ) ) ;
#1329 = AXIS2_PLACEMENT_3D ( 'NONE', #1362, #3067, #611 ) ;
#1330 = DIRECTION ( 'NONE',  ( 1.000000000000000000, 0.000000000000000000, -0.000000000000000000 ) ) ;
#1331 = CARTESIAN_POINT ( 'NONE',  ( 8.990000000000001990, 0.8749999999999998890, 4.950000000000001066 ) ) ;
#1332 = DIRECTION ( 'NONE',  ( -1.445602896647339706E-15, 0.000000000000000000, -1.000000000000000000 ) ) ;
#1333 = EDGE_LOOP ( 'NONE', ( #2697, #894, #487, #3118 ) ) ;
#1334 = CARTESIAN_POINT ( 'NONE',  ( 13.88000000000000256, 0.8249999999999998446, 14.20000000000000284 ) ) ;
#1335 = VECTOR ( 'NONE', #1342, 1000.000000000000000 ) ;
#1336 = LINE ( 'NONE', #1242, #558 ) ;
#1337 = ORIENTED_EDGE ( 'NONE', *, *, #1042, .T. ) ;
#1338 = VECTOR ( 'NONE', #2626, 1000.000000000000000 ) ;
#1339 = VERTEX_POINT ( 'NONE', #686 ) ;
#1340 = EDGE_CURVE ( 'NONE', #2257, #1021, #2533, .T. ) ;
#1341 = CARTESIAN_POINT ( 'NONE',  ( -0.3499999999999987566, -0.8749999999999998890, 0.2000000000000022593 ) ) ;
#1342 = DIRECTION ( 'NONE',  ( 0.000000000000000000, -1.000000000000000000, 0.000000000000000000 ) ) ;
#1343 = CARTESIAN_POINT ( 'NONE',  ( 13.88000000000000078, -0.8749999999999998890, 9.099999999999997868 ) ) ;
#1344 = LINE ( 'NONE', #1575, #1378 ) ;
#1345 = ORIENTED_EDGE ( 'NONE', *, *, #2620, .F. ) ;
#1346 = PLANE ( 'NONE',  #1244 ) ;
#1347 = LINE ( 'NONE', #2287, #370 ) ;
#1348 = FACE_OUTER_BOUND ( 'NONE', #1706, .T. ) ;
#1349 = DIRECTION ( 'NONE',  ( 0.000000000000000000, 1.000000000000000000, -0.000000000000000000 ) ) ;
#1350 = LINE ( 'NONE', #2802, #1499 ) ;
#1351 = EDGE_CURVE ( 'NONE', #99, #1275, #2460, .T. ) ;
#1352 = DIRECTION ( 'NONE',  ( -1.000000000000000000, 0.000000000000000000, -0.000000000000000000 ) ) ;
#1353 = VERTEX_POINT ( 'NONE', #147 ) ;
#1354 = CARTESIAN_POINT ( 'NONE',  ( 2.950000000000001066, -0.8749999999999998890, -0.2999999999999981570 ) ) ;
#1355 = ORIENTED_EDGE ( 'NONE', *, *, #2218, .T. ) ;
#1356 = ORIENTED_EDGE ( 'NONE', *, *, #273, .F. ) ;
#1357 = CARTESIAN_POINT ( 'NONE',  ( 2.015360208698490752, 0.8749999999999998890, 8.450000000000001066 ) ) ;
#1358 = CARTESIAN_POINT ( 'NONE',  ( 0.7500000000000015543, -0.8749999999999998890, -0.2999999999999981570 ) ) ;
#1359 = ORIENTED_EDGE ( 'NONE', *, *, #807, .F. ) ;
#1360 = DIRECTION ( 'NONE',  ( -1.000000000000000000, -0.000000000000000000, -0.000000000000000000 ) ) ;
#1361 = ORIENTED_EDGE ( 'NONE', *, *, #3099, .F. ) ;
#1362 = CARTESIAN_POINT ( 'NONE',  ( 7.965185930628285504, 1.024999999999999911, 8.300000000000002487 ) ) ;
#1363 = CARTESIAN_POINT ( 'NONE',  ( -1.500000000000000444, -0.8749999999999998890, 10.70000000000000107 ) ) ;
#1364 = EDGE_CURVE ( 'NONE', #1271, #1255, #878, .T. ) ;
#1365 = EDGE_LOOP ( 'NONE', ( #2770, #751, #2518, #908 ) ) ;
#1366 = ORIENTED_EDGE ( 'NONE', *, *, #1608, .F. ) ;
#1367 = EDGE_CURVE ( 'NONE', #23, #1096, #1724, .T. ) ;
#1368 = VERTEX_POINT ( 'NONE', #949 ) ;
#1369 = DIRECTION ( 'NONE',  ( -0.000000000000000000, 1.000000000000000000, -0.000000000000000000 ) ) ;
#1370 = VECTOR ( 'NONE', #2550, 1000.000000000000000 ) ;
#1371 = ORIENTED_EDGE ( 'NONE', *, *, #1826, .T. ) ;
#1372 = CARTESIAN_POINT ( 'NONE',  ( 0.8065727725093683187, 1.024999999999999911, 8.450000000000001066 ) ) ;
#1373 = VECTOR ( 'NONE', #2113, 1000.000000000000000 ) ;
#1374 = EDGE_LOOP ( 'NONE', ( #2790, #1316, #2886, #1906, #2813, #239 ) ) ;
#1375 = DIRECTION ( 'NONE',  ( 1.000000000000000000, 0.000000000000000000, 0.000000000000000000 ) ) ;
#1376 = CARTESIAN_POINT ( 'NONE',  ( -0.8999999999999971356, 1.024999999999999911, 14.20000000000000284 ) ) ;
#1377 = AXIS2_PLACEMENT_3D ( 'NONE', #1301, #2984, #2004 ) ;
#1378 = VECTOR ( 'NONE', #560, 1000.000000000000000 ) ;
#1379 = DIRECTION ( 'NONE',  ( 1.000000000000000000, 0.000000000000000000, 0.000000000000000000 ) ) ;
#1380 = ORIENTED_EDGE ( 'NONE', *, *, #2914, .T. ) ;
#1381 = FACE_OUTER_BOUND ( 'NONE', #1739, .T. ) ;
#1382 = EDGE_CURVE ( 'NONE', #2116, #812, #1039, .T. ) ;
#1383 = DIRECTION ( 'NONE',  ( -1.000000000000000000, 0.000000000000000000, -0.000000000000000000 ) ) ;
#1384 = LINE ( 'NONE', #1050, #491 ) ;
#1385 = LINE ( 'NONE', #1217, #1424 ) ;
#1386 = DIRECTION ( 'NONE',  ( 1.196361017915039486E-16, 0.000000000000000000, 1.000000000000000000 ) ) ;
#1387 = VECTOR ( 'NONE', #1169, 1000.000000000000000 ) ;
#1388 = PLANE ( 'NONE',  #1700 ) ;
#1389 = VERTEX_POINT ( 'NONE', #1663 ) ;
#1390 = EDGE_CURVE ( 'NONE', #2793, #3173, #205, .T. ) ;
#1391 = ORIENTED_EDGE ( 'NONE', *, *, #2476, .F. ) ;
#1392 = CARTESIAN_POINT ( 'NONE',  ( 9.015360208698490752, 0.8749999999999998890, 8.450000000000001066 ) ) ;
#1393 = AXIS2_PLACEMENT_3D ( 'NONE', #2568, #865, #360 ) ;
#1394 = ORIENTED_EDGE ( 'NONE', *, *, #3139, .F. ) ;
#1395 = CARTESIAN_POINT ( 'NONE',  ( 2.173427227490634106, 0.8749999999999998890, 8.450000000000001066 ) ) ;
#1396 = DIRECTION ( 'NONE',  ( 1.000000000000000000, 0.000000000000000000, 0.000000000000000000 ) ) ;
#1397 = ORIENTED_EDGE ( 'NONE', *, *, #596, .F. ) ;
#1398 = ORIENTED_EDGE ( 'NONE', *, *, #2706, .T. ) ;
#1399 = CARTESIAN_POINT ( 'NONE',  ( 4.750000000000001776, -0.8749999999999998890, 0.2000000000000022593 ) ) ;
#1400 = DIRECTION ( 'NONE',  ( 7.228014483236698528E-16, 0.000000000000000000, 1.000000000000000000 ) ) ;
#1401 = EDGE_CURVE ( 'NONE', #2079, #1167, #2675, .T. ) ;
#1402 = ORIENTED_EDGE ( 'NONE', *, *, #2995, .F. ) ;
#1403 = CARTESIAN_POINT ( 'NONE',  ( 8.132344685007232954, 0.8749999999999998890, 5.100000000000001421 ) ) ;
#1404 = DIRECTION ( 'NONE',  ( 0.000000000000000000, -1.000000000000000000, 0.000000000000000000 ) ) ;
#1405 = CYLINDRICAL_SURFACE ( 'NONE', #1377, 0.2000000000000005107 ) ;
#1406 = ORIENTED_EDGE ( 'NONE', *, *, #2953, .F. ) ;
#1407 = EDGE_CURVE ( 'NONE', #2977, #1102, #13, .T. ) ;
#1408 = VECTOR ( 'NONE', #1593, 1000.000000000000000 ) ;
#1409 = VECTOR ( 'NONE', #569, 1000.000000000000000 ) ;
#1410 = EDGE_LOOP ( 'NONE', ( #2433, #1856, #2703, #2877 ) ) ;
#1411 = AXIS2_PLACEMENT_3D ( 'NONE', #1662, #3116, #683 ) ;
#1412 = LINE ( 'NONE', #1921, #1982 ) ;
#1413 = ORIENTED_EDGE ( 'NONE', *, *, #1911, .F. ) ;
#1414 = ADVANCED_FACE ( 'NONE', ( #2029 ), #1116, .F. ) ;
#1415 = CARTESIAN_POINT ( 'NONE',  ( -0.05999999999999929001, -1.024999999999999911, 13.50000000000000355 ) ) ;
#1416 = LINE ( 'NONE', #316, #1034 ) ;
#1417 = DIRECTION ( 'NONE',  ( -1.000000000000000000, 0.000000000000000000, 0.000000000000000000 ) ) ;
#1418 = ORIENTED_EDGE ( 'NONE', *, *, #382, .T. ) ;
#1419 = CARTESIAN_POINT ( 'NONE',  ( 6.950000000000001954, -0.8749999999999998890, -0.2999999999999981570 ) ) ;
#1420 = LINE ( 'NONE', #1567, #2797 ) ;
#1421 = FACE_OUTER_BOUND ( 'NONE', #1918, .T. ) ;
#1422 = EDGE_CURVE ( 'NONE', #1866, #3147, #1614, .T. ) ;
#1423 = DIRECTION ( 'NONE',  ( 0.000000000000000000, -1.000000000000000000, 0.000000000000000000 ) ) ;
#1424 = VECTOR ( 'NONE', #2472, 1000.000000000000000 ) ;
#1425 = ORIENTED_EDGE ( 'NONE', *, *, #376, .F. ) ;
#1426 = DIRECTION ( 'NONE',  ( 1.084202172485504631E-15, 0.000000000000000000, 1.000000000000000000 ) ) ;
#1427 = ORIENTED_EDGE ( 'NONE', *, *, #1281, .F. ) ;
#1428 = CARTESIAN_POINT ( 'NONE',  ( 3.650000000000001243, -0.8749999999999998890, -0.2999999999999981570 ) ) ;
#1429 = ADVANCED_FACE ( 'NONE', ( #2494 ), #1697, .T. ) ;
#1430 = VERTEX_POINT ( 'NONE', #2215 ) ;
#1431 = AXIS2_PLACEMENT_3D ( 'NONE', #809, #2777, #542 ) ;
#1432 = CARTESIAN_POINT ( 'NONE',  ( 13.68000000000000327, 0.8249999999999998446, 14.20000000000000284 ) ) ;
#1433 = ORIENTED_EDGE ( 'NONE', *, *, #3119, .F. ) ;
#1434 = CARTESIAN_POINT ( 'NONE',  ( 1.850000000000001865, -1.024999999999999911, -0.2999999999999981570 ) ) ;
#1435 = CARTESIAN_POINT ( 'NONE',  ( 1.290000000000001146, 0.8749999999999998890, 5.350000000000001421 ) ) ;
#1436 = ORIENTED_EDGE ( 'NONE', *, *, #314, .T. ) ;
#1437 = DIRECTION ( 'NONE',  ( 0.000000000000000000, -1.000000000000000000, 0.000000000000000000 ) ) ;
#1438 = EDGE_CURVE ( 'NONE', #701, #176, #449, .T. ) ;
#1439 = EDGE_LOOP ( 'NONE', ( #976, #1391, #2934, #1843 ) ) ;
#1440 = CARTESIAN_POINT ( 'NONE',  ( 13.48000000000000043, -0.8749999999999998890, -0.2999999999999981570 ) ) ;
#1441 = VERTEX_POINT ( 'NONE', #1198 ) ;
#1442 = VECTOR ( 'NONE', #605, 1000.000000000000000 ) ;
#1443 = LINE ( 'NONE', #1511, #2587 ) ;
#1444 = VERTEX_POINT ( 'NONE', #466 ) ;
#1445 = DIRECTION ( 'NONE',  ( -1.000000000000000000, 0.000000000000000000, -0.000000000000000000 ) ) ;
#1446 = VECTOR ( 'NONE', #556, 1000.000000000000000 ) ;
#1447 = EDGE_CURVE ( 'NONE', #2043, #203, #2172, .T. ) ;
#1448 = DIRECTION ( 'NONE',  ( -0.9986295347545740553, 0.000000000000000000, -0.05233595624294039295 ) ) ;
#1449 = VERTEX_POINT ( 'NONE', #3150 ) ;
#1450 = VECTOR ( 'NONE', #2754, 1000.000000000000000 ) ;
#1451 = ORIENTED_EDGE ( 'NONE', *, *, #863, .F. ) ;
#1452 = CARTESIAN_POINT ( 'NONE',  ( 6.490000000000000213, -1.024999999999999911, 6.950000000000000178 ) ) ;
#1453 = AXIS2_PLACEMENT_3D ( 'NONE', #1097, #2805, #2559 ) ;
#1454 = VECTOR ( 'NONE', #89, 1000.000000000000000 ) ;
#1455 = CIRCLE ( 'NONE', #2591, 0.1499999999999999667 ) ;
#1456 = CARTESIAN_POINT ( 'NONE',  ( 8.847655314992769249, 0.8749999999999998890, 5.100000000000001421 ) ) ;
#1457 = CARTESIAN_POINT ( 'NONE',  ( 1.850000000000001865, -0.8749999999999998890, 0.2000000000000022593 ) ) ;
#1458 = DIRECTION ( 'NONE',  ( 0.000000000000000000, 0.000000000000000000, -1.000000000000000000 ) ) ;
#1459 = VECTOR ( 'NONE', #2291, 1000.000000000000114 ) ;
#1460 = ADVANCED_FACE ( 'NONE', ( #287 ), #204, .F. ) ;
#1461 = DIRECTION ( 'NONE',  ( -0.000000000000000000, -1.000000000000000000, 0.000000000000000000 ) ) ;
#1462 = VECTOR ( 'NONE', #3133, 1000.000000000000000 ) ;
#1463 = EDGE_CURVE ( 'NONE', #2109, #2336, #1761, .T. ) ;
#1464 = ORIENTED_EDGE ( 'NONE', *, *, #807, .T. ) ;
#1465 = VERTEX_POINT ( 'NONE', #3158 ) ;
#1466 = CARTESIAN_POINT ( 'NONE',  ( -0.8999999999999989120, -1.024999999999999911, 0.7000000000000018430 ) ) ;
#1467 = ORIENTED_EDGE ( 'NONE', *, *, #895, .T. ) ;
#1468 = EDGE_CURVE ( 'NONE', #2861, #1248, #1303, .T. ) ;
#1469 = DIRECTION ( 'NONE',  ( 0.3189603991634881730, 0.000000000000000000, -0.9477680432286522683 ) ) ;
#1470 = ORIENTED_EDGE ( 'NONE', *, *, #2541, .T. ) ;
#1471 = CARTESIAN_POINT ( 'NONE',  ( 7.990000000000000213, 0.8749999999999998890, 4.950000000000001066 ) ) ;
#1472 = ORIENTED_EDGE ( 'NONE', *, *, #2799, .F. ) ;
#1473 = CARTESIAN_POINT ( 'NONE',  ( 13.68000000000000149, 0.8249999999999998446, 0.9000000000000014655 ) ) ;
#1474 = ADVANCED_FACE ( 'NONE', ( #2831 ), #1968, .F. ) ;
#1475 = MECHANICAL_DESIGN_GEOMETRIC_PRESENTATION_REPRESENTATION (  '', ( #420 ), #179 ) ;
#1476 = ORIENTED_EDGE ( 'NONE', *, *, #1667, .F. ) ;
#1477 = CARTESIAN_POINT ( 'NONE',  ( 8.290000000000002700, 0.8749999999999998890, 5.350000000000001421 ) ) ;
#1478 = CARTESIAN_POINT ( 'NONE',  ( 8.050000000000000711, -0.8749999999999998890, 0.2000000000000022593 ) ) ;
#1479 = EDGE_CURVE ( 'NONE', #2387, #2079, #2491, .T. ) ;
#1480 = LINE ( 'NONE', #539, #1070 ) ;
#1481 = ORIENTED_EDGE ( 'NONE', *, *, #2388, .T. ) ;
#1482 = CARTESIAN_POINT ( 'NONE',  ( 6.490000000000000213, -0.8749999999999998890, 6.950000000000000178 ) ) ;
#1483 = VECTOR ( 'NONE', #1282, 1000.000000000000000 ) ;
#1484 = VECTOR ( 'NONE', #1640, 1000.000000000000000 ) ;
#1485 = EDGE_CURVE ( 'NONE', #1818, #1368, #1682, .T. ) ;
#1486 = DIRECTION ( 'NONE',  ( 1.000000000000000000, -0.000000000000000000, -7.228014483236698528E-16 ) ) ;
#1487 = VECTOR ( 'NONE', #536, 1000.000000000000000 ) ;
#1488 = DIRECTION ( 'NONE',  ( -1.000000000000000000, 0.000000000000000000, -0.000000000000000000 ) ) ;
#1489 = AXIS2_PLACEMENT_3D ( 'NONE', #2019, #544, #50 ) ;
#1490 = DIRECTION ( 'NONE',  ( 1.000000000000000000, 0.000000000000000000, 0.000000000000000000 ) ) ;
#1491 = VECTOR ( 'NONE', #2012, 1000.000000000000000 ) ;
#1492 = PLANE ( 'NONE',  #2402 ) ;
#1493 = ADVANCED_FACE ( 'NONE', ( #282 ), #190, .F. ) ;
#1494 = VERTEX_POINT ( 'NONE', #500 ) ;
#1495 = CARTESIAN_POINT ( 'NONE',  ( 9.014814069371716698, 0.8749999999999998890, 8.300000000000002487 ) ) ;
#1496 = FACE_OUTER_BOUND ( 'NONE', #763, .T. ) ;
#1497 = DIRECTION ( 'NONE',  ( 1.000000000000000000, 0.000000000000000000, 0.000000000000000000 ) ) ;
#1498 = LINE ( 'NONE', #2143, #1188 ) ;
#1499 = VECTOR ( 'NONE', #3036, 1000.000000000000000 ) ;
#1500 = CARTESIAN_POINT ( 'NONE',  ( 13.48000000000000043, -1.024999999999999911, 0.7000000000000018430 ) ) ;
#1501 = EDGE_CURVE ( 'NONE', #2890, #2365, #875, .T. ) ;
#1502 = ORIENTED_EDGE ( 'NONE', *, *, #2062, .F. ) ;
#1503 = DIRECTION ( 'NONE',  ( -1.000000000000000000, 0.000000000000000000, 1.196361017915039732E-16 ) ) ;
#1504 = ORIENTED_EDGE ( 'NONE', *, *, #785, .F. ) ;
#1505 = VERTEX_POINT ( 'NONE', #1538 ) ;
#1506 = EDGE_CURVE ( 'NONE', #1271, #1275, #1298, .T. ) ;
#1507 = CARTESIAN_POINT ( 'NONE',  ( 0.3500000000000013656, -0.8749999999999998890, -0.7999999999999977129 ) ) ;
#1508 = ORIENTED_EDGE ( 'NONE', *, *, #2868, .T. ) ;
#1509 = ADVANCED_FACE ( 'NONE', ( #3134 ), #281, .T. ) ;
#1510 = PLANE ( 'NONE',  #831 ) ;
#1511 = CARTESIAN_POINT ( 'NONE',  ( 9.099999999999999645, -0.02500000000000006384, 13.50000000000000355 ) ) ;
#1512 = EDGE_CURVE ( 'NONE', #2920, #3082, #2631, .T. ) ;
#1513 = ORIENTED_EDGE ( 'NONE', *, *, #1142, .T. ) ;
#1514 = CARTESIAN_POINT ( 'NONE',  ( 2.014814069371715810, 1.024999999999999911, 8.450000000000001066 ) ) ;
#1515 = DIRECTION ( 'NONE',  ( 0.000000000000000000, 0.000000000000000000, -1.000000000000000000 ) ) ;
#1516 = VERTEX_POINT ( 'NONE', #2969 ) ;
#1517 = AXIS2_PLACEMENT_3D ( 'NONE', #2720, #738, #1219 ) ;
#1518 = EDGE_LOOP ( 'NONE', ( #896, #817, #1914, #2356 ) ) ;
#1519 = CARTESIAN_POINT ( 'NONE',  ( -1.499999999999998668, -0.8749999999999998890, 9.099999999999999645 ) ) ;
#1520 = CARTESIAN_POINT ( 'NONE',  ( -1.499999999999998668, -0.8749999999999998890, 0.7000000000000018430 ) ) ;
#1521 = VECTOR ( 'NONE', #1810, 1000.000000000000000 ) ;
#1522 = FACE_OUTER_BOUND ( 'NONE', #1518, .T. ) ;
#1523 = EDGE_LOOP ( 'NONE', ( #1886, #1885, #216, #2136 ) ) ;
#1524 = DIRECTION ( 'NONE',  ( 1.196361017915039732E-16, 0.000000000000000000, 1.000000000000000000 ) ) ;
#1525 = ADVANCED_FACE ( 'NONE', ( #524 ), #41, .F. ) ;
#1526 = DIRECTION ( 'NONE',  ( -0.000000000000000000, -1.000000000000000000, 0.000000000000000000 ) ) ;
#1527 = EDGE_CURVE ( 'NONE', #212, #2353, #1905, .T. ) ;
#1528 = LINE ( 'NONE', #1629, #1978 ) ;
#1529 = ORIENTED_EDGE ( 'NONE', *, *, #1845, .T. ) ;
#1530 = CARTESIAN_POINT ( 'NONE',  ( 1.690000000000000613, 1.024999999999999911, 5.350000000000001421 ) ) ;
#1531 = VECTOR ( 'NONE', #1596, 1000.000000000000000 ) ;
#1532 = EDGE_CURVE ( 'NONE', #861, #73, #1580, .T. ) ;
#1533 = ORIENTED_EDGE ( 'NONE', *, *, #1121, .T. ) ;
#1534 = CARTESIAN_POINT ( 'NONE',  ( 0.3500000000000004774, -1.024999999999999911, -0.2999999999999981570 ) ) ;
#1535 = VECTOR ( 'NONE', #396, 1000.000000000000000 ) ;
#1536 = LINE ( 'NONE', #217, #880 ) ;
#1537 = AXIS2_PLACEMENT_3D ( 'NONE', #2601, #2589, #1379 ) ;
#1538 = CARTESIAN_POINT ( 'NONE',  ( 1.865075964201309056, 0.8749999999999998890, 8.308860014671326510 ) ) ;
#1539 = VECTOR ( 'NONE', #120, 1000.000000000000000 ) ;
#1540 = DIRECTION ( 'NONE',  ( 1.000000000000000000, 0.000000000000000000, 0.000000000000000000 ) ) ;
#1541 = VECTOR ( 'NONE', #2935, 1000.000000000000000 ) ;
#1542 = DIRECTION ( 'NONE',  ( 0.000000000000000000, -1.000000000000000000, 0.000000000000000000 ) ) ;
#1543 = FACE_OUTER_BOUND ( 'NONE', #2689, .T. ) ;
#1544 = ORIENTED_EDGE ( 'NONE', *, *, #2171, .T. ) ;
#1545 = CARTESIAN_POINT ( 'NONE',  ( 9.015360208698490752, 1.024999999999999911, 8.300000000000002487 ) ) ;
#1546 = EDGE_LOOP ( 'NONE', ( #146, #1777, #2363, #1637 ) ) ;
#1547 = CARTESIAN_POINT ( 'NONE',  ( 13.48000000000000043, -0.8749999999999998890, -0.2999999999999981570 ) ) ;
#1548 = EDGE_CURVE ( 'NONE', #656, #11, #200, .T. ) ;
#1549 = VERTEX_POINT ( 'NONE', #2263 ) ;
#1550 = ORIENTED_EDGE ( 'NONE', *, *, #685, .T. ) ;
#1551 = DIRECTION ( 'NONE',  ( 0.000000000000000000, -1.000000000000000000, 0.000000000000000000 ) ) ;
#1552 = CARTESIAN_POINT ( 'NONE',  ( 7.964639791301513227, 1.024999999999999911, 8.300000000000002487 ) ) ;
#1553 = PRODUCT_DEFINITION_SHAPE ( 'NONE', 'NONE',  #585 ) ;
#1554 = ORIENTED_EDGE ( 'NONE', *, *, #174, .F. ) ;
#1555 = ORIENTED_EDGE ( 'NONE', *, *, #2120, .T. ) ;
#1556 = CARTESIAN_POINT ( 'NONE',  ( 2.550000000000001155, -1.024999999999999911, 0.2000000000000022593 ) ) ;
#1557 = ORIENTED_EDGE ( 'NONE', *, *, #2579, .T. ) ;
#1558 = DIRECTION ( 'NONE',  ( 0.000000000000000000, -0.000000000000000000, -1.000000000000000000 ) ) ;
#1559 = AXIS2_PLACEMENT_3D ( 'NONE', #57, #567, #3024 ) ;
#1560 = CARTESIAN_POINT ( 'NONE',  ( 6.490000000000000213, -0.8749999999999998890, 6.950000000000000178 ) ) ;
#1561 = DIRECTION ( 'NONE',  ( -0.9477680432286522683, 0.000000000000000000, -0.3189603991634881730 ) ) ;
#1562 = ORIENTED_EDGE ( 'NONE', *, *, #2625, .F. ) ;
#1563 = CARTESIAN_POINT ( 'NONE',  ( 5.150000000000002132, -1.024999999999999911, -0.2999999999999981570 ) ) ;
#1564 = DIRECTION ( 'NONE',  ( -0.000000000000000000, -1.000000000000000000, -0.000000000000000000 ) ) ;
#1565 = AXIS2_PLACEMENT_3D ( 'NONE', #826, #1564, #65 ) ;
#1566 = ORIENTED_EDGE ( 'NONE', *, *, #1422, .F. ) ;
#1567 = CARTESIAN_POINT ( 'NONE',  ( 6.250000000000000888, -0.8749999999999998890, 0.2000000000000022593 ) ) ;
#1568 = ORIENTED_EDGE ( 'NONE', *, *, #2431, .T. ) ;
#1569 = DIRECTION ( 'NONE',  ( 0.000000000000000000, -1.000000000000000000, 0.000000000000000000 ) ) ;
#1570 = LINE ( 'NONE', #1063, #2590 ) ;
#1571 = APPLICATION_PROTOCOL_DEFINITION ( 'draft international standard', 'automotive_design', 1998, #2532 ) ;
#1572 = CARTESIAN_POINT ( 'NONE',  ( 7.806572772509368541, 0.8749999999999998890, 8.450000000000001066 ) ) ;
#1573 = LINE ( 'NONE', #1320, #1409 ) ;
#1574 = CARTESIAN_POINT ( 'NONE',  ( 11.53999999999999915, -0.02500000000000006384, 0.4500000000000007327 ) ) ;
#1575 = CARTESIAN_POINT ( 'NONE',  ( 7.965185930628285504, 0.8749999999999998890, 8.450000000000001066 ) ) ;
#1576 = CIRCLE ( 'NONE', #113, 0.1500000000000008271 ) ;
#1577 = ORIENTED_EDGE ( 'NONE', *, *, #2223, .T. ) ;
#1578 = DIRECTION ( 'NONE',  ( 1.000000000000000000, 0.000000000000000000, 0.000000000000000000 ) ) ;
#1579 = EDGE_CURVE ( 'NONE', #1167, #2151, #2595, .T. ) ;
#1580 = LINE ( 'NONE', #1017, #1256 ) ;
#1581 = EDGE_CURVE ( 'NONE', #62, #272, #602, .T. ) ;
#1582 = CIRCLE ( 'NONE', #1200, 0.1499999999999999667 ) ;
#1583 = LINE ( 'NONE', #2083, #206 ) ;
#1584 = DIRECTION ( 'NONE',  ( 0.000000000000000000, 0.000000000000000000, -1.000000000000000000 ) ) ;
#1585 = LINE ( 'NONE', #2417, #414 ) ;
#1586 = AXIS2_PLACEMENT_3D ( 'NONE', #107, #2139, #1417 ) ;
#1587 = DIRECTION ( 'NONE',  ( -1.000000000000000000, 0.000000000000000000, 1.445602896647339706E-15 ) ) ;
#1588 = FACE_OUTER_BOUND ( 'NONE', #2510, .T. ) ;
#1589 = VERTEX_POINT ( 'NONE', #2993 ) ;
#1590 = ORIENTED_EDGE ( 'NONE', *, *, #699, .F. ) ;
#1591 = DIRECTION ( 'NONE',  ( 0.05906676447550263803, 0.000000000000000000, 0.9982540344693806578 ) ) ;
#1592 = ORIENTED_EDGE ( 'NONE', *, *, #1924, .T. ) ;
#1593 = DIRECTION ( 'NONE',  ( 0.000000000000000000, -1.000000000000000000, 0.000000000000000000 ) ) ;
#1594 = CARTESIAN_POINT ( 'NONE',  ( -0.8999999999999989120, -0.8749999999999998890, 0.7000000000000018430 ) ) ;
#1595 = EDGE_CURVE ( 'NONE', #2540, #77, #2975, .T. ) ;
#1596 = DIRECTION ( 'NONE',  ( 0.000000000000000000, 0.000000000000000000, -1.000000000000000000 ) ) ;
#1597 = CARTESIAN_POINT ( 'NONE',  ( -0.8999999999999989120, -1.024999999999999911, -0.2999999999999981570 ) ) ;
#1598 = VERTEX_POINT ( 'NONE', #1057 ) ;
#1599 = CARTESIAN_POINT ( 'NONE',  ( 4.050000000000001599, 1.024999999999999911, -0.2999999999999981570 ) ) ;
#1600 = ORIENTED_EDGE ( 'NONE', *, *, #148, .F. ) ;
#1601 = ORIENTED_EDGE ( 'NONE', *, *, #785, .T. ) ;
#1602 = CARTESIAN_POINT ( 'NONE',  ( 2.550000000000001155, -1.024999999999999911, -0.7999999999999977129 ) ) ;
#1603 = ORIENTED_EDGE ( 'NONE', *, *, #1955, .T. ) ;
#1604 = LINE ( 'NONE', #2814, #436 ) ;
#1605 = VECTOR ( 'NONE', #265, 1000.000000000000000 ) ;
#1606 = ORIENTED_EDGE ( 'NONE', *, *, #909, .T. ) ;
#1607 = VECTOR ( 'NONE', #3002, 1000.000000000000000 ) ;
#1608 = EDGE_CURVE ( 'NONE', #619, #1183, #2864, .T. ) ;
#1609 = DIRECTION ( 'NONE',  ( 0.000000000000000000, -0.000000000000000000, 1.000000000000000000 ) ) ;
#1610 = VECTOR ( 'NONE', #857, 1000.000000000000000 ) ;
#1611 = ORIENTED_EDGE ( 'NONE', *, *, #699, .T. ) ;
#1612 = CARTESIAN_POINT ( 'NONE',  ( 2.950000000000001066, -1.024999999999999911, -0.2999999999999981570 ) ) ;
#1613 = CARTESIAN_POINT ( 'NONE',  ( 5.150000000000002132, -0.8749999999999998890, -0.7999999999999977129 ) ) ;
#1614 = LINE ( 'NONE', #2904, #3137 ) ;
#1615 = VECTOR ( 'NONE', #3106, 1000.000000000000000 ) ;
#1616 = DIRECTION ( 'NONE',  ( 0.000000000000000000, -1.000000000000000000, 0.000000000000000000 ) ) ;
#1617 = LINE ( 'NONE', #1507, #920 ) ;
#1618 = LINE ( 'NONE', #1249, #3141 ) ;
#1619 = AXIS2_PLACEMENT_3D ( 'NONE', #770, #2450, #3189 ) ;
#1620 = LINE ( 'NONE', #2436, #2306 ) ;
#1621 = PLANE ( 'NONE',  #2577 ) ;
#1622 = ORIENTED_EDGE ( 'NONE', *, *, #1382, .T. ) ;
#1623 = AXIS2_PLACEMENT_3D ( 'NONE', #456, #2181, #476 ) ;
#1624 = DIRECTION ( 'NONE',  ( -1.000000000000000000, 0.000000000000000000, 0.000000000000000000 ) ) ;
#1625 = DIRECTION ( 'NONE',  ( -0.05233595624294063581, 0.000000000000000000, -0.9986295347545741663 ) ) ;
#1626 = ORIENTED_EDGE ( 'NONE', *, *, #3016, .F. ) ;
#1627 = VERTEX_POINT ( 'NONE', #1514 ) ;
#1628 = DIRECTION ( 'NONE',  ( 0.000000000000000000, 1.000000000000000000, -0.000000000000000000 ) ) ;
#1629 = CARTESIAN_POINT ( 'NONE',  ( 6.950000000000001066, -0.8749999999999998890, -0.7999999999999977129 ) ) ;
#1630 = CARTESIAN_POINT ( 'NONE',  ( 13.88000000000000078, 1.024999999999999911, 0.9000000000000014655 ) ) ;
#1631 = EDGE_CURVE ( 'NONE', #2553, #3069, #2335, .T. ) ;
#1632 = EDGE_LOOP ( 'NONE', ( #1197, #3110, #2917, #321 ) ) ;
#1633 = DIRECTION ( 'NONE',  ( 1.000000000000000000, 0.000000000000000000, -0.000000000000000000 ) ) ;
#1634 = ORIENTED_EDGE ( 'NONE', *, *, #2476, .T. ) ;
#1635 = EDGE_CURVE ( 'NONE', #2077, #1239, #2792, .T. ) ;
#1636 = CARTESIAN_POINT ( 'NONE',  ( 6.950000000000001066, -0.8749999999999998890, 0.2000000000000022593 ) ) ;
#1637 = ORIENTED_EDGE ( 'NONE', *, *, #768, .T. ) ;
#1638 = DIRECTION ( 'NONE',  ( -0.000000000000000000, 1.000000000000000000, -0.000000000000000000 ) ) ;
#1639 = LINE ( 'NONE', #1372, #630 ) ;
#1640 = DIRECTION ( 'NONE',  ( -0.000000000000000000, 1.000000000000000000, 0.000000000000000000 ) ) ;
#1641 = ORIENTED_EDGE ( 'NONE', *, *, #429, .T. ) ;
#1642 = LINE ( 'NONE', #2786, #1446 ) ;
#1643 = VECTOR ( 'NONE', #2520, 1000.000000000000000 ) ;
#1644 = PLANE ( 'NONE',  #16 ) ;
#1645 = LINE ( 'NONE', #2938, #3052 ) ;
#1646 = PLANE ( 'NONE',  #2084 ) ;
#1647 = ORIENTED_EDGE ( 'NONE', *, *, #148, .T. ) ;
#1648 = VECTOR ( 'NONE', #1437, 1000.000000000000000 ) ;
#1649 = EDGE_CURVE ( 'NONE', #868, #555, #2137, .T. ) ;
#1650 = VECTOR ( 'NONE', #1542, 1000.000000000000000 ) ;
#1651 = VECTOR ( 'NONE', #377, 1000.000000000000000 ) ;
#1652 = DIRECTION ( 'NONE',  ( 1.000000000000000000, 0.000000000000000000, -0.000000000000000000 ) ) ;
#1653 = CARTESIAN_POINT ( 'NONE',  ( 8.689999999999999503, 0.8749999999999998890, 5.350000000000001421 ) ) ;
#1654 = LINE ( 'NONE', #692, #1387 ) ;
#1655 = CARTESIAN_POINT ( 'NONE',  ( 0.7500000000000015543, -0.8749999999999998890, 0.2000000000000022593 ) ) ;
#1656 = ORIENTED_EDGE ( 'NONE', *, *, #789, .F. ) ;
#1657 = VERTEX_POINT ( 'NONE', #3204 ) ;
#1658 = AXIS2_PLACEMENT_3D ( 'NONE', #1061, #2772, #1308 ) ;
#1659 = VERTEX_POINT ( 'NONE', #1980 ) ;
#1660 = ORIENTED_EDGE ( 'NONE', *, *, #3183, .F. ) ;
#1661 = EDGE_LOOP ( 'NONE', ( #2742, #892, #2548, #2756 ) ) ;
#1662 = CARTESIAN_POINT ( 'NONE',  ( 2.014814069371715810, 0.8749999999999998890, 8.300000000000002487 ) ) ;
#1663 = CARTESIAN_POINT ( 'NONE',  ( 6.949999999999996625, -1.024999999999999911, -0.2999999999999981570 ) ) ;
#1664 = ORIENTED_EDGE ( 'NONE', *, *, #641, .F. ) ;
#1665 = ORIENTED_EDGE ( 'NONE', *, *, #1407, .F. ) ;
#1666 = ADVANCED_FACE ( 'NONE', ( #1985 ), #1991, .F. ) ;
#1667 = EDGE_CURVE ( 'NONE', #11, #2992, #1184, .T. ) ;
#1668 = EDGE_LOOP ( 'NONE', ( #467, #584, #223, #3162 ) ) ;
#1669 = CARTESIAN_POINT ( 'NONE',  ( 2.173427227490634106, 0.8749999999999998890, 8.450000000000001066 ) ) ;
#1670 = CARTESIAN_POINT ( 'NONE',  ( -0.8999999999999989120, -1.024999999999999911, 13.50000000000000355 ) ) ;
#1671 = DIRECTION ( 'NONE',  ( 0.000000000000000000, 0.000000000000000000, 1.000000000000000000 ) ) ;
#1672 = VERTEX_POINT ( 'NONE', #2502 ) ;
#1673 = CARTESIAN_POINT ( 'NONE',  ( 6.250000000000000888, -1.024999999999999911, -0.2999999999999981570 ) ) ;
#1674 = LINE ( 'NONE', #615, #3049 ) ;
#1675 = CIRCLE ( 'NONE', #711, 0.1500000000000008271 ) ;
#1676 = ORIENTED_EDGE ( 'NONE', *, *, #25, .F. ) ;
#1677 = CARTESIAN_POINT ( 'NONE',  ( 5.850000000000002309, -1.024999999999999911, -0.7999999999999977129 ) ) ;
#1678 = AXIS2_PLACEMENT_3D ( 'NONE', #2203, #2190, #3195 ) ;
#1679 = VECTOR ( 'NONE', #2273, 1000.000000000000000 ) ;
#1680 = CARTESIAN_POINT ( 'NONE',  ( 11.54000000000000092, 0.8749999999999998890, 15.65000000000000391 ) ) ;
#1681 = DIRECTION ( 'NONE',  ( 0.000000000000000000, -1.000000000000000000, 0.000000000000000000 ) ) ;
#1682 = LINE ( 'NONE', #1719, #48 ) ;
#1683 = CARTESIAN_POINT ( 'NONE',  ( 7.964639791301513227, 0.8749999999999998890, 8.450000000000001066 ) ) ;
#1684 = ORIENTED_EDGE ( 'NONE', *, *, #3099, .T. ) ;
#1685 = CARTESIAN_POINT ( 'NONE',  ( 8.290000000000002700, 1.024999999999999911, 5.350000000000001421 ) ) ;
#1686 = LINE ( 'NONE', #2088, #1151 ) ;
#1687 = VECTOR ( 'NONE', #1584, 1000.000000000000000 ) ;
#1688 = EDGE_CURVE ( 'NONE', #1441, #2731, #1416, .T. ) ;
#1689 = LINE ( 'NONE', #2974, #1043 ) ;
#1690 = LINE ( 'NONE', #2155, #1462 ) ;
#1691 = DIRECTION ( 'NONE',  ( 0.000000000000000000, 0.000000000000000000, -1.000000000000000000 ) ) ;
#1692 = DIRECTION ( 'NONE',  ( 1.000000000000000000, 0.000000000000000000, 0.000000000000000000 ) ) ;
#1693 = EDGE_CURVE ( 'NONE', #2045, #656, #10, .T. ) ;
#1694 = DIRECTION ( 'NONE',  ( -1.000000000000000000, 0.000000000000000000, -0.000000000000000000 ) ) ;
#1695 = EDGE_LOOP ( 'NONE', ( #2773, #508, #1317, #2096 ) ) ;
#1696 = ORIENTED_EDGE ( 'NONE', *, *, #2458, .F. ) ;
#1697 = PLANE ( 'NONE',  #2942 ) ;
#1698 = DIRECTION ( 'NONE',  ( 0.000000000000000000, 0.000000000000000000, 1.000000000000000000 ) ) ;
#1699 = ORIENTED_EDGE ( 'NONE', *, *, #1270, .F. ) ;
#1700 = AXIS2_PLACEMENT_3D ( 'NONE', #3093, #618, #1819 ) ;
#1701 = ORIENTED_EDGE ( 'NONE', *, *, #516, .F. ) ;
#1702 = ADVANCED_FACE ( 'NONE', ( #1758 ), #305, .T. ) ;
#1703 = ORIENTED_EDGE ( 'NONE', *, *, #533, .F. ) ;
#1704 = DIRECTION ( 'NONE',  ( 0.05906676447550236048, -0.000000000000000000, -0.9982540344693806578 ) ) ;
#1705 = CARTESIAN_POINT ( 'NONE',  ( -1.499999999999998668, -1.024999999999999911, -0.2999999999999981570 ) ) ;
#1706 = EDGE_LOOP ( 'NONE', ( #2322, #2563, #658, #2319, #1701, #1115, #2444, #8, #1051, #1235, #2826, #1740, #335, #1058, #114, #1036, #253, #2613, #2544, #2089, #422, #1055, #628, #385, #1215, #695, #1398, #781, #2184, #1278, #1871, #2310, #2918, #2610, #1193, #263, #29, #2525, #778, #1634, #268, #2896, #2282, #2246, #2507, #3186, #1622, #722, #1812, #855, #1467, #304, #353, #1481, #1048, #3105 ) ) ;
#1707 = DIRECTION ( 'NONE',  ( 1.000000000000000000, 0.000000000000000000, -0.000000000000000000 ) ) ;
#1708 = EDGE_CURVE ( 'NONE', #2701, #439, #361, .T. ) ;
#1709 = ORIENTED_EDGE ( 'NONE', *, *, #295, .T. ) ;
#1710 = ORIENTED_EDGE ( 'NONE', *, *, #3207, .T. ) ;
#1711 = DIRECTION ( 'NONE',  ( -1.000000000000000000, 0.000000000000000000, 0.000000000000000000 ) ) ;
#1712 = FACE_OUTER_BOUND ( 'NONE', #2949, .T. ) ;
#1713 = ORIENTED_EDGE ( 'NONE', *, *, #2348, .F. ) ;
#1714 = CARTESIAN_POINT ( 'NONE',  ( 6.950000000000001066, -1.024999999999999911, -0.7999999999999977129 ) ) ;
#1715 = DIRECTION ( 'NONE',  ( 0.000000000000000000, 0.000000000000000000, 1.000000000000000000 ) ) ;
#1716 = VECTOR ( 'NONE', #994, 1000.000000000000000 ) ;
#1717 = EDGE_CURVE ( 'NONE', #213, #1505, #761, .T. ) ;
#1718 = FACE_OUTER_BOUND ( 'NONE', #1149, .T. ) ;
#1719 = CARTESIAN_POINT ( 'NONE',  ( 9.150000000000002132, 1.024999999999999911, -0.2999999999999981570 ) ) ;
#1720 = ADVANCED_FACE ( 'NONE', ( #640 ), #849, .T. ) ;
#1721 = VECTOR ( 'NONE', #1671, 1000.000000000000000 ) ;
#1722 = ORIENTED_EDGE ( 'NONE', *, *, #83, .F. ) ;
#1723 = AXIS2_PLACEMENT_3D ( 'NONE', #1456, #198, #1691 ) ;
#1724 = LINE ( 'NONE', #2121, #2940 ) ;
#1725 = DIRECTION ( 'NONE',  ( 0.000000000000000000, -0.000000000000000000, -1.000000000000000000 ) ) ;
#1726 = CARTESIAN_POINT ( 'NONE',  ( 0.9646397913015118952, 0.8749999999999998890, 8.300000000000002487 ) ) ;
#1727 = VECTOR ( 'NONE', #352, 1000.000000000000000 ) ;
#1728 = FACE_OUTER_BOUND ( 'NONE', #706, .T. ) ;
#1729 = LINE ( 'NONE', #3080, #1838 ) ;
#1730 = EDGE_CURVE ( 'NONE', #1804, #2109, #87, .T. ) ;
#1731 = DIRECTION ( 'NONE',  ( 0.000000000000000000, -1.000000000000000000, 0.000000000000000000 ) ) ;
#1732 = VERTEX_POINT ( 'NONE', #1563 ) ;
#1733 = ORIENTED_EDGE ( 'NONE', *, *, #2285, .F. ) ;
#1734 = ADVANCED_FACE ( 'NONE', ( #2670 ), #1346, .F. ) ;
#1735 = ORIENTED_EDGE ( 'NONE', *, *, #1501, .T. ) ;
#1736 = CARTESIAN_POINT ( 'NONE',  ( -0.8999999999999989120, -1.024999999999999911, 10.70000000000000107 ) ) ;
#1737 = ORIENTED_EDGE ( 'NONE', *, *, #182, .T. ) ;
#1738 = EDGE_CURVE ( 'NONE', #2193, #104, #2256, .T. ) ;
#1739 = EDGE_LOOP ( 'NONE', ( #860, #1981, #2053, #562 ) ) ;
#1740 = ORIENTED_EDGE ( 'NONE', *, *, #1907, .T. ) ;
#1741 = VERTEX_POINT ( 'NONE', #96 ) ;
#1742 = CARTESIAN_POINT ( 'NONE',  ( 14.48000000000000043, -0.8749999999999998890, 10.69999999999999929 ) ) ;
#1743 = ORIENTED_EDGE ( 'NONE', *, *, #174, .T. ) ;
#1744 = DIRECTION ( 'NONE',  ( 0.05906676447550236048, 0.000000000000000000, -0.9982540344693806578 ) ) ;
#1745 = PLANE ( 'NONE',  #1068 ) ;
#1746 = ADVANCED_FACE ( 'NONE', ( #2418 ), #2026, .F. ) ;
#1747 = EDGE_CURVE ( 'NONE', #1102, #3147, #1344, .T. ) ;
#1748 = EDGE_LOOP ( 'NONE', ( #2349, #1356, #1983, #475 ) ) ;
#1749 = CARTESIAN_POINT ( 'NONE',  ( 0.9651859306282857265, 0.8749999999999998890, 8.450000000000001066 ) ) ;
#1750 = LINE ( 'NONE', #2338, #553 ) ;
#1751 = VECTOR ( 'NONE', #850, 1000.000000000000000 ) ;
#1752 = ORIENTED_EDGE ( 'NONE', *, *, #1955, .F. ) ;
#1753 = DIRECTION ( 'NONE',  ( 0.000000000000000000, 0.000000000000000000, -1.000000000000000000 ) ) ;
#1754 = FACE_OUTER_BOUND ( 'NONE', #614, .T. ) ;
#1755 = ORIENTED_EDGE ( 'NONE', *, *, #1738, .F. ) ;
#1756 = AXIS2_PLACEMENT_3D ( 'NONE', #298, #1782, #2299 ) ;
#1757 = CARTESIAN_POINT ( 'NONE',  ( -0.8999999999999989120, 0.8249999999999998446, -0.2999999999999981570 ) ) ;
#1758 = FACE_OUTER_BOUND ( 'NONE', #1439, .T. ) ;
#1759 = DIRECTION ( 'NONE',  ( -0.000000000000000000, 0.000000000000000000, 1.000000000000000000 ) ) ;
#1760 = ORIENTED_EDGE ( 'NONE', *, *, #977, .F. ) ;
#1761 = CIRCLE ( 'NONE', #750, 0.1499999999999999667 ) ;
#1762 = LINE ( 'NONE', #3161, #92 ) ;
#1763 = AXIS2_PLACEMENT_3D ( 'NONE', #2134, #1147, #3098 ) ;
#1764 = ADVANCED_FACE ( 'NONE', ( #1113 ), #580, .T. ) ;
#1765 = LINE ( 'NONE', #1852, #1263 ) ;
#1766 = DIRECTION ( 'NONE',  ( 0.000000000000000000, 0.000000000000000000, 1.000000000000000000 ) ) ;
#1767 = CARTESIAN_POINT ( 'NONE',  ( 11.54000000000000092, 0.8749999999999998890, 14.20000000000000462 ) ) ;
#1768 = EDGE_CURVE ( 'NONE', #679, #285, #959, .T. ) ;
#1769 = LINE ( 'NONE', #185, #55 ) ;
#1770 = DIRECTION ( 'NONE',  ( 1.196361017915039486E-16, 0.000000000000000000, 1.000000000000000000 ) ) ;
#1771 = CARTESIAN_POINT ( 'NONE',  ( 0.8148453610883257259, 0.8749999999999998890, 8.292149606563560482 ) ) ;
#1772 = CARTESIAN_POINT ( 'NONE',  ( 13.88000000000000078, -0.8749999999999998890, 9.099999999999997868 ) ) ;
#1773 = ORIENTED_EDGE ( 'NONE', *, *, #1390, .T. ) ;
#1774 = ORIENTED_EDGE ( 'NONE', *, *, #1730, .T. ) ;
#1775 = EDGE_CURVE ( 'NONE', #3159, #541, #2216, .T. ) ;
#1776 = PLANE ( 'NONE',  #1105 ) ;
#1777 = ORIENTED_EDGE ( 'NONE', *, *, #3139, .T. ) ;
#1778 = CARTESIAN_POINT ( 'NONE',  ( 4.750000000000001776, -0.8749999999999998890, -0.7999999999999977129 ) ) ;
#1779 = CARTESIAN_POINT ( 'NONE',  ( 0.9825502547940465625, 1.024999999999999911, 5.092149606563560305 ) ) ;
#1780 = ORIENTED_EDGE ( 'NONE', *, *, #1738, .T. ) ;
#1781 = VERTEX_POINT ( 'NONE', #1312 ) ;
#1782 = DIRECTION ( 'NONE',  ( 0.000000000000000000, -1.000000000000000000, 0.000000000000000000 ) ) ;
#1783 = ORIENTED_EDGE ( 'NONE', *, *, #3058, .T. ) ;
#1784 = ORIENTED_EDGE ( 'NONE', *, *, #429, .F. ) ;
#1785 = DIRECTION ( 'NONE',  ( 1.000000000000000000, 0.000000000000000000, 0.000000000000000000 ) ) ;
#1786 = CIRCLE ( 'NONE', #160, 0.1499999999999999667 ) ;
#1787 = LINE ( 'NONE', #186, #1140 ) ;
#1788 = CARTESIAN_POINT ( 'NONE',  ( 12.88000000000000078, -0.8749999999999998890, 0.7000000000000018430 ) ) ;
#1789 = EDGE_LOOP ( 'NONE', ( #1784, #226, #755, #577, #280, #1313, #2329, #1111, #374, #36, #2929, #2108, #617, #2516 ) ) ;
#1790 = EDGE_CURVE ( 'NONE', #1820, #1549, #2065, .T. ) ;
#1791 = LINE ( 'NONE', #2812, #161 ) ;
#1792 = VECTOR ( 'NONE', #2028, 1000.000000000000000 ) ;
#1793 = VECTOR ( 'NONE', #2865, 1000.000000000000000 ) ;
#1794 = DIRECTION ( 'NONE',  ( 0.000000000000000000, -1.000000000000000000, 0.000000000000000000 ) ) ;
#1795 =( LENGTH_UNIT ( ) NAMED_UNIT ( * ) SI_UNIT ( .MILLI., .METRE. ) );
#1796 = VECTOR ( 'NONE', #2885, 1000.000000000000000 ) ;
#1797 = AXIS2_PLACEMENT_3D ( 'NONE', #942, #2908, #3152 ) ;
#1798 = DIRECTION ( 'NONE',  ( -0.000000000000000000, -0.000000000000000000, -1.000000000000000000 ) ) ;
#1799 = CARTESIAN_POINT ( 'NONE',  ( 2.550000000000001155, 1.024999999999999911, -0.2999999999999981570 ) ) ;
#1800 = FACE_OUTER_BOUND ( 'NONE', #2407, .T. ) ;
#1801 = LINE ( 'NONE', #1267, #728 ) ;
#1802 = FACE_OUTER_BOUND ( 'NONE', #2996, .T. ) ;
#1803 = ORIENTED_EDGE ( 'NONE', *, *, #66, .T. ) ;
#1804 = VERTEX_POINT ( 'NONE', #1077 ) ;
#1805 = DIRECTION ( 'NONE',  ( 1.000000000000000000, 0.000000000000000000, 0.000000000000000000 ) ) ;
#1806 = EDGE_CURVE ( 'NONE', #176, #2077, #1870, .T. ) ;
#1807 = ORIENTED_EDGE ( 'NONE', *, *, #1038, .T. ) ;
#1808 = CARTESIAN_POINT ( 'NONE',  ( 0.9825502547940465625, 1.024999999999999911, 5.092149606563560305 ) ) ;
#1809 = ORIENTED_EDGE ( 'NONE', *, *, #382, .F. ) ;
#1810 = DIRECTION ( 'NONE',  ( -1.000000000000000000, -0.000000000000000000, -0.000000000000000000 ) ) ;
#1811 = DIRECTION ( 'NONE',  ( -0.000000000000000000, -0.000000000000000000, 1.000000000000000000 ) ) ;
#1812 = ORIENTED_EDGE ( 'NONE', *, *, #2290, .F. ) ;
#1813 = CARTESIAN_POINT ( 'NONE',  ( 7.350000000000001421, -0.8749999999999998890, -0.7999999999999977129 ) ) ;
#1814 = AXIS2_PLACEMENT_3D ( 'NONE', #1839, #363, #1625 ) ;
#1815 = CARTESIAN_POINT ( 'NONE',  ( 13.88000000000000078, -1.024999999999999911, 10.69999999999999929 ) ) ;
#1816 = ORIENTED_EDGE ( 'NONE', *, *, #187, .F. ) ;
#1817 = STYLED_ITEM ( 'NONE', ( #2409 ), #2646 ) ;
#1818 = VERTEX_POINT ( 'NONE', #2385 ) ;
#1819 = DIRECTION ( 'NONE',  ( -1.000000000000000000, 0.000000000000000000, -0.000000000000000000 ) ) ;
#1820 = VERTEX_POINT ( 'NONE', #2784 ) ;
#1821 = EDGE_CURVE ( 'NONE', #2716, #861, #2860, .T. ) ;
#1822 = DIRECTION ( 'NONE',  ( 0.000000000000000000, 0.000000000000000000, -1.000000000000000000 ) ) ;
#1823 = VECTOR ( 'NONE', #2656, 1000.000000000000000 ) ;
#1824 = CYLINDRICAL_SURFACE ( 'NONE', #3071, 0.1999999999999999833 ) ;
#1825 = LINE ( 'NONE', #430, #1721 ) ;
#1826 = EDGE_CURVE ( 'NONE', #181, #1881, #2331, .T. ) ;
#1827 = VECTOR ( 'NONE', #805, 1000.000000000000000 ) ;
#1828 = CARTESIAN_POINT ( 'NONE',  ( 8.290000000000002700, 0.8749999999999998890, 5.350000000000001421 ) ) ;
#1829 = ORIENTED_EDGE ( 'NONE', *, *, #234, .F. ) ;
#1830 = EDGE_CURVE ( 'NONE', #145, #3082, #678, .T. ) ;
#1831 = FACE_OUTER_BOUND ( 'NONE', #1314, .T. ) ;
#1832 = LINE ( 'NONE', #3121, #1615 ) ;
#1833 = PLANE ( 'NONE',  #455 ) ;
#1834 = DIRECTION ( 'NONE',  ( -9.637352644315596722E-16, -1.000000000000000000, 0.000000000000000000 ) ) ;
#1835 = DIRECTION ( 'NONE',  ( -0.000000000000000000, -0.000000000000000000, -1.000000000000000000 ) ) ;
#1836 = LINE ( 'NONE', #3179, #1541 ) ;
#1837 = DIRECTION ( 'NONE',  ( 1.000000000000000000, -0.000000000000000000, -1.445602896647339706E-15 ) ) ;
#1838 = VECTOR ( 'NONE', #2375, 1000.000000000000000 ) ;
#1839 = CARTESIAN_POINT ( 'NONE',  ( 1.990000000000001323, 0.8749999999999998890, 4.950000000000001066 ) ) ;
#1840 = PRODUCT_DEFINITION_FORMATION_WITH_SPECIFIED_SOURCE ( 'ÈÎºÎ', '', #2396, .NOT_KNOWN. ) ;
#1841 = VERTEX_POINT ( 'NONE', #2406 ) ;
#1842 = ORIENTED_EDGE ( 'NONE', *, *, #2758, .T. ) ;
#1843 = ORIENTED_EDGE ( 'NONE', *, *, #376, .T. ) ;
#1844 = CARTESIAN_POINT ( 'NONE',  ( 9.150000000000002132, -0.8749999999999998890, -0.7999999999999977129 ) ) ;
#1845 = EDGE_CURVE ( 'NONE', #307, #2607, #485, .T. ) ;
#1846 = ORIENTED_EDGE ( 'NONE', *, *, #1667, .T. ) ;
#1847 = VERTEX_POINT ( 'NONE', #947 ) ;
#1848 = EDGE_CURVE ( 'NONE', #2193, #998, #3132, .T. ) ;
#1849 = CARTESIAN_POINT ( 'NONE',  ( 12.88000000000000078, 1.024999999999999911, 0.9000000000000014655 ) ) ;
#1850 = ORIENTED_EDGE ( 'NONE', *, *, #2434, .F. ) ;
#1851 = ORIENTED_EDGE ( 'NONE', *, *, #996, .F. ) ;
#1852 = CARTESIAN_POINT ( 'NONE',  ( -0.8999999999999989120, -1.024999999999999911, -0.2999999999999981570 ) ) ;
#1853 = AXIS2_PLACEMENT_3D ( 'NONE', #893, #2330, #882 ) ;
#1854 = DIRECTION ( 'NONE',  ( -0.000000000000000000, 1.000000000000000000, 0.000000000000000000 ) ) ;
#1855 = DIRECTION ( 'NONE',  ( -1.196361017915039732E-16, 0.000000000000000000, -1.000000000000000000 ) ) ;
#1856 = ORIENTED_EDGE ( 'NONE', *, *, #2957, .F. ) ;
#1857 = DIRECTION ( 'NONE',  ( 1.196361017915039732E-16, -0.000000000000000000, 1.000000000000000000 ) ) ;
#1858 = CARTESIAN_POINT ( 'NONE',  ( -0.8999999999999989120, -1.024999999999999911, -0.2999999999999981570 ) ) ;
#1859 = DIRECTION ( 'NONE',  ( 1.000000000000000000, 0.000000000000000000, 0.000000000000000000 ) ) ;
#1860 = VECTOR ( 'NONE', #1857, 1000.000000000000000 ) ;
#1861 = LINE ( 'NONE', #913, #1937 ) ;
#1862 = ORIENTED_EDGE ( 'NONE', *, *, #334, .T. ) ;
#1863 = PLANE ( 'NONE',  #1537 ) ;
#1864 = FACE_OUTER_BOUND ( 'NONE', #1333, .T. ) ;
#1865 = VECTOR ( 'NONE', #1698, 1000.000000000000000 ) ;
#1866 = VERTEX_POINT ( 'NONE', #1683 ) ;
#1867 = EDGE_CURVE ( 'NONE', #2353, #2861, #1218, .T. ) ;
#1868 = DIRECTION ( 'NONE',  ( -0.000000000000000000, 0.000000000000000000, 1.000000000000000000 ) ) ;
#1869 = CARTESIAN_POINT ( 'NONE',  ( 9.165154638911676699, 1.024999999999999911, 8.292149606563560482 ) ) ;
#1870 = LINE ( 'NONE', #2283, #164 ) ;
#1871 = ORIENTED_EDGE ( 'NONE', *, *, #1693, .T. ) ;
#1872 = CARTESIAN_POINT ( 'NONE',  ( -0.8999999999999989120, -0.8749999999999998890, 9.099999999999999645 ) ) ;
#1873 = VECTOR ( 'NONE', #180, 1000.000000000000000 ) ;
#1874 = DIRECTION ( 'NONE',  ( -1.000000000000000000, 0.000000000000000000, -0.000000000000000000 ) ) ;
#1875 = FACE_OUTER_BOUND ( 'NONE', #2314, .T. ) ;
#1876 = ADVANCED_FACE ( 'NONE', ( #2297 ), #2135, .F. ) ;
#1877 = LINE ( 'NONE', #1813, #566 ) ;
#1878 = EDGE_CURVE ( 'NONE', #1021, #1818, #1412, .T. ) ;
#1879 = LINE ( 'NONE', #462, #2764 ) ;
#1880 = DIRECTION ( 'NONE',  ( -0.05233595624294064275, -0.000000000000000000, -0.9986295347545740553 ) ) ;
#1881 = VERTEX_POINT ( 'NONE', #1653 ) ;
#1882 = CARTESIAN_POINT ( 'NONE',  ( -0.8999999999999989120, -0.8749999999999998890, -0.2999999999999981570 ) ) ;
#1883 = CARTESIAN_POINT ( 'NONE',  ( 2.550000000000001155, -0.8749999999999998890, 0.2000000000000022593 ) ) ;
#1884 = DIRECTION ( 'NONE',  ( -1.000000000000000000, 0.000000000000000000, 0.000000000000000000 ) ) ;
#1885 = ORIENTED_EDGE ( 'NONE', *, *, #916, .F. ) ;
#1886 = ORIENTED_EDGE ( 'NONE', *, *, #895, .F. ) ;
#1887 = VERTEX_POINT ( 'NONE', #419 ) ;
#1888 = PLANE ( 'NONE',  #2469 ) ;
#1889 = CARTESIAN_POINT ( 'NONE',  ( 1.850000000000001865, -1.024999999999999911, -0.7999999999999977129 ) ) ;
#1890 = EDGE_CURVE ( 'NONE', #2286, #829, #757, .T. ) ;
#1891 = VERTEX_POINT ( 'NONE', #2658 ) ;
#1892 = DIRECTION ( 'NONE',  ( 0.000000000000000000, 0.000000000000000000, -1.000000000000000000 ) ) ;
#1893 = EDGE_LOOP ( 'NONE', ( #416, #2830, #696, #2295 ) ) ;
#1894 = EDGE_CURVE ( 'NONE', #2251, #2154, #2711, .T. ) ;
#1895 = DIRECTION ( 'NONE',  ( -0.000000000000000000, 0.000000000000000000, 1.000000000000000000 ) ) ;
#1896 = VERTEX_POINT ( 'NONE', #2883 ) ;
#1897 = CARTESIAN_POINT ( 'NONE',  ( 0.9651859306282857265, 0.8749999999999998890, 8.300000000000002487 ) ) ;
#1898 = VERTEX_POINT ( 'NONE', #705 ) ;
#1899 = CIRCLE ( 'NONE', #522, 0.1500000000000008271 ) ;
#1900 = LINE ( 'NONE', #1964, #1643 ) ;
#1901 = VERTEX_POINT ( 'NONE', #3059 ) ;
#1902 = DIRECTION ( 'NONE',  ( -0.05233595624294039989, 0.000000000000000000, 0.9986295347545741663 ) ) ;
#1903 = VECTOR ( 'NONE', #3146, 1000.000000000000000 ) ;
#1904 = ADVANCED_FACE ( 'NONE', ( #2414 ), #2156, .F. ) ;
#1905 = LINE ( 'NONE', #538, #167 ) ;
#1906 = ORIENTED_EDGE ( 'NONE', *, *, #1631, .F. ) ;
#1907 = EDGE_CURVE ( 'NONE', #1657, #939, #2377, .T. ) ;
#1908 = VECTOR ( 'NONE', #423, 1000.000000000000000 ) ;
#1909 = CARTESIAN_POINT ( 'NONE',  ( 11.18000000000000327, -0.02500000000000006384, 14.20000000000000284 ) ) ;
#1910 = DIRECTION ( 'NONE',  ( 0.9986295347545741663, 0.000000000000000000, -0.05233595624294063581 ) ) ;
#1911 = EDGE_CURVE ( 'NONE', #1932, #2701, #1825, .T. ) ;
#1912 = CARTESIAN_POINT ( 'NONE',  ( 14.48000000000000043, -1.024999999999999911, 9.099999999999999645 ) ) ;
#1913 = VECTOR ( 'NONE', #1226, 1000.000000000000000 ) ;
#1914 = ORIENTED_EDGE ( 'NONE', *, *, #2037, .T. ) ;
#1915 = DIRECTION ( 'NONE',  ( 0.000000000000000000, -1.000000000000000000, 0.000000000000000000 ) ) ;
#1916 = ORIENTED_EDGE ( 'NONE', *, *, #1506, .T. ) ;
#1917 = ORIENTED_EDGE ( 'NONE', *, *, #2018, .F. ) ;
#1918 = EDGE_LOOP ( 'NONE', ( #1999, #3193, #535, #2909 ) ) ;
#1919 = CARTESIAN_POINT ( 'NONE',  ( 0.3500000000000013656, -1.024999999999999911, -0.7999999999999977129 ) ) ;
#1920 = DIRECTION ( 'NONE',  ( 0.000000000000000000, 1.000000000000000000, -0.000000000000000000 ) ) ;
#1921 = CARTESIAN_POINT ( 'NONE',  ( 9.150000000000002132, -1.024999999999999911, 0.2000000000000022593 ) ) ;
#1922 = ORIENTED_EDGE ( 'NONE', *, *, #2606, .F. ) ;
#1923 = ORIENTED_EDGE ( 'NONE', *, *, #1693, .F. ) ;
#1924 = EDGE_CURVE ( 'NONE', #2629, #1257, #443, .T. ) ;
#1925 = ORIENTED_EDGE ( 'NONE', *, *, #2272, .T. ) ;
#1926 = DIRECTION ( 'NONE',  ( -0.9477680432286522683, -0.000000000000000000, -0.3189603991634881730 ) ) ;
#1927 = EDGE_CURVE ( 'NONE', #3008, #2992, #85, .T. ) ;
#1928 = VERTEX_POINT ( 'NONE', #1966 ) ;
#1929 = DIRECTION ( 'NONE',  ( 0.000000000000000000, 1.000000000000000000, 0.000000000000000000 ) ) ;
#1930 = CARTESIAN_POINT ( 'NONE',  ( 1.450000000000001732, -0.8749999999999998890, -0.7999999999999977129 ) ) ;
#1931 = CARTESIAN_POINT ( 'NONE',  ( 2.015360208698490752, 1.024999999999999911, 8.300000000000002487 ) ) ;
#1932 = VERTEX_POINT ( 'NONE', #2481 ) ;
#1933 = DIRECTION ( 'NONE',  ( 0.000000000000000000, -1.000000000000000000, 0.000000000000000000 ) ) ;
#1934 = ADVANCED_FACE ( 'NONE', ( #2487 ), #2705, .T. ) ;
#1935 = CARTESIAN_POINT ( 'NONE',  ( -0.6999999999999984013, 0.8249999999999998446, 6.950000000000001066 ) ) ;
#1936 = COLOUR_RGB ( '',1.000000000000000000, 1.000000000000000000, 1.000000000000000000 ) ;
#1937 = VECTOR ( 'NONE', #1404, 1000.000000000000000 ) ;
#1938 = ORIENTED_EDGE ( 'NONE', *, *, #2517, .T. ) ;
#1939 = DIRECTION ( 'NONE',  ( -0.000000000000000000, 0.000000000000000000, -1.000000000000000000 ) ) ;
#1940 = LINE ( 'NONE', #266, #1 ) ;
#1941 = FACE_OUTER_BOUND ( 'NONE', #2401, .T. ) ;
#1942 = ORIENTED_EDGE ( 'NONE', *, *, #1172, .T. ) ;
#1943 = CARTESIAN_POINT ( 'NONE',  ( 1.847655314992769027, 0.8749999999999998890, 5.100000000000001421 ) ) ;
#1944 = PRESENTATION_STYLE_ASSIGNMENT (( #815 ) ) ;
#1945 = ORIENTED_EDGE ( 'NONE', *, *, #227, .F. ) ;
#1946 = CARTESIAN_POINT ( 'NONE',  ( 11.54000000000000092, 0.8749999999999998890, 0.4500000000000007327 ) ) ;
#1947 = LINE ( 'NONE', #1190, #2260 ) ;
#1948 = CARTESIAN_POINT ( 'NONE',  ( 0.3500000000000013656, -0.8749999999999998890, -0.7999999999999977129 ) ) ;
#1949 = EDGE_CURVE ( 'NONE', #237, #987, #358, .T. ) ;
#1950 = PLANE ( 'NONE',  #2630 ) ;
#1951 = LINE ( 'NONE', #990, #1913 ) ;
#1952 = ADVANCED_FACE ( 'NONE', ( #523 ), #3192, .F. ) ;
#1953 = LINE ( 'NONE', #2863, #2986 ) ;
#1954 = PLANE ( 'NONE',  #2317 ) ;
#1955 = EDGE_CURVE ( 'NONE', #2515, #1201, #1576, .T. ) ;
#1956 = EDGE_LOOP ( 'NONE', ( #2269, #2778, #483, #2686 ) ) ;
#1957 = ORIENTED_EDGE ( 'NONE', *, *, #2995, .T. ) ;
#1958 = CARTESIAN_POINT ( 'NONE',  ( 7.806572772509368541, 1.024999999999999911, 8.450000000000001066 ) ) ;
#1959 = AXIS2_PLACEMENT_3D ( 'NONE', #2931, #1212, #2690 ) ;
#1960 = ORIENTED_EDGE ( 'NONE', *, *, #1367, .T. ) ;
#1961 = CARTESIAN_POINT ( 'NONE',  ( 6.250000000000000888, -1.024999999999999911, -0.7999999999999977129 ) ) ;
#1962 = ORIENTED_EDGE ( 'NONE', *, *, #2495, .T. ) ;
#1963 = PRESENTATION_LAYER_ASSIGNMENT (  '', '', ( #420 ) ) ;
#1964 = CARTESIAN_POINT ( 'NONE',  ( 8.450000000000002842, -1.024999999999999911, -0.7999999999999977129 ) ) ;
#1965 = CARTESIAN_POINT ( 'NONE',  ( 0.3500000000000013656, -0.8749999999999998890, 0.2000000000000022593 ) ) ;
#1966 = CARTESIAN_POINT ( 'NONE',  ( -0.3499999999999987566, -1.024999999999999911, -0.7999999999999977129 ) ) ;
#1967 = ORIENTED_EDGE ( 'NONE', *, *, #66, .F. ) ;
#1968 = PLANE ( 'NONE',  #3153 ) ;
#1969 = ADVANCED_FACE ( 'NONE', ( #1754 ), #2188, .T. ) ;
#1970 = CARTESIAN_POINT ( 'NONE',  ( 9.099999999999999645, -1.024999999999999911, 13.50000000000000355 ) ) ;
#1971 = EDGE_CURVE ( 'NONE', #2114, #2629, #1110, .T. ) ;
#1972 = VERTEX_POINT ( 'NONE', #3169 ) ;
#1973 = CARTESIAN_POINT ( 'NONE',  ( 1.450000000000001732, -0.8749999999999998890, -0.7999999999999977129 ) ) ;
#1974 = ORIENTED_EDGE ( 'NONE', *, *, #425, .T. ) ;
#1975 = CARTESIAN_POINT ( 'NONE',  ( 0.7500000000000015543, -0.8749999999999998890, -0.7999999999999977129 ) ) ;
#1976 = CARTESIAN_POINT ( 'NONE',  ( -0.8999999999999989120, -0.8749999999999998890, -0.2999999999999981570 ) ) ;
#1977 = PLANE ( 'NONE',  #286 ) ;
#1978 = VECTOR ( 'NONE', #2859, 1000.000000000000000 ) ;
#1979 = FACE_OUTER_BOUND ( 'NONE', #2479, .T. ) ;
#1980 = CARTESIAN_POINT ( 'NONE',  ( 0.8148453610883257259, 1.024999999999999911, 8.292149606563560482 ) ) ;
#1981 = ORIENTED_EDGE ( 'NONE', *, *, #590, .T. ) ;
#1982 = VECTOR ( 'NONE', #1180, 1000.000000000000000 ) ;
#1983 = ORIENTED_EDGE ( 'NONE', *, *, #1790, .F. ) ;
#1984 = DIRECTION ( 'NONE',  ( 0.05906676447550236048, -0.000000000000000000, -0.9982540344693806578 ) ) ;
#1985 = FACE_OUTER_BOUND ( 'NONE', #573, .T. ) ;
#1986 = ADVANCED_FACE ( 'NONE', ( #1072 ), #1977, .T. ) ;
#1987 = ORIENTED_EDGE ( 'NONE', *, *, #267, .T. ) ;
#1988 = DIRECTION ( 'NONE',  ( -0.000000000000000000, -0.000000000000000000, 1.000000000000000000 ) ) ;
#1989 = LINE ( 'NONE', #575, #3023 ) ;
#1990 = FACE_OUTER_BOUND ( 'NONE', #1695, .T. ) ;
#1991 = PLANE ( 'NONE',  #2443 ) ;
#1992 = DIRECTION ( 'NONE',  ( -0.000000000000000000, -1.000000000000000000, -0.000000000000000000 ) ) ;
#1993 = VECTOR ( 'NONE', #813, 1000.000000000000000 ) ;
#1994 = EDGE_CURVE ( 'NONE', #1449, #732, #2627, .T. ) ;
#1995 = CARTESIAN_POINT ( 'NONE',  ( 1.847655314992769027, 0.8749999999999998890, 5.100000000000001421 ) ) ;
#1996 = ORIENTED_EDGE ( 'NONE', *, *, #720, .T. ) ;
#1997 = VERTEX_POINT ( 'NONE', #1705 ) ;
#1998 = DIRECTION ( 'NONE',  ( 0.000000000000000000, 1.000000000000000000, 0.000000000000000000 ) ) ;
#1999 = ORIENTED_EDGE ( 'NONE', *, *, #2906, .F. ) ;
#2000 = EDGE_CURVE ( 'NONE', #145, #747, #1645, .T. ) ;
#2001 = ORIENTED_EDGE ( 'NONE', *, *, #1867, .T. ) ;
#2002 = PLANE ( 'NONE',  #504 ) ;
#2003 = ADVANCED_FACE ( 'NONE', ( #2973 ), #1014, .T. ) ;
#2004 = DIRECTION ( 'NONE',  ( 1.000000000000000000, 0.000000000000000000, 0.000000000000000000 ) ) ;
#2005 = AXIS2_PLACEMENT_3D ( 'NONE', #1471, #1448, #2915 ) ;
#2006 = EDGE_LOOP ( 'NONE', ( #2041, #153, #3068, #1568 ) ) ;
#2007 = DIRECTION ( 'NONE',  ( 0.000000000000000000, 0.000000000000000000, -1.000000000000000000 ) ) ;
#2008 = PRODUCT_RELATED_PRODUCT_CATEGORY ( 'part', '', ( #2396 ) ) ;
#2009 = VERTEX_POINT ( 'NONE', #2451 ) ;
#2010 = CARTESIAN_POINT ( 'NONE',  ( 5.150000000000002132, 1.024999999999999911, -0.2999999999999981570 ) ) ;
#2011 = ORIENTED_EDGE ( 'NONE', *, *, #1340, .T. ) ;
#2012 = DIRECTION ( 'NONE',  ( -0.000000000000000000, 1.000000000000000000, -0.000000000000000000 ) ) ;
#2013 = DIRECTION ( 'NONE',  ( 1.000000000000000000, 0.000000000000000000, 0.000000000000000000 ) ) ;
#2014 = EDGE_CURVE ( 'NONE', #939, #2206, #2253, .T. ) ;
#2015 = PLANE ( 'NONE',  #1431 ) ;
#2016 = LINE ( 'NONE', #946, #1028 ) ;
#2017 = ORIENTED_EDGE ( 'NONE', *, *, #1717, .T. ) ;
#2018 = EDGE_CURVE ( 'NONE', #1972, #2387, #2892, .T. ) ;
#2019 = CARTESIAN_POINT ( 'NONE',  ( 8.847655314992769249, 0.8749999999999998890, 5.100000000000001421 ) ) ;
#2020 = LINE ( 'NONE', #2466, #481 ) ;
#2021 = SURFACE_SIDE_STYLE ('',( #192 ) ) ;
#2022 = LINE ( 'NONE', #1630, #1373 ) ;
#2023 = CARTESIAN_POINT ( 'NONE',  ( 6.490000000000000213, 1.024999999999999911, 6.950000000000000178 ) ) ;
#2024 = ORIENTED_EDGE ( 'NONE', *, *, #996, .T. ) ;
#2025 = CARTESIAN_POINT ( 'NONE',  ( -0.8999999999999989120, -1.024999999999999911, -0.2999999999999981570 ) ) ;
#2026 = CYLINDRICAL_SURFACE ( 'NONE', #2105, 0.1500000000000008271 ) ;
#2027 = VERTEX_POINT ( 'NONE', #2519 ) ;
#2028 = DIRECTION ( 'NONE',  ( 1.000000000000000000, 0.000000000000000000, 1.445602896647339706E-15 ) ) ;
#2029 = FACE_OUTER_BOUND ( 'NONE', #2420, .T. ) ;
#2030 = DIRECTION ( 'NONE',  ( 0.000000000000000000, 0.000000000000000000, -1.000000000000000000 ) ) ;
#2031 = VECTOR ( 'NONE', #2496, 1000.000000000000000 ) ;
#2032 = AXIS2_PLACEMENT_3D ( 'NONE', #1013, #1250, #771 ) ;
#2033 = LINE ( 'NONE', #311, #2762 ) ;
#2034 = FILL_AREA_STYLE ('',( #1293 ) ) ;
#2035 = CARTESIAN_POINT ( 'NONE',  ( -0.8999999999999989120, -1.024999999999999911, -0.2999999999999981570 ) ) ;
#2036 = DIRECTION ( 'NONE',  ( 0.3189603991634881730, 0.000000000000000000, -0.9477680432286522683 ) ) ;
#2037 = EDGE_CURVE ( 'NONE', #3143, #2043, #2212, .T. ) ;
#2038 = CYLINDRICAL_SURFACE ( 'NONE', #155, 0.1499999999999999667 ) ;
#2039 = CARTESIAN_POINT ( 'NONE',  ( 13.88000000000000078, -0.8749999999999998890, 10.69999999999999929 ) ) ;
#2040 = ORIENTED_EDGE ( 'NONE', *, *, #1463, .F. ) ;
#2041 = ORIENTED_EDGE ( 'NONE', *, *, #324, .F. ) ;
#2042 = ORIENTED_EDGE ( 'NONE', *, *, #1848, .F. ) ;
#2043 = VERTEX_POINT ( 'NONE', #794 ) ;
#2044 = DIRECTION ( 'NONE',  ( 0.000000000000000000, 1.000000000000000000, 0.000000000000000000 ) ) ;
#2045 = VERTEX_POINT ( 'NONE', #2981 ) ;
#2046 = EDGE_CURVE ( 'NONE', #983, #2553, #1031, .T. ) ;
#2047 = DIRECTION ( 'NONE',  ( -0.000000000000000000, -1.000000000000000000, -0.000000000000000000 ) ) ;
#2048 = DIRECTION ( 'NONE',  ( 0.000000000000000000, 0.000000000000000000, 1.000000000000000000 ) ) ;
#2049 = DIRECTION ( 'NONE',  ( -0.000000000000000000, -1.000000000000000000, -0.000000000000000000 ) ) ;
#2050 = EDGE_LOOP ( 'NONE', ( #338, #2195, #2913, #2289 ) ) ;
#2051 = AXIS2_PLACEMENT_3D ( 'NONE', #2636, #3144, #1892 ) ;
#2052 = DIRECTION ( 'NONE',  ( 0.000000000000000000, -1.000000000000000000, 0.000000000000000000 ) ) ;
#2053 = ORIENTED_EDGE ( 'NONE', *, *, #1175, .T. ) ;
#2054 = LINE ( 'NONE', #1772, #1792 ) ;
#2055 = CARTESIAN_POINT ( 'NONE',  ( 0.7500000000000015543, -1.024999999999999911, -0.7999999999999977129 ) ) ;
#2056 = EDGE_LOOP ( 'NONE', ( #215, #219, #2040, #842 ) ) ;
#2057 = EDGE_CURVE ( 'NONE', #1732, #73, #954, .T. ) ;
#2058 = FACE_OUTER_BOUND ( 'NONE', #1049, .T. ) ;
#2059 = VECTOR ( 'NONE', #2199, 1000.000000000000000 ) ;
#2060 = DIRECTION ( 'NONE',  ( -0.000000000000000000, 0.000000000000000000, 1.000000000000000000 ) ) ;
#2061 = VECTOR ( 'NONE', #545, 1000.000000000000000 ) ;
#2062 = EDGE_CURVE ( 'NONE', #2193, #1732, #278, .T. ) ;
#2063 = DIRECTION ( 'NONE',  ( -0.000000000000000000, -0.000000000000000000, 1.000000000000000000 ) ) ;
#2064 = CARTESIAN_POINT ( 'NONE',  ( 14.48000000000000043, -0.8749999999999998890, 9.099999999999999645 ) ) ;
#2065 = LINE ( 'NONE', #3017, #681 ) ;
#2066 = ORIENTED_EDGE ( 'NONE', *, *, #1161, .F. ) ;
#2067 = DIRECTION ( 'NONE',  ( 0.000000000000000000, 0.000000000000000000, -1.000000000000000000 ) ) ;
#2068 = LINE ( 'NONE', #1315, #1650 ) ;
#2069 = CARTESIAN_POINT ( 'NONE',  ( -0.3499999999999987566, -0.8749999999999998890, -0.7999999999999977129 ) ) ;
#2070 = VECTOR ( 'NONE', #1126, 1000.000000000000000 ) ;
#2071 = CARTESIAN_POINT ( 'NONE',  ( 4.050000000000001599, -0.8749999999999998890, -0.7999999999999977129 ) ) ;
#2072 = LINE ( 'NONE', #872, #769 ) ;
#2073 = VERTEX_POINT ( 'NONE', #1534 ) ;
#2074 = DIRECTION ( 'NONE',  ( 0.000000000000000000, -0.000000000000000000, -1.000000000000000000 ) ) ;
#2075 = CARTESIAN_POINT ( 'NONE',  ( 2.014814069371715810, 0.8749999999999998890, 8.300000000000002487 ) ) ;
#2076 = EDGE_CURVE ( 'NONE', #2607, #1516, #2529, .T. ) ;
#2077 = VERTEX_POINT ( 'NONE', #2500 ) ;
#2078 = DIRECTION ( 'NONE',  ( -0.000000000000000000, -1.000000000000000000, -0.000000000000000000 ) ) ;
#2079 = VERTEX_POINT ( 'NONE', #2734 ) ;
#2080 = CARTESIAN_POINT ( 'NONE',  ( 1.990000000000001323, 0.8749999999999998890, 4.950000000000001066 ) ) ;
#2081 = VERTEX_POINT ( 'NONE', #2511 ) ;
#2082 = ORIENTED_EDGE ( 'NONE', *, *, #2753, .T. ) ;
#2083 = CARTESIAN_POINT ( 'NONE',  ( 4.050000000000001599, -0.8749999999999998890, 0.2000000000000022593 ) ) ;
#2084 = AXIS2_PLACEMENT_3D ( 'NONE', #1655, #2421, #1895 ) ;
#2085 = DIRECTION ( 'NONE',  ( -1.000000000000000000, 9.637352644315596722E-16, 0.000000000000000000 ) ) ;
#2086 = EDGE_LOOP ( 'NONE', ( #1554, #177, #2767, #2111 ) ) ;
#2087 = ORIENTED_EDGE ( 'NONE', *, *, #1830, .T. ) ;
#2088 = CARTESIAN_POINT ( 'NONE',  ( 2.014814069371715810, 1.024999999999999911, 8.450000000000001066 ) ) ;
#2089 = ORIENTED_EDGE ( 'NONE', *, *, #2115, .T. ) ;
#2090 = EDGE_CURVE ( 'NONE', #439, #3069, #320, .T. ) ;
#2091 = DIRECTION ( 'NONE',  ( -0.000000000000000000, 0.000000000000000000, 1.000000000000000000 ) ) ;
#2092 = FACE_OUTER_BOUND ( 'NONE', #67, .T. ) ;
#2093 = LINE ( 'NONE', #2308, #1370 ) ;
#2094 = ORIENTED_EDGE ( 'NONE', *, *, #3194, .F. ) ;
#2095 = VECTOR ( 'NONE', #563, 1000.000000000000000 ) ;
#2096 = ORIENTED_EDGE ( 'NONE', *, *, #3016, .T. ) ;
#2097 = PLANE ( 'NONE',  #1062 ) ;
#2098 = VECTOR ( 'NONE', #2307, 1000.000000000000000 ) ;
#2099 = ORIENTED_EDGE ( 'NONE', *, *, #1237, .F. ) ;
#2100 = AXIS2_PLACEMENT_3D ( 'NONE', #587, #2345, #2091 ) ;
#2101 = LINE ( 'NONE', #1399, #607 ) ;
#2102 = CARTESIAN_POINT ( 'NONE',  ( 1.450000000000001732, -1.024999999999999911, -0.7999999999999977129 ) ) ;
#2103 = VECTOR ( 'NONE', #2816, 1000.000000000000000 ) ;
#2104 = LINE ( 'NONE', #515, #2985 ) ;
#2105 = AXIS2_PLACEMENT_3D ( 'NONE', #347, #1322, #327 ) ;
#2106 = CARTESIAN_POINT ( 'NONE',  ( 1.290000000000001146, 1.024999999999999911, 5.350000000000001421 ) ) ;
#2107 = VECTOR ( 'NONE', #2669, 1000.000000000000000 ) ;
#2108 = ORIENTED_EDGE ( 'NONE', *, *, #450, .T. ) ;
#2109 = VERTEX_POINT ( 'NONE', #1779 ) ;
#2110 = DIRECTION ( 'NONE',  ( 0.000000000000000000, 0.000000000000000000, -1.000000000000000000 ) ) ;
#2111 = ORIENTED_EDGE ( 'NONE', *, *, #1845, .F. ) ;
#2112 = CARTESIAN_POINT ( 'NONE',  ( 7.964639791301513227, 0.8749999999999998890, 8.300000000000002487 ) ) ;
#2113 = DIRECTION ( 'NONE',  ( -1.000000000000000000, 0.000000000000000000, 0.000000000000000000 ) ) ;
#2114 = VERTEX_POINT ( 'NONE', #1294 ) ;
#2115 = EDGE_CURVE ( 'NONE', #955, #814, #915, .T. ) ;
#2116 = VERTEX_POINT ( 'NONE', #1054 ) ;
#2117 = PLANE ( 'NONE',  #2698 ) ;
#2118 = DIRECTION ( 'NONE',  ( 0.000000000000000000, 0.000000000000000000, 1.000000000000000000 ) ) ;
#2119 = EDGE_LOOP ( 'NONE', ( #2277, #3155, #2659, #759 ) ) ;
#2120 = EDGE_CURVE ( 'NONE', #2648, #1847, #557, .T. ) ;
#2121 = CARTESIAN_POINT ( 'NONE',  ( 2.950000000000001066, -0.8749999999999998890, -0.7999999999999977129 ) ) ;
#2122 = ORIENTED_EDGE ( 'NONE', *, *, #2606, .T. ) ;
#2123 = ORIENTED_EDGE ( 'NONE', *, *, #1747, .F. ) ;
#2124 = PLANE ( 'NONE',  #537 ) ;
#2125 = CARTESIAN_POINT ( 'NONE',  ( -0.8999999999999989120, -0.8749999999999998890, 10.70000000000000107 ) ) ;
#2126 = ORIENTED_EDGE ( 'NONE', *, *, #1949, .T. ) ;
#2127 = LINE ( 'NONE', #1680, #1823 ) ;
#2128 = EDGE_LOOP ( 'NONE', ( #2961, #3126, #710, #2024 ) ) ;
#2129 = DIRECTION ( 'NONE',  ( 1.000000000000000000, 0.000000000000000000, 0.000000000000000000 ) ) ;
#2130 = LINE ( 'NONE', #1269, #830 ) ;
#2131 = LINE ( 'NONE', #907, #2592 ) ;
#2132 = EDGE_CURVE ( 'NONE', #1820, #1430, #44, .T. ) ;
#2133 = DIRECTION ( 'NONE',  ( 0.000000000000000000, 0.000000000000000000, -1.000000000000000000 ) ) ;
#2134 = CARTESIAN_POINT ( 'NONE',  ( 6.490000000000000213, -0.8749999999999998890, 6.950000000000000178 ) ) ;
#2135 = CYLINDRICAL_SURFACE ( 'NONE', #1411, 0.1500000000000008271 ) ;
#2136 = ORIENTED_EDGE ( 'NONE', *, *, #2354, .T. ) ;
#2137 = LINE ( 'NONE', #9, #1827 ) ;
#2138 = CARTESIAN_POINT ( 'NONE',  ( 9.099999999999999645, -0.02500000000000006384, 13.50000000000000355 ) ) ;
#2139 = DIRECTION ( 'NONE',  ( -0.000000000000000000, 0.000000000000000000, -1.000000000000000000 ) ) ;
#2140 = VERTEX_POINT ( 'NONE', #28 ) ;
#2141 = VECTOR ( 'NONE', #228, 1000.000000000000000 ) ;
#2142 = FACE_OUTER_BOUND ( 'NONE', #2552, .T. ) ;
#2143 = CARTESIAN_POINT ( 'NONE',  ( 12.88000000000000078, -0.8749999999999998890, -0.2999999999999981570 ) ) ;
#2144 = CYLINDRICAL_SURFACE ( 'NONE', #3084, 0.1499999999999999667 ) ;
#2145 = ORIENTED_EDGE ( 'NONE', *, *, #1775, .T. ) ;
#2146 = AXIS2_PLACEMENT_3D ( 'NONE', #1669, #2668, #945 ) ;
#2147 = CARTESIAN_POINT ( 'NONE',  ( -0.8999999999999989120, -0.8749999999999998890, 0.7000000000000018430 ) ) ;
#2148 = EDGE_LOOP ( 'NONE', ( #3043, #791, #1345, #1053 ) ) ;
#2149 = CARTESIAN_POINT ( 'NONE',  ( -0.8999999999999980238, -1.024999999999999911, 9.099999999999997868 ) ) ;
#2150 = EDGE_CURVE ( 'NONE', #403, #1657, #1940, .T. ) ;
#2151 = VERTEX_POINT ( 'NONE', #2960 ) ;
#2152 = DIRECTION ( 'NONE',  ( 1.084202172485504631E-15, 0.000000000000000000, 1.000000000000000000 ) ) ;
#2153 = EDGE_CURVE ( 'NONE', #2580, #2198, #674, .T. ) ;
#2154 = VERTEX_POINT ( 'NONE', #2741 ) ;
#2155 = CARTESIAN_POINT ( 'NONE',  ( 1.850000000000001865, -0.8749999999999998890, -0.7999999999999977129 ) ) ;
#2156 = PLANE ( 'NONE',  #1586 ) ;
#2157 = ORIENTED_EDGE ( 'NONE', *, *, #1364, .T. ) ;
#2158 = EDGE_CURVE ( 'NONE', #1901, #679, #1570, .T. ) ;
#2159 = DIRECTION ( 'NONE',  ( 0.05906676447550236048, -0.000000000000000000, -0.9982540344693806578 ) ) ;
#2160 = EDGE_LOOP ( 'NONE', ( #742, #472, #97, #3203 ) ) ;
#2161 = DIRECTION ( 'NONE',  ( 0.000000000000000000, -0.000000000000000000, 1.000000000000000000 ) ) ;
#2162 = EDGE_LOOP ( 'NONE', ( #2392, #255, #1626, #1550 ) ) ;
#2163 = LINE ( 'NONE', #283, #2927 ) ;
#2164 = VECTOR ( 'NONE', #1692, 1000.000000000000000 ) ;
#2165 = ORIENTED_EDGE ( 'NONE', *, *, #2262, .T. ) ;
#2166 = LINE ( 'NONE', #1889, #2787 ) ;
#2167 = DIRECTION ( 'NONE',  ( -0.000000000000000000, -1.000000000000000000, -0.000000000000000000 ) ) ;
#2168 = VERTEX_POINT ( 'NONE', #1767 ) ;
#2169 = VECTOR ( 'NONE', #2736, 1000.000000000000000 ) ;
#2170 = ORIENTED_EDGE ( 'NONE', *, *, #572, .F. ) ;
#2171 = EDGE_CURVE ( 'NONE', #2309, #1368, #2130, .T. ) ;
#2172 = LINE ( 'NONE', #993, #2757 ) ;
#2173 = ADVANCED_FACE ( 'NONE', ( #2292 ), #2781, .T. ) ;
#2174 = VECTOR ( 'NONE', #2424, 1000.000000000000000 ) ;
#2175 = FILL_AREA_STYLE ('',( #379 ) ) ;
#2176 = CARTESIAN_POINT ( 'NONE',  ( -0.05999999999999929001, -0.02500000000000006384, 13.50000000000000533 ) ) ;
#2177 = EDGE_CURVE ( 'NONE', #1881, #1841, #1791, .T. ) ;
#2178 = CARTESIAN_POINT ( 'NONE',  ( 9.099999999999999645, -1.024999999999999911, 13.50000000000000355 ) ) ;
#2179 = LINE ( 'NONE', #1530, #2141 ) ;
#2180 = FACE_OUTER_BOUND ( 'NONE', #985, .T. ) ;
#2181 = DIRECTION ( 'NONE',  ( 0.000000000000000000, -1.000000000000000000, 0.000000000000000000 ) ) ;
#2182 = CARTESIAN_POINT ( 'NONE',  ( 1.997449745205955196, 1.024999999999999911, 5.092149606563560305 ) ) ;
#2183 = VERTEX_POINT ( 'NONE', #2557 ) ;
#2184 = ORIENTED_EDGE ( 'NONE', *, *, #1192, .F. ) ;
#2185 = CARTESIAN_POINT ( 'NONE',  ( 4.050000000000001599, -1.024999999999999911, -0.7999999999999977129 ) ) ;
#2186 = VERTEX_POINT ( 'NONE', #105 ) ;
#2187 = CARTESIAN_POINT ( 'NONE',  ( -0.6999999999999992895, 1.024999999999999911, -0.2999999999999981570 ) ) ;
#2188 = PLANE ( 'NONE',  #2824 ) ;
#2189 = EDGE_LOOP ( 'NONE', ( #1942, #876, #1464, #3034, #654, #2644 ) ) ;
#2190 = DIRECTION ( 'NONE',  ( 0.000000000000000000, -1.000000000000000000, 0.000000000000000000 ) ) ;
#2191 = CARTESIAN_POINT ( 'NONE',  ( 7.964639791301513227, 1.024999999999999911, 8.450000000000001066 ) ) ;
#2192 = ADVANCED_FACE ( 'NONE', ( #1864 ), #336, .T. ) ;
#2193 = VERTEX_POINT ( 'NONE', #2334 ) ;
#2194 = EDGE_CURVE ( 'NONE', #2701, #299, #2856, .T. ) ;
#2195 = ORIENTED_EDGE ( 'NONE', *, *, #234, .T. ) ;
#2196 = CARTESIAN_POINT ( 'NONE',  ( 0.7500000000000015543, 1.024999999999999911, -0.2999999999999981570 ) ) ;
#2197 = EDGE_CURVE ( 'NONE', #1231, #1339, #2371, .T. ) ;
#2198 = VERTEX_POINT ( 'NONE', #1309 ) ;
#2199 = DIRECTION ( 'NONE',  ( 1.000000000000000000, 0.000000000000000000, 0.000000000000000000 ) ) ;
#2200 = DIRECTION ( 'NONE',  ( 0.9477680432286521572, 0.000000000000000000, 0.3189603991634881175 ) ) ;
#2201 = ORIENTED_EDGE ( 'NONE', *, *, #1747, .T. ) ;
#2202 = AXIS2_PLACEMENT_3D ( 'NONE', #1883, #1160, #2384 ) ;
#2203 = CARTESIAN_POINT ( 'NONE',  ( 7.964639791301513227, 0.8749999999999998890, 8.300000000000002487 ) ) ;
#2204 = CARTESIAN_POINT ( 'NONE',  ( 13.48000000000000043, -1.024999999999999911, -0.2999999999999981570 ) ) ;
#2205 = LINE ( 'NONE', #3039, #1064 ) ;
#2206 = VERTEX_POINT ( 'NONE', #1815 ) ;
#2207 = AXIS2_PLACEMENT_3D ( 'NONE', #2023, #303, #1609 ) ;
#2208 = VECTOR ( 'NONE', #1088, 1000.000000000000000 ) ;
#2209 = LINE ( 'NONE', #344, #2373 ) ;
#2210 = ADVANCED_FACE ( 'NONE', ( #318 ), #612, .F. ) ;
#2211 = CARTESIAN_POINT ( 'NONE',  ( 3.650000000000001243, -0.8749999999999998890, 0.2000000000000022593 ) ) ;
#2212 = LINE ( 'NONE', #3180, #1487 ) ;
#2213 = DIRECTION ( 'NONE',  ( 0.000000000000000000, 0.000000000000000000, -1.000000000000000000 ) ) ;
#2214 = EDGE_LOOP ( 'NONE', ( #2873, #1300, #1165, #1996 ) ) ;
#2215 = CARTESIAN_POINT ( 'NONE',  ( -1.499999999999998668, -1.024999999999999911, 0.7000000000000018430 ) ) ;
#2216 = LINE ( 'NONE', #1066, #1610 ) ;
#2217 = VECTOR ( 'NONE', #1984, 1000.000000000000114 ) ;
#2218 = EDGE_CURVE ( 'NONE', #2815, #23, #2452, .T. ) ;
#2219 = VECTOR ( 'NONE', #2255, 999.9999999999998863 ) ;
#2220 = FACE_OUTER_BOUND ( 'NONE', #82, .T. ) ;
#2221 = CARTESIAN_POINT ( 'NONE',  ( 1.850000000000001865, -0.8749999999999998890, 0.2000000000000022593 ) ) ;
#2222 = CARTESIAN_POINT ( 'NONE',  ( 8.997449745205955196, 0.8749999999999998890, 5.092149606563560305 ) ) ;
#2223 = EDGE_CURVE ( 'NONE', #1672, #2206, #2707, .T. ) ;
#2224 = DIRECTION ( 'NONE',  ( 0.000000000000000000, 0.000000000000000000, -1.000000000000000000 ) ) ;
#2225 = ORIENTED_EDGE ( 'NONE', *, *, #3044, .T. ) ;
#2226 = ORIENTED_EDGE ( 'NONE', *, *, #1351, .T. ) ;
#2227 = DIRECTION ( 'NONE',  ( 1.000000000000000000, 0.000000000000000000, 0.000000000000000000 ) ) ;
#2228 = DIRECTION ( 'NONE',  ( 1.000000000000000000, 0.000000000000000000, 0.000000000000000000 ) ) ;
#2229 = ADVANCED_FACE ( 'NONE', ( #2058 ), #832, .F. ) ;
#2230 = DIRECTION ( 'NONE',  ( 0.000000000000000000, 0.000000000000000000, -1.000000000000000000 ) ) ;
#2231 = ORIENTED_EDGE ( 'NONE', *, *, #1080, .F. ) ;
#2232 = AXIS2_PLACEMENT_3D ( 'NONE', #2905, #2925, #2724 ) ;
#2233 = ORIENTED_EDGE ( 'NONE', *, *, #1501, .F. ) ;
#2234 = ORIENTED_EDGE ( 'NONE', *, *, #2871, .T. ) ;
#2235 = DIRECTION ( 'NONE',  ( 1.000000000000000000, -0.000000000000000000, -0.000000000000000000 ) ) ;
#2236 = CARTESIAN_POINT ( 'NONE',  ( 9.015360208698490752, 0.8749999999999998890, 8.300000000000002487 ) ) ;
#2237 = CARTESIAN_POINT ( 'NONE',  ( 1.290000000000001146, 1.024999999999999911, 5.350000000000001421 ) ) ;
#2238 = ORIENTED_EDGE ( 'NONE', *, *, #1367, .F. ) ;
#2239 = DIRECTION ( 'NONE',  ( 0.9982540344693807688, 0.000000000000000000, 0.05906676447550236742 ) ) ;
#2240 = DIRECTION ( 'NONE',  ( 0.000000000000000000, 0.000000000000000000, 1.000000000000000000 ) ) ;
#2241 = EDGE_CURVE ( 'NONE', #1194, #2183, #121, .T. ) ;
#2242 = ORIENTED_EDGE ( 'NONE', *, *, #171, .T. ) ;
#2243 = DIRECTION ( 'NONE',  ( -0.000000000000000000, 1.000000000000000000, -0.000000000000000000 ) ) ;
#2244 = VERTEX_POINT ( 'NONE', #1075 ) ;
#2245 = ADVANCED_FACE ( 'NONE', ( #753 ), #1094, .T. ) ;
#2246 = ORIENTED_EDGE ( 'NONE', *, *, #1532, .T. ) ;
#2247 = DIRECTION ( 'NONE',  ( -1.000000000000000000, -0.000000000000000000, -0.000000000000000000 ) ) ;
#2248 = VECTOR ( 'NONE', #328, 1000.000000000000114 ) ;
#2249 = LINE ( 'NONE', #441, #2164 ) ;
#2250 = DIRECTION ( 'NONE',  ( 0.000000000000000000, 0.000000000000000000, -1.000000000000000000 ) ) ;
#2251 = VERTEX_POINT ( 'NONE', #847 ) ;
#2252 = CARTESIAN_POINT ( 'NONE',  ( 8.114924035798692259, 1.024999999999999911, 8.308860014671328287 ) ) ;
#2253 = LINE ( 'NONE', #202, #997 ) ;
#2254 = VERTEX_POINT ( 'NONE', #631 ) ;
#2255 = DIRECTION ( 'NONE',  ( -0.05233595624294039989, 0.000000000000000000, 0.9986295347545741663 ) ) ;
#2256 = LINE ( 'NONE', #2325, #1531 ) ;
#2257 = VERTEX_POINT ( 'NONE', #1844 ) ;
#2258 =( NAMED_UNIT ( * ) PLANE_ANGLE_UNIT ( ) SI_UNIT ( $, .RADIAN. ) );
#2259 = DIRECTION ( 'NONE',  ( 1.000000000000000000, 0.000000000000000000, 0.000000000000000000 ) ) ;
#2260 = VECTOR ( 'NONE', #154, 1000.000000000000000 ) ;
#2261 = LINE ( 'NONE', #2196, #1081 ) ;
#2262 = EDGE_CURVE ( 'NONE', #2009, #1449, #2556, .T. ) ;
#2263 = CARTESIAN_POINT ( 'NONE',  ( -1.499999999999998668, -0.8749999999999998890, -0.2999999999999981570 ) ) ;
#2264 = ADVANCED_FACE ( 'NONE', ( #636 ), #666, .T. ) ;
#2265 = FACE_OUTER_BOUND ( 'NONE', #902, .T. ) ;
#2266 = LINE ( 'NONE', #1965, #290 ) ;
#2267 = CARTESIAN_POINT ( 'NONE',  ( 8.689999999999999503, 1.024999999999999911, 5.350000000000001421 ) ) ;
#2268 = LINE ( 'NONE', #2827, #2604 ) ;
#2269 = ORIENTED_EDGE ( 'NONE', *, *, #2115, .F. ) ;
#2270 = CARTESIAN_POINT ( 'NONE',  ( -0.8999999999999989120, -1.024999999999999911, -0.2999999999999981570 ) ) ;
#2271 = EDGE_LOOP ( 'NONE', ( #333, #2332, #2776, #1656, #1684, #3197, #2234, #586 ) ) ;
#2272 = EDGE_CURVE ( 'NONE', #2081, #1494, #594, .T. ) ;
#2273 = DIRECTION ( 'NONE',  ( -0.000000000000000000, -0.000000000000000000, -1.000000000000000000 ) ) ;
#2274 = CLOSED_SHELL ( 'NONE', ( #2478, #3178, #247, #1952, #2710, #787, #2867, #2743, #749, #1734, #20, #2173, #1986, #2851, #1277, #2264, #3111, #229, #984, #1764, #471, #3196, #1216, #1720, #969, #2192, #2692, #1171, #767, #404, #2911, #2962, #2730, #1509, #532, #2003, #2210, #2245, #1262, #1969, #1018, #4, #170, #719, #2445, #1702, #521, #2994, #598, #667, #898, #688, #384, #2508, #653, #1247, #1493, #2946, #1429, #2597, #1047, #2926, #1299, #35, #2881, #2492, #2976, #1934, #1904, #3128, #2364, #284, #1474, #1666, #2229, #1460, #101, #1230, #2677, #582, #1001, #1525, #2467, #506, #489, #262, #139, #734, #1414, #934, #801, #1030, #1876, #1746, #214, #2612 ) ) ;
#2275 = CARTESIAN_POINT ( 'NONE',  ( 11.18000000000000327, -1.024999999999999911, 14.20000000000000284 ) ) ;
#2276 = AXIS2_PLACEMENT_3D ( 'NONE', #1931, #1204, #1715 ) ;
#2277 = ORIENTED_EDGE ( 'NONE', *, *, #187, .T. ) ;
#2278 = ORIENTED_EDGE ( 'NONE', *, *, #1631, .T. ) ;
#2279 = CARTESIAN_POINT ( 'NONE',  ( 6.490000000000000213, -0.8749999999999998890, 6.950000000000000178 ) ) ;
#2280 = ORIENTED_EDGE ( 'NONE', *, *, #1708, .F. ) ;
#2281 = DIRECTION ( 'NONE',  ( 0.000000000000000000, -1.000000000000000000, 0.000000000000000000 ) ) ;
#2282 = ORIENTED_EDGE ( 'NONE', *, *, #1821, .T. ) ;
#2283 = CARTESIAN_POINT ( 'NONE',  ( 13.88000000000000078, -1.024999999999999911, 0.9000000000000014655 ) ) ;
#2284 = CARTESIAN_POINT ( 'NONE',  ( 8.450000000000002842, -0.8749999999999998890, 0.2000000000000022593 ) ) ;
#2285 = EDGE_CURVE ( 'NONE', #3147, #2403, #3012, .T. ) ;
#2286 = VERTEX_POINT ( 'NONE', #655 ) ;
#2287 = CARTESIAN_POINT ( 'NONE',  ( 8.050000000000000711, 1.024999999999999911, -0.2999999999999981570 ) ) ;
#2288 = VECTOR ( 'NONE', #2774, 1000.000000000000000 ) ;
#2289 = ORIENTED_EDGE ( 'NONE', *, *, #2388, .F. ) ;
#2290 = EDGE_CURVE ( 'NONE', #1255, #1781, #1251, .T. ) ;
#2291 = DIRECTION ( 'NONE',  ( -0.05233595624294064275, -0.000000000000000000, -0.9986295347545740553 ) ) ;
#2292 = FACE_OUTER_BOUND ( 'NONE', #941, .T. ) ;
#2293 = DIRECTION ( 'NONE',  ( -0.000000000000000000, 0.000000000000000000, 1.000000000000000000 ) ) ;
#2294 = FACE_OUTER_BOUND ( 'NONE', #58, .T. ) ;
#2295 = ORIENTED_EDGE ( 'NONE', *, *, #2462, .T. ) ;
#2296 = DIRECTION ( 'NONE',  ( 1.000000000000000000, 0.000000000000000000, 0.000000000000000000 ) ) ;
#2297 = FACE_OUTER_BOUND ( 'NONE', #2729, .T. ) ;
#2298 = VECTOR ( 'NONE', #2159, 1000.000000000000114 ) ;
#2299 = DIRECTION ( 'NONE',  ( 0.000000000000000000, 0.000000000000000000, -1.000000000000000000 ) ) ;
#2300 = VECTOR ( 'NONE', #2007, 1000.000000000000000 ) ;
#2301 = LINE ( 'NONE', #3046, #1687 ) ;
#2302 = CARTESIAN_POINT ( 'NONE',  ( -0.3499999999999987566, -0.8749999999999998890, -0.2999999999999981570 ) ) ;
#2303 = DIRECTION ( 'NONE',  ( 0.000000000000000000, -1.000000000000000000, 0.000000000000000000 ) ) ;
#2304 = DIRECTION ( 'NONE',  ( 0.000000000000000000, -1.000000000000000000, 0.000000000000000000 ) ) ;
#2305 = EDGE_CURVE ( 'NONE', #987, #1866, #1899, .T. ) ;
#2306 = VECTOR ( 'NONE', #210, 1000.000000000000000 ) ;
#2307 = DIRECTION ( 'NONE',  ( 0.000000000000000000, 1.000000000000000000, 0.000000000000000000 ) ) ;
#2308 = CARTESIAN_POINT ( 'NONE',  ( 4.750000000000001776, -0.8749999999999998890, -0.7999999999999977129 ) ) ;
#2309 = VERTEX_POINT ( 'NONE', #1136 ) ;
#2310 = ORIENTED_EDGE ( 'NONE', *, *, #1548, .T. ) ;
#2311 = CARTESIAN_POINT ( 'NONE',  ( 9.150000000000002132, -1.024999999999999911, -0.7999999999999977129 ) ) ;
#2312 = ORIENTED_EDGE ( 'NONE', *, *, #132, .T. ) ;
#2313 = ORIENTED_EDGE ( 'NONE', *, *, #977, .T. ) ;
#2314 = EDGE_LOOP ( 'NONE', ( #1287, #952, #1557, #1577 ) ) ;
#2315 = AXIS2_PLACEMENT_3D ( 'NONE', #1432, #3185, #458 ) ;
#2316 = ORIENTED_EDGE ( 'NONE', *, *, #1407, .T. ) ;
#2317 = AXIS2_PLACEMENT_3D ( 'NONE', #231, #61, #1725 ) ;
#2318 = PLANE ( 'NONE',  #1853 ) ;
#2319 = ORIENTED_EDGE ( 'NONE', *, *, #1878, .T. ) ;
#2320 = UNCERTAINTY_MEASURE_WITH_UNIT (LENGTH_MEASURE( 1.000000000000000082E-05 ), #1795, 'distance_accuracy_value', 'NONE');
#2321 = EDGE_CURVE ( 'NONE', #634, #2027, #870, .T. ) ;
#2322 = ORIENTED_EDGE ( 'NONE', *, *, #1894, .F. ) ;
#2323 = DIRECTION ( 'NONE',  ( -0.000000000000000000, -1.000000000000000000, -0.000000000000000000 ) ) ;
#2324 = CARTESIAN_POINT ( 'NONE',  ( 9.165154638911676699, 0.8749999999999998890, 8.292149606563562259 ) ) ;
#2325 = CARTESIAN_POINT ( 'NONE',  ( 5.150000000000002132, -0.8749999999999998890, 0.2000000000000022593 ) ) ;
#2326 = ORIENTED_EDGE ( 'NONE', *, *, #938, .F. ) ;
#2327 = EDGE_CURVE ( 'NONE', #2731, #541, #2166, .T. ) ;
#2328 = LINE ( 'NONE', #1395, #1289 ) ;
#2329 = ORIENTED_EDGE ( 'NONE', *, *, #982, .F. ) ;
#2330 = DIRECTION ( 'NONE',  ( 0.000000000000000000, -1.000000000000000000, 0.000000000000000000 ) ) ;
#2331 = LINE ( 'NONE', #2397, #1793 ) ;
#2332 = ORIENTED_EDGE ( 'NONE', *, *, #2625, .T. ) ;
#2333 = CARTESIAN_POINT ( 'NONE',  ( 6.490000000000000213, -0.8749999999999998890, 6.950000000000000178 ) ) ;
#2334 = CARTESIAN_POINT ( 'NONE',  ( 5.150000000000002132, -0.8749999999999998890, -0.2999999999999981570 ) ) ;
#2335 = LINE ( 'NONE', #2765, #2715 ) ;
#2336 = VERTEX_POINT ( 'NONE', #2820 ) ;
#2337 = AXIS2_PLACEMENT_3D ( 'NONE', #571, #2296, #2067 ) ;
#2338 = CARTESIAN_POINT ( 'NONE',  ( 6.950000000000001066, -1.024999999999999911, 0.2000000000000022593 ) ) ;
#2339 = CARTESIAN_POINT ( 'NONE',  ( 4.750000000000000000, -1.024999999999999911, -0.2999999999999981570 ) ) ;
#2340 = VECTOR ( 'NONE', #2129, 1000.000000000000000 ) ;
#2341 = CARTESIAN_POINT ( 'NONE',  ( -0.8999999999999989120, 1.024999999999999911, -0.2999999999999981570 ) ) ;
#2342 = FACE_OUTER_BOUND ( 'NONE', #736, .T. ) ;
#2343 = DIRECTION ( 'NONE',  ( 1.000000000000000000, -0.000000000000000000, -7.228014483236698528E-16 ) ) ;
#2344 = FACE_OUTER_BOUND ( 'NONE', #574, .T. ) ;
#2345 = DIRECTION ( 'NONE',  ( -1.000000000000000000, 0.000000000000000000, -0.000000000000000000 ) ) ;
#2346 = VECTOR ( 'NONE', #1486, 1000.000000000000000 ) ;
#2347 = DIRECTION ( 'NONE',  ( 0.000000000000000000, -0.000000000000000000, 1.000000000000000000 ) ) ;
#2348 = EDGE_CURVE ( 'NONE', #1891, #212, #195, .T. ) ;
#2349 = ORIENTED_EDGE ( 'NONE', *, *, #673, .F. ) ;
#2350 = VERTEX_POINT ( 'NONE', #1128 ) ;
#2351 = DIRECTION ( 'NONE',  ( -1.000000000000000000, 0.000000000000000000, -0.000000000000000000 ) ) ;
#2352 = CARTESIAN_POINT ( 'NONE',  ( -0.8999999999999989120, -0.8749999999999998890, 9.099999999999999645 ) ) ;
#2353 = VERTEX_POINT ( 'NONE', #2616 ) ;
#2354 = EDGE_CURVE ( 'NONE', #99, #259, #1528, .T. ) ;
#2355 = CARTESIAN_POINT ( 'NONE',  ( -0.8999999999999989120, -1.024999999999999911, -0.2999999999999981570 ) ) ;
#2356 = ORIENTED_EDGE ( 'NONE', *, *, #2366, .T. ) ;
#2357 = VERTEX_POINT ( 'NONE', #158 ) ;
#2358 = DIRECTION ( 'NONE',  ( -0.9477680432286521572, 0.000000000000000000, -0.3189603991634881175 ) ) ;
#2359 = CARTESIAN_POINT ( 'NONE',  ( 7.965185930628285504, 0.8749999999999998890, 8.300000000000002487 ) ) ;
#2360 = EDGE_LOOP ( 'NONE', ( #297, #1703, #357, #2439 ) ) ;
#2361 = DIRECTION ( 'NONE',  ( 0.000000000000000000, 0.000000000000000000, 1.000000000000000000 ) ) ;
#2362 =( GEOMETRIC_REPRESENTATION_CONTEXT ( 3 ) GLOBAL_UNCERTAINTY_ASSIGNED_CONTEXT ( ( #2504 ) ) GLOBAL_UNIT_ASSIGNED_CONTEXT ( ( #496, #2258, #1280 ) ) REPRESENTATION_CONTEXT ( 'NONE', 'WORKASPACE' ) );
#2363 = ORIENTED_EDGE ( 'NONE', *, *, #1468, .T. ) ;
#2364 = ADVANCED_FACE ( 'NONE', ( #2750 ), #3108, .F. ) ;
#2365 = VERTEX_POINT ( 'NONE', #112 ) ;
#2366 = EDGE_CURVE ( 'NONE', #2043, #955, #3170, .T. ) ;
#2367 = VECTOR ( 'NONE', #348, 1000.000000000000000 ) ;
#2368 = DIRECTION ( 'NONE',  ( -1.000000000000000000, -0.000000000000000000, -0.000000000000000000 ) ) ;
#2369 = LINE ( 'NONE', #2352, #3087 ) ;
#2370 = ORIENTED_EDGE ( 'NONE', *, *, #811, .T. ) ;
#2371 = LINE ( 'NONE', #60, #1408 ) ;
#2372 = DIRECTION ( 'NONE',  ( 0.000000000000000000, 0.000000000000000000, -1.000000000000000000 ) ) ;
#2373 = VECTOR ( 'NONE', #856, 1000.000000000000000 ) ;
#2374 = ORIENTED_EDGE ( 'NONE', *, *, #339, .T. ) ;
#2375 = DIRECTION ( 'NONE',  ( -0.000000000000000000, 1.000000000000000000, -0.000000000000000000 ) ) ;
#2376 = DIRECTION ( 'NONE',  ( 0.000000000000000000, 0.000000000000000000, 1.000000000000000000 ) ) ;
#2377 = LINE ( 'NONE', #1912, #3092 ) ;
#2378 = EDGE_CURVE ( 'NONE', #2815, #2648, #2526, .T. ) ;
#2379 = LINE ( 'NONE', #1849, #1187 ) ;
#2380 = DIRECTION ( 'NONE',  ( 0.000000000000000000, 0.000000000000000000, -1.000000000000000000 ) ) ;
#2381 = LINE ( 'NONE', #1304, #2602 ) ;
#2382 = LINE ( 'NONE', #1135, #2760 ) ;
#2383 = AXIS2_PLACEMENT_3D ( 'NONE', #1478, #2725, #1207 ) ;
#2384 = DIRECTION ( 'NONE',  ( 0.000000000000000000, 0.000000000000000000, -1.000000000000000000 ) ) ;
#2385 = CARTESIAN_POINT ( 'NONE',  ( 9.149999999999998579, -1.024999999999999911, -0.2999999999999981570 ) ) ;
#2386 = LINE ( 'NONE', #1858, #970 ) ;
#2387 = VERTEX_POINT ( 'NONE', #349 ) ;
#2388 = EDGE_CURVE ( 'NONE', #1339, #1598, #1642, .T. ) ;
#2389 = ORIENTED_EDGE ( 'NONE', *, *, #1688, .F. ) ;
#2390 = CARTESIAN_POINT ( 'NONE',  ( -0.8999999999999989120, -0.8749999999999998890, -0.2999999999999981570 ) ) ;
#2391 = DIRECTION ( 'NONE',  ( 1.000000000000000000, 0.000000000000000000, 0.000000000000000000 ) ) ;
#2392 = ORIENTED_EDGE ( 'NONE', *, *, #171, .F. ) ;
#2393 = EDGE_CURVE ( 'NONE', #203, #814, #2020, .T. ) ;
#2394 = EDGE_LOOP ( 'NONE', ( #3004, #2691, #2512, #2226 ) ) ;
#2395 = PLANE ( 'NONE',  #386 ) ;
#2396 = PRODUCT ( 'sd¿¨²Û', 'sd¿¨²Û', '', ( #323 ) ) ;
#2397 = CARTESIAN_POINT ( 'NONE',  ( 8.290000000000002700, 0.8749999999999998890, 5.350000000000001421 ) ) ;
#2398 = EDGE_CURVE ( 'NONE', #2309, #1194, #716, .T. ) ;
#2399 = DIRECTION ( 'NONE',  ( 9.637352644315596722E-16, 1.000000000000000000, 0.000000000000000000 ) ) ;
#2400 = VERTEX_POINT ( 'NONE', #2952 ) ;
#2401 = EDGE_LOOP ( 'NONE', ( #3176, #551, #90, #1562 ) ) ;
#2402 = AXIS2_PLACEMENT_3D ( 'NONE', #2676, #3174, #2941 ) ;
#2403 = VERTEX_POINT ( 'NONE', #477 ) ;
#2404 =( LENGTH_UNIT ( ) NAMED_UNIT ( * ) SI_UNIT ( .MILLI., .METRE. ) );
#2405 = CARTESIAN_POINT ( 'NONE',  ( 1.114924035798692703, 0.8749999999999998890, 8.308860014671328287 ) ) ;
#2406 = CARTESIAN_POINT ( 'NONE',  ( 8.865075964201309944, 0.8749999999999998890, 8.308860014671326510 ) ) ;
#2407 = EDGE_LOOP ( 'NONE', ( #342, #802, #592, #387 ) ) ;
#2408 = CARTESIAN_POINT ( 'NONE',  ( 7.350000000000001421, -0.8749999999999998890, 0.2000000000000022593 ) ) ;
#2409 = PRESENTATION_STYLE_ASSIGNMENT (( #437 ) ) ;
#2410 = VECTOR ( 'NONE', #1837, 1000.000000000000000 ) ;
#2411 = ORIENTED_EDGE ( 'NONE', *, *, #2551, .F. ) ;
#2412 = EDGE_CURVE ( 'NONE', #634, #735, #991, .T. ) ;
#2413 = CARTESIAN_POINT ( 'NONE',  ( 4.750000000000001776, -1.024999999999999911, -0.7999999999999977129 ) ) ;
#2414 = FACE_OUTER_BOUND ( 'NONE', #1632, .T. ) ;
#2415 = ORIENTED_EDGE ( 'NONE', *, *, #2848, .T. ) ;
#2416 = PLANE ( 'NONE',  #2146 ) ;
#2417 = CARTESIAN_POINT ( 'NONE',  ( 4.750000000000001776, 1.024999999999999911, -0.2999999999999981570 ) ) ;
#2418 = FACE_OUTER_BOUND ( 'NONE', #835, .T. ) ;
#2419 = CARTESIAN_POINT ( 'NONE',  ( -0.8999999999999989120, -0.8749999999999998890, -0.2999999999999981570 ) ) ;
#2420 = EDGE_LOOP ( 'NONE', ( #2970, #2094, #3033, #1850 ) ) ;
#2421 = DIRECTION ( 'NONE',  ( -1.000000000000000000, 0.000000000000000000, -0.000000000000000000 ) ) ;
#2422 = LINE ( 'NONE', #3050, #1259 ) ;
#2423 = LINE ( 'NONE', #93, #2798 ) ;
#2424 = DIRECTION ( 'NONE',  ( 0.000000000000000000, 1.000000000000000000, 0.000000000000000000 ) ) ;
#2425 = VECTOR ( 'NONE', #2044, 1000.000000000000000 ) ;
#2426 = LINE ( 'NONE', #2845, #731 ) ;
#2427 = ORIENTED_EDGE ( 'NONE', *, *, #1233, .T. ) ;
#2428 = ORIENTED_EDGE ( 'NONE', *, *, #2554, .F. ) ;
#2429 = DIRECTION ( 'NONE',  ( -1.000000000000000000, 2.710505431213761479E-15, 0.000000000000000000 ) ) ;
#2430 = CARTESIAN_POINT ( 'NONE',  ( -0.8999999999999989120, -0.8749999999999998890, 9.099999999999999645 ) ) ;
#2431 = EDGE_CURVE ( 'NONE', #1549, #1997, #1069, .T. ) ;
#2432 = ORIENTED_EDGE ( 'NONE', *, *, #1485, .T. ) ;
#2433 = ORIENTED_EDGE ( 'NONE', *, *, #3160, .F. ) ;
#2434 = EDGE_CURVE ( 'NONE', #1866, #2977, #3086, .T. ) ;
#2435 = EDGE_LOOP ( 'NONE', ( #2442, #2617, #1425, #1137 ) ) ;
#2436 = CARTESIAN_POINT ( 'NONE',  ( 2.950000000000001066, -1.024999999999999911, 0.2000000000000022593 ) ) ;
#2437 = CARTESIAN_POINT ( 'NONE',  ( 8.990000000000001990, 0.8749999999999998890, 4.950000000000001066 ) ) ;
#2438 = DIRECTION ( 'NONE',  ( 0.000000000000000000, 0.000000000000000000, -1.000000000000000000 ) ) ;
#2439 = ORIENTED_EDGE ( 'NONE', *, *, #1161, .T. ) ;
#2440 = DIRECTION ( 'NONE',  ( 1.084202172485504631E-15, -0.000000000000000000, -1.000000000000000000 ) ) ;
#2441 = DIRECTION ( 'NONE',  ( 1.000000000000000000, 0.000000000000000000, 0.000000000000000000 ) ) ;
#2442 = ORIENTED_EDGE ( 'NONE', *, *, #2218, .F. ) ;
#2443 = AXIS2_PLACEMENT_3D ( 'NONE', #519, #2239, #775 ) ;
#2444 = ORIENTED_EDGE ( 'NONE', *, *, #2930, .T. ) ;
#2445 = ADVANCED_FACE ( 'NONE', ( #712 ), #1492, .F. ) ;
#2446 = VECTOR ( 'NONE', #549, 1000.000000000000000 ) ;
#2447 = CARTESIAN_POINT ( 'NONE',  ( -0.3499999999999987566, -1.024999999999999911, -0.7999999999999977129 ) ) ;
#2448 = VECTOR ( 'NONE', #1920, 1000.000000000000000 ) ;
#2449 = VERTEX_POINT ( 'NONE', #3205 ) ;
#2450 = DIRECTION ( 'NONE',  ( -0.9982540344693806578, 0.000000000000000000, 0.05906676447550263803 ) ) ;
#2451 = CARTESIAN_POINT ( 'NONE',  ( 2.165154638911676699, 0.8749999999999998890, 8.292149606563562259 ) ) ;
#2452 = LINE ( 'NONE', #313, #2623 ) ;
#2453 = LINE ( 'NONE', #306, #482 ) ;
#2454 = DIRECTION ( 'NONE',  ( -0.000000000000000000, 0.000000000000000000, 1.000000000000000000 ) ) ;
#2455 = DIRECTION ( 'NONE',  ( 0.000000000000000000, 1.000000000000000000, -0.000000000000000000 ) ) ;
#2456 = CARTESIAN_POINT ( 'NONE',  ( 12.88000000000000078, -1.024999999999999911, 0.7000000000000018430 ) ) ;
#2457 = VECTOR ( 'NONE', #746, 1000.000000000000000 ) ;
#2458 = EDGE_CURVE ( 'NONE', #2254, #2449, #1288, .T. ) ;
#2459 = DIRECTION ( 'NONE',  ( -0.000000000000000000, 0.000000000000000000, -1.000000000000000000 ) ) ;
#2460 = LINE ( 'NONE', #1636, #1908 ) ;
#2461 = DIRECTION ( 'NONE',  ( -0.000000000000000000, -0.000000000000000000, 1.000000000000000000 ) ) ;
#2462 = EDGE_CURVE ( 'NONE', #2357, #1290, #117, .T. ) ;
#2463 = VECTOR ( 'NONE', #308, 1000.000000000000000 ) ;
#2464 = FACE_OUTER_BOUND ( 'NONE', #444, .T. ) ;
#2465 = DIRECTION ( 'NONE',  ( -1.000000000000000000, -0.000000000000000000, -0.000000000000000000 ) ) ;
#2466 = CARTESIAN_POINT ( 'NONE',  ( -1.499999999999998668, -0.8749999999999998890, 9.099999999999999645 ) ) ;
#2467 = ADVANCED_FACE ( 'NONE', ( #1104 ), #2971, .F. ) ;
#2468 = LINE ( 'NONE', #1736, #494 ) ;
#2469 = AXIS2_PLACEMENT_3D ( 'NONE', #136, #149, #1868 ) ;
#2470 = CARTESIAN_POINT ( 'NONE',  ( 7.814845361088326392, 0.8749999999999998890, 8.292149606563560482 ) ) ;
#2471 = ORIENTED_EDGE ( 'NONE', *, *, #1253, .T. ) ;
#2472 = DIRECTION ( 'NONE',  ( -0.000000000000000000, -0.000000000000000000, -1.000000000000000000 ) ) ;
#2473 = VERTEX_POINT ( 'NONE', #2661 ) ;
#2474 = ORIENTED_EDGE ( 'NONE', *, *, #2272, .F. ) ;
#2475 = DIRECTION ( 'NONE',  ( 0.000000000000000000, 1.000000000000000000, 0.000000000000000000 ) ) ;
#2476 = EDGE_CURVE ( 'NONE', #784, #2629, #988, .T. ) ;
#2477 = ORIENTED_EDGE ( 'NONE', *, *, #1506, .F. ) ;
#2478 = ADVANCED_FACE ( 'NONE', ( #2092 ), #1285, .F. ) ;
#2479 = EDGE_LOOP ( 'NONE', ( #431, #1397, #1504, #42 ) ) ;
#2480 = DIRECTION ( 'NONE',  ( 0.000000000000000000, 0.000000000000000000, -1.000000000000000000 ) ) ;
#2481 = CARTESIAN_POINT ( 'NONE',  ( 13.48000000000000043, -0.8749999999999998890, -0.2999999999999981570 ) ) ;
#2482 = AXIS2_PLACEMENT_3D ( 'NONE', #2728, #14, #32 ) ;
#2483 = DIRECTION ( 'NONE',  ( -1.000000000000000000, -0.000000000000000000, -0.000000000000000000 ) ) ;
#2484 = CARTESIAN_POINT ( 'NONE',  ( 1.132344685007232732, 0.8749999999999998890, 5.100000000000001421 ) ) ;
#2485 = VECTOR ( 'NONE', #2368, 1000.000000000000000 ) ;
#2486 = FACE_OUTER_BOUND ( 'NONE', #979, .T. ) ;
#2487 = FACE_OUTER_BOUND ( 'NONE', #2712, .T. ) ;
#2488 = CARTESIAN_POINT ( 'NONE',  ( 0.000000000000000000, 0.000000000000000000, 0.000000000000000000 ) ) ;
#2489 = ORIENTED_EDGE ( 'NONE', *, *, #2914, .F. ) ;
#2490 = EDGE_CURVE ( 'NONE', #2400, #99, #2163, .T. ) ;
#2491 = LINE ( 'NONE', #1206, #2562 ) ;
#2492 = ADVANCED_FACE ( 'NONE', ( #2586 ), #1745, .T. ) ;
#2493 = ORIENTED_EDGE ( 'NONE', *, *, #7, .T. ) ;
#2494 = FACE_OUTER_BOUND ( 'NONE', #1365, .T. ) ;
#2495 = EDGE_CURVE ( 'NONE', #2910, #1841, #517, .T. ) ;
#2496 = DIRECTION ( 'NONE',  ( 0.000000000000000000, 0.000000000000000000, -1.000000000000000000 ) ) ;
#2497 = LINE ( 'NONE', #1086, #2983 ) ;
#2498 = LINE ( 'NONE', #3053, #3100 ) ;
#2499 = CARTESIAN_POINT ( 'NONE',  ( 1.850000000000001865, -1.024999999999999911, 0.2000000000000022593 ) ) ;
#2500 = CARTESIAN_POINT ( 'NONE',  ( 12.88000000000000078, -1.024999999999999911, 0.9000000000000014655 ) ) ;
#2501 = ORIENTED_EDGE ( 'NONE', *, *, #2378, .F. ) ;
#2502 = CARTESIAN_POINT ( 'NONE',  ( 13.88000000000000078, -0.8749999999999998890, 10.69999999999999929 ) ) ;
#2503 = ORIENTED_EDGE ( 'NONE', *, *, #509, .T. ) ;
#2504 = UNCERTAINTY_MEASURE_WITH_UNIT (LENGTH_MEASURE( 1.000000000000000082E-05 ), #496, 'distance_accuracy_value', 'NONE');
#2505 = AXIS2_PLACEMENT_3D ( 'NONE', #1238, #497, #1694 ) ;
#2506 = ORIENTED_EDGE ( 'NONE', *, *, #789, .T. ) ;
#2507 = ORIENTED_EDGE ( 'NONE', *, *, #2057, .F. ) ;
#2508 = ADVANCED_FACE ( 'NONE', ( #355 ), #2002, .T. ) ;
#2509 = DIRECTION ( 'NONE',  ( 0.000000000000000000, 0.000000000000000000, 1.000000000000000000 ) ) ;
#2510 = EDGE_LOOP ( 'NONE', ( #1090, #2663, #1268, #168 ) ) ;
#2511 = CARTESIAN_POINT ( 'NONE',  ( 9.165154638911676699, 1.024999999999999911, 8.292149606563562259 ) ) ;
#2512 = ORIENTED_EDGE ( 'NONE', *, *, #2354, .F. ) ;
#2513 = DIRECTION ( 'NONE',  ( 1.000000000000000000, 0.000000000000000000, 0.000000000000000000 ) ) ;
#2514 = EDGE_CURVE ( 'NONE', #459, #1997, #191, .T. ) ;
#2515 = VERTEX_POINT ( 'NONE', #1771 ) ;
#2516 = ORIENTED_EDGE ( 'NONE', *, *, #1463, .T. ) ;
#2517 = EDGE_CURVE ( 'NONE', #1659, #2515, #1604, .T. ) ;
#2518 = ORIENTED_EDGE ( 'NONE', *, *, #916, .T. ) ;
#2519 = CARTESIAN_POINT ( 'NONE',  ( -0.3499999999999987566, -0.8749999999999998890, -0.7999999999999977129 ) ) ;
#2520 = DIRECTION ( 'NONE',  ( 1.000000000000000000, 0.000000000000000000, 0.000000000000000000 ) ) ;
#2521 = FACE_OUTER_BOUND ( 'NONE', #2056, .T. ) ;
#2522 = AXIS2_PLACEMENT_3D ( 'NONE', #1897, #1638, #677 ) ;
#2523 = VECTOR ( 'NONE', #350, 1000.000000000000000 ) ;
#2524 = DIRECTION ( 'NONE',  ( -0.000000000000000000, 1.000000000000000000, -0.000000000000000000 ) ) ;
#2525 = ORIENTED_EDGE ( 'NONE', *, *, #207, .T. ) ;
#2526 = LINE ( 'NONE', #123, #2095 ) ;
#2527 = FACE_OUTER_BOUND ( 'NONE', #126, .T. ) ;
#2528 = DIRECTION ( 'NONE',  ( 1.000000000000000000, 0.000000000000000000, 0.000000000000000000 ) ) ;
#2529 = LINE ( 'NONE', #2237, #1254 ) ;
#2530 = EDGE_LOOP ( 'NONE', ( #1773, #345, #502, #2122, #2126, #543, #1108, #3088, #2471, #1371, #888, #1380, #1533, #676 ) ) ;
#2531 = PLANE ( 'NONE',  #1658 ) ;
#2532 = APPLICATION_CONTEXT ( 'automotive_design' ) ;
#2533 = LINE ( 'NONE', #1182, #1648 ) ;
#2534 = EDGE_CURVE ( 'NONE', #1847, #773, #905, .T. ) ;
#2535 = CARTESIAN_POINT ( 'NONE',  ( 4.050000000000001599, -1.024999999999999911, -0.7999999999999977129 ) ) ;
#2536 = VECTOR ( 'NONE', #1785, 1000.000000000000000 ) ;
#2537 = CARTESIAN_POINT ( 'NONE',  ( 7.965185930628285504, 1.024999999999999911, 8.450000000000001066 ) ) ;
#2538 = VECTOR ( 'NONE', #670, 1000.000000000000000 ) ;
#2539 = ORIENTED_EDGE ( 'NONE', *, *, #2062, .T. ) ;
#2540 = VERTEX_POINT ( 'NONE', #3060 ) ;
#2541 = EDGE_CURVE ( 'NONE', #2186, #858, #2819, .T. ) ;
#2542 = CARTESIAN_POINT ( 'NONE',  ( 1.450000000000001732, -0.8749999999999998890, 0.2000000000000022593 ) ) ;
#2543 = VERTEX_POINT ( 'NONE', #1357 ) ;
#2544 = ORIENTED_EDGE ( 'NONE', *, *, #254, .T. ) ;
#2545 = DIRECTION ( 'NONE',  ( 0.000000000000000000, 0.000000000000000000, -1.000000000000000000 ) ) ;
#2546 = EDGE_LOOP ( 'NONE', ( #1228, #175, #929, #375 ) ) ;
#2547 = CARTESIAN_POINT ( 'NONE',  ( 7.982550254794047007, 1.024999999999999911, 5.092149606563560305 ) ) ;
#2548 = ORIENTED_EDGE ( 'NONE', *, *, #1340, .F. ) ;
#2549 = DIRECTION ( 'NONE',  ( 1.000000000000000000, 0.000000000000000000, 0.000000000000000000 ) ) ;
#2550 = DIRECTION ( 'NONE',  ( 0.000000000000000000, -1.000000000000000000, 0.000000000000000000 ) ) ;
#2551 = EDGE_CURVE ( 'NONE', #1627, #2140, #315, .T. ) ;
#2552 = EDGE_LOOP ( 'NONE', ( #2489, #75, #140, #2588 ) ) ;
#2553 = VERTEX_POINT ( 'NONE', #2796 ) ;
#2554 = EDGE_CURVE ( 'NONE', #2009, #555, #1209, .T. ) ;
#2555 = PLANE ( 'NONE',  #2980 ) ;
#2556 = LINE ( 'NONE', #3097, #1292 ) ;
#2557 = CARTESIAN_POINT ( 'NONE',  ( 8.450000000000002842, -1.024999999999999911, -0.7999999999999977129 ) ) ;
#2558 = VECTOR ( 'NONE', #1711, 1000.000000000000000 ) ;
#2559 = DIRECTION ( 'NONE',  ( -1.000000000000000000, 0.000000000000000000, -1.445602896647339706E-15 ) ) ;
#2560 = VECTOR ( 'NONE', #2618, 1000.000000000000000 ) ;
#2561 = ORIENTED_EDGE ( 'NONE', *, *, #3202, .T. ) ;
#2562 = VECTOR ( 'NONE', #2465, 1000.000000000000000 ) ;
#2563 = ORIENTED_EDGE ( 'NONE', *, *, #1321, .T. ) ;
#2564 = VECTOR ( 'NONE', #2640, 1000.000000000000000 ) ;
#2565 = VECTOR ( 'NONE', #1926, 999.9999999999998863 ) ;
#2566 = CYLINDRICAL_SURFACE ( 'NONE', #1489, 0.1499999999999999667 ) ;
#2567 = DIRECTION ( 'NONE',  ( -1.000000000000000000, -0.000000000000000000, -0.000000000000000000 ) ) ;
#2568 = CARTESIAN_POINT ( 'NONE',  ( 2.950000000000001066, -0.8749999999999998890, -0.7999999999999977129 ) ) ;
#2569 = ORIENTED_EDGE ( 'NONE', *, *, #490, .F. ) ;
#2570 = ORIENTED_EDGE ( 'NONE', *, *, #1125, .T. ) ;
#2571 = ORIENTED_EDGE ( 'NONE', *, *, #2871, .F. ) ;
#2572 = PLANE ( 'NONE',  #2100 ) ;
#2573 = ORIENTED_EDGE ( 'NONE', *, *, #2490, .F. ) ;
#2574 = AXIS2_PLACEMENT_3D ( 'NONE', #841, #2060, #2528 ) ;
#2575 = ORIENTED_EDGE ( 'NONE', *, *, #1867, .F. ) ;
#2576 = ORIENTED_EDGE ( 'NONE', *, *, #2713, .F. ) ;
#2577 = AXIS2_PLACEMENT_3D ( 'NONE', #401, #2594, #1855 ) ;
#2578 = ORIENTED_EDGE ( 'NONE', *, *, #1100, .F. ) ;
#2579 = EDGE_CURVE ( 'NONE', #309, #1672, #1139, .T. ) ;
#2580 = VERTEX_POINT ( 'NONE', #3019 ) ;
#2581 = DIRECTION ( 'NONE',  ( -0.000000000000000000, 0.000000000000000000, 1.000000000000000000 ) ) ;
#2582 = DIRECTION ( 'NONE',  ( 1.000000000000000000, 0.000000000000000000, -7.228014483236698528E-16 ) ) ;
#2583 = EDGE_LOOP ( 'NONE', ( #1922, #2642, #261, #622 ) ) ;
#2584 = CARTESIAN_POINT ( 'NONE',  ( 8.847655314992769249, 1.024999999999999911, 5.100000000000001421 ) ) ;
#2585 = EDGE_CURVE ( 'NONE', #1444, #424, #2205, .T. ) ;
#2586 = FACE_OUTER_BOUND ( 'NONE', #1661, .T. ) ;
#2587 = VECTOR ( 'NONE', #2200, 1000.000000000000114 ) ;
#2588 = ORIENTED_EDGE ( 'NONE', *, *, #720, .F. ) ;
#2589 = DIRECTION ( 'NONE',  ( -0.000000000000000000, 0.000000000000000000, 1.000000000000000000 ) ) ;
#2590 = VECTOR ( 'NONE', #1032, 1000.000000000000000 ) ;
#2591 = AXIS2_PLACEMENT_3D ( 'NONE', #1328, #2323, #343 ) ;
#2592 = VECTOR ( 'NONE', #2441, 1000.000000000000000 ) ;
#2593 = ORIENTED_EDGE ( 'NONE', *, *, #596, .T. ) ;
#2594 = DIRECTION ( 'NONE',  ( 1.000000000000000000, 0.000000000000000000, -1.196361017915039732E-16 ) ) ;
#2595 = LINE ( 'NONE', #1757, #1450 ) ;
#2596 = ORIENTED_EDGE ( 'NONE', *, *, #2076, .T. ) ;
#2597 = ADVANCED_FACE ( 'NONE', ( #2967 ), #593, .T. ) ;
#2598 = DIRECTION ( 'NONE',  ( -1.000000000000000000, 0.000000000000000000, -0.000000000000000000 ) ) ;
#2599 = CARTESIAN_POINT ( 'NONE',  ( 13.88000000000000078, -1.024999999999999911, -0.2999999999999981570 ) ) ;
#2600 = CARTESIAN_POINT ( 'NONE',  ( -0.8999999999999989120, 1.024999999999999911, -0.2999999999999981570 ) ) ;
#2601 = CARTESIAN_POINT ( 'NONE',  ( 12.88000000000000078, -0.8749999999999998890, 0.7000000000000018430 ) ) ;
#2602 = VECTOR ( 'NONE', #2545, 1000.000000000000000 ) ;
#2603 = VECTOR ( 'NONE', #2732, 1000.000000000000000 ) ;
#2604 = VECTOR ( 'NONE', #715, 1000.000000000000000 ) ;
#2605 = DIRECTION ( 'NONE',  ( 0.000000000000000000, 0.000000000000000000, -1.000000000000000000 ) ) ;
#2606 = EDGE_CURVE ( 'NONE', #285, #237, #1786, .T. ) ;
#2607 = VERTEX_POINT ( 'NONE', #2106 ) ;
#2608 = VERTEX_POINT ( 'NONE', #1882 ) ;
#2609 = DIRECTION ( 'NONE',  ( 1.000000000000000000, 0.000000000000000000, 0.000000000000000000 ) ) ;
#2610 = ORIENTED_EDGE ( 'NONE', *, *, #490, .T. ) ;
#2611 = EDGE_CURVE ( 'NONE', #3037, #2449, #1639, .T. ) ;
#2612 = ADVANCED_FACE ( 'NONE', ( #2521 ), #3163, .F. ) ;
#2613 = ORIENTED_EDGE ( 'NONE', *, *, #1595, .F. ) ;
#2614 = DIRECTION ( 'NONE',  ( 0.000000000000000000, 0.000000000000000000, -1.000000000000000000 ) ) ;
#2615 = AXIS2_PLACEMENT_3D ( 'NONE', #399, #3131, #1173 ) ;
#2616 = CARTESIAN_POINT ( 'NONE',  ( 11.53999999999999915, -0.02500000000000006384, 14.20000000000000462 ) ) ;
#2617 = ORIENTED_EDGE ( 'NONE', *, *, #25, .T. ) ;
#2618 = DIRECTION ( 'NONE',  ( 1.000000000000000000, 0.000000000000000000, 0.000000000000000000 ) ) ;
#2619 = ORIENTED_EDGE ( 'NONE', *, *, #2891, .T. ) ;
#2620 = EDGE_CURVE ( 'NONE', #1891, #2920, #1674, .T. ) ;
#2621 = CARTESIAN_POINT ( 'NONE',  ( 4.050000000000001599, -0.8749999999999998890, -0.7999999999999977129 ) ) ;
#2622 = ORIENTED_EDGE ( 'NONE', *, *, #127, .T. ) ;
#2623 = VECTOR ( 'NONE', #3026, 1000.000000000000000 ) ;
#2624 = LINE ( 'NONE', #1331, #3171 ) ;
#2625 = EDGE_CURVE ( 'NONE', #3154, #2079, #2853, .T. ) ;
#2626 = DIRECTION ( 'NONE',  ( -1.000000000000000000, -0.000000000000000000, -0.000000000000000000 ) ) ;
#2627 = CIRCLE ( 'NONE', #2276, 0.1500000000000008271 ) ;
#2628 = CARTESIAN_POINT ( 'NONE',  ( 8.990000000000001990, 0.8749999999999998890, 4.950000000000001066 ) ) ;
#2629 = VERTEX_POINT ( 'NONE', #2825 ) ;
#2630 = AXIS2_PLACEMENT_3D ( 'NONE', #1452, #2665, #2161 ) ;
#2631 = LINE ( 'NONE', #548, #1491 ) ;
#2632 = ORIENTED_EDGE ( 'NONE', *, *, #950, .T. ) ;
#2633 = LINE ( 'NONE', #1599, #1727 ) ;
#2634 = FACE_OUTER_BOUND ( 'NONE', #2162, .T. ) ;
#2635 = AXIS2_PLACEMENT_3D ( 'NONE', #823, #2047, #72 ) ;
#2636 = CARTESIAN_POINT ( 'NONE',  ( 2.015360208698490752, 0.8749999999999998890, 8.300000000000002487 ) ) ;
#2637 = PLANE ( 'NONE',  #2651 ) ;
#2638 = DIRECTION ( 'NONE',  ( -0.05233595624294063581, 0.000000000000000000, -0.9986295347545741663 ) ) ;
#2639 = FACE_OUTER_BOUND ( 'NONE', #2733, .T. ) ;
#2640 = DIRECTION ( 'NONE',  ( 0.000000000000000000, 1.000000000000000000, 0.000000000000000000 ) ) ;
#2641 = EDGE_CURVE ( 'NONE', #259, #1389, #1750, .T. ) ;
#2642 = ORIENTED_EDGE ( 'NONE', *, *, #1768, .F. ) ;
#2643 = DIRECTION ( 'NONE',  ( 1.000000000000000000, 0.000000000000000000, 0.000000000000000000 ) ) ;
#2644 = ORIENTED_EDGE ( 'NONE', *, *, #2664, .F. ) ;
#2645 = ORIENTED_EDGE ( 'NONE', *, *, #1890, .T. ) ;
#2646 = MANIFOLD_SOLID_BREP ( 'ÊµÌå-ÒÆ¶¯/¸´ÖÆ2', #2274 ) ;
#2647 = DIRECTION ( 'NONE',  ( 0.000000000000000000, -0.000000000000000000, -1.000000000000000000 ) ) ;
#2648 = VERTEX_POINT ( 'NONE', #1612 ) ;
#2649 = CARTESIAN_POINT ( 'NONE',  ( 13.88000000000000078, -1.024999999999999911, 0.9000000000000005773 ) ) ;
#2650 = CARTESIAN_POINT ( 'NONE',  ( 8.114924035798692259, 1.024999999999999911, 8.308860014671328287 ) ) ;
#2651 = AXIS2_PLACEMENT_3D ( 'NONE', #2147, #2900, #923 ) ;
#2652 = PLANE ( 'NONE',  #1286 ) ;
#2653 = ORIENTED_EDGE ( 'NONE', *, *, #2223, .F. ) ;
#2654 = ORIENTED_EDGE ( 'NONE', *, *, #1927, .F. ) ;
#2655 = AXIS2_PLACEMENT_3D ( 'NONE', #1560, #2303, #2074 ) ;
#2656 = DIRECTION ( 'NONE',  ( 0.000000000000000000, 0.000000000000000000, -1.000000000000000000 ) ) ;
#2657 = DIRECTION ( 'NONE',  ( 0.000000000000000000, -1.000000000000000000, 0.000000000000000000 ) ) ;
#2658 = CARTESIAN_POINT ( 'NONE',  ( 11.18000000000000327, -1.024999999999999911, 14.20000000000000284 ) ) ;
#2659 = ORIENTED_EDGE ( 'NONE', *, *, #1019, .F. ) ;
#2660 = DIRECTION ( 'NONE',  ( -1.445602896647339508E-15, 0.000000000000000000, 1.000000000000000000 ) ) ;
#2661 = CARTESIAN_POINT ( 'NONE',  ( 4.050000000000000711, -0.8749999999999998890, -0.2999999999999981570 ) ) ;
#2662 = VECTOR ( 'NONE', #1859, 1000.000000000000000 ) ;
#2663 = ORIENTED_EDGE ( 'NONE', *, *, #1084, .F. ) ;
#2664 = EDGE_CURVE ( 'NONE', #2168, #1248, #2127, .T. ) ;
#2665 = DIRECTION ( 'NONE',  ( 0.000000000000000000, 1.000000000000000000, 0.000000000000000000 ) ) ;
#2666 = VECTOR ( 'NONE', #369, 1000.000000000000000 ) ;
#2667 = FACE_OUTER_BOUND ( 'NONE', #340, .T. ) ;
#2668 = DIRECTION ( 'NONE',  ( 7.228014483236698528E-16, 0.000000000000000000, 1.000000000000000000 ) ) ;
#2669 = DIRECTION ( 'NONE',  ( 0.000000000000000000, -1.000000000000000000, 0.000000000000000000 ) ) ;
#2670 = FACE_OUTER_BOUND ( 'NONE', #1374, .T. ) ;
#2671 = PLANE ( 'NONE',  #925 ) ;
#2672 = EDGE_CURVE ( 'NONE', #2543, #2009, #1176, .T. ) ;
#2673 = ORIENTED_EDGE ( 'NONE', *, *, #1095, .F. ) ;
#2674 = DIRECTION ( 'NONE',  ( -1.000000000000000000, 0.000000000000000000, -0.000000000000000000 ) ) ;
#2675 = CIRCLE ( 'NONE', #2727, 0.1999999999999999833 ) ;
#2676 = CARTESIAN_POINT ( 'NONE',  ( 6.490000000000000213, -0.8749999999999998890, 6.950000000000000178 ) ) ;
#2677 = ADVANCED_FACE ( 'NONE', ( #2782 ), #2416, .F. ) ;
#2678 = LINE ( 'NONE', #1961, #725 ) ;
#2679 = VECTOR ( 'NONE', #1616, 1000.000000000000000 ) ;
#2680 = CIRCLE ( 'NONE', #1005, 0.1500000000000008271 ) ;
#2681 = VECTOR ( 'NONE', #2361, 1000.000000000000000 ) ;
#2682 = DIRECTION ( 'NONE',  ( 0.05906676447550236048, -0.000000000000000000, -0.9982540344693806578 ) ) ;
#2683 = CARTESIAN_POINT ( 'NONE',  ( 2.550000000000001155, -0.8749999999999998890, -0.7999999999999977129 ) ) ;
#2684 = CARTESIAN_POINT ( 'NONE',  ( 9.099999999999999645, -1.024999999999999911, 13.50000000000000355 ) ) ;
#2685 = ORIENTED_EDGE ( 'NONE', *, *, #513, .F. ) ;
#2686 = ORIENTED_EDGE ( 'NONE', *, *, #2393, .T. ) ;
#2687 = EDGE_CURVE ( 'NONE', #3173, #1898, #717, .T. ) ;
#2688 = ORIENTED_EDGE ( 'NONE', *, *, #1118, .T. ) ;
#2689 = EDGE_LOOP ( 'NONE', ( #2571, #1601, #1134, #684, #505 ) ) ;
#2690 = DIRECTION ( 'NONE',  ( 1.000000000000000000, 0.000000000000000000, -0.000000000000000000 ) ) ;
#2691 = ORIENTED_EDGE ( 'NONE', *, *, #2641, .F. ) ;
#2692 = ADVANCED_FACE ( 'NONE', ( #2933 ), #3122, .F. ) ;
#2693 = CARTESIAN_POINT ( 'NONE',  ( 9.014814069371716698, 1.024999999999999911, 8.450000000000001066 ) ) ;
#2694 = CARTESIAN_POINT ( 'NONE',  ( -0.8999999999999989120, -0.8749999999999998890, -0.2999999999999981570 ) ) ;
#2695 = DIRECTION ( 'NONE',  ( -1.000000000000000000, 0.000000000000000000, -0.000000000000000000 ) ) ;
#2696 = DIRECTION ( 'NONE',  ( -1.000000000000000000, -0.000000000000000000, -0.000000000000000000 ) ) ;
#2697 = ORIENTED_EDGE ( 'NONE', *, *, #1907, .F. ) ;
#2698 = AXIS2_PLACEMENT_3D ( 'NONE', #659, #143, #2351 ) ;
#2699 = CARTESIAN_POINT ( 'NONE',  ( 1.132344685007232732, 1.024999999999999911, 5.100000000000001421 ) ) ;
#2700 = PLANE ( 'NONE',  #2383 ) ;
#2701 = VERTEX_POINT ( 'NONE', #957 ) ;
#2702 = CARTESIAN_POINT ( 'NONE',  ( 0.7500000000000015543, -1.024999999999999911, 0.2000000000000022593 ) ) ;
#2703 = ORIENTED_EDGE ( 'NONE', *, *, #468, .F. ) ;
#2704 = PLANE ( 'NONE',  #1559 ) ;
#2705 = PLANE ( 'NONE',  #2505 ) ;
#2706 = EDGE_CURVE ( 'NONE', #1928, #183, #2708, .T. ) ;
#2707 = LINE ( 'NONE', #94, #1335 ) ;
#2708 = LINE ( 'NONE', #2447, #2059 ) ;
#2709 = CARTESIAN_POINT ( 'NONE',  ( 8.450000000000002842, -0.8749999999999998890, 0.2000000000000022593 ) ) ;
#2710 = ADVANCED_FACE ( 'NONE', ( #2667 ), #1296, .F. ) ;
#2711 = LINE ( 'NONE', #671, #1338 ) ;
#2712 = EDGE_LOOP ( 'NONE', ( #1170, #838, #2312, #2011 ) ) ;
#2713 = EDGE_CURVE ( 'NONE', #1201, #3037, #1145, .T. ) ;
#2714 = CARTESIAN_POINT ( 'NONE',  ( 0.7500000000000015543, -0.8749999999999998890, -0.7999999999999977129 ) ) ;
#2715 = VECTOR ( 'NONE', #1297, 1000.000000000000000 ) ;
#2716 = VERTEX_POINT ( 'NONE', #2185 ) ;
#2717 = DIRECTION ( 'NONE',  ( 0.000000000000000000, 0.000000000000000000, -1.000000000000000000 ) ) ;
#2718 = CARTESIAN_POINT ( 'NONE',  ( 7.814845361088326392, 0.8749999999999998890, 8.292149606563560482 ) ) ;
#2719 = EDGE_CURVE ( 'NONE', #1133, #1430, #3014, .T. ) ;
#2720 = CARTESIAN_POINT ( 'NONE',  ( -0.3499999999999987566, -0.8749999999999998890, -0.7999999999999977129 ) ) ;
#2721 = LINE ( 'NONE', #1556, #565 ) ;
#2722 = CIRCLE ( 'NONE', #2522, 0.1500000000000008271 ) ;
#2723 = CARTESIAN_POINT ( 'NONE',  ( 7.990000000000000213, 1.024999999999999911, 4.950000000000001066 ) ) ;
#2724 = DIRECTION ( 'NONE',  ( 7.228014483236656126E-16, 0.000000000000000000, 1.000000000000000000 ) ) ;
#2725 = DIRECTION ( 'NONE',  ( 1.000000000000000000, 0.000000000000000000, 0.000000000000000000 ) ) ;
#2726 = FACE_OUTER_BOUND ( 'NONE', #1956, .T. ) ;
#2727 = AXIS2_PLACEMENT_3D ( 'NONE', #2924, #2951, #2429 ) ;
#2728 = CARTESIAN_POINT ( 'NONE',  ( 7.965185930628285504, 0.8749999999999998890, 8.300000000000002487 ) ) ;
#2729 = EDGE_LOOP ( 'NONE', ( #1472, #2852, #2411, #3072 ) ) ;
#2730 = ADVANCED_FACE ( 'NONE', ( #2294 ), #1954, .F. ) ;
#2731 = VERTEX_POINT ( 'NONE', #495 ) ;
#2732 = DIRECTION ( 'NONE',  ( -1.196361017915039486E-16, -0.000000000000000000, -1.000000000000000000 ) ) ;
#2733 = EDGE_LOOP ( 'NONE', ( #1130, #2280, #1413, #1099 ) ) ;
#2734 = CARTESIAN_POINT ( 'NONE',  ( -0.6999999999999975131, 1.024999999999999911, 13.50000000000000355 ) ) ;
#2735 = VERTEX_POINT ( 'NONE', #2693 ) ;
#2736 = DIRECTION ( 'NONE',  ( -0.000000000000000000, -0.000000000000000000, -1.000000000000000000 ) ) ;
#2737 = EDGE_LOOP ( 'NONE', ( #1925, #643, #337, #3120 ) ) ;
#2738 = CARTESIAN_POINT ( 'NONE',  ( -0.8999999999999989120, -0.8749999999999998890, 0.7000000000000018430 ) ) ;
#2739 = EDGE_CURVE ( 'NONE', #2183, #1021, #1900, .T. ) ;
#2740 = ORIENTED_EDGE ( 'NONE', *, *, #2158, .F. ) ;
#2741 = CARTESIAN_POINT ( 'NONE',  ( 8.049999999999998934, -1.024999999999999911, -0.2999999999999981570 ) ) ;
#2742 = ORIENTED_EDGE ( 'NONE', *, *, #1485, .F. ) ;
#2743 = ADVANCED_FACE ( 'NONE', ( #992, #1295, #1252 ), #2991, .T. ) ;
#2744 = CARTESIAN_POINT ( 'NONE',  ( 6.950000000000001066, -0.8749999999999998890, 0.2000000000000022593 ) ) ;
#2745 = PLANE ( 'NONE',  #3175 ) ;
#2746 = AXIS2_PLACEMENT_3D ( 'NONE', #152, #3101, #2598 ) ;
#2747 = LINE ( 'NONE', #1976, #1605 ) ;
#2748 = ORIENTED_EDGE ( 'NONE', *, *, #2194, .F. ) ;
#2749 = PLANE ( 'NONE',  #1023 ) ;
#2750 = FACE_OUTER_BOUND ( 'NONE', #2214, .T. ) ;
#2751 = CARTESIAN_POINT ( 'NONE',  ( -1.499999999999998668, -1.024999999999999911, 9.099999999999999645 ) ) ;
#2752 = ORIENTED_EDGE ( 'NONE', *, *, #3142, .T. ) ;
#2753 = EDGE_CURVE ( 'NONE', #1672, #2286, #398, .T. ) ;
#2754 = DIRECTION ( 'NONE',  ( -1.196361017915039732E-16, -0.000000000000000000, -1.000000000000000000 ) ) ;
#2755 = VECTOR ( 'NONE', #260, 1000.000000000000000 ) ;
#2756 = ORIENTED_EDGE ( 'NONE', *, *, #1270, .T. ) ;
#2757 = VECTOR ( 'NONE', #2440, 1000.000000000000000 ) ;
#2758 = EDGE_CURVE ( 'NONE', #1932, #302, #754, .T. ) ;
#2759 = DIRECTION ( 'NONE',  ( 0.000000000000000000, -0.000000000000000000, -1.000000000000000000 ) ) ;
#2760 = VECTOR ( 'NONE', #2358, 1000.000000000000114 ) ;
#2761 = LINE ( 'NONE', #2829, #2103 ) ;
#2762 = VECTOR ( 'NONE', #1569, 1000.000000000000000 ) ;
#2763 = CARTESIAN_POINT ( 'NONE',  ( 6.490000000000000213, -0.8749999999999998890, 6.950000000000000178 ) ) ;
#2764 = VECTOR ( 'NONE', #1902, 999.9999999999998863 ) ;
#2765 = CARTESIAN_POINT ( 'NONE',  ( 12.88000000000000078, 1.024999999999999911, -0.2999999999999981570 ) ) ;
#2766 = DIRECTION ( 'NONE',  ( 0.000000000000000000, 0.000000000000000000, -1.000000000000000000 ) ) ;
#2767 = ORIENTED_EDGE ( 'NONE', *, *, #956, .T. ) ;
#2768 = ORIENTED_EDGE ( 'NONE', *, *, #2171, .F. ) ;
#2769 = CARTESIAN_POINT ( 'NONE',  ( 1.850000000000001865, 1.024999999999999911, -0.2999999999999981570 ) ) ;
#2770 = ORIENTED_EDGE ( 'NONE', *, *, #1364, .F. ) ;
#2771 = ORIENTED_EDGE ( 'NONE', *, *, #2197, .T. ) ;
#2772 = DIRECTION ( 'NONE',  ( -0.9986295347545740553, 0.000000000000000000, -0.05233595624294039295 ) ) ;
#2773 = ORIENTED_EDGE ( 'NONE', *, *, #1821, .F. ) ;
#2774 = DIRECTION ( 'NONE',  ( -0.000000000000000000, -0.000000000000000000, 1.000000000000000000 ) ) ;
#2775 = EDGE_CURVE ( 'NONE', #2735, #1741, #1573, .T. ) ;
#2776 = ORIENTED_EDGE ( 'NONE', *, *, #1479, .F. ) ;
#2777 = DIRECTION ( 'NONE',  ( 0.000000000000000000, -1.000000000000000000, 0.000000000000000000 ) ) ;
#2778 = ORIENTED_EDGE ( 'NONE', *, *, #2366, .F. ) ;
#2779 = EDGE_CURVE ( 'NONE', #3041, #1820, #828, .T. ) ;
#2780 = ORIENTED_EDGE ( 'NONE', *, *, #2753, .F. ) ;
#2781 = PLANE ( 'NONE',  #1025 ) ;
#2782 = FACE_OUTER_BOUND ( 'NONE', #364, .T. ) ;
#2783 = AXIS2_PLACEMENT_3D ( 'NONE', #2064, #71, #579 ) ;
#2784 = CARTESIAN_POINT ( 'NONE',  ( -1.499999999999998668, -0.8749999999999998890, 0.7000000000000018430 ) ) ;
#2785 = VERTEX_POINT ( 'NONE', #834 ) ;
#2786 = CARTESIAN_POINT ( 'NONE',  ( 7.350000000000001421, -1.024999999999999911, 0.2000000000000022593 ) ) ;
#2787 = VECTOR ( 'NONE', #906, 1000.000000000000000 ) ;
#2788 = CIRCLE ( 'NONE', #2635, 0.1499999999999999667 ) ;
#2789 = CARTESIAN_POINT ( 'NONE',  ( -0.05999999999999929001, 0.8749999999999998890, 0.4500000000000007327 ) ) ;
#2790 = ORIENTED_EDGE ( 'NONE', *, *, #1635, .T. ) ;
#2791 = DIRECTION ( 'NONE',  ( -0.000000000000000000, -0.000000000000000000, 1.000000000000000000 ) ) ;
#2792 = LINE ( 'NONE', #30, #2169 ) ;
#2793 = VERTEX_POINT ( 'NONE', #2324 ) ;
#2794 = EDGE_CURVE ( 'NONE', #1898, #285, #2624, .T. ) ;
#2795 = CARTESIAN_POINT ( 'NONE',  ( -0.8999999999999989120, -0.8749999999999998890, 9.099999999999999645 ) ) ;
#2796 = CARTESIAN_POINT ( 'NONE',  ( 12.88000000000000078, 1.024999999999999911, -0.2999999999999981570 ) ) ;
#2797 = VECTOR ( 'NONE', #2030, 1000.000000000000000 ) ;
#2798 = VECTOR ( 'NONE', #600, 1000.000000000000000 ) ;
#2799 = EDGE_CURVE ( 'NONE', #1505, #2785, #833, .T. ) ;
#2800 = VECTOR ( 'NONE', #2682, 1000.000000000000114 ) ;
#2801 = ORIENTED_EDGE ( 'NONE', *, *, #409, .F. ) ;
#2802 = CARTESIAN_POINT ( 'NONE',  ( 2.550000000000001155, -0.8749999999999998890, 0.2000000000000022593 ) ) ;
#2803 = ORIENTED_EDGE ( 'NONE', *, *, #680, .F. ) ;
#2804 = EDGE_LOOP ( 'NONE', ( #1590, #1862, #1641, #1513 ) ) ;
#2805 = DIRECTION ( 'NONE',  ( 1.445602896647339706E-15, 0.000000000000000000, -1.000000000000000000 ) ) ;
#2806 = AXIS2_PLACEMENT_3D ( 'NONE', #633, #124, #2347 ) ;
#2807 = ORIENTED_EDGE ( 'NONE', *, *, #863, .T. ) ;
#2808 = CARTESIAN_POINT ( 'NONE',  ( -0.8999999999999989120, 0.8249999999999997335, 13.50000000000000355 ) ) ;
#2809 = ORIENTED_EDGE ( 'NONE', *, *, #474, .T. ) ;
#2810 = EDGE_CURVE ( 'NONE', #459, #1928, #2209, .T. ) ;
#2811 = CARTESIAN_POINT ( 'NONE',  ( 5.150000000000002132, -0.8749999999999998890, -0.7999999999999977129 ) ) ;
#2812 = CARTESIAN_POINT ( 'NONE',  ( 8.689999999999999503, 0.8749999999999998890, 5.350000000000001421 ) ) ;
#2813 = ORIENTED_EDGE ( 'NONE', *, *, #2046, .F. ) ;
#2814 = CARTESIAN_POINT ( 'NONE',  ( 0.8148453610883257259, 0.8749999999999998890, 8.292149606563560482 ) ) ;
#2815 = VERTEX_POINT ( 'NONE', #1354 ) ;
#2816 = DIRECTION ( 'NONE',  ( -1.000000000000000000, 0.000000000000000000, 0.000000000000000000 ) ) ;
#2817 = ORIENTED_EDGE ( 'NONE', *, *, #1401, .T. ) ;
#2818 = AXIS2_PLACEMENT_3D ( 'NONE', #322, #26, #2509 ) ;
#2819 = LINE ( 'NONE', #581, #2288 ) ;
#2820 = CARTESIAN_POINT ( 'NONE',  ( 1.132344685007232732, 1.024999999999999911, 4.950000000000001066 ) ) ;
#2821 = LINE ( 'NONE', #2341, #1210 ) ;
#2822 = DIRECTION ( 'NONE',  ( -0.000000000000000000, 1.000000000000000000, -0.000000000000000000 ) ) ;
#2823 = ORIENTED_EDGE ( 'NONE', *, *, #2327, .F. ) ;
#2824 = AXIS2_PLACEMENT_3D ( 'NONE', #726, #2213, #1488 ) ;
#2825 = CARTESIAN_POINT ( 'NONE',  ( 3.649999999999999467, -1.024999999999999911, -0.2999999999999981570 ) ) ;
#2826 = ORIENTED_EDGE ( 'NONE', *, *, #546, .T. ) ;
#2827 = CARTESIAN_POINT ( 'NONE',  ( 8.450000000000002842, -0.8749999999999998890, -0.7999999999999977129 ) ) ;
#2828 = VECTOR ( 'NONE', #2078, 1000.000000000000000 ) ;
#2829 = CARTESIAN_POINT ( 'NONE',  ( -0.8999999999999971356, 0.8749999999999998890, 14.20000000000000284 ) ) ;
#2830 = ORIENTED_EDGE ( 'NONE', *, *, #2393, .F. ) ;
#2831 = FACE_OUTER_BOUND ( 'NONE', #1327, .T. ) ;
#2832 = CIRCLE ( 'NONE', #873, 0.1499999999999999667 ) ;
#2833 = PLANE ( 'NONE',  #2806 ) ;
#2834 = LINE ( 'NONE', #859, #1539 ) ;
#2835 = EDGE_CURVE ( 'NONE', #619, #679, #2788, .T. ) ;
#2836 = LINE ( 'NONE', #1975, #1189 ) ;
#2837 = CARTESIAN_POINT ( 'NONE',  ( 12.88000000000000078, -0.8749999999999998890, -0.2999999999999981570 ) ) ;
#2838 = CARTESIAN_POINT ( 'NONE',  ( 0.9646397913015118952, 0.8749999999999998890, 8.450000000000001066 ) ) ;
#2839 = ORIENTED_EDGE ( 'NONE', *, *, #2241, .T. ) ;
#2840 = VERTEX_POINT ( 'NONE', #106 ) ;
#2841 = AXIS2_PLACEMENT_3D ( 'NONE', #2621, #2614, #1383 ) ;
#2842 = CARTESIAN_POINT ( 'NONE',  ( -0.3499999999999987566, -0.8749999999999998890, 0.2000000000000022593 ) ) ;
#2843 = DIRECTION ( 'NONE',  ( -0.9477680432286522683, -0.000000000000000000, -0.3189603991634881730 ) ) ;
#2844 = ORIENTED_EDGE ( 'NONE', *, *, #3103, .F. ) ;
#2845 = CARTESIAN_POINT ( 'NONE',  ( -0.8999999999999989120, -0.8749999999999998890, -0.2999999999999981570 ) ) ;
#2846 = ORIENTED_EDGE ( 'NONE', *, *, #3168, .F. ) ;
#2847 = ORIENTED_EDGE ( 'NONE', *, *, #704, .T. ) ;
#2848 = EDGE_CURVE ( 'NONE', #634, #459, #595, .T. ) ;
#2849 = ORIENTED_EDGE ( 'NONE', *, *, #513, .T. ) ;
#2850 = CARTESIAN_POINT ( 'NONE',  ( 8.132344685007232954, 1.024999999999999911, 4.950000000000001066 ) ) ;
#2851 = ADVANCED_FACE ( 'NONE', ( #3130 ), #2833, .T. ) ;
#2852 = ORIENTED_EDGE ( 'NONE', *, *, #1154, .F. ) ;
#2853 = LINE ( 'NONE', #142, #1860 ) ;
#2854 = ORIENTED_EDGE ( 'NONE', *, *, #102, .T. ) ;
#2855 = DIRECTION ( 'NONE',  ( -0.000000000000000000, 0.000000000000000000, 1.000000000000000000 ) ) ;
#2856 = LINE ( 'NONE', #3013, #2208 ) ;
#2857 = VECTOR ( 'NONE', #138, 1000.000000000000000 ) ;
#2858 = CARTESIAN_POINT ( 'NONE',  ( 13.88000000000000078, 0.8249999999999998446, 0.9000000000000014655 ) ) ;
#2859 = DIRECTION ( 'NONE',  ( 0.000000000000000000, -1.000000000000000000, 0.000000000000000000 ) ) ;
#2860 = LINE ( 'NONE', #2535, #2560 ) ;
#2861 = VERTEX_POINT ( 'NONE', #1574 ) ;
#2862 = AXIS2_PLACEMENT_3D ( 'NONE', #2284, #819, #2972 ) ;
#2863 = CARTESIAN_POINT ( 'NONE',  ( 2.950000000000001066, -1.024999999999999911, -0.7999999999999977129 ) ) ;
#2864 = LINE ( 'NONE', #2723, #241 ) ;
#2865 = DIRECTION ( 'NONE',  ( 1.000000000000000000, 0.000000000000000000, 0.000000000000000000 ) ) ;
#2866 = LINE ( 'NONE', #1276, #2217 ) ;
#2867 = ADVANCED_FACE ( 'NONE', ( #2527 ), #1621, .F. ) ;
#2868 = EDGE_CURVE ( 'NONE', #3143, #2540, #122, .T. ) ;
#2869 = CARTESIAN_POINT ( 'NONE',  ( 5.850000000000002309, -0.8749999999999998890, -0.7999999999999977129 ) ) ;
#2870 = VECTOR ( 'NONE', #392, 1000.000000000000000 ) ;
#2871 = EDGE_CURVE ( 'NONE', #2198, #983, #2022, .T. ) ;
#2872 = ORIENTED_EDGE ( 'NONE', *, *, #1042, .F. ) ;
#2873 = ORIENTED_EDGE ( 'NONE', *, *, #2775, .T. ) ;
#2874 =( NAMED_UNIT ( * ) SI_UNIT ( $, .STERADIAN. ) SOLID_ANGLE_UNIT ( ) );
#2875 = CARTESIAN_POINT ( 'NONE',  ( -0.8999999999999971356, 1.024999999999999911, 14.20000000000000284 ) ) ;
#2876 = DIRECTION ( 'NONE',  ( -0.000000000000000000, 1.000000000000000000, -0.000000000000000000 ) ) ;
#2877 = ORIENTED_EDGE ( 'NONE', *, *, #2887, .F. ) ;
#2878 = VERTEX_POINT ( 'NONE', #1392 ) ;
#2879 = ORIENTED_EDGE ( 'NONE', *, *, #493, .F. ) ;
#2880 = CARTESIAN_POINT ( 'NONE',  ( 9.014814069371716698, 0.8749999999999998890, 8.300000000000002487 ) ) ;
#2881 = ADVANCED_FACE ( 'NONE', ( #911 ), #389, .F. ) ;
#2882 = ORIENTED_EDGE ( 'NONE', *, *, #2937, .T. ) ;
#2883 = CARTESIAN_POINT ( 'NONE',  ( 1.847655314992769027, 1.024999999999999911, 4.950000000000001066 ) ) ;
#2884 = ORIENTED_EDGE ( 'NONE', *, *, #704, .F. ) ;
#2885 = DIRECTION ( 'NONE',  ( 0.000000000000000000, -1.000000000000000000, 0.000000000000000000 ) ) ;
#2886 = ORIENTED_EDGE ( 'NONE', *, *, #2090, .T. ) ;
#2887 = EDGE_CURVE ( 'NONE', #2793, #2081, #45, .T. ) ;
#2888 = ORIENTED_EDGE ( 'NONE', *, *, #1581, .T. ) ;
#2889 = COLOUR_RGB ( '',1.000000000000000000, 1.000000000000000000, 1.000000000000000000 ) ;
#2890 = VERTEX_POINT ( 'NONE', #3109 ) ;
#2891 = EDGE_CURVE ( 'NONE', #23, #899, #2131, .T. ) ;
#2892 = LINE ( 'NONE', #2684, #837 ) ;
#2893 = DIRECTION ( 'NONE',  ( 0.000000000000000000, -0.000000000000000000, -1.000000000000000000 ) ) ;
#2894 = VERTEX_POINT ( 'NONE', #1948 ) ;
#2895 = VECTOR ( 'NONE', #836, 1000.000000000000000 ) ;
#2896 = ORIENTED_EDGE ( 'NONE', *, *, #578, .T. ) ;
#2897 = DIRECTION ( 'NONE',  ( 0.000000000000000000, 1.000000000000000000, -0.000000000000000000 ) ) ;
#2898 = LINE ( 'NONE', #2355, #1000 ) ;
#2899 = FACE_OUTER_BOUND ( 'NONE', #928, .T. ) ;
#2900 = DIRECTION ( 'NONE',  ( 0.000000000000000000, 0.000000000000000000, 1.000000000000000000 ) ) ;
#2901 = DIRECTION ( 'NONE',  ( -0.000000000000000000, 1.000000000000000000, -0.000000000000000000 ) ) ;
#2902 = FACE_OUTER_BOUND ( 'NONE', #1748, .T. ) ;
#2903 = FACE_OUTER_BOUND ( 'NONE', #891, .T. ) ;
#2904 = CARTESIAN_POINT ( 'NONE',  ( 7.806572772509368541, 0.8749999999999998890, 8.450000000000001066 ) ) ;
#2905 = CARTESIAN_POINT ( 'NONE',  ( 0.9651859306282857265, 1.024999999999999911, 8.300000000000002487 ) ) ;
#2906 = EDGE_CURVE ( 'NONE', #302, #299, #162, .T. ) ;
#2907 = LINE ( 'NONE', #453, #3102 ) ;
#2908 = DIRECTION ( 'NONE',  ( 0.000000000000000000, -1.000000000000000000, 0.000000000000000000 ) ) ;
#2909 = ORIENTED_EDGE ( 'NONE', *, *, #2194, .T. ) ;
#2910 = VERTEX_POINT ( 'NONE', #975 ) ;
#2911 = ADVANCED_FACE ( 'NONE', ( #1941 ), #1824, .T. ) ;
#2912 = EDGE_CURVE ( 'NONE', #2449, #936, #1336, .T. ) ;
#2913 = ORIENTED_EDGE ( 'NONE', *, *, #641, .T. ) ;
#2914 = EDGE_CURVE ( 'NONE', #1841, #447, #157, .T. ) ;
#2915 = DIRECTION ( 'NONE',  ( -0.05233595624294039295, 0.000000000000000000, 0.9986295347545740553 ) ) ;
#2916 = DIRECTION ( 'NONE',  ( 0.000000000000000000, -1.000000000000000000, 0.000000000000000000 ) ) ;
#2917 = ORIENTED_EDGE ( 'NONE', *, *, #2158, .T. ) ;
#2918 = ORIENTED_EDGE ( 'NONE', *, *, #474, .F. ) ;
#2919 = DIRECTION ( 'NONE',  ( 1.000000000000000000, 0.000000000000000000, 0.000000000000000000 ) ) ;
#2920 = VERTEX_POINT ( 'NONE', #1970 ) ;
#2921 = DIRECTION ( 'NONE',  ( 0.000000000000000000, -1.000000000000000000, 0.000000000000000000 ) ) ;
#2922 = DIRECTION ( 'NONE',  ( -0.000000000000000000, 1.000000000000000000, -0.000000000000000000 ) ) ;
#2923 = ORIENTED_EDGE ( 'NONE', *, *, #930, .T. ) ;
#2924 = CARTESIAN_POINT ( 'NONE',  ( -0.6999999999999975131, 0.8249999999999998446, 13.50000000000000355 ) ) ;
#2925 = DIRECTION ( 'NONE',  ( -0.000000000000000000, -1.000000000000000000, -0.000000000000000000 ) ) ;
#2926 = ADVANCED_FACE ( 'NONE', ( #1718 ), #2700, .T. ) ;
#2927 = VECTOR ( 'NONE', #2013, 1000.000000000000000 ) ;
#2928 = LINE ( 'NONE', #2600, #632 ) ;
#2929 = ORIENTED_EDGE ( 'NONE', *, *, #2611, .F. ) ;
#2930 = EDGE_CURVE ( 'NONE', #299, #1239, #236, .T. ) ;
#2931 = CARTESIAN_POINT ( 'NONE',  ( -0.8999999999999989120, 1.024999999999999911, -0.2999999999999981570 ) ) ;
#2932 = VECTOR ( 'NONE', #51, 1000.000000000000000 ) ;
#2933 = FACE_OUTER_BOUND ( 'NONE', #3094, .T. ) ;
#2934 = ORIENTED_EDGE ( 'NONE', *, *, #1274, .F. ) ;
#2935 = DIRECTION ( 'NONE',  ( -1.000000000000000000, -0.000000000000000000, -0.000000000000000000 ) ) ;
#2936 = VECTOR ( 'NONE', #464, 1000.000000000000000 ) ;
#2937 = EDGE_CURVE ( 'NONE', #2977, #1183, #675, .T. ) ;
#2938 = CARTESIAN_POINT ( 'NONE',  ( -0.05999999999999929001, -0.02500000000000006384, 15.65000000000000391 ) ) ;
#2939 = DIRECTION ( 'NONE',  ( 9.637352644315594750E-16, 1.000000000000000000, -0.000000000000000000 ) ) ;
#2940 = VECTOR ( 'NONE', #927, 1000.000000000000000 ) ;
#2941 = DIRECTION ( 'NONE',  ( 0.000000000000000000, -0.000000000000000000, -1.000000000000000000 ) ) ;
#2942 = AXIS2_PLACEMENT_3D ( 'NONE', #963, #2674, #2454 ) ;
#2943 = VECTOR ( 'NONE', #627, 1000.000000000000000 ) ;
#2944 = DIRECTION ( 'NONE',  ( 1.445602896647339508E-15, 0.000000000000000000, -1.000000000000000000 ) ) ;
#2945 = LINE ( 'NONE', #434, #1004 ) ;
#2946 = ADVANCED_FACE ( 'NONE', ( #1214 ), #1037, .T. ) ;
#2947 = LINE ( 'NONE', #115, #209 ) ;
#2948 = DIRECTION ( 'NONE',  ( -0.9477680432286522683, 0.000000000000000000, -0.3189603991634881730 ) ) ;
#2949 = EDGE_LOOP ( 'NONE', ( #22, #2370, #1361, #469, #3048, #599, #380, #1713, #1159 ) ) ;
#2950 = EDGE_LOOP ( 'NONE', ( #708, #2238, #2619, #1123 ) ) ;
#2951 = DIRECTION ( 'NONE',  ( -0.000000000000000000, -0.000000000000000000, 1.000000000000000000 ) ) ;
#2952 = CARTESIAN_POINT ( 'NONE',  ( 6.250000000000000888, -0.8749999999999998890, -0.7999999999999977129 ) ) ;
#2953 = EDGE_CURVE ( 'NONE', #1732, #2116, #2453, .T. ) ;
#2954 = ORIENTED_EDGE ( 'NONE', *, *, #851, .F. ) ;
#2955 = CARTESIAN_POINT ( 'NONE',  ( -0.3499999999999987566, -0.8749999999999998890, -0.7999999999999977129 ) ) ;
#2956 = ORIENTED_EDGE ( 'NONE', *, *, #845, .T. ) ;
#2957 = EDGE_CURVE ( 'NONE', #1741, #2878, #1480, .T. ) ;
#2958 = CARTESIAN_POINT ( 'NONE',  ( 2.173427227490634106, 1.024999999999999911, 8.450000000000001066 ) ) ;
#2959 = DIRECTION ( 'NONE',  ( -0.000000000000000000, -1.000000000000000000, -0.000000000000000000 ) ) ;
#2960 = CARTESIAN_POINT ( 'NONE',  ( -0.8999999999999989120, 0.8249999999999998446, -0.2999999999999981570 ) ) ;
#2961 = ORIENTED_EDGE ( 'NONE', *, *, #2706, .F. ) ;
#2962 = ADVANCED_FACE ( 'NONE', ( #1979 ), #1405, .T. ) ;
#2963 = EDGE_LOOP ( 'NONE', ( #2872, #2374, #378, #2569 ) ) ;
#2964 = CARTESIAN_POINT ( 'NONE',  ( 13.88000000000000078, -0.8749999999999998890, 10.69999999999999929 ) ) ;
#2965 = ORIENTED_EDGE ( 'NONE', *, *, #616, .F. ) ;
#2966 = EDGE_CURVE ( 'NONE', #2286, #403, #2054, .T. ) ;
#2967 = FACE_OUTER_BOUND ( 'NONE', #1523, .T. ) ;
#2968 = LINE ( 'NONE', #2650, #2448 ) ;
#2969 = CARTESIAN_POINT ( 'NONE',  ( 1.690000000000000613, 1.024999999999999911, 5.350000000000001421 ) ) ;
#2970 = ORIENTED_EDGE ( 'NONE', *, *, #2305, .F. ) ;
#2971 = PLANE ( 'NONE',  #1265 ) ;
#2972 = DIRECTION ( 'NONE',  ( -0.000000000000000000, 0.000000000000000000, 1.000000000000000000 ) ) ;
#2973 = FACE_OUTER_BOUND ( 'NONE', #2128, .T. ) ;
#2974 = CARTESIAN_POINT ( 'NONE',  ( 6.250000000000000888, -0.8749999999999998890, -0.7999999999999977129 ) ) ;
#2975 = LINE ( 'NONE', #2025, #840 ) ;
#2976 = ADVANCED_FACE ( 'NONE', ( #2486 ), #550, .T. ) ;
#2977 = VERTEX_POINT ( 'NONE', #529 ) ;
#2978 = CARTESIAN_POINT ( 'NONE',  ( 1.990000000000001323, 1.024999999999999911, 4.950000000000001066 ) ) ;
#2979 = DIRECTION ( 'NONE',  ( 1.000000000000000000, 0.000000000000000000, 0.000000000000000000 ) ) ;
#2980 = AXIS2_PLACEMENT_3D ( 'NONE', #1341, #1352, #2581 ) ;
#2981 = CARTESIAN_POINT ( 'NONE',  ( 0.7500000000000015543, -1.024999999999999911, -0.7999999999999977129 ) ) ;
#2982 = VECTOR ( 'NONE', #718, 1000.000000000000000 ) ;
#2983 = VECTOR ( 'NONE', #2791, 1000.000000000000000 ) ;
#2984 = DIRECTION ( 'NONE',  ( 1.196361017915039732E-16, -0.000000000000000000, 1.000000000000000000 ) ) ;
#2985 = VECTOR ( 'NONE', #1998, 1000.000000000000000 ) ;
#2986 = VECTOR ( 'NONE', #2609, 1000.000000000000000 ) ;
#2987 = VERTEX_POINT ( 'NONE', #2252 ) ;
#2988 = CARTESIAN_POINT ( 'NONE',  ( 9.014814069371716698, 0.8749999999999998890, 8.450000000000001066 ) ) ;
#2989 = ORIENTED_EDGE ( 'NONE', *, *, #127, .F. ) ;
#2990 = APPLICATION_PROTOCOL_DEFINITION ( 'draft international standard', 'automotive_design', 1998, #1074 ) ;
#2991 = PLANE ( 'NONE',  #2207 ) ;
#2992 = VERTEX_POINT ( 'NONE', #330 ) ;
#2993 = CARTESIAN_POINT ( 'NONE',  ( 13.88000000000000256, -1.024999999999999911, 14.20000000000000284 ) ) ;
#2994 = ADVANCED_FACE ( 'NONE', ( #1106 ), #271, .T. ) ;
#2995 = EDGE_CURVE ( 'NONE', #3008, #948, #118, .T. ) ;
#2996 = EDGE_LOOP ( 'NONE', ( #1760, #296, #1284, #917 ) ) ;
#2997 = ORIENTED_EDGE ( 'NONE', *, *, #673, .T. ) ;
#2998 = DIRECTION ( 'NONE',  ( -0.000000000000000000, 1.000000000000000000, -0.000000000000000000 ) ) ;
#2999 = EDGE_CURVE ( 'NONE', #814, #1290, #795, .T. ) ;
#3000 = ORIENTED_EDGE ( 'NONE', *, *, #1281, .T. ) ;
#3001 = CARTESIAN_POINT ( 'NONE',  ( 7.350000000000001421, -1.024999999999999911, -0.7999999999999977129 ) ) ;
#3002 = DIRECTION ( 'NONE',  ( -0.000000000000000000, -0.000000000000000000, -1.000000000000000000 ) ) ;
#3003 = CARTESIAN_POINT ( 'NONE',  ( 9.099999999999999645, -1.024999999999999911, 13.50000000000000355 ) ) ;
#3004 = ORIENTED_EDGE ( 'NONE', *, *, #824, .F. ) ;
#3005 = AXIS2_PLACEMENT_3D ( 'NONE', #779, #790, #274 ) ;
#3006 = DIRECTION ( 'NONE',  ( 0.000000000000000000, -1.000000000000000000, 0.000000000000000000 ) ) ;
#3007 = CARTESIAN_POINT ( 'NONE',  ( 3.650000000000001243, -1.024999999999999911, 0.2000000000000022593 ) ) ;
#3008 = VERTEX_POINT ( 'NONE', #1358 ) ;
#3009 = DIRECTION ( 'NONE',  ( 0.000000000000000000, -1.000000000000000000, 0.000000000000000000 ) ) ;
#3010 = LINE ( 'NONE', #2718, #951 ) ;
#3011 = ORIENTED_EDGE ( 'NONE', *, *, #3064, .T. ) ;
#3012 = CIRCLE ( 'NONE', #690, 0.1500000000000008271 ) ;
#3013 = CARTESIAN_POINT ( 'NONE',  ( 13.48000000000000043, -0.8749999999999998890, 0.7000000000000018430 ) ) ;
#3014 = LINE ( 'NONE', #1466, #2558 ) ;
#3015 = ORIENTED_EDGE ( 'NONE', *, *, #1994, .F. ) ;
#3016 = EDGE_CURVE ( 'NONE', #424, #861, #2093, .T. ) ;
#3017 = CARTESIAN_POINT ( 'NONE',  ( -1.499999999999998668, -0.8749999999999998890, -0.2999999999999981570 ) ) ;
#3018 = VECTOR ( 'NONE', #961, 1000.000000000000000 ) ;
#3019 = CARTESIAN_POINT ( 'NONE',  ( 13.67999999999999794, 1.024999999999999911, 14.20000000000000284 ) ) ;
#3020 = ORIENTED_EDGE ( 'NONE', *, *, #3035, .F. ) ;
#3021 = FACE_OUTER_BOUND ( 'NONE', #2189, .T. ) ;
#3022 = DIRECTION ( 'NONE',  ( 1.000000000000000000, 0.000000000000000000, 0.000000000000000000 ) ) ;
#3023 = VECTOR ( 'NONE', #2343, 1000.000000000000000 ) ;
#3024 = DIRECTION ( 'NONE',  ( 0.000000000000000000, -0.000000000000000000, 1.000000000000000000 ) ) ;
#3025 = EDGE_CURVE ( 'NONE', #2151, #2608, #2821, .T. ) ;
#3026 = DIRECTION ( 'NONE',  ( 0.000000000000000000, 0.000000000000000000, -1.000000000000000000 ) ) ;
#3027 = CARTESIAN_POINT ( 'NONE',  ( -0.3499999999999987566, 1.024999999999999911, -0.2999999999999981570 ) ) ;
#3028 = VECTOR ( 'NONE', #1264, 1000.000000000000000 ) ;
#3029 = DIRECTION ( 'NONE',  ( -1.000000000000000000, 0.000000000000000000, 0.000000000000000000 ) ) ;
#3030 = DIRECTION ( 'NONE',  ( -0.000000000000000000, -0.000000000000000000, -1.000000000000000000 ) ) ;
#3031 = ORIENTED_EDGE ( 'NONE', *, *, #227, .T. ) ;
#3032 = AXIS2_PLACEMENT_3D ( 'NONE', #1323, #3030, #1578 ) ;
#3033 = ORIENTED_EDGE ( 'NONE', *, *, #2937, .F. ) ;
#3034 = ORIENTED_EDGE ( 'NONE', *, *, #1015, .T. ) ;
#3035 = EDGE_CURVE ( 'NONE', #2027, #2894, #3165, .T. ) ;
#3036 = DIRECTION ( 'NONE',  ( -0.000000000000000000, -0.000000000000000000, 1.000000000000000000 ) ) ;
#3037 = VERTEX_POINT ( 'NONE', #583 ) ;
#3038 = CARTESIAN_POINT ( 'NONE',  ( 11.54000000000000092, 0.8749999999999998890, 15.65000000000000391 ) ) ;
#3039 = CARTESIAN_POINT ( 'NONE',  ( 4.050000000000001599, -0.8749999999999998890, -0.7999999999999977129 ) ) ;
#3040 = EDGE_CURVE ( 'NONE', #2151, #3154, #438, .T. ) ;
#3041 = VERTEX_POINT ( 'NONE', #1079 ) ;
#3042 = PLANE ( 'NONE',  #2574 ) ;
#3043 = ORIENTED_EDGE ( 'NONE', *, *, #3202, .F. ) ;
#3044 = EDGE_CURVE ( 'NONE', #1901, #1494, #1177, .T. ) ;
#3045 = EDGE_LOOP ( 'NONE', ( #797, #2748, #818, #603 ) ) ;
#3046 = CARTESIAN_POINT ( 'NONE',  ( 4.050000000000001599, -1.024999999999999911, 0.2000000000000022593 ) ) ;
#3047 = DIRECTION ( 'NONE',  ( -1.000000000000000000, 0.000000000000000000, 0.000000000000000000 ) ) ;
#3048 = ORIENTED_EDGE ( 'NONE', *, *, #1172, .F. ) ;
#3049 = VECTOR ( 'NONE', #2843, 999.9999999999998863 ) ;
#3050 = CARTESIAN_POINT ( 'NONE',  ( -0.8999999999999989120, -0.8749999999999998890, -0.2999999999999981570 ) ) ;
#3051 = AXIS2_PLACEMENT_3D ( 'NONE', #2236, #758, #244 ) ;
#3052 = VECTOR ( 'NONE', #1458, 1000.000000000000000 ) ;
#3053 = CARTESIAN_POINT ( 'NONE',  ( 5.850000000000002309, -1.024999999999999911, 0.2000000000000022593 ) ) ;
#3054 = DIRECTION ( 'NONE',  ( 0.05906676447550263803, 0.000000000000000000, 0.9982540344693806578 ) ) ;
#3055 = DIRECTION ( 'NONE',  ( 0.000000000000000000, 0.000000000000000000, -1.000000000000000000 ) ) ;
#3056 = VECTOR ( 'NONE', #604, 1000.000000000000000 ) ;
#3057 = VERTEX_POINT ( 'NONE', #1334 ) ;
#3058 = EDGE_CURVE ( 'NONE', #2785, #2543, #2328, .T. ) ;
#3059 = CARTESIAN_POINT ( 'NONE',  ( 8.847655314992769249, 1.024999999999999911, 4.950000000000001066 ) ) ;
#3060 = CARTESIAN_POINT ( 'NONE',  ( -0.8999999999999989120, -1.024999999999999911, 10.70000000000000107 ) ) ;
#3061 = LINE ( 'NONE', #1101, #1454 ) ;
#3062 = CARTESIAN_POINT ( 'NONE',  ( -0.8999999999999989120, -1.024999999999999911, 9.099999999999999645 ) ) ;
#3063 = CYLINDRICAL_SURFACE ( 'NONE', #1797, 0.1500000000000008271 ) ;
#3064 = EDGE_CURVE ( 'NONE', #2735, #2910, #1675, .T. ) ;
#3065 = DIRECTION ( 'NONE',  ( -0.000000000000000000, -1.000000000000000000, -0.000000000000000000 ) ) ;
#3066 = FACE_OUTER_BOUND ( 'NONE', #189, .T. ) ;
#3067 = DIRECTION ( 'NONE',  ( -0.000000000000000000, -1.000000000000000000, -0.000000000000000000 ) ) ;
#3068 = ORIENTED_EDGE ( 'NONE', *, *, #1790, .T. ) ;
#3069 = VERTEX_POINT ( 'NONE', #2837 ) ;
#3070 = CARTESIAN_POINT ( 'NONE',  ( 2.950000000000001066, -0.8749999999999998890, -0.7999999999999977129 ) ) ;
#3071 = AXIS2_PLACEMENT_3D ( 'NONE', #1935, #740, #995 ) ;
#3072 = ORIENTED_EDGE ( 'NONE', *, *, #1233, .F. ) ;
#3073 = CARTESIAN_POINT ( 'NONE',  ( -0.8999999999999989120, -1.024999999999999911, 0.7000000000000018430 ) ) ;
#3074 = ORIENTED_EDGE ( 'NONE', *, *, #1527, .T. ) ;
#3075 = ORIENTED_EDGE ( 'NONE', *, *, #2775, .F. ) ;
#3076 = EDGE_CURVE ( 'NONE', #2553, #3154, #2928, .T. ) ;
#3077 = PLANE ( 'NONE',  #793 ) ;
#3078 = ORIENTED_EDGE ( 'NONE', *, *, #3168, .T. ) ;
#3079 = DIRECTION ( 'NONE',  ( 1.000000000000000000, 0.000000000000000000, 0.000000000000000000 ) ) ;
#3080 = CARTESIAN_POINT ( 'NONE',  ( -0.8999999999999989120, -1.024999999999999911, 13.50000000000000355 ) ) ;
#3081 = EDGE_CURVE ( 'NONE', #309, #939, #1861, .T. ) ;
#3082 = VERTEX_POINT ( 'NONE', #2138 ) ;
#3083 = ORIENTED_EDGE ( 'NONE', *, *, #2177, .F. ) ;
#3084 = AXIS2_PLACEMENT_3D ( 'NONE', #3201, #2921, #1753 ) ;
#3085 = CARTESIAN_POINT ( 'NONE',  ( 1.990000000000001323, 0.8749999999999998890, 4.950000000000001066 ) ) ;
#3086 = LINE ( 'NONE', #2191, #275 ) ;
#3087 = VECTOR ( 'NONE', #381, 1000.000000000000000 ) ;
#3088 = ORIENTED_EDGE ( 'NONE', *, *, #2285, .T. ) ;
#3089 = VECTOR ( 'NONE', #816, 1000.000000000000000 ) ;
#3090 = CARTESIAN_POINT ( 'NONE',  ( 1.132344685007232732, 0.8749999999999998890, 5.100000000000001421 ) ) ;
#3091 = VECTOR ( 'NONE', #2483, 1000.000000000000000 ) ;
#3092 = VECTOR ( 'NONE', #1426, 1000.000000000000000 ) ;
#3093 = CARTESIAN_POINT ( 'NONE',  ( 5.150000000000002132, -0.8749999999999998890, -0.7999999999999977129 ) ) ;
#3094 = EDGE_LOOP ( 'NONE', ( #1085, #2780, #141, #427 ) ) ;
#3095 = VECTOR ( 'NONE', #2167, 1000.000000000000000 ) ;
#3096 = CARTESIAN_POINT ( 'NONE',  ( 2.550000000000001155, -0.8749999999999998890, -0.2999999999999981570 ) ) ;
#3097 = CARTESIAN_POINT ( 'NONE',  ( 2.165154638911676699, 1.024999999999999911, 8.292149606563560482 ) ) ;
#3098 = DIRECTION ( 'NONE',  ( 0.000000000000000000, -0.000000000000000000, -1.000000000000000000 ) ) ;
#3099 = EDGE_CURVE ( 'NONE', #272, #2580, #554, .T. ) ;
#3100 = VECTOR ( 'NONE', #2063, 1000.000000000000000 ) ;
#3101 = DIRECTION ( 'NONE',  ( 0.000000000000000000, 0.000000000000000000, -1.000000000000000000 ) ) ;
#3102 = VECTOR ( 'NONE', #2657, 1000.000000000000000 ) ;
#3103 = EDGE_CURVE ( 'NONE', #203, #2357, #2369, .T. ) ;
#3104 = ORIENTED_EDGE ( 'NONE', *, *, #2431, .F. ) ;
#3105 = ORIENTED_EDGE ( 'NONE', *, *, #616, .T. ) ;
#3106 = DIRECTION ( 'NONE',  ( 0.000000000000000000, -1.000000000000000000, 0.000000000000000000 ) ) ;
#3107 = AXIS2_PLACEMENT_3D ( 'NONE', #165, #432, #2893 ) ;
#3108 = PLANE ( 'NONE',  #390 ) ;
#3109 = CARTESIAN_POINT ( 'NONE',  ( 8.290000000000002700, 1.024999999999999911, 5.350000000000001421 ) ) ;
#3110 = ORIENTED_EDGE ( 'NONE', *, *, #3149, .T. ) ;
#3111 = ADVANCED_FACE ( 'NONE', ( #713 ), #1644, .T. ) ;
#3112 = DIRECTION ( 'NONE',  ( -0.000000000000000000, 1.000000000000000000, -0.000000000000000000 ) ) ;
#3113 = VERTEX_POINT ( 'NONE', #650 ) ;
#3114 = PLANE ( 'NONE',  #2202 ) ;
#3115 = DIRECTION ( 'NONE',  ( -1.000000000000000000, -0.000000000000000000, -0.000000000000000000 ) ) ;
#3116 = DIRECTION ( 'NONE',  ( 0.000000000000000000, -1.000000000000000000, 0.000000000000000000 ) ) ;
#3117 = PLANE ( 'NONE',  #3107 ) ;
#3118 = ORIENTED_EDGE ( 'NONE', *, *, #3081, .T. ) ;
#3119 = EDGE_CURVE ( 'NONE', #1881, #2365, #1787, .T. ) ;
#3120 = ORIENTED_EDGE ( 'NONE', *, *, #2887, .T. ) ;
#3121 = CARTESIAN_POINT ( 'NONE',  ( 7.350000000000001421, -0.8749999999999998890, -0.7999999999999977129 ) ) ;
#3122 = PLANE ( 'NONE',  #1009 ) ;
#3123 = CARTESIAN_POINT ( 'NONE',  ( 1.290000000000001146, 0.8749999999999998890, 5.350000000000001421 ) ) ;
#3124 = EDGE_CURVE ( 'NONE', #732, #2543, #2016, .T. ) ;
#3125 = CARTESIAN_POINT ( 'NONE',  ( 7.990000000000000213, 0.8749999999999998890, 4.950000000000001066 ) ) ;
#3126 = ORIENTED_EDGE ( 'NONE', *, *, #950, .F. ) ;
#3127 = CARTESIAN_POINT ( 'NONE',  ( 7.982550254794047007, 1.024999999999999911, 5.092149606563560305 ) ) ;
#3128 = ADVANCED_FACE ( 'NONE', ( #356 ), #693, .F. ) ;
#3129 = VECTOR ( 'NONE', #1880, 1000.000000000000114 ) ;
#3130 = FACE_OUTER_BOUND ( 'NONE', #56, .T. ) ;
#3131 = DIRECTION ( 'NONE',  ( 0.000000000000000000, 0.000000000000000000, -1.000000000000000000 ) ) ;
#3132 = LINE ( 'NONE', #2419, #1903 ) ;
#3133 = DIRECTION ( 'NONE',  ( 1.000000000000000000, 0.000000000000000000, 0.000000000000000000 ) ) ;
#3134 = FACE_OUTER_BOUND ( 'NONE', #1246, .T. ) ;
#3135 = ORIENTED_EDGE ( 'NONE', *, *, #2462, .F. ) ;
#3136 = CARTESIAN_POINT ( 'NONE',  ( 9.150000000000002132, -0.8749999999999998890, 0.2000000000000022593 ) ) ;
#3137 = VECTOR ( 'NONE', #730, 1000.000000000000000 ) ;
#3138 = FACE_OUTER_BOUND ( 'NONE', #989, .T. ) ;
#3139 = EDGE_CURVE ( 'NONE', #747, #2861, #2249, .T. ) ;
#3140 = DIRECTION ( 'NONE',  ( -1.000000000000000000, 0.000000000000000000, 0.000000000000000000 ) ) ;
#3141 = VECTOR ( 'NONE', #18, 1000.000000000000000 ) ;
#3142 = EDGE_CURVE ( 'NONE', #2403, #2987, #2968, .T. ) ;
#3143 = VERTEX_POINT ( 'NONE', #960 ) ;
#3144 = DIRECTION ( 'NONE',  ( -0.000000000000000000, 1.000000000000000000, -0.000000000000000000 ) ) ;
#3145 = CARTESIAN_POINT ( 'NONE',  ( 8.290000000000002700, 0.8749999999999998890, 5.350000000000001421 ) ) ;
#3146 = DIRECTION ( 'NONE',  ( 1.000000000000000000, 0.000000000000000000, -0.000000000000000000 ) ) ;
#3147 = VERTEX_POINT ( 'NONE', #201 ) ;
#3148 = VERTEX_POINT ( 'NONE', #1930 ) ;
#3149 = EDGE_CURVE ( 'NONE', #1898, #1901, #1065, .T. ) ;
#3150 = CARTESIAN_POINT ( 'NONE',  ( 2.165154638911676699, 1.024999999999999911, 8.292149606563562259 ) ) ;
#3151 = ORIENTED_EDGE ( 'NONE', *, *, #2321, .T. ) ;
#3152 = DIRECTION ( 'NONE',  ( 0.000000000000000000, 0.000000000000000000, -1.000000000000000000 ) ) ;
#3153 = AXIS2_PLACEMENT_3D ( 'NONE', #1477, #974, #707 ) ;
#3154 = VERTEX_POINT ( 'NONE', #2187 ) ;
#3155 = ORIENTED_EDGE ( 'NONE', *, *, #2000, .T. ) ;
#3156 = DIRECTION ( 'NONE',  ( 1.000000000000000000, 0.000000000000000000, -0.000000000000000000 ) ) ;
#3157 = ORIENTED_EDGE ( 'NONE', *, *, #249, .T. ) ;
#3158 = CARTESIAN_POINT ( 'NONE',  ( 7.350000000000001421, -0.8749999999999998890, -0.7999999999999977129 ) ) ;
#3159 = VERTEX_POINT ( 'NONE', #2683 ) ;
#3160 = EDGE_CURVE ( 'NONE', #2878, #2793, #40, .T. ) ;
#3161 = CARTESIAN_POINT ( 'NONE',  ( -0.05999999999999929001, 0.8749999999999998890, 0.4500000000000007327 ) ) ;
#3162 = ORIENTED_EDGE ( 'NONE', *, *, #2132, .T. ) ;
#3163 = CYLINDRICAL_SURFACE ( 'NONE', #33, 0.1499999999999999667 ) ;
#3164 = CARTESIAN_POINT ( 'NONE',  ( 6.490000000000000213, -0.8749999999999998890, 6.950000000000000178 ) ) ;
#3165 = LINE ( 'NONE', #2069, #1751 ) ;
#3166 = EDGE_LOOP ( 'NONE', ( #1476, #978, #499, #395 ) ) ;
#3167 = DIRECTION ( 'NONE',  ( 0.000000000000000000, 0.000000000000000000, -1.000000000000000000 ) ) ;
#3168 = EDGE_CURVE ( 'NONE', #2473, #2350, #2747, .T. ) ;
#3169 = CARTESIAN_POINT ( 'NONE',  ( 9.099999999999999645, 0.8750000000000001110, 13.50000000000000355 ) ) ;
#3170 = LINE ( 'NONE', #1363, #1144 ) ;
#3171 = VECTOR ( 'NONE', #589, 1000.000000000000000 ) ;
#3172 = CARTESIAN_POINT ( 'NONE',  ( -0.8999999999999989120, -0.8749999999999998890, -0.2999999999999981570 ) ) ;
#3173 = VERTEX_POINT ( 'NONE', #2222 ) ;
#3174 = DIRECTION ( 'NONE',  ( 0.000000000000000000, -1.000000000000000000, 0.000000000000000000 ) ) ;
#3175 = AXIS2_PLACEMENT_3D ( 'NONE', #2964, #503, #765 ) ;
#3176 = ORIENTED_EDGE ( 'NONE', *, *, #3040, .F. ) ;
#3177 = LINE ( 'NONE', #1828, #2298 ) ;
#3178 = ADVANCED_FACE ( 'NONE', ( #1712 ), #2671, .F. ) ;
#3179 = CARTESIAN_POINT ( 'NONE',  ( -0.8999999999999989120, -1.024999999999999911, 13.50000000000000355 ) ) ;
#3180 = CARTESIAN_POINT ( 'NONE',  ( -0.8999999999999989120, -0.8749999999999998890, 10.70000000000000107 ) ) ;
#3181 = VECTOR ( 'NONE', #133, 1000.000000000000000 ) ;
#3182 = VECTOR ( 'NONE', #756, 1000.000000000000000 ) ;
#3183 = EDGE_CURVE ( 'NONE', #3148, #2992, #478, .T. ) ;
#3184 = LINE ( 'NONE', #877, #457 ) ;
#3185 = DIRECTION ( 'NONE',  ( -0.000000000000000000, -0.000000000000000000, 1.000000000000000000 ) ) ;
#3186 = ORIENTED_EDGE ( 'NONE', *, *, #2953, .T. ) ;
#3187 = ORIENTED_EDGE ( 'NONE', *, *, #1927, .T. ) ;
#3188 = ORIENTED_EDGE ( 'NONE', *, *, #2321, .F. ) ;
#3189 = DIRECTION ( 'NONE',  ( 0.05906676447550263803, 0.000000000000000000, 0.9982540344693806578 ) ) ;
#3190 = ORIENTED_EDGE ( 'NONE', *, *, #1208, .T. ) ;
#3191 = DIRECTION ( 'NONE',  ( 0.000000000000000000, 1.000000000000000000, 0.000000000000000000 ) ) ;
#3192 = PLANE ( 'NONE',  #12 ) ;
#3193 = ORIENTED_EDGE ( 'NONE', *, *, #2758, .F. ) ;
#3194 = EDGE_CURVE ( 'NONE', #1183, #987, #3010, .T. ) ;
#3195 = DIRECTION ( 'NONE',  ( 0.000000000000000000, 0.000000000000000000, -1.000000000000000000 ) ) ;
#3196 = ADVANCED_FACE ( 'NONE', ( #1522 ), #782, .T. ) ;
#3197 = ORIENTED_EDGE ( 'NONE', *, *, #2153, .T. ) ;
#3198 = CARTESIAN_POINT ( 'NONE',  ( 12.88000000000000078, 1.024999999999999911, 0.9000000000000014655 ) ) ;
#3199 = AXIS2_PLACEMENT_3D ( 'NONE', #2584, #660, #2376 ) ;
#3200 = ORIENTED_EDGE ( 'NONE', *, *, #2290, .T. ) ;
#3201 = CARTESIAN_POINT ( 'NONE',  ( 8.132344685007232954, 0.8749999999999998890, 5.100000000000001421 ) ) ;
#3202 = EDGE_CURVE ( 'NONE', #3082, #212, #1443, .T. ) ;
#3203 = ORIENTED_EDGE ( 'NONE', *, *, #2150, .T. ) ;
#3204 = CARTESIAN_POINT ( 'NONE',  ( 14.48000000000000043, -1.024999999999999911, 9.099999999999999645 ) ) ;
#3205 = CARTESIAN_POINT ( 'NONE',  ( 0.9651859306282857265, 1.024999999999999911, 8.450000000000001066 ) ) ;
#3206 = ORIENTED_EDGE ( 'NONE', *, *, #1100, .T. ) ;
#3207 = EDGE_CURVE ( 'NONE', #1781, #998, #276, .T. ) ;
#3208 = CARTESIAN_POINT ( 'NONE',  ( -1.500000000000000444, -1.024999999999999911, 10.70000000000000107 ) ) ;
ENDSEC;
END-ISO-10303-21;
