ISO-10303-21;
HEADER;
FILE_DESCRIPTION (( 'STEP AP214' ),
    '1' );
FILE_NAME ('User Library-TSSOP16-3.STEP',
    '2020-09-12T08:38:54',
    ( '' ),
    ( '' ),
    'SwSTEP 2.0',
    'SolidWorks 2020',
    '' );
FILE_SCHEMA (( 'AUTOMOTIVE_DESIGN' ));
ENDSEC;

DATA;
#1 = DIRECTION ( 'NONE',  ( 0.0000000000000000000, 0.0000000000000000000, 1.000000000000000000 ) ) ;
#2 = EDGE_LOOP ( 'NONE', ( #140, #1279, #990, #861 ) ) ;
#3 = CARTESIAN_POINT ( 'NONE',  ( 2.200000000000001066, 0.0000000000000000000, -0.3250000000000000666 ) ) ;
#4 = SURFACE_SIDE_STYLE ('',( #118 ) ) ;
#5 = CARTESIAN_POINT ( 'NONE',  ( 0.5799999999999999600, 0.2799999999999999156, -0.1300000000000000044 ) ) ;
#6 =( NAMED_UNIT ( * ) SI_UNIT ( $, .STERADIAN. ) SOLID_ANGLE_UNIT ( ) );
#7 = ORIENTED_EDGE ( 'NONE', *, *, #493, .F. ) ;
#8 = EDGE_CURVE ( 'NONE', #274, #372, #492, .T. ) ;
#9 = DIRECTION ( 'NONE',  ( 0.0000000000000000000, 0.0000000000000000000, 1.000000000000000000 ) ) ;
#10 = CLOSED_SHELL ( 'NONE', ( #312, #326, #644, #425, #667, #125, #705, #945, #411 ) ) ;
#11 = FILL_AREA_STYLE_COLOUR ( '', #121 ) ;
#12 =( REPRESENTATION_RELATIONSHIP ('NONE','NONE', #717, #396 ) REPRESENTATION_RELATIONSHIP_WITH_TRANSFORMATION ( #540 )SHAPE_REPRESENTATION_RELATIONSHIP( ) );
#13 = CARTESIAN_POINT ( 'NONE',  ( 0.4800000000000000933, 0.6999999999999999556, 0.1300000000000000044 ) ) ;
#14 = MECHANICAL_DESIGN_GEOMETRIC_PRESENTATION_REPRESENTATION (  '', ( #97 ), #933 ) ;
#15 = AXIS2_PLACEMENT_3D ( 'NONE', #915, #412, #405 ) ;
#16 = DIRECTION ( 'NONE',  ( -0.0000000000000000000, -0.0000000000000000000, -1.000000000000000000 ) ) ;
#17 = ORIENTED_EDGE ( 'NONE', *, *, #455, .T. ) ;
#18 = MECHANICAL_DESIGN_GEOMETRIC_PRESENTATION_REPRESENTATION (  '', ( #592 ), #366 ) ;
#19 = DIRECTION ( 'NONE',  ( 1.000000000000000000, 0.0000000000000000000, 0.0000000000000000000 ) ) ;
#20 = ADVANCED_FACE ( 'NONE', ( #327 ), #399, .T. ) ;
#21 = LINE ( 'NONE', #429, #662 ) ;
#22 = SURFACE_STYLE_USAGE ( .BOTH. , #756 ) ;
#23 = VERTEX_POINT ( 'NONE', #733 ) ;
#24 = SURFACE_SIDE_STYLE ('',( #1179 ) ) ;
#25 = FILL_AREA_STYLE_COLOUR ( '', #528 ) ;
#26 = PRODUCT_DEFINITION_SHAPE ( 'NONE', 'NONE',  #1336 ) ;
#27 = DIRECTION ( 'NONE',  ( 0.0000000000000000000, 0.0000000000000000000, 1.000000000000000000 ) ) ;
#28 = ORIENTED_EDGE ( 'NONE', *, *, #723, .T. ) ;
#29 = ITEM_DEFINED_TRANSFORMATION ( 'NONE', 'NONE', #1202,  #574 ) ;
#30 =( REPRESENTATION_RELATIONSHIP ('NONE','NONE', #717, #804 ) REPRESENTATION_RELATIONSHIP_WITH_TRANSFORMATION ( #39 )SHAPE_REPRESENTATION_RELATIONSHIP( ) );
#31 = SURFACE_STYLE_FILL_AREA ( #1264 ) ;
#32 = SURFACE_STYLE_USAGE ( .BOTH. , #968 ) ;
#33 = LINE ( 'NONE', #157, #168 ) ;
#34 = PRODUCT_RELATED_PRODUCT_CATEGORY ( 'part', '', ( #793 ) ) ;
#35 = FILL_AREA_STYLE ('',( #319 ) ) ;
#36 = ORIENTED_EDGE ( 'NONE', *, *, #828, .T. ) ;
#37 = VECTOR ( 'NONE', #301, 1000.000000000000000 ) ;
#38 = VECTOR ( 'NONE', #1190, 1000.000000000000000 ) ;
#39 = ITEM_DEFINED_TRANSFORMATION ( 'NONE', 'NONE', #298,  #485 ) ;
#40 = AXIS2_PLACEMENT_3D ( 'NONE', #706, #9, #603 ) ;
#41 = STYLED_ITEM ( 'NONE', ( #773 ), #1033 ) ;
#42 = SURFACE_SIDE_STYLE ('',( #31 ) ) ;
#43 = CARTESIAN_POINT ( 'NONE',  ( 0.4000000000000000777, 0.4200000000000000400, -0.1300000000000000044 ) ) ;
#44 = PRODUCT_DEFINITION_SHAPE ( 'NONE', 'NONE',  #1324 ) ;
#45 = CARTESIAN_POINT ( 'NONE',  ( 1.000000000000000000, 0.1799999999999999933, -0.1300000000000000044 ) ) ;
#46 = SURFACE_STYLE_FILL_AREA ( #1267 ) ;
#47 =( NAMED_UNIT ( * ) SI_UNIT ( $, .STERADIAN. ) SOLID_ANGLE_UNIT ( ) );
#48 = VERTEX_POINT ( 'NONE', #1230 ) ;
#49 = PRODUCT_CONTEXT ( 'NONE', #744, 'mechanical' ) ;
#50 = DIRECTION ( 'NONE',  ( 1.000000000000000000, 0.0000000000000000000, 0.0000000000000000000 ) ) ;
#51 = CARTESIAN_POINT ( 'NONE',  ( 0.3000000000000001554, 0.4200000000000000400, 0.1300000000000000044 ) ) ;
#52 = SURFACE_STYLE_USAGE ( .BOTH. , #252 ) ;
#53 = PRODUCT ( 'leg', 'leg', '', ( #49 ) ) ;
#54 = FACE_OUTER_BOUND ( 'NONE', #1142, .T. ) ;
#55 = ORIENTED_EDGE ( 'NONE', *, *, #777, .F. ) ;
#56 =( NAMED_UNIT ( * ) SI_UNIT ( $, .STERADIAN. ) SOLID_ANGLE_UNIT ( ) );
#57 = PLANE ( 'NONE',  #610 ) ;
#58 = FILL_AREA_STYLE_COLOUR ( '', #105 ) ;
#59 = CARTESIAN_POINT ( 'NONE',  ( 2.199999999999999734, 1.200000000000000178, 2.499999999999999556 ) ) ;
#60 = COLOUR_RGB ( '',0.6156862745098039547, 0.6431372549019607199, 0.6745098039215686736 ) ;
#61 = ORIENTED_EDGE ( 'NONE', *, *, #1308, .T. ) ;
#62 = ITEM_DEFINED_TRANSFORMATION ( 'NONE', 'NONE', #256,  #974 ) ;
#63 = CIRCLE ( 'NONE', #1227, 0.1000000000000000472 ) ;
#64 = AXIS2_PLACEMENT_3D ( 'NONE', #922, #324, #1145 ) ;
#65 = DIRECTION ( 'NONE',  ( -1.694065894508600925E-16, 1.000000000000000000, 0.0000000000000000000 ) ) ;
#66 = CARTESIAN_POINT ( 'NONE',  ( 0.3000000000000001554, 0.5200000000000000178, -0.1300000000000000044 ) ) ;
#67 = ORIENTED_EDGE ( 'NONE', *, *, #599, .F. ) ;
#68 = CONTEXT_DEPENDENT_SHAPE_REPRESENTATION ( #220, #1250 ) ;
#69 = LINE ( 'NONE', #271, #404 ) ;
#70 = CARTESIAN_POINT ( 'NONE',  ( 0.0000000000000000000, 1.450225248123588597E-28, -1.949999999999999956 ) ) ;
#71 = SURFACE_STYLE_FILL_AREA ( #388 ) ;
#72 = EDGE_CURVE ( 'NONE', #1174, #630, #715, .T. ) ;
#73 = CARTESIAN_POINT ( 'NONE',  ( 0.0000000000000000000, 0.5199999999999996847, 0.1300000000000000044 ) ) ;
#74 = ORIENTED_EDGE ( 'NONE', *, *, #1097, .T. ) ;
#75 = DIRECTION ( 'NONE',  ( 0.0000000000000000000, 0.0000000000000000000, 1.000000000000000000 ) ) ;
#76 =( NAMED_UNIT ( * ) PLANE_ANGLE_UNIT ( ) SI_UNIT ( $, .RADIAN. ) );
#77 = LINE ( 'NONE', #89, #554 ) ;
#78 = ORIENTED_EDGE ( 'NONE', *, *, #500, .T. ) ;
#79 = ADVANCED_FACE ( 'NONE', ( #710 ), #929, .T. ) ;
#80 = COLOUR_RGB ( '',0.6156862745098039547, 0.6431372549019607199, 0.6745098039215686736 ) ;
#81 = CARTESIAN_POINT ( 'NONE',  ( 1.499999999999999556, 1.150000000000000133, 1.799999999999999822 ) ) ;
#82 = DIRECTION ( 'NONE',  ( 1.000000000000000000, -7.664866088101773825E-38, 0.0000000000000000000 ) ) ;
#83 = CARTESIAN_POINT ( 'NONE',  ( 1.000000000000000000, 0.0000000000000000000, 0.1300000000000000044 ) ) ;
#84 = COLOUR_RGB ( '',0.6156862745098039547, 0.6431372549019607199, 0.6745098039215686736 ) ;
#85 = ORIENTED_EDGE ( 'NONE', *, *, #604, .F. ) ;
#86 = UNCERTAINTY_MEASURE_WITH_UNIT (LENGTH_MEASURE( 1.000000000000000082E-05 ), #921, 'distance_accuracy_value', 'NONE');
#87 = EDGE_CURVE ( 'NONE', #597, #1080, #90, .T. ) ;
#88 = FILL_AREA_STYLE_COLOUR ( '', #590 ) ;
#89 = CARTESIAN_POINT ( 'NONE',  ( 0.3000000000000001554, 0.0000000000000000000, -0.1300000000000000044 ) ) ;
#90 = LINE ( 'NONE', #496, #424 ) ;
#91 = PRODUCT_DEFINITION_SHAPE ( 'NONE', 'NONE',  #1325 ) ;
#92 = EDGE_CURVE ( 'NONE', #630, #856, #1225, .T. ) ;
#93 = CARTESIAN_POINT ( 'NONE',  ( 0.5799999999999999600, 0.5999999999999999778, -0.1300000000000000044 ) ) ;
#94 =( NAMED_UNIT ( * ) PLANE_ANGLE_UNIT ( ) SI_UNIT ( $, .RADIAN. ) );
#95 = ORIENTED_EDGE ( 'NONE', *, *, #435, .F. ) ;
#96 = CARTESIAN_POINT ( 'NONE',  ( 0.0000000000000000000, 4.834084160411961991E-29, -0.6500000000000001332 ) ) ;
#97 = STYLED_ITEM ( 'NONE', ( #580 ), #425 ) ;
#98 = PRESENTATION_STYLE_ASSIGNMENT (( #1257 ) ) ;
#99 =( REPRESENTATION_RELATIONSHIP ('NONE','NONE', #804, #532 ) REPRESENTATION_RELATIONSHIP_WITH_TRANSFORMATION ( #754 )SHAPE_REPRESENTATION_RELATIONSHIP( ) );
#100 = VECTOR ( 'NONE', #844, 1000.000000000000000 ) ;
#101 = STYLED_ITEM ( 'NONE', ( #1219 ), #239 ) ;
#102 = COLOUR_RGB ( '',0.6156862745098039547, 0.6431372549019607199, 0.6745098039215686736 ) ;
#103 = SURFACE_SIDE_STYLE ('',( #1017 ) ) ;
#104 = SURFACE_STYLE_USAGE ( .BOTH. , #1026 ) ;
#105 = COLOUR_RGB ( '',0.6156862745098039547, 0.6431372549019607199, 0.6745098039215686736 ) ;
#106 = DIRECTION ( 'NONE',  ( 0.0000000000000000000, 0.0000000000000000000, 1.000000000000000000 ) ) ;
#107 = FILL_AREA_STYLE ('',( #313 ) ) ;
#108 = CARTESIAN_POINT ( 'NONE',  ( 0.5000000000000001110, 0.1000000000000000056, -0.1300000000000000044 ) ) ;
#109 =( NAMED_UNIT ( * ) SI_UNIT ( $, .STERADIAN. ) SOLID_ANGLE_UNIT ( ) );
#110 =( NAMED_UNIT ( * ) PLANE_ANGLE_UNIT ( ) SI_UNIT ( $, .RADIAN. ) );
#111 =( NAMED_UNIT ( * ) PLANE_ANGLE_UNIT ( ) SI_UNIT ( $, .RADIAN. ) );
#112 = PRODUCT_DEFINITION_SHAPE ( 'NONE', 'NONE',  #1341 ) ;
#113 = SURFACE_STYLE_FILL_AREA ( #35 ) ;
#114 = ORIENTED_EDGE ( 'NONE', *, *, #561, .F. ) ;
#115 = CARTESIAN_POINT ( 'NONE',  ( 0.0000000000000000000, 1.450225248123588597E-28, -1.950000000000000178 ) ) ;
#116 = FILL_AREA_STYLE_COLOUR ( '', #718 ) ;
#117 = CIRCLE ( 'NONE', #848, 0.09999999999999993616 ) ;
#118 = SURFACE_STYLE_FILL_AREA ( #738 ) ;
#119 = MECHANICAL_DESIGN_GEOMETRIC_PRESENTATION_REPRESENTATION (  '', ( #1037 ), #1243 ) ;
#120 = DIRECTION ( 'NONE',  ( 1.000000000000000000, 4.517509052022936456E-16, -0.0000000000000000000 ) ) ;
#121 = COLOUR_RGB ( '',0.6156862745098039547, 0.6431372549019607199, 0.6745098039215686736 ) ;
#122 = CARTESIAN_POINT ( 'NONE',  ( 0.4800000000000000933, 0.5999999999999999778, 0.1300000000000000044 ) ) ;
#123 = ORIENTED_EDGE ( 'NONE', *, *, #1015, .T. ) ;
#124 = VECTOR ( 'NONE', #1127, 1000.000000000000000 ) ;
#125 = ADVANCED_FACE ( 'NONE', ( #1018 ), #203, .F. ) ;
#126 = LINE ( 'NONE', #836, #124 ) ;
#127 = SURFACE_STYLE_USAGE ( .BOTH. , #529 ) ;
#128 = PRESENTATION_STYLE_ASSIGNMENT (( #328 ) ) ;
#129 = ORIENTED_EDGE ( 'NONE', *, *, #899, .T. ) ;
#130 = DIRECTION ( 'NONE',  ( 0.0000000000000000000, 0.0000000000000000000, 1.000000000000000000 ) ) ;
#131 = DIRECTION ( 'NONE',  ( 0.0000000000000000000, -1.000000000000000000, -0.0000000000000000000 ) ) ;
#132 =( NAMED_UNIT ( * ) SI_UNIT ( $, .STERADIAN. ) SOLID_ANGLE_UNIT ( ) );
#133 = FACE_OUTER_BOUND ( 'NONE', #687, .T. ) ;
#134 = ORIENTED_EDGE ( 'NONE', *, *, #1161, .T. ) ;
#135 = SURFACE_STYLE_FILL_AREA ( #359 ) ;
#136 = CLOSED_SHELL ( 'NONE', ( #1208, #416, #1082, #1287, #1033, #966, #925, #20, #589, #543, #360, #169, #79, #507 ) ) ;
#137 = CIRCLE ( 'NONE', #184, 0.1000000000000000472 ) ;
#138 = MECHANICAL_DESIGN_GEOMETRIC_PRESENTATION_REPRESENTATION (  '', ( #503 ), #748 ) ;
#139 = PRESENTATION_STYLE_ASSIGNMENT (( #774 ) ) ;
#140 = ORIENTED_EDGE ( 'NONE', *, *, #1232, .F. ) ;
#141 = PRESENTATION_LAYER_ASSIGNMENT (  '', '', ( #101 ) ) ;
#142 = DIRECTION ( 'NONE',  ( 0.0000000000000000000, 0.0000000000000000000, 1.000000000000000000 ) ) ;
#143 = VECTOR ( 'NONE', #120, 1000.000000000000000 ) ;
#144 = FACE_OUTER_BOUND ( 'NONE', #1099, .T. ) ;
#145 =( NAMED_UNIT ( * ) PLANE_ANGLE_UNIT ( ) SI_UNIT ( $, .RADIAN. ) );
#146 = CARTESIAN_POINT ( 'NONE',  ( 0.0000000000000000000, 0.5199999999999996847, -0.1300000000000000044 ) ) ;
#147 = PRODUCT_DEFINITION_CONTEXT ( 'detailed design', #1111, 'design' ) ;
#148 = CARTESIAN_POINT ( 'NONE',  ( 1.084202172485504434E-16, 0.6999999999999999556, -0.1300000000000000044 ) ) ;
#149 = SHAPE_DEFINITION_REPRESENTATION ( #247, #396 ) ;
#150 =( NAMED_UNIT ( * ) SI_UNIT ( $, .STERADIAN. ) SOLID_ANGLE_UNIT ( ) );
#151 = CARTESIAN_POINT ( 'NONE',  ( -4.012354050806741132E-33, 0.5199999999999996847, 0.1300000000000000044 ) ) ;
#152 =( NAMED_UNIT ( * ) PLANE_ANGLE_UNIT ( ) SI_UNIT ( $, .RADIAN. ) );
#153 = CARTESIAN_POINT ( 'NONE',  ( 0.3000000000000001554, 0.5199999999999996847, -0.1300000000000000044 ) ) ;
#154 = ORIENTED_EDGE ( 'NONE', *, *, #1109, .F. ) ;
#155 = SURFACE_SIDE_STYLE ('',( #688 ) ) ;
#156 = CARTESIAN_POINT ( 'NONE',  ( 0.5799999999999999600, 0.2799999999999999156, -0.1300000000000000044 ) ) ;
#157 = CARTESIAN_POINT ( 'NONE',  ( 0.5799999999999999600, 0.2799999999999999156, 0.1300000000000000044 ) ) ;
#158 = MECHANICAL_DESIGN_GEOMETRIC_PRESENTATION_REPRESENTATION (  '', ( #230 ), #827 ) ;
#159 = EDGE_LOOP ( 'NONE', ( #255, #263, #422, #533 ) ) ;
#160 = UNCERTAINTY_MEASURE_WITH_UNIT (LENGTH_MEASURE( 1.000000000000000082E-05 ), #1004, 'distance_accuracy_value', 'NONE');
#161 = MECHANICAL_DESIGN_GEOMETRIC_PRESENTATION_REPRESENTATION (  '', ( #206 ), #1084 ) ;
#162 = CONTEXT_DEPENDENT_SHAPE_REPRESENTATION ( #1086, #1009 ) ;
#163 = AXIS2_PLACEMENT_3D ( 'NONE', #1323, #746, #217 ) ;
#164 = CIRCLE ( 'NONE', #315, 0.2999999999999997113 ) ;
#165 = COLOUR_RGB ( '',0.7921568627450980005, 0.8196078431372548767, 0.9333333333333333481 ) ;
#166 = DIRECTION ( 'NONE',  ( 1.000000000000000000, -7.664866088101773825E-38, 0.0000000000000000000 ) ) ;
#167 = PRESENTATION_LAYER_ASSIGNMENT (  '', '', ( #1001 ) ) ;
#168 = VECTOR ( 'NONE', #569, 1000.000000000000000 ) ;
#169 = ADVANCED_FACE ( 'NONE', ( #334 ), #245, .T. ) ;
#170 = PLANE ( 'NONE',  #1182 ) ;
#171 = ORIENTED_EDGE ( 'NONE', *, *, #352, .F. ) ;
#172 = CONTEXT_DEPENDENT_SHAPE_REPRESENTATION ( #472, #26 ) ;
#173 = CARTESIAN_POINT ( 'NONE',  ( 2.199999999999999734, 0.1000000000000000056, -2.500000000000000444 ) ) ;
#174 = EDGE_CURVE ( 'NONE', #1290, #1186, #237, .T. ) ;
#175 = ORIENTED_EDGE ( 'NONE', *, *, #1076, .T. ) ;
#176 = CONTEXT_DEPENDENT_SHAPE_REPRESENTATION ( #627, #1226 ) ;
#177 = DIRECTION ( 'NONE',  ( 0.0000000000000000000, -0.0000000000000000000, 1.000000000000000000 ) ) ;
#178 =( LENGTH_UNIT ( ) NAMED_UNIT ( * ) SI_UNIT ( .MILLI., .METRE. ) );
#179 = CARTESIAN_POINT ( 'NONE',  ( 0.4000000000000001332, 0.1000000000000000194, -0.1300000000000000044 ) ) ;
#180 =( NAMED_UNIT ( * ) PLANE_ANGLE_UNIT ( ) SI_UNIT ( $, .RADIAN. ) );
#181 = VERTEX_POINT ( 'NONE', #651 ) ;
#182 = VECTOR ( 'NONE', #268, 1000.000000000000000 ) ;
#183 = EDGE_CURVE ( 'NONE', #1134, #609, #355, .T. ) ;
#184 = AXIS2_PLACEMENT_3D ( 'NONE', #1121, #418, #1144 ) ;
#185 = STYLED_ITEM ( 'NONE', ( #337 ), #411 ) ;
#186 = SURFACE_STYLE_FILL_AREA ( #986 ) ;
#187 = PRESENTATION_LAYER_ASSIGNMENT (  '', '', ( #640 ) ) ;
#188 = CARTESIAN_POINT ( 'NONE',  ( 0.0000000000000000000, -4.891862058743579067E-29, 0.6500000000000001332 ) ) ;
#189 = AXIS2_PLACEMENT_3D ( 'NONE', #115, #305, #826 ) ;
#190 = CARTESIAN_POINT ( 'NONE',  ( 0.4000000000000000777, 0.1000000000000000194, 0.1300000000000000044 ) ) ;
#191 = AXIS2_PLACEMENT_3D ( 'NONE', #108, #837, #814 ) ;
#192 = ORIENTED_EDGE ( 'NONE', *, *, #697, .T. ) ;
#193 = UNCERTAINTY_MEASURE_WITH_UNIT (LENGTH_MEASURE( 1.000000000000000082E-05 ), #593, 'distance_accuracy_value', 'NONE');
#194 = LINE ( 'NONE', #896, #806 ) ;
#195 = CARTESIAN_POINT ( 'NONE',  ( 0.0000000000000000000, 4.834084160411961991E-29, -0.6500000000000001332 ) ) ;
#196 =( NAMED_UNIT ( * ) SI_UNIT ( $, .STERADIAN. ) SOLID_ANGLE_UNIT ( ) );
#197 =( REPRESENTATION_RELATIONSHIP ('NONE','NONE', #717, #943 ) REPRESENTATION_RELATIONSHIP_WITH_TRANSFORMATION ( #29 )SHAPE_REPRESENTATION_RELATIONSHIP( ) );
#198 = CARTESIAN_POINT ( 'NONE',  ( 1.499999999999999556, 1.150000000000000133, 1.499999999999999778 ) ) ;
#199 =( NAMED_UNIT ( * ) PLANE_ANGLE_UNIT ( ) SI_UNIT ( $, .RADIAN. ) );
#200 = PRODUCT_DEFINITION_SHAPE ( 'NONE', 'NONE',  #1338 ) ;
#201 = DIRECTION ( 'NONE',  ( -0.0000000000000000000, 1.000000000000000000, -0.0000000000000000000 ) ) ;
#202 =( NAMED_UNIT ( * ) PLANE_ANGLE_UNIT ( ) SI_UNIT ( $, .RADIAN. ) );
#203 = PLANE ( 'NONE',  #1016 ) ;
#204 = VERTEX_POINT ( 'NONE', #1261 ) ;
#205 = CARTESIAN_POINT ( 'NONE',  ( 0.0000000000000000000, 0.0000000000000000000, 0.0000000000000000000 ) ) ;
#206 = STYLED_ITEM ( 'NONE', ( #387 ), #416 ) ;
#207 =( NAMED_UNIT ( * ) PLANE_ANGLE_UNIT ( ) SI_UNIT ( $, .RADIAN. ) );
#208 = DIRECTION ( 'NONE',  ( -0.0000000000000000000, -0.0000000000000000000, -1.000000000000000000 ) ) ;
#209 = VECTOR ( 'NONE', #201, 1000.000000000000000 ) ;
#210 = VECTOR ( 'NONE', #778, 1000.000000000000000 ) ;
#211 = EDGE_CURVE ( 'NONE', #23, #1174, #117, .T. ) ;
#212 = MECHANICAL_DESIGN_GEOMETRIC_PRESENTATION_REPRESENTATION (  '', ( #469 ), #1313 ) ;
#213 = PRODUCT_DEFINITION_FORMATION_WITH_SPECIFIED_SOURCE ( 'ANY', '', #53, .NOT_KNOWN. ) ;
#214 = ORIENTED_EDGE ( 'NONE', *, *, #723, .F. ) ;
#215 = CARTESIAN_POINT ( 'NONE',  ( 0.0000000000000000000, 0.0000000000000000000, 0.0000000000000000000 ) ) ;
#216 = SURFACE_STYLE_USAGE ( .BOTH. , #713 ) ;
#217 = DIRECTION ( 'NONE',  ( 1.000000000000000000, 0.0000000000000000000, -0.0000000000000000000 ) ) ;
#218 = FACE_OUTER_BOUND ( 'NONE', #847, .T. ) ;
#219 = ORIENTED_EDGE ( 'NONE', *, *, #493, .T. ) ;
#220 =( REPRESENTATION_RELATIONSHIP ('NONE','NONE', #943, #532 ) REPRESENTATION_RELATIONSHIP_WITH_TRANSFORMATION ( #285 )SHAPE_REPRESENTATION_RELATIONSHIP( ) );
#221 = PLANE ( 'NONE',  #825 ) ;
#222 = FACE_OUTER_BOUND ( 'NONE', #752, .T. ) ;
#223 =( LENGTH_UNIT ( ) NAMED_UNIT ( * ) SI_UNIT ( .MILLI., .METRE. ) );
#224 = DIRECTION ( 'NONE',  ( -5.944401750104109126E-16, -1.000000000000000000, 0.0000000000000000000 ) ) ;
#225 =( NAMED_UNIT ( * ) PLANE_ANGLE_UNIT ( ) SI_UNIT ( $, .RADIAN. ) );
#226 = EDGE_CURVE ( 'NONE', #1007, #1060, #615, .T. ) ;
#227 = MANIFOLD_SOLID_BREP ( 'Imported1', #10 ) ;
#228 = UNCERTAINTY_MEASURE_WITH_UNIT (LENGTH_MEASURE( 1.000000000000000082E-05 ), #562, 'distance_accuracy_value', 'NONE');
#229 = CARTESIAN_POINT ( 'NONE',  ( 0.4800000000000000933, 0.5999999999999999778, -0.1300000000000000044 ) ) ;
#230 = STYLED_ITEM ( 'NONE', ( #1052 ), #125 ) ;
#231 = DIRECTION ( 'NONE',  ( 1.000000000000000000, 0.0000000000000000000, 0.0000000000000000000 ) ) ;
#232 = VECTOR ( 'NONE', #759, 1000.000000000000000 ) ;
#233 = ORIENTED_EDGE ( 'NONE', *, *, #455, .F. ) ;
#234 = APPLICATION_PROTOCOL_DEFINITION ( 'draft international standard', 'automotive_design', 1998, #744 ) ;
#235 = PRODUCT_DEFINITION_SHAPE ( 'NONE', 'NONE',  #1332 ) ;
#236 = DIRECTION ( 'NONE',  ( 0.0000000000000000000, -1.000000000000000000, -0.0000000000000000000 ) ) ;
#237 = LINE ( 'NONE', #146, #400 ) ;
#238 = DIRECTION ( 'NONE',  ( -0.0000000000000000000, 1.000000000000000000, -0.0000000000000000000 ) ) ;
#239 = ADVANCED_BREP_SHAPE_REPRESENTATION ( '', ( #1114, #974 ), #719 ) ;
#240 = APPLICATION_CONTEXT ( 'automotive_design' ) ;
#241 = ORIENTED_EDGE ( 'NONE', *, *, #1170, .T. ) ;
#242 = ITEM_DEFINED_TRANSFORMATION ( 'NONE', 'NONE', #764,  #974 ) ;
#243 = DIRECTION ( 'NONE',  ( -0.0000000000000000000, -0.0000000000000000000, -1.000000000000000000 ) ) ;
#244 = CYLINDRICAL_SURFACE ( 'NONE', #997, 0.1000000000000000472 ) ;
#245 = PLANE ( 'NONE',  #1196 ) ;
#246 = UNCERTAINTY_MEASURE_WITH_UNIT (LENGTH_MEASURE( 1.000000000000000082E-05 ), #1212, 'distance_accuracy_value', 'NONE');
#247 = PRODUCT_DEFINITION_SHAPE ( 'NONE', 'NONE',  #289 ) ;
#248 =( LENGTH_UNIT ( ) NAMED_UNIT ( * ) SI_UNIT ( .MILLI., .METRE. ) );
#249 = ORIENTED_EDGE ( 'NONE', *, *, #599, .T. ) ;
#250 = CONTEXT_DEPENDENT_SHAPE_REPRESENTATION ( #197, #91 ) ;
#251 = CARTESIAN_POINT ( 'NONE',  ( 0.0000000000000000000, 0.0000000000000000000, 0.0000000000000000000 ) ) ;
#252 = SURFACE_SIDE_STYLE ('',( #473 ) ) ;
#253 = EDGE_CURVE ( 'NONE', #1246, #588, #137, .T. ) ;
#254 = CARTESIAN_POINT ( 'NONE',  ( 0.3000000000000000999, 0.5200000000000000178, 0.1300000000000000044 ) ) ;
#255 = ORIENTED_EDGE ( 'NONE', *, *, #1109, .T. ) ;
#256 = AXIS2_PLACEMENT_3D ( 'NONE', #70, #1306, #987 ) ;
#257 = PRODUCT_DEFINITION_SHAPE ( 'NONE', 'NONE',  #753 ) ;
#258 = VECTOR ( 'NONE', #951, 1000.000000000000000 ) ;
#259 =( LENGTH_UNIT ( ) NAMED_UNIT ( * ) SI_UNIT ( .MILLI., .METRE. ) );
#260 = PRESENTATION_STYLE_ASSIGNMENT (( #32 ) ) ;
#261 = DIRECTION ( 'NONE',  ( 0.0000000000000000000, -0.0000000000000000000, -1.000000000000000000 ) ) ;
#262 = PRODUCT_RELATED_PRODUCT_CATEGORY ( 'part', '', ( #392 ) ) ;
#263 = ORIENTED_EDGE ( 'NONE', *, *, #211, .T. ) ;
#264 = DIRECTION ( 'NONE',  ( 1.000000000000000000, 0.0000000000000000000, 0.0000000000000000000 ) ) ;
#265 = SURFACE_STYLE_FILL_AREA ( #874 ) ;
#266 =( REPRESENTATION_RELATIONSHIP ('NONE','NONE', #804, #532 ) REPRESENTATION_RELATIONSHIP_WITH_TRANSFORMATION ( #1054 )SHAPE_REPRESENTATION_RELATIONSHIP( ) );
#267 = FILL_AREA_STYLE_COLOUR ( '', #84 ) ;
#268 = DIRECTION ( 'NONE',  ( -0.0000000000000000000, -1.000000000000000000, -0.0000000000000000000 ) ) ;
#269 = CONTEXT_DEPENDENT_SHAPE_REPRESENTATION ( #304, #112 ) ;
#270 = EDGE_CURVE ( 'NONE', #1209, #1271, #330, .T. ) ;
#271 = CARTESIAN_POINT ( 'NONE',  ( 1.499999999999999556, 1.150000000000000133, 1.499999999999999778 ) ) ;
#272 = DIRECTION ( 'NONE',  ( 0.0000000000000000000, 0.0000000000000000000, 1.000000000000000000 ) ) ;
#273 = STYLED_ITEM ( 'NONE', ( #1011 ), #20 ) ;
#274 = VERTEX_POINT ( 'NONE', #511 ) ;
#275 = UNCERTAINTY_MEASURE_WITH_UNIT (LENGTH_MEASURE( 1.000000000000000082E-05 ), #259, 'distance_accuracy_value', 'NONE');
#276 = PRESENTATION_LAYER_ASSIGNMENT (  '', '', ( #97 ) ) ;
#277 = MECHANICAL_DESIGN_GEOMETRIC_PRESENTATION_REPRESENTATION (  '', ( #954 ), #1087 ) ;
#278 = AXIS2_PLACEMENT_3D ( 'NONE', #282, #1096, #82 ) ;
#279 = CARTESIAN_POINT ( 'NONE',  ( 0.3000000000000001554, 0.4200000000000000400, -0.1300000000000000044 ) ) ;
#280 = SURFACE_STYLE_USAGE ( .BOTH. , #398 ) ;
#281 = ORIENTED_EDGE ( 'NONE', *, *, #352, .T. ) ;
#282 = CARTESIAN_POINT ( 'NONE',  ( 0.0000000000000000000, 9.668168320823923982E-29, -1.300000000000000044 ) ) ;
#283 = DIRECTION ( 'NONE',  ( -1.000000000000000000, -1.084202172485503842E-15, -0.0000000000000000000 ) ) ;
#284 = ORIENTED_EDGE ( 'NONE', *, *, #583, .T. ) ;
#285 = ITEM_DEFINED_TRANSFORMATION ( 'NONE', 'NONE', #278,  #974 ) ;
#286 = DIRECTION ( 'NONE',  ( 1.000000000000000000, -7.664866088101773825E-38, 0.0000000000000000000 ) ) ;
#287 = DIRECTION ( 'NONE',  ( 0.0000000000000000000, 0.0000000000000000000, 1.000000000000000000 ) ) ;
#288 = APPLICATION_CONTEXT ( 'automotive_design' ) ;
#289 = PRODUCT_DEFINITION ( 'UNKNOWN', '', #975, #343 ) ;
#290 = PLANE ( 'NONE',  #595 ) ;
#291 = ORIENTED_EDGE ( 'NONE', *, *, #659, .T. ) ;
#292 =( GEOMETRIC_REPRESENTATION_CONTEXT ( 3 ) GLOBAL_UNCERTAINTY_ASSIGNED_CONTEXT ( ( #86 ) ) GLOBAL_UNIT_ASSIGNED_CONTEXT ( ( #921, #207, #819 ) ) REPRESENTATION_CONTEXT ( 'NONE', 'WORKASPACE' ) );
#293 = ITEM_DEFINED_TRANSFORMATION ( 'NONE', 'NONE', #1133,  #974 ) ;
#294 = COLOUR_RGB ( '',0.6156862745098039547, 0.6431372549019607199, 0.6745098039215686736 ) ;
#295 = CARTESIAN_POINT ( 'NONE',  ( 0.5000000000000001110, 0.0000000000000000000, -0.1300000000000000044 ) ) ;
#296 = PRESENTATION_LAYER_ASSIGNMENT (  '', '', ( #879 ) ) ;
#297 = FACE_OUTER_BOUND ( 'NONE', #159, .T. ) ;
#298 = AXIS2_PLACEMENT_3D ( 'NONE', #3, #1013, #735 ) ;
#299 = LINE ( 'NONE', #601, #1203 ) ;
#300 = DIRECTION ( 'NONE',  ( 0.0000000000000000000, -0.0000000000000000000, -1.000000000000000000 ) ) ;
#301 = DIRECTION ( 'NONE',  ( -0.0000000000000000000, 1.000000000000000000, 0.0000000000000000000 ) ) ;
#302 = CARTESIAN_POINT ( 'NONE',  ( -2.200000000000000622, 1.200000000000000178, 2.499999999999999556 ) ) ;
#303 = ORIENTED_EDGE ( 'NONE', *, *, #270, .T. ) ;
#304 =( REPRESENTATION_RELATIONSHIP ('NONE','NONE', #943, #532 ) REPRESENTATION_RELATIONSHIP_WITH_TRANSFORMATION ( #293 )SHAPE_REPRESENTATION_RELATIONSHIP( ) );
#305 = DIRECTION ( 'NONE',  ( 0.0000000000000000000, 0.0000000000000000000, 1.000000000000000000 ) ) ;
#306 = PRESENTATION_STYLE_ASSIGNMENT (( #605 ) ) ;
#307 = CARTESIAN_POINT ( 'NONE',  ( 0.5000000000000001110, 0.1000000000000000056, 0.1300000000000000044 ) ) ;
#308 = CARTESIAN_POINT ( 'NONE',  ( 2.199999999999999734, 1.200000000000000178, 2.499999999999999556 ) ) ;
#309 = PRODUCT_DEFINITION_CONTEXT ( 'detailed design', #1141, 'design' ) ;
#310 = ORIENTED_EDGE ( 'NONE', *, *, #397, .F. ) ;
#311 =( GEOMETRIC_REPRESENTATION_CONTEXT ( 3 ) GLOBAL_UNCERTAINTY_ASSIGNED_CONTEXT ( ( #322 ) ) GLOBAL_UNIT_ASSIGNED_CONTEXT ( ( #508, #94, #109 ) ) REPRESENTATION_CONTEXT ( 'NONE', 'WORKASPACE' ) );
#312 = ADVANCED_FACE ( 'NONE', ( #1240 ), #927, .F. ) ;
#313 = FILL_AREA_STYLE_COLOUR ( '', #677 ) ;
#314 = CARTESIAN_POINT ( 'NONE',  ( 0.6800000000000000488, 0.1799999999999999378, -0.1300000000000000044 ) ) ;
#315 = AXIS2_PLACEMENT_3D ( 'NONE', #1140, #238, #27 ) ;
#316 = SURFACE_STYLE_USAGE ( .BOTH. , #912 ) ;
#317 = FILL_AREA_STYLE ('',( #821 ) ) ;
#318 =( NAMED_UNIT ( * ) SI_UNIT ( $, .STERADIAN. ) SOLID_ANGLE_UNIT ( ) );
#319 = FILL_AREA_STYLE_COLOUR ( '', #1088 ) ;
#320 = ORIENTED_EDGE ( 'NONE', *, *, #270, .F. ) ;
#321 = CARTESIAN_POINT ( 'NONE',  ( 0.0000000000000000000, 9.668168320823923982E-29, -1.300000000000000266 ) ) ;
#322 = UNCERTAINTY_MEASURE_WITH_UNIT (LENGTH_MEASURE( 1.000000000000000082E-05 ), #508, 'distance_accuracy_value', 'NONE');
#323 = DIRECTION ( 'NONE',  ( 0.0000000000000000000, 0.0000000000000000000, 1.000000000000000000 ) ) ;
#324 = DIRECTION ( 'NONE',  ( -0.0000000000000000000, 1.000000000000000000, -0.0000000000000000000 ) ) ;
#325 = CYLINDRICAL_SURFACE ( 'NONE', #638, 0.2999999999999997113 ) ;
#326 = ADVANCED_FACE ( 'NONE', ( #707 ), #221, .T. ) ;
#327 = FACE_OUTER_BOUND ( 'NONE', #788, .T. ) ;
#328 = SURFACE_STYLE_USAGE ( .BOTH. , #1047 ) ;
#329 = VERTEX_POINT ( 'NONE', #1050 ) ;
#330 = LINE ( 'NONE', #635, #361 ) ;
#331 = CARTESIAN_POINT ( 'NONE',  ( 1.000000000000000000, 0.1799999999999999656, -0.1300000000000000044 ) ) ;
#332 = PRODUCT_DEFINITION_SHAPE ( 'NONE', 'NONE',  #1340 ) ;
#333 = LINE ( 'NONE', #623, #937 ) ;
#334 = FACE_OUTER_BOUND ( 'NONE', #878, .T. ) ;
#335 = ORIENTED_EDGE ( 'NONE', *, *, #899, .F. ) ;
#336 = SHAPE_DEFINITION_REPRESENTATION ( #1181, #532 ) ;
#337 = PRESENTATION_STYLE_ASSIGNMENT (( #1162 ) ) ;
#338 = PRESENTATION_LAYER_ASSIGNMENT (  '', '', ( #273 ) ) ;
#339 =( LENGTH_UNIT ( ) NAMED_UNIT ( * ) SI_UNIT ( .MILLI., .METRE. ) );
#340 = PLANE ( 'NONE',  #1108 ) ;
#341 =( GEOMETRIC_REPRESENTATION_CONTEXT ( 3 ) GLOBAL_UNCERTAINTY_ASSIGNED_CONTEXT ( ( #658 ) ) GLOBAL_UNIT_ASSIGNED_CONTEXT ( ( #858, #471, #865 ) ) REPRESENTATION_CONTEXT ( 'NONE', 'WORKASPACE' ) );
#342 =( LENGTH_UNIT ( ) NAMED_UNIT ( * ) SI_UNIT ( .MILLI., .METRE. ) );
#343 = PRODUCT_DEFINITION_CONTEXT ( 'detailed design', #563, 'design' ) ;
#344 = VECTOR ( 'NONE', #283, 1000.000000000000000 ) ;
#345 = EDGE_CURVE ( 'NONE', #816, #329, #962, .T. ) ;
#346 = ORIENTED_EDGE ( 'NONE', *, *, #211, .F. ) ;
#347 = PRESENTATION_LAYER_ASSIGNMENT (  '', '', ( #41 ) ) ;
#348 = PRODUCT_DEFINITION_SHAPE ( 'NONE', 'NONE',  #1337 ) ;
#349 = DIRECTION ( 'NONE',  ( 0.0000000000000000000, -0.0000000000000000000, -1.000000000000000000 ) ) ;
#350 = ORIENTED_EDGE ( 'NONE', *, *, #8, .T. ) ;
#351 = APPLICATION_PROTOCOL_DEFINITION ( 'draft international standard', 'automotive_design', 1998, #996 ) ;
#352 = EDGE_CURVE ( 'NONE', #1271, #1246, #967, .T. ) ;
#353 = CARTESIAN_POINT ( 'NONE',  ( 0.3000000000000001554, 0.1799999999999999933, -0.1300000000000000044 ) ) ;
#354 =( LENGTH_UNIT ( ) NAMED_UNIT ( * ) SI_UNIT ( .MILLI., .METRE. ) );
#355 = LINE ( 'NONE', #1067, #482 ) ;
#356 = UNCERTAINTY_MEASURE_WITH_UNIT (LENGTH_MEASURE( 1.000000000000000082E-05 ), #354, 'distance_accuracy_value', 'NONE');
#357 = LINE ( 'NONE', #153, #232 ) ;
#358 = ORIENTED_EDGE ( 'NONE', *, *, #92, .T. ) ;
#359 = FILL_AREA_STYLE ('',( #464 ) ) ;
#360 = ADVANCED_FACE ( 'NONE', ( #144 ), #1282, .F. ) ;
#361 = VECTOR ( 'NONE', #16, 1000.000000000000000 ) ;
#362 =( GEOMETRIC_REPRESENTATION_CONTEXT ( 3 ) GLOBAL_UNCERTAINTY_ASSIGNED_CONTEXT ( ( #356 ) ) GLOBAL_UNIT_ASSIGNED_CONTEXT ( ( #354, #152, #655 ) ) REPRESENTATION_CONTEXT ( 'NONE', 'WORKASPACE' ) );
#363 = SURFACE_STYLE_FILL_AREA ( #883 ) ;
#364 = ORIENTED_EDGE ( 'NONE', *, *, #1119, .T. ) ;
#365 = MECHANICAL_DESIGN_GEOMETRIC_PRESENTATION_REPRESENTATION (  '', ( #101 ), #852 ) ;
#366 =( GEOMETRIC_REPRESENTATION_CONTEXT ( 3 ) GLOBAL_UNCERTAINTY_ASSIGNED_CONTEXT ( ( #720 ) ) GLOBAL_UNIT_ASSIGNED_CONTEXT ( ( #901, #202, #787 ) ) REPRESENTATION_CONTEXT ( 'NONE', 'WORKASPACE' ) );
#367 =( GEOMETRIC_REPRESENTATION_CONTEXT ( 3 ) GLOBAL_UNCERTAINTY_ASSIGNED_CONTEXT ( ( #555 ) ) GLOBAL_UNIT_ASSIGNED_CONTEXT ( ( #515, #646, #725 ) ) REPRESENTATION_CONTEXT ( 'NONE', 'WORKASPACE' ) );
#368 = MECHANICAL_DESIGN_GEOMETRIC_PRESENTATION_REPRESENTATION (  '', ( #1001 ), #367 ) ;
#369 = CARTESIAN_POINT ( 'NONE',  ( 0.0000000000000000000, 0.0000000000000000000, 0.0000000000000000000 ) ) ;
#370 = DIRECTION ( 'NONE',  ( -1.000000000000000000, -1.694065894508600925E-16, 0.0000000000000000000 ) ) ;
#371 = LINE ( 'NONE', #877, #682 ) ;
#372 = VERTEX_POINT ( 'NONE', #645 ) ;
#373 = EDGE_LOOP ( 'NONE', ( #643, #175, #320, #977 ) ) ;
#374 = DIRECTION ( 'NONE',  ( 0.0000000000000000000, 0.0000000000000000000, 1.000000000000000000 ) ) ;
#375 = APPLICATION_CONTEXT ( 'automotive_design' ) ;
#376 = DIRECTION ( 'NONE',  ( -0.0000000000000000000, -0.0000000000000000000, 1.000000000000000000 ) ) ;
#377 = SURFACE_STYLE_USAGE ( .BOTH. , #103 ) ;
#378 = ORIENTED_EDGE ( 'NONE', *, *, #500, .F. ) ;
#379 = VECTOR ( 'NONE', #686, 1000.000000000000000 ) ;
#380 = AXIS2_PLACEMENT_3D ( 'NONE', #980, #779, #383 ) ;
#381 = COLOUR_RGB ( '',0.6156862745098039547, 0.6431372549019607199, 0.6745098039215686736 ) ;
#382 = DIRECTION ( 'NONE',  ( -1.000000000000000000, -4.517509052022936456E-16, 0.0000000000000000000 ) ) ;
#383 = DIRECTION ( 'NONE',  ( 1.000000000000000000, -7.664866088101773825E-38, 0.0000000000000000000 ) ) ;
#384 = CIRCLE ( 'NONE', #614, 0.2999999999999997113 ) ;
#385 = STYLED_ITEM ( 'NONE', ( #969 ), #966 ) ;
#386 = ORIENTED_EDGE ( 'NONE', *, *, #72, .T. ) ;
#387 = PRESENTATION_STYLE_ASSIGNMENT (( #1197 ) ) ;
#388 = FILL_AREA_STYLE ('',( #981 ) ) ;
#389 = DIRECTION ( 'NONE',  ( -0.0000000000000000000, 1.000000000000000000, -0.0000000000000000000 ) ) ;
#390 = ORIENTED_EDGE ( 'NONE', *, *, #765, .T. ) ;
#391 = UNCERTAINTY_MEASURE_WITH_UNIT (LENGTH_MEASURE( 1.000000000000000082E-05 ), #1185, 'distance_accuracy_value', 'NONE');
#392 = PRODUCT ( 'Assy leg', 'Assy leg', '', ( #862 ) ) ;
#393 =( NAMED_UNIT ( * ) PLANE_ANGLE_UNIT ( ) SI_UNIT ( $, .RADIAN. ) );
#394 = DIRECTION ( 'NONE',  ( 1.000000000000000000, -7.664866088101773825E-38, 0.0000000000000000000 ) ) ;
#395 =( LENGTH_UNIT ( ) NAMED_UNIT ( * ) SI_UNIT ( .MILLI., .METRE. ) );
#396 = SHAPE_REPRESENTATION ( 'Part TSSOP16', ( #974 ), #341 ) ;
#397 = EDGE_CURVE ( 'NONE', #1060, #1317, #1285, .T. ) ;
#398 = SURFACE_SIDE_STYLE ('',( #892 ) ) ;
#399 = PLANE ( 'NONE',  #994 ) ;
#400 = VECTOR ( 'NONE', #349, 1000.000000000000000 ) ;
#401 = VECTOR ( 'NONE', #955, 1000.000000000000000 ) ;
#402 = APPLICATION_CONTEXT ( 'automotive_design' ) ;
#403 = CARTESIAN_POINT ( 'NONE',  ( 0.5799999999999999600, 0.2799999999999999156, -0.1300000000000000044 ) ) ;
#404 = VECTOR ( 'NONE', #1095, 1000.000000000000000 ) ;
#405 = DIRECTION ( 'NONE',  ( 1.000000000000000000, 0.0000000000000000000, 0.0000000000000000000 ) ) ;
#406 = AXIS2_PLACEMENT_3D ( 'NONE', #692, #272, #394 ) ;
#407 = MECHANICAL_DESIGN_GEOMETRIC_PRESENTATION_REPRESENTATION (  '', ( #1294 ), #1110 ) ;
#408 = AXIS2_PLACEMENT_3D ( 'NONE', #45, #65, #370 ) ;
#409 = FACE_BOUND ( 'NONE', #1150, .T. ) ;
#410 = DIRECTION ( 'NONE',  ( 0.0000000000000000000, -1.000000000000000000, 0.0000000000000000000 ) ) ;
#411 = ADVANCED_FACE ( 'N', ( #547 ), #57, .T. ) ;
#412 = DIRECTION ( 'NONE',  ( 0.0000000000000000000, 0.0000000000000000000, 1.000000000000000000 ) ) ;
#413 = FILL_AREA_STYLE ('',( #1137 ) ) ;
#414 = FILL_AREA_STYLE ('',( #25 ) ) ;
#415 = EDGE_LOOP ( 'NONE', ( #573, #1238, #1263, #902 ) ) ;
#416 = ADVANCED_FACE ( 'NONE', ( #1319 ), #992, .T. ) ;
#417 = CARTESIAN_POINT ( 'NONE',  ( -2.200000000000000178, -5.187987007218263632E-29, 0.3250000000000000666 ) ) ;
#418 = DIRECTION ( 'NONE',  ( -0.0000000000000000000, -0.0000000000000000000, -1.000000000000000000 ) ) ;
#419 = CARTESIAN_POINT ( 'NONE',  ( 1.499999999999999556, 1.150000000000000133, 2.099999999999999645 ) ) ;
#420 = CARTESIAN_POINT ( 'NONE',  ( 1.079465553329916114E-16, 0.6999999999999997335, 0.1300000000000000044 ) ) ;
#421 = PRESENTATION_STYLE_ASSIGNMENT (( #513 ) ) ;
#422 = ORIENTED_EDGE ( 'NONE', *, *, #846, .F. ) ;
#423 = DIRECTION ( 'NONE',  ( 0.0000000000000000000, 0.0000000000000000000, 1.000000000000000000 ) ) ;
#424 = VECTOR ( 'NONE', #1089, 1000.000000000000000 ) ;
#425 = ADVANCED_FACE ( 'NONE', ( #789 ), #1083, .F. ) ;
#426 = SURFACE_SIDE_STYLE ('',( #440 ) ) ;
#427 = AXIS2_PLACEMENT_3D ( 'NONE', #205, #818, #534 ) ;
#428 = STYLED_ITEM ( 'NONE', ( #139 ), #644 ) ;
#429 = CARTESIAN_POINT ( 'NONE',  ( 1.084202172485504434E-16, 0.4200000000000000400, -0.1300000000000000044 ) ) ;
#430 = CARTESIAN_POINT ( 'NONE',  ( 0.3000000000000001554, 0.6999999999999999556, -0.1300000000000000044 ) ) ;
#431 = EDGE_LOOP ( 'NONE', ( #438, #559, #350, #566 ) ) ;
#432 = CARTESIAN_POINT ( 'NONE',  ( 0.0000000000000000000, -4.872602759299706708E-29, 0.6500000000000001332 ) ) ;
#433 = SURFACE_STYLE_FILL_AREA ( #107 ) ;
#434 =( LENGTH_UNIT ( ) NAMED_UNIT ( * ) SI_UNIT ( .MILLI., .METRE. ) );
#435 = EDGE_CURVE ( 'NONE', #771, #510, #69, .T. ) ;
#436 = LINE ( 'NONE', #1260, #143 ) ;
#437 = PLANE ( 'NONE',  #575 ) ;
#438 = ORIENTED_EDGE ( 'NONE', *, *, #87, .F. ) ;
#439 = SHAPE_DEFINITION_REPRESENTATION ( #257, #943 ) ;
#440 = SURFACE_STYLE_FILL_AREA ( #606 ) ;
#441 = LINE ( 'NONE', #750, #1248 ) ;
#442 =( LENGTH_UNIT ( ) NAMED_UNIT ( * ) SI_UNIT ( .MILLI., .METRE. ) );
#443 = ORIENTED_EDGE ( 'NONE', *, *, #624, .F. ) ;
#444 = CONTEXT_DEPENDENT_SHAPE_REPRESENTATION ( #674, #530 ) ;
#445 = PRESENTATION_LAYER_ASSIGNMENT (  '', '', ( #716 ) ) ;
#446 = STYLED_ITEM ( 'NONE', ( #1168 ), #360 ) ;
#447 =( NAMED_UNIT ( * ) SI_UNIT ( $, .STERADIAN. ) SOLID_ANGLE_UNIT ( ) );
#448 = PRESENTATION_LAYER_ASSIGNMENT (  '', '', ( #1200 ) ) ;
#449 = DIRECTION ( 'NONE',  ( -1.000000000000000000, 0.0000000000000000000, 0.0000000000000000000 ) ) ;
#450 =( GEOMETRIC_REPRESENTATION_CONTEXT ( 3 ) GLOBAL_UNCERTAINTY_ASSIGNED_CONTEXT ( ( #1303 ) ) GLOBAL_UNIT_ASSIGNED_CONTEXT ( ( #442, #908, #855 ) ) REPRESENTATION_CONTEXT ( 'NONE', 'WORKASPACE' ) );
#451 = CARTESIAN_POINT ( 'NONE',  ( 0.4000000000000000777, 0.4200000000000000400, -0.1300000000000000044 ) ) ;
#452 = PRODUCT_DEFINITION_FORMATION_WITH_SPECIFIED_SOURCE ( 'ANY', '', #392, .NOT_KNOWN. ) ;
#453 = EDGE_LOOP ( 'NONE', ( #303, #281, #129, #1165 ) ) ;
#454 = COLOUR_RGB ( '',0.6156862745098039547, 0.6431372549019607199, 0.6745098039215686736 ) ;
#455 = EDGE_CURVE ( 'NONE', #588, #23, #1211, .T. ) ;
#456 = DIRECTION ( 'NONE',  ( 0.0000000000000000000, -1.000000000000000000, 0.0000000000000000000 ) ) ;
#457 =( NAMED_UNIT ( * ) SI_UNIT ( $, .STERADIAN. ) SOLID_ANGLE_UNIT ( ) );
#458 = EDGE_LOOP ( 'NONE', ( #681, #386, #358, #36 ) ) ;
#459 = ITEM_DEFINED_TRANSFORMATION ( 'NONE', 'NONE', #15,  #974 ) ;
#460 = UNCERTAINTY_MEASURE_WITH_UNIT (LENGTH_MEASURE( 1.000000000000000082E-05 ), #872, 'distance_accuracy_value', 'NONE');
#461 = ORIENTED_EDGE ( 'NONE', *, *, #1097, .F. ) ;
#462 = APPLICATION_PROTOCOL_DEFINITION ( 'draft international standard', 'automotive_design', 1998, #375 ) ;
#463 = DIRECTION ( 'NONE',  ( 0.0000000000000000000, -0.0000000000000000000, -1.000000000000000000 ) ) ;
#464 = FILL_AREA_STYLE_COLOUR ( '', #165 ) ;
#465 = COLOUR_RGB ( '',0.3529411764705882026, 0.3529411764705882026, 0.3529411764705882026 ) ;
#466 = MECHANICAL_DESIGN_GEOMETRIC_PRESENTATION_REPRESENTATION (  '', ( #1200 ), #634 ) ;
#467 = SURFACE_STYLE_USAGE ( .BOTH. , #578 ) ;
#468 = ORIENTED_EDGE ( 'NONE', *, *, #1308, .F. ) ;
#469 = STYLED_ITEM ( 'NONE', ( #260 ), #669 ) ;
#470 = PRESENTATION_LAYER_ASSIGNMENT (  '', '', ( #637 ) ) ;
#471 =( NAMED_UNIT ( * ) PLANE_ANGLE_UNIT ( ) SI_UNIT ( $, .RADIAN. ) );
#472 =( REPRESENTATION_RELATIONSHIP ('NONE','NONE', #943, #532 ) REPRESENTATION_RELATIONSHIP_WITH_TRANSFORMATION ( #1304 )SHAPE_REPRESENTATION_RELATIONSHIP( ) );
#473 = SURFACE_STYLE_FILL_AREA ( #963 ) ;
#474 = DIRECTION ( 'NONE',  ( 1.000000000000000000, 0.0000000000000000000, -0.0000000000000000000 ) ) ;
#475 = VERTEX_POINT ( 'NONE', #295 ) ;
#476 = CARTESIAN_POINT ( 'NONE',  ( -2.200000000000000622, 1.200000000000000178, 2.499999999999999556 ) ) ;
#477 = SURFACE_STYLE_USAGE ( .BOTH. , #791 ) ;
#478 = ORIENTED_EDGE ( 'NONE', *, *, #1232, .T. ) ;
#479 = DIRECTION ( 'NONE',  ( 0.0000000000000000000, 0.0000000000000000000, 1.000000000000000000 ) ) ;
#480 = DIRECTION ( 'NONE',  ( -0.0000000000000000000, 0.0000000000000000000, 1.000000000000000000 ) ) ;
#481 = FILL_AREA_STYLE ('',( #495 ) ) ;
#482 = VECTOR ( 'NONE', #1036, 1000.000000000000000 ) ;
#483 = ORIENTED_EDGE ( 'NONE', *, *, #631, .F. ) ;
#484 = CONTEXT_DEPENDENT_SHAPE_REPRESENTATION ( #1065, #641 ) ;
#485 = AXIS2_PLACEMENT_3D ( 'NONE', #215, #1023, #1233 ) ;
#486 = EDGE_CURVE ( 'NONE', #1290, #856, #979, .T. ) ;
#487 =( GEOMETRIC_REPRESENTATION_CONTEXT ( 3 ) GLOBAL_UNCERTAINTY_ASSIGNED_CONTEXT ( ( #497 ) ) GLOBAL_UNIT_ASSIGNED_CONTEXT ( ( #248, #770, #1297 ) ) REPRESENTATION_CONTEXT ( 'NONE', 'WORKASPACE' ) );
#488 = FILL_AREA_STYLE_COLOUR ( '', #678 ) ;
#489 = PRODUCT_DEFINITION_SHAPE ( 'NONE', 'NONE',  #731 ) ;
#490 = VECTOR ( 'NONE', #236, 1000.000000000000000 ) ;
#491 = CARTESIAN_POINT ( 'NONE',  ( 1.000000000000000000, 0.4200000000000000400, -0.1300000000000000044 ) ) ;
#492 = LINE ( 'NONE', #1191, #182 ) ;
#493 = EDGE_CURVE ( 'NONE', #48, #329, #679, .T. ) ;
#494 =( NAMED_UNIT ( * ) PLANE_ANGLE_UNIT ( ) SI_UNIT ( $, .RADIAN. ) );
#495 = FILL_AREA_STYLE_COLOUR ( '', #1021 ) ;
#496 = CARTESIAN_POINT ( 'NONE',  ( 2.199999999999999734, 1.200000000000000178, 2.499999999999999556 ) ) ;
#497 = UNCERTAINTY_MEASURE_WITH_UNIT (LENGTH_MEASURE( 1.000000000000000082E-05 ), #248, 'distance_accuracy_value', 'NONE');
#498 = DIRECTION ( 'NONE',  ( 1.000000000000000000, -0.0000000000000000000, 0.0000000000000000000 ) ) ;
#499 = DIRECTION ( 'NONE',  ( 1.000000000000000000, 0.0000000000000000000, 0.0000000000000000000 ) ) ;
#500 = EDGE_CURVE ( 'NONE', #1231, #510, #164, .T. ) ;
#501 = DIRECTION ( 'NONE',  ( -1.000000000000000000, -0.0000000000000000000, -0.0000000000000000000 ) ) ;
#502 = FILL_AREA_STYLE ('',( #1117 ) ) ;
#503 = STYLED_ITEM ( 'NONE', ( #306 ), #326 ) ;
#504 = PRESENTATION_LAYER_ASSIGNMENT (  '', '', ( #592 ) ) ;
#505 =( NAMED_UNIT ( * ) SI_UNIT ( $, .STERADIAN. ) SOLID_ANGLE_UNIT ( ) );
#506 = COLOUR_RGB ( '',0.6156862745098039547, 0.6431372549019607199, 0.6745098039215686736 ) ;
#507 = ADVANCED_FACE ( 'N', ( #1148 ), #598, .T. ) ;
#508 =( LENGTH_UNIT ( ) NAMED_UNIT ( * ) SI_UNIT ( .MILLI., .METRE. ) );
#509 =( REPRESENTATION_RELATIONSHIP ('NONE','NONE', #943, #532 ) REPRESENTATION_RELATIONSHIP_WITH_TRANSFORMATION ( #62 )SHAPE_REPRESENTATION_RELATIONSHIP( ) );
#510 = VERTEX_POINT ( 'NONE', #1031 ) ;
#511 = CARTESIAN_POINT ( 'NONE',  ( -2.200000000000000622, 1.200000000000000178, 2.499999999999999556 ) ) ;
#512 = FILL_AREA_STYLE ('',( #938 ) ) ;
#513 = SURFACE_STYLE_USAGE ( .BOTH. , #810 ) ;
#514 = PRODUCT_DEFINITION_SHAPE ( 'NONE', 'NONE',  #1339 ) ;
#515 =( LENGTH_UNIT ( ) NAMED_UNIT ( * ) SI_UNIT ( .MILLI., .METRE. ) );
#516 = CARTESIAN_POINT ( 'NONE',  ( 1.069992315018739722E-16, 0.6999999999999997335, -0.1300000000000000044 ) ) ;
#517 = UNCERTAINTY_MEASURE_WITH_UNIT (LENGTH_MEASURE( 1.000000000000000082E-05 ), #339, 'distance_accuracy_value', 'NONE');
#518 =( LENGTH_UNIT ( ) NAMED_UNIT ( * ) SI_UNIT ( .MILLI., .METRE. ) );
#519 = ORIENTED_EDGE ( 'NONE', *, *, #226, .T. ) ;
#520 =( GEOMETRIC_REPRESENTATION_CONTEXT ( 3 ) GLOBAL_UNCERTAINTY_ASSIGNED_CONTEXT ( ( #1192 ) ) GLOBAL_UNIT_ASSIGNED_CONTEXT ( ( #703, #924, #6 ) ) REPRESENTATION_CONTEXT ( 'NONE', 'WORKASPACE' ) );
#521 = EDGE_CURVE ( 'NONE', #795, #948, #1041, .T. ) ;
#522 =( LENGTH_UNIT ( ) NAMED_UNIT ( * ) SI_UNIT ( .MILLI., .METRE. ) );
#523 = AXIS2_PLACEMENT_3D ( 'NONE', #1064, #557, #264 ) ;
#524 = SURFACE_STYLE_FILL_AREA ( #917 ) ;
#525 = PRESENTATION_STYLE_ASSIGNMENT (( #1028 ) ) ;
#526 = AXIS2_PLACEMENT_3D ( 'NONE', #919, #389, #1093 ) ;
#527 = AXIS2_PLACEMENT_3D ( 'NONE', #369, #75, #1274 ) ;
#528 = COLOUR_RGB ( '',0.3529411764705882026, 0.3529411764705882026, 0.3529411764705882026 ) ;
#529 = SURFACE_SIDE_STYLE ('',( #639 ) ) ;
#530 = PRODUCT_DEFINITION_SHAPE ( 'NONE', 'NONE',  #1327 ) ;
#531 = SURFACE_STYLE_USAGE ( .BOTH. , #728 ) ;
#532 = SHAPE_REPRESENTATION ( 'leg', ( #974 ), #719 ) ;
#533 = ORIENTED_EDGE ( 'NONE', *, *, #521, .T. ) ;
#534 = DIRECTION ( 'NONE',  ( 1.000000000000000000, 0.0000000000000000000, 0.0000000000000000000 ) ) ;
#535 =( NAMED_UNIT ( * ) SI_UNIT ( $, .STERADIAN. ) SOLID_ANGLE_UNIT ( ) );
#536 = PLANE ( 'NONE',  #552 ) ;
#537 =( REPRESENTATION_RELATIONSHIP ('NONE','NONE', #943, #532 ) REPRESENTATION_RELATIONSHIP_WITH_TRANSFORMATION ( #1002 )SHAPE_REPRESENTATION_RELATIONSHIP( ) );
#538 = UNCERTAINTY_MEASURE_WITH_UNIT (LENGTH_MEASURE( 1.000000000000000082E-05 ), #434, 'distance_accuracy_value', 'NONE');
#539 = EDGE_LOOP ( 'NONE', ( #1094, #335, #734, #579 ) ) ;
#540 = ITEM_DEFINED_TRANSFORMATION ( 'NONE', 'NONE', #40,  #974 ) ;
#541 = FILL_AREA_STYLE ('',( #864 ) ) ;
#542 = DIRECTION ( 'NONE',  ( 0.0000000000000000000, 0.0000000000000000000, -1.000000000000000000 ) ) ;
#543 = ADVANCED_FACE ( 'NONE', ( #133 ), #437, .T. ) ;
#544 = LINE ( 'NONE', #840, #258 ) ;
#545 = ORIENTED_EDGE ( 'NONE', *, *, #765, .F. ) ;
#546 = APPLICATION_PROTOCOL_DEFINITION ( 'draft international standard', 'automotive_design', 1998, #1111 ) ;
#547 = FACE_OUTER_BOUND ( 'NONE', #833, .T. ) ;
#548 = MECHANICAL_DESIGN_GEOMETRIC_PRESENTATION_REPRESENTATION (  '', ( #273 ), #520 ) ;
#549 = DIRECTION ( 'NONE',  ( -0.0000000000000000000, 1.000000000000000000, -0.0000000000000000000 ) ) ;
#550 = CIRCLE ( 'NONE', #1178, 0.1000000000000000472 ) ;
#551 = EDGE_CURVE ( 'NONE', #1075, #1091, #544, .T. ) ;
#552 = AXIS2_PLACEMENT_3D ( 'NONE', #156, #1077, #664 ) ;
#553 = EDGE_LOOP ( 'NONE', ( #965, #760, #1048, #888 ) ) ;
#554 = VECTOR ( 'NONE', #906, 1000.000000000000000 ) ;
#555 = UNCERTAINTY_MEASURE_WITH_UNIT (LENGTH_MEASURE( 1.000000000000000082E-05 ), #515, 'distance_accuracy_value', 'NONE');
#556 = PRODUCT_CONTEXT ( 'NONE', #240, 'mechanical' ) ;
#557 = DIRECTION ( 'NONE',  ( 0.0000000000000000000, 0.0000000000000000000, 1.000000000000000000 ) ) ;
#558 = DIRECTION ( 'NONE',  ( 0.0000000000000000000, 0.0000000000000000000, 1.000000000000000000 ) ) ;
#559 = ORIENTED_EDGE ( 'NONE', *, *, #583, .F. ) ;
#560 = CONTEXT_DEPENDENT_SHAPE_REPRESENTATION ( #12, #44 ) ;
#561 = EDGE_CURVE ( 'NONE', #510, #1231, #384, .T. ) ;
#562 =( LENGTH_UNIT ( ) NAMED_UNIT ( * ) SI_UNIT ( .MILLI., .METRE. ) );
#563 = APPLICATION_CONTEXT ( 'automotive_design' ) ;
#564 = CARTESIAN_POINT ( 'NONE',  ( -2.200000000000000622, 0.1000000000000000056, -2.500000000000000444 ) ) ;
#565 = DIRECTION ( 'NONE',  ( 1.000000000000000000, 1.694065894508600925E-16, -0.0000000000000000000 ) ) ;
#566 = ORIENTED_EDGE ( 'NONE', *, *, #889, .F. ) ;
#567 = CARTESIAN_POINT ( 'NONE',  ( 0.6800000000000000488, 0.2799999999999999156, 0.1300000000000000044 ) ) ;
#568 = MECHANICAL_DESIGN_GEOMETRIC_PRESENTATION_REPRESENTATION (  '', ( #1128 ), #1268 ) ;
#569 = DIRECTION ( 'NONE',  ( 0.0000000000000000000, -1.000000000000000000, -0.0000000000000000000 ) ) ;
#570 = MECHANICAL_DESIGN_GEOMETRIC_PRESENTATION_REPRESENTATION (  '', ( #185 ), #1063 ) ;
#571 = VECTOR ( 'NONE', #1218, 1000.000000000000000 ) ;
#572 = FACE_OUTER_BOUND ( 'NONE', #1069, .T. ) ;
#573 = ORIENTED_EDGE ( 'NONE', *, *, #92, .F. ) ;
#574 = AXIS2_PLACEMENT_3D ( 'NONE', #905, #886, #790 ) ;
#575 = AXIS2_PLACEMENT_3D ( 'NONE', #451, #1112, #1039 ) ;
#576 = PRODUCT_DEFINITION_FORMATION_WITH_SPECIFIED_SOURCE ( 'ANY', '', #690, .NOT_KNOWN. ) ;
#577 = DIRECTION ( 'NONE',  ( 0.0000000000000000000, 0.0000000000000000000, -1.000000000000000000 ) ) ;
#578 = SURFACE_SIDE_STYLE ('',( #964 ) ) ;
#579 = ORIENTED_EDGE ( 'NONE', *, *, #817, .F. ) ;
#580 = PRESENTATION_STYLE_ASSIGNMENT (( #1101 ) ) ;
#581 = DIRECTION ( 'NONE',  ( 0.0000000000000000000, 0.0000000000000000000, 1.000000000000000000 ) ) ;
#582 = CYLINDRICAL_SURFACE ( 'NONE', #824, 0.09999999999999993616 ) ;
#583 = EDGE_CURVE ( 'NONE', #274, #597, #194, .T. ) ;
#584 = ORIENTED_EDGE ( 'NONE', *, *, #604, .T. ) ;
#585 = DIRECTION ( 'NONE',  ( 0.0000000000000000000, 0.0000000000000000000, 1.000000000000000000 ) ) ;
#586 = CARTESIAN_POINT ( 'NONE',  ( -2.200000000000000622, 1.200000000000000178, 2.499999999999999556 ) ) ;
#587 = FILL_AREA_STYLE ('',( #1106 ) ) ;
#588 = VERTEX_POINT ( 'NONE', #403 ) ;
#589 = ADVANCED_FACE ( 'NONE', ( #54 ), #867, .T. ) ;
#590 = COLOUR_RGB ( '',0.7921568627450980005, 0.8196078431372548767, 0.9333333333333333481 ) ;
#591 =( GEOMETRIC_REPRESENTATION_CONTEXT ( 3 ) GLOBAL_UNCERTAINTY_ASSIGNED_CONTEXT ( ( #1030 ) ) GLOBAL_UNIT_ASSIGNED_CONTEXT ( ( #522, #199, #926 ) ) REPRESENTATION_CONTEXT ( 'NONE', 'WORKASPACE' ) );
#592 = STYLED_ITEM ( 'NONE', ( #1215 ), #667 ) ;
#593 =( LENGTH_UNIT ( ) NAMED_UNIT ( * ) SI_UNIT ( .MILLI., .METRE. ) );
#594 = PRODUCT_DEFINITION_SHAPE ( 'NONE', 'NONE',  #1280 ) ;
#595 = AXIS2_PLACEMENT_3D ( 'NONE', #694, #596, #989 ) ;
#596 = DIRECTION ( 'NONE',  ( 0.0000000000000000000, -1.000000000000000000, 0.0000000000000000000 ) ) ;
#597 = VERTEX_POINT ( 'NONE', #59 ) ;
#598 = PLANE ( 'NONE',  #1273 ) ;
#599 = EDGE_CURVE ( 'NONE', #1186, #48, #357, .T. ) ;
#600 = DIRECTION ( 'NONE',  ( 0.0000000000000000000, -0.0000000000000000000, -1.000000000000000000 ) ) ;
#601 = CARTESIAN_POINT ( 'NONE',  ( -2.200000000000000622, 1.200000000000000178, -2.500000000000000444 ) ) ;
#602 = VERTEX_POINT ( 'NONE', #254 ) ;
#603 = DIRECTION ( 'NONE',  ( 1.000000000000000000, 0.0000000000000000000, 0.0000000000000000000 ) ) ;
#604 = EDGE_CURVE ( 'NONE', #48, #602, #671, .T. ) ;
#605 = SURFACE_STYLE_USAGE ( .BOTH. , #1234 ) ;
#606 = FILL_AREA_STYLE ('',( #11 ) ) ;
#607 = DIRECTION ( 'NONE',  ( -1.000000000000000000, 0.0000000000000000000, -0.0000000000000000000 ) ) ;
#608 = FILL_AREA_STYLE_COLOUR ( '', #80 ) ;
#609 = VERTEX_POINT ( 'NONE', #660 ) ;
#610 = AXIS2_PLACEMENT_3D ( 'NONE', #81, #898, #177 ) ;
#611 = VECTOR ( 'NONE', #376, 1000.000000000000000 ) ;
#612 = CARTESIAN_POINT ( 'NONE',  ( 0.0000000000000000000, -1.454077108012363069E-28, 1.949999999999999956 ) ) ;
#613 =( GEOMETRIC_REPRESENTATION_CONTEXT ( 3 ) GLOBAL_UNCERTAINTY_ASSIGNED_CONTEXT ( ( #246 ) ) GLOBAL_UNIT_ASSIGNED_CONTEXT ( ( #1212, #942, #620 ) ) REPRESENTATION_CONTEXT ( 'NONE', 'WORKASPACE' ) );
#614 = AXIS2_PLACEMENT_3D ( 'NONE', #629, #1278, #741 ) ;
#615 = LINE ( 'NONE', #729, #762 ) ;
#616 = DIRECTION ( 'NONE',  ( 1.000000000000000000, 0.0000000000000000000, 0.0000000000000000000 ) ) ;
#617 =( NAMED_UNIT ( * ) PLANE_ANGLE_UNIT ( ) SI_UNIT ( $, .RADIAN. ) );
#618 = VECTOR ( 'NONE', #946, 1000.000000000000000 ) ;
#619 = PRODUCT_DEFINITION_CONTEXT ( 'detailed design', #288, 'design' ) ;
#620 =( NAMED_UNIT ( * ) SI_UNIT ( $, .STERADIAN. ) SOLID_ANGLE_UNIT ( ) );
#621 =( LENGTH_UNIT ( ) NAMED_UNIT ( * ) SI_UNIT ( .MILLI., .METRE. ) );
#622 = LINE ( 'NONE', #636, #100 ) ;
#623 = CARTESIAN_POINT ( 'NONE',  ( 2.199999999999999734, 0.1000000000000000056, 2.499999999999999556 ) ) ;
#624 = EDGE_CURVE ( 'NONE', #913, #1209, #1288, .T. ) ;
#625 = ORIENTED_EDGE ( 'NONE', *, *, #828, .F. ) ;
#626 = FILL_AREA_STYLE_COLOUR ( '', #1311 ) ;
#627 =( REPRESENTATION_RELATIONSHIP ('NONE','NONE', #943, #532 ) REPRESENTATION_RELATIONSHIP_WITH_TRANSFORMATION ( #776 )SHAPE_REPRESENTATION_RELATIONSHIP( ) );
#628 = DIRECTION ( 'NONE',  ( -1.000000000000000000, -0.0000000000000000000, -0.0000000000000000000 ) ) ;
#629 = CARTESIAN_POINT ( 'NONE',  ( 1.499999999999999556, 1.200000000000000178, 1.799999999999999822 ) ) ;
#630 = VERTEX_POINT ( 'NONE', #148 ) ;
#631 = EDGE_CURVE ( 'NONE', #329, #1091, #371, .T. ) ;
#632 =( LENGTH_UNIT ( ) NAMED_UNIT ( * ) SI_UNIT ( .MILLI., .METRE. ) );
#633 = COLOUR_RGB ( '',0.6156862745098039547, 0.6431372549019607199, 0.6745098039215686736 ) ;
#634 =( GEOMETRIC_REPRESENTATION_CONTEXT ( 3 ) GLOBAL_UNCERTAINTY_ASSIGNED_CONTEXT ( ( #1146 ) ) GLOBAL_UNIT_ASSIGNED_CONTEXT ( ( #887, #76, #781 ) ) REPRESENTATION_CONTEXT ( 'NONE', 'WORKASPACE' ) );
#635 = CARTESIAN_POINT ( 'NONE',  ( 1.000000000000000000, 0.1799999999999999933, -0.1300000000000000044 ) ) ;
#636 = CARTESIAN_POINT ( 'NONE',  ( 2.199999999999999734, 1.200000000000000178, -2.500000000000000444 ) ) ;
#637 = STYLED_ITEM ( 'NONE', ( #1245 ), #507 ) ;
#638 = AXIS2_PLACEMENT_3D ( 'NONE', #1193, #549, #650 ) ;
#639 = SURFACE_STYLE_FILL_AREA ( #414 ) ;
#640 = STYLED_ITEM ( 'NONE', ( #708 ), #1082 ) ;
#641 = PRODUCT_DEFINITION_SHAPE ( 'NONE', 'NONE',  #1333 ) ;
#642 = DIRECTION ( 'NONE',  ( 1.000000000000000000, 0.0000000000000000000, -0.0000000000000000000 ) ) ;
#643 = ORIENTED_EDGE ( 'NONE', *, *, #183, .T. ) ;
#644 = ADVANCED_FACE ( 'NONE', ( #572 ), #170, .F. ) ;
#645 = CARTESIAN_POINT ( 'NONE',  ( -2.200000000000000622, 0.1000000000000000333, 2.499999999999999556 ) ) ;
#646 =( NAMED_UNIT ( * ) PLANE_ANGLE_UNIT ( ) SI_UNIT ( $, .RADIAN. ) );
#647 = DIRECTION ( 'NONE',  ( 1.000000000000000000, 0.0000000000000000000, 0.0000000000000000000 ) ) ;
#648 = EDGE_LOOP ( 'NONE', ( #1228, #1124, #364, #742 ) ) ;
#649 = SHAPE_DEFINITION_REPRESENTATION ( #594, #804 ) ;
#650 = DIRECTION ( 'NONE',  ( 0.0000000000000000000, 0.0000000000000000000, 1.000000000000000000 ) ) ;
#651 = CARTESIAN_POINT ( 'NONE',  ( 2.199999999999999734, 1.200000000000000178, -2.500000000000000444 ) ) ;
#652 = CARTESIAN_POINT ( 'NONE',  ( 0.5000000000000001110, 0.1000000000000000056, -0.1300000000000000044 ) ) ;
#653 = ORIENTED_EDGE ( 'NONE', *, *, #1155, .T. ) ;
#654 =( NAMED_UNIT ( * ) PLANE_ANGLE_UNIT ( ) SI_UNIT ( $, .RADIAN. ) );
#655 =( NAMED_UNIT ( * ) SI_UNIT ( $, .STERADIAN. ) SOLID_ANGLE_UNIT ( ) );
#656 = PRESENTATION_LAYER_ASSIGNMENT (  '', '', ( #469 ) ) ;
#657 =( NAMED_UNIT ( * ) PLANE_ANGLE_UNIT ( ) SI_UNIT ( $, .RADIAN. ) );
#658 = UNCERTAINTY_MEASURE_WITH_UNIT (LENGTH_MEASURE( 1.000000000000000082E-05 ), #858, 'distance_accuracy_value', 'NONE');
#659 = EDGE_CURVE ( 'NONE', #602, #1290, #983, .T. ) ;
#660 = CARTESIAN_POINT ( 'NONE',  ( 1.000000000000000000, 0.0000000000000000000, -0.1300000000000000044 ) ) ;
#661 = VERTEX_POINT ( 'NONE', #1123 ) ;
#662 = VECTOR ( 'NONE', #131, 1000.000000000000000 ) ;
#663 = SHAPE_DEFINITION_REPRESENTATION ( #489, #717 ) ;
#664 = DIRECTION ( 'NONE',  ( 0.0000000000000000000, 0.0000000000000000000, -1.000000000000000000 ) ) ;
#665 = CARTESIAN_POINT ( 'NONE',  ( -2.200000000000000622, 1.200000000000000178, -2.500000000000000444 ) ) ;
#666 = ORIENTED_EDGE ( 'NONE', *, *, #697, .F. ) ;
#667 = ADVANCED_FACE ( 'NONE', ( #1204 ), #709, .F. ) ;
#668 =( LENGTH_UNIT ( ) NAMED_UNIT ( * ) SI_UNIT ( .MILLI., .METRE. ) );
#669 = ADVANCED_BREP_SHAPE_REPRESENTATION ( '', ( #227, #974 ), #341 ) ;
#670 = SURFACE_SIDE_STYLE ('',( #265 ) ) ;
#671 = LINE ( 'NONE', #66, #38 ) ;
#672 = ORIENTED_EDGE ( 'NONE', *, *, #486, .F. ) ;
#673 = UNCERTAINTY_MEASURE_WITH_UNIT (LENGTH_MEASURE( 1.000000000000000082E-05 ), #342, 'distance_accuracy_value', 'NONE');
#674 =( REPRESENTATION_RELATIONSHIP ('NONE','NONE', #804, #532 ) REPRESENTATION_RELATIONSHIP_WITH_TRANSFORMATION ( #242 )SHAPE_REPRESENTATION_RELATIONSHIP( ) );
#675 = CONTEXT_DEPENDENT_SHAPE_REPRESENTATION ( #809, #235 ) ;
#676 = CARTESIAN_POINT ( 'NONE',  ( 0.0000000000000000000, -9.725946219155541058E-29, 1.300000000000000266 ) ) ;
#677 = COLOUR_RGB ( '',0.1764705882352941013, 0.1764705882352941013, 0.1764705882352941013 ) ;
#678 = COLOUR_RGB ( '',0.6156862745098039547, 0.6431372549019607199, 0.6745098039215686736 ) ;
#679 = CIRCLE ( 'NONE', #1132, 0.1000000000000000472 ) ;
#680 = FILL_AREA_STYLE ('',( #1173 ) ) ;
#681 = ORIENTED_EDGE ( 'NONE', *, *, #846, .T. ) ;
#682 = VECTOR ( 'NONE', #767, 1000.000000000000000 ) ;
#683 = MECHANICAL_DESIGN_GEOMETRIC_PRESENTATION_REPRESENTATION (  '', ( #41 ), #362 ) ;
#684 = DIRECTION ( 'NONE',  ( -0.0000000000000000000, -0.0000000000000000000, -1.000000000000000000 ) ) ;
#685 = SURFACE_STYLE_USAGE ( .BOTH. , #798 ) ;
#686 = DIRECTION ( 'NONE',  ( -0.0000000000000000000, -0.0000000000000000000, -1.000000000000000000 ) ) ;
#687 = EDGE_LOOP ( 'NONE', ( #1298, #1053, #1302, #241 ) ) ;
#688 = SURFACE_STYLE_FILL_AREA ( #1299 ) ;
#689 = LINE ( 'NONE', #93, #379 ) ;
#690 = PRODUCT ( 'User Library-TSSOP16-3', 'User Library-TSSOP16-3', '', ( #1154 ) ) ;
#691 = ORIENTED_EDGE ( 'NONE', *, *, #838, .F. ) ;
#692 = CARTESIAN_POINT ( 'NONE',  ( 0.0000000000000000000, -1.456003037956750305E-28, 1.949999999999999956 ) ) ;
#693 = LINE ( 'NONE', #491, #37 ) ;
#694 = CARTESIAN_POINT ( 'NONE',  ( 2.199999999999999734, 1.200000000000000178, -2.500000000000000444 ) ) ;
#695 = ORIENTED_EDGE ( 'NONE', *, *, #72, .F. ) ;
#696 = APPLICATION_CONTEXT ( 'automotive_design' ) ;
#697 = EDGE_CURVE ( 'NONE', #661, #771, #698, .T. ) ;
#698 = CIRCLE ( 'NONE', #526, 0.2999999999999997113 ) ;
#699 = MECHANICAL_DESIGN_GEOMETRIC_PRESENTATION_REPRESENTATION (  '', ( #786 ), #876 ) ;
#700 =( NAMED_UNIT ( * ) SI_UNIT ( $, .STERADIAN. ) SOLID_ANGLE_UNIT ( ) );
#701 =( NAMED_UNIT ( * ) PLANE_ANGLE_UNIT ( ) SI_UNIT ( $, .RADIAN. ) );
#702 = DIRECTION ( 'NONE',  ( -1.000000000000000000, -0.0000000000000000000, 0.0000000000000000000 ) ) ;
#703 =( LENGTH_UNIT ( ) NAMED_UNIT ( * ) SI_UNIT ( .MILLI., .METRE. ) );
#704 = ORIENTED_EDGE ( 'NONE', *, *, #8, .F. ) ;
#705 = ADVANCED_FACE ( 'NONE', ( #1010, #409 ), #290, .F. ) ;
#706 = CARTESIAN_POINT ( 'NONE',  ( 0.0000000000000000000, 0.0000000000000000000, 0.0000000000000000000 ) ) ;
#707 = FACE_OUTER_BOUND ( 'NONE', #648, .T. ) ;
#708 = PRESENTATION_STYLE_ASSIGNMENT (( #477 ) ) ;
#709 = PLANE ( 'NONE',  #1105 ) ;
#710 = FACE_OUTER_BOUND ( 'NONE', #415, .T. ) ;
#711 = ORIENTED_EDGE ( 'NONE', *, *, #1058, .T. ) ;
#712 = DIRECTION ( 'NONE',  ( -1.000000000000000000, 5.947369027232455084E-16, -2.168404344971006701E-19 ) ) ;
#713 = SURFACE_SIDE_STYLE ('',( #1043 ) ) ;
#714 = FACE_OUTER_BOUND ( 'NONE', #373, .T. ) ;
#715 = LINE ( 'NONE', #430, #1220 ) ;
#716 = STYLED_ITEM ( 'NONE', ( #98 ), #227 ) ;
#717 = SHAPE_REPRESENTATION ( 'User Library-TSSOP16-3', ( #527, #40, #1202, #298 ), #958 ) ;
#718 = COLOUR_RGB ( '',0.6156862745098039547, 0.6431372549019607199, 0.6745098039215686736 ) ;
#719 =( GEOMETRIC_REPRESENTATION_CONTEXT ( 3 ) GLOBAL_UNCERTAINTY_ASSIGNED_CONTEXT ( ( #1046 ) ) GLOBAL_UNIT_ASSIGNED_CONTEXT ( ( #1163, #145, #993 ) ) REPRESENTATION_CONTEXT ( 'NONE', 'WORKASPACE' ) );
#720 = UNCERTAINTY_MEASURE_WITH_UNIT (LENGTH_MEASURE( 1.000000000000000082E-05 ), #901, 'distance_accuracy_value', 'NONE');
#721 = PRESENTATION_STYLE_ASSIGNMENT (( #216 ) ) ;
#722 = CARTESIAN_POINT ( 'NONE',  ( 7.228014483236695816E-17, 0.5199999999999996847, -0.1300000000000000044 ) ) ;
#723 = EDGE_CURVE ( 'NONE', #475, #609, #77, .T. ) ;
#724 = PRODUCT_DEFINITION_SHAPE ( 'NONE', 'NONE',  #1328 ) ;
#725 =( NAMED_UNIT ( * ) SI_UNIT ( $, .STERADIAN. ) SOLID_ANGLE_UNIT ( ) );
#726 = CARTESIAN_POINT ( 'NONE',  ( 0.5000000000000001110, 0.0000000000000000000, -0.1300000000000000044 ) ) ;
#727 = UNCERTAINTY_MEASURE_WITH_UNIT (LENGTH_MEASURE( 1.000000000000000082E-05 ), #1057, 'distance_accuracy_value', 'NONE');
#728 = SURFACE_SIDE_STYLE ('',( #113 ) ) ;
#729 = CARTESIAN_POINT ( 'NONE',  ( -2.200000000000000622, 1.200000000000000178, -2.500000000000000444 ) ) ;
#730 = PLANE ( 'NONE',  #163 ) ;
#731 = PRODUCT_DEFINITION ( 'UNKNOWN', '', #576, #147 ) ;
#732 = PRESENTATION_STYLE_ASSIGNMENT (( #127 ) ) ;
#733 = CARTESIAN_POINT ( 'NONE',  ( 0.5799999999999999600, 0.5999999999999999778, -0.1300000000000000044 ) ) ;
#734 = ORIENTED_EDGE ( 'NONE', *, *, #253, .T. ) ;
#735 = DIRECTION ( 'NONE',  ( 1.000000000000000000, 0.0000000000000000000, 0.0000000000000000000 ) ) ;
#736 = UNCERTAINTY_MEASURE_WITH_UNIT (LENGTH_MEASURE( 1.000000000000000082E-05 ), #621, 'distance_accuracy_value', 'NONE');
#737 = DIRECTION ( 'NONE',  ( 0.0000000000000000000, 0.0000000000000000000, 1.000000000000000000 ) ) ;
#738 = FILL_AREA_STYLE ('',( #626 ) ) ;
#739 = DIRECTION ( 'NONE',  ( -0.0000000000000000000, -0.0000000000000000000, -1.000000000000000000 ) ) ;
#740 = CARTESIAN_POINT ( 'NONE',  ( 0.0000000000000000000, 0.5199999999999996847, -0.1300000000000000044 ) ) ;
#741 = DIRECTION ( 'NONE',  ( 0.0000000000000000000, 0.0000000000000000000, 1.000000000000000000 ) ) ;
#742 = ORIENTED_EDGE ( 'NONE', *, *, #889, .T. ) ;
#743 = CONTEXT_DEPENDENT_SHAPE_REPRESENTATION ( #970, #724 ) ;
#744 = APPLICATION_CONTEXT ( 'automotive_design' ) ;
#745 = COLOUR_RGB ( '',0.6156862745098039547, 0.6431372549019607199, 0.6745098039215686736 ) ;
#746 = DIRECTION ( 'NONE',  ( 0.0000000000000000000, 0.0000000000000000000, 1.000000000000000000 ) ) ;
#747 = AXIS2_PLACEMENT_3D ( 'NONE', #652, #558, #1068 ) ;
#748 =( GEOMETRIC_REPRESENTATION_CONTEXT ( 3 ) GLOBAL_UNCERTAINTY_ASSIGNED_CONTEXT ( ( #228 ) ) GLOBAL_UNIT_ASSIGNED_CONTEXT ( ( #562, #1071, #535 ) ) REPRESENTATION_CONTEXT ( 'NONE', 'WORKASPACE' ) );
#749 = MECHANICAL_DESIGN_GEOMETRIC_PRESENTATION_REPRESENTATION (  '', ( #385 ), #976 ) ;
#750 = CARTESIAN_POINT ( 'NONE',  ( 0.4800000000000000933, 0.6999999999999999556, -0.1300000000000000044 ) ) ;
#751 =( NAMED_UNIT ( * ) PLANE_ANGLE_UNIT ( ) SI_UNIT ( $, .RADIAN. ) );
#752 = EDGE_LOOP ( 'NONE', ( #768, #17, #154, #123 ) ) ;
#753 = PRODUCT_DEFINITION ( 'UNKNOWN', '', #452, #309 ) ;
#754 = ITEM_DEFINED_TRANSFORMATION ( 'NONE', 'NONE', #427,  #974 ) ;
#755 = CARTESIAN_POINT ( 'NONE',  ( -2.200000000000000622, 1.200000000000000178, -2.500000000000000444 ) ) ;
#756 = SURFACE_SIDE_STYLE ('',( #46 ) ) ;
#757 = ORIENTED_EDGE ( 'NONE', *, *, #838, .T. ) ;
#758 = FACE_OUTER_BOUND ( 'NONE', #539, .T. ) ;
#759 = DIRECTION ( 'NONE',  ( 1.000000000000000000, 0.0000000000000000000, -0.0000000000000000000 ) ) ;
#760 = ORIENTED_EDGE ( 'NONE', *, *, #863, .F. ) ;
#761 = CONTEXT_DEPENDENT_SHAPE_REPRESENTATION ( #99, #1147 ) ;
#762 = VECTOR ( 'NONE', #1014, 1000.000000000000000 ) ;
#763 =( NAMED_UNIT ( * ) PLANE_ANGLE_UNIT ( ) SI_UNIT ( $, .RADIAN. ) );
#764 = AXIS2_PLACEMENT_3D ( 'NONE', #96, #142, #1042 ) ;
#765 = EDGE_CURVE ( 'NONE', #1134, #1284, #1136, .T. ) ;
#766 = PRESENTATION_LAYER_ASSIGNMENT (  '', '', ( #1223 ) ) ;
#767 = DIRECTION ( 'NONE',  ( 0.0000000000000000000, -1.000000000000000000, -0.0000000000000000000 ) ) ;
#768 = ORIENTED_EDGE ( 'NONE', *, *, #817, .T. ) ;
#769 =( NAMED_UNIT ( * ) PLANE_ANGLE_UNIT ( ) SI_UNIT ( $, .RADIAN. ) );
#770 =( NAMED_UNIT ( * ) PLANE_ANGLE_UNIT ( ) SI_UNIT ( $, .RADIAN. ) );
#771 = VERTEX_POINT ( 'NONE', #198 ) ;
#772 = ITEM_DEFINED_TRANSFORMATION ( 'NONE', 'NONE', #807,  #974 ) ;
#773 = PRESENTATION_STYLE_ASSIGNMENT (( #52 ) ) ;
#774 = SURFACE_STYLE_USAGE ( .BOTH. , #1079 ) ;
#775 = EDGE_LOOP ( 'NONE', ( #346, #233, #999, #171, #972, #214, #691, #483, #7, #67, #841, #695 ) ) ;
#776 = ITEM_DEFINED_TRANSFORMATION ( 'NONE', 'NONE', #1222,  #974 ) ;
#777 = EDGE_CURVE ( 'NONE', #181, #1007, #299, .T. ) ;
#778 = DIRECTION ( 'NONE',  ( 5.944401750104109126E-16, 1.000000000000000000, -0.0000000000000000000 ) ) ;
#779 = DIRECTION ( 'NONE',  ( 0.0000000000000000000, 0.0000000000000000000, 1.000000000000000000 ) ) ;
#780 = PRESENTATION_LAYER_ASSIGNMENT (  '', '', ( #953 ) ) ;
#781 =( NAMED_UNIT ( * ) SI_UNIT ( $, .STERADIAN. ) SOLID_ANGLE_UNIT ( ) );
#782 = COLOUR_RGB ( '',0.7529411764705882248, 0.7529411764705882248, 0.7529411764705882248 ) ;
#783 = ORIENTED_EDGE ( 'NONE', *, *, #1184, .F. ) ;
#784 = AXIS2_PLACEMENT_3D ( 'NONE', #676, #374, #1199 ) ;
#785 = PRESENTATION_LAYER_ASSIGNMENT (  '', '', ( #1135 ) ) ;
#786 = STYLED_ITEM ( 'NONE', ( #732 ), #945 ) ;
#787 =( NAMED_UNIT ( * ) SI_UNIT ( $, .STERADIAN. ) SOLID_ANGLE_UNIT ( ) );
#788 = EDGE_LOOP ( 'NONE', ( #74, #28, #868, #390 ) ) ;
#789 = FACE_OUTER_BOUND ( 'NONE', #1216, .T. ) ;
#790 = DIRECTION ( 'NONE',  ( 1.000000000000000000, 0.0000000000000000000, 0.0000000000000000000 ) ) ;
#791 = SURFACE_SIDE_STYLE ('',( #995 ) ) ;
#792 = EDGE_CURVE ( 'NONE', #1209, #1134, #1116, .T. ) ;
#793 = PRODUCT ( 'Assy leg', 'Assy leg', '', ( #849 ) ) ;
#794 = PRESENTATION_STYLE_ASSIGNMENT (( #377 ) ) ;
#795 = VERTEX_POINT ( 'NONE', #13 ) ;
#796 = CONTEXT_DEPENDENT_SHAPE_REPRESENTATION ( #1012, #514 ) ;
#797 = CARTESIAN_POINT ( 'NONE',  ( 0.5799999999999999600, 0.4200000000000000400, -0.1300000000000000044 ) ) ;
#798 = SURFACE_SIDE_STYLE ('',( #1008 ) ) ;
#799 = CARTESIAN_POINT ( 'NONE',  ( -2.200000000000000622, 0.1000000000000000333, -2.500000000000000444 ) ) ;
#800 = PRODUCT_RELATED_PRODUCT_CATEGORY ( 'part', '', ( #690 ) ) ;
#801 = CARTESIAN_POINT ( 'NONE',  ( 0.5000000000000001110, 0.0000000000000000000, 0.1300000000000000044 ) ) ;
#802 = PRESENTATION_LAYER_ASSIGNMENT (  '', '', ( #185 ) ) ;
#803 = CARTESIAN_POINT ( 'NONE',  ( 1.084202172485504434E-16, 0.6999999999999997335, -0.1300000000000000044 ) ) ;
#804 = SHAPE_REPRESENTATION ( 'Assy leg', ( #485, #764, #1244, #998, #427, #15, #189, #934, #807 ), #591 ) ;
#805 = VECTOR ( 'NONE', #243, 1000.000000000000000 ) ;
#806 = VECTOR ( 'NONE', #498, 1000.000000000000000 ) ;
#807 = AXIS2_PLACEMENT_3D ( 'NONE', #321, #1229, #19 ) ;
#808 = SURFACE_SIDE_STYLE ('',( #71 ) ) ;
#809 =( REPRESENTATION_RELATIONSHIP ('NONE','NONE', #804, #532 ) REPRESENTATION_RELATIONSHIP_WITH_TRANSFORMATION ( #1281 )SHAPE_REPRESENTATION_RELATIONSHIP( ) );
#810 = SURFACE_SIDE_STYLE ('',( #1139 ) ) ;
#811 = ORIENTED_EDGE ( 'NONE', *, *, #1003, .F. ) ;
#812 = DIRECTION ( 'NONE',  ( 1.000000000000000000, 0.0000000000000000000, 0.0000000000000000000 ) ) ;
#813 = DIRECTION ( 'NONE',  ( -0.0000000000000000000, 1.000000000000000000, -0.0000000000000000000 ) ) ;
#814 = DIRECTION ( 'NONE',  ( 1.000000000000000000, 0.0000000000000000000, 0.0000000000000000000 ) ) ;
#815 = UNCERTAINTY_MEASURE_WITH_UNIT (LENGTH_MEASURE( 1.000000000000000082E-05 ), #178, 'distance_accuracy_value', 'NONE');
#816 = VERTEX_POINT ( 'NONE', #1158 ) ;
#817 = EDGE_CURVE ( 'NONE', #204, #588, #1025, .T. ) ;
#818 = DIRECTION ( 'NONE',  ( 0.0000000000000000000, 0.0000000000000000000, 1.000000000000000000 ) ) ;
#819 =( NAMED_UNIT ( * ) SI_UNIT ( $, .STERADIAN. ) SOLID_ANGLE_UNIT ( ) );
#820 = CARTESIAN_POINT ( 'NONE',  ( 1.499999999999999556, 1.200000000000000178, 2.099999999999999645 ) ) ;
#821 = FILL_AREA_STYLE_COLOUR ( '', #60 ) ;
#822 = PRESENTATION_LAYER_ASSIGNMENT (  '', '', ( #230 ) ) ;
#823 = DIRECTION ( 'NONE',  ( 1.000000000000000000, 0.0000000000000000000, 0.0000000000000000000 ) ) ;
#824 = AXIS2_PLACEMENT_3D ( 'NONE', #1213, #287, #499 ) ;
#825 = AXIS2_PLACEMENT_3D ( 'NONE', #944, #456, #463 ) ;
#826 = DIRECTION ( 'NONE',  ( 1.000000000000000000, 0.0000000000000000000, 0.0000000000000000000 ) ) ;
#827 =( GEOMETRIC_REPRESENTATION_CONTEXT ( 3 ) GLOBAL_UNCERTAINTY_ASSIGNED_CONTEXT ( ( #673 ) ) GLOBAL_UNIT_ASSIGNED_CONTEXT ( ( #342, #657, #132 ) ) REPRESENTATION_CONTEXT ( 'NONE', 'WORKASPACE' ) );
#828 = EDGE_CURVE ( 'NONE', #856, #795, #436, .T. ) ;
#829 = PRODUCT_DEFINITION_SHAPE ( 'NONE', 'NONE',  #1326 ) ;
#830 = CARTESIAN_POINT ( 'NONE',  ( 0.6800000000000000488, 0.1799999999999998823, -0.1300000000000000044 ) ) ;
#831 = DIRECTION ( 'NONE',  ( -1.000000000000000000, 5.944401750104109126E-16, 0.0000000000000000000 ) ) ;
#832 = DIRECTION ( 'NONE',  ( 0.0000000000000000000, 0.0000000000000000000, 1.000000000000000000 ) ) ;
#833 = EDGE_LOOP ( 'NONE', ( #192, #478 ) ) ;
#834 = DIRECTION ( 'NONE',  ( 0.0000000000000000000, 0.0000000000000000000, 1.000000000000000000 ) ) ;
#835 = SURFACE_SIDE_STYLE ('',( #433 ) ) ;
#836 = CARTESIAN_POINT ( 'NONE',  ( 0.4000000000000000777, 0.4200000000000000400, 0.1300000000000000044 ) ) ;
#837 = DIRECTION ( 'NONE',  ( 0.0000000000000000000, 0.0000000000000000000, 1.000000000000000000 ) ) ;
#838 = EDGE_CURVE ( 'NONE', #1091, #475, #1316, .T. ) ;
#839 = DIRECTION ( 'NONE',  ( 1.000000000000000000, 1.084202172485503842E-15, 0.0000000000000000000 ) ) ;
#840 = CARTESIAN_POINT ( 'NONE',  ( 0.4000000000000000777, 0.1000000000000000194, -0.1300000000000000044 ) ) ;
#841 = ORIENTED_EDGE ( 'NONE', *, *, #873, .F. ) ;
#842 = CONTEXT_DEPENDENT_SHAPE_REPRESENTATION ( #266, #1167 ) ;
#843 = FILL_AREA_STYLE_COLOUR ( '', #465 ) ;
#844 = DIRECTION ( 'NONE',  ( -0.0000000000000000000, 1.000000000000000000, 0.0000000000000000000 ) ) ;
#845 = DIRECTION ( 'NONE',  ( 1.084202172485503842E-15, -1.000000000000000000, 0.0000000000000000000 ) ) ;
#846 = EDGE_CURVE ( 'NONE', #795, #1174, #441, .T. ) ;
#847 = EDGE_LOOP ( 'NONE', ( #95, #666, #134, #78 ) ) ;
#848 = AXIS2_PLACEMENT_3D ( 'NONE', #229, #737, #1126 ) ;
#849 = PRODUCT_CONTEXT ( 'NONE', #375, 'mechanical' ) ;
#850 = MECHANICAL_DESIGN_GEOMETRIC_PRESENTATION_REPRESENTATION (  '', ( #879 ), #1045 ) ;
#851 = DIRECTION ( 'NONE',  ( 1.000000000000000000, 0.0000000000000000000, 0.0000000000000000000 ) ) ;
#852 =( GEOMETRIC_REPRESENTATION_CONTEXT ( 3 ) GLOBAL_UNCERTAINTY_ASSIGNED_CONTEXT ( ( #815 ) ) GLOBAL_UNIT_ASSIGNED_CONTEXT ( ( #178, #701, #1113 ) ) REPRESENTATION_CONTEXT ( 'NONE', 'WORKASPACE' ) );
#853 = AXIS2_PLACEMENT_3D ( 'NONE', #1034, #834, #812 ) ;
#854 = CARTESIAN_POINT ( 'NONE',  ( 2.199999999999999734, 1.200000000000000178, 2.499999999999999556 ) ) ;
#855 =( NAMED_UNIT ( * ) SI_UNIT ( $, .STERADIAN. ) SOLID_ANGLE_UNIT ( ) );
#856 = VERTEX_POINT ( 'NONE', #420 ) ;
#857 = CONTEXT_DEPENDENT_SHAPE_REPRESENTATION ( #1188, #916 ) ;
#858 =( LENGTH_UNIT ( ) NAMED_UNIT ( * ) SI_UNIT ( .MILLI., .METRE. ) );
#859 = FACE_OUTER_BOUND ( 'NONE', #453, .T. ) ;
#860 = PRESENTATION_STYLE_ASSIGNMENT (( #22 ) ) ;
#861 = ORIENTED_EDGE ( 'NONE', *, *, #1161, .F. ) ;
#862 = PRODUCT_CONTEXT ( 'NONE', #996, 'mechanical' ) ;
#863 = EDGE_CURVE ( 'NONE', #597, #181, #1051, .T. ) ;
#864 = FILL_AREA_STYLE_COLOUR ( '', #294 ) ;
#865 =( NAMED_UNIT ( * ) SI_UNIT ( $, .STERADIAN. ) SOLID_ANGLE_UNIT ( ) );
#866 = CARTESIAN_POINT ( 'NONE',  ( 0.6800000000000000488, 0.2799999999999999156, -0.1300000000000000044 ) ) ;
#867 = CYLINDRICAL_SURFACE ( 'NONE', #747, 0.1000000000000000472 ) ;
#868 = ORIENTED_EDGE ( 'NONE', *, *, #183, .F. ) ;
#869 = APPLICATION_PROTOCOL_DEFINITION ( 'draft international standard', 'automotive_design', 1998, #696 ) ;
#870 = SURFACE_STYLE_USAGE ( .BOTH. , #24 ) ;
#871 = AXIS2_PLACEMENT_3D ( 'NONE', #1251, #813, #323 ) ;
#872 =( LENGTH_UNIT ( ) NAMED_UNIT ( * ) SI_UNIT ( .MILLI., .METRE. ) );
#873 = EDGE_CURVE ( 'NONE', #630, #1186, #21, .T. ) ;
#874 = FILL_AREA_STYLE ('',( #58 ) ) ;
#875 = PRESENTATION_LAYER_ASSIGNMENT (  '', '', ( #1294 ) ) ;
#876 =( GEOMETRIC_REPRESENTATION_CONTEXT ( 3 ) GLOBAL_UNCERTAINTY_ASSIGNED_CONTEXT ( ( #1175 ) ) GLOBAL_UNIT_ASSIGNED_CONTEXT ( ( #223, #1164, #1300 ) ) REPRESENTATION_CONTEXT ( 'NONE', 'WORKASPACE' ) );
#877 = CARTESIAN_POINT ( 'NONE',  ( 0.4000000000000001887, 0.4200000000000000400, -0.1300000000000000044 ) ) ;
#878 = EDGE_LOOP ( 'NONE', ( #952, #249, #584, #291 ) ) ;
#879 = STYLED_ITEM ( 'NONE', ( #525 ), #1287 ) ;
#880 = ITEM_DEFINED_TRANSFORMATION ( 'NONE', 'NONE', #1152,  #974 ) ;
#881 = DIRECTION ( 'NONE',  ( -0.0000000000000000000, -0.0000000000000000000, -1.000000000000000000 ) ) ;
#882 = FILL_AREA_STYLE_COLOUR ( '', #506 ) ;
#883 = FILL_AREA_STYLE ('',( #267 ) ) ;
#884 = EDGE_LOOP ( 'NONE', ( #1160, #711, #284, #1256 ) ) ;
#885 = CARTESIAN_POINT ( 'NONE',  ( 1.069992315018739722E-16, 0.6999999999999997335, 0.1300000000000000044 ) ) ;
#886 = DIRECTION ( 'NONE',  ( 0.0000000000000000000, 0.0000000000000000000, 1.000000000000000000 ) ) ;
#887 =( LENGTH_UNIT ( ) NAMED_UNIT ( * ) SI_UNIT ( .MILLI., .METRE. ) );
#888 = ORIENTED_EDGE ( 'NONE', *, *, #1119, .F. ) ;
#889 = EDGE_CURVE ( 'NONE', #1080, #372, #333, .T. ) ;
#890 =( NAMED_UNIT ( * ) SI_UNIT ( $, .STERADIAN. ) SOLID_ANGLE_UNIT ( ) );
#891 = PRESENTATION_LAYER_ASSIGNMENT (  '', '', ( #446 ) ) ;
#892 = SURFACE_STYLE_FILL_AREA ( #481 ) ;
#893 = ORIENTED_EDGE ( 'NONE', *, *, #551, .T. ) ;
#894 = PRODUCT_DEFINITION_FORMATION_WITH_SPECIFIED_SOURCE ( 'ANY', '', #793, .NOT_KNOWN. ) ;
#895 = MECHANICAL_DESIGN_GEOMETRIC_PRESENTATION_REPRESENTATION (  '', ( #1135 ), #487 ) ;
#896 = CARTESIAN_POINT ( 'NONE',  ( -2.200000000000000622, 1.200000000000000178, 2.499999999999999556 ) ) ;
#897 = VECTOR ( 'NONE', #739, 1000.000000000000000 ) ;
#898 = DIRECTION ( 'NONE',  ( 0.0000000000000000000, 1.000000000000000000, 0.0000000000000000000 ) ) ;
#899 = EDGE_CURVE ( 'NONE', #1246, #913, #1029, .T. ) ;
#900 = PRESENTATION_STYLE_ASSIGNMENT (( #1320 ) ) ;
#901 =( LENGTH_UNIT ( ) NAMED_UNIT ( * ) SI_UNIT ( .MILLI., .METRE. ) );
#902 = ORIENTED_EDGE ( 'NONE', *, *, #486, .T. ) ;
#903 = UNCERTAINTY_MEASURE_WITH_UNIT (LENGTH_MEASURE( 1.000000000000000082E-05 ), #1283, 'distance_accuracy_value', 'NONE');
#904 = CARTESIAN_POINT ( 'NONE',  ( 0.4800000000000000933, 0.6999999999999999556, -0.1300000000000000044 ) ) ;
#905 = CARTESIAN_POINT ( 'NONE',  ( 0.0000000000000000000, 0.0000000000000000000, 0.0000000000000000000 ) ) ;
#906 = DIRECTION ( 'NONE',  ( 1.000000000000000000, 0.0000000000000000000, -0.0000000000000000000 ) ) ;
#907 = SURFACE_STYLE_FILL_AREA ( #317 ) ;
#908 =( NAMED_UNIT ( * ) PLANE_ANGLE_UNIT ( ) SI_UNIT ( $, .RADIAN. ) );
#909 = DIRECTION ( 'NONE',  ( 0.0000000000000000000, 0.0000000000000000000, 1.000000000000000000 ) ) ;
#910 = COLOUR_RGB ( '',0.6156862745098039547, 0.6431372549019607199, 0.6745098039215686736 ) ;
#911 = CARTESIAN_POINT ( 'NONE',  ( 1.000000000000000000, 0.0000000000000000000, 0.1300000000000000044 ) ) ;
#912 = SURFACE_SIDE_STYLE ('',( #1237 ) ) ;
#913 = VERTEX_POINT ( 'NONE', #1035 ) ;
#914 =( GEOMETRIC_REPRESENTATION_CONTEXT ( 3 ) GLOBAL_UNCERTAINTY_ASSIGNED_CONTEXT ( ( #391 ) ) GLOBAL_UNIT_ASSIGNED_CONTEXT ( ( #1185, #1301, #47 ) ) REPRESENTATION_CONTEXT ( 'NONE', 'WORKASPACE' ) );
#915 = CARTESIAN_POINT ( 'NONE',  ( 0.0000000000000000000, -1.937485524053559268E-28, 2.600000000000000533 ) ) ;
#916 = PRODUCT_DEFINITION_SHAPE ( 'NONE', 'NONE',  #1331 ) ;
#917 = FILL_AREA_STYLE ('',( #116 ) ) ;
#918 =( NAMED_UNIT ( * ) PLANE_ANGLE_UNIT ( ) SI_UNIT ( $, .RADIAN. ) );
#919 = CARTESIAN_POINT ( 'NONE',  ( 1.499999999999999556, 1.150000000000000133, 1.799999999999999822 ) ) ;
#920 = FILL_AREA_STYLE ('',( #608 ) ) ;
#921 =( LENGTH_UNIT ( ) NAMED_UNIT ( * ) SI_UNIT ( .MILLI., .METRE. ) );
#922 = CARTESIAN_POINT ( 'NONE',  ( 1.499999999999999556, 1.150000000000000133, 1.799999999999999822 ) ) ;
#923 = SURFACE_STYLE_FILL_AREA ( #512 ) ;
#924 =( NAMED_UNIT ( * ) PLANE_ANGLE_UNIT ( ) SI_UNIT ( $, .RADIAN. ) );
#925 = ADVANCED_FACE ( 'NONE', ( #714 ), #340, .T. ) ;
#926 =( NAMED_UNIT ( * ) SI_UNIT ( $, .STERADIAN. ) SOLID_ANGLE_UNIT ( ) );
#927 = CYLINDRICAL_SURFACE ( 'NONE', #871, 0.2999999999999997113 ) ;
#928 = LINE ( 'NONE', #419, #209 ) ;
#929 = PLANE ( 'NONE',  #1062 ) ;
#930 = COLOUR_RGB ( '',0.6156862745098039547, 0.6431372549019607199, 0.6745098039215686736 ) ;
#931 = PRESENTATION_LAYER_ASSIGNMENT (  '', '', ( #206 ) ) ;
#932 = VECTOR ( 'NONE', #480, 1000.000000000000000 ) ;
#933 =( GEOMETRIC_REPRESENTATION_CONTEXT ( 3 ) GLOBAL_UNCERTAINTY_ASSIGNED_CONTEXT ( ( #193 ) ) GLOBAL_UNIT_ASSIGNED_CONTEXT ( ( #593, #393, #890 ) ) REPRESENTATION_CONTEXT ( 'NONE', 'WORKASPACE' ) );
#934 = AXIS2_PLACEMENT_3D ( 'NONE', #432, #106, #1249 ) ;
#935 = MECHANICAL_DESIGN_GEOMETRIC_PRESENTATION_REPRESENTATION (  '', ( #428 ), #914 ) ;
#936 = CARTESIAN_POINT ( 'NONE',  ( 0.4800000000000000933, 0.6999999999999999556, -0.1300000000000000044 ) ) ;
#937 = VECTOR ( 'NONE', #628, 1000.000000000000000 ) ;
#938 = FILL_AREA_STYLE_COLOUR ( '', #454 ) ;
#939 = FILL_AREA_STYLE_COLOUR ( '', #910 ) ;
#940 = FILL_AREA_STYLE ('',( #1270 ) ) ;
#941 = ORIENTED_EDGE ( 'NONE', *, *, #1170, .F. ) ;
#942 =( NAMED_UNIT ( * ) PLANE_ANGLE_UNIT ( ) SI_UNIT ( $, .RADIAN. ) );
#943 = SHAPE_REPRESENTATION ( 'Assy leg', ( #574, #1222, #406, #784, #380, #1152, #256, #1133, #278 ), #613 ) ;
#944 = CARTESIAN_POINT ( 'NONE',  ( 2.199999999999999734, 0.1000000000000000056, -2.500000000000000444 ) ) ;
#945 = ADVANCED_FACE ( 'NONE', ( #218 ), #325, .F. ) ;
#946 = DIRECTION ( 'NONE',  ( 0.0000000000000000000, 0.0000000000000000000, -1.000000000000000000 ) ) ;
#947 = SURFACE_STYLE_FILL_AREA ( #940 ) ;
#948 = VERTEX_POINT ( 'NONE', #1189 ) ;
#949 =( NAMED_UNIT ( * ) SI_UNIT ( $, .STERADIAN. ) SOLID_ANGLE_UNIT ( ) );
#950 =( NAMED_UNIT ( * ) PLANE_ANGLE_UNIT ( ) SI_UNIT ( $, .RADIAN. ) );
#951 = DIRECTION ( 'NONE',  ( -0.0000000000000000000, -0.0000000000000000000, -1.000000000000000000 ) ) ;
#952 = ORIENTED_EDGE ( 'NONE', *, *, #174, .T. ) ;
#953 = STYLED_ITEM ( 'NONE', ( #421 ), #79 ) ;
#954 = STYLED_ITEM ( 'NONE', ( #1044 ), #1208 ) ;
#955 = DIRECTION ( 'NONE',  ( -1.000000000000000000, -0.0000000000000000000, 0.0000000000000000000 ) ) ;
#956 = DIRECTION ( 'NONE',  ( 1.000000000000000000, -1.084202172485503842E-15, 0.0000000000000000000 ) ) ;
#957 = PRESENTATION_LAYER_ASSIGNMENT (  '', '', ( #428 ) ) ;
#958 =( GEOMETRIC_REPRESENTATION_CONTEXT ( 3 ) GLOBAL_UNCERTAINTY_ASSIGNED_CONTEXT ( ( #1073 ) ) GLOBAL_UNIT_ASSIGNED_CONTEXT ( ( #632, #654, #56 ) ) REPRESENTATION_CONTEXT ( 'NONE', 'WORKASPACE' ) );
#959 = ORIENTED_EDGE ( 'NONE', *, *, #1015, .F. ) ;
#960 = ITEM_DEFINED_TRANSFORMATION ( 'NONE', 'NONE', #1244,  #974 ) ;
#961 = CARTESIAN_POINT ( 'NONE',  ( 2.199999999999999734, 0.1000000000000000056, -2.500000000000000444 ) ) ;
#962 = LINE ( 'NONE', #43, #805 ) ;
#963 = FILL_AREA_STYLE ('',( #882 ) ) ;
#964 = SURFACE_STYLE_FILL_AREA ( #680 ) ;
#965 = ORIENTED_EDGE ( 'NONE', *, *, #1214, .T. ) ;
#966 = ADVANCED_FACE ( 'NONE', ( #859 ), #1183, .T. ) ;
#967 = LINE ( 'NONE', #353, #401 ) ;
#968 = SURFACE_SIDE_STYLE ('',( #135 ) ) ;
#969 = PRESENTATION_STYLE_ASSIGNMENT (( #1072 ) ) ;
#970 =( REPRESENTATION_RELATIONSHIP ('NONE','NONE', #804, #532 ) REPRESENTATION_RELATIONSHIP_WITH_TRANSFORMATION ( #960 )SHAPE_REPRESENTATION_RELATIONSHIP( ) );
#971 = PRESENTATION_STYLE_ASSIGNMENT (( #467 ) ) ;
#972 = ORIENTED_EDGE ( 'NONE', *, *, #1076, .F. ) ;
#973 = FILL_AREA_STYLE_COLOUR ( '', #633 ) ;
#974 = AXIS2_PLACEMENT_3D ( 'NONE', #251, #130, #851 ) ;
#975 = PRODUCT_DEFINITION_FORMATION_WITH_SPECIFIED_SOURCE ( 'ANY', '', #1157, .NOT_KNOWN. ) ;
#976 =( GEOMETRIC_REPRESENTATION_CONTEXT ( 3 ) GLOBAL_UNCERTAINTY_ASSIGNED_CONTEXT ( ( #727 ) ) GLOBAL_UNIT_ASSIGNED_CONTEXT ( ( #1057, #763, #447 ) ) REPRESENTATION_CONTEXT ( 'NONE', 'WORKASPACE' ) );
#977 = ORIENTED_EDGE ( 'NONE', *, *, #792, .T. ) ;
#978 = UNCERTAINTY_MEASURE_WITH_UNIT (LENGTH_MEASURE( 1.000000000000000082E-05 ), #518, 'distance_accuracy_value', 'NONE');
#979 = LINE ( 'NONE', #885, #210 ) ;
#980 = CARTESIAN_POINT ( 'NONE',  ( 0.0000000000000000000, 0.0000000000000000000, 0.0000000000000000000 ) ) ;
#981 = FILL_AREA_STYLE_COLOUR ( '', #782 ) ;
#982 = PRODUCT_RELATED_PRODUCT_CATEGORY ( 'part', '', ( #1157 ) ) ;
#983 = LINE ( 'NONE', #73, #344 ) ;
#984 = ORIENTED_EDGE ( 'NONE', *, *, #792, .F. ) ;
#985 = CONTEXT_DEPENDENT_SHAPE_REPRESENTATION ( #509, #332 ) ;
#986 = FILL_AREA_STYLE ('',( #973 ) ) ;
#987 = DIRECTION ( 'NONE',  ( 1.000000000000000000, -7.664866088101773825E-38, 0.0000000000000000000 ) ) ;
#988 = LINE ( 'NONE', #586, #611 ) ;
#989 = DIRECTION ( 'NONE',  ( 0.0000000000000000000, -0.0000000000000000000, -1.000000000000000000 ) ) ;
#990 = ORIENTED_EDGE ( 'NONE', *, *, #561, .T. ) ;
#991 = ITEM_DEFINED_TRANSFORMATION ( 'NONE', 'NONE', #934,  #974 ) ;
#992 = PLANE ( 'NONE',  #1269 ) ;
#993 =( NAMED_UNIT ( * ) SI_UNIT ( $, .STERADIAN. ) SOLID_ANGLE_UNIT ( ) );
#994 = AXIS2_PLACEMENT_3D ( 'NONE', #726, #410, #300 ) ;
#995 = SURFACE_STYLE_FILL_AREA ( #1115 ) ;
#996 = APPLICATION_CONTEXT ( 'automotive_design' ) ;
#997 = AXIS2_PLACEMENT_3D ( 'NONE', #866, #909, #1103 ) ;
#998 = AXIS2_PLACEMENT_3D ( 'NONE', #1143, #423, #1027 ) ;
#999 = ORIENTED_EDGE ( 'NONE', *, *, #253, .F. ) ;
#1000 = COLOUR_RGB ( '',0.6156862745098039547, 0.6431372549019607199, 0.6745098039215686736 ) ;
#1001 = STYLED_ITEM ( 'NONE', ( #1253 ), #925 ) ;
#1002 = ITEM_DEFINED_TRANSFORMATION ( 'NONE', 'NONE', #380,  #974 ) ;
#1003 = EDGE_CURVE ( 'NONE', #372, #1060, #1078, .T. ) ;
#1004 =( LENGTH_UNIT ( ) NAMED_UNIT ( * ) SI_UNIT ( .MILLI., .METRE. ) );
#1005 = FILL_AREA_STYLE ('',( #88 ) ) ;
#1006 = CARTESIAN_POINT ( 'NONE',  ( 0.5000000000000001110, 0.0000000000000000000, -0.1300000000000000044 ) ) ;
#1007 = VERTEX_POINT ( 'NONE', #755 ) ;
#1008 = SURFACE_STYLE_FILL_AREA ( #1005 ) ;
#1009 = PRODUCT_DEFINITION_SHAPE ( 'NONE', 'NONE',  #1334 ) ;
#1010 = FACE_OUTER_BOUND ( 'NONE', #884, .T. ) ;
#1011 = PRESENTATION_STYLE_ASSIGNMENT (( #104 ) ) ;
#1012 =( REPRESENTATION_RELATIONSHIP ('NONE','NONE', #943, #532 ) REPRESENTATION_RELATIONSHIP_WITH_TRANSFORMATION ( #880 )SHAPE_REPRESENTATION_RELATIONSHIP( ) );
#1013 = DIRECTION ( 'NONE',  ( 0.0000000000000000000, 0.0000000000000000000, 1.000000000000000000 ) ) ;
#1014 = DIRECTION ( 'NONE',  ( 0.0000000000000000000, -1.000000000000000000, -0.0000000000000000000 ) ) ;
#1015 = EDGE_CURVE ( 'NONE', #948, #204, #33, .T. ) ;
#1016 = AXIS2_PLACEMENT_3D ( 'NONE', #854, #449, #1171 ) ;
#1017 = SURFACE_STYLE_FILL_AREA ( #587 ) ;
#1018 = FACE_OUTER_BOUND ( 'NONE', #553, .T. ) ;
#1019 = CIRCLE ( 'NONE', #1040, 0.1000000000000000472 ) ;
#1020 = ORIENTED_EDGE ( 'NONE', *, *, #345, .F. ) ;
#1021 = COLOUR_RGB ( '',0.6156862745098039547, 0.6431372549019607199, 0.6745098039215686736 ) ;
#1022 = PRESENTATION_LAYER_ASSIGNMENT (  '', '', ( #385 ) ) ;
#1023 = DIRECTION ( 'NONE',  ( 0.0000000000000000000, 0.0000000000000000000, 1.000000000000000000 ) ) ;
#1024 = FACE_OUTER_BOUND ( 'NONE', #775, .T. ) ;
#1025 = LINE ( 'NONE', #5, #618 ) ;
#1026 = SURFACE_SIDE_STYLE ('',( #907 ) ) ;
#1027 = DIRECTION ( 'NONE',  ( 1.000000000000000000, 0.0000000000000000000, 0.0000000000000000000 ) ) ;
#1028 = SURFACE_STYLE_USAGE ( .BOTH. , #4 ) ;
#1029 = LINE ( 'NONE', #830, #1090 ) ;
#1030 = UNCERTAINTY_MEASURE_WITH_UNIT (LENGTH_MEASURE( 1.000000000000000082E-05 ), #522, 'distance_accuracy_value', 'NONE');
#1031 = CARTESIAN_POINT ( 'NONE',  ( 1.499999999999999556, 1.200000000000000178, 1.499999999999999778 ) ) ;
#1032 = ORIENTED_EDGE ( 'NONE', *, *, #1058, .F. ) ;
#1033 = ADVANCED_FACE ( 'NONE', ( #758 ), #244, .F. ) ;
#1034 = CARTESIAN_POINT ( 'NONE',  ( 0.0000000000000000000, 0.0000000000000000000, 0.0000000000000000000 ) ) ;
#1035 = CARTESIAN_POINT ( 'NONE',  ( 0.6800000000000000488, 0.1799999999999999101, 0.1300000000000000044 ) ) ;
#1036 = DIRECTION ( 'NONE',  ( 0.0000000000000000000, 0.0000000000000000000, -1.000000000000000000 ) ) ;
#1037 = STYLED_ITEM ( 'NONE', ( #721 ), #312 ) ;
#1038 =( GEOMETRIC_REPRESENTATION_CONTEXT ( 3 ) GLOBAL_UNCERTAINTY_ASSIGNED_CONTEXT ( ( #275 ) ) GLOBAL_UNIT_ASSIGNED_CONTEXT ( ( #259, #1055, #949 ) ) REPRESENTATION_CONTEXT ( 'NONE', 'WORKASPACE' ) );
#1039 = DIRECTION ( 'NONE',  ( 0.0000000000000000000, 0.0000000000000000000, 1.000000000000000000 ) ) ;
#1040 = AXIS2_PLACEMENT_3D ( 'NONE', #51, #881, #956 ) ;
#1041 = CIRCLE ( 'NONE', #1066, 0.09999999999999993616 ) ;
#1042 = DIRECTION ( 'NONE',  ( 1.000000000000000000, 0.0000000000000000000, 0.0000000000000000000 ) ) ;
#1043 = SURFACE_STYLE_FILL_AREA ( #413 ) ;
#1044 = PRESENTATION_STYLE_ASSIGNMENT (( #1138 ) ) ;
#1045 =( GEOMETRIC_REPRESENTATION_CONTEXT ( 3 ) GLOBAL_UNCERTAINTY_ASSIGNED_CONTEXT ( ( #517 ) ) GLOBAL_UNIT_ASSIGNED_CONTEXT ( ( #339, #918, #1235 ) ) REPRESENTATION_CONTEXT ( 'NONE', 'WORKASPACE' ) );
#1046 = UNCERTAINTY_MEASURE_WITH_UNIT (LENGTH_MEASURE( 1.000000000000000082E-05 ), #1163, 'distance_accuracy_value', 'NONE');
#1047 = SURFACE_SIDE_STYLE ('',( #947 ) ) ;
#1048 = ORIENTED_EDGE ( 'NONE', *, *, #87, .T. ) ;
#1049 = CONTEXT_DEPENDENT_SHAPE_REPRESENTATION ( #30, #829 ) ;
#1050 = CARTESIAN_POINT ( 'NONE',  ( 0.4000000000000001332, 0.4200000000000000400, -0.1300000000000000044 ) ) ;
#1051 = LINE ( 'NONE', #308, #897 ) ;
#1052 = PRESENTATION_STYLE_ASSIGNMENT (( #316 ) ) ;
#1053 = ORIENTED_EDGE ( 'NONE', *, *, #631, .T. ) ;
#1054 = ITEM_DEFINED_TRANSFORMATION ( 'NONE', 'NONE', #998,  #974 ) ;
#1055 =( NAMED_UNIT ( * ) PLANE_ANGLE_UNIT ( ) SI_UNIT ( $, .RADIAN. ) );
#1056 = CARTESIAN_POINT ( 'NONE',  ( 2.199999999999999734, 0.1000000000000000333, -2.500000000000000444 ) ) ;
#1057 =( LENGTH_UNIT ( ) NAMED_UNIT ( * ) SI_UNIT ( .MILLI., .METRE. ) );
#1058 = EDGE_CURVE ( 'NONE', #1007, #274, #988, .T. ) ;
#1059 = CARTESIAN_POINT ( 'NONE',  ( 1.000000000000000000, 0.1799999999999999933, 0.1300000000000000044 ) ) ;
#1060 = VERTEX_POINT ( 'NONE', #799 ) ;
#1061 = UNCERTAINTY_MEASURE_WITH_UNIT (LENGTH_MEASURE( 1.000000000000000082E-05 ), #668, 'distance_accuracy_value', 'NONE');
#1062 = AXIS2_PLACEMENT_3D ( 'NONE', #516, #831, #224 ) ;
#1063 =( GEOMETRIC_REPRESENTATION_CONTEXT ( 3 ) GLOBAL_UNCERTAINTY_ASSIGNED_CONTEXT ( ( #1061 ) ) GLOBAL_UNIT_ASSIGNED_CONTEXT ( ( #668, #769, #150 ) ) REPRESENTATION_CONTEXT ( 'NONE', 'WORKASPACE' ) );
#1064 = CARTESIAN_POINT ( 'NONE',  ( 0.3000000000000001554, 0.4200000000000000400, -0.1300000000000000044 ) ) ;
#1065 =( REPRESENTATION_RELATIONSHIP ('NONE','NONE', #804, #532 ) REPRESENTATION_RELATIONSHIP_WITH_TRANSFORMATION ( #991 )SHAPE_REPRESENTATION_RELATIONSHIP( ) );
#1066 = AXIS2_PLACEMENT_3D ( 'NONE', #122, #1255, #647 ) ;
#1067 = CARTESIAN_POINT ( 'NONE',  ( 1.000000000000000000, 0.0000000000000000000, -0.1300000000000000044 ) ) ;
#1068 = DIRECTION ( 'NONE',  ( 1.000000000000000000, 0.0000000000000000000, 0.0000000000000000000 ) ) ;
#1069 = EDGE_LOOP ( 'NONE', ( #1307, #55, #1321, #310 ) ) ;
#1070 = APPLICATION_PROTOCOL_DEFINITION ( 'draft international standard', 'automotive_design', 1998, #288 ) ;
#1071 =( NAMED_UNIT ( * ) PLANE_ANGLE_UNIT ( ) SI_UNIT ( $, .RADIAN. ) );
#1072 = SURFACE_STYLE_USAGE ( .BOTH. , #670 ) ;
#1073 = UNCERTAINTY_MEASURE_WITH_UNIT (LENGTH_MEASURE( 1.000000000000000082E-05 ), #632, 'distance_accuracy_value', 'NONE');
#1074 = DIRECTION ( 'NONE',  ( 0.0000000000000000000, 0.0000000000000000000, 1.000000000000000000 ) ) ;
#1075 = VERTEX_POINT ( 'NONE', #190 ) ;
#1076 = EDGE_CURVE ( 'NONE', #609, #1271, #693, .T. ) ;
#1077 = DIRECTION ( 'NONE',  ( 1.000000000000000000, 0.0000000000000000000, 0.0000000000000000000 ) ) ;
#1078 = LINE ( 'NONE', #564, #1156 ) ;
#1079 = SURFACE_SIDE_STYLE ('',( #363 ) ) ;
#1080 = VERTEX_POINT ( 'NONE', #1275 ) ;
#1081 = MECHANICAL_DESIGN_GEOMETRIC_PRESENTATION_REPRESENTATION (  '', ( #953 ), #311 ) ;
#1082 = ADVANCED_FACE ( 'NONE', ( #297 ), #582, .T. ) ;
#1083 = PLANE ( 'NONE',  #1104 ) ;
#1084 =( GEOMETRIC_REPRESENTATION_CONTEXT ( 3 ) GLOBAL_UNCERTAINTY_ASSIGNED_CONTEXT ( ( #160 ) ) GLOBAL_UNIT_ASSIGNED_CONTEXT ( ( #1004, #494, #700 ) ) REPRESENTATION_CONTEXT ( 'NONE', 'WORKASPACE' ) );
#1085 = CARTESIAN_POINT ( 'NONE',  ( 0.0000000000000000000, -1.939411453997946504E-28, 2.600000000000000533 ) ) ;
#1086 =( REPRESENTATION_RELATIONSHIP ('NONE','NONE', #804, #532 ) REPRESENTATION_RELATIONSHIP_WITH_TRANSFORMATION ( #772 )SHAPE_REPRESENTATION_RELATIONSHIP( ) );
#1087 =( GEOMETRIC_REPRESENTATION_CONTEXT ( 3 ) GLOBAL_UNCERTAINTY_ASSIGNED_CONTEXT ( ( #538 ) ) GLOBAL_UNIT_ASSIGNED_CONTEXT ( ( #434, #111, #1252 ) ) REPRESENTATION_CONTEXT ( 'NONE', 'WORKASPACE' ) );
#1088 = COLOUR_RGB ( '',0.6156862745098039547, 0.6431372549019607199, 0.6745098039215686736 ) ;
#1089 = DIRECTION ( 'NONE',  ( -0.0000000000000000000, -1.000000000000000000, -0.0000000000000000000 ) ) ;
#1090 = VECTOR ( 'NONE', #1242, 1000.000000000000000 ) ;
#1091 = VERTEX_POINT ( 'NONE', #179 ) ;
#1092 = LINE ( 'NONE', #173, #932 ) ;
#1093 = DIRECTION ( 'NONE',  ( 0.0000000000000000000, 0.0000000000000000000, 1.000000000000000000 ) ) ;
#1094 = ORIENTED_EDGE ( 'NONE', *, *, #1155, .F. ) ;
#1095 = DIRECTION ( 'NONE',  ( -0.0000000000000000000, 1.000000000000000000, -0.0000000000000000000 ) ) ;
#1096 = DIRECTION ( 'NONE',  ( 0.0000000000000000000, 0.0000000000000000000, 1.000000000000000000 ) ) ;
#1097 = EDGE_CURVE ( 'NONE', #1284, #475, #1312, .T. ) ;
#1098 =( LENGTH_UNIT ( ) NAMED_UNIT ( * ) SI_UNIT ( .MILLI., .METRE. ) );
#1099 = EDGE_LOOP ( 'NONE', ( #468, #85, #219, #1020 ) ) ;
#1100 = UNCERTAINTY_MEASURE_WITH_UNIT (LENGTH_MEASURE( 1.000000000000000082E-05 ), #1098, 'distance_accuracy_value', 'NONE');
#1101 = SURFACE_STYLE_USAGE ( .BOTH. , #155 ) ;
#1102 = COLOUR_RGB ( '',0.3529411764705882026, 0.3529411764705882026, 0.3529411764705882026 ) ;
#1103 = DIRECTION ( 'NONE',  ( 1.000000000000000000, 0.0000000000000000000, 0.0000000000000000000 ) ) ;
#1104 = AXIS2_PLACEMENT_3D ( 'NONE', #476, #1206, #577 ) ;
#1105 = AXIS2_PLACEMENT_3D ( 'NONE', #302, #1224, #607 ) ;
#1106 = FILL_AREA_STYLE_COLOUR ( '', #102 ) ;
#1107 = EDGE_LOOP ( 'NONE', ( #959, #1205, #625, #672, #1118, #61, #941, #783, #545, #984, #443, #653 ) ) ;
#1108 = AXIS2_PLACEMENT_3D ( 'NONE', #1266, #231, #542 ) ;
#1109 = EDGE_CURVE ( 'NONE', #948, #23, #689, .T. ) ;
#1110 =( GEOMETRIC_REPRESENTATION_CONTEXT ( 3 ) GLOBAL_UNCERTAINTY_ASSIGNED_CONTEXT ( ( #1100 ) ) GLOBAL_UNIT_ASSIGNED_CONTEXT ( ( #1098, #180, #318 ) ) REPRESENTATION_CONTEXT ( 'NONE', 'WORKASPACE' ) );
#1111 = APPLICATION_CONTEXT ( 'automotive_design' ) ;
#1112 = DIRECTION ( 'NONE',  ( -1.000000000000000000, 0.0000000000000000000, 0.0000000000000000000 ) ) ;
#1113 =( NAMED_UNIT ( * ) SI_UNIT ( $, .STERADIAN. ) SOLID_ANGLE_UNIT ( ) );
#1114 = MANIFOLD_SOLID_BREP ( 'Imported1', #136 ) ;
#1115 = FILL_AREA_STYLE ('',( #1122 ) ) ;
#1116 = LINE ( 'NONE', #911, #490 ) ;
#1117 = FILL_AREA_STYLE_COLOUR ( '', #930 ) ;
#1118 = ORIENTED_EDGE ( 'NONE', *, *, #659, .F. ) ;
#1119 = EDGE_CURVE ( 'NONE', #1317, #1080, #1092, .T. ) ;
#1120 = DIRECTION ( 'NONE',  ( 2.168404344971008868E-19, 3.534795577161719682E-19, -1.000000000000000000 ) ) ;
#1121 = CARTESIAN_POINT ( 'NONE',  ( 0.6800000000000000488, 0.2799999999999999156, -0.1300000000000000044 ) ) ;
#1122 = FILL_AREA_STYLE_COLOUR ( '', #745 ) ;
#1123 = CARTESIAN_POINT ( 'NONE',  ( 1.499999999999999556, 1.150000000000000133, 2.099999999999999645 ) ) ;
#1124 = ORIENTED_EDGE ( 'NONE', *, *, #397, .T. ) ;
#1125 = DIRECTION ( 'NONE',  ( 1.000000000000000000, 0.0000000000000000000, 0.0000000000000000000 ) ) ;
#1126 = DIRECTION ( 'NONE',  ( 1.000000000000000000, 0.0000000000000000000, 0.0000000000000000000 ) ) ;
#1127 = DIRECTION ( 'NONE',  ( 0.0000000000000000000, 1.000000000000000000, -0.0000000000000000000 ) ) ;
#1128 = STYLED_ITEM ( 'NONE', ( #860 ), #169 ) ;
#1129 = SURFACE_STYLE_USAGE ( .BOTH. , #1149 ) ;
#1130 = PRESENTATION_LAYER_ASSIGNMENT (  '', '', ( #503 ) ) ;
#1131 = PRESENTATION_LAYER_ASSIGNMENT (  '', '', ( #954 ) ) ;
#1132 = AXIS2_PLACEMENT_3D ( 'NONE', #279, #684, #823 ) ;
#1133 = AXIS2_PLACEMENT_3D ( 'NONE', #188, #581, #1207 ) ;
#1134 = VERTEX_POINT ( 'NONE', #83 ) ;
#1135 = STYLED_ITEM ( 'NONE', ( #971 ), #589 ) ;
#1136 = LINE ( 'NONE', #801, #1276 ) ;
#1137 = FILL_AREA_STYLE_COLOUR ( '', #1102 ) ;
#1138 = SURFACE_STYLE_USAGE ( .BOTH. , #426 ) ;
#1139 = SURFACE_STYLE_FILL_AREA ( #920 ) ;
#1140 = CARTESIAN_POINT ( 'NONE',  ( 1.499999999999999556, 1.200000000000000178, 1.799999999999999822 ) ) ;
#1141 = APPLICATION_CONTEXT ( 'automotive_design' ) ;
#1142 = EDGE_LOOP ( 'NONE', ( #893, #757, #461, #1194 ) ) ;
#1143 = CARTESIAN_POINT ( 'NONE',  ( 0.0000000000000000000, -9.706686919711668699E-29, 1.300000000000000266 ) ) ;
#1144 = DIRECTION ( 'NONE',  ( 1.000000000000000000, 0.0000000000000000000, 0.0000000000000000000 ) ) ;
#1145 = DIRECTION ( 'NONE',  ( 0.0000000000000000000, 0.0000000000000000000, 1.000000000000000000 ) ) ;
#1146 = UNCERTAINTY_MEASURE_WITH_UNIT (LENGTH_MEASURE( 1.000000000000000082E-05 ), #887, 'distance_accuracy_value', 'NONE');
#1147 = PRODUCT_DEFINITION_SHAPE ( 'NONE', 'NONE',  #1330 ) ;
#1148 = FACE_OUTER_BOUND ( 'NONE', #1107, .T. ) ;
#1149 = SURFACE_SIDE_STYLE ('',( #923 ) ) ;
#1150 = EDGE_LOOP ( 'NONE', ( #378, #114 ) ) ;
#1151 = MECHANICAL_DESIGN_GEOMETRIC_PRESENTATION_REPRESENTATION (  '', ( #640 ), #1293 ) ;
#1152 = AXIS2_PLACEMENT_3D ( 'NONE', #1085, #585, #166 ) ;
#1153 =( GEOMETRIC_REPRESENTATION_CONTEXT ( 3 ) GLOBAL_UNCERTAINTY_ASSIGNED_CONTEXT ( ( #978 ) ) GLOBAL_UNIT_ASSIGNED_CONTEXT ( ( #518, #225, #1262 ) ) REPRESENTATION_CONTEXT ( 'NONE', 'WORKASPACE' ) );
#1154 = PRODUCT_CONTEXT ( 'NONE', #402, 'mechanical' ) ;
#1155 = EDGE_CURVE ( 'NONE', #913, #204, #63, .T. ) ;
#1156 = VECTOR ( 'NONE', #261, 1000.000000000000000 ) ;
#1157 = PRODUCT ( 'Part TSSOP16', 'Part TSSOP16', '', ( #556 ) ) ;
#1158 = CARTESIAN_POINT ( 'NONE',  ( 0.4000000000000000777, 0.4200000000000000400, 0.1300000000000000044 ) ) ;
#1159 = CARTESIAN_POINT ( 'NONE',  ( 0.3000000000000001554, 0.4200000000000000400, 0.1300000000000000044 ) ) ;
#1160 = ORIENTED_EDGE ( 'NONE', *, *, #777, .T. ) ;
#1161 = EDGE_CURVE ( 'NONE', #661, #1231, #928, .T. ) ;
#1162 = SURFACE_STYLE_USAGE ( .BOTH. , #42 ) ;
#1163 =( LENGTH_UNIT ( ) NAMED_UNIT ( * ) SI_UNIT ( .MILLI., .METRE. ) );
#1164 =( NAMED_UNIT ( * ) PLANE_ANGLE_UNIT ( ) SI_UNIT ( $, .RADIAN. ) );
#1165 = ORIENTED_EDGE ( 'NONE', *, *, #624, .T. ) ;
#1166 = APPLICATION_PROTOCOL_DEFINITION ( 'draft international standard', 'automotive_design', 1998, #240 ) ;
#1167 = PRODUCT_DEFINITION_SHAPE ( 'NONE', 'NONE',  #1329 ) ;
#1168 = PRESENTATION_STYLE_ASSIGNMENT (( #870 ) ) ;
#1169 = DIRECTION ( 'NONE',  ( 1.000000000000000000, 0.0000000000000000000, 0.0000000000000000000 ) ) ;
#1170 = EDGE_CURVE ( 'NONE', #1075, #816, #126, .T. ) ;
#1171 = DIRECTION ( 'NONE',  ( 0.0000000000000000000, 0.0000000000000000000, 1.000000000000000000 ) ) ;
#1172 = UNCERTAINTY_MEASURE_WITH_UNIT (LENGTH_MEASURE( 1.000000000000000082E-05 ), #395, 'distance_accuracy_value', 'NONE');
#1173 = FILL_AREA_STYLE_COLOUR ( '', #1000 ) ;
#1174 = VERTEX_POINT ( 'NONE', #936 ) ;
#1175 = UNCERTAINTY_MEASURE_WITH_UNIT (LENGTH_MEASURE( 1.000000000000000082E-05 ), #223, 'distance_accuracy_value', 'NONE');
#1176 = PRESENTATION_LAYER_ASSIGNMENT (  '', '', ( #1037 ) ) ;
#1177 = APPLICATION_PROTOCOL_DEFINITION ( 'draft international standard', 'automotive_design', 1998, #563 ) ;
#1178 = AXIS2_PLACEMENT_3D ( 'NONE', #307, #208, #616 ) ;
#1179 = SURFACE_STYLE_FILL_AREA ( #541 ) ;
#1180 = DIRECTION ( 'NONE',  ( -0.0000000000000000000, -0.0000000000000000000, -1.000000000000000000 ) ) ;
#1181 = PRODUCT_DEFINITION_SHAPE ( 'NONE', 'NONE',  #1318 ) ;
#1182 = AXIS2_PLACEMENT_3D ( 'NONE', #665, #1074, #474 ) ;
#1183 = PLANE ( 'NONE',  #408 ) ;
#1184 = EDGE_CURVE ( 'NONE', #1284, #1075, #550, .T. ) ;
#1185 =( LENGTH_UNIT ( ) NAMED_UNIT ( * ) SI_UNIT ( .MILLI., .METRE. ) );
#1186 = VERTEX_POINT ( 'NONE', #722 ) ;
#1187 = APPLICATION_PROTOCOL_DEFINITION ( 'draft international standard', 'automotive_design', 1998, #1141 ) ;
#1188 =( REPRESENTATION_RELATIONSHIP ('NONE','NONE', #804, #532 ) REPRESENTATION_RELATIONSHIP_WITH_TRANSFORMATION ( #459 )SHAPE_REPRESENTATION_RELATIONSHIP( ) );
#1189 = CARTESIAN_POINT ( 'NONE',  ( 0.5799999999999999600, 0.5999999999999999778, 0.1300000000000000044 ) ) ;
#1190 = DIRECTION ( 'NONE',  ( 0.0000000000000000000, 0.0000000000000000000, 1.000000000000000000 ) ) ;
#1191 = CARTESIAN_POINT ( 'NONE',  ( -2.200000000000000622, 1.200000000000000178, 2.499999999999999556 ) ) ;
#1192 = UNCERTAINTY_MEASURE_WITH_UNIT (LENGTH_MEASURE( 1.000000000000000082E-05 ), #703, 'distance_accuracy_value', 'NONE');
#1193 = CARTESIAN_POINT ( 'NONE',  ( 1.499999999999999556, 1.150000000000000133, 1.799999999999999822 ) ) ;
#1194 = ORIENTED_EDGE ( 'NONE', *, *, #1184, .T. ) ;
#1195 = CONTEXT_DEPENDENT_SHAPE_REPRESENTATION ( #537, #200 ) ;
#1196 = AXIS2_PLACEMENT_3D ( 'NONE', #740, #845, #839 ) ;
#1197 = SURFACE_STYLE_USAGE ( .BOTH. , #1305 ) ;
#1198 = MECHANICAL_DESIGN_GEOMETRIC_PRESENTATION_REPRESENTATION (  '', ( #446 ), #1038 ) ;
#1199 = DIRECTION ( 'NONE',  ( 1.000000000000000000, -7.664866088101773825E-38, 0.0000000000000000000 ) ) ;
#1200 = STYLED_ITEM ( 'NONE', ( #900 ), #1114 ) ;
#1201 = MECHANICAL_DESIGN_GEOMETRIC_PRESENTATION_REPRESENTATION (  '', ( #637 ), #1153 ) ;
#1202 = AXIS2_PLACEMENT_3D ( 'NONE', #417, #1120, #712 ) ;
#1203 = VECTOR ( 'NONE', #702, 1000.000000000000000 ) ;
#1204 = FACE_OUTER_BOUND ( 'NONE', #431, .T. ) ;
#1205 = ORIENTED_EDGE ( 'NONE', *, *, #521, .F. ) ;
#1206 = DIRECTION ( 'NONE',  ( 1.000000000000000000, -0.0000000000000000000, 0.0000000000000000000 ) ) ;
#1207 = DIRECTION ( 'NONE',  ( 1.000000000000000000, -7.664866088101773825E-38, 0.0000000000000000000 ) ) ;
#1208 = ADVANCED_FACE ( 'NONE', ( #1024 ), #730, .F. ) ;
#1209 = VERTEX_POINT ( 'NONE', #1258 ) ;
#1210 =( REPRESENTATION_RELATIONSHIP ('NONE','NONE', #943, #532 ) REPRESENTATION_RELATIONSHIP_WITH_TRANSFORMATION ( #1322 )SHAPE_REPRESENTATION_RELATIONSHIP( ) );
#1211 = LINE ( 'NONE', #797, #571 ) ;
#1212 =( LENGTH_UNIT ( ) NAMED_UNIT ( * ) SI_UNIT ( .MILLI., .METRE. ) );
#1213 = CARTESIAN_POINT ( 'NONE',  ( 0.4800000000000000933, 0.5999999999999999778, -0.1300000000000000044 ) ) ;
#1214 = EDGE_CURVE ( 'NONE', #1317, #181, #622, .T. ) ;
#1215 = PRESENTATION_STYLE_ASSIGNMENT (( #280 ) ) ;
#1216 = EDGE_LOOP ( 'NONE', ( #704, #1032, #519, #811 ) ) ;
#1217 = CONTEXT_DEPENDENT_SHAPE_REPRESENTATION ( #1210, #348 ) ;
#1218 = DIRECTION ( 'NONE',  ( -0.0000000000000000000, 1.000000000000000000, 0.0000000000000000000 ) ) ;
#1219 = PRESENTATION_STYLE_ASSIGNMENT (( #685 ) ) ;
#1220 = VECTOR ( 'NONE', #1254, 1000.000000000000000 ) ;
#1221 = CIRCLE ( 'NONE', #64, 0.2999999999999997113 ) ;
#1222 = AXIS2_PLACEMENT_3D ( 'NONE', #195, #479, #286 ) ;
#1223 = STYLED_ITEM ( 'NONE', ( #128 ), #543 ) ;
#1224 = DIRECTION ( 'NONE',  ( 0.0000000000000000000, 0.0000000000000000000, -1.000000000000000000 ) ) ;
#1225 = LINE ( 'NONE', #803, #1309 ) ;
#1226 = PRODUCT_DEFINITION_SHAPE ( 'NONE', 'NONE',  #1335 ) ;
#1227 = AXIS2_PLACEMENT_3D ( 'NONE', #567, #1180, #1169 ) ;
#1228 = ORIENTED_EDGE ( 'NONE', *, *, #1003, .T. ) ;
#1229 = DIRECTION ( 'NONE',  ( 0.0000000000000000000, 0.0000000000000000000, 1.000000000000000000 ) ) ;
#1230 = CARTESIAN_POINT ( 'NONE',  ( 0.3000000000000001554, 0.5199999999999997957, -0.1300000000000000044 ) ) ;
#1231 = VERTEX_POINT ( 'NONE', #820 ) ;
#1232 = EDGE_CURVE ( 'NONE', #771, #661, #1221, .T. ) ;
#1233 = DIRECTION ( 'NONE',  ( 1.000000000000000000, 0.0000000000000000000, 0.0000000000000000000 ) ) ;
#1234 = SURFACE_SIDE_STYLE ('',( #524 ) ) ;
#1235 =( NAMED_UNIT ( * ) SI_UNIT ( $, .STERADIAN. ) SOLID_ANGLE_UNIT ( ) );
#1236 = DIRECTION ( 'NONE',  ( -0.0000000000000000000, -0.0000000000000000000, -1.000000000000000000 ) ) ;
#1237 = SURFACE_STYLE_FILL_AREA ( #502 ) ;
#1238 = ORIENTED_EDGE ( 'NONE', *, *, #873, .T. ) ;
#1239 = DIRECTION ( 'NONE',  ( 0.0000000000000000000, 0.0000000000000000000, 1.000000000000000000 ) ) ;
#1240 = FACE_OUTER_BOUND ( 'NONE', #2, .T. ) ;
#1241 = MECHANICAL_DESIGN_GEOMETRIC_PRESENTATION_REPRESENTATION (  '', ( #716 ), #292 ) ;
#1242 = DIRECTION ( 'NONE',  ( 0.0000000000000000000, 0.0000000000000000000, 1.000000000000000000 ) ) ;
#1243 =( GEOMETRIC_REPRESENTATION_CONTEXT ( 3 ) GLOBAL_UNCERTAINTY_ASSIGNED_CONTEXT ( ( #736 ) ) GLOBAL_UNIT_ASSIGNED_CONTEXT ( ( #621, #110, #505 ) ) REPRESENTATION_CONTEXT ( 'NONE', 'WORKASPACE' ) );
#1244 = AXIS2_PLACEMENT_3D ( 'NONE', #612, #1239, #1125 ) ;
#1245 = PRESENTATION_STYLE_ASSIGNMENT (( #531 ) ) ;
#1246 = VERTEX_POINT ( 'NONE', #314 ) ;
#1247 = VECTOR ( 'NONE', #565, 1000.000000000000000 ) ;
#1248 = VECTOR ( 'NONE', #1236, 1000.000000000000000 ) ;
#1249 = DIRECTION ( 'NONE',  ( 1.000000000000000000, 0.0000000000000000000, 0.0000000000000000000 ) ) ;
#1250 = PRODUCT_DEFINITION_SHAPE ( 'NONE', 'NONE',  #1342 ) ;
#1251 = CARTESIAN_POINT ( 'NONE',  ( 1.499999999999999556, 1.150000000000000133, 1.799999999999999822 ) ) ;
#1252 =( NAMED_UNIT ( * ) SI_UNIT ( $, .STERADIAN. ) SOLID_ANGLE_UNIT ( ) );
#1253 = PRESENTATION_STYLE_ASSIGNMENT (( #1129 ) ) ;
#1254 = DIRECTION ( 'NONE',  ( -1.000000000000000000, -0.0000000000000000000, 0.0000000000000000000 ) ) ;
#1255 = DIRECTION ( 'NONE',  ( -0.0000000000000000000, -0.0000000000000000000, -1.000000000000000000 ) ) ;
#1256 = ORIENTED_EDGE ( 'NONE', *, *, #863, .T. ) ;
#1257 = SURFACE_STYLE_USAGE ( .BOTH. , #835 ) ;
#1258 = CARTESIAN_POINT ( 'NONE',  ( 1.000000000000000000, 0.1799999999999999656, 0.1300000000000000044 ) ) ;
#1259 = PRODUCT_RELATED_PRODUCT_CATEGORY ( 'part', '', ( #53 ) ) ;
#1260 = CARTESIAN_POINT ( 'NONE',  ( 0.4800000000000000933, 0.6999999999999999556, 0.1300000000000000044 ) ) ;
#1261 = CARTESIAN_POINT ( 'NONE',  ( 0.5799999999999999600, 0.2799999999999999156, 0.1300000000000000044 ) ) ;
#1262 =( NAMED_UNIT ( * ) SI_UNIT ( $, .STERADIAN. ) SOLID_ANGLE_UNIT ( ) );
#1263 = ORIENTED_EDGE ( 'NONE', *, *, #174, .F. ) ;
#1264 = FILL_AREA_STYLE ('',( #843 ) ) ;
#1265 = CARTESIAN_POINT ( 'NONE',  ( 0.5000000000000001110, 0.0000000000000000000, 0.1300000000000000044 ) ) ;
#1266 = CARTESIAN_POINT ( 'NONE',  ( 1.000000000000000000, 0.0000000000000000000, -0.1300000000000000044 ) ) ;
#1267 = FILL_AREA_STYLE ('',( #939 ) ) ;
#1268 =( GEOMETRIC_REPRESENTATION_CONTEXT ( 3 ) GLOBAL_UNCERTAINTY_ASSIGNED_CONTEXT ( ( #903 ) ) GLOBAL_UNIT_ASSIGNED_CONTEXT ( ( #1283, #751, #457 ) ) REPRESENTATION_CONTEXT ( 'NONE', 'WORKASPACE' ) );
#1269 = AXIS2_PLACEMENT_3D ( 'NONE', #904, #1315, #382 ) ;
#1270 = FILL_AREA_STYLE_COLOUR ( '', #381 ) ;
#1271 = VERTEX_POINT ( 'NONE', #331 ) ;
#1272 = VECTOR ( 'NONE', #600, 1000.000000000000000 ) ;
#1273 = AXIS2_PLACEMENT_3D ( 'NONE', #1159, #832, #642 ) ;
#1274 = DIRECTION ( 'NONE',  ( 1.000000000000000000, 0.0000000000000000000, 0.0000000000000000000 ) ) ;
#1275 = CARTESIAN_POINT ( 'NONE',  ( 2.199999999999999734, 0.1000000000000000333, 2.499999999999999556 ) ) ;
#1276 = VECTOR ( 'NONE', #501, 1000.000000000000000 ) ;
#1277 = PRODUCT_DEFINITION_CONTEXT ( 'detailed design', #696, 'design' ) ;
#1278 = DIRECTION ( 'NONE',  ( -0.0000000000000000000, 1.000000000000000000, -0.0000000000000000000 ) ) ;
#1279 = ORIENTED_EDGE ( 'NONE', *, *, #435, .T. ) ;
#1280 = PRODUCT_DEFINITION ( 'UNKNOWN', '', #894, #619 ) ;
#1281 = ITEM_DEFINED_TRANSFORMATION ( 'NONE', 'NONE', #189,  #974 ) ;
#1282 = CYLINDRICAL_SURFACE ( 'NONE', #523, 0.1000000000000000472 ) ;
#1283 =( LENGTH_UNIT ( ) NAMED_UNIT ( * ) SI_UNIT ( .MILLI., .METRE. ) );
#1284 = VERTEX_POINT ( 'NONE', #1265 ) ;
#1285 = LINE ( 'NONE', #961, #1291 ) ;
#1286 = SHAPE_REPRESENTATION_RELATIONSHIP ( 'NONE' , 'NONE' ,  #396, #669 ) ;
#1287 = ADVANCED_FACE ( 'NONE', ( #222 ), #536, .T. ) ;
#1288 = LINE ( 'NONE', #1059, #1247 ) ;
#1289 = PRESENTATION_LAYER_ASSIGNMENT (  '', '', ( #1128 ) ) ;
#1290 = VERTEX_POINT ( 'NONE', #151 ) ;
#1291 = VECTOR ( 'NONE', #50, 1000.000000000000000 ) ;
#1292 = APPLICATION_PROTOCOL_DEFINITION ( 'draft international standard', 'automotive_design', 1998, #402 ) ;
#1293 =( GEOMETRIC_REPRESENTATION_CONTEXT ( 3 ) GLOBAL_UNCERTAINTY_ASSIGNED_CONTEXT ( ( #1172 ) ) GLOBAL_UNIT_ASSIGNED_CONTEXT ( ( #395, #617, #196 ) ) REPRESENTATION_CONTEXT ( 'NONE', 'WORKASPACE' ) );
#1294 = STYLED_ITEM ( 'NONE', ( #794 ), #705 ) ;
#1295 =( NAMED_UNIT ( * ) SI_UNIT ( $, .STERADIAN. ) SOLID_ANGLE_UNIT ( ) );
#1296 = PRESENTATION_LAYER_ASSIGNMENT (  '', '', ( #786 ) ) ;
#1297 =( NAMED_UNIT ( * ) SI_UNIT ( $, .STERADIAN. ) SOLID_ANGLE_UNIT ( ) );
#1298 = ORIENTED_EDGE ( 'NONE', *, *, #345, .T. ) ;
#1299 = FILL_AREA_STYLE ('',( #488 ) ) ;
#1300 =( NAMED_UNIT ( * ) SI_UNIT ( $, .STERADIAN. ) SOLID_ANGLE_UNIT ( ) );
#1301 =( NAMED_UNIT ( * ) PLANE_ANGLE_UNIT ( ) SI_UNIT ( $, .RADIAN. ) );
#1302 = ORIENTED_EDGE ( 'NONE', *, *, #551, .F. ) ;
#1303 = UNCERTAINTY_MEASURE_WITH_UNIT (LENGTH_MEASURE( 1.000000000000000082E-05 ), #442, 'distance_accuracy_value', 'NONE');
#1304 = ITEM_DEFINED_TRANSFORMATION ( 'NONE', 'NONE', #406,  #974 ) ;
#1305 = SURFACE_SIDE_STYLE ('',( #186 ) ) ;
#1306 = DIRECTION ( 'NONE',  ( 0.0000000000000000000, 0.0000000000000000000, 1.000000000000000000 ) ) ;
#1307 = ORIENTED_EDGE ( 'NONE', *, *, #226, .F. ) ;
#1308 = EDGE_CURVE ( 'NONE', #602, #816, #1019, .T. ) ;
#1309 = VECTOR ( 'NONE', #1, 1000.000000000000000 ) ;
#1310 = SHAPE_REPRESENTATION_RELATIONSHIP ( 'NONE' , 'NONE' ,  #532, #239 ) ;
#1311 = COLOUR_RGB ( '',0.6156862745098039547, 0.6431372549019607199, 0.6745098039215686736 ) ;
#1312 = LINE ( 'NONE', #1006, #1272 ) ;
#1313 =( GEOMETRIC_REPRESENTATION_CONTEXT ( 3 ) GLOBAL_UNCERTAINTY_ASSIGNED_CONTEXT ( ( #460 ) ) GLOBAL_UNIT_ASSIGNED_CONTEXT ( ( #872, #950, #1295 ) ) REPRESENTATION_CONTEXT ( 'NONE', 'WORKASPACE' ) );
#1314 = MECHANICAL_DESIGN_GEOMETRIC_PRESENTATION_REPRESENTATION (  '', ( #1223 ), #450 ) ;
#1315 = DIRECTION ( 'NONE',  ( -4.517509052022936456E-16, 1.000000000000000000, 0.0000000000000000000 ) ) ;
#1316 = CIRCLE ( 'NONE', #191, 0.1000000000000000472 ) ;
#1317 = VERTEX_POINT ( 'NONE', #1056 ) ;
#1318 = PRODUCT_DEFINITION ( 'UNKNOWN', '', #213, #1277 ) ;
#1319 = FACE_OUTER_BOUND ( 'NONE', #458, .T. ) ;
#1320 = SURFACE_STYLE_USAGE ( .BOTH. , #808 ) ;
#1321 = ORIENTED_EDGE ( 'NONE', *, *, #1214, .F. ) ;
#1322 = ITEM_DEFINED_TRANSFORMATION ( 'NONE', 'NONE', #784,  #974 ) ;
#1323 = CARTESIAN_POINT ( 'NONE',  ( 0.3000000000000001554, 0.4200000000000000400, -0.1300000000000000044 ) ) ;
#1324 = NEXT_ASSEMBLY_USAGE_OCCURRENCE ( 'NAUO1', ' ', ' ', #731, #289, $ ) ;
#1325 = NEXT_ASSEMBLY_USAGE_OCCURRENCE ( 'NAUO2', ' ', ' ', #731, #753, $ ) ;
#1326 = NEXT_ASSEMBLY_USAGE_OCCURRENCE ( 'NAUO3', ' ', ' ', #731, #1280, $ ) ;
#1327 = NEXT_ASSEMBLY_USAGE_OCCURRENCE ( 'NAUO4', ' ', ' ', #1280, #1318, $ ) ;
#1328 = NEXT_ASSEMBLY_USAGE_OCCURRENCE ( 'NAUO5', ' ', ' ', #1280, #1318, $ ) ;
#1329 = NEXT_ASSEMBLY_USAGE_OCCURRENCE ( 'NAUO6', ' ', ' ', #1280, #1318, $ ) ;
#1330 = NEXT_ASSEMBLY_USAGE_OCCURRENCE ( 'NAUO7', ' ', ' ', #1280, #1318, $ ) ;
#1331 = NEXT_ASSEMBLY_USAGE_OCCURRENCE ( 'NAUO8', ' ', ' ', #1280, #1318, $ ) ;
#1332 = NEXT_ASSEMBLY_USAGE_OCCURRENCE ( 'NAUO9', ' ', ' ', #1280, #1318, $ ) ;
#1333 = NEXT_ASSEMBLY_USAGE_OCCURRENCE ( 'NAUO10', ' ', ' ', #1280, #1318, $ ) ;
#1334 = NEXT_ASSEMBLY_USAGE_OCCURRENCE ( 'NAUO11', ' ', ' ', #1280, #1318, $ ) ;
#1335 = NEXT_ASSEMBLY_USAGE_OCCURRENCE ( 'NAUO12', ' ', ' ', #753, #1318, $ ) ;
#1336 = NEXT_ASSEMBLY_USAGE_OCCURRENCE ( 'NAUO13', ' ', ' ', #753, #1318, $ ) ;
#1337 = NEXT_ASSEMBLY_USAGE_OCCURRENCE ( 'NAUO14', ' ', ' ', #753, #1318, $ ) ;
#1338 = NEXT_ASSEMBLY_USAGE_OCCURRENCE ( 'NAUO15', ' ', ' ', #753, #1318, $ ) ;
#1339 = NEXT_ASSEMBLY_USAGE_OCCURRENCE ( 'NAUO16', ' ', ' ', #753, #1318, $ ) ;
#1340 = NEXT_ASSEMBLY_USAGE_OCCURRENCE ( 'NAUO17', ' ', ' ', #753, #1318, $ ) ;
#1341 = NEXT_ASSEMBLY_USAGE_OCCURRENCE ( 'NAUO18', ' ', ' ', #753, #1318, $ ) ;
#1342 = NEXT_ASSEMBLY_USAGE_OCCURRENCE ( 'NAUO19', ' ', ' ', #753, #1318, $ ) ;
ENDSEC;
END-ISO-10303-21;
