ISO-10303-21;
HEADER;
FILE_DESCRIPTION (( 'STEP AP214' ),
    '1' );
FILE_NAME ('TYPE-C-31-m-34.STEP',
    '2026-05-14T10:32:42',
    ( '' ),
    ( '' ),
    'SwSTEP 2.0',
    'SolidWorks 2022',
    '' );
FILE_SCHEMA (( 'AUTOMOTIVE_DESIGN' ));
ENDSEC;

DATA;
#1 = EDGE_LOOP ( 'NONE', ( #1411, #514, #537, #309 ) ) ;
#2 = PLANE ( 'NONE',  #1034 ) ;
#3 = CARTESIAN_POINT ( 'NONE',  ( -1.050000000000001377, 2.550000000000000266, -4.409999999999999254 ) ) ;
#4 = EDGE_CURVE ( 'NONE', #1339, #974, #1665, .T. ) ;
#5 = CARTESIAN_POINT ( 'NONE',  ( -0.2549352526907101013, 4.485164829375917428, 0.1183096390663866543 ) ) ;
#6 = CARTESIAN_POINT ( 'NONE',  ( 0.2299999999999984279, 1.270000000000000240, -0.1507481343168148580 ) ) ;
#7 = ORIENTED_EDGE ( 'NONE', *, *, #316, .T. ) ;
#8 = LINE ( 'NONE', #441, #101 ) ;
#9 = AXIS2_PLACEMENT_3D ( 'NONE', #1639, #1510, #1372 ) ;
#10 = CARTESIAN_POINT ( 'NONE',  ( -0.7500000000000015543, 0.1999999999999992339, -3.609999999999998987 ) ) ;
#11 = CIRCLE ( 'NONE', #1178, 0.2750000000000002442 ) ;
#12 = VECTOR ( 'NONE', #81, 1000.000000000000000 ) ;
#13 = SHAPE_DEFINITION_REPRESENTATION ( #397, #1393 ) ;
#14 = CARTESIAN_POINT ( 'NONE',  ( 7.950000000000001954, 1.270000000000000018, 1.649999999999999911 ) ) ;
#15 = EDGE_CURVE ( 'NONE', #1339, #157, #973, .T. ) ;
#16 = VERTEX_POINT ( 'NONE', #1576 ) ;
#17 = ADVANCED_FACE ( 'NONE', ( #1280 ), #334, .T. ) ;
#18 = DIRECTION ( 'NONE',  ( 1.857305648797437849E-16, -0.000000000000000000, 1.000000000000000000 ) ) ;
#19 = VERTEX_POINT ( 'NONE', #1221 ) ;
#20 = CIRCLE ( 'NONE', #1043, 0.1999999999999996503 ) ;
#21 = CARTESIAN_POINT ( 'NONE',  ( 7.950000000000001954, 0.1999999999999994282, -3.609999999999998987 ) ) ;
#22 = APPLICATION_PROTOCOL_DEFINITION ( 'draft international standard', 'automotive_design', 1998, #448 ) ;
#23 = PLANE ( 'NONE',  #130 ) ;
#24 = PLANE ( 'NONE',  #717 ) ;
#25 = ORIENTED_EDGE ( 'NONE', *, *, #783, .T. ) ;
#26 = CARTESIAN_POINT ( 'NONE',  ( 7.950000000000001954, 0.1999999999999994282, -4.409999999999999254 ) ) ;
#27 = EDGE_LOOP ( 'NONE', ( #476, #1667, #1002, #1719 ) ) ;
#28 = EDGE_CURVE ( 'NONE', #1265, #1247, #693, .T. ) ;
#29 = ORIENTED_EDGE ( 'NONE', *, *, #913, .T. ) ;
#30 = LINE ( 'NONE', #1578, #213 ) ;
#31 = EDGE_LOOP ( 'NONE', ( #267, #320, #1412, #54, #883, #937 ) ) ;
#32 = VERTEX_POINT ( 'NONE', #1516 ) ;
#33 = DIRECTION ( 'NONE',  ( 0.000000000000000000, 1.000000000000000000, 0.000000000000000000 ) ) ;
#34 = ORIENTED_EDGE ( 'NONE', *, *, #1819, .T. ) ;
#35 = CARTESIAN_POINT ( 'NONE',  ( 7.950000000000001954, -8.673617379884035472E-16, -4.209999999999998188 ) ) ;
#36 = ORIENTED_EDGE ( 'NONE', *, *, #1353, .F. ) ;
#37 = VECTOR ( 'NONE', #605, 1000.000000000000000 ) ;
#38 = DIRECTION ( 'NONE',  ( 1.000000000000000000, 0.000000000000000000, 0.000000000000000000 ) ) ;
#39 = CARTESIAN_POINT ( 'NONE',  ( 0.4500000000000007327, 2.770000000000000018, -6.989999999999997549 ) ) ;
#40 = VECTOR ( 'NONE', #18, 1000.000000000000000 ) ;
#41 = EDGE_LOOP ( 'NONE', ( #1152, #600, #1039, #490 ) ) ;
#42 = ORIENTED_EDGE ( 'NONE', *, *, #356, .T. ) ;
#43 = LINE ( 'NONE', #1721, #1561 ) ;
#44 = AXIS2_PLACEMENT_3D ( 'NONE', #688, #799, #1350 ) ;
#45 = VERTEX_POINT ( 'NONE', #1820 ) ;
#46 = CARTESIAN_POINT ( 'NONE',  ( 7.950000000000001954, 2.498279583438345330, -3.409999999999999254 ) ) ;
#47 = ORIENTED_EDGE ( 'NONE', *, *, #769, .F. ) ;
#48 = DIRECTION ( 'NONE',  ( 1.000000000000000000, 0.000000000000000000, 9.286528243987190480E-17 ) ) ;
#49 = EDGE_CURVE ( 'NONE', #878, #56, #249, .T. ) ;
#50 = CARTESIAN_POINT ( 'NONE',  ( -0.7500000000000015543, 0.1999999999999994282, -3.409999999999999254 ) ) ;
#51 = CARTESIAN_POINT ( 'NONE',  ( -1.050000000000001377, 2.498279583438345330, -4.409999999999999254 ) ) ;
#52 = ORIENTED_EDGE ( 'NONE', *, *, #90, .F. ) ;
#53 = DIRECTION ( 'NONE',  ( -9.286528243987190480E-17, 0.000000000000000000, 1.000000000000000000 ) ) ;
#54 = ORIENTED_EDGE ( 'NONE', *, *, #574, .T. ) ;
#55 = CARTESIAN_POINT ( 'NONE',  ( 0.4500000000000007327, 1.770000000000000018, -7.689999999999998614 ) ) ;
#56 = VERTEX_POINT ( 'NONE', #137 ) ;
#57 = CARTESIAN_POINT ( 'NONE',  ( -0.1360945038037445209, 1.322133233838964639, 0.2459303592677561101 ) ) ;
#58 = CARTESIAN_POINT ( 'NONE',  ( -1.050000000000000488, 2.168404344971008868E-16, -1.499999999999998668 ) ) ;
#59 = ORIENTED_EDGE ( 'NONE', *, *, #715, .T. ) ;
#60 = DIRECTION ( 'NONE',  ( 0.000000000000000000, -1.000000000000000000, 0.000000000000000000 ) ) ;
#61 = DIRECTION ( 'NONE',  ( -1.865294060190115717E-16, 0.000000000000000000, -1.000000000000000000 ) ) ;
#62 = EDGE_CURVE ( 'NONE', #1037, #1394, #1647, .T. ) ;
#63 = EDGE_LOOP ( 'NONE', ( #675, #1487, #1425, #1347, #299, #1366, #1082, #987, #966, #1656, #775, #439, #1615, #653, #1700, #1224, #424, #1471 ) ) ;
#64 = ORIENTED_EDGE ( 'NONE', *, *, #972, .T. ) ;
#65 = DIRECTION ( 'NONE',  ( 0.000000000000000000, -1.000000000000000000, 1.586681899100110158E-16 ) ) ;
#66 = ORIENTED_EDGE ( 'NONE', *, *, #1172, .F. ) ;
#67 = CARTESIAN_POINT ( 'NONE',  ( 0.2299999999999975675, 3.299999999999999822, -6.989999999999997549 ) ) ;
#68 = VECTOR ( 'NONE', #1813, 1000.000000000000000 ) ;
#69 = CARTESIAN_POINT ( 'NONE',  ( -0.5499999999999992673, 4.080000000000000071, -7.689999999999998614 ) ) ;
#70 = LINE ( 'NONE', #631, #368 ) ;
#71 = VECTOR ( 'NONE', #413, 1000.000000000000000 ) ;
#72 = EDGE_CURVE ( 'NONE', #1816, #1710, #1086, .T. ) ;
#73 = ORIENTED_EDGE ( 'NONE', *, *, #355, .T. ) ;
#74 = MECHANICAL_DESIGN_GEOMETRIC_PRESENTATION_REPRESENTATION (  '', ( #252 ), #436 ) ;
#75 = CARTESIAN_POINT ( 'NONE',  ( 8.250000000000000000, 2.168404344971008868E-16, -1.499999999999998668 ) ) ;
#76 = ADVANCED_FACE ( 'NONE', ( #1680 ), #939, .T. ) ;
#77 = CARTESIAN_POINT ( 'NONE',  ( 7.224939938369102421, 1.294337780697998763, -0.2799668820580372142 ) ) ;
#78 = DIRECTION ( 'NONE',  ( -0.000000000000000000, 1.000000000000000000, -0.000000000000000000 ) ) ;
#79 = ORIENTED_EDGE ( 'NONE', *, *, #674, .T. ) ;
#80 = ORIENTED_EDGE ( 'NONE', *, *, #1609, .T. ) ;
#81 = DIRECTION ( 'NONE',  ( 1.000000000000000000, -0.000000000000000000, -9.286528243987189247E-17 ) ) ;
#82 = EDGE_CURVE ( 'NONE', #1278, #1685, #242, .T. ) ;
#83 = DIRECTION ( 'NONE',  ( 1.000000000000000000, 0.000000000000000000, 0.000000000000000000 ) ) ;
#84 = DIRECTION ( 'NONE',  ( -1.000000000000000000, -0.000000000000000000, 1.857305648797438096E-16 ) ) ;
#85 = LINE ( 'NONE', #661, #1807 ) ;
#86 = VERTEX_POINT ( 'NONE', #410 ) ;
#87 = CARTESIAN_POINT ( 'NONE',  ( 8.250000000000000000, 2.550000000000000266, 0.1249999999999996808 ) ) ;
#88 = EDGE_CURVE ( 'NONE', #668, #903, #961, .T. ) ;
#89 = FACE_OUTER_BOUND ( 'NONE', #27, .T. ) ;
#90 = EDGE_CURVE ( 'NONE', #472, #1710, #1370, .T. ) ;
#91 = LINE ( 'NONE', #538, #578 ) ;
#92 = CARTESIAN_POINT ( 'NONE',  ( 0.4500000000000007327, 4.080000000000000071, -7.689999999999998614 ) ) ;
#93 = VECTOR ( 'NONE', #1235, 1000.000000000000000 ) ;
#94 = CARTESIAN_POINT ( 'NONE',  ( 7.950000000000000178, 1.726592445990444036, 1.350000000000000533 ) ) ;
#95 = CARTESIAN_POINT ( 'NONE',  ( -1.050000000000002265, 2.550000000000000266, -6.989999999999997549 ) ) ;
#96 = AXIS2_PLACEMENT_3D ( 'NONE', #1423, #730, #444 ) ;
#97 = ORIENTED_EDGE ( 'NONE', *, *, #1702, .T. ) ;
#98 = CARTESIAN_POINT ( 'NONE',  ( -0.7500000000000015543, -8.673617379884035472E-16, -4.209999999999998188 ) ) ;
#99 = AXIS2_PLACEMENT_3D ( 'NONE', #202, #361, #764 ) ;
#100 = CARTESIAN_POINT ( 'NONE',  ( 0.2299999999999993161, 4.580000000000000071, 1.649999999999999911 ) ) ;
#101 = VECTOR ( 'NONE', #720, 1000.000000000000000 ) ;
#102 = ORIENTED_EDGE ( 'NONE', *, *, #372, .T. ) ;
#103 = CARTESIAN_POINT ( 'NONE',  ( 0.000000000000000000, 1.270000000000000018, 1.301042606982605321E-15 ) ) ;
#104 = DIRECTION ( 'NONE',  ( 1.000000000000000000, 0.000000000000000000, -0.000000000000000000 ) ) ;
#105 = DIRECTION ( 'NONE',  ( 0.000000000000000000, -1.000000000000000000, 1.586681899100110158E-16 ) ) ;
#106 = EDGE_CURVE ( 'NONE', #1693, #121, #458, .T. ) ;
#107 = ORIENTED_EDGE ( 'NONE', *, *, #152, .T. ) ;
#108 = DIRECTION ( 'NONE',  ( 0.000000000000000000, 1.000000000000000000, 0.000000000000000000 ) ) ;
#109 = VERTEX_POINT ( 'NONE', #1125 ) ;
#110 = CIRCLE ( 'NONE', #672, 1.279999999999999805 ) ;
#111 = CARTESIAN_POINT ( 'NONE',  ( 7.002960440244313745, 1.269999999999999130, 0.2010366588849561154 ) ) ;
#112 = ORIENTED_EDGE ( 'NONE', *, *, #842, .T. ) ;
#113 = LINE ( 'NONE', #1103, #581 ) ;
#114 = EDGE_LOOP ( 'NONE', ( #1774, #1781 ) ) ;
#115 = CARTESIAN_POINT ( 'NONE',  ( 7.950000000000000178, 2.391599479297924713, 1.350000000000000311 ) ) ;
#116 = CARTESIAN_POINT ( 'NONE',  ( 0.4500000000000007327, 3.080000000000000071, -6.989999999999999325 ) ) ;
#117 = CARTESIAN_POINT ( 'NONE',  ( 7.336094503803743727, 4.527866766161037226, 0.2459303592677563322 ) ) ;
#118 = DIRECTION ( 'NONE',  ( 0.000000000000000000, 0.000000000000000000, 1.000000000000000000 ) ) ;
#119 = EDGE_CURVE ( 'NONE', #721, #484, #1005, .T. ) ;
#120 = EDGE_CURVE ( 'NONE', #389, #993, #1270, .T. ) ;
#121 = VERTEX_POINT ( 'NONE', #975 ) ;
#122 = DIRECTION ( 'NONE',  ( 9.286528243987190480E-17, 1.813350741828697253E-16, 1.000000000000000000 ) ) ;
#123 = ORIENTED_EDGE ( 'NONE', *, *, #1300, .T. ) ;
#124 = DIRECTION ( 'NONE',  ( 0.000000000000000000, 0.000000000000000000, 1.000000000000000000 ) ) ;
#125 = ORIENTED_EDGE ( 'NONE', *, *, #534, .F. ) ;
#126 = DIRECTION ( 'NONE',  ( -0.000000000000000000, -0.000000000000000000, -1.000000000000000000 ) ) ;
#127 = CARTESIAN_POINT ( 'NONE',  ( 0.2299999999999993161, 4.580000000000000071, 1.649999999999999689 ) ) ;
#128 = AXIS2_PLACEMENT_3D ( 'NONE', #1545, #586, #307 ) ;
#129 = VERTEX_POINT ( 'NONE', #1209 ) ;
#130 = AXIS2_PLACEMENT_3D ( 'NONE', #460, #1698, #156 ) ;
#131 = PLANE ( 'NONE',  #1748 ) ;
#132 = AXIS2_PLACEMENT_3D ( 'NONE', #744, #48, #1755 ) ;
#133 = EDGE_CURVE ( 'NONE', #484, #944, #161, .T. ) ;
#134 = VECTOR ( 'NONE', #1672, 1000.000000000000000 ) ;
#135 = CARTESIAN_POINT ( 'NONE',  ( 7.950000000000001954, 0.1999999999999994282, -3.409999999999999254 ) ) ;
#136 = VECTOR ( 'NONE', #176, 1000.000000000000000 ) ;
#137 = CARTESIAN_POINT ( 'NONE',  ( -1.050000000000001377, 2.549996421754213483, -1.099999999999999423 ) ) ;
#138 = SURFACE_SIDE_STYLE ('',( #1811 ) ) ;
#139 = CARTESIAN_POINT ( 'NONE',  ( -1.050000000000002265, 3.299999999999999822, -6.989999999999999325 ) ) ;
#140 = AXIS2_PLACEMENT_3D ( 'NONE', #1199, #936, #1514 ) ;
#141 = ORIENTED_EDGE ( 'NONE', *, *, #1081, .F. ) ;
#142 = AXIS2_PLACEMENT_3D ( 'NONE', #1551, #1148, #467 ) ;
#143 =( NAMED_UNIT ( * ) PLANE_ANGLE_UNIT ( ) SI_UNIT ( $, .RADIAN. ) );
#144 = EDGE_CURVE ( 'NONE', #1121, #1474, #279, .T. ) ;
#145 = CARTESIAN_POINT ( 'NONE',  ( 8.250000000000000000, -8.673617379884035472E-16, -4.409999999999999254 ) ) ;
#146 = DIRECTION ( 'NONE',  ( -1.000000000000000000, 0.000000000000000000, 0.000000000000000000 ) ) ;
#147 = CARTESIAN_POINT ( 'NONE',  ( -0.1851295864291055138, 4.511382689995437012, -0.2114440840253704046 ) ) ;
#148 = CARTESIAN_POINT ( 'NONE',  ( 7.950000000000001954, 2.498279583438345330, -3.409999999999999254 ) ) ;
#149 = ORIENTED_EDGE ( 'NONE', *, *, #120, .F. ) ;
#150 = LINE ( 'NONE', #423, #40 ) ;
#151 = ORIENTED_EDGE ( 'NONE', *, *, #1543, .F. ) ;
#152 = EDGE_CURVE ( 'NONE', #865, #1094, #416, .T. ) ;
#153 = EDGE_CURVE ( 'NONE', #86, #168, #549, .T. ) ;
#154 =( NAMED_UNIT ( * ) PLANE_ANGLE_UNIT ( ) SI_UNIT ( $, .RADIAN. ) );
#155 = ADVANCED_FACE ( 'NONE', ( #89 ), #656, .F. ) ;
#156 = DIRECTION ( 'NONE',  ( 0.000000000000000000, -0.000000000000000000, 1.000000000000000000 ) ) ;
#157 = VERTEX_POINT ( 'NONE', #832 ) ;
#158 = CARTESIAN_POINT ( 'NONE',  ( 0.2299999999999988720, 4.580000000000000071, -0.1507481343168139976 ) ) ;
#159 = VECTOR ( 'NONE', #207, 1000.000000000000000 ) ;
#160 = ORIENTED_EDGE ( 'NONE', *, *, #1174, .T. ) ;
#161 = CIRCLE ( 'NONE', #1653, 1.000000000000000000 ) ;
#162 = VECTOR ( 'NONE', #1317, 1000.000000000000000 ) ;
#163 = CARTESIAN_POINT ( 'NONE',  ( -0.7500000000000006661, 2.168404344971008868E-16, -1.699999999999998845 ) ) ;
#164 = PRESENTATION_LAYER_ASSIGNMENT (  '', '', ( #252 ) ) ;
#165 = DIRECTION ( 'NONE',  ( 0.000000000000000000, 0.000000000000000000, 1.000000000000000000 ) ) ;
#166 = CARTESIAN_POINT ( 'NONE',  ( -1.050000000000000488, 4.580000000000000071, 1.649999999999999911 ) ) ;
#167 = EDGE_CURVE ( 'NONE', #261, #725, #113, .T. ) ;
#168 = VERTEX_POINT ( 'NONE', #1523 ) ;
#169 = ORIENTED_EDGE ( 'NONE', *, *, #28, .F. ) ;
#170 = CIRCLE ( 'NONE', #1038, 0.2000000000000000944 ) ;
#171 = CARTESIAN_POINT ( 'NONE',  ( -0.7500000000000006661, 2.168404344971008868E-16, -1.499999999999998668 ) ) ;
#172 = ORIENTED_EDGE ( 'NONE', *, *, #1227, .T. ) ;
#173 = CARTESIAN_POINT ( 'NONE',  ( 8.250000000000000000, 2.168404344971008868E-16, -1.699999999999998845 ) ) ;
#174 = ORIENTED_EDGE ( 'NONE', *, *, #913, .F. ) ;
#175 = EDGE_CURVE ( 'NONE', #217, #1279, #814, .T. ) ;
#176 = DIRECTION ( 'NONE',  ( 0.000000000000000000, 1.000000000000000000, 0.000000000000000000 ) ) ;
#177 = ORIENTED_EDGE ( 'NONE', *, *, #82, .T. ) ;
#178 = CARTESIAN_POINT ( 'NONE',  ( 0.2299999999999988720, 4.580000000000000071, 0.1507481343168166066 ) ) ;
#179 = DIRECTION ( 'NONE',  ( 0.000000000000000000, 0.000000000000000000, 1.000000000000000000 ) ) ;
#180 = ORIENTED_EDGE ( 'NONE', *, *, #1472, .T. ) ;
#181 = DIRECTION ( 'NONE',  ( 0.000000000000000000, 1.000000000000000000, 0.000000000000000000 ) ) ;
#182 = ORIENTED_EDGE ( 'NONE', *, *, #933, .F. ) ;
#183 = ORIENTED_EDGE ( 'NONE', *, *, #724, .F. ) ;
#184 = LINE ( 'NONE', #1023, #216 ) ;
#185 = VECTOR ( 'NONE', #1682, 1000.000000000000000 ) ;
#186 = VECTOR ( 'NONE', #1159, 1000.000000000000000 ) ;
#187 = VECTOR ( 'NONE', #1179, 1000.000000000000000 ) ;
#188 = DIRECTION ( 'NONE',  ( 1.000000000000000000, -0.000000000000000000, 9.286528243987190480E-17 ) ) ;
#189 = CARTESIAN_POINT ( 'NONE',  ( -0.7500000000000015543, 2.498279583438345330, -4.409999999999999254 ) ) ;
#190 = VECTOR ( 'NONE', #414, 1000.000000000000000 ) ;
#191 = ORIENTED_EDGE ( 'NONE', *, *, #1174, .F. ) ;
#192 = VERTEX_POINT ( 'NONE', #561 ) ;
#193 = LINE ( 'NONE', #1194, #1385 ) ;
#194 = ORIENTED_EDGE ( 'NONE', *, *, #798, .T. ) ;
#195 = EDGE_LOOP ( 'NONE', ( #1549, #29, #811, #42 ) ) ;
#196 = CARTESIAN_POINT ( 'NONE',  ( -0.5499999999999992673, 1.770000000000000018, -6.989999999999999325 ) ) ;
#197 = ADVANCED_FACE ( 'NONE', ( #425 ), #1495, .F. ) ;
#198 = EDGE_CURVE ( 'NONE', #963, #815, #1506, .T. ) ;
#199 = DIRECTION ( 'NONE',  ( 0.000000000000000000, 0.000000000000000000, -1.000000000000000000 ) ) ;
#200 = LINE ( 'NONE', #1302, #345 ) ;
#201 = ORIENTED_EDGE ( 'NONE', *, *, #1608, .F. ) ;
#202 = CARTESIAN_POINT ( 'NONE',  ( 6.970000000000000639, 2.550000000000000266, -1.699999999999998845 ) ) ;
#203 = VERTEX_POINT ( 'NONE', #1484 ) ;
#204 = DIRECTION ( 'NONE',  ( -1.000000000000000000, 0.000000000000000000, -9.286528243987189247E-17 ) ) ;
#205 = ADVANCED_FACE ( 'NONE', ( #1669 ), #238, .T. ) ;
#206 = DIRECTION ( 'NONE',  ( 0.000000000000000000, -0.000000000000000000, -1.000000000000000000 ) ) ;
#207 = DIRECTION ( 'NONE',  ( -1.000000000000000000, 0.000000000000000000, 9.286528243987189247E-17 ) ) ;
#208 = EDGE_CURVE ( 'NONE', #1766, #558, #1239, .T. ) ;
#209 = ORIENTED_EDGE ( 'NONE', *, *, #1762, .T. ) ;
#210 = CYLINDRICAL_SURFACE ( 'NONE', #1769, 0.1999999999999996503 ) ;
#211 = EDGE_LOOP ( 'NONE', ( #308, #595, #499, #1333 ) ) ;
#212 = LINE ( 'NONE', #627, #187 ) ;
#213 = VECTOR ( 'NONE', #1160, 1000.000000000000000 ) ;
#214 = AXIS2_PLACEMENT_3D ( 'NONE', #1321, #1752, #1610 ) ;
#215 = CARTESIAN_POINT ( 'NONE',  ( 7.950000000000001954, 0.1999999999999992339, -4.209999999999998188 ) ) ;
#216 = VECTOR ( 'NONE', #1149, 1000.000000000000000 ) ;
#217 = VERTEX_POINT ( 'NONE', #254 ) ;
#218 = VECTOR ( 'NONE', #482, 1000.000000000000000 ) ;
#219 = EDGE_CURVE ( 'NONE', #1196, #463, #816, .T. ) ;
#220 = ORIENTED_EDGE ( 'NONE', *, *, #273, .T. ) ;
#221 = LINE ( 'NONE', #782, #629 ) ;
#222 = CYLINDRICAL_SURFACE ( 'NONE', #512, 1.279999999999999805 ) ;
#223 = CARTESIAN_POINT ( 'NONE',  ( 7.749999999999999112, 1.770000000000000018, -6.989999999999999325 ) ) ;
#224 = CARTESIAN_POINT ( 'NONE',  ( 7.950000000000000178, 0.2000000000000005107, -1.099999999999998979 ) ) ;
#225 = EDGE_LOOP ( 'NONE', ( #854, #908, #617, #276, #1396, #965, #699, #449, #1629, #1449, #1175, #789, #1547, #174, #839, #52 ) ) ;
#226 = EDGE_CURVE ( 'NONE', #1709, #1279, #1218, .T. ) ;
#227 = DIRECTION ( 'NONE',  ( 0.000000000000000000, 0.000000000000000000, 1.000000000000000000 ) ) ;
#228 = EDGE_CURVE ( 'NONE', #168, #1585, #170, .T. ) ;
#229 = CARTESIAN_POINT ( 'NONE',  ( 7.385439046518847306, 1.338724527318678303, 0.2111907047828478212 ) ) ;
#230 = CARTESIAN_POINT ( 'NONE',  ( 8.250000000000000000, 0.1999999999999994282, -4.409999999999999254 ) ) ;
#231 = DIRECTION ( 'NONE',  ( 0.000000000000000000, -1.000000000000000000, 1.586681899100110158E-16 ) ) ;
#232 = ORIENTED_EDGE ( 'NONE', *, *, #870, .T. ) ;
#233 = CYLINDRICAL_SURFACE ( 'NONE', #1801, 0.2000000000000000944 ) ;
#234 = VERTEX_POINT ( 'NONE', #300 ) ;
#235 = LINE ( 'NONE', #1357, #1382 ) ;
#236 = DIRECTION ( 'NONE',  ( 1.857305648797437849E-16, 0.000000000000000000, -1.000000000000000000 ) ) ;
#237 = ORIENTED_EDGE ( 'NONE', *, *, #532, .T. ) ;
#238 = CYLINDRICAL_SURFACE ( 'NONE', #44, 1.000000000000000000 ) ;
#239 = DIRECTION ( 'NONE',  ( -0.000000000000000000, -0.000000000000000000, 1.000000000000000000 ) ) ;
#240 = EDGE_CURVE ( 'NONE', #1483, #796, #1126, .T. ) ;
#241 = DIRECTION ( 'NONE',  ( 1.857305648797437849E-16, 0.000000000000000000, -1.000000000000000000 ) ) ;
#242 = LINE ( 'NONE', #1383, #978 ) ;
#243 =( NAMED_UNIT ( * ) PLANE_ANGLE_UNIT ( ) SI_UNIT ( $, .RADIAN. ) );
#244 = AXIS2_PLACEMENT_3D ( 'NONE', #641, #84, #768 ) ;
#245 = ORIENTED_EDGE ( 'NONE', *, *, #1406, .T. ) ;
#246 = CARTESIAN_POINT ( 'NONE',  ( -0.7500000000000006661, 1.726592445990443370, -1.699999999999999289 ) ) ;
#247 = AXIS2_PLACEMENT_3D ( 'NONE', #14, #1544, #1127 ) ;
#248 = ORIENTED_EDGE ( 'NONE', *, *, #1581, .T. ) ;
#249 = CIRCLE ( 'NONE', #1687, 1.280000000000000027 ) ;
#250 = VECTOR ( 'NONE', #1105, 1000.000000000000000 ) ;
#251 = DIRECTION ( 'NONE',  ( 0.000000000000000000, 0.000000000000000000, 1.000000000000000000 ) ) ;
#252 = STYLED_ITEM ( 'NONE', ( #577 ), #1524 ) ;
#253 = ORIENTED_EDGE ( 'NONE', *, *, #198, .T. ) ;
#254 = CARTESIAN_POINT ( 'NONE',  ( 8.250000000000000000, 2.549996421755265974, -1.099999999999999423 ) ) ;
#255 = VERTEX_POINT ( 'NONE', #1112 ) ;
#256 = EDGE_CURVE ( 'NONE', #1778, #1733, #497, .T. ) ;
#257 = EDGE_CURVE ( 'NONE', #1513, #551, #652, .T. ) ;
#258 = AXIS2_PLACEMENT_3D ( 'NONE', #1241, #945, #1678 ) ;
#259 = DIRECTION ( 'NONE',  ( 1.000000000000000000, 0.000000000000000000, 1.694065894508600925E-16 ) ) ;
#260 = LINE ( 'NONE', #570, #1035 ) ;
#261 = VERTEX_POINT ( 'NONE', #95 ) ;
#262 = FACE_OUTER_BOUND ( 'NONE', #1240, .T. ) ;
#263 = CARTESIAN_POINT ( 'NONE',  ( 8.250000000000001776, 1.270000000000000018, -6.990000000000001101 ) ) ;
#264 = ORIENTED_EDGE ( 'NONE', *, *, #1534, .T. ) ;
#265 = DIRECTION ( 'NONE',  ( 9.286528243987190480E-17, 1.586681899100110158E-16, 1.000000000000000000 ) ) ;
#266 = DIRECTION ( 'NONE',  ( 0.000000000000000000, 0.000000000000000000, 1.000000000000000000 ) ) ;
#267 = ORIENTED_EDGE ( 'NONE', *, *, #1059, .T. ) ;
#268 = DIRECTION ( 'NONE',  ( -1.000000000000000000, 0.000000000000000000, 0.000000000000000000 ) ) ;
#269 = DIRECTION ( 'NONE',  ( 0.000000000000000000, 0.000000000000000000, -1.000000000000000000 ) ) ;
#270 = DIRECTION ( 'NONE',  ( 0.000000000000000000, -1.000000000000000000, 1.813350741828697253E-16 ) ) ;
#271 = CARTESIAN_POINT ( 'NONE',  ( 7.002946837935581925, 4.580000000000000071, 0.2010159055202603573 ) ) ;
#272 = EDGE_CURVE ( 'NONE', #1697, #1652, #110, .T. ) ;
#273 = EDGE_CURVE ( 'NONE', #1074, #645, #893, .T. ) ;
#274 = DIRECTION ( 'NONE',  ( 3.730588120380228476E-16, 0.000000000000000000, 1.000000000000000000 ) ) ;
#275 = EDGE_CURVE ( 'NONE', #903, #921, #1061, .T. ) ;
#276 = ORIENTED_EDGE ( 'NONE', *, *, #15, .F. ) ;
#277 = CARTESIAN_POINT ( 'NONE',  ( 8.250000000000000000, 2.168404344971008868E-16, 1.650000000000000577 ) ) ;
#278 = EDGE_LOOP ( 'NONE', ( #191, #992, #1760, #1380 ) ) ;
#279 = LINE ( 'NONE', #384, #312 ) ;
#280 = DIRECTION ( 'NONE',  ( 1.857305648797437849E-16, -0.000000000000000000, 1.000000000000000000 ) ) ;
#281 = DIRECTION ( 'NONE',  ( -9.286528243987190480E-17, -1.813350741828697253E-16, -1.000000000000000000 ) ) ;
#282 =( NAMED_UNIT ( * ) SI_UNIT ( $, .STERADIAN. ) SOLID_ANGLE_UNIT ( ) );
#283 = DIRECTION ( 'NONE',  ( 0.000000000000000000, -1.000000000000000000, 0.000000000000000000 ) ) ;
#284 = CARTESIAN_POINT ( 'NONE',  ( 0.000000000000000000, -6.505213034913026604E-16, 1.301042606982605321E-15 ) ) ;
#285 = AXIS2_PLACEMENT_3D ( 'NONE', #689, #239, #1171 ) ;
#286 = ORIENTED_EDGE ( 'NONE', *, *, #635, .T. ) ;
#287 = EDGE_CURVE ( 'NONE', #1766, #558, #501, .T. ) ;
#288 = CIRCLE ( 'NONE', #1291, 1.000000000000000000 ) ;
#289 = DIRECTION ( 'NONE',  ( 0.000000000000000000, -0.000000000000000000, 1.000000000000000000 ) ) ;
#290 = AXIS2_PLACEMENT_3D ( 'NONE', #1795, #529, #259 ) ;
#291 = DIRECTION ( 'NONE',  ( 9.286528243987189247E-17, -1.813350741828697253E-16, -1.000000000000000000 ) ) ;
#292 = VECTOR ( 'NONE', #1255, 1000.000000000000000 ) ;
#293 = CARTESIAN_POINT ( 'NONE',  ( 7.052461384501477859, 4.578563563627609412, -0.2394463796822565993 ) ) ;
#294 = CARTESIAN_POINT ( 'NONE',  ( -0.1360945038037437160, 4.527866766161036338, -0.2459303592677540562 ) ) ;
#295 = ORIENTED_EDGE ( 'NONE', *, *, #614, .T. ) ;
#296 = LINE ( 'NONE', #26, #314 ) ;
#297 = EDGE_CURVE ( 'NONE', #1278, #1613, #953, .T. ) ;
#298 = EDGE_CURVE ( 'NONE', #1037, #974, #20, .T. ) ;
#299 = ORIENTED_EDGE ( 'NONE', *, *, #1655, .F. ) ;
#300 = CARTESIAN_POINT ( 'NONE',  ( -1.050000000000000488, 0.2000000000000005107, -1.099999999999998979 ) ) ;
#301 = FACE_OUTER_BOUND ( 'NONE', #337, .T. ) ;
#302 = ORIENTED_EDGE ( 'NONE', *, *, #995, .F. ) ;
#303 = DIRECTION ( 'NONE',  ( 9.286528243987190480E-17, 0.000000000000000000, 1.000000000000000000 ) ) ;
#304 = ORIENTED_EDGE ( 'NONE', *, *, #646, .F. ) ;
#305 = ADVANCED_FACE ( 'NONE', ( #850 ), #962, .F. ) ;
#306 = FACE_OUTER_BOUND ( 'NONE', #41, .T. ) ;
#307 = DIRECTION ( 'NONE',  ( 0.000000000000000000, -0.000000000000000000, 1.000000000000000000 ) ) ;
#308 = ORIENTED_EDGE ( 'NONE', *, *, #603, .F. ) ;
#309 = ORIENTED_EDGE ( 'NONE', *, *, #120, .T. ) ;
#310 = AXIS2_PLACEMENT_3D ( 'NONE', #1461, #1169, #1044 ) ;
#311 = AXIS2_PLACEMENT_3D ( 'NONE', #215, #506, #1727 ) ;
#312 = VECTOR ( 'NONE', #1064, 1000.000000000000000 ) ;
#313 = VECTOR ( 'NONE', #280, 1000.000000000000000 ) ;
#314 = VECTOR ( 'NONE', #988, 1000.000000000000000 ) ;
#315 = EDGE_CURVE ( 'NONE', #1513, #255, #421, .T. ) ;
#316 = EDGE_CURVE ( 'NONE', #770, #1492, #697, .T. ) ;
#317 = CARTESIAN_POINT ( 'NONE',  ( -0.1854390465188470727, 4.511275472681321119, 0.2111907047828479045 ) ) ;
#318 = DIRECTION ( 'NONE',  ( 0.000000000000000000, -0.000000000000000000, -1.000000000000000000 ) ) ;
#319 = ORIENTED_EDGE ( 'NONE', *, *, #614, .F. ) ;
#320 = ORIENTED_EDGE ( 'NONE', *, *, #228, .T. ) ;
#321 = SURFACE_SIDE_STYLE ('',( #1548 ) ) ;
#322 = EDGE_LOOP ( 'NONE', ( #1102, #1111, #1525, #1783 ) ) ;
#323 = ORIENTED_EDGE ( 'NONE', *, *, #496, .T. ) ;
#324 = DIRECTION ( 'NONE',  ( 0.000000000000000000, -0.000000000000000000, -1.000000000000000000 ) ) ;
#325 = DIRECTION ( 'NONE',  ( 3.730588120380228476E-16, 0.000000000000000000, 1.000000000000000000 ) ) ;
#326 = FACE_OUTER_BOUND ( 'NONE', #1, .T. ) ;
#327 = ORIENTED_EDGE ( 'NONE', *, *, #1726, .F. ) ;
#328 = ADVANCED_FACE ( 'NONE', ( #1519, #572 ), #971, .F. ) ;
#329 = CARTESIAN_POINT ( 'NONE',  ( 0.2299999999999975675, 2.550000000000000266, -7.689999999999998614 ) ) ;
#330 = EDGE_LOOP ( 'NONE', ( #327, #1356, #160, #1046 ) ) ;
#331 = CARTESIAN_POINT ( 'NONE',  ( 7.950000000000000178, 2.391599479297924713, -1.699999999999999289 ) ) ;
#332 = CYLINDRICAL_SURFACE ( 'NONE', #132, 0.2000000000000000944 ) ;
#333 = DIRECTION ( 'NONE',  ( 1.865294060190116210E-16, -0.000000000000000000, 1.000000000000000000 ) ) ;
#334 = CYLINDRICAL_SURFACE ( 'NONE', #920, 1.000000000000000000 ) ;
#335 = CARTESIAN_POINT ( 'NONE',  ( -1.050000000000000488, 3.299999999999999822, 1.649999999999999911 ) ) ;
#336 = CYLINDRICAL_SURFACE ( 'NONE', #597, 1.000000000000000000 ) ;
#337 = EDGE_LOOP ( 'NONE', ( #772, #359, #1290, #1818, #220, #112 ) ) ;
#338 = CARTESIAN_POINT ( 'NONE',  ( -0.7500000000000015543, -8.673617379884035472E-16, -3.609999999999998987 ) ) ;
#339 = ORIENTED_EDGE ( 'NONE', *, *, #673, .F. ) ;
#340 = EDGE_CURVE ( 'NONE', #1062, #1208, #1246, .T. ) ;
#341 = DIRECTION ( 'NONE',  ( -1.000000000000000000, 0.000000000000000000, 9.286528243987189247E-17 ) ) ;
#342 = VERTEX_POINT ( 'NONE', #977 ) ;
#343 = DIRECTION ( 'NONE',  ( -1.857305648797437849E-16, -0.000000000000000000, 1.000000000000000000 ) ) ;
#344 = CARTESIAN_POINT ( 'NONE',  ( 7.749999999999999112, 1.770000000000000018, -7.689999999999998614 ) ) ;
#345 = VECTOR ( 'NONE', #996, 1000.000000000000000 ) ;
#346 = AXIS2_PLACEMENT_3D ( 'NONE', #386, #960, #1056 ) ;
#347 = CARTESIAN_POINT ( 'NONE',  ( -0.7500000000000006661, 2.168404344971008868E-16, -1.299999999999999156 ) ) ;
#348 = DIRECTION ( 'NONE',  ( -1.000000000000000000, 0.000000000000000000, 0.000000000000000000 ) ) ;
#349 = VECTOR ( 'NONE', #1072, 1000.000000000000000 ) ;
#350 = DIRECTION ( 'NONE',  ( -1.000000000000000000, 0.000000000000000000, 0.000000000000000000 ) ) ;
#351 = LINE ( 'NONE', #1604, #1654 ) ;
#352 = ORIENTED_EDGE ( 'NONE', *, *, #791, .F. ) ;
#353 = CARTESIAN_POINT ( 'NONE',  ( 7.051577741339086991, 1.271354199939812357, -0.2390583798012740346 ) ) ;
#354 = EDGE_CURVE ( 'NONE', #1794, #1723, #731, .T. ) ;
#355 = EDGE_CURVE ( 'NONE', #1707, #435, #616, .T. ) ;
#356 = EDGE_CURVE ( 'NONE', #389, #1121, #858, .T. ) ;
#357 = VECTOR ( 'NONE', #513, 1000.000000000000000 ) ;
#358 = CARTESIAN_POINT ( 'NONE',  ( -0.5499999999999992673, 1.770000000000000018, -7.689999999999998614 ) ) ;
#359 = ORIENTED_EDGE ( 'NONE', *, *, #583, .T. ) ;
#360 = ORIENTED_EDGE ( 'NONE', *, *, #702, .T. ) ;
#361 = DIRECTION ( 'NONE',  ( -9.286528243987190480E-17, 1.813350741828697253E-16, 1.000000000000000000 ) ) ;
#362 = ORIENTED_EDGE ( 'NONE', *, *, #1737, .F. ) ;
#363 = CARTESIAN_POINT ( 'NONE',  ( 7.336094503803741063, 1.322133233838964195, -0.2459303592677538897 ) ) ;
#364 = ADVANCED_FACE ( 'NONE', ( #877 ), #336, .T. ) ;
#365 = CARTESIAN_POINT ( 'NONE',  ( 7.950000000000001954, 0.1999999999999994282, -3.409999999999999254 ) ) ;
#366 = CARTESIAN_POINT ( 'NONE',  ( 7.950000000000000178, 0.2000000000000005107, -1.099999999999998979 ) ) ;
#367 = CARTESIAN_POINT ( 'NONE',  ( -1.050000000000001377, 0.1999999999999994282, -4.209999999999998188 ) ) ;
#368 = VECTOR ( 'NONE', #1193, 1000.000000000000000 ) ;
#369 = AXIS2_PLACEMENT_3D ( 'NONE', #707, #1223, #1822 ) ;
#370 = DIRECTION ( 'NONE',  ( 1.857305648797437849E-16, 0.000000000000000000, -1.000000000000000000 ) ) ;
#371 = VECTOR ( 'NONE', #270, 1000.000000000000000 ) ;
#372 = EDGE_CURVE ( 'NONE', #1458, #770, #946, .T. ) ;
#373 = VECTOR ( 'NONE', #1295, 1000.000000000000000 ) ;
#374 = VECTOR ( 'NONE', #231, 1000.000000000000000 ) ;
#375 = ORIENTED_EDGE ( 'NONE', *, *, #1407, .T. ) ;
#376 = CARTESIAN_POINT ( 'NONE',  ( -0.5499999999999992673, 4.080000000000000071, -6.989999999999999325 ) ) ;
#377 = DIRECTION ( 'NONE',  ( 0.000000000000000000, 1.000000000000000000, -1.813350741828697253E-16 ) ) ;
#378 = LINE ( 'NONE', #649, #431 ) ;
#379 = CARTESIAN_POINT ( 'NONE',  ( -1.050000000000000488, 2.391599479297924713, 1.350000000000000533 ) ) ;
#380 = FACE_OUTER_BOUND ( 'NONE', #1823, .T. ) ;
#381 = EDGE_LOOP ( 'NONE', ( #1004, #1303, #1792, #1570 ) ) ;
#382 = EDGE_CURVE ( 'NONE', #815, #1133, #200, .T. ) ;
#383 = DIRECTION ( 'NONE',  ( 1.000000000000000000, -0.000000000000000000, 1.857305648797438096E-16 ) ) ;
#384 = CARTESIAN_POINT ( 'NONE',  ( 7.950000000000000178, 2.168404344971008868E-16, 1.650000000000000577 ) ) ;
#385 = EDGE_LOOP ( 'NONE', ( #1541, #1184, #1306, #73 ) ) ;
#386 = CARTESIAN_POINT ( 'NONE',  ( -0.7500000000000015543, 0.1999999999999992339, -3.609999999999998987 ) ) ;
#387 = DIRECTION ( 'NONE',  ( -1.000000000000000000, 0.000000000000000000, 0.000000000000000000 ) ) ;
#388 = CARTESIAN_POINT ( 'NONE',  ( -0.7500000000000006661, 2.391599479297924713, -1.699999999999999289 ) ) ;
#389 = VERTEX_POINT ( 'NONE', #1139 ) ;
#390 = CARTESIAN_POINT ( 'NONE',  ( 0.000000000000000000, 4.580000000000000071, 1.301042606982605321E-15 ) ) ;
#391 = CARTESIAN_POINT ( 'NONE',  ( 0.1484222586609135197, 1.271354199939812579, 0.2390583798012763939 ) ) ;
#392 = ORIENTED_EDGE ( 'NONE', *, *, #635, .F. ) ;
#393 = LINE ( 'NONE', #943, #1294 ) ;
#394 = EDGE_CURVE ( 'NONE', #829, #45, #452, .T. ) ;
#395 = EDGE_LOOP ( 'NONE', ( #1177, #1010, #1638, #1130, #860, #986 ) ) ;
#396 = DIRECTION ( 'NONE',  ( 1.000000000000000000, -0.000000000000000000, 9.286528243987189247E-17 ) ) ;
#397 = PRODUCT_DEFINITION_SHAPE ( 'NONE', 'NONE',  #1341 ) ;
#398 = CARTESIAN_POINT ( 'NONE',  ( 6.749999999999999112, 1.770000000000000018, -6.989999999999999325 ) ) ;
#399 = CARTESIAN_POINT ( 'NONE',  ( -1.050000000000000488, 1.270000000000000018, 1.649999999999999911 ) ) ;
#400 = CARTESIAN_POINT ( 'NONE',  ( 7.385439046518847306, 4.511275472681322007, -0.2111907047828447959 ) ) ;
#401 = CARTESIAN_POINT ( 'NONE',  ( 0.1970395597556847123, 1.269999999999999352, -0.2010366588849535063 ) ) ;
#402 = ORIENTED_EDGE ( 'NONE', *, *, #798, .F. ) ;
#403 = VECTOR ( 'NONE', #465, 1000.000000000000000 ) ;
#404 = DIRECTION ( 'NONE',  ( 9.286528243987189247E-17, 0.000000000000000000, 1.000000000000000000 ) ) ;
#405 = AXIS2_PLACEMENT_3D ( 'NONE', #1376, #122, #1053 ) ;
#406 = ORIENTED_EDGE ( 'NONE', *, *, #272, .T. ) ;
#407 = CARTESIAN_POINT ( 'NONE',  ( 7.950000000000000178, 2.168404344971008868E-16, 1.350000000000000755 ) ) ;
#408 = CARTESIAN_POINT ( 'NONE',  ( 8.250000000000000000, 2.391599479297924713, -1.099999999999999423 ) ) ;
#409 = EDGE_CURVE ( 'NONE', #887, #86, #30, .T. ) ;
#410 = CARTESIAN_POINT ( 'NONE',  ( 8.250000000000000000, 0.2000000000000005107, -1.699999999999998845 ) ) ;
#411 = DIRECTION ( 'NONE',  ( 1.000000000000000000, 0.000000000000000000, -0.000000000000000000 ) ) ;
#412 = CARTESIAN_POINT ( 'NONE',  ( 0.03639315148385169341, 1.283492576264285256, -0.2788866263040111759 ) ) ;
#413 = DIRECTION ( 'NONE',  ( 0.000000000000000000, -1.000000000000000000, 0.000000000000000000 ) ) ;
#414 = DIRECTION ( 'NONE',  ( 1.000000000000000000, 0.000000000000000000, 0.000000000000000000 ) ) ;
#415 = ORIENTED_EDGE ( 'NONE', *, *, #504, .T. ) ;
#416 = LINE ( 'NONE', #135, #703 ) ;
#417 = CARTESIAN_POINT ( 'NONE',  ( 8.250000000000001776, 3.299999999999999822, -6.990000000000001101 ) ) ;
#418 = DIRECTION ( 'NONE',  ( 0.000000000000000000, 0.000000000000000000, -1.000000000000000000 ) ) ;
#419 = EDGE_CURVE ( 'NONE', #1100, #1707, #1289, .T. ) ;
#420 = CARTESIAN_POINT ( 'NONE',  ( -1.050000000000000488, 2.391599479297924713, -1.699999999999999289 ) ) ;
#421 = LINE ( 'NONE', #263, #68 ) ;
#422 = ORIENTED_EDGE ( 'NONE', *, *, #504, .F. ) ;
#423 = CARTESIAN_POINT ( 'NONE',  ( -1.050000000000001377, 2.550000000000000266, 0.1249999999999996808 ) ) ;
#424 = ORIENTED_EDGE ( 'NONE', *, *, #959, .F. ) ;
#425 = FACE_OUTER_BOUND ( 'NONE', #633, .T. ) ;
#426 = ORIENTED_EDGE ( 'NONE', *, *, #133, .T. ) ;
#427 = CARTESIAN_POINT ( 'NONE',  ( 7.454700365402816331, 4.485262060022068731, 0.1187825252485119054 ) ) ;
#428 = DIRECTION ( 'NONE',  ( -1.000000000000000000, 0.000000000000000000, 0.000000000000000000 ) ) ;
#429 = EDGE_CURVE ( 'NONE', #1685, #914, #695, .T. ) ;
#430 = ADVANCED_FACE ( 'NONE', ( #751 ), #1590, .T. ) ;
#431 = VECTOR ( 'NONE', #1057, 1000.000000000000000 ) ;
#432 = CIRCLE ( 'NONE', #1115, 1.280000000000000027 ) ;
#433 = DIRECTION ( 'NONE',  ( 1.000000000000000000, -0.000000000000000000, 9.286528243987190480E-17 ) ) ;
#434 = CIRCLE ( 'NONE', #1292, 1.280000000000000027 ) ;
#435 = VERTEX_POINT ( 'NONE', #899 ) ;
#436 =( GEOMETRIC_REPRESENTATION_CONTEXT ( 3 ) GLOBAL_UNCERTAINTY_ASSIGNED_CONTEXT ( ( #951 ) ) GLOBAL_UNIT_ASSIGNED_CONTEXT ( ( #873, #143, #1267 ) ) REPRESENTATION_CONTEXT ( 'NONE', 'WORKASPACE' ) );
#437 = CARTESIAN_POINT ( 'NONE',  ( 0.1475386154985214582, 4.578563563627609412, 0.2394463796822590695 ) ) ;
#438 = DIRECTION ( 'NONE',  ( -1.000000000000000000, 0.000000000000000000, -9.286528243987189247E-17 ) ) ;
#439 = ORIENTED_EDGE ( 'NONE', *, *, #758, .T. ) ;
#440 = EDGE_LOOP ( 'NONE', ( #942, #763, #609, #1511 ) ) ;
#441 = CARTESIAN_POINT ( 'NONE',  ( 6.970000000000002416, 4.580000000000000071, -6.990000000000001101 ) ) ;
#442 = ADVANCED_FACE ( 'NONE', ( #1446 ), #1558, .T. ) ;
#443 = ORIENTED_EDGE ( 'NONE', *, *, #1494, .F. ) ;
#444 = DIRECTION ( 'NONE',  ( -1.000000000000000000, 0.000000000000000000, 0.000000000000000000 ) ) ;
#445 = DIRECTION ( 'NONE',  ( 0.000000000000000000, 0.000000000000000000, -1.000000000000000000 ) ) ;
#446 = ORIENTED_EDGE ( 'NONE', *, *, #1161, .F. ) ;
#447 = LINE ( 'NONE', #701, #1091 ) ;
#448 = APPLICATION_CONTEXT ( 'automotive_design' ) ;
#449 = ORIENTED_EDGE ( 'NONE', *, *, #613, .F. ) ;
#450 = EDGE_CURVE ( 'NONE', #1279, #1620, #1313, .T. ) ;
#451 = DIRECTION ( 'NONE',  ( 0.000000000000000000, 0.000000000000000000, 1.000000000000000000 ) ) ;
#452 = LINE ( 'NONE', #189, #997 ) ;
#453 = ORIENTED_EDGE ( 'NONE', *, *, #208, .T. ) ;
#454 = EDGE_LOOP ( 'NONE', ( #1368, #1415, #446, #848 ) ) ;
#455 = ORIENTED_EDGE ( 'NONE', *, *, #119, .F. ) ;
#456 = CIRCLE ( 'NONE', #601, 0.2000000000000000944 ) ;
#457 = AXIS2_PLACEMENT_3D ( 'NONE', #794, #181, #1738 ) ;
#458 = LINE ( 'NONE', #1704, #895 ) ;
#459 = ADVANCED_FACE ( 'NONE', ( #1568 ), #623, .F. ) ;
#460 = CARTESIAN_POINT ( 'NONE',  ( 3.600000000000000089, 1.270000000000000018, 1.649999999999999911 ) ) ;
#461 = DIRECTION ( 'NONE',  ( 0.000000000000000000, -1.000000000000000000, 0.000000000000000000 ) ) ;
#462 = ORIENTED_EDGE ( 'NONE', *, *, #550, .F. ) ;
#463 = VERTEX_POINT ( 'NONE', #991 ) ;
#464 = DIRECTION ( 'NONE',  ( -9.286528243987189247E-17, -1.813350741828697253E-16, -1.000000000000000000 ) ) ;
#465 = DIRECTION ( 'NONE',  ( 0.000000000000000000, 1.000000000000000000, -1.246678635007229393E-16 ) ) ;
#466 = ORIENTED_EDGE ( 'NONE', *, *, #354, .T. ) ;
#467 = DIRECTION ( 'NONE',  ( 0.000000000000000000, 0.000000000000000000, -1.000000000000000000 ) ) ;
#468 = DIRECTION ( 'NONE',  ( -3.730588120380228476E-16, -0.000000000000000000, -1.000000000000000000 ) ) ;
#469 = CARTESIAN_POINT ( 'NONE',  ( 8.250000000000000000, 3.299999999999999822, 1.649999999999999911 ) ) ;
#470 = DIRECTION ( 'NONE',  ( 0.000000000000000000, -0.000000000000000000, 1.000000000000000000 ) ) ;
#471 = ADVANCED_FACE ( 'NONE', ( #326 ), #1728, .F. ) ;
#472 = VERTEX_POINT ( 'NONE', #723 ) ;
#473 = CARTESIAN_POINT ( 'NONE',  ( 7.749999999999999112, 3.080000000000000071, -6.989999999999999325 ) ) ;
#474 = ORIENTED_EDGE ( 'NONE', *, *, #1726, .T. ) ;
#475 = DIRECTION ( 'NONE',  ( 0.000000000000000000, -1.000000000000000000, 1.813350741828697253E-16 ) ) ;
#476 = ORIENTED_EDGE ( 'NONE', *, *, #4, .T. ) ;
#477 = DIRECTION ( 'NONE',  ( -1.000000000000000000, 0.000000000000000000, 0.000000000000000000 ) ) ;
#478 = FACE_OUTER_BOUND ( 'NONE', #1436, .T. ) ;
#479 = DIRECTION ( 'NONE',  ( -1.000000000000000000, 0.000000000000000000, 6.776263578034403699E-16 ) ) ;
#480 = ADVANCED_FACE ( 'NONE', ( #1272 ), #24, .F. ) ;
#481 = EDGE_CURVE ( 'NONE', #192, #1374, #1490, .T. ) ;
#482 = DIRECTION ( 'NONE',  ( -1.857305648797437849E-16, 0.000000000000000000, -1.000000000000000000 ) ) ;
#483 = LINE ( 'NONE', #1584, #403 ) ;
#484 = VERTEX_POINT ( 'NONE', #1455 ) ;
#485 = EDGE_CURVE ( 'NONE', #1733, #1041, #1344, .T. ) ;
#486 = DIRECTION ( 'NONE',  ( -1.000000000000000000, 0.000000000000000000, 6.776263578034402713E-16 ) ) ;
#487 = AXIS2_PLACEMENT_3D ( 'NONE', #493, #1165, #475 ) ;
#488 = CARTESIAN_POINT ( 'NONE',  ( 7.950000000000001954, 1.726592445990444036, -3.409999999999999254 ) ) ;
#489 = COLOUR_RGB ( '',1.000000000000000000, 1.000000000000000000, 1.000000000000000000 ) ;
#490 = ORIENTED_EDGE ( 'NONE', *, *, #1227, .F. ) ;
#491 =( GEOMETRIC_REPRESENTATION_CONTEXT ( 3 ) GLOBAL_UNCERTAINTY_ASSIGNED_CONTEXT ( ( #1571 ) ) GLOBAL_UNIT_ASSIGNED_CONTEXT ( ( #1787, #243, #282 ) ) REPRESENTATION_CONTEXT ( 'NONE', 'WORKASPACE' ) );
#492 = ORIENTED_EDGE ( 'NONE', *, *, #1107, .F. ) ;
#493 = CARTESIAN_POINT ( 'NONE',  ( -0.7500000000000006661, 2.391599479297924713, -1.099999999999999423 ) ) ;
#494 = ORIENTED_EDGE ( 'NONE', *, *, #1161, .T. ) ;
#495 = CARTESIAN_POINT ( 'NONE',  ( -0.7500000000000006661, 2.168404344971008868E-16, -1.499999999999998668 ) ) ;
#496 = EDGE_CURVE ( 'NONE', #558, #255, #912, .T. ) ;
#497 = CIRCLE ( 'NONE', #1668, 0.2000000000000000944 ) ;
#498 = CARTESIAN_POINT ( 'NONE',  ( 0.2299999999999984279, 2.550000000000000266, -3.409999999999999254 ) ) ;
#499 = ORIENTED_EDGE ( 'NONE', *, *, #897, .F. ) ;
#500 = ORIENTED_EDGE ( 'NONE', *, *, #1309, .F. ) ;
#501 = B_SPLINE_CURVE_WITH_KNOTS ( 'NONE', 3,
 ( #756, #1488, #391, #1076, #1307, #57, #620, #1031, #1373, #1538, #1090, #822, #543, #1664, #412, #1236, #401, #6 ),
 .UNSPECIFIED., .F., .F.,
 ( 4, 2, 2, 2, 2, 2, 2, 2, 4 ),
 ( 7.676044185318838427E-19, 0.0001777696472788478285, 0.0003555392945576948982, 0.0005333089418365419406, 0.0007110785891153890374, 0.0008888482363942361341, 0.001066617883673083231, 0.001244387530951930436, 0.001422157178230777424 ),
 .UNSPECIFIED. ) ;
#502 = DIRECTION ( 'NONE',  ( -3.730588120380228476E-16, -0.000000000000000000, -1.000000000000000000 ) ) ;
#503 = EDGE_CURVE ( 'NONE', #796, #342, #778, .T. ) ;
#504 = EDGE_CURVE ( 'NONE', #1041, #1196, #833, .T. ) ;
#505 = ORIENTED_EDGE ( 'NONE', *, *, #1509, .F. ) ;
#506 = DIRECTION ( 'NONE',  ( -1.000000000000000000, 0.000000000000000000, 0.000000000000000000 ) ) ;
#507 = ORIENTED_EDGE ( 'NONE', *, *, #503, .T. ) ;
#508 = DIRECTION ( 'NONE',  ( -1.000000000000000000, 0.000000000000000000, 0.000000000000000000 ) ) ;
#509 = CIRCLE ( 'NONE', #740, 0.2000000000000000944 ) ;
#510 = CARTESIAN_POINT ( 'NONE',  ( 6.749999999999999112, 1.770000000000000018, -7.689999999999998614 ) ) ;
#511 = PLANE ( 'NONE',  #1529 ) ;
#512 = AXIS2_PLACEMENT_3D ( 'NONE', #1042, #1459, #638 ) ;
#513 = DIRECTION ( 'NONE',  ( 0.000000000000000000, -1.000000000000000000, 0.000000000000000000 ) ) ;
#514 = ORIENTED_EDGE ( 'NONE', *, *, #144, .F. ) ;
#515 = CARTESIAN_POINT ( 'NONE',  ( 7.950000000000001954, -8.673617379884035472E-16, -4.209999999999998188 ) ) ;
#516 = CARTESIAN_POINT ( 'NONE',  ( -1.050000000000000488, 2.168404344971008868E-16, 1.650000000000000577 ) ) ;
#517 = CARTESIAN_POINT ( 'NONE',  ( 7.749999999999999112, 1.770000000000000018, -6.989999999999999325 ) ) ;
#518 = VERTEX_POINT ( 'NONE', #1066 ) ;
#519 = DIRECTION ( 'NONE',  ( 0.000000000000000000, -0.000000000000000000, 1.000000000000000000 ) ) ;
#520 = DIRECTION ( 'NONE',  ( -1.857305648797437849E-16, 0.000000000000000000, -1.000000000000000000 ) ) ;
#521 = DIRECTION ( 'NONE',  ( -0.000000000000000000, -1.000000000000000000, -0.000000000000000000 ) ) ;
#522 = EDGE_LOOP ( 'NONE', ( #1677, #1326, #979, #194 ) ) ;
#523 = CARTESIAN_POINT ( 'NONE',  ( -0.7500000000000006661, 0.2000000000000005107, -1.699999999999998845 ) ) ;
#524 = EDGE_CURVE ( 'NONE', #1703, #1402, #378, .T. ) ;
#525 = ORIENTED_EDGE ( 'NONE', *, *, #524, .T. ) ;
#526 = LINE ( 'NONE', #87, #922 ) ;
#527 = DIRECTION ( 'NONE',  ( 0.000000000000000000, 0.000000000000000000, 1.000000000000000000 ) ) ;
#528 = ORIENTED_EDGE ( 'NONE', *, *, #1694, .T. ) ;
#529 = DIRECTION ( 'NONE',  ( -1.857305648797438096E-16, 0.000000000000000000, 1.000000000000000000 ) ) ;
#530 = EDGE_LOOP ( 'NONE', ( #362, #1633, #684, #102, #7, #1574, #1588, #1405, #1759, #1750, #1311, #728 ) ) ;
#531 = DIRECTION ( 'NONE',  ( 1.000000000000000000, -0.000000000000000000, 9.286528243987189247E-17 ) ) ;
#532 = EDGE_CURVE ( 'NONE', #518, #993, #1636, .T. ) ;
#533 = CARTESIAN_POINT ( 'NONE',  ( 6.970000000000000639, 2.550000000000000266, 1.649999999999999911 ) ) ;
#534 = EDGE_CURVE ( 'NONE', #1247, #1733, #70, .T. ) ;
#535 = ORIENTED_EDGE ( 'NONE', *, *, #1300, .F. ) ;
#536 = CARTESIAN_POINT ( 'NONE',  ( 7.950000000000000178, 0.2000000000000003164, -1.499999999999998668 ) ) ;
#537 = ORIENTED_EDGE ( 'NONE', *, *, #356, .F. ) ;
#538 = CARTESIAN_POINT ( 'NONE',  ( 7.950000000000000178, 2.168404344971008868E-16, -1.699999999999998845 ) ) ;
#539 = CARTESIAN_POINT ( 'NONE',  ( 0.2299999999999988720, 2.550000000000000266, -1.099999999999998979 ) ) ;
#540 = FACE_BOUND ( 'NONE', #1045, .T. ) ;
#541 = VECTOR ( 'NONE', #1417, 1000.000000000000000 ) ;
#542 = PLANE ( 'NONE',  #9 ) ;
#543 = CARTESIAN_POINT ( 'NONE',  ( -0.1358523916642209728, 1.322085591372020419, -0.2459417589453384290 ) ) ;
#544 = AXIS2_PLACEMENT_3D ( 'NONE', #1230, #1486, #1075 ) ;
#545 = ORIENTED_EDGE ( 'NONE', *, *, #1388, .T. ) ;
#546 = CIRCLE ( 'NONE', #1229, 0.1999999999999996503 ) ;
#547 = FACE_OUTER_BOUND ( 'NONE', #1747, .T. ) ;
#548 = ORIENTED_EDGE ( 'NONE', *, *, #1580, .F. ) ;
#549 = LINE ( 'NONE', #1632, #1183 ) ;
#550 = EDGE_CURVE ( 'NONE', #771, #1816, #1377, .T. ) ;
#551 = VERTEX_POINT ( 'NONE', #1744 ) ;
#552 = AXIS2_PLACEMENT_3D ( 'NONE', #1095, #291, #1772 ) ;
#553 = DIRECTION ( 'NONE',  ( 0.000000000000000000, 1.000000000000000000, 0.000000000000000000 ) ) ;
#554 = DIRECTION ( 'NONE',  ( -1.857305648797437849E-16, -0.000000000000000000, 1.000000000000000000 ) ) ;
#555 = DIRECTION ( 'NONE',  ( -9.286528243987189247E-17, 1.813350741828697253E-16, 1.000000000000000000 ) ) ;
#556 = CARTESIAN_POINT ( 'NONE',  ( 7.163882249785186396, 4.566491090814214004, 0.2790583880456542487 ) ) ;
#557 = DIRECTION ( 'NONE',  ( -0.000000000000000000, -1.000000000000000000, -0.000000000000000000 ) ) ;
#558 = VERTEX_POINT ( 'NONE', #651 ) ;
#559 = DIRECTION ( 'NONE',  ( 1.857305648797437849E-16, -0.000000000000000000, 1.000000000000000000 ) ) ;
#560 = ORIENTED_EDGE ( 'NONE', *, *, #1397, .F. ) ;
#561 = CARTESIAN_POINT ( 'NONE',  ( 7.749999999999999112, 3.080000000000000071, -6.989999999999999325 ) ) ;
#562 = CARTESIAN_POINT ( 'NONE',  ( 6.970000000000000639, 4.580000000000000071, 0.1507481343168168009 ) ) ;
#563 = DIRECTION ( 'NONE',  ( 0.000000000000000000, 1.000000000000000000, 0.000000000000000000 ) ) ;
#564 = DIRECTION ( 'NONE',  ( 1.857305648797437849E-16, -0.000000000000000000, 1.000000000000000000 ) ) ;
#565 = ORIENTED_EDGE ( 'NONE', *, *, #820, .F. ) ;
#566 = CARTESIAN_POINT ( 'NONE',  ( -0.7500000000000015543, 0.1999999999999994282, -4.409999999999999254 ) ) ;
#567 = ORIENTED_EDGE ( 'NONE', *, *, #897, .T. ) ;
#568 = VERTEX_POINT ( 'NONE', #1478 ) ;
#569 = CARTESIAN_POINT ( 'NONE',  ( -1.050000000000001377, -8.673617379884035472E-16, -3.609999999999998987 ) ) ;
#570 = CARTESIAN_POINT ( 'NONE',  ( -0.7500000000000006661, 2.168404344971008868E-16, 1.650000000000000577 ) ) ;
#571 = CARTESIAN_POINT ( 'NONE',  ( -0.02572826990586528709, 4.555477924685889413, 0.2797879147527072563 ) ) ;
#572 = FACE_OUTER_BOUND ( 'NONE', #114, .T. ) ;
#573 = AXIS2_PLACEMENT_3D ( 'NONE', #683, #274, #1798 ) ;
#574 = EDGE_CURVE ( 'NONE', #435, #1709, #509, .T. ) ;
#575 = VERTEX_POINT ( 'NONE', #94 ) ;
#576 = VECTOR ( 'NONE', #604, 1000.000000000000000 ) ;
#577 = PRESENTATION_STYLE_ASSIGNMENT (( #841 ) ) ;
#578 = VECTOR ( 'NONE', #967, 1000.000000000000000 ) ;
#579 = VECTOR ( 'NONE', #1540, 1000.000000000000000 ) ;
#580 = DIRECTION ( 'NONE',  ( 0.000000000000000000, -1.000000000000000000, 0.000000000000000000 ) ) ;
#581 = VECTOR ( 'NONE', #1784, 1000.000000000000000 ) ;
#582 = ORIENTED_EDGE ( 'NONE', *, *, #106, .T. ) ;
#583 = EDGE_CURVE ( 'NONE', #1170, #865, #1433, .T. ) ;
#584 = CARTESIAN_POINT ( 'NONE',  ( 8.250000000000000000, 3.299999999999999822, 1.649999999999999911 ) ) ;
#585 = CARTESIAN_POINT ( 'NONE',  ( -1.050000000000000488, 2.391599479297924713, -1.099999999999999423 ) ) ;
#586 = DIRECTION ( 'NONE',  ( 0.000000000000000000, 1.000000000000000000, 0.000000000000000000 ) ) ;
#587 = ORIENTED_EDGE ( 'NONE', *, *, #1552, .T. ) ;
#588 = ORIENTED_EDGE ( 'NONE', *, *, #297, .F. ) ;
#589 = FILL_AREA_STYLE_COLOUR ( '', #489 ) ;
#590 = ADVANCED_FACE ( 'NONE', ( #952 ), #1346, .T. ) ;
#591 = ORIENTED_EDGE ( 'NONE', *, *, #153, .T. ) ;
#592 = EDGE_CURVE ( 'NONE', #770, #725, #1663, .T. ) ;
#593 = FACE_OUTER_BOUND ( 'NONE', #735, .T. ) ;
#594 = DIRECTION ( 'NONE',  ( 0.000000000000000000, 0.000000000000000000, 1.000000000000000000 ) ) ;
#595 = ORIENTED_EDGE ( 'NONE', *, *, #106, .F. ) ;
#596 = ORIENTED_EDGE ( 'NONE', *, *, #1225, .F. ) ;
#597 = AXIS2_PLACEMENT_3D ( 'NONE', #39, #61, #1025 ) ;
#598 = DIRECTION ( 'NONE',  ( 0.000000000000000000, 1.000000000000000000, -1.586681899100110158E-16 ) ) ;
#599 = FACE_OUTER_BOUND ( 'NONE', #1318, .T. ) ;
#600 = ORIENTED_EDGE ( 'NONE', *, *, #1598, .F. ) ;
#601 = AXIS2_PLACEMENT_3D ( 'NONE', #1215, #643, #1190 ) ;
#602 = CIRCLE ( 'NONE', #1623, 1.279999999999999805 ) ;
#603 = EDGE_CURVE ( 'NONE', #121, #872, #1348, .T. ) ;
#604 = DIRECTION ( 'NONE',  ( -1.857305648797437849E-16, -0.000000000000000000, 1.000000000000000000 ) ) ;
#605 = DIRECTION ( 'NONE',  ( 1.857305648797437849E-16, 0.000000000000000000, -1.000000000000000000 ) ) ;
#606 = ORIENTED_EDGE ( 'NONE', *, *, #394, .F. ) ;
#607 = VERTEX_POINT ( 'NONE', #1089 ) ;
#608 = CARTESIAN_POINT ( 'NONE',  ( -0.7500000000000006661, 2.168404344971008868E-16, 1.350000000000000755 ) ) ;
#609 = ORIENTED_EDGE ( 'NONE', *, *, #856, .F. ) ;
#610 = CARTESIAN_POINT ( 'NONE',  ( -0.5499999999999992673, 2.770000000000000018, -6.989999999999999325 ) ) ;
#611 = ORIENTED_EDGE ( 'NONE', *, *, #673, .T. ) ;
#612 = CARTESIAN_POINT ( 'NONE',  ( 8.250000000000000000, 2.550000000000000266, -4.409999999999999254 ) ) ;
#613 = EDGE_CURVE ( 'NONE', #887, #1697, #1812, .T. ) ;
#614 = EDGE_CURVE ( 'NONE', #19, #921, #1502, .T. ) ;
#615 = FACE_OUTER_BOUND ( 'NONE', #381, .T. ) ;
#616 = LINE ( 'NONE', #869, #541 ) ;
#617 = ORIENTED_EDGE ( 'NONE', *, *, #1314, .F. ) ;
#618 = CARTESIAN_POINT ( 'NONE',  ( 6.970000000000000639, 1.270000000000000018, 1.649999999999999911 ) ) ;
#619 = ORIENTED_EDGE ( 'NONE', *, *, #1059, .F. ) ;
#620 = CARTESIAN_POINT ( 'NONE',  ( -0.1851295864291063464, 1.338617310004563743, 0.2114440840253723475 ) ) ;
#621 = CARTESIAN_POINT ( 'NONE',  ( -0.7500000000000006661, 2.168404344971008868E-16, 1.650000000000000577 ) ) ;
#622 = LINE ( 'NONE', #69, #1408 ) ;
#623 = PLANE ( 'NONE',  #916 ) ;
#624 = ADVANCED_FACE ( 'NONE', ( #809 ), #542, .T. ) ;
#625 = CARTESIAN_POINT ( 'NONE',  ( 8.250000000000000000, 0.1999999999999994282, -3.409999999999999254 ) ) ;
#626 = ORIENTED_EDGE ( 'NONE', *, *, #496, .F. ) ;
#627 = CARTESIAN_POINT ( 'NONE',  ( -1.050000000000000488, 2.168404344971008868E-16, 1.350000000000000755 ) ) ;
#628 = AXIS2_PLACEMENT_3D ( 'NONE', #498, #1758, #1468 ) ;
#629 = VECTOR ( 'NONE', #341, 1000.000000000000000 ) ;
#630 = CARTESIAN_POINT ( 'NONE',  ( 0.4500000000000007327, 1.770000000000000018, -6.989999999999999325 ) ) ;
#631 = CARTESIAN_POINT ( 'NONE',  ( -0.7500000000000015543, -8.673617379884035472E-16, -4.409999999999999254 ) ) ;
#632 = VECTOR ( 'NONE', #559, 1000.000000000000000 ) ;
#633 = EDGE_LOOP ( 'NONE', ( #852, #1315, #1195, #1442 ) ) ;
#634 = EDGE_LOOP ( 'NONE', ( #47, #582, #180, #375 ) ) ;
#635 = EDGE_CURVE ( 'NONE', #192, #721, #1477, .T. ) ;
#636 = DIRECTION ( 'NONE',  ( -1.000000000000000000, 0.000000000000000000, 9.286528243987190480E-17 ) ) ;
#637 = ADVANCED_FACE ( 'NONE', ( #262 ), #1386, .T. ) ;
#638 = DIRECTION ( 'NONE',  ( -1.000000000000000000, 0.000000000000000000, 0.000000000000000000 ) ) ;
#639 = B_SPLINE_CURVE_WITH_KNOTS ( 'NONE', 3,
 ( #562, #271, #1252, #556, #1106, #117, #1528, #427, #1364, #806, #1517, #400, #1681, #970, #694, #293, #940, #1689 ),
 .UNSPECIFIED., .F., .F.,
 ( 4, 2, 2, 2, 2, 2, 2, 2, 4 ),
 ( 0.000000000000000000, 0.0001777696472788473678, 0.0003555392945576947355, 0.0005333089418365420491, 0.0007110785891153894710, 0.0008888482363942368930, 0.001066617883673084098, 0.001244387530951931520, 0.001422157178230778942 ),
 .UNSPECIFIED. ) ;
#640 = DIRECTION ( 'NONE',  ( -9.286528243987190480E-17, 1.586681899100110158E-16, 1.000000000000000000 ) ) ;
#641 = CARTESIAN_POINT ( 'NONE',  ( -1.050000000000001377, 0.1999999999999992339, -3.609999999999998987 ) ) ;
#642 = ORIENTED_EDGE ( 'NONE', *, *, #1286, .T. ) ;
#643 = DIRECTION ( 'NONE',  ( 1.000000000000000000, -0.000000000000000000, 1.857305648797438096E-16 ) ) ;
#644 = CARTESIAN_POINT ( 'NONE',  ( 7.454935252690711778, 1.364835170624083993, 0.1183096390663868347 ) ) ;
#645 = VERTEX_POINT ( 'NONE', #1068 ) ;
#646 = EDGE_CURVE ( 'NONE', #690, #1613, #1465, .T. ) ;
#647 = ORIENTED_EDGE ( 'NONE', *, *, #429, .F. ) ;
#648 = CARTESIAN_POINT ( 'NONE',  ( -0.5499999999999992673, 3.080000000000000071, -6.989999999999999325 ) ) ;
#649 = CARTESIAN_POINT ( 'NONE',  ( -0.7500000000000006661, 2.168404344971008868E-16, 1.350000000000000755 ) ) ;
#650 = CARTESIAN_POINT ( 'NONE',  ( 7.950000000000000178, 1.270000000000000018, 1.649999999999999911 ) ) ;
#651 = CARTESIAN_POINT ( 'NONE',  ( 0.2299999999999984279, 1.270000000000000240, -0.1507481343168148580 ) ) ;
#652 = LINE ( 'NONE', #1451, #1447 ) ;
#653 = ORIENTED_EDGE ( 'NONE', *, *, #709, .F. ) ;
#654 = LINE ( 'NONE', #515, #774 ) ;
#655 = LINE ( 'NONE', #935, #1352 ) ;
#656 = PLANE ( 'NONE',  #140 ) ;
#657 = AXIS2_PLACEMENT_3D ( 'NONE', #1365, #821, #118 ) ;
#658 = ADVANCED_FACE ( 'NONE', ( #380 ), #233, .T. ) ;
#659 = AXIS2_PLACEMENT_3D ( 'NONE', #1288, #1399, #1271 ) ;
#660 = LINE ( 'NONE', #1202, #1746 ) ;
#661 = CARTESIAN_POINT ( 'NONE',  ( 7.950000000000000178, 2.168404344971008868E-16, -1.499999999999998668 ) ) ;
#662 = VECTOR ( 'NONE', #773, 1000.000000000000000 ) ;
#663 = ORIENTED_EDGE ( 'NONE', *, *, #1375, .T. ) ;
#664 = DIRECTION ( 'NONE',  ( -0.000000000000000000, 0.000000000000000000, -1.000000000000000000 ) ) ;
#665 = CIRCLE ( 'NONE', #1690, 1.279999999999999805 ) ;
#666 = ORIENTED_EDGE ( 'NONE', *, *, #1534, .F. ) ;
#667 = CARTESIAN_POINT ( 'NONE',  ( 0.2299999999999993161, 4.580000000000000071, 1.649999999999999689 ) ) ;
#668 = VERTEX_POINT ( 'NONE', #246 ) ;
#669 = DIRECTION ( 'NONE',  ( 0.000000000000000000, 1.000000000000000000, 0.000000000000000000 ) ) ;
#670 = FACE_OUTER_BOUND ( 'NONE', #1274, .T. ) ;
#671 = DIRECTION ( 'NONE',  ( -1.000000000000000000, 0.000000000000000000, 3.730588120380228476E-16 ) ) ;
#672 = AXIS2_PLACEMENT_3D ( 'NONE', #931, #1069, #1780 ) ;
#673 = EDGE_CURVE ( 'NONE', #551, #472, #11, .T. ) ;
#674 = EDGE_CURVE ( 'NONE', #1208, #815, #836, .T. ) ;
#675 = ORIENTED_EDGE ( 'NONE', *, *, #419, .F. ) ;
#676 = DIRECTION ( 'NONE',  ( -0.000000000000000000, 1.000000000000000000, -0.000000000000000000 ) ) ;
#677 = ORIENTED_EDGE ( 'NONE', *, *, #1463, .T. ) ;
#678 = CARTESIAN_POINT ( 'NONE',  ( -1.050000000000001377, 2.498279583438345330, -3.409999999999999254 ) ) ;
#679 = ORIENTED_EDGE ( 'NONE', *, *, #804, .F. ) ;
#680 = DIRECTION ( 'NONE',  ( -9.286528243987189247E-17, 1.586681899100110158E-16, 1.000000000000000000 ) ) ;
#681 = DIRECTION ( 'NONE',  ( -1.865294060190115717E-16, 0.000000000000000000, -1.000000000000000000 ) ) ;
#682 = CARTESIAN_POINT ( 'NONE',  ( 0.2299999999999993161, 1.270000000000000018, 1.649999999999999911 ) ) ;
#683 = CARTESIAN_POINT ( 'NONE',  ( 0.4500000000000007327, 3.080000000000000071, -6.989999999999997549 ) ) ;
#684 = ORIENTED_EDGE ( 'NONE', *, *, #1323, .F. ) ;
#685 = EDGE_CURVE ( 'NONE', #963, #721, #288, .T. ) ;
#686 = FACE_OUTER_BOUND ( 'NONE', #278, .T. ) ;
#687 = EDGE_LOOP ( 'NONE', ( #286, #1546, #932, #528 ) ) ;
#688 = CARTESIAN_POINT ( 'NONE',  ( 6.749999999999999112, 3.080000000000000071, -6.990000000000001101 ) ) ;
#689 = CARTESIAN_POINT ( 'NONE',  ( 0.2299999999999993161, 2.550000000000000266, 1.649999999999999911 ) ) ;
#690 = VERTEX_POINT ( 'NONE', #178 ) ;
#691 = AXIS2_PLACEMENT_3D ( 'NONE', #762, #461, #318 ) ;
#692 = CYLINDRICAL_SURFACE ( 'NONE', #346, 0.2000000000000000944 ) ;
#693 = LINE ( 'NONE', #968, #134 ) ;
#694 = CARTESIAN_POINT ( 'NONE',  ( 7.163606848516148595, 4.566507423735715498, -0.2788866263040113425 ) ) ;
#695 = CIRCLE ( 'NONE', #1712, 1.279999999999999805 ) ;
#696 = VECTOR ( 'NONE', #1301, 1000.000000000000000 ) ;
#697 = LINE ( 'NONE', #1400, #1026 ) ;
#698 = AXIS2_PLACEMENT_3D ( 'NONE', #917, #468, #1014 ) ;
#699 = ORIENTED_EDGE ( 'NONE', *, *, #272, .F. ) ;
#700 = AXIS2_PLACEMENT_3D ( 'NONE', #847, #303, #1404 ) ;
#701 = CARTESIAN_POINT ( 'NONE',  ( 7.749999999999999112, 4.080000000000000071, -7.689999999999998614 ) ) ;
#702 = EDGE_CURVE ( 'NONE', #921, #1401, #719, .T. ) ;
#703 = VECTOR ( 'NONE', #396, 1000.000000000000000 ) ;
#704 = ORIENTED_EDGE ( 'NONE', *, *, #1702, .F. ) ;
#705 = DIRECTION ( 'NONE',  ( -1.000000000000000000, -0.000000000000000000, -9.286528243987189247E-17 ) ) ;
#706 = PLANE ( 'NONE',  #950 ) ;
#707 = CARTESIAN_POINT ( 'NONE',  ( 0.2299999999999993161, 3.299999999999999822, 1.650000000000000577 ) ) ;
#708 = ORIENTED_EDGE ( 'NONE', *, *, #583, .F. ) ;
#709 = EDGE_CURVE ( 'NONE', #993, #1474, #1108, .T. ) ;
#710 = DIRECTION ( 'NONE',  ( 9.286528243987189247E-17, 0.000000000000000000, -1.000000000000000000 ) ) ;
#711 = VERTEX_POINT ( 'NONE', #1416 ) ;
#712 = LINE ( 'NONE', #863, #292 ) ;
#713 = ORIENTED_EDGE ( 'NONE', *, *, #804, .T. ) ;
#714 = ADVANCED_FACE ( 'NONE', ( #593 ), #23, .F. ) ;
#715 = EDGE_CURVE ( 'NONE', #234, #56, #857, .T. ) ;
#716 = CARTESIAN_POINT ( 'NONE',  ( -0.2749189285899908408, 4.476204439409548819, -0.05963413219192810477 ) ) ;
#717 = AXIS2_PLACEMENT_3D ( 'NONE', #1132, #1706, #470 ) ;
#718 = ORIENTED_EDGE ( 'NONE', *, *, #1543, .T. ) ;
#719 = CIRCLE ( 'NONE', #659, 0.2000000000000000944 ) ;
#720 = DIRECTION ( 'NONE',  ( 1.857305648797437849E-16, 0.000000000000000000, -1.000000000000000000 ) ) ;
#721 = VERTEX_POINT ( 'NONE', #1567 ) ;
#722 = AXIS2_PLACEMENT_3D ( 'NONE', #533, #1207, #1063 ) ;
#723 = CARTESIAN_POINT ( 'NONE',  ( 6.970000000000001528, 1.270000000000000240, 0.1507481343168174670 ) ) ;
#724 = EDGE_CURVE ( 'NONE', #1613, #690, #1403, .T. ) ;
#725 = VERTEX_POINT ( 'NONE', #1537 ) ;
#726 = ADVANCED_FACE ( 'NONE', ( #301 ), #1261, .T. ) ;
#727 = DIRECTION ( 'NONE',  ( 0.000000000000000000, -1.000000000000000000, 0.000000000000000000 ) ) ;
#728 = ORIENTED_EDGE ( 'NONE', *, *, #144, .T. ) ;
#729 = ORIENTED_EDGE ( 'NONE', *, *, #503, .F. ) ;
#730 = DIRECTION ( 'NONE',  ( 3.730588120380228476E-16, 0.000000000000000000, 1.000000000000000000 ) ) ;
#731 = LINE ( 'NONE', #51, #1197 ) ;
#732 = ORIENTED_EDGE ( 'NONE', *, *, #1323, .T. ) ;
#733 = CARTESIAN_POINT ( 'NONE',  ( 8.250000000000000000, 2.498279583438345330, -3.409999999999999254 ) ) ;
#734 = ADVANCED_FACE ( 'NONE', ( #306 ), #1743, .T. ) ;
#735 = EDGE_LOOP ( 'NONE', ( #97, #453, #323, #955, #1605, #611, #1217, #1051 ) ) ;
#736 = PLANE ( 'NONE',  #1593 ) ;
#737 = CARTESIAN_POINT ( 'NONE',  ( 0.03611775021481351128, 4.566491090814214004, -0.2790583880456515287 ) ) ;
#738 = DIRECTION ( 'NONE',  ( -1.000000000000000000, 0.000000000000000000, 0.000000000000000000 ) ) ;
#739 = ORIENTED_EDGE ( 'NONE', *, *, #592, .F. ) ;
#740 = AXIS2_PLACEMENT_3D ( 'NONE', #1173, #1212, #1245 ) ;
#741 = DIRECTION ( 'NONE',  ( 1.000000000000000000, 0.000000000000000000, 0.000000000000000000 ) ) ;
#742 = ORIENTED_EDGE ( 'NONE', *, *, #1310, .T. ) ;
#743 = CIRCLE ( 'NONE', #628, 1.280000000000000027 ) ;
#744 = CARTESIAN_POINT ( 'NONE',  ( 7.950000000000000178, 0.2000000000000005107, -1.299999999999999156 ) ) ;
#745 = VECTOR ( 'NONE', #835, 1000.000000000000000 ) ;
#746 = ADVANCED_FACE ( 'NONE', ( #1312, #885 ), #1050, .F. ) ;
#747 = EDGE_CURVE ( 'NONE', #1652, #1074, #777, .T. ) ;
#748 = AXIS2_PLACEMENT_3D ( 'NONE', #1222, #1244, #418 ) ;
#749 = AXIS2_PLACEMENT_3D ( 'NONE', #103, #669, #527 ) ;
#750 = LINE ( 'NONE', #358, #696 ) ;
#751 = FACE_OUTER_BOUND ( 'NONE', #1359, .T. ) ;
#752 = ORIENTED_EDGE ( 'NONE', *, *, #256, .F. ) ;
#753 = CARTESIAN_POINT ( 'NONE',  ( 6.970000000000002416, 2.550000000000000266, -4.409999999999999254 ) ) ;
#754 = LINE ( 'NONE', #1176, #864 ) ;
#755 = ORIENTED_EDGE ( 'NONE', *, *, #1499, .F. ) ;
#756 = CARTESIAN_POINT ( 'NONE',  ( 0.2299999999999988720, 1.270000000000000018, 0.1507481343168168009 ) ) ;
#757 = CARTESIAN_POINT ( 'NONE',  ( 0.2299999999999975675, 4.580000000000000071, -6.989999999999997549 ) ) ;
#758 = EDGE_CURVE ( 'NONE', #914, #1550, #923, .T. ) ;
#759 = ORIENTED_EDGE ( 'NONE', *, *, #1264, .T. ) ;
#760 = ADVANCED_FACE ( 'NONE', ( #615 ), #1331, .T. ) ;
#761 = PLANE ( 'NONE',  #1591 ) ;
#762 = CARTESIAN_POINT ( 'NONE',  ( -0.7500000000000015543, -8.673617379884035472E-16, -4.409999999999999254 ) ) ;
#763 = ORIENTED_EDGE ( 'NONE', *, *, #153, .F. ) ;
#764 = DIRECTION ( 'NONE',  ( 0.000000000000000000, -1.000000000000000000, 1.694065894508600678E-16 ) ) ;
#765 = ORIENTED_EDGE ( 'NONE', *, *, #646, .T. ) ;
#766 = CARTESIAN_POINT ( 'NONE',  ( -1.050000000000001377, -8.673617379884035472E-16, -4.209999999999998188 ) ) ;
#767 = DIRECTION ( 'NONE',  ( 0.000000000000000000, 0.000000000000000000, 1.000000000000000000 ) ) ;
#768 = DIRECTION ( 'NONE',  ( 0.000000000000000000, 0.000000000000000000, -1.000000000000000000 ) ) ;
#769 = EDGE_CURVE ( 'NONE', #1693, #998, #622, .T. ) ;
#770 = VERTEX_POINT ( 'NONE', #335 ) ;
#771 = VERTEX_POINT ( 'NONE', #911 ) ;
#772 = ORIENTED_EDGE ( 'NONE', *, *, #1249, .T. ) ;
#773 = DIRECTION ( 'NONE',  ( 1.000000000000000000, -0.000000000000000000, -9.286528243987189247E-17 ) ) ;
#774 = VECTOR ( 'NONE', #531, 1000.000000000000000 ) ;
#775 = ORIENTED_EDGE ( 'NONE', *, *, #1213, .F. ) ;
#776 = VECTOR ( 'NONE', #1470, 1000.000000000000000 ) ;
#777 = LINE ( 'NONE', #488, #1030 ) ;
#778 = LINE ( 'NONE', #1332, #159 ) ;
#779 = CIRCLE ( 'NONE', #457, 0.2750000000000002442 ) ;
#780 = PRODUCT_DEFINITION_FORMATION_WITH_SPECIFIED_SOURCE ( '任何', '', #1630, .NOT_KNOWN. ) ;
#781 = ORIENTED_EDGE ( 'NONE', *, *, #1264, .F. ) ;
#782 = CARTESIAN_POINT ( 'NONE',  ( -0.7500000000000006661, 2.168404344971008868E-16, 1.350000000000000755 ) ) ;
#783 = EDGE_CURVE ( 'NONE', #575, #518, #432, .T. ) ;
#784 = CARTESIAN_POINT ( 'NONE',  ( 7.950000000000000178, 1.726592445990443370, -1.099999999999999423 ) ) ;
#785 = CARTESIAN_POINT ( 'NONE',  ( -0.7500000000000006661, 0.2000000000000005107, -1.499999999999998668 ) ) ;
#786 = CARTESIAN_POINT ( 'NONE',  ( -0.7500000000000015543, -8.673617379884035472E-16, -3.609999999999998987 ) ) ;
#787 = LINE ( 'NONE', #733, #136 ) ;
#788 = ORIENTED_EDGE ( 'NONE', *, *, #82, .F. ) ;
#789 = ORIENTED_EDGE ( 'NONE', *, *, #1496, .F. ) ;
#790 = PLANE ( 'NONE',  #1657 ) ;
#791 = EDGE_CURVE ( 'NONE', #1062, #109, #750, .T. ) ;
#792 = CARTESIAN_POINT ( 'NONE',  ( -0.7500000000000006661, 1.726592445990443370, -1.099999999999999423 ) ) ;
#793 = DIRECTION ( 'NONE',  ( 3.730588120380228476E-16, 0.000000000000000000, 1.000000000000000000 ) ) ;
#794 = CARTESIAN_POINT ( 'NONE',  ( 7.200000000000000178, 4.580000000000000071, 1.301042606982605321E-15 ) ) ;
#795 = CARTESIAN_POINT ( 'NONE',  ( -0.7500000000000015543, 1.270000000000000018, 1.649999999999999911 ) ) ;
#796 = VERTEX_POINT ( 'NONE', #347 ) ;
#797 = LINE ( 'NONE', #667, #349 ) ;
#798 = EDGE_CURVE ( 'NONE', #568, #463, #743, .T. ) ;
#799 = DIRECTION ( 'NONE',  ( -1.865294060190115717E-16, 0.000000000000000000, -1.000000000000000000 ) ) ;
#800 = VECTOR ( 'NONE', #1788, 1000.000000000000000 ) ;
#801 = ORIENTED_EDGE ( 'NONE', *, *, #152, .F. ) ;
#802 = VECTOR ( 'NONE', #165, 1000.000000000000000 ) ;
#803 = DIRECTION ( 'NONE',  ( -1.865294060190115964E-16, 0.000000000000000000, -1.000000000000000000 ) ) ;
#804 = EDGE_CURVE ( 'NONE', #261, #1794, #1445, .T. ) ;
#805 = CARTESIAN_POINT ( 'NONE',  ( 8.250000000000000000, 2.391599479297924713, 1.350000000000000533 ) ) ;
#806 = CARTESIAN_POINT ( 'NONE',  ( 7.475080559948103165, 4.476135041437719231, -0.05888406030489865689 ) ) ;
#807 = CIRCLE ( 'NONE', #838, 1.280000000000000027 ) ;
#808 = ORIENTED_EDGE ( 'NONE', *, *, #1309, .T. ) ;
#809 = FACE_OUTER_BOUND ( 'NONE', #1214, .T. ) ;
#810 = CIRCLE ( 'NONE', #748, 0.2000000000000000944 ) ;
#811 = ORIENTED_EDGE ( 'NONE', *, *, #1556, .T. ) ;
#812 = DIRECTION ( 'NONE',  ( 0.000000000000000000, 0.000000000000000000, 1.000000000000000000 ) ) ;
#813 = VECTOR ( 'NONE', #1793, 1000.000000000000000 ) ;
#814 = CIRCLE ( 'NONE', #258, 1.279999999999999805 ) ;
#815 = VERTEX_POINT ( 'NONE', #630 ) ;
#816 = LINE ( 'NONE', #678, #983 ) ;
#817 = ORIENTED_EDGE ( 'NONE', *, *, #724, .T. ) ;
#818 = FACE_OUTER_BOUND ( 'NONE', #989, .T. ) ;
#819 = FILL_AREA_STYLE ('',( #827 ) ) ;
#820 = EDGE_CURVE ( 'NONE', #998, #607, #999, .T. ) ;
#821 = DIRECTION ( 'NONE',  ( -1.000000000000000000, 0.000000000000000000, 0.000000000000000000 ) ) ;
#822 = CARTESIAN_POINT ( 'NONE',  ( -0.1854390465188469894, 1.338724527318678525, -0.2111907047828452677 ) ) ;
#823 = ORIENTED_EDGE ( 'NONE', *, *, #981, .T. ) ;
#824 = CARTESIAN_POINT ( 'NONE',  ( 7.052461384501479635, 1.271436436372391121, 0.2394463796822594581 ) ) ;
#825 = CARTESIAN_POINT ( 'NONE',  ( 7.950000000000000178, 2.391599479297924713, -1.099999999999999423 ) ) ;
#826 = CARTESIAN_POINT ( 'NONE',  ( 8.250000000000000000, 2.549996421754673559, -1.699999999999999289 ) ) ;
#827 = FILL_AREA_STYLE_COLOUR ( '', #1501 ) ;
#828 = ADVANCED_FACE ( 'NONE', ( #906 ), #761, .T. ) ;
#829 = VERTEX_POINT ( 'NONE', #1182 ) ;
#830 = CARTESIAN_POINT ( 'NONE',  ( 7.950000000000000178, 1.270000000000000018, 1.649999999999999911 ) ) ;
#831 = ORIENTED_EDGE ( 'NONE', *, *, #1556, .F. ) ;
#832 = CARTESIAN_POINT ( 'NONE',  ( 8.250000000000001776, 2.550000000000000266, -6.990000000000001101 ) ) ;
#833 = CIRCLE ( 'NONE', #244, 0.2000000000000000944 ) ;
#834 = LINE ( 'NONE', #648, #1410 ) ;
#835 = DIRECTION ( 'NONE',  ( 0.000000000000000000, 0.000000000000000000, 1.000000000000000000 ) ) ;
#836 = CIRCLE ( 'NONE', #96, 1.000000000000000000 ) ;
#837 = DIRECTION ( 'NONE',  ( -0.000000000000000000, 1.000000000000000000, -0.000000000000000000 ) ) ;
#838 = AXIS2_PLACEMENT_3D ( 'NONE', #1467, #502, #1320 ) ;
#839 = ORIENTED_EDGE ( 'NONE', *, *, #1420, .F. ) ;
#840 = CIRCLE ( 'NONE', #722, 1.279999999999999805 ) ;
#841 = SURFACE_STYLE_USAGE ( .BOTH. , #321 ) ;
#842 = EDGE_CURVE ( 'NONE', #645, #1140, #1084, .T. ) ;
#843 = EDGE_LOOP ( 'NONE', ( #505, #1048, #125, #232, #606, #1189 ) ) ;
#844 = DIRECTION ( 'NONE',  ( 0.000000000000000000, -1.000000000000000000, 1.694065894508600678E-16 ) ) ;
#845 = PLANE ( 'NONE',  #1771 ) ;
#846 = ORIENTED_EDGE ( 'NONE', *, *, #849, .F. ) ;
#847 = CARTESIAN_POINT ( 'NONE',  ( 0.2299999999999980116, 2.550000000000000266, -4.409999999999999254 ) ) ;
#848 = ORIENTED_EDGE ( 'NONE', *, *, #28, .T. ) ;
#849 = EDGE_CURVE ( 'NONE', #1196, #1778, #1036, .T. ) ;
#850 = FACE_OUTER_BOUND ( 'NONE', #891, .T. ) ;
#851 = EDGE_LOOP ( 'NONE', ( #984, #1579 ) ) ;
#852 = ORIENTED_EDGE ( 'NONE', *, *, #226, .F. ) ;
#853 = FILL_AREA_STYLE ('',( #589 ) ) ;
#854 = ORIENTED_EDGE ( 'NONE', *, *, #1406, .F. ) ;
#855 = ADVANCED_FACE ( 'NONE', ( #478 ), #1024, .T. ) ;
#856 = EDGE_CURVE ( 'NONE', #1100, #86, #1324, .T. ) ;
#857 = LINE ( 'NONE', #585, #862 ) ;
#858 = LINE ( 'NONE', #1016, #1322 ) ;
#859 = AXIS2_PLACEMENT_3D ( 'NONE', #148, #710, #438 ) ;
#860 = ORIENTED_EDGE ( 'NONE', *, *, #88, .F. ) ;
#861 = ORIENTED_EDGE ( 'NONE', *, *, #769, .T. ) ;
#862 = VECTOR ( 'NONE', #1008, 1000.000000000000000 ) ;
#863 = CARTESIAN_POINT ( 'NONE',  ( 7.950000000000000178, 2.391599479297924713, 1.350000000000000311 ) ) ;
#864 = VECTOR ( 'NONE', #882, 1000.000000000000000 ) ;
#865 = VERTEX_POINT ( 'NONE', #365 ) ;
#866 = AXIS2_PLACEMENT_3D ( 'NONE', #1248, #1824, #1701 ) ;
#867 =( GEOMETRIC_REPRESENTATION_CONTEXT ( 3 ) GLOBAL_UNCERTAINTY_ASSIGNED_CONTEXT ( ( #901 ) ) GLOBAL_UNIT_ASSIGNED_CONTEXT ( ( #1398, #154, #1006 ) ) REPRESENTATION_CONTEXT ( 'NONE', 'WORKASPACE' ) );
#868 = CARTESIAN_POINT ( 'NONE',  ( 0.2299999999999988720, 4.580000000000000071, 0.1507481343168166066 ) ) ;
#869 = CARTESIAN_POINT ( 'NONE',  ( 7.950000000000000178, 2.168404344971008868E-16, -1.299999999999999156 ) ) ;
#870 = EDGE_CURVE ( 'NONE', #1247, #45, #1437, .T. ) ;
#871 = ORIENTED_EDGE ( 'NONE', *, *, #1803, .F. ) ;
#872 = VERTEX_POINT ( 'NONE', #1369 ) ;
#873 =( LENGTH_UNIT ( ) NAMED_UNIT ( * ) SI_UNIT ( .MILLI., .METRE. ) );
#874 = ORIENTED_EDGE ( 'NONE', *, *, #355, .F. ) ;
#875 = ORIENTED_EDGE ( 'NONE', *, *, #791, .T. ) ;
#876 = CARTESIAN_POINT ( 'NONE',  ( 0.2299999999999988720, 4.580000000000000071, -0.1507481343168139976 ) ) ;
#877 = FACE_OUTER_BOUND ( 'NONE', #322, .T. ) ;
#878 = VERTEX_POINT ( 'NONE', #792 ) ;
#879 = ADVANCED_FACE ( 'NONE', ( #1775 ), #1507, .T. ) ;
#880 = LINE ( 'NONE', #930, #1808 ) ;
#881 = ORIENTED_EDGE ( 'NONE', *, *, #287, .F. ) ;
#882 = DIRECTION ( 'NONE',  ( 0.000000000000000000, 0.000000000000000000, 1.000000000000000000 ) ) ;
#883 = ORIENTED_EDGE ( 'NONE', *, *, #226, .T. ) ;
#884 = CARTESIAN_POINT ( 'NONE',  ( -0.7500000000000006661, 1.726592445990444036, 1.350000000000000533 ) ) ;
#885 = FACE_OUTER_BOUND ( 'NONE', #1110, .T. ) ;
#886 = DIRECTION ( 'NONE',  ( 0.000000000000000000, -1.000000000000000000, 0.000000000000000000 ) ) ;
#887 = VERTEX_POINT ( 'NONE', #826 ) ;
#888 = AXIS2_PLACEMENT_3D ( 'NONE', #795, #411, #664 ) ;
#889 = FACE_OUTER_BOUND ( 'NONE', #1243, .T. ) ;
#890 = LINE ( 'NONE', #1441, #1688 ) ;
#891 = EDGE_LOOP ( 'NONE', ( #1282, #107, #1489, #406 ) ) ;
#892 = AXIS2_PLACEMENT_3D ( 'NONE', #390, #563, #1627 ) ;
#893 = LINE ( 'NONE', #1430, #357 ) ;
#894 = LINE ( 'NONE', #495, #662 ) ;
#895 = VECTOR ( 'NONE', #333, 1000.000000000000000 ) ;
#896 = AXIS2_PLACEMENT_3D ( 'NONE', #21, #1022, #1167 ) ;
#897 = EDGE_CURVE ( 'NONE', #109, #1693, #1351, .T. ) ;
#898 = DIRECTION ( 'NONE',  ( -1.000000000000000000, 0.000000000000000000, 9.286528243987190480E-17 ) ) ;
#899 = CARTESIAN_POINT ( 'NONE',  ( 7.950000000000000178, 2.168404344971008868E-16, -1.299999999999999156 ) ) ;
#900 = ORIENTED_EDGE ( 'NONE', *, *, #297, .T. ) ;
#901 = UNCERTAINTY_MEASURE_WITH_UNIT (LENGTH_MEASURE( 1.000000000000000082E-05 ), #1398, 'distance_accuracy_value', 'NONE');
#902 = FACE_OUTER_BOUND ( 'NONE', #1362, .T. ) ;
#903 = VERTEX_POINT ( 'NONE', #938 ) ;
#904 = LINE ( 'NONE', #1185, #1715 ) ;
#905 = ADVANCED_FACE ( 'NONE', ( #1671 ), #692, .T. ) ;
#906 = FACE_OUTER_BOUND ( 'NONE', #1583, .T. ) ;
#907 = EDGE_LOOP ( 'NONE', ( #823, #507, #151, #545 ) ) ;
#908 = ORIENTED_EDGE ( 'NONE', *, *, #257, .F. ) ;
#909 = CARTESIAN_POINT ( 'NONE',  ( 7.385129586429106219, 1.338617310004563299, -0.2114440840253694887 ) ) ;
#910 = EDGE_CURVE ( 'NONE', #1522, #903, #1526, .T. ) ;
#911 = CARTESIAN_POINT ( 'NONE',  ( -0.7500000000000006661, 1.726592445990444036, 1.649999999999999911 ) ) ;
#912 = LINE ( 'NONE', #1625, #1742 ) ;
#913 = EDGE_CURVE ( 'NONE', #32, #575, #1809, .T. ) ;
#914 = VERTEX_POINT ( 'NONE', #417 ) ;
#915 = LINE ( 'NONE', #1012, #373 ) ;
#916 = AXIS2_PLACEMENT_3D ( 'NONE', #166, #445, #1409 ) ;
#917 = CARTESIAN_POINT ( 'NONE',  ( 6.970000000000002416, 2.550000000000000266, -6.990000000000001101 ) ) ;
#918 = AXIS2_PLACEMENT_3D ( 'NONE', #1097, #553, #519 ) ;
#919 = AXIS2_PLACEMENT_3D ( 'NONE', #1646, #126, #83 ) ;
#920 = AXIS2_PLACEMENT_3D ( 'NONE', #116, #681, #387 ) ;
#921 = VERTEX_POINT ( 'NONE', #1220 ) ;
#922 = VECTOR ( 'NONE', #236, 1000.000000000000000 ) ;
#923 = LINE ( 'NONE', #469, #576 ) ;
#924 = DIRECTION ( 'NONE',  ( -0.000000000000000000, 1.000000000000000000, -1.246678635007229393E-16 ) ) ;
#925 = ORIENTED_EDGE ( 'NONE', *, *, #1314, .T. ) ;
#926 = EDGE_CURVE ( 'NONE', #1585, #435, #91, .T. ) ;
#927 = ORIENTED_EDGE ( 'NONE', *, *, #1353, .T. ) ;
#928 = CARTESIAN_POINT ( 'NONE',  ( -1.050000000000002265, 4.580000000000000071, -7.689999999999998614 ) ) ;
#929 = LINE ( 'NONE', #1342, #1000 ) ;
#930 = CARTESIAN_POINT ( 'NONE',  ( -0.7500000000000006661, 2.391599479297924713, 1.650000000000000355 ) ) ;
#931 = CARTESIAN_POINT ( 'NONE',  ( 6.970000000000001528, 2.550000000000000266, -3.409999999999999254 ) ) ;
#932 = ORIENTED_EDGE ( 'NONE', *, *, #1581, .F. ) ;
#933 = EDGE_CURVE ( 'NONE', #1316, #771, #1192, .T. ) ;
#934 = CARTESIAN_POINT ( 'NONE',  ( 6.970000000000000639, 4.580000000000000071, 1.649999999999999911 ) ) ;
#935 = CARTESIAN_POINT ( 'NONE',  ( 6.749999999999999112, 4.080000000000000071, -6.990000000000001101 ) ) ;
#936 = DIRECTION ( 'NONE',  ( -9.286528243987189247E-17, 0.000000000000000000, 1.000000000000000000 ) ) ;
#937 = ORIENTED_EDGE ( 'NONE', *, *, #450, .T. ) ;
#938 = CARTESIAN_POINT ( 'NONE',  ( -0.7500000000000006661, 0.2000000000000005107, -1.699999999999998845 ) ) ;
#939 = PLANE ( 'NONE',  #1806 ) ;
#940 = CARTESIAN_POINT ( 'NONE',  ( 7.002960440244314633, 4.580000000000001847, -0.2010366588849526459 ) ) ;
#941 = DIRECTION ( 'NONE',  ( 0.000000000000000000, 0.000000000000000000, 1.000000000000000000 ) ) ;
#942 = ORIENTED_EDGE ( 'NONE', *, *, #228, .F. ) ;
#943 = CARTESIAN_POINT ( 'NONE',  ( -0.7500000000000015543, 2.498279583438345330, -3.409999999999999254 ) ) ;
#944 = VERTEX_POINT ( 'NONE', #510 ) ;
#945 = DIRECTION ( 'NONE',  ( 9.286528243987190480E-17, -1.813350741828697253E-16, -1.000000000000000000 ) ) ;
#946 = CIRCLE ( 'NONE', #1113, 1.280000000000000027 ) ;
#947 = EDGE_CURVE ( 'NONE', #872, #109, #834, .T. ) ;
#948 = CARTESIAN_POINT ( 'NONE',  ( 7.950000000000000178, 1.726592445990444036, 1.649999999999999911 ) ) ;
#949 = DIRECTION ( 'NONE',  ( -1.857305648797437849E-16, 0.000000000000000000, 1.000000000000000000 ) ) ;
#950 = AXIS2_PLACEMENT_3D ( 'NONE', #1786, #1232, #1343 ) ;
#951 = UNCERTAINTY_MEASURE_WITH_UNIT (LENGTH_MEASURE( 1.000000000000000082E-05 ), #873, 'distance_accuracy_value', 'NONE');
#952 = FACE_OUTER_BOUND ( 'NONE', #843, .T. ) ;
#953 = LINE ( 'NONE', #127, #1602 ) ;
#954 = CIRCLE ( 'NONE', #1413, 0.2000000000000000944 ) ;
#955 = ORIENTED_EDGE ( 'NONE', *, *, #315, .F. ) ;
#956 = CARTESIAN_POINT ( 'NONE',  ( 0.2299999999999993161, 2.550000000000000266, 1.350000000000000089 ) ) ;
#957 = DIRECTION ( 'NONE',  ( -1.865294060190116210E-16, 0.000000000000000000, -1.000000000000000000 ) ) ;
#958 = DIRECTION ( 'NONE',  ( 1.000000000000000000, 0.000000000000000000, 9.286528243987189247E-17 ) ) ;
#959 = EDGE_CURVE ( 'NONE', #16, #217, #1624, .T. ) ;
#960 = DIRECTION ( 'NONE',  ( -1.000000000000000000, 0.000000000000000000, 9.286528243987190480E-17 ) ) ;
#961 = LINE ( 'NONE', #1508, #371 ) ;
#962 = PLANE ( 'NONE',  #859 ) ;
#963 = VERTEX_POINT ( 'NONE', #398 ) ;
#964 = CARTESIAN_POINT ( 'NONE',  ( 7.475080559948103165, 1.373864958562281302, 0.05888406030490202919 ) ) ;
#965 = ORIENTED_EDGE ( 'NONE', *, *, #747, .F. ) ;
#966 = ORIENTED_EDGE ( 'NONE', *, *, #4, .F. ) ;
#967 = DIRECTION ( 'NONE',  ( 0.000000000000000000, 0.000000000000000000, 1.000000000000000000 ) ) ;
#968 = CARTESIAN_POINT ( 'NONE',  ( -0.7500000000000015543, -8.673617379884035472E-16, -4.209999999999998188 ) ) ;
#969 = LINE ( 'NONE', #1660, #250 ) ;
#970 = CARTESIAN_POINT ( 'NONE',  ( 7.225728269905864920, 4.555477924685889413, -0.2797879147527045918 ) ) ;
#971 = CYLINDRICAL_SURFACE ( 'NONE', #1617, 0.2750000000000002442 ) ;
#972 = EDGE_CURVE ( 'NONE', #944, #963, #929, .T. ) ;
#973 = LINE ( 'NONE', #1520, #1142 ) ;
#974 = VERTEX_POINT ( 'NONE', #230 ) ;
#975 = CARTESIAN_POINT ( 'NONE',  ( 0.4500000000000007327, 4.080000000000000071, -6.989999999999999325 ) ) ;
#976 = DIRECTION ( 'NONE',  ( -1.000000000000000000, 0.000000000000000000, -1.857305648797437849E-16 ) ) ;
#977 = CARTESIAN_POINT ( 'NONE',  ( -1.050000000000000488, 2.168404344971008868E-16, -1.299999999999999156 ) ) ;
#978 = VECTOR ( 'NONE', #1527, 1000.000000000000000 ) ;
#979 = ORIENTED_EDGE ( 'NONE', *, *, #1509, .T. ) ;
#980 = CIRCLE ( 'NONE', #405, 1.279999999999999805 ) ;
#981 = EDGE_CURVE ( 'NONE', #1522, #796, #660, .T. ) ;
#982 = CARTESIAN_POINT ( 'NONE',  ( -1.050000000000000488, 2.168404344971008868E-16, -1.699999999999998845 ) ) ;
#983 = VECTOR ( 'NONE', #1361, 1000.000000000000000 ) ;
#984 = ORIENTED_EDGE ( 'NONE', *, *, #1777, .T. ) ;
#985 = CARTESIAN_POINT ( 'NONE',  ( 0.1970395597556853784, 4.580000000000002736, 0.2010366588849554215 ) ) ;
#986 = ORIENTED_EDGE ( 'NONE', *, *, #995, .T. ) ;
#987 = ORIENTED_EDGE ( 'NONE', *, *, #298, .T. ) ;
#988 = DIRECTION ( 'NONE',  ( -1.000000000000000000, -0.000000000000000000, -9.286528243987189247E-17 ) ) ;
#989 = EDGE_LOOP ( 'NONE', ( #831, #25, #237, #149 ) ) ;
#990 = DIRECTION ( 'NONE',  ( -1.865294060190115964E-16, 0.000000000000000000, -1.000000000000000000 ) ) ;
#991 = CARTESIAN_POINT ( 'NONE',  ( -1.050000000000001377, 2.549996421734494145, -3.409999999999999254 ) ) ;
#992 = ORIENTED_EDGE ( 'NONE', *, *, #933, .T. ) ;
#993 = VERTEX_POINT ( 'NONE', #1498 ) ;
#994 = CARTESIAN_POINT ( 'NONE',  ( 8.250000000000000000, -8.673617379884035472E-16, -4.209999999999998188 ) ) ;
#995 = EDGE_CURVE ( 'NONE', #668, #878, #1065, .T. ) ;
#996 = DIRECTION ( 'NONE',  ( -1.865294060190116210E-16, 0.000000000000000000, -1.000000000000000000 ) ) ;
#997 = VECTOR ( 'NONE', #1281, 1000.000000000000000 ) ;
#998 = VERTEX_POINT ( 'NONE', #1085 ) ;
#999 = CIRCLE ( 'NONE', #310, 1.000000000000000000 ) ;
#1000 = VECTOR ( 'NONE', #1475, 1000.000000000000000 ) ;
#1001 = DIRECTION ( 'NONE',  ( 0.000000000000000000, 0.000000000000000000, -1.000000000000000000 ) ) ;
#1002 = ORIENTED_EDGE ( 'NONE', *, *, #273, .F. ) ;
#1003 = AXIS2_PLACEMENT_3D ( 'NONE', #1666, #508, #251 ) ;
#1004 = ORIENTED_EDGE ( 'NONE', *, *, #910, .F. ) ;
#1005 = LINE ( 'NONE', #1432, #1493 ) ;
#1006 =( NAMED_UNIT ( * ) SI_UNIT ( $, .STERADIAN. ) SOLID_ANGLE_UNIT ( ) );
#1007 = ADVANCED_FACE ( 'NONE', ( #670 ), #1210, .T. ) ;
#1008 = DIRECTION ( 'NONE',  ( -0.000000000000000000, 1.000000000000000000, -1.813350741828697253E-16 ) ) ;
#1009 = CARTESIAN_POINT ( 'NONE',  ( 7.950000000000000178, 1.726592445990443370, -1.099999999999999423 ) ) ;
#1010 = ORIENTED_EDGE ( 'NONE', *, *, #240, .T. ) ;
#1011 = PLANE ( 'NONE',  #1595 ) ;
#1012 = CARTESIAN_POINT ( 'NONE',  ( -0.7500000000000015543, 1.726592445990444036, -4.409999999999999254 ) ) ;
#1013 = ORIENTED_EDGE ( 'NONE', *, *, #1609, .F. ) ;
#1014 = DIRECTION ( 'NONE',  ( -1.000000000000000000, 0.000000000000000000, 6.776263578034403699E-16 ) ) ;
#1015 = CARTESIAN_POINT ( 'NONE',  ( 7.200000000000000178, -6.505213034913026604E-16, 1.301042606982605321E-15 ) ) ;
#1016 = CARTESIAN_POINT ( 'NONE',  ( 7.950000000000000178, 2.168404344971008868E-16, 1.350000000000000755 ) ) ;
#1017 = ORIENTED_EDGE ( 'NONE', *, *, #167, .F. ) ;
#1018 = ADVANCED_FACE ( 'NONE', ( #818 ), #1363, .F. ) ;
#1019 = CARTESIAN_POINT ( 'NONE',  ( -0.7500000000000006661, 2.391599479297924713, 1.350000000000000311 ) ) ;
#1020 = CARTESIAN_POINT ( 'NONE',  ( -0.7500000000000015543, 0.1999999999999994282, -4.209999999999998188 ) ) ;
#1021 = ORIENTED_EDGE ( 'NONE', *, *, #49, .F. ) ;
#1022 = DIRECTION ( 'NONE',  ( 1.000000000000000000, -0.000000000000000000, 9.286528243987190480E-17 ) ) ;
#1023 = CARTESIAN_POINT ( 'NONE',  ( 6.970000000000002416, 4.580000000000000071, -6.990000000000001101 ) ) ;
#1024 = PLANE ( 'NONE',  #1327 ) ;
#1025 = DIRECTION ( 'NONE',  ( -1.000000000000000000, 0.000000000000000000, 0.000000000000000000 ) ) ;
#1026 = VECTOR ( 'NONE', #557, 1000.000000000000000 ) ;
#1027 = LINE ( 'NONE', #473, #776 ) ;
#1028 = ADVANCED_FACE ( 'NONE', ( #1679 ), #2, .T. ) ;
#1029 = EDGE_LOOP ( 'NONE', ( #177, #1268, #1158, #925, #1162, #759, #1390, #808 ) ) ;
#1030 = VECTOR ( 'NONE', #370, 1000.000000000000000 ) ;
#1031 = CARTESIAN_POINT ( 'NONE',  ( -0.2547003654028145436, 1.364737939977931136, 0.1187825252485110311 ) ) ;
#1032 = DIRECTION ( 'NONE',  ( 1.000000000000000000, 0.000000000000000000, 0.000000000000000000 ) ) ;
#1033 = APPLICATION_CONTEXT ( 'automotive_design' ) ;
#1034 = AXIS2_PLACEMENT_3D ( 'NONE', #163, #580, #324 ) ;
#1035 = VECTOR ( 'NONE', #1661, 1000.000000000000000 ) ;
#1036 = LINE ( 'NONE', #50, #186 ) ;
#1037 = VERTEX_POINT ( 'NONE', #994 ) ;
#1038 = AXIS2_PLACEMENT_3D ( 'NONE', #536, #1083, #124 ) ;
#1039 = ORIENTED_EDGE ( 'NONE', *, *, #298, .F. ) ;
#1040 = CARTESIAN_POINT ( 'NONE',  ( 7.950000000000000178, 2.168404344971008868E-16, 1.650000000000000577 ) ) ;
#1041 = VERTEX_POINT ( 'NONE', #569 ) ;
#1042 = CARTESIAN_POINT ( 'NONE',  ( 6.970000000000002416, 2.550000000000000266, -7.689999999999998614 ) ) ;
#1043 = AXIS2_PLACEMENT_3D ( 'NONE', #1531, #1503, #1675 ) ;
#1044 = DIRECTION ( 'NONE',  ( 1.000000000000000000, 0.000000000000000000, 0.000000000000000000 ) ) ;
#1045 = EDGE_LOOP ( 'NONE', ( #1154, #1164, #392, #1092, #1273, #1206, #1188, #79 ) ) ;
#1046 = ORIENTED_EDGE ( 'NONE', *, *, #1107, .T. ) ;
#1047 = DIRECTION ( 'NONE',  ( 1.865294060190115964E-16, 0.000000000000000000, 1.000000000000000000 ) ) ;
#1048 = ORIENTED_EDGE ( 'NONE', *, *, #256, .T. ) ;
#1049 = ADVANCED_FACE ( 'NONE', ( #1269 ), #1554, .T. ) ;
#1050 = CYLINDRICAL_SURFACE ( 'NONE', #1260, 0.2750000000000002442 ) ;
#1051 = ORIENTED_EDGE ( 'NONE', *, *, #72, .F. ) ;
#1052 = AXIS2_PLACEMENT_3D ( 'NONE', #1469, #793, #1600 ) ;
#1053 = DIRECTION ( 'NONE',  ( 0.000000000000000000, 1.000000000000000000, -1.694065894508600925E-16 ) ) ;
#1054 = VECTOR ( 'NONE', #1319, 1000.000000000000000 ) ;
#1055 = VECTOR ( 'NONE', #1123, 1000.000000000000000 ) ;
#1056 = DIRECTION ( 'NONE',  ( 0.000000000000000000, 0.000000000000000000, 1.000000000000000000 ) ) ;
#1057 = DIRECTION ( 'NONE',  ( 0.000000000000000000, 0.000000000000000000, 1.000000000000000000 ) ) ;
#1058 = DIRECTION ( 'NONE',  ( 0.000000000000000000, 1.000000000000000000, -1.813350741828697253E-16 ) ) ;
#1059 = EDGE_CURVE ( 'NONE', #1620, #168, #1450, .T. ) ;
#1060 = ADVANCED_FACE ( 'NONE', ( #1606 ), #736, .F. ) ;
#1061 = LINE ( 'NONE', #523, #1360 ) ;
#1062 = VERTEX_POINT ( 'NONE', #1384 ) ;
#1063 = DIRECTION ( 'NONE',  ( -1.000000000000000000, 0.000000000000000000, 0.000000000000000000 ) ) ;
#1064 = DIRECTION ( 'NONE',  ( 1.000000000000000000, 0.000000000000000000, 9.286528243987189247E-17 ) ) ;
#1065 = LINE ( 'NONE', #1634, #1559 ) ;
#1066 = CARTESIAN_POINT ( 'NONE',  ( 8.250000000000000000, 2.549996421729477269, 1.350000000000000311 ) ) ;
#1067 = CARTESIAN_POINT ( 'NONE',  ( 8.250000000000001776, 4.580000000000000071, -7.689999999999998614 ) ) ;
#1068 = CARTESIAN_POINT ( 'NONE',  ( 7.950000000000001954, 0.1999999999999994282, -4.409999999999999254 ) ) ;
#1069 = DIRECTION ( 'NONE',  ( 9.286528243987190480E-17, 0.000000000000000000, -1.000000000000000000 ) ) ;
#1070 = EDGE_LOOP ( 'NONE', ( #1539, #1720, #565, #1073 ) ) ;
#1071 = ADVANCED_FACE ( 'NONE', ( #1211 ), #706, .T. ) ;
#1072 = DIRECTION ( 'NONE',  ( 1.857305648797437849E-16, -0.000000000000000000, 1.000000000000000000 ) ) ;
#1073 = ORIENTED_EDGE ( 'NONE', *, *, #1407, .F. ) ;
#1074 = VERTEX_POINT ( 'NONE', #1796 ) ;
#1075 = DIRECTION ( 'NONE',  ( 0.000000000000000000, 0.000000000000000000, -1.000000000000000000 ) ) ;
#1076 = CARTESIAN_POINT ( 'NONE',  ( 0.03611775021481247044, 1.283508909185785418, 0.2790583880456541377 ) ) ;
#1077 = ORIENTED_EDGE ( 'NONE', *, *, #1397, .T. ) ;
#1078 = DIRECTION ( 'NONE',  ( 1.000000000000000000, 0.000000000000000000, -0.000000000000000000 ) ) ;
#1079 = FACE_OUTER_BOUND ( 'NONE', #634, .T. ) ;
#1080 = EDGE_CURVE ( 'NONE', #1483, #878, #969, .T. ) ;
#1081 = EDGE_CURVE ( 'NONE', #1709, #16, #1749, .T. ) ;
#1082 = ORIENTED_EDGE ( 'NONE', *, *, #62, .F. ) ;
#1083 = DIRECTION ( 'NONE',  ( -1.000000000000000000, 0.000000000000000000, 0.000000000000000000 ) ) ;
#1084 = CIRCLE ( 'NONE', #311, 0.1999999999999996503 ) ;
#1085 = CARTESIAN_POINT ( 'NONE',  ( 6.749999999999999112, 4.080000000000000071, -7.689999999999998614 ) ) ;
#1086 = LINE ( 'NONE', #399, #1767 ) ;
#1087 = DIRECTION ( 'NONE',  ( -0.000000000000000000, -0.000000000000000000, 1.000000000000000000 ) ) ;
#1088 = VECTOR ( 'NONE', #1722, 1000.000000000000000 ) ;
#1089 = CARTESIAN_POINT ( 'NONE',  ( 7.749999999999999112, 3.080000000000000071, -7.689999999999998614 ) ) ;
#1090 = CARTESIAN_POINT ( 'NONE',  ( -0.2549352526907099903, 1.364835170624083993, -0.1183096390663841563 ) ) ;
#1091 = VECTOR ( 'NONE', #727, 1000.000000000000000 ) ;
#1092 = ORIENTED_EDGE ( 'NONE', *, *, #481, .T. ) ;
#1093 = DIRECTION ( 'NONE',  ( 0.000000000000000000, -0.000000000000000000, 1.000000000000000000 ) ) ;
#1094 = VERTEX_POINT ( 'NONE', #625 ) ;
#1095 = CARTESIAN_POINT ( 'NONE',  ( 7.950000000000000178, 2.391599479297924713, -1.099999999999999423 ) ) ;
#1096 = ORIENTED_EDGE ( 'NONE', *, *, #219, .T. ) ;
#1097 = CARTESIAN_POINT ( 'NONE',  ( 3.600000000000000089, 4.580000000000000071, 1.649999999999999911 ) ) ;
#1098 = SURFACE_STYLE_USAGE ( .BOTH. , #138 ) ;
#1099 = CARTESIAN_POINT ( 'NONE',  ( 8.250000000000000000, 2.550000000000000266, -2.554999999999999716 ) ) ;
#1100 = VERTEX_POINT ( 'NONE', #75 ) ;
#1101 = CARTESIAN_POINT ( 'NONE',  ( 7.950000000000000178, 2.168404344971008868E-16, -1.699999999999998845 ) ) ;
#1102 = ORIENTED_EDGE ( 'NONE', *, *, #674, .F. ) ;
#1103 = CARTESIAN_POINT ( 'NONE',  ( -1.050000000000002265, 1.270000000000000018, -6.989999999999997549 ) ) ;
#1104 = DIRECTION ( 'NONE',  ( 1.000000000000000000, 0.000000000000000000, 0.000000000000000000 ) ) ;
#1105 = DIRECTION ( 'NONE',  ( -0.000000000000000000, 1.000000000000000000, -1.813350741828697253E-16 ) ) ;
#1106 = CARTESIAN_POINT ( 'NONE',  ( 7.224939938369103309, 4.555662219302001326, 0.2799668820580400452 ) ) ;
#1107 = EDGE_CURVE ( 'NONE', #1703, #1592, #221, .T. ) ;
#1108 = LINE ( 'NONE', #1716, #802 ) ;
#1109 = CARTESIAN_POINT ( 'NONE',  ( -0.5499999999999992673, 2.770000000000000018, -6.989999999999999325 ) ) ;
#1110 = EDGE_LOOP ( 'NONE', ( #245, #339 ) ) ;
#1111 = ORIENTED_EDGE ( 'NONE', *, *, #340, .F. ) ;
#1112 = CARTESIAN_POINT ( 'NONE',  ( 0.2299999999999975675, 1.270000000000000018, -6.989999999999997549 ) ) ;
#1113 = AXIS2_PLACEMENT_3D ( 'NONE', #1736, #1435, #738 ) ;
#1114 = DIRECTION ( 'NONE',  ( -3.730588120380228476E-16, 0.000000000000000000, -1.000000000000000000 ) ) ;
#1115 = AXIS2_PLACEMENT_3D ( 'NONE', #1589, #640, #1187 ) ;
#1116 = CARTESIAN_POINT ( 'NONE',  ( -0.1358523916642207507, 4.527914408627977672, 0.2459417589453410935 ) ) ;
#1117 = DIRECTION ( 'NONE',  ( 0.000000000000000000, 0.000000000000000000, 1.000000000000000000 ) ) ;
#1118 = ADVANCED_FACE ( 'NONE', ( #599 ), #1732, .T. ) ;
#1119 = AXIS2_PLACEMENT_3D ( 'NONE', #1480, #227, #1078 ) ;
#1120 = ORIENTED_EDGE ( 'NONE', *, *, #240, .F. ) ;
#1121 = VERTEX_POINT ( 'NONE', #1040 ) ;
#1122 = AXIS2_PLACEMENT_3D ( 'NONE', #830, #1481, #812 ) ;
#1123 = DIRECTION ( 'NONE',  ( 0.000000000000000000, 0.000000000000000000, 1.000000000000000000 ) ) ;
#1124 = ORIENTED_EDGE ( 'NONE', *, *, #1762, .F. ) ;
#1125 = CARTESIAN_POINT ( 'NONE',  ( -0.5499999999999992673, 3.080000000000000071, -7.689999999999998614 ) ) ;
#1126 = CIRCLE ( 'NONE', #142, 0.2000000000000000944 ) ;
#1127 = DIRECTION ( 'NONE',  ( 0.000000000000000000, 0.000000000000000000, -1.000000000000000000 ) ) ;
#1128 = ORIENTED_EDGE ( 'NONE', *, *, #382, .T. ) ;
#1129 = ADVANCED_FACE ( 'NONE', ( #902 ), #210, .T. ) ;
#1130 = ORIENTED_EDGE ( 'NONE', *, *, #910, .T. ) ;
#1131 = CARTESIAN_POINT ( 'NONE',  ( 0.1970531620644176141, 4.580000000000000071, -0.2010159055202578038 ) ) ;
#1132 = CARTESIAN_POINT ( 'NONE',  ( 7.950000000000001954, -8.673617379884035472E-16, -4.409999999999999254 ) ) ;
#1133 = VERTEX_POINT ( 'NONE', #55 ) ;
#1134 = ORIENTED_EDGE ( 'NONE', *, *, #574, .F. ) ;
#1135 = CARTESIAN_POINT ( 'NONE',  ( 6.970000000000002416, 1.270000000000000018, -6.990000000000001101 ) ) ;
#1136 = ORIENTED_EDGE ( 'NONE', *, *, #316, .F. ) ;
#1137 = EDGE_CURVE ( 'NONE', #1121, #32, #483, .T. ) ;
#1138 = VECTOR ( 'NONE', #105, 1000.000000000000000 ) ;
#1139 = CARTESIAN_POINT ( 'NONE',  ( 7.950000000000000178, 2.168404344971008868E-16, 1.350000000000000755 ) ) ;
#1140 = VERTEX_POINT ( 'NONE', #35 ) ;
#1141 = EDGE_LOOP ( 'NONE', ( #352, #1603, #1336, #1285 ) ) ;
#1142 = VECTOR ( 'NONE', #1725, 1000.000000000000000 ) ;
#1143 = VECTOR ( 'NONE', #241, 1000.000000000000000 ) ;
#1144 = PLANE ( 'NONE',  #1145 ) ;
#1145 = AXIS2_PLACEMENT_3D ( 'NONE', #650, #350, #1426 ) ;
#1146 = CARTESIAN_POINT ( 'NONE',  ( 7.950000000000001954, -8.673617379884035472E-16, -3.609999999999998987 ) ) ;
#1147 = EDGE_LOOP ( 'NONE', ( #1134, #874, #443, #141 ) ) ;
#1148 = DIRECTION ( 'NONE',  ( 1.000000000000000000, 0.000000000000000000, -0.000000000000000000 ) ) ;
#1149 = DIRECTION ( 'NONE',  ( 1.857305648797437849E-16, 0.000000000000000000, -1.000000000000000000 ) ) ;
#1150 = DIRECTION ( 'NONE',  ( 0.000000000000000000, -0.000000000000000000, -1.000000000000000000 ) ) ;
#1151 = CARTESIAN_POINT ( 'NONE',  ( 6.970000000000002416, 3.299999999999999822, -6.990000000000001101 ) ) ;
#1152 = ORIENTED_EDGE ( 'NONE', *, *, #842, .F. ) ;
#1153 = LINE ( 'NONE', #379, #374 ) ;
#1154 = ORIENTED_EDGE ( 'NONE', *, *, #198, .F. ) ;
#1155 = DIRECTION ( 'NONE',  ( 0.000000000000000000, 0.000000000000000000, -1.000000000000000000 ) ) ;
#1156 = LINE ( 'NONE', #344, #1200 ) ;
#1157 = CARTESIAN_POINT ( 'NONE',  ( 0.000000000000000000, 0.000000000000000000, 0.000000000000000000 ) ) ;
#1158 = ORIENTED_EDGE ( 'NONE', *, *, #1213, .T. ) ;
#1159 = DIRECTION ( 'NONE',  ( 1.000000000000000000, -0.000000000000000000, -9.286528243987189247E-17 ) ) ;
#1160 = DIRECTION ( 'NONE',  ( 0.000000000000000000, -1.000000000000000000, 1.813350741828697253E-16 ) ) ;
#1161 = EDGE_CURVE ( 'NONE', #1265, #1041, #754, .T. ) ;
#1162 = ORIENTED_EDGE ( 'NONE', *, *, #315, .T. ) ;
#1163 = DIRECTION ( 'NONE',  ( 1.000000000000000000, 0.000000000000000000, 0.000000000000000000 ) ) ;
#1164 = ORIENTED_EDGE ( 'NONE', *, *, #685, .T. ) ;
#1165 = DIRECTION ( 'NONE',  ( 9.286528243987189247E-17, 1.813350741828697253E-16, 1.000000000000000000 ) ) ;
#1166 = ORIENTED_EDGE ( 'NONE', *, *, #870, .F. ) ;
#1167 = DIRECTION ( 'NONE',  ( 0.000000000000000000, 0.000000000000000000, -1.000000000000000000 ) ) ;
#1168 = CARTESIAN_POINT ( 'NONE',  ( 6.970000000000000639, 1.270000000000000018, -0.1507481343168142196 ) ) ;
#1169 = DIRECTION ( 'NONE',  ( -0.000000000000000000, -0.000000000000000000, -1.000000000000000000 ) ) ;
#1170 = VERTEX_POINT ( 'NONE', #1146 ) ;
#1171 = DIRECTION ( 'NONE',  ( -1.000000000000000000, 0.000000000000000000, 0.000000000000000000 ) ) ;
#1172 = EDGE_CURVE ( 'NONE', #829, #568, #915, .T. ) ;
#1173 = CARTESIAN_POINT ( 'NONE',  ( 7.950000000000000178, 0.2000000000000005107, -1.299999999999999156 ) ) ;
#1174 = EDGE_CURVE ( 'NONE', #1316, #1703, #351, .T. ) ;
#1175 = ORIENTED_EDGE ( 'NONE', *, *, #175, .F. ) ;
#1176 = CARTESIAN_POINT ( 'NONE',  ( -1.050000000000001377, -8.673617379884035472E-16, -4.409999999999999254 ) ) ;
#1177 = ORIENTED_EDGE ( 'NONE', *, *, #1080, .F. ) ;
#1178 = AXIS2_PLACEMENT_3D ( 'NONE', #1355, #108, #451 ) ;
#1179 = DIRECTION ( 'NONE',  ( 0.000000000000000000, 0.000000000000000000, 1.000000000000000000 ) ) ;
#1180 = VECTOR ( 'NONE', #204, 1000.000000000000000 ) ;
#1181 = CIRCLE ( 'NONE', #866, 1.000000000000000000 ) ;
#1182 = CARTESIAN_POINT ( 'NONE',  ( -0.7500000000000015543, 1.726592445990444036, -4.409999999999999254 ) ) ;
#1183 = VECTOR ( 'NONE', #705, 1000.000000000000000 ) ;
#1184 = ORIENTED_EDGE ( 'NONE', *, *, #1695, .T. ) ;
#1185 = CARTESIAN_POINT ( 'NONE',  ( -1.050000000000000488, 4.580000000000000071, 1.649999999999999911 ) ) ;
#1186 = EDGE_CURVE ( 'NONE', #1620, #887, #1263, .T. ) ;
#1187 = DIRECTION ( 'NONE',  ( 0.000000000000000000, -1.000000000000000000, 1.694065894508600678E-16 ) ) ;
#1188 = ORIENTED_EDGE ( 'NONE', *, *, #1670, .F. ) ;
#1189 = ORIENTED_EDGE ( 'NONE', *, *, #1172, .T. ) ;
#1190 = DIRECTION ( 'NONE',  ( 0.000000000000000000, 0.000000000000000000, 1.000000000000000000 ) ) ;
#1191 = CARTESIAN_POINT ( 'NONE',  ( 6.970000000000001528, 1.270000000000000240, 0.1507481343168174670 ) ) ;
#1192 = LINE ( 'NONE', #1515, #313 ) ;
#1193 = DIRECTION ( 'NONE',  ( 0.000000000000000000, 0.000000000000000000, 1.000000000000000000 ) ) ;
#1194 = CARTESIAN_POINT ( 'NONE',  ( 8.250000000000000000, 4.580000000000000071, 1.649999999999999911 ) ) ;
#1195 = ORIENTED_EDGE ( 'NONE', *, *, #959, .T. ) ;
#1196 = VERTEX_POINT ( 'NONE', #1573 ) ;
#1197 = VECTOR ( 'NONE', #886, 1000.000000000000000 ) ;
#1198 = DIRECTION ( 'NONE',  ( 0.000000000000000000, 1.000000000000000000, 0.000000000000000000 ) ) ;
#1199 = CARTESIAN_POINT ( 'NONE',  ( 7.950000000000001954, 2.498279583438345330, -4.409999999999999254 ) ) ;
#1200 = VECTOR ( 'NONE', #477, 1000.000000000000000 ) ;
#1201 = AXIS2_PLACEMENT_3D ( 'NONE', #1643, #404, #1770 ) ;
#1202 = CARTESIAN_POINT ( 'NONE',  ( -0.7500000000000006661, 2.168404344971008868E-16, -1.699999999999998845 ) ) ;
#1203 = CARTESIAN_POINT ( 'NONE',  ( 8.250000000000000000, 2.549996421734494145, -3.409999999999999254 ) ) ;
#1204 = EDGE_CURVE ( 'NONE', #865, #1652, #1428, .T. ) ;
#1205 = CARTESIAN_POINT ( 'NONE',  ( -0.7500000000000006661, 0.2000000000000003164, -1.299999999999999156 ) ) ;
#1206 = ORIENTED_EDGE ( 'NONE', *, *, #603, .T. ) ;
#1207 = DIRECTION ( 'NONE',  ( -0.000000000000000000, -0.000000000000000000, 1.000000000000000000 ) ) ;
#1208 = VERTEX_POINT ( 'NONE', #610 ) ;
#1209 = CARTESIAN_POINT ( 'NONE',  ( -1.050000000000000488, 2.549996421729477269, 1.350000000000000311 ) ) ;
#1210 = CYLINDRICAL_SURFACE ( 'NONE', #290, 1.279999999999999805 ) ;
#1211 = FACE_OUTER_BOUND ( 'NONE', #395, .T. ) ;
#1212 = DIRECTION ( 'NONE',  ( -1.000000000000000000, 0.000000000000000000, 0.000000000000000000 ) ) ;
#1213 = EDGE_CURVE ( 'NONE', #914, #157, #890, .T. ) ;
#1214 = EDGE_LOOP ( 'NONE', ( #1479, #1296, #1805, #80 ) ) ;
#1215 = CARTESIAN_POINT ( 'NONE',  ( 8.250000000000000000, 0.1999999999999994282, -3.609999999999998987 ) ) ;
#1216 = CARTESIAN_POINT ( 'NONE',  ( 7.454700365402810114, 1.364737939977931136, -0.1187825252485081584 ) ) ;
#1217 = ORIENTED_EDGE ( 'NONE', *, *, #90, .T. ) ;
#1218 = LINE ( 'NONE', #825, #813 ) ;
#1219 = ORIENTED_EDGE ( 'NONE', *, *, #275, .T. ) ;
#1220 = CARTESIAN_POINT ( 'NONE',  ( -1.050000000000000488, 0.2000000000000005107, -1.699999999999998845 ) ) ;
#1221 = CARTESIAN_POINT ( 'NONE',  ( -1.050000000000001377, 2.549996421755038600, -1.699999999999999289 ) ) ;
#1222 = CARTESIAN_POINT ( 'NONE',  ( -1.050000000000001377, 0.2000000000000003164, -1.299999999999999156 ) ) ;
#1223 = DIRECTION ( 'NONE',  ( -1.857305648797438096E-16, 0.000000000000000000, -1.000000000000000000 ) ) ;
#1224 = ORIENTED_EDGE ( 'NONE', *, *, #1496, .T. ) ;
#1225 = EDGE_CURVE ( 'NONE', #1094, #1394, #456, .T. ) ;
#1226 = LINE ( 'NONE', #376, #190 ) ;
#1227 = EDGE_CURVE ( 'NONE', #1140, #1037, #654, .T. ) ;
#1228 = ORIENTED_EDGE ( 'NONE', *, *, #1542, .F. ) ;
#1229 = AXIS2_PLACEMENT_3D ( 'NONE', #367, #1734, #1452 ) ;
#1230 = CARTESIAN_POINT ( 'NONE',  ( -0.7500000000000006661, 0.2000000000000005107, -1.499999999999998668 ) ) ;
#1231 = DIRECTION ( 'NONE',  ( 1.000000000000000000, 0.000000000000000000, -1.865294060190115964E-16 ) ) ;
#1232 = DIRECTION ( 'NONE',  ( 1.000000000000000000, 0.000000000000000000, -0.000000000000000000 ) ) ;
#1233 = CARTESIAN_POINT ( 'NONE',  ( 3.599999999999996536, 1.270000000000000018, -6.989999999999999325 ) ) ;
#1234 = AXIS2_PLACEMENT_3D ( 'NONE', #329, #1776, #741 ) ;
#1235 = DIRECTION ( 'NONE',  ( -1.857305648797437849E-16, -0.000000000000000000, -1.000000000000000000 ) ) ;
#1236 = CARTESIAN_POINT ( 'NONE',  ( 0.1475386154985206533, 1.271436436372390677, -0.2394463796822569879 ) ) ;
#1237 = VERTEX_POINT ( 'NONE', #934 ) ;
#1238 = CARTESIAN_POINT ( 'NONE',  ( 7.950000000000000178, 2.168404344971008868E-16, -1.499999999999998668 ) ) ;
#1239 = CIRCLE ( 'NONE', #749, 0.2750000000000002442 ) ;
#1240 = EDGE_LOOP ( 'NONE', ( #183, #588, #500, #739, #1564, #755 ) ) ;
#1241 = CARTESIAN_POINT ( 'NONE',  ( 6.970000000000000639, 2.550000000000000266, -1.099999999999998979 ) ) ;
#1242 = ADVANCED_FACE ( 'NONE', ( #1621 ), #1800, .F. ) ;
#1243 = EDGE_LOOP ( 'NONE', ( #1731, #1219, #319, #677 ) ) ;
#1244 = DIRECTION ( 'NONE',  ( -1.000000000000000000, -0.000000000000000000, 1.857305648797438096E-16 ) ) ;
#1245 = DIRECTION ( 'NONE',  ( 0.000000000000000000, 0.000000000000000000, 1.000000000000000000 ) ) ;
#1246 = LINE ( 'NONE', #1109, #185 ) ;
#1247 = VERTEX_POINT ( 'NONE', #98 ) ;
#1248 = CARTESIAN_POINT ( 'NONE',  ( 0.4500000000000007327, 2.770000000000000018, -7.689999999999998614 ) ) ;
#1249 = EDGE_CURVE ( 'NONE', #1140, #1170, #235, .T. ) ;
#1250 = EDGE_CURVE ( 'NONE', #129, #1316, #1804, .T. ) ;
#1251 = CARTESIAN_POINT ( 'NONE',  ( 7.749999999999999112, 4.080000000000000071, -6.989999999999999325 ) ) ;
#1252 = CARTESIAN_POINT ( 'NONE',  ( 7.051577741339087879, 4.578645800060186843, 0.2390583798012759775 ) ) ;
#1253 = CARTESIAN_POINT ( 'NONE',  ( -0.2750805599481029318, 4.476135041437719231, 0.05888406030490155041 ) ) ;
#1254 = ORIENTED_EDGE ( 'NONE', *, *, #1250, .F. ) ;
#1255 = DIRECTION ( 'NONE',  ( 0.000000000000000000, -1.000000000000000000, 1.586681899100110158E-16 ) ) ;
#1256 = ORIENTED_EDGE ( 'NONE', *, *, #49, .T. ) ;
#1257 = VECTOR ( 'NONE', #283, 1000.000000000000000 ) ;
#1258 = DIRECTION ( 'NONE',  ( 0.000000000000000000, 0.000000000000000000, 1.000000000000000000 ) ) ;
#1259 = PRODUCT_RELATED_PRODUCT_CATEGORY ( 'part', '', ( #1630 ) ) ;
#1260 = AXIS2_PLACEMENT_3D ( 'NONE', #1015, #78, #1434 ) ;
#1261 = PLANE ( 'NONE',  #247 ) ;
#1262 = CLOSED_SHELL ( 'NONE', ( #714, #1482, #1757, #879, #459, #1444, #624, #590, #442, #1118, #1618, #1071, #1028, #1642, #1418, #855, #155, #305, #726, #480, #1641, #1060, #197, #1569, #1453, #1018, #471, #1790, #1276, #828, #76, #1427, #1242, #1007, #1275, #1713, #637, #364, #17, #430, #205, #1553, #1334, #1049, #734, #658, #760, #905, #1129, #328, #746 ) ) ;
#1263 = CIRCLE ( 'NONE', #99, 1.280000000000000027 ) ;
#1264 = EDGE_CURVE ( 'NONE', #255, #261, #807, .T. ) ;
#1265 = VERTEX_POINT ( 'NONE', #766 ) ;
#1266 = AXIS2_PLACEMENT_3D ( 'NONE', #1491, #1198, #1093 ) ;
#1267 =( NAMED_UNIT ( * ) SI_UNIT ( $, .STERADIAN. ) SOLID_ANGLE_UNIT ( ) );
#1268 = ORIENTED_EDGE ( 'NONE', *, *, #429, .T. ) ;
#1269 = FACE_OUTER_BOUND ( 'NONE', #1619, .T. ) ;
#1270 = LINE ( 'NONE', #407, #1745 ) ;
#1271 = DIRECTION ( 'NONE',  ( 0.000000000000000000, 0.000000000000000000, -1.000000000000000000 ) ) ;
#1272 = FACE_OUTER_BOUND ( 'NONE', #1422, .T. ) ;
#1273 = ORIENTED_EDGE ( 'NONE', *, *, #1472, .F. ) ;
#1274 = EDGE_LOOP ( 'NONE', ( #1789, #548, #871, #1799, #647, #535 ) ) ;
#1275 = ADVANCED_FACE ( 'NONE', ( #1431 ), #222, .T. ) ;
#1276 = ADVANCED_FACE ( 'NONE', ( #1298 ), #1741, .T. ) ;
#1277 = CARTESIAN_POINT ( 'NONE',  ( -1.050000000000000488, 2.168404344971008868E-16, 1.350000000000000755 ) ) ;
#1278 = VERTEX_POINT ( 'NONE', #757 ) ;
#1279 = VERTEX_POINT ( 'NONE', #784 ) ;
#1280 = FACE_OUTER_BOUND ( 'NONE', #211, .T. ) ;
#1281 = DIRECTION ( 'NONE',  ( 0.000000000000000000, -1.000000000000000000, 0.000000000000000000 ) ) ;
#1282 = ORIENTED_EDGE ( 'NONE', *, *, #1204, .F. ) ;
#1283 = DIRECTION ( 'NONE',  ( 1.000000000000000000, -0.000000000000000000, 9.286528243987189247E-17 ) ) ;
#1284 = ORIENTED_EDGE ( 'NONE', *, *, #1628, .F. ) ;
#1285 = ORIENTED_EDGE ( 'NONE', *, *, #947, .T. ) ;
#1286 = EDGE_CURVE ( 'NONE', #234, #1483, #1335, .T. ) ;
#1287 = VECTOR ( 'NONE', #1462, 1000.000000000000000 ) ;
#1288 = CARTESIAN_POINT ( 'NONE',  ( -1.050000000000001377, 0.2000000000000005107, -1.499999999999998668 ) ) ;
#1289 = LINE ( 'NONE', #173, #1464 ) ;
#1290 = ORIENTED_EDGE ( 'NONE', *, *, #1204, .T. ) ;
#1291 = AXIS2_PLACEMENT_3D ( 'NONE', #1557, #325, #428 ) ;
#1292 = AXIS2_PLACEMENT_3D ( 'NONE', #67, #1724, #486 ) ;
#1293 = CARTESIAN_POINT ( 'NONE',  ( -1.050000000000001377, 0.1999999999999994282, -4.409999999999999254 ) ) ;
#1294 = VECTOR ( 'NONE', #676, 1000.000000000000000 ) ;
#1295 = DIRECTION ( 'NONE',  ( 1.857305648797437849E-16, -0.000000000000000000, 1.000000000000000000 ) ) ;
#1296 = ORIENTED_EDGE ( 'NONE', *, *, #1608, .T. ) ;
#1297 = DIRECTION ( 'NONE',  ( 1.000000000000000000, 0.000000000000000000, -0.000000000000000000 ) ) ;
#1298 = FACE_OUTER_BOUND ( 'NONE', #1141, .T. ) ;
#1299 = STYLED_ITEM ( 'NONE', ( #1673 ), #1393 ) ;
#1300 = EDGE_CURVE ( 'NONE', #711, #1685, #184, .T. ) ;
#1301 = DIRECTION ( 'NONE',  ( 0.000000000000000000, 1.000000000000000000, 0.000000000000000000 ) ) ;
#1302 = CARTESIAN_POINT ( 'NONE',  ( 0.4500000000000007327, 1.770000000000000018, -6.989999999999997549 ) ) ;
#1303 = ORIENTED_EDGE ( 'NONE', *, *, #1388, .F. ) ;
#1304 = FACE_OUTER_BOUND ( 'NONE', #330, .T. ) ;
#1305 = EDGE_LOOP ( 'NONE', ( #304, #1456, #732, #1448, #1284, #123, #788, #900 ) ) ;
#1306 = ORIENTED_EDGE ( 'NONE', *, *, #419, .T. ) ;
#1307 = CARTESIAN_POINT ( 'NONE',  ( -0.02493993836910431139, 1.294337780697998763, 0.2799668820580400452 ) ) ;
#1308 = CARTESIAN_POINT ( 'NONE',  ( 7.950000000000001954, -8.673617379884035472E-16, -3.609999999999998987 ) ) ;
#1309 = EDGE_CURVE ( 'NONE', #725, #1278, #434, .T. ) ;
#1310 = EDGE_CURVE ( 'NONE', #1723, #1265, #546, .T. ) ;
#1311 = ORIENTED_EDGE ( 'NONE', *, *, #1137, .F. ) ;
#1312 = FACE_OUTER_BOUND ( 'NONE', #851, .T. ) ;
#1313 = LINE ( 'NONE', #1009, #37 ) ;
#1314 = EDGE_CURVE ( 'NONE', #157, #1513, #1466, .T. ) ;
#1315 = ORIENTED_EDGE ( 'NONE', *, *, #1081, .T. ) ;
#1316 = VERTEX_POINT ( 'NONE', #884 ) ;
#1317 = DIRECTION ( 'NONE',  ( 0.000000000000000000, 1.000000000000000000, 0.000000000000000000 ) ) ;
#1318 = EDGE_LOOP ( 'NONE', ( #1565, #642, #1387, #1256 ) ) ;
#1319 = DIRECTION ( 'NONE',  ( 0.000000000000000000, -1.000000000000000000, 1.813350741828697253E-16 ) ) ;
#1320 = DIRECTION ( 'NONE',  ( -1.000000000000000000, 0.000000000000000000, 6.776263578034402713E-16 ) ) ;
#1321 = CARTESIAN_POINT ( 'NONE',  ( 8.250000000000000000, 0.2000000000000003164, -1.499999999999998668 ) ) ;
#1322 = VECTOR ( 'NONE', #179, 1000.000000000000000 ) ;
#1323 = EDGE_CURVE ( 'NONE', #1458, #1237, #904, .T. ) ;
#1324 = CIRCLE ( 'NONE', #214, 0.2000000000000000944 ) ;
#1325 = DIRECTION ( 'NONE',  ( 0.000000000000000000, 0.000000000000000000, 1.000000000000000000 ) ) ;
#1326 = ORIENTED_EDGE ( 'NONE', *, *, #849, .T. ) ;
#1327 = AXIS2_PLACEMENT_3D ( 'NONE', #1454, #1599, #206 ) ;
#1328 = CARTESIAN_POINT ( 'NONE',  ( 8.250000000000000000, -8.673617379884035472E-16, -3.609999999999998987 ) ) ;
#1329 = AXIS2_PLACEMENT_3D ( 'NONE', #115, #680, #1658 ) ;
#1330 = AXIS2_PLACEMENT_3D ( 'NONE', #388, #464, #1058 ) ;
#1331 = CYLINDRICAL_SURFACE ( 'NONE', #1686, 0.2000000000000000944 ) ;
#1332 = CARTESIAN_POINT ( 'NONE',  ( -0.7500000000000006661, 2.168404344971008868E-16, -1.299999999999999156 ) ) ;
#1333 = ORIENTED_EDGE ( 'NONE', *, *, #947, .F. ) ;
#1334 = ADVANCED_FACE ( 'NONE', ( #1575 ), #332, .T. ) ;
#1335 = LINE ( 'NONE', #1614, #12 ) ;
#1336 = ORIENTED_EDGE ( 'NONE', *, *, #1670, .T. ) ;
#1337 = DIRECTION ( 'NONE',  ( 1.857305648797437849E-16, -0.000000000000000000, 1.000000000000000000 ) ) ;
#1338 = CARTESIAN_POINT ( 'NONE',  ( 0.2299999999999993161, 1.270000000000000018, 1.650000000000000577 ) ) ;
#1339 = VERTEX_POINT ( 'NONE', #612 ) ;
#1340 = CARTESIAN_POINT ( 'NONE',  ( 8.250000000000000000, 0.2000000000000005107, -1.299999999999999156 ) ) ;
#1341 = PRODUCT_DEFINITION ( '未知', '', #780, #1612 ) ;
#1342 = CARTESIAN_POINT ( 'NONE',  ( 6.749999999999999112, 1.770000000000000018, -6.989999999999999325 ) ) ;
#1343 = DIRECTION ( 'NONE',  ( -0.000000000000000000, 0.000000000000000000, -1.000000000000000000 ) ) ;
#1344 = LINE ( 'NONE', #786, #1287 ) ;
#1345 = CARTESIAN_POINT ( 'NONE',  ( 7.950000000000001954, 1.726592445990444036, -3.409999999999999254 ) ) ;
#1346 = PLANE ( 'NONE',  #888 ) ;
#1347 = ORIENTED_EDGE ( 'NONE', *, *, #613, .T. ) ;
#1348 = CIRCLE ( 'NONE', #573, 1.000000000000000000 ) ;
#1349 = FACE_OUTER_BOUND ( 'NONE', #195, .T. ) ;
#1350 = DIRECTION ( 'NONE',  ( -1.000000000000000000, 0.000000000000000000, 0.000000000000000000 ) ) ;
#1351 = CIRCLE ( 'NONE', #919, 1.000000000000000000 ) ;
#1352 = VECTOR ( 'NONE', #957, 1000.000000000000000 ) ;
#1353 = EDGE_CURVE ( 'NONE', #1592, #1492, #212, .T. ) ;
#1354 = DIRECTION ( 'NONE',  ( 1.857305648797437849E-16, -0.000000000000000000, 1.000000000000000000 ) ) ;
#1355 = CARTESIAN_POINT ( 'NONE',  ( 7.200000000000000178, 1.270000000000000018, 1.301042606982605321E-15 ) ) ;
#1356 = ORIENTED_EDGE ( 'NONE', *, *, #1250, .T. ) ;
#1357 = CARTESIAN_POINT ( 'NONE',  ( 7.950000000000001954, -8.673617379884035472E-16, -4.409999999999999254 ) ) ;
#1358 = CARTESIAN_POINT ( 'NONE',  ( 7.163606848516148595, 1.283492576264285034, 0.2788866263040136739 ) ) ;
#1359 = EDGE_LOOP ( 'NONE', ( #1611, #1429, #1504, #455 ) ) ;
#1360 = VECTOR ( 'NONE', #1640, 1000.000000000000000 ) ;
#1361 = DIRECTION ( 'NONE',  ( -0.000000000000000000, 1.000000000000000000, -0.000000000000000000 ) ) ;
#1362 = EDGE_LOOP ( 'NONE', ( #1166, #169, #1532, #201 ) ) ;
#1363 = PLANE ( 'NONE',  #1329 ) ;
#1364 = CARTESIAN_POINT ( 'NONE',  ( 7.474918928589992184, 4.476204439409548819, 0.05963413219193088727 ) ) ;
#1365 = CARTESIAN_POINT ( 'NONE',  ( 7.950000000000001954, 0.1999999999999994282, -3.609999999999998987 ) ) ;
#1366 = ORIENTED_EDGE ( 'NONE', *, *, #1225, .T. ) ;
#1367 = PLANE ( 'NONE',  #1122 ) ;
#1368 = ORIENTED_EDGE ( 'NONE', *, *, #534, .T. ) ;
#1369 = CARTESIAN_POINT ( 'NONE',  ( -0.5499999999999992673, 3.080000000000000071, -6.989999999999999325 ) ) ;
#1370 = LINE ( 'NONE', #1810, #1381 ) ;
#1371 = APPLICATION_PROTOCOL_DEFINITION ( 'draft international standard', 'automotive_design', 1998, #1033 ) ;
#1372 = DIRECTION ( 'NONE',  ( -1.000000000000000000, 0.000000000000000000, 9.286528243987189247E-17 ) ) ;
#1373 = CARTESIAN_POINT ( 'NONE',  ( -0.2749189285899909518, 1.373795560590451492, 0.05963413219193015175 ) ) ;
#1374 = VERTEX_POINT ( 'NONE', #1586 ) ;
#1375 = EDGE_CURVE ( 'NONE', #944, #1133, #1156, .T. ) ;
#1376 = CARTESIAN_POINT ( 'NONE',  ( 0.2299999999999988720, 2.550000000000000266, -1.699999999999998845 ) ) ;
#1377 = CIRCLE ( 'NONE', #285, 1.280000000000000027 ) ;
#1378 = ORIENTED_EDGE ( 'NONE', *, *, #1186, .T. ) ;
#1379 = DIRECTION ( 'NONE',  ( -0.000000000000000000, -0.000000000000000000, -1.000000000000000000 ) ) ;
#1380 = ORIENTED_EDGE ( 'NONE', *, *, #524, .F. ) ;
#1381 = VECTOR ( 'NONE', #554, 1000.000000000000000 ) ;
#1382 = VECTOR ( 'NONE', #1649, 1000.000000000000000 ) ;
#1383 = CARTESIAN_POINT ( 'NONE',  ( -1.050000000000002265, 4.580000000000000071, -6.989999999999997549 ) ) ;
#1384 = CARTESIAN_POINT ( 'NONE',  ( -0.5499999999999992673, 2.770000000000000018, -7.689999999999998614 ) ) ;
#1385 = VECTOR ( 'NONE', #521, 1000.000000000000000 ) ;
#1386 = CYLINDRICAL_SURFACE ( 'NONE', #369, 1.280000000000000027 ) ;
#1387 = ORIENTED_EDGE ( 'NONE', *, *, #1080, .T. ) ;
#1388 = EDGE_CURVE ( 'NONE', #1401, #1522, #894, .T. ) ;
#1389 = ORIENTED_EDGE ( 'NONE', *, *, #820, .T. ) ;
#1390 = ORIENTED_EDGE ( 'NONE', *, *, #167, .T. ) ;
#1391 = CARTESIAN_POINT ( 'NONE',  ( 6.970000000000000639, 3.299999999999999822, 1.649999999999999911 ) ) ;
#1392 = CARTESIAN_POINT ( 'NONE',  ( -0.2547003654028142661, 4.485262060022068731, -0.1187825252485090743 ) ) ;
#1393 = ADVANCED_BREP_SHAPE_REPRESENTATION ( 'TYPE-C-31-m-34', ( #1524, #1662 ), #491 ) ;
#1394 = VERTEX_POINT ( 'NONE', #1328 ) ;
#1395 = LINE ( 'NONE', #1684, #632 ) ;
#1396 = ORIENTED_EDGE ( 'NONE', *, *, #1756, .F. ) ;
#1397 = EDGE_CURVE ( 'NONE', #1394, #1170, #1443, .T. ) ;
#1398 =( LENGTH_UNIT ( ) NAMED_UNIT ( * ) SI_UNIT ( .MILLI., .METRE. ) );
#1399 = DIRECTION ( 'NONE',  ( -1.000000000000000000, -0.000000000000000000, 1.857305648797438096E-16 ) ) ;
#1400 = CARTESIAN_POINT ( 'NONE',  ( -1.050000000000000488, 4.580000000000000071, 1.649999999999999911 ) ) ;
#1401 = VERTEX_POINT ( 'NONE', #58 ) ;
#1402 = VERTEX_POINT ( 'NONE', #621 ) ;
#1403 = B_SPLINE_CURVE_WITH_KNOTS ( 'NONE', 3,
 ( #876, #1131, #1705, #737, #1530, #294, #147, #1392, #716, #1253, #5, #317, #1116, #571, #1691, #437, #985, #868 ),
 .UNSPECIFIED., .F., .F.,
 ( 4, 2, 2, 2, 2, 2, 2, 2, 4 ),
 ( 1.533293416683374186E-19, 0.0001777696472788474220, 0.0003555392945576946813, 0.0005333089418365419406, 0.0007110785891153893626, 0.0008888482363942366762, 0.001066617883673084315, 0.001244387530951931520, 0.001422157178230778942 ),
 .UNSPECIFIED. ) ;
#1404 = DIRECTION ( 'NONE',  ( -1.000000000000000000, 0.000000000000000000, 0.000000000000000000 ) ) ;
#1405 = ORIENTED_EDGE ( 'NONE', *, *, #550, .T. ) ;
#1406 = EDGE_CURVE ( 'NONE', #551, #472, #1460, .T. ) ;
#1407 = EDGE_CURVE ( 'NONE', #1374, #998, #655, .T. ) ;
#1408 = VECTOR ( 'NONE', #1577, 1000.000000000000000 ) ;
#1409 = DIRECTION ( 'NONE',  ( -1.000000000000000000, 0.000000000000000000, -0.000000000000000000 ) ) ;
#1410 = VECTOR ( 'NONE', #803, 1000.000000000000000 ) ;
#1411 = ORIENTED_EDGE ( 'NONE', *, *, #709, .T. ) ;
#1412 = ORIENTED_EDGE ( 'NONE', *, *, #926, .T. ) ;
#1413 = AXIS2_PLACEMENT_3D ( 'NONE', #1340, #383, #266 ) ;
#1414 = DIRECTION ( 'NONE',  ( 0.000000000000000000, 1.000000000000000000, 0.000000000000000000 ) ) ;
#1415 = ORIENTED_EDGE ( 'NONE', *, *, #485, .T. ) ;
#1416 = CARTESIAN_POINT ( 'NONE',  ( 6.970000000000000639, 4.580000000000000071, -0.1507481343168139976 ) ) ;
#1417 = DIRECTION ( 'NONE',  ( -1.000000000000000000, 0.000000000000000000, -9.286528243987189247E-17 ) ) ;
#1418 = ADVANCED_FACE ( 'NONE', ( #686 ), #1791, .F. ) ;
#1419 = ORIENTED_EDGE ( 'NONE', *, *, #1542, .T. ) ;
#1420 = EDGE_CURVE ( 'NONE', #1710, #32, #840, .T. ) ;
#1421 = PLANE ( 'NONE',  #1330 ) ;
#1422 = EDGE_LOOP ( 'NONE', ( #1648, #1077, #1773, #172 ) ) ;
#1423 = CARTESIAN_POINT ( 'NONE',  ( 0.4500000000000007327, 2.770000000000000018, -6.989999999999997549 ) ) ;
#1424 = DIRECTION ( 'NONE',  ( -3.730588120380228476E-16, -0.000000000000000000, -1.000000000000000000 ) ) ;
#1425 = ORIENTED_EDGE ( 'NONE', *, *, #409, .F. ) ;
#1426 = DIRECTION ( 'NONE',  ( 0.000000000000000000, 0.000000000000000000, -1.000000000000000000 ) ) ;
#1427 = ADVANCED_FACE ( 'NONE', ( #1079 ), #1512, .T. ) ;
#1428 = LINE ( 'NONE', #46, #162 ) ;
#1429 = ORIENTED_EDGE ( 'NONE', *, *, #972, .F. ) ;
#1430 = CARTESIAN_POINT ( 'NONE',  ( 7.950000000000001954, 2.498279583438345330, -4.409999999999999254 ) ) ;
#1431 = FACE_OUTER_BOUND ( 'NONE', #225, .T. ) ;
#1432 = CARTESIAN_POINT ( 'NONE',  ( 7.749999999999999112, 2.770000000000000018, -6.989999999999999325 ) ) ;
#1433 = CIRCLE ( 'NONE', #657, 0.2000000000000000944 ) ;
#1434 = DIRECTION ( 'NONE',  ( 0.000000000000000000, 0.000000000000000000, 1.000000000000000000 ) ) ;
#1435 = DIRECTION ( 'NONE',  ( -0.000000000000000000, -0.000000000000000000, 1.000000000000000000 ) ) ;
#1436 = EDGE_LOOP ( 'NONE', ( #36, #492, #525, #34 ) ) ;
#1437 = CIRCLE ( 'NONE', #1714, 0.1999999999999996503 ) ;
#1438 = AXIS2_PLACEMENT_3D ( 'NONE', #196, #1751, #1047 ) ;
#1439 = DIRECTION ( 'NONE',  ( -9.286528243987189247E-17, -1.586681899100110158E-16, -1.000000000000000000 ) ) ;
#1440 = AXIS2_PLACEMENT_3D ( 'NONE', #1696, #433, #1001 ) ;
#1441 = CARTESIAN_POINT ( 'NONE',  ( 8.250000000000001776, 4.580000000000000071, -6.990000000000001101 ) ) ;
#1442 = ORIENTED_EDGE ( 'NONE', *, *, #175, .T. ) ;
#1443 = LINE ( 'NONE', #1308, #1180 ) ;
#1444 = ADVANCED_FACE ( 'NONE', ( #1650 ), #1622, .T. ) ;
#1445 = LINE ( 'NONE', #1616, #1651 ) ;
#1446 = FACE_OUTER_BOUND ( 'NONE', #454, .T. ) ;
#1447 = VECTOR ( 'NONE', #343, 1000.000000000000000 ) ;
#1448 = ORIENTED_EDGE ( 'NONE', *, *, #1580, .T. ) ;
#1449 = ORIENTED_EDGE ( 'NONE', *, *, #450, .F. ) ;
#1450 = LINE ( 'NONE', #1740, #1054 ) ;
#1451 = CARTESIAN_POINT ( 'NONE',  ( 6.970000000000000639, 1.270000000000000018, 1.650000000000000577 ) ) ;
#1452 = DIRECTION ( 'NONE',  ( 0.000000000000000000, 0.000000000000000000, -1.000000000000000000 ) ) ;
#1453 = ADVANCED_FACE ( 'NONE', ( #1349 ), #1367, .F. ) ;
#1454 = CARTESIAN_POINT ( 'NONE',  ( -0.7500000000000006661, 2.168404344971008868E-16, 1.350000000000000755 ) ) ;
#1455 = CARTESIAN_POINT ( 'NONE',  ( 7.749999999999999112, 2.770000000000000018, -7.689999999999998614 ) ) ;
#1456 = ORIENTED_EDGE ( 'NONE', *, *, #1499, .T. ) ;
#1457 = ORIENTED_EDGE ( 'NONE', *, *, #592, .T. ) ;
#1458 = VERTEX_POINT ( 'NONE', #100 ) ;
#1459 = DIRECTION ( 'NONE',  ( 1.857305648797438096E-16, 0.000000000000000000, -1.000000000000000000 ) ) ;
#1460 = B_SPLINE_CURVE_WITH_KNOTS ( 'NONE', 3,
 ( #1168, #1597, #353, #1607, #77, #363, #909, #1216, #1802, #964, #644, #229, #1505, #1761, #1358, #824, #111, #1191 ),
 .UNSPECIFIED., .F., .F.,
 ( 4, 2, 2, 2, 2, 2, 2, 2, 4 ),
 ( 1.170549273921106170E-18, 0.0001777696472788480996, 0.0003555392945576950608, 0.0005333089418365420491, 0.0007110785891153889289, 0.0008888482363942359172, 0.001066617883673083014, 0.001244387530951930002, 0.001422157178230777207 ),
 .UNSPECIFIED. ) ;
#1461 = CARTESIAN_POINT ( 'NONE',  ( 6.749999999999999112, 3.080000000000000071, -7.689999999999998614 ) ) ;
#1462 = DIRECTION ( 'NONE',  ( -1.000000000000000000, 0.000000000000000000, 9.286528243987189247E-17 ) ) ;
#1463 = EDGE_CURVE ( 'NONE', #19, #668, #980, .T. ) ;
#1464 = VECTOR ( 'NONE', #594, 1000.000000000000000 ) ;
#1465 = CIRCLE ( 'NONE', #892, 0.2750000000000002442 ) ;
#1466 = CIRCLE ( 'NONE', #698, 1.279999999999999805 ) ;
#1467 = CARTESIAN_POINT ( 'NONE',  ( 0.2299999999999975675, 2.550000000000000266, -6.989999999999997549 ) ) ;
#1468 = DIRECTION ( 'NONE',  ( 1.000000000000000000, 0.000000000000000000, 0.000000000000000000 ) ) ;
#1469 = CARTESIAN_POINT ( 'NONE',  ( 6.749999999999999112, 3.080000000000000071, -6.990000000000001101 ) ) ;
#1470 = DIRECTION ( 'NONE',  ( 1.865294060190115964E-16, -0.000000000000000000, 1.000000000000000000 ) ) ;
#1471 = ORIENTED_EDGE ( 'NONE', *, *, #1494, .T. ) ;
#1472 = EDGE_CURVE ( 'NONE', #121, #1374, #1226, .T. ) ;
#1473 = CARTESIAN_POINT ( 'NONE',  ( -0.7500000000000006661, 0.2000000000000005107, -1.099999999999998979 ) ) ;
#1474 = VERTEX_POINT ( 'NONE', #277 ) ;
#1475 = DIRECTION ( 'NONE',  ( 1.865294060190116210E-16, -0.000000000000000000, 1.000000000000000000 ) ) ;
#1476 = CARTESIAN_POINT ( 'NONE',  ( 6.970000000000002416, 4.580000000000000071, -6.990000000000001101 ) ) ;
#1477 = LINE ( 'NONE', #1518, #1257 ) ;
#1478 = CARTESIAN_POINT ( 'NONE',  ( -0.7500000000000015543, 1.726592445990444036, -3.409999999999999254 ) ) ;
#1479 = ORIENTED_EDGE ( 'NONE', *, *, #394, .T. ) ;
#1480 = CARTESIAN_POINT ( 'NONE',  ( -1.050000000000002265, 4.580000000000000071, -7.689999999999998614 ) ) ;
#1481 = DIRECTION ( 'NONE',  ( 1.000000000000000000, 0.000000000000000000, -0.000000000000000000 ) ) ;
#1482 = ADVANCED_FACE ( 'NONE', ( #547 ), #790, .F. ) ;
#1483 = VERTEX_POINT ( 'NONE', #1473 ) ;
#1484 = CARTESIAN_POINT ( 'NONE',  ( 6.970000000000000639, 4.580000000000000071, 0.1507481343168168009 ) ) ;
#1485 = ORIENTED_EDGE ( 'NONE', *, *, #1286, .F. ) ;
#1486 = DIRECTION ( 'NONE',  ( 1.000000000000000000, 0.000000000000000000, -0.000000000000000000 ) ) ;
#1487 = ORIENTED_EDGE ( 'NONE', *, *, #856, .T. ) ;
#1488 = CARTESIAN_POINT ( 'NONE',  ( 0.1970531620644171145, 1.270000000000000018, 0.2010159055202607736 ) ) ;
#1489 = ORIENTED_EDGE ( 'NONE', *, *, #1655, .T. ) ;
#1490 = CIRCLE ( 'NONE', #1052, 1.000000000000000000 ) ;
#1491 = CARTESIAN_POINT ( 'NONE',  ( -0.5499999999999992673, 4.080000000000000071, -6.989999999999999325 ) ) ;
#1492 = VERTEX_POINT ( 'NONE', #516 ) ;
#1493 = VECTOR ( 'NONE', #990, 1000.000000000000000 ) ;
#1494 = EDGE_CURVE ( 'NONE', #16, #1707, #954, .T. ) ;
#1495 = PLANE ( 'NONE',  #552 ) ;
#1496 = EDGE_CURVE ( 'NONE', #518, #217, #526, .T. ) ;
#1497 = AXIS2_PLACEMENT_3D ( 'NONE', #956, #265, #1683 ) ;
#1498 = CARTESIAN_POINT ( 'NONE',  ( 8.250000000000000000, 2.168404344971008868E-16, 1.350000000000000755 ) ) ;
#1499 = EDGE_CURVE ( 'NONE', #690, #1458, #797, .T. ) ;
#1500 = CARTESIAN_POINT ( 'NONE',  ( -0.7500000000000015543, 0.1999999999999994282, -3.409999999999999254 ) ) ;
#1501 = COLOUR_RGB ( '',1.000000000000000000, 1.000000000000000000, 1.000000000000000000 ) ;
#1502 = LINE ( 'NONE', #420, #800 ) ;
#1503 = DIRECTION ( 'NONE',  ( 1.000000000000000000, -0.000000000000000000, 1.857305648797438096E-16 ) ) ;
#1504 = ORIENTED_EDGE ( 'NONE', *, *, #133, .F. ) ;
#1505 = CARTESIAN_POINT ( 'NONE',  ( 7.335852391664219319, 1.322085591372020197, 0.2459417589453410380 ) ) ;
#1506 = LINE ( 'NONE', #517, #1566 ) ;
#1507 = PLANE ( 'NONE',  #918 ) ;
#1508 = CARTESIAN_POINT ( 'NONE',  ( -0.7500000000000006661, 2.391599479297924713, -1.699999999999999289 ) ) ;
#1509 = EDGE_CURVE ( 'NONE', #1778, #568, #393, .T. ) ;
#1510 = DIRECTION ( 'NONE',  ( -9.286528243987189247E-17, 0.000000000000000000, -1.000000000000000000 ) ) ;
#1511 = ORIENTED_EDGE ( 'NONE', *, *, #1695, .F. ) ;
#1512 = PLANE ( 'NONE',  #1266 ) ;
#1513 = VERTEX_POINT ( 'NONE', #1135 ) ;
#1514 = DIRECTION ( 'NONE',  ( 1.000000000000000000, 0.000000000000000000, 9.286528243987189247E-17 ) ) ;
#1515 = CARTESIAN_POINT ( 'NONE',  ( -0.7500000000000006661, 1.726592445990444036, 1.350000000000000533 ) ) ;
#1516 = CARTESIAN_POINT ( 'NONE',  ( 7.950000000000000178, 1.726592445990444036, 1.649999999999999911 ) ) ;
#1517 = CARTESIAN_POINT ( 'NONE',  ( 7.454935252690711778, 4.485164829375916540, -0.1183096390663833375 ) ) ;
#1518 = CARTESIAN_POINT ( 'NONE',  ( 7.749999999999999112, 4.080000000000000071, -6.989999999999999325 ) ) ;
#1519 = FACE_OUTER_BOUND ( 'NONE', #1729, .T. ) ;
#1520 = CARTESIAN_POINT ( 'NONE',  ( 8.250000000000001776, 2.550000000000000266, -7.689999999999998614 ) ) ;
#1521 = FACE_OUTER_BOUND ( 'NONE', #440, .T. ) ;
#1522 = VERTEX_POINT ( 'NONE', #171 ) ;
#1523 = CARTESIAN_POINT ( 'NONE',  ( 7.950000000000000178, 0.2000000000000005107, -1.699999999999998845 ) ) ;
#1524 = MANIFOLD_SOLID_BREP ( '实体-移动/复制2', #1262 ) ;
#1525 = ORIENTED_EDGE ( 'NONE', *, *, #1552, .F. ) ;
#1526 = CIRCLE ( 'NONE', #544, 0.2000000000000000944 ) ;
#1527 = DIRECTION ( 'NONE',  ( 1.000000000000000000, 0.000000000000000000, -3.730588120380228476E-16 ) ) ;
#1528 = CARTESIAN_POINT ( 'NONE',  ( 7.385129586429106219, 4.511382689995437012, 0.2114440840253732079 ) ) ;
#1529 = AXIS2_PLACEMENT_3D ( 'NONE', #1067, #976, #949 ) ;
#1530 = CARTESIAN_POINT ( 'NONE',  ( -0.02493993836910335729, 4.555662219302002214, -0.2799668820580373807 ) ) ;
#1531 = CARTESIAN_POINT ( 'NONE',  ( 8.250000000000000000, 0.1999999999999992339, -4.209999999999998188 ) ) ;
#1532 = ORIENTED_EDGE ( 'NONE', *, *, #1310, .F. ) ;
#1533 = CYLINDRICAL_SURFACE ( 'NONE', #1440, 0.2000000000000000944 ) ;
#1534 = EDGE_CURVE ( 'NONE', #463, #19, #1395, .T. ) ;
#1535 = EDGE_LOOP ( 'NONE', ( #752, #846, #422, #1601 ) ) ;
#1536 = PRODUCT_CONTEXT ( 'NONE', #1033, 'mechanical' ) ;
#1537 = CARTESIAN_POINT ( 'NONE',  ( -1.050000000000002265, 3.299999999999999822, -6.989999999999997549 ) ) ;
#1538 = CARTESIAN_POINT ( 'NONE',  ( -0.2750805599481028207, 1.373864958562281524, -0.05888406030489928139 ) ) ;
#1539 = ORIENTED_EDGE ( 'NONE', *, *, #481, .F. ) ;
#1540 = DIRECTION ( 'NONE',  ( -1.000000000000000000, 0.000000000000000000, 9.286528243987189247E-17 ) ) ;
#1541 = ORIENTED_EDGE ( 'NONE', *, *, #926, .F. ) ;
#1542 = EDGE_CURVE ( 'NONE', #56, #129, #150, .T. ) ;
#1543 = EDGE_CURVE ( 'NONE', #1401, #342, #1708, .T. ) ;
#1544 = DIRECTION ( 'NONE',  ( -1.000000000000000000, 0.000000000000000000, 0.000000000000000000 ) ) ;
#1545 = CARTESIAN_POINT ( 'NONE',  ( 7.950000000000000178, 2.168404344971008868E-16, 1.350000000000000755 ) ) ;
#1546 = ORIENTED_EDGE ( 'NONE', *, *, #119, .T. ) ;
#1547 = ORIENTED_EDGE ( 'NONE', *, *, #783, .F. ) ;
#1548 = SURFACE_STYLE_FILL_AREA ( #853 ) ;
#1549 = ORIENTED_EDGE ( 'NONE', *, *, #1137, .T. ) ;
#1550 = VERTEX_POINT ( 'NONE', #584 ) ;
#1551 = CARTESIAN_POINT ( 'NONE',  ( -0.7500000000000006661, 0.2000000000000003164, -1.299999999999999156 ) ) ;
#1552 = EDGE_CURVE ( 'NONE', #1133, #1062, #1181, .T. ) ;
#1553 = ADVANCED_FACE ( 'NONE', ( #1521 ), #1533, .T. ) ;
#1554 = CYLINDRICAL_SURFACE ( 'NONE', #896, 0.2000000000000000944 ) ;
#1555 = VECTOR ( 'NONE', #377, 1000.000000000000000 ) ;
#1556 = EDGE_CURVE ( 'NONE', #575, #389, #712, .T. ) ;
#1557 = CARTESIAN_POINT ( 'NONE',  ( 6.749999999999999112, 2.770000000000000018, -6.990000000000001101 ) ) ;
#1558 = PLANE ( 'NONE',  #691 ) ;
#1559 = VECTOR ( 'NONE', #1354, 1000.000000000000000 ) ;
#1560 = EDGE_LOOP ( 'NONE', ( #1596, #591, #619, #1378 ) ) ;
#1561 = VECTOR ( 'NONE', #33, 1000.000000000000000 ) ;
#1562 = FACE_OUTER_BOUND ( 'NONE', #385, .T. ) ;
#1563 = PRESENTATION_LAYER_ASSIGNMENT (  '', '', ( #1299 ) ) ;
#1564 = ORIENTED_EDGE ( 'NONE', *, *, #372, .F. ) ;
#1565 = ORIENTED_EDGE ( 'NONE', *, *, #715, .F. ) ;
#1566 = VECTOR ( 'NONE', #268, 1000.000000000000000 ) ;
#1567 = CARTESIAN_POINT ( 'NONE',  ( 7.749999999999999112, 2.770000000000000018, -6.989999999999999325 ) ) ;
#1568 = FACE_OUTER_BOUND ( 'NONE', #530, .T. ) ;
#1569 = ADVANCED_FACE ( 'NONE', ( #1562 ), #131, .F. ) ;
#1570 = ORIENTED_EDGE ( 'NONE', *, *, #275, .F. ) ;
#1571 = UNCERTAINTY_MEASURE_WITH_UNIT (LENGTH_MEASURE( 1.000000000000000082E-05 ), #1787, 'distance_accuracy_value', 'NONE');
#1572 = LINE ( 'NONE', #1338, #218 ) ;
#1573 = CARTESIAN_POINT ( 'NONE',  ( -1.050000000000001377, 0.1999999999999994282, -3.409999999999999254 ) ) ;
#1574 = ORIENTED_EDGE ( 'NONE', *, *, #1819, .F. ) ;
#1575 = FACE_OUTER_BOUND ( 'NONE', #1147, .T. ) ;
#1576 = CARTESIAN_POINT ( 'NONE',  ( 8.250000000000000000, 0.2000000000000005107, -1.099999999999998979 ) ) ;
#1577 = DIRECTION ( 'NONE',  ( 1.000000000000000000, 0.000000000000000000, 0.000000000000000000 ) ) ;
#1578 = CARTESIAN_POINT ( 'NONE',  ( 8.250000000000000000, 2.391599479297924713, -1.699999999999999289 ) ) ;
#1579 = ORIENTED_EDGE ( 'NONE', *, *, #1628, .T. ) ;
#1580 = EDGE_CURVE ( 'NONE', #1237, #203, #8, .T. ) ;
#1581 = EDGE_CURVE ( 'NONE', #607, #484, #447, .T. ) ;
#1582 = CARTESIAN_POINT ( 'NONE',  ( 8.250000000000000000, 2.168404344971008868E-16, -1.299999999999999156 ) ) ;
#1583 = EDGE_LOOP ( 'NONE', ( #253, #1128, #1739, #64 ) ) ;
#1584 = CARTESIAN_POINT ( 'NONE',  ( 7.950000000000000178, 2.391599479297924713, 1.650000000000000355 ) ) ;
#1585 = VERTEX_POINT ( 'NONE', #1238 ) ;
#1586 = CARTESIAN_POINT ( 'NONE',  ( 6.749999999999999112, 4.080000000000000071, -6.989999999999999325 ) ) ;
#1587 = VECTOR ( 'NONE', #1674, 1000.000000000000000 ) ;
#1588 = ORIENTED_EDGE ( 'NONE', *, *, #1644, .T. ) ;
#1589 = CARTESIAN_POINT ( 'NONE',  ( 6.970000000000000639, 2.550000000000000266, 1.350000000000000089 ) ) ;
#1590 = CYLINDRICAL_SURFACE ( 'NONE', #1711, 1.000000000000000000 ) ;
#1591 = AXIS2_PLACEMENT_3D ( 'NONE', #223, #60, #1150 ) ;
#1592 = VERTEX_POINT ( 'NONE', #1277 ) ;
#1593 = AXIS2_PLACEMENT_3D ( 'NONE', #331, #555, #1635 ) ;
#1594 = CYLINDRICAL_SURFACE ( 'NONE', #1234, 1.280000000000000027 ) ;
#1595 = AXIS2_PLACEMENT_3D ( 'NONE', #1019, #1439, #598 ) ;
#1596 = ORIENTED_EDGE ( 'NONE', *, *, #409, .T. ) ;
#1597 = CARTESIAN_POINT ( 'NONE',  ( 7.002946837935582813, 1.270000000000000684, -0.2010159055202582479 ) ) ;
#1598 = EDGE_CURVE ( 'NONE', #974, #645, #296, .T. ) ;
#1599 = DIRECTION ( 'NONE',  ( 0.000000000000000000, -1.000000000000000000, 0.000000000000000000 ) ) ;
#1600 = DIRECTION ( 'NONE',  ( -1.000000000000000000, 0.000000000000000000, 0.000000000000000000 ) ) ;
#1601 = ORIENTED_EDGE ( 'NONE', *, *, #485, .F. ) ;
#1602 = VECTOR ( 'NONE', #564, 1000.000000000000000 ) ;
#1603 = ORIENTED_EDGE ( 'NONE', *, *, #340, .T. ) ;
#1604 = CARTESIAN_POINT ( 'NONE',  ( -0.7500000000000006661, 2.391599479297924713, 1.350000000000000311 ) ) ;
#1605 = ORIENTED_EDGE ( 'NONE', *, *, #257, .T. ) ;
#1606 = FACE_OUTER_BOUND ( 'NONE', #1560, .T. ) ;
#1607 = CARTESIAN_POINT ( 'NONE',  ( 7.163882249785186396, 1.283508909185785196, -0.2790583880456516397 ) ) ;
#1608 = EDGE_CURVE ( 'NONE', #45, #1723, #1815, .T. ) ;
#1609 = EDGE_CURVE ( 'NONE', #1794, #829, #1718, .T. ) ;
#1610 = DIRECTION ( 'NONE',  ( 0.000000000000000000, 0.000000000000000000, 1.000000000000000000 ) ) ;
#1611 = ORIENTED_EDGE ( 'NONE', *, *, #685, .F. ) ;
#1612 = PRODUCT_DEFINITION_CONTEXT ( 'detailed design', #448, 'design' ) ;
#1613 = VERTEX_POINT ( 'NONE', #158 ) ;
#1614 = CARTESIAN_POINT ( 'NONE',  ( -0.7500000000000006661, 0.2000000000000005107, -1.099999999999998979 ) ) ;
#1615 = ORIENTED_EDGE ( 'NONE', *, *, #1737, .T. ) ;
#1616 = CARTESIAN_POINT ( 'NONE',  ( -1.050000000000002265, 2.550000000000000266, -7.689999999999998614 ) ) ;
#1617 = AXIS2_PLACEMENT_3D ( 'NONE', #284, #837, #1117 ) ;
#1618 = ADVANCED_FACE ( 'NONE', ( #889 ), #1421, .T. ) ;
#1619 = EDGE_LOOP ( 'NONE', ( #708, #560, #596, #801 ) ) ;
#1620 = VERTEX_POINT ( 'NONE', #1626 ) ;
#1621 = FACE_OUTER_BOUND ( 'NONE', #1754, .T. ) ;
#1622 = PLANE ( 'NONE',  #1201 ) ;
#1623 = AXIS2_PLACEMENT_3D ( 'NONE', #753, #53, #1163 ) ;
#1624 = LINE ( 'NONE', #408, #1555 ) ;
#1625 = CARTESIAN_POINT ( 'NONE',  ( 0.2299999999999993161, 1.270000000000000018, 1.650000000000000577 ) ) ;
#1626 = CARTESIAN_POINT ( 'NONE',  ( 7.950000000000000178, 1.726592445990443370, -1.699999999999999289 ) ) ;
#1627 = DIRECTION ( 'NONE',  ( 0.000000000000000000, 0.000000000000000000, 1.000000000000000000 ) ) ;
#1628 = EDGE_CURVE ( 'NONE', #711, #203, #779, .T. ) ;
#1629 = ORIENTED_EDGE ( 'NONE', *, *, #1186, .F. ) ;
#1630 = PRODUCT ( 'TYPE-C-31-m-34', 'TYPE-C-31-m-34', '', ( #1536 ) ) ;
#1631 = DIRECTION ( 'NONE',  ( -1.857305648797437849E-16, 0.000000000000000000, -1.000000000000000000 ) ) ;
#1632 = CARTESIAN_POINT ( 'NONE',  ( 7.950000000000000178, 0.2000000000000005107, -1.699999999999998845 ) ) ;
#1633 = ORIENTED_EDGE ( 'NONE', *, *, #1803, .T. ) ;
#1634 = CARTESIAN_POINT ( 'NONE',  ( -0.7500000000000006661, 1.726592445990443370, -1.699999999999999289 ) ) ;
#1635 = DIRECTION ( 'NONE',  ( 0.000000000000000000, -1.000000000000000000, 1.813350741828697253E-16 ) ) ;
#1636 = LINE ( 'NONE', #805, #1138 ) ;
#1637 = FACE_OUTER_BOUND ( 'NONE', #31, .T. ) ;
#1638 = ORIENTED_EDGE ( 'NONE', *, *, #981, .F. ) ;
#1639 = CARTESIAN_POINT ( 'NONE',  ( -0.7500000000000015543, 2.498279583438345330, -4.409999999999999254 ) ) ;
#1640 = DIRECTION ( 'NONE',  ( -1.000000000000000000, 0.000000000000000000, 9.286528243987189247E-17 ) ) ;
#1641 = ADVANCED_FACE ( 'NONE', ( #1637 ), #1144, .T. ) ;
#1642 = ADVANCED_FACE ( 'NONE', ( #1304 ), #1011, .T. ) ;
#1643 = CARTESIAN_POINT ( 'NONE',  ( -0.7500000000000015543, 2.498279583438345330, -3.409999999999999254 ) ) ;
#1644 = EDGE_CURVE ( 'NONE', #1402, #771, #880, .T. ) ;
#1645 = CARTESIAN_POINT ( 'NONE',  ( 6.749999999999999112, 2.770000000000000018, -7.689999999999998614 ) ) ;
#1646 = CARTESIAN_POINT ( 'NONE',  ( 0.4500000000000007327, 3.080000000000000071, -7.689999999999998614 ) ) ;
#1647 = LINE ( 'NONE', #145, #745 ) ;
#1648 = ORIENTED_EDGE ( 'NONE', *, *, #62, .T. ) ;
#1649 = DIRECTION ( 'NONE',  ( 0.000000000000000000, 0.000000000000000000, 1.000000000000000000 ) ) ;
#1650 = FACE_OUTER_BOUND ( 'NONE', #522, .T. ) ;
#1651 = VECTOR ( 'NONE', #1337, 1000.000000000000000 ) ;
#1652 = VERTEX_POINT ( 'NONE', #1345 ) ;
#1653 = AXIS2_PLACEMENT_3D ( 'NONE', #1645, #1379, #1817 ) ;
#1654 = VECTOR ( 'NONE', #65, 1000.000000000000000 ) ;
#1655 = EDGE_CURVE ( 'NONE', #1094, #1697, #787, .T. ) ;
#1656 = ORIENTED_EDGE ( 'NONE', *, *, #15, .T. ) ;
#1657 = AXIS2_PLACEMENT_3D ( 'NONE', #928, #1782, #1631 ) ;
#1658 = DIRECTION ( 'NONE',  ( 0.000000000000000000, -1.000000000000000000, 1.586681899100110158E-16 ) ) ;
#1659 = DIRECTION ( 'NONE',  ( -1.865294060190115964E-16, 0.000000000000000000, -1.000000000000000000 ) ) ;
#1660 = CARTESIAN_POINT ( 'NONE',  ( -0.7500000000000006661, 2.391599479297924713, -1.099999999999999423 ) ) ;
#1661 = DIRECTION ( 'NONE',  ( -1.000000000000000000, 0.000000000000000000, 9.286528243987189247E-17 ) ) ;
#1662 = AXIS2_PLACEMENT_3D ( 'NONE', #1157, #1258, #38 ) ;
#1663 = LINE ( 'NONE', #139, #93 ) ;
#1664 = CARTESIAN_POINT ( 'NONE',  ( -0.02572826990586599485, 1.294522075314112231, -0.2797879147527044807 ) ) ;
#1665 = LINE ( 'NONE', #1676, #71 ) ;
#1666 = CARTESIAN_POINT ( 'NONE',  ( -0.7500000000000006661, 1.270000000000000018, 1.649999999999999911 ) ) ;
#1667 = ORIENTED_EDGE ( 'NONE', *, *, #1598, .T. ) ;
#1668 = AXIS2_PLACEMENT_3D ( 'NONE', #10, #1297, #1155 ) ;
#1669 = FACE_OUTER_BOUND ( 'NONE', #1070, .T. ) ;
#1670 = EDGE_CURVE ( 'NONE', #1208, #872, #43, .T. ) ;
#1671 = FACE_OUTER_BOUND ( 'NONE', #1535, .T. ) ;
#1672 = DIRECTION ( 'NONE',  ( 1.000000000000000000, -0.000000000000000000, -9.286528243987189247E-17 ) ) ;
#1673 = PRESENTATION_STYLE_ASSIGNMENT (( #1098 ) ) ;
#1674 = DIRECTION ( 'NONE',  ( 1.857305648797437849E-16, 0.000000000000000000, -1.000000000000000000 ) ) ;
#1675 = DIRECTION ( 'NONE',  ( 0.000000000000000000, 0.000000000000000000, 1.000000000000000000 ) ) ;
#1676 = CARTESIAN_POINT ( 'NONE',  ( 8.250000000000000000, 2.498279583438345330, -4.409999999999999254 ) ) ;
#1677 = ORIENTED_EDGE ( 'NONE', *, *, #219, .F. ) ;
#1678 = DIRECTION ( 'NONE',  ( 0.000000000000000000, 1.000000000000000000, -1.694065894508600925E-16 ) ) ;
#1679 = FACE_OUTER_BOUND ( 'NONE', #907, .T. ) ;
#1680 = FACE_OUTER_BOUND ( 'NONE', #687, .T. ) ;
#1681 = CARTESIAN_POINT ( 'NONE',  ( 7.335852391664219319, 4.527914408627980336, -0.2459417589453384290 ) ) ;
#1682 = DIRECTION ( 'NONE',  ( 1.865294060190115964E-16, -0.000000000000000000, 1.000000000000000000 ) ) ;
#1683 = DIRECTION ( 'NONE',  ( 0.000000000000000000, 1.000000000000000000, -1.694065894508600925E-16 ) ) ;
#1684 = CARTESIAN_POINT ( 'NONE',  ( -1.050000000000001377, 2.550000000000000266, -2.554999999999999716 ) ) ;
#1685 = VERTEX_POINT ( 'NONE', #1476 ) ;
#1686 = AXIS2_PLACEMENT_3D ( 'NONE', #785, #898, #767 ) ;
#1687 = AXIS2_PLACEMENT_3D ( 'NONE', #539, #281, #844 ) ;
#1688 = VECTOR ( 'NONE', #1768, 1000.000000000000000 ) ;
#1689 = CARTESIAN_POINT ( 'NONE',  ( 6.970000000000000639, 4.580000000000000071, -0.1507481343168139976 ) ) ;
#1690 = AXIS2_PLACEMENT_3D ( 'NONE', #1391, #1087, #146 ) ;
#1691 = CARTESIAN_POINT ( 'NONE',  ( 0.03639315148385229709, 4.566507423735715498, 0.2788866263040137849 ) ) ;
#1692 = MECHANICAL_DESIGN_GEOMETRIC_PRESENTATION_REPRESENTATION (  '', ( #1299 ), #867 ) ;
#1693 = VERTEX_POINT ( 'NONE', #92 ) ;
#1694 = EDGE_CURVE ( 'NONE', #607, #192, #1027, .T. ) ;
#1695 = EDGE_CURVE ( 'NONE', #1585, #1100, #85, .T. ) ;
#1696 = CARTESIAN_POINT ( 'NONE',  ( 7.950000000000000178, 0.2000000000000003164, -1.499999999999998668 ) ) ;
#1697 = VERTEX_POINT ( 'NONE', #1203 ) ;
#1698 = DIRECTION ( 'NONE',  ( 0.000000000000000000, 1.000000000000000000, 0.000000000000000000 ) ) ;
#1699 = CARTESIAN_POINT ( 'NONE',  ( 6.749999999999999112, 2.770000000000000018, -6.989999999999999325 ) ) ;
#1700 = ORIENTED_EDGE ( 'NONE', *, *, #532, .F. ) ;
#1701 = DIRECTION ( 'NONE',  ( 1.000000000000000000, 0.000000000000000000, 0.000000000000000000 ) ) ;
#1702 = EDGE_CURVE ( 'NONE', #1816, #1766, #1572, .T. ) ;
#1703 = VERTEX_POINT ( 'NONE', #608 ) ;
#1704 = CARTESIAN_POINT ( 'NONE',  ( 0.4500000000000007327, 4.080000000000000071, -6.989999999999999325 ) ) ;
#1705 = CARTESIAN_POINT ( 'NONE',  ( 0.1484222586609145189, 4.578645800060186843, -0.2390583798012731465 ) ) ;
#1706 = DIRECTION ( 'NONE',  ( 0.000000000000000000, 1.000000000000000000, 0.000000000000000000 ) ) ;
#1707 = VERTEX_POINT ( 'NONE', #1582 ) ;
#1708 = LINE ( 'NONE', #982, #1055 ) ;
#1709 = VERTEX_POINT ( 'NONE', #224 ) ;
#1710 = VERTEX_POINT ( 'NONE', #618 ) ;
#1711 = AXIS2_PLACEMENT_3D ( 'NONE', #1699, #1717, #348 ) ;
#1712 = AXIS2_PLACEMENT_3D ( 'NONE', #1151, #1424, #479 ) ;
#1713 = ADVANCED_FACE ( 'NONE', ( #1730 ), #1594, .T. ) ;
#1714 = AXIS2_PLACEMENT_3D ( 'NONE', #1763, #104, #269 ) ;
#1715 = VECTOR ( 'NONE', #1032, 1000.000000000000000 ) ;
#1716 = CARTESIAN_POINT ( 'NONE',  ( 8.250000000000000000, 2.168404344971008868E-16, 1.350000000000000755 ) ) ;
#1717 = DIRECTION ( 'NONE',  ( -1.865294060190115717E-16, 0.000000000000000000, -1.000000000000000000 ) ) ;
#1718 = CIRCLE ( 'NONE', #700, 1.280000000000000027 ) ;
#1719 = ORIENTED_EDGE ( 'NONE', *, *, #1756, .T. ) ;
#1720 = ORIENTED_EDGE ( 'NONE', *, *, #1694, .F. ) ;
#1721 = CARTESIAN_POINT ( 'NONE',  ( -0.5499999999999992673, 1.770000000000000018, -6.989999999999999325 ) ) ;
#1722 = DIRECTION ( 'NONE',  ( 1.000000000000000000, 0.000000000000000000, 9.286528243987189247E-17 ) ) ;
#1723 = VERTEX_POINT ( 'NONE', #1293 ) ;
#1724 = DIRECTION ( 'NONE',  ( -3.730588120380228476E-16, -0.000000000000000000, -1.000000000000000000 ) ) ;
#1725 = DIRECTION ( 'NONE',  ( 1.857305648797437849E-16, 0.000000000000000000, -1.000000000000000000 ) ) ;
#1726 = EDGE_CURVE ( 'NONE', #129, #1592, #1153, .T. ) ;
#1727 = DIRECTION ( 'NONE',  ( 0.000000000000000000, 0.000000000000000000, 1.000000000000000000 ) ) ;
#1728 = PLANE ( 'NONE',  #128 ) ;
#1729 = EDGE_LOOP ( 'NONE', ( #817, #765 ) ) ;
#1730 = FACE_OUTER_BOUND ( 'NONE', #1814, .T. ) ;
#1731 = ORIENTED_EDGE ( 'NONE', *, *, #88, .T. ) ;
#1732 = PLANE ( 'NONE',  #487 ) ;
#1733 = VERTEX_POINT ( 'NONE', #338 ) ;
#1734 = DIRECTION ( 'NONE',  ( -1.000000000000000000, -0.000000000000000000, 1.857305648797438096E-16 ) ) ;
#1735 = CARTESIAN_POINT ( 'NONE',  ( 7.950000000000001954, 0.1999999999999992339, -4.209999999999998188 ) ) ;
#1736 = CARTESIAN_POINT ( 'NONE',  ( 0.2299999999999993161, 3.299999999999999822, 1.649999999999999911 ) ) ;
#1737 = EDGE_CURVE ( 'NONE', #1550, #1474, #193, .T. ) ;
#1738 = DIRECTION ( 'NONE',  ( 0.000000000000000000, 0.000000000000000000, 1.000000000000000000 ) ) ;
#1739 = ORIENTED_EDGE ( 'NONE', *, *, #1375, .F. ) ;
#1740 = CARTESIAN_POINT ( 'NONE',  ( 7.950000000000000178, 2.391599479297924713, -1.699999999999999289 ) ) ;
#1741 = PLANE ( 'NONE',  #1438 ) ;
#1742 = VECTOR ( 'NONE', #520, 1000.000000000000000 ) ;
#1743 = CYLINDRICAL_SURFACE ( 'NONE', #1765, 0.1999999999999996503 ) ;
#1744 = CARTESIAN_POINT ( 'NONE',  ( 6.970000000000000639, 1.270000000000000018, -0.1507481343168142196 ) ) ;
#1745 = VECTOR ( 'NONE', #958, 1000.000000000000000 ) ;
#1746 = VECTOR ( 'NONE', #1785, 1000.000000000000000 ) ;
#1747 = EDGE_LOOP ( 'NONE', ( #718, #209, #59, #1419, #474, #927, #1136, #1457, #1017, #713, #466, #742, #494, #415, #1096, #264, #295, #360 ) ) ;
#1748 = AXIS2_PLACEMENT_3D ( 'NONE', #1101, #1414, #289 ) ;
#1749 = LINE ( 'NONE', #366, #1088 ) ;
#1750 = ORIENTED_EDGE ( 'NONE', *, *, #1420, .T. ) ;
#1751 = DIRECTION ( 'NONE',  ( -1.000000000000000000, 0.000000000000000000, 1.865294060190115964E-16 ) ) ;
#1752 = DIRECTION ( 'NONE',  ( 1.000000000000000000, -0.000000000000000000, 1.857305648797438096E-16 ) ) ;
#1753 = ORIENTED_EDGE ( 'NONE', *, *, #1463, .F. ) ;
#1754 = EDGE_LOOP ( 'NONE', ( #663, #587, #875, #567, #861, #1389, #248, #426 ) ) ;
#1755 = DIRECTION ( 'NONE',  ( 0.000000000000000000, 0.000000000000000000, -1.000000000000000000 ) ) ;
#1756 = EDGE_CURVE ( 'NONE', #1074, #1339, #602, .T. ) ;
#1757 = ADVANCED_FACE ( 'NONE', ( #1764 ), #511, .F. ) ;
#1758 = DIRECTION ( 'NONE',  ( -9.286528243987190480E-17, -0.000000000000000000, -1.000000000000000000 ) ) ;
#1759 = ORIENTED_EDGE ( 'NONE', *, *, #72, .T. ) ;
#1760 = ORIENTED_EDGE ( 'NONE', *, *, #1644, .F. ) ;
#1761 = CARTESIAN_POINT ( 'NONE',  ( 7.225728269905866696, 1.294522075314112231, 0.2797879147527069787 ) ) ;
#1762 = EDGE_CURVE ( 'NONE', #342, #234, #810, .T. ) ;
#1763 = CARTESIAN_POINT ( 'NONE',  ( -0.7500000000000015543, 0.1999999999999994282, -4.209999999999998188 ) ) ;
#1764 = FACE_OUTER_BOUND ( 'NONE', #63, .T. ) ;
#1765 = AXIS2_PLACEMENT_3D ( 'NONE', #1735, #188, #199 ) ;
#1766 = VERTEX_POINT ( 'NONE', #1797 ) ;
#1767 = VECTOR ( 'NONE', #1104, 1000.000000000000000 ) ;
#1768 = DIRECTION ( 'NONE',  ( 0.000000000000000000, -1.000000000000000000, 0.000000000000000000 ) ) ;
#1769 = AXIS2_PLACEMENT_3D ( 'NONE', #1020, #636, #1325 ) ;
#1770 = DIRECTION ( 'NONE',  ( 1.000000000000000000, 0.000000000000000000, -9.286528243987189247E-17 ) ) ;
#1771 = AXIS2_PLACEMENT_3D ( 'NONE', #1233, #1114, #671 ) ;
#1772 = DIRECTION ( 'NONE',  ( 0.000000000000000000, 1.000000000000000000, -1.813350741828697253E-16 ) ) ;
#1773 = ORIENTED_EDGE ( 'NONE', *, *, #1249, .F. ) ;
#1774 = ORIENTED_EDGE ( 'NONE', *, *, #287, .T. ) ;
#1775 = FACE_OUTER_BOUND ( 'NONE', #1305, .T. ) ;
#1776 = DIRECTION ( 'NONE',  ( 1.857305648797438096E-16, -0.000000000000000000, 1.000000000000000000 ) ) ;
#1777 = EDGE_CURVE ( 'NONE', #203, #711, #639, .T. ) ;
#1778 = VERTEX_POINT ( 'NONE', #1500 ) ;
#1779 = DIRECTION ( 'NONE',  ( -1.000000000000000000, 0.000000000000000000, 9.286528243987190480E-17 ) ) ;
#1780 = DIRECTION ( 'NONE',  ( -1.000000000000000000, 0.000000000000000000, 0.000000000000000000 ) ) ;
#1781 = ORIENTED_EDGE ( 'NONE', *, *, #208, .F. ) ;
#1782 = DIRECTION ( 'NONE',  ( 1.000000000000000000, 0.000000000000000000, -1.857305648797437849E-16 ) ) ;
#1783 = ORIENTED_EDGE ( 'NONE', *, *, #382, .F. ) ;
#1784 = DIRECTION ( 'NONE',  ( 0.000000000000000000, 1.000000000000000000, 0.000000000000000000 ) ) ;
#1785 = DIRECTION ( 'NONE',  ( 0.000000000000000000, 0.000000000000000000, 1.000000000000000000 ) ) ;
#1786 = CARTESIAN_POINT ( 'NONE',  ( -0.7500000000000006661, 1.270000000000000018, 1.649999999999999911 ) ) ;
#1787 =( LENGTH_UNIT ( ) NAMED_UNIT ( * ) SI_UNIT ( .MILLI., .METRE. ) );
#1788 = DIRECTION ( 'NONE',  ( 0.000000000000000000, -1.000000000000000000, 1.813350741828697253E-16 ) ) ;
#1789 = ORIENTED_EDGE ( 'NONE', *, *, #1777, .F. ) ;
#1790 = ADVANCED_FACE ( 'NONE', ( #540, #1821 ), #845, .T. ) ;
#1791 = PLANE ( 'NONE',  #1003 ) ;
#1792 = ORIENTED_EDGE ( 'NONE', *, *, #702, .F. ) ;
#1793 = DIRECTION ( 'NONE',  ( 0.000000000000000000, 1.000000000000000000, -1.813350741828697253E-16 ) ) ;
#1794 = VERTEX_POINT ( 'NONE', #3 ) ;
#1795 = CARTESIAN_POINT ( 'NONE',  ( 6.970000000000000639, 3.299999999999999822, 1.650000000000000577 ) ) ;
#1796 = CARTESIAN_POINT ( 'NONE',  ( 7.950000000000001954, 1.726592445990444036, -4.409999999999999254 ) ) ;
#1797 = CARTESIAN_POINT ( 'NONE',  ( 0.2299999999999988720, 1.270000000000000018, 0.1507481343168168009 ) ) ;
#1798 = DIRECTION ( 'NONE',  ( -1.000000000000000000, 0.000000000000000000, 0.000000000000000000 ) ) ;
#1799 = ORIENTED_EDGE ( 'NONE', *, *, #758, .F. ) ;
#1800 = PLANE ( 'NONE',  #1119 ) ;
#1801 = AXIS2_PLACEMENT_3D ( 'NONE', #1205, #1779, #941 ) ;
#1802 = CARTESIAN_POINT ( 'NONE',  ( 7.474918928589990408, 1.373795560590451714, -0.05963413219192725129 ) ) ;
#1803 = EDGE_CURVE ( 'NONE', #1550, #1237, #665, .T. ) ;
#1804 = CIRCLE ( 'NONE', #1497, 1.279999999999999805 ) ;
#1805 = ORIENTED_EDGE ( 'NONE', *, *, #354, .F. ) ;
#1806 = AXIS2_PLACEMENT_3D ( 'NONE', #1251, #1231, #1659 ) ;
#1807 = VECTOR ( 'NONE', #1283, 1000.000000000000000 ) ;
#1808 = VECTOR ( 'NONE', #924, 1000.000000000000000 ) ;
#1809 = LINE ( 'NONE', #948, #1143 ) ;
#1810 = CARTESIAN_POINT ( 'NONE',  ( 6.970000000000000639, 1.270000000000000018, 1.650000000000000577 ) ) ;
#1811 = SURFACE_STYLE_FILL_AREA ( #819 ) ;
#1812 = LINE ( 'NONE', #1099, #1587 ) ;
#1813 = DIRECTION ( 'NONE',  ( -1.000000000000000000, 0.000000000000000000, 3.730588120380228476E-16 ) ) ;
#1814 = EDGE_LOOP ( 'NONE', ( #881, #704, #462, #182, #1254, #1228, #1021, #302, #1753, #666, #402, #66, #1013, #679, #781, #626 ) ) ;
#1815 = LINE ( 'NONE', #566, #579 ) ;
#1816 = VERTEX_POINT ( 'NONE', #682 ) ;
#1817 = DIRECTION ( 'NONE',  ( 1.000000000000000000, 0.000000000000000000, 0.000000000000000000 ) ) ;
#1818 = ORIENTED_EDGE ( 'NONE', *, *, #747, .T. ) ;
#1819 = EDGE_CURVE ( 'NONE', #1402, #1492, #260, .T. ) ;
#1820 = CARTESIAN_POINT ( 'NONE',  ( -0.7500000000000015543, 0.1999999999999994282, -4.409999999999999254 ) ) ;
#1821 = FACE_OUTER_BOUND ( 'NONE', #1029, .T. ) ;
#1822 = DIRECTION ( 'NONE',  ( -1.000000000000000000, 0.000000000000000000, 1.694065894508600678E-16 ) ) ;
#1823 = EDGE_LOOP ( 'NONE', ( #1120, #1485, #1124, #729 ) ) ;
#1824 = DIRECTION ( 'NONE',  ( -0.000000000000000000, -0.000000000000000000, -1.000000000000000000 ) ) ;
ENDSEC;
END-ISO-10303-21;
