ISO-10303-21;
HEADER;
FILE_DESCRIPTION (( 'STEP AP214' ),
    '1' );
FILE_NAME ('³äµç×ùµ¯Æ¬-0824.STEP',
    '2019-08-24T04:12:16',
    ( '' ),
    ( '' ),
    'SwSTEP 2.0',
    'SolidWorks 2018',
    '' );
FILE_SCHEMA (( 'AUTOMOTIVE_DESIGN' ));
ENDSEC;

DATA;
#1 = LINE ( 'NONE', #1357, #706 ) ;
#2 = CIRCLE ( 'NONE', #1320, 0.8500000000000000888 ) ;
#3 = DIRECTION ( 'NONE',  ( 0.0000000000000000000, 1.000000000000000000, 0.0000000000000000000 ) ) ;
#4 = EDGE_LOOP ( 'NONE', ( #1215, #1175, #284, #1300 ) ) ;
#5 = AXIS2_PLACEMENT_3D ( 'NONE', #264, #1421, #741 ) ;
#6 = LINE ( 'NONE', #108, #1484 ) ;
#7 = DIRECTION ( 'NONE',  ( 1.000000000000000000, 1.301042606982605321E-16, -0.0000000000000000000 ) ) ;
#8 = ORIENTED_EDGE ( 'NONE', *, *, #68, .F. ) ;
#9 = DIRECTION ( 'NONE',  ( 0.1132032137679018086, -0.9935718556765880116, 0.0000000000000000000 ) ) ;
#10 = EDGE_CURVE ( 'NONE', #908, #380, #928, .T. ) ;
#11 = ORIENTED_EDGE ( 'NONE', *, *, #411, .F. ) ;
#12 = ORIENTED_EDGE ( 'NONE', *, *, #261, .T. ) ;
#13 = CARTESIAN_POINT ( 'NONE',  ( -21.59901287487315358, 3.603829147841264291, 1.000000000000000000 ) ) ;
#14 = AXIS2_PLACEMENT_3D ( 'NONE', #468, #699, #942 ) ;
#15 = EDGE_CURVE ( 'NONE', #380, #897, #171, .T. ) ;
#16 = DIRECTION ( 'NONE',  ( -0.0000000000000000000, -0.0000000000000000000, -1.000000000000000000 ) ) ;
#17 = EDGE_CURVE ( 'NONE', #690, #934, #1137, .T. ) ;
#18 = CARTESIAN_POINT ( 'NONE',  ( -22.83870697219240498, 4.524626947118481901, 1.000000000000000000 ) ) ;
#19 = VECTOR ( 'NONE', #92, 1000.000000000000000 ) ;
#20 = LINE ( 'NONE', #794, #945 ) ;
#21 = CARTESIAN_POINT ( 'NONE',  ( -31.08682408883345971, 0.9924038765061009570, 1.000000000000000000 ) ) ;
#22 = ORIENTED_EDGE ( 'NONE', *, *, #1289, .F. ) ;
#23 = ORIENTED_EDGE ( 'NONE', *, *, #603, .T. ) ;
#24 = AXIS2_PLACEMENT_3D ( 'NONE', #583, #1377, #685 ) ;
#25 = ORIENTED_EDGE ( 'NONE', *, *, #1423, .F. ) ;
#26 = DIRECTION ( 'NONE',  ( 0.9396926207859095381, 0.3420201433256655488, 0.0000000000000000000 ) ) ;
#27 = DIRECTION ( 'NONE',  ( -0.0000000000000000000, -0.0000000000000000000, 1.000000000000000000 ) ) ;
#28 = PRESENTATION_STYLE_ASSIGNMENT (( #1128 ) ) ;
#29 = ORIENTED_EDGE ( 'NONE', *, *, #363, .T. ) ;
#30 = VECTOR ( 'NONE', #226, 1000.000000000000000 ) ;
#31 = EDGE_CURVE ( 'NONE', #1428, #690, #452, .T. ) ;
#32 = DIRECTION ( 'NONE',  ( 1.000000000000000000, 0.0000000000000000000, 0.0000000000000000000 ) ) ;
#33 = CARTESIAN_POINT ( 'NONE',  ( -31.00000000000000000, 0.4999999999999962252, 1.000000000000000000 ) ) ;
#34 = PLANE ( 'NONE',  #956 ) ;
#35 = DIRECTION ( 'NONE',  ( 0.0000000000000000000, -1.000000000000000000, -3.502807018799339069E-15 ) ) ;
#36 = EDGE_CURVE ( 'NONE', #1471, #690, #1171, .T. ) ;
#37 = CARTESIAN_POINT ( 'NONE',  ( -6.505213034913145241E-18, -0.09999999999999961697, 1.300000000000000266 ) ) ;
#38 = LINE ( 'NONE', #373, #906 ) ;
#39 = DIRECTION ( 'NONE',  ( 0.0000000000000000000, 3.491481338843133355E-15, -1.000000000000000000 ) ) ;
#40 = VERTEX_POINT ( 'NONE', #1233 ) ;
#41 = CARTESIAN_POINT ( 'NONE',  ( -28.03712868451650664, 1.530147459229767026, 1.000000000000000000 ) ) ;
#42 = ORIENTED_EDGE ( 'NONE', *, *, #165, .T. ) ;
#43 = FACE_OUTER_BOUND ( 'NONE', #826, .T. ) ;
#44 = AXIS2_PLACEMENT_3D ( 'NONE', #1149, #1043, #938 ) ;
#45 = ORIENTED_EDGE ( 'NONE', *, *, #68, .T. ) ;
#46 = ORIENTED_EDGE ( 'NONE', *, *, #1474, .T. ) ;
#47 = CARTESIAN_POINT ( 'NONE',  ( -28.15000000000000924, 2.170272498687703333, -1.000000000000000000 ) ) ;
#48 = EDGE_CURVE ( 'NONE', #347, #1177, #798, .T. ) ;
#49 = DIRECTION ( 'NONE',  ( 0.0000000000000000000, 0.0000000000000000000, -1.000000000000000000 ) ) ;
#50 = PLANE ( 'NONE',  #1507 ) ;
#51 = APPLICATION_PROTOCOL_DEFINITION ( 'draft international standard', 'automotive_design', 1998, #55 ) ;
#52 = AXIS2_PLACEMENT_3D ( 'NONE', #319, #85, #313 ) ;
#53 = DIRECTION ( 'NONE',  ( 1.000000000000000000, 6.776263578034415038E-17, -0.0000000000000000000 ) ) ;
#54 = LINE ( 'NONE', #394, #1025 ) ;
#55 = APPLICATION_CONTEXT ( 'automotive_design' ) ;
#56 = VERTEX_POINT ( 'NONE', #871 ) ;
#57 = LINE ( 'NONE', #635, #265 ) ;
#58 = LINE ( 'NONE', #619, #1464 ) ;
#59 = VERTEX_POINT ( 'NONE', #70 ) ;
#60 = ORIENTED_EDGE ( 'NONE', *, *, #968, .T. ) ;
#61 = CARTESIAN_POINT ( 'NONE',  ( -27.30000000000000071, 3.737980617469478073, 1.000000000000000000 ) ) ;
#62 = LINE ( 'NONE', #1379, #348 ) ;
#63 = EDGE_LOOP ( 'NONE', ( #1191, #625, #65, #45 ) ) ;
#64 = EDGE_CURVE ( 'NONE', #1125, #1251, #1, .T. ) ;
#65 = ORIENTED_EDGE ( 'NONE', *, *, #657, .T. ) ;
#66 = FACE_OUTER_BOUND ( 'NONE', #966, .T. ) ;
#67 = DIRECTION ( 'NONE',  ( -1.000000000000000000, 4.336808689942043768E-15, 0.0000000000000000000 ) ) ;
#68 = EDGE_CURVE ( 'NONE', #1410, #1125, #246, .T. ) ;
#69 = CARTESIAN_POINT ( 'NONE',  ( -5.000000000000000000, 0.1999999999999993727, 1.000000000000000000 ) ) ;
#70 = CARTESIAN_POINT ( 'NONE',  ( -2.448198453999526201E-17, 0.2000000000000000111, -1.000000000000000000 ) ) ;
#71 = EDGE_CURVE ( 'NONE', #188, #934, #135, .T. ) ;
#72 = CIRCLE ( 'NONE', #569, 0.5000000000000004441 ) ;
#73 = VECTOR ( 'NONE', #765, 1000.000000000000000 ) ;
#74 = EDGE_CURVE ( 'NONE', #1112, #644, #1495, .T. ) ;
#75 = ORIENTED_EDGE ( 'NONE', *, *, #1349, .T. ) ;
#76 = CIRCLE ( 'NONE', #1259, 0.8500000000000000888 ) ;
#77 = ORIENTED_EDGE ( 'NONE', *, *, #642, .F. ) ;
#78 = EDGE_LOOP ( 'NONE', ( #12, #1409, #1050, #312 ) ) ;
#79 = VECTOR ( 'NONE', #471, 1000.000000000000000 ) ;
#80 = CARTESIAN_POINT ( 'NONE',  ( -31.08682408883345971, 0.9924038765061009570, 1.000000000000000000 ) ) ;
#81 = EDGE_CURVE ( 'NONE', #858, #554, #1026, .T. ) ;
#82 = ADVANCED_FACE ( 'NONE', ( #285 ), #909, .F. ) ;
#83 = PLANE ( 'NONE',  #52 ) ;
#84 = DIRECTION ( 'NONE',  ( -0.0000000000000000000, -0.0000000000000000000, -1.000000000000000000 ) ) ;
#85 = DIRECTION ( 'NONE',  ( 0.0000000000000000000, 0.0000000000000000000, -1.000000000000000000 ) ) ;
#86 = AXIS2_PLACEMENT_3D ( 'NONE', #1147, #218, #815 ) ;
#87 = EDGE_CURVE ( 'NONE', #552, #1385, #589, .T. ) ;
#88 = LINE ( 'NONE', #630, #1275 ) ;
#89 = EDGE_LOOP ( 'NONE', ( #595, #1113, #251, #695 ) ) ;
#90 = ADVANCED_FACE ( 'NONE', ( #1363 ), #588, .T. ) ;
#91 = PLANE ( 'NONE',  #127 ) ;
#92 = DIRECTION ( 'NONE',  ( 0.9848077530122093526, 0.1736481776669229204, 0.0000000000000000000 ) ) ;
#93 = FACE_OUTER_BOUND ( 'NONE', #1196, .T. ) ;
#94 = VECTOR ( 'NONE', #178, 1000.000000000000000 ) ;
#95 = ORIENTED_EDGE ( 'NONE', *, *, #374, .T. ) ;
#96 = CARTESIAN_POINT ( 'NONE',  ( -27.30000000000000782, 2.170272498687698892, -1.000000000000000000 ) ) ;
#97 = EDGE_CURVE ( 'NONE', #1410, #456, #1330, .T. ) ;
#98 = ORIENTED_EDGE ( 'NONE', *, *, #1098, .T. ) ;
#99 = CARTESIAN_POINT ( 'NONE',  ( -5.000000000000000000, -0.09999999999999945044, 1.000000000000000000 ) ) ;
#100 = VERTEX_POINT ( 'NONE', #1375 ) ;
#101 = DIRECTION ( 'NONE',  ( 4.925572932396080937E-15, 1.000000000000000000, 0.0000000000000000000 ) ) ;
#102 = SHAPE_DEFINITION_REPRESENTATION ( #1108, #317 ) ;
#103 = ORIENTED_EDGE ( 'NONE', *, *, #1358, .F. ) ;
#104 = ADVANCED_FACE ( 'NONE', ( #1223 ), #231, .F. ) ;
#105 = PRODUCT_DEFINITION ( 'Î´Öª', '', #544, #720 ) ;
#106 = FACE_OUTER_BOUND ( 'NONE', #138, .T. ) ;
#107 = AXIS2_PLACEMENT_3D ( 'NONE', #332, #1236, #910 ) ;
#108 = CARTESIAN_POINT ( 'NONE',  ( -22.20981307838399488, 3.381516054679583938, -1.000000000000000000 ) ) ;
#109 = DIRECTION ( 'NONE',  ( 0.0000000000000000000, -1.000000000000000000, 3.502807018799317770E-15 ) ) ;
#110 = EDGE_CURVE ( 'NONE', #274, #806, #607, .T. ) ;
#111 = ADVANCED_FACE ( 'NONE', ( #93 ), #689, .F. ) ;
#112 = DIRECTION ( 'NONE',  ( 4.273919607961977158E-31, -3.491481338843133355E-15, -1.000000000000000000 ) ) ;
#113 = CARTESIAN_POINT ( 'NONE',  ( -22.39775160254117736, 3.313112026014451317, 1.000000000000000000 ) ) ;
#114 = FACE_OUTER_BOUND ( 'NONE', #490, .T. ) ;
#115 = CIRCLE ( 'NONE', #879, 0.5000000000000004441 ) ;
#116 = VERTEX_POINT ( 'NONE', #1031 ) ;
#117 = CARTESIAN_POINT ( 'NONE',  ( -22.39775160254117736, 3.313112026014451317, 1.000000000000000000 ) ) ;
#118 = DIRECTION ( 'NONE',  ( -1.000000000000000000, -1.224099226999763039E-16, 0.0000000000000000000 ) ) ;
#119 = EDGE_CURVE ( 'NONE', #820, #347, #340, .T. ) ;
#120 = EDGE_LOOP ( 'NONE', ( #1127, #1413, #846, #1334, #439, #1001 ) ) ;
#121 = ADVANCED_FACE ( 'NONE', ( #1235 ), #355, .T. ) ;
#122 = VECTOR ( 'NONE', #112, 1000.000000000000000 ) ;
#123 = ORIENTED_EDGE ( 'NONE', *, *, #1460, .F. ) ;
#124 = CARTESIAN_POINT ( 'NONE',  ( -31.08682408883345971, 0.9924038765061009570, 1.000000000000000000 ) ) ;
#125 = VERTEX_POINT ( 'NONE', #469 ) ;
#126 = CARTESIAN_POINT ( 'NONE',  ( 0.0000000000000000000, 5.963111948670274387E-16, 1.000000000000000000 ) ) ;
#127 = AXIS2_PLACEMENT_3D ( 'NONE', #464, #696, #229 ) ;
#128 = DIRECTION ( 'NONE',  ( 1.000000000000000000, 6.776263578034415038E-17, -0.0000000000000000000 ) ) ;
#129 = DIRECTION ( 'NONE',  ( 0.3420201433256639945, -0.9396926207859100932, 0.0000000000000000000 ) ) ;
#130 = EDGE_CURVE ( 'NONE', #1251, #712, #1070, .T. ) ;
#131 = DIRECTION ( 'NONE',  ( 0.9935718556765882337, 0.1132032137678998379, 0.0000000000000000000 ) ) ;
#132 = LINE ( 'NONE', #18, #415 ) ;
#133 = VECTOR ( 'NONE', #1436, 1000.000000000000000 ) ;
#134 = ORIENTED_EDGE ( 'NONE', *, *, #336, .F. ) ;
#135 = LINE ( 'NONE', #194, #1446 ) ;
#136 = CARTESIAN_POINT ( 'NONE',  ( -2.448198453999526201E-17, 0.2000000000000000111, 1.000000000000000000 ) ) ;
#137 = EDGE_LOOP ( 'NONE', ( #789, #1485, #1138, #309 ) ) ;
#138 = EDGE_LOOP ( 'NONE', ( #1055, #256, #616, #295 ) ) ;
#139 =( NAMED_UNIT ( * ) PLANE_ANGLE_UNIT ( ) SI_UNIT ( $, .RADIAN. ) );
#140 = EDGE_LOOP ( 'NONE', ( #1302, #590, #417, #570 ) ) ;
#141 = ORIENTED_EDGE ( 'NONE', *, *, #1418, .T. ) ;
#142 = DIRECTION ( 'NONE',  ( 1.000000000000000000, 0.0000000000000000000, 0.0000000000000000000 ) ) ;
#143 = DIRECTION ( 'NONE',  ( -0.1132032137678998518, 0.9935718556765882337, 0.0000000000000000000 ) ) ;
#144 = PRESENTATION_LAYER_ASSIGNMENT (  '', '', ( #1116 ) ) ;
#145 = CARTESIAN_POINT ( 'NONE',  ( -28.03712868451650664, 1.530147459229767026, -1.000000000000000000 ) ) ;
#146 = DIRECTION ( 'NONE',  ( -1.000000000000000000, 0.0000000000000000000, 0.0000000000000000000 ) ) ;
#147 = CARTESIAN_POINT ( 'NONE',  ( -31.00000000000000000, -3.794707603699265519E-15, -1.000000000000000000 ) ) ;
#148 = EDGE_CURVE ( 'NONE', #228, #1428, #684, .T. ) ;
#149 = DIRECTION ( 'NONE',  ( -1.000000000000000000, 0.0000000000000000000, 0.0000000000000000000 ) ) ;
#150 = DIRECTION ( 'NONE',  ( 0.0000000000000000000, 1.000000000000000000, 0.0000000000000000000 ) ) ;
#151 = ORIENTED_EDGE ( 'NONE', *, *, #701, .T. ) ;
#152 = AXIS2_PLACEMENT_3D ( 'NONE', #301, #53, #1114 ) ;
#153 = EDGE_LOOP ( 'NONE', ( #1049, #210, #1214, #964 ) ) ;
#154 = ORIENTED_EDGE ( 'NONE', *, *, #36, .T. ) ;
#155 = EDGE_CURVE ( 'NONE', #709, #787, #996, .T. ) ;
#156 = DIRECTION ( 'NONE',  ( -0.9935718556765882337, -0.1132032137678998518, 0.0000000000000000000 ) ) ;
#157 = ORIENTED_EDGE ( 'NONE', *, *, #1120, .T. ) ;
#158 = EDGE_CURVE ( 'NONE', #1112, #56, #1254, .T. ) ;
#159 = CYLINDRICAL_SURFACE ( 'NONE', #24, 0.3000000000000016542 ) ;
#160 = CARTESIAN_POINT ( 'NONE',  ( -5.000000000000000000, -1.299999999999993827, -1.300000000000004263 ) ) ;
#161 = DIRECTION ( 'NONE',  ( -0.0000000000000000000, -0.0000000000000000000, -1.000000000000000000 ) ) ;
#162 = DIRECTION ( 'NONE',  ( -0.0000000000000000000, -0.0000000000000000000, -1.000000000000000000 ) ) ;
#163 = VECTOR ( 'NONE', #161, 1000.000000000000000 ) ;
#164 = DIRECTION ( 'NONE',  ( -0.0000000000000000000, -0.0000000000000000000, -1.000000000000000000 ) ) ;
#165 = EDGE_CURVE ( 'NONE', #274, #40, #726, .T. ) ;
#166 = DIRECTION ( 'NONE',  ( 1.000000000000000000, 0.0000000000000000000, 0.0000000000000000000 ) ) ;
#167 = CARTESIAN_POINT ( 'NONE',  ( -31.00000000000000000, 0.4999999999999962252, 1.000000000000000000 ) ) ;
#168 = FACE_OUTER_BOUND ( 'NONE', #1193, .T. ) ;
#169 = ORIENTED_EDGE ( 'NONE', *, *, #1052, .T. ) ;
#170 = CARTESIAN_POINT ( 'NONE',  ( -31.05209445330007512, 0.7954423259036591531, 1.000000000000000000 ) ) ;
#171 = LINE ( 'NONE', #80, #73 ) ;
#172 = ORIENTED_EDGE ( 'NONE', *, *, #522, .F. ) ;
#173 = DIRECTION ( 'NONE',  ( 1.000000000000000000, 0.0000000000000000000, 0.0000000000000000000 ) ) ;
#174 = AXIS2_PLACEMENT_3D ( 'NONE', #1441, #406, #865 ) ;
#175 = EDGE_LOOP ( 'NONE', ( #169, #1332, #1155, #386 ) ) ;
#176 = EDGE_CURVE ( 'NONE', #736, #328, #645, .T. ) ;
#177 = ORIENTED_EDGE ( 'NONE', *, *, #825, .T. ) ;
#178 = DIRECTION ( 'NONE',  ( -0.0000000000000000000, -0.0000000000000000000, -1.000000000000000000 ) ) ;
#179 = ORIENTED_EDGE ( 'NONE', *, *, #713, .F. ) ;
#180 =( LENGTH_UNIT ( ) NAMED_UNIT ( * ) SI_UNIT ( .MILLI., .METRE. ) );
#181 = EDGE_CURVE ( 'NONE', #347, #228, #1405, .T. ) ;
#182 =( NAMED_UNIT ( * ) SI_UNIT ( $, .STERADIAN. ) SOLID_ANGLE_UNIT ( ) );
#183 = CARTESIAN_POINT ( 'NONE',  ( -28.00239904898312560, 1.333185908627325444, 1.000000000000000000 ) ) ;
#184 = LINE ( 'NONE', #886, #1046 ) ;
#185 = SURFACE_SIDE_STYLE ('',( #273 ) ) ;
#186 = LINE ( 'NONE', #947, #1068 ) ;
#187 = EDGE_CURVE ( 'NONE', #554, #1385, #768, .T. ) ;
#188 = VERTEX_POINT ( 'NONE', #362 ) ;
#189 = ORIENTED_EDGE ( 'NONE', *, *, #342, .F. ) ;
#190 = APPLICATION_CONTEXT ( 'automotive_design' ) ;
#191 = CARTESIAN_POINT ( 'NONE',  ( -31.05209445330007512, 0.7954423259036591531, -1.000000000000000000 ) ) ;
#192 = VERTEX_POINT ( 'NONE', #1062 ) ;
#193 = ORIENTED_EDGE ( 'NONE', *, *, #64, .F. ) ;
#194 = CARTESIAN_POINT ( 'NONE',  ( -21.52543078592401926, 2.958007441651480995, 1.000000000000000000 ) ) ;
#195 = EDGE_CURVE ( 'NONE', #323, #1385, #58, .T. ) ;
#196 = DIRECTION ( 'NONE',  ( -1.000000000000000000, 0.0000000000000000000, -0.0000000000000000000 ) ) ;
#197 = FACE_OUTER_BOUND ( 'NONE', #78, .T. ) ;
#198 = CARTESIAN_POINT ( 'NONE',  ( -27.50000000000000000, 3.737980617469478961, 1.000000000000000000 ) ) ;
#199 = DIRECTION ( 'NONE',  ( -0.0000000000000000000, -0.0000000000000000000, -1.000000000000000000 ) ) ;
#200 = MECHANICAL_DESIGN_GEOMETRIC_PRESENTATION_REPRESENTATION (  '', ( #1116 ), #370 ) ;
#201 = ADVANCED_FACE ( 'NONE', ( #1298 ), #1164, .F. ) ;
#202 = FACE_OUTER_BOUND ( 'NONE', #1285, .T. ) ;
#203 = EDGE_CURVE ( 'NONE', #754, #929, #962, .T. ) ;
#204 = VECTOR ( 'NONE', #129, 1000.000000000000114 ) ;
#205 = VECTOR ( 'NONE', #1153, 1000.000000000000000 ) ;
#206 = FACE_OUTER_BOUND ( 'NONE', #365, .T. ) ;
#207 = VERTEX_POINT ( 'NONE', #1391 ) ;
#208 = CARTESIAN_POINT ( 'NONE',  ( -28.00239904898312560, 1.333185908627325444, 1.000000000000000000 ) ) ;
#209 = CYLINDRICAL_SURFACE ( 'NONE', #1036, 0.8500000000000000888 ) ;
#210 = ORIENTED_EDGE ( 'NONE', *, *, #87, .F. ) ;
#211 = ORIENTED_EDGE ( 'NONE', *, *, #1212, .T. ) ;
#212 = CARTESIAN_POINT ( 'NONE',  ( -1.590837719156633019E-17, -1.299999999999993161, -1.300000000000004263 ) ) ;
#213 = ORIENTED_EDGE ( 'NONE', *, *, #786, .F. ) ;
#214 = AXIS2_PLACEMENT_3D ( 'NONE', #1069, #1403, #142 ) ;
#215 = CYLINDRICAL_SURFACE ( 'NONE', #1000, 0.5000000000000004441 ) ;
#216 = CARTESIAN_POINT ( 'NONE',  ( -27.30000000000000782, 2.170272498687698892, 1.000000000000000000 ) ) ;
#217 = ADVANCED_FACE ( 'NONE', ( #398 ), #1412, .T. ) ;
#218 = DIRECTION ( 'NONE',  ( -0.1736481776669229482, 0.9848077530122093526, 0.0000000000000000000 ) ) ;
#219 = DIRECTION ( 'NONE',  ( -1.000000000000000000, -1.224099226999763039E-16, 0.0000000000000000000 ) ) ;
#220 = CARTESIAN_POINT ( 'NONE',  ( -22.20981307838399488, 3.381516054679583938, -1.000000000000000000 ) ) ;
#221 = AXIS2_PLACEMENT_3D ( 'NONE', #816, #451, #1383 ) ;
#222 = CARTESIAN_POINT ( 'NONE',  ( -27.50000000000000000, 3.737980617469478961, -1.000000000000000000 ) ) ;
#223 = CARTESIAN_POINT ( 'NONE',  ( -2.448198453999526201E-17, 0.2000000000000000111, -1.000000000000000000 ) ) ;
#224 = FACE_OUTER_BOUND ( 'NONE', #270, .T. ) ;
#225 = ORIENTED_EDGE ( 'NONE', *, *, #793, .F. ) ;
#226 = DIRECTION ( 'NONE',  ( -1.000000000000000000, 4.336808689942043768E-15, 0.0000000000000000000 ) ) ;
#227 = EDGE_CURVE ( 'NONE', #1112, #207, #320, .T. ) ;
#228 = VERTEX_POINT ( 'NONE', #242 ) ;
#229 = DIRECTION ( 'NONE',  ( 1.000000000000000000, 1.224099226999763039E-16, 0.0000000000000000000 ) ) ;
#230 = ORIENTED_EDGE ( 'NONE', *, *, #664, .T. ) ;
#231 = PLANE ( 'NONE',  #732 ) ;
#232 = COLOUR_RGB ( '',0.6470588235294117974, 0.5176470588235293491, 0.0000000000000000000 ) ;
#233 = ORIENTED_EDGE ( 'NONE', *, *, #110, .T. ) ;
#234 = AXIS2_PLACEMENT_3D ( 'NONE', #33, #1439, #1096 ) ;
#235 = DIRECTION ( 'NONE',  ( -0.9935718556765882337, -0.1132032137678998518, 0.0000000000000000000 ) ) ;
#236 = ADVANCED_FACE ( 'NONE', ( #723 ), #1296, .T. ) ;
#237 = CARTESIAN_POINT ( 'NONE',  ( -2.448198453999526201E-17, 0.2000000000000000111, 1.000000000000000000 ) ) ;
#238 = DIRECTION ( 'NONE',  ( -1.000000000000000000, 0.0000000000000000000, 0.0000000000000000000 ) ) ;
#239 = EDGE_CURVE ( 'NONE', #422, #736, #1478, .T. ) ;
#240 = CARTESIAN_POINT ( 'NONE',  ( -21.52543078592401926, 2.958007441651480995, -1.000000000000000000 ) ) ;
#241 = CARTESIAN_POINT ( 'NONE',  ( -28.00239904898312560, 1.333185908627325444, -1.000000000000000000 ) ) ;
#242 = CARTESIAN_POINT ( 'NONE',  ( -22.65076844803522249, 4.593030975783615411, 1.000000000000000000 ) ) ;
#243 = VECTOR ( 'NONE', #271, 1000.000000000000114 ) ;
#244 = CARTESIAN_POINT ( 'NONE',  ( -27.50000000000001066, 1.624857738422466280, 1.000000000000000000 ) ) ;
#245 = AXIS2_PLACEMENT_3D ( 'NONE', #1226, #1118, #783 ) ;
#246 = CIRCLE ( 'NONE', #1340, 0.3000000000000000444 ) ;
#247 = LINE ( 'NONE', #1457, #94 ) ;
#248 = DIRECTION ( 'NONE',  ( -4.273919607961977158E-31, 2.780275754388462765E-47, 1.000000000000000000 ) ) ;
#249 = FILL_AREA_STYLE ('',( #1176 ) ) ;
#250 = EDGE_CURVE ( 'NONE', #1393, #908, #72, .T. ) ;
#251 = ORIENTED_EDGE ( 'NONE', *, *, #603, .F. ) ;
#252 = VECTOR ( 'NONE', #248, 1000.000000000000000 ) ;
#253 = ORIENTED_EDGE ( 'NONE', *, *, #250, .F. ) ;
#254 = VERTEX_POINT ( 'NONE', #850 ) ;
#255 = CARTESIAN_POINT ( 'NONE',  ( -5.000000000000000000, 0.1999999999999992339, -1.000000000000000000 ) ) ;
#256 = ORIENTED_EDGE ( 'NONE', *, *, #738, .F. ) ;
#257 = AXIS2_PLACEMENT_3D ( 'NONE', #167, #1324, #413 ) ;
#258 = DIRECTION ( 'NONE',  ( -1.224099226999763039E-16, 1.000000000000000000, 0.0000000000000000000 ) ) ;
#259 = DIRECTION ( 'NONE',  ( 4.894885289712734855E-17, 1.000000000000000000, 0.0000000000000000000 ) ) ;
#260 = DIRECTION ( 'NONE',  ( 0.1736481776669182853, -0.9848077530122101297, 0.0000000000000000000 ) ) ;
#261 = EDGE_CURVE ( 'NONE', #403, #683, #1048, .T. ) ;
#262 = DIRECTION ( 'NONE',  ( 0.0000000000000000000, 0.0000000000000000000, -1.000000000000000000 ) ) ;
#263 = FACE_OUTER_BOUND ( 'NONE', #633, .T. ) ;
#264 = CARTESIAN_POINT ( 'NONE',  ( -21.52543078592401926, 2.958007441651480995, 1.000000000000000000 ) ) ;
#265 = VECTOR ( 'NONE', #762, 1000.000000000000000 ) ;
#266 = VECTOR ( 'NONE', #101, 1000.000000000000000 ) ;
#267 = CARTESIAN_POINT ( 'NONE',  ( -4.557301175495659484E-31, 3.502807018799338675E-15, -1.099999999999999645 ) ) ;
#268 = ORIENTED_EDGE ( 'NONE', *, *, #505, .T. ) ;
#269 =( GEOMETRIC_REPRESENTATION_CONTEXT ( 3 ) GLOBAL_UNCERTAINTY_ASSIGNED_CONTEXT ( ( #620 ) ) GLOBAL_UNIT_ASSIGNED_CONTEXT ( ( #615, #139, #1407 ) ) REPRESENTATION_CONTEXT ( 'NONE', 'WORKASPACE' ) );
#270 = EDGE_LOOP ( 'NONE', ( #1029, #1224, #979, #553 ) ) ;
#271 = DIRECTION ( 'NONE',  ( 0.9396926207859102043, 0.3420201433256636059, 0.0000000000000000000 ) ) ;
#272 = ORIENTED_EDGE ( 'NONE', *, *, #1434, .T. ) ;
#273 = SURFACE_STYLE_FILL_AREA ( #778 ) ;
#274 = VERTEX_POINT ( 'NONE', #126 ) ;
#275 = DIRECTION ( 'NONE',  ( -1.000000000000000000, -1.224099226999763039E-16, 0.0000000000000000000 ) ) ;
#276 = CARTESIAN_POINT ( 'NONE',  ( -31.08682408883345971, 0.9924038765061009570, -1.000000000000000000 ) ) ;
#277 = CARTESIAN_POINT ( 'NONE',  ( -27.50000000000000000, 3.737980617469478961, 1.000000000000000000 ) ) ;
#278 = CARTESIAN_POINT ( 'NONE',  ( -21.50279014317043647, 2.759293070516163127, -1.000000000000000000 ) ) ;
#279 = EDGE_CURVE ( 'NONE', #1240, #541, #186, .T. ) ;
#280 = DIRECTION ( 'NONE',  ( -1.000000000000000000, -6.672013369141553384E-16, 0.0000000000000000000 ) ) ;
#281 = FACE_OUTER_BOUND ( 'NONE', #1032, .T. ) ;
#282 = CIRCLE ( 'NONE', #654, 0.6500000000000012434 ) ;
#283 = CARTESIAN_POINT ( 'NONE',  ( -21.59901287487315358, 3.603829147841264291, 1.000000000000000000 ) ) ;
#284 = ORIENTED_EDGE ( 'NONE', *, *, #1392, .F. ) ;
#285 = FACE_OUTER_BOUND ( 'NONE', #1038, .T. ) ;
#286 = FACE_OUTER_BOUND ( 'NONE', #1002, .T. ) ;
#287 = AXIS2_PLACEMENT_3D ( 'NONE', #1427, #1435, #149 ) ;
#288 = ORIENTED_EDGE ( 'NONE', *, *, #1392, .T. ) ;
#289 = DIRECTION ( 'NONE',  ( 0.0000000000000000000, -1.000000000000000000, 3.502807018799317770E-15 ) ) ;
#290 = ORIENTED_EDGE ( 'NONE', *, *, #1497, .T. ) ;
#291 = EDGE_CURVE ( 'NONE', #649, #254, #1327, .T. ) ;
#292 = CARTESIAN_POINT ( 'NONE',  ( -1.223721322428115497E-18, -0.1000000000000004635, -1.000000000000000000 ) ) ;
#293 = MANIFOLD_SOLID_BREP ( '±ßÏß-·¨À¼2', #450 ) ;
#294 = CARTESIAN_POINT ( 'NONE',  ( -22.01191492440575104, 2.701285628864679378, -1.000000000000000000 ) ) ;
#295 = ORIENTED_EDGE ( 'NONE', *, *, #1241, .T. ) ;
#296 = ORIENTED_EDGE ( 'NONE', *, *, #1120, .F. ) ;
#297 =( NAMED_UNIT ( * ) PLANE_ANGLE_UNIT ( ) SI_UNIT ( $, .RADIAN. ) );
#298 = DIRECTION ( 'NONE',  ( 0.0000000000000000000, 0.0000000000000000000, -1.000000000000000000 ) ) ;
#299 = VECTOR ( 'NONE', #977, 1000.000000000000114 ) ;
#300 = LINE ( 'NONE', #1420, #546 ) ;
#301 = CARTESIAN_POINT ( 'NONE',  ( -1.223721322428115497E-18, -0.1000000000000004635, -1.000000000000000000 ) ) ;
#302 =( NAMED_UNIT ( * ) PLANE_ANGLE_UNIT ( ) SI_UNIT ( $, .RADIAN. ) );
#303 = DIRECTION ( 'NONE',  ( 0.0000000000000000000, -0.0000000000000000000, 1.000000000000000000 ) ) ;
#304 = LINE ( 'NONE', #755, #1494 ) ;
#305 = VECTOR ( 'NONE', #770, 1000.000000000000000 ) ;
#306 = ORIENTED_EDGE ( 'NONE', *, *, #701, .F. ) ;
#307 = PLANE ( 'NONE',  #621 ) ;
#308 = AXIS2_PLACEMENT_3D ( 'NONE', #728, #16, #1301 ) ;
#309 = ORIENTED_EDGE ( 'NONE', *, *, #399, .T. ) ;
#310 = EDGE_CURVE ( 'NONE', #403, #59, #38, .T. ) ;
#311 = ORIENTED_EDGE ( 'NONE', *, *, #670, .F. ) ;
#312 = ORIENTED_EDGE ( 'NONE', *, *, #442, .F. ) ;
#313 = DIRECTION ( 'NONE',  ( -1.000000000000000000, 0.0000000000000000000, -0.0000000000000000000 ) ) ;
#314 = EDGE_CURVE ( 'NONE', #323, #116, #282, .T. ) ;
#315 = AXIS2_PLACEMENT_3D ( 'NONE', #874, #1325, #1090 ) ;
#316 = DIRECTION ( 'NONE',  ( -4.894885289712641794E-17, -1.000000000000000000, 3.502807018799317770E-15 ) ) ;
#317 = ADVANCED_BREP_SHAPE_REPRESENTATION ( '³äµç×ùµ¯Æ¬-0824', ( #293, #245 ), #730 ) ;
#318 = EDGE_CURVE ( 'NONE', #100, #423, #115, .T. ) ;
#319 = CARTESIAN_POINT ( 'NONE',  ( -21.50279014317043647, 2.759293070516163127, -1.000000000000000000 ) ) ;
#320 = LINE ( 'NONE', #1396, #449 ) ;
#321 = ORIENTED_EDGE ( 'NONE', *, *, #1344, .T. ) ;
#322 = EDGE_CURVE ( 'NONE', #59, #1410, #1205, .T. ) ;
#323 = VERTEX_POINT ( 'NONE', #1084 ) ;
#324 = VECTOR ( 'NONE', #275, 1000.000000000000000 ) ;
#325 = ORIENTED_EDGE ( 'NONE', *, *, #1437, .F. ) ;
#326 = ORIENTED_EDGE ( 'NONE', *, *, #1063, .F. ) ;
#327 = AXIS2_PLACEMENT_3D ( 'NONE', #436, #199, #1345 ) ;
#328 = VERTEX_POINT ( 'NONE', #759 ) ;
#329 = DIRECTION ( 'NONE',  ( -1.000000000000000000, -6.776263578034415038E-17, 0.0000000000000000000 ) ) ;
#330 = ORIENTED_EDGE ( 'NONE', *, *, #155, .T. ) ;
#331 = EDGE_CURVE ( 'NONE', #649, #788, #88, .T. ) ;
#332 = CARTESIAN_POINT ( 'NONE',  ( -31.08682408883345971, 0.9924038765061009570, 1.000000000000000000 ) ) ;
#333 = CARTESIAN_POINT ( 'NONE',  ( -27.50000000000001066, 1.624857738422466280, 1.000000000000000000 ) ) ;
#334 = DIRECTION ( 'NONE',  ( 0.0000000000000000000, 0.0000000000000000000, 1.000000000000000000 ) ) ;
#335 = AXIS2_PLACEMENT_3D ( 'NONE', #237, #599, #1389 ) ;
#336 = EDGE_CURVE ( 'NONE', #188, #1240, #1384, .T. ) ;
#337 = LINE ( 'NONE', #896, #702 ) ;
#338 = ORIENTED_EDGE ( 'NONE', *, *, #404, .T. ) ;
#339 = ADVANCED_FACE ( 'NONE', ( #1311 ), #1309, .T. ) ;
#340 = LINE ( 'NONE', #333, #266 ) ;
#341 = PLANE ( 'NONE',  #899 ) ;
#342 = EDGE_CURVE ( 'NONE', #100, #456, #1360, .T. ) ;
#343 = VECTOR ( 'NONE', #67, 1000.000000000000000 ) ;
#344 = ORIENTED_EDGE ( 'NONE', *, *, #907, .F. ) ;
#345 = CARTESIAN_POINT ( 'NONE',  ( -5.000000000000000000, -1.300000000000000711, 1.300000000000004263 ) ) ;
#346 = CARTESIAN_POINT ( 'NONE',  ( -31.00000000000000000, 0.4999999999999962252, -1.000000000000000000 ) ) ;
#347 = VERTEX_POINT ( 'NONE', #277 ) ;
#348 = VECTOR ( 'NONE', #1159, 1000.000000000000000 ) ;
#349 = ORIENTED_EDGE ( 'NONE', *, *, #571, .F. ) ;
#350 = CARTESIAN_POINT ( 'NONE',  ( -22.03455556715933028, 2.899999999999997247, 1.000000000000000000 ) ) ;
#351 = EDGE_LOOP ( 'NONE', ( #306, #1431, #1154, #1151 ) ) ;
#352 = ADVANCED_FACE ( 'NONE', ( #1402 ), #1150, .F. ) ;
#353 = AXIS2_PLACEMENT_3D ( 'NONE', #974, #504, #735 ) ;
#354 = DIRECTION ( 'NONE',  ( 0.0000000000000000000, -0.0000000000000000000, 1.000000000000000000 ) ) ;
#355 = PLANE ( 'NONE',  #1142 ) ;
#356 = DIRECTION ( 'NONE',  ( 1.000000000000000000, 0.0000000000000000000, 0.0000000000000000000 ) ) ;
#357 = CARTESIAN_POINT ( 'NONE',  ( -2.448198453999526201E-17, 0.2000000000000000111, 1.000000000000000000 ) ) ;
#358 = DIRECTION ( 'NONE',  ( 0.3420201433256639945, -0.9396926207859100932, 0.0000000000000000000 ) ) ;
#359 = ADVANCED_FACE ( 'NONE', ( #1347 ), #1313, .T. ) ;
#360 = CARTESIAN_POINT ( 'NONE',  ( 2.146768741363610501E-31, 3.502807018799318164E-15, 1.099999999999999645 ) ) ;
#361 = PLANE ( 'NONE',  #14 ) ;
#362 = CARTESIAN_POINT ( 'NONE',  ( -21.52543078592401926, 2.958007441651480995, 1.000000000000000000 ) ) ;
#363 = EDGE_CURVE ( 'NONE', #380, #192, #1422, .T. ) ;
#364 = VECTOR ( 'NONE', #797, 1000.000000000000000 ) ;
#365 = EDGE_LOOP ( 'NONE', ( #440, #1284, #473, #1016 ) ) ;
#366 = ADVANCED_FACE ( 'NONE', ( #224 ), #34, .F. ) ;
#367 = CARTESIAN_POINT ( 'NONE',  ( -5.000000000000000000, -0.09999999999999928391, 1.100000000000000089 ) ) ;
#368 = ORIENTED_EDGE ( 'NONE', *, *, #17, .T. ) ;
#369 = ORIENTED_EDGE ( 'NONE', *, *, #499, .T. ) ;
#370 =( GEOMETRIC_REPRESENTATION_CONTEXT ( 3 ) GLOBAL_UNCERTAINTY_ASSIGNED_CONTEXT ( ( #990 ) ) GLOBAL_UNIT_ASSIGNED_CONTEXT ( ( #438, #302, #182 ) ) REPRESENTATION_CONTEXT ( 'NONE', 'WORKASPACE' ) );
#371 = PLANE ( 'NONE',  #434 ) ;
#372 = CARTESIAN_POINT ( 'NONE',  ( -6.363350876626532077E-17, -1.299999999999993161, -1.300000000000004263 ) ) ;
#373 = CARTESIAN_POINT ( 'NONE',  ( -2.448198453999526201E-17, 0.2000000000000000111, 1.000000000000000000 ) ) ;
#374 = EDGE_CURVE ( 'NONE', #712, #254, #766, .T. ) ;
#375 = CARTESIAN_POINT ( 'NONE',  ( -31.05209445330007512, 0.7954423259036591531, 1.000000000000000000 ) ) ;
#376 = DIRECTION ( 'NONE',  ( -0.9396926207859095381, -0.3420201433256655488, 0.0000000000000000000 ) ) ;
#377 = DIRECTION ( 'NONE',  ( -0.3420201433256640500, 0.9396926207859100932, 0.0000000000000000000 ) ) ;
#378 = LINE ( 'NONE', #1305, #1401 ) ;
#379 = DIRECTION ( 'NONE',  ( 1.000000000000000000, 1.301042606982605321E-16, 0.0000000000000000000 ) ) ;
#380 = VERTEX_POINT ( 'NONE', #21 ) ;
#381 = CIRCLE ( 'NONE', #764, 0.5000000000000004441 ) ;
#382 = VECTOR ( 'NONE', #939, 1000.000000000000000 ) ;
#383 = CARTESIAN_POINT ( 'NONE',  ( -31.30000000000000071, 0.4999999999999962252, 1.000000000000000000 ) ) ;
#384 = CARTESIAN_POINT ( 'NONE',  ( 0.0000000000000000000, 0.2000000000000005662, 1.000000000000000000 ) ) ;
#385 = ORIENTED_EDGE ( 'NONE', *, *, #448, .F. ) ;
#386 = ORIENTED_EDGE ( 'NONE', *, *, #87, .T. ) ;
#387 = EDGE_LOOP ( 'NONE', ( #1369, #311, #326, #800 ) ) ;
#388 = CARTESIAN_POINT ( 'NONE',  ( -5.000000000000000000, -1.299999999999993827, -1.300000000000004263 ) ) ;
#389 = CARTESIAN_POINT ( 'NONE',  ( -22.01191492440575104, 2.701285628864679378, 1.000000000000000000 ) ) ;
#390 = EDGE_LOOP ( 'NONE', ( #325, #1089, #532, #632 ) ) ;
#391 = FACE_OUTER_BOUND ( 'NONE', #1469, .T. ) ;
#392 = CARTESIAN_POINT ( 'NONE',  ( -28.15000000000000924, 2.170272498687703333, -1.000000000000000000 ) ) ;
#393 = EDGE_CURVE ( 'NONE', #228, #1471, #1170, .T. ) ;
#394 = CARTESIAN_POINT ( 'NONE',  ( -22.83870697219240498, 4.524626947118481901, -1.000000000000000000 ) ) ;
#395 = CARTESIAN_POINT ( 'NONE',  ( -31.00000000000000000, 0.4999999999999962252, -1.000000000000000000 ) ) ;
#396 = DIRECTION ( 'NONE',  ( 4.894885289712734855E-17, 1.000000000000000000, 3.502807018799339464E-15 ) ) ;
#397 = DIRECTION ( 'NONE',  ( -0.0000000000000000000, -0.0000000000000000000, -1.000000000000000000 ) ) ;
#398 = FACE_OUTER_BOUND ( 'NONE', #1143, .T. ) ;
#399 = EDGE_CURVE ( 'NONE', #736, #1428, #563, .T. ) ;
#400 = ORIENTED_EDGE ( 'NONE', *, *, #291, .F. ) ;
#401 = CARTESIAN_POINT ( 'NONE',  ( -5.000000000000000000, -0.09999999999999945044, 1.000000000000000000 ) ) ;
#402 = VECTOR ( 'NONE', #521, 1000.000000000000000 ) ;
#403 = VERTEX_POINT ( 'NONE', #384 ) ;
#404 = EDGE_CURVE ( 'NONE', #328, #1488, #1007, .T. ) ;
#405 = ORIENTED_EDGE ( 'NONE', *, *, #1497, .F. ) ;
#406 = DIRECTION ( 'NONE',  ( 0.0000000000000000000, 0.0000000000000000000, -1.000000000000000000 ) ) ;
#407 = LINE ( 'NONE', #1146, #1394 ) ;
#408 = CARTESIAN_POINT ( 'NONE',  ( -31.00000000000000000, -3.794707603699265519E-15, -1.000000000000000000 ) ) ;
#409 = AXIS2_PLACEMENT_3D ( 'NONE', #650, #1452, #1333 ) ;
#410 = PLANE ( 'NONE',  #1291 ) ;
#411 = EDGE_CURVE ( 'NONE', #1263, #712, #643, .T. ) ;
#412 = CARTESIAN_POINT ( 'NONE',  ( -19.03119935737598567, 3.040895270168379128, 1.000000000000000000 ) ) ;
#413 = DIRECTION ( 'NONE',  ( -1.000000000000000000, 0.0000000000000000000, 0.0000000000000000000 ) ) ;
#414 = DIRECTION ( 'NONE',  ( 0.9848077530122093526, 0.1736481776669229204, 0.0000000000000000000 ) ) ;
#415 = VECTOR ( 'NONE', #716, 1000.000000000000000 ) ;
#416 = VECTOR ( 'NONE', #1201, 1000.000000000000000 ) ;
#417 = ORIENTED_EDGE ( 'NONE', *, *, #1042, .T. ) ;
#418 = VECTOR ( 'NONE', #219, 1000.000000000000000 ) ;
#419 = CIRCLE ( 'NONE', #152, 0.3000000000000000444 ) ;
#420 = AXIS2_PLACEMENT_3D ( 'NONE', #508, #1287, #1189 ) ;
#421 = AXIS2_PLACEMENT_3D ( 'NONE', #346, #935, #1024 ) ;
#422 = VERTEX_POINT ( 'NONE', #535 ) ;
#423 = VERTEX_POINT ( 'NONE', #1111 ) ;
#424 = CARTESIAN_POINT ( 'NONE',  ( -25.00000000000000000, 3.737980617469467415, 1.000000000000000000 ) ) ;
#425 = CARTESIAN_POINT ( 'NONE',  ( -31.00000000000000000, 0.1999999999999961808, 1.000000000000000000 ) ) ;
#426 = ORIENTED_EDGE ( 'NONE', *, *, #1169, .T. ) ;
#427 = EDGE_CURVE ( 'NONE', #56, #915, #1135, .T. ) ;
#428 = ORIENTED_EDGE ( 'NONE', *, *, #814, .F. ) ;
#429 = DIRECTION ( 'NONE',  ( -1.000000000000000000, 0.0000000000000000000, 0.0000000000000000000 ) ) ;
#430 = DIRECTION ( 'NONE',  ( 0.0000000000000000000, -1.000000000000000000, 0.0000000000000000000 ) ) ;
#431 = VECTOR ( 'NONE', #744, 1000.000000000000114 ) ;
#432 = ADVANCED_FACE ( 'NONE', ( #470 ), #780, .T. ) ;
#433 = LINE ( 'NONE', #734, #884 ) ;
#434 = AXIS2_PLACEMENT_3D ( 'NONE', #136, #959, #258 ) ;
#435 = FILL_AREA_STYLE_COLOUR ( '', #232 ) ;
#436 = CARTESIAN_POINT ( 'NONE',  ( -31.00000000000000000, 0.4999999999999962252, -1.000000000000000000 ) ) ;
#437 = VECTOR ( 'NONE', #379, 1000.000000000000000 ) ;
#438 =( LENGTH_UNIT ( ) NAMED_UNIT ( * ) SI_UNIT ( .MILLI., .METRE. ) );
#439 = ORIENTED_EDGE ( 'NONE', *, *, #261, .F. ) ;
#440 = ORIENTED_EDGE ( 'NONE', *, *, #472, .T. ) ;
#441 = ORIENTED_EDGE ( 'NONE', *, *, #10, .T. ) ;
#442 = EDGE_CURVE ( 'NONE', #403, #56, #512, .T. ) ;
#443 = ORIENTED_EDGE ( 'NONE', *, *, #314, .T. ) ;
#444 = DIRECTION ( 'NONE',  ( -1.000000000000000000, 0.0000000000000000000, 0.0000000000000000000 ) ) ;
#445 = PLANE ( 'NONE',  #1081 ) ;
#446 = AXIS2_PLACEMENT_3D ( 'NONE', #267, #747, #35 ) ;
#447 = CARTESIAN_POINT ( 'NONE',  ( -6.363350876626447028E-17, -1.300000000000000266, 1.300000000000004263 ) ) ;
#448 = EDGE_CURVE ( 'NONE', #125, #1393, #1442, .T. ) ;
#449 = VECTOR ( 'NONE', #496, 1000.000000000000000 ) ;
#450 = CLOSED_SHELL ( 'NONE', ( #1040, #1506, #691, #1004, #1499, #90, #1030, #432, #801, #836, #1136, #474, #932, #946, #359, #1148, #586, #597, #366, #1326, #681, #82, #236, #1486, #918, #1273, #578, #601, #1247, #817, #1162, #811, #1257, #828, #1466, #1513, #201, #1268, #111, #548, #466, #1397, #1381, #352, #339, #121, #1059, #707, #568, #483, #1145, #1388, #923, #217, #1373, #104, #940, #1021 ) ) ;
#451 = DIRECTION ( 'NONE',  ( -0.0000000000000000000, -0.0000000000000000000, -1.000000000000000000 ) ) ;
#452 = LINE ( 'NONE', #1454, #305 ) ;
#453 = FACE_OUTER_BOUND ( 'NONE', #651, .T. ) ;
#454 = EDGE_LOOP ( 'NONE', ( #667, #1074, #157, #1242 ) ) ;
#455 = CARTESIAN_POINT ( 'NONE',  ( -28.15000000000000924, 2.170272498687703333, 1.000000000000000000 ) ) ;
#456 = VERTEX_POINT ( 'NONE', #1468 ) ;
#457 = AXIS2_PLACEMENT_3D ( 'NONE', #883, #303, #166 ) ;
#458 = CARTESIAN_POINT ( 'NONE',  ( -21.59901287487315358, 3.603829147841264291, 1.000000000000000000 ) ) ;
#459 = ORIENTED_EDGE ( 'NONE', *, *, #482, .F. ) ;
#460 = CARTESIAN_POINT ( 'NONE',  ( -31.05209445330007512, 0.7954423259036591531, -1.000000000000000000 ) ) ;
#461 = ORIENTED_EDGE ( 'NONE', *, *, #318, .F. ) ;
#462 = LINE ( 'NONE', #749, #1058 ) ;
#463 = CARTESIAN_POINT ( 'NONE',  ( -19.03119935737598567, 3.040895270168379128, -1.000000000000000000 ) ) ;
#464 = CARTESIAN_POINT ( 'NONE',  ( 0.0000000000000000000, 0.0000000000000000000, 1.000000000000000000 ) ) ;
#465 = DIRECTION ( 'NONE',  ( -1.000000000000000000, 0.0000000000000000000, -0.0000000000000000000 ) ) ;
#466 = ADVANCED_FACE ( 'NONE', ( #796 ), #659, .T. ) ;
#467 = DIRECTION ( 'NONE',  ( 2.146768741363610063E-31, 3.502807018799317770E-15, 1.000000000000000000 ) ) ;
#468 = CARTESIAN_POINT ( 'NONE',  ( -27.50000000000000711, 2.170272498687699780, 1.000000000000000000 ) ) ;
#469 = CARTESIAN_POINT ( 'NONE',  ( -31.00000000000000000, 0.1999999999999961808, 1.000000000000000000 ) ) ;
#470 = FACE_OUTER_BOUND ( 'NONE', #137, .T. ) ;
#471 = DIRECTION ( 'NONE',  ( -0.0000000000000000000, -0.0000000000000000000, -1.000000000000000000 ) ) ;
#472 = EDGE_CURVE ( 'NONE', #929, #733, #337, .T. ) ;
#473 = ORIENTED_EDGE ( 'NONE', *, *, #1132, .F. ) ;
#474 = ADVANCED_FACE ( 'NONE', ( #1297 ), #658, .T. ) ;
#475 = CARTESIAN_POINT ( 'NONE',  ( -1.223721322428139379E-18, -0.1000000000000001166, -1.100000000000000089 ) ) ;
#476 = ORIENTED_EDGE ( 'NONE', *, *, #15, .T. ) ;
#477 = ORIENTED_EDGE ( 'NONE', *, *, #561, .F. ) ;
#478 = DIRECTION ( 'NONE',  ( -0.1132032137678998518, 0.9935718556765882337, 0.0000000000000000000 ) ) ;
#479 = ORIENTED_EDGE ( 'NONE', *, *, #642, .T. ) ;
#480 = CIRCLE ( 'NONE', #1490, 0.8500000000000000888 ) ;
#481 = DIRECTION ( 'NONE',  ( -3.111507638930570854E-61, 1.000000000000000000, -3.502807018799317770E-15 ) ) ;
#482 = EDGE_CURVE ( 'NONE', #1488, #787, #1255, .T. ) ;
#483 = ADVANCED_FACE ( 'NONE', ( #1121 ), #1101, .T. ) ;
#484 = CARTESIAN_POINT ( 'NONE',  ( -27.30000000000000782, 2.170272498687698892, -1.000000000000000000 ) ) ;
#485 = DIRECTION ( 'NONE',  ( 0.9396926207859100932, 0.3420201433256640500, -0.0000000000000000000 ) ) ;
#486 = DIRECTION ( 'NONE',  ( 0.0000000000000000000, 0.0000000000000000000, -1.000000000000000000 ) ) ;
#487 = AXIS2_PLACEMENT_3D ( 'NONE', #244, #837, #626 ) ;
#488 = CARTESIAN_POINT ( 'NONE',  ( -25.00000000000000000, 3.737980617469467415, 1.000000000000000000 ) ) ;
#489 = EDGE_CURVE ( 'NONE', #538, #347, #993, .T. ) ;
#490 = EDGE_LOOP ( 'NONE', ( #1328, #1479, #558, #95 ) ) ;
#491 = LINE ( 'NONE', #357, #1228 ) ;
#492 = DIRECTION ( 'NONE',  ( -1.000000000000000000, 6.672013369141553384E-16, 0.0000000000000000000 ) ) ;
#493 = EDGE_LOOP ( 'NONE', ( #103, #213, #878, #969 ) ) ;
#494 = DIRECTION ( 'NONE',  ( 0.0000000000000000000, 0.0000000000000000000, 1.000000000000000000 ) ) ;
#495 = ORIENTED_EDGE ( 'NONE', *, *, #1292, .T. ) ;
#496 = DIRECTION ( 'NONE',  ( -1.000000000000000000, 6.505213034913026604E-17, -1.318818463842061042E-32 ) ) ;
#497 = EDGE_LOOP ( 'NONE', ( #848, #369, #951, #1198 ) ) ;
#498 = AXIS2_PLACEMENT_3D ( 'NONE', #372, #608, #259 ) ;
#499 = EDGE_CURVE ( 'NONE', #1177, #733, #184, .T. ) ;
#500 = ORIENTED_EDGE ( 'NONE', *, *, #427, .T. ) ;
#501 = CARTESIAN_POINT ( 'NONE',  ( 0.0000000000000000000, 0.0000000000000000000, -1.000000000000000000 ) ) ;
#502 = VECTOR ( 'NONE', #785, 1000.000000000000000 ) ;
#503 = CARTESIAN_POINT ( 'NONE',  ( 0.0000000000000000000, -0.1000000000000004635, -1.000000000000000000 ) ) ;
#504 = DIRECTION ( 'NONE',  ( -1.000000000000000000, -1.497071560055324401E-45, -4.273919607961977158E-31 ) ) ;
#505 = EDGE_CURVE ( 'NONE', #1240, #709, #1465, .T. ) ;
#506 = VECTOR ( 'NONE', #952, 1000.000000000000000 ) ;
#507 = CARTESIAN_POINT ( 'NONE',  ( -5.000000000000000000, -0.09999999999999928391, 1.300000000000000266 ) ) ;
#508 = CARTESIAN_POINT ( 'NONE',  ( -31.00000000000000000, 0.4999999999999962252, 1.000000000000000000 ) ) ;
#509 = CARTESIAN_POINT ( 'NONE',  ( -31.00000000000000000, 0.4999999999999962252, -1.000000000000000000 ) ) ;
#510 = CARTESIAN_POINT ( 'NONE',  ( -5.000000000000000000, -0.1000000000000008105, -1.000000000000000000 ) ) ;
#511 = AXIS2_PLACEMENT_3D ( 'NONE', #1075, #1181, #1166 ) ;
#512 = CIRCLE ( 'NONE', #409, 0.2999999999999999334 ) ;
#513 = DIRECTION ( 'NONE',  ( -0.0000000000000000000, -0.0000000000000000000, -1.000000000000000000 ) ) ;
#514 = ORIENTED_EDGE ( 'NONE', *, *, #336, .T. ) ;
#515 = EDGE_LOOP ( 'NONE', ( #189, #1229, #998, #1178, #861, #77 ) ) ;
#516 = ORIENTED_EDGE ( 'NONE', *, *, #1443, .T. ) ;
#517 = DIRECTION ( 'NONE',  ( 1.000000000000000000, 0.0000000000000000000, 0.0000000000000000000 ) ) ;
#518 = EDGE_LOOP ( 'NONE', ( #428, #123, #917, #479 ) ) ;
#519 = DIRECTION ( 'NONE',  ( -1.000000000000000000, -0.0000000000000000000, -0.0000000000000000000 ) ) ;
#520 = ORIENTED_EDGE ( 'NONE', *, *, #279, .T. ) ;
#521 = DIRECTION ( 'NONE',  ( -1.000000000000000000, -1.301042606982605321E-16, 6.704069916859242396E-31 ) ) ;
#522 = EDGE_CURVE ( 'NONE', #733, #1430, #1106, .T. ) ;
#523 = DIRECTION ( 'NONE',  ( -0.0000000000000000000, -0.0000000000000000000, -1.000000000000000000 ) ) ;
#524 = DIRECTION ( 'NONE',  ( 2.146768741363610063E-31, 3.502807018799317770E-15, 1.000000000000000000 ) ) ;
#525 = DIRECTION ( 'NONE',  ( -0.0000000000000000000, -0.0000000000000000000, -1.000000000000000000 ) ) ;
#526 = DIRECTION ( 'NONE',  ( -1.000000000000000000, 6.505213034913026604E-17, -1.318818463842061042E-32 ) ) ;
#527 = AXIS2_PLACEMENT_3D ( 'NONE', #510, #742, #1308 ) ;
#528 = FACE_OUTER_BOUND ( 'NONE', #497, .T. ) ;
#529 = VECTOR ( 'NONE', #1087, 1000.000000000000114 ) ;
#530 = ORIENTED_EDGE ( 'NONE', *, *, #310, .F. ) ;
#531 = CARTESIAN_POINT ( 'NONE',  ( -31.00000000000000000, 0.4999999999999962252, 1.000000000000000000 ) ) ;
#532 = ORIENTED_EDGE ( 'NONE', *, *, #181, .T. ) ;
#533 = DIRECTION ( 'NONE',  ( -1.000000000000000000, 0.0000000000000000000, 0.0000000000000000000 ) ) ;
#534 = ORIENTED_EDGE ( 'NONE', *, *, #1117, .T. ) ;
#535 = CARTESIAN_POINT ( 'NONE',  ( -22.83870697219240498, 4.524626947118481901, 1.000000000000000000 ) ) ;
#536 = VECTOR ( 'NONE', #376, 1000.000000000000000 ) ;
#537 = DIRECTION ( 'NONE',  ( -1.000000000000000000, 6.672013369141553384E-16, 0.0000000000000000000 ) ) ;
#538 = VERTEX_POINT ( 'NONE', #992 ) ;
#539 = ORIENTED_EDGE ( 'NONE', *, *, #110, .F. ) ;
#540 = DIRECTION ( 'NONE',  ( 4.925572932396080937E-15, 1.000000000000000000, 0.0000000000000000000 ) ) ;
#541 = VERTEX_POINT ( 'NONE', #412 ) ;
#542 = DIRECTION ( 'NONE',  ( 1.224099226999763039E-16, -1.000000000000000000, 0.0000000000000000000 ) ) ;
#543 = DIRECTION ( 'NONE',  ( 1.000000000000000000, -4.336808689942043768E-15, 0.0000000000000000000 ) ) ;
#544 = PRODUCT_DEFINITION_FORMATION_WITH_SPECIFIED_SOURCE ( 'ÈÎºÎ', '', #1232, .NOT_KNOWN. ) ;
#545 = VECTOR ( 'NONE', #1294, 1000.000000000000000 ) ;
#546 = VECTOR ( 'NONE', #1065, 1000.000000000000000 ) ;
#547 = CARTESIAN_POINT ( 'NONE',  ( -2.448198453999526201E-17, 0.2000000000000000111, -1.000000000000000000 ) ) ;
#548 = ADVANCED_FACE ( 'NONE', ( #687 ), #307, .T. ) ;
#549 = APPLICATION_PROTOCOL_DEFINITION ( 'draft international standard', 'automotive_design', 1998, #190 ) ;
#550 = CARTESIAN_POINT ( 'NONE',  ( -21.59901287487315358, 3.603829147841264291, -1.000000000000000000 ) ) ;
#551 = VECTOR ( 'NONE', #863, 1000.000000000000000 ) ;
#552 = VERTEX_POINT ( 'NONE', #183 ) ;
#553 = ORIENTED_EDGE ( 'NONE', *, *, #561, .T. ) ;
#554 = VERTEX_POINT ( 'NONE', #191 ) ;
#555 = PLANE ( 'NONE',  #1207 ) ;
#556 = ORIENTED_EDGE ( 'NONE', *, *, #1437, .T. ) ;
#557 = EDGE_CURVE ( 'NONE', #934, #709, #20, .T. ) ;
#558 = ORIENTED_EDGE ( 'NONE', *, *, #411, .T. ) ;
#559 = CARTESIAN_POINT ( 'NONE',  ( -5.000000000000000000, -0.09999999999999886757, -1.300000000000000266 ) ) ;
#560 = FACE_OUTER_BOUND ( 'NONE', #1281, .T. ) ;
#561 = EDGE_CURVE ( 'NONE', #731, #1488, #830, .T. ) ;
#562 = CARTESIAN_POINT ( 'NONE',  ( -5.000000000000000000, -1.300000000000000711, 1.300000000000004263 ) ) ;
#563 = LINE ( 'NONE', #1190, #243 ) ;
#564 = VECTOR ( 'NONE', #84, 1000.000000000000000 ) ;
#565 = PLANE ( 'NONE',  #743 ) ;
#566 = CYLINDRICAL_SURFACE ( 'NONE', #988, 0.3000000000000016542 ) ;
#567 = ORIENTED_EDGE ( 'NONE', *, *, #363, .F. ) ;
#568 = ADVANCED_FACE ( 'NONE', ( #106 ), #555, .T. ) ;
#569 = AXIS2_PLACEMENT_3D ( 'NONE', #838, #1509, #829 ) ;
#570 = ORIENTED_EDGE ( 'NONE', *, *, #738, .T. ) ;
#571 = EDGE_CURVE ( 'NONE', #254, #1260, #986, .T. ) ;
#572 = ORIENTED_EDGE ( 'NONE', *, *, #148, .T. ) ;
#573 = DIRECTION ( 'NONE',  ( -0.0000000000000000000, -0.0000000000000000000, -1.000000000000000000 ) ) ;
#574 = ORIENTED_EDGE ( 'NONE', *, *, #1423, .T. ) ;
#575 = LINE ( 'NONE', #559, #502 ) ;
#576 = DIRECTION ( 'NONE',  ( 0.1132032137679018086, -0.9935718556765880116, 0.0000000000000000000 ) ) ;
#577 = LINE ( 'NONE', #960, #545 ) ;
#578 = ADVANCED_FACE ( 'NONE', ( #1395 ), #1129, .T. ) ;
#579 = DIRECTION ( 'NONE',  ( 0.0000000000000000000, 0.0000000000000000000, -1.000000000000000000 ) ) ;
#580 = AXIS2_PLACEMENT_3D ( 'NONE', #760, #1239, #537 ) ;
#581 = CARTESIAN_POINT ( 'NONE',  ( -5.000000000000000000, -0.1000000000000004496, -1.100000000000000089 ) ) ;
#582 = DIRECTION ( 'NONE',  ( 0.0000000000000000000, 0.0000000000000000000, -1.000000000000000000 ) ) ;
#583 = CARTESIAN_POINT ( 'NONE',  ( -31.00000000000000000, 0.4999999999999962252, 1.000000000000000000 ) ) ;
#584 = EDGE_CURVE ( 'NONE', #775, #978, #810, .T. ) ;
#585 = CIRCLE ( 'NONE', #527, 0.1000000000000000472 ) ;
#586 = ADVANCED_FACE ( 'NONE', ( #1354 ), #565, .T. ) ;
#587 = DIRECTION ( 'NONE',  ( -1.000000000000000000, -0.0000000000000000000, -0.0000000000000000000 ) ) ;
#588 = PLANE ( 'NONE',  #989 ) ;
#589 = LINE ( 'NONE', #208, #673 ) ;
#590 = ORIENTED_EDGE ( 'NONE', *, *, #158, .T. ) ;
#591 = PLANE ( 'NONE',  #1306 ) ;
#592 = ORIENTED_EDGE ( 'NONE', *, *, #522, .T. ) ;
#593 = AXIS2_PLACEMENT_3D ( 'NONE', #605, #262, #719 ) ;
#594 = PLANE ( 'NONE',  #335 ) ;
#595 = ORIENTED_EDGE ( 'NONE', *, *, #1200, .T. ) ;
#596 = ORIENTED_EDGE ( 'NONE', *, *, #155, .F. ) ;
#597 = ADVANCED_FACE ( 'NONE', ( #66 ), #83, .T. ) ;
#598 = CARTESIAN_POINT ( 'NONE',  ( -5.000000000000000000, -6.120496134998816180E-16, -1.000000000000000000 ) ) ;
#599 = DIRECTION ( 'NONE',  ( 1.224099226999763039E-16, -1.000000000000000000, 0.0000000000000000000 ) ) ;
#600 = CARTESIAN_POINT ( 'NONE',  ( -22.65076844803522249, 4.593030975783615411, 1.000000000000000000 ) ) ;
#601 = ADVANCED_FACE ( 'NONE', ( #1505 ), #215, .T. ) ;
#602 = CARTESIAN_POINT ( 'NONE',  ( -5.000000000000000000, -1.299999999999993827, -1.300000000000004263 ) ) ;
#603 = EDGE_CURVE ( 'NONE', #1230, #207, #1267, .T. ) ;
#604 = VECTOR ( 'NONE', #1318, 1000.000000000000000 ) ;
#605 = CARTESIAN_POINT ( 'NONE',  ( -22.83870697219240498, 4.524626947118481901, -1.000000000000000000 ) ) ;
#606 = ORIENTED_EDGE ( 'NONE', *, *, #374, .F. ) ;
#607 = LINE ( 'NONE', #697, #418 ) ;
#608 = DIRECTION ( 'NONE',  ( 1.000000000000000000, -4.894885289712734855E-17, -5.982959672442955509E-31 ) ) ;
#609 = EDGE_LOOP ( 'NONE', ( #665, #272, #1319, #843 ) ) ;
#610 = AXIS2_PLACEMENT_3D ( 'NONE', #292, #1086, #1203 ) ;
#611 = ORIENTED_EDGE ( 'NONE', *, *, #322, .F. ) ;
#612 = DIRECTION ( 'NONE',  ( -1.000000000000000000, 0.0000000000000000000, -0.0000000000000000000 ) ) ;
#613 = ORIENTED_EDGE ( 'NONE', *, *, #1400, .F. ) ;
#614 = DIRECTION ( 'NONE',  ( -2.373594362237327921E-31, 3.523657060577890199E-15, -1.000000000000000000 ) ) ;
#615 =( LENGTH_UNIT ( ) NAMED_UNIT ( * ) SI_UNIT ( .MILLI., .METRE. ) );
#616 = ORIENTED_EDGE ( 'NONE', *, *, #584, .T. ) ;
#617 = PLANE ( 'NONE',  #487 ) ;
#618 = PLANE ( 'NONE',  #498 ) ;
#619 = CARTESIAN_POINT ( 'NONE',  ( -28.03712868451650664, 1.530147459229767026, -1.000000000000000000 ) ) ;
#620 = UNCERTAINTY_MEASURE_WITH_UNIT (LENGTH_MEASURE( 1.000000000000000082E-05 ), #615, 'distance_accuracy_value', 'NONE');
#621 = AXIS2_PLACEMENT_3D ( 'NONE', #1219, #49, #876 ) ;
#622 = CARTESIAN_POINT ( 'NONE',  ( -27.30000000000000071, 3.737980617469478073, 1.000000000000000000 ) ) ;
#623 = VECTOR ( 'NONE', #397, 1000.000000000000000 ) ;
#624 = CARTESIAN_POINT ( 'NONE',  ( -31.08682408883345971, 0.9924038765061009570, 1.000000000000000000 ) ) ;
#625 = ORIENTED_EDGE ( 'NONE', *, *, #968, .F. ) ;
#626 = DIRECTION ( 'NONE',  ( -4.925572932396080937E-15, -1.000000000000000000, 0.0000000000000000000 ) ) ;
#627 = ORIENTED_EDGE ( 'NONE', *, *, #664, .F. ) ;
#628 = CARTESIAN_POINT ( 'NONE',  ( -22.65076844803522249, 4.593030975783615411, 1.000000000000000000 ) ) ;
#629 = ORIENTED_EDGE ( 'NONE', *, *, #279, .F. ) ;
#630 = CARTESIAN_POINT ( 'NONE',  ( -6.363350876626532077E-17, -1.299999999999993161, -1.300000000000004263 ) ) ;
#631 = LINE ( 'NONE', #1152, #1054 ) ;
#632 = ORIENTED_EDGE ( 'NONE', *, *, #393, .T. ) ;
#633 = EDGE_LOOP ( 'NONE', ( #567, #476, #534, #288 ) ) ;
#634 = FACE_OUTER_BOUND ( 'NONE', #660, .T. ) ;
#635 = CARTESIAN_POINT ( 'NONE',  ( 0.0000000000000000000, 0.0000000000000000000, -1.000000000000000000 ) ) ;
#636 = CIRCLE ( 'NONE', #327, 0.3000000000000016542 ) ;
#637 = DIRECTION ( 'NONE',  ( 0.0000000000000000000, 3.523657060577887833E-15, 1.000000000000000000 ) ) ;
#638 = EDGE_CURVE ( 'NONE', #1263, #1125, #1473, .T. ) ;
#639 = CARTESIAN_POINT ( 'NONE',  ( 1.291984819771214675E-31, 4.201103286567945230E-15, 1.299999999999999822 ) ) ;
#640 = DIRECTION ( 'NONE',  ( 1.301042606982605321E-16, -1.000000000000000000, -3.491481338843133355E-15 ) ) ;
#641 = VECTOR ( 'NONE', #131, 1000.000000000000114 ) ;
#642 = EDGE_CURVE ( 'NONE', #456, #858, #636, .T. ) ;
#643 = LINE ( 'NONE', #854, #551 ) ;
#644 = VERTEX_POINT ( 'NONE', #1123 ) ;
#645 = LINE ( 'NONE', #113, #364 ) ;
#646 = LINE ( 'NONE', #1432, #1331 ) ;
#647 = ORIENTED_EDGE ( 'NONE', *, *, #81, .T. ) ;
#648 = CARTESIAN_POINT ( 'NONE',  ( -6.363350876626447028E-17, -1.300000000000000266, 1.300000000000004263 ) ) ;
#649 = VERTEX_POINT ( 'NONE', #212 ) ;
#650 = CARTESIAN_POINT ( 'NONE',  ( 0.0000000000000000000, -0.09999999999999945044, 1.000000000000000000 ) ) ;
#651 = EDGE_LOOP ( 'NONE', ( #1361, #500, #1122, #1444 ) ) ;
#652 = ORIENTED_EDGE ( 'NONE', *, *, #250, .T. ) ;
#653 = VECTOR ( 'NONE', #1133, 1000.000000000000000 ) ;
#654 = AXIS2_PLACEMENT_3D ( 'NONE', #392, #27, #280 ) ;
#655 = PLANE ( 'NONE',  #1067 ) ;
#656 = PLANE ( 'NONE',  #315 ) ;
#657 = EDGE_CURVE ( 'NONE', #774, #1410, #1231, .T. ) ;
#658 = PLANE ( 'NONE',  #777 ) ;
#659 = PLANE ( 'NONE',  #1356 ) ;
#660 = EDGE_LOOP ( 'NONE', ( #1078, #1335, #253, #385, #1213, #321 ) ) ;
#661 = VECTOR ( 'NONE', #576, 1000.000000000000114 ) ;
#662 = ORIENTED_EDGE ( 'NONE', *, *, #557, .F. ) ;
#663 = DIRECTION ( 'NONE',  ( -1.000000000000000000, -6.776263578034415038E-17, 0.0000000000000000000 ) ) ;
#664 = EDGE_CURVE ( 'NONE', #788, #1125, #575, .T. ) ;
#665 = ORIENTED_EDGE ( 'NONE', *, *, #657, .F. ) ;
#666 = EDGE_LOOP ( 'NONE', ( #652, #688, #461, #1315 ) ) ;
#667 = ORIENTED_EDGE ( 'NONE', *, *, #1443, .F. ) ;
#668 = AXIS2_PLACEMENT_3D ( 'NONE', #13, #1173, #492 ) ;
#669 = DIRECTION ( 'NONE',  ( -0.0000000000000000000, -0.0000000000000000000, -1.000000000000000000 ) ) ;
#670 = EDGE_CURVE ( 'NONE', #274, #1112, #737, .T. ) ;
#671 = VECTOR ( 'NONE', #118, 1000.000000000000000 ) ;
#672 = AXIS2_PLACEMENT_3D ( 'NONE', #550, #1119, #1343 ) ;
#673 = VECTOR ( 'NONE', #927, 1000.000000000000000 ) ;
#674 = EDGE_CURVE ( 'NONE', #192, #820, #1372, .T. ) ;
#675 = ORIENTED_EDGE ( 'NONE', *, *, #1512, .T. ) ;
#676 = FACE_OUTER_BOUND ( 'NONE', #351, .T. ) ;
#677 = CARTESIAN_POINT ( 'NONE',  ( -21.50279014317043647, 2.759293070516163127, 1.000000000000000000 ) ) ;
#678 = ORIENTED_EDGE ( 'NONE', *, *, #984, .F. ) ;
#679 = ORIENTED_EDGE ( 'NONE', *, *, #638, .T. ) ;
#680 = CARTESIAN_POINT ( 'NONE',  ( -5.000000000000000000, -0.09999999999999886757, -1.300000000000000266 ) ) ;
#681 = ADVANCED_FACE ( 'NONE', ( #391 ), #445, .T. ) ;
#682 = CIRCLE ( 'NONE', #668, 0.6500000000000012434 ) ;
#683 = VERTEX_POINT ( 'NONE', #69 ) ;
#684 = LINE ( 'NONE', #1253, #840 ) ;
#685 = DIRECTION ( 'NONE',  ( -1.000000000000000000, 0.0000000000000000000, 0.0000000000000000000 ) ) ;
#686 = VECTOR ( 'NONE', #540, 1000.000000000000000 ) ;
#687 = FACE_OUTER_BOUND ( 'NONE', #1348, .T. ) ;
#688 = ORIENTED_EDGE ( 'NONE', *, *, #793, .T. ) ;
#689 = PLANE ( 'NONE',  #963 ) ;
#690 = VERTEX_POINT ( 'NONE', #220 ) ;
#691 = ADVANCED_FACE ( 'NONE', ( #634 ), #591, .T. ) ;
#692 = VECTOR ( 'NONE', #1252, 1000.000000000000114 ) ;
#693 = ORIENTED_EDGE ( 'NONE', *, *, #786, .T. ) ;
#694 = CARTESIAN_POINT ( 'NONE',  ( -1.223721322428211216E-18, -0.09999999999999822919, -1.300000000000000266 ) ) ;
#695 = ORIENTED_EDGE ( 'NONE', *, *, #1241, .F. ) ;
#696 = DIRECTION ( 'NONE',  ( 1.224099226999763039E-16, -1.000000000000000000, 0.0000000000000000000 ) ) ;
#697 = CARTESIAN_POINT ( 'NONE',  ( 0.0000000000000000000, 0.0000000000000000000, 1.000000000000000000 ) ) ;
#698 = DIRECTION ( 'NONE',  ( 4.273919607961977158E-31, -3.491481338843133355E-15, -1.000000000000000000 ) ) ;
#699 = DIRECTION ( 'NONE',  ( 0.0000000000000000000, -0.0000000000000000000, 1.000000000000000000 ) ) ;
#700 = DIRECTION ( 'NONE',  ( -1.000000000000000000, -0.0000000000000000000, -0.0000000000000000000 ) ) ;
#701 = EDGE_CURVE ( 'NONE', #207, #806, #827, .T. ) ;
#702 = VECTOR ( 'NONE', #1459, 1000.000000000000000 ) ;
#703 = DIRECTION ( 'NONE',  ( -0.3420201433256639945, 0.9396926207859100932, 0.0000000000000000000 ) ) ;
#704 = LINE ( 'NONE', #1342, #839 ) ;
#705 = ORIENTED_EDGE ( 'NONE', *, *, #499, .F. ) ;
#706 = VECTOR ( 'NONE', #903, 1000.000000000000000 ) ;
#707 = ADVANCED_FACE ( 'NONE', ( #971 ), #341, .F. ) ;
#708 = CARTESIAN_POINT ( 'NONE',  ( -27.50000000000000711, 2.170272498687699780, 1.000000000000000000 ) ) ;
#709 = VERTEX_POINT ( 'NONE', #1382 ) ;
#710 = LINE ( 'NONE', #1262, #692 ) ;
#711 = CARTESIAN_POINT ( 'NONE',  ( -19.05384000012956491, 3.239609641303696996, 1.000000000000000000 ) ) ;
#712 = VERTEX_POINT ( 'NONE', #1161 ) ;
#713 = EDGE_CURVE ( 'NONE', #929, #116, #1218, .T. ) ;
#714 = ORIENTED_EDGE ( 'NONE', *, *, #195, .T. ) ;
#715 = LINE ( 'NONE', #941, #79 ) ;
#716 = DIRECTION ( 'NONE',  ( -0.0000000000000000000, -0.0000000000000000000, -1.000000000000000000 ) ) ;
#717 = PLANE ( 'NONE',  #1339 ) ;
#718 = DIRECTION ( 'NONE',  ( -0.0000000000000000000, -0.0000000000000000000, -1.000000000000000000 ) ) ;
#719 = DIRECTION ( 'NONE',  ( -1.000000000000000000, 0.0000000000000000000, -0.0000000000000000000 ) ) ;
#720 = PRODUCT_DEFINITION_CONTEXT ( 'detailed design', #190, 'design' ) ;
#721 = AXIS2_PLACEMENT_3D ( 'NONE', #455, #944, #1386 ) ;
#722 = DIRECTION ( 'NONE',  ( 1.000000000000000000, 0.0000000000000000000, 0.0000000000000000000 ) ) ;
#723 = FACE_OUTER_BOUND ( 'NONE', #1351, .T. ) ;
#724 = PLANE ( 'NONE',  #174 ) ;
#725 = ORIENTED_EDGE ( 'NONE', *, *, #17, .F. ) ;
#726 = LINE ( 'NONE', #922, #564 ) ;
#727 = LINE ( 'NONE', #995, #686 ) ;
#728 = CARTESIAN_POINT ( 'NONE',  ( -28.15000000000000924, 2.170272498687703333, 1.000000000000000000 ) ) ;
#729 = ORIENTED_EDGE ( 'NONE', *, *, #227, .T. ) ;
#730 =( GEOMETRIC_REPRESENTATION_CONTEXT ( 3 ) GLOBAL_UNCERTAINTY_ASSIGNED_CONTEXT ( ( #1245 ) ) GLOBAL_UNIT_ASSIGNED_CONTEXT ( ( #180, #297, #1337 ) ) REPRESENTATION_CONTEXT ( 'NONE', 'WORKASPACE' ) );
#731 = VERTEX_POINT ( 'NONE', #924 ) ;
#732 = AXIS2_PLACEMENT_3D ( 'NONE', #1264, #1380, #1044 ) ;
#733 = VERTEX_POINT ( 'NONE', #819 ) ;
#734 = CARTESIAN_POINT ( 'NONE',  ( -31.05209445330007512, 0.7954423259036591531, -1.000000000000000000 ) ) ;
#735 = DIRECTION ( 'NONE',  ( -4.273919607961977158E-31, 0.0000000000000000000, 1.000000000000000000 ) ) ;
#736 = VERTEX_POINT ( 'NONE', #1045 ) ;
#737 = CIRCLE ( 'NONE', #981, 0.1000000000000000472 ) ;
#738 = EDGE_CURVE ( 'NONE', #775, #644, #1158, .T. ) ;
#739 = CARTESIAN_POINT ( 'NONE',  ( -31.30000000000000071, 0.4999999999999962252, -1.000000000000000000 ) ) ;
#740 = DIRECTION ( 'NONE',  ( -0.1132032137679018086, 0.9935718556765880116, 0.0000000000000000000 ) ) ;
#741 = DIRECTION ( 'NONE',  ( 1.000000000000000000, 0.0000000000000000000, 0.0000000000000000000 ) ) ;
#742 = DIRECTION ( 'NONE',  ( -1.000000000000000000, -6.776263578034415038E-17, 0.0000000000000000000 ) ) ;
#743 = AXIS2_PLACEMENT_3D ( 'NONE', #1130, #1246, #196 ) ;
#744 = DIRECTION ( 'NONE',  ( 0.1132032137679018086, -0.9935718556765880116, 0.0000000000000000000 ) ) ;
#745 = CARTESIAN_POINT ( 'NONE',  ( -22.03455556715933028, 2.899999999999997247, 1.000000000000000000 ) ) ;
#746 = VECTOR ( 'NONE', #1072, 1000.000000000000000 ) ;
#747 = DIRECTION ( 'NONE',  ( 4.557301175495659484E-31, -3.502807018799339069E-15, 1.000000000000000000 ) ) ;
#748 = ORIENTED_EDGE ( 'NONE', *, *, #448, .T. ) ;
#749 = CARTESIAN_POINT ( 'NONE',  ( -22.83870697219240498, 4.524626947118481901, -1.000000000000000000 ) ) ;
#750 = ORIENTED_EDGE ( 'NONE', *, *, #31, .F. ) ;
#751 = CARTESIAN_POINT ( 'NONE',  ( -22.65076844803522249, 4.593030975783615411, 1.000000000000000000 ) ) ;
#752 = ORIENTED_EDGE ( 'NONE', *, *, #36, .F. ) ;
#753 = AXIS2_PLACEMENT_3D ( 'NONE', #401, #519, #637 ) ;
#754 = VERTEX_POINT ( 'NONE', #216 ) ;
#755 = CARTESIAN_POINT ( 'NONE',  ( 0.0000000000000000000, -0.09999999999999961697, -1.100000000000000089 ) ) ;
#756 = LINE ( 'NONE', #1060, #1286 ) ;
#757 = PLANE ( 'NONE',  #943 ) ;
#758 = EDGE_CURVE ( 'NONE', #552, #754, #480, .T. ) ;
#759 = CARTESIAN_POINT ( 'NONE',  ( -22.39775160254117736, 3.313112026014451317, -1.000000000000000000 ) ) ;
#760 = CARTESIAN_POINT ( 'NONE',  ( -21.59901287487315358, 3.603829147841264291, -1.000000000000000000 ) ) ;
#761 = CARTESIAN_POINT ( 'NONE',  ( 0.0000000000000000000, 0.0000000000000000000, 1.000000000000000000 ) ) ;
#762 = DIRECTION ( 'NONE',  ( -1.000000000000000000, -1.224099226999763039E-16, 0.0000000000000000000 ) ) ;
#763 = CARTESIAN_POINT ( 'NONE',  ( -19.05384000012956491, 3.239609641303696996, 1.000000000000000000 ) ) ;
#764 = AXIS2_PLACEMENT_3D ( 'NONE', #395, #513, #1197 ) ;
#765 = DIRECTION ( 'NONE',  ( 0.1736481776669180355, -0.9848077530122102408, 0.0000000000000000000 ) ) ;
#766 = LINE ( 'NONE', #1183, #133 ) ;
#767 = CARTESIAN_POINT ( 'NONE',  ( -28.00239904898312560, 1.333185908627325444, 1.000000000000000000 ) ) ;
#768 = LINE ( 'NONE', #1491, #19 ) ;
#769 = VECTOR ( 'NONE', #1310, 1000.000000000000000 ) ;
#770 = DIRECTION ( 'NONE',  ( -0.0000000000000000000, -0.0000000000000000000, -1.000000000000000000 ) ) ;
#771 = ORIENTED_EDGE ( 'NONE', *, *, #1312, .T. ) ;
#772 = CARTESIAN_POINT ( 'NONE',  ( 0.0000000000000000000, -0.09999999999999910349, 1.100000000000000089 ) ) ;
#773 = ORIENTED_EDGE ( 'NONE', *, *, #835, .T. ) ;
#774 = VERTEX_POINT ( 'NONE', #598 ) ;
#775 = VERTEX_POINT ( 'NONE', #1508 ) ;
#776 = CIRCLE ( 'NONE', #214, 2.299999999999999822 ) ;
#777 = AXIS2_PLACEMENT_3D ( 'NONE', #767, #1005, #1323 ) ;
#778 = FILL_AREA_STYLE ('',( #435 ) ) ;
#779 = CYLINDRICAL_SURFACE ( 'NONE', #1014, 2.299999999999999822 ) ;
#780 = PLANE ( 'NONE',  #457 ) ;
#781 = LINE ( 'NONE', #1419, #437 ) ;
#782 = PRESENTATION_STYLE_ASSIGNMENT (( #1290 ) ) ;
#783 = DIRECTION ( 'NONE',  ( 1.000000000000000000, 0.0000000000000000000, 0.0000000000000000000 ) ) ;
#784 = EDGE_LOOP ( 'NONE', ( #225, #441, #675, #1448 ) ) ;
#785 = DIRECTION ( 'NONE',  ( -1.000000000000000000, -1.301042606982605321E-16, -0.0000000000000000000 ) ) ;
#786 = EDGE_CURVE ( 'NONE', #820, #116, #715, .T. ) ;
#787 = VERTEX_POINT ( 'NONE', #463 ) ;
#788 = VERTEX_POINT ( 'NONE', #694 ) ;
#789 = ORIENTED_EDGE ( 'NONE', *, *, #148, .F. ) ;
#790 = CIRCLE ( 'NONE', #1417, 2.499999999999998668 ) ;
#791 = DIRECTION ( 'NONE',  ( 0.9935718556765882337, 0.1132032137678998518, 0.0000000000000000000 ) ) ;
#792 = AXIS2_PLACEMENT_3D ( 'NONE', #99, #587, #494 ) ;
#793 = EDGE_CURVE ( 'NONE', #908, #423, #407, .T. ) ;
#794 = CARTESIAN_POINT ( 'NONE',  ( -22.03455556715933028, 2.899999999999997247, -1.000000000000000000 ) ) ;
#795 = DIRECTION ( 'NONE',  ( -0.0000000000000000000, -0.0000000000000000000, -1.000000000000000000 ) ) ;
#796 = FACE_OUTER_BOUND ( 'NONE', #387, .T. ) ;
#797 = DIRECTION ( 'NONE',  ( -0.0000000000000000000, -0.0000000000000000000, -1.000000000000000000 ) ) ;
#798 = LINE ( 'NONE', #198, #891 ) ;
#799 = CYLINDRICAL_SURFACE ( 'NONE', #842, 0.5000000000000004441 ) ;
#800 = ORIENTED_EDGE ( 'NONE', *, *, #442, .T. ) ;
#801 = ADVANCED_FACE ( 'NONE', ( #1095 ), #1511, .T. ) ;
#802 = DIRECTION ( 'NONE',  ( -0.0000000000000000000, -0.0000000000000000000, -1.000000000000000000 ) ) ;
#803 = EDGE_LOOP ( 'NONE', ( #1076, #344, #1225, #1216 ) ) ;
#804 = ORIENTED_EDGE ( 'NONE', *, *, #130, .F. ) ;
#805 = DIRECTION ( 'NONE',  ( 4.894885289712641794E-17, 1.000000000000000000, 0.0000000000000000000 ) ) ;
#806 = VERTEX_POINT ( 'NONE', #1258 ) ;
#807 = CARTESIAN_POINT ( 'NONE',  ( -5.000000000000000000, -0.09999999999999945044, 1.000000000000000000 ) ) ;
#808 = AXIS2_PLACEMENT_3D ( 'NONE', #145, #486, #612 ) ;
#809 = FACE_OUTER_BOUND ( 'NONE', #515, .T. ) ;
#810 = LINE ( 'NONE', #562, #1115 ) ;
#811 = ADVANCED_FACE ( 'NONE', ( #1017 ), #159, .F. ) ;
#812 = DIRECTION ( 'NONE',  ( -1.000000000000000000, 0.0000000000000000000, 0.0000000000000000000 ) ) ;
#813 = DIRECTION ( 'NONE',  ( -1.000000000000000000, 0.0000000000000000000, -0.0000000000000000000 ) ) ;
#814 = EDGE_CURVE ( 'NONE', #1366, #858, #756, .T. ) ;
#815 = DIRECTION ( 'NONE',  ( -0.9848077530122093526, -0.1736481776669229482, 0.0000000000000000000 ) ) ;
#816 = CARTESIAN_POINT ( 'NONE',  ( -21.59901287487315358, 3.603829147841264291, 1.000000000000000000 ) ) ;
#817 = ADVANCED_FACE ( 'NONE', ( #1199 ), #371, .T. ) ;
#818 = VECTOR ( 'NONE', #526, 1000.000000000000000 ) ;
#819 = CARTESIAN_POINT ( 'NONE',  ( -27.30000000000000071, 3.737980617469478073, -1.000000000000000000 ) ) ;
#820 = VERTEX_POINT ( 'NONE', #708 ) ;
#821 = DIRECTION ( 'NONE',  ( 1.000000000000000000, 0.0000000000000000000, 0.0000000000000000000 ) ) ;
#822 = CARTESIAN_POINT ( 'NONE',  ( -5.000000000000000000, -1.299999999999993827, -1.300000000000004263 ) ) ;
#823 = ORIENTED_EDGE ( 'NONE', *, *, #31, .T. ) ;
#824 = ORIENTED_EDGE ( 'NONE', *, *, #1510, .F. ) ;
#825 = EDGE_CURVE ( 'NONE', #538, #422, #776, .T. ) ;
#826 = EDGE_LOOP ( 'NONE', ( #338, #477, #613, #1426 ) ) ;
#827 = CIRCLE ( 'NONE', #1440, 0.1000000000000000472 ) ;
#828 = ADVANCED_FACE ( 'NONE', ( #1456 ), #1346, .T. ) ;
#829 = DIRECTION ( 'NONE',  ( -1.000000000000000000, 0.0000000000000000000, 0.0000000000000000000 ) ) ;
#830 = LINE ( 'NONE', #677, #1160 ) ;
#831 = CARTESIAN_POINT ( 'NONE',  ( -6.363350876626447028E-17, -1.300000000000000266, 1.300000000000004263 ) ) ;
#832 = STYLED_ITEM ( 'NONE', ( #782 ), #293 ) ;
#833 = DIRECTION ( 'NONE',  ( 0.0000000000000000000, 3.523657060577890199E-15, 1.000000000000000000 ) ) ;
#834 = CARTESIAN_POINT ( 'NONE',  ( -2.448198453999526201E-17, 0.2000000000000000111, 1.000000000000000000 ) ) ;
#835 = EDGE_CURVE ( 'NONE', #1263, #1260, #781, .T. ) ;
#836 = ADVANCED_FACE ( 'NONE', ( #528 ), #955, .T. ) ;
#837 = DIRECTION ( 'NONE',  ( -1.000000000000000000, 4.925572932396080937E-15, 0.0000000000000000000 ) ) ;
#838 = CARTESIAN_POINT ( 'NONE',  ( -31.00000000000000000, 0.4999999999999962252, 1.000000000000000000 ) ) ;
#839 = VECTOR ( 'NONE', #1458, 1000.000000000000000 ) ;
#840 = VECTOR ( 'NONE', #358, 1000.000000000000114 ) ;
#841 = FACE_OUTER_BOUND ( 'NONE', #120, .T. ) ;
#842 = AXIS2_PLACEMENT_3D ( 'NONE', #1217, #525, #533 ) ;
#843 = ORIENTED_EDGE ( 'NONE', *, *, #97, .F. ) ;
#844 = FACE_OUTER_BOUND ( 'NONE', #1482, .T. ) ;
#845 = CARTESIAN_POINT ( 'NONE',  ( -19.05384000012956491, 3.239609641303696996, 1.000000000000000000 ) ) ;
#846 = ORIENTED_EDGE ( 'NONE', *, *, #1322, .F. ) ;
#847 = ORIENTED_EDGE ( 'NONE', *, *, #892, .T. ) ;
#848 = ORIENTED_EDGE ( 'NONE', *, *, #1358, .T. ) ;
#849 = DIRECTION ( 'NONE',  ( -0.0000000000000000000, -0.0000000000000000000, -1.000000000000000000 ) ) ;
#850 = CARTESIAN_POINT ( 'NONE',  ( -3.181675438313257410E-17, -1.299999999999993827, -1.100000000000004086 ) ) ;
#851 = CARTESIAN_POINT ( 'NONE',  ( 0.0000000000000000000, -0.1000000000000004635, -1.000000000000000000 ) ) ;
#852 = AXIS2_PLACEMENT_3D ( 'NONE', #1462, #890, #173 ) ;
#853 = CARTESIAN_POINT ( 'NONE',  ( -28.00239904898312560, 1.333185908627325444, 1.000000000000000000 ) ) ;
#854 = CARTESIAN_POINT ( 'NONE',  ( -5.000000000000000000, 3.502807018799338675E-15, -1.099999999999999645 ) ) ;
#855 = DIRECTION ( 'NONE',  ( -2.373594362237327045E-31, 3.523657060577887833E-15, -1.000000000000000000 ) ) ;
#856 = CARTESIAN_POINT ( 'NONE',  ( -25.00000000000000000, 3.737980617469467415, -1.000000000000000000 ) ) ;
#857 = ORIENTED_EDGE ( 'NONE', *, *, #165, .F. ) ;
#858 = VERTEX_POINT ( 'NONE', #739 ) ;
#859 = ORIENTED_EDGE ( 'NONE', *, *, #825, .F. ) ;
#860 = DIRECTION ( 'NONE',  ( -1.000000000000000000, 0.0000000000000000000, 0.0000000000000000000 ) ) ;
#861 = ORIENTED_EDGE ( 'NONE', *, *, #81, .F. ) ;
#862 = CARTESIAN_POINT ( 'NONE',  ( 1.691355389077394559E-16, -1.300000000000000711, 1.100000000000004086 ) ) ;
#863 = DIRECTION ( 'NONE',  ( -3.111507638930571544E-61, -1.000000000000000000, -3.502807018799339464E-15 ) ) ;
#864 = EDGE_LOOP ( 'NONE', ( #1091, #1015, #1174, #985 ) ) ;
#865 = DIRECTION ( 'NONE',  ( -1.000000000000000000, 0.0000000000000000000, -0.0000000000000000000 ) ) ;
#866 = CYLINDRICAL_SURFACE ( 'NONE', #1140, 0.2999999999999999334 ) ;
#867 = DIRECTION ( 'NONE',  ( 0.0000000000000000000, 0.0000000000000000000, 1.000000000000000000 ) ) ;
#868 = CIRCLE ( 'NONE', #420, 0.3000000000000016542 ) ;
#869 = EDGE_CURVE ( 'NONE', #40, #774, #1359, .T. ) ;
#870 = CARTESIAN_POINT ( 'NONE',  ( -2.448198453999526201E-17, 0.2000000000000000111, -1.000000000000000000 ) ) ;
#871 = CARTESIAN_POINT ( 'NONE',  ( 0.0000000000000000000, -0.09999999999999839573, 1.300000000000000044 ) ) ;
#872 = VECTOR ( 'NONE', #1204, 1000.000000000000000 ) ;
#873 = ORIENTED_EDGE ( 'NONE', *, *, #948, .F. ) ;
#874 = CARTESIAN_POINT ( 'NONE',  ( -27.30000000000001137, 1.624857738422465170, 1.000000000000000000 ) ) ;
#875 = EDGE_LOOP ( 'NONE', ( #596, #1371, #520, #426 ) ) ;
#876 = DIRECTION ( 'NONE',  ( -1.000000000000000000, 0.0000000000000000000, -0.0000000000000000000 ) ) ;
#877 = FACE_OUTER_BOUND ( 'NONE', #950, .T. ) ;
#878 = ORIENTED_EDGE ( 'NONE', *, *, #119, .T. ) ;
#879 = AXIS2_PLACEMENT_3D ( 'NONE', #509, #523, #1416 ) ;
#880 = ORIENTED_EDGE ( 'NONE', *, *, #404, .F. ) ;
#881 = DIRECTION ( 'NONE',  ( 0.0000000000000000000, -0.0000000000000000000, 1.000000000000000000 ) ) ;
#882 = ORIENTED_EDGE ( 'NONE', *, *, #239, .F. ) ;
#883 = CARTESIAN_POINT ( 'NONE',  ( -27.30000000000000071, 3.737980617469478073, 1.000000000000000000 ) ) ;
#884 = VECTOR ( 'NONE', #1182, 1000.000000000000000 ) ;
#885 = CARTESIAN_POINT ( 'NONE',  ( -5.000000000000000000, -0.09999999999999974187, -1.300000000000000044 ) ) ;
#886 = CARTESIAN_POINT ( 'NONE',  ( -27.50000000000000000, 3.737980617469478961, -1.000000000000000000 ) ) ;
#887 = AXIS2_PLACEMENT_3D ( 'NONE', #117, #354, #821 ) ;
#888 = EDGE_CURVE ( 'NONE', #731, #541, #1234, .T. ) ;
#889 = FACE_OUTER_BOUND ( 'NONE', #666, .T. ) ;
#890 = DIRECTION ( 'NONE',  ( -0.0000000000000000000, -0.0000000000000000000, -1.000000000000000000 ) ) ;
#891 = VECTOR ( 'NONE', #795, 1000.000000000000000 ) ;
#892 = EDGE_CURVE ( 'NONE', #422, #1430, #132, .T. ) ;
#893 = VECTOR ( 'NONE', #1221, 1000.000000000000114 ) ;
#894 = ORIENTED_EDGE ( 'NONE', *, *, #130, .T. ) ;
#895 = ORIENTED_EDGE ( 'NONE', *, *, #489, .F. ) ;
#896 = CARTESIAN_POINT ( 'NONE',  ( -27.30000000000001137, 1.624857738422465170, -1.000000000000000000 ) ) ;
#897 = VERTEX_POINT ( 'NONE', #375 ) ;
#898 = ORIENTED_EDGE ( 'NONE', *, *, #869, .F. ) ;
#899 = AXIS2_PLACEMENT_3D ( 'NONE', #360, #467, #109 ) ;
#900 = VECTOR ( 'NONE', #1483, 1000.000000000000000 ) ;
#901 = LINE ( 'NONE', #547, #1362 ) ;
#902 = EDGE_CURVE ( 'NONE', #806, #683, #378, .T. ) ;
#903 = DIRECTION ( 'NONE',  ( -3.111507638930571544E-61, -1.000000000000000000, -3.502807018799339464E-15 ) ) ;
#904 = CARTESIAN_POINT ( 'NONE',  ( -5.000000000000000000, -1.300000000000000711, 1.300000000000004263 ) ) ;
#905 = CARTESIAN_POINT ( 'NONE',  ( -22.65076844803522249, 4.593030975783615411, -1.000000000000000000 ) ) ;
#906 = VECTOR ( 'NONE', #1271, 1000.000000000000000 ) ;
#907 = EDGE_CURVE ( 'NONE', #1428, #188, #682, .T. ) ;
#908 = VERTEX_POINT ( 'NONE', #1187 ) ;
#909 = CYLINDRICAL_SURFACE ( 'NONE', #221, 0.6500000000000012434 ) ;
#910 = DIRECTION ( 'NONE',  ( -0.9848077530122093526, -0.1736481776669229482, 0.0000000000000000000 ) ) ;
#911 = FACE_OUTER_BOUND ( 'NONE', #1057, .T. ) ;
#912 = EDGE_LOOP ( 'NONE', ( #1408, #368, #1368, #880 ) ) ;
#913 = LINE ( 'NONE', #862, #402 ) ;
#914 = EDGE_LOOP ( 'NONE', ( #539, #1237, #729, #151 ) ) ;
#915 = VERTEX_POINT ( 'NONE', #507 ) ;
#916 = AXIS2_PLACEMENT_3D ( 'NONE', #851, #1293, #855 ) ;
#917 = ORIENTED_EDGE ( 'NONE', *, *, #1322, .T. ) ;
#918 = ADVANCED_FACE ( 'NONE', ( #1274 ), #617, .T. ) ;
#919 = LINE ( 'NONE', #276, #299 ) ;
#920 = DIRECTION ( 'NONE',  ( -4.273919607961978033E-31, 6.982962677686267499E-15, -1.000000000000000000 ) ) ;
#921 = DIRECTION ( 'NONE',  ( -1.000000000000000000, -1.224099226999763039E-16, 0.0000000000000000000 ) ) ;
#922 = CARTESIAN_POINT ( 'NONE',  ( 0.0000000000000000000, 0.0000000000000000000, 1.000000000000000000 ) ) ;
#923 = ADVANCED_FACE ( 'NONE', ( #281 ), #1134, .F. ) ;
#924 = CARTESIAN_POINT ( 'NONE',  ( -21.50279014317043647, 2.759293070516163127, 1.000000000000000000 ) ) ;
#925 = LINE ( 'NONE', #1094, #623 ) ;
#926 = PLANE ( 'NONE',  #887 ) ;
#927 = DIRECTION ( 'NONE',  ( -0.0000000000000000000, -0.0000000000000000000, -1.000000000000000000 ) ) ;
#928 = CIRCLE ( 'NONE', #257, 0.5000000000000004441 ) ;
#929 = VERTEX_POINT ( 'NONE', #484 ) ;
#930 = DIRECTION ( 'NONE',  ( 1.000000000000000000, 0.0000000000000000000, 0.0000000000000000000 ) ) ;
#931 = ORIENTED_EDGE ( 'NONE', *, *, #227, .F. ) ;
#932 = ADVANCED_FACE ( 'NONE', ( #202 ), #1064, .T. ) ;
#933 = DIRECTION ( 'NONE',  ( -0.0000000000000000000, -0.0000000000000000000, -1.000000000000000000 ) ) ;
#934 = VERTEX_POINT ( 'NONE', #240 ) ;
#935 = DIRECTION ( 'NONE',  ( -0.0000000000000000000, -0.0000000000000000000, -1.000000000000000000 ) ) ;
#936 = EDGE_LOOP ( 'NONE', ( #627, #1455, #1034, #193 ) ) ;
#937 = DIRECTION ( 'NONE',  ( 1.000000000000000000, 0.0000000000000000000, 0.0000000000000000000 ) ) ;
#938 = DIRECTION ( 'NONE',  ( 6.776263578034415038E-17, -1.000000000000000000, 0.0000000000000000000 ) ) ;
#939 = DIRECTION ( 'NONE',  ( 4.273919607961978033E-31, -3.491481338843133750E-15, 1.000000000000000000 ) ) ;
#940 = ADVANCED_FACE ( 'NONE', ( #114 ), #1202, .T. ) ;
#941 = CARTESIAN_POINT ( 'NONE',  ( -27.50000000000000711, 2.170272498687699780, 1.000000000000000000 ) ) ;
#942 = DIRECTION ( 'NONE',  ( 1.000000000000000000, 0.0000000000000000000, 0.0000000000000000000 ) ) ;
#943 = AXIS2_PLACEMENT_3D ( 'NONE', #408, #983, #1100 ) ;
#944 = DIRECTION ( 'NONE',  ( -0.0000000000000000000, -0.0000000000000000000, 1.000000000000000000 ) ) ;
#945 = VECTOR ( 'NONE', #791, 1000.000000000000000 ) ;
#946 = ADVANCED_FACE ( 'NONE', ( #1295 ), #724, .T. ) ;
#947 = CARTESIAN_POINT ( 'NONE',  ( -19.05384000012956491, 3.239609641303696996, 1.000000000000000000 ) ) ;
#948 = EDGE_CURVE ( 'NONE', #1430, #328, #54, .T. ) ;
#949 = ORIENTED_EDGE ( 'NONE', *, *, #1018, .F. ) ;
#950 = EDGE_LOOP ( 'NONE', ( #1053, #405, #1009, #693 ) ) ;
#951 = ORIENTED_EDGE ( 'NONE', *, *, #472, .F. ) ;
#952 = DIRECTION ( 'NONE',  ( -0.0000000000000000000, -0.0000000000000000000, -1.000000000000000000 ) ) ;
#953 = DIRECTION ( 'NONE',  ( -0.0000000000000000000, -0.0000000000000000000, -1.000000000000000000 ) ) ;
#954 = PRODUCT_RELATED_PRODUCT_CATEGORY ( 'part', '', ( #1232 ) ) ;
#955 = PLANE ( 'NONE',  #593 ) ;
#956 = AXIS2_PLACEMENT_3D ( 'NONE', #389, #143, #156 ) ;
#957 = CARTESIAN_POINT ( 'NONE',  ( -5.000000000000000000, -0.09999999999999945044, 1.000000000000000000 ) ) ;
#958 = SURFACE_SIDE_STYLE ('',( #1088 ) ) ;
#959 = DIRECTION ( 'NONE',  ( 1.000000000000000000, 1.224099226999763039E-16, -0.0000000000000000000 ) ) ;
#960 = CARTESIAN_POINT ( 'NONE',  ( -27.50000000000001066, 1.624857738422466280, -1.000000000000000000 ) ) ;
#961 = ORIENTED_EDGE ( 'NONE', *, *, #176, .F. ) ;
#962 = LINE ( 'NONE', #1288, #1314 ) ;
#963 = AXIS2_PLACEMENT_3D ( 'NONE', #1270, #582, #813 ) ;
#964 = ORIENTED_EDGE ( 'NONE', *, *, #984, .T. ) ;
#965 = DIRECTION ( 'NONE',  ( -0.1736481776669182853, 0.9848077530122101297, 0.0000000000000000000 ) ) ;
#966 = EDGE_LOOP ( 'NONE', ( #154, #211, #873, #1450 ) ) ;
#967 = ORIENTED_EDGE ( 'NONE', *, *, #814, .T. ) ;
#968 = EDGE_CURVE ( 'NONE', #774, #1263, #585, .T. ) ;
#969 = ORIENTED_EDGE ( 'NONE', *, *, #48, .T. ) ;
#970 = DIRECTION ( 'NONE',  ( 1.000000000000000000, 0.0000000000000000000, 0.0000000000000000000 ) ) ;
#971 = FACE_OUTER_BOUND ( 'NONE', #1277, .T. ) ;
#972 = CARTESIAN_POINT ( 'NONE',  ( -22.20981307838399488, 3.381516054679583938, 1.000000000000000000 ) ) ;
#973 = DIRECTION ( 'NONE',  ( -2.564879543481000120E-31, 6.982962677686267499E-15, -1.000000000000000000 ) ) ;
#974 = CARTESIAN_POINT ( 'NONE',  ( -5.000000000000000000, 1.004731753629259847E-15, 1.299999999999999822 ) ) ;
#975 = DIRECTION ( 'NONE',  ( 0.3420201433256639945, -0.9396926207859100932, 0.0000000000000000000 ) ) ;
#976 = VECTOR ( 'NONE', #150, 1000.000000000000000 ) ;
#977 = DIRECTION ( 'NONE',  ( 0.9848077530122093526, 0.1736481776669229204, 0.0000000000000000000 ) ) ;
#978 = VERTEX_POINT ( 'NONE', #1085 ) ;
#979 = ORIENTED_EDGE ( 'NONE', *, *, #888, .F. ) ;
#980 = ORIENTED_EDGE ( 'NONE', *, *, #291, .T. ) ;
#981 = AXIS2_PLACEMENT_3D ( 'NONE', #1243, #356, #1156 ) ;
#982 = ORIENTED_EDGE ( 'NONE', *, *, #1434, .F. ) ;
#983 = DIRECTION ( 'NONE',  ( 0.0000000000000000000, 0.0000000000000000000, -1.000000000000000000 ) ) ;
#984 = EDGE_CURVE ( 'NONE', #897, #554, #925, .T. ) ;
#985 = ORIENTED_EDGE ( 'NONE', *, *, #489, .T. ) ;
#986 = LINE ( 'NONE', #1364, #900 ) ;
#987 = DIRECTION ( 'NONE',  ( 1.000000000000000000, 0.0000000000000000000, 0.0000000000000000000 ) ) ;
#988 = AXIS2_PLACEMENT_3D ( 'NONE', #531, #1321, #860 ) ;
#989 = AXIS2_PLACEMENT_3D ( 'NONE', #460, #1039, #465 ) ;
#990 = UNCERTAINTY_MEASURE_WITH_UNIT (LENGTH_MEASURE( 1.000000000000000082E-05 ), #438, 'distance_accuracy_value', 'NONE');
#991 = PRODUCT_CONTEXT ( 'NONE', #55, 'mechanical' ) ;
#992 = CARTESIAN_POINT ( 'NONE',  ( -27.30000000000000071, 3.737980617469478073, 1.000000000000000000 ) ) ;
#993 = LINE ( 'NONE', #61, #343 ) ;
#994 = ORIENTED_EDGE ( 'NONE', *, *, #1185, .T. ) ;
#995 = CARTESIAN_POINT ( 'NONE',  ( -27.30000000000001137, 1.624857738422465170, 1.000000000000000000 ) ) ;
#996 = LINE ( 'NONE', #1504, #661 ) ;
#997 = FACE_OUTER_BOUND ( 'NONE', #454, .T. ) ;
#998 = ORIENTED_EDGE ( 'NONE', *, *, #1481, .T. ) ;
#999 = ORIENTED_EDGE ( 'NONE', *, *, #1512, .F. ) ;
#1000 = AXIS2_PLACEMENT_3D ( 'NONE', #1022, #802, #444 ) ;
#1001 = ORIENTED_EDGE ( 'NONE', *, *, #310, .T. ) ;
#1002 = EDGE_LOOP ( 'NONE', ( #134, #141, #1317, #629 ) ) ;
#1003 = DIRECTION ( 'NONE',  ( -0.0000000000000000000, -0.0000000000000000000, -1.000000000000000000 ) ) ;
#1004 = ADVANCED_FACE ( 'NONE', ( #263 ), #410, .T. ) ;
#1005 = DIRECTION ( 'NONE',  ( 0.0000000000000000000, -0.0000000000000000000, 1.000000000000000000 ) ) ;
#1006 = CARTESIAN_POINT ( 'NONE',  ( -5.000000000000000000, -7.589415207398531038E-16, -1.000000000000000000 ) ) ;
#1007 = CIRCLE ( 'NONE', #672, 0.8500000000000000888 ) ;
#1008 = EDGE_LOOP ( 'NONE', ( #898, #857, #233, #98, #1487, #982 ) ) ;
#1009 = ORIENTED_EDGE ( 'NONE', *, *, #674, .T. ) ;
#1010 = CYLINDRICAL_SURFACE ( 'NONE', #287, 2.499999999999998668 ) ;
#1011 = EDGE_LOOP ( 'NONE', ( #1498, #961, #882, #847 ) ) ;
#1012 = DIRECTION ( 'NONE',  ( 1.301042606982605321E-16, -1.000000000000000000, 3.491481338843133355E-15 ) ) ;
#1013 = FACE_OUTER_BOUND ( 'NONE', #153, .T. ) ;
#1014 = AXIS2_PLACEMENT_3D ( 'NONE', #424, #669, #429 ) ;
#1015 = ORIENTED_EDGE ( 'NONE', *, *, #1192, .T. ) ;
#1016 = ORIENTED_EDGE ( 'NONE', *, *, #203, .T. ) ;
#1017 = FACE_OUTER_BOUND ( 'NONE', #518, .T. ) ;
#1018 = EDGE_CURVE ( 'NONE', #1260, #788, #304, .T. ) ;
#1019 = VECTOR ( 'NONE', #1477, 1000.000000000000000 ) ;
#1020 = CARTESIAN_POINT ( 'NONE',  ( 1.658171974513391294E-31, 3.502807018799318164E-15, 1.099999999999999645 ) ) ;
#1021 = ADVANCED_FACE ( 'NONE', ( #168 ), #50, .T. ) ;
#1022 = CARTESIAN_POINT ( 'NONE',  ( -31.00000000000000000, 0.4999999999999962252, 1.000000000000000000 ) ) ;
#1023 = AXIS2_PLACEMENT_3D ( 'NONE', #600, #485, #377 ) ;
#1024 = DIRECTION ( 'NONE',  ( 1.000000000000000000, -7.228014483236656126E-16, 0.0000000000000000000 ) ) ;
#1025 = VECTOR ( 'NONE', #975, 1000.000000000000114 ) ;
#1026 = CIRCLE ( 'NONE', #421, 0.3000000000000016542 ) ;
#1027 = CARTESIAN_POINT ( 'NONE',  ( -28.15000000000000924, 2.170272498687703333, 1.000000000000000000 ) ) ;
#1028 = LINE ( 'NONE', #761, #324 ) ;
#1029 = ORIENTED_EDGE ( 'NONE', *, *, #482, .T. ) ;
#1030 = ADVANCED_FACE ( 'NONE', ( #911 ), #655, .T. ) ;
#1031 = CARTESIAN_POINT ( 'NONE',  ( -27.50000000000000711, 2.170272498687699780, -1.000000000000000000 ) ) ;
#1032 = EDGE_LOOP ( 'NONE', ( #1387, #60, #773, #516 ) ) ;
#1033 = LINE ( 'NONE', #367, #252 ) ;
#1034 = ORIENTED_EDGE ( 'NONE', *, *, #1292, .F. ) ;
#1035 = DIRECTION ( 'NONE',  ( -0.0000000000000000000, -0.0000000000000000000, -1.000000000000000000 ) ) ;
#1036 = AXIS2_PLACEMENT_3D ( 'NONE', #458, #1493, #812 ) ;
#1037 = AXIS2_PLACEMENT_3D ( 'NONE', #1280, #1168, #703 ) ;
#1038 = EDGE_LOOP ( 'NONE', ( #725, #750, #1467, #1390 ) ) ;
#1039 = DIRECTION ( 'NONE',  ( 0.0000000000000000000, 0.0000000000000000000, -1.000000000000000000 ) ) ;
#1040 = ADVANCED_FACE ( 'NONE', ( #1480 ), #566, .F. ) ;
#1041 = FACE_OUTER_BOUND ( 'NONE', #1350, .T. ) ;
#1042 = EDGE_CURVE ( 'NONE', #56, #775, #1447, .T. ) ;
#1043 = DIRECTION ( 'NONE',  ( -1.000000000000000000, -6.776263578034415038E-17, 0.0000000000000000000 ) ) ;
#1044 = DIRECTION ( 'NONE',  ( 0.0000000000000000000, -1.000000000000000000, -3.502807018799339069E-15 ) ) ;
#1045 = CARTESIAN_POINT ( 'NONE',  ( -22.39775160254117736, 3.313112026014451317, 1.000000000000000000 ) ) ;
#1046 = VECTOR ( 'NONE', #543, 1000.000000000000000 ) ;
#1047 = PLANE ( 'NONE',  #44 ) ;
#1048 = LINE ( 'NONE', #834, #671 ) ;
#1049 = ORIENTED_EDGE ( 'NONE', *, *, #187, .T. ) ;
#1050 = ORIENTED_EDGE ( 'NONE', *, *, #427, .F. ) ;
#1051 = DIRECTION ( 'NONE',  ( 0.0000000000000000000, -0.0000000000000000000, 1.000000000000000000 ) ) ;
#1052 = EDGE_CURVE ( 'NONE', #1385, #929, #2, .T. ) ;
#1053 = ORIENTED_EDGE ( 'NONE', *, *, #314, .F. ) ;
#1054 = VECTOR ( 'NONE', #481, 1000.000000000000000 ) ;
#1055 = ORIENTED_EDGE ( 'NONE', *, *, #1474, .F. ) ;
#1056 = CARTESIAN_POINT ( 'NONE',  ( -5.000000000000000000, 8.624665426874509000E-17, -1.299999999999999822 ) ) ;
#1057 = EDGE_LOOP ( 'NONE', ( #22, #1092, #895, #177 ) ) ;
#1058 = VECTOR ( 'NONE', #26, 1000.000000000000000 ) ;
#1059 = ADVANCED_FACE ( 'NONE', ( #453 ), #1425, .T. ) ;
#1060 = CARTESIAN_POINT ( 'NONE',  ( -31.30000000000000071, 0.4999999999999962252, 1.000000000000000000 ) ) ;
#1061 = DIRECTION ( 'NONE',  ( -1.000000000000000000, -0.0000000000000000000, -0.0000000000000000000 ) ) ;
#1062 = CARTESIAN_POINT ( 'NONE',  ( -28.03712868451650664, 1.530147459229767026, 1.000000000000000000 ) ) ;
#1063 = EDGE_CURVE ( 'NONE', #403, #274, #646, .T. ) ;
#1064 = PLANE ( 'NONE',  #808 ) ;
#1065 = DIRECTION ( 'NONE',  ( -0.0000000000000000000, -0.0000000000000000000, -1.000000000000000000 ) ) ;
#1066 = DIRECTION ( 'NONE',  ( -1.000000000000000000, -1.497071560055333113E-45, 4.273919607961978033E-31 ) ) ;
#1067 = AXIS2_PLACEMENT_3D ( 'NONE', #1097, #1208, #32 ) ;
#1068 = VECTOR ( 'NONE', #9, 1000.000000000000114 ) ;
#1069 = CARTESIAN_POINT ( 'NONE',  ( -25.00000000000000000, 3.737980617469467415, 1.000000000000000000 ) ) ;
#1070 = LINE ( 'NONE', #822, #382 ) ;
#1071 = CARTESIAN_POINT ( 'NONE',  ( -31.00000000000000000, -3.794707603699265519E-15, 1.000000000000000000 ) ) ;
#1072 = DIRECTION ( 'NONE',  ( 4.273919607961978033E-31, -3.491481338843133750E-15, 1.000000000000000000 ) ) ;
#1073 = ORIENTED_EDGE ( 'NONE', *, *, #195, .F. ) ;
#1074 = ORIENTED_EDGE ( 'NONE', *, *, #1018, .T. ) ;
#1075 = CARTESIAN_POINT ( 'NONE',  ( -28.15000000000000924, 2.170272498687703333, 1.000000000000000000 ) ) ;
#1076 = ORIENTED_EDGE ( 'NONE', *, *, #1418, .F. ) ;
#1077 = DIRECTION ( 'NONE',  ( 4.273919607961978033E-31, 0.0000000000000000000, 1.000000000000000000 ) ) ;
#1078 = ORIENTED_EDGE ( 'NONE', *, *, #15, .F. ) ;
#1079 = VECTOR ( 'NONE', #920, 1000.000000000000000 ) ;
#1080 = CARTESIAN_POINT ( 'NONE',  ( -22.01191492440575104, 2.701285628864679378, 1.000000000000000000 ) ) ;
#1081 = AXIS2_PLACEMENT_3D ( 'NONE', #350, #478, #235 ) ;
#1082 = FACE_OUTER_BOUND ( 'NONE', #390, .T. ) ;
#1083 = DIRECTION ( 'NONE',  ( 0.0000000000000000000, 0.0000000000000000000, -1.000000000000000000 ) ) ;
#1084 = CARTESIAN_POINT ( 'NONE',  ( -28.03712868451650664, 1.530147459229767026, -1.000000000000000000 ) ) ;
#1085 = CARTESIAN_POINT ( 'NONE',  ( -5.000000000000000000, -1.300000000000000711, 1.300000000000004263 ) ) ;
#1086 = DIRECTION ( 'NONE',  ( 1.000000000000000000, 6.776263578034415038E-17, -0.0000000000000000000 ) ) ;
#1087 = DIRECTION ( 'NONE',  ( 0.9848077530122093526, 0.1736481776669229204, 0.0000000000000000000 ) ) ;
#1088 = SURFACE_STYLE_FILL_AREA ( #249 ) ;
#1089 = ORIENTED_EDGE ( 'NONE', *, *, #48, .F. ) ;
#1090 = DIRECTION ( 'NONE',  ( -4.925572932396080937E-15, -1.000000000000000000, 0.0000000000000000000 ) ) ;
#1091 = ORIENTED_EDGE ( 'NONE', *, *, #119, .F. ) ;
#1092 = ORIENTED_EDGE ( 'NONE', *, *, #181, .F. ) ;
#1093 = ORIENTED_EDGE ( 'NONE', *, *, #1098, .F. ) ;
#1094 = CARTESIAN_POINT ( 'NONE',  ( -31.05209445330007512, 0.7954423259036591531, 1.000000000000000000 ) ) ;
#1095 = FACE_OUTER_BOUND ( 'NONE', #1453, .T. ) ;
#1096 = DIRECTION ( 'NONE',  ( 1.000000000000000000, 0.0000000000000000000, 0.0000000000000000000 ) ) ;
#1097 = CARTESIAN_POINT ( 'NONE',  ( -22.65076844803522249, 4.593030975783615411, 1.000000000000000000 ) ) ;
#1098 = EDGE_CURVE ( 'NONE', #806, #1393, #1028, .T. ) ;
#1099 = LINE ( 'NONE', #41, #163 ) ;
#1100 = DIRECTION ( 'NONE',  ( -1.000000000000000000, 0.0000000000000000000, -0.0000000000000000000 ) ) ;
#1101 = PLANE ( 'NONE',  #1131 ) ;
#1102 = CARTESIAN_POINT ( 'NONE',  ( -5.000000000000000000, -0.1000000000000008105, -1.000000000000000000 ) ) ;
#1103 = DIRECTION ( 'NONE',  ( 1.224099226999763039E-16, -1.000000000000000000, 0.0000000000000000000 ) ) ;
#1104 = VECTOR ( 'NONE', #430, 1000.000000000000000 ) ;
#1105 = ORIENTED_EDGE ( 'NONE', *, *, #1261, .T. ) ;
#1106 = CIRCLE ( 'NONE', #852, 2.299999999999999822 ) ;
#1107 = VECTOR ( 'NONE', #933, 1000.000000000000000 ) ;
#1108 = PRODUCT_DEFINITION_SHAPE ( 'NONE', 'NONE',  #105 ) ;
#1109 = ORIENTED_EDGE ( 'NONE', *, *, #331, .T. ) ;
#1110 = ORIENTED_EDGE ( 'NONE', *, *, #1502, .F. ) ;
#1111 = CARTESIAN_POINT ( 'NONE',  ( -31.50000000000000000, 0.4999999999999962252, -1.000000000000000000 ) ) ;
#1112 = VERTEX_POINT ( 'NONE', #772 ) ;
#1113 = ORIENTED_EDGE ( 'NONE', *, *, #1272, .F. ) ;
#1114 = DIRECTION ( 'NONE',  ( -6.776263578034415038E-17, 1.000000000000000000, 0.0000000000000000000 ) ) ;
#1115 = VECTOR ( 'NONE', #1139, 1000.000000000000000 ) ;
#1116 = STYLED_ITEM ( 'NONE', ( #28 ), #317 ) ;
#1117 = EDGE_CURVE ( 'NONE', #897, #552, #1172, .T. ) ;
#1118 = DIRECTION ( 'NONE',  ( 0.0000000000000000000, 0.0000000000000000000, 1.000000000000000000 ) ) ;
#1119 = DIRECTION ( 'NONE',  ( 0.0000000000000000000, 0.0000000000000000000, 1.000000000000000000 ) ) ;
#1120 = EDGE_CURVE ( 'NONE', #788, #59, #419, .T. ) ;
#1121 = FACE_OUTER_BOUND ( 'NONE', #63, .T. ) ;
#1122 = ORIENTED_EDGE ( 'NONE', *, *, #1200, .F. ) ;
#1123 = CARTESIAN_POINT ( 'NONE',  ( -6.363350876626438399E-17, -1.300000000000000711, 1.100000000000004086 ) ) ;
#1124 = ORIENTED_EDGE ( 'NONE', *, *, #902, .T. ) ;
#1125 = VERTEX_POINT ( 'NONE', #885 ) ;
#1126 = EDGE_CURVE ( 'NONE', #1393, #100, #247, .T. ) ;
#1127 = ORIENTED_EDGE ( 'NONE', *, *, #322, .T. ) ;
#1128 = SURFACE_STYLE_USAGE ( .BOTH. , #185 ) ;
#1129 = PLANE ( 'NONE',  #107 ) ;
#1130 = CARTESIAN_POINT ( 'NONE',  ( -22.20981307838399488, 3.381516054679583938, -1.000000000000000000 ) ) ;
#1131 = AXIS2_PLACEMENT_3D ( 'NONE', #1338, #663, #1445 ) ;
#1132 = EDGE_CURVE ( 'NONE', #754, #538, #727, .T. ) ;
#1133 = DIRECTION ( 'NONE',  ( 0.0000000000000000000, 1.000000000000000000, 0.0000000000000000000 ) ) ;
#1134 = CYLINDRICAL_SURFACE ( 'NONE', #916, 0.1000000000000000472 ) ;
#1135 = LINE ( 'NONE', #37, #818 ) ;
#1136 = ADVANCED_FACE ( 'NONE', ( #1210 ), #361, .T. ) ;
#1137 = CIRCLE ( 'NONE', #580, 0.6500000000000012434 ) ;
#1138 = ORIENTED_EDGE ( 'NONE', *, *, #239, .T. ) ;
#1139 = DIRECTION ( 'NONE',  ( -1.000000000000000000, -1.301042606982605321E-16, 6.704069916859242396E-31 ) ) ;
#1140 = AXIS2_PLACEMENT_3D ( 'NONE', #1398, #1061, #833 ) ;
#1141 = VERTEX_POINT ( 'NONE', #1220 ) ;
#1142 = AXIS2_PLACEMENT_3D ( 'NONE', #447, #1367, #805 ) ;
#1143 = EDGE_LOOP ( 'NONE', ( #11, #679, #1256, #894 ) ) ;
#1144 = ORIENTED_EDGE ( 'NONE', *, *, #187, .F. ) ;
#1145 = ADVANCED_FACE ( 'NONE', ( #997 ), #1047, .F. ) ;
#1146 = CARTESIAN_POINT ( 'NONE',  ( -31.50000000000000000, 0.4999999999999962252, 1.000000000000000000 ) ) ;
#1147 = CARTESIAN_POINT ( 'NONE',  ( -31.05209445330007512, 0.7954423259036591531, 1.000000000000000000 ) ) ;
#1148 = ADVANCED_FACE ( 'NONE', ( #286 ), #926, .T. ) ;
#1149 = CARTESIAN_POINT ( 'NONE',  ( -1.223721322428115497E-18, -0.1000000000000004635, -1.000000000000000000 ) ) ;
#1150 = CYLINDRICAL_SURFACE ( 'NONE', #753, 0.1000000000000000472 ) ;
#1151 = ORIENTED_EDGE ( 'NONE', *, *, #902, .F. ) ;
#1152 = CARTESIAN_POINT ( 'NONE',  ( -5.000000000000000000, 1.004731753629259847E-15, 1.299999999999999822 ) ) ;
#1153 = DIRECTION ( 'NONE',  ( -5.982959672442922228E-31, 3.892042724853467033E-47, 1.000000000000000000 ) ) ;
#1154 = ORIENTED_EDGE ( 'NONE', *, *, #1266, .T. ) ;
#1155 = ORIENTED_EDGE ( 'NONE', *, *, #758, .F. ) ;
#1156 = DIRECTION ( 'NONE',  ( 0.0000000000000000000, -1.070649645329435155E-14, 1.000000000000000000 ) ) ;
#1157 = ORIENTED_EDGE ( 'NONE', *, *, #557, .T. ) ;
#1158 = LINE ( 'NONE', #831, #1433 ) ;
#1159 = DIRECTION ( 'NONE',  ( 1.000000000000000000, -4.336808689942043768E-15, 0.0000000000000000000 ) ) ;
#1160 = VECTOR ( 'NONE', #573, 1000.000000000000000 ) ;
#1161 = CARTESIAN_POINT ( 'NONE',  ( -5.000000000000000000, -1.299999999999994493, -1.100000000000004086 ) ) ;
#1162 = ADVANCED_FACE ( 'NONE', ( #841 ), #594, .F. ) ;
#1163 = CARTESIAN_POINT ( 'NONE',  ( -19.03119935737598567, 3.040895270168379128, 1.000000000000000000 ) ) ;
#1164 = PLANE ( 'NONE',  #1037 ) ;
#1165 = AXIS2_PLACEMENT_3D ( 'NONE', #503, #128, #614 ) ;
#1166 = DIRECTION ( 'NONE',  ( -1.000000000000000000, 0.0000000000000000000, 0.0000000000000000000 ) ) ;
#1167 = VECTOR ( 'NONE', #1414, 1000.000000000000000 ) ;
#1168 = DIRECTION ( 'NONE',  ( 0.9396926207859100932, 0.3420201433256639945, -0.0000000000000000000 ) ) ;
#1169 = EDGE_CURVE ( 'NONE', #541, #787, #1406, .T. ) ;
#1170 = LINE ( 'NONE', #751, #872 ) ;
#1171 = LINE ( 'NONE', #905, #1278 ) ;
#1172 = LINE ( 'NONE', #170, #1299 ) ;
#1173 = DIRECTION ( 'NONE',  ( -0.0000000000000000000, -0.0000000000000000000, 1.000000000000000000 ) ) ;
#1174 = ORIENTED_EDGE ( 'NONE', *, *, #1132, .T. ) ;
#1175 = ORIENTED_EDGE ( 'NONE', *, *, #674, .F. ) ;
#1176 = FILL_AREA_STYLE_COLOUR ( '', #1514 ) ;
#1177 = VERTEX_POINT ( 'NONE', #222 ) ;
#1178 = ORIENTED_EDGE ( 'NONE', *, *, #1349, .F. ) ;
#1179 = CARTESIAN_POINT ( 'NONE',  ( -22.83870697219240498, 4.524626947118481901, 1.000000000000000000 ) ) ;
#1180 = VECTOR ( 'NONE', #7, 1000.000000000000000 ) ;
#1181 = DIRECTION ( 'NONE',  ( -0.0000000000000000000, -0.0000000000000000000, -1.000000000000000000 ) ) ;
#1182 = DIRECTION ( 'NONE',  ( -0.1736481776669180355, 0.9848077530122102408, 0.0000000000000000000 ) ) ;
#1183 = CARTESIAN_POINT ( 'NONE',  ( 1.691355389077378782E-16, -1.299999999999993827, -1.100000000000004086 ) ) ;
#1184 = AXIS2_PLACEMENT_3D ( 'NONE', #957, #722, #1083 ) ;
#1185 = EDGE_CURVE ( 'NONE', #683, #125, #491, .T. ) ;
#1186 = VECTOR ( 'NONE', #1003, 1000.000000000000000 ) ;
#1187 = CARTESIAN_POINT ( 'NONE',  ( -31.50000000000000000, 0.4999999999999962252, 1.000000000000000000 ) ) ;
#1188 = VECTOR ( 'NONE', #1249, 1000.000000000000000 ) ;
#1189 = DIRECTION ( 'NONE',  ( 1.000000000000000000, -7.228014483236656126E-16, 0.0000000000000000000 ) ) ;
#1190 = CARTESIAN_POINT ( 'NONE',  ( -22.39775160254117736, 3.313112026014451317, 1.000000000000000000 ) ) ;
#1191 = ORIENTED_EDGE ( 'NONE', *, *, #638, .F. ) ;
#1192 = EDGE_CURVE ( 'NONE', #820, #754, #62, .T. ) ;
#1193 = EDGE_LOOP ( 'NONE', ( #606, #804, #495, #980 ) ) ;
#1194 = DIRECTION ( 'NONE',  ( 0.0000000000000000000, 0.0000000000000000000, 1.000000000000000000 ) ) ;
#1195 = CYLINDRICAL_SURFACE ( 'NONE', #308, 0.6500000000000012434 ) ;
#1196 = EDGE_LOOP ( 'NONE', ( #1093, #1124, #994, #748 ) ) ;
#1197 = DIRECTION ( 'NONE',  ( -1.000000000000000000, 0.0000000000000000000, 0.0000000000000000000 ) ) ;
#1198 = ORIENTED_EDGE ( 'NONE', *, *, #713, .T. ) ;
#1199 = FACE_OUTER_BOUND ( 'NONE', #1404, .T. ) ;
#1200 = EDGE_CURVE ( 'NONE', #978, #915, #631, .T. ) ;
#1201 = DIRECTION ( 'NONE',  ( -1.000000000000000000, -1.224099226999763039E-16, 0.0000000000000000000 ) ) ;
#1202 = PLANE ( 'NONE',  #446 ) ;
#1203 = DIRECTION ( 'NONE',  ( -6.776263578034415038E-17, 1.000000000000000000, 0.0000000000000000000 ) ) ;
#1204 = DIRECTION ( 'NONE',  ( -0.0000000000000000000, -0.0000000000000000000, -1.000000000000000000 ) ) ;
#1205 = LINE ( 'NONE', #870, #416 ) ;
#1206 = ORIENTED_EDGE ( 'NONE', *, *, #393, .F. ) ;
#1207 = AXIS2_PLACEMENT_3D ( 'NONE', #904, #1012, #1475 ) ;
#1208 = DIRECTION ( 'NONE',  ( 0.0000000000000000000, -0.0000000000000000000, 1.000000000000000000 ) ) ;
#1209 = VECTOR ( 'NONE', #316, 1000.000000000000000 ) ;
#1210 = FACE_OUTER_BOUND ( 'NONE', #4, .T. ) ;
#1211 = CARTESIAN_POINT ( 'NONE',  ( -22.83870697219240498, 4.524626947118481901, -1.000000000000000000 ) ) ;
#1212 = EDGE_CURVE ( 'NONE', #690, #328, #6, .T. ) ;
#1213 = ORIENTED_EDGE ( 'NONE', *, *, #1460, .T. ) ;
#1214 = ORIENTED_EDGE ( 'NONE', *, *, #1117, .F. ) ;
#1215 = ORIENTED_EDGE ( 'NONE', *, *, #1192, .F. ) ;
#1216 = ORIENTED_EDGE ( 'NONE', *, *, #1400, .T. ) ;
#1217 = CARTESIAN_POINT ( 'NONE',  ( -31.00000000000000000, 0.4999999999999962252, 1.000000000000000000 ) ) ;
#1218 = LINE ( 'NONE', #96, #30 ) ;
#1219 = CARTESIAN_POINT ( 'NONE',  ( -21.59901287487315358, 3.603829147841264291, -1.000000000000000000 ) ) ;
#1220 = CARTESIAN_POINT ( 'NONE',  ( -31.08682408883345971, 0.9924038765061009570, -1.000000000000000000 ) ) ;
#1221 = DIRECTION ( 'NONE',  ( 0.9935718556765882337, 0.1132032137678998379, 0.0000000000000000000 ) ) ;
#1222 = DIRECTION ( 'NONE',  ( 1.000000000000000000, 0.0000000000000000000, 0.0000000000000000000 ) ) ;
#1223 = FACE_OUTER_BOUND ( 'NONE', #936, .T. ) ;
#1224 = ORIENTED_EDGE ( 'NONE', *, *, #1169, .F. ) ;
#1225 = ORIENTED_EDGE ( 'NONE', *, *, #399, .F. ) ;
#1226 = CARTESIAN_POINT ( 'NONE',  ( 0.0000000000000000000, 0.0000000000000000000, 0.0000000000000000000 ) ) ;
#1227 = CARTESIAN_POINT ( 'NONE',  ( 0.0000000000000000000, -0.09999999999999945044, 1.000000000000000000 ) ) ;
#1228 = VECTOR ( 'NONE', #921, 1000.000000000000000 ) ;
#1229 = ORIENTED_EDGE ( 'NONE', *, *, #318, .T. ) ;
#1230 = VERTEX_POINT ( 'NONE', #1279 ) ;
#1231 = LINE ( 'NONE', #1006, #653 ) ;
#1232 = PRODUCT ( '³äµç×ùµ¯Æ¬-0824', '³äµç×ùµ¯Æ¬-0824', '', ( #991 ) ) ;
#1233 = CARTESIAN_POINT ( 'NONE',  ( 0.0000000000000000000, 0.0000000000000000000, -1.000000000000000000 ) ) ;
#1234 = LINE ( 'NONE', #1080, #641 ) ;
#1235 = FACE_OUTER_BOUND ( 'NONE', #140, .T. ) ;
#1236 = DIRECTION ( 'NONE',  ( -0.1736481776669229482, 0.9848077530122093526, 0.0000000000000000000 ) ) ;
#1237 = ORIENTED_EDGE ( 'NONE', *, *, #670, .T. ) ;
#1238 = VECTOR ( 'NONE', #965, 1000.000000000000114 ) ;
#1239 = DIRECTION ( 'NONE',  ( -0.0000000000000000000, -0.0000000000000000000, 1.000000000000000000 ) ) ;
#1240 = VERTEX_POINT ( 'NONE', #711 ) ;
#1241 = EDGE_CURVE ( 'NONE', #978, #1230, #1429, .T. ) ;
#1242 = ORIENTED_EDGE ( 'NONE', *, *, #1510, .T. ) ;
#1243 = CARTESIAN_POINT ( 'NONE',  ( 0.0000000000000000000, -0.09999999999999945044, 1.000000000000000000 ) ) ;
#1244 = CARTESIAN_POINT ( 'NONE',  ( -4.894885289712742404E-18, -0.09999999999999961697, 1.300000000000004263 ) ) ;
#1245 = UNCERTAINTY_MEASURE_WITH_UNIT (LENGTH_MEASURE( 1.000000000000000082E-05 ), #180, 'distance_accuracy_value', 'NONE');
#1246 = DIRECTION ( 'NONE',  ( 0.0000000000000000000, 0.0000000000000000000, -1.000000000000000000 ) ) ;
#1247 = ADVANCED_FACE ( 'NONE', ( #1283 ), #91, .T. ) ;
#1248 = AXIS2_PLACEMENT_3D ( 'NONE', #1056, #1066, #1077 ) ;
#1249 = DIRECTION ( 'NONE',  ( -1.000000000000000000, -1.224099226999763039E-16, 0.0000000000000000000 ) ) ;
#1250 = CARTESIAN_POINT ( 'NONE',  ( -27.50000000000000000, 3.737980617469478961, -1.000000000000000000 ) ) ;
#1251 = VERTEX_POINT ( 'NONE', #602 ) ;
#1252 = DIRECTION ( 'NONE',  ( -0.1132032137679018086, 0.9935718556765880116, 0.0000000000000000000 ) ) ;
#1253 = CARTESIAN_POINT ( 'NONE',  ( -22.65076844803522249, 4.593030975783615411, 1.000000000000000000 ) ) ;
#1254 = LINE ( 'NONE', #1244, #205 ) ;
#1255 = LINE ( 'NONE', #294, #893 ) ;
#1256 = ORIENTED_EDGE ( 'NONE', *, *, #64, .T. ) ;
#1257 = ADVANCED_FACE ( 'NONE', ( #1013 ), #1269, .F. ) ;
#1258 = CARTESIAN_POINT ( 'NONE',  ( -5.000000000000000000, 5.963111948670274387E-16, 1.000000000000000000 ) ) ;
#1259 = AXIS2_PLACEMENT_3D ( 'NONE', #283, #867, #987 ) ;
#1260 = VERTEX_POINT ( 'NONE', #475 ) ;
#1261 = EDGE_CURVE ( 'NONE', #1488, #934, #710, .T. ) ;
#1262 = CARTESIAN_POINT ( 'NONE',  ( -21.50279014317043647, 2.759293070516163127, -1.000000000000000000 ) ) ;
#1263 = VERTEX_POINT ( 'NONE', #581 ) ;
#1264 = CARTESIAN_POINT ( 'NONE',  ( -5.412085097088055090E-31, 4.201103286567965740E-15, -1.299999999999999822 ) ) ;
#1265 = ORIENTED_EDGE ( 'NONE', *, *, #1344, .F. ) ;
#1266 = EDGE_CURVE ( 'NONE', #915, #683, #1470, .T. ) ;
#1267 = LINE ( 'NONE', #1355, #1019 ) ;
#1268 = ADVANCED_FACE ( 'NONE', ( #43 ), #209, .T. ) ;
#1269 = PLANE ( 'NONE',  #86 ) ;
#1270 = CARTESIAN_POINT ( 'NONE',  ( -21.59901287487315358, 3.603829147841264291, 1.000000000000000000 ) ) ;
#1271 = DIRECTION ( 'NONE',  ( -0.0000000000000000000, -0.0000000000000000000, -1.000000000000000000 ) ) ;
#1272 = EDGE_CURVE ( 'NONE', #207, #915, #1033, .T. ) ;
#1273 = ADVANCED_FACE ( 'NONE', ( #877 ), #1195, .F. ) ;
#1274 = FACE_OUTER_BOUND ( 'NONE', #493, .T. ) ;
#1275 = VECTOR ( 'NONE', #396, 1000.000000000000000 ) ;
#1276 = DIRECTION ( 'NONE',  ( 0.0000000000000000000, 0.0000000000000000000, 1.000000000000000000 ) ) ;
#1277 = EDGE_LOOP ( 'NONE', ( #931, #1352, #46, #23 ) ) ;
#1278 = VECTOR ( 'NONE', #1476, 1000.000000000000114 ) ;
#1279 = CARTESIAN_POINT ( 'NONE',  ( -5.000000000000000000, -1.300000000000001377, 1.100000000000004086 ) ) ;
#1280 = CARTESIAN_POINT ( 'NONE',  ( -22.83870697219240498, 4.524626947118481901, 1.000000000000000000 ) ) ;
#1281 = EDGE_LOOP ( 'NONE', ( #1109, #949, #349, #400 ) ) ;
#1282 = CYLINDRICAL_SURFACE ( 'NONE', #1165, 0.2999999999999999334 ) ;
#1283 = FACE_OUTER_BOUND ( 'NONE', #1008, .T. ) ;
#1284 = ORIENTED_EDGE ( 'NONE', *, *, #1312, .F. ) ;
#1285 = EDGE_LOOP ( 'NONE', ( #1073, #443, #179, #1500 ) ) ;
#1286 = VECTOR ( 'NONE', #849, 1000.000000000000000 ) ;
#1287 = DIRECTION ( 'NONE',  ( -0.0000000000000000000, -0.0000000000000000000, -1.000000000000000000 ) ) ;
#1288 = CARTESIAN_POINT ( 'NONE',  ( -27.30000000000000782, 2.170272498687698892, 1.000000000000000000 ) ) ;
#1289 = EDGE_CURVE ( 'NONE', #228, #422, #1449, .T. ) ;
#1290 = SURFACE_STYLE_USAGE ( .BOTH. , #958 ) ;
#1291 = AXIS2_PLACEMENT_3D ( 'NONE', #1438, #881, #970 ) ;
#1292 = EDGE_CURVE ( 'NONE', #1251, #649, #1492, .T. ) ;
#1293 = DIRECTION ( 'NONE',  ( 1.000000000000000000, 6.776263578034415038E-17, -0.0000000000000000000 ) ) ;
#1294 = DIRECTION ( 'NONE',  ( 4.925572932396080937E-15, 1.000000000000000000, 0.0000000000000000000 ) ) ;
#1295 = FACE_OUTER_BOUND ( 'NONE', #1304, .T. ) ;
#1296 = PLANE ( 'NONE',  #1023 ) ;
#1297 = FACE_OUTER_BOUND ( 'NONE', #864, .T. ) ;
#1298 = FACE_OUTER_BOUND ( 'NONE', #1011, .T. ) ;
#1299 = VECTOR ( 'NONE', #414, 1000.000000000000000 ) ;
#1300 = ORIENTED_EDGE ( 'NONE', *, *, #758, .T. ) ;
#1301 = DIRECTION ( 'NONE',  ( -1.000000000000000000, 0.0000000000000000000, 0.0000000000000000000 ) ) ;
#1302 = ORIENTED_EDGE ( 'NONE', *, *, #74, .F. ) ;
#1303 = ORIENTED_EDGE ( 'NONE', *, *, #1063, .T. ) ;
#1304 = EDGE_LOOP ( 'NONE', ( #574, #714, #1144, #75 ) ) ;
#1305 = CARTESIAN_POINT ( 'NONE',  ( -5.000000000000000000, 5.963111948670274387E-16, 1.000000000000000000 ) ) ;
#1306 = AXIS2_PLACEMENT_3D ( 'NONE', #124, #1051, #937 ) ;
#1307 = DIRECTION ( 'NONE',  ( 0.9935718556765880116, 0.1132032137679018086, -0.0000000000000000000 ) ) ;
#1308 = DIRECTION ( 'NONE',  ( 0.0000000000000000000, 1.000000000000000000, 0.0000000000000000000 ) ) ;
#1309 = PLANE ( 'NONE',  #353 ) ;
#1310 = DIRECTION ( 'NONE',  ( -4.894885289712641794E-17, -1.000000000000000000, 3.502807018799317770E-15 ) ) ;
#1311 = FACE_OUTER_BOUND ( 'NONE', #89, .T. ) ;
#1312 = EDGE_CURVE ( 'NONE', #538, #733, #1461, .T. ) ;
#1313 = PLANE ( 'NONE',  #5 ) ;
#1314 = VECTOR ( 'NONE', #718, 1000.000000000000000 ) ;
#1315 = ORIENTED_EDGE ( 'NONE', *, *, #1126, .F. ) ;
#1316 = LINE ( 'NONE', #853, #1238 ) ;
#1317 = ORIENTED_EDGE ( 'NONE', *, *, #888, .T. ) ;
#1318 = DIRECTION ( 'NONE',  ( 0.9935718556765882337, 0.1132032137678998518, 0.0000000000000000000 ) ) ;
#1319 = ORIENTED_EDGE ( 'NONE', *, *, #342, .T. ) ;
#1320 = AXIS2_PLACEMENT_3D ( 'NONE', #47, #1194, #517 ) ;
#1321 = DIRECTION ( 'NONE',  ( -0.0000000000000000000, -0.0000000000000000000, -1.000000000000000000 ) ) ;
#1322 = EDGE_CURVE ( 'NONE', #125, #456, #300, .T. ) ;
#1323 = DIRECTION ( 'NONE',  ( 1.000000000000000000, 0.0000000000000000000, 0.0000000000000000000 ) ) ;
#1324 = DIRECTION ( 'NONE',  ( -0.0000000000000000000, -0.0000000000000000000, -1.000000000000000000 ) ) ;
#1325 = DIRECTION ( 'NONE',  ( -1.000000000000000000, 4.925572932396080937E-15, 0.0000000000000000000 ) ) ;
#1326 = ADVANCED_FACE ( 'NONE', ( #1341 ), #717, .T. ) ;
#1327 = LINE ( 'NONE', #1399, #746 ) ;
#1328 = ORIENTED_EDGE ( 'NONE', *, *, #571, .T. ) ;
#1329 = MECHANICAL_DESIGN_GEOMETRIC_PRESENTATION_REPRESENTATION (  '', ( #832 ), #269 ) ;
#1330 = LINE ( 'NONE', #223, #1188 ) ;
#1331 = VECTOR ( 'NONE', #1103, 1000.000000000000000 ) ;
#1332 = ORIENTED_EDGE ( 'NONE', *, *, #203, .F. ) ;
#1333 = DIRECTION ( 'NONE',  ( 0.0000000000000000000, -1.066132136277412956E-14, 1.000000000000000000 ) ) ;
#1334 = ORIENTED_EDGE ( 'NONE', *, *, #1185, .F. ) ;
#1335 = ORIENTED_EDGE ( 'NONE', *, *, #10, .F. ) ;
#1336 = ORIENTED_EDGE ( 'NONE', *, *, #71, .F. ) ;
#1337 =( NAMED_UNIT ( * ) SI_UNIT ( $, .STERADIAN. ) SOLID_ANGLE_UNIT ( ) );
#1338 = CARTESIAN_POINT ( 'NONE',  ( -5.000000000000000000, -0.1000000000000008105, -1.000000000000000000 ) ) ;
#1339 = AXIS2_PLACEMENT_3D ( 'NONE', #845, #1307, #740 ) ;
#1340 = AXIS2_PLACEMENT_3D ( 'NONE', #1102, #329, #1353 ) ;
#1341 = FACE_OUTER_BOUND ( 'NONE', #875, .T. ) ;
#1342 = CARTESIAN_POINT ( 'NONE',  ( -31.08682408883345971, 0.9924038765061009570, 1.000000000000000000 ) ) ;
#1343 = DIRECTION ( 'NONE',  ( 1.000000000000000000, 0.0000000000000000000, 0.0000000000000000000 ) ) ;
#1344 = EDGE_CURVE ( 'NONE', #1366, #897, #868, .T. ) ;
#1345 = DIRECTION ( 'NONE',  ( 1.000000000000000000, 0.0000000000000000000, 0.0000000000000000000 ) ) ;
#1346 = CYLINDRICAL_SURFACE ( 'NONE', #511, 0.8500000000000000888 ) ;
#1347 = FACE_OUTER_BOUND ( 'NONE', #803, .T. ) ;
#1348 = EDGE_LOOP ( 'NONE', ( #459, #1105, #1157, #330 ) ) ;
#1349 = EDGE_CURVE ( 'NONE', #554, #1141, #433, .T. ) ;
#1350 = EDGE_LOOP ( 'NONE', ( #611, #296, #230, #8 ) ) ;
#1351 = EDGE_LOOP ( 'NONE', ( #752, #1206, #572, #823 ) ) ;
#1352 = ORIENTED_EDGE ( 'NONE', *, *, #74, .T. ) ;
#1353 = DIRECTION ( 'NONE',  ( 0.0000000000000000000, 1.000000000000000000, 0.0000000000000000000 ) ) ;
#1354 = FACE_OUTER_BOUND ( 'NONE', #912, .T. ) ;
#1355 = CARTESIAN_POINT ( 'NONE',  ( -5.000000000000000000, 3.502807018799318164E-15, 1.099999999999999645 ) ) ;
#1356 = AXIS2_PLACEMENT_3D ( 'NONE', #1227, #1222, #298 ) ;
#1357 = CARTESIAN_POINT ( 'NONE',  ( -5.000000000000000000, 8.624665426874509000E-17, -1.299999999999999822 ) ) ;
#1358 = EDGE_CURVE ( 'NONE', #116, #1177, #577, .T. ) ;
#1359 = LINE ( 'NONE', #501, #1167 ) ;
#1360 = LINE ( 'NONE', #147, #976 ) ;
#1361 = ORIENTED_EDGE ( 'NONE', *, *, #1042, .F. ) ;
#1362 = VECTOR ( 'NONE', #542, 1000.000000000000000 ) ;
#1363 = FACE_OUTER_BOUND ( 'NONE', #609, .T. ) ;
#1364 = CARTESIAN_POINT ( 'NONE',  ( 1.935598106057858503E-31, 3.502807018799338675E-15, -1.099999999999999645 ) ) ;
#1365 = AXIS2_PLACEMENT_3D ( 'NONE', #488, #953, #238 ) ;
#1366 = VERTEX_POINT ( 'NONE', #383 ) ;
#1367 = DIRECTION ( 'NONE',  ( 1.000000000000000000, -4.894885289712641794E-17, 5.982959672442922228E-31 ) ) ;
#1368 = ORIENTED_EDGE ( 'NONE', *, *, #1261, .F. ) ;
#1369 = ORIENTED_EDGE ( 'NONE', *, *, #158, .F. ) ;
#1370 = DIRECTION ( 'NONE',  ( -1.000000000000000000, 0.0000000000000000000, -0.0000000000000000000 ) ) ;
#1371 = ORIENTED_EDGE ( 'NONE', *, *, #505, .F. ) ;
#1372 = CIRCLE ( 'NONE', #721, 0.6500000000000012434 ) ;
#1373 = ADVANCED_FACE ( 'NONE', ( #560 ), #618, .T. ) ;
#1374 = DIRECTION ( 'NONE',  ( -0.9396926207859102043, -0.3420201433256636059, 0.0000000000000000000 ) ) ;
#1375 = CARTESIAN_POINT ( 'NONE',  ( -31.00000000000000000, -3.794707603699265519E-15, -1.000000000000000000 ) ) ;
#1376 = LINE ( 'NONE', #1415, #431 ) ;
#1377 = DIRECTION ( 'NONE',  ( -0.0000000000000000000, -0.0000000000000000000, -1.000000000000000000 ) ) ;
#1378 = AXIS2_PLACEMENT_3D ( 'NONE', #1250, #579, #1370 ) ;
#1379 = CARTESIAN_POINT ( 'NONE',  ( -27.50000000000000711, 2.170272498687699780, 1.000000000000000000 ) ) ;
#1380 = DIRECTION ( 'NONE',  ( 4.557301175495659484E-31, -3.502807018799339069E-15, 1.000000000000000000 ) ) ;
#1381 = ADVANCED_FACE ( 'NONE', ( #197 ), #866, .T. ) ;
#1382 = CARTESIAN_POINT ( 'NONE',  ( -19.05384000012956491, 3.239609641303696996, -1.000000000000000000 ) ) ;
#1383 = DIRECTION ( 'NONE',  ( -1.000000000000000000, 0.0000000000000000000, 0.0000000000000000000 ) ) ;
#1384 = LINE ( 'NONE', #745, #604 ) ;
#1385 = VERTEX_POINT ( 'NONE', #241 ) ;
#1386 = DIRECTION ( 'NONE',  ( -1.000000000000000000, -6.672013369141553384E-16, 0.0000000000000000000 ) ) ;
#1387 = ORIENTED_EDGE ( 'NONE', *, *, #869, .T. ) ;
#1388 = ADVANCED_FACE ( 'NONE', ( #1041 ), #1282, .T. ) ;
#1389 = DIRECTION ( 'NONE',  ( 1.000000000000000000, 1.224099226999763039E-16, 0.0000000000000000000 ) ) ;
#1390 = ORIENTED_EDGE ( 'NONE', *, *, #71, .T. ) ;
#1391 = CARTESIAN_POINT ( 'NONE',  ( -5.000000000000000000, -0.09999999999999910349, 1.100000000000000089 ) ) ;
#1392 = EDGE_CURVE ( 'NONE', #552, #192, #1316, .T. ) ;
#1393 = VERTEX_POINT ( 'NONE', #1071 ) ;
#1394 = VECTOR ( 'NONE', #1035, 1000.000000000000000 ) ;
#1395 = FACE_OUTER_BOUND ( 'NONE', #1503, .T. ) ;
#1396 = CARTESIAN_POINT ( 'NONE',  ( -3.176373552203626272E-17, -0.09999999999999961697, 1.100000000000000089 ) ) ;
#1397 = ADVANCED_FACE ( 'NONE', ( #676 ), #1411, .F. ) ;
#1398 = CARTESIAN_POINT ( 'NONE',  ( -5.000000000000000000, -0.09999999999999945044, 1.000000000000000000 ) ) ;
#1399 = CARTESIAN_POINT ( 'NONE',  ( 0.0000000000000000000, -1.299999999999993161, -1.300000000000004263 ) ) ;
#1400 = EDGE_CURVE ( 'NONE', #736, #731, #76, .T. ) ;
#1401 = VECTOR ( 'NONE', #3, 1000.000000000000000 ) ;
#1402 = FACE_OUTER_BOUND ( 'NONE', #914, .T. ) ;
#1403 = DIRECTION ( 'NONE',  ( -0.0000000000000000000, -0.0000000000000000000, -1.000000000000000000 ) ) ;
#1404 = EDGE_LOOP ( 'NONE', ( #824, #530, #1303, #42 ) ) ;
#1405 = CIRCLE ( 'NONE', #1365, 2.499999999999998668 ) ;
#1406 = LINE ( 'NONE', #1163, #1107 ) ;
#1407 =( NAMED_UNIT ( * ) SI_UNIT ( $, .STERADIAN. ) SOLID_ANGLE_UNIT ( ) );
#1408 = ORIENTED_EDGE ( 'NONE', *, *, #1212, .F. ) ;
#1409 = ORIENTED_EDGE ( 'NONE', *, *, #1266, .F. ) ;
#1410 = VERTEX_POINT ( 'NONE', #255 ) ;
#1411 = PLANE ( 'NONE',  #1184 ) ;
#1412 = PLANE ( 'NONE',  #1248 ) ;
#1413 = ORIENTED_EDGE ( 'NONE', *, *, #97, .T. ) ;
#1414 = DIRECTION ( 'NONE',  ( -1.000000000000000000, -1.224099226999763039E-16, 0.0000000000000000000 ) ) ;
#1415 = CARTESIAN_POINT ( 'NONE',  ( -21.52543078592401926, 2.958007441651480995, 1.000000000000000000 ) ) ;
#1416 = DIRECTION ( 'NONE',  ( -1.000000000000000000, 0.0000000000000000000, 0.0000000000000000000 ) ) ;
#1417 = AXIS2_PLACEMENT_3D ( 'NONE', #856, #164, #146 ) ;
#1418 = EDGE_CURVE ( 'NONE', #188, #731, #1376, .T. ) ;
#1419 = CARTESIAN_POINT ( 'NONE',  ( -5.000000000000000000, -0.1000000000000002554, -1.100000000000000089 ) ) ;
#1420 = CARTESIAN_POINT ( 'NONE',  ( -31.00000000000000000, 0.1999999999999961808, 1.000000000000000000 ) ) ;
#1421 = DIRECTION ( 'NONE',  ( 0.0000000000000000000, -0.0000000000000000000, 1.000000000000000000 ) ) ;
#1422 = LINE ( 'NONE', #624, #529 ) ;
#1423 = EDGE_CURVE ( 'NONE', #1141, #323, #919, .T. ) ;
#1424 = CIRCLE ( 'NONE', #234, 0.3000000000000016542 ) ;
#1425 = PLANE ( 'NONE',  #1496 ) ;
#1426 = ORIENTED_EDGE ( 'NONE', *, *, #176, .T. ) ;
#1427 = CARTESIAN_POINT ( 'NONE',  ( -25.00000000000000000, 3.737980617469467415, 1.000000000000000000 ) ) ;
#1428 = VERTEX_POINT ( 'NONE', #972 ) ;
#1429 = LINE ( 'NONE', #345, #122 ) ;
#1430 = VERTEX_POINT ( 'NONE', #1211 ) ;
#1431 = ORIENTED_EDGE ( 'NONE', *, *, #1272, .T. ) ;
#1432 = CARTESIAN_POINT ( 'NONE',  ( -2.448198453999526201E-17, 0.2000000000000000111, 1.000000000000000000 ) ) ;
#1433 = VECTOR ( 'NONE', #698, 1000.000000000000000 ) ;
#1434 = EDGE_CURVE ( 'NONE', #774, #100, #57, .T. ) ;
#1435 = DIRECTION ( 'NONE',  ( -0.0000000000000000000, -0.0000000000000000000, -1.000000000000000000 ) ) ;
#1436 = DIRECTION ( 'NONE',  ( 1.000000000000000000, 1.301042606982605321E-16, 0.0000000000000000000 ) ) ;
#1437 = EDGE_CURVE ( 'NONE', #1177, #1471, #790, .T. ) ;
#1438 = CARTESIAN_POINT ( 'NONE',  ( -31.00000000000000000, 0.1999999999999961808, 1.000000000000000000 ) ) ;
#1439 = DIRECTION ( 'NONE',  ( -0.0000000000000000000, -0.0000000000000000000, -1.000000000000000000 ) ) ;
#1440 = AXIS2_PLACEMENT_3D ( 'NONE', #807, #700, #1276 ) ;
#1441 = CARTESIAN_POINT ( 'NONE',  ( -27.30000000000000782, 2.170272498687698892, -1.000000000000000000 ) ) ;
#1442 = LINE ( 'NONE', #425, #1104 ) ;
#1443 = EDGE_CURVE ( 'NONE', #1260, #40, #1489, .T. ) ;
#1444 = ORIENTED_EDGE ( 'NONE', *, *, #584, .F. ) ;
#1445 = DIRECTION ( 'NONE',  ( 6.776263578034415038E-17, -1.000000000000000000, 0.0000000000000000000 ) ) ;
#1446 = VECTOR ( 'NONE', #162, 1000.000000000000000 ) ;
#1447 = LINE ( 'NONE', #648, #769 ) ;
#1448 = ORIENTED_EDGE ( 'NONE', *, *, #1481, .F. ) ;
#1449 = LINE ( 'NONE', #628, #536 ) ;
#1450 = ORIENTED_EDGE ( 'NONE', *, *, #1502, .T. ) ;
#1451 = CARTESIAN_POINT ( 'NONE',  ( -22.65076844803522249, 4.593030975783615411, -1.000000000000000000 ) ) ;
#1452 = DIRECTION ( 'NONE',  ( 1.000000000000000000, 0.0000000000000000000, 0.0000000000000000000 ) ) ;
#1453 = EDGE_LOOP ( 'NONE', ( #705, #556, #1110, #172 ) ) ;
#1454 = CARTESIAN_POINT ( 'NONE',  ( -22.20981307838399488, 3.381516054679583938, 1.000000000000000000 ) ) ;
#1455 = ORIENTED_EDGE ( 'NONE', *, *, #331, .F. ) ;
#1456 = FACE_OUTER_BOUND ( 'NONE', #175, .T. ) ;
#1457 = CARTESIAN_POINT ( 'NONE',  ( -31.00000000000000000, -3.794707603699265519E-15, 1.000000000000000000 ) ) ;
#1458 = DIRECTION ( 'NONE',  ( -0.0000000000000000000, -0.0000000000000000000, -1.000000000000000000 ) ) ;
#1459 = DIRECTION ( 'NONE',  ( 4.925572932396080937E-15, 1.000000000000000000, 0.0000000000000000000 ) ) ;
#1460 = EDGE_CURVE ( 'NONE', #125, #1366, #1424, .T. ) ;
#1461 = LINE ( 'NONE', #622, #506 ) ;
#1462 = CARTESIAN_POINT ( 'NONE',  ( -25.00000000000000000, 3.737980617469467415, -1.000000000000000000 ) ) ;
#1463 = PRESENTATION_LAYER_ASSIGNMENT (  '', '', ( #832 ) ) ;
#1464 = VECTOR ( 'NONE', #260, 1000.000000000000114 ) ;
#1465 = LINE ( 'NONE', #763, #1186 ) ;
#1466 = ADVANCED_FACE ( 'NONE', ( #206 ), #656, .F. ) ;
#1467 = ORIENTED_EDGE ( 'NONE', *, *, #907, .T. ) ;
#1468 = CARTESIAN_POINT ( 'NONE',  ( -31.00000000000000000, 0.1999999999999961808, -1.000000000000000000 ) ) ;
#1469 = EDGE_LOOP ( 'NONE', ( #662, #1336, #514, #268 ) ) ;
#1470 = CIRCLE ( 'NONE', #792, 0.2999999999999999334 ) ;
#1471 = VERTEX_POINT ( 'NONE', #1451 ) ;
#1472 = ORIENTED_EDGE ( 'NONE', *, *, #892, .F. ) ;
#1473 = LINE ( 'NONE', #680, #1079 ) ;
#1474 = EDGE_CURVE ( 'NONE', #644, #1230, #913, .T. ) ;
#1475 = DIRECTION ( 'NONE',  ( 0.0000000000000000000, -3.491481338843133355E-15, -1.000000000000000000 ) ) ;
#1476 = DIRECTION ( 'NONE',  ( 0.3420201433256639945, -0.9396926207859100932, 0.0000000000000000000 ) ) ;
#1477 = DIRECTION ( 'NONE',  ( -3.111507638930570854E-61, 1.000000000000000000, -3.502807018799317770E-15 ) ) ;
#1478 = LINE ( 'NONE', #1179, #204 ) ;
#1479 = ORIENTED_EDGE ( 'NONE', *, *, #835, .F. ) ;
#1480 = FACE_OUTER_BOUND ( 'NONE', #1501, .T. ) ;
#1481 = EDGE_CURVE ( 'NONE', #423, #1141, #381, .T. ) ;
#1482 = EDGE_LOOP ( 'NONE', ( #592, #1472, #859, #771 ) ) ;
#1483 = DIRECTION ( 'NONE',  ( 4.894885289712734855E-17, 1.000000000000000000, 3.502807018799339464E-15 ) ) ;
#1484 = VECTOR ( 'NONE', #1374, 1000.000000000000114 ) ;
#1485 = ORIENTED_EDGE ( 'NONE', *, *, #1289, .T. ) ;
#1486 = ADVANCED_FACE ( 'NONE', ( #1082 ), #1010, .T. ) ;
#1487 = ORIENTED_EDGE ( 'NONE', *, *, #1126, .T. ) ;
#1488 = VERTEX_POINT ( 'NONE', #278 ) ;
#1489 = CIRCLE ( 'NONE', #610, 0.1000000000000000472 ) ;
#1490 = AXIS2_PLACEMENT_3D ( 'NONE', #1027, #334, #930 ) ;
#1491 = CARTESIAN_POINT ( 'NONE',  ( -31.05209445330007512, 0.7954423259036591531, -1.000000000000000000 ) ) ;
#1492 = LINE ( 'NONE', #388, #1180 ) ;
#1493 = DIRECTION ( 'NONE',  ( -0.0000000000000000000, -0.0000000000000000000, -1.000000000000000000 ) ) ;
#1494 = VECTOR ( 'NONE', #973, 1000.000000000000000 ) ;
#1495 = LINE ( 'NONE', #1020, #1209 ) ;
#1496 = AXIS2_PLACEMENT_3D ( 'NONE', #639, #524, #289 ) ;
#1497 = EDGE_CURVE ( 'NONE', #192, #323, #1099, .T. ) ;
#1498 = ORIENTED_EDGE ( 'NONE', *, *, #948, .T. ) ;
#1499 = ADVANCED_FACE ( 'NONE', ( #809 ), #757, .T. ) ;
#1500 = ORIENTED_EDGE ( 'NONE', *, *, #1052, .F. ) ;
#1501 = EDGE_LOOP ( 'NONE', ( #1265, #967, #647, #678 ) ) ;
#1502 = EDGE_CURVE ( 'NONE', #1430, #1471, #462, .T. ) ;
#1503 = EDGE_LOOP ( 'NONE', ( #25, #999, #29, #290 ) ) ;
#1504 = CARTESIAN_POINT ( 'NONE',  ( -19.05384000012956491, 3.239609641303696996, -1.000000000000000000 ) ) ;
#1505 = FACE_OUTER_BOUND ( 'NONE', #784, .T. ) ;
#1506 = ADVANCED_FACE ( 'NONE', ( #889 ), #799, .T. ) ;
#1507 = AXIS2_PLACEMENT_3D ( 'NONE', #160, #640, #39 ) ;
#1508 = CARTESIAN_POINT ( 'NONE',  ( -4.772513157469834963E-17, -1.300000000000000266, 1.300000000000004263 ) ) ;
#1509 = DIRECTION ( 'NONE',  ( -0.0000000000000000000, -0.0000000000000000000, -1.000000000000000000 ) ) ;
#1510 = EDGE_CURVE ( 'NONE', #59, #40, #901, .T. ) ;
#1511 = PLANE ( 'NONE',  #1378 ) ;
#1512 = EDGE_CURVE ( 'NONE', #380, #1141, #704, .T. ) ;
#1513 = ADVANCED_FACE ( 'NONE', ( #844 ), #779, .F. ) ;
#1514 = COLOUR_RGB ( '',0.6470588235294117974, 0.5176470588235293491, 0.0000000000000000000 ) ;
ENDSEC;
END-ISO-10303-21;
